/* SPDX-License-Identifier: OFL-1.1 */
/* Glyph data converted from IBM Plex Sans (SIL OFL 1.1); licence text: licenses/OFL-1.1-IBMPlexSans.txt */
/*******************************************************************************
 * Size: 20 px
 * Bpp: 4
 * Opts: --font IBMPlexSans-VF-wght500.ttf --size 20 --bpp 4 --format lvgl --range 0x20-0x7E,0xA0-0xFF,0x2018-0x201D,0x2026,0x2022 --no-compress --force-fast-kern-format --lv-font-name diskos_blue_sans_20 -o font_blue_sans_20.c
 ******************************************************************************/

#ifdef LV_LVGL_H_INCLUDE_SIMPLE
#include "lvgl.h"
#else
#include "lvgl/lvgl.h"
#endif

#ifndef DISKOS_BLUE_SANS_20
#define DISKOS_BLUE_SANS_20 1
#endif

#if DISKOS_BLUE_SANS_20

/*-----------------
 *    BITMAPS
 *----------------*/

/*Store the image of the glyphs*/
static LV_ATTRIBUTE_LARGE_CONST const uint8_t glyph_bitmap[] = {
    /* U+0020 " " */

    /* U+0021 "!" */
    0x2f, 0xf3, 0x2f, 0xf3, 0x2f, 0xf3, 0x2f, 0xf3,
    0x1f, 0xf2, 0xf, 0xf0, 0xe, 0xe0, 0xc, 0xc0,
    0xb, 0xb0, 0x9, 0x90, 0x2, 0x20, 0x3f, 0xf3,
    0x6f, 0xf6, 0x2e, 0xe2,

    /* U+0022 "\"" */
    0x7f, 0x80, 0x8f, 0x77, 0xf8, 0x8, 0xf7, 0x7f,
    0x80, 0x8f, 0x77, 0xf8, 0x8, 0xf7, 0x7f, 0x80,
    0x8f, 0x77, 0xf8, 0x8, 0xf7, 0x13, 0x10, 0x13,
    0x10,

    /* U+0023 "#" */
    0x0, 0x0, 0x4f, 0x40, 0x9, 0xe0, 0x0, 0x0,
    0x7, 0xf0, 0x0, 0xdb, 0x0, 0x0, 0x0, 0xbd,
    0x0, 0xf, 0x70, 0x0, 0x6f, 0xff, 0xff, 0xff,
    0xff, 0xfb, 0x3, 0x89, 0xfb, 0x88, 0xbf, 0x88,
    0x50, 0x0, 0x3f, 0x40, 0x8, 0xf0, 0x0, 0x0,
    0x5, 0xf2, 0x0, 0xbd, 0x0, 0x0, 0x0, 0x7f,
    0x0, 0xd, 0xb0, 0x0, 0x18, 0x8c, 0xf8, 0x88,
    0xfc, 0x87, 0x3, 0xff, 0xff, 0xff, 0xff, 0xff,
    0xe0, 0x0, 0xf, 0x80, 0x4, 0xf3, 0x0, 0x0,
    0x2, 0xf6, 0x0, 0x7f, 0x0, 0x0, 0x0, 0x4f,
    0x30, 0xa, 0xe0, 0x0, 0x0, 0x7, 0xf1, 0x0,
    0xdb, 0x0, 0x0,

    /* U+0024 "$" */
    0x0, 0x0, 0xc, 0xe0, 0x0, 0x0, 0x0, 0x0,
    0xce, 0x0, 0x0, 0x0, 0x7, 0xcf, 0xfd, 0x81,
    0x0, 0xd, 0xff, 0xff, 0xff, 0xe3, 0x7, 0xfd,
    0x2a, 0xc1, 0xaf, 0x60, 0xaf, 0x60, 0xac, 0x0,
    0x20, 0xa, 0xf9, 0xa, 0xc0, 0x0, 0x0, 0x4f,
    0xfa, 0xfd, 0x0, 0x0, 0x0, 0x6f, 0xff, 0xfc,
    0x70, 0x0, 0x0, 0x16, 0xff, 0xff, 0xd1, 0x0,
    0x0, 0xa, 0xc2, 0xcf, 0xa0, 0x0, 0x0, 0xac,
    0x3, 0xfe, 0x1, 0x60, 0xa, 0xc0, 0x3f, 0xd0,
    0xdf, 0xa1, 0xac, 0x1c, 0xf9, 0x4, 0xff, 0xff,
    0xff, 0xfd, 0x10, 0x1, 0x8d, 0xff, 0xd8, 0x0,
    0x0, 0x0, 0xc, 0xe0, 0x0, 0x0, 0x0, 0x0,
    0x67, 0x0, 0x0,

    /* U+0025 "%" */
    0x6, 0xdf, 0xd6, 0x0, 0x0, 0x1, 0xee, 0x10,
    0x5, 0xfc, 0x6c, 0xf5, 0x0, 0x0, 0xbf, 0x40,
    0x0, 0xaf, 0x30, 0x2f, 0xb0, 0x0, 0x6f, 0x90,
    0x0, 0xc, 0xf1, 0x1, 0xfd, 0x0, 0x2f, 0xd0,
    0x0, 0x0, 0xbf, 0x20, 0x1f, 0xc0, 0xc, 0xf3,
    0x0, 0x0, 0x7, 0xf9, 0x28, 0xf7, 0x8, 0xf8,
    0x0, 0x10, 0x0, 0xa, 0xff, 0xfb, 0x3, 0xfc,
    0x7, 0xff, 0xe6, 0x0, 0x2, 0x42, 0x0, 0xdf,
    0x25, 0xfb, 0x5c, 0xf3, 0x0, 0x0, 0x0, 0x9f,
    0x70, 0xbf, 0x20, 0x4f, 0x90, 0x0, 0x0, 0x4f,
    0xb0, 0xe, 0xf0, 0x2, 0xfb, 0x0, 0x0, 0x1e,
    0xf1, 0x0, 0xef, 0x0, 0x2f, 0xb0, 0x0, 0xa,
    0xf5, 0x0, 0xb, 0xf2, 0x4, 0xf9, 0x0, 0x5,
    0xfa, 0x0, 0x0, 0x5f, 0xc7, 0xdf, 0x20, 0x1,
    0xee, 0x10, 0x0, 0x0, 0x6d, 0xfd, 0x40,

    /* U+0026 "&" */
    0x0, 0x1a, 0xef, 0xd8, 0x0, 0x0, 0x0, 0x1e,
    0xff, 0xdf, 0xf9, 0x0, 0x0, 0x6, 0xfd, 0x0,
    0x5f, 0xf0, 0x0, 0x0, 0x6f, 0xb0, 0x2, 0xfe,
    0x0, 0x0, 0x1, 0xff, 0x43, 0xdf, 0x50, 0x0,
    0x0, 0x4, 0xff, 0xfd, 0x40, 0x0, 0x0, 0x0,
    0xaf, 0xff, 0x50, 0xb, 0xff, 0x50, 0xbf, 0xb9,
    0xff, 0x30, 0xdf, 0xe4, 0x6f, 0xc0, 0xa, 0xfe,
    0x3f, 0xd0, 0xa, 0xf8, 0x0, 0xb, 0xff, 0xf8,
    0x0, 0xaf, 0x90, 0x0, 0xc, 0xff, 0x20, 0x6,
    0xff, 0x50, 0x4, 0xdf, 0xfb, 0x0, 0xc, 0xff,
    0xff, 0xff, 0x9f, 0xf8, 0x0, 0x8, 0xdf, 0xfb,
    0x40, 0x5f, 0xf5,

    /* U+0027 "'" */
    0x7f, 0x87, 0xf8, 0x7f, 0x87, 0xf8, 0x7f, 0x87,
    0xf8, 0x13, 0x10,

    /* U+0028 "(" */
    0x0, 0xa, 0xf7, 0x0, 0x7f, 0xa0, 0x1, 0xfe,
    0x0, 0x8, 0xf7, 0x0, 0xe, 0xf1, 0x0, 0x3f,
    0xb0, 0x0, 0x7f, 0x80, 0x0, 0x9f, 0x60, 0x0,
    0xbf, 0x50, 0x0, 0xbf, 0x50, 0x0, 0xaf, 0x50,
    0x0, 0x8f, 0x60, 0x0, 0x5f, 0x90, 0x0, 0x1f,
    0xd0, 0x0, 0xc, 0xf3, 0x0, 0x5, 0xfa, 0x0,
    0x0, 0xcf, 0x30, 0x0, 0x2f, 0xd1, 0x0, 0x3,
    0x85,

    /* U+0029 ")" */
    0xb, 0xf6, 0x0, 0x0, 0xd, 0xf3, 0x0, 0x0,
    0x3f, 0xc0, 0x0, 0x0, 0xbf, 0x40, 0x0, 0x5,
    0xfa, 0x0, 0x0, 0xf, 0xf0, 0x0, 0x0, 0xcf,
    0x20, 0x0, 0xa, 0xf5, 0x0, 0x0, 0x9f, 0x60,
    0x0, 0x9, 0xf6, 0x0, 0x0, 0x9f, 0x60, 0x0,
    0xb, 0xf4, 0x0, 0x0, 0xef, 0x10, 0x0, 0x2f,
    0xd0, 0x0, 0x7, 0xf7, 0x0, 0x0, 0xef, 0x10,
    0x0, 0x7f, 0x80, 0x0, 0x3f, 0xc0, 0x0, 0x7,
    0x81, 0x0, 0x0,

    /* U+002A "*" */
    0x0, 0x0, 0xcf, 0x10, 0x0, 0x0, 0x0, 0xbf,
    0x0, 0x0, 0x9, 0x50, 0xbf, 0x3, 0xa2, 0x2f,
    0xfe, 0xef, 0xdf, 0xf7, 0x3, 0x8c, 0xff, 0xe9,
    0x40, 0x0, 0x9, 0xff, 0xd0, 0x0, 0x0, 0x5f,
    0xb6, 0xfa, 0x0, 0x1, 0xff, 0x10, 0xcf, 0x40,
    0x0, 0x35, 0x0, 0x26, 0x0,

    /* U+002B "+" */
    0x0, 0x0, 0x0, 0x0, 0x0, 0x0, 0x0, 0xff,
    0x0, 0x0, 0x0, 0x0, 0xff, 0x0, 0x0, 0x0,
    0x0, 0xff, 0x0, 0x0, 0x0, 0x0, 0xff, 0x0,
    0x0, 0xaf, 0xff, 0xff, 0xff, 0xfa, 0x8d, 0xdd,
    0xff, 0xdd, 0xd8, 0x0, 0x0, 0xff, 0x0, 0x0,
    0x0, 0x0, 0xff, 0x0, 0x0, 0x0, 0x0, 0xff,
    0x0, 0x0, 0x0, 0x0, 0xff, 0x0, 0x0,

    /* U+002C "," */
    0x2, 0xa9, 0x0, 0x8f, 0xf4, 0x6, 0xff, 0x40,
    0xc, 0xf1, 0x1, 0xf9, 0x0, 0xcc, 0x0,

    /* U+002D "-" */
    0x34, 0x44, 0x43, 0xcf, 0xff, 0xfc, 0xcf, 0xff,
    0xfc,

    /* U+002E "." */
    0x1, 0x0, 0x5f, 0xf2, 0x8f, 0xf5, 0x3e, 0xd1,

    /* U+002F "/" */
    0x0, 0x0, 0x7, 0xf6, 0x0, 0x0, 0xc, 0xf1,
    0x0, 0x0, 0x1f, 0xc0, 0x0, 0x0, 0x6f, 0x70,
    0x0, 0x0, 0xbf, 0x30, 0x0, 0x0, 0xfe, 0x0,
    0x0, 0x4, 0xf9, 0x0, 0x0, 0x9, 0xf4, 0x0,
    0x0, 0xe, 0xf0, 0x0, 0x0, 0x2f, 0xb0, 0x0,
    0x0, 0x7f, 0x60, 0x0, 0x0, 0xcf, 0x10, 0x0,
    0x1, 0xfc, 0x0, 0x0, 0x6, 0xf7, 0x0, 0x0,
    0xa, 0xf3, 0x0, 0x0, 0xf, 0xe0, 0x0, 0x0,
    0x4f, 0x90, 0x0, 0x0, 0x9f, 0x40, 0x0, 0x0,
    0x68, 0x0, 0x0, 0x0,

    /* U+0030 "0" */
    0x0, 0x5, 0xce, 0xec, 0x50, 0x0, 0x0, 0x8f,
    0xff, 0xff, 0xf8, 0x0, 0x2, 0xff, 0x80, 0x8,
    0xff, 0x20, 0x9, 0xfc, 0x0, 0x0, 0xcf, 0x90,
    0xd, 0xf7, 0x0, 0x0, 0x7f, 0xc0, 0xf, 0xf6,
    0x0, 0x0, 0x6f, 0xf0, 0xf, 0xf5, 0x0, 0x0,
    0x5f, 0xf0, 0xf, 0xf5, 0x0, 0x0, 0x5f, 0xf0,
    0xf, 0xf6, 0x0, 0x0, 0x6f, 0xf0, 0xc, 0xf7,
    0x0, 0x0, 0x7f, 0xc0, 0x9, 0xfc, 0x0, 0x0,
    0xcf, 0x90, 0x2, 0xff, 0x80, 0x8, 0xff, 0x20,
    0x0, 0x7f, 0xff, 0xff, 0xf7, 0x0, 0x0, 0x5,
    0xce, 0xec, 0x50, 0x0,

    /* U+0031 "1" */
    0x0, 0x2, 0xef, 0xfe, 0x0, 0x0, 0x0, 0x1d,
    0xfe, 0xfe, 0x0, 0x0, 0x0, 0xdf, 0xa5, 0xfe,
    0x0, 0x0, 0xc, 0xfb, 0x5, 0xfe, 0x0, 0x0,
    0x6, 0xc0, 0x5, 0xfe, 0x0, 0x0, 0x0, 0x0,
    0x5, 0xfe, 0x0, 0x0, 0x0, 0x0, 0x5, 0xfe,
    0x0, 0x0, 0x0, 0x0, 0x5, 0xfe, 0x0, 0x0,
    0x0, 0x0, 0x5, 0xfe, 0x0, 0x0, 0x0, 0x0,
    0x5, 0xfe, 0x0, 0x0, 0x0, 0x0, 0x5, 0xfe,
    0x0, 0x0, 0x0, 0x0, 0x5, 0xfe, 0x0, 0x0,
    0x2, 0xff, 0xff, 0xff, 0xff, 0xf3, 0x3, 0xff,
    0xff, 0xff, 0xff, 0xf3,

    /* U+0032 "2" */
    0x0, 0x7d, 0xff, 0xc5, 0x0, 0xb, 0xff, 0xff,
    0xff, 0x80, 0x7f, 0xf5, 0x12, 0xbf, 0xf1, 0x7e,
    0x60, 0x0, 0x2f, 0xf5, 0x0, 0x0, 0x0, 0xf,
    0xf5, 0x0, 0x0, 0x0, 0x4f, 0xf2, 0x0, 0x0,
    0x0, 0xdf, 0xa0, 0x0, 0x0, 0xb, 0xfd, 0x10,
    0x0, 0x1, 0xcf, 0xc1, 0x0, 0x0, 0x2d, 0xfb,
    0x0, 0x0, 0x3, 0xef, 0x90, 0x0, 0x0, 0x5f,
    0xf6, 0x0, 0x0, 0x0, 0xaf, 0xff, 0xff, 0xff,
    0xfc, 0xaf, 0xff, 0xff, 0xff, 0xfd,

    /* U+0033 "3" */
    0x0, 0x19, 0xef, 0xeb, 0x50, 0x0, 0x3f, 0xff,
    0xff, 0xff, 0x80, 0x6, 0xf9, 0x10, 0x1b, 0xff,
    0x0, 0x1, 0x0, 0x0, 0x4f, 0xf1, 0x0, 0x0,
    0x0, 0x2b, 0xfa, 0x0, 0x0, 0x3f, 0xff, 0xe7,
    0x0, 0x0, 0x3, 0xff, 0xff, 0xa1, 0x0, 0x0,
    0x0, 0x3, 0xcf, 0xc0, 0x0, 0x0, 0x0, 0x2,
    0xff, 0x30, 0x0, 0x0, 0x0, 0xf, 0xf6, 0x5,
    0x90, 0x0, 0x2, 0xff, 0x42, 0xff, 0x91, 0x2,
    0xcf, 0xe0, 0x6, 0xff, 0xff, 0xff, 0xf4, 0x0,
    0x3, 0xbe, 0xfe, 0xa2, 0x0,

    /* U+0034 "4" */
    0x0, 0x0, 0x0, 0xef, 0xf5, 0x0, 0x0, 0x0,
    0x9, 0xff, 0xf5, 0x0, 0x0, 0x0, 0x3f, 0xbd,
    0xf5, 0x0, 0x0, 0x0, 0xdf, 0x2d, 0xf5, 0x0,
    0x0, 0x7, 0xf8, 0xd, 0xf5, 0x0, 0x0, 0x2f,
    0xd0, 0xd, 0xf5, 0x0, 0x0, 0xbf, 0x40, 0xd,
    0xf5, 0x0, 0x5, 0xfa, 0x0, 0xd, 0xf5, 0x0,
    0x1e, 0xe1, 0x0, 0xd, 0xf5, 0x0, 0x4f, 0xfd,
    0xdd, 0xdf, 0xfe, 0xd2, 0x4f, 0xff, 0xff, 0xff,
    0xff, 0xf3, 0x0, 0x0, 0x0, 0xd, 0xf5, 0x0,
    0x0, 0x0, 0x0, 0xd, 0xf5, 0x0, 0x0, 0x0,
    0x0, 0xd, 0xf5, 0x0,

    /* U+0035 "5" */
    0xc, 0xff, 0xff, 0xff, 0xf2, 0xd, 0xff, 0xff,
    0xff, 0xf2, 0xe, 0xe0, 0x0, 0x0, 0x0, 0xf,
    0xd0, 0x0, 0x0, 0x0, 0x1f, 0xc0, 0x0, 0x0,
    0x0, 0x2f, 0xb3, 0xcf, 0xe9, 0x10, 0x3f, 0xbe,
    0xff, 0xff, 0xd1, 0x3d, 0xe5, 0x0, 0x6f, 0xf8,
    0x0, 0x0, 0x0, 0xa, 0xfc, 0x0, 0x0, 0x0,
    0x8, 0xfd, 0x7, 0x20, 0x0, 0xa, 0xfb, 0x7f,
    0xe4, 0x0, 0x6f, 0xf5, 0xc, 0xff, 0xff, 0xff,
    0xa0, 0x0, 0x7d, 0xff, 0xc6, 0x0,

    /* U+0036 "6" */
    0x0, 0x0, 0x8f, 0xf7, 0x0, 0x0, 0xa, 0xff,
    0x40, 0x0, 0x0, 0x8f, 0xe3, 0x0, 0x0, 0x4,
    0xff, 0x30, 0x0, 0x0, 0xd, 0xf8, 0x0, 0x0,
    0x0, 0x4f, 0xe2, 0xbf, 0xea, 0x10, 0x9f, 0xbe,
    0xee, 0xff, 0xe1, 0xcf, 0xf4, 0x0, 0x4f, 0xf9,
    0xdf, 0x90, 0x0, 0x8, 0xfd, 0xcf, 0x70, 0x0,
    0x6, 0xfe, 0x9f, 0x90, 0x0, 0x8, 0xfc, 0x4f,
    0xf5, 0x0, 0x4f, 0xf6, 0x9, 0xff, 0xff, 0xff,
    0xb0, 0x0, 0x5c, 0xff, 0xc6, 0x0,

    /* U+0037 "7" */
    0xbf, 0xff, 0xff, 0xff, 0xfb, 0xbf, 0xfe, 0xee,
    0xef, 0xfb, 0xbf, 0x30, 0x0, 0xc, 0xf8, 0xbf,
    0x30, 0x0, 0x2f, 0xf1, 0x58, 0x10, 0x0, 0x9f,
    0xb0, 0x0, 0x0, 0x0, 0xff, 0x40, 0x0, 0x0,
    0x6, 0xfd, 0x0, 0x0, 0x0, 0xd, 0xf7, 0x0,
    0x0, 0x0, 0x4f, 0xf1, 0x0, 0x0, 0x0, 0xbf,
    0xa0, 0x0, 0x0, 0x1, 0xff, 0x30, 0x0, 0x0,
    0x8, 0xfd, 0x0, 0x0, 0x0, 0xe, 0xf6, 0x0,
    0x0, 0x0, 0x5f, 0xf0, 0x0, 0x0,

    /* U+0038 "8" */
    0x1, 0x8d, 0xff, 0xd8, 0x10, 0x1e, 0xff, 0xee,
    0xff, 0xe1, 0x7f, 0xe3, 0x0, 0x3e, 0xf7, 0x8f,
    0xa0, 0x0, 0xa, 0xf8, 0x3f, 0xe2, 0x0, 0x2e,
    0xf2, 0x4, 0xdf, 0xdd, 0xfd, 0x40, 0x4, 0xcf,
    0xff, 0xfc, 0x30, 0x4f, 0xf5, 0x11, 0x5f, 0xf4,
    0xcf, 0x80, 0x0, 0x8, 0xfc, 0xff, 0x50, 0x0,
    0x6, 0xff, 0xef, 0x80, 0x0, 0x8, 0xfe, 0x9f,
    0xe4, 0x0, 0x4e, 0xf9, 0x1d, 0xff, 0xff, 0xff,
    0xd1, 0x0, 0x8d, 0xff, 0xd8, 0x0,

    /* U+0039 "9" */
    0x0, 0x6c, 0xfe, 0xc5, 0x0, 0xb, 0xff, 0xff,
    0xff, 0x80, 0x6f, 0xf4, 0x0, 0x4f, 0xf3, 0xcf,
    0x80, 0x0, 0x9, 0xf9, 0xef, 0x60, 0x0, 0x7,
    0xfc, 0xdf, 0x80, 0x0, 0xa, 0xfd, 0x8f, 0xf5,
    0x0, 0x6f, 0xfc, 0x1d, 0xff, 0xff, 0xdb, 0xf9,
    0x1, 0x8c, 0xd9, 0x2f, 0xf4, 0x0, 0x0, 0x0,
    0x8f, 0xd0, 0x0, 0x0, 0x4, 0xff, 0x40, 0x0,
    0x0, 0x3f, 0xf8, 0x0, 0x0, 0x4, 0xff, 0xa0,
    0x0, 0x0, 0x7f, 0xf8, 0x0, 0x0,

    /* U+003A ":" */
    0x1d, 0xe3, 0x5f, 0xf8, 0x2f, 0xf4, 0x0, 0x0,
    0x0, 0x0, 0x0, 0x0, 0x0, 0x0, 0x0, 0x0,
    0x2f, 0xf4, 0x5f, 0xf8, 0x1d, 0xe3,

    /* U+003B ";" */
    0x1, 0xde, 0x30, 0x5f, 0xf8, 0x2, 0xff, 0x40,
    0x0, 0x0, 0x0, 0x0, 0x0, 0x0, 0x0, 0x0,
    0x0, 0x0, 0x0, 0x0, 0x1, 0xde, 0x30, 0x5f,
    0xf8, 0x1, 0xff, 0x70, 0x8, 0xf2, 0x1, 0xfa,
    0x0, 0x8a, 0x0,

    /* U+003C "<" */
    0x0, 0x0, 0x0, 0x0, 0x0, 0x0, 0x0, 0x0,
    0x1, 0xa1, 0x0, 0x0, 0x0, 0x6e, 0xf1, 0x0,
    0x0, 0x2b, 0xff, 0xa0, 0x0, 0x7, 0xff, 0xd4,
    0x0, 0x2, 0xcf, 0xf7, 0x0, 0x0, 0x1f, 0xfb,
    0x20, 0x0, 0x0, 0x1f, 0xfa, 0x10, 0x0, 0x0,
    0x4, 0xef, 0xe6, 0x0, 0x0, 0x0, 0x9, 0xff,
    0xc2, 0x0, 0x0, 0x0, 0x3d, 0xff, 0x80, 0x0,
    0x0, 0x0, 0x8f, 0xf1, 0x0, 0x0, 0x0, 0x2,
    0xc1, 0x0, 0x0, 0x0, 0x0, 0x0,

    /* U+003D "=" */
    0xaf, 0xff, 0xff, 0xff, 0xfa, 0x8d, 0xdd, 0xdd,
    0xdd, 0xd8, 0x0, 0x0, 0x0, 0x0, 0x0, 0x0,
    0x0, 0x0, 0x0, 0x0, 0x8d, 0xdd, 0xdd, 0xdd,
    0xd8, 0xaf, 0xff, 0xff, 0xff, 0xfa,

    /* U+003E ">" */
    0x0, 0x0, 0x0, 0x0, 0x0, 0x1a, 0x10, 0x0,
    0x0, 0x0, 0x1f, 0xe6, 0x0, 0x0, 0x0, 0xa,
    0xff, 0xb2, 0x0, 0x0, 0x0, 0x4d, 0xff, 0x70,
    0x0, 0x0, 0x0, 0x7f, 0xfc, 0x20, 0x0, 0x0,
    0x2, 0xbf, 0xf1, 0x0, 0x0, 0x1, 0xaf, 0xf1,
    0x0, 0x0, 0x6e, 0xfe, 0x40, 0x0, 0x2c, 0xff,
    0x90, 0x0, 0x8, 0xff, 0xd3, 0x0, 0x0, 0x1f,
    0xf8, 0x0, 0x0, 0x0, 0x1c, 0x20, 0x0, 0x0,
    0x0, 0x0, 0x0, 0x0, 0x0, 0x0,

    /* U+003F "?" */
    0x0, 0x7d, 0xfe, 0xb4, 0x0, 0xb, 0xff, 0xff,
    0xff, 0x50, 0x5f, 0xe4, 0x2, 0xcf, 0xd0, 0x27,
    0x50, 0x0, 0x4f, 0xf0, 0x0, 0x0, 0x0, 0x6f,
    0xf0, 0x0, 0x0, 0x16, 0xef, 0x80, 0x0, 0x9,
    0xff, 0xf9, 0x0, 0x0, 0x9, 0xfa, 0x20, 0x0,
    0x0, 0x9, 0xf7, 0x0, 0x0, 0x0, 0x3, 0x52,
    0x0, 0x0, 0x0, 0x0, 0x0, 0x0, 0x0, 0x0,
    0xb, 0xfa, 0x0, 0x0, 0x0, 0xf, 0xfe, 0x0,
    0x0, 0x0, 0xa, 0xf9, 0x0, 0x0,

    /* U+0040 "@" */
    0x0, 0x0, 0x39, 0xdf, 0xfe, 0xb6, 0x0, 0x0,
    0x0, 0x9, 0xff, 0xa8, 0x89, 0xef, 0xd3, 0x0,
    0x0, 0xbf, 0x80, 0x0, 0x0, 0x4, 0xef, 0x20,
    0x7, 0xf5, 0x4, 0xdf, 0xa6, 0xf6, 0x2e, 0xc0,
    0xf, 0x90, 0x3f, 0xfa, 0xbd, 0xf6, 0x6, 0xf3,
    0x5f, 0x20, 0xaf, 0x50, 0x9, 0xf6, 0x0, 0xf8,
    0x9e, 0x0, 0xdf, 0x0, 0x5, 0xf6, 0x0, 0xea,
    0xad, 0x0, 0xef, 0x0, 0x5, 0xf6, 0x0, 0xda,
    0xbd, 0x0, 0xdf, 0x0, 0x5, 0xf6, 0x0, 0xf9,
    0x9e, 0x0, 0xaf, 0x40, 0x9, 0xf7, 0x4, 0xf5,
    0x6f, 0x20, 0x3f, 0xf9, 0xaa, 0xfd, 0x8e, 0xd0,
    0x1f, 0x80, 0x4, 0xdf, 0xb0, 0x6e, 0xfa, 0x10,
    0x9, 0xf4, 0x0, 0x0, 0x0, 0x0, 0x0, 0x0,
    0x0, 0xdf, 0x70, 0x0, 0x0, 0x0, 0x0, 0x0,
    0x0, 0x1b, 0xfe, 0xa8, 0x88, 0x88, 0x40, 0x0,
    0x0, 0x0, 0x39, 0xdf, 0xff, 0xff, 0x80, 0x0,

    /* U+0041 "A" */
    0x0, 0x0, 0xf, 0xff, 0x20, 0x0, 0x0, 0x0,
    0x4, 0xff, 0xf8, 0x0, 0x0, 0x0, 0x0, 0xaf,
    0x9f, 0xd0, 0x0, 0x0, 0x0, 0xf, 0xf0, 0xef,
    0x30, 0x0, 0x0, 0x5, 0xfa, 0x9, 0xf8, 0x0,
    0x0, 0x0, 0xaf, 0x50, 0x3f, 0xe0, 0x0, 0x0,
    0xf, 0xf0, 0x0, 0xef, 0x30, 0x0, 0x5, 0xfa,
    0x0, 0x8, 0xf8, 0x0, 0x0, 0xbf, 0xff, 0xff,
    0xff, 0xe0, 0x0, 0xf, 0xff, 0xff, 0xff, 0xff,
    0x30, 0x5, 0xfc, 0x0, 0x0, 0xa, 0xf9, 0x0,
    0xbf, 0x70, 0x0, 0x0, 0x5f, 0xe0, 0x1f, 0xf2,
    0x0, 0x0, 0x1, 0xff, 0x46, 0xfd, 0x0, 0x0,
    0x0, 0xb, 0xf9,

    /* U+0042 "B" */
    0x4f, 0xff, 0xff, 0xfe, 0xa1, 0x0, 0x4f, 0xff,
    0xff, 0xff, 0xfe, 0x0, 0x4f, 0xf0, 0x0, 0x5,
    0xff, 0x60, 0x4f, 0xf0, 0x0, 0x0, 0xdf, 0x90,
    0x4f, 0xf0, 0x0, 0x0, 0xdf, 0x80, 0x4f, 0xf0,
    0x0, 0x5, 0xff, 0x20, 0x4f, 0xff, 0xff, 0xff,
    0xb3, 0x0, 0x4f, 0xff, 0xff, 0xff, 0xfc, 0x10,
    0x4f, 0xf0, 0x0, 0x1, 0xbf, 0xb0, 0x4f, 0xf0,
    0x0, 0x0, 0x5f, 0xf1, 0x4f, 0xf0, 0x0, 0x0,
    0x5f, 0xf1, 0x4f, 0xf0, 0x0, 0x2, 0xcf, 0xd0,
    0x4f, 0xff, 0xff, 0xff, 0xff, 0x50, 0x4f, 0xff,
    0xff, 0xff, 0xd5, 0x0,

    /* U+0043 "C" */
    0x0, 0x7, 0xcf, 0xec, 0x60, 0x0, 0x1d, 0xff,
    0xff, 0xff, 0xb0, 0xc, 0xfe, 0x61, 0x26, 0xff,
    0x84, 0xff, 0x30, 0x0, 0x5, 0xe5, 0x9f, 0xb0,
    0x0, 0x0, 0x0, 0xc, 0xf9, 0x0, 0x0, 0x0,
    0x0, 0xdf, 0x80, 0x0, 0x0, 0x0, 0xd, 0xf8,
    0x0, 0x0, 0x0, 0x0, 0xcf, 0x90, 0x0, 0x0,
    0x0, 0xa, 0xfb, 0x0, 0x0, 0x0, 0x10, 0x5f,
    0xf3, 0x0, 0x0, 0x4f, 0x80, 0xcf, 0xe6, 0x22,
    0x7f, 0xf8, 0x2, 0xef, 0xff, 0xff, 0xfa, 0x0,
    0x1, 0x7d, 0xfe, 0xc6, 0x0,

    /* U+0044 "D" */
    0x4f, 0xff, 0xff, 0xeb, 0x50, 0x0, 0x4f, 0xff,
    0xff, 0xff, 0xf9, 0x0, 0x4f, 0xf1, 0x11, 0x39,
    0xff, 0x60, 0x4f, 0xf0, 0x0, 0x0, 0x8f, 0xe0,
    0x4f, 0xf0, 0x0, 0x0, 0x1f, 0xf4, 0x4f, 0xf0,
    0x0, 0x0, 0xe, 0xf6, 0x4f, 0xf0, 0x0, 0x0,
    0xd, 0xf8, 0x4f, 0xf0, 0x0, 0x0, 0xd, 0xf8,
    0x4f, 0xf0, 0x0, 0x0, 0xe, 0xf6, 0x4f, 0xf0,
    0x0, 0x0, 0x1f, 0xf4, 0x4f, 0xf0, 0x0, 0x0,
    0x8f, 0xe0, 0x4f, 0xf1, 0x11, 0x28, 0xff, 0x70,
    0x4f, 0xff, 0xff, 0xff, 0xfa, 0x0, 0x4f, 0xff,
    0xff, 0xeb, 0x50, 0x0,

    /* U+0045 "E" */
    0x4f, 0xff, 0xff, 0xff, 0xfa, 0x4f, 0xff, 0xff,
    0xff, 0xfa, 0x4f, 0xf1, 0x11, 0x11, 0x10, 0x4f,
    0xf0, 0x0, 0x0, 0x0, 0x4f, 0xf0, 0x0, 0x0,
    0x0, 0x4f, 0xf1, 0x11, 0x11, 0x10, 0x4f, 0xff,
    0xff, 0xff, 0xf0, 0x4f, 0xff, 0xff, 0xff, 0xf0,
    0x4f, 0xf0, 0x0, 0x0, 0x0, 0x4f, 0xf0, 0x0,
    0x0, 0x0, 0x4f, 0xf0, 0x0, 0x0, 0x0, 0x4f,
    0xf1, 0x11, 0x11, 0x10, 0x4f, 0xff, 0xff, 0xff,
    0xfa, 0x4f, 0xff, 0xff, 0xff, 0xfa,

    /* U+0046 "F" */
    0x4f, 0xff, 0xff, 0xff, 0xf7, 0x4f, 0xff, 0xff,
    0xff, 0xf7, 0x4f, 0xf1, 0x11, 0x11, 0x10, 0x4f,
    0xf0, 0x0, 0x0, 0x0, 0x4f, 0xf0, 0x0, 0x0,
    0x0, 0x4f, 0xf1, 0x11, 0x11, 0x0, 0x4f, 0xff,
    0xff, 0xff, 0xb0, 0x4f, 0xff, 0xff, 0xff, 0xb0,
    0x4f, 0xf0, 0x0, 0x0, 0x0, 0x4f, 0xf0, 0x0,
    0x0, 0x0, 0x4f, 0xf0, 0x0, 0x0, 0x0, 0x4f,
    0xf0, 0x0, 0x0, 0x0, 0x4f, 0xf0, 0x0, 0x0,
    0x0, 0x4f, 0xf0, 0x0, 0x0, 0x0,

    /* U+0047 "G" */
    0x0, 0x6, 0xce, 0xfd, 0x81, 0x0, 0x1, 0xcf,
    0xff, 0xff, 0xfe, 0x40, 0xa, 0xff, 0x72, 0x14,
    0xbf, 0xf1, 0x3f, 0xf3, 0x0, 0x0, 0x9, 0x70,
    0x9f, 0xb0, 0x0, 0x0, 0x0, 0x0, 0xcf, 0x80,
    0x0, 0x0, 0x0, 0x0, 0xdf, 0x80, 0x0, 0x6f,
    0xff, 0xfb, 0xdf, 0x80, 0x0, 0x6f, 0xff, 0xfb,
    0xcf, 0x80, 0x0, 0x0, 0x8, 0xfb, 0x9f, 0xb0,
    0x0, 0x0, 0x8, 0xfb, 0x4f, 0xf3, 0x0, 0x0,
    0xd, 0xfb, 0xb, 0xff, 0x72, 0x14, 0xce, 0xfb,
    0x1, 0xdf, 0xff, 0xff, 0xf7, 0xfb, 0x0, 0x7,
    0xdf, 0xeb, 0x35, 0xfb,

    /* U+0048 "H" */
    0x4f, 0xf0, 0x0, 0x0, 0xb, 0xf9, 0x4f, 0xf0,
    0x0, 0x0, 0xb, 0xf9, 0x4f, 0xf0, 0x0, 0x0,
    0xb, 0xf9, 0x4f, 0xf0, 0x0, 0x0, 0xb, 0xf9,
    0x4f, 0xf0, 0x0, 0x0, 0xb, 0xf9, 0x4f, 0xf1,
    0x11, 0x11, 0x1b, 0xf9, 0x4f, 0xff, 0xff, 0xff,
    0xff, 0xf9, 0x4f, 0xff, 0xff, 0xff, 0xff, 0xf9,
    0x4f, 0xf0, 0x0, 0x0, 0xb, 0xf9, 0x4f, 0xf0,
    0x0, 0x0, 0xb, 0xf9, 0x4f, 0xf0, 0x0, 0x0,
    0xb, 0xf9, 0x4f, 0xf0, 0x0, 0x0, 0xb, 0xf9,
    0x4f, 0xf0, 0x0, 0x0, 0xb, 0xf9, 0x4f, 0xf0,
    0x0, 0x0, 0xb, 0xf9,

    /* U+0049 "I" */
    0xef, 0xff, 0xff, 0x2c, 0xef, 0xfe, 0xe2, 0x0,
    0xff, 0x40, 0x0, 0xf, 0xf4, 0x0, 0x0, 0xff,
    0x40, 0x0, 0xf, 0xf4, 0x0, 0x0, 0xff, 0x40,
    0x0, 0xf, 0xf4, 0x0, 0x0, 0xff, 0x40, 0x0,
    0xf, 0xf4, 0x0, 0x0, 0xff, 0x40, 0x0, 0xf,
    0xf4, 0x0, 0xce, 0xff, 0xee, 0x2e, 0xff, 0xff,
    0xf2,

    /* U+004A "J" */
    0x0, 0xdf, 0xff, 0xff, 0xf0, 0xc, 0xff, 0xff,
    0xff, 0x0, 0x0, 0x0, 0x4f, 0xf0, 0x0, 0x0,
    0x4, 0xff, 0x0, 0x0, 0x0, 0x4f, 0xf0, 0x0,
    0x0, 0x4, 0xff, 0x0, 0x0, 0x0, 0x4f, 0xf0,
    0x0, 0x0, 0x4, 0xff, 0x0, 0x0, 0x0, 0x4f,
    0xf0, 0x0, 0x0, 0x4, 0xff, 0x3b, 0xb0, 0x0,
    0x6f, 0xe2, 0xff, 0x71, 0x3e, 0xfb, 0x8, 0xff,
    0xff, 0xff, 0x30, 0x6, 0xdf, 0xea, 0x20,

    /* U+004B "K" */
    0x4f, 0xf0, 0x0, 0x0, 0x9f, 0xe1, 0x4f, 0xf0,
    0x0, 0x6, 0xff, 0x30, 0x4f, 0xf0, 0x0, 0x4f,
    0xf5, 0x0, 0x4f, 0xf0, 0x2, 0xef, 0x80, 0x0,
    0x4f, 0xf0, 0xd, 0xfa, 0x0, 0x0, 0x4f, 0xf0,
    0xaf, 0xc0, 0x0, 0x0, 0x4f, 0xf7, 0xff, 0xd0,
    0x0, 0x0, 0x4f, 0xff, 0xdf, 0xf8, 0x0, 0x0,
    0x4f, 0xfe, 0x16, 0xff, 0x30, 0x0, 0x4f, 0xf2,
    0x0, 0xcf, 0xd0, 0x0, 0x4f, 0xf0, 0x0, 0x2f,
    0xf8, 0x0, 0x4f, 0xf0, 0x0, 0x7, 0xff, 0x30,
    0x4f, 0xf0, 0x0, 0x0, 0xdf, 0xd0, 0x4f, 0xf0,
    0x0, 0x0, 0x3f, 0xf8,

    /* U+004C "L" */
    0x4f, 0xf0, 0x0, 0x0, 0x4, 0xff, 0x0, 0x0,
    0x0, 0x4f, 0xf0, 0x0, 0x0, 0x4, 0xff, 0x0,
    0x0, 0x0, 0x4f, 0xf0, 0x0, 0x0, 0x4, 0xff,
    0x0, 0x0, 0x0, 0x4f, 0xf0, 0x0, 0x0, 0x4,
    0xff, 0x0, 0x0, 0x0, 0x4f, 0xf0, 0x0, 0x0,
    0x4, 0xff, 0x0, 0x0, 0x0, 0x4f, 0xf0, 0x0,
    0x0, 0x4, 0xff, 0x11, 0x11, 0x10, 0x4f, 0xff,
    0xff, 0xff, 0xa4, 0xff, 0xff, 0xff, 0xfa,

    /* U+004D "M" */
    0x4f, 0xfa, 0x0, 0x0, 0x0, 0x5f, 0xf9, 0x4f,
    0xff, 0x20, 0x0, 0x0, 0xdf, 0xf9, 0x4f, 0xff,
    0xb0, 0x0, 0x5, 0xff, 0xf9, 0x4f, 0xee, 0xf3,
    0x0, 0xd, 0xfd, 0xf9, 0x4f, 0xe6, 0xfc, 0x0,
    0x6f, 0xb9, 0xf9, 0x4f, 0xe0, 0xef, 0x40, 0xef,
    0x39, 0xf9, 0x4f, 0xe0, 0x6f, 0xc7, 0xfb, 0x9,
    0xf9, 0x4f, 0xe0, 0xd, 0xff, 0xf2, 0x9, 0xf9,
    0x4f, 0xe0, 0x4, 0xff, 0x90, 0x9, 0xf9, 0x4f,
    0xe0, 0x0, 0xcf, 0x10, 0x9, 0xf9, 0x4f, 0xe0,
    0x0, 0x37, 0x0, 0x9, 0xf9, 0x4f, 0xe0, 0x0,
    0x0, 0x0, 0x9, 0xf9, 0x4f, 0xe0, 0x0, 0x0,
    0x0, 0x9, 0xf9, 0x4f, 0xe0, 0x0, 0x0, 0x0,
    0x9, 0xf9,

    /* U+004E "N" */
    0x4f, 0xf8, 0x0, 0x0, 0x9, 0xf9, 0x4f, 0xff,
    0x20, 0x0, 0x9, 0xf9, 0x4f, 0xff, 0xb0, 0x0,
    0x9, 0xf9, 0x4f, 0xee, 0xf5, 0x0, 0x9, 0xf9,
    0x4f, 0xe7, 0xfd, 0x0, 0x9, 0xf9, 0x4f, 0xe0,
    0xef, 0x70, 0x9, 0xf9, 0x4f, 0xe0, 0x6f, 0xf1,
    0x9, 0xf9, 0x4f, 0xe0, 0xc, 0xfa, 0x9, 0xf9,
    0x4f, 0xe0, 0x3, 0xff, 0x39, 0xf9, 0x4f, 0xe0,
    0x0, 0x9f, 0xb9, 0xf9, 0x4f, 0xe0, 0x0, 0x1f,
    0xfd, 0xf9, 0x4f, 0xe0, 0x0, 0x6, 0xff, 0xf9,
    0x4f, 0xe0, 0x0, 0x0, 0xdf, 0xf9, 0x4f, 0xe0,
    0x0, 0x0, 0x4f, 0xf9,

    /* U+004F "O" */
    0x0, 0x7, 0xce, 0xfd, 0x81, 0x0, 0x0, 0x1c,
    0xff, 0xff, 0xff, 0xe3, 0x0, 0xb, 0xff, 0x72,
    0x25, 0xdf, 0xe0, 0x4, 0xff, 0x30, 0x0, 0x1,
    0xef, 0x70, 0x9f, 0xb0, 0x0, 0x0, 0x8, 0xfc,
    0xc, 0xf8, 0x0, 0x0, 0x0, 0x5f, 0xf0, 0xdf,
    0x80, 0x0, 0x0, 0x4, 0xff, 0x1d, 0xf8, 0x0,
    0x0, 0x0, 0x4f, 0xf1, 0xcf, 0x80, 0x0, 0x0,
    0x5, 0xff, 0x9, 0xfb, 0x0, 0x0, 0x0, 0x8f,
    0xc0, 0x4f, 0xf4, 0x0, 0x0, 0x1e, 0xf7, 0x0,
    0xbf, 0xf7, 0x22, 0x5e, 0xfe, 0x0, 0x1, 0xcf,
    0xff, 0xff, 0xfe, 0x30, 0x0, 0x0, 0x7c, 0xef,
    0xd8, 0x10, 0x0,

    /* U+0050 "P" */
    0x4f, 0xff, 0xff, 0xfe, 0xa1, 0x4, 0xff, 0xff,
    0xff, 0xff, 0xe1, 0x4f, 0xf0, 0x0, 0x14, 0xef,
    0x84, 0xff, 0x0, 0x0, 0xa, 0xfb, 0x4f, 0xf0,
    0x0, 0x0, 0xaf, 0xb4, 0xff, 0x0, 0x0, 0x3e,
    0xf8, 0x4f, 0xff, 0xff, 0xff, 0xfe, 0x14, 0xff,
    0xff, 0xff, 0xfb, 0x20, 0x4f, 0xf0, 0x0, 0x0,
    0x0, 0x4, 0xff, 0x0, 0x0, 0x0, 0x0, 0x4f,
    0xf0, 0x0, 0x0, 0x0, 0x4, 0xff, 0x0, 0x0,
    0x0, 0x0, 0x4f, 0xf0, 0x0, 0x0, 0x0, 0x4,
    0xff, 0x0, 0x0, 0x0, 0x0,

    /* U+0051 "Q" */
    0x0, 0x6, 0xce, 0xfd, 0x71, 0x0, 0x0, 0x1c,
    0xff, 0xff, 0xff, 0xe2, 0x0, 0xa, 0xff, 0x72,
    0x25, 0xef, 0xd0, 0x3, 0xff, 0x40, 0x0, 0x2,
    0xff, 0x60, 0x8f, 0xc0, 0x0, 0x0, 0x9, 0xfb,
    0xc, 0xf9, 0x0, 0x0, 0x0, 0x5f, 0xf0, 0xdf,
    0x80, 0x0, 0x0, 0x4, 0xff, 0xe, 0xf8, 0x0,
    0x0, 0x0, 0x4f, 0xf1, 0xdf, 0x80, 0x0, 0x0,
    0x4, 0xff, 0xb, 0xf9, 0x0, 0x0, 0x0, 0x6f,
    0xe0, 0x7f, 0xe0, 0x0, 0x0, 0xb, 0xfa, 0x1,
    0xff, 0x80, 0x0, 0x5, 0xff, 0x40, 0x7, 0xff,
    0xb6, 0x6a, 0xff, 0xa0, 0x0, 0x8, 0xff, 0xff,
    0xff, 0xa0, 0x0, 0x0, 0x2, 0x7e, 0xfa, 0x30,
    0x0, 0x0, 0x0, 0x0, 0xcf, 0x50, 0x0, 0x0,
    0x0, 0x0, 0xa, 0xff, 0xf6, 0x0, 0x0, 0x0,
    0x0, 0x2c, 0xff, 0x70, 0x0,

    /* U+0052 "R" */
    0x4f, 0xff, 0xff, 0xfe, 0xa2, 0x0, 0x4f, 0xff,
    0xff, 0xff, 0xfe, 0x10, 0x4f, 0xf0, 0x0, 0x14,
    0xef, 0x80, 0x4f, 0xf0, 0x0, 0x0, 0xaf, 0xb0,
    0x4f, 0xf0, 0x0, 0x0, 0xaf, 0xb0, 0x4f, 0xf0,
    0x0, 0x3, 0xef, 0x70, 0x4f, 0xff, 0xff, 0xff,
    0xfd, 0x10, 0x4f, 0xff, 0xff, 0xff, 0x91, 0x0,
    0x4f, 0xf0, 0x0, 0xef, 0x60, 0x0, 0x4f, 0xf0,
    0x0, 0x8f, 0xe0, 0x0, 0x4f, 0xf0, 0x0, 0x1f,
    0xf6, 0x0, 0x4f, 0xf0, 0x0, 0x9, 0xfd, 0x0,
    0x4f, 0xf0, 0x0, 0x2, 0xff, 0x50, 0x4f, 0xf0,
    0x0, 0x0, 0xaf, 0xd0,

    /* U+0053 "S" */
    0x0, 0x7, 0xcf, 0xfd, 0x81, 0x0, 0x1d, 0xff,
    0xff, 0xff, 0xe3, 0x8, 0xff, 0x51, 0x15, 0xcf,
    0x60, 0xbf, 0x90, 0x0, 0x0, 0x40, 0xb, 0xfa,
    0x0, 0x0, 0x0, 0x0, 0x5f, 0xfa, 0x41, 0x0,
    0x0, 0x0, 0x8f, 0xff, 0xfd, 0x91, 0x0, 0x0,
    0x17, 0xad, 0xff, 0xf3, 0x0, 0x0, 0x0, 0x2,
    0xcf, 0xb0, 0x0, 0x0, 0x0, 0x5, 0xff, 0x1,
    0x80, 0x0, 0x0, 0x7f, 0xe0, 0xef, 0xc4, 0x11,
    0x5f, 0xf9, 0x4, 0xff, 0xff, 0xff, 0xfd, 0x10,
    0x1, 0x8d, 0xff, 0xd7, 0x0,

    /* U+0054 "T" */
    0x8f, 0xff, 0xff, 0xff, 0xff, 0xf1, 0x8f, 0xff,
    0xff, 0xff, 0xff, 0xf1, 0x1, 0x11, 0x6f, 0xe1,
    0x11, 0x10, 0x0, 0x0, 0x5f, 0xe0, 0x0, 0x0,
    0x0, 0x0, 0x5f, 0xe0, 0x0, 0x0, 0x0, 0x0,
    0x5f, 0xe0, 0x0, 0x0, 0x0, 0x0, 0x5f, 0xe0,
    0x0, 0x0, 0x0, 0x0, 0x5f, 0xe0, 0x0, 0x0,
    0x0, 0x0, 0x5f, 0xe0, 0x0, 0x0, 0x0, 0x0,
    0x5f, 0xe0, 0x0, 0x0, 0x0, 0x0, 0x5f, 0xe0,
    0x0, 0x0, 0x0, 0x0, 0x5f, 0xe0, 0x0, 0x0,
    0x0, 0x0, 0x5f, 0xe0, 0x0, 0x0, 0x0, 0x0,
    0x5f, 0xe0, 0x0, 0x0,

    /* U+0055 "U" */
    0x5f, 0xd0, 0x0, 0x0, 0x2f, 0xf1, 0x5f, 0xd0,
    0x0, 0x0, 0x2f, 0xf1, 0x5f, 0xd0, 0x0, 0x0,
    0x2f, 0xf1, 0x5f, 0xd0, 0x0, 0x0, 0x2f, 0xf1,
    0x5f, 0xd0, 0x0, 0x0, 0x2f, 0xf1, 0x5f, 0xd0,
    0x0, 0x0, 0x2f, 0xf1, 0x5f, 0xd0, 0x0, 0x0,
    0x2f, 0xf1, 0x5f, 0xd0, 0x0, 0x0, 0x2f, 0xf1,
    0x5f, 0xd0, 0x0, 0x0, 0x2f, 0xf0, 0x4f, 0xf0,
    0x0, 0x0, 0x4f, 0xf0, 0x1f, 0xf3, 0x0, 0x0,
    0x9f, 0xc0, 0xc, 0xfe, 0x52, 0x27, 0xff, 0x70,
    0x3, 0xff, 0xff, 0xff, 0xfd, 0x0, 0x0, 0x2a,
    0xef, 0xfd, 0x80, 0x0,

    /* U+0056 "V" */
    0x7f, 0xd0, 0x0, 0x0, 0x3, 0xff, 0x2, 0xff,
    0x20, 0x0, 0x0, 0x9f, 0xb0, 0xd, 0xf7, 0x0,
    0x0, 0xe, 0xf5, 0x0, 0x8f, 0xd0, 0x0, 0x3,
    0xff, 0x0, 0x3, 0xff, 0x20, 0x0, 0x8f, 0xb0,
    0x0, 0xd, 0xf7, 0x0, 0xd, 0xf5, 0x0, 0x0,
    0x8f, 0xc0, 0x2, 0xff, 0x0, 0x0, 0x3, 0xff,
    0x10, 0x7f, 0xb0, 0x0, 0x0, 0xe, 0xf5, 0xb,
    0xf5, 0x0, 0x0, 0x0, 0x8f, 0x90, 0xff, 0x10,
    0x0, 0x0, 0x3, 0xfe, 0x4f, 0xb0, 0x0, 0x0,
    0x0, 0xe, 0xfc, 0xf5, 0x0, 0x0, 0x0, 0x0,
    0x9f, 0xff, 0x10, 0x0, 0x0, 0x0, 0x3, 0xff,
    0xb0, 0x0, 0x0,

    /* U+0057 "W" */
    0x6f, 0xe0, 0x0, 0x1, 0xff, 0xa0, 0x0, 0x4,
    0xfe, 0x2, 0xff, 0x10, 0x0, 0x5f, 0xfe, 0x0,
    0x0, 0x8f, 0xa0, 0xe, 0xf4, 0x0, 0x9, 0xfe,
    0xf2, 0x0, 0xb, 0xf6, 0x0, 0xbf, 0x80, 0x0,
    0xdf, 0x8f, 0x60, 0x0, 0xef, 0x20, 0x7, 0xfb,
    0x0, 0x1f, 0xb4, 0xfa, 0x0, 0x2f, 0xe0, 0x0,
    0x3f, 0xe0, 0x5, 0xf7, 0xf, 0xe0, 0x6, 0xfb,
    0x0, 0x0, 0xff, 0x20, 0x9f, 0x30, 0xcf, 0x20,
    0x9f, 0x70, 0x0, 0xc, 0xf5, 0xd, 0xf0, 0x8,
    0xf5, 0xc, 0xf3, 0x0, 0x0, 0x8f, 0x91, 0xfb,
    0x0, 0x4f, 0x90, 0xff, 0x0, 0x0, 0x4, 0xfc,
    0x4f, 0x70, 0x0, 0xfd, 0x3f, 0xb0, 0x0, 0x0,
    0xf, 0xf9, 0xf3, 0x0, 0xc, 0xf8, 0xf7, 0x0,
    0x0, 0x0, 0xcf, 0xfe, 0x0, 0x0, 0x8f, 0xff,
    0x30, 0x0, 0x0, 0x9, 0xff, 0xb0, 0x0, 0x4,
    0xff, 0xf0, 0x0, 0x0, 0x0, 0x5f, 0xf7, 0x0,
    0x0, 0x1f, 0xfb, 0x0, 0x0,

    /* U+0058 "X" */
    0x2f, 0xf8, 0x0, 0x0, 0xa, 0xfd, 0x0, 0x7f,
    0xf2, 0x0, 0x3, 0xff, 0x30, 0x0, 0xcf, 0xc0,
    0x0, 0xdf, 0x90, 0x0, 0x3, 0xff, 0x50, 0x7f,
    0xe0, 0x0, 0x0, 0x8, 0xfe, 0x3f, 0xf4, 0x0,
    0x0, 0x0, 0xd, 0xff, 0xfa, 0x0, 0x0, 0x0,
    0x0, 0x4f, 0xfe, 0x10, 0x0, 0x0, 0x0, 0x7,
    0xff, 0xf3, 0x0, 0x0, 0x0, 0x2, 0xff, 0xcf,
    0xd0, 0x0, 0x0, 0x0, 0xbf, 0x91, 0xff, 0x70,
    0x0, 0x0, 0x6f, 0xe1, 0x6, 0xff, 0x20, 0x0,
    0x1e, 0xf6, 0x0, 0xc, 0xfc, 0x0, 0xa, 0xfc,
    0x0, 0x0, 0x3f, 0xf6, 0x4, 0xff, 0x30, 0x0,
    0x0, 0x9f, 0xf1,

    /* U+0059 "Y" */
    0x8f, 0xf1, 0x0, 0x0, 0xa, 0xfd, 0x0, 0xef,
    0x90, 0x0, 0x3, 0xff, 0x40, 0x5, 0xff, 0x20,
    0x0, 0xcf, 0xb0, 0x0, 0xc, 0xfb, 0x0, 0x4f,
    0xf2, 0x0, 0x0, 0x3f, 0xf4, 0xd, 0xf8, 0x0,
    0x0, 0x0, 0xaf, 0xc6, 0xfe, 0x0, 0x0, 0x0,
    0x2, 0xff, 0xff, 0x60, 0x0, 0x0, 0x0, 0x8,
    0xff, 0xc0, 0x0, 0x0, 0x0, 0x0, 0xf, 0xf5,
    0x0, 0x0, 0x0, 0x0, 0x0, 0xff, 0x40, 0x0,
    0x0, 0x0, 0x0, 0xf, 0xf4, 0x0, 0x0, 0x0,
    0x0, 0x0, 0xff, 0x40, 0x0, 0x0, 0x0, 0x0,
    0xf, 0xf4, 0x0, 0x0, 0x0, 0x0, 0x0, 0xff,
    0x40, 0x0, 0x0,

    /* U+005A "Z" */
    0xd, 0xff, 0xff, 0xff, 0xff, 0xd0, 0xd, 0xff,
    0xff, 0xff, 0xff, 0xd0, 0x1, 0x11, 0x11, 0x12,
    0xef, 0x80, 0x0, 0x0, 0x0, 0xc, 0xfc, 0x0,
    0x0, 0x0, 0x0, 0x8f, 0xe1, 0x0, 0x0, 0x0,
    0x5, 0xff, 0x40, 0x0, 0x0, 0x0, 0x2f, 0xf7,
    0x0, 0x0, 0x0, 0x0, 0xdf, 0xb0, 0x0, 0x0,
    0x0, 0xa, 0xfd, 0x10, 0x0, 0x0, 0x0, 0x6f,
    0xf3, 0x0, 0x0, 0x0, 0x3, 0xff, 0x60, 0x0,
    0x0, 0x0, 0x1d, 0xfa, 0x11, 0x11, 0x11, 0x10,
    0x4f, 0xff, 0xff, 0xff, 0xff, 0xf1, 0x4f, 0xff,
    0xff, 0xff, 0xff, 0xf1,

    /* U+005B "[" */
    0x4f, 0xff, 0x64, 0xfe, 0xb4, 0x4f, 0xb0, 0x4,
    0xfb, 0x0, 0x4f, 0xb0, 0x4, 0xfb, 0x0, 0x4f,
    0xb0, 0x4, 0xfb, 0x0, 0x4f, 0xb0, 0x4, 0xfb,
    0x0, 0x4f, 0xb0, 0x4, 0xfb, 0x0, 0x4f, 0xb0,
    0x4, 0xfb, 0x0, 0x4f, 0xb0, 0x4, 0xfb, 0x0,
    0x4f, 0xb0, 0x4, 0xff, 0xf6, 0x3b, 0xbb, 0x40,

    /* U+005C "\\" */
    0x1f, 0xc0, 0x0, 0x0, 0x0, 0xcf, 0x10, 0x0,
    0x0, 0x7, 0xf6, 0x0, 0x0, 0x0, 0x3f, 0xa0,
    0x0, 0x0, 0x0, 0xef, 0x0, 0x0, 0x0, 0x9,
    0xf4, 0x0, 0x0, 0x0, 0x4f, 0x90, 0x0, 0x0,
    0x0, 0xfd, 0x0, 0x0, 0x0, 0xb, 0xf2, 0x0,
    0x0, 0x0, 0x6f, 0x70, 0x0, 0x0, 0x1, 0xfc,
    0x0, 0x0, 0x0, 0xc, 0xf1, 0x0, 0x0, 0x0,
    0x8f, 0x50, 0x0, 0x0, 0x3, 0xfa, 0x0, 0x0,
    0x0, 0xe, 0xe0, 0x0, 0x0, 0x0, 0x9f, 0x30,
    0x0, 0x0, 0x5, 0xf8, 0x0, 0x0, 0x0, 0xf,
    0xd0, 0x0, 0x0, 0x0, 0x67, 0x0,

    /* U+005D "]" */
    0xef, 0xfc, 0x9c, 0xfc, 0x3, 0xfc, 0x3, 0xfc,
    0x3, 0xfc, 0x3, 0xfc, 0x3, 0xfc, 0x3, 0xfc,
    0x3, 0xfc, 0x3, 0xfc, 0x3, 0xfc, 0x3, 0xfc,
    0x3, 0xfc, 0x3, 0xfc, 0x3, 0xfc, 0x3, 0xfc,
    0x3, 0xfc, 0xef, 0xfc, 0x9b, 0xb8,

    /* U+005E "^" */
    0x0, 0x0, 0x4f, 0xf4, 0x0, 0x0, 0x0, 0x0,
    0xcf, 0xfc, 0x0, 0x0, 0x0, 0x5, 0xfc, 0xdf,
    0x50, 0x0, 0x0, 0xd, 0xf4, 0x5f, 0xd0, 0x0,
    0x0, 0x6f, 0xb0, 0xc, 0xf6, 0x0, 0x0, 0xef,
    0x30, 0x4, 0xfe, 0x0, 0x7, 0xfa, 0x0, 0x0,
    0xbf, 0x70, 0xc, 0xf2, 0x0, 0x0, 0x2f, 0xd0,
    0x0, 0x40, 0x0, 0x0, 0x4, 0x0,

    /* U+005F "_" */
    0x5e, 0xee, 0xee, 0xee, 0xee, 0x96, 0xff, 0xff,
    0xff, 0xff, 0xfa,

    /* U+0060 "`" */
    0x1, 0x20, 0x4, 0xfc, 0x0, 0xd, 0xf4, 0x0,
    0x3f, 0xc0, 0x0, 0x89, 0x0,

    /* U+0061 "a" */
    0x0, 0x4b, 0xef, 0xc6, 0x0, 0x0, 0x5f, 0xfe,
    0xef, 0xf9, 0x0, 0x6, 0xf5, 0x0, 0x6f, 0xf1,
    0x0, 0x1, 0x0, 0x0, 0xff, 0x40, 0x0, 0x0,
    0x11, 0x2e, 0xf4, 0x0, 0x19, 0xef, 0xff, 0xff,
    0x40, 0xc, 0xfc, 0x65, 0x5e, 0xf4, 0x2, 0xff,
    0x10, 0x0, 0xef, 0x40, 0x1f, 0xf3, 0x0, 0x4f,
    0xf4, 0x0, 0xcf, 0xfc, 0xdf, 0xcf, 0xe5, 0x1,
    0xae, 0xfc, 0x31, 0xdf, 0x60,

    /* U+0062 "b" */
    0x7f, 0xb0, 0x0, 0x0, 0x0, 0x7f, 0xb0, 0x0,
    0x0, 0x0, 0x7f, 0xb0, 0x0, 0x0, 0x0, 0x7f,
    0xb0, 0x0, 0x0, 0x0, 0x7f, 0xb2, 0xbf, 0xe9,
    0x0, 0x7f, 0xcd, 0xff, 0xff, 0xc0, 0x7f, 0xf7,
    0x0, 0x6f, 0xf5, 0x7f, 0xc0, 0x0, 0xa, 0xfa,
    0x7f, 0xb0, 0x0, 0x6, 0xfd, 0x7f, 0xb0, 0x0,
    0x6, 0xfe, 0x7f, 0xb0, 0x0, 0x6, 0xfd, 0x7f,
    0xc0, 0x0, 0xa, 0xfa, 0x7f, 0xf6, 0x0, 0x5f,
    0xf5, 0x7f, 0xcd, 0xff, 0xff, 0xc0, 0x7f, 0xb2,
    0xbf, 0xe9, 0x0,

    /* U+0063 "c" */
    0x0, 0x18, 0xef, 0xe9, 0x10, 0x0, 0xdf, 0xfe,
    0xff, 0xd0, 0x8, 0xfd, 0x20, 0x1c, 0xf5, 0xe,
    0xf5, 0x0, 0x2, 0x20, 0x1f, 0xf2, 0x0, 0x0,
    0x0, 0x2f, 0xf2, 0x0, 0x0, 0x0, 0x1f, 0xf2,
    0x0, 0x0, 0x0, 0xe, 0xf5, 0x0, 0x1, 0x50,
    0x8, 0xfd, 0x20, 0x1b, 0xf6, 0x0, 0xdf, 0xfe,
    0xff, 0xd1, 0x0, 0x19, 0xef, 0xe9, 0x10,

    /* U+0064 "d" */
    0x0, 0x0, 0x0, 0x0, 0xef, 0x40, 0x0, 0x0,
    0x0, 0xe, 0xf4, 0x0, 0x0, 0x0, 0x0, 0xef,
    0x40, 0x0, 0x0, 0x0, 0xe, 0xf4, 0x0, 0x1a,
    0xef, 0xa1, 0xef, 0x40, 0x1e, 0xff, 0xff, 0xbe,
    0xf4, 0x8, 0xff, 0x40, 0x19, 0xff, 0x40, 0xdf,
    0x70, 0x0, 0xf, 0xf4, 0xf, 0xf4, 0x0, 0x0,
    0xef, 0x40, 0xff, 0x30, 0x0, 0xe, 0xf4, 0xf,
    0xf4, 0x0, 0x0, 0xef, 0x40, 0xdf, 0x70, 0x0,
    0xf, 0xf4, 0x8, 0xfe, 0x40, 0x9, 0xff, 0x40,
    0x1e, 0xff, 0xff, 0xbe, 0xf4, 0x0, 0x1a, 0xef,
    0xa0, 0xef, 0x40,

    /* U+0065 "e" */
    0x0, 0x8, 0xdf, 0xe9, 0x10, 0x0, 0xc, 0xff,
    0xce, 0xfe, 0x10, 0x7, 0xfc, 0x10, 0xa, 0xfa,
    0x0, 0xdf, 0x40, 0x0, 0x2f, 0xf0, 0x1f, 0xf9,
    0x88, 0x89, 0xff, 0x22, 0xff, 0xff, 0xff, 0xff,
    0xf3, 0x1f, 0xf2, 0x0, 0x0, 0x0, 0x0, 0xdf,
    0x50, 0x0, 0x2, 0x0, 0x7, 0xfe, 0x30, 0x5,
    0xf8, 0x0, 0xc, 0xff, 0xef, 0xff, 0x50, 0x0,
    0x7, 0xdf, 0xea, 0x30, 0x0,

    /* U+0066 "f" */
    0x0, 0x2b, 0xff, 0x70, 0xb, 0xfe, 0xd6, 0x0,
    0xef, 0x40, 0x0, 0xe, 0xf4, 0x0, 0x7f, 0xff,
    0xff, 0x76, 0xdf, 0xfe, 0xd6, 0x0, 0xef, 0x40,
    0x0, 0xe, 0xf4, 0x0, 0x0, 0xef, 0x40, 0x0,
    0xe, 0xf4, 0x0, 0x0, 0xef, 0x40, 0x0, 0xe,
    0xf4, 0x0, 0x0, 0xef, 0x40, 0x0, 0xe, 0xf4,
    0x0, 0x0, 0xef, 0x40, 0x0,

    /* U+0067 "g" */
    0x0, 0x0, 0x0, 0x4, 0xcc, 0x20, 0x0, 0x0,
    0x0, 0xbf, 0xf3, 0x0, 0x2a, 0xef, 0xff, 0x30,
    0x0, 0x2f, 0xfc, 0xad, 0xfe, 0x10, 0x9, 0xf9,
    0x0, 0xd, 0xf6, 0x0, 0xcf, 0x60, 0x0, 0x9f,
    0x80, 0x9, 0xf9, 0x0, 0xc, 0xf5, 0x0, 0x2f,
    0xfc, 0xad, 0xfd, 0x0, 0x0, 0x4f, 0xef, 0xe9,
    0x10, 0x0, 0x4f, 0x40, 0x0, 0x0, 0x0, 0xa,
    0xf4, 0x0, 0x0, 0x0, 0x0, 0x8f, 0xff, 0xff,
    0xfd, 0x70, 0x1, 0xcf, 0xff, 0xff, 0xff, 0x50,
    0xdb, 0x0, 0x0, 0x1a, 0xfa, 0x4f, 0xa0, 0x0,
    0x0, 0x8f, 0x91, 0xff, 0xda, 0xaa, 0xdf, 0xf2,
    0x2, 0xad, 0xff, 0xfd, 0x92, 0x0,

    /* U+0068 "h" */
    0x7f, 0xb0, 0x0, 0x0, 0x0, 0x7f, 0xb0, 0x0,
    0x0, 0x0, 0x7f, 0xb0, 0x0, 0x0, 0x0, 0x7f,
    0xb0, 0x0, 0x0, 0x0, 0x7f, 0xb2, 0xbf, 0xe8,
    0x0, 0x7f, 0xcd, 0xff, 0xff, 0x70, 0x7f, 0xf6,
    0x0, 0xaf, 0xe0, 0x7f, 0xc0, 0x0, 0x2f, 0xf0,
    0x7f, 0xb0, 0x0, 0xf, 0xf2, 0x7f, 0xb0, 0x0,
    0xf, 0xf2, 0x7f, 0xb0, 0x0, 0xf, 0xf2, 0x7f,
    0xb0, 0x0, 0xf, 0xf2, 0x7f, 0xb0, 0x0, 0xf,
    0xf2, 0x7f, 0xb0, 0x0, 0xf, 0xf2, 0x7f, 0xb0,
    0x0, 0xf, 0xf2,

    /* U+0069 "i" */
    0x5f, 0xa9, 0xfe, 0x3a, 0x60, 0x0, 0x7f, 0xb7,
    0xfb, 0x7f, 0xb7, 0xfb, 0x7f, 0xb7, 0xfb, 0x7f,
    0xb7, 0xfb, 0x7f, 0xb7, 0xfb, 0x7f, 0xb0,

    /* U+006A "j" */
    0x0, 0x5f, 0xa0, 0x9, 0xfe, 0x0, 0x3a, 0x60,
    0x0, 0x0, 0x0, 0x7f, 0xb0, 0x7, 0xfb, 0x0,
    0x7f, 0xb0, 0x7, 0xfb, 0x0, 0x7f, 0xb0, 0x7,
    0xfb, 0x0, 0x7f, 0xb0, 0x7, 0xfb, 0x0, 0x7f,
    0xb0, 0x7, 0xfb, 0x0, 0x7f, 0xb0, 0x7, 0xfb,
    0x0, 0x7f, 0xb0, 0xde, 0xf7, 0x1f, 0xfa, 0x0,

    /* U+006B "k" */
    0x7f, 0xb0, 0x0, 0x0, 0x0, 0x7f, 0xb0, 0x0,
    0x0, 0x0, 0x7f, 0xb0, 0x0, 0x0, 0x0, 0x7f,
    0xb0, 0x0, 0x0, 0x0, 0x7f, 0xb0, 0x0, 0x8f,
    0xd1, 0x7f, 0xb0, 0x6, 0xfe, 0x20, 0x7f, 0xb0,
    0x4f, 0xf4, 0x0, 0x7f, 0xb2, 0xef, 0x60, 0x0,
    0x7f, 0xcc, 0xfe, 0x0, 0x0, 0x7f, 0xff, 0xff,
    0x60, 0x0, 0x7f, 0xf9, 0x6f, 0xf1, 0x0, 0x7f,
    0xc0, 0xd, 0xfa, 0x0, 0x7f, 0xb0, 0x4, 0xff,
    0x40, 0x7f, 0xb0, 0x0, 0xbf, 0xd0, 0x7f, 0xb0,
    0x0, 0x2f, 0xf7,

    /* U+006C "l" */
    0x7f, 0xb0, 0x7, 0xfb, 0x0, 0x7f, 0xb0, 0x7,
    0xfb, 0x0, 0x7f, 0xb0, 0x7, 0xfb, 0x0, 0x7f,
    0xb0, 0x7, 0xfb, 0x0, 0x7f, 0xb0, 0x7, 0xfb,
    0x0, 0x7f, 0xb0, 0x7, 0xfb, 0x0, 0x6f, 0xb0,
    0x4, 0xff, 0xd2, 0xa, 0xff, 0x30,

    /* U+006D "m" */
    0x7f, 0xb2, 0xcf, 0xd6, 0x1, 0xaf, 0xe9, 0x0,
    0x7f, 0xcd, 0xff, 0xff, 0x5d, 0xff, 0xff, 0x80,
    0x7f, 0xf6, 0x1, 0xcf, 0xf9, 0x0, 0x9f, 0xf0,
    0x7f, 0xc0, 0x0, 0x5f, 0xf0, 0x0, 0x1f, 0xf1,
    0x7f, 0xb0, 0x0, 0x3f, 0xf0, 0x0, 0xf, 0xf2,
    0x7f, 0xb0, 0x0, 0x3f, 0xf0, 0x0, 0xf, 0xf3,
    0x7f, 0xb0, 0x0, 0x3f, 0xf0, 0x0, 0xf, 0xf3,
    0x7f, 0xb0, 0x0, 0x3f, 0xf0, 0x0, 0xf, 0xf3,
    0x7f, 0xb0, 0x0, 0x3f, 0xf0, 0x0, 0xf, 0xf3,
    0x7f, 0xb0, 0x0, 0x3f, 0xf0, 0x0, 0xf, 0xf3,
    0x7f, 0xb0, 0x0, 0x3f, 0xf0, 0x0, 0xf, 0xf3,

    /* U+006E "n" */
    0x7f, 0xb2, 0xbf, 0xe8, 0x0, 0x7f, 0xcd, 0xff,
    0xff, 0x70, 0x7f, 0xf6, 0x0, 0xaf, 0xe0, 0x7f,
    0xc0, 0x0, 0x2f, 0xf0, 0x7f, 0xb0, 0x0, 0xf,
    0xf2, 0x7f, 0xb0, 0x0, 0xf, 0xf2, 0x7f, 0xb0,
    0x0, 0xf, 0xf2, 0x7f, 0xb0, 0x0, 0xf, 0xf2,
    0x7f, 0xb0, 0x0, 0xf, 0xf2, 0x7f, 0xb0, 0x0,
    0xf, 0xf2, 0x7f, 0xb0, 0x0, 0xf, 0xf2,

    /* U+006F "o" */
    0x0, 0x7, 0xdf, 0xe9, 0x10, 0x0, 0xc, 0xff,
    0xef, 0xfe, 0x10, 0x7, 0xfd, 0x20, 0x1b, 0xfb,
    0x0, 0xdf, 0x50, 0x0, 0x1f, 0xf1, 0x1f, 0xf2,
    0x0, 0x0, 0xff, 0x42, 0xff, 0x20, 0x0, 0xe,
    0xf5, 0x1f, 0xf2, 0x0, 0x0, 0xff, 0x40, 0xdf,
    0x50, 0x0, 0x1f, 0xf1, 0x7, 0xfd, 0x20, 0x1b,
    0xfb, 0x0, 0xc, 0xff, 0xef, 0xfe, 0x20, 0x0,
    0x8, 0xdf, 0xe9, 0x10, 0x0,

    /* U+0070 "p" */
    0x7f, 0xb2, 0xbf, 0xe9, 0x0, 0x7f, 0xcd, 0xff,
    0xff, 0xc0, 0x7f, 0xf7, 0x0, 0x6f, 0xf5, 0x7f,
    0xc0, 0x0, 0xa, 0xfa, 0x7f, 0xb0, 0x0, 0x6,
    0xfd, 0x7f, 0xb0, 0x0, 0x6, 0xfe, 0x7f, 0xb0,
    0x0, 0x6, 0xfd, 0x7f, 0xc0, 0x0, 0xa, 0xfa,
    0x7f, 0xf6, 0x0, 0x5f, 0xf5, 0x7f, 0xcd, 0xff,
    0xff, 0xc0, 0x7f, 0xb2, 0xbf, 0xe9, 0x0, 0x7f,
    0xb0, 0x0, 0x0, 0x0, 0x7f, 0xb0, 0x0, 0x0,
    0x0, 0x7f, 0xb0, 0x0, 0x0, 0x0, 0x7f, 0xb0,
    0x0, 0x0, 0x0,

    /* U+0071 "q" */
    0x0, 0x1a, 0xef, 0xa1, 0xef, 0x40, 0x1e, 0xff,
    0xff, 0xbe, 0xf4, 0x8, 0xff, 0x40, 0x19, 0xff,
    0x40, 0xdf, 0x70, 0x0, 0xf, 0xf4, 0xf, 0xf4,
    0x0, 0x0, 0xef, 0x40, 0xff, 0x30, 0x0, 0xe,
    0xf4, 0xf, 0xf4, 0x0, 0x0, 0xef, 0x40, 0xdf,
    0x70, 0x0, 0xf, 0xf4, 0x8, 0xfe, 0x40, 0x9,
    0xff, 0x40, 0x1e, 0xff, 0xff, 0xbe, 0xf4, 0x0,
    0x1a, 0xef, 0xa0, 0xef, 0x40, 0x0, 0x0, 0x0,
    0xe, 0xf4, 0x0, 0x0, 0x0, 0x0, 0xef, 0x40,
    0x0, 0x0, 0x0, 0xe, 0xf4, 0x0, 0x0, 0x0,
    0x0, 0xef, 0x40,

    /* U+0072 "r" */
    0x7f, 0xb1, 0xbf, 0x47, 0xfb, 0xdf, 0xf4, 0x7f,
    0xfa, 0x52, 0x7, 0xfd, 0x0, 0x0, 0x7f, 0xb0,
    0x0, 0x7, 0xfb, 0x0, 0x0, 0x7f, 0xb0, 0x0,
    0x7, 0xfb, 0x0, 0x0, 0x7f, 0xb0, 0x0, 0x7,
    0xfb, 0x0, 0x0, 0x7f, 0xb0, 0x0, 0x0,

    /* U+0073 "s" */
    0x0, 0x5c, 0xfe, 0xb4, 0x0, 0x7f, 0xfd, 0xef,
    0xf7, 0xe, 0xf5, 0x0, 0x4c, 0x10, 0xff, 0x30,
    0x0, 0x0, 0xb, 0xfe, 0x96, 0x30, 0x0, 0x1b,
    0xff, 0xff, 0xc2, 0x0, 0x1, 0x58, 0xdf, 0xb0,
    0x0, 0x0, 0x3, 0xff, 0x1c, 0xc2, 0x0, 0x6f,
    0xd0, 0xcf, 0xfe, 0xef, 0xf5, 0x0, 0x7d, 0xff,
    0xb4, 0x0,

    /* U+0074 "t" */
    0x0, 0x58, 0x20, 0x0, 0xa, 0xf5, 0x0, 0x0,
    0xcf, 0x50, 0x7, 0xff, 0xff, 0xf8, 0x6d, 0xff,
    0xed, 0x60, 0xd, 0xf5, 0x0, 0x0, 0xdf, 0x50,
    0x0, 0xd, 0xf5, 0x0, 0x0, 0xdf, 0x50, 0x0,
    0xd, 0xf5, 0x0, 0x0, 0xdf, 0x50, 0x0, 0xd,
    0xf5, 0x0, 0x0, 0xbf, 0xed, 0x40, 0x2, 0xcf,
    0xf5,

    /* U+0075 "u" */
    0x8f, 0xa0, 0x0, 0x2f, 0xf0, 0x8f, 0xa0, 0x0,
    0x2f, 0xf0, 0x8f, 0xa0, 0x0, 0x2f, 0xf0, 0x8f,
    0xa0, 0x0, 0x2f, 0xf0, 0x8f, 0xa0, 0x0, 0x2f,
    0xf0, 0x8f, 0xa0, 0x0, 0x2f, 0xf0, 0x8f, 0xa0,
    0x0, 0x2f, 0xf0, 0x7f, 0xc0, 0x0, 0x3f, 0xf0,
    0x4f, 0xf4, 0x1, 0xbf, 0xf0, 0xd, 0xff, 0xff,
    0xaf, 0xf0, 0x2, 0xbf, 0xe8, 0x2f, 0xf0,

    /* U+0076 "v" */
    0x8f, 0x90, 0x0, 0x4, 0xfc, 0x3f, 0xe0, 0x0,
    0x9, 0xf7, 0xe, 0xf3, 0x0, 0xe, 0xf2, 0x9,
    0xf8, 0x0, 0x3f, 0xd0, 0x4, 0xfe, 0x0, 0x8f,
    0x70, 0x0, 0xef, 0x20, 0xdf, 0x20, 0x0, 0xaf,
    0x72, 0xfd, 0x0, 0x0, 0x5f, 0xb6, 0xf8, 0x0,
    0x0, 0xf, 0xfb, 0xf3, 0x0, 0x0, 0xa, 0xff,
    0xe0, 0x0, 0x0, 0x5, 0xff, 0x90, 0x0,

    /* U+0077 "w" */
    0x5f, 0xc0, 0x0, 0x1f, 0xf2, 0x0, 0xa, 0xf5,
    0x1f, 0xf0, 0x0, 0x5f, 0xf6, 0x0, 0xe, 0xf1,
    0xd, 0xf3, 0x0, 0xaf, 0xfb, 0x0, 0x2f, 0xd0,
    0x9, 0xf7, 0x0, 0xec, 0xdf, 0x0, 0x6f, 0x80,
    0x5, 0xfa, 0x3, 0xf8, 0x9f, 0x30, 0x9f, 0x40,
    0x1, 0xfe, 0x7, 0xf4, 0x5f, 0x80, 0xdf, 0x10,
    0x0, 0xcf, 0x2b, 0xf0, 0xf, 0xc1, 0xfc, 0x0,
    0x0, 0x8f, 0x5f, 0xb0, 0xc, 0xf5, 0xf8, 0x0,
    0x0, 0x4f, 0xcf, 0x70, 0x7, 0xfc, 0xf4, 0x0,
    0x0, 0xf, 0xff, 0x20, 0x3, 0xff, 0xf0, 0x0,
    0x0, 0xc, 0xfe, 0x0, 0x0, 0xef, 0xc0, 0x0,

    /* U+0078 "x" */
    0x3f, 0xf5, 0x0, 0x8, 0xfc, 0x0, 0x8f, 0xe0,
    0x2, 0xff, 0x20, 0x0, 0xdf, 0x80, 0xcf, 0x70,
    0x0, 0x3, 0xff, 0x8f, 0xd0, 0x0, 0x0, 0x8,
    0xff, 0xf3, 0x0, 0x0, 0x0, 0x1f, 0xfb, 0x0,
    0x0, 0x0, 0xa, 0xff, 0xf4, 0x0, 0x0, 0x4,
    0xfd, 0x7f, 0xe0, 0x0, 0x0, 0xef, 0x40, 0xcf,
    0x90, 0x0, 0x9f, 0xa0, 0x3, 0xff, 0x30, 0x4f,
    0xe1, 0x0, 0x9, 0xfd, 0x0,

    /* U+0079 "y" */
    0x9f, 0x90, 0x0, 0x3, 0xfd, 0x4, 0xfe, 0x0,
    0x0, 0x8f, 0x80, 0xe, 0xf3, 0x0, 0xd, 0xf3,
    0x0, 0x9f, 0x80, 0x3, 0xfd, 0x0, 0x4, 0xfe,
    0x0, 0x8f, 0x80, 0x0, 0xe, 0xf3, 0xd, 0xf2,
    0x0, 0x0, 0x9f, 0x82, 0xfd, 0x0, 0x0, 0x4,
    0xfc, 0x7f, 0x80, 0x0, 0x0, 0xe, 0xfc, 0xf2,
    0x0, 0x0, 0x0, 0x9f, 0xfd, 0x0, 0x0, 0x0,
    0x4, 0xff, 0x70, 0x0, 0x0, 0x0, 0x1f, 0xf2,
    0x0, 0x0, 0x0, 0x5, 0xfd, 0x0, 0x0, 0x0,
    0x4d, 0xef, 0x60, 0x0, 0x0, 0x5, 0xff, 0x90,
    0x0, 0x0, 0x0,

    /* U+007A "z" */
    0x1f, 0xff, 0xff, 0xff, 0xe0, 0x1d, 0xdd, 0xdd,
    0xff, 0xd0, 0x0, 0x0, 0x3, 0xff, 0x40, 0x0,
    0x0, 0x1e, 0xf8, 0x0, 0x0, 0x0, 0xbf, 0xc0,
    0x0, 0x0, 0x7, 0xfe, 0x10, 0x0, 0x0, 0x4f,
    0xf4, 0x0, 0x0, 0x1, 0xef, 0x70, 0x0, 0x0,
    0xc, 0xfb, 0x0, 0x0, 0x0, 0x4f, 0xfe, 0xdd,
    0xdd, 0xd0, 0x4f, 0xff, 0xff, 0xff, 0xf0,

    /* U+007B "{" */
    0x0, 0x2d, 0xff, 0x0, 0x9f, 0xcb, 0x0, 0xaf,
    0x50, 0x0, 0xaf, 0x50, 0x0, 0xaf, 0x50, 0x0,
    0xaf, 0x50, 0x0, 0xaf, 0x40, 0x3, 0xff, 0x10,
    0x8f, 0xd4, 0x0, 0x9f, 0xd3, 0x0, 0x5, 0xfd,
    0x0, 0x0, 0xbf, 0x40, 0x0, 0xaf, 0x50, 0x0,
    0xaf, 0x50, 0x0, 0xaf, 0x50, 0x0, 0xaf, 0x50,
    0x0, 0xaf, 0x50, 0x0, 0x7f, 0xff, 0x0, 0x8,
    0xab,

    /* U+007C "|" */
    0x6f, 0x76, 0xf7, 0x6f, 0x76, 0xf7, 0x6f, 0x76,
    0xf7, 0x6f, 0x76, 0xf7, 0x6f, 0x76, 0xf7, 0x6f,
    0x76, 0xf7, 0x6f, 0x76, 0xf7, 0x6f, 0x76, 0xf7,
    0x6f, 0x76, 0xf7, 0x39, 0x40,

    /* U+007D "}" */
    0xef, 0xe3, 0x0, 0x9c, 0xfb, 0x0, 0x3, 0xfc,
    0x0, 0x3, 0xfc, 0x0, 0x3, 0xfc, 0x0, 0x3,
    0xfc, 0x0, 0x2, 0xfc, 0x0, 0x0, 0xef, 0x40,
    0x0, 0x3c, 0xfa, 0x0, 0x2c, 0xfb, 0x0, 0xcf,
    0x60, 0x1, 0xfd, 0x0, 0x3, 0xfc, 0x0, 0x3,
    0xfc, 0x0, 0x3, 0xfc, 0x0, 0x3, 0xfc, 0x0,
    0x3, 0xfc, 0x0, 0xef, 0xf9, 0x0, 0x9b, 0x91,
    0x0,

    /* U+007E "~" */
    0x4d, 0xfe, 0xa4, 0x0, 0x10, 0x8f, 0xdf, 0xff,
    0xfe, 0xf8, 0x1, 0x0, 0x4a, 0xef, 0xd4,

    /* U+00A0 " " */

    /* U+00A1 "¡" */
    0x2e, 0xe2, 0x7f, 0xf6, 0x3f, 0xf3, 0x0, 0x0,
    0x2, 0x20, 0x9, 0x90, 0xb, 0xa0, 0xd, 0xc0,
    0xe, 0xe0, 0xf, 0xf0, 0x2f, 0xf1, 0x3f, 0xf2,
    0x3f, 0xf2, 0x3f, 0xf2, 0x3f, 0xf2,

    /* U+00A2 "¢" */
    0x0, 0x0, 0x16, 0x20, 0x0, 0x0, 0x0, 0x4f,
    0x70, 0x0, 0x0, 0x0, 0x5f, 0x80, 0x0, 0x0,
    0x2c, 0xff, 0xfe, 0x50, 0x1, 0xef, 0xdf, 0xdf,
    0xf4, 0x9, 0xfa, 0x3f, 0x65, 0xe4, 0xe, 0xf3,
    0x3f, 0x60, 0x0, 0x1f, 0xf1, 0x3f, 0x60, 0x0,
    0x1f, 0xf1, 0x3f, 0x60, 0x0, 0xf, 0xf1, 0x3f,
    0x60, 0x0, 0xd, 0xf5, 0x3f, 0x60, 0x60, 0x6,
    0xfd, 0x6f, 0x69, 0xfa, 0x0, 0xbf, 0xff, 0xff,
    0xe2, 0x0, 0x6, 0xcf, 0xe9, 0x10, 0x0, 0x0,
    0x4f, 0x70, 0x0, 0x0, 0x0, 0x4f, 0x70, 0x0,

    /* U+00A3 "£" */
    0x0, 0x2, 0xae, 0xfe, 0xa3, 0x0, 0x0, 0x4f,
    0xff, 0xff, 0xff, 0x50, 0x0, 0xdf, 0xd3, 0x2,
    0x9f, 0xa0, 0x1, 0xff, 0x40, 0x0, 0x3, 0x0,
    0x1, 0xff, 0x20, 0x0, 0x0, 0x0, 0x0, 0xdf,
    0x60, 0x0, 0x0, 0x0, 0xe, 0xff, 0xfe, 0xee,
    0xa0, 0x0, 0xf, 0xff, 0xff, 0xff, 0xb0, 0x0,
    0x0, 0xf, 0xf3, 0x0, 0x0, 0x0, 0x0, 0xf,
    0xf2, 0x0, 0x0, 0x0, 0x0, 0x6f, 0xd0, 0x0,
    0x0, 0x0, 0x4, 0xff, 0x41, 0x11, 0x11, 0x10,
    0x8, 0xff, 0xff, 0xff, 0xff, 0xb0, 0x8, 0xff,
    0xff, 0xff, 0xff, 0xb0,

    /* U+00A4 "¤" */
    0x1b, 0x10, 0x0, 0x0, 0x0, 0x94, 0x6, 0xfd,
    0x26, 0xaa, 0x82, 0x9f, 0xc0, 0x8, 0xff, 0xff,
    0xff, 0xff, 0xd1, 0x0, 0xd, 0xfb, 0x20, 0x6f,
    0xf3, 0x0, 0x2, 0xff, 0x10, 0x0, 0xbf, 0x80,
    0x0, 0x4f, 0xe0, 0x0, 0x8, 0xfa, 0x0, 0x5,
    0xfe, 0x0, 0x0, 0x8f, 0xb0, 0x0, 0x3f, 0xf0,
    0x0, 0x9, 0xf9, 0x0, 0x0, 0xdf, 0x70, 0x2,
    0xff, 0x40, 0x0, 0x5f, 0xff, 0xdc, 0xff, 0xfa,
    0x0, 0x4f, 0xf6, 0xbe, 0xfc, 0x6c, 0xfa, 0x3,
    0xe4, 0x0, 0x0, 0x0, 0xc, 0x80, 0x0, 0x0,
    0x0, 0x0, 0x0, 0x0, 0x0,

    /* U+00A5 "¥" */
    0x2f, 0xf6, 0x0, 0x0, 0xc, 0xfa, 0x8, 0xfe,
    0x0, 0x0, 0x5f, 0xe1, 0x0, 0xef, 0x80, 0x0,
    0xef, 0x60, 0x0, 0x5f, 0xf1, 0x7, 0xfc, 0x0,
    0x0, 0xc, 0xfa, 0x1f, 0xf3, 0x0, 0x0, 0x2,
    0xff, 0xcf, 0x90, 0x0, 0x5, 0xff, 0xff, 0xff,
    0xff, 0xc0, 0x3, 0x99, 0x9f, 0xfb, 0x99, 0x70,
    0x0, 0x0, 0xe, 0xf5, 0x0, 0x0, 0x3, 0x99,
    0x9f, 0xfb, 0x99, 0x70, 0x5, 0xff, 0xff, 0xff,
    0xff, 0xc0, 0x0, 0x0, 0xe, 0xf5, 0x0, 0x0,
    0x0, 0x0, 0xe, 0xf5, 0x0, 0x0, 0x0, 0x0,
    0xe, 0xf5, 0x0, 0x0,

    /* U+00A6 "¦" */
    0x6f, 0x76, 0xf7, 0x6f, 0x76, 0xf7, 0x6f, 0x76,
    0xf7, 0x6f, 0x72, 0x52, 0x0, 0x0, 0x0, 0x0,
    0x6, 0xf7, 0x6f, 0x76, 0xf7, 0x6f, 0x76, 0xf7,
    0x6f, 0x76, 0xf7, 0x25, 0x20,

    /* U+00A7 "§" */
    0x0, 0x5c, 0xff, 0xc7, 0x0, 0x6, 0xff, 0xcc,
    0xff, 0x70, 0xe, 0xf3, 0x0, 0x18, 0x0, 0xf,
    0xf0, 0x0, 0x0, 0x0, 0xd, 0xf9, 0x10, 0x0,
    0x0, 0x3, 0xff, 0xfb, 0x61, 0x0, 0x1, 0xcb,
    0xff, 0xfe, 0x40, 0x1e, 0x90, 0x4, 0xcf, 0xf0,
    0x8f, 0x40, 0x0, 0xe, 0xf3, 0xaf, 0x70, 0x0,
    0xb, 0xf1, 0x6f, 0xf9, 0x30, 0x2f, 0x80, 0x8,
    0xff, 0xfe, 0xe6, 0x0, 0x0, 0x27, 0xcf, 0xfd,
    0x0, 0x0, 0x0, 0x3, 0xdf, 0x60, 0x0, 0x0,
    0x0, 0x6f, 0x90, 0x3, 0x60, 0x0, 0xbf, 0x70,
    0xd, 0xfe, 0xce, 0xfe, 0x10, 0x2, 0xae, 0xfe,
    0x91, 0x0,

    /* U+00A8 "¨" */
    0x7, 0x70, 0x7, 0x70, 0x3f, 0xf3, 0x3f, 0xf3,
    0x1e, 0xe1, 0x1e, 0xe1,

    /* U+00A9 "©" */
    0x0, 0x0, 0x0, 0x0, 0x0, 0x0, 0x0, 0x0,
    0x2, 0x9d, 0xff, 0xc7, 0x0, 0x0, 0x0, 0x6f,
    0xc6, 0x44, 0x8e, 0xd2, 0x0, 0x6, 0xf6, 0x0,
    0x0, 0x0, 0xae, 0x10, 0x1f, 0x70, 0x5, 0x99,
    0x40, 0xc, 0xa0, 0x7e, 0x0, 0xaf, 0xff, 0xf7,
    0x4, 0xf1, 0xc9, 0x3, 0xfd, 0x12, 0xea, 0x0,
    0xf6, 0xe7, 0x8, 0xf6, 0x0, 0x10, 0x0, 0xd8,
    0xf7, 0xa, 0xf5, 0x0, 0x0, 0x0, 0xc9, 0xe7,
    0x9, 0xf6, 0x0, 0x0, 0x0, 0xd8, 0xc9, 0x6,
    0xfa, 0x0, 0x97, 0x0, 0xe6, 0x8d, 0x0, 0xdf,
    0xcc, 0xfd, 0x3, 0xf2, 0x2f, 0x50, 0x2b, 0xfe,
    0xa1, 0xb, 0xc0, 0x7, 0xf3, 0x0, 0x0, 0x0,
    0x8f, 0x20, 0x0, 0x9f, 0x93, 0x12, 0x5c, 0xf4,
    0x0, 0x0, 0x5, 0xcf, 0xff, 0xfa, 0x20, 0x0,
    0x0, 0x0, 0x0, 0x22, 0x0, 0x0, 0x0,

    /* U+00AA "ª" */
    0x2, 0xbf, 0xea, 0x10, 0x9, 0xb4, 0x6f, 0x90,
    0x0, 0x0, 0xc, 0xc0, 0x4, 0xcf, 0xff, 0xd0,
    0xf, 0x90, 0xc, 0xd0, 0xf, 0xc5, 0x8f, 0xd2,
    0x6, 0xef, 0x96, 0xf9,

    /* U+00AB "«" */
    0x0, 0x0, 0x0, 0x0, 0x0, 0x0, 0x4, 0xc0,
    0x0, 0xb4, 0x0, 0x5f, 0xe0, 0x1c, 0xf6, 0x7,
    0xfe, 0x22, 0xdf, 0x90, 0x3f, 0xf3, 0xc, 0xfa,
    0x0, 0x4f, 0xd0, 0xc, 0xf5, 0x0, 0x1d, 0xfa,
    0x7, 0xff, 0x30, 0x1, 0xcf, 0x90, 0x6f, 0xe2,
    0x0, 0xb, 0xf0, 0x4, 0xf7, 0x0, 0x0, 0x40,
    0x0, 0x31,

    /* U+00AC "¬" */
    0xad, 0xdd, 0xdd, 0xdd, 0xd8, 0xcf, 0xff, 0xff,
    0xff, 0xfa, 0x0, 0x0, 0x0, 0x2, 0xfa, 0x0,
    0x0, 0x0, 0x2, 0xfa, 0x0, 0x0, 0x0, 0x2,
    0xfa, 0x0, 0x0, 0x0, 0x2, 0xfa,

    /* U+00AD "­" */

    /* U+00AE "®" */
    0x0, 0x3b, 0xdd, 0x70, 0x0, 0x3d, 0x30, 0x19,
    0xa0, 0xd, 0x2d, 0xdc, 0x1b, 0x42, 0xc0, 0xe2,
    0xa5, 0x59, 0x4a, 0xe, 0xdd, 0x14, 0xa2, 0xc0,
    0xe3, 0xe1, 0x59, 0xd, 0x29, 0x16, 0x4b, 0x30,
    0x3d, 0x30, 0x19, 0x90, 0x0, 0x3b, 0xed, 0x70,
    0x0,

    /* U+00AF "¯" */
    0xab, 0xbb, 0xba, 0xef, 0xff, 0xfe,

    /* U+00B0 "°" */
    0x0, 0x58, 0x71, 0x0, 0xb, 0xff, 0xfe, 0x30,
    0x6f, 0x90, 0x4f, 0xc0, 0xbf, 0x0, 0xa, 0xf1,
    0xce, 0x0, 0x8, 0xf2, 0x9f, 0x30, 0xd, 0xf0,
    0x2f, 0xfa, 0xdf, 0x70, 0x3, 0xcf, 0xd7, 0x0,

    /* U+00B1 "±" */
    0x0, 0x0, 0xff, 0x0, 0x0, 0x0, 0x0, 0xff,
    0x0, 0x0, 0x0, 0x0, 0xff, 0x0, 0x0, 0x0,
    0x0, 0xff, 0x0, 0x0, 0xaf, 0xff, 0xff, 0xff,
    0xfa, 0x9e, 0xee, 0xff, 0xee, 0xe9, 0x0, 0x0,
    0xff, 0x0, 0x0, 0x0, 0x0, 0xff, 0x0, 0x0,
    0x0, 0x0, 0xff, 0x0, 0x0, 0x0, 0x0, 0x77,
    0x0, 0x0, 0x0, 0x0, 0x0, 0x0, 0x0, 0x9d,
    0xdd, 0xdd, 0xdd, 0xd9, 0xaf, 0xff, 0xff, 0xff,
    0xfa,

    /* U+00B2 "²" */
    0x6, 0xdf, 0xd4, 0x3, 0xfa, 0x6d, 0xf0, 0x2,
    0x0, 0xaf, 0x0, 0x0, 0x6f, 0x70, 0x1, 0xae,
    0x50, 0x2, 0xee, 0x64, 0x41, 0x4f, 0xff, 0xff,
    0x50,

    /* U+00B3 "³" */
    0x8, 0xef, 0xd6, 0x1, 0x85, 0x5d, 0xf0, 0x0,
    0xbf, 0xe3, 0x0, 0x2, 0x4d, 0xd0, 0x4, 0x0,
    0x8f, 0x26, 0xf7, 0x5e, 0xe0, 0x9, 0xef, 0xc3,
    0x0,

    /* U+00B4 "´" */
    0x0, 0x21, 0x0, 0xc, 0xf4, 0x4, 0xfd, 0x0,
    0xcf, 0x30, 0x9, 0x80, 0x0,

    /* U+00B5 "µ" */
    0x7f, 0xb0, 0x0, 0xf, 0xf2, 0x7f, 0xb0, 0x0,
    0xf, 0xf2, 0x7f, 0xb0, 0x0, 0xf, 0xf2, 0x7f,
    0xb0, 0x0, 0xf, 0xf2, 0x7f, 0xb0, 0x0, 0xf,
    0xf2, 0x7f, 0xb0, 0x0, 0xf, 0xf2, 0x7f, 0xb0,
    0x0, 0xf, 0xf2, 0x7f, 0xd0, 0x0, 0x1f, 0xf2,
    0x7f, 0xf5, 0x1, 0xaf, 0xf2, 0x7f, 0xff, 0xff,
    0xaf, 0xf2, 0x7f, 0xad, 0xfa, 0x1f, 0xf2, 0x7f,
    0x90, 0x0, 0x0, 0x0, 0x7f, 0xb0, 0x0, 0x0,
    0x0, 0x7f, 0xb0, 0x0, 0x0, 0x0, 0x7f, 0xb0,
    0x0, 0x0, 0x0,

    /* U+00B6 "¶" */
    0x0, 0x2b, 0xff, 0xff, 0xff, 0xfd, 0x2, 0xff,
    0xff, 0xec, 0xcf, 0xea, 0xb, 0xff, 0xff, 0xa0,
    0x3f, 0x80, 0xf, 0xff, 0xff, 0xa0, 0x3f, 0x80,
    0x1f, 0xff, 0xff, 0xa0, 0x3f, 0x80, 0xf, 0xff,
    0xff, 0xa0, 0x3f, 0x80, 0x9, 0xff, 0xff, 0xa0,
    0x3f, 0x80, 0x0, 0xcf, 0xff, 0xa0, 0x3f, 0x80,
    0x0, 0x6, 0xaf, 0xa0, 0x3f, 0x80, 0x0, 0x0,
    0x2f, 0xa0, 0x3f, 0x80, 0x0, 0x0, 0x2f, 0xa0,
    0x3f, 0x80, 0x0, 0x0, 0x2f, 0xa0, 0x3f, 0x80,
    0x0, 0x0, 0x2f, 0xa0, 0x3f, 0x80, 0x0, 0x0,
    0x2f, 0xa0, 0x3f, 0x80, 0x0, 0x0, 0x2f, 0xa0,
    0x3f, 0x80, 0x0, 0x0, 0x2f, 0xa0, 0x3f, 0x80,
    0x0, 0x0, 0x2f, 0xa0, 0x3f, 0x80, 0x0, 0x0,
    0x1c, 0x70, 0x2c, 0x60,

    /* U+00B7 "·" */
    0x0, 0x10, 0xc, 0xf9, 0xf, 0xfd, 0xa, 0xf7,

    /* U+00B8 "¸" */
    0x6, 0x70, 0x0, 0xb6, 0x0, 0x7, 0xab, 0x33,
    0x32, 0xf9, 0xaf, 0xfe, 0x40, 0x22, 0x0,

    /* U+00B9 "¹" */
    0x3, 0xff, 0xb0, 0x2, 0xea, 0xeb, 0x0, 0x29,
    0xe, 0xb0, 0x0, 0x0, 0xeb, 0x0, 0x0, 0xe,
    0xb0, 0x0, 0x33, 0xec, 0x31, 0xf, 0xff, 0xff,
    0x80,

    /* U+00BA "º" */
    0x0, 0x9e, 0xeb, 0x20, 0xa, 0xf6, 0x5d, 0xd0,
    0xf, 0x90, 0x5, 0xf4, 0x2f, 0x80, 0x4, 0xf6,
    0xf, 0x90, 0x5, 0xf4, 0xa, 0xf6, 0x5d, 0xd0,
    0x0, 0x9e, 0xeb, 0x20,

    /* U+00BB "»" */
    0x0, 0x0, 0x0, 0x0, 0x9, 0x60, 0x2, 0xc1,
    0x0, 0xbf, 0x80, 0x4f, 0xd2, 0x1, 0xdf, 0x90,
    0x7f, 0xe3, 0x2, 0xef, 0x60, 0x9f, 0xe0, 0xa,
    0xf7, 0x3, 0xfe, 0x8, 0xfe, 0x32, 0xef, 0x96,
    0xfe, 0x21, 0xdf, 0x80, 0xdc, 0x10, 0x5f, 0x60,
    0x3, 0x0, 0x0, 0x40, 0x0,

    /* U+00BC "¼" */
    0x1, 0xbc, 0x80, 0x0, 0x0, 0x0, 0x3c, 0x50,
    0x0, 0xbe, 0xfb, 0x0, 0x0, 0x0, 0xd, 0xc0,
    0x0, 0x5f, 0x4e, 0xb0, 0x0, 0x0, 0x9, 0xf2,
    0x0, 0x0, 0x30, 0xeb, 0x0, 0x0, 0x4, 0xf6,
    0x0, 0x0, 0x0, 0xe, 0xb0, 0x0, 0x1, 0xeb,
    0x0, 0x0, 0x0, 0x0, 0xeb, 0x0, 0x0, 0xae,
    0x10, 0x0, 0x0, 0x0, 0xe, 0xb0, 0x0, 0x5f,
    0x50, 0x0, 0x0, 0x0, 0xff, 0xff, 0xf8, 0x1f,
    0xa0, 0x0, 0x79, 0x40, 0x3, 0x33, 0x33, 0x1b,
    0xe1, 0x0, 0x5f, 0xf6, 0x0, 0x0, 0x0, 0x7,
    0xf4, 0x0, 0x1e, 0x8f, 0x60, 0x0, 0x0, 0x2,
    0xf8, 0x0, 0xb, 0xb1, 0xf6, 0x0, 0x0, 0x0,
    0xdd, 0x0, 0x6, 0xe1, 0x1f, 0x70, 0x0, 0x0,
    0x8f, 0x30, 0x0, 0xbf, 0xff, 0xff, 0x70, 0x0,
    0x3f, 0x70, 0x0, 0x2, 0x33, 0x4f, 0x81, 0x0,
    0x9, 0x90, 0x0, 0x0, 0x0, 0x1, 0xb4, 0x0,

    /* U+00BD "½" */
    0x0, 0x34, 0x20, 0x0, 0x0, 0x0, 0x3, 0x20,
    0x0, 0x5f, 0xfb, 0x0, 0x0, 0x0, 0x8, 0xf3,
    0x0, 0x3f, 0x8e, 0xb0, 0x0, 0x0, 0x3, 0xf8,
    0x0, 0x1, 0x80, 0xeb, 0x0, 0x0, 0x0, 0xdc,
    0x0, 0x0, 0x0, 0xe, 0xb0, 0x0, 0x0, 0x9f,
    0x20, 0x0, 0x0, 0x0, 0xeb, 0x0, 0x0, 0x4f,
    0x60, 0x0, 0x0, 0x0, 0xe, 0xb0, 0x0, 0x1e,
    0xb0, 0x0, 0x0, 0x0, 0xff, 0xff, 0xf8, 0xa,
    0xe1, 0x0, 0x0, 0x0, 0x3, 0x33, 0x33, 0x15,
    0xf5, 0x2, 0xcf, 0xfa, 0x0, 0x0, 0x0, 0x1,
    0xfa, 0x0, 0xcd, 0x59, 0xf6, 0x0, 0x0, 0x0,
    0xce, 0x0, 0x0, 0x10, 0x3f, 0x70, 0x0, 0x0,
    0x7f, 0x40, 0x0, 0x0, 0x1c, 0xe1, 0x0, 0x0,
    0x2f, 0x80, 0x0, 0x0, 0x3e, 0xc1, 0x0, 0x0,
    0xd, 0xd0, 0x0, 0x0, 0x7f, 0x91, 0x10, 0x0,
    0x8, 0xf2, 0x0, 0x0, 0xe, 0xff, 0xff, 0xb0,
    0x0, 0x32, 0x0, 0x0, 0x0, 0x34, 0x44, 0x42,

    /* U+00BE "¾" */
    0x0, 0x0, 0x0, 0x0, 0x0, 0x0, 0x0, 0x0,
    0x0, 0x8f, 0xfd, 0x40, 0x0, 0x0, 0xa, 0xe1,
    0x0, 0x2d, 0x75, 0xef, 0x0, 0x0, 0x5, 0xf5,
    0x0, 0x0, 0x0, 0x1c, 0xd0, 0x0, 0x1, 0xfa,
    0x0, 0x0, 0x0, 0xbf, 0xe2, 0x0, 0x0, 0xbe,
    0x10, 0x0, 0x0, 0x2, 0x5d, 0xc0, 0x0, 0x6f,
    0x40, 0x0, 0x0, 0x2, 0x0, 0x8f, 0x20, 0x2f,
    0x90, 0x0, 0x0, 0x6, 0xf4, 0x1d, 0xf0, 0xc,
    0xd0, 0x0, 0x0, 0x0, 0x1c, 0xff, 0xf5, 0x7,
    0xf3, 0x0, 0x1b, 0xb0, 0x0, 0x2, 0x30, 0x2,
    0xf8, 0x0, 0xb, 0xff, 0x10, 0x0, 0x0, 0x0,
    0xdd, 0x0, 0x6, 0xe8, 0xf1, 0x0, 0x0, 0x0,
    0x8f, 0x30, 0x2, 0xf5, 0x7f, 0x10, 0x0, 0x0,
    0x3f, 0x70, 0x0, 0xca, 0x7, 0xf1, 0x0, 0x0,
    0xd, 0xc0, 0x0, 0xf, 0xff, 0xff, 0xf2, 0x0,
    0x9, 0xf2, 0x0, 0x0, 0x33, 0x38, 0xf4, 0x0,
    0x1, 0xb6, 0x0, 0x0, 0x0, 0x0, 0x4b, 0x0,

    /* U+00BF "¿" */
    0x0, 0x0, 0xcf, 0x60, 0x0, 0x0, 0x2, 0xff,
    0xb0, 0x0, 0x0, 0x0, 0xdf, 0x70, 0x0, 0x0,
    0x0, 0x0, 0x0, 0x0, 0x0, 0x0, 0x0, 0x0,
    0x0, 0x0, 0x0, 0xbf, 0x50, 0x0, 0x0, 0x0,
    0xbf, 0x50, 0x0, 0x0, 0x5d, 0xff, 0x50, 0x0,
    0x7, 0xff, 0xa6, 0x10, 0x0, 0x1f, 0xf6, 0x0,
    0x0, 0x0, 0x4f, 0xf0, 0x0, 0x0, 0x0, 0x4f,
    0xf1, 0x0, 0xb, 0x91, 0x1f, 0xf9, 0x0, 0x8f,
    0xf1, 0x8, 0xff, 0xff, 0xff, 0x60, 0x0, 0x5c,
    0xff, 0xc4, 0x0,

    /* U+00C0 "À" */
    0x0, 0x0, 0x3, 0x0, 0x0, 0x0, 0x0, 0x0,
    0xa, 0xf5, 0x0, 0x0, 0x0, 0x0, 0x0, 0x5f,
    0xd0, 0x0, 0x0, 0x0, 0x0, 0x0, 0xaf, 0x50,
    0x0, 0x0, 0x0, 0x0, 0x1, 0xc5, 0x0, 0x0,
    0x0, 0x0, 0x0, 0x0, 0x0, 0x0, 0x0, 0x0,
    0x0, 0xf, 0xff, 0x20, 0x0, 0x0, 0x0, 0x4,
    0xff, 0xf8, 0x0, 0x0, 0x0, 0x0, 0xaf, 0x9f,
    0xd0, 0x0, 0x0, 0x0, 0xf, 0xf0, 0xef, 0x30,
    0x0, 0x0, 0x5, 0xfa, 0x9, 0xf8, 0x0, 0x0,
    0x0, 0xaf, 0x50, 0x3f, 0xe0, 0x0, 0x0, 0xf,
    0xf0, 0x0, 0xef, 0x30, 0x0, 0x5, 0xfa, 0x0,
    0x8, 0xf8, 0x0, 0x0, 0xbf, 0xff, 0xff, 0xff,
    0xe0, 0x0, 0xf, 0xff, 0xff, 0xff, 0xff, 0x30,
    0x5, 0xfc, 0x0, 0x0, 0xa, 0xf9, 0x0, 0xbf,
    0x70, 0x0, 0x0, 0x5f, 0xe0, 0x1f, 0xf2, 0x0,
    0x0, 0x1, 0xff, 0x46, 0xfd, 0x0, 0x0, 0x0,
    0xb, 0xf9,

    /* U+00C1 "Á" */
    0x0, 0x0, 0x0, 0x3, 0x0, 0x0, 0x0, 0x0,
    0x0, 0x3, 0xfc, 0x0, 0x0, 0x0, 0x0, 0x0,
    0xaf, 0x70, 0x0, 0x0, 0x0, 0x0, 0x2f, 0xc0,
    0x0, 0x0, 0x0, 0x0, 0x3, 0xc2, 0x0, 0x0,
    0x0, 0x0, 0x0, 0x0, 0x0, 0x0, 0x0, 0x0,
    0x0, 0xf, 0xff, 0x20, 0x0, 0x0, 0x0, 0x4,
    0xff, 0xf8, 0x0, 0x0, 0x0, 0x0, 0xaf, 0x9f,
    0xd0, 0x0, 0x0, 0x0, 0xf, 0xf0, 0xef, 0x30,
    0x0, 0x0, 0x5, 0xfa, 0x9, 0xf8, 0x0, 0x0,
    0x0, 0xaf, 0x50, 0x3f, 0xe0, 0x0, 0x0, 0xf,
    0xf0, 0x0, 0xef, 0x30, 0x0, 0x5, 0xfa, 0x0,
    0x8, 0xf8, 0x0, 0x0, 0xbf, 0xff, 0xff, 0xff,
    0xe0, 0x0, 0xf, 0xff, 0xff, 0xff, 0xff, 0x30,
    0x5, 0xfc, 0x0, 0x0, 0xa, 0xf9, 0x0, 0xbf,
    0x70, 0x0, 0x0, 0x5f, 0xe0, 0x1f, 0xf2, 0x0,
    0x0, 0x1, 0xff, 0x46, 0xfd, 0x0, 0x0, 0x0,
    0xb, 0xf9,

    /* U+00C2 "Â" */
    0x0, 0x0, 0x5, 0x86, 0x0, 0x0, 0x0, 0x0,
    0x3, 0xff, 0xf6, 0x0, 0x0, 0x0, 0x1, 0xef,
    0x7f, 0xf2, 0x0, 0x0, 0x0, 0xaf, 0x60, 0x4f,
    0xc0, 0x0, 0x0, 0x3, 0x60, 0x0, 0x55, 0x0,
    0x0, 0x0, 0x0, 0x0, 0x0, 0x0, 0x0, 0x0,
    0x0, 0xf, 0xff, 0x20, 0x0, 0x0, 0x0, 0x4,
    0xff, 0xf8, 0x0, 0x0, 0x0, 0x0, 0xaf, 0x9f,
    0xd0, 0x0, 0x0, 0x0, 0xf, 0xf0, 0xef, 0x30,
    0x0, 0x0, 0x5, 0xfa, 0x9, 0xf8, 0x0, 0x0,
    0x0, 0xaf, 0x50, 0x3f, 0xe0, 0x0, 0x0, 0xf,
    0xf0, 0x0, 0xef, 0x30, 0x0, 0x5, 0xfa, 0x0,
    0x8, 0xf8, 0x0, 0x0, 0xbf, 0xff, 0xff, 0xff,
    0xe0, 0x0, 0xf, 0xff, 0xff, 0xff, 0xff, 0x30,
    0x5, 0xfc, 0x0, 0x0, 0xa, 0xf9, 0x0, 0xbf,
    0x70, 0x0, 0x0, 0x5f, 0xe0, 0x1f, 0xf2, 0x0,
    0x0, 0x1, 0xff, 0x46, 0xfd, 0x0, 0x0, 0x0,
    0xb, 0xf9,

    /* U+00C3 "Ã" */
    0x0, 0x1, 0x9a, 0x40, 0x1, 0x0, 0x0, 0x0,
    0xbf, 0xff, 0xed, 0xd0, 0x0, 0x0, 0x2, 0x21,
    0x7e, 0xe6, 0x0, 0x0, 0x0, 0x0, 0x0, 0x0,
    0x0, 0x0, 0x0, 0x0, 0x0, 0x0, 0x0, 0x0,
    0x0, 0x0, 0x0, 0xff, 0xf2, 0x0, 0x0, 0x0,
    0x0, 0x4f, 0xff, 0x80, 0x0, 0x0, 0x0, 0xa,
    0xf9, 0xfd, 0x0, 0x0, 0x0, 0x0, 0xff, 0xe,
    0xf3, 0x0, 0x0, 0x0, 0x5f, 0xa0, 0x9f, 0x80,
    0x0, 0x0, 0xa, 0xf5, 0x3, 0xfe, 0x0, 0x0,
    0x0, 0xff, 0x0, 0xe, 0xf3, 0x0, 0x0, 0x5f,
    0xa0, 0x0, 0x8f, 0x80, 0x0, 0xb, 0xff, 0xff,
    0xff, 0xfe, 0x0, 0x0, 0xff, 0xff, 0xff, 0xff,
    0xf3, 0x0, 0x5f, 0xc0, 0x0, 0x0, 0xaf, 0x90,
    0xb, 0xf7, 0x0, 0x0, 0x5, 0xfe, 0x1, 0xff,
    0x20, 0x0, 0x0, 0x1f, 0xf4, 0x6f, 0xd0, 0x0,
    0x0, 0x0, 0xbf, 0x90,

    /* U+00C4 "Ä" */
    0x0, 0x2, 0x94, 0x2, 0x94, 0x0, 0x0, 0x0,
    0xaf, 0xd0, 0xaf, 0xd0, 0x0, 0x0, 0x6, 0xf9,
    0x6, 0xf9, 0x0, 0x0, 0x0, 0x0, 0x0, 0x0,
    0x0, 0x0, 0x0, 0x0, 0x0, 0x0, 0x0, 0x0,
    0x0, 0x0, 0x0, 0xff, 0xf2, 0x0, 0x0, 0x0,
    0x0, 0x4f, 0xff, 0x80, 0x0, 0x0, 0x0, 0xa,
    0xf9, 0xfd, 0x0, 0x0, 0x0, 0x0, 0xff, 0xe,
    0xf3, 0x0, 0x0, 0x0, 0x5f, 0xa0, 0x9f, 0x80,
    0x0, 0x0, 0xa, 0xf5, 0x3, 0xfe, 0x0, 0x0,
    0x0, 0xff, 0x0, 0xe, 0xf3, 0x0, 0x0, 0x5f,
    0xa0, 0x0, 0x8f, 0x80, 0x0, 0xb, 0xff, 0xff,
    0xff, 0xfe, 0x0, 0x0, 0xff, 0xff, 0xff, 0xff,
    0xf3, 0x0, 0x5f, 0xc0, 0x0, 0x0, 0xaf, 0x90,
    0xb, 0xf7, 0x0, 0x0, 0x5, 0xfe, 0x1, 0xff,
    0x20, 0x0, 0x0, 0x1f, 0xf4, 0x6f, 0xd0, 0x0,
    0x0, 0x0, 0xbf, 0x90,

    /* U+00C5 "Å" */
    0x0, 0x0, 0x0, 0x0, 0x0, 0x0, 0x0, 0x0,
    0x2, 0xcf, 0xd3, 0x0, 0x0, 0x0, 0x0, 0xcc,
    0x3a, 0xe0, 0x0, 0x0, 0x0, 0xf, 0x70, 0x5f,
    0x20, 0x0, 0x0, 0x0, 0xdb, 0x19, 0xf0, 0x0,
    0x0, 0x0, 0x3, 0xef, 0xf4, 0x0, 0x0, 0x0,
    0x0, 0x0, 0x30, 0x0, 0x0, 0x0, 0x0, 0x0,
    0xff, 0xf2, 0x0, 0x0, 0x0, 0x0, 0x4f, 0xff,
    0x80, 0x0, 0x0, 0x0, 0xa, 0xf9, 0xfd, 0x0,
    0x0, 0x0, 0x0, 0xff, 0xe, 0xf3, 0x0, 0x0,
    0x0, 0x5f, 0xa0, 0x9f, 0x80, 0x0, 0x0, 0xa,
    0xf5, 0x3, 0xfe, 0x0, 0x0, 0x0, 0xff, 0x0,
    0xe, 0xf3, 0x0, 0x0, 0x5f, 0xa0, 0x0, 0x8f,
    0x80, 0x0, 0xb, 0xff, 0xff, 0xff, 0xfe, 0x0,
    0x0, 0xff, 0xff, 0xff, 0xff, 0xf3, 0x0, 0x5f,
    0xc0, 0x0, 0x0, 0xaf, 0x90, 0xb, 0xf7, 0x0,
    0x0, 0x5, 0xfe, 0x1, 0xff, 0x20, 0x0, 0x0,
    0x1f, 0xf4, 0x6f, 0xd0, 0x0, 0x0, 0x0, 0xbf,
    0x90,

    /* U+00C6 "Æ" */
    0x0, 0x0, 0x0, 0x3f, 0xff, 0xff, 0xff, 0xff,
    0xf7, 0x0, 0x0, 0x0, 0xbf, 0xff, 0xff, 0xff,
    0xff, 0xf7, 0x0, 0x0, 0x3, 0xfe, 0x8f, 0xc1,
    0x11, 0x11, 0x10, 0x0, 0x0, 0xb, 0xf7, 0x7f,
    0xc0, 0x0, 0x0, 0x0, 0x0, 0x0, 0x3f, 0xe0,
    0x7f, 0xc0, 0x0, 0x0, 0x0, 0x0, 0x0, 0xbf,
    0x60, 0x7f, 0xc1, 0x11, 0x11, 0x0, 0x0, 0x3,
    0xfd, 0x0, 0x7f, 0xff, 0xff, 0xff, 0xd0, 0x0,
    0xb, 0xf5, 0x0, 0x7f, 0xff, 0xff, 0xff, 0xd0,
    0x0, 0x3f, 0xff, 0xff, 0xff, 0xc0, 0x0, 0x0,
    0x0, 0x0, 0xbf, 0xff, 0xff, 0xff, 0xc0, 0x0,
    0x0, 0x0, 0x3, 0xfe, 0x0, 0x0, 0x7f, 0xc0,
    0x0, 0x0, 0x0, 0xb, 0xf7, 0x0, 0x0, 0x7f,
    0xc1, 0x11, 0x11, 0x10, 0x3f, 0xf0, 0x0, 0x0,
    0x7f, 0xff, 0xff, 0xff, 0xf7, 0xbf, 0x80, 0x0,
    0x0, 0x7f, 0xff, 0xff, 0xff, 0xf7,

    /* U+00C7 "Ç" */
    0x0, 0x7, 0xcf, 0xec, 0x60, 0x0, 0x1d, 0xff,
    0xff, 0xff, 0xb0, 0xb, 0xfe, 0x61, 0x26, 0xff,
    0x84, 0xff, 0x30, 0x0, 0x5, 0xe5, 0x9f, 0xb0,
    0x0, 0x0, 0x0, 0xc, 0xf9, 0x0, 0x0, 0x0,
    0x0, 0xdf, 0x80, 0x0, 0x0, 0x0, 0xe, 0xf8,
    0x0, 0x0, 0x0, 0x0, 0xcf, 0x80, 0x0, 0x0,
    0x0, 0xa, 0xfb, 0x0, 0x0, 0x0, 0x10, 0x5f,
    0xf2, 0x0, 0x0, 0x4f, 0x70, 0xdf, 0xe5, 0x11,
    0x6f, 0xf9, 0x2, 0xef, 0xff, 0xff, 0xfb, 0x0,
    0x1, 0x9d, 0xff, 0xd7, 0x0, 0x0, 0x0, 0xf,
    0x30, 0x0, 0x0, 0x0, 0x0, 0x6c, 0xf2, 0x0,
    0x0, 0x0, 0x85, 0x9f, 0x50, 0x0, 0x0, 0xa,
    0xfe, 0x90, 0x0,

    /* U+00C8 "È" */
    0x0, 0x0, 0x30, 0x0, 0x0, 0x0, 0x2e, 0xe0,
    0x0, 0x0, 0x0, 0xb, 0xf7, 0x0, 0x0, 0x0,
    0x1, 0xee, 0x0, 0x0, 0x0, 0x0, 0x5b, 0x10,
    0x0, 0x0, 0x0, 0x0, 0x0, 0x0, 0x4f, 0xff,
    0xff, 0xff, 0xfa, 0x4f, 0xff, 0xff, 0xff, 0xfa,
    0x4f, 0xf1, 0x11, 0x11, 0x10, 0x4f, 0xf0, 0x0,
    0x0, 0x0, 0x4f, 0xf0, 0x0, 0x0, 0x0, 0x4f,
    0xf1, 0x11, 0x11, 0x10, 0x4f, 0xff, 0xff, 0xff,
    0xf0, 0x4f, 0xff, 0xff, 0xff, 0xf0, 0x4f, 0xf0,
    0x0, 0x0, 0x0, 0x4f, 0xf0, 0x0, 0x0, 0x0,
    0x4f, 0xf0, 0x0, 0x0, 0x0, 0x4f, 0xf1, 0x11,
    0x11, 0x10, 0x4f, 0xff, 0xff, 0xff, 0xfa, 0x4f,
    0xff, 0xff, 0xff, 0xfa,

    /* U+00C9 "É" */
    0x0, 0x0, 0x1, 0x20, 0x0, 0x0, 0x0, 0x9,
    0xf6, 0x0, 0x0, 0x0, 0x1f, 0xf2, 0x0, 0x0,
    0x0, 0x9f, 0x60, 0x0, 0x0, 0x0, 0x7a, 0x0,
    0x0, 0x0, 0x0, 0x0, 0x0, 0x0, 0x4f, 0xff,
    0xff, 0xff, 0xfa, 0x4f, 0xff, 0xff, 0xff, 0xfa,
    0x4f, 0xf1, 0x11, 0x11, 0x10, 0x4f, 0xf0, 0x0,
    0x0, 0x0, 0x4f, 0xf0, 0x0, 0x0, 0x0, 0x4f,
    0xf1, 0x11, 0x11, 0x10, 0x4f, 0xff, 0xff, 0xff,
    0xf0, 0x4f, 0xff, 0xff, 0xff, 0xf0, 0x4f, 0xf0,
    0x0, 0x0, 0x0, 0x4f, 0xf0, 0x0, 0x0, 0x0,
    0x4f, 0xf0, 0x0, 0x0, 0x0, 0x4f, 0xf1, 0x11,
    0x11, 0x10, 0x4f, 0xff, 0xff, 0xff, 0xfa, 0x4f,
    0xff, 0xff, 0xff, 0xfa,

    /* U+00CA "Ê" */
    0x0, 0x0, 0x78, 0x30, 0x0, 0x0, 0xa, 0xff,
    0xe1, 0x0, 0x0, 0x5f, 0xd9, 0xfb, 0x0, 0x1,
    0xee, 0x10, 0x9f, 0x60, 0x0, 0x82, 0x0, 0x8,
    0x10, 0x0, 0x0, 0x0, 0x0, 0x0, 0x4f, 0xff,
    0xff, 0xff, 0xfa, 0x4f, 0xff, 0xff, 0xff, 0xfa,
    0x4f, 0xf1, 0x11, 0x11, 0x10, 0x4f, 0xf0, 0x0,
    0x0, 0x0, 0x4f, 0xf0, 0x0, 0x0, 0x0, 0x4f,
    0xf1, 0x11, 0x11, 0x10, 0x4f, 0xff, 0xff, 0xff,
    0xf0, 0x4f, 0xff, 0xff, 0xff, 0xf0, 0x4f, 0xf0,
    0x0, 0x0, 0x0, 0x4f, 0xf0, 0x0, 0x0, 0x0,
    0x4f, 0xf0, 0x0, 0x0, 0x0, 0x4f, 0xf1, 0x11,
    0x11, 0x10, 0x4f, 0xff, 0xff, 0xff, 0xfa, 0x4f,
    0xff, 0xff, 0xff, 0xfa,

    /* U+00CB "Ë" */
    0x0, 0x68, 0x10, 0x68, 0x10, 0x0, 0xff, 0x60,
    0xff, 0x60, 0x0, 0xcf, 0x30, 0xcf, 0x30, 0x0,
    0x0, 0x0, 0x0, 0x0, 0x0, 0x0, 0x0, 0x0,
    0x0, 0x4f, 0xff, 0xff, 0xff, 0xfa, 0x4f, 0xff,
    0xff, 0xff, 0xfa, 0x4f, 0xf1, 0x11, 0x11, 0x10,
    0x4f, 0xf0, 0x0, 0x0, 0x0, 0x4f, 0xf0, 0x0,
    0x0, 0x0, 0x4f, 0xf1, 0x11, 0x11, 0x10, 0x4f,
    0xff, 0xff, 0xff, 0xf0, 0x4f, 0xff, 0xff, 0xff,
    0xf0, 0x4f, 0xf0, 0x0, 0x0, 0x0, 0x4f, 0xf0,
    0x0, 0x0, 0x0, 0x4f, 0xf0, 0x0, 0x0, 0x0,
    0x4f, 0xf1, 0x11, 0x11, 0x10, 0x4f, 0xff, 0xff,
    0xff, 0xfa, 0x4f, 0xff, 0xff, 0xff, 0xfa,

    /* U+00CC "Ì" */
    0x0, 0x30, 0x0, 0x2, 0xee, 0x0, 0x0, 0xc,
    0xf6, 0x0, 0x0, 0x2f, 0xd0, 0x0, 0x0, 0x6a,
    0x10, 0x0, 0x0, 0x0, 0x0, 0xef, 0xff, 0xff,
    0x2c, 0xef, 0xfe, 0xe2, 0x0, 0xff, 0x40, 0x0,
    0xf, 0xf4, 0x0, 0x0, 0xff, 0x40, 0x0, 0xf,
    0xf4, 0x0, 0x0, 0xff, 0x40, 0x0, 0xf, 0xf4,
    0x0, 0x0, 0xff, 0x40, 0x0, 0xf, 0xf4, 0x0,
    0x0, 0xff, 0x40, 0x0, 0xf, 0xf4, 0x0, 0xce,
    0xff, 0xee, 0x2e, 0xff, 0xff, 0xf2,

    /* U+00CD "Í" */
    0x0, 0x1, 0x10, 0x0, 0x0, 0xaf, 0x60, 0x0,
    0x2f, 0xe1, 0x0, 0x9, 0xf5, 0x0, 0x0, 0x89,
    0x0, 0x0, 0x0, 0x0, 0x0, 0xef, 0xff, 0xff,
    0x2c, 0xef, 0xfe, 0xe2, 0x0, 0xff, 0x40, 0x0,
    0xf, 0xf4, 0x0, 0x0, 0xff, 0x40, 0x0, 0xf,
    0xf4, 0x0, 0x0, 0xff, 0x40, 0x0, 0xf, 0xf4,
    0x0, 0x0, 0xff, 0x40, 0x0, 0xf, 0xf4, 0x0,
    0x0, 0xff, 0x40, 0x0, 0xf, 0xf4, 0x0, 0xce,
    0xff, 0xee, 0x2e, 0xff, 0xff, 0xf2,

    /* U+00CE "Î" */
    0x0, 0x17, 0x83, 0x0, 0x0, 0xaf, 0xfe, 0x10,
    0x6, 0xfc, 0x9f, 0xa0, 0x2f, 0xd1, 0xa, 0xf5,
    0x8, 0x20, 0x0, 0x81, 0x0, 0x0, 0x0, 0x0,
    0xe, 0xff, 0xff, 0xf2, 0xc, 0xef, 0xfe, 0xe2,
    0x0, 0xf, 0xf4, 0x0, 0x0, 0xf, 0xf4, 0x0,
    0x0, 0xf, 0xf4, 0x0, 0x0, 0xf, 0xf4, 0x0,
    0x0, 0xf, 0xf4, 0x0, 0x0, 0xf, 0xf4, 0x0,
    0x0, 0xf, 0xf4, 0x0, 0x0, 0xf, 0xf4, 0x0,
    0x0, 0xf, 0xf4, 0x0, 0x0, 0xf, 0xf4, 0x0,
    0xc, 0xef, 0xfe, 0xe2, 0xe, 0xff, 0xff, 0xf2,

    /* U+00CF "Ï" */
    0x6, 0x80, 0x6, 0x80, 0x1f, 0xf6, 0x1f, 0xf6,
    0xd, 0xe3, 0xd, 0xe3, 0x0, 0x0, 0x0, 0x0,
    0x0, 0x0, 0x0, 0x0, 0xe, 0xff, 0xff, 0xf2,
    0xc, 0xef, 0xfe, 0xe2, 0x0, 0xf, 0xf4, 0x0,
    0x0, 0xf, 0xf4, 0x0, 0x0, 0xf, 0xf4, 0x0,
    0x0, 0xf, 0xf4, 0x0, 0x0, 0xf, 0xf4, 0x0,
    0x0, 0xf, 0xf4, 0x0, 0x0, 0xf, 0xf4, 0x0,
    0x0, 0xf, 0xf4, 0x0, 0x0, 0xf, 0xf4, 0x0,
    0x0, 0xf, 0xf4, 0x0, 0xc, 0xef, 0xfe, 0xe2,
    0xe, 0xff, 0xff, 0xf2,

    /* U+00D0 "Ð" */
    0x3, 0xff, 0xff, 0xfe, 0xb5, 0x0, 0x0, 0x3f,
    0xff, 0xff, 0xff, 0xfa, 0x0, 0x3, 0xff, 0x21,
    0x12, 0x8f, 0xf8, 0x0, 0x3f, 0xf1, 0x0, 0x0,
    0x7f, 0xf0, 0x3, 0xff, 0x10, 0x0, 0x0, 0xff,
    0x50, 0x3f, 0xf1, 0x0, 0x0, 0xd, 0xf7, 0xbf,
    0xff, 0xff, 0xa0, 0x0, 0xcf, 0x98, 0xdf, 0xfc,
    0xc7, 0x0, 0xc, 0xf9, 0x3, 0xff, 0x10, 0x0,
    0x0, 0xdf, 0x70, 0x3f, 0xf1, 0x0, 0x0, 0xf,
    0xf5, 0x3, 0xff, 0x10, 0x0, 0x6, 0xff, 0x0,
    0x3f, 0xf1, 0x11, 0x28, 0xff, 0x80, 0x3, 0xff,
    0xff, 0xff, 0xff, 0xb0, 0x0, 0x3f, 0xff, 0xff,
    0xeb, 0x50, 0x0,

    /* U+00D1 "Ñ" */
    0x0, 0x5, 0xb8, 0x10, 0x10, 0x0, 0x0, 0x3f,
    0xff, 0xfc, 0xf6, 0x0, 0x0, 0x5, 0x4, 0xbf,
    0xc1, 0x0, 0x0, 0x0, 0x0, 0x0, 0x0, 0x0,
    0x0, 0x0, 0x0, 0x0, 0x0, 0x0, 0x4f, 0xf8,
    0x0, 0x0, 0x9, 0xf9, 0x4f, 0xff, 0x20, 0x0,
    0x9, 0xf9, 0x4f, 0xff, 0xb0, 0x0, 0x9, 0xf9,
    0x4f, 0xee, 0xf5, 0x0, 0x9, 0xf9, 0x4f, 0xe7,
    0xfd, 0x0, 0x9, 0xf9, 0x4f, 0xe0, 0xef, 0x70,
    0x9, 0xf9, 0x4f, 0xe0, 0x6f, 0xf1, 0x9, 0xf9,
    0x4f, 0xe0, 0xc, 0xfa, 0x9, 0xf9, 0x4f, 0xe0,
    0x3, 0xff, 0x39, 0xf9, 0x4f, 0xe0, 0x0, 0x9f,
    0xb9, 0xf9, 0x4f, 0xe0, 0x0, 0x1f, 0xfd, 0xf9,
    0x4f, 0xe0, 0x0, 0x6, 0xff, 0xf9, 0x4f, 0xe0,
    0x0, 0x0, 0xdf, 0xf9, 0x4f, 0xe0, 0x0, 0x0,
    0x4f, 0xf9,

    /* U+00D2 "Ò" */
    0x0, 0x0, 0x0, 0x0, 0x0, 0x0, 0x0, 0x0,
    0x2b, 0xc0, 0x0, 0x0, 0x0, 0x0, 0x1, 0xef,
    0x30, 0x0, 0x0, 0x0, 0x0, 0x4, 0xfb, 0x0,
    0x0, 0x0, 0x0, 0x0, 0x9, 0xd1, 0x0, 0x0,
    0x0, 0x0, 0x0, 0x0, 0x0, 0x0, 0x0, 0x0,
    0x7, 0xce, 0xfd, 0x81, 0x0, 0x0, 0x1c, 0xff,
    0xff, 0xff, 0xe3, 0x0, 0xb, 0xff, 0x72, 0x25,
    0xdf, 0xe0, 0x4, 0xff, 0x30, 0x0, 0x1, 0xef,
    0x70, 0x9f, 0xb0, 0x0, 0x0, 0x8, 0xfc, 0xc,
    0xf8, 0x0, 0x0, 0x0, 0x5f, 0xf0, 0xdf, 0x80,
    0x0, 0x0, 0x4, 0xff, 0x1d, 0xf8, 0x0, 0x0,
    0x0, 0x4f, 0xf1, 0xcf, 0x80, 0x0, 0x0, 0x5,
    0xff, 0x9, 0xfb, 0x0, 0x0, 0x0, 0x8f, 0xc0,
    0x4f, 0xf4, 0x0, 0x0, 0x1e, 0xf7, 0x0, 0xbf,
    0xf7, 0x22, 0x5e, 0xfe, 0x0, 0x1, 0xcf, 0xff,
    0xff, 0xfe, 0x30, 0x0, 0x0, 0x7c, 0xef, 0xd8,
    0x10, 0x0,

    /* U+00D3 "Ó" */
    0x0, 0x0, 0x0, 0x0, 0x0, 0x0, 0x0, 0x0,
    0x0, 0x9, 0xd4, 0x0, 0x0, 0x0, 0x0, 0x1,
    0xff, 0x30, 0x0, 0x0, 0x0, 0x0, 0x8f, 0x70,
    0x0, 0x0, 0x0, 0x0, 0xb, 0xc0, 0x0, 0x0,
    0x0, 0x0, 0x0, 0x0, 0x0, 0x0, 0x0, 0x0,
    0x7, 0xce, 0xfd, 0x81, 0x0, 0x0, 0x1c, 0xff,
    0xff, 0xff, 0xe3, 0x0, 0xb, 0xff, 0x72, 0x25,
    0xdf, 0xe0, 0x4, 0xff, 0x30, 0x0, 0x1, 0xef,
    0x70, 0x9f, 0xb0, 0x0, 0x0, 0x8, 0xfc, 0xc,
    0xf8, 0x0, 0x0, 0x0, 0x5f, 0xf0, 0xdf, 0x80,
    0x0, 0x0, 0x4, 0xff, 0x1d, 0xf8, 0x0, 0x0,
    0x0, 0x4f, 0xf1, 0xcf, 0x80, 0x0, 0x0, 0x5,
    0xff, 0x9, 0xfb, 0x0, 0x0, 0x0, 0x8f, 0xc0,
    0x4f, 0xf4, 0x0, 0x0, 0x1e, 0xf7, 0x0, 0xbf,
    0xf7, 0x22, 0x5e, 0xfe, 0x0, 0x1, 0xcf, 0xff,
    0xff, 0xfe, 0x30, 0x0, 0x0, 0x7c, 0xef, 0xd8,
    0x10, 0x0,

    /* U+00D4 "Ô" */
    0x0, 0x0, 0x5f, 0xf8, 0x0, 0x0, 0x0, 0x0,
    0xe, 0xff, 0xf2, 0x0, 0x0, 0x0, 0x9, 0xfa,
    0x7f, 0xc0, 0x0, 0x0, 0x2, 0xfd, 0x0, 0xaf,
    0x50, 0x0, 0x0, 0xa, 0x20, 0x0, 0xa1, 0x0,
    0x0, 0x0, 0x0, 0x0, 0x0, 0x0, 0x0, 0x0,
    0x7, 0xce, 0xfd, 0x81, 0x0, 0x0, 0x1c, 0xff,
    0xff, 0xff, 0xe3, 0x0, 0xb, 0xff, 0x72, 0x25,
    0xdf, 0xe0, 0x4, 0xff, 0x30, 0x0, 0x1, 0xef,
    0x70, 0x9f, 0xb0, 0x0, 0x0, 0x8, 0xfc, 0xc,
    0xf8, 0x0, 0x0, 0x0, 0x5f, 0xf0, 0xdf, 0x80,
    0x0, 0x0, 0x4, 0xff, 0x1d, 0xf8, 0x0, 0x0,
    0x0, 0x4f, 0xf1, 0xcf, 0x80, 0x0, 0x0, 0x5,
    0xff, 0x9, 0xfb, 0x0, 0x0, 0x0, 0x8f, 0xc0,
    0x4f, 0xf4, 0x0, 0x0, 0x1e, 0xf7, 0x0, 0xbf,
    0xf7, 0x22, 0x5e, 0xfe, 0x0, 0x1, 0xcf, 0xff,
    0xff, 0xfe, 0x30, 0x0, 0x0, 0x7c, 0xef, 0xd8,
    0x10, 0x0,

    /* U+00D5 "Õ" */
    0x0, 0xa, 0xfc, 0x50, 0x40, 0x0, 0x0, 0x3,
    0xfc, 0xff, 0xff, 0x60, 0x0, 0x0, 0x1, 0x0,
    0x7b, 0x80, 0x0, 0x0, 0x0, 0x0, 0x0, 0x0,
    0x0, 0x0, 0x0, 0x0, 0x0, 0x0, 0x0, 0x0,
    0x0, 0x0, 0x7c, 0xef, 0xd8, 0x10, 0x0, 0x1,
    0xcf, 0xff, 0xff, 0xfe, 0x30, 0x0, 0xbf, 0xf7,
    0x22, 0x5d, 0xfe, 0x0, 0x4f, 0xf3, 0x0, 0x0,
    0x1e, 0xf7, 0x9, 0xfb, 0x0, 0x0, 0x0, 0x8f,
    0xc0, 0xcf, 0x80, 0x0, 0x0, 0x5, 0xff, 0xd,
    0xf8, 0x0, 0x0, 0x0, 0x4f, 0xf1, 0xdf, 0x80,
    0x0, 0x0, 0x4, 0xff, 0x1c, 0xf8, 0x0, 0x0,
    0x0, 0x5f, 0xf0, 0x9f, 0xb0, 0x0, 0x0, 0x8,
    0xfc, 0x4, 0xff, 0x40, 0x0, 0x1, 0xef, 0x70,
    0xb, 0xff, 0x72, 0x25, 0xef, 0xe0, 0x0, 0x1c,
    0xff, 0xff, 0xff, 0xe3, 0x0, 0x0, 0x7, 0xce,
    0xfd, 0x81, 0x0, 0x0,

    /* U+00D6 "Ö" */
    0x0, 0xd, 0xe2, 0xd, 0xe2, 0x0, 0x0, 0x2,
    0xff, 0x52, 0xff, 0x50, 0x0, 0x0, 0x7, 0x80,
    0x7, 0x80, 0x0, 0x0, 0x0, 0x0, 0x0, 0x0,
    0x0, 0x0, 0x0, 0x0, 0x0, 0x0, 0x0, 0x0,
    0x0, 0x0, 0x7c, 0xef, 0xd8, 0x10, 0x0, 0x1,
    0xcf, 0xff, 0xff, 0xfe, 0x30, 0x0, 0xbf, 0xf7,
    0x22, 0x5d, 0xfe, 0x0, 0x4f, 0xf3, 0x0, 0x0,
    0x1e, 0xf7, 0x9, 0xfb, 0x0, 0x0, 0x0, 0x8f,
    0xc0, 0xcf, 0x80, 0x0, 0x0, 0x5, 0xff, 0xd,
    0xf8, 0x0, 0x0, 0x0, 0x4f, 0xf1, 0xdf, 0x80,
    0x0, 0x0, 0x4, 0xff, 0x1c, 0xf8, 0x0, 0x0,
    0x0, 0x5f, 0xf0, 0x9f, 0xb0, 0x0, 0x0, 0x8,
    0xfc, 0x4, 0xff, 0x40, 0x0, 0x1, 0xef, 0x70,
    0xb, 0xff, 0x72, 0x25, 0xef, 0xe0, 0x0, 0x1c,
    0xff, 0xff, 0xff, 0xe3, 0x0, 0x0, 0x7, 0xce,
    0xfd, 0x81, 0x0, 0x0,

    /* U+00D7 "×" */
    0x4, 0x40, 0x0, 0x4, 0x40, 0x1f, 0xf3, 0x0,
    0x3f, 0xf1, 0x6, 0xfe, 0x22, 0xef, 0x60, 0x0,
    0x7f, 0xee, 0xf6, 0x0, 0x0, 0x8, 0xff, 0x80,
    0x0, 0x0, 0x1d, 0xff, 0xd1, 0x0, 0x1, 0xdf,
    0x99, 0xfd, 0x10, 0xc, 0xfa, 0x0, 0xaf, 0xc0,
    0xb, 0xb0, 0x0, 0xb, 0xb0, 0x0, 0x0, 0x0,
    0x0, 0x0,

    /* U+00D8 "Ø" */
    0x0, 0x0, 0x0, 0x0, 0x0, 0x82, 0x0, 0x0,
    0x7c, 0xef, 0xc7, 0x6f, 0xb0, 0x1, 0xdf, 0xff,
    0xff, 0xff, 0xf1, 0x0, 0xcf, 0xe5, 0x0, 0x4e,
    0xfd, 0x0, 0x4f, 0xf2, 0x0, 0x5, 0xff, 0xf7,
    0x9, 0xfa, 0x0, 0x2, 0xfc, 0x7f, 0xc0, 0xcf,
    0x70, 0x0, 0xcf, 0x24, 0xff, 0xd, 0xf7, 0x0,
    0x8f, 0x60, 0x3f, 0xf1, 0xdf, 0x70, 0x3f, 0xb0,
    0x3, 0xff, 0x1c, 0xf7, 0xd, 0xe1, 0x0, 0x4f,
    0xf0, 0x9f, 0xaa, 0xf4, 0x0, 0x7, 0xfd, 0x3,
    0xff, 0xf8, 0x0, 0x0, 0xdf, 0x70, 0xb, 0xff,
    0x61, 0x4, 0xcf, 0xe0, 0x0, 0xdf, 0xff, 0xff,
    0xff, 0xe3, 0x0, 0x7f, 0x96, 0xce, 0xfd, 0x81,
    0x0, 0x1, 0x80, 0x0, 0x0, 0x0, 0x0, 0x0,

    /* U+00D9 "Ù" */
    0x0, 0x0, 0x21, 0x0, 0x0, 0x0, 0x0, 0x6,
    0xf9, 0x0, 0x0, 0x0, 0x0, 0x2, 0xff, 0x10,
    0x0, 0x0, 0x0, 0x0, 0x6f, 0x90, 0x0, 0x0,
    0x0, 0x0, 0xa, 0x70, 0x0, 0x0, 0x0, 0x0,
    0x0, 0x0, 0x0, 0x0, 0x5f, 0xd0, 0x0, 0x0,
    0x2f, 0xf1, 0x5f, 0xd0, 0x0, 0x0, 0x2f, 0xf1,
    0x5f, 0xd0, 0x0, 0x0, 0x2f, 0xf1, 0x5f, 0xd0,
    0x0, 0x0, 0x2f, 0xf1, 0x5f, 0xd0, 0x0, 0x0,
    0x2f, 0xf1, 0x5f, 0xd0, 0x0, 0x0, 0x2f, 0xf1,
    0x5f, 0xd0, 0x0, 0x0, 0x2f, 0xf1, 0x5f, 0xd0,
    0x0, 0x0, 0x2f, 0xf1, 0x5f, 0xd0, 0x0, 0x0,
    0x2f, 0xf0, 0x4f, 0xf0, 0x0, 0x0, 0x4f, 0xf0,
    0x1f, 0xf3, 0x0, 0x0, 0x9f, 0xc0, 0xc, 0xfe,
    0x52, 0x27, 0xff, 0x70, 0x3, 0xff, 0xff, 0xff,
    0xfd, 0x0, 0x0, 0x2a, 0xef, 0xfd, 0x80, 0x0,

    /* U+00DA "Ú" */
    0x0, 0x0, 0x0, 0x30, 0x0, 0x0, 0x0, 0x0,
    0x0, 0xee, 0x20, 0x0, 0x0, 0x0, 0x7, 0xfb,
    0x0, 0x0, 0x0, 0x0, 0xe, 0xe1, 0x0, 0x0,
    0x0, 0x0, 0x1b, 0x50, 0x0, 0x0, 0x0, 0x0,
    0x0, 0x0, 0x0, 0x0, 0x5f, 0xd0, 0x0, 0x0,
    0x2f, 0xf1, 0x5f, 0xd0, 0x0, 0x0, 0x2f, 0xf1,
    0x5f, 0xd0, 0x0, 0x0, 0x2f, 0xf1, 0x5f, 0xd0,
    0x0, 0x0, 0x2f, 0xf1, 0x5f, 0xd0, 0x0, 0x0,
    0x2f, 0xf1, 0x5f, 0xd0, 0x0, 0x0, 0x2f, 0xf1,
    0x5f, 0xd0, 0x0, 0x0, 0x2f, 0xf1, 0x5f, 0xd0,
    0x0, 0x0, 0x2f, 0xf1, 0x5f, 0xd0, 0x0, 0x0,
    0x2f, 0xf0, 0x4f, 0xf0, 0x0, 0x0, 0x4f, 0xf0,
    0x1f, 0xf3, 0x0, 0x0, 0x9f, 0xc0, 0xc, 0xfe,
    0x52, 0x27, 0xff, 0x70, 0x3, 0xff, 0xff, 0xff,
    0xfd, 0x0, 0x0, 0x2a, 0xef, 0xfd, 0x80, 0x0,

    /* U+00DB "Û" */
    0x0, 0x0, 0x9f, 0xf4, 0x0, 0x0, 0x0, 0x4,
    0xff, 0xfd, 0x0, 0x0, 0x0, 0xe, 0xf4, 0xaf,
    0x80, 0x0, 0x0, 0x7f, 0x60, 0xc, 0xf1, 0x0,
    0x0, 0x6, 0x0, 0x1, 0x50, 0x0, 0x0, 0x0,
    0x0, 0x0, 0x0, 0x0, 0x5f, 0xd0, 0x0, 0x0,
    0x2f, 0xf1, 0x5f, 0xd0, 0x0, 0x0, 0x2f, 0xf1,
    0x5f, 0xd0, 0x0, 0x0, 0x2f, 0xf1, 0x5f, 0xd0,
    0x0, 0x0, 0x2f, 0xf1, 0x5f, 0xd0, 0x0, 0x0,
    0x2f, 0xf1, 0x5f, 0xd0, 0x0, 0x0, 0x2f, 0xf1,
    0x5f, 0xd0, 0x0, 0x0, 0x2f, 0xf1, 0x5f, 0xd0,
    0x0, 0x0, 0x2f, 0xf1, 0x5f, 0xd0, 0x0, 0x0,
    0x2f, 0xf0, 0x4f, 0xf0, 0x0, 0x0, 0x4f, 0xf0,
    0x1f, 0xf3, 0x0, 0x0, 0x9f, 0xc0, 0xc, 0xfe,
    0x52, 0x27, 0xff, 0x70, 0x3, 0xff, 0xff, 0xff,
    0xfd, 0x0, 0x0, 0x2a, 0xef, 0xfd, 0x80, 0x0,

    /* U+00DC "Ü" */
    0x0, 0x3e, 0xc0, 0x3e, 0xc0, 0x0, 0x0, 0x6f,
    0xf0, 0x6f, 0xf0, 0x0, 0x0, 0x18, 0x60, 0x18,
    0x60, 0x0, 0x0, 0x0, 0x0, 0x0, 0x0, 0x0,
    0x0, 0x0, 0x0, 0x0, 0x0, 0x0, 0x5f, 0xd0,
    0x0, 0x0, 0x2f, 0xf1, 0x5f, 0xd0, 0x0, 0x0,
    0x2f, 0xf1, 0x5f, 0xd0, 0x0, 0x0, 0x2f, 0xf1,
    0x5f, 0xd0, 0x0, 0x0, 0x2f, 0xf1, 0x5f, 0xd0,
    0x0, 0x0, 0x2f, 0xf1, 0x5f, 0xd0, 0x0, 0x0,
    0x2f, 0xf1, 0x5f, 0xd0, 0x0, 0x0, 0x2f, 0xf1,
    0x5f, 0xd0, 0x0, 0x0, 0x2f, 0xf1, 0x5f, 0xd0,
    0x0, 0x0, 0x2f, 0xf0, 0x4f, 0xf0, 0x0, 0x0,
    0x4f, 0xf0, 0x1f, 0xf3, 0x0, 0x0, 0x9f, 0xc0,
    0xc, 0xfe, 0x52, 0x27, 0xff, 0x70, 0x3, 0xff,
    0xff, 0xff, 0xfd, 0x0, 0x0, 0x2a, 0xef, 0xfd,
    0x80, 0x0,

    /* U+00DD "Ý" */
    0x0, 0x0, 0x0, 0x12, 0x0, 0x0, 0x0, 0x0,
    0x0, 0x9, 0xf6, 0x0, 0x0, 0x0, 0x0, 0x1,
    0xff, 0x20, 0x0, 0x0, 0x0, 0x0, 0x9f, 0x60,
    0x0, 0x0, 0x0, 0x0, 0x7, 0xa0, 0x0, 0x0,
    0x0, 0x0, 0x0, 0x0, 0x0, 0x0, 0x0, 0x8f,
    0xf1, 0x0, 0x0, 0xa, 0xfd, 0x0, 0xef, 0x90,
    0x0, 0x3, 0xff, 0x40, 0x5, 0xff, 0x20, 0x0,
    0xcf, 0xb0, 0x0, 0xc, 0xfb, 0x0, 0x4f, 0xf2,
    0x0, 0x0, 0x3f, 0xf4, 0xd, 0xf8, 0x0, 0x0,
    0x0, 0xaf, 0xc6, 0xfe, 0x0, 0x0, 0x0, 0x2,
    0xff, 0xff, 0x60, 0x0, 0x0, 0x0, 0x8, 0xff,
    0xc0, 0x0, 0x0, 0x0, 0x0, 0xf, 0xf5, 0x0,
    0x0, 0x0, 0x0, 0x0, 0xff, 0x40, 0x0, 0x0,
    0x0, 0x0, 0xf, 0xf4, 0x0, 0x0, 0x0, 0x0,
    0x0, 0xff, 0x40, 0x0, 0x0, 0x0, 0x0, 0xf,
    0xf4, 0x0, 0x0, 0x0, 0x0, 0x0, 0xff, 0x40,
    0x0, 0x0,

    /* U+00DE "Þ" */
    0x4f, 0xf0, 0x0, 0x0, 0x0, 0x4, 0xff, 0x0,
    0x0, 0x0, 0x0, 0x4f, 0xff, 0xff, 0xfe, 0x91,
    0x4, 0xff, 0xff, 0xff, 0xff, 0xd0, 0x4f, 0xf0,
    0x0, 0x15, 0xff, 0x64, 0xff, 0x0, 0x0, 0xb,
    0xfa, 0x4f, 0xf0, 0x0, 0x0, 0x9f, 0xc4, 0xff,
    0x0, 0x0, 0xb, 0xfa, 0x4f, 0xf0, 0x0, 0x15,
    0xff, 0x64, 0xff, 0xff, 0xff, 0xff, 0xd0, 0x4f,
    0xff, 0xff, 0xfe, 0x91, 0x4, 0xff, 0x0, 0x0,
    0x0, 0x0, 0x4f, 0xf0, 0x0, 0x0, 0x0, 0x4,
    0xff, 0x0, 0x0, 0x0, 0x0,

    /* U+00DF "ß" */
    0x0, 0x1, 0x9d, 0xfe, 0xb4, 0x0, 0x0, 0x2,
    0xef, 0xfd, 0xdf, 0xf7, 0x0, 0x0, 0xaf, 0xd1,
    0x0, 0x4f, 0xf1, 0x0, 0xd, 0xf6, 0x0, 0x0,
    0xcf, 0x40, 0x7f, 0xff, 0x40, 0x7, 0xef, 0xf5,
    0x6, 0xdf, 0xf4, 0x7, 0xfe, 0x97, 0x20, 0x0,
    0xef, 0x40, 0xdf, 0x30, 0x0, 0x0, 0xe, 0xf4,
    0xe, 0xf5, 0x0, 0x0, 0x0, 0xef, 0x40, 0x8f,
    0xfb, 0x60, 0x0, 0xe, 0xf4, 0x0, 0x8e, 0xff,
    0xd1, 0x0, 0xef, 0x40, 0x0, 0x4, 0xdf, 0x80,
    0xe, 0xf4, 0x0, 0x0, 0x5, 0xfb, 0x0, 0xef,
    0x40, 0xa4, 0x0, 0x9f, 0x90, 0xe, 0xf4, 0x5f,
    0xfd, 0xdf, 0xf2, 0x0, 0xef, 0x40, 0x5c, 0xfe,
    0xb2, 0x0,

    /* U+00E0 "à" */
    0x0, 0x0, 0x30, 0x0, 0x0, 0x0, 0x2, 0xee,
    0x0, 0x0, 0x0, 0x0, 0xb, 0xf7, 0x0, 0x0,
    0x0, 0x0, 0x1f, 0xe0, 0x0, 0x0, 0x0, 0x0,
    0x5b, 0x10, 0x0, 0x0, 0x0, 0x0, 0x0, 0x0,
    0x0, 0x0, 0x4b, 0xef, 0xc6, 0x0, 0x0, 0x5f,
    0xfe, 0xef, 0xf9, 0x0, 0x6, 0xf5, 0x0, 0x6f,
    0xf1, 0x0, 0x1, 0x0, 0x0, 0xff, 0x40, 0x0,
    0x0, 0x11, 0x2e, 0xf4, 0x0, 0x19, 0xef, 0xff,
    0xff, 0x40, 0xc, 0xfc, 0x65, 0x5e, 0xf4, 0x2,
    0xff, 0x10, 0x0, 0xef, 0x40, 0x1f, 0xf3, 0x0,
    0x4f, 0xf4, 0x0, 0xcf, 0xfc, 0xdf, 0xcf, 0xe5,
    0x1, 0xae, 0xfc, 0x31, 0xdf, 0x60,

    /* U+00E1 "á" */
    0x0, 0x0, 0x1, 0x20, 0x0, 0x0, 0x0, 0x0,
    0x9f, 0x60, 0x0, 0x0, 0x0, 0x1f, 0xf2, 0x0,
    0x0, 0x0, 0x9, 0xf6, 0x0, 0x0, 0x0, 0x0,
    0x7a, 0x0, 0x0, 0x0, 0x0, 0x0, 0x0, 0x0,
    0x0, 0x0, 0x4b, 0xef, 0xc6, 0x0, 0x0, 0x5f,
    0xfe, 0xef, 0xf9, 0x0, 0x6, 0xf5, 0x0, 0x6f,
    0xf1, 0x0, 0x1, 0x0, 0x0, 0xff, 0x40, 0x0,
    0x0, 0x11, 0x2e, 0xf4, 0x0, 0x19, 0xef, 0xff,
    0xff, 0x40, 0xc, 0xfc, 0x65, 0x5e, 0xf4, 0x2,
    0xff, 0x10, 0x0, 0xef, 0x40, 0x1f, 0xf3, 0x0,
    0x4f, 0xf4, 0x0, 0xcf, 0xfc, 0xdf, 0xcf, 0xe5,
    0x1, 0xae, 0xfc, 0x31, 0xdf, 0x60,

    /* U+00E2 "â" */
    0x0, 0x0, 0x78, 0x30, 0x0, 0x0, 0x0, 0xaf,
    0xfe, 0x10, 0x0, 0x0, 0x5f, 0xd9, 0xfb, 0x0,
    0x0, 0x1e, 0xe1, 0xa, 0xf6, 0x0, 0x0, 0x82,
    0x0, 0x8, 0x10, 0x0, 0x0, 0x0, 0x0, 0x0,
    0x0, 0x0, 0x4b, 0xef, 0xc6, 0x0, 0x0, 0x5f,
    0xfe, 0xef, 0xf9, 0x0, 0x6, 0xf5, 0x0, 0x6f,
    0xf1, 0x0, 0x1, 0x0, 0x0, 0xff, 0x40, 0x0,
    0x0, 0x11, 0x2e, 0xf4, 0x0, 0x19, 0xef, 0xff,
    0xff, 0x40, 0xc, 0xfc, 0x65, 0x5e, 0xf4, 0x2,
    0xff, 0x10, 0x0, 0xef, 0x40, 0x1f, 0xf3, 0x0,
    0x4f, 0xf4, 0x0, 0xcf, 0xfc, 0xdf, 0xcf, 0xe5,
    0x1, 0xae, 0xfc, 0x31, 0xdf, 0x60,

    /* U+00E3 "ã" */
    0x0, 0x9f, 0xd6, 0x4, 0x10, 0x0, 0x2f, 0xce,
    0xff, 0xf8, 0x0, 0x0, 0x10, 0x6, 0xa8, 0x0,
    0x0, 0x0, 0x0, 0x0, 0x0, 0x0, 0x0, 0x4b,
    0xef, 0xc6, 0x0, 0x0, 0x5f, 0xfe, 0xef, 0xf9,
    0x0, 0x6, 0xf5, 0x0, 0x6f, 0xf1, 0x0, 0x1,
    0x0, 0x0, 0xff, 0x40, 0x0, 0x0, 0x11, 0x2e,
    0xf4, 0x0, 0x19, 0xef, 0xff, 0xff, 0x40, 0xc,
    0xfc, 0x65, 0x5e, 0xf4, 0x2, 0xff, 0x10, 0x0,
    0xef, 0x40, 0x1f, 0xf3, 0x0, 0x4f, 0xf4, 0x0,
    0xcf, 0xfc, 0xdf, 0xcf, 0xe5, 0x1, 0xae, 0xfc,
    0x31, 0xdf, 0x60,

    /* U+00E4 "ä" */
    0x0, 0xcf, 0x30, 0xcf, 0x30, 0x0, 0xf, 0xf6,
    0xf, 0xf6, 0x0, 0x0, 0x58, 0x0, 0x58, 0x0,
    0x0, 0x0, 0x0, 0x0, 0x0, 0x0, 0x0, 0x4b,
    0xef, 0xc6, 0x0, 0x0, 0x5f, 0xfe, 0xef, 0xf9,
    0x0, 0x6, 0xf5, 0x0, 0x6f, 0xf1, 0x0, 0x1,
    0x0, 0x0, 0xff, 0x40, 0x0, 0x0, 0x11, 0x2e,
    0xf4, 0x0, 0x19, 0xef, 0xff, 0xff, 0x40, 0xc,
    0xfc, 0x65, 0x5e, 0xf4, 0x2, 0xff, 0x10, 0x0,
    0xef, 0x40, 0x1f, 0xf3, 0x0, 0x4f, 0xf4, 0x0,
    0xcf, 0xfc, 0xdf, 0xcf, 0xe5, 0x1, 0xae, 0xfc,
    0x31, 0xdf, 0x60,

    /* U+00E5 "å" */
    0x0, 0x0, 0x0, 0x0, 0x0, 0x0, 0x0, 0x5e,
    0xf9, 0x0, 0x0, 0x0, 0x2f, 0x84, 0xe8, 0x0,
    0x0, 0x6, 0xf1, 0xb, 0xb0, 0x0, 0x0, 0x3f,
    0x51, 0xe9, 0x0, 0x0, 0x0, 0x8f, 0xfc, 0x10,
    0x0, 0x0, 0x0, 0x12, 0x0, 0x0, 0x0, 0x4,
    0xbe, 0xfc, 0x60, 0x0, 0x5, 0xff, 0xee, 0xff,
    0x90, 0x0, 0x6f, 0x50, 0x6, 0xff, 0x10, 0x0,
    0x10, 0x0, 0xf, 0xf4, 0x0, 0x0, 0x1, 0x12,
    0xef, 0x40, 0x1, 0x9e, 0xff, 0xff, 0xf4, 0x0,
    0xcf, 0xc6, 0x55, 0xef, 0x40, 0x2f, 0xf1, 0x0,
    0xe, 0xf4, 0x1, 0xff, 0x30, 0x4, 0xff, 0x40,
    0xc, 0xff, 0xcd, 0xfc, 0xfe, 0x50, 0x1a, 0xef,
    0xc3, 0x1d, 0xf6,

    /* U+00E6 "æ" */
    0x0, 0x4b, 0xef, 0xb2, 0x3, 0xcf, 0xeb, 0x30,
    0x0, 0x5f, 0xfd, 0xdf, 0xe5, 0xff, 0xce, 0xff,
    0x40, 0x5, 0xe3, 0x0, 0x4f, 0xfe, 0x20, 0x7,
    0xfd, 0x0, 0x0, 0x0, 0x0, 0xef, 0x70, 0x0,
    0xf, 0xf3, 0x0, 0x5, 0x88, 0x9f, 0xfb, 0x99,
    0x99, 0xff, 0x50, 0x4e, 0xff, 0xff, 0xff, 0xff,
    0xff, 0xff, 0xf6, 0xe, 0xf8, 0x10, 0xe, 0xf5,
    0x0, 0x0, 0x0, 0x2, 0xff, 0x0, 0x0, 0xef,
    0x80, 0x0, 0x2, 0x0, 0x1f, 0xf3, 0x0, 0x5f,
    0xff, 0x30, 0x2, 0xdb, 0x0, 0xbf, 0xfc, 0xdf,
    0x77, 0xff, 0xdc, 0xff, 0x80, 0x1, 0x9e, 0xfc,
    0x60, 0x5, 0xcf, 0xfc, 0x50, 0x0,

    /* U+00E7 "ç" */
    0x0, 0x18, 0xef, 0xe9, 0x10, 0x0, 0xdf, 0xfe,
    0xff, 0xd0, 0x8, 0xfd, 0x20, 0x1c, 0xf5, 0xe,
    0xf5, 0x0, 0x2, 0x20, 0x1f, 0xf2, 0x0, 0x0,
    0x0, 0x2f, 0xf2, 0x0, 0x0, 0x0, 0x1f, 0xf2,
    0x0, 0x0, 0x0, 0xe, 0xf5, 0x0, 0x1, 0x40,
    0x8, 0xfd, 0x10, 0xb, 0xf6, 0x1, 0xdf, 0xfd,
    0xff, 0xe1, 0x0, 0x19, 0xef, 0xea, 0x20, 0x0,
    0x0, 0x5d, 0x10, 0x0, 0x0, 0x0, 0x27, 0xec,
    0x0, 0x0, 0x1, 0x95, 0xcf, 0x0, 0x0, 0x3,
    0xcf, 0xd5, 0x0,

    /* U+00E8 "è" */
    0x0, 0x0, 0x30, 0x0, 0x0, 0x0, 0x0, 0x9f,
    0x60, 0x0, 0x0, 0x0, 0x4, 0xfe, 0x0, 0x0,
    0x0, 0x0, 0x9, 0xf6, 0x0, 0x0, 0x0, 0x0,
    0xc, 0x50, 0x0, 0x0, 0x0, 0x0, 0x0, 0x0,
    0x0, 0x0, 0x8, 0xdf, 0xe9, 0x10, 0x0, 0xc,
    0xff, 0xce, 0xfe, 0x10, 0x7, 0xfc, 0x10, 0xa,
    0xfa, 0x0, 0xdf, 0x40, 0x0, 0x2f, 0xf0, 0x1f,
    0xf9, 0x88, 0x89, 0xff, 0x22, 0xff, 0xff, 0xff,
    0xff, 0xf3, 0x1f, 0xf2, 0x0, 0x0, 0x0, 0x0,
    0xdf, 0x50, 0x0, 0x2, 0x0, 0x7, 0xfe, 0x30,
    0x5, 0xf8, 0x0, 0xc, 0xff, 0xef, 0xff, 0x50,
    0x0, 0x7, 0xdf, 0xea, 0x30, 0x0,

    /* U+00E9 "é" */
    0x0, 0x0, 0x0, 0x30, 0x0, 0x0, 0x0, 0x0,
    0x2f, 0xd0, 0x0, 0x0, 0x0, 0xa, 0xf8, 0x0,
    0x0, 0x0, 0x2, 0xfd, 0x0, 0x0, 0x0, 0x0,
    0x2c, 0x30, 0x0, 0x0, 0x0, 0x0, 0x0, 0x0,
    0x0, 0x0, 0x8, 0xdf, 0xe9, 0x10, 0x0, 0xc,
    0xff, 0xce, 0xfe, 0x10, 0x7, 0xfc, 0x10, 0xa,
    0xfa, 0x0, 0xdf, 0x40, 0x0, 0x2f, 0xf0, 0x1f,
    0xf9, 0x88, 0x89, 0xff, 0x22, 0xff, 0xff, 0xff,
    0xff, 0xf3, 0x1f, 0xf2, 0x0, 0x0, 0x0, 0x0,
    0xdf, 0x50, 0x0, 0x2, 0x0, 0x7, 0xfe, 0x30,
    0x5, 0xf8, 0x0, 0xc, 0xff, 0xef, 0xff, 0x50,
    0x0, 0x7, 0xdf, 0xea, 0x30, 0x0,

    /* U+00EA "ê" */
    0x0, 0x0, 0x58, 0x70, 0x0, 0x0, 0x0, 0x3f,
    0xff, 0x70, 0x0, 0x0, 0xd, 0xf8, 0xef, 0x30,
    0x0, 0x9, 0xf7, 0x3, 0xfd, 0x0, 0x0, 0x37,
    0x0, 0x4, 0x60, 0x0, 0x0, 0x0, 0x0, 0x0,
    0x0, 0x0, 0x8, 0xdf, 0xe9, 0x10, 0x0, 0xc,
    0xff, 0xce, 0xfe, 0x10, 0x7, 0xfc, 0x10, 0xa,
    0xfa, 0x0, 0xdf, 0x40, 0x0, 0x2f, 0xf0, 0x1f,
    0xf9, 0x88, 0x89, 0xff, 0x22, 0xff, 0xff, 0xff,
    0xff, 0xf3, 0x1f, 0xf2, 0x0, 0x0, 0x0, 0x0,
    0xdf, 0x50, 0x0, 0x2, 0x0, 0x7, 0xfe, 0x30,
    0x5, 0xf8, 0x0, 0xc, 0xff, 0xef, 0xff, 0x50,
    0x0, 0x7, 0xdf, 0xea, 0x30, 0x0,

    /* U+00EB "ë" */
    0x0, 0x5f, 0x90, 0x5f, 0x90, 0x0, 0x9, 0xfd,
    0x9, 0xfd, 0x0, 0x0, 0x28, 0x40, 0x28, 0x40,
    0x0, 0x0, 0x0, 0x0, 0x0, 0x0, 0x0, 0x8,
    0xdf, 0xe9, 0x10, 0x0, 0xc, 0xff, 0xce, 0xfe,
    0x10, 0x7, 0xfc, 0x10, 0xa, 0xfa, 0x0, 0xdf,
    0x40, 0x0, 0x2f, 0xf0, 0x1f, 0xf9, 0x88, 0x89,
    0xff, 0x22, 0xff, 0xff, 0xff, 0xff, 0xf3, 0x1f,
    0xf2, 0x0, 0x0, 0x0, 0x0, 0xdf, 0x50, 0x0,
    0x2, 0x0, 0x7, 0xfe, 0x30, 0x5, 0xf8, 0x0,
    0xc, 0xff, 0xef, 0xff, 0x50, 0x0, 0x7, 0xdf,
    0xea, 0x30, 0x0,

    /* U+00EC "ì" */
    0x7, 0x10, 0xaf, 0x80, 0x2f, 0xf1, 0x6, 0xf8,
    0x0, 0x82, 0x0, 0x0, 0x7, 0xfb, 0x7, 0xfb,
    0x7, 0xfb, 0x7, 0xfb, 0x7, 0xfb, 0x7, 0xfb,
    0x7, 0xfb, 0x7, 0xfb, 0x7, 0xfb, 0x7, 0xfb,
    0x7, 0xfb,

    /* U+00ED "í" */
    0x0, 0x72, 0x0, 0x3f, 0xe0, 0xb, 0xf6, 0x3,
    0xfb, 0x0, 0x18, 0x10, 0x0, 0x0, 0x0, 0x7f,
    0xb0, 0x7, 0xfb, 0x0, 0x7f, 0xb0, 0x7, 0xfb,
    0x0, 0x7f, 0xb0, 0x7, 0xfb, 0x0, 0x7f, 0xb0,
    0x7, 0xfb, 0x0, 0x7f, 0xb0, 0x7, 0xfb, 0x0,
    0x7f, 0xb0, 0x0,

    /* U+00EE "î" */
    0x0, 0xcf, 0xf3, 0x0, 0xa, 0xfb, 0xfe, 0x10,
    0x7f, 0x90, 0x4f, 0xc0, 0x37, 0x0, 0x4, 0x60,
    0x0, 0x0, 0x0, 0x0, 0x0, 0x7f, 0xb0, 0x0,
    0x0, 0x7f, 0xb0, 0x0, 0x0, 0x7f, 0xb0, 0x0,
    0x0, 0x7f, 0xb0, 0x0, 0x0, 0x7f, 0xb0, 0x0,
    0x0, 0x7f, 0xb0, 0x0, 0x0, 0x7f, 0xb0, 0x0,
    0x0, 0x7f, 0xb0, 0x0, 0x0, 0x7f, 0xb0, 0x0,
    0x0, 0x7f, 0xb0, 0x0, 0x0, 0x7f, 0xb0, 0x0,

    /* U+00EF "ï" */
    0x5f, 0xa0, 0x5f, 0xa8, 0xfe, 0x8, 0xfe, 0x18,
    0x40, 0x18, 0x40, 0x0, 0x0, 0x0, 0x0, 0x7f,
    0xb0, 0x0, 0x7, 0xfb, 0x0, 0x0, 0x7f, 0xb0,
    0x0, 0x7, 0xfb, 0x0, 0x0, 0x7f, 0xb0, 0x0,
    0x7, 0xfb, 0x0, 0x0, 0x7f, 0xb0, 0x0, 0x7,
    0xfb, 0x0, 0x0, 0x7f, 0xb0, 0x0, 0x7, 0xfb,
    0x0, 0x0, 0x7f, 0xb0, 0x0,

    /* U+00F0 "ð" */
    0x0, 0x0, 0x0, 0x1, 0x10, 0x0, 0x5, 0xdf,
    0xd7, 0xe9, 0x0, 0x0, 0x0, 0xaf, 0xfa, 0x0,
    0x0, 0x0, 0x6f, 0x8f, 0xf4, 0x0, 0x0, 0x0,
    0x10, 0x4f, 0xe0, 0x0, 0x1, 0x9e, 0xfa, 0x9f,
    0x70, 0x0, 0xdf, 0xfd, 0xec, 0xfe, 0x0, 0x8f,
    0xe2, 0x0, 0x9f, 0xf2, 0xd, 0xf6, 0x0, 0x0,
    0xff, 0x60, 0xff, 0x30, 0x0, 0xc, 0xf7, 0x1f,
    0xf3, 0x0, 0x0, 0xcf, 0x70, 0xff, 0x30, 0x0,
    0xc, 0xf6, 0xd, 0xf6, 0x0, 0x0, 0xff, 0x30,
    0x6f, 0xe2, 0x0, 0x9f, 0xd0, 0x0, 0xbf, 0xfd,
    0xef, 0xf3, 0x0, 0x0, 0x7d, 0xfe, 0xa2, 0x0,

    /* U+00F1 "ñ" */
    0x1, 0xcf, 0xb4, 0x5, 0x0, 0x6, 0xec, 0xff,
    0xff, 0x30, 0x0, 0x10, 0x18, 0xb5, 0x0, 0x0,
    0x0, 0x0, 0x0, 0x0, 0x7f, 0xb2, 0xbf, 0xe8,
    0x0, 0x7f, 0xcd, 0xff, 0xff, 0x70, 0x7f, 0xf6,
    0x0, 0xaf, 0xe0, 0x7f, 0xc0, 0x0, 0x2f, 0xf0,
    0x7f, 0xb0, 0x0, 0xf, 0xf2, 0x7f, 0xb0, 0x0,
    0xf, 0xf2, 0x7f, 0xb0, 0x0, 0xf, 0xf2, 0x7f,
    0xb0, 0x0, 0xf, 0xf2, 0x7f, 0xb0, 0x0, 0xf,
    0xf2, 0x7f, 0xb0, 0x0, 0xf, 0xf2, 0x7f, 0xb0,
    0x0, 0xf, 0xf2,

    /* U+00F2 "ò" */
    0x0, 0x0, 0x30, 0x0, 0x0, 0x0, 0x0, 0xaf,
    0x60, 0x0, 0x0, 0x0, 0x5, 0xfd, 0x0, 0x0,
    0x0, 0x0, 0xa, 0xf5, 0x0, 0x0, 0x0, 0x0,
    0xc, 0x50, 0x0, 0x0, 0x0, 0x0, 0x0, 0x0,
    0x0, 0x0, 0x7, 0xdf, 0xe9, 0x10, 0x0, 0xc,
    0xff, 0xef, 0xfe, 0x10, 0x7, 0xfd, 0x20, 0x1b,
    0xfb, 0x0, 0xdf, 0x50, 0x0, 0x1f, 0xf1, 0x1f,
    0xf2, 0x0, 0x0, 0xff, 0x42, 0xff, 0x20, 0x0,
    0xe, 0xf5, 0x1f, 0xf2, 0x0, 0x0, 0xff, 0x40,
    0xdf, 0x50, 0x0, 0x1f, 0xf1, 0x7, 0xfd, 0x20,
    0x1b, 0xfb, 0x0, 0xc, 0xff, 0xef, 0xfe, 0x20,
    0x0, 0x8, 0xdf, 0xe9, 0x10, 0x0,

    /* U+00F3 "ó" */
    0x0, 0x0, 0x0, 0x30, 0x0, 0x0, 0x0, 0x0,
    0x2f, 0xc0, 0x0, 0x0, 0x0, 0xa, 0xf8, 0x0,
    0x0, 0x0, 0x2, 0xfc, 0x0, 0x0, 0x0, 0x0,
    0x3c, 0x20, 0x0, 0x0, 0x0, 0x0, 0x0, 0x0,
    0x0, 0x0, 0x7, 0xdf, 0xe9, 0x10, 0x0, 0xc,
    0xff, 0xef, 0xfe, 0x10, 0x7, 0xfd, 0x20, 0x1b,
    0xfb, 0x0, 0xdf, 0x50, 0x0, 0x1f, 0xf1, 0x1f,
    0xf2, 0x0, 0x0, 0xff, 0x42, 0xff, 0x20, 0x0,
    0xe, 0xf5, 0x1f, 0xf2, 0x0, 0x0, 0xff, 0x40,
    0xdf, 0x50, 0x0, 0x1f, 0xf1, 0x7, 0xfd, 0x20,
    0x1b, 0xfb, 0x0, 0xc, 0xff, 0xef, 0xfe, 0x20,
    0x0, 0x8, 0xdf, 0xe9, 0x10, 0x0,

    /* U+00F4 "ô" */
    0x0, 0x0, 0x58, 0x70, 0x0, 0x0, 0x0, 0x3f,
    0xff, 0x60, 0x0, 0x0, 0xd, 0xf7, 0xff, 0x20,
    0x0, 0xa, 0xf6, 0x4, 0xfc, 0x0, 0x0, 0x37,
    0x0, 0x5, 0x50, 0x0, 0x0, 0x0, 0x0, 0x0,
    0x0, 0x0, 0x7, 0xdf, 0xe9, 0x10, 0x0, 0xc,
    0xff, 0xef, 0xfe, 0x10, 0x7, 0xfd, 0x20, 0x1b,
    0xfb, 0x0, 0xdf, 0x50, 0x0, 0x1f, 0xf1, 0x1f,
    0xf2, 0x0, 0x0, 0xff, 0x42, 0xff, 0x20, 0x0,
    0xe, 0xf5, 0x1f, 0xf2, 0x0, 0x0, 0xff, 0x40,
    0xdf, 0x50, 0x0, 0x1f, 0xf1, 0x7, 0xfd, 0x20,
    0x1b, 0xfb, 0x0, 0xc, 0xff, 0xef, 0xfe, 0x20,
    0x0, 0x8, 0xdf, 0xe9, 0x10, 0x0,

    /* U+00F5 "õ" */
    0x0, 0x4e, 0xe9, 0x21, 0x40, 0x0, 0xa, 0xdd,
    0xff, 0xfe, 0x0, 0x0, 0x0, 0x3, 0x9a, 0x30,
    0x0, 0x0, 0x0, 0x0, 0x0, 0x0, 0x0, 0x7,
    0xdf, 0xe9, 0x10, 0x0, 0xc, 0xff, 0xef, 0xfe,
    0x10, 0x7, 0xfd, 0x20, 0x1b, 0xfb, 0x0, 0xdf,
    0x50, 0x0, 0x1f, 0xf1, 0x1f, 0xf2, 0x0, 0x0,
    0xff, 0x42, 0xff, 0x20, 0x0, 0xe, 0xf5, 0x1f,
    0xf2, 0x0, 0x0, 0xff, 0x40, 0xdf, 0x50, 0x0,
    0x1f, 0xf1, 0x7, 0xfd, 0x20, 0x1b, 0xfb, 0x0,
    0xc, 0xff, 0xef, 0xfe, 0x20, 0x0, 0x8, 0xdf,
    0xe9, 0x10, 0x0,

    /* U+00F6 "ö" */
    0x0, 0x6f, 0x90, 0x6f, 0x90, 0x0, 0x9, 0xfd,
    0x9, 0xfd, 0x0, 0x0, 0x28, 0x30, 0x28, 0x30,
    0x0, 0x0, 0x0, 0x0, 0x0, 0x0, 0x0, 0x7,
    0xdf, 0xe9, 0x10, 0x0, 0xc, 0xff, 0xef, 0xfe,
    0x10, 0x7, 0xfd, 0x20, 0x1b, 0xfb, 0x0, 0xdf,
    0x50, 0x0, 0x1f, 0xf1, 0x1f, 0xf2, 0x0, 0x0,
    0xff, 0x42, 0xff, 0x20, 0x0, 0xe, 0xf5, 0x1f,
    0xf2, 0x0, 0x0, 0xff, 0x40, 0xdf, 0x50, 0x0,
    0x1f, 0xf1, 0x7, 0xfd, 0x20, 0x1b, 0xfb, 0x0,
    0xc, 0xff, 0xef, 0xfe, 0x20, 0x0, 0x8, 0xdf,
    0xe9, 0x10, 0x0,

    /* U+00F7 "÷" */
    0x0, 0x2, 0xcc, 0x20, 0x0, 0x0, 0x7, 0xff,
    0x70, 0x0, 0x0, 0x3, 0xee, 0x30, 0x0, 0x0,
    0x0, 0x0, 0x0, 0x0, 0x0, 0x0, 0x0, 0x0,
    0x0, 0xaf, 0xff, 0xff, 0xff, 0xfa, 0x8d, 0xdd,
    0xdd, 0xdd, 0xd8, 0x0, 0x0, 0x0, 0x0, 0x0,
    0x0, 0x2, 0xbb, 0x20, 0x0, 0x0, 0x7, 0xff,
    0x70, 0x0, 0x0, 0x3, 0xee, 0x30, 0x0,

    /* U+00F8 "ø" */
    0x0, 0x0, 0x0, 0x0, 0x5, 0x10, 0x0, 0x7d,
    0xfe, 0x95, 0xf9, 0x0, 0xbf, 0xfd, 0xef, 0xfd,
    0x0, 0x6f, 0xe2, 0x0, 0xef, 0xb0, 0xc, 0xf6,
    0x0, 0x9f, 0xff, 0x20, 0xff, 0x30, 0x6f, 0x6d,
    0xf5, 0xf, 0xf3, 0x3f, 0x90, 0xcf, 0x60, 0xff,
    0x5e, 0xb0, 0xc, 0xf5, 0xc, 0xff, 0xd1, 0x0,
    0xff, 0x20, 0x5f, 0xf4, 0x0, 0x9f, 0xc0, 0x8,
    0xff, 0xfd, 0xef, 0xe2, 0x3, 0xfa, 0x6d, 0xfe,
    0xa2, 0x0, 0x6, 0x0, 0x0, 0x0, 0x0, 0x0,

    /* U+00F9 "ù" */
    0x0, 0x6, 0x20, 0x0, 0x0, 0x0, 0x8f, 0xa0,
    0x0, 0x0, 0x0, 0x1e, 0xf2, 0x0, 0x0, 0x0,
    0x4, 0xfa, 0x0, 0x0, 0x0, 0x0, 0x73, 0x0,
    0x0, 0x0, 0x0, 0x0, 0x0, 0x0, 0x8f, 0xa0,
    0x0, 0x2f, 0xf0, 0x8f, 0xa0, 0x0, 0x2f, 0xf0,
    0x8f, 0xa0, 0x0, 0x2f, 0xf0, 0x8f, 0xa0, 0x0,
    0x2f, 0xf0, 0x8f, 0xa0, 0x0, 0x2f, 0xf0, 0x8f,
    0xa0, 0x0, 0x2f, 0xf0, 0x8f, 0xa0, 0x0, 0x2f,
    0xf0, 0x7f, 0xc0, 0x0, 0x3f, 0xf0, 0x4f, 0xf4,
    0x1, 0xbf, 0xf0, 0xd, 0xff, 0xff, 0xaf, 0xf0,
    0x2, 0xbf, 0xe8, 0x2f, 0xf0,

    /* U+00FA "ú" */
    0x0, 0x0, 0x6, 0x20, 0x0, 0x0, 0x0, 0x2f,
    0xf1, 0x0, 0x0, 0x0, 0xaf, 0x70, 0x0, 0x0,
    0x2, 0xfc, 0x0, 0x0, 0x0, 0x0, 0x72, 0x0,
    0x0, 0x0, 0x0, 0x0, 0x0, 0x0, 0x8f, 0xa0,
    0x0, 0x2f, 0xf0, 0x8f, 0xa0, 0x0, 0x2f, 0xf0,
    0x8f, 0xa0, 0x0, 0x2f, 0xf0, 0x8f, 0xa0, 0x0,
    0x2f, 0xf0, 0x8f, 0xa0, 0x0, 0x2f, 0xf0, 0x8f,
    0xa0, 0x0, 0x2f, 0xf0, 0x8f, 0xa0, 0x0, 0x2f,
    0xf0, 0x7f, 0xc0, 0x0, 0x3f, 0xf0, 0x4f, 0xf4,
    0x1, 0xbf, 0xf0, 0xd, 0xff, 0xff, 0xaf, 0xf0,
    0x2, 0xbf, 0xe8, 0x2f, 0xf0,

    /* U+00FB "û" */
    0x0, 0x4, 0x87, 0x0, 0x0, 0x0, 0x2f, 0xff,
    0x90, 0x0, 0x0, 0xcf, 0x7c, 0xf5, 0x0, 0x7,
    0xf7, 0x1, 0xdf, 0x10, 0x0, 0x50, 0x0, 0x14,
    0x0, 0x0, 0x0, 0x0, 0x0, 0x0, 0x8f, 0xa0,
    0x0, 0x2f, 0xf0, 0x8f, 0xa0, 0x0, 0x2f, 0xf0,
    0x8f, 0xa0, 0x0, 0x2f, 0xf0, 0x8f, 0xa0, 0x0,
    0x2f, 0xf0, 0x8f, 0xa0, 0x0, 0x2f, 0xf0, 0x8f,
    0xa0, 0x0, 0x2f, 0xf0, 0x8f, 0xa0, 0x0, 0x2f,
    0xf0, 0x7f, 0xc0, 0x0, 0x3f, 0xf0, 0x4f, 0xf4,
    0x1, 0xbf, 0xf0, 0xd, 0xff, 0xff, 0xaf, 0xf0,
    0x2, 0xbf, 0xe8, 0x2f, 0xf0,

    /* U+00FC "ü" */
    0x4, 0xfb, 0x4, 0xfb, 0x0, 0x7, 0xff, 0x7,
    0xff, 0x0, 0x1, 0x85, 0x1, 0x85, 0x0, 0x0,
    0x0, 0x0, 0x0, 0x0, 0x8f, 0xa0, 0x0, 0x2f,
    0xf0, 0x8f, 0xa0, 0x0, 0x2f, 0xf0, 0x8f, 0xa0,
    0x0, 0x2f, 0xf0, 0x8f, 0xa0, 0x0, 0x2f, 0xf0,
    0x8f, 0xa0, 0x0, 0x2f, 0xf0, 0x8f, 0xa0, 0x0,
    0x2f, 0xf0, 0x8f, 0xa0, 0x0, 0x2f, 0xf0, 0x7f,
    0xc0, 0x0, 0x3f, 0xf0, 0x4f, 0xf4, 0x1, 0xbf,
    0xf0, 0xd, 0xff, 0xff, 0xaf, 0xf0, 0x2, 0xbf,
    0xe8, 0x2f, 0xf0,

    /* U+00FD "ý" */
    0x0, 0x0, 0x3, 0x50, 0x0, 0x0, 0x0, 0x0,
    0xbf, 0x80, 0x0, 0x0, 0x0, 0x3f, 0xd0, 0x0,
    0x0, 0x0, 0xb, 0xf3, 0x0, 0x0, 0x0, 0x0,
    0x46, 0x0, 0x0, 0x0, 0x0, 0x0, 0x0, 0x0,
    0x0, 0x9f, 0x90, 0x0, 0x3, 0xfd, 0x4, 0xfe,
    0x0, 0x0, 0x8f, 0x80, 0xe, 0xf3, 0x0, 0xd,
    0xf3, 0x0, 0x9f, 0x80, 0x3, 0xfd, 0x0, 0x4,
    0xfe, 0x0, 0x8f, 0x80, 0x0, 0xe, 0xf3, 0xd,
    0xf2, 0x0, 0x0, 0x9f, 0x82, 0xfd, 0x0, 0x0,
    0x4, 0xfc, 0x7f, 0x80, 0x0, 0x0, 0xe, 0xfc,
    0xf2, 0x0, 0x0, 0x0, 0x9f, 0xfd, 0x0, 0x0,
    0x0, 0x4, 0xff, 0x70, 0x0, 0x0, 0x0, 0x1f,
    0xf2, 0x0, 0x0, 0x0, 0x5, 0xfd, 0x0, 0x0,
    0x0, 0x4d, 0xef, 0x60, 0x0, 0x0, 0x5, 0xff,
    0x90, 0x0, 0x0, 0x0,

    /* U+00FE "þ" */
    0x7f, 0xb0, 0x0, 0x0, 0x0, 0x7f, 0xb0, 0x0,
    0x0, 0x0, 0x7f, 0xb0, 0x0, 0x0, 0x0, 0x7f,
    0xb0, 0x0, 0x0, 0x0, 0x7f, 0xb2, 0xbf, 0xe9,
    0x0, 0x7f, 0xcd, 0xff, 0xff, 0xc0, 0x7f, 0xf7,
    0x0, 0x6f, 0xf5, 0x7f, 0xc0, 0x0, 0xa, 0xfa,
    0x7f, 0xb0, 0x0, 0x6, 0xfd, 0x7f, 0xb0, 0x0,
    0x6, 0xfe, 0x7f, 0xb0, 0x0, 0x6, 0xfd, 0x7f,
    0xc0, 0x0, 0xa, 0xfa, 0x7f, 0xf6, 0x0, 0x5f,
    0xf5, 0x7f, 0xcd, 0xff, 0xff, 0xc0, 0x7f, 0xb2,
    0xbf, 0xe9, 0x0, 0x7f, 0xb0, 0x0, 0x0, 0x0,
    0x7f, 0xb0, 0x0, 0x0, 0x0, 0x7f, 0xb0, 0x0,
    0x0, 0x0, 0x7f, 0xb0, 0x0, 0x0, 0x0,

    /* U+00FF "ÿ" */
    0x0, 0xcf, 0x30, 0xcf, 0x30, 0x0, 0xf, 0xf6,
    0xf, 0xf6, 0x0, 0x0, 0x58, 0x0, 0x58, 0x0,
    0x0, 0x0, 0x0, 0x0, 0x0, 0x0, 0x9f, 0x90,
    0x0, 0x3, 0xfd, 0x4, 0xfe, 0x0, 0x0, 0x8f,
    0x80, 0xe, 0xf3, 0x0, 0xd, 0xf3, 0x0, 0x9f,
    0x80, 0x3, 0xfd, 0x0, 0x4, 0xfe, 0x0, 0x8f,
    0x80, 0x0, 0xe, 0xf3, 0xd, 0xf2, 0x0, 0x0,
    0x9f, 0x82, 0xfd, 0x0, 0x0, 0x4, 0xfc, 0x7f,
    0x80, 0x0, 0x0, 0xe, 0xfc, 0xf2, 0x0, 0x0,
    0x0, 0x9f, 0xfd, 0x0, 0x0, 0x0, 0x4, 0xff,
    0x70, 0x0, 0x0, 0x0, 0x1f, 0xf2, 0x0, 0x0,
    0x0, 0x5, 0xfd, 0x0, 0x0, 0x0, 0x4d, 0xef,
    0x60, 0x0, 0x0, 0x5, 0xff, 0x90, 0x0, 0x0,
    0x0,

    /* U+2018 "‘" */
    0x3, 0xf7, 0xd, 0xb0, 0x5f, 0x70, 0x9f, 0xf1,
    0x9f, 0xf2, 0x18, 0x60,

    /* U+2019 "’" */
    0x3, 0xed, 0x10, 0x7f, 0xf5, 0x3, 0xff, 0x30,
    0xc, 0xe0, 0x4, 0xf5, 0x0, 0x86, 0x0,

    /* U+201A "‚" */
    0x1, 0x86, 0x0, 0x8f, 0xf3, 0x7, 0xff, 0x30,
    0xd, 0xf0, 0x2, 0xf8, 0x0, 0xcc, 0x0,

    /* U+201C "“" */
    0x3, 0xf7, 0x0, 0xcc, 0x0, 0xdb, 0x0, 0x9f,
    0x10, 0x5f, 0x70, 0x1f, 0xc0, 0x9, 0xff, 0x14,
    0xff, 0x60, 0x9f, 0xf2, 0x4f, 0xf7, 0x1, 0x86,
    0x0, 0x78, 0x10,

    /* U+201D "”" */
    0x3, 0xed, 0x10, 0xcf, 0x50, 0x7f, 0xf5, 0x2f,
    0xfa, 0x3, 0xff, 0x30, 0xdf, 0x80, 0xc, 0xe0,
    0x7, 0xf3, 0x4, 0xf5, 0x1, 0xea, 0x0, 0x86,
    0x0, 0x58, 0x0,

    /* U+2022 "•" */
    0x1, 0x55, 0x20, 0x2f, 0xff, 0xf4, 0x8f, 0xff,
    0xfb, 0x9f, 0xff, 0xfc, 0x6f, 0xff, 0xf9, 0x9,
    0xef, 0xb1,

    /* U+2026 "…" */
    0x1, 0x0, 0x0, 0x1, 0x0, 0x0, 0x0, 0x5,
    0xff, 0x20, 0xc, 0xf9, 0x0, 0x3f, 0xf3, 0x8f,
    0xf5, 0x0, 0xff, 0xd0, 0x6, 0xff, 0x63, 0xed,
    0x10, 0xa, 0xf8, 0x0, 0x2e, 0xe2
};


/*---------------------
 *  GLYPH DESCRIPTION
 *--------------------*/

static const lv_font_fmt_txt_glyph_dsc_t glyph_dsc[] = {
    {.bitmap_index = 0, .adv_w = 0, .box_w = 0, .box_h = 0, .ofs_x = 0, .ofs_y = 0} /* id = 0 reserved */,
    {.bitmap_index = 0, .adv_w = 76, .box_w = 0, .box_h = 0, .ofs_x = 0, .ofs_y = 0},
    {.bitmap_index = 0, .adv_w = 96, .box_w = 4, .box_h = 14, .ofs_x = 1, .ofs_y = 0},
    {.bitmap_index = 28, .adv_w = 144, .box_w = 7, .box_h = 7, .ofs_x = 1, .ofs_y = 8},
    {.bitmap_index = 53, .adv_w = 217, .box_w = 13, .box_h = 14, .ofs_x = 0, .ofs_y = 0},
    {.bitmap_index = 144, .adv_w = 192, .box_w = 11, .box_h = 18, .ofs_x = 0, .ofs_y = -2},
    {.bitmap_index = 243, .adv_w = 303, .box_w = 17, .box_h = 14, .ofs_x = 1, .ofs_y = 0},
    {.bitmap_index = 362, .adv_w = 226, .box_w = 13, .box_h = 14, .ofs_x = 1, .ofs_y = 0},
    {.bitmap_index = 453, .adv_w = 81, .box_w = 3, .box_h = 7, .ofs_x = 1, .ofs_y = 8},
    {.bitmap_index = 464, .adv_w = 108, .box_w = 6, .box_h = 19, .ofs_x = 1, .ofs_y = -4},
    {.bitmap_index = 521, .adv_w = 108, .box_w = 7, .box_h = 19, .ofs_x = -1, .ofs_y = -4},
    {.bitmap_index = 588, .adv_w = 164, .box_w = 10, .box_h = 9, .ofs_x = 0, .ofs_y = 6},
    {.bitmap_index = 633, .adv_w = 192, .box_w = 10, .box_h = 11, .ofs_x = 1, .ofs_y = 1},
    {.bitmap_index = 688, .adv_w = 92, .box_w = 5, .box_h = 6, .ofs_x = 0, .ofs_y = -3},
    {.bitmap_index = 703, .adv_w = 128, .box_w = 6, .box_h = 3, .ofs_x = 1, .ofs_y = 5},
    {.bitmap_index = 712, .adv_w = 92, .box_w = 4, .box_h = 4, .ofs_x = 1, .ofs_y = 0},
    {.bitmap_index = 720, .adv_w = 133, .box_w = 8, .box_h = 19, .ofs_x = 0, .ofs_y = -4},
    {.bitmap_index = 796, .adv_w = 192, .box_w = 12, .box_h = 14, .ofs_x = 0, .ofs_y = 0},
    {.bitmap_index = 880, .adv_w = 192, .box_w = 12, .box_h = 14, .ofs_x = 0, .ofs_y = 0},
    {.bitmap_index = 964, .adv_w = 192, .box_w = 10, .box_h = 14, .ofs_x = 1, .ofs_y = 0},
    {.bitmap_index = 1034, .adv_w = 192, .box_w = 11, .box_h = 14, .ofs_x = 0, .ofs_y = 0},
    {.bitmap_index = 1111, .adv_w = 192, .box_w = 12, .box_h = 14, .ofs_x = 0, .ofs_y = 0},
    {.bitmap_index = 1195, .adv_w = 192, .box_w = 10, .box_h = 14, .ofs_x = 1, .ofs_y = 0},
    {.bitmap_index = 1265, .adv_w = 192, .box_w = 10, .box_h = 14, .ofs_x = 1, .ofs_y = 0},
    {.bitmap_index = 1335, .adv_w = 192, .box_w = 10, .box_h = 14, .ofs_x = 1, .ofs_y = 0},
    {.bitmap_index = 1405, .adv_w = 192, .box_w = 10, .box_h = 14, .ofs_x = 1, .ofs_y = 0},
    {.bitmap_index = 1475, .adv_w = 192, .box_w = 10, .box_h = 14, .ofs_x = 1, .ofs_y = 0},
    {.bitmap_index = 1545, .adv_w = 99, .box_w = 4, .box_h = 11, .ofs_x = 1, .ofs_y = 0},
    {.bitmap_index = 1567, .adv_w = 99, .box_w = 5, .box_h = 14, .ofs_x = 0, .ofs_y = -3},
    {.bitmap_index = 1602, .adv_w = 192, .box_w = 10, .box_h = 14, .ofs_x = 1, .ofs_y = -1},
    {.bitmap_index = 1672, .adv_w = 192, .box_w = 10, .box_h = 6, .ofs_x = 1, .ofs_y = 3},
    {.bitmap_index = 1702, .adv_w = 192, .box_w = 10, .box_h = 14, .ofs_x = 1, .ofs_y = -1},
    {.bitmap_index = 1772, .adv_w = 156, .box_w = 10, .box_h = 14, .ofs_x = 0, .ofs_y = 0},
    {.bitmap_index = 1842, .adv_w = 287, .box_w = 16, .box_h = 16, .ofs_x = 1, .ofs_y = -2},
    {.bitmap_index = 1970, .adv_w = 211, .box_w = 13, .box_h = 14, .ofs_x = 0, .ofs_y = 0},
    {.bitmap_index = 2061, .adv_w = 211, .box_w = 12, .box_h = 14, .ofs_x = 1, .ofs_y = 0},
    {.bitmap_index = 2145, .adv_w = 203, .box_w = 11, .box_h = 14, .ofs_x = 1, .ofs_y = 0},
    {.bitmap_index = 2222, .adv_w = 218, .box_w = 12, .box_h = 14, .ofs_x = 1, .ofs_y = 0},
    {.bitmap_index = 2306, .adv_w = 190, .box_w = 10, .box_h = 14, .ofs_x = 1, .ofs_y = 0},
    {.bitmap_index = 2376, .adv_w = 182, .box_w = 10, .box_h = 14, .ofs_x = 1, .ofs_y = 0},
    {.bitmap_index = 2446, .adv_w = 226, .box_w = 12, .box_h = 14, .ofs_x = 1, .ofs_y = 0},
    {.bitmap_index = 2530, .adv_w = 228, .box_w = 12, .box_h = 14, .ofs_x = 1, .ofs_y = 0},
    {.bitmap_index = 2614, .adv_w = 132, .box_w = 7, .box_h = 14, .ofs_x = 1, .ofs_y = 0},
    {.bitmap_index = 2663, .adv_w = 170, .box_w = 9, .box_h = 14, .ofs_x = 0, .ofs_y = 0},
    {.bitmap_index = 2726, .adv_w = 211, .box_w = 12, .box_h = 14, .ofs_x = 1, .ofs_y = 0},
    {.bitmap_index = 2810, .adv_w = 164, .box_w = 9, .box_h = 14, .ofs_x = 1, .ofs_y = 0},
    {.bitmap_index = 2873, .adv_w = 261, .box_w = 14, .box_h = 14, .ofs_x = 1, .ofs_y = 0},
    {.bitmap_index = 2971, .adv_w = 228, .box_w = 12, .box_h = 14, .ofs_x = 1, .ofs_y = 0},
    {.bitmap_index = 3055, .adv_w = 228, .box_w = 13, .box_h = 14, .ofs_x = 1, .ofs_y = 0},
    {.bitmap_index = 3146, .adv_w = 201, .box_w = 11, .box_h = 14, .ofs_x = 1, .ofs_y = 0},
    {.bitmap_index = 3223, .adv_w = 228, .box_w = 13, .box_h = 18, .ofs_x = 1, .ofs_y = -4},
    {.bitmap_index = 3340, .adv_w = 210, .box_w = 12, .box_h = 14, .ofs_x = 1, .ofs_y = 0},
    {.bitmap_index = 3424, .adv_w = 192, .box_w = 11, .box_h = 14, .ofs_x = 0, .ofs_y = 0},
    {.bitmap_index = 3501, .adv_w = 185, .box_w = 12, .box_h = 14, .ofs_x = 0, .ofs_y = 0},
    {.bitmap_index = 3585, .adv_w = 219, .box_w = 12, .box_h = 14, .ofs_x = 1, .ofs_y = 0},
    {.bitmap_index = 3669, .adv_w = 201, .box_w = 13, .box_h = 14, .ofs_x = 0, .ofs_y = 0},
    {.bitmap_index = 3760, .adv_w = 296, .box_w = 19, .box_h = 14, .ofs_x = 0, .ofs_y = 0},
    {.bitmap_index = 3893, .adv_w = 204, .box_w = 13, .box_h = 14, .ofs_x = 0, .ofs_y = 0},
    {.bitmap_index = 3984, .adv_w = 197, .box_w = 13, .box_h = 14, .ofs_x = 0, .ofs_y = 0},
    {.bitmap_index = 4075, .adv_w = 189, .box_w = 12, .box_h = 14, .ofs_x = 0, .ofs_y = 0},
    {.bitmap_index = 4159, .adv_w = 104, .box_w = 5, .box_h = 19, .ofs_x = 1, .ofs_y = -4},
    {.bitmap_index = 4207, .adv_w = 133, .box_w = 9, .box_h = 19, .ofs_x = 0, .ofs_y = -4},
    {.bitmap_index = 4293, .adv_w = 104, .box_w = 4, .box_h = 19, .ofs_x = 1, .ofs_y = -4},
    {.bitmap_index = 4331, .adv_w = 192, .box_w = 12, .box_h = 9, .ofs_x = 0, .ofs_y = 5},
    {.bitmap_index = 4385, .adv_w = 180, .box_w = 11, .box_h = 2, .ofs_x = 0, .ofs_y = -4},
    {.bitmap_index = 4396, .adv_w = 192, .box_w = 5, .box_h = 5, .ofs_x = 3, .ofs_y = 12},
    {.bitmap_index = 4409, .adv_w = 176, .box_w = 11, .box_h = 11, .ofs_x = 0, .ofs_y = 0},
    {.bitmap_index = 4470, .adv_w = 189, .box_w = 10, .box_h = 15, .ofs_x = 1, .ofs_y = 0},
    {.bitmap_index = 4545, .adv_w = 163, .box_w = 10, .box_h = 11, .ofs_x = 0, .ofs_y = 0},
    {.bitmap_index = 4600, .adv_w = 189, .box_w = 11, .box_h = 15, .ofs_x = 0, .ofs_y = 0},
    {.bitmap_index = 4683, .adv_w = 178, .box_w = 11, .box_h = 11, .ofs_x = 0, .ofs_y = 0},
    {.bitmap_index = 4744, .adv_w = 109, .box_w = 7, .box_h = 15, .ofs_x = 0, .ofs_y = 0},
    {.bitmap_index = 4797, .adv_w = 172, .box_w = 11, .box_h = 17, .ofs_x = 0, .ofs_y = -4},
    {.bitmap_index = 4891, .adv_w = 186, .box_w = 10, .box_h = 15, .ofs_x = 1, .ofs_y = 0},
    {.bitmap_index = 4966, .adv_w = 85, .box_w = 3, .box_h = 15, .ofs_x = 1, .ofs_y = 0},
    {.bitmap_index = 4989, .adv_w = 85, .box_w = 5, .box_h = 19, .ofs_x = -1, .ofs_y = -4},
    {.bitmap_index = 5037, .adv_w = 175, .box_w = 10, .box_h = 15, .ofs_x = 1, .ofs_y = 0},
    {.bitmap_index = 5112, .adv_w = 91, .box_w = 5, .box_h = 15, .ofs_x = 1, .ofs_y = 0},
    {.bitmap_index = 5150, .adv_w = 282, .box_w = 16, .box_h = 11, .ofs_x = 1, .ofs_y = 0},
    {.bitmap_index = 5238, .adv_w = 186, .box_w = 10, .box_h = 11, .ofs_x = 1, .ofs_y = 0},
    {.bitmap_index = 5293, .adv_w = 180, .box_w = 11, .box_h = 11, .ofs_x = 0, .ofs_y = 0},
    {.bitmap_index = 5354, .adv_w = 189, .box_w = 10, .box_h = 15, .ofs_x = 1, .ofs_y = -4},
    {.bitmap_index = 5429, .adv_w = 189, .box_w = 11, .box_h = 15, .ofs_x = 0, .ofs_y = -4},
    {.bitmap_index = 5512, .adv_w = 123, .box_w = 7, .box_h = 11, .ofs_x = 1, .ofs_y = 0},
    {.bitmap_index = 5551, .adv_w = 158, .box_w = 9, .box_h = 11, .ofs_x = 0, .ofs_y = 0},
    {.bitmap_index = 5601, .adv_w = 117, .box_w = 7, .box_h = 14, .ofs_x = 0, .ofs_y = 0},
    {.bitmap_index = 5650, .adv_w = 186, .box_w = 10, .box_h = 11, .ofs_x = 1, .ofs_y = 0},
    {.bitmap_index = 5705, .adv_w = 164, .box_w = 10, .box_h = 11, .ofs_x = 0, .ofs_y = 0},
    {.bitmap_index = 5760, .adv_w = 256, .box_w = 16, .box_h = 11, .ofs_x = 0, .ofs_y = 0},
    {.bitmap_index = 5848, .adv_w = 170, .box_w = 11, .box_h = 11, .ofs_x = 0, .ofs_y = 0},
    {.bitmap_index = 5909, .adv_w = 164, .box_w = 11, .box_h = 15, .ofs_x = 0, .ofs_y = -4},
    {.bitmap_index = 5992, .adv_w = 156, .box_w = 10, .box_h = 11, .ofs_x = 0, .ofs_y = 0},
    {.bitmap_index = 6047, .adv_w = 114, .box_w = 6, .box_h = 19, .ofs_x = 0, .ofs_y = -4},
    {.bitmap_index = 6104, .adv_w = 113, .box_w = 3, .box_h = 19, .ofs_x = 2, .ofs_y = -4},
    {.bitmap_index = 6133, .adv_w = 114, .box_w = 6, .box_h = 19, .ofs_x = 1, .ofs_y = -4},
    {.bitmap_index = 6190, .adv_w = 192, .box_w = 10, .box_h = 3, .ofs_x = 1, .ofs_y = 5},
    {.bitmap_index = 6205, .adv_w = 76, .box_w = 0, .box_h = 0, .ofs_x = 0, .ofs_y = 0},
    {.bitmap_index = 6205, .adv_w = 96, .box_w = 4, .box_h = 15, .ofs_x = 1, .ofs_y = -4},
    {.bitmap_index = 6235, .adv_w = 170, .box_w = 10, .box_h = 16, .ofs_x = 0, .ofs_y = -2},
    {.bitmap_index = 6315, .adv_w = 188, .box_w = 12, .box_h = 14, .ofs_x = 0, .ofs_y = 0},
    {.bitmap_index = 6399, .adv_w = 198, .box_w = 13, .box_h = 13, .ofs_x = 0, .ofs_y = 0},
    {.bitmap_index = 6484, .adv_w = 200, .box_w = 12, .box_h = 14, .ofs_x = 0, .ofs_y = 0},
    {.bitmap_index = 6568, .adv_w = 113, .box_w = 3, .box_h = 19, .ofs_x = 2, .ofs_y = -4},
    {.bitmap_index = 6597, .adv_w = 185, .box_w = 10, .box_h = 18, .ofs_x = 1, .ofs_y = -4},
    {.bitmap_index = 6687, .adv_w = 192, .box_w = 8, .box_h = 3, .ofs_x = 2, .ofs_y = 13},
    {.bitmap_index = 6699, .adv_w = 251, .box_w = 14, .box_h = 17, .ofs_x = 1, .ofs_y = -1},
    {.bitmap_index = 6818, .adv_w = 134, .box_w = 8, .box_h = 7, .ofs_x = 0, .ofs_y = 7},
    {.bitmap_index = 6846, .adv_w = 170, .box_w = 10, .box_h = 10, .ofs_x = 0, .ofs_y = 1},
    {.bitmap_index = 6896, .adv_w = 192, .box_w = 10, .box_h = 6, .ofs_x = 1, .ofs_y = 1},
    {.bitmap_index = 6926, .adv_w = 0, .box_w = 0, .box_h = 0, .ofs_x = 0, .ofs_y = 0},
    {.bitmap_index = 6926, .adv_w = 151, .box_w = 9, .box_h = 9, .ofs_x = 0, .ofs_y = 6},
    {.bitmap_index = 6967, .adv_w = 192, .box_w = 6, .box_h = 2, .ofs_x = 3, .ofs_y = 13},
    {.bitmap_index = 6973, .adv_w = 150, .box_w = 8, .box_h = 8, .ofs_x = 1, .ofs_y = 7},
    {.bitmap_index = 7005, .adv_w = 192, .box_w = 10, .box_h = 13, .ofs_x = 1, .ofs_y = 0},
    {.bitmap_index = 7070, .adv_w = 111, .box_w = 7, .box_h = 7, .ofs_x = 0, .ofs_y = 7},
    {.bitmap_index = 7095, .adv_w = 111, .box_w = 7, .box_h = 7, .ofs_x = 0, .ofs_y = 7},
    {.bitmap_index = 7120, .adv_w = 192, .box_w = 5, .box_h = 5, .ofs_x = 4, .ofs_y = 12},
    {.bitmap_index = 7133, .adv_w = 187, .box_w = 10, .box_h = 15, .ofs_x = 1, .ofs_y = -4},
    {.bitmap_index = 7208, .adv_w = 212, .box_w = 12, .box_h = 18, .ofs_x = 0, .ofs_y = -4},
    {.bitmap_index = 7316, .adv_w = 109, .box_w = 4, .box_h = 4, .ofs_x = 1, .ofs_y = 5},
    {.bitmap_index = 7324, .adv_w = 192, .box_w = 5, .box_h = 6, .ofs_x = 4, .ofs_y = -5},
    {.bitmap_index = 7339, .adv_w = 113, .box_w = 7, .box_h = 7, .ofs_x = 0, .ofs_y = 7},
    {.bitmap_index = 7364, .adv_w = 132, .box_w = 8, .box_h = 7, .ofs_x = 0, .ofs_y = 7},
    {.bitmap_index = 7392, .adv_w = 170, .box_w = 9, .box_h = 10, .ofs_x = 1, .ofs_y = 1},
    {.bitmap_index = 7437, .adv_w = 270, .box_w = 17, .box_h = 15, .ofs_x = 0, .ofs_y = 0},
    {.bitmap_index = 7565, .adv_w = 277, .box_w = 17, .box_h = 16, .ofs_x = 0, .ofs_y = -1},
    {.bitmap_index = 7701, .adv_w = 264, .box_w = 17, .box_h = 16, .ofs_x = 0, .ofs_y = 0},
    {.bitmap_index = 7837, .adv_w = 153, .box_w = 10, .box_h = 15, .ofs_x = 0, .ofs_y = -4},
    {.bitmap_index = 7912, .adv_w = 211, .box_w = 13, .box_h = 20, .ofs_x = 0, .ofs_y = 0},
    {.bitmap_index = 8042, .adv_w = 211, .box_w = 13, .box_h = 20, .ofs_x = 0, .ofs_y = 0},
    {.bitmap_index = 8172, .adv_w = 211, .box_w = 13, .box_h = 20, .ofs_x = 0, .ofs_y = 0},
    {.bitmap_index = 8302, .adv_w = 211, .box_w = 13, .box_h = 19, .ofs_x = 0, .ofs_y = 0},
    {.bitmap_index = 8426, .adv_w = 211, .box_w = 13, .box_h = 19, .ofs_x = 0, .ofs_y = 0},
    {.bitmap_index = 8550, .adv_w = 211, .box_w = 13, .box_h = 21, .ofs_x = 0, .ofs_y = 0},
    {.bitmap_index = 8687, .adv_w = 299, .box_w = 18, .box_h = 14, .ofs_x = 0, .ofs_y = 0},
    {.bitmap_index = 8813, .adv_w = 203, .box_w = 11, .box_h = 18, .ofs_x = 1, .ofs_y = -4},
    {.bitmap_index = 8912, .adv_w = 190, .box_w = 10, .box_h = 20, .ofs_x = 1, .ofs_y = 0},
    {.bitmap_index = 9012, .adv_w = 190, .box_w = 10, .box_h = 20, .ofs_x = 1, .ofs_y = 0},
    {.bitmap_index = 9112, .adv_w = 190, .box_w = 10, .box_h = 20, .ofs_x = 1, .ofs_y = 0},
    {.bitmap_index = 9212, .adv_w = 190, .box_w = 10, .box_h = 19, .ofs_x = 1, .ofs_y = 0},
    {.bitmap_index = 9307, .adv_w = 132, .box_w = 7, .box_h = 20, .ofs_x = 1, .ofs_y = 0},
    {.bitmap_index = 9377, .adv_w = 132, .box_w = 7, .box_h = 20, .ofs_x = 1, .ofs_y = 0},
    {.bitmap_index = 9447, .adv_w = 132, .box_w = 8, .box_h = 20, .ofs_x = 0, .ofs_y = 0},
    {.bitmap_index = 9527, .adv_w = 132, .box_w = 8, .box_h = 19, .ofs_x = 0, .ofs_y = 0},
    {.bitmap_index = 9603, .adv_w = 220, .box_w = 13, .box_h = 14, .ofs_x = 0, .ofs_y = 0},
    {.bitmap_index = 9694, .adv_w = 228, .box_w = 12, .box_h = 19, .ofs_x = 1, .ofs_y = 0},
    {.bitmap_index = 9808, .adv_w = 228, .box_w = 13, .box_h = 20, .ofs_x = 1, .ofs_y = 0},
    {.bitmap_index = 9938, .adv_w = 228, .box_w = 13, .box_h = 20, .ofs_x = 1, .ofs_y = 0},
    {.bitmap_index = 10068, .adv_w = 228, .box_w = 13, .box_h = 20, .ofs_x = 1, .ofs_y = 0},
    {.bitmap_index = 10198, .adv_w = 228, .box_w = 13, .box_h = 19, .ofs_x = 1, .ofs_y = 0},
    {.bitmap_index = 10322, .adv_w = 228, .box_w = 13, .box_h = 19, .ofs_x = 1, .ofs_y = 0},
    {.bitmap_index = 10446, .adv_w = 192, .box_w = 10, .box_h = 10, .ofs_x = 1, .ofs_y = 1},
    {.bitmap_index = 10496, .adv_w = 228, .box_w = 13, .box_h = 16, .ofs_x = 1, .ofs_y = -1},
    {.bitmap_index = 10600, .adv_w = 219, .box_w = 12, .box_h = 20, .ofs_x = 1, .ofs_y = 0},
    {.bitmap_index = 10720, .adv_w = 219, .box_w = 12, .box_h = 20, .ofs_x = 1, .ofs_y = 0},
    {.bitmap_index = 10840, .adv_w = 219, .box_w = 12, .box_h = 20, .ofs_x = 1, .ofs_y = 0},
    {.bitmap_index = 10960, .adv_w = 219, .box_w = 12, .box_h = 19, .ofs_x = 1, .ofs_y = 0},
    {.bitmap_index = 11074, .adv_w = 197, .box_w = 13, .box_h = 20, .ofs_x = 0, .ofs_y = 0},
    {.bitmap_index = 11204, .adv_w = 201, .box_w = 11, .box_h = 14, .ofs_x = 1, .ofs_y = 0},
    {.bitmap_index = 11281, .adv_w = 212, .box_w = 13, .box_h = 15, .ofs_x = 0, .ofs_y = 0},
    {.bitmap_index = 11379, .adv_w = 176, .box_w = 11, .box_h = 17, .ofs_x = 0, .ofs_y = 0},
    {.bitmap_index = 11473, .adv_w = 176, .box_w = 11, .box_h = 17, .ofs_x = 0, .ofs_y = 0},
    {.bitmap_index = 11567, .adv_w = 176, .box_w = 11, .box_h = 17, .ofs_x = 0, .ofs_y = 0},
    {.bitmap_index = 11661, .adv_w = 176, .box_w = 11, .box_h = 15, .ofs_x = 0, .ofs_y = 0},
    {.bitmap_index = 11744, .adv_w = 176, .box_w = 11, .box_h = 15, .ofs_x = 0, .ofs_y = 0},
    {.bitmap_index = 11827, .adv_w = 176, .box_w = 11, .box_h = 18, .ofs_x = 0, .ofs_y = 0},
    {.bitmap_index = 11926, .adv_w = 276, .box_w = 17, .box_h = 11, .ofs_x = 0, .ofs_y = 0},
    {.bitmap_index = 12020, .adv_w = 163, .box_w = 10, .box_h = 15, .ofs_x = 0, .ofs_y = -4},
    {.bitmap_index = 12095, .adv_w = 178, .box_w = 11, .box_h = 17, .ofs_x = 0, .ofs_y = 0},
    {.bitmap_index = 12189, .adv_w = 178, .box_w = 11, .box_h = 17, .ofs_x = 0, .ofs_y = 0},
    {.bitmap_index = 12283, .adv_w = 178, .box_w = 11, .box_h = 17, .ofs_x = 0, .ofs_y = 0},
    {.bitmap_index = 12377, .adv_w = 178, .box_w = 11, .box_h = 15, .ofs_x = 0, .ofs_y = 0},
    {.bitmap_index = 12460, .adv_w = 85, .box_w = 4, .box_h = 17, .ofs_x = 0, .ofs_y = 0},
    {.bitmap_index = 12494, .adv_w = 85, .box_w = 5, .box_h = 17, .ofs_x = 1, .ofs_y = 0},
    {.bitmap_index = 12537, .adv_w = 85, .box_w = 8, .box_h = 16, .ofs_x = -1, .ofs_y = 0},
    {.bitmap_index = 12601, .adv_w = 85, .box_w = 7, .box_h = 15, .ofs_x = -1, .ofs_y = 0},
    {.bitmap_index = 12654, .adv_w = 184, .box_w = 11, .box_h = 16, .ofs_x = 0, .ofs_y = 0},
    {.bitmap_index = 12742, .adv_w = 186, .box_w = 10, .box_h = 15, .ofs_x = 1, .ofs_y = 0},
    {.bitmap_index = 12817, .adv_w = 180, .box_w = 11, .box_h = 17, .ofs_x = 0, .ofs_y = 0},
    {.bitmap_index = 12911, .adv_w = 180, .box_w = 11, .box_h = 17, .ofs_x = 0, .ofs_y = 0},
    {.bitmap_index = 13005, .adv_w = 180, .box_w = 11, .box_h = 17, .ofs_x = 0, .ofs_y = 0},
    {.bitmap_index = 13099, .adv_w = 180, .box_w = 11, .box_h = 15, .ofs_x = 0, .ofs_y = 0},
    {.bitmap_index = 13182, .adv_w = 180, .box_w = 11, .box_h = 15, .ofs_x = 0, .ofs_y = 0},
    {.bitmap_index = 13265, .adv_w = 192, .box_w = 10, .box_h = 11, .ofs_x = 1, .ofs_y = 1},
    {.bitmap_index = 13320, .adv_w = 182, .box_w = 11, .box_h = 13, .ofs_x = 0, .ofs_y = -1},
    {.bitmap_index = 13392, .adv_w = 186, .box_w = 10, .box_h = 17, .ofs_x = 1, .ofs_y = 0},
    {.bitmap_index = 13477, .adv_w = 186, .box_w = 10, .box_h = 17, .ofs_x = 1, .ofs_y = 0},
    {.bitmap_index = 13562, .adv_w = 186, .box_w = 10, .box_h = 17, .ofs_x = 1, .ofs_y = 0},
    {.bitmap_index = 13647, .adv_w = 186, .box_w = 10, .box_h = 15, .ofs_x = 1, .ofs_y = 0},
    {.bitmap_index = 13722, .adv_w = 164, .box_w = 11, .box_h = 21, .ofs_x = 0, .ofs_y = -4},
    {.bitmap_index = 13838, .adv_w = 189, .box_w = 10, .box_h = 19, .ofs_x = 1, .ofs_y = -4},
    {.bitmap_index = 13933, .adv_w = 164, .box_w = 11, .box_h = 19, .ofs_x = 0, .ofs_y = -4},
    {.bitmap_index = 14038, .adv_w = 91, .box_w = 4, .box_h = 6, .ofs_x = 1, .ofs_y = 9},
    {.bitmap_index = 14050, .adv_w = 91, .box_w = 5, .box_h = 6, .ofs_x = 0, .ofs_y = 9},
    {.bitmap_index = 14065, .adv_w = 92, .box_w = 5, .box_h = 6, .ofs_x = 0, .ofs_y = -2},
    {.bitmap_index = 14080, .adv_w = 160, .box_w = 9, .box_h = 6, .ofs_x = 1, .ofs_y = 9},
    {.bitmap_index = 14107, .adv_w = 160, .box_w = 9, .box_h = 6, .ofs_x = 0, .ofs_y = 9},
    {.bitmap_index = 14134, .adv_w = 132, .box_w = 6, .box_h = 6, .ofs_x = 1, .ofs_y = 4},
    {.bitmap_index = 14152, .adv_w = 270, .box_w = 15, .box_h = 4, .ofs_x = 1, .ofs_y = 0}
};

/*---------------------
 *  CHARACTER MAPPING
 *--------------------*/

static const uint16_t unicode_list_2[] = {
    0x0, 0x1, 0x2, 0x4, 0x5, 0xa, 0xe
};

/*Collect the unicode lists and glyph_id offsets*/
static const lv_font_fmt_txt_cmap_t cmaps[] =
{
    {
        .range_start = 32, .range_length = 95, .glyph_id_start = 1,
        .unicode_list = NULL, .glyph_id_ofs_list = NULL, .list_length = 0, .type = LV_FONT_FMT_TXT_CMAP_FORMAT0_TINY
    },
    {
        .range_start = 160, .range_length = 96, .glyph_id_start = 96,
        .unicode_list = NULL, .glyph_id_ofs_list = NULL, .list_length = 0, .type = LV_FONT_FMT_TXT_CMAP_FORMAT0_TINY
    },
    {
        .range_start = 8216, .range_length = 15, .glyph_id_start = 192,
        .unicode_list = unicode_list_2, .glyph_id_ofs_list = NULL, .list_length = 7, .type = LV_FONT_FMT_TXT_CMAP_SPARSE_TINY
    }
};



/*--------------------
 *  ALL CUSTOM DATA
 *--------------------*/

#if LVGL_VERSION_MAJOR == 8
/*Store all the custom data of the font*/
static  lv_font_fmt_txt_glyph_cache_t cache;
#endif

#if LVGL_VERSION_MAJOR >= 8
static const lv_font_fmt_txt_dsc_t font_dsc = {
#else
static lv_font_fmt_txt_dsc_t font_dsc = {
#endif
    .glyph_bitmap = glyph_bitmap,
    .glyph_dsc = glyph_dsc,
    .cmaps = cmaps,
    .kern_dsc = NULL,
    .kern_scale = 0,
    .cmap_num = 3,
    .bpp = 4,
    .kern_classes = 0,
    .bitmap_format = 0,
#if LVGL_VERSION_MAJOR == 8
    .cache = &cache
#endif
};



/*-----------------
 *  PUBLIC FONT
 *----------------*/

/*Initialize a public general font descriptor*/
#if LVGL_VERSION_MAJOR >= 8
const lv_font_t diskos_blue_sans_20 = {
#else
lv_font_t diskos_blue_sans_20 = {
#endif
    .get_glyph_dsc = lv_font_get_glyph_dsc_fmt_txt,    /*Function pointer to get glyph's data*/
    .get_glyph_bitmap = lv_font_get_bitmap_fmt_txt,    /*Function pointer to get glyph's bitmap*/
    .line_height = 26,          /*The maximum line height required by the font*/
    .base_line = 5,             /*Baseline measured from the bottom of the line*/
#if !(LVGL_VERSION_MAJOR == 6 && LVGL_VERSION_MINOR == 0)
    .subpx = LV_FONT_SUBPX_NONE,
#endif
#if LV_VERSION_CHECK(7, 4, 0) || LVGL_VERSION_MAJOR >= 8
    .underline_position = -2,
    .underline_thickness = 2,
#endif
    .dsc = &font_dsc,          /*The custom font data. Will be accessed by `get_glyph_bitmap/dsc` */
#if LV_VERSION_CHECK(8, 2, 0) || LVGL_VERSION_MAJOR >= 9
    .fallback = NULL,
#endif
    .user_data = NULL,
};



#endif /*#if DISKOS_BLUE_SANS_20*/

