/* SPDX-License-Identifier: OFL-1.1 */
/* Glyph data converted from JetBrains Mono (SIL OFL 1.1); licence text: licenses/OFL-1.1-JetBrainsMono.txt */
/*******************************************************************************
 * Size: 20 px
 * Bpp: 4
 * Opts: --font JetBrainsMono-VF-wght500.ttf --size 20 --bpp 4 --format lvgl --range 0x20-0x7E,0xA0-0xFF,0x2018-0x201D,0x2026,0x2022 --no-compress --force-fast-kern-format --lv-font-name diskos_term_ui_20 -o font_term_ui_20.c
 ******************************************************************************/

#ifdef LV_LVGL_H_INCLUDE_SIMPLE
#include "lvgl.h"
#else
#include "lvgl/lvgl.h"
#endif

#ifndef DISKOS_TERM_UI_20
#define DISKOS_TERM_UI_20 1
#endif

#if DISKOS_TERM_UI_20

/*-----------------
 *    BITMAPS
 *----------------*/

/*Store the image of the glyphs*/
static LV_ATTRIBUTE_LARGE_CONST const uint8_t glyph_bitmap[] = {
    /* U+0020 " " */

    /* U+0021 "!" */
    0x3f, 0xf3, 0x3f, 0xf3, 0x3f, 0xf3, 0x2f, 0xf2,
    0x1f, 0xf1, 0xf, 0xf0, 0xf, 0xf0, 0xe, 0xe0,
    0xd, 0xd0, 0xb, 0xb0, 0x0, 0x0, 0x6, 0x60,
    0x8f, 0xf8, 0x4f, 0xf4,

    /* U+0022 "\"" */
    0x3f, 0xf0, 0xf, 0xf3, 0x3f, 0xf0, 0xf, 0xf3,
    0x3f, 0xf0, 0xf, 0xf3, 0x2f, 0xe0, 0xe, 0xf2,
    0x1f, 0xd0, 0xd, 0xf1, 0xe, 0xb0, 0xb, 0xe0,

    /* U+0023 "#" */
    0x0, 0x0, 0xeb, 0x0, 0x5f, 0x40, 0x0, 0x2,
    0xf7, 0x0, 0x8f, 0x10, 0x0, 0x5, 0xf3, 0x0,
    0xcd, 0x0, 0xb, 0xff, 0xff, 0xff, 0xff, 0xf6,
    0x5, 0x7e, 0xe7, 0x79, 0xfb, 0x72, 0x0, 0xe,
    0xb0, 0x5, 0xf4, 0x0, 0x0, 0x1f, 0x80, 0x7,
    0xf2, 0x0, 0x0, 0x3f, 0x60, 0xa, 0xf0, 0x0,
    0x2, 0x7f, 0x52, 0x2d, 0xd2, 0x10, 0x6f, 0xff,
    0xff, 0xff, 0xff, 0xb0, 0x25, 0xde, 0x55, 0x7f,
    0x95, 0x30, 0x0, 0xfa, 0x0, 0x5f, 0x40, 0x0,
    0x2, 0xf7, 0x0, 0x8f, 0x10, 0x0, 0x5, 0xf4,
    0x0, 0xbe, 0x0, 0x0,

    /* U+0024 "$" */
    0x0, 0x0, 0x9a, 0x0, 0x0, 0x0, 0x0, 0x9a,
    0x0, 0x0, 0x0, 0x3, 0xbc, 0x40, 0x0, 0x1,
    0xcf, 0xff, 0xfd, 0x30, 0xd, 0xfd, 0xcd, 0xdf,
    0xe1, 0x3f, 0xf1, 0x9a, 0xd, 0xf6, 0x5f, 0xc0,
    0x9a, 0x5, 0x84, 0x3f, 0xf1, 0x9a, 0x0, 0x0,
    0xe, 0xfd, 0xca, 0x0, 0x0, 0x3, 0xff, 0xff,
    0xc5, 0x0, 0x0, 0x19, 0xef, 0xff, 0x90, 0x0,
    0x0, 0x9c, 0xaf, 0xf4, 0x0, 0x0, 0x9a, 0xb,
    0xf9, 0x58, 0x30, 0x9a, 0x7, 0xfb, 0x9f, 0xb0,
    0x9a, 0xb, 0xf8, 0x2f, 0xfc, 0xcd, 0xbf, 0xf2,
    0x4, 0xef, 0xff, 0xfe, 0x40, 0x0, 0x4, 0xbc,
    0x40, 0x0, 0x0, 0x0, 0x9a, 0x0, 0x0, 0x0,
    0x0, 0x9a, 0x0, 0x0,

    /* U+0025 "%" */
    0x9, 0xef, 0xb1, 0x0, 0x2, 0xf8, 0x7f, 0x76,
    0xec, 0x0, 0xd, 0xc0, 0xbe, 0x0, 0xaf, 0x0,
    0x9f, 0x20, 0xbe, 0x0, 0xaf, 0x4, 0xf5, 0x0,
    0x9f, 0x42, 0xdd, 0x1e, 0xa0, 0x0, 0x2d, 0xff,
    0xf4, 0xbd, 0x0, 0x0, 0x0, 0x34, 0x7, 0xf3,
    0x0, 0x0, 0x0, 0x0, 0x3f, 0x70, 0x10, 0x0,
    0x0, 0x0, 0xdb, 0x3d, 0xff, 0xb1, 0x0, 0xa,
    0xe1, 0xde, 0x57, 0xf8, 0x0, 0x5f, 0x40, 0xfa,
    0x0, 0xeb, 0x2, 0xf9, 0x0, 0xfa, 0x0, 0xeb,
    0xc, 0xd0, 0x0, 0xce, 0x67, 0xf8, 0x8f, 0x20,
    0x0, 0x2b, 0xff, 0x90,

    /* U+0026 "&" */
    0x0, 0x8, 0xef, 0xea, 0x20, 0x0, 0x0, 0xaf,
    0xfc, 0xef, 0xe1, 0x0, 0x0, 0xff, 0x20, 0xc,
    0xf6, 0x0, 0x0, 0xff, 0x0, 0x2, 0x42, 0x0,
    0x0, 0xaf, 0x50, 0x0, 0x0, 0x0, 0x0, 0x4f,
    0xe2, 0x0, 0x0, 0x0, 0x5, 0xff, 0xfd, 0x0,
    0x3, 0x41, 0xd, 0xf5, 0x7f, 0xa0, 0x4f, 0xd0,
    0xf, 0xf1, 0xb, 0xf7, 0xcf, 0x50, 0xf, 0xf1,
    0x1, 0xef, 0xfc, 0x0, 0xf, 0xf1, 0x0, 0x4f,
    0xf4, 0x0, 0xe, 0xf6, 0x0, 0xaf, 0xfb, 0x0,
    0x7, 0xff, 0xde, 0xfd, 0xcf, 0x60, 0x0, 0x7d,
    0xfe, 0x80, 0x3f, 0xf2,

    /* U+0027 "'" */
    0x3f, 0xf0, 0x3f, 0xf0, 0x3f, 0xf0, 0x2f, 0xf0,
    0x1f, 0xe0, 0xd, 0xc0,

    /* U+0028 "(" */
    0x0, 0x0, 0x1, 0x40, 0x0, 0x1a, 0xfb, 0x0,
    0x2e, 0xff, 0x70, 0x1e, 0xfa, 0x10, 0x9, 0xfc,
    0x0, 0x1, 0xff, 0x30, 0x0, 0x5f, 0xe0, 0x0,
    0x7, 0xfb, 0x0, 0x0, 0x7f, 0xb0, 0x0, 0x7,
    0xfb, 0x0, 0x0, 0x7f, 0xb0, 0x0, 0x7, 0xfb,
    0x0, 0x0, 0x7f, 0xb0, 0x0, 0x4, 0xfe, 0x0,
    0x0, 0xf, 0xf4, 0x0, 0x0, 0x9f, 0xd1, 0x0,
    0x1, 0xdf, 0xd3, 0x0, 0x2, 0xdf, 0xf9, 0x0,
    0x0, 0x8f, 0xb0, 0x0, 0x0, 0x2,

    /* U+0029 ")" */
    0x42, 0x0, 0x0, 0xb, 0xfa, 0x10, 0x0, 0x7f,
    0xfe, 0x20, 0x0, 0x1a, 0xfe, 0x10, 0x0, 0xc,
    0xf9, 0x0, 0x0, 0x3f, 0xf1, 0x0, 0x0, 0xef,
    0x50, 0x0, 0xb, 0xf7, 0x0, 0x0, 0xbf, 0x70,
    0x0, 0xb, 0xf7, 0x0, 0x0, 0xbf, 0x70, 0x0,
    0xb, 0xf7, 0x0, 0x0, 0xbf, 0x70, 0x0, 0xe,
    0xf4, 0x0, 0x4, 0xff, 0x0, 0x1, 0xdf, 0x90,
    0x3, 0xdf, 0xd1, 0x9, 0xff, 0xd2, 0x0, 0xbf,
    0x80, 0x0, 0x2, 0x0, 0x0, 0x0,

    /* U+002A "*" */
    0x0, 0x0, 0x8, 0x80, 0x0, 0x0, 0x0, 0x0,
    0xf, 0xf0, 0x0, 0x0, 0x0, 0x0, 0xf, 0xf0,
    0x0, 0x0, 0xa, 0x71, 0xd, 0xd0, 0x17, 0xa0,
    0x2f, 0xff, 0x79, 0x97, 0xff, 0xf2, 0x4, 0x9d,
    0xff, 0xff, 0xd9, 0x40, 0x0, 0x0, 0x4e, 0xe4,
    0x0, 0x0, 0x0, 0x6, 0xf9, 0x9f, 0x50, 0x0,
    0x0, 0x3f, 0xf2, 0x2f, 0xf3, 0x0, 0x0, 0xaf,
    0x80, 0x9, 0xfa, 0x0, 0x0, 0x7, 0x0, 0x0,
    0x70, 0x0,

    /* U+002B "+" */
    0x0, 0x1, 0xff, 0x10, 0x0, 0x0, 0x1, 0xff,
    0x10, 0x0, 0x0, 0x1, 0xff, 0x10, 0x0, 0x0,
    0x1, 0xff, 0x10, 0x0, 0xcf, 0xff, 0xff, 0xff,
    0xfc, 0xbe, 0xee, 0xff, 0xee, 0xeb, 0x0, 0x1,
    0xff, 0x10, 0x0, 0x0, 0x1, 0xff, 0x10, 0x0,
    0x0, 0x1, 0xff, 0x10, 0x0, 0x0, 0x0, 0x44,
    0x0, 0x0,

    /* U+002C "," */
    0x0, 0x11, 0x10, 0x6f, 0xf6, 0xa, 0xfe, 0x0,
    0xef, 0x80, 0x3f, 0xf2, 0x7, 0xfa, 0x0, 0xbf,
    0x40, 0x0,

    /* U+002D "-" */
    0x3e, 0xee, 0xee, 0xe3, 0x3f, 0xff, 0xff, 0xf3,

    /* U+002E "." */
    0x6, 0x60, 0x9f, 0xf9, 0xbf, 0xfb, 0x4e, 0xe4,

    /* U+002F "/" */
    0x0, 0x0, 0x0, 0x5, 0x84, 0x0, 0x0, 0x0,
    0xf, 0xf4, 0x0, 0x0, 0x0, 0x5f, 0xd0, 0x0,
    0x0, 0x0, 0xbf, 0x80, 0x0, 0x0, 0x2, 0xff,
    0x20, 0x0, 0x0, 0x8, 0xfb, 0x0, 0x0, 0x0,
    0xd, 0xf5, 0x0, 0x0, 0x0, 0x4f, 0xf0, 0x0,
    0x0, 0x0, 0xaf, 0x90, 0x0, 0x0, 0x1, 0xff,
    0x30, 0x0, 0x0, 0x6, 0xfd, 0x0, 0x0, 0x0,
    0xc, 0xf7, 0x0, 0x0, 0x0, 0x2f, 0xf1, 0x0,
    0x0, 0x0, 0x8f, 0xb0, 0x0, 0x0, 0x0, 0xef,
    0x50, 0x0, 0x0, 0x5, 0xfe, 0x0, 0x0, 0x0,
    0xb, 0xf8, 0x0, 0x0, 0x0, 0x1f, 0xf2, 0x0,
    0x0, 0x0, 0x7f, 0xc0, 0x0, 0x0, 0x0,

    /* U+0030 "0" */
    0x0, 0x6c, 0xff, 0xd6, 0x0, 0xa, 0xff, 0xee,
    0xff, 0xa0, 0x3f, 0xf4, 0x0, 0x4f, 0xf3, 0x7f,
    0xa0, 0x0, 0xa, 0xf7, 0x8f, 0x80, 0x0, 0x8,
    0xf8, 0x8f, 0x80, 0x66, 0x8, 0xf8, 0x8f, 0x83,
    0xff, 0x38, 0xf8, 0x8f, 0x81, 0xdd, 0x18, 0xf8,
    0x8f, 0x80, 0x0, 0x8, 0xf8, 0x8f, 0x80, 0x0,
    0x8, 0xf8, 0x7f, 0xa0, 0x0, 0xa, 0xf7, 0x3f,
    0xf4, 0x0, 0x4f, 0xf3, 0xa, 0xff, 0xee, 0xff,
    0xa0, 0x0, 0x6c, 0xff, 0xc6, 0x0,

    /* U+0031 "1" */
    0x0, 0x9, 0xff, 0xc0, 0x0, 0x3, 0xdf, 0xff,
    0xc0, 0x0, 0x3f, 0xf9, 0x6f, 0xc0, 0x0, 0x4e,
    0x40, 0x6f, 0xc0, 0x0, 0x21, 0x0, 0x6f, 0xc0,
    0x0, 0x0, 0x0, 0x6f, 0xc0, 0x0, 0x0, 0x0,
    0x6f, 0xc0, 0x0, 0x0, 0x0, 0x6f, 0xc0, 0x0,
    0x0, 0x0, 0x6f, 0xc0, 0x0, 0x0, 0x0, 0x6f,
    0xc0, 0x0, 0x0, 0x0, 0x6f, 0xc0, 0x0, 0x0,
    0x0, 0x6f, 0xc0, 0x0, 0x3e, 0xee, 0xef, 0xfe,
    0xed, 0x4f, 0xff, 0xff, 0xff, 0xfe,

    /* U+0032 "2" */
    0x0, 0x7d, 0xff, 0xc6, 0x0, 0xb, 0xff, 0xef,
    0xff, 0x90, 0x5f, 0xf4, 0x0, 0x7f, 0xf2, 0x9f,
    0x90, 0x0, 0xd, 0xf6, 0x23, 0x10, 0x0, 0xd,
    0xf5, 0x0, 0x0, 0x0, 0x2f, 0xf1, 0x0, 0x0,
    0x0, 0xcf, 0x90, 0x0, 0x0, 0xb, 0xfd, 0x0,
    0x0, 0x0, 0xbf, 0xd1, 0x0, 0x0, 0xb, 0xfd,
    0x10, 0x0, 0x0, 0xcf, 0xd1, 0x0, 0x0, 0x1c,
    0xfc, 0x10, 0x0, 0x0, 0x4f, 0xff, 0xee, 0xee,
    0xe9, 0x4f, 0xff, 0xff, 0xff, 0xfa,

    /* U+0033 "3" */
    0x1f, 0xff, 0xff, 0xff, 0xe0, 0x1d, 0xdd, 0xdd,
    0xef, 0xe0, 0x0, 0x0, 0x2, 0xef, 0x50, 0x0,
    0x0, 0x3e, 0xe3, 0x0, 0x0, 0x5, 0xfd, 0x20,
    0x0, 0x0, 0xb, 0xff, 0xc5, 0x0, 0x0, 0x9,
    0xde, 0xff, 0x80, 0x0, 0x0, 0x0, 0x6f, 0xf1,
    0x0, 0x0, 0x0, 0xd, 0xf5, 0x0, 0x0, 0x0,
    0xc, 0xf6, 0xaf, 0x80, 0x0, 0xd, 0xf5, 0x6f,
    0xe2, 0x0, 0x6f, 0xf1, 0xc, 0xff, 0xde, 0xff,
    0x80, 0x0, 0x8d, 0xff, 0xc5, 0x0,

    /* U+0034 "4" */
    0x0, 0x0, 0x3, 0xff, 0x30, 0x0, 0x0, 0x1e,
    0xf7, 0x0, 0x0, 0x0, 0xaf, 0xb0, 0x0, 0x0,
    0x6, 0xfe, 0x10, 0x0, 0x0, 0x2f, 0xf4, 0x0,
    0x0, 0x0, 0xdf, 0x90, 0x4, 0x40, 0x9, 0xfd,
    0x0, 0xf, 0xf2, 0x4f, 0xf2, 0x0, 0xf, 0xf2,
    0x8f, 0x90, 0x0, 0xf, 0xf2, 0x8f, 0xfe, 0xee,
    0xef, 0xf2, 0x8f, 0xff, 0xff, 0xff, 0xf2, 0x0,
    0x0, 0x0, 0xf, 0xf2, 0x0, 0x0, 0x0, 0xf,
    0xf2, 0x0, 0x0, 0x0, 0xf, 0xf2,

    /* U+0035 "5" */
    0xf, 0xff, 0xff, 0xff, 0xe0, 0x1f, 0xfe, 0xee,
    0xee, 0xd0, 0x1f, 0xf0, 0x0, 0x0, 0x0, 0x1f,
    0xf0, 0x0, 0x0, 0x0, 0x1f, 0xf2, 0x9c, 0xb6,
    0x0, 0x1f, 0xfe, 0xff, 0xff, 0x90, 0x2f, 0xf9,
    0x10, 0x7f, 0xf2, 0x4, 0x40, 0x0, 0xd, 0xf5,
    0x0, 0x0, 0x0, 0xb, 0xf6, 0x0, 0x0, 0x0,
    0xb, 0xf7, 0x39, 0x60, 0x0, 0xc, 0xf6, 0x3f,
    0xf4, 0x0, 0x5f, 0xf2, 0x9, 0xff, 0xee, 0xff,
    0x80, 0x0, 0x6c, 0xff, 0xc6, 0x0,

    /* U+0036 "6" */
    0x0, 0x0, 0x4f, 0xf2, 0x0, 0x0, 0x0, 0xef,
    0x60, 0x0, 0x0, 0x9, 0xfb, 0x0, 0x0, 0x0,
    0x3f, 0xe1, 0x0, 0x0, 0x0, 0xdf, 0x50, 0x0,
    0x0, 0x8, 0xfc, 0xbf, 0xfa, 0x10, 0x1f, 0xff,
    0xbb, 0xff, 0xd0, 0x7f, 0xe2, 0x0, 0x2e, 0xf7,
    0xbf, 0x80, 0x0, 0x8, 0xfb, 0xcf, 0x60, 0x0,
    0x6, 0xfc, 0xaf, 0x80, 0x0, 0x8, 0xfa, 0x5f,
    0xf4, 0x0, 0x4f, 0xf5, 0xa, 0xff, 0xee, 0xff,
    0xa0, 0x0, 0x6c, 0xff, 0xc6, 0x0,

    /* U+0037 "7" */
    0x9f, 0xff, 0xff, 0xff, 0xfc, 0x9f, 0xff, 0xff,
    0xff, 0xfc, 0x9f, 0x80, 0x0, 0x9, 0xf9, 0x9f,
    0x80, 0x0, 0x1f, 0xf2, 0x0, 0x0, 0x0, 0x7f,
    0xb0, 0x0, 0x0, 0x0, 0xef, 0x40, 0x0, 0x0,
    0x5, 0xfe, 0x0, 0x0, 0x0, 0xc, 0xf7, 0x0,
    0x0, 0x0, 0x3f, 0xf1, 0x0, 0x0, 0x0, 0xaf,
    0x90, 0x0, 0x0, 0x1, 0xff, 0x30, 0x0, 0x0,
    0x8, 0xfc, 0x0, 0x0, 0x0, 0xe, 0xf5, 0x0,
    0x0, 0x0, 0x6f, 0xe0, 0x0, 0x0,

    /* U+0038 "8" */
    0x0, 0x6d, 0xff, 0xd6, 0x0, 0xa, 0xff, 0xee,
    0xff, 0x90, 0x2f, 0xf5, 0x0, 0x5f, 0xf2, 0x4f,
    0xd0, 0x0, 0xe, 0xf4, 0x1f, 0xf1, 0x0, 0x1f,
    0xf1, 0x7, 0xfc, 0x22, 0xcf, 0x70, 0x0, 0x5f,
    0xff, 0xf5, 0x0, 0x2, 0xcf, 0xbb, 0xfc, 0x20,
    0x1e, 0xf5, 0x0, 0x5f, 0xe1, 0x7f, 0xa0, 0x0,
    0xb, 0xf7, 0x8f, 0x90, 0x0, 0x9, 0xf8, 0x5f,
    0xf4, 0x0, 0x4f, 0xf6, 0xc, 0xff, 0xee, 0xff,
    0xc0, 0x0, 0x8d, 0xff, 0xd7, 0x0,

    /* U+0039 "9" */
    0x0, 0x6c, 0xff, 0xc6, 0x0, 0xb, 0xff, 0xee,
    0xff, 0xa0, 0x6f, 0xf4, 0x0, 0x4f, 0xf5, 0xbf,
    0x80, 0x0, 0x8, 0xfa, 0xcf, 0x60, 0x0, 0x6,
    0xfc, 0xaf, 0x90, 0x0, 0x9, 0xfb, 0x5f, 0xf6,
    0x0, 0x6f, 0xf7, 0xa, 0xff, 0xff, 0xef, 0xf1,
    0x0, 0x59, 0x96, 0xdf, 0x80, 0x0, 0x0, 0x8,
    0xfd, 0x0, 0x0, 0x0, 0x2f, 0xf3, 0x0, 0x0,
    0x0, 0xcf, 0x90, 0x0, 0x0, 0x7, 0xfe, 0x0,
    0x0, 0x0, 0x2f, 0xf4, 0x0, 0x0,

    /* U+003A ":" */
    0x5e, 0xe5, 0xbf, 0xfb, 0x6f, 0xf6, 0x0, 0x10,
    0x0, 0x0, 0x0, 0x0, 0x0, 0x0, 0x0, 0x10,
    0x6f, 0xf6, 0xbf, 0xfb, 0x4e, 0xe4,

    /* U+003B ";" */
    0x5, 0xff, 0x50, 0xcf, 0xfc, 0x7, 0xff, 0x70,
    0x1, 0x10, 0x0, 0x0, 0x0, 0x0, 0x0, 0x0,
    0x0, 0x0, 0x0, 0x0, 0x0, 0x11, 0x10, 0x4f,
    0xf7, 0x9, 0xff, 0x10, 0xdf, 0xa0, 0x1f, 0xf3,
    0x5, 0xfc, 0x0, 0x9f, 0x50, 0x0,

    /* U+003C "<" */
    0x0, 0x0, 0x0, 0x0, 0x54, 0x0, 0x0, 0x0,
    0x6d, 0xf6, 0x0, 0x0, 0x6e, 0xff, 0xa1, 0x0,
    0x7e, 0xff, 0x91, 0x0, 0x4f, 0xfe, 0x81, 0x0,
    0x0, 0x6f, 0xb1, 0x0, 0x0, 0x0, 0x4f, 0xff,
    0x81, 0x0, 0x0, 0x1, 0x8f, 0xff, 0x92, 0x0,
    0x0, 0x1, 0x7e, 0xff, 0xa1, 0x0, 0x0, 0x0,
    0x7e, 0xf6, 0x0, 0x0, 0x0, 0x0, 0x64,

    /* U+003D "=" */
    0x4e, 0xee, 0xee, 0xee, 0xe4, 0x5f, 0xff, 0xff,
    0xff, 0xf5, 0x0, 0x0, 0x0, 0x0, 0x0, 0x0,
    0x0, 0x0, 0x0, 0x0, 0x0, 0x0, 0x0, 0x0,
    0x0, 0x4e, 0xee, 0xee, 0xee, 0xe4, 0x5f, 0xff,
    0xff, 0xff, 0xf5,

    /* U+003E ">" */
    0x45, 0x0, 0x0, 0x0, 0x0, 0x6f, 0xd6, 0x0,
    0x0, 0x0, 0x2b, 0xff, 0xe6, 0x0, 0x0, 0x0,
    0x2a, 0xff, 0xe7, 0x0, 0x0, 0x0, 0x29, 0xff,
    0xf4, 0x0, 0x0, 0x0, 0x1c, 0xf6, 0x0, 0x0,
    0x7, 0xef, 0xf4, 0x0, 0x18, 0xff, 0xf8, 0x10,
    0x19, 0xff, 0xe7, 0x10, 0x0, 0x6f, 0xe7, 0x0,
    0x0, 0x0, 0x46, 0x0, 0x0, 0x0, 0x0,

    /* U+003F "?" */
    0x7f, 0xff, 0xe9, 0x10, 0x6f, 0xff, 0xff, 0xe2,
    0x0, 0x0, 0x3d, 0xfa, 0x0, 0x0, 0x4, 0xfe,
    0x0, 0x0, 0x4, 0xfe, 0x0, 0x0, 0x3d, 0xfa,
    0x0, 0xff, 0xff, 0xe1, 0x0, 0xff, 0xc8, 0x10,
    0x0, 0xff, 0x0, 0x0, 0x0, 0xbc, 0x0, 0x0,
    0x0, 0x0, 0x0, 0x0, 0x0, 0x67, 0x10, 0x0,
    0x8, 0xff, 0x80, 0x0, 0x4, 0xff, 0x50, 0x0,

    /* U+0040 "@" */
    0x0, 0x5, 0xcf, 0xfe, 0x92, 0x0, 0x0, 0xaf,
    0xea, 0x9c, 0xff, 0x30, 0x7, 0xfb, 0x0, 0x0,
    0x5f, 0xd0, 0xe, 0xf1, 0x0, 0x0, 0xb, 0xf2,
    0x1f, 0xb0, 0x0, 0x1, 0x8, 0xf4, 0x3f, 0xa0,
    0x6, 0xff, 0xd7, 0xf5, 0x3f, 0xa0, 0x1f, 0xe6,
    0x6e, 0xf5, 0x3f, 0xa0, 0x4f, 0x90, 0x9, 0xf5,
    0x3f, 0xa0, 0x5f, 0x80, 0x8, 0xf5, 0x3f, 0xa0,
    0x5f, 0x80, 0x8, 0xf5, 0x3f, 0xa0, 0x4f, 0x80,
    0x8, 0xf5, 0x3f, 0xa0, 0x1f, 0xd1, 0x1d, 0xf5,
    0x3f, 0xa0, 0x7, 0xff, 0xe7, 0xf5, 0x1f, 0xc0,
    0x0, 0x12, 0x0, 0x20, 0xd, 0xf2, 0x0, 0x0,
    0x0, 0x0, 0x6, 0xfd, 0x20, 0x0, 0x0, 0x0,
    0x0, 0x9f, 0xfc, 0xba, 0x0, 0x0, 0x0, 0x4,
    0xbe, 0xfe, 0x0, 0x0,

    /* U+0041 "A" */
    0x0, 0x0, 0x8f, 0xf8, 0x0, 0x0, 0x0, 0x0,
    0xdf, 0xfd, 0x0, 0x0, 0x0, 0x1, 0xfd, 0xcf,
    0x10, 0x0, 0x0, 0x5, 0xf9, 0x9f, 0x50, 0x0,
    0x0, 0x9, 0xf5, 0x5f, 0x90, 0x0, 0x0, 0xe,
    0xf1, 0x1f, 0xe0, 0x0, 0x0, 0x2f, 0xc0, 0xc,
    0xf2, 0x0, 0x0, 0x6f, 0x80, 0x8, 0xf6, 0x0,
    0x0, 0xaf, 0xdb, 0xbd, 0xfa, 0x0, 0x0, 0xef,
    0xff, 0xff, 0xfe, 0x0, 0x3, 0xfd, 0x0, 0x0,
    0xdf, 0x30, 0x7, 0xf9, 0x0, 0x0, 0x9f, 0x70,
    0xb, 0xf6, 0x0, 0x0, 0x6f, 0xb0, 0xf, 0xf2,
    0x0, 0x0, 0x2f, 0xf0,

    /* U+0042 "B" */
    0x4f, 0xff, 0xff, 0xd7, 0x0, 0x4f, 0xfd, 0xdd,
    0xff, 0xc0, 0x4f, 0xc0, 0x0, 0x4f, 0xf4, 0x4f,
    0xc0, 0x0, 0xc, 0xf6, 0x4f, 0xc0, 0x0, 0xc,
    0xf4, 0x4f, 0xc0, 0x0, 0x7f, 0xb0, 0x4f, 0xff,
    0xff, 0xfb, 0x0, 0x4f, 0xfc, 0xcc, 0xff, 0xc0,
    0x4f, 0xc0, 0x0, 0x2e, 0xf7, 0x4f, 0xc0, 0x0,
    0x7, 0xfb, 0x4f, 0xc0, 0x0, 0x7, 0xfb, 0x4f,
    0xc0, 0x0, 0x2e, 0xf8, 0x4f, 0xfd, 0xdd, 0xff,
    0xd1, 0x4f, 0xff, 0xff, 0xe9, 0x10,

    /* U+0043 "C" */
    0x0, 0x6c, 0xff, 0xd7, 0x0, 0x9, 0xff, 0xfe,
    0xff, 0xb0, 0x2f, 0xf6, 0x0, 0x4f, 0xf4, 0x5f,
    0xd0, 0x0, 0xb, 0xf8, 0x6f, 0xc0, 0x0, 0x0,
    0x0, 0x6f, 0xc0, 0x0, 0x0, 0x0, 0x6f, 0xc0,
    0x0, 0x0, 0x0, 0x6f, 0xc0, 0x0, 0x0, 0x0,
    0x6f, 0xc0, 0x0, 0x0, 0x0, 0x6f, 0xc0, 0x0,
    0x0, 0x0, 0x5f, 0xd0, 0x0, 0xb, 0xf8, 0x2f,
    0xf6, 0x0, 0x4f, 0xf4, 0x8, 0xff, 0xfe, 0xff,
    0xa0, 0x0, 0x6c, 0xff, 0xd7, 0x0,

    /* U+0044 "D" */
    0x5f, 0xff, 0xff, 0xc5, 0x0, 0x5f, 0xfe, 0xef,
    0xff, 0x70, 0x5f, 0xd0, 0x0, 0x8f, 0xf2, 0x5f,
    0xd0, 0x0, 0xd, 0xf6, 0x5f, 0xd0, 0x0, 0xb,
    0xf7, 0x5f, 0xd0, 0x0, 0xb, 0xf7, 0x5f, 0xd0,
    0x0, 0xb, 0xf7, 0x5f, 0xd0, 0x0, 0xb, 0xf7,
    0x5f, 0xd0, 0x0, 0xb, 0xf7, 0x5f, 0xd0, 0x0,
    0xb, 0xf7, 0x5f, 0xd0, 0x0, 0xd, 0xf6, 0x5f,
    0xd0, 0x0, 0x8f, 0xf2, 0x5f, 0xfe, 0xef, 0xff,
    0x70, 0x5f, 0xff, 0xff, 0xc5, 0x0,

    /* U+0045 "E" */
    0x2f, 0xff, 0xff, 0xff, 0xf7, 0x2f, 0xfe, 0xee,
    0xee, 0xe6, 0x2f, 0xf0, 0x0, 0x0, 0x0, 0x2f,
    0xf0, 0x0, 0x0, 0x0, 0x2f, 0xf0, 0x0, 0x0,
    0x0, 0x2f, 0xf0, 0x0, 0x0, 0x0, 0x2f, 0xff,
    0xff, 0xff, 0xc0, 0x2f, 0xfe, 0xee, 0xee, 0xa0,
    0x2f, 0xf0, 0x0, 0x0, 0x0, 0x2f, 0xf0, 0x0,
    0x0, 0x0, 0x2f, 0xf0, 0x0, 0x0, 0x0, 0x2f,
    0xf0, 0x0, 0x0, 0x0, 0x2f, 0xfe, 0xee, 0xee,
    0xe6, 0x2f, 0xff, 0xff, 0xff, 0xf7,

    /* U+0046 "F" */
    0x3f, 0xff, 0xff, 0xff, 0xf9, 0x3f, 0xff, 0xff,
    0xff, 0xf8, 0x3f, 0xd0, 0x0, 0x0, 0x0, 0x3f,
    0xd0, 0x0, 0x0, 0x0, 0x3f, 0xd0, 0x0, 0x0,
    0x0, 0x3f, 0xd0, 0x0, 0x0, 0x0, 0x3f, 0xff,
    0xff, 0xff, 0xf1, 0x3f, 0xff, 0xff, 0xff, 0xf1,
    0x3f, 0xe0, 0x0, 0x0, 0x0, 0x3f, 0xe0, 0x0,
    0x0, 0x0, 0x3f, 0xe0, 0x0, 0x0, 0x0, 0x3f,
    0xe0, 0x0, 0x0, 0x0, 0x3f, 0xe0, 0x0, 0x0,
    0x0, 0x3f, 0xe0, 0x0, 0x0, 0x0,

    /* U+0047 "G" */
    0x0, 0x6c, 0xff, 0xd8, 0x0, 0x9, 0xff, 0xfe,
    0xff, 0xc0, 0x2f, 0xf6, 0x0, 0x3f, 0xf5, 0x5f,
    0xd0, 0x0, 0x8, 0xc6, 0x6f, 0xc0, 0x0, 0x0,
    0x0, 0x6f, 0xc0, 0x0, 0x0, 0x0, 0x6f, 0xc0,
    0x4e, 0xee, 0xe7, 0x6f, 0xc0, 0x5f, 0xff, 0xf8,
    0x6f, 0xc0, 0x0, 0xa, 0xf8, 0x6f, 0xc0, 0x0,
    0xa, 0xf8, 0x5f, 0xd0, 0x0, 0xb, 0xf7, 0x2f,
    0xf6, 0x0, 0x5f, 0xf3, 0x8, 0xff, 0xfe, 0xff,
    0x90, 0x0, 0x6c, 0xff, 0xd6, 0x0,

    /* U+0048 "H" */
    0x4f, 0xd0, 0x0, 0xd, 0xf4, 0x4f, 0xd0, 0x0,
    0xd, 0xf4, 0x4f, 0xd0, 0x0, 0xd, 0xf4, 0x4f,
    0xd0, 0x0, 0xd, 0xf4, 0x4f, 0xd0, 0x0, 0xd,
    0xf4, 0x4f, 0xd0, 0x0, 0xd, 0xf4, 0x4f, 0xff,
    0xff, 0xff, 0xf4, 0x4f, 0xff, 0xff, 0xff, 0xf4,
    0x4f, 0xd0, 0x0, 0xd, 0xf4, 0x4f, 0xd0, 0x0,
    0xd, 0xf4, 0x4f, 0xd0, 0x0, 0xd, 0xf4, 0x4f,
    0xd0, 0x0, 0xd, 0xf4, 0x4f, 0xd0, 0x0, 0xd,
    0xf4, 0x4f, 0xd0, 0x0, 0xd, 0xf4,

    /* U+0049 "I" */
    0xf, 0xff, 0xff, 0xff, 0xf0, 0xe, 0xee, 0xff,
    0xee, 0xe0, 0x0, 0x1, 0xff, 0x10, 0x0, 0x0,
    0x1, 0xff, 0x10, 0x0, 0x0, 0x1, 0xff, 0x10,
    0x0, 0x0, 0x1, 0xff, 0x10, 0x0, 0x0, 0x1,
    0xff, 0x10, 0x0, 0x0, 0x1, 0xff, 0x10, 0x0,
    0x0, 0x1, 0xff, 0x10, 0x0, 0x0, 0x1, 0xff,
    0x10, 0x0, 0x0, 0x1, 0xff, 0x10, 0x0, 0x0,
    0x1, 0xff, 0x10, 0x0, 0xe, 0xee, 0xff, 0xee,
    0xe0, 0xf, 0xff, 0xff, 0xff, 0xf0,

    /* U+004A "J" */
    0x0, 0x0, 0x8f, 0xff, 0xff, 0x0, 0x0, 0x8,
    0xff, 0xff, 0xf0, 0x0, 0x0, 0x0, 0x1, 0xff,
    0x0, 0x0, 0x0, 0x0, 0x1f, 0xf0, 0x0, 0x0,
    0x0, 0x1, 0xff, 0x0, 0x0, 0x0, 0x0, 0x1f,
    0xf0, 0x0, 0x0, 0x0, 0x1, 0xff, 0x0, 0x0,
    0x0, 0x0, 0x1f, 0xf0, 0x0, 0x0, 0x0, 0x1,
    0xff, 0x1, 0x43, 0x0, 0x0, 0x1f, 0xf0, 0x2f,
    0xf0, 0x0, 0x3, 0xff, 0x0, 0xef, 0x90, 0x1,
    0xcf, 0xb0, 0x5, 0xff, 0xfe, 0xff, 0xf2, 0x0,
    0x3, 0xbe, 0xfe, 0xa2, 0x0,

    /* U+004B "K" */
    0x5f, 0xd0, 0x0, 0x7, 0xfd, 0x5, 0xfd, 0x0,
    0x0, 0xef, 0x60, 0x5f, 0xd0, 0x0, 0x7f, 0xd0,
    0x5, 0xfd, 0x0, 0xe, 0xf6, 0x0, 0x5f, 0xd0,
    0x7, 0xfd, 0x0, 0x5, 0xfd, 0x0, 0xef, 0x60,
    0x0, 0x5f, 0xff, 0xff, 0xe0, 0x0, 0x5, 0xff,
    0xee, 0xfe, 0x0, 0x0, 0x5f, 0xd0, 0xe, 0xf8,
    0x0, 0x5, 0xfd, 0x0, 0x7f, 0xf1, 0x0, 0x5f,
    0xd0, 0x0, 0xef, 0x80, 0x5, 0xfd, 0x0, 0x6,
    0xff, 0x10, 0x5f, 0xd0, 0x0, 0xe, 0xf8, 0x5,
    0xfd, 0x0, 0x0, 0x6f, 0xf1,

    /* U+004C "L" */
    0xdf, 0x50, 0x0, 0x0, 0xd, 0xf5, 0x0, 0x0,
    0x0, 0xdf, 0x50, 0x0, 0x0, 0xd, 0xf5, 0x0,
    0x0, 0x0, 0xdf, 0x50, 0x0, 0x0, 0xd, 0xf5,
    0x0, 0x0, 0x0, 0xdf, 0x50, 0x0, 0x0, 0xd,
    0xf5, 0x0, 0x0, 0x0, 0xdf, 0x50, 0x0, 0x0,
    0xd, 0xf5, 0x0, 0x0, 0x0, 0xdf, 0x50, 0x0,
    0x0, 0xd, 0xf5, 0x0, 0x0, 0x0, 0xdf, 0xff,
    0xff, 0xff, 0xad, 0xff, 0xff, 0xff, 0xfb,

    /* U+004D "M" */
    0xbf, 0xf2, 0x0, 0x2f, 0xfb, 0xbe, 0xf7, 0x0,
    0x7f, 0xeb, 0xbf, 0xcc, 0x0, 0xcc, 0xeb, 0xbf,
    0x7f, 0x11, 0xf7, 0xfb, 0xbf, 0x3f, 0x76, 0xf4,
    0xfb, 0xbf, 0x3c, 0xca, 0xd3, 0xfb, 0xbf, 0x47,
    0xff, 0x84, 0xfb, 0xbf, 0x42, 0xee, 0x35, 0xfb,
    0xbf, 0x50, 0x0, 0x5, 0xfb, 0xbf, 0x50, 0x0,
    0x5, 0xfb, 0xbf, 0x50, 0x0, 0x5, 0xfb, 0xbf,
    0x50, 0x0, 0x5, 0xfb, 0xbf, 0x50, 0x0, 0x5,
    0xfb, 0xbf, 0x50, 0x0, 0x5, 0xfb,

    /* U+004E "N" */
    0x6f, 0xf8, 0x0, 0xa, 0xf6, 0x6f, 0xfe, 0x0,
    0xa, 0xf6, 0x6f, 0xff, 0x40, 0xa, 0xf6, 0x6f,
    0xaf, 0xa0, 0xa, 0xf6, 0x6f, 0x8c, 0xf0, 0xa,
    0xf6, 0x6f, 0x97, 0xf5, 0xa, 0xf6, 0x6f, 0xa1,
    0xfb, 0xa, 0xf6, 0x6f, 0xa0, 0xbf, 0x1a, 0xf6,
    0x6f, 0xa0, 0x5f, 0x79, 0xf6, 0x6f, 0xa0, 0xf,
    0xd8, 0xf6, 0x6f, 0xa0, 0x9, 0xfa, 0xf6, 0x6f,
    0xa0, 0x4, 0xff, 0xf6, 0x6f, 0xa0, 0x0, 0xef,
    0xf6, 0x6f, 0xa0, 0x0, 0x8f, 0xf6,

    /* U+004F "O" */
    0x0, 0x6d, 0xff, 0xd6, 0x0, 0x9, 0xff, 0xff,
    0xff, 0x90, 0x2f, 0xf5, 0x0, 0x5f, 0xf2, 0x6f,
    0xd0, 0x0, 0xd, 0xf6, 0x6f, 0xc0, 0x0, 0xc,
    0xf6, 0x6f, 0xc0, 0x0, 0xc, 0xf6, 0x6f, 0xc0,
    0x0, 0xc, 0xf6, 0x6f, 0xc0, 0x0, 0xc, 0xf6,
    0x6f, 0xc0, 0x0, 0xc, 0xf6, 0x6f, 0xc0, 0x0,
    0xc, 0xf6, 0x5f, 0xd0, 0x0, 0xd, 0xf5, 0x2f,
    0xf6, 0x0, 0x5f, 0xf2, 0x9, 0xff, 0xff, 0xff,
    0x90, 0x0, 0x6c, 0xff, 0xc6, 0x0,

    /* U+0050 "P" */
    0x5f, 0xff, 0xff, 0xea, 0x30, 0x5, 0xff, 0xee,
    0xef, 0xff, 0x40, 0x5f, 0xd0, 0x0, 0x1b, 0xfd,
    0x5, 0xfd, 0x0, 0x0, 0x2f, 0xf1, 0x5f, 0xd0,
    0x0, 0x2, 0xff, 0x15, 0xfd, 0x0, 0x1, 0xbf,
    0xd0, 0x5f, 0xfe, 0xee, 0xff, 0xf3, 0x5, 0xff,
    0xff, 0xfe, 0xa2, 0x0, 0x5f, 0xd0, 0x0, 0x0,
    0x0, 0x5, 0xfd, 0x0, 0x0, 0x0, 0x0, 0x5f,
    0xd0, 0x0, 0x0, 0x0, 0x5, 0xfd, 0x0, 0x0,
    0x0, 0x0, 0x5f, 0xd0, 0x0, 0x0, 0x0, 0x5,
    0xfd, 0x0, 0x0, 0x0, 0x0,

    /* U+0051 "Q" */
    0x0, 0x6c, 0xff, 0xc6, 0x0, 0xa, 0xff, 0xee,
    0xff, 0xa0, 0x3f, 0xf5, 0x0, 0x5f, 0xf3, 0x7f,
    0xb0, 0x0, 0xb, 0xf7, 0x8f, 0xa0, 0x0, 0xa,
    0xf8, 0x8f, 0xa0, 0x0, 0xa, 0xf8, 0x8f, 0xa0,
    0x0, 0xa, 0xf8, 0x8f, 0xa0, 0x0, 0xa, 0xf8,
    0x8f, 0xa0, 0x0, 0xa, 0xf8, 0x8f, 0xa0, 0x0,
    0xa, 0xf8, 0x7f, 0xb0, 0x0, 0xb, 0xf7, 0x3f,
    0xf5, 0x0, 0x5f, 0xf3, 0xa, 0xff, 0xee, 0xff,
    0xa0, 0x0, 0x6c, 0xff, 0xf9, 0x0, 0x0, 0x0,
    0x8, 0xfd, 0x0, 0x0, 0x0, 0x1, 0xef, 0x60,
    0x0, 0x0, 0x0, 0x7f, 0xe0, 0x0, 0x0, 0x0,
    0xe, 0xf7,

    /* U+0052 "R" */
    0x5f, 0xff, 0xff, 0xe9, 0x10, 0x5, 0xff, 0xee,
    0xef, 0xfe, 0x10, 0x5f, 0xd0, 0x0, 0x2e, 0xf8,
    0x5, 0xfd, 0x0, 0x0, 0x7f, 0xc0, 0x5f, 0xd0,
    0x0, 0x7, 0xfc, 0x5, 0xfd, 0x0, 0x2, 0xef,
    0x80, 0x5f, 0xfd, 0xde, 0xff, 0xd0, 0x5, 0xff,
    0xff, 0xff, 0x80, 0x0, 0x5f, 0xd0, 0xd, 0xf6,
    0x0, 0x5, 0xfd, 0x0, 0x6f, 0xd0, 0x0, 0x5f,
    0xd0, 0x0, 0xff, 0x50, 0x5, 0xfd, 0x0, 0x8,
    0xfd, 0x0, 0x5f, 0xd0, 0x0, 0x1f, 0xf4, 0x5,
    0xfd, 0x0, 0x0, 0xaf, 0xc0,

    /* U+0053 "S" */
    0x0, 0x6c, 0xff, 0xd7, 0x0, 0x9, 0xff, 0xee,
    0xff, 0xb0, 0x2f, 0xf4, 0x0, 0x3f, 0xf4, 0x5f,
    0xd0, 0x0, 0x8, 0xc5, 0x4f, 0xe0, 0x0, 0x0,
    0x0, 0xe, 0xfc, 0x40, 0x0, 0x0, 0x3, 0xef,
    0xff, 0xa4, 0x0, 0x0, 0x6, 0xbf, 0xff, 0x90,
    0x0, 0x0, 0x0, 0x6f, 0xf5, 0x0, 0x0, 0x0,
    0x9, 0xf9, 0x9d, 0x60, 0x0, 0x7, 0xfa, 0x7f,
    0xe3, 0x0, 0x3e, 0xf7, 0xd, 0xff, 0xfe, 0xff,
    0xd0, 0x0, 0x8d, 0xff, 0xd8, 0x0,

    /* U+0054 "T" */
    0xff, 0xff, 0xff, 0xff, 0xff, 0xff, 0xff, 0xff,
    0xff, 0xff, 0x0, 0x1, 0xff, 0x10, 0x0, 0x0,
    0x1, 0xff, 0x10, 0x0, 0x0, 0x1, 0xff, 0x10,
    0x0, 0x0, 0x1, 0xff, 0x10, 0x0, 0x0, 0x1,
    0xff, 0x10, 0x0, 0x0, 0x1, 0xff, 0x10, 0x0,
    0x0, 0x1, 0xff, 0x10, 0x0, 0x0, 0x1, 0xff,
    0x10, 0x0, 0x0, 0x1, 0xff, 0x10, 0x0, 0x0,
    0x1, 0xff, 0x10, 0x0, 0x0, 0x1, 0xff, 0x10,
    0x0, 0x0, 0x1, 0xff, 0x10, 0x0,

    /* U+0055 "U" */
    0x6f, 0xc0, 0x0, 0xc, 0xf6, 0x6f, 0xc0, 0x0,
    0xc, 0xf6, 0x6f, 0xc0, 0x0, 0xc, 0xf6, 0x6f,
    0xc0, 0x0, 0xc, 0xf6, 0x6f, 0xc0, 0x0, 0xc,
    0xf6, 0x6f, 0xc0, 0x0, 0xc, 0xf6, 0x6f, 0xc0,
    0x0, 0xc, 0xf6, 0x6f, 0xc0, 0x0, 0xc, 0xf6,
    0x6f, 0xc0, 0x0, 0xc, 0xf6, 0x6f, 0xc0, 0x0,
    0xc, 0xf6, 0x5f, 0xd0, 0x0, 0xd, 0xf5, 0x1f,
    0xf6, 0x0, 0x6f, 0xf1, 0x9, 0xff, 0xee, 0xff,
    0x90, 0x0, 0x6d, 0xff, 0xd6, 0x0,

    /* U+0056 "V" */
    0xf, 0xf3, 0x0, 0x0, 0x2f, 0xf0, 0xb, 0xf7,
    0x0, 0x0, 0x6f, 0xb0, 0x7, 0xfb, 0x0, 0x0,
    0xaf, 0x70, 0x3, 0xff, 0x0, 0x0, 0xef, 0x30,
    0x0, 0xff, 0x30, 0x2, 0xfe, 0x0, 0x0, 0xbf,
    0x70, 0x6, 0xfa, 0x0, 0x0, 0x6f, 0xb0, 0xa,
    0xf6, 0x0, 0x0, 0x2f, 0xf0, 0xe, 0xf2, 0x0,
    0x0, 0xe, 0xf3, 0x2f, 0xe0, 0x0, 0x0, 0xa,
    0xf7, 0x6f, 0x90, 0x0, 0x0, 0x5, 0xfb, 0x9f,
    0x50, 0x0, 0x0, 0x1, 0xfe, 0xcf, 0x10, 0x0,
    0x0, 0x0, 0xdf, 0xfd, 0x0, 0x0, 0x0, 0x0,
    0x9f, 0xf8, 0x0, 0x0,

    /* U+0057 "W" */
    0x8f, 0x60, 0xf, 0xf1, 0x5, 0xf8, 0x6f, 0x80,
    0x2f, 0xf3, 0x7, 0xf6, 0x4f, 0x90, 0x4e, 0xd5,
    0x8, 0xf4, 0x2f, 0xb0, 0x6d, 0xc7, 0xa, 0xf2,
    0x1f, 0xc0, 0x8b, 0xa9, 0xb, 0xf0, 0xf, 0xe0,
    0xa9, 0x8a, 0xd, 0xf0, 0xd, 0xf0, 0xc7, 0x6c,
    0xe, 0xd0, 0xb, 0xf1, 0xe5, 0x5e, 0xf, 0xb0,
    0x9, 0xf3, 0xf3, 0x3f, 0x2f, 0x90, 0x8, 0xf7,
    0xf1, 0x1f, 0x5f, 0x70, 0x6, 0xfa, 0xf0, 0xf,
    0x9f, 0x50, 0x4, 0xfd, 0xd0, 0xd, 0xcf, 0x30,
    0x2, 0xff, 0xb0, 0xb, 0xff, 0x10, 0x0, 0xff,
    0x90, 0x9, 0xff, 0x0,

    /* U+0058 "X" */
    0xc, 0xfa, 0x0, 0x0, 0x8f, 0xc0, 0x3, 0xff,
    0x20, 0x1, 0xff, 0x30, 0x0, 0xaf, 0xb0, 0xa,
    0xfa, 0x0, 0x0, 0x2f, 0xf3, 0x2f, 0xf1, 0x0,
    0x0, 0x8, 0xfc, 0xaf, 0x80, 0x0, 0x0, 0x0,
    0xef, 0xfe, 0x0, 0x0, 0x0, 0x0, 0x6f, 0xf6,
    0x0, 0x0, 0x0, 0x0, 0x9f, 0xf9, 0x0, 0x0,
    0x0, 0x2, 0xfe, 0xff, 0x30, 0x0, 0x0, 0xb,
    0xf8, 0x8f, 0xc0, 0x0, 0x0, 0x4f, 0xe0, 0x1f,
    0xf5, 0x0, 0x0, 0xdf, 0x60, 0x7, 0xfd, 0x0,
    0x7, 0xfd, 0x0, 0x0, 0xef, 0x70, 0x1f, 0xf5,
    0x0, 0x0, 0x6f, 0xf1,

    /* U+0059 "Y" */
    0x2f, 0xf1, 0x0, 0x0, 0x1f, 0xf2, 0xb, 0xf8,
    0x0, 0x0, 0x8f, 0xb0, 0x3, 0xff, 0x10, 0x1,
    0xff, 0x30, 0x0, 0xbf, 0x80, 0x7, 0xfb, 0x0,
    0x0, 0x3f, 0xf1, 0xe, 0xf3, 0x0, 0x0, 0xb,
    0xf8, 0x7f, 0xb0, 0x0, 0x0, 0x3, 0xfe, 0xdf,
    0x30, 0x0, 0x0, 0x0, 0xbf, 0xfb, 0x0, 0x0,
    0x0, 0x0, 0x4f, 0xf4, 0x0, 0x0, 0x0, 0x0,
    0x1f, 0xf1, 0x0, 0x0, 0x0, 0x0, 0x1f, 0xf1,
    0x0, 0x0, 0x0, 0x0, 0x1f, 0xf1, 0x0, 0x0,
    0x0, 0x0, 0x1f, 0xf1, 0x0, 0x0, 0x0, 0x0,
    0x1f, 0xf1, 0x0, 0x0,

    /* U+005A "Z" */
    0x3f, 0xff, 0xff, 0xff, 0xf2, 0x3f, 0xff, 0xff,
    0xff, 0xf2, 0x0, 0x0, 0x0, 0x7f, 0xd0, 0x0,
    0x0, 0x2, 0xff, 0x40, 0x0, 0x0, 0xb, 0xfa,
    0x0, 0x0, 0x0, 0x5f, 0xe1, 0x0, 0x0, 0x1,
    0xef, 0x60, 0x0, 0x0, 0x9, 0xfc, 0x0, 0x0,
    0x0, 0x3f, 0xf2, 0x0, 0x0, 0x0, 0xdf, 0x80,
    0x0, 0x0, 0x7, 0xfd, 0x0, 0x0, 0x0, 0x1f,
    0xf4, 0x0, 0x0, 0x0, 0x5f, 0xff, 0xff, 0xff,
    0xf5, 0x5f, 0xff, 0xff, 0xff, 0xf5,

    /* U+005B "[" */
    0x1f, 0xff, 0xff, 0x21, 0xff, 0xee, 0xe2, 0x1f,
    0xf0, 0x0, 0x1, 0xff, 0x0, 0x0, 0x1f, 0xf0,
    0x0, 0x1, 0xff, 0x0, 0x0, 0x1f, 0xf0, 0x0,
    0x1, 0xff, 0x0, 0x0, 0x1f, 0xf0, 0x0, 0x1,
    0xff, 0x0, 0x0, 0x1f, 0xf0, 0x0, 0x1, 0xff,
    0x0, 0x0, 0x1f, 0xf0, 0x0, 0x1, 0xff, 0x0,
    0x0, 0x1f, 0xf0, 0x0, 0x1, 0xff, 0x0, 0x0,
    0x1f, 0xfe, 0xee, 0x21, 0xff, 0xff, 0xf2,

    /* U+005C "\\" */
    0x48, 0x50, 0x0, 0x0, 0x0, 0x4f, 0xf0, 0x0,
    0x0, 0x0, 0xe, 0xf5, 0x0, 0x0, 0x0, 0x8,
    0xfb, 0x0, 0x0, 0x0, 0x2, 0xff, 0x20, 0x0,
    0x0, 0x0, 0xcf, 0x80, 0x0, 0x0, 0x0, 0x6f,
    0xd0, 0x0, 0x0, 0x0, 0xf, 0xf4, 0x0, 0x0,
    0x0, 0x9, 0xfa, 0x0, 0x0, 0x0, 0x3, 0xff,
    0x0, 0x0, 0x0, 0x0, 0xdf, 0x60, 0x0, 0x0,
    0x0, 0x7f, 0xc0, 0x0, 0x0, 0x0, 0x1f, 0xf2,
    0x0, 0x0, 0x0, 0xb, 0xf8, 0x0, 0x0, 0x0,
    0x5, 0xfe, 0x0, 0x0, 0x0, 0x0, 0xef, 0x50,
    0x0, 0x0, 0x0, 0x9f, 0xb0, 0x0, 0x0, 0x0,
    0x3f, 0xf1, 0x0, 0x0, 0x0, 0xd, 0xf7,

    /* U+005D "]" */
    0x2f, 0xff, 0xff, 0x12, 0xee, 0xef, 0xf1, 0x0,
    0x0, 0xff, 0x10, 0x0, 0xf, 0xf1, 0x0, 0x0,
    0xff, 0x10, 0x0, 0xf, 0xf1, 0x0, 0x0, 0xff,
    0x10, 0x0, 0xf, 0xf1, 0x0, 0x0, 0xff, 0x10,
    0x0, 0xf, 0xf1, 0x0, 0x0, 0xff, 0x10, 0x0,
    0xf, 0xf1, 0x0, 0x0, 0xff, 0x10, 0x0, 0xf,
    0xf1, 0x0, 0x0, 0xff, 0x10, 0x0, 0xf, 0xf1,
    0x2e, 0xee, 0xff, 0x12, 0xff, 0xff, 0xf1,

    /* U+005E "^" */
    0x0, 0x0, 0x88, 0x10, 0x0, 0x0, 0x7, 0xff,
    0x80, 0x0, 0x0, 0xe, 0xdc, 0xe0, 0x0, 0x0,
    0x6f, 0x76, 0xf6, 0x0, 0x0, 0xdf, 0x0, 0xee,
    0x0, 0x5, 0xf9, 0x0, 0x8f, 0x50, 0xd, 0xf2,
    0x0, 0x1f, 0xd0, 0x4f, 0xa0, 0x0, 0xa, 0xf4,

    /* U+005F "_" */
    0xad, 0xdd, 0xdd, 0xdd, 0xda, 0xcf, 0xff, 0xff,
    0xff, 0xfc,

    /* U+0060 "`" */
    0x3b, 0xb1, 0x0, 0x8f, 0xc0, 0x0, 0xaf, 0x90,

    /* U+0061 "a" */
    0x0, 0x5c, 0xff, 0xd7, 0x0, 0x7, 0xff, 0xdd,
    0xff, 0xa0, 0x1f, 0xf4, 0x0, 0x4f, 0xf3, 0x14,
    0x40, 0x0, 0xd, 0xf5, 0x0, 0x1, 0x22, 0x2d,
    0xf5, 0x7, 0xef, 0xff, 0xff, 0xf5, 0x6f, 0xe6,
    0x55, 0x5d, 0xf5, 0xcf, 0x60, 0x0, 0xd, 0xf5,
    0xbf, 0x90, 0x0, 0x3f, 0xf5, 0x5f, 0xfd, 0xac,
    0xfc, 0xf5, 0x5, 0xdf, 0xfb, 0x3b, 0xf5,

    /* U+0062 "b" */
    0x5f, 0xd0, 0x0, 0x0, 0x0, 0x5f, 0xd0, 0x0,
    0x0, 0x0, 0x5f, 0xd0, 0x0, 0x0, 0x0, 0x5f,
    0xd3, 0xcf, 0xe9, 0x0, 0x5f, 0xde, 0xee, 0xff,
    0xb0, 0x5f, 0xf7, 0x0, 0x5f, 0xf3, 0x5f, 0xe0,
    0x0, 0xc, 0xf6, 0x5f, 0xd0, 0x0, 0xb, 0xf7,
    0x5f, 0xd0, 0x0, 0xb, 0xf7, 0x5f, 0xd0, 0x0,
    0xb, 0xf7, 0x5f, 0xe0, 0x0, 0xc, 0xf6, 0x5f,
    0xf7, 0x0, 0x5f, 0xf3, 0x5f, 0xde, 0xee, 0xff,
    0xb0, 0x5f, 0xd2, 0xcf, 0xe9, 0x0,

    /* U+0063 "c" */
    0x0, 0x6c, 0xff, 0xd7, 0x0, 0x9, 0xff, 0xfe,
    0xff, 0xb0, 0x2f, 0xf6, 0x0, 0x4f, 0xf4, 0x6f,
    0xc0, 0x0, 0x8, 0xc5, 0x7f, 0xb0, 0x0, 0x0,
    0x0, 0x7f, 0xb0, 0x0, 0x0, 0x0, 0x7f, 0xb0,
    0x0, 0x0, 0x0, 0x6f, 0xc0, 0x0, 0x8, 0xc5,
    0x2f, 0xf6, 0x0, 0x4f, 0xf4, 0x8, 0xff, 0xfe,
    0xff, 0xb0, 0x0, 0x6c, 0xff, 0xd7, 0x0,

    /* U+0064 "d" */
    0x0, 0x0, 0x0, 0xd, 0xf5, 0x0, 0x0, 0x0,
    0xd, 0xf5, 0x0, 0x0, 0x0, 0xd, 0xf5, 0x0,
    0x9e, 0xfc, 0x3d, 0xf5, 0xb, 0xff, 0xee, 0xed,
    0xf5, 0x3f, 0xf5, 0x0, 0x7f, 0xf5, 0x6f, 0xc0,
    0x0, 0xe, 0xf5, 0x7f, 0xb0, 0x0, 0xd, 0xf5,
    0x7f, 0xb0, 0x0, 0xd, 0xf5, 0x7f, 0xb0, 0x0,
    0xd, 0xf5, 0x6f, 0xc0, 0x0, 0xe, 0xf5, 0x3f,
    0xf5, 0x0, 0x7f, 0xf5, 0xb, 0xff, 0xee, 0xed,
    0xf5, 0x0, 0x9e, 0xfc, 0x2d, 0xf5,

    /* U+0065 "e" */
    0x0, 0x6c, 0xff, 0xc5, 0x0, 0x8, 0xff, 0xcc,
    0xff, 0x80, 0x2f, 0xf3, 0x0, 0x3f, 0xf1, 0x6f,
    0xb0, 0x0, 0xb, 0xf5, 0x7f, 0xb2, 0x22, 0x2b,
    0xf6, 0x7f, 0xff, 0xff, 0xff, 0xf7, 0x7f, 0xc5,
    0x55, 0x55, 0x52, 0x6f, 0xa0, 0x0, 0x0, 0x0,
    0x2f, 0xf2, 0x0, 0x1c, 0xd3, 0x8, 0xff, 0xcc,
    0xff, 0xb0, 0x0, 0x6c, 0xff, 0xd7, 0x0,

    /* U+0066 "f" */
    0x0, 0x0, 0x8e, 0xff, 0xfc, 0x0, 0x7, 0xff,
    0xee, 0xea, 0x0, 0xb, 0xf8, 0x0, 0x0, 0x0,
    0xb, 0xf6, 0x0, 0x0, 0xce, 0xef, 0xff, 0xee,
    0xeb, 0xdf, 0xff, 0xff, 0xff, 0xfc, 0x0, 0xb,
    0xf6, 0x0, 0x0, 0x0, 0xb, 0xf6, 0x0, 0x0,
    0x0, 0xb, 0xf6, 0x0, 0x0, 0x0, 0xb, 0xf6,
    0x0, 0x0, 0x0, 0xb, 0xf6, 0x0, 0x0, 0x0,
    0xb, 0xf6, 0x0, 0x0, 0x0, 0xb, 0xf6, 0x0,
    0x0, 0x0, 0xb, 0xf6, 0x0, 0x0,

    /* U+0067 "g" */
    0x0, 0x9e, 0xfb, 0x1d, 0xf4, 0xa, 0xff, 0xee,
    0xcd, 0xf4, 0x2f, 0xf6, 0x0, 0x8e, 0xf4, 0x5f,
    0xd0, 0x0, 0xf, 0xf4, 0x6f, 0xc0, 0x0, 0xd,
    0xf4, 0x6f, 0xc0, 0x0, 0xd, 0xf4, 0x6f, 0xc0,
    0x0, 0xd, 0xf4, 0x5f, 0xe0, 0x0, 0xf, 0xf4,
    0x1f, 0xf8, 0x1, 0xaf, 0xf4, 0x8, 0xff, 0xff,
    0xed, 0xf4, 0x0, 0x6c, 0xda, 0x2d, 0xf4, 0x0,
    0x0, 0x0, 0xd, 0xf4, 0x0, 0x0, 0x0, 0x1f,
    0xf2, 0x0, 0xbd, 0xdd, 0xff, 0xb0, 0x0, 0xef,
    0xff, 0xe9, 0x0,

    /* U+0068 "h" */
    0x5f, 0xd0, 0x0, 0x0, 0x0, 0x5f, 0xd0, 0x0,
    0x0, 0x0, 0x5f, 0xd0, 0x0, 0x0, 0x0, 0x5f,
    0xd3, 0xcf, 0xe9, 0x0, 0x5f, 0xde, 0xed, 0xff,
    0xb0, 0x5f, 0xf7, 0x0, 0x5f, 0xf2, 0x5f, 0xe0,
    0x0, 0xd, 0xf5, 0x5f, 0xd0, 0x0, 0xc, 0xf5,
    0x5f, 0xd0, 0x0, 0xc, 0xf5, 0x5f, 0xd0, 0x0,
    0xc, 0xf5, 0x5f, 0xd0, 0x0, 0xc, 0xf5, 0x5f,
    0xd0, 0x0, 0xc, 0xf5, 0x5f, 0xd0, 0x0, 0xc,
    0xf5, 0x5f, 0xd0, 0x0, 0xc, 0xf5,

    /* U+0069 "i" */
    0x0, 0x0, 0x7a, 0x30, 0x0, 0x0, 0x0, 0x2f,
    0xfd, 0x0, 0x0, 0x0, 0x0, 0xcf, 0x70, 0x0,
    0x0, 0x0, 0x0, 0x0, 0x0, 0x0, 0x0, 0x0,
    0x0, 0x0, 0x0, 0x0, 0xef, 0xff, 0xf9, 0x0,
    0x0, 0xc, 0xee, 0xff, 0x90, 0x0, 0x0, 0x0,
    0x8, 0xf9, 0x0, 0x0, 0x0, 0x0, 0x8f, 0x90,
    0x0, 0x0, 0x0, 0x8, 0xf9, 0x0, 0x0, 0x0,
    0x0, 0x8f, 0x90, 0x0, 0x0, 0x0, 0x8, 0xf9,
    0x0, 0x0, 0x0, 0x0, 0x8f, 0x90, 0x0, 0x0,
    0x0, 0x8, 0xf9, 0x0, 0x0, 0x5e, 0xee, 0xff,
    0xfe, 0xee, 0x16, 0xff, 0xff, 0xff, 0xff, 0xf2,

    /* U+006A "j" */
    0x0, 0x0, 0x6, 0xfd, 0x10, 0x0, 0x0, 0xbf,
    0xf4, 0x0, 0x0, 0x3, 0xa8, 0x0, 0x0, 0x0,
    0x0, 0x0, 0xb, 0xff, 0xff, 0xff, 0x0, 0xaf,
    0xff, 0xff, 0xf0, 0x0, 0x0, 0x3, 0xff, 0x0,
    0x0, 0x0, 0x3f, 0xf0, 0x0, 0x0, 0x3, 0xff,
    0x0, 0x0, 0x0, 0x3f, 0xf0, 0x0, 0x0, 0x3,
    0xff, 0x0, 0x0, 0x0, 0x3f, 0xf0, 0x0, 0x0,
    0x3, 0xff, 0x0, 0x0, 0x0, 0x3f, 0xf0, 0x0,
    0x0, 0x3, 0xfe, 0x0, 0x0, 0x0, 0x5f, 0xd0,
    0x0, 0x0, 0x2d, 0xf9, 0x4, 0xff, 0xff, 0xfe,
    0x10, 0x5f, 0xff, 0xe9, 0x10, 0x0,

    /* U+006B "k" */
    0x4f, 0xe0, 0x0, 0x0, 0x0, 0x4, 0xfe, 0x0,
    0x0, 0x0, 0x0, 0x4f, 0xe0, 0x0, 0x0, 0x0,
    0x4, 0xfe, 0x0, 0x0, 0x9f, 0xd0, 0x4f, 0xe0,
    0x0, 0x4f, 0xf3, 0x4, 0xfe, 0x0, 0x1e, 0xf7,
    0x0, 0x4f, 0xe0, 0xa, 0xfc, 0x0, 0x4, 0xff,
    0xdd, 0xff, 0x20, 0x0, 0x4f, 0xff, 0xff, 0xe1,
    0x0, 0x4, 0xfe, 0x0, 0xdf, 0x90, 0x0, 0x4f,
    0xe0, 0x4, 0xff, 0x30, 0x4, 0xfe, 0x0, 0xb,
    0xfc, 0x0, 0x4f, 0xe0, 0x0, 0x2f, 0xf5, 0x4,
    0xfe, 0x0, 0x0, 0x8f, 0xe0,

    /* U+006C "l" */
    0x6f, 0xff, 0xff, 0x50, 0x0, 0x0, 0x6e, 0xee,
    0xff, 0x50, 0x0, 0x0, 0x0, 0x0, 0xdf, 0x50,
    0x0, 0x0, 0x0, 0x0, 0xdf, 0x50, 0x0, 0x0,
    0x0, 0x0, 0xdf, 0x50, 0x0, 0x0, 0x0, 0x0,
    0xdf, 0x50, 0x0, 0x0, 0x0, 0x0, 0xdf, 0x50,
    0x0, 0x0, 0x0, 0x0, 0xdf, 0x50, 0x0, 0x0,
    0x0, 0x0, 0xdf, 0x50, 0x0, 0x0, 0x0, 0x0,
    0xdf, 0x50, 0x0, 0x0, 0x0, 0x0, 0xdf, 0x50,
    0x0, 0x0, 0x0, 0x0, 0xbf, 0x90, 0x0, 0x0,
    0x0, 0x0, 0x5f, 0xff, 0xee, 0xe1, 0x0, 0x0,
    0x6, 0xdf, 0xff, 0xf1,

    /* U+006D "m" */
    0xdf, 0x5e, 0xe2, 0x9f, 0xc1, 0xdf, 0x87, 0xfd,
    0x7a, 0xf9, 0xdf, 0x20, 0xdd, 0x1, 0xfc, 0xdf,
    0x20, 0xcd, 0x1, 0xfd, 0xdf, 0x20, 0xcd, 0x1,
    0xfd, 0xdf, 0x20, 0xcd, 0x1, 0xfd, 0xdf, 0x20,
    0xcd, 0x1, 0xfd, 0xdf, 0x20, 0xcd, 0x1, 0xfd,
    0xdf, 0x20, 0xcd, 0x1, 0xfd, 0xdf, 0x20, 0xcd,
    0x1, 0xfd, 0xdf, 0x20, 0xcd, 0x1, 0xfd,

    /* U+006E "n" */
    0x5f, 0xd3, 0xcf, 0xe9, 0x0, 0x5f, 0xde, 0xbb,
    0xff, 0xb0, 0x5f, 0xf4, 0x0, 0x3f, 0xf2, 0x5f,
    0xe0, 0x0, 0xd, 0xf5, 0x5f, 0xd0, 0x0, 0xc,
    0xf5, 0x5f, 0xd0, 0x0, 0xc, 0xf5, 0x5f, 0xd0,
    0x0, 0xc, 0xf5, 0x5f, 0xd0, 0x0, 0xc, 0xf5,
    0x5f, 0xd0, 0x0, 0xc, 0xf5, 0x5f, 0xd0, 0x0,
    0xc, 0xf5, 0x5f, 0xd0, 0x0, 0xc, 0xf5,

    /* U+006F "o" */
    0x0, 0x6c, 0xff, 0xc6, 0x0, 0x9, 0xff, 0xee,
    0xff, 0x90, 0x2f, 0xf5, 0x0, 0x5f, 0xf2, 0x6f,
    0xc0, 0x0, 0xc, 0xf6, 0x7f, 0xb0, 0x0, 0xb,
    0xf7, 0x7f, 0xb0, 0x0, 0xb, 0xf7, 0x7f, 0xb0,
    0x0, 0xb, 0xf7, 0x6f, 0xc0, 0x0, 0xc, 0xf6,
    0x2f, 0xf5, 0x0, 0x5f, 0xf2, 0x9, 0xff, 0xee,
    0xff, 0x90, 0x0, 0x6c, 0xff, 0xc6, 0x0,

    /* U+0070 "p" */
    0x5f, 0xd1, 0xbf, 0xe9, 0x10, 0x5f, 0xdb, 0xbb,
    0xff, 0xb0, 0x5f, 0xe4, 0x0, 0x2f, 0xf3, 0x5f,
    0xe0, 0x0, 0xc, 0xf6, 0x5f, 0xd0, 0x0, 0xb,
    0xf7, 0x5f, 0xd0, 0x0, 0xb, 0xf7, 0x5f, 0xd0,
    0x0, 0xb, 0xf7, 0x5f, 0xe0, 0x0, 0xc, 0xf6,
    0x5f, 0xf7, 0x0, 0x5f, 0xf3, 0x5f, 0xdf, 0xee,
    0xff, 0xb0, 0x5f, 0xd4, 0xcf, 0xe9, 0x0, 0x5f,
    0xd0, 0x0, 0x0, 0x0, 0x5f, 0xd0, 0x0, 0x0,
    0x0, 0x5f, 0xd0, 0x0, 0x0, 0x0, 0x5f, 0xd0,
    0x0, 0x0, 0x0,

    /* U+0071 "q" */
    0x0, 0x9e, 0xfb, 0x1d, 0xf5, 0xb, 0xff, 0xee,
    0xbd, 0xf5, 0x3f, 0xf5, 0x0, 0x7e, 0xf5, 0x5f,
    0xd0, 0x0, 0xf, 0xf5, 0x6f, 0xc0, 0x0, 0xd,
    0xf5, 0x6f, 0xc0, 0x0, 0xd, 0xf5, 0x6f, 0xc0,
    0x0, 0xd, 0xf5, 0x5f, 0xd0, 0x0, 0xe, 0xf5,
    0x2f, 0xf5, 0x0, 0x7f, 0xf5, 0xb, 0xff, 0xee,
    0xfd, 0xf5, 0x0, 0x9e, 0xfc, 0x4d, 0xf5, 0x0,
    0x0, 0x0, 0xd, 0xf5, 0x0, 0x0, 0x0, 0xd,
    0xf5, 0x0, 0x0, 0x0, 0xd, 0xf5, 0x0, 0x0,
    0x0, 0xd, 0xf5,

    /* U+0072 "r" */
    0xff, 0x2a, 0xff, 0xc4, 0xf, 0xfb, 0xc9, 0xdf,
    0xf3, 0xff, 0xa0, 0x0, 0xbf, 0xbf, 0xf4, 0x0,
    0x6, 0xfe, 0xff, 0x30, 0x0, 0x3b, 0xaf, 0xf3,
    0x0, 0x0, 0x0, 0xff, 0x30, 0x0, 0x0, 0xf,
    0xf3, 0x0, 0x0, 0x0, 0xff, 0x30, 0x0, 0x0,
    0xf, 0xf3, 0x0, 0x0, 0x0, 0xff, 0x30, 0x0,
    0x0, 0x0,

    /* U+0073 "s" */
    0x1, 0x9e, 0xff, 0xea, 0x10, 0xb, 0xff, 0xdc,
    0xff, 0xd0, 0x1f, 0xf2, 0x0, 0xc, 0xd4, 0x1f,
    0xf1, 0x0, 0x0, 0x0, 0xd, 0xfe, 0x97, 0x40,
    0x0, 0x1, 0xaf, 0xff, 0xff, 0x70, 0x0, 0x0,
    0x25, 0x9f, 0xf4, 0x0, 0x0, 0x0, 0x9, 0xf8,
    0x5e, 0xd1, 0x0, 0xc, 0xf8, 0xd, 0xff, 0xcc,
    0xef, 0xf2, 0x1, 0x9e, 0xff, 0xeb, 0x30,

    /* U+0074 "t" */
    0x0, 0x0, 0xff, 0x30, 0x0, 0x0, 0x0, 0xf,
    0xf3, 0x0, 0x0, 0x0, 0x0, 0xff, 0x30, 0x0,
    0x0, 0xff, 0xff, 0xff, 0xff, 0xf7, 0xe, 0xee,
    0xff, 0xfe, 0xee, 0x70, 0x0, 0xf, 0xf3, 0x0,
    0x0, 0x0, 0x0, 0xff, 0x30, 0x0, 0x0, 0x0,
    0xf, 0xf3, 0x0, 0x0, 0x0, 0x0, 0xff, 0x30,
    0x0, 0x0, 0x0, 0xf, 0xf3, 0x0, 0x0, 0x0,
    0x0, 0xff, 0x30, 0x0, 0x0, 0x0, 0xe, 0xf5,
    0x0, 0x0, 0x0, 0x0, 0x9f, 0xfe, 0xee, 0x40,
    0x0, 0x0, 0x9e, 0xff, 0xf4,

    /* U+0075 "u" */
    0x5f, 0xc0, 0x0, 0xc, 0xf5, 0x5f, 0xc0, 0x0,
    0xc, 0xf5, 0x5f, 0xc0, 0x0, 0xc, 0xf5, 0x5f,
    0xc0, 0x0, 0xc, 0xf5, 0x5f, 0xc0, 0x0, 0xc,
    0xf5, 0x5f, 0xc0, 0x0, 0xc, 0xf5, 0x5f, 0xc0,
    0x0, 0xc, 0xf5, 0x4f, 0xe0, 0x0, 0xe, 0xf4,
    0x1f, 0xf6, 0x0, 0x7f, 0xf1, 0x7, 0xff, 0xee,
    0xff, 0x70, 0x0, 0x5c, 0xff, 0xc5, 0x0,

    /* U+0076 "v" */
    0xe, 0xf4, 0x0, 0x0, 0x4f, 0xe0, 0x9, 0xf9,
    0x0, 0x0, 0x9f, 0x90, 0x3, 0xfe, 0x0, 0x0,
    0xef, 0x30, 0x0, 0xef, 0x40, 0x3, 0xfe, 0x0,
    0x0, 0x9f, 0x90, 0x8, 0xf9, 0x0, 0x0, 0x3f,
    0xe0, 0xd, 0xf3, 0x0, 0x0, 0xe, 0xf3, 0x2f,
    0xe0, 0x0, 0x0, 0x9, 0xf8, 0x7f, 0x90, 0x0,
    0x0, 0x4, 0xfd, 0xbf, 0x40, 0x0, 0x0, 0x0,
    0xef, 0xfe, 0x0, 0x0, 0x0, 0x0, 0x9f, 0xf9,
    0x0, 0x0,

    /* U+0077 "w" */
    0x5f, 0x70, 0xf, 0xf0, 0x6, 0xf5, 0x3f, 0x90,
    0x2f, 0xf2, 0x8, 0xf3, 0xf, 0xb0, 0x4d, 0xe4,
    0xa, 0xf0, 0xe, 0xd0, 0x7b, 0xb7, 0xd, 0xe0,
    0xb, 0xf0, 0x99, 0x99, 0xf, 0xb0, 0x9, 0xf2,
    0xc6, 0x6c, 0x1f, 0x90, 0x6, 0xf4, 0xe4, 0x4e,
    0x4f, 0x60, 0x4, 0xf8, 0xf1, 0x2f, 0x7f, 0x30,
    0x2, 0xfc, 0xf0, 0xf, 0xcf, 0x10, 0x0, 0xff,
    0xc0, 0xd, 0xfe, 0x0, 0x0, 0xdf, 0xa0, 0xa,
    0xfc, 0x0,

    /* U+0078 "x" */
    0x9, 0xfd, 0x0, 0x0, 0xdf, 0x90, 0x0, 0xdf,
    0x80, 0x8, 0xfd, 0x0, 0x0, 0x3f, 0xf3, 0x2f,
    0xf3, 0x0, 0x0, 0x8, 0xfc, 0xbf, 0x80, 0x0,
    0x0, 0x0, 0xdf, 0xfd, 0x0, 0x0, 0x0, 0x0,
    0x7f, 0xf7, 0x0, 0x0, 0x0, 0x2, 0xff, 0xff,
    0x20, 0x0, 0x0, 0xc, 0xf9, 0x9f, 0xc0, 0x0,
    0x0, 0x7f, 0xe1, 0x1e, 0xf7, 0x0, 0x2, 0xff,
    0x40, 0x5, 0xff, 0x20, 0xc, 0xfa, 0x0, 0x0,
    0xaf, 0xc0,

    /* U+0079 "y" */
    0xe, 0xf7, 0x0, 0x0, 0x6f, 0xe0, 0x8, 0xfd,
    0x0, 0x0, 0xbf, 0x80, 0x2, 0xff, 0x30, 0x1,
    0xff, 0x20, 0x0, 0xbf, 0x90, 0x6, 0xfd, 0x0,
    0x0, 0x5f, 0xe0, 0xb, 0xf7, 0x0, 0x0, 0xe,
    0xf4, 0x1f, 0xf1, 0x0, 0x0, 0x9, 0xfa, 0x6f,
    0xc0, 0x0, 0x0, 0x3, 0xfe, 0xbf, 0x60, 0x0,
    0x0, 0x0, 0xdf, 0xff, 0x10, 0x0, 0x0, 0x0,
    0x6f, 0xfa, 0x0, 0x0, 0x0, 0x0, 0x1f, 0xf5,
    0x0, 0x0, 0x0, 0x0, 0x4f, 0xf0, 0x0, 0x0,
    0x0, 0x0, 0xaf, 0x90, 0x0, 0x0, 0x0, 0x0,
    0xff, 0x40, 0x0, 0x0, 0x0, 0x6, 0xfe, 0x0,
    0x0, 0x0,

    /* U+007A "z" */
    0x2f, 0xff, 0xff, 0xff, 0xf1, 0x2e, 0xee, 0xee,
    0xef, 0xf1, 0x0, 0x0, 0x1, 0xdf, 0xa0, 0x0,
    0x0, 0xb, 0xfc, 0x0, 0x0, 0x0, 0x9f, 0xe1,
    0x0, 0x0, 0x6, 0xff, 0x20, 0x0, 0x0, 0x4f,
    0xf4, 0x0, 0x0, 0x2, 0xef, 0x70, 0x0, 0x0,
    0x1d, 0xf9, 0x0, 0x0, 0x0, 0x5f, 0xfe, 0xee,
    0xee, 0xe4, 0x5f, 0xff, 0xff, 0xff, 0xf5,

    /* U+007B "{" */
    0x0, 0x0, 0x3, 0xbf, 0xf5, 0x0, 0x0, 0x1f,
    0xff, 0xe5, 0x0, 0x0, 0x6f, 0xe1, 0x0, 0x0,
    0x0, 0x6f, 0xb0, 0x0, 0x0, 0x0, 0x5f, 0xc0,
    0x0, 0x0, 0x0, 0x4f, 0xd0, 0x0, 0x0, 0x0,
    0x4f, 0xe0, 0x0, 0x0, 0x0, 0x9f, 0xb0, 0x0,
    0x5f, 0xff, 0xfb, 0x20, 0x0, 0x5e, 0xef, 0xfd,
    0x20, 0x0, 0x0, 0x0, 0x8f, 0xc0, 0x0, 0x0,
    0x0, 0x3f, 0xe0, 0x0, 0x0, 0x0, 0x4f, 0xd0,
    0x0, 0x0, 0x0, 0x5f, 0xc0, 0x0, 0x0, 0x0,
    0x6f, 0xb0, 0x0, 0x0, 0x0, 0x6f, 0xe2, 0x0,
    0x0, 0x0, 0x1e, 0xff, 0xe5, 0x0, 0x0, 0x2,
    0xbf, 0xf5,

    /* U+007C "|" */
    0x7, 0x70, 0x1f, 0xf1, 0x1f, 0xf1, 0x1f, 0xf1,
    0x1f, 0xf1, 0x1f, 0xf1, 0x1f, 0xf1, 0x1f, 0xf1,
    0x1f, 0xf1, 0x1f, 0xf1, 0x1f, 0xf1, 0x1f, 0xf1,
    0x1f, 0xf1, 0x1f, 0xf1, 0x1f, 0xf1, 0x1f, 0xf1,
    0x1f, 0xf1, 0x1f, 0xf1, 0x1f, 0xf1,

    /* U+007D "}" */
    0x5f, 0xfb, 0x30, 0x0, 0x0, 0x5e, 0xff, 0xf1,
    0x0, 0x0, 0x0, 0x1e, 0xf6, 0x0, 0x0, 0x0,
    0xb, 0xf6, 0x0, 0x0, 0x0, 0xc, 0xf5, 0x0,
    0x0, 0x0, 0xd, 0xf4, 0x0, 0x0, 0x0, 0xe,
    0xf4, 0x0, 0x0, 0x0, 0xb, 0xf9, 0x0, 0x0,
    0x0, 0x2, 0xbf, 0xff, 0xf5, 0x0, 0x2, 0xdf,
    0xfe, 0xe5, 0x0, 0xc, 0xf9, 0x0, 0x0, 0x0,
    0xe, 0xf3, 0x0, 0x0, 0x0, 0xd, 0xf4, 0x0,
    0x0, 0x0, 0xc, 0xf5, 0x0, 0x0, 0x0, 0xb,
    0xf6, 0x0, 0x0, 0x0, 0x1e, 0xf6, 0x0, 0x0,
    0x5e, 0xff, 0xe1, 0x0, 0x0, 0x5f, 0xfb, 0x20,
    0x0, 0x0,

    /* U+007E "~" */
    0x1a, 0xff, 0x90, 0x1, 0xfd, 0x9f, 0xdd, 0xfc,
    0x1, 0xfd, 0xdf, 0x10, 0xcf, 0xdd, 0xf9, 0xdf,
    0x10, 0x9, 0xff, 0xa1,

    /* U+00A0 " " */

    /* U+00A1 "¡" */
    0x4f, 0xf4, 0x8f, 0xf8, 0x7, 0x70, 0x0, 0x0,
    0x0, 0x0, 0xc, 0xc0, 0xd, 0xd0, 0xe, 0xe0,
    0xf, 0xf0, 0xf, 0xf0, 0x1f, 0xf1, 0x2f, 0xf2,
    0x3f, 0xf3, 0x3f, 0xf3, 0x3f, 0xf3,

    /* U+00A2 "¢" */
    0x0, 0x0, 0x7c, 0x0, 0x0, 0x0, 0x0, 0x7c,
    0x0, 0x0, 0x0, 0x0, 0x7c, 0x0, 0x0, 0x0,
    0x6c, 0xff, 0xd7, 0x0, 0x9, 0xff, 0xff, 0xff,
    0xb0, 0x2f, 0xf6, 0x7c, 0x4f, 0xf4, 0x6f, 0xc0,
    0x7c, 0x8, 0xc5, 0x7f, 0xb0, 0x7c, 0x0, 0x0,
    0x7f, 0xb0, 0x7c, 0x0, 0x0, 0x7f, 0xb0, 0x7c,
    0x0, 0x0, 0x6f, 0xc0, 0x7c, 0x8, 0xc5, 0x2f,
    0xf6, 0x7c, 0x4f, 0xf4, 0x8, 0xff, 0xff, 0xff,
    0xb0, 0x0, 0x6c, 0xff, 0xd7, 0x0, 0x0, 0x0,
    0x7c, 0x0, 0x0, 0x0, 0x0, 0x7c, 0x0, 0x0,
    0x0, 0x0, 0x36, 0x0, 0x0,

    /* U+00A3 "£" */
    0x0, 0x7d, 0xff, 0xd7, 0x0, 0xb, 0xff, 0xee,
    0xff, 0xb0, 0x4f, 0xf4, 0x0, 0x4f, 0xf4, 0x7f,
    0xb0, 0x0, 0x7, 0x93, 0x5f, 0xd0, 0x0, 0x0,
    0x0, 0xd, 0xf7, 0x0, 0x0, 0x0, 0x7e, 0xff,
    0xcc, 0xc8, 0x0, 0x9f, 0xff, 0xff, 0xfb, 0x0,
    0x0, 0x5f, 0xb0, 0x0, 0x0, 0x0, 0x7f, 0xa0,
    0x0, 0x0, 0x2, 0xff, 0x30, 0x0, 0x0, 0x4f,
    0xe5, 0x0, 0x0, 0x0, 0x8f, 0xfe, 0xee, 0xee,
    0xea, 0x8f, 0xff, 0xff, 0xff, 0xfb,

    /* U+00A4 "¤" */
    0x0, 0x0, 0x0, 0x0, 0x0, 0x0, 0x8, 0xc0,
    0x0, 0x0, 0xa, 0x70, 0xb, 0xfc, 0xbf, 0xfb,
    0xbf, 0xc0, 0x0, 0xbf, 0xf9, 0x9e, 0xfc, 0x0,
    0x0, 0xcf, 0x20, 0x2, 0xfd, 0x0, 0x0, 0xf9,
    0x0, 0x0, 0x9f, 0x0, 0x0, 0xf9, 0x0, 0x0,
    0x9f, 0x0, 0x0, 0xcf, 0x20, 0x2, 0xed, 0x0,
    0x0, 0xcf, 0xe9, 0x9e, 0xfc, 0x0, 0xb, 0xfc,
    0xbf, 0xfb, 0xcf, 0xc0, 0x7, 0xb0, 0x0, 0x0,
    0xb, 0x80, 0x0, 0x0, 0x0, 0x0, 0x0, 0x0,

    /* U+00A5 "¥" */
    0x2f, 0xf1, 0x0, 0x0, 0x1f, 0xf2, 0xa, 0xf9,
    0x0, 0x0, 0x9f, 0xa0, 0x2, 0xff, 0x10, 0x1,
    0xff, 0x20, 0x0, 0xaf, 0x90, 0x8, 0xfa, 0x0,
    0x0, 0x2f, 0xf2, 0x1f, 0xf2, 0x0, 0x0, 0xa,
    0xf9, 0x8f, 0xa0, 0x0, 0x0, 0x2, 0xff, 0xef,
    0x20, 0x0, 0xc, 0xff, 0xff, 0xff, 0xff, 0xc0,
    0x8, 0xaa, 0xaf, 0xfa, 0xaa, 0x80, 0x0, 0x0,
    0x1f, 0xf1, 0x0, 0x0, 0xc, 0xff, 0xff, 0xff,
    0xff, 0xc0, 0x8, 0xaa, 0xbf, 0xfb, 0xaa, 0x80,
    0x0, 0x0, 0x1f, 0xf1, 0x0, 0x0, 0x0, 0x0,
    0x1f, 0xf1, 0x0, 0x0,

    /* U+00A6 "¦" */
    0x7, 0x70, 0x1f, 0xf1, 0x1f, 0xf1, 0x1f, 0xf1,
    0x1f, 0xf1, 0x1f, 0xf1, 0x1f, 0xf1, 0x1f, 0xf1,
    0x0, 0x0, 0x0, 0x0, 0x0, 0x0, 0x7, 0x70,
    0x1f, 0xf1, 0x1f, 0xf1, 0x1f, 0xf1, 0x1f, 0xf1,
    0x1f, 0xf1, 0x1f, 0xf1, 0x1f, 0xf1,

    /* U+00A7 "§" */
    0x1, 0x9e, 0xff, 0xe9, 0x10, 0xd, 0xff, 0xcc,
    0xff, 0xd0, 0x5f, 0xe1, 0x0, 0x1d, 0xe5, 0x6f,
    0xc0, 0x0, 0x0, 0x0, 0x2f, 0xf8, 0x20, 0x0,
    0x0, 0x7, 0xff, 0xfe, 0xb5, 0x0, 0x1, 0x94,
    0x14, 0x9f, 0xb0, 0xe, 0xc0, 0x0, 0xa, 0xf6,
    0x5f, 0xb0, 0x0, 0x8, 0xf9, 0x6f, 0xf5, 0x0,
    0xd, 0xf7, 0x1f, 0xff, 0xfc, 0xef, 0xc0, 0x4,
    0xef, 0xff, 0xfa, 0x10, 0x0, 0x4, 0x7a, 0xff,
    0xe1, 0x0, 0x0, 0x0, 0x1d, 0xf8, 0x35, 0x30,
    0x0, 0x8, 0xfa, 0x6f, 0xf4, 0x0, 0x3e, 0xf7,
    0xb, 0xff, 0xff, 0xff, 0xc0, 0x0, 0x5a, 0xbb,
    0xa5, 0x0,

    /* U+00A8 "¨" */
    0x2a, 0x60, 0x6, 0xa2, 0x9f, 0xf0, 0xf, 0xf9,
    0x5f, 0xb0, 0xb, 0xf5,

    /* U+00A9 "©" */
    0x0, 0x7, 0xcf, 0xfd, 0x70, 0x0, 0x1, 0xdb,
    0x30, 0x3, 0xbd, 0x10, 0x9, 0xa0, 0x8e, 0xfa,
    0xa, 0x90, 0xf, 0x24, 0xf6, 0x4f, 0x72, 0xf0,
    0x1f, 0x7, 0xf0, 0x4, 0x30, 0xf1, 0x1f, 0x7,
    0xf0, 0x0, 0x0, 0xf1, 0x1f, 0x7, 0xf0, 0x1,
    0x10, 0xf1, 0x1f, 0x5, 0xf3, 0x1e, 0x80, 0xf1,
    0xf, 0x20, 0xbf, 0xfd, 0x12, 0xf0, 0x9, 0xa0,
    0x1, 0x20, 0xa, 0x90, 0x1, 0xdb, 0x30, 0x3,
    0xbd, 0x10, 0x0, 0x7, 0xcf, 0xfd, 0x70, 0x0,

    /* U+00AA "ª" */
    0x8, 0xee, 0xa0, 0x17, 0x10, 0xd6, 0x1a, 0xdd,
    0xf7, 0x7c, 0x0, 0xb7, 0x7c, 0x0, 0xd7, 0x1a,
    0xc9, 0x96,

    /* U+00AB "«" */
    0x0, 0x0, 0x67, 0x30, 0x6, 0x72, 0x0, 0x7,
    0xfd, 0x10, 0xaf, 0xb0, 0x0, 0x4f, 0xf2, 0x7,
    0xfd, 0x0, 0x2, 0xef, 0x40, 0x4f, 0xe1, 0x0,
    0xd, 0xf7, 0x2, 0xff, 0x30, 0x0, 0x4f, 0xf2,
    0x7, 0xfd, 0x0, 0x0, 0x8, 0xfd, 0x0, 0xbf,
    0xa0, 0x0, 0x0, 0xbf, 0xa0, 0x1d, 0xf7, 0x0,
    0x0, 0xd, 0xf7, 0x2, 0xff, 0x40, 0x0, 0x2,
    0xff, 0x50, 0x5f, 0xe2,

    /* U+00AC "¬" */
    0x8e, 0xee, 0xee, 0xee, 0xe8, 0x9f, 0xff, 0xff,
    0xff, 0xf9, 0x0, 0x0, 0x0, 0x7, 0xf9, 0x0,
    0x0, 0x0, 0x7, 0xf9, 0x0, 0x0, 0x0, 0x3,
    0x84,

    /* U+00AD "­" */
    0x3e, 0xee, 0xee, 0xe3, 0x3f, 0xff, 0xff, 0xf3,

    /* U+00AE "®" */
    0x0, 0x7, 0xcf, 0xfd, 0x70, 0x0, 0x1, 0xdb,
    0x30, 0x3, 0xbd, 0x10, 0x9, 0xa4, 0xee, 0xe9,
    0xa, 0x90, 0xf, 0x24, 0xf2, 0x3f, 0x52, 0xf0,
    0x1f, 0x4, 0xf1, 0x1f, 0x60, 0xf1, 0x1f, 0x4,
    0xff, 0xfc, 0x10, 0xf1, 0x1f, 0x4, 0xf2, 0xd8,
    0x0, 0xf1, 0x1f, 0x4, 0xf1, 0x6e, 0x0, 0xf1,
    0xf, 0x24, 0xf1, 0x1f, 0x52, 0xf0, 0x9, 0xa0,
    0x10, 0x1, 0xa, 0x90, 0x1, 0xdb, 0x30, 0x3,
    0xbd, 0x10, 0x0, 0x7, 0xcf, 0xfd, 0x70, 0x0,

    /* U+00AF "¯" */
    0x3a, 0xaa, 0xaa, 0xa3, 0x5f, 0xff, 0xff, 0xf5,

    /* U+00B0 "°" */
    0x9, 0xee, 0x90, 0x9d, 0x33, 0xd9, 0xe5, 0x0,
    0x5e, 0xf5, 0x0, 0x5f, 0xac, 0x11, 0xcb, 0x1c,
    0xff, 0xc1, 0x0, 0x11, 0x0,

    /* U+00B1 "±" */
    0x0, 0x0, 0xff, 0x10, 0x0, 0x0, 0x0, 0xff,
    0x10, 0x0, 0x0, 0x0, 0xff, 0x10, 0x0, 0xae,
    0xee, 0xff, 0xee, 0xeb, 0xbf, 0xff, 0xff, 0xff,
    0xfc, 0x0, 0x0, 0xff, 0x10, 0x0, 0x0, 0x0,
    0xff, 0x10, 0x0, 0x0, 0x0, 0xff, 0x10, 0x0,
    0x0, 0x0, 0xff, 0x10, 0x0, 0x69, 0x9a, 0xff,
    0xa9, 0x96, 0xaf, 0xff, 0xff, 0xff, 0xfa,

    /* U+00B2 "²" */
    0x0, 0xaf, 0xfa, 0x0, 0xa, 0xf7, 0x7f, 0xa0,
    0xf, 0x90, 0x9, 0xe0, 0x0, 0x0, 0xa, 0xe0,
    0x0, 0x0, 0x5f, 0x80, 0x0, 0x8, 0xfa, 0x0,
    0x1, 0xcf, 0x60, 0x0, 0xb, 0xf9, 0x66, 0x61,
    0xc, 0xff, 0xff, 0xf3,

    /* U+00B3 "³" */
    0xc, 0xff, 0xff, 0x30, 0x56, 0x69, 0xf2, 0x0,
    0x1, 0xd9, 0x0, 0x0, 0xab, 0x0, 0x0, 0xe,
    0xf9, 0x0, 0x0, 0x26, 0xf8, 0x39, 0x10, 0xe,
    0xb2, 0xfc, 0x69, 0xf7, 0x4, 0xdf, 0xe8, 0x0,

    /* U+00B4 "´" */
    0x1, 0xbb, 0x20, 0xcf, 0x70, 0x8f, 0xa0, 0x0,

    /* U+00B5 "µ" */
    0x5f, 0xc0, 0x0, 0xc, 0xf5, 0x5f, 0xc0, 0x0,
    0xc, 0xf5, 0x5f, 0xc0, 0x0, 0xc, 0xf5, 0x5f,
    0xc0, 0x0, 0xc, 0xf5, 0x5f, 0xc0, 0x0, 0xc,
    0xf5, 0x5f, 0xc0, 0x0, 0xc, 0xf5, 0x5f, 0xc0,
    0x0, 0xc, 0xf5, 0x5f, 0xd0, 0x0, 0xd, 0xf4,
    0x5f, 0xf5, 0x0, 0x5f, 0xf1, 0x5f, 0xef, 0xee,
    0xff, 0x90, 0x5f, 0x7a, 0xff, 0xd7, 0x0, 0x5f,
    0x70, 0x0, 0x0, 0x0, 0x5f, 0x80, 0x0, 0x0,
    0x0, 0x5f, 0x90, 0x0, 0x0, 0x0, 0x5f, 0xa0,
    0x0, 0x0, 0x0,

    /* U+00B6 "¶" */
    0x4, 0xcf, 0xfc, 0x8, 0xf3, 0x4f, 0xff, 0xfc,
    0x8, 0xf3, 0xaf, 0xff, 0xfc, 0x8, 0xf3, 0xcf,
    0xff, 0xfc, 0x8, 0xf3, 0xcf, 0xff, 0xfc, 0x8,
    0xf3, 0xbf, 0xff, 0xfc, 0x8, 0xf3, 0x5f, 0xff,
    0xfc, 0x8, 0xf3, 0x7, 0xff, 0xfc, 0x8, 0xf3,
    0x0, 0x3, 0xfc, 0x8, 0xf3, 0x0, 0x0, 0xfc,
    0x8, 0xf3, 0x0, 0x0, 0xfc, 0x8, 0xf3, 0x0,
    0x0, 0xfc, 0x8, 0xf3, 0x0, 0x0, 0xfc, 0x8,
    0xf3, 0x0, 0x0, 0xfc, 0x8, 0xf3, 0x0, 0x0,
    0xfc, 0x8, 0xf3, 0x0, 0x0, 0xfc, 0x8, 0xf3,
    0x0, 0x0, 0xfc, 0x8, 0xf3, 0x0, 0x0, 0xfc,
    0x8, 0xf3,

    /* U+00B7 "·" */
    0x6, 0x60, 0x9f, 0xf9, 0xbf, 0xfb, 0x4e, 0xe4,

    /* U+00B8 "¸" */
    0x2f, 0x10, 0x7, 0xeb, 0x60, 0x0, 0xbf, 0x4f,
    0xff, 0xc1, 0x22, 0x10, 0x0,

    /* U+00B9 "¹" */
    0x7, 0xff, 0x30, 0x9, 0xfd, 0xf3, 0x0, 0xb6,
    0x5f, 0x30, 0x1, 0x5, 0xf3, 0x0, 0x0, 0x5f,
    0x30, 0x0, 0x5, 0xf3, 0x0, 0x0, 0x5f, 0x30,
    0x6, 0x69, 0xf8, 0x61, 0xff, 0xff, 0xff, 0x40,

    /* U+00BA "º" */
    0x8, 0xee, 0x80, 0x4e, 0x11, 0xe4, 0x6c, 0x0,
    0xc6, 0x6c, 0x0, 0xc6, 0x4e, 0x22, 0xe4, 0x8,
    0xee, 0x80,

    /* U+00BB "»" */
    0x27, 0x60, 0x3, 0x76, 0x0, 0x0, 0xb, 0xfa,
    0x1, 0xdf, 0x70, 0x0, 0x1, 0xdf, 0x70, 0x2f,
    0xf4, 0x0, 0x0, 0x2f, 0xf4, 0x5, 0xfe, 0x20,
    0x0, 0x4, 0xff, 0x20, 0x8f, 0xd0, 0x0, 0x0,
    0xdf, 0x70, 0x2f, 0xf4, 0x0, 0xa, 0xfb, 0x0,
    0xdf, 0x80, 0x0, 0x7f, 0xd1, 0xa, 0xfb, 0x0,
    0x4, 0xff, 0x20, 0x8f, 0xd0, 0x0, 0x2e, 0xf5,
    0x5, 0xff, 0x20, 0x0,

    /* U+00BC "¼" */
    0x0, 0x68, 0x20, 0x0, 0x18, 0x10, 0xae, 0xf5,
    0x0, 0x8, 0xc0, 0xd, 0x2f, 0x50, 0x1, 0xf5,
    0x0, 0x10, 0xf5, 0x0, 0x8c, 0x0, 0x0, 0xf,
    0x50, 0x1f, 0x50, 0x0, 0x0, 0xf5, 0x8, 0xc0,
    0x0, 0x5f, 0xff, 0xff, 0xf5, 0x0, 0x0, 0x22,
    0x22, 0xac, 0x0, 0x0, 0x0, 0x0, 0x1f, 0x40,
    0x24, 0x0, 0x0, 0x9, 0xc0, 0x1e, 0x90, 0x0,
    0x1, 0xf4, 0xb, 0xd1, 0x10, 0x0, 0x9c, 0x6,
    0xf3, 0x8d, 0x0, 0x1f, 0x40, 0xe9, 0x8, 0xd0,
    0x9, 0xc0, 0xf, 0xff, 0xfd, 0x1, 0xf4, 0x0,
    0x22, 0x29, 0xd0,

    /* U+00BD "½" */
    0x0, 0x35, 0x20, 0x0, 0x5, 0x10, 0x8, 0xef,
    0x50, 0x0, 0x7d, 0x0, 0xd, 0x3f, 0x50, 0x0,
    0xe6, 0x0, 0x1, 0xf, 0x50, 0x7, 0xd0, 0x0,
    0x0, 0xf, 0x50, 0xe, 0x60, 0x0, 0x0, 0xf,
    0x50, 0x7d, 0x0, 0x0, 0x5f, 0xff, 0xff, 0xf6,
    0x0, 0x0, 0x2, 0x22, 0x29, 0xd0, 0x0, 0x0,
    0x0, 0x0, 0xe, 0x60, 0x0, 0x0, 0x0, 0x0,
    0x7d, 0x1a, 0xee, 0x70, 0x0, 0x0, 0xe6, 0x9d,
    0x35, 0xf4, 0x0, 0x7, 0xd0, 0x21, 0x1, 0xf4,
    0x0, 0xe, 0x60, 0x0, 0x6e, 0x80, 0x0, 0x7d,
    0x0, 0x4d, 0xb3, 0x0, 0x0, 0xe6, 0x0, 0xbf,
    0xef, 0xf7, 0x0, 0x20, 0x0, 0x12, 0x22, 0x21,

    /* U+00BE "¾" */
    0xe, 0xee, 0xe5, 0x0, 0x4e, 0x10, 0x13, 0xbb,
    0x10, 0xc, 0x90, 0x0, 0x8f, 0xa1, 0x4, 0xf1,
    0x0, 0x0, 0x3e, 0x90, 0xd8, 0x0, 0x6d, 0x10,
    0xd9, 0x5f, 0x10, 0x1, 0xbf, 0xfd, 0x2d, 0x70,
    0x0, 0x0, 0x11, 0x6, 0xe0, 0x0, 0x0, 0x0,
    0x0, 0xe7, 0x3, 0x50, 0x0, 0x0, 0x7e, 0x1,
    0xe8, 0x0, 0x0, 0xe, 0x60, 0xbd, 0x11, 0x0,
    0x7, 0xd0, 0x6f, 0x38, 0xd0, 0x1, 0xf5, 0xe,
    0x80, 0x8d, 0x0, 0x8d, 0x0, 0xff, 0xff, 0xd0,
    0x1f, 0x40, 0x2, 0x22, 0x9d,

    /* U+00BF "¿" */
    0x0, 0x5, 0xff, 0x40, 0x0, 0x8, 0xff, 0x70,
    0x0, 0x1, 0x76, 0x0, 0x0, 0x0, 0x0, 0x0,
    0x0, 0x0, 0x55, 0x0, 0x0, 0x1, 0xfe, 0x0,
    0x0, 0x1, 0xff, 0x0, 0x3, 0xcf, 0xff, 0x0,
    0x3f, 0xff, 0xcc, 0x0, 0xcf, 0xb0, 0x0, 0x0,
    0xff, 0x30, 0x0, 0x0, 0xef, 0x40, 0x0, 0x0,
    0xaf, 0xd3, 0x0, 0x0, 0x2e, 0xff, 0xff, 0xf6,
    0x1, 0x9e, 0xff, 0xf6,

    /* U+00C0 "À" */
    0x0, 0x9, 0xc6, 0x0, 0x0, 0x0, 0x0, 0x2,
    0xff, 0x30, 0x0, 0x0, 0x0, 0x0, 0x4f, 0xe1,
    0x0, 0x0, 0x0, 0x0, 0x0, 0x0, 0x0, 0x0,
    0x0, 0x0, 0x0, 0x0, 0x0, 0x0, 0x0, 0x0,
    0x8f, 0xf8, 0x0, 0x0, 0x0, 0x0, 0xdf, 0xfd,
    0x0, 0x0, 0x0, 0x1, 0xfd, 0xcf, 0x10, 0x0,
    0x0, 0x5, 0xf9, 0x9f, 0x50, 0x0, 0x0, 0x9,
    0xf5, 0x5f, 0x90, 0x0, 0x0, 0xe, 0xf1, 0x1f,
    0xe0, 0x0, 0x0, 0x2f, 0xc0, 0xc, 0xf2, 0x0,
    0x0, 0x6f, 0x80, 0x8, 0xf6, 0x0, 0x0, 0xaf,
    0xdb, 0xbd, 0xfa, 0x0, 0x0, 0xef, 0xff, 0xff,
    0xfe, 0x0, 0x3, 0xfd, 0x0, 0x0, 0xdf, 0x30,
    0x7, 0xf9, 0x0, 0x0, 0x9f, 0x70, 0xb, 0xf6,
    0x0, 0x0, 0x6f, 0xb0, 0xf, 0xf2, 0x0, 0x0,
    0x2f, 0xf0,

    /* U+00C1 "Á" */
    0x0, 0x0, 0x0, 0x6c, 0x90, 0x0, 0x0, 0x0,
    0x3, 0xfe, 0x20, 0x0, 0x0, 0x0, 0x1e, 0xf4,
    0x0, 0x0, 0x0, 0x0, 0x0, 0x0, 0x0, 0x0,
    0x0, 0x0, 0x0, 0x0, 0x0, 0x0, 0x0, 0x0,
    0x8f, 0xf8, 0x0, 0x0, 0x0, 0x0, 0xdf, 0xfd,
    0x0, 0x0, 0x0, 0x1, 0xfd, 0xcf, 0x10, 0x0,
    0x0, 0x5, 0xf9, 0x9f, 0x50, 0x0, 0x0, 0x9,
    0xf5, 0x5f, 0x90, 0x0, 0x0, 0xe, 0xf1, 0x1f,
    0xe0, 0x0, 0x0, 0x2f, 0xc0, 0xc, 0xf2, 0x0,
    0x0, 0x6f, 0x80, 0x8, 0xf6, 0x0, 0x0, 0xaf,
    0xdb, 0xbd, 0xfa, 0x0, 0x0, 0xef, 0xff, 0xff,
    0xfe, 0x0, 0x3, 0xfd, 0x0, 0x0, 0xdf, 0x30,
    0x7, 0xf9, 0x0, 0x0, 0x9f, 0x70, 0xb, 0xf6,
    0x0, 0x0, 0x6f, 0xb0, 0xf, 0xf2, 0x0, 0x0,
    0x2f, 0xf0,

    /* U+00C2 "Â" */
    0x0, 0x0, 0x28, 0x82, 0x0, 0x0, 0x0, 0x3,
    0xee, 0xee, 0x30, 0x0, 0x0, 0x4f, 0xd2, 0x2d,
    0xf4, 0x0, 0x0, 0x0, 0x0, 0x0, 0x0, 0x0,
    0x0, 0x0, 0x0, 0x0, 0x0, 0x0, 0x0, 0x0,
    0x8f, 0xf8, 0x0, 0x0, 0x0, 0x0, 0xdf, 0xfd,
    0x0, 0x0, 0x0, 0x1, 0xfd, 0xcf, 0x10, 0x0,
    0x0, 0x5, 0xf9, 0x9f, 0x50, 0x0, 0x0, 0x9,
    0xf5, 0x5f, 0x90, 0x0, 0x0, 0xe, 0xf1, 0x1f,
    0xe0, 0x0, 0x0, 0x2f, 0xc0, 0xc, 0xf2, 0x0,
    0x0, 0x6f, 0x80, 0x8, 0xf6, 0x0, 0x0, 0xaf,
    0xdb, 0xbd, 0xfa, 0x0, 0x0, 0xef, 0xff, 0xff,
    0xfe, 0x0, 0x3, 0xfd, 0x0, 0x0, 0xdf, 0x30,
    0x7, 0xf9, 0x0, 0x0, 0x9f, 0x70, 0xb, 0xf6,
    0x0, 0x0, 0x6f, 0xb0, 0xf, 0xf2, 0x0, 0x0,
    0x2f, 0xf0,

    /* U+00C3 "Ã" */
    0x0, 0x0, 0x10, 0x0, 0x10, 0x0, 0x0, 0xa,
    0xfd, 0x11, 0xf4, 0x0, 0x0, 0x2f, 0x7c, 0xb5,
    0xf3, 0x0, 0x0, 0x4f, 0x12, 0xef, 0xc0, 0x0,
    0x0, 0x14, 0x0, 0x14, 0x0, 0x0, 0x0, 0x0,
    0x0, 0x0, 0x0, 0x0, 0x0, 0x0, 0x8f, 0xf8,
    0x0, 0x0, 0x0, 0x0, 0xdf, 0xfd, 0x0, 0x0,
    0x0, 0x1, 0xfd, 0xcf, 0x10, 0x0, 0x0, 0x5,
    0xf9, 0x9f, 0x50, 0x0, 0x0, 0x9, 0xf5, 0x5f,
    0x90, 0x0, 0x0, 0xe, 0xf1, 0x1f, 0xe0, 0x0,
    0x0, 0x2f, 0xc0, 0xc, 0xf2, 0x0, 0x0, 0x6f,
    0x80, 0x8, 0xf6, 0x0, 0x0, 0xaf, 0xdb, 0xbd,
    0xfa, 0x0, 0x0, 0xef, 0xff, 0xff, 0xfe, 0x0,
    0x3, 0xfd, 0x0, 0x0, 0xdf, 0x30, 0x7, 0xf9,
    0x0, 0x0, 0x9f, 0x70, 0xb, 0xf6, 0x0, 0x0,
    0x6f, 0xb0, 0xf, 0xf2, 0x0, 0x0, 0x2f, 0xf0,

    /* U+00C4 "Ä" */
    0x0, 0x2a, 0x60, 0x6, 0xa2, 0x0, 0x0, 0x9f,
    0xf0, 0xf, 0xf9, 0x0, 0x0, 0x5f, 0xb0, 0xb,
    0xf5, 0x0, 0x0, 0x0, 0x0, 0x0, 0x0, 0x0,
    0x0, 0x0, 0x0, 0x0, 0x0, 0x0, 0x0, 0x0,
    0x8f, 0xf8, 0x0, 0x0, 0x0, 0x0, 0xdf, 0xfd,
    0x0, 0x0, 0x0, 0x1, 0xfd, 0xcf, 0x10, 0x0,
    0x0, 0x5, 0xf9, 0x9f, 0x50, 0x0, 0x0, 0x9,
    0xf5, 0x5f, 0x90, 0x0, 0x0, 0xe, 0xf1, 0x1f,
    0xe0, 0x0, 0x0, 0x2f, 0xc0, 0xc, 0xf2, 0x0,
    0x0, 0x6f, 0x80, 0x8, 0xf6, 0x0, 0x0, 0xaf,
    0xdb, 0xbd, 0xfa, 0x0, 0x0, 0xef, 0xff, 0xff,
    0xfe, 0x0, 0x3, 0xfd, 0x0, 0x0, 0xdf, 0x30,
    0x7, 0xf9, 0x0, 0x0, 0x9f, 0x70, 0xb, 0xf6,
    0x0, 0x0, 0x6f, 0xb0, 0xf, 0xf2, 0x0, 0x0,
    0x2f, 0xf0,

    /* U+00C5 "Å" */
    0x0, 0x0, 0x7e, 0xe7, 0x0, 0x0, 0x0, 0x4,
    0xf5, 0x5f, 0x40, 0x0, 0x0, 0x8, 0xd0, 0xd,
    0x80, 0x0, 0x0, 0x5, 0xf2, 0x2f, 0x50, 0x0,
    0x0, 0x0, 0xbf, 0xfb, 0x0, 0x0, 0x0, 0x0,
    0x1, 0x10, 0x0, 0x0, 0x0, 0x0, 0x8f, 0xf8,
    0x0, 0x0, 0x0, 0x0, 0xdf, 0xfd, 0x0, 0x0,
    0x0, 0x1, 0xfd, 0xcf, 0x10, 0x0, 0x0, 0x5,
    0xf9, 0x9f, 0x50, 0x0, 0x0, 0x9, 0xf5, 0x5f,
    0x90, 0x0, 0x0, 0xe, 0xf1, 0x1f, 0xe0, 0x0,
    0x0, 0x2f, 0xc0, 0xc, 0xf2, 0x0, 0x0, 0x6f,
    0x80, 0x8, 0xf6, 0x0, 0x0, 0xaf, 0xdb, 0xbd,
    0xfa, 0x0, 0x0, 0xef, 0xff, 0xff, 0xfe, 0x0,
    0x3, 0xfd, 0x0, 0x0, 0xdf, 0x30, 0x7, 0xf9,
    0x0, 0x0, 0x9f, 0x70, 0xb, 0xf6, 0x0, 0x0,
    0x6f, 0xb0, 0xf, 0xf2, 0x0, 0x0, 0x2f, 0xf0,

    /* U+00C6 "Æ" */
    0x0, 0xd, 0xff, 0xff, 0xff, 0xf7, 0x0, 0xf,
    0xfd, 0xff, 0xdd, 0xd6, 0x0, 0x3f, 0xc0, 0xfe,
    0x0, 0x0, 0x0, 0x6f, 0x90, 0xfe, 0x0, 0x0,
    0x0, 0xaf, 0x50, 0xfe, 0x0, 0x0, 0x0, 0xdf,
    0x20, 0xfe, 0x0, 0x0, 0x0, 0xff, 0x0, 0xff,
    0xff, 0xf0, 0x4, 0xfb, 0x0, 0xff, 0xee, 0xd0,
    0x7, 0xfd, 0xaa, 0xfe, 0x0, 0x0, 0xa, 0xff,
    0xff, 0xfe, 0x0, 0x0, 0xd, 0xf2, 0x0, 0xfe,
    0x0, 0x0, 0x1f, 0xf0, 0x0, 0xfe, 0x0, 0x0,
    0x4f, 0xd0, 0x0, 0xff, 0xdd, 0xd6, 0x7f, 0xa0,
    0x0, 0xff, 0xff, 0xf7,

    /* U+00C7 "Ç" */
    0x0, 0x6c, 0xff, 0xd7, 0x0, 0x9, 0xff, 0xfe,
    0xff, 0xb0, 0x2f, 0xf6, 0x0, 0x4f, 0xf4, 0x5f,
    0xd0, 0x0, 0xb, 0xf8, 0x6f, 0xc0, 0x0, 0x0,
    0x0, 0x6f, 0xc0, 0x0, 0x0, 0x0, 0x6f, 0xc0,
    0x0, 0x0, 0x0, 0x6f, 0xc0, 0x0, 0x0, 0x0,
    0x6f, 0xc0, 0x0, 0x0, 0x0, 0x6f, 0xc0, 0x0,
    0x0, 0x0, 0x5f, 0xd0, 0x0, 0xb, 0xf8, 0x2f,
    0xf6, 0x0, 0x4f, 0xf4, 0x8, 0xff, 0xfe, 0xff,
    0xa0, 0x0, 0x6c, 0xff, 0xd7, 0x0, 0x0, 0x4,
    0xf6, 0x10, 0x0, 0x0, 0x1, 0x4c, 0xe3, 0x0,
    0x0, 0x0, 0x8, 0xf7, 0x0, 0x0, 0xd, 0xff,
    0xc1, 0x0, 0x0, 0x2, 0x22, 0x0, 0x0,

    /* U+00C8 "È" */
    0x0, 0x5c, 0xa0, 0x0, 0x0, 0x0, 0xb, 0xf9,
    0x0, 0x0, 0x0, 0x0, 0xcf, 0x60, 0x0, 0x0,
    0x0, 0x0, 0x0, 0x0, 0x0, 0x0, 0x0, 0x0,
    0x0, 0x2f, 0xff, 0xff, 0xff, 0xf7, 0x2f, 0xfe,
    0xee, 0xee, 0xe6, 0x2f, 0xf0, 0x0, 0x0, 0x0,
    0x2f, 0xf0, 0x0, 0x0, 0x0, 0x2f, 0xf0, 0x0,
    0x0, 0x0, 0x2f, 0xf0, 0x0, 0x0, 0x0, 0x2f,
    0xff, 0xff, 0xff, 0xc0, 0x2f, 0xfe, 0xee, 0xee,
    0xa0, 0x2f, 0xf0, 0x0, 0x0, 0x0, 0x2f, 0xf0,
    0x0, 0x0, 0x0, 0x2f, 0xf0, 0x0, 0x0, 0x0,
    0x2f, 0xf0, 0x0, 0x0, 0x0, 0x2f, 0xfe, 0xee,
    0xee, 0xe6, 0x2f, 0xff, 0xff, 0xff, 0xf7,

    /* U+00C9 "É" */
    0x0, 0x0, 0x1, 0xbb, 0x20, 0x0, 0x0, 0xc,
    0xf7, 0x0, 0x0, 0x0, 0x8f, 0xa0, 0x0, 0x0,
    0x0, 0x0, 0x0, 0x0, 0x0, 0x0, 0x0, 0x0,
    0x0, 0x2f, 0xff, 0xff, 0xff, 0xf7, 0x2f, 0xfe,
    0xee, 0xee, 0xe6, 0x2f, 0xf0, 0x0, 0x0, 0x0,
    0x2f, 0xf0, 0x0, 0x0, 0x0, 0x2f, 0xf0, 0x0,
    0x0, 0x0, 0x2f, 0xf0, 0x0, 0x0, 0x0, 0x2f,
    0xff, 0xff, 0xff, 0xc0, 0x2f, 0xfe, 0xee, 0xee,
    0xa0, 0x2f, 0xf0, 0x0, 0x0, 0x0, 0x2f, 0xf0,
    0x0, 0x0, 0x0, 0x2f, 0xf0, 0x0, 0x0, 0x0,
    0x2f, 0xf0, 0x0, 0x0, 0x0, 0x2f, 0xfe, 0xee,
    0xee, 0xe6, 0x2f, 0xff, 0xff, 0xff, 0xf7,

    /* U+00CA "Ê" */
    0x0, 0x0, 0x68, 0x50, 0x0, 0x0, 0xa, 0xfd,
    0xf8, 0x0, 0x0, 0xbf, 0x60, 0x9f, 0x90, 0x0,
    0x0, 0x0, 0x0, 0x0, 0x0, 0x0, 0x0, 0x0,
    0x0, 0x2f, 0xff, 0xff, 0xff, 0xf7, 0x2f, 0xfe,
    0xee, 0xee, 0xe6, 0x2f, 0xf0, 0x0, 0x0, 0x0,
    0x2f, 0xf0, 0x0, 0x0, 0x0, 0x2f, 0xf0, 0x0,
    0x0, 0x0, 0x2f, 0xf0, 0x0, 0x0, 0x0, 0x2f,
    0xff, 0xff, 0xff, 0xc0, 0x2f, 0xfe, 0xee, 0xee,
    0xa0, 0x2f, 0xf0, 0x0, 0x0, 0x0, 0x2f, 0xf0,
    0x0, 0x0, 0x0, 0x2f, 0xf0, 0x0, 0x0, 0x0,
    0x2f, 0xf0, 0x0, 0x0, 0x0, 0x2f, 0xfe, 0xee,
    0xee, 0xe6, 0x2f, 0xff, 0xff, 0xff, 0xf7,

    /* U+00CB "Ë" */
    0x0, 0x89, 0x10, 0x2a, 0x60, 0x3, 0xff, 0x70,
    0xaf, 0xf0, 0x1, 0xde, 0x30, 0x6f, 0xb0, 0x0,
    0x0, 0x0, 0x0, 0x0, 0x0, 0x0, 0x0, 0x0,
    0x0, 0x2f, 0xff, 0xff, 0xff, 0xf7, 0x2f, 0xfe,
    0xee, 0xee, 0xe6, 0x2f, 0xf0, 0x0, 0x0, 0x0,
    0x2f, 0xf0, 0x0, 0x0, 0x0, 0x2f, 0xf0, 0x0,
    0x0, 0x0, 0x2f, 0xf0, 0x0, 0x0, 0x0, 0x2f,
    0xff, 0xff, 0xff, 0xc0, 0x2f, 0xfe, 0xee, 0xee,
    0xa0, 0x2f, 0xf0, 0x0, 0x0, 0x0, 0x2f, 0xf0,
    0x0, 0x0, 0x0, 0x2f, 0xf0, 0x0, 0x0, 0x0,
    0x2f, 0xf0, 0x0, 0x0, 0x0, 0x2f, 0xfe, 0xee,
    0xee, 0xe6, 0x2f, 0xff, 0xff, 0xff, 0xf7,

    /* U+00CC "Ì" */
    0x0, 0x9c, 0x60, 0x0, 0x0, 0x0, 0x2f, 0xf3,
    0x0, 0x0, 0x0, 0x4, 0xfe, 0x10, 0x0, 0x0,
    0x0, 0x0, 0x0, 0x0, 0x0, 0x0, 0x0, 0x0,
    0x0, 0xf, 0xff, 0xff, 0xff, 0xf0, 0xe, 0xee,
    0xff, 0xee, 0xe0, 0x0, 0x1, 0xff, 0x10, 0x0,
    0x0, 0x1, 0xff, 0x10, 0x0, 0x0, 0x1, 0xff,
    0x10, 0x0, 0x0, 0x1, 0xff, 0x10, 0x0, 0x0,
    0x1, 0xff, 0x10, 0x0, 0x0, 0x1, 0xff, 0x10,
    0x0, 0x0, 0x1, 0xff, 0x10, 0x0, 0x0, 0x1,
    0xff, 0x10, 0x0, 0x0, 0x1, 0xff, 0x10, 0x0,
    0x0, 0x1, 0xff, 0x10, 0x0, 0xe, 0xee, 0xff,
    0xee, 0xe0, 0xf, 0xff, 0xff, 0xff, 0xf0,

    /* U+00CD "Í" */
    0x0, 0x0, 0x6, 0xc9, 0x0, 0x0, 0x0, 0x3f,
    0xe2, 0x0, 0x0, 0x1, 0xef, 0x40, 0x0, 0x0,
    0x0, 0x0, 0x0, 0x0, 0x0, 0x0, 0x0, 0x0,
    0x0, 0xf, 0xff, 0xff, 0xff, 0xf0, 0xe, 0xee,
    0xff, 0xee, 0xe0, 0x0, 0x1, 0xff, 0x10, 0x0,
    0x0, 0x1, 0xff, 0x10, 0x0, 0x0, 0x1, 0xff,
    0x10, 0x0, 0x0, 0x1, 0xff, 0x10, 0x0, 0x0,
    0x1, 0xff, 0x10, 0x0, 0x0, 0x1, 0xff, 0x10,
    0x0, 0x0, 0x1, 0xff, 0x10, 0x0, 0x0, 0x1,
    0xff, 0x10, 0x0, 0x0, 0x1, 0xff, 0x10, 0x0,
    0x0, 0x1, 0xff, 0x10, 0x0, 0xe, 0xee, 0xff,
    0xee, 0xe0, 0xf, 0xff, 0xff, 0xff, 0xf0,

    /* U+00CE "Î" */
    0x0, 0x2, 0x88, 0x20, 0x0, 0x0, 0x3e, 0xee,
    0xe3, 0x0, 0x4, 0xfd, 0x22, 0xdf, 0x40, 0x0,
    0x0, 0x0, 0x0, 0x0, 0x0, 0x0, 0x0, 0x0,
    0x0, 0xf, 0xff, 0xff, 0xff, 0xf0, 0xe, 0xee,
    0xff, 0xee, 0xe0, 0x0, 0x1, 0xff, 0x10, 0x0,
    0x0, 0x1, 0xff, 0x10, 0x0, 0x0, 0x1, 0xff,
    0x10, 0x0, 0x0, 0x1, 0xff, 0x10, 0x0, 0x0,
    0x1, 0xff, 0x10, 0x0, 0x0, 0x1, 0xff, 0x10,
    0x0, 0x0, 0x1, 0xff, 0x10, 0x0, 0x0, 0x1,
    0xff, 0x10, 0x0, 0x0, 0x1, 0xff, 0x10, 0x0,
    0x0, 0x1, 0xff, 0x10, 0x0, 0xe, 0xee, 0xff,
    0xee, 0xe0, 0xf, 0xff, 0xff, 0xff, 0xf0,

    /* U+00CF "Ï" */
    0x2, 0xa6, 0x0, 0x6a, 0x20, 0x9, 0xff, 0x0,
    0xff, 0x90, 0x5, 0xfb, 0x0, 0xbf, 0x50, 0x0,
    0x0, 0x0, 0x0, 0x0, 0x0, 0x0, 0x0, 0x0,
    0x0, 0xf, 0xff, 0xff, 0xff, 0xf0, 0xe, 0xee,
    0xff, 0xee, 0xe0, 0x0, 0x1, 0xff, 0x10, 0x0,
    0x0, 0x1, 0xff, 0x10, 0x0, 0x0, 0x1, 0xff,
    0x10, 0x0, 0x0, 0x1, 0xff, 0x10, 0x0, 0x0,
    0x1, 0xff, 0x10, 0x0, 0x0, 0x1, 0xff, 0x10,
    0x0, 0x0, 0x1, 0xff, 0x10, 0x0, 0x0, 0x1,
    0xff, 0x10, 0x0, 0x0, 0x1, 0xff, 0x10, 0x0,
    0x0, 0x1, 0xff, 0x10, 0x0, 0xe, 0xee, 0xff,
    0xee, 0xe0, 0xf, 0xff, 0xff, 0xff, 0xf0,

    /* U+00D0 "Ð" */
    0x5, 0xff, 0xff, 0xfc, 0x50, 0x0, 0x5f, 0xfe,
    0xef, 0xff, 0x70, 0x5, 0xfd, 0x0, 0x8, 0xff,
    0x20, 0x5f, 0xd0, 0x0, 0xd, 0xf6, 0x5, 0xfd,
    0x0, 0x0, 0xbf, 0x70, 0x5f, 0xd0, 0x0, 0xb,
    0xf7, 0xcf, 0xff, 0xfc, 0x0, 0xbf, 0x77, 0xbf,
    0xe9, 0x70, 0xb, 0xf7, 0x5, 0xfd, 0x0, 0x0,
    0xbf, 0x70, 0x5f, 0xd0, 0x0, 0xb, 0xf7, 0x5,
    0xfd, 0x0, 0x0, 0xdf, 0x60, 0x5f, 0xd0, 0x0,
    0x8f, 0xf2, 0x5, 0xff, 0xee, 0xff, 0xf7, 0x0,
    0x5f, 0xff, 0xff, 0xc5, 0x0,

    /* U+00D1 "Ñ" */
    0x0, 0x1, 0x0, 0x1, 0x0, 0x0, 0xaf, 0xd1,
    0x1f, 0x40, 0x2, 0xf7, 0xcb, 0x5f, 0x30, 0x4,
    0xf1, 0x2e, 0xfc, 0x0, 0x1, 0x40, 0x1, 0x40,
    0x0, 0x0, 0x0, 0x0, 0x0, 0x0, 0x6f, 0xf8,
    0x0, 0xa, 0xf6, 0x6f, 0xfe, 0x0, 0xa, 0xf6,
    0x6f, 0xff, 0x40, 0xa, 0xf6, 0x6f, 0xaf, 0xa0,
    0xa, 0xf6, 0x6f, 0x8c, 0xf0, 0xa, 0xf6, 0x6f,
    0x97, 0xf5, 0xa, 0xf6, 0x6f, 0xa1, 0xfb, 0xa,
    0xf6, 0x6f, 0xa0, 0xbf, 0x1a, 0xf6, 0x6f, 0xa0,
    0x5f, 0x79, 0xf6, 0x6f, 0xa0, 0xf, 0xd8, 0xf6,
    0x6f, 0xa0, 0x9, 0xfa, 0xf6, 0x6f, 0xa0, 0x4,
    0xff, 0xf6, 0x6f, 0xa0, 0x0, 0xef, 0xf6, 0x6f,
    0xa0, 0x0, 0x8f, 0xf6,

    /* U+00D2 "Ò" */
    0x0, 0x9c, 0x60, 0x0, 0x0, 0x0, 0x2f, 0xf3,
    0x0, 0x0, 0x0, 0x4, 0xfe, 0x10, 0x0, 0x0,
    0x0, 0x0, 0x0, 0x0, 0x0, 0x0, 0x0, 0x0,
    0x0, 0x0, 0x6d, 0xff, 0xd6, 0x0, 0x9, 0xff,
    0xff, 0xff, 0x90, 0x2f, 0xf5, 0x0, 0x5f, 0xf2,
    0x6f, 0xd0, 0x0, 0xd, 0xf6, 0x6f, 0xc0, 0x0,
    0xc, 0xf6, 0x6f, 0xc0, 0x0, 0xc, 0xf6, 0x6f,
    0xc0, 0x0, 0xc, 0xf6, 0x6f, 0xc0, 0x0, 0xc,
    0xf6, 0x6f, 0xc0, 0x0, 0xc, 0xf6, 0x6f, 0xc0,
    0x0, 0xc, 0xf6, 0x5f, 0xd0, 0x0, 0xd, 0xf5,
    0x2f, 0xf6, 0x0, 0x5f, 0xf2, 0x9, 0xff, 0xff,
    0xff, 0x90, 0x0, 0x6c, 0xff, 0xc6, 0x0,

    /* U+00D3 "Ó" */
    0x0, 0x0, 0x6, 0xc9, 0x0, 0x0, 0x0, 0x3f,
    0xe2, 0x0, 0x0, 0x1, 0xef, 0x40, 0x0, 0x0,
    0x0, 0x0, 0x0, 0x0, 0x0, 0x0, 0x0, 0x0,
    0x0, 0x0, 0x6d, 0xff, 0xd6, 0x0, 0x9, 0xff,
    0xff, 0xff, 0x90, 0x2f, 0xf5, 0x0, 0x5f, 0xf2,
    0x6f, 0xd0, 0x0, 0xd, 0xf6, 0x6f, 0xc0, 0x0,
    0xc, 0xf6, 0x6f, 0xc0, 0x0, 0xc, 0xf6, 0x6f,
    0xc0, 0x0, 0xc, 0xf6, 0x6f, 0xc0, 0x0, 0xc,
    0xf6, 0x6f, 0xc0, 0x0, 0xc, 0xf6, 0x6f, 0xc0,
    0x0, 0xc, 0xf6, 0x5f, 0xd0, 0x0, 0xd, 0xf5,
    0x2f, 0xf6, 0x0, 0x5f, 0xf2, 0x9, 0xff, 0xff,
    0xff, 0x90, 0x0, 0x6c, 0xff, 0xc6, 0x0,

    /* U+00D4 "Ô" */
    0x0, 0x7, 0xff, 0x70, 0x0, 0x0, 0x6f, 0xcd,
    0xf6, 0x0, 0x5, 0xfd, 0x11, 0xdf, 0x50, 0x0,
    0x0, 0x0, 0x0, 0x0, 0x0, 0x0, 0x0, 0x0,
    0x0, 0x0, 0x6d, 0xff, 0xd6, 0x0, 0x9, 0xff,
    0xff, 0xff, 0x90, 0x2f, 0xf5, 0x0, 0x5f, 0xf2,
    0x6f, 0xd0, 0x0, 0xd, 0xf6, 0x6f, 0xc0, 0x0,
    0xc, 0xf6, 0x6f, 0xc0, 0x0, 0xc, 0xf6, 0x6f,
    0xc0, 0x0, 0xc, 0xf6, 0x6f, 0xc0, 0x0, 0xc,
    0xf6, 0x6f, 0xc0, 0x0, 0xc, 0xf6, 0x6f, 0xc0,
    0x0, 0xc, 0xf6, 0x5f, 0xd0, 0x0, 0xd, 0xf5,
    0x2f, 0xf6, 0x0, 0x5f, 0xf2, 0x9, 0xff, 0xff,
    0xff, 0x90, 0x0, 0x6c, 0xff, 0xc6, 0x0,

    /* U+00D5 "Õ" */
    0x0, 0x1, 0x0, 0x1, 0x0, 0x0, 0xaf, 0xd1,
    0x1f, 0x40, 0x2, 0xf7, 0xcb, 0x5f, 0x30, 0x4,
    0xf1, 0x2e, 0xfc, 0x0, 0x1, 0x40, 0x1, 0x40,
    0x0, 0x0, 0x0, 0x0, 0x0, 0x0, 0x0, 0x6d,
    0xff, 0xd6, 0x0, 0x9, 0xff, 0xff, 0xff, 0x90,
    0x2f, 0xf5, 0x0, 0x5f, 0xf2, 0x6f, 0xd0, 0x0,
    0xd, 0xf6, 0x6f, 0xc0, 0x0, 0xc, 0xf6, 0x6f,
    0xc0, 0x0, 0xc, 0xf6, 0x6f, 0xc0, 0x0, 0xc,
    0xf6, 0x6f, 0xc0, 0x0, 0xc, 0xf6, 0x6f, 0xc0,
    0x0, 0xc, 0xf6, 0x6f, 0xc0, 0x0, 0xc, 0xf6,
    0x5f, 0xd0, 0x0, 0xd, 0xf5, 0x2f, 0xf6, 0x0,
    0x5f, 0xf2, 0x9, 0xff, 0xff, 0xff, 0x90, 0x0,
    0x6c, 0xff, 0xc6, 0x0,

    /* U+00D6 "Ö" */
    0x5, 0xfb, 0x0, 0xbf, 0x50, 0x9, 0xff, 0x0,
    0xff, 0x90, 0x2, 0xa6, 0x0, 0x6a, 0x20, 0x0,
    0x0, 0x0, 0x0, 0x0, 0x0, 0x0, 0x0, 0x0,
    0x0, 0x0, 0x6d, 0xff, 0xd6, 0x0, 0x9, 0xff,
    0xff, 0xff, 0x90, 0x2f, 0xf5, 0x0, 0x5f, 0xf2,
    0x6f, 0xd0, 0x0, 0xd, 0xf6, 0x6f, 0xc0, 0x0,
    0xc, 0xf6, 0x6f, 0xc0, 0x0, 0xc, 0xf6, 0x6f,
    0xc0, 0x0, 0xc, 0xf6, 0x6f, 0xc0, 0x0, 0xc,
    0xf6, 0x6f, 0xc0, 0x0, 0xc, 0xf6, 0x6f, 0xc0,
    0x0, 0xc, 0xf6, 0x5f, 0xd0, 0x0, 0xd, 0xf5,
    0x2f, 0xf6, 0x0, 0x5f, 0xf2, 0x9, 0xff, 0xff,
    0xff, 0x90, 0x0, 0x6c, 0xff, 0xc6, 0x0,

    /* U+00D7 "×" */
    0x0, 0x20, 0x0, 0x3, 0x0, 0xa, 0xf3, 0x0,
    0x4f, 0xa0, 0x7, 0xff, 0x44, 0xff, 0x60, 0x0,
    0x7f, 0xff, 0xf6, 0x0, 0x0, 0xa, 0xff, 0x80,
    0x0, 0x0, 0x5f, 0xff, 0xf4, 0x0, 0x5, 0xff,
    0x56, 0xff, 0x40, 0xb, 0xf5, 0x0, 0x6f, 0xb0,
    0x0, 0x40, 0x0, 0x4, 0x0,

    /* U+00D8 "Ø" */
    0x0, 0x6, 0xdf, 0xfd, 0x6c, 0xf2, 0x0, 0x9f,
    0xff, 0xff, 0xff, 0x80, 0x2, 0xff, 0x82, 0x29,
    0xff, 0x20, 0x6, 0xfd, 0x0, 0x9, 0xff, 0x60,
    0x6, 0xfb, 0x0, 0x3f, 0xff, 0x60, 0x6, 0xfb,
    0x0, 0xde, 0xcf, 0x60, 0x6, 0xfb, 0x7, 0xf6,
    0xbf, 0x60, 0x6, 0xfb, 0x2f, 0xc0, 0xbf, 0x60,
    0x6, 0xfb, 0xbf, 0x20, 0xbf, 0x60, 0x6, 0xff,
    0xf8, 0x0, 0xbf, 0x60, 0x5, 0xff, 0xe0, 0x0,
    0xcf, 0x50, 0x2, 0xff, 0x80, 0x5, 0xff, 0x20,
    0x3, 0xff, 0xff, 0xff, 0xf9, 0x0, 0xc, 0xf7,
    0xcf, 0xfc, 0x60, 0x0, 0x28, 0x40, 0x0, 0x0,
    0x0, 0x0,

    /* U+00D9 "Ù" */
    0x0, 0x9c, 0x60, 0x0, 0x0, 0x0, 0x2f, 0xf3,
    0x0, 0x0, 0x0, 0x4, 0xfe, 0x10, 0x0, 0x0,
    0x0, 0x0, 0x0, 0x0, 0x0, 0x0, 0x0, 0x0,
    0x0, 0x6f, 0xc0, 0x0, 0xc, 0xf6, 0x6f, 0xc0,
    0x0, 0xc, 0xf6, 0x6f, 0xc0, 0x0, 0xc, 0xf6,
    0x6f, 0xc0, 0x0, 0xc, 0xf6, 0x6f, 0xc0, 0x0,
    0xc, 0xf6, 0x6f, 0xc0, 0x0, 0xc, 0xf6, 0x6f,
    0xc0, 0x0, 0xc, 0xf6, 0x6f, 0xc0, 0x0, 0xc,
    0xf6, 0x6f, 0xc0, 0x0, 0xc, 0xf6, 0x6f, 0xc0,
    0x0, 0xc, 0xf6, 0x5f, 0xd0, 0x0, 0xd, 0xf5,
    0x1f, 0xf6, 0x0, 0x6f, 0xf1, 0x9, 0xff, 0xee,
    0xff, 0x90, 0x0, 0x6d, 0xff, 0xd6, 0x0,

    /* U+00DA "Ú" */
    0x0, 0x0, 0x6, 0xc9, 0x0, 0x0, 0x0, 0x3f,
    0xe2, 0x0, 0x0, 0x1, 0xef, 0x40, 0x0, 0x0,
    0x0, 0x0, 0x0, 0x0, 0x0, 0x0, 0x0, 0x0,
    0x0, 0x6f, 0xc0, 0x0, 0xc, 0xf6, 0x6f, 0xc0,
    0x0, 0xc, 0xf6, 0x6f, 0xc0, 0x0, 0xc, 0xf6,
    0x6f, 0xc0, 0x0, 0xc, 0xf6, 0x6f, 0xc0, 0x0,
    0xc, 0xf6, 0x6f, 0xc0, 0x0, 0xc, 0xf6, 0x6f,
    0xc0, 0x0, 0xc, 0xf6, 0x6f, 0xc0, 0x0, 0xc,
    0xf6, 0x6f, 0xc0, 0x0, 0xc, 0xf6, 0x6f, 0xc0,
    0x0, 0xc, 0xf6, 0x5f, 0xd0, 0x0, 0xd, 0xf5,
    0x1f, 0xf6, 0x0, 0x6f, 0xf1, 0x9, 0xff, 0xee,
    0xff, 0x90, 0x0, 0x6d, 0xff, 0xd6, 0x0,

    /* U+00DB "Û" */
    0x0, 0x7, 0xff, 0x70, 0x0, 0x0, 0x6f, 0xcd,
    0xf6, 0x0, 0x5, 0xfd, 0x11, 0xdf, 0x50, 0x0,
    0x0, 0x0, 0x0, 0x0, 0x0, 0x0, 0x0, 0x0,
    0x0, 0x6f, 0xc0, 0x0, 0xc, 0xf6, 0x6f, 0xc0,
    0x0, 0xc, 0xf6, 0x6f, 0xc0, 0x0, 0xc, 0xf6,
    0x6f, 0xc0, 0x0, 0xc, 0xf6, 0x6f, 0xc0, 0x0,
    0xc, 0xf6, 0x6f, 0xc0, 0x0, 0xc, 0xf6, 0x6f,
    0xc0, 0x0, 0xc, 0xf6, 0x6f, 0xc0, 0x0, 0xc,
    0xf6, 0x6f, 0xc0, 0x0, 0xc, 0xf6, 0x6f, 0xc0,
    0x0, 0xc, 0xf6, 0x5f, 0xd0, 0x0, 0xd, 0xf5,
    0x1f, 0xf6, 0x0, 0x6f, 0xf1, 0x9, 0xff, 0xee,
    0xff, 0x90, 0x0, 0x6d, 0xff, 0xd6, 0x0,

    /* U+00DC "Ü" */
    0x5, 0xfb, 0x0, 0xbf, 0x50, 0x9, 0xff, 0x0,
    0xff, 0x90, 0x2, 0xa6, 0x0, 0x6a, 0x20, 0x0,
    0x0, 0x0, 0x0, 0x0, 0x0, 0x0, 0x0, 0x0,
    0x0, 0x6f, 0xc0, 0x0, 0xc, 0xf6, 0x6f, 0xc0,
    0x0, 0xc, 0xf6, 0x6f, 0xc0, 0x0, 0xc, 0xf6,
    0x6f, 0xc0, 0x0, 0xc, 0xf6, 0x6f, 0xc0, 0x0,
    0xc, 0xf6, 0x6f, 0xc0, 0x0, 0xc, 0xf6, 0x6f,
    0xc0, 0x0, 0xc, 0xf6, 0x6f, 0xc0, 0x0, 0xc,
    0xf6, 0x6f, 0xc0, 0x0, 0xc, 0xf6, 0x6f, 0xc0,
    0x0, 0xc, 0xf6, 0x5f, 0xd0, 0x0, 0xd, 0xf5,
    0x1f, 0xf6, 0x0, 0x6f, 0xf1, 0x9, 0xff, 0xee,
    0xff, 0x90, 0x0, 0x6d, 0xff, 0xd6, 0x0,

    /* U+00DD "Ý" */
    0x0, 0x0, 0x0, 0x6c, 0x90, 0x0, 0x0, 0x0,
    0x3, 0xfe, 0x20, 0x0, 0x0, 0x0, 0x1e, 0xf4,
    0x0, 0x0, 0x0, 0x0, 0x0, 0x0, 0x0, 0x0,
    0x0, 0x0, 0x0, 0x0, 0x0, 0x0, 0x2f, 0xf1,
    0x0, 0x0, 0x1f, 0xf2, 0xb, 0xf8, 0x0, 0x0,
    0x8f, 0xb0, 0x3, 0xff, 0x10, 0x1, 0xff, 0x30,
    0x0, 0xbf, 0x80, 0x7, 0xfb, 0x0, 0x0, 0x3f,
    0xf1, 0xe, 0xf3, 0x0, 0x0, 0xb, 0xf8, 0x7f,
    0xb0, 0x0, 0x0, 0x3, 0xfe, 0xdf, 0x30, 0x0,
    0x0, 0x0, 0xbf, 0xfb, 0x0, 0x0, 0x0, 0x0,
    0x4f, 0xf4, 0x0, 0x0, 0x0, 0x0, 0x1f, 0xf1,
    0x0, 0x0, 0x0, 0x0, 0x1f, 0xf1, 0x0, 0x0,
    0x0, 0x0, 0x1f, 0xf1, 0x0, 0x0, 0x0, 0x0,
    0x1f, 0xf1, 0x0, 0x0, 0x0, 0x0, 0x1f, 0xf1,
    0x0, 0x0,

    /* U+00DE "Þ" */
    0x5f, 0xd0, 0x0, 0x0, 0x0, 0x5, 0xfd, 0x0,
    0x0, 0x0, 0x0, 0x5f, 0xfd, 0xdd, 0xc8, 0x10,
    0x5, 0xff, 0xff, 0xff, 0xfe, 0x20, 0x5f, 0xd0,
    0x0, 0x2d, 0xfb, 0x5, 0xfd, 0x0, 0x0, 0x4f,
    0xf0, 0x5f, 0xd0, 0x0, 0x1, 0xff, 0x15, 0xfd,
    0x0, 0x0, 0x4f, 0xf0, 0x5f, 0xd0, 0x0, 0x2d,
    0xfb, 0x5, 0xff, 0xff, 0xff, 0xfe, 0x20, 0x5f,
    0xfd, 0xdd, 0xc8, 0x10, 0x5, 0xfd, 0x0, 0x0,
    0x0, 0x0, 0x5f, 0xd0, 0x0, 0x0, 0x0, 0x5,
    0xfd, 0x0, 0x0, 0x0, 0x0,

    /* U+00DF "ß" */
    0x0, 0x5c, 0xff, 0xd8, 0x0, 0x8, 0xff, 0xee,
    0xff, 0xc0, 0x1f, 0xf5, 0x0, 0x5f, 0xf5, 0x5f,
    0xc0, 0x0, 0xc, 0xf7, 0x5f, 0xb0, 0x0, 0xd,
    0xf5, 0x5f, 0xb0, 0x0, 0x7f, 0xb0, 0x5f, 0xb0,
    0xcf, 0xfb, 0x0, 0x5f, 0xb0, 0x8b, 0xff, 0xc0,
    0x5f, 0xb0, 0x0, 0x1d, 0xf7, 0x5f, 0xb0, 0x0,
    0x8, 0xfb, 0x5f, 0xb0, 0x0, 0x8, 0xfb, 0x5f,
    0xb0, 0x0, 0x3f, 0xf7, 0x5f, 0xb0, 0xde, 0xff,
    0xd0, 0x5f, 0xb0, 0xff, 0xd8, 0x0,

    /* U+00E0 "à" */
    0x0, 0x8c, 0x70, 0x0, 0x0, 0x0, 0x1e, 0xf5,
    0x0, 0x0, 0x0, 0x3, 0xff, 0x20, 0x0, 0x0,
    0x0, 0x0, 0x0, 0x0, 0x0, 0x0, 0x0, 0x0,
    0x0, 0x0, 0x5c, 0xff, 0xd7, 0x0, 0x7, 0xff,
    0xdd, 0xff, 0xa0, 0x1f, 0xf4, 0x0, 0x4f, 0xf3,
    0x14, 0x40, 0x0, 0xd, 0xf5, 0x0, 0x1, 0x22,
    0x2d, 0xf5, 0x7, 0xef, 0xff, 0xff, 0xf5, 0x6f,
    0xe6, 0x55, 0x5d, 0xf5, 0xcf, 0x60, 0x0, 0xd,
    0xf5, 0xbf, 0x90, 0x0, 0x3f, 0xf5, 0x5f, 0xfd,
    0xac, 0xfc, 0xf5, 0x5, 0xdf, 0xfb, 0x3b, 0xf5,

    /* U+00E1 "á" */
    0x0, 0x0, 0x4, 0xca, 0x0, 0x0, 0x0, 0x2f,
    0xf3, 0x0, 0x0, 0x0, 0xdf, 0x50, 0x0, 0x0,
    0x0, 0x0, 0x0, 0x0, 0x0, 0x0, 0x0, 0x0,
    0x0, 0x0, 0x5c, 0xff, 0xd7, 0x0, 0x7, 0xff,
    0xdd, 0xff, 0xa0, 0x1f, 0xf4, 0x0, 0x4f, 0xf3,
    0x14, 0x40, 0x0, 0xd, 0xf5, 0x0, 0x1, 0x22,
    0x2d, 0xf5, 0x7, 0xef, 0xff, 0xff, 0xf5, 0x6f,
    0xe6, 0x55, 0x5d, 0xf5, 0xcf, 0x60, 0x0, 0xd,
    0xf5, 0xbf, 0x90, 0x0, 0x3f, 0xf5, 0x5f, 0xfd,
    0xac, 0xfc, 0xf5, 0x5, 0xdf, 0xfb, 0x3b, 0xf5,

    /* U+00E2 "â" */
    0x0, 0x1, 0x78, 0x20, 0x0, 0x0, 0x2d, 0xfe,
    0xf4, 0x0, 0x3, 0xee, 0x31, 0xdf, 0x50, 0x0,
    0x0, 0x0, 0x0, 0x0, 0x0, 0x0, 0x0, 0x0,
    0x0, 0x0, 0x5c, 0xff, 0xd7, 0x0, 0x7, 0xff,
    0xdd, 0xff, 0xa0, 0x1f, 0xf4, 0x0, 0x4f, 0xf3,
    0x14, 0x40, 0x0, 0xd, 0xf5, 0x0, 0x1, 0x22,
    0x2d, 0xf5, 0x7, 0xef, 0xff, 0xff, 0xf5, 0x6f,
    0xe6, 0x55, 0x5d, 0xf5, 0xcf, 0x60, 0x0, 0xd,
    0xf5, 0xbf, 0x90, 0x0, 0x3f, 0xf5, 0x5f, 0xfd,
    0xac, 0xfc, 0xf5, 0x5, 0xdf, 0xfb, 0x3b, 0xf5,

    /* U+00E3 "ã" */
    0x0, 0x1, 0x0, 0x1, 0x0, 0x0, 0xaf, 0xf6,
    0x1f, 0x60, 0x2, 0xf8, 0x9f, 0xff, 0x20, 0x1,
    0x61, 0x3, 0x52, 0x0, 0x0, 0x0, 0x0, 0x0,
    0x0, 0x0, 0x5c, 0xff, 0xd7, 0x0, 0x7, 0xff,
    0xdd, 0xff, 0xa0, 0x1f, 0xf4, 0x0, 0x4f, 0xf3,
    0x14, 0x40, 0x0, 0xd, 0xf5, 0x0, 0x1, 0x22,
    0x2d, 0xf5, 0x7, 0xef, 0xff, 0xff, 0xf5, 0x6f,
    0xe6, 0x55, 0x5d, 0xf5, 0xcf, 0x60, 0x0, 0xd,
    0xf5, 0xbf, 0x90, 0x0, 0x3f, 0xf5, 0x5f, 0xfd,
    0xac, 0xfc, 0xf5, 0x5, 0xdf, 0xfb, 0x3b, 0xf5,

    /* U+00E4 "ä" */
    0x1, 0xa7, 0x0, 0x5a, 0x30, 0x8, 0xff, 0x20,
    0xff, 0xb0, 0x4, 0xfc, 0x0, 0xaf, 0x70, 0x0,
    0x0, 0x0, 0x0, 0x0, 0x0, 0x0, 0x0, 0x0,
    0x0, 0x0, 0x5c, 0xff, 0xd7, 0x0, 0x7, 0xff,
    0xdd, 0xff, 0xa0, 0x1f, 0xf4, 0x0, 0x4f, 0xf3,
    0x14, 0x40, 0x0, 0xd, 0xf5, 0x0, 0x1, 0x22,
    0x2d, 0xf5, 0x7, 0xef, 0xff, 0xff, 0xf5, 0x6f,
    0xe6, 0x55, 0x5d, 0xf5, 0xcf, 0x60, 0x0, 0xd,
    0xf5, 0xbf, 0x90, 0x0, 0x3f, 0xf5, 0x5f, 0xfd,
    0xac, 0xfc, 0xf5, 0x5, 0xdf, 0xfb, 0x3b, 0xf5,

    /* U+00E5 "å" */
    0x0, 0x6, 0xee, 0x90, 0x0, 0x0, 0x3f, 0x64,
    0xf6, 0x0, 0x0, 0x6e, 0x0, 0xb9, 0x0, 0x0,
    0x4f, 0x31, 0xe7, 0x0, 0x0, 0x9, 0xff, 0xb0,
    0x0, 0x0, 0x0, 0x11, 0x0, 0x0, 0x0, 0x5c,
    0xff, 0xd7, 0x0, 0x7, 0xff, 0xdd, 0xff, 0xa0,
    0x1f, 0xf4, 0x0, 0x4f, 0xf3, 0x14, 0x40, 0x0,
    0xd, 0xf5, 0x0, 0x1, 0x22, 0x2d, 0xf5, 0x7,
    0xef, 0xff, 0xff, 0xf5, 0x6f, 0xe6, 0x55, 0x5d,
    0xf5, 0xcf, 0x60, 0x0, 0xd, 0xf5, 0xbf, 0x90,
    0x0, 0x3f, 0xf5, 0x5f, 0xfd, 0xac, 0xfc, 0xf5,
    0x5, 0xdf, 0xfb, 0x3b, 0xf5,

    /* U+00E6 "æ" */
    0x2, 0xcf, 0xe4, 0x4d, 0xfc, 0x30, 0xd, 0xfb,
    0xcf, 0xed, 0xbf, 0xe0, 0x1e, 0xb0, 0xf, 0xf1,
    0xb, 0xf3, 0x0, 0x0, 0xe, 0xf0, 0x9, 0xf4,
    0x0, 0x1, 0x1e, 0xf1, 0x1a, 0xf4, 0x5, 0xef,
    0xff, 0xff, 0xff, 0xf4, 0x2f, 0xe5, 0x4e, 0xf4,
    0x44, 0x41, 0x4f, 0xa0, 0xe, 0xf0, 0x0, 0x0,
    0x4f, 0xb0, 0xf, 0xf0, 0x8, 0xd3, 0x1f, 0xfb,
    0xdf, 0xed, 0xbf, 0xe0, 0x4, 0xdf, 0xd4, 0x4d,
    0xfc, 0x30,

    /* U+00E7 "ç" */
    0x0, 0x6c, 0xff, 0xd7, 0x0, 0x9, 0xff, 0xfe,
    0xff, 0xb0, 0x2f, 0xf6, 0x0, 0x4f, 0xf4, 0x6f,
    0xc0, 0x0, 0x8, 0xc5, 0x7f, 0xb0, 0x0, 0x0,
    0x0, 0x7f, 0xb0, 0x0, 0x0, 0x0, 0x7f, 0xb0,
    0x0, 0x0, 0x0, 0x6f, 0xc0, 0x0, 0x8, 0xc5,
    0x2f, 0xf6, 0x0, 0x4f, 0xf4, 0x8, 0xff, 0xfe,
    0xff, 0xb0, 0x0, 0x6d, 0xff, 0xd7, 0x0, 0x0,
    0x5, 0xf6, 0x0, 0x0, 0x0, 0x1, 0x4d, 0xe2,
    0x0, 0x0, 0x0, 0x9, 0xf6, 0x0, 0x0, 0xe,
    0xff, 0xc1, 0x0, 0x0, 0x2, 0x21, 0x0, 0x0,

    /* U+00E8 "è" */
    0x0, 0x9c, 0x60, 0x0, 0x0, 0x0, 0x2f, 0xf3,
    0x0, 0x0, 0x0, 0x4, 0xfe, 0x10, 0x0, 0x0,
    0x0, 0x0, 0x0, 0x0, 0x0, 0x0, 0x0, 0x0,
    0x0, 0x0, 0x6c, 0xff, 0xc5, 0x0, 0x8, 0xff,
    0xcc, 0xff, 0x80, 0x2f, 0xf3, 0x0, 0x3f, 0xf1,
    0x6f, 0xb0, 0x0, 0xb, 0xf5, 0x7f, 0xb2, 0x22,
    0x2b, 0xf6, 0x7f, 0xff, 0xff, 0xff, 0xf7, 0x7f,
    0xc5, 0x55, 0x55, 0x52, 0x6f, 0xa0, 0x0, 0x0,
    0x0, 0x2f, 0xf2, 0x0, 0x1c, 0xd3, 0x8, 0xff,
    0xcc, 0xff, 0xb0, 0x0, 0x6c, 0xff, 0xd7, 0x0,

    /* U+00E9 "é" */
    0x0, 0x0, 0x6, 0xc9, 0x0, 0x0, 0x0, 0x3f,
    0xe2, 0x0, 0x0, 0x1, 0xef, 0x40, 0x0, 0x0,
    0x0, 0x0, 0x0, 0x0, 0x0, 0x0, 0x0, 0x0,
    0x0, 0x0, 0x6c, 0xff, 0xc5, 0x0, 0x8, 0xff,
    0xcc, 0xff, 0x80, 0x2f, 0xf3, 0x0, 0x3f, 0xf1,
    0x6f, 0xb0, 0x0, 0xb, 0xf5, 0x7f, 0xb2, 0x22,
    0x2b, 0xf6, 0x7f, 0xff, 0xff, 0xff, 0xf7, 0x7f,
    0xc5, 0x55, 0x55, 0x52, 0x6f, 0xa0, 0x0, 0x0,
    0x0, 0x2f, 0xf2, 0x0, 0x1c, 0xd3, 0x8, 0xff,
    0xcc, 0xff, 0xb0, 0x0, 0x6c, 0xff, 0xd7, 0x0,

    /* U+00EA "ê" */
    0x0, 0x2, 0x88, 0x20, 0x0, 0x0, 0x3e, 0xee,
    0xe3, 0x0, 0x4, 0xfd, 0x22, 0xdf, 0x40, 0x0,
    0x0, 0x0, 0x0, 0x0, 0x0, 0x0, 0x0, 0x0,
    0x0, 0x0, 0x6c, 0xff, 0xc5, 0x0, 0x8, 0xff,
    0xcc, 0xff, 0x80, 0x2f, 0xf3, 0x0, 0x3f, 0xf1,
    0x6f, 0xb0, 0x0, 0xb, 0xf5, 0x7f, 0xb2, 0x22,
    0x2b, 0xf6, 0x7f, 0xff, 0xff, 0xff, 0xf7, 0x7f,
    0xc5, 0x55, 0x55, 0x52, 0x6f, 0xa0, 0x0, 0x0,
    0x0, 0x2f, 0xf2, 0x0, 0x1c, 0xd3, 0x8, 0xff,
    0xcc, 0xff, 0xb0, 0x0, 0x6c, 0xff, 0xd7, 0x0,

    /* U+00EB "ë" */
    0x2, 0xa6, 0x0, 0x6a, 0x20, 0x9, 0xff, 0x0,
    0xff, 0x90, 0x5, 0xfb, 0x0, 0xbf, 0x50, 0x0,
    0x0, 0x0, 0x0, 0x0, 0x0, 0x0, 0x0, 0x0,
    0x0, 0x0, 0x6c, 0xff, 0xc5, 0x0, 0x8, 0xff,
    0xcc, 0xff, 0x80, 0x2f, 0xf3, 0x0, 0x3f, 0xf1,
    0x6f, 0xb0, 0x0, 0xb, 0xf5, 0x7f, 0xb2, 0x22,
    0x2b, 0xf6, 0x7f, 0xff, 0xff, 0xff, 0xf7, 0x7f,
    0xc5, 0x55, 0x55, 0x52, 0x6f, 0xa0, 0x0, 0x0,
    0x0, 0x2f, 0xf2, 0x0, 0x1c, 0xd3, 0x8, 0xff,
    0xcc, 0xff, 0xb0, 0x0, 0x6c, 0xff, 0xd7, 0x0,

    /* U+00EC "ì" */
    0x0, 0x6c, 0xa0, 0x0, 0x0, 0x0, 0x0, 0xcf,
    0x80, 0x0, 0x0, 0x0, 0x1, 0xdf, 0x50, 0x0,
    0x0, 0x0, 0x0, 0x0, 0x0, 0x0, 0x0, 0x0,
    0x0, 0x0, 0x0, 0x0, 0xef, 0xff, 0xf9, 0x0,
    0x0, 0xc, 0xee, 0xff, 0x90, 0x0, 0x0, 0x0,
    0x8, 0xf9, 0x0, 0x0, 0x0, 0x0, 0x8f, 0x90,
    0x0, 0x0, 0x0, 0x8, 0xf9, 0x0, 0x0, 0x0,
    0x0, 0x8f, 0x90, 0x0, 0x0, 0x0, 0x8, 0xf9,
    0x0, 0x0, 0x0, 0x0, 0x8f, 0x90, 0x0, 0x0,
    0x0, 0x8, 0xf9, 0x0, 0x0, 0x5e, 0xee, 0xff,
    0xfe, 0xee, 0x16, 0xff, 0xff, 0xff, 0xff, 0xf2,

    /* U+00ED "í" */
    0x0, 0x0, 0x2, 0xbb, 0x10, 0x0, 0x0, 0x0,
    0xdf, 0x60, 0x0, 0x0, 0x0, 0xaf, 0x90, 0x0,
    0x0, 0x0, 0x0, 0x0, 0x0, 0x0, 0x0, 0x0,
    0x0, 0x0, 0x0, 0x0, 0xef, 0xff, 0xf9, 0x0,
    0x0, 0xc, 0xee, 0xff, 0x90, 0x0, 0x0, 0x0,
    0x8, 0xf9, 0x0, 0x0, 0x0, 0x0, 0x8f, 0x90,
    0x0, 0x0, 0x0, 0x8, 0xf9, 0x0, 0x0, 0x0,
    0x0, 0x8f, 0x90, 0x0, 0x0, 0x0, 0x8, 0xf9,
    0x0, 0x0, 0x0, 0x0, 0x8f, 0x90, 0x0, 0x0,
    0x0, 0x8, 0xf9, 0x0, 0x0, 0x5e, 0xee, 0xff,
    0xfe, 0xee, 0x16, 0xff, 0xff, 0xff, 0xff, 0xf2,

    /* U+00EE "î" */
    0x0, 0x0, 0x78, 0x40, 0x0, 0x0, 0x0, 0x9f,
    0xff, 0x40, 0x0, 0x0, 0x8f, 0xb3, 0xef, 0x30,
    0x0, 0x18, 0x70, 0x3, 0x86, 0x0, 0x0, 0x0,
    0x0, 0x0, 0x0, 0x0, 0xef, 0xff, 0xf9, 0x0,
    0x0, 0xc, 0xee, 0xff, 0x90, 0x0, 0x0, 0x0,
    0x8, 0xf9, 0x0, 0x0, 0x0, 0x0, 0x8f, 0x90,
    0x0, 0x0, 0x0, 0x8, 0xf9, 0x0, 0x0, 0x0,
    0x0, 0x8f, 0x90, 0x0, 0x0, 0x0, 0x8, 0xf9,
    0x0, 0x0, 0x0, 0x0, 0x8f, 0x90, 0x0, 0x0,
    0x0, 0x8, 0xf9, 0x0, 0x0, 0x5e, 0xee, 0xff,
    0xfe, 0xee, 0x16, 0xff, 0xff, 0xff, 0xff, 0xf2,

    /* U+00EF "ï" */
    0x0, 0x99, 0x0, 0x3a, 0x50, 0x0, 0x4f, 0xf5,
    0xb, 0xff, 0x0, 0x1, 0xee, 0x20, 0x7f, 0xa0,
    0x0, 0x0, 0x0, 0x0, 0x0, 0x0, 0x0, 0x0,
    0x0, 0x0, 0x0, 0x0, 0xef, 0xff, 0xf9, 0x0,
    0x0, 0xc, 0xee, 0xff, 0x90, 0x0, 0x0, 0x0,
    0x8, 0xf9, 0x0, 0x0, 0x0, 0x0, 0x8f, 0x90,
    0x0, 0x0, 0x0, 0x8, 0xf9, 0x0, 0x0, 0x0,
    0x0, 0x8f, 0x90, 0x0, 0x0, 0x0, 0x8, 0xf9,
    0x0, 0x0, 0x0, 0x0, 0x8f, 0x90, 0x0, 0x0,
    0x0, 0x8, 0xf9, 0x0, 0x0, 0x5e, 0xee, 0xff,
    0xfe, 0xee, 0x16, 0xff, 0xff, 0xff, 0xff, 0xf2,

    /* U+00F0 "ð" */
    0x0, 0x0, 0x0, 0x0, 0x0, 0x0, 0x8f, 0xd2,
    0x6d, 0x60, 0x0, 0xc, 0xff, 0xfd, 0x30, 0x5,
    0xdf, 0xff, 0x90, 0x0, 0xb, 0xc6, 0x3f, 0xf3,
    0x0, 0x1, 0x0, 0x5, 0xfe, 0x10, 0x0, 0x49,
    0xa7, 0xaf, 0x90, 0x9, 0xff, 0xff, 0xdf, 0xf1,
    0x5f, 0xf6, 0x0, 0x6f, 0xf7, 0xaf, 0x90, 0x0,
    0x9, 0xfb, 0xcf, 0x60, 0x0, 0x6, 0xfc, 0xbf,
    0x80, 0x0, 0x8, 0xfa, 0x5f, 0xf4, 0x0, 0x4f,
    0xf5, 0xb, 0xff, 0xee, 0xff, 0xa0, 0x0, 0x6d,
    0xff, 0xc6, 0x0,

    /* U+00F1 "ñ" */
    0x0, 0x1, 0x0, 0x1, 0x0, 0x0, 0xaf, 0xf6,
    0x1f, 0x60, 0x2, 0xf8, 0x9f, 0xff, 0x20, 0x1,
    0x61, 0x3, 0x52, 0x0, 0x0, 0x0, 0x0, 0x0,
    0x0, 0x5f, 0xd3, 0xcf, 0xe9, 0x0, 0x5f, 0xde,
    0xbb, 0xff, 0xb0, 0x5f, 0xf4, 0x0, 0x3f, 0xf2,
    0x5f, 0xe0, 0x0, 0xd, 0xf5, 0x5f, 0xd0, 0x0,
    0xc, 0xf5, 0x5f, 0xd0, 0x0, 0xc, 0xf5, 0x5f,
    0xd0, 0x0, 0xc, 0xf5, 0x5f, 0xd0, 0x0, 0xc,
    0xf5, 0x5f, 0xd0, 0x0, 0xc, 0xf5, 0x5f, 0xd0,
    0x0, 0xc, 0xf5, 0x5f, 0xd0, 0x0, 0xc, 0xf5,

    /* U+00F2 "ò" */
    0x0, 0x9c, 0x60, 0x0, 0x0, 0x0, 0x2f, 0xf3,
    0x0, 0x0, 0x0, 0x4, 0xfe, 0x10, 0x0, 0x0,
    0x0, 0x0, 0x0, 0x0, 0x0, 0x0, 0x0, 0x0,
    0x0, 0x0, 0x6c, 0xff, 0xc6, 0x0, 0x9, 0xff,
    0xee, 0xff, 0x90, 0x2f, 0xf5, 0x0, 0x5f, 0xf2,
    0x6f, 0xc0, 0x0, 0xc, 0xf6, 0x7f, 0xb0, 0x0,
    0xb, 0xf7, 0x7f, 0xb0, 0x0, 0xb, 0xf7, 0x7f,
    0xb0, 0x0, 0xb, 0xf7, 0x6f, 0xc0, 0x0, 0xc,
    0xf6, 0x2f, 0xf5, 0x0, 0x5f, 0xf2, 0x9, 0xff,
    0xee, 0xff, 0x90, 0x0, 0x6c, 0xff, 0xc6, 0x0,

    /* U+00F3 "ó" */
    0x0, 0x0, 0x6, 0xc9, 0x0, 0x0, 0x0, 0x3f,
    0xe2, 0x0, 0x0, 0x1, 0xef, 0x40, 0x0, 0x0,
    0x0, 0x0, 0x0, 0x0, 0x0, 0x0, 0x0, 0x0,
    0x0, 0x0, 0x6c, 0xff, 0xc6, 0x0, 0x9, 0xff,
    0xee, 0xff, 0x90, 0x2f, 0xf5, 0x0, 0x5f, 0xf2,
    0x6f, 0xc0, 0x0, 0xc, 0xf6, 0x7f, 0xb0, 0x0,
    0xb, 0xf7, 0x7f, 0xb0, 0x0, 0xb, 0xf7, 0x7f,
    0xb0, 0x0, 0xb, 0xf7, 0x6f, 0xc0, 0x0, 0xc,
    0xf6, 0x2f, 0xf5, 0x0, 0x5f, 0xf2, 0x9, 0xff,
    0xee, 0xff, 0x90, 0x0, 0x6c, 0xff, 0xc6, 0x0,

    /* U+00F4 "ô" */
    0x0, 0x2, 0x88, 0x20, 0x0, 0x0, 0x3e, 0xee,
    0xe3, 0x0, 0x4, 0xfd, 0x22, 0xdf, 0x40, 0x0,
    0x0, 0x0, 0x0, 0x0, 0x0, 0x0, 0x0, 0x0,
    0x0, 0x0, 0x6c, 0xff, 0xc6, 0x0, 0x9, 0xff,
    0xee, 0xff, 0x90, 0x2f, 0xf5, 0x0, 0x5f, 0xf2,
    0x6f, 0xc0, 0x0, 0xc, 0xf6, 0x7f, 0xb0, 0x0,
    0xb, 0xf7, 0x7f, 0xb0, 0x0, 0xb, 0xf7, 0x7f,
    0xb0, 0x0, 0xb, 0xf7, 0x6f, 0xc0, 0x0, 0xc,
    0xf6, 0x2f, 0xf5, 0x0, 0x5f, 0xf2, 0x9, 0xff,
    0xee, 0xff, 0x90, 0x0, 0x6c, 0xff, 0xc6, 0x0,

    /* U+00F5 "õ" */
    0x0, 0x1, 0x0, 0x1, 0x0, 0x0, 0xcf, 0xe5,
    0x2f, 0x40, 0x4, 0xf7, 0xaf, 0xff, 0x10, 0x1,
    0x60, 0x3, 0x51, 0x0, 0x0, 0x0, 0x0, 0x0,
    0x0, 0x0, 0x6c, 0xff, 0xc6, 0x0, 0x9, 0xff,
    0xee, 0xff, 0x90, 0x2f, 0xf5, 0x0, 0x5f, 0xf2,
    0x6f, 0xc0, 0x0, 0xc, 0xf6, 0x7f, 0xb0, 0x0,
    0xb, 0xf7, 0x7f, 0xb0, 0x0, 0xb, 0xf7, 0x7f,
    0xb0, 0x0, 0xb, 0xf7, 0x6f, 0xc0, 0x0, 0xc,
    0xf6, 0x2f, 0xf5, 0x0, 0x5f, 0xf2, 0x9, 0xff,
    0xee, 0xff, 0x90, 0x0, 0x6c, 0xff, 0xc6, 0x0,

    /* U+00F6 "ö" */
    0x2, 0xa6, 0x0, 0x6a, 0x20, 0x9, 0xff, 0x0,
    0xff, 0x90, 0x5, 0xfb, 0x0, 0xbf, 0x50, 0x0,
    0x0, 0x0, 0x0, 0x0, 0x0, 0x0, 0x0, 0x0,
    0x0, 0x0, 0x6c, 0xff, 0xc6, 0x0, 0x9, 0xff,
    0xee, 0xff, 0x90, 0x2f, 0xf5, 0x0, 0x5f, 0xf2,
    0x6f, 0xc0, 0x0, 0xc, 0xf6, 0x7f, 0xb0, 0x0,
    0xb, 0xf7, 0x7f, 0xb0, 0x0, 0xb, 0xf7, 0x7f,
    0xb0, 0x0, 0xb, 0xf7, 0x6f, 0xc0, 0x0, 0xc,
    0xf6, 0x2f, 0xf5, 0x0, 0x5f, 0xf2, 0x9, 0xff,
    0xee, 0xff, 0x90, 0x0, 0x6c, 0xff, 0xc6, 0x0,

    /* U+00F7 "÷" */
    0x0, 0x4f, 0xf4, 0x0, 0x0, 0x8f, 0xf8, 0x0,
    0x0, 0x6, 0x60, 0x0, 0x0, 0x0, 0x0, 0x0,
    0xdd, 0xdd, 0xdd, 0xdd, 0xff, 0xff, 0xff, 0xff,
    0x0, 0x0, 0x0, 0x0, 0x0, 0x6, 0x60, 0x0,
    0x0, 0x8f, 0xf8, 0x0, 0x0, 0x4f, 0xf4, 0x0,

    /* U+00F8 "ø" */
    0x0, 0x0, 0x0, 0x0, 0x1e, 0xe1, 0x0, 0x6,
    0xcf, 0xfc, 0xcf, 0x40, 0x0, 0x9f, 0xfe, 0xef,
    0xfc, 0x0, 0x2, 0xff, 0x50, 0x1f, 0xff, 0x20,
    0x5, 0xfb, 0x0, 0xbf, 0xdf, 0x50, 0x6, 0xfa,
    0x7, 0xf7, 0xaf, 0x60, 0x6, 0xfa, 0x2f, 0xc0,
    0xaf, 0x60, 0x6, 0xfa, 0xdf, 0x20, 0xaf, 0x60,
    0x5, 0xff, 0xf6, 0x0, 0xbf, 0x50, 0x2, 0xff,
    0xc0, 0x5, 0xff, 0x20, 0x1, 0xef, 0xfe, 0xef,
    0xf8, 0x0, 0xa, 0xf9, 0xcf, 0xfc, 0x60, 0x0,
    0x18, 0x60, 0x0, 0x0, 0x0, 0x0,

    /* U+00F9 "ù" */
    0x0, 0x9c, 0x60, 0x0, 0x0, 0x0, 0x2f, 0xf3,
    0x0, 0x0, 0x0, 0x4, 0xfe, 0x10, 0x0, 0x0,
    0x0, 0x0, 0x0, 0x0, 0x0, 0x0, 0x0, 0x0,
    0x0, 0x5f, 0xc0, 0x0, 0xc, 0xf5, 0x5f, 0xc0,
    0x0, 0xc, 0xf5, 0x5f, 0xc0, 0x0, 0xc, 0xf5,
    0x5f, 0xc0, 0x0, 0xc, 0xf5, 0x5f, 0xc0, 0x0,
    0xc, 0xf5, 0x5f, 0xc0, 0x0, 0xc, 0xf5, 0x5f,
    0xc0, 0x0, 0xc, 0xf5, 0x4f, 0xe0, 0x0, 0xe,
    0xf4, 0x1f, 0xf6, 0x0, 0x7f, 0xf1, 0x7, 0xff,
    0xee, 0xff, 0x70, 0x0, 0x5c, 0xff, 0xc5, 0x0,

    /* U+00FA "ú" */
    0x0, 0x0, 0x6, 0xc9, 0x0, 0x0, 0x0, 0x3f,
    0xe2, 0x0, 0x0, 0x1, 0xef, 0x40, 0x0, 0x0,
    0x0, 0x0, 0x0, 0x0, 0x0, 0x0, 0x0, 0x0,
    0x0, 0x5f, 0xc0, 0x0, 0xc, 0xf5, 0x5f, 0xc0,
    0x0, 0xc, 0xf5, 0x5f, 0xc0, 0x0, 0xc, 0xf5,
    0x5f, 0xc0, 0x0, 0xc, 0xf5, 0x5f, 0xc0, 0x0,
    0xc, 0xf5, 0x5f, 0xc0, 0x0, 0xc, 0xf5, 0x5f,
    0xc0, 0x0, 0xc, 0xf5, 0x4f, 0xe0, 0x0, 0xe,
    0xf4, 0x1f, 0xf6, 0x0, 0x7f, 0xf1, 0x7, 0xff,
    0xee, 0xff, 0x70, 0x0, 0x5c, 0xff, 0xc5, 0x0,

    /* U+00FB "û" */
    0x0, 0x2, 0x88, 0x20, 0x0, 0x0, 0x3e, 0xee,
    0xe3, 0x0, 0x4, 0xfd, 0x22, 0xdf, 0x40, 0x0,
    0x0, 0x0, 0x0, 0x0, 0x0, 0x0, 0x0, 0x0,
    0x0, 0x5f, 0xc0, 0x0, 0xc, 0xf5, 0x5f, 0xc0,
    0x0, 0xc, 0xf5, 0x5f, 0xc0, 0x0, 0xc, 0xf5,
    0x5f, 0xc0, 0x0, 0xc, 0xf5, 0x5f, 0xc0, 0x0,
    0xc, 0xf5, 0x5f, 0xc0, 0x0, 0xc, 0xf5, 0x5f,
    0xc0, 0x0, 0xc, 0xf5, 0x4f, 0xe0, 0x0, 0xe,
    0xf4, 0x1f, 0xf6, 0x0, 0x7f, 0xf1, 0x7, 0xff,
    0xee, 0xff, 0x70, 0x0, 0x5c, 0xff, 0xc5, 0x0,

    /* U+00FC "ü" */
    0x2, 0xa6, 0x0, 0x6a, 0x20, 0x9, 0xff, 0x0,
    0xff, 0x90, 0x5, 0xfb, 0x0, 0xbf, 0x50, 0x0,
    0x0, 0x0, 0x0, 0x0, 0x0, 0x0, 0x0, 0x0,
    0x0, 0x5f, 0xc0, 0x0, 0xc, 0xf5, 0x5f, 0xc0,
    0x0, 0xc, 0xf5, 0x5f, 0xc0, 0x0, 0xc, 0xf5,
    0x5f, 0xc0, 0x0, 0xc, 0xf5, 0x5f, 0xc0, 0x0,
    0xc, 0xf5, 0x5f, 0xc0, 0x0, 0xc, 0xf5, 0x5f,
    0xc0, 0x0, 0xc, 0xf5, 0x4f, 0xe0, 0x0, 0xe,
    0xf4, 0x1f, 0xf6, 0x0, 0x7f, 0xf1, 0x7, 0xff,
    0xee, 0xff, 0x70, 0x0, 0x5c, 0xff, 0xc5, 0x0,

    /* U+00FD "ý" */
    0x0, 0x0, 0x0, 0x9f, 0xa0, 0x0, 0x0, 0x0,
    0x6, 0xfd, 0x0, 0x0, 0x0, 0x0, 0x1b, 0xb2,
    0x0, 0x0, 0x0, 0x0, 0x0, 0x0, 0x0, 0x0,
    0xe, 0xf7, 0x0, 0x0, 0x6f, 0xe0, 0x8, 0xfd,
    0x0, 0x0, 0xbf, 0x80, 0x2, 0xff, 0x30, 0x1,
    0xff, 0x20, 0x0, 0xbf, 0x90, 0x6, 0xfd, 0x0,
    0x0, 0x5f, 0xe0, 0xb, 0xf7, 0x0, 0x0, 0xe,
    0xf4, 0x1f, 0xf1, 0x0, 0x0, 0x9, 0xfa, 0x6f,
    0xc0, 0x0, 0x0, 0x3, 0xfe, 0xbf, 0x60, 0x0,
    0x0, 0x0, 0xdf, 0xff, 0x10, 0x0, 0x0, 0x0,
    0x6f, 0xfa, 0x0, 0x0, 0x0, 0x0, 0x1f, 0xf5,
    0x0, 0x0, 0x0, 0x0, 0x4f, 0xf0, 0x0, 0x0,
    0x0, 0x0, 0xaf, 0x90, 0x0, 0x0, 0x0, 0x0,
    0xff, 0x40, 0x0, 0x0, 0x0, 0x6, 0xfe, 0x0,
    0x0, 0x0,

    /* U+00FE "þ" */
    0x6f, 0xc0, 0x0, 0x0, 0x0, 0x6f, 0xc0, 0x0,
    0x0, 0x0, 0x6f, 0xc0, 0x0, 0x0, 0x0, 0x6f,
    0xc2, 0xbf, 0xe9, 0x0, 0x6f, 0xcc, 0xee, 0xff,
    0xa0, 0x6f, 0xe6, 0x0, 0x6f, 0xf2, 0x6f, 0xe0,
    0x0, 0xd, 0xf5, 0x6f, 0xc0, 0x0, 0xc, 0xf6,
    0x6f, 0xc0, 0x0, 0xc, 0xf6, 0x6f, 0xc0, 0x0,
    0xc, 0xf6, 0x6f, 0xd0, 0x0, 0xd, 0xf5, 0x6f,
    0xf6, 0x0, 0x6f, 0xf2, 0x6f, 0xdf, 0xee, 0xff,
    0xa0, 0x8f, 0xc4, 0xdf, 0xe9, 0x0, 0x6f, 0xb0,
    0x0, 0x0, 0x0, 0x6f, 0xb0, 0x0, 0x0, 0x0,
    0x6f, 0xb0, 0x0, 0x0, 0x0, 0x6f, 0xb0, 0x0,
    0x0, 0x0,

    /* U+00FF "ÿ" */
    0x0, 0x5f, 0xb0, 0xb, 0xf5, 0x0, 0x0, 0x9f,
    0xf0, 0xf, 0xf9, 0x0, 0x0, 0x2a, 0x60, 0x6,
    0xa2, 0x0, 0x0, 0x0, 0x0, 0x0, 0x0, 0x0,
    0xe, 0xf7, 0x0, 0x0, 0x6f, 0xe0, 0x8, 0xfd,
    0x0, 0x0, 0xbf, 0x80, 0x2, 0xff, 0x30, 0x1,
    0xff, 0x20, 0x0, 0xbf, 0x90, 0x6, 0xfd, 0x0,
    0x0, 0x5f, 0xe0, 0xb, 0xf7, 0x0, 0x0, 0xe,
    0xf4, 0x1f, 0xf1, 0x0, 0x0, 0x9, 0xfa, 0x6f,
    0xc0, 0x0, 0x0, 0x3, 0xfe, 0xbf, 0x60, 0x0,
    0x0, 0x0, 0xdf, 0xff, 0x10, 0x0, 0x0, 0x0,
    0x6f, 0xfa, 0x0, 0x0, 0x0, 0x0, 0x1f, 0xf5,
    0x0, 0x0, 0x0, 0x0, 0x4f, 0xf0, 0x0, 0x0,
    0x0, 0x0, 0xaf, 0x90, 0x0, 0x0, 0x0, 0x0,
    0xff, 0x40, 0x0, 0x0, 0x0, 0x6, 0xfe, 0x0,
    0x0, 0x0,

    /* U+2018 "‘" */
    0x0, 0x1, 0x10, 0x3, 0xfc, 0x0, 0xaf, 0x80,
    0x1f, 0xf4, 0x7, 0xff, 0x0, 0xef, 0xb0, 0x5f,
    0xf7, 0x0,

    /* U+2019 "’" */
    0x0, 0x11, 0x0, 0x8f, 0xf4, 0xc, 0xfd, 0x0,
    0xff, 0x60, 0x4f, 0xf0, 0x8, 0xf9, 0x0, 0xcf,
    0x20, 0x0,

    /* U+201A "‚" */
    0x0, 0x11, 0x10, 0x6f, 0xf6, 0xa, 0xfe, 0x0,
    0xef, 0x80, 0x3f, 0xf2, 0x7, 0xfa, 0x0, 0xbf,
    0x40, 0x0,

    /* U+201C "“" */
    0x0, 0x1, 0x10, 0x0, 0x10, 0x0, 0x6f, 0x90,
    0x9, 0xf6, 0x0, 0xdf, 0x50, 0x1f, 0xf2, 0x4,
    0xff, 0x10, 0x7f, 0xd0, 0xa, 0xfd, 0x0, 0xef,
    0x90, 0x1f, 0xf8, 0x5, 0xff, 0x50, 0x8f, 0xf4,
    0xb, 0xff, 0x10,

    /* U+201D "”" */
    0x0, 0x11, 0x10, 0x1, 0x11, 0x1, 0xff, 0xb0,
    0x5f, 0xf7, 0x5, 0xff, 0x40, 0x9f, 0xf1, 0xa,
    0xfd, 0x0, 0xdf, 0xa0, 0xe, 0xf6, 0x1, 0xff,
    0x30, 0x2f, 0xf0, 0x5, 0xfc, 0x0, 0x6f, 0x90,
    0xa, 0xf5, 0x0,

    /* U+2022 "•" */
    0x6, 0xcc, 0x60, 0x3f, 0xff, 0xf3, 0x7f, 0xff,
    0xf7, 0x4f, 0xff, 0xf4, 0x8, 0xee, 0x80,

    /* U+2026 "…" */
    0x48, 0x0, 0x66, 0x0, 0x84, 0xdf, 0x40, 0xff,
    0x4, 0xfd, 0xef, 0x41, 0xff, 0x14, 0xfe, 0xae,
    0x10, 0xdd, 0x1, 0xea
};


/*---------------------
 *  GLYPH DESCRIPTION
 *--------------------*/

static const lv_font_fmt_txt_glyph_dsc_t glyph_dsc[] = {
    {.bitmap_index = 0, .adv_w = 0, .box_w = 0, .box_h = 0, .ofs_x = 0, .ofs_y = 0} /* id = 0 reserved */,
    {.bitmap_index = 0, .adv_w = 192, .box_w = 0, .box_h = 0, .ofs_x = 0, .ofs_y = 0},
    {.bitmap_index = 0, .adv_w = 192, .box_w = 4, .box_h = 14, .ofs_x = 4, .ofs_y = 0},
    {.bitmap_index = 28, .adv_w = 192, .box_w = 8, .box_h = 6, .ofs_x = 2, .ofs_y = 8},
    {.bitmap_index = 52, .adv_w = 192, .box_w = 12, .box_h = 14, .ofs_x = 0, .ofs_y = 0},
    {.bitmap_index = 136, .adv_w = 192, .box_w = 10, .box_h = 20, .ofs_x = 1, .ofs_y = -3},
    {.bitmap_index = 236, .adv_w = 192, .box_w = 12, .box_h = 14, .ofs_x = 0, .ofs_y = 0},
    {.bitmap_index = 320, .adv_w = 192, .box_w = 12, .box_h = 14, .ofs_x = 0, .ofs_y = 0},
    {.bitmap_index = 404, .adv_w = 192, .box_w = 4, .box_h = 6, .ofs_x = 4, .ofs_y = 8},
    {.bitmap_index = 416, .adv_w = 192, .box_w = 7, .box_h = 20, .ofs_x = 3, .ofs_y = -3},
    {.bitmap_index = 486, .adv_w = 192, .box_w = 7, .box_h = 20, .ofs_x = 2, .ofs_y = -3},
    {.bitmap_index = 556, .adv_w = 192, .box_w = 12, .box_h = 11, .ofs_x = 0, .ofs_y = 1},
    {.bitmap_index = 622, .adv_w = 192, .box_w = 10, .box_h = 10, .ofs_x = 1, .ofs_y = 1},
    {.bitmap_index = 672, .adv_w = 192, .box_w = 5, .box_h = 7, .ofs_x = 3, .ofs_y = -4},
    {.bitmap_index = 690, .adv_w = 192, .box_w = 8, .box_h = 2, .ofs_x = 2, .ofs_y = 6},
    {.bitmap_index = 698, .adv_w = 192, .box_w = 4, .box_h = 4, .ofs_x = 4, .ofs_y = 0},
    {.bitmap_index = 706, .adv_w = 192, .box_w = 10, .box_h = 19, .ofs_x = 1, .ofs_y = -2},
    {.bitmap_index = 801, .adv_w = 192, .box_w = 10, .box_h = 14, .ofs_x = 1, .ofs_y = 0},
    {.bitmap_index = 871, .adv_w = 192, .box_w = 10, .box_h = 14, .ofs_x = 1, .ofs_y = 0},
    {.bitmap_index = 941, .adv_w = 192, .box_w = 10, .box_h = 14, .ofs_x = 1, .ofs_y = 0},
    {.bitmap_index = 1011, .adv_w = 192, .box_w = 10, .box_h = 14, .ofs_x = 1, .ofs_y = 0},
    {.bitmap_index = 1081, .adv_w = 192, .box_w = 10, .box_h = 14, .ofs_x = 1, .ofs_y = 0},
    {.bitmap_index = 1151, .adv_w = 192, .box_w = 10, .box_h = 14, .ofs_x = 1, .ofs_y = 0},
    {.bitmap_index = 1221, .adv_w = 192, .box_w = 10, .box_h = 14, .ofs_x = 1, .ofs_y = 0},
    {.bitmap_index = 1291, .adv_w = 192, .box_w = 10, .box_h = 14, .ofs_x = 1, .ofs_y = 0},
    {.bitmap_index = 1361, .adv_w = 192, .box_w = 10, .box_h = 14, .ofs_x = 1, .ofs_y = 0},
    {.bitmap_index = 1431, .adv_w = 192, .box_w = 10, .box_h = 14, .ofs_x = 1, .ofs_y = 0},
    {.bitmap_index = 1501, .adv_w = 192, .box_w = 4, .box_h = 11, .ofs_x = 4, .ofs_y = 0},
    {.bitmap_index = 1523, .adv_w = 192, .box_w = 5, .box_h = 15, .ofs_x = 3, .ofs_y = -4},
    {.bitmap_index = 1561, .adv_w = 192, .box_w = 10, .box_h = 11, .ofs_x = 1, .ofs_y = 1},
    {.bitmap_index = 1616, .adv_w = 192, .box_w = 10, .box_h = 7, .ofs_x = 1, .ofs_y = 3},
    {.bitmap_index = 1651, .adv_w = 192, .box_w = 10, .box_h = 11, .ofs_x = 1, .ofs_y = 1},
    {.bitmap_index = 1706, .adv_w = 192, .box_w = 8, .box_h = 14, .ofs_x = 2, .ofs_y = 0},
    {.bitmap_index = 1762, .adv_w = 192, .box_w = 12, .box_h = 18, .ofs_x = 0, .ofs_y = -4},
    {.bitmap_index = 1870, .adv_w = 192, .box_w = 12, .box_h = 14, .ofs_x = 0, .ofs_y = 0},
    {.bitmap_index = 1954, .adv_w = 192, .box_w = 10, .box_h = 14, .ofs_x = 1, .ofs_y = 0},
    {.bitmap_index = 2024, .adv_w = 192, .box_w = 10, .box_h = 14, .ofs_x = 1, .ofs_y = 0},
    {.bitmap_index = 2094, .adv_w = 192, .box_w = 10, .box_h = 14, .ofs_x = 1, .ofs_y = 0},
    {.bitmap_index = 2164, .adv_w = 192, .box_w = 10, .box_h = 14, .ofs_x = 1, .ofs_y = 0},
    {.bitmap_index = 2234, .adv_w = 192, .box_w = 10, .box_h = 14, .ofs_x = 1, .ofs_y = 0},
    {.bitmap_index = 2304, .adv_w = 192, .box_w = 10, .box_h = 14, .ofs_x = 1, .ofs_y = 0},
    {.bitmap_index = 2374, .adv_w = 192, .box_w = 10, .box_h = 14, .ofs_x = 1, .ofs_y = 0},
    {.bitmap_index = 2444, .adv_w = 192, .box_w = 10, .box_h = 14, .ofs_x = 1, .ofs_y = 0},
    {.bitmap_index = 2514, .adv_w = 192, .box_w = 11, .box_h = 14, .ofs_x = 0, .ofs_y = 0},
    {.bitmap_index = 2591, .adv_w = 192, .box_w = 11, .box_h = 14, .ofs_x = 1, .ofs_y = 0},
    {.bitmap_index = 2668, .adv_w = 192, .box_w = 9, .box_h = 14, .ofs_x = 2, .ofs_y = 0},
    {.bitmap_index = 2731, .adv_w = 192, .box_w = 10, .box_h = 14, .ofs_x = 1, .ofs_y = 0},
    {.bitmap_index = 2801, .adv_w = 192, .box_w = 10, .box_h = 14, .ofs_x = 1, .ofs_y = 0},
    {.bitmap_index = 2871, .adv_w = 192, .box_w = 10, .box_h = 14, .ofs_x = 1, .ofs_y = 0},
    {.bitmap_index = 2941, .adv_w = 192, .box_w = 11, .box_h = 14, .ofs_x = 1, .ofs_y = 0},
    {.bitmap_index = 3018, .adv_w = 192, .box_w = 10, .box_h = 18, .ofs_x = 1, .ofs_y = -4},
    {.bitmap_index = 3108, .adv_w = 192, .box_w = 11, .box_h = 14, .ofs_x = 1, .ofs_y = 0},
    {.bitmap_index = 3185, .adv_w = 192, .box_w = 10, .box_h = 14, .ofs_x = 1, .ofs_y = 0},
    {.bitmap_index = 3255, .adv_w = 192, .box_w = 10, .box_h = 14, .ofs_x = 1, .ofs_y = 0},
    {.bitmap_index = 3325, .adv_w = 192, .box_w = 10, .box_h = 14, .ofs_x = 1, .ofs_y = 0},
    {.bitmap_index = 3395, .adv_w = 192, .box_w = 12, .box_h = 14, .ofs_x = 0, .ofs_y = 0},
    {.bitmap_index = 3479, .adv_w = 192, .box_w = 12, .box_h = 14, .ofs_x = 0, .ofs_y = 0},
    {.bitmap_index = 3563, .adv_w = 192, .box_w = 12, .box_h = 14, .ofs_x = 0, .ofs_y = 0},
    {.bitmap_index = 3647, .adv_w = 192, .box_w = 12, .box_h = 14, .ofs_x = 0, .ofs_y = 0},
    {.bitmap_index = 3731, .adv_w = 192, .box_w = 10, .box_h = 14, .ofs_x = 1, .ofs_y = 0},
    {.bitmap_index = 3801, .adv_w = 192, .box_w = 7, .box_h = 18, .ofs_x = 3, .ofs_y = -2},
    {.bitmap_index = 3864, .adv_w = 192, .box_w = 10, .box_h = 19, .ofs_x = 1, .ofs_y = -2},
    {.bitmap_index = 3959, .adv_w = 192, .box_w = 7, .box_h = 18, .ofs_x = 2, .ofs_y = -2},
    {.bitmap_index = 4022, .adv_w = 192, .box_w = 10, .box_h = 8, .ofs_x = 1, .ofs_y = 7},
    {.bitmap_index = 4062, .adv_w = 192, .box_w = 10, .box_h = 2, .ofs_x = 1, .ofs_y = -2},
    {.bitmap_index = 4072, .adv_w = 192, .box_w = 5, .box_h = 3, .ofs_x = 3, .ofs_y = 13},
    {.bitmap_index = 4080, .adv_w = 192, .box_w = 10, .box_h = 11, .ofs_x = 1, .ofs_y = 0},
    {.bitmap_index = 4135, .adv_w = 192, .box_w = 10, .box_h = 14, .ofs_x = 1, .ofs_y = 0},
    {.bitmap_index = 4205, .adv_w = 192, .box_w = 10, .box_h = 11, .ofs_x = 1, .ofs_y = 0},
    {.bitmap_index = 4260, .adv_w = 192, .box_w = 10, .box_h = 14, .ofs_x = 1, .ofs_y = 0},
    {.bitmap_index = 4330, .adv_w = 192, .box_w = 10, .box_h = 11, .ofs_x = 1, .ofs_y = 0},
    {.bitmap_index = 4385, .adv_w = 192, .box_w = 10, .box_h = 14, .ofs_x = 1, .ofs_y = 0},
    {.bitmap_index = 4455, .adv_w = 192, .box_w = 10, .box_h = 15, .ofs_x = 1, .ofs_y = -4},
    {.bitmap_index = 4530, .adv_w = 192, .box_w = 10, .box_h = 14, .ofs_x = 1, .ofs_y = 0},
    {.bitmap_index = 4600, .adv_w = 192, .box_w = 11, .box_h = 16, .ofs_x = 1, .ofs_y = 0},
    {.bitmap_index = 4688, .adv_w = 192, .box_w = 9, .box_h = 19, .ofs_x = 1, .ofs_y = -4},
    {.bitmap_index = 4774, .adv_w = 192, .box_w = 11, .box_h = 14, .ofs_x = 1, .ofs_y = 0},
    {.bitmap_index = 4851, .adv_w = 192, .box_w = 12, .box_h = 14, .ofs_x = 0, .ofs_y = 0},
    {.bitmap_index = 4935, .adv_w = 192, .box_w = 10, .box_h = 11, .ofs_x = 1, .ofs_y = 0},
    {.bitmap_index = 4990, .adv_w = 192, .box_w = 10, .box_h = 11, .ofs_x = 1, .ofs_y = 0},
    {.bitmap_index = 5045, .adv_w = 192, .box_w = 10, .box_h = 11, .ofs_x = 1, .ofs_y = 0},
    {.bitmap_index = 5100, .adv_w = 192, .box_w = 10, .box_h = 15, .ofs_x = 1, .ofs_y = -4},
    {.bitmap_index = 5175, .adv_w = 192, .box_w = 10, .box_h = 15, .ofs_x = 1, .ofs_y = -4},
    {.bitmap_index = 5250, .adv_w = 192, .box_w = 9, .box_h = 11, .ofs_x = 2, .ofs_y = 0},
    {.bitmap_index = 5300, .adv_w = 192, .box_w = 10, .box_h = 11, .ofs_x = 1, .ofs_y = 0},
    {.bitmap_index = 5355, .adv_w = 192, .box_w = 11, .box_h = 14, .ofs_x = 0, .ofs_y = 0},
    {.bitmap_index = 5432, .adv_w = 192, .box_w = 10, .box_h = 11, .ofs_x = 1, .ofs_y = 0},
    {.bitmap_index = 5487, .adv_w = 192, .box_w = 12, .box_h = 11, .ofs_x = 0, .ofs_y = 0},
    {.bitmap_index = 5553, .adv_w = 192, .box_w = 12, .box_h = 11, .ofs_x = 0, .ofs_y = 0},
    {.bitmap_index = 5619, .adv_w = 192, .box_w = 12, .box_h = 11, .ofs_x = 0, .ofs_y = 0},
    {.bitmap_index = 5685, .adv_w = 192, .box_w = 12, .box_h = 15, .ofs_x = 0, .ofs_y = -4},
    {.bitmap_index = 5775, .adv_w = 192, .box_w = 10, .box_h = 11, .ofs_x = 1, .ofs_y = 0},
    {.bitmap_index = 5830, .adv_w = 192, .box_w = 10, .box_h = 18, .ofs_x = 1, .ofs_y = -2},
    {.bitmap_index = 5920, .adv_w = 192, .box_w = 4, .box_h = 19, .ofs_x = 4, .ofs_y = -2},
    {.bitmap_index = 5958, .adv_w = 192, .box_w = 10, .box_h = 18, .ofs_x = 1, .ofs_y = -2},
    {.bitmap_index = 6048, .adv_w = 192, .box_w = 10, .box_h = 4, .ofs_x = 1, .ofs_y = 5},
    {.bitmap_index = 6068, .adv_w = 192, .box_w = 0, .box_h = 0, .ofs_x = 0, .ofs_y = 0},
    {.bitmap_index = 6068, .adv_w = 192, .box_w = 4, .box_h = 15, .ofs_x = 4, .ofs_y = -4},
    {.bitmap_index = 6098, .adv_w = 192, .box_w = 10, .box_h = 17, .ofs_x = 1, .ofs_y = -3},
    {.bitmap_index = 6183, .adv_w = 192, .box_w = 10, .box_h = 14, .ofs_x = 1, .ofs_y = 0},
    {.bitmap_index = 6253, .adv_w = 192, .box_w = 12, .box_h = 12, .ofs_x = 0, .ofs_y = 1},
    {.bitmap_index = 6325, .adv_w = 192, .box_w = 12, .box_h = 14, .ofs_x = 0, .ofs_y = 0},
    {.bitmap_index = 6409, .adv_w = 192, .box_w = 4, .box_h = 19, .ofs_x = 4, .ofs_y = -2},
    {.bitmap_index = 6447, .adv_w = 192, .box_w = 10, .box_h = 18, .ofs_x = 1, .ofs_y = -4},
    {.bitmap_index = 6537, .adv_w = 192, .box_w = 8, .box_h = 3, .ofs_x = 2, .ofs_y = 13},
    {.bitmap_index = 6549, .adv_w = 192, .box_w = 12, .box_h = 12, .ofs_x = 0, .ofs_y = 2},
    {.bitmap_index = 6621, .adv_w = 192, .box_w = 6, .box_h = 6, .ofs_x = 3, .ofs_y = 9},
    {.bitmap_index = 6639, .adv_w = 192, .box_w = 12, .box_h = 10, .ofs_x = 0, .ofs_y = 1},
    {.bitmap_index = 6699, .adv_w = 192, .box_w = 10, .box_h = 5, .ofs_x = 1, .ofs_y = 3},
    {.bitmap_index = 6724, .adv_w = 192, .box_w = 8, .box_h = 2, .ofs_x = 2, .ofs_y = 6},
    {.bitmap_index = 6732, .adv_w = 192, .box_w = 12, .box_h = 12, .ofs_x = 0, .ofs_y = 2},
    {.bitmap_index = 6804, .adv_w = 192, .box_w = 8, .box_h = 2, .ofs_x = 2, .ofs_y = 13},
    {.bitmap_index = 6812, .adv_w = 192, .box_w = 6, .box_h = 7, .ofs_x = 3, .ofs_y = 8},
    {.bitmap_index = 6833, .adv_w = 192, .box_w = 10, .box_h = 11, .ofs_x = 1, .ofs_y = 0},
    {.bitmap_index = 6888, .adv_w = 192, .box_w = 8, .box_h = 9, .ofs_x = 2, .ofs_y = 8},
    {.bitmap_index = 6924, .adv_w = 192, .box_w = 7, .box_h = 9, .ofs_x = 2, .ofs_y = 8},
    {.bitmap_index = 6956, .adv_w = 192, .box_w = 5, .box_h = 3, .ofs_x = 4, .ofs_y = 13},
    {.bitmap_index = 6964, .adv_w = 192, .box_w = 10, .box_h = 15, .ofs_x = 1, .ofs_y = -4},
    {.bitmap_index = 7039, .adv_w = 192, .box_w = 10, .box_h = 18, .ofs_x = 1, .ofs_y = -4},
    {.bitmap_index = 7129, .adv_w = 192, .box_w = 4, .box_h = 4, .ofs_x = 4, .ofs_y = 5},
    {.bitmap_index = 7137, .adv_w = 192, .box_w = 5, .box_h = 5, .ofs_x = 4, .ofs_y = -5},
    {.bitmap_index = 7150, .adv_w = 192, .box_w = 7, .box_h = 9, .ofs_x = 3, .ofs_y = 8},
    {.bitmap_index = 7182, .adv_w = 192, .box_w = 6, .box_h = 6, .ofs_x = 3, .ofs_y = 9},
    {.bitmap_index = 7200, .adv_w = 192, .box_w = 12, .box_h = 10, .ofs_x = 0, .ofs_y = 1},
    {.bitmap_index = 7260, .adv_w = 192, .box_w = 11, .box_h = 15, .ofs_x = 0, .ofs_y = 0},
    {.bitmap_index = 7343, .adv_w = 192, .box_w = 12, .box_h = 16, .ofs_x = 0, .ofs_y = -1},
    {.bitmap_index = 7439, .adv_w = 192, .box_w = 11, .box_h = 14, .ofs_x = 0, .ofs_y = 0},
    {.bitmap_index = 7516, .adv_w = 192, .box_w = 8, .box_h = 15, .ofs_x = 2, .ofs_y = -4},
    {.bitmap_index = 7576, .adv_w = 192, .box_w = 12, .box_h = 19, .ofs_x = 0, .ofs_y = 0},
    {.bitmap_index = 7690, .adv_w = 192, .box_w = 12, .box_h = 19, .ofs_x = 0, .ofs_y = 0},
    {.bitmap_index = 7804, .adv_w = 192, .box_w = 12, .box_h = 19, .ofs_x = 0, .ofs_y = 0},
    {.bitmap_index = 7918, .adv_w = 192, .box_w = 12, .box_h = 20, .ofs_x = 0, .ofs_y = 0},
    {.bitmap_index = 8038, .adv_w = 192, .box_w = 12, .box_h = 19, .ofs_x = 0, .ofs_y = 0},
    {.bitmap_index = 8152, .adv_w = 192, .box_w = 12, .box_h = 20, .ofs_x = 0, .ofs_y = 0},
    {.bitmap_index = 8272, .adv_w = 192, .box_w = 12, .box_h = 14, .ofs_x = 0, .ofs_y = 0},
    {.bitmap_index = 8356, .adv_w = 192, .box_w = 10, .box_h = 19, .ofs_x = 1, .ofs_y = -5},
    {.bitmap_index = 8451, .adv_w = 192, .box_w = 10, .box_h = 19, .ofs_x = 1, .ofs_y = 0},
    {.bitmap_index = 8546, .adv_w = 192, .box_w = 10, .box_h = 19, .ofs_x = 1, .ofs_y = 0},
    {.bitmap_index = 8641, .adv_w = 192, .box_w = 10, .box_h = 19, .ofs_x = 1, .ofs_y = 0},
    {.bitmap_index = 8736, .adv_w = 192, .box_w = 10, .box_h = 19, .ofs_x = 1, .ofs_y = 0},
    {.bitmap_index = 8831, .adv_w = 192, .box_w = 10, .box_h = 19, .ofs_x = 1, .ofs_y = 0},
    {.bitmap_index = 8926, .adv_w = 192, .box_w = 10, .box_h = 19, .ofs_x = 1, .ofs_y = 0},
    {.bitmap_index = 9021, .adv_w = 192, .box_w = 10, .box_h = 19, .ofs_x = 1, .ofs_y = 0},
    {.bitmap_index = 9116, .adv_w = 192, .box_w = 10, .box_h = 19, .ofs_x = 1, .ofs_y = 0},
    {.bitmap_index = 9211, .adv_w = 192, .box_w = 11, .box_h = 14, .ofs_x = 0, .ofs_y = 0},
    {.bitmap_index = 9288, .adv_w = 192, .box_w = 10, .box_h = 20, .ofs_x = 1, .ofs_y = 0},
    {.bitmap_index = 9388, .adv_w = 192, .box_w = 10, .box_h = 19, .ofs_x = 1, .ofs_y = 0},
    {.bitmap_index = 9483, .adv_w = 192, .box_w = 10, .box_h = 19, .ofs_x = 1, .ofs_y = 0},
    {.bitmap_index = 9578, .adv_w = 192, .box_w = 10, .box_h = 19, .ofs_x = 1, .ofs_y = 0},
    {.bitmap_index = 9673, .adv_w = 192, .box_w = 10, .box_h = 20, .ofs_x = 1, .ofs_y = 0},
    {.bitmap_index = 9773, .adv_w = 192, .box_w = 10, .box_h = 19, .ofs_x = 1, .ofs_y = 0},
    {.bitmap_index = 9868, .adv_w = 192, .box_w = 10, .box_h = 9, .ofs_x = 1, .ofs_y = 2},
    {.bitmap_index = 9913, .adv_w = 192, .box_w = 12, .box_h = 15, .ofs_x = 0, .ofs_y = -1},
    {.bitmap_index = 10003, .adv_w = 192, .box_w = 10, .box_h = 19, .ofs_x = 1, .ofs_y = 0},
    {.bitmap_index = 10098, .adv_w = 192, .box_w = 10, .box_h = 19, .ofs_x = 1, .ofs_y = 0},
    {.bitmap_index = 10193, .adv_w = 192, .box_w = 10, .box_h = 19, .ofs_x = 1, .ofs_y = 0},
    {.bitmap_index = 10288, .adv_w = 192, .box_w = 10, .box_h = 19, .ofs_x = 1, .ofs_y = 0},
    {.bitmap_index = 10383, .adv_w = 192, .box_w = 12, .box_h = 19, .ofs_x = 0, .ofs_y = 0},
    {.bitmap_index = 10497, .adv_w = 192, .box_w = 11, .box_h = 14, .ofs_x = 1, .ofs_y = 0},
    {.bitmap_index = 10574, .adv_w = 192, .box_w = 10, .box_h = 14, .ofs_x = 1, .ofs_y = 0},
    {.bitmap_index = 10644, .adv_w = 192, .box_w = 10, .box_h = 16, .ofs_x = 1, .ofs_y = 0},
    {.bitmap_index = 10724, .adv_w = 192, .box_w = 10, .box_h = 16, .ofs_x = 1, .ofs_y = 0},
    {.bitmap_index = 10804, .adv_w = 192, .box_w = 10, .box_h = 16, .ofs_x = 1, .ofs_y = 0},
    {.bitmap_index = 10884, .adv_w = 192, .box_w = 10, .box_h = 16, .ofs_x = 1, .ofs_y = 0},
    {.bitmap_index = 10964, .adv_w = 192, .box_w = 10, .box_h = 16, .ofs_x = 1, .ofs_y = 0},
    {.bitmap_index = 11044, .adv_w = 192, .box_w = 10, .box_h = 17, .ofs_x = 1, .ofs_y = 0},
    {.bitmap_index = 11129, .adv_w = 192, .box_w = 12, .box_h = 11, .ofs_x = 0, .ofs_y = 0},
    {.bitmap_index = 11195, .adv_w = 192, .box_w = 10, .box_h = 16, .ofs_x = 1, .ofs_y = -5},
    {.bitmap_index = 11275, .adv_w = 192, .box_w = 10, .box_h = 16, .ofs_x = 1, .ofs_y = 0},
    {.bitmap_index = 11355, .adv_w = 192, .box_w = 10, .box_h = 16, .ofs_x = 1, .ofs_y = 0},
    {.bitmap_index = 11435, .adv_w = 192, .box_w = 10, .box_h = 16, .ofs_x = 1, .ofs_y = 0},
    {.bitmap_index = 11515, .adv_w = 192, .box_w = 10, .box_h = 16, .ofs_x = 1, .ofs_y = 0},
    {.bitmap_index = 11595, .adv_w = 192, .box_w = 11, .box_h = 16, .ofs_x = 1, .ofs_y = 0},
    {.bitmap_index = 11683, .adv_w = 192, .box_w = 11, .box_h = 16, .ofs_x = 1, .ofs_y = 0},
    {.bitmap_index = 11771, .adv_w = 192, .box_w = 11, .box_h = 16, .ofs_x = 1, .ofs_y = 0},
    {.bitmap_index = 11859, .adv_w = 192, .box_w = 11, .box_h = 16, .ofs_x = 1, .ofs_y = 0},
    {.bitmap_index = 11947, .adv_w = 192, .box_w = 10, .box_h = 15, .ofs_x = 1, .ofs_y = 0},
    {.bitmap_index = 12022, .adv_w = 192, .box_w = 10, .box_h = 16, .ofs_x = 1, .ofs_y = 0},
    {.bitmap_index = 12102, .adv_w = 192, .box_w = 10, .box_h = 16, .ofs_x = 1, .ofs_y = 0},
    {.bitmap_index = 12182, .adv_w = 192, .box_w = 10, .box_h = 16, .ofs_x = 1, .ofs_y = 0},
    {.bitmap_index = 12262, .adv_w = 192, .box_w = 10, .box_h = 16, .ofs_x = 1, .ofs_y = 0},
    {.bitmap_index = 12342, .adv_w = 192, .box_w = 10, .box_h = 16, .ofs_x = 1, .ofs_y = 0},
    {.bitmap_index = 12422, .adv_w = 192, .box_w = 10, .box_h = 16, .ofs_x = 1, .ofs_y = 0},
    {.bitmap_index = 12502, .adv_w = 192, .box_w = 8, .box_h = 10, .ofs_x = 2, .ofs_y = 2},
    {.bitmap_index = 12542, .adv_w = 192, .box_w = 12, .box_h = 13, .ofs_x = 0, .ofs_y = -1},
    {.bitmap_index = 12620, .adv_w = 192, .box_w = 10, .box_h = 16, .ofs_x = 1, .ofs_y = 0},
    {.bitmap_index = 12700, .adv_w = 192, .box_w = 10, .box_h = 16, .ofs_x = 1, .ofs_y = 0},
    {.bitmap_index = 12780, .adv_w = 192, .box_w = 10, .box_h = 16, .ofs_x = 1, .ofs_y = 0},
    {.bitmap_index = 12860, .adv_w = 192, .box_w = 10, .box_h = 16, .ofs_x = 1, .ofs_y = 0},
    {.bitmap_index = 12940, .adv_w = 192, .box_w = 12, .box_h = 19, .ofs_x = 0, .ofs_y = -4},
    {.bitmap_index = 13054, .adv_w = 192, .box_w = 10, .box_h = 18, .ofs_x = 1, .ofs_y = -4},
    {.bitmap_index = 13144, .adv_w = 192, .box_w = 12, .box_h = 19, .ofs_x = 0, .ofs_y = -4},
    {.bitmap_index = 13258, .adv_w = 192, .box_w = 5, .box_h = 7, .ofs_x = 4, .ofs_y = 9},
    {.bitmap_index = 13276, .adv_w = 192, .box_w = 5, .box_h = 7, .ofs_x = 3, .ofs_y = 9},
    {.bitmap_index = 13294, .adv_w = 192, .box_w = 5, .box_h = 7, .ofs_x = 3, .ofs_y = -4},
    {.bitmap_index = 13312, .adv_w = 192, .box_w = 10, .box_h = 7, .ofs_x = 1, .ofs_y = 9},
    {.bitmap_index = 13347, .adv_w = 192, .box_w = 10, .box_h = 7, .ofs_x = 1, .ofs_y = 9},
    {.bitmap_index = 13382, .adv_w = 192, .box_w = 6, .box_h = 5, .ofs_x = 3, .ofs_y = 5},
    {.bitmap_index = 13397, .adv_w = 192, .box_w = 10, .box_h = 4, .ofs_x = 1, .ofs_y = 0}
};

/*---------------------
 *  CHARACTER MAPPING
 *--------------------*/

static const uint16_t unicode_list_2[] = {
    0x0, 0x1, 0x2, 0x4, 0x5, 0xa, 0xe
};

/*Collect the unicode lists and glyph_id offsets*/
static const lv_font_fmt_txt_cmap_t cmaps[] =
{
    {
        .range_start = 32, .range_length = 95, .glyph_id_start = 1,
        .unicode_list = NULL, .glyph_id_ofs_list = NULL, .list_length = 0, .type = LV_FONT_FMT_TXT_CMAP_FORMAT0_TINY
    },
    {
        .range_start = 160, .range_length = 96, .glyph_id_start = 96,
        .unicode_list = NULL, .glyph_id_ofs_list = NULL, .list_length = 0, .type = LV_FONT_FMT_TXT_CMAP_FORMAT0_TINY
    },
    {
        .range_start = 8216, .range_length = 15, .glyph_id_start = 192,
        .unicode_list = unicode_list_2, .glyph_id_ofs_list = NULL, .list_length = 7, .type = LV_FONT_FMT_TXT_CMAP_SPARSE_TINY
    }
};



/*--------------------
 *  ALL CUSTOM DATA
 *--------------------*/

#if LVGL_VERSION_MAJOR == 8
/*Store all the custom data of the font*/
static  lv_font_fmt_txt_glyph_cache_t cache;
#endif

#if LVGL_VERSION_MAJOR >= 8
static const lv_font_fmt_txt_dsc_t font_dsc = {
#else
static lv_font_fmt_txt_dsc_t font_dsc = {
#endif
    .glyph_bitmap = glyph_bitmap,
    .glyph_dsc = glyph_dsc,
    .cmaps = cmaps,
    .kern_dsc = NULL,
    .kern_scale = 0,
    .cmap_num = 3,
    .bpp = 4,
    .kern_classes = 0,
    .bitmap_format = 0,
#if LVGL_VERSION_MAJOR == 8
    .cache = &cache
#endif
};



/*-----------------
 *  PUBLIC FONT
 *----------------*/

/*Initialize a public general font descriptor*/
#if LVGL_VERSION_MAJOR >= 8
const lv_font_t diskos_term_ui_20 = {
#else
lv_font_t diskos_term_ui_20 = {
#endif
    .get_glyph_dsc = lv_font_get_glyph_dsc_fmt_txt,    /*Function pointer to get glyph's data*/
    .get_glyph_bitmap = lv_font_get_bitmap_fmt_txt,    /*Function pointer to get glyph's bitmap*/
    .line_height = 25,          /*The maximum line height required by the font*/
    .base_line = 5,             /*Baseline measured from the bottom of the line*/
#if !(LVGL_VERSION_MAJOR == 6 && LVGL_VERSION_MINOR == 0)
    .subpx = LV_FONT_SUBPX_NONE,
#endif
#if LV_VERSION_CHECK(7, 4, 0) || LVGL_VERSION_MAJOR >= 8
    .underline_position = -3,
    .underline_thickness = 1,
#endif
    .dsc = &font_dsc,          /*The custom font data. Will be accessed by `get_glyph_bitmap/dsc` */
#if LV_VERSION_CHECK(8, 2, 0) || LVGL_VERSION_MAJOR >= 9
    .fallback = NULL,
#endif
    .user_data = NULL,
};



#endif /*#if DISKOS_TERM_UI_20*/

