/*******************************************************************************
 * Size: 22 px
 * Bpp: 4
 * Opts: --font fonts/nowplaying/Nunito-VF.ttf --size 22 --bpp 4 --format lvgl --range 0x20-0x7E,0xA0-0xFF,0x2018-0x201D,0x2026,0x2022 --no-compress --force-fast-kern-format --lv-font-name font_np_nunito_22 -o font_np_nunito_22.c
 ******************************************************************************/

#ifdef LV_LVGL_H_INCLUDE_SIMPLE
#include "lvgl.h"
#else
#include "lvgl/lvgl.h"
#endif

#ifndef FONT_NP_NUNITO_22
#define FONT_NP_NUNITO_22 1
#endif

#if FONT_NP_NUNITO_22

/*-----------------
 *    BITMAPS
 *----------------*/

/*Store the image of the glyphs*/
static LV_ATTRIBUTE_LARGE_CONST const uint8_t glyph_bitmap[] = {
    /* U+0020 " " */

    /* U+0021 "!" */
    0x6f, 0xc0, 0xdf, 0xf4, 0xcf, 0xf3, 0xbf, 0xf2,
    0x9f, 0xf1, 0x8f, 0xf0, 0x7f, 0xe0, 0x6f, 0xd0,
    0x4f, 0xc0, 0x3f, 0xa0, 0x1f, 0x80, 0x2, 0x0,
    0x3, 0x10, 0xaf, 0xf2, 0xef, 0xf5, 0x6f, 0xc1,

    /* U+0022 "\"" */
    0x6f, 0xb0, 0xc, 0xf4, 0xcf, 0xf1, 0x4f, 0xf9,
    0xaf, 0xf0, 0x2f, 0xf8, 0x9f, 0xe0, 0x1f, 0xf6,
    0x7f, 0xd0, 0xf, 0xf5, 0x5f, 0xb0, 0xd, 0xf3,
    0x1a, 0x40, 0x5, 0xa0,

    /* U+0023 "#" */
    0x0, 0x0, 0x2e, 0x60, 0x6, 0xf2, 0x0, 0x0,
    0x7, 0xf7, 0x0, 0xcf, 0x20, 0x0, 0x0, 0xaf,
    0x40, 0xf, 0xf0, 0x0, 0x0, 0xd, 0xf1, 0x2,
    0xfc, 0x0, 0x8, 0xff, 0xff, 0xff, 0xff, 0xff,
    0x30, 0x5c, 0xdf, 0xec, 0xce, 0xfd, 0xb2, 0x0,
    0x6, 0xf8, 0x0, 0xbf, 0x30, 0x0, 0x0, 0x9f,
    0x50, 0xe, 0xf0, 0x0, 0x0, 0xc, 0xf2, 0x1,
    0xfc, 0x0, 0x0, 0x0, 0xfe, 0x0, 0x5f, 0x90,
    0x0, 0xa, 0xcf, 0xfc, 0xcd, 0xfd, 0xc7, 0x1,
    0xef, 0xff, 0xff, 0xff, 0xff, 0xb0, 0x0, 0x9f,
    0x50, 0xe, 0xf0, 0x0, 0x0, 0xc, 0xf2, 0x1,
    0xfd, 0x0, 0x0, 0x0, 0xff, 0x0, 0x4f, 0xa0,
    0x0, 0x0, 0xe, 0xa0, 0x4, 0xf5, 0x0, 0x0,

    /* U+0024 "$" */
    0x0, 0x0, 0x0, 0x63, 0x0, 0x0, 0x0, 0x0,
    0x0, 0x4f, 0xe0, 0x0, 0x0, 0x0, 0x0, 0x4,
    0xfe, 0x0, 0x0, 0x0, 0x0, 0x4a, 0xef, 0xfe,
    0xa4, 0x0, 0x0, 0x8f, 0xff, 0xff, 0xff, 0xf9,
    0x0, 0x5f, 0xff, 0x95, 0x58, 0xdf, 0xe0, 0xc,
    0xff, 0x30, 0x0, 0x0, 0x43, 0x0, 0xef, 0xd0,
    0x0, 0x0, 0x0, 0x0, 0xd, 0xff, 0x10, 0x0,
    0x0, 0x0, 0x0, 0x9f, 0xfe, 0x84, 0x0, 0x0,
    0x0, 0x1, 0xdf, 0xff, 0xff, 0xd8, 0x10, 0x0,
    0x1, 0x8e, 0xff, 0xff, 0xff, 0x50, 0x0, 0x0,
    0x2, 0x69, 0xef, 0xff, 0x10, 0x0, 0x0, 0x0,
    0x0, 0xbf, 0xf6, 0x0, 0x0, 0x0, 0x0, 0x5,
    0xff, 0x70, 0x65, 0x0, 0x0, 0x0, 0x9f, 0xf4,
    0x1f, 0xfe, 0x96, 0x56, 0xbf, 0xfd, 0x0, 0xbf,
    0xff, 0xff, 0xff, 0xfe, 0x20, 0x0, 0x4a, 0xdf,
    0xff, 0xc7, 0x10, 0x0, 0x0, 0x0, 0x4f, 0xe0,
    0x0, 0x0, 0x0, 0x0, 0x4, 0xfe, 0x0, 0x0,
    0x0, 0x0, 0x0, 0x6, 0x30, 0x0, 0x0,

    /* U+0025 "%" */
    0x0, 0x3c, 0xff, 0xa1, 0x0, 0x0, 0x4, 0xe4,
    0x0, 0x0, 0x2, 0xff, 0xef, 0xfd, 0x0, 0x0,
    0xe, 0xf6, 0x0, 0x0, 0xa, 0xfb, 0x1, 0xef,
    0x60, 0x0, 0x8f, 0xd0, 0x0, 0x0, 0xe, 0xf5,
    0x0, 0x9f, 0xa0, 0x1, 0xff, 0x50, 0x0, 0x0,
    0xf, 0xf3, 0x0, 0x7f, 0xc0, 0xa, 0xfc, 0x0,
    0x0, 0x0, 0xf, 0xf3, 0x0, 0x7f, 0xc0, 0x3f,
    0xf3, 0x0, 0x0, 0x0, 0xe, 0xf6, 0x0, 0x9f,
    0xa0, 0xcf, 0x91, 0x9d, 0xc8, 0x0, 0x9, 0xfd,
    0x13, 0xff, 0x56, 0xff, 0x2e, 0xff, 0xff, 0xc0,
    0x1, 0xef, 0xff, 0xfc, 0x1e, 0xf7, 0x8f, 0xd1,
    0x2e, 0xf6, 0x0, 0x19, 0xdc, 0x80, 0x8f, 0xd0,
    0xdf, 0x60, 0x9, 0xfb, 0x0, 0x0, 0x0, 0x2,
    0xff, 0x40, 0xff, 0x40, 0x6, 0xfd, 0x0, 0x0,
    0x0, 0xa, 0xfb, 0x0, 0xff, 0x40, 0x6, 0xfd,
    0x0, 0x0, 0x0, 0x4f, 0xf2, 0x0, 0xdf, 0x60,
    0x8, 0xfb, 0x0, 0x0, 0x0, 0xdf, 0x90, 0x0,
    0x9f, 0xc0, 0x1e, 0xf7, 0x0, 0x0, 0x6, 0xfe,
    0x10, 0x0, 0x2f, 0xfe, 0xff, 0xd0, 0x0, 0x0,
    0xb, 0xf6, 0x0, 0x0, 0x3, 0xbf, 0xfa, 0x10,
    0x0, 0x0, 0x1, 0x50, 0x0, 0x0, 0x0, 0x0,
    0x0, 0x0,

    /* U+0026 "&" */
    0x0, 0x4, 0xbf, 0xfd, 0x70, 0x0, 0x0, 0x0,
    0x5, 0xff, 0xff, 0xff, 0x80, 0x0, 0x0, 0x0,
    0xef, 0xd1, 0x8, 0xff, 0x0, 0x0, 0x0, 0xf,
    0xf7, 0x0, 0x3f, 0xf1, 0x0, 0x0, 0x0, 0xff,
    0xa0, 0x7, 0xff, 0x0, 0x0, 0x0, 0xa, 0xff,
    0x47, 0xff, 0x70, 0x0, 0x0, 0x0, 0x1e, 0xff,
    0xff, 0xa0, 0x5, 0xa2, 0x0, 0x3, 0xdf, 0xff,
    0x80, 0x0, 0xef, 0x60, 0x5, 0xff, 0xff, 0xff,
    0x30, 0x1f, 0xf3, 0x2, 0xff, 0xd1, 0x3f, 0xfe,
    0x25, 0xff, 0x0, 0x8f, 0xf3, 0x0, 0x4f, 0xfe,
    0xcf, 0xb0, 0xb, 0xff, 0x0, 0x0, 0x4f, 0xff,
    0xf4, 0x0, 0xaf, 0xf3, 0x0, 0x0, 0x7f, 0xff,
    0x10, 0x5, 0xff, 0xe6, 0x34, 0x9f, 0xff, 0xfd,
    0x10, 0xa, 0xff, 0xff, 0xff, 0xfc, 0x6f, 0xfd,
    0x0, 0x5, 0xbe, 0xfe, 0xb5, 0x0, 0x5e, 0xd0,

    /* U+0027 "'" */
    0x6f, 0xb0, 0xcf, 0xf1, 0xaf, 0xf0, 0x9f, 0xe0,
    0x7f, 0xd0, 0x5f, 0xb0, 0x1a, 0x40,

    /* U+0028 "(" */
    0x0, 0x1a, 0x50, 0x9, 0xfc, 0x2, 0xff, 0x80,
    0x9f, 0xf2, 0xe, 0xfe, 0x3, 0xff, 0xa0, 0x7f,
    0xf7, 0x9, 0xff, 0x50, 0xbf, 0xf3, 0xc, 0xff,
    0x20, 0xcf, 0xf2, 0xb, 0xff, 0x20, 0xaf, 0xf4,
    0x8, 0xff, 0x60, 0x5f, 0xf9, 0x1, 0xff, 0xd0,
    0xb, 0xff, 0x10, 0x5f, 0xf6, 0x0, 0xdf, 0xb0,
    0x4, 0xfa, 0x0, 0x1, 0x0,

    /* U+0029 ")" */
    0x6, 0x90, 0x0, 0xe, 0xf7, 0x0, 0xa, 0xff,
    0x10, 0x5, 0xff, 0x70, 0x0, 0xff, 0xc0, 0x0,
    0xcf, 0xf1, 0x0, 0x9f, 0xf4, 0x0, 0x7f, 0xf7,
    0x0, 0x5f, 0xf9, 0x0, 0x4f, 0xfa, 0x0, 0x4f,
    0xfa, 0x0, 0x4f, 0xf9, 0x0, 0x6f, 0xf8, 0x0,
    0x8f, 0xf6, 0x0, 0xbf, 0xf2, 0x0, 0xef, 0xe0,
    0x2, 0xff, 0x90, 0x7, 0xff, 0x30, 0xd, 0xfb,
    0x0, 0xc, 0xf2, 0x0, 0x0, 0x10, 0x0,

    /* U+002A "*" */
    0x0, 0x5b, 0x0, 0xb5, 0x0, 0x0, 0x8f, 0x67,
    0xf8, 0x0, 0x0, 0xd, 0xee, 0xc0, 0x0, 0x3f,
    0xff, 0xff, 0xff, 0xf3, 0x19, 0xad, 0xff, 0xda,
    0x91, 0x0, 0x1e, 0xee, 0xe0, 0x0, 0x0, 0x8f,
    0x67, 0xf7, 0x0, 0x0, 0x6b, 0x0, 0xb5, 0x0,

    /* U+002B "+" */
    0x0, 0x0, 0x1, 0x0, 0x0, 0x0, 0x0, 0x0,
    0x4f, 0x80, 0x0, 0x0, 0x0, 0x0, 0x6f, 0x90,
    0x0, 0x0, 0x0, 0x0, 0x6f, 0x90, 0x0, 0x0,
    0x0, 0x0, 0x6f, 0x90, 0x0, 0x0, 0xbf, 0xff,
    0xff, 0xff, 0xff, 0xd0, 0xcf, 0xff, 0xff, 0xff,
    0xff, 0xe0, 0x0, 0x0, 0x6f, 0x90, 0x0, 0x0,
    0x0, 0x0, 0x6f, 0x90, 0x0, 0x0, 0x0, 0x0,
    0x6f, 0x90, 0x0, 0x0, 0x0, 0x0, 0x6f, 0x90,
    0x0, 0x0, 0x0, 0x0, 0x3f, 0x60, 0x0, 0x0,

    /* U+002C "," */
    0x3, 0x10, 0xaf, 0xf1, 0xef, 0xf5, 0x6f, 0xf5,
    0x9, 0xf1, 0x2f, 0x90, 0x29, 0x0,

    /* U+002D "-" */
    0x3, 0x33, 0x33, 0x10, 0x9f, 0xff, 0xff, 0xf2,
    0x7f, 0xff, 0xff, 0xe1,

    /* U+002E "." */
    0x3, 0x10, 0xaf, 0xf2, 0xef, 0xf5, 0x6f, 0xc1,

    /* U+002F "/" */
    0x0, 0x0, 0x0, 0xcd, 0x0, 0x0, 0x0, 0x4f,
    0xf0, 0x0, 0x0, 0x9, 0xfa, 0x0, 0x0, 0x0,
    0xef, 0x50, 0x0, 0x0, 0x3f, 0xf0, 0x0, 0x0,
    0x8, 0xfb, 0x0, 0x0, 0x0, 0xef, 0x60, 0x0,
    0x0, 0x3f, 0xf1, 0x0, 0x0, 0x8, 0xfb, 0x0,
    0x0, 0x0, 0xdf, 0x60, 0x0, 0x0, 0x2f, 0xf1,
    0x0, 0x0, 0x7, 0xfc, 0x0, 0x0, 0x0, 0xdf,
    0x70, 0x0, 0x0, 0x2f, 0xf2, 0x0, 0x0, 0x7,
    0xfc, 0x0, 0x0, 0x0, 0xcf, 0x70, 0x0, 0x0,
    0x1f, 0xf2, 0x0, 0x0, 0x1, 0xeb, 0x0, 0x0,
    0x0,

    /* U+0030 "0" */
    0x0, 0x2, 0x9e, 0xfe, 0xb3, 0x0, 0x0, 0x3,
    0xef, 0xff, 0xff, 0xf5, 0x0, 0x0, 0xdf, 0xf9,
    0x57, 0xff, 0xf2, 0x0, 0x5f, 0xf8, 0x0, 0x4,
    0xff, 0x90, 0xa, 0xff, 0x10, 0x0, 0xd, 0xfe,
    0x0, 0xdf, 0xd0, 0x0, 0x0, 0xaf, 0xf1, 0xf,
    0xfb, 0x0, 0x0, 0x8, 0xff, 0x30, 0xff, 0xa0,
    0x0, 0x0, 0x7f, 0xf3, 0xf, 0xfa, 0x0, 0x0,
    0x7, 0xff, 0x30, 0xff, 0xb0, 0x0, 0x0, 0x8f,
    0xf2, 0xd, 0xfd, 0x0, 0x0, 0xa, 0xff, 0x0,
    0xaf, 0xf1, 0x0, 0x0, 0xef, 0xd0, 0x5, 0xff,
    0x80, 0x0, 0x5f, 0xf8, 0x0, 0xd, 0xff, 0x95,
    0x7f, 0xff, 0x10, 0x0, 0x2e, 0xff, 0xff, 0xff,
    0x50, 0x0, 0x0, 0x19, 0xef, 0xea, 0x30, 0x0,

    /* U+0031 "1" */
    0x0, 0x1, 0xaf, 0x80, 0x0, 0x0, 0x7, 0xff,
    0xfb, 0x0, 0x0, 0x2d, 0xff, 0xff, 0xb0, 0x0,
    0xb, 0xff, 0xcf, 0xfb, 0x0, 0x0, 0x4b, 0x41,
    0xff, 0xb0, 0x0, 0x0, 0x0, 0x1f, 0xfb, 0x0,
    0x0, 0x0, 0x1, 0xff, 0xb0, 0x0, 0x0, 0x0,
    0x1f, 0xfb, 0x0, 0x0, 0x0, 0x1, 0xff, 0xb0,
    0x0, 0x0, 0x0, 0x1f, 0xfb, 0x0, 0x0, 0x0,
    0x1, 0xff, 0xb0, 0x0, 0x0, 0x0, 0x1f, 0xfb,
    0x0, 0x0, 0x0, 0x1, 0xff, 0xb0, 0x0, 0x1,
    0x55, 0x6f, 0xfd, 0x55, 0x30, 0xbf, 0xff, 0xff,
    0xff, 0xff, 0x18, 0xff, 0xff, 0xff, 0xff, 0xd0,

    /* U+0032 "2" */
    0x1, 0x8c, 0xff, 0xeb, 0x40, 0x0, 0x5f, 0xff,
    0xff, 0xff, 0xf7, 0x0, 0xbf, 0xe9, 0x66, 0xbf,
    0xff, 0x10, 0x27, 0x0, 0x0, 0xa, 0xff, 0x60,
    0x0, 0x0, 0x0, 0x5, 0xff, 0x70, 0x0, 0x0,
    0x0, 0x7, 0xff, 0x50, 0x0, 0x0, 0x0, 0xc,
    0xff, 0x10, 0x0, 0x0, 0x0, 0x7f, 0xf9, 0x0,
    0x0, 0x0, 0x5, 0xff, 0xe1, 0x0, 0x0, 0x0,
    0x4f, 0xff, 0x30, 0x0, 0x0, 0x3, 0xff, 0xf4,
    0x0, 0x0, 0x0, 0x2e, 0xff, 0x50, 0x0, 0x0,
    0x1, 0xef, 0xf5, 0x0, 0x0, 0x0, 0xd, 0xff,
    0xb5, 0x55, 0x55, 0x30, 0x5f, 0xff, 0xff, 0xff,
    0xff, 0xf2, 0x3e, 0xff, 0xff, 0xff, 0xff, 0xe1,

    /* U+0033 "3" */
    0x0, 0x18, 0xcf, 0xfe, 0xb4, 0x0, 0x5, 0xff,
    0xff, 0xff, 0xff, 0x80, 0xa, 0xfe, 0x96, 0x6a,
    0xff, 0xf2, 0x1, 0x60, 0x0, 0x0, 0x8f, 0xf6,
    0x0, 0x0, 0x0, 0x0, 0x4f, 0xf6, 0x0, 0x0,
    0x0, 0x0, 0x9f, 0xf2, 0x0, 0x0, 0x45, 0x6a,
    0xff, 0x90, 0x0, 0x4, 0xff, 0xff, 0xfa, 0x0,
    0x0, 0x2, 0xef, 0xff, 0xff, 0xa0, 0x0, 0x0,
    0x0, 0x2, 0xaf, 0xf7, 0x0, 0x0, 0x0, 0x0,
    0xe, 0xfc, 0x0, 0x0, 0x0, 0x0, 0xd, 0xfe,
    0x4, 0x50, 0x0, 0x0, 0x3f, 0xfc, 0xf, 0xfe,
    0x96, 0x68, 0xff, 0xf6, 0xa, 0xff, 0xff, 0xff,
    0xff, 0xa0, 0x0, 0x39, 0xdf, 0xfe, 0xb5, 0x0,

    /* U+0034 "4" */
    0x0, 0x0, 0x0, 0x1, 0xce, 0x30, 0x0, 0x0,
    0x0, 0x0, 0xbf, 0xf7, 0x0, 0x0, 0x0, 0x0,
    0x6f, 0xff, 0x80, 0x0, 0x0, 0x0, 0x2f, 0xff,
    0xf8, 0x0, 0x0, 0x0, 0xc, 0xff, 0xff, 0x80,
    0x0, 0x0, 0x6, 0xff, 0x7f, 0xf8, 0x0, 0x0,
    0x2, 0xff, 0x65, 0xff, 0x80, 0x0, 0x0, 0xcf,
    0xb0, 0x5f, 0xf8, 0x0, 0x0, 0x7f, 0xf1, 0x5,
    0xff, 0x80, 0x0, 0x2f, 0xf6, 0x0, 0x5f, 0xf8,
    0x0, 0xc, 0xfe, 0x55, 0x58, 0xff, 0xa5, 0x13,
    0xff, 0xff, 0xff, 0xff, 0xff, 0xfc, 0x1d, 0xff,
    0xff, 0xff, 0xff, 0xff, 0x90, 0x0, 0x0, 0x0,
    0x5f, 0xf8, 0x0, 0x0, 0x0, 0x0, 0x5, 0xff,
    0x70, 0x0, 0x0, 0x0, 0x0, 0x1e, 0xe3, 0x0,

    /* U+0035 "5" */
    0xd, 0xff, 0xff, 0xff, 0xff, 0x50, 0x1f, 0xff,
    0xff, 0xff, 0xff, 0x80, 0x1f, 0xfc, 0x55, 0x55,
    0x54, 0x0, 0x1f, 0xfa, 0x0, 0x0, 0x0, 0x0,
    0x1f, 0xfa, 0x0, 0x0, 0x0, 0x0, 0x1f, 0xfa,
    0x0, 0x0, 0x0, 0x0, 0x1f, 0xfb, 0x9e, 0xfe,
    0xa2, 0x0, 0x1f, 0xff, 0xff, 0xff, 0xfe, 0x30,
    0x1f, 0xff, 0x85, 0x6c, 0xff, 0xc0, 0xa, 0xb2,
    0x0, 0x0, 0xcf, 0xf2, 0x0, 0x0, 0x0, 0x0,
    0x6f, 0xf5, 0x0, 0x0, 0x0, 0x0, 0x6f, 0xf5,
    0x17, 0x30, 0x0, 0x0, 0xcf, 0xf2, 0x7f, 0xfc,
    0x76, 0x7d, 0xff, 0xb0, 0x2e, 0xff, 0xff, 0xff,
    0xfd, 0x10, 0x0, 0x6b, 0xef, 0xfc, 0x70, 0x0,

    /* U+0036 "6" */
    0x0, 0x3, 0xae, 0xff, 0xc7, 0x0, 0x0, 0x7f,
    0xff, 0xff, 0xff, 0xd0, 0x5, 0xff, 0xf9, 0x67,
    0xbf, 0xf1, 0xe, 0xfe, 0x20, 0x0, 0x2, 0x30,
    0x5f, 0xf6, 0x0, 0x0, 0x0, 0x0, 0x9f, 0xf1,
    0x1, 0x32, 0x0, 0x0, 0xcf, 0xe0, 0xaf, 0xff,
    0xd4, 0x0, 0xdf, 0xdb, 0xff, 0xff, 0xff, 0x40,
    0xdf, 0xff, 0x71, 0x7, 0xff, 0xd0, 0xcf, 0xfa,
    0x0, 0x0, 0x9f, 0xf2, 0xaf, 0xf6, 0x0, 0x0,
    0x5f, 0xf4, 0x7f, 0xf6, 0x0, 0x0, 0x6f, 0xf3,
    0x2f, 0xfc, 0x0, 0x0, 0xbf, 0xf0, 0x9, 0xff,
    0xb4, 0x4a, 0xff, 0x90, 0x0, 0xbf, 0xff, 0xff,
    0xfc, 0x10, 0x0, 0x6, 0xcf, 0xfd, 0x70, 0x0,

    /* U+0037 "7" */
    0xbf, 0xff, 0xff, 0xff, 0xff, 0xc0, 0xef, 0xff,
    0xff, 0xff, 0xff, 0xf1, 0x25, 0x55, 0x55, 0x58,
    0xff, 0xc0, 0x0, 0x0, 0x0, 0xb, 0xff, 0x50,
    0x0, 0x0, 0x0, 0x3f, 0xfc, 0x0, 0x0, 0x0,
    0x0, 0xbf, 0xf4, 0x0, 0x0, 0x0, 0x4, 0xff,
    0xc0, 0x0, 0x0, 0x0, 0xc, 0xff, 0x40, 0x0,
    0x0, 0x0, 0x4f, 0xfc, 0x0, 0x0, 0x0, 0x0,
    0xdf, 0xf3, 0x0, 0x0, 0x0, 0x5, 0xff, 0xb0,
    0x0, 0x0, 0x0, 0xd, 0xff, 0x30, 0x0, 0x0,
    0x0, 0x6f, 0xfb, 0x0, 0x0, 0x0, 0x0, 0xef,
    0xf3, 0x0, 0x0, 0x0, 0x5, 0xff, 0xa0, 0x0,
    0x0, 0x0, 0x3, 0xfd, 0x20, 0x0, 0x0, 0x0,

    /* U+0038 "8" */
    0x0, 0x6, 0xbe, 0xff, 0xc7, 0x0, 0x0, 0xb,
    0xff, 0xff, 0xff, 0xfd, 0x10, 0x6, 0xff, 0xd5,
    0x35, 0xbf, 0xfa, 0x0, 0xbf, 0xf1, 0x0, 0x0,
    0xdf, 0xe0, 0xb, 0xfd, 0x0, 0x0, 0xa, 0xff,
    0x0, 0x8f, 0xf1, 0x0, 0x0, 0xdf, 0xc0, 0x1,
    0xef, 0xd5, 0x34, 0xbf, 0xf4, 0x0, 0x2, 0xef,
    0xff, 0xff, 0xf5, 0x0, 0x0, 0xbf, 0xff, 0xff,
    0xff, 0xd2, 0x0, 0x9f, 0xf7, 0x10, 0x15, 0xef,
    0xd0, 0xf, 0xfa, 0x0, 0x0, 0x6, 0xff, 0x32,
    0xff, 0x70, 0x0, 0x0, 0x4f, 0xf5, 0x1f, 0xfb,
    0x0, 0x0, 0x8, 0xff, 0x40, 0xbf, 0xfa, 0x53,
    0x49, 0xff, 0xe0, 0x1, 0xdf, 0xff, 0xff, 0xff,
    0xf4, 0x0, 0x0, 0x7c, 0xef, 0xfd, 0x81, 0x0,

    /* U+0039 "9" */
    0x0, 0x5, 0xcf, 0xfd, 0x81, 0x0, 0x0, 0xa,
    0xff, 0xff, 0xff, 0xd2, 0x0, 0x6, 0xff, 0xc5,
    0x48, 0xff, 0xc0, 0x0, 0xdf, 0xe0, 0x0, 0x8,
    0xff, 0x50, 0xf, 0xf9, 0x0, 0x0, 0x3f, 0xfa,
    0x1, 0xff, 0x90, 0x0, 0x2, 0xff, 0xe0, 0xf,
    0xfd, 0x0, 0x0, 0x7f, 0xff, 0x0, 0xaf, 0xfa,
    0x10, 0x5f, 0xff, 0xf0, 0x1, 0xef, 0xff, 0xff,
    0xea, 0xff, 0x0, 0x2, 0xcf, 0xff, 0xc2, 0xbf,
    0xf0, 0x0, 0x0, 0x23, 0x20, 0xd, 0xfc, 0x0,
    0x0, 0x0, 0x0, 0x3, 0xff, 0x80, 0x2, 0x30,
    0x0, 0x0, 0xcf, 0xf2, 0x0, 0xef, 0xc7, 0x68,
    0xef, 0xf8, 0x0, 0xb, 0xff, 0xff, 0xff, 0xf9,
    0x0, 0x0, 0x5, 0xbe, 0xfe, 0xb4, 0x0, 0x0,

    /* U+003A ":" */
    0x7f, 0xd1, 0xef, 0xf5, 0xaf, 0xf2, 0x3, 0x10,
    0x0, 0x0, 0x0, 0x0, 0x0, 0x0, 0x3, 0x10,
    0xaf, 0xf2, 0xef, 0xf5, 0x6f, 0xc1,

    /* U+003B ";" */
    0x7f, 0xd1, 0xef, 0xf5, 0xaf, 0xf2, 0x3, 0x10,
    0x0, 0x0, 0x0, 0x0, 0x0, 0x0, 0x3, 0x10,
    0xaf, 0xf1, 0xef, 0xf5, 0x6f, 0xf5, 0x9, 0xf1,
    0x2f, 0x90, 0x29, 0x0,

    /* U+003C "<" */
    0x0, 0x0, 0x0, 0x0, 0x4, 0x80, 0x0, 0x0,
    0x0, 0x17, 0xdf, 0xf4, 0x0, 0x0, 0x29, 0xff,
    0xfd, 0x60, 0x0, 0x5c, 0xff, 0xfa, 0x30, 0x0,
    0x4e, 0xff, 0xe7, 0x10, 0x0, 0x0, 0xdf, 0xf6,
    0x0, 0x0, 0x0, 0x0, 0x9f, 0xfe, 0x82, 0x0,
    0x0, 0x0, 0x4, 0xaf, 0xff, 0xb4, 0x0, 0x0,
    0x0, 0x1, 0x8e, 0xff, 0xd7, 0x10, 0x0, 0x0,
    0x0, 0x5c, 0xff, 0xf2, 0x0, 0x0, 0x0, 0x0,
    0x3a, 0xd2,

    /* U+003D "=" */
    0xcf, 0xff, 0xff, 0xff, 0xff, 0xe0, 0xbf, 0xff,
    0xff, 0xff, 0xff, 0xd0, 0x0, 0x0, 0x0, 0x0,
    0x0, 0x0, 0x0, 0x0, 0x0, 0x0, 0x0, 0x0,
    0xbe, 0xee, 0xee, 0xee, 0xee, 0xd0, 0xcf, 0xff,
    0xff, 0xff, 0xff, 0xe0,

    /* U+003E ">" */
    0x7, 0x60, 0x0, 0x0, 0x0, 0x0, 0x0, 0xff,
    0xe8, 0x20, 0x0, 0x0, 0x0, 0x4, 0xbf, 0xff,
    0xb4, 0x0, 0x0, 0x0, 0x0, 0x28, 0xff, 0xfd,
    0x60, 0x0, 0x0, 0x0, 0x0, 0x6d, 0xff, 0xf7,
    0x0, 0x0, 0x0, 0x0, 0x4, 0xef, 0xf0, 0x0,
    0x0, 0x0, 0x17, 0xdf, 0xfc, 0x0, 0x0, 0x3,
    0xaf, 0xff, 0xc5, 0x0, 0x0, 0x5c, 0xff, 0xf9,
    0x30, 0x0, 0x0, 0xdf, 0xfd, 0x71, 0x0, 0x0,
    0x0, 0xc, 0xb4, 0x0, 0x0, 0x0, 0x0, 0x0,

    /* U+003F "?" */
    0x2, 0x8d, 0xff, 0xd8, 0x10, 0x6f, 0xff, 0xff,
    0xff, 0xd1, 0xdf, 0xe9, 0x67, 0xdf, 0xf8, 0x46,
    0x0, 0x0, 0x2f, 0xfb, 0x0, 0x0, 0x0, 0x1f,
    0xfa, 0x0, 0x0, 0x0, 0x8f, 0xf5, 0x0, 0x0,
    0x4, 0xff, 0xb0, 0x0, 0x0, 0x1f, 0xfb, 0x0,
    0x0, 0x0, 0x9f, 0xc0, 0x0, 0x0, 0x0, 0xef,
    0x20, 0x0, 0x0, 0x0, 0xed, 0x0, 0x0, 0x0,
    0x0, 0x32, 0x0, 0x0, 0x0, 0x0, 0x32, 0x0,
    0x0, 0x0, 0x8, 0xff, 0x30, 0x0, 0x0, 0xc,
    0xff, 0x70, 0x0, 0x0, 0x5, 0xfd, 0x20, 0x0,

    /* U+0040 "@" */
    0x0, 0x0, 0x1, 0x7b, 0xef, 0xfe, 0xb7, 0x10,
    0x0, 0x0, 0x0, 0x8, 0xff, 0xfd, 0xbb, 0xcf,
    0xff, 0x60, 0x0, 0x0, 0xc, 0xfe, 0x60, 0x0,
    0x0, 0x6, 0xef, 0x80, 0x0, 0xb, 0xfb, 0x10,
    0x0, 0x0, 0x0, 0x1, 0xcf, 0x50, 0x6, 0xfc,
    0x0, 0x0, 0x0, 0x0, 0x0, 0x1, 0xfe, 0x0,
    0xef, 0x20, 0x0, 0x8d, 0xfd, 0x57, 0xf3, 0x8,
    0xf5, 0x4f, 0xb0, 0x0, 0xcf, 0xfc, 0xdf, 0xef,
    0x40, 0x3f, 0x89, 0xf6, 0x0, 0x7f, 0xe3, 0x0,
    0x9f, 0xf1, 0x0, 0xfa, 0xbf, 0x30, 0xe, 0xf6,
    0x0, 0x4, 0xfe, 0x0, 0xf, 0xbc, 0xf2, 0x1,
    0xff, 0x10, 0x0, 0x4f, 0xb0, 0x1, 0xfa, 0xcf,
    0x20, 0x2f, 0xf0, 0x0, 0x7, 0xf8, 0x0, 0x4f,
    0x8b, 0xf3, 0x1, 0xff, 0x10, 0x0, 0xdf, 0x70,
    0x9, 0xf3, 0x8f, 0x60, 0xd, 0xfa, 0x1, 0xaf,
    0xfa, 0x5, 0xfc, 0x4, 0xfb, 0x0, 0x4f, 0xff,
    0xfe, 0x3e, 0xff, 0xfe, 0x20, 0xe, 0xf2, 0x0,
    0x28, 0xa7, 0x10, 0x18, 0xa7, 0x10, 0x0, 0x6f,
    0xc0, 0x0, 0x0, 0x0, 0x0, 0x0, 0x0, 0x0,
    0x0, 0xaf, 0xc1, 0x0, 0x0, 0x0, 0x0, 0x55,
    0x0, 0x0, 0x0, 0xaf, 0xf9, 0x41, 0x0, 0x26,
    0xcf, 0xb0, 0x0, 0x0, 0x0, 0x5d, 0xff, 0xff,
    0xff, 0xff, 0x91, 0x0, 0x0, 0x0, 0x0, 0x3,
    0x7a, 0xba, 0x95, 0x10, 0x0, 0x0,

    /* U+0041 "A" */
    0x0, 0x0, 0x0, 0x1d, 0xf5, 0x0, 0x0, 0x0,
    0x0, 0x0, 0x0, 0x8f, 0xfe, 0x0, 0x0, 0x0,
    0x0, 0x0, 0x0, 0xff, 0xff, 0x60, 0x0, 0x0,
    0x0, 0x0, 0x7, 0xff, 0xdf, 0xd0, 0x0, 0x0,
    0x0, 0x0, 0xe, 0xfa, 0x5f, 0xf4, 0x0, 0x0,
    0x0, 0x0, 0x5f, 0xf4, 0xe, 0xfb, 0x0, 0x0,
    0x0, 0x0, 0xcf, 0xd0, 0x7, 0xff, 0x30, 0x0,
    0x0, 0x3, 0xff, 0x60, 0x1, 0xff, 0xa0, 0x0,
    0x0, 0xb, 0xff, 0x0, 0x0, 0x9f, 0xf1, 0x0,
    0x0, 0x2f, 0xf9, 0x0, 0x0, 0x3f, 0xf8, 0x0,
    0x0, 0x9f, 0xff, 0xff, 0xff, 0xff, 0xfe, 0x0,
    0x1, 0xff, 0xff, 0xff, 0xff, 0xff, 0xff, 0x70,
    0x7, 0xff, 0x74, 0x44, 0x44, 0x44, 0xef, 0xd0,
    0xe, 0xfd, 0x0, 0x0, 0x0, 0x0, 0x7f, 0xf5,
    0x5f, 0xf7, 0x0, 0x0, 0x0, 0x0, 0x1f, 0xfb,
    0x3e, 0xc0, 0x0, 0x0, 0x0, 0x0, 0x7, 0xf9,

    /* U+0042 "B" */
    0x1d, 0xff, 0xff, 0xff, 0xeb, 0x50, 0x4, 0xff,
    0xff, 0xff, 0xff, 0xff, 0x90, 0x5f, 0xf7, 0x22,
    0x22, 0x6e, 0xff, 0x35, 0xff, 0x60, 0x0, 0x0,
    0x5f, 0xf8, 0x5f, 0xf6, 0x0, 0x0, 0x2, 0xff,
    0x95, 0xff, 0x60, 0x0, 0x0, 0x4f, 0xf6, 0x5f,
    0xf6, 0x0, 0x0, 0x4d, 0xfe, 0x5, 0xff, 0xff,
    0xff, 0xff, 0xfc, 0x20, 0x5f, 0xff, 0xff, 0xff,
    0xff, 0xf7, 0x5, 0xff, 0x72, 0x22, 0x24, 0xbf,
    0xf6, 0x5f, 0xf6, 0x0, 0x0, 0x0, 0xef, 0xd5,
    0xff, 0x60, 0x0, 0x0, 0xc, 0xff, 0x5f, 0xf6,
    0x0, 0x0, 0x0, 0xef, 0xe5, 0xff, 0x72, 0x22,
    0x24, 0xbf, 0xf9, 0x4f, 0xff, 0xff, 0xff, 0xff,
    0xfd, 0x11, 0xdf, 0xff, 0xff, 0xff, 0xd8, 0x0,

    /* U+0043 "C" */
    0x0, 0x0, 0x5b, 0xef, 0xfd, 0xa4, 0x0, 0x0,
    0x2d, 0xff, 0xff, 0xff, 0xff, 0xa0, 0x1, 0xef,
    0xff, 0xb8, 0x8b, 0xff, 0xf0, 0xb, 0xff, 0xc1,
    0x0, 0x0, 0x18, 0x50, 0x3f, 0xfe, 0x10, 0x0,
    0x0, 0x0, 0x0, 0x8f, 0xf8, 0x0, 0x0, 0x0,
    0x0, 0x0, 0xbf, 0xf4, 0x0, 0x0, 0x0, 0x0,
    0x0, 0xcf, 0xf3, 0x0, 0x0, 0x0, 0x0, 0x0,
    0xcf, 0xf3, 0x0, 0x0, 0x0, 0x0, 0x0, 0xbf,
    0xf5, 0x0, 0x0, 0x0, 0x0, 0x0, 0x8f, 0xf9,
    0x0, 0x0, 0x0, 0x0, 0x0, 0x3f, 0xff, 0x10,
    0x0, 0x0, 0x0, 0x0, 0xb, 0xff, 0xc1, 0x0,
    0x0, 0x17, 0x60, 0x2, 0xef, 0xff, 0xb8, 0x8b,
    0xff, 0xf0, 0x0, 0x2d, 0xff, 0xff, 0xff, 0xff,
    0x90, 0x0, 0x0, 0x5b, 0xef, 0xfd, 0x93, 0x0,

    /* U+0044 "D" */
    0x1d, 0xff, 0xff, 0xff, 0xd9, 0x30, 0x0, 0x4,
    0xff, 0xff, 0xff, 0xff, 0xff, 0xb1, 0x0, 0x5f,
    0xfa, 0x55, 0x56, 0xaf, 0xff, 0xc0, 0x5, 0xff,
    0x80, 0x0, 0x0, 0x2d, 0xff, 0x80, 0x5f, 0xf8,
    0x0, 0x0, 0x0, 0x2f, 0xff, 0x5, 0xff, 0x80,
    0x0, 0x0, 0x0, 0xbf, 0xf5, 0x5f, 0xf8, 0x0,
    0x0, 0x0, 0x7, 0xff, 0x85, 0xff, 0x80, 0x0,
    0x0, 0x0, 0x5f, 0xf9, 0x5f, 0xf8, 0x0, 0x0,
    0x0, 0x5, 0xff, 0x95, 0xff, 0x80, 0x0, 0x0,
    0x0, 0x7f, 0xf7, 0x5f, 0xf8, 0x0, 0x0, 0x0,
    0xb, 0xff, 0x55, 0xff, 0x80, 0x0, 0x0, 0x2,
    0xff, 0xf0, 0x5f, 0xf8, 0x0, 0x0, 0x2, 0xdf,
    0xf8, 0x5, 0xff, 0xa5, 0x55, 0x6a, 0xff, 0xfc,
    0x0, 0x4f, 0xff, 0xff, 0xff, 0xff, 0xfa, 0x10,
    0x1, 0xdf, 0xff, 0xff, 0xfd, 0x93, 0x0, 0x0,

    /* U+0045 "E" */
    0x1d, 0xff, 0xff, 0xff, 0xff, 0xe1, 0x4f, 0xff,
    0xff, 0xff, 0xff, 0xf1, 0x5f, 0xf8, 0x44, 0x44,
    0x44, 0x20, 0x5f, 0xf6, 0x0, 0x0, 0x0, 0x0,
    0x5f, 0xf6, 0x0, 0x0, 0x0, 0x0, 0x5f, 0xf6,
    0x0, 0x0, 0x0, 0x0, 0x5f, 0xf6, 0x0, 0x0,
    0x0, 0x0, 0x5f, 0xff, 0xff, 0xff, 0xff, 0x70,
    0x5f, 0xff, 0xff, 0xff, 0xff, 0x90, 0x5f, 0xf8,
    0x44, 0x44, 0x43, 0x0, 0x5f, 0xf6, 0x0, 0x0,
    0x0, 0x0, 0x5f, 0xf6, 0x0, 0x0, 0x0, 0x0,
    0x5f, 0xf6, 0x0, 0x0, 0x0, 0x0, 0x5f, 0xf8,
    0x44, 0x44, 0x44, 0x20, 0x4f, 0xff, 0xff, 0xff,
    0xff, 0xf1, 0x1d, 0xff, 0xff, 0xff, 0xff, 0xe1,

    /* U+0046 "F" */
    0x1d, 0xff, 0xff, 0xff, 0xff, 0xc0, 0x4f, 0xff,
    0xff, 0xff, 0xff, 0xe0, 0x5f, 0xfa, 0x44, 0x44,
    0x44, 0x10, 0x5f, 0xf8, 0x0, 0x0, 0x0, 0x0,
    0x5f, 0xf8, 0x0, 0x0, 0x0, 0x0, 0x5f, 0xf8,
    0x0, 0x0, 0x0, 0x0, 0x5f, 0xf8, 0x0, 0x0,
    0x0, 0x0, 0x5f, 0xff, 0xff, 0xff, 0xff, 0x50,
    0x5f, 0xff, 0xff, 0xff, 0xff, 0x70, 0x5f, 0xfa,
    0x44, 0x44, 0x43, 0x0, 0x5f, 0xf8, 0x0, 0x0,
    0x0, 0x0, 0x5f, 0xf8, 0x0, 0x0, 0x0, 0x0,
    0x5f, 0xf8, 0x0, 0x0, 0x0, 0x0, 0x5f, 0xf8,
    0x0, 0x0, 0x0, 0x0, 0x4f, 0xf8, 0x0, 0x0,
    0x0, 0x0, 0x1d, 0xf3, 0x0, 0x0, 0x0, 0x0,

    /* U+0047 "G" */
    0x0, 0x0, 0x4a, 0xdf, 0xfe, 0xb6, 0x0, 0x0,
    0x2c, 0xff, 0xff, 0xff, 0xff, 0xe3, 0x1, 0xef,
    0xff, 0xa8, 0x79, 0xdf, 0xf7, 0xb, 0xff, 0xc1,
    0x0, 0x0, 0x4, 0x81, 0x3f, 0xfe, 0x10, 0x0,
    0x0, 0x0, 0x0, 0x8f, 0xf8, 0x0, 0x0, 0x0,
    0x0, 0x0, 0xbf, 0xf4, 0x0, 0x0, 0x0, 0x0,
    0x0, 0xcf, 0xf2, 0x0, 0x2, 0xef, 0xff, 0xf6,
    0xcf, 0xf2, 0x0, 0x2, 0xff, 0xff, 0xfa, 0xbf,
    0xf4, 0x0, 0x0, 0x1, 0x1b, 0xfa, 0x8f, 0xf8,
    0x0, 0x0, 0x0, 0xb, 0xfa, 0x3f, 0xfe, 0x0,
    0x0, 0x0, 0xb, 0xfa, 0xb, 0xff, 0xc1, 0x0,
    0x0, 0xb, 0xfa, 0x2, 0xef, 0xff, 0xa7, 0x68,
    0xbf, 0xf9, 0x0, 0x2d, 0xff, 0xff, 0xff, 0xff,
    0xf7, 0x0, 0x0, 0x5a, 0xef, 0xfe, 0xc9, 0x40,

    /* U+0048 "H" */
    0x1d, 0xe3, 0x0, 0x0, 0x0, 0x3, 0xed, 0x14,
    0xff, 0x80, 0x0, 0x0, 0x0, 0x7f, 0xf4, 0x5f,
    0xf8, 0x0, 0x0, 0x0, 0x8, 0xff, 0x55, 0xff,
    0x80, 0x0, 0x0, 0x0, 0x8f, 0xf5, 0x5f, 0xf8,
    0x0, 0x0, 0x0, 0x8, 0xff, 0x55, 0xff, 0x80,
    0x0, 0x0, 0x0, 0x8f, 0xf5, 0x5f, 0xfb, 0x55,
    0x55, 0x55, 0x5a, 0xff, 0x55, 0xff, 0xff, 0xff,
    0xff, 0xff, 0xff, 0xf5, 0x5f, 0xff, 0xff, 0xff,
    0xff, 0xff, 0xff, 0x55, 0xff, 0x80, 0x0, 0x0,
    0x0, 0x8f, 0xf5, 0x5f, 0xf8, 0x0, 0x0, 0x0,
    0x8, 0xff, 0x55, 0xff, 0x80, 0x0, 0x0, 0x0,
    0x8f, 0xf5, 0x5f, 0xf8, 0x0, 0x0, 0x0, 0x8,
    0xff, 0x55, 0xff, 0x80, 0x0, 0x0, 0x0, 0x8f,
    0xf5, 0x4f, 0xf8, 0x0, 0x0, 0x0, 0x7, 0xff,
    0x41, 0xde, 0x30, 0x0, 0x0, 0x0, 0x3e, 0xd1,

    /* U+0049 "I" */
    0x1d, 0xe3, 0x4f, 0xf8, 0x5f, 0xf8, 0x5f, 0xf8,
    0x5f, 0xf8, 0x5f, 0xf8, 0x5f, 0xf8, 0x5f, 0xf8,
    0x5f, 0xf8, 0x5f, 0xf8, 0x5f, 0xf8, 0x5f, 0xf8,
    0x5f, 0xf8, 0x5f, 0xf8, 0x4f, 0xf8, 0x1d, 0xe3,

    /* U+004A "J" */
    0x0, 0x0, 0x6f, 0xc0, 0x0, 0x0, 0xbf, 0xf1,
    0x0, 0x0, 0xbf, 0xf1, 0x0, 0x0, 0xbf, 0xf1,
    0x0, 0x0, 0xbf, 0xf1, 0x0, 0x0, 0xbf, 0xf1,
    0x0, 0x0, 0xbf, 0xf1, 0x0, 0x0, 0xbf, 0xf1,
    0x0, 0x0, 0xbf, 0xf1, 0x0, 0x0, 0xbf, 0xf1,
    0x0, 0x0, 0xbf, 0xf1, 0x0, 0x0, 0xbf, 0xf1,
    0x0, 0x0, 0xdf, 0xf0, 0x4, 0x5a, 0xff, 0xc0,
    0x3f, 0xff, 0xff, 0x30, 0x1e, 0xff, 0xb3, 0x0,

    /* U+004B "K" */
    0x1d, 0xe3, 0x0, 0x0, 0x1, 0xcf, 0x54, 0xff,
    0x80, 0x0, 0x1, 0xdf, 0xf5, 0x5f, 0xf8, 0x0,
    0x1, 0xdf, 0xf7, 0x5, 0xff, 0x80, 0x1, 0xdf,
    0xf7, 0x0, 0x5f, 0xf8, 0x1, 0xcf, 0xf7, 0x0,
    0x5, 0xff, 0x81, 0xcf, 0xf7, 0x0, 0x0, 0x5f,
    0xf9, 0xcf, 0xf7, 0x0, 0x0, 0x5, 0xff, 0xff,
    0xf9, 0x0, 0x0, 0x0, 0x5f, 0xfe, 0xff, 0xe2,
    0x0, 0x0, 0x5, 0xff, 0x88, 0xff, 0xe2, 0x0,
    0x0, 0x5f, 0xf8, 0x8, 0xff, 0xe2, 0x0, 0x5,
    0xff, 0x80, 0x9, 0xff, 0xe1, 0x0, 0x5f, 0xf8,
    0x0, 0x9, 0xff, 0xd1, 0x5, 0xff, 0x80, 0x0,
    0x9, 0xff, 0xd1, 0x4f, 0xf8, 0x0, 0x0, 0x9,
    0xff, 0xb1, 0xde, 0x30, 0x0, 0x0, 0x8, 0xf9,

    /* U+004C "L" */
    0x1d, 0xe3, 0x0, 0x0, 0x0, 0x0, 0x4f, 0xf8,
    0x0, 0x0, 0x0, 0x0, 0x5f, 0xf8, 0x0, 0x0,
    0x0, 0x0, 0x5f, 0xf8, 0x0, 0x0, 0x0, 0x0,
    0x5f, 0xf8, 0x0, 0x0, 0x0, 0x0, 0x5f, 0xf8,
    0x0, 0x0, 0x0, 0x0, 0x5f, 0xf8, 0x0, 0x0,
    0x0, 0x0, 0x5f, 0xf8, 0x0, 0x0, 0x0, 0x0,
    0x5f, 0xf8, 0x0, 0x0, 0x0, 0x0, 0x5f, 0xf8,
    0x0, 0x0, 0x0, 0x0, 0x5f, 0xf8, 0x0, 0x0,
    0x0, 0x0, 0x5f, 0xf8, 0x0, 0x0, 0x0, 0x0,
    0x5f, 0xf8, 0x0, 0x0, 0x0, 0x0, 0x5f, 0xfb,
    0x66, 0x66, 0x66, 0x30, 0x4f, 0xff, 0xff, 0xff,
    0xff, 0xf1, 0x1d, 0xff, 0xff, 0xff, 0xff, 0xd0,

    /* U+004D "M" */
    0x1d, 0xe3, 0x0, 0x0, 0x0, 0x0, 0x1, 0xde,
    0x24, 0xff, 0xc0, 0x0, 0x0, 0x0, 0x0, 0xaf,
    0xf5, 0x4f, 0xff, 0x50, 0x0, 0x0, 0x0, 0x2f,
    0xff, 0x64, 0xff, 0xfd, 0x0, 0x0, 0x0, 0xb,
    0xff, 0xf6, 0x4f, 0xff, 0xf6, 0x0, 0x0, 0x3,
    0xff, 0xff, 0x64, 0xff, 0xef, 0xe0, 0x0, 0x0,
    0xcf, 0xdf, 0xf6, 0x4f, 0xf6, 0xff, 0x70, 0x0,
    0x4f, 0xf5, 0xff, 0x64, 0xff, 0x48, 0xff, 0x10,
    0xd, 0xfa, 0x2f, 0xf6, 0x4f, 0xf4, 0x1e, 0xf8,
    0x6, 0xff, 0x12, 0xff, 0x64, 0xff, 0x40, 0x7f,
    0xf2, 0xef, 0x80, 0x2f, 0xf6, 0x4f, 0xf4, 0x0,
    0xdf, 0xef, 0xe1, 0x2, 0xff, 0x64, 0xff, 0x40,
    0x5, 0xff, 0xf7, 0x0, 0x2f, 0xf6, 0x4f, 0xf4,
    0x0, 0xc, 0xfe, 0x0, 0x2, 0xff, 0x64, 0xff,
    0x40, 0x0, 0x29, 0x30, 0x0, 0x2f, 0xf6, 0x4f,
    0xf4, 0x0, 0x0, 0x0, 0x0, 0x2, 0xff, 0x51,
    0xde, 0x10, 0x0, 0x0, 0x0, 0x0, 0xd, 0xe2,

    /* U+004E "N" */
    0x1e, 0xd1, 0x0, 0x0, 0x0, 0x8, 0xf7, 0x4f,
    0xfc, 0x0, 0x0, 0x0, 0xd, 0xfc, 0x5f, 0xff,
    0x90, 0x0, 0x0, 0xd, 0xfc, 0x5f, 0xff, 0xf5,
    0x0, 0x0, 0xd, 0xfc, 0x5f, 0xff, 0xff, 0x20,
    0x0, 0xd, 0xfc, 0x5f, 0xf8, 0xff, 0xd0, 0x0,
    0xd, 0xfc, 0x5f, 0xf5, 0x6f, 0xfa, 0x0, 0xd,
    0xfc, 0x5f, 0xf5, 0xa, 0xff, 0x60, 0xd, 0xfc,
    0x5f, 0xf5, 0x0, 0xdf, 0xf3, 0xd, 0xfc, 0x5f,
    0xf5, 0x0, 0x2f, 0xfd, 0xd, 0xfc, 0x5f, 0xf5,
    0x0, 0x6, 0xff, 0xad, 0xfc, 0x5f, 0xf5, 0x0,
    0x0, 0xaf, 0xff, 0xfc, 0x5f, 0xf5, 0x0, 0x0,
    0xd, 0xff, 0xfc, 0x5f, 0xf5, 0x0, 0x0, 0x2,
    0xff, 0xfc, 0x4f, 0xf4, 0x0, 0x0, 0x0, 0x5f,
    0xfc, 0x1e, 0xe1, 0x0, 0x0, 0x0, 0x8, 0xf7,

    /* U+004F "O" */
    0x0, 0x0, 0x6b, 0xef, 0xfc, 0x81, 0x0, 0x0,
    0x0, 0x2d, 0xff, 0xff, 0xff, 0xff, 0x50, 0x0,
    0x2, 0xef, 0xfe, 0x97, 0x7c, 0xff, 0xf5, 0x0,
    0xb, 0xff, 0xb0, 0x0, 0x0, 0x6f, 0xff, 0x10,
    0x3f, 0xfe, 0x0, 0x0, 0x0, 0xa, 0xff, 0x80,
    0x8f, 0xf8, 0x0, 0x0, 0x0, 0x3, 0xff, 0xd0,
    0xbf, 0xf4, 0x0, 0x0, 0x0, 0x0, 0xff, 0xf0,
    0xcf, 0xf2, 0x0, 0x0, 0x0, 0x0, 0xdf, 0xf1,
    0xcf, 0xf2, 0x0, 0x0, 0x0, 0x0, 0xdf, 0xf1,
    0xbf, 0xf4, 0x0, 0x0, 0x0, 0x0, 0xff, 0xf0,
    0x8f, 0xf8, 0x0, 0x0, 0x0, 0x3, 0xff, 0xc0,
    0x3f, 0xfe, 0x0, 0x0, 0x0, 0xa, 0xff, 0x70,
    0xb, 0xff, 0xb0, 0x0, 0x0, 0x7f, 0xff, 0x10,
    0x1, 0xef, 0xfe, 0x87, 0x8c, 0xff, 0xf5, 0x0,
    0x0, 0x2d, 0xff, 0xff, 0xff, 0xff, 0x50, 0x0,
    0x0, 0x0, 0x6b, 0xef, 0xfc, 0x81, 0x0, 0x0,

    /* U+0050 "P" */
    0x1d, 0xff, 0xff, 0xff, 0xeb, 0x40, 0x4, 0xff,
    0xff, 0xff, 0xff, 0xff, 0x80, 0x5f, 0xf9, 0x33,
    0x34, 0x7f, 0xff, 0x35, 0xff, 0x80, 0x0, 0x0,
    0x5f, 0xf9, 0x5f, 0xf8, 0x0, 0x0, 0x0, 0xff,
    0xb5, 0xff, 0x80, 0x0, 0x0, 0xf, 0xfb, 0x5f,
    0xf8, 0x0, 0x0, 0x5, 0xff, 0x95, 0xff, 0xa3,
    0x33, 0x48, 0xff, 0xf3, 0x5f, 0xff, 0xff, 0xff,
    0xff, 0xf8, 0x5, 0xff, 0xff, 0xff, 0xfe, 0xb4,
    0x0, 0x5f, 0xf8, 0x0, 0x0, 0x0, 0x0, 0x5,
    0xff, 0x80, 0x0, 0x0, 0x0, 0x0, 0x5f, 0xf8,
    0x0, 0x0, 0x0, 0x0, 0x5, 0xff, 0x80, 0x0,
    0x0, 0x0, 0x0, 0x4f, 0xf8, 0x0, 0x0, 0x0,
    0x0, 0x1, 0xde, 0x30, 0x0, 0x0, 0x0, 0x0,

    /* U+0051 "Q" */
    0x0, 0x0, 0x6b, 0xef, 0xfc, 0x81, 0x0, 0x0,
    0x0, 0x2d, 0xff, 0xff, 0xff, 0xff, 0x50, 0x0,
    0x2, 0xef, 0xfe, 0x97, 0x7c, 0xff, 0xf5, 0x0,
    0xb, 0xff, 0xb0, 0x0, 0x0, 0x6f, 0xff, 0x10,
    0x3f, 0xfe, 0x0, 0x0, 0x0, 0xa, 0xff, 0x80,
    0x8f, 0xf8, 0x0, 0x0, 0x0, 0x3, 0xff, 0xd0,
    0xbf, 0xf4, 0x0, 0x0, 0x0, 0x0, 0xff, 0xf0,
    0xcf, 0xf2, 0x0, 0x0, 0x0, 0x0, 0xdf, 0xf1,
    0xcf, 0xf2, 0x0, 0x0, 0x0, 0x0, 0xdf, 0xf1,
    0xbf, 0xf4, 0x0, 0x0, 0x0, 0x0, 0xff, 0xf0,
    0x8f, 0xf8, 0x0, 0x0, 0x0, 0x3, 0xff, 0xc0,
    0x3f, 0xfe, 0x0, 0x0, 0x0, 0xa, 0xff, 0x70,
    0xb, 0xff, 0xb0, 0x0, 0x0, 0x7f, 0xff, 0x10,
    0x1, 0xef, 0xfe, 0x87, 0x8c, 0xff, 0xf5, 0x0,
    0x0, 0x2d, 0xff, 0xff, 0xff, 0xff, 0x50, 0x0,
    0x0, 0x0, 0x6b, 0xef, 0xff, 0xf8, 0x0, 0x0,
    0x0, 0x0, 0x0, 0x0, 0x2b, 0xff, 0x70, 0x0,
    0x0, 0x0, 0x0, 0x0, 0x1, 0xef, 0xf2, 0x0,
    0x0, 0x0, 0x0, 0x0, 0x0, 0x5f, 0xfb, 0x0,
    0x0, 0x0, 0x0, 0x0, 0x0, 0xb, 0xfa, 0x0,
    0x0, 0x0, 0x0, 0x0, 0x0, 0x0, 0x20, 0x0,

    /* U+0052 "R" */
    0x1d, 0xff, 0xff, 0xff, 0xeb, 0x50, 0x0, 0x4f,
    0xff, 0xff, 0xff, 0xff, 0xf8, 0x0, 0x5f, 0xf9,
    0x33, 0x34, 0x7f, 0xff, 0x40, 0x5f, 0xf8, 0x0,
    0x0, 0x5, 0xff, 0x90, 0x5f, 0xf8, 0x0, 0x0,
    0x0, 0xff, 0xb0, 0x5f, 0xf8, 0x0, 0x0, 0x0,
    0xff, 0xb0, 0x5f, 0xf8, 0x0, 0x0, 0x6, 0xff,
    0x80, 0x5f, 0xfb, 0x66, 0x66, 0xaf, 0xff, 0x10,
    0x5f, 0xff, 0xff, 0xff, 0xff, 0xe4, 0x0, 0x5f,
    0xfd, 0xaa, 0xcf, 0xfc, 0x10, 0x0, 0x5f, 0xf8,
    0x0, 0x6, 0xff, 0xa0, 0x0, 0x5f, 0xf8, 0x0,
    0x0, 0xcf, 0xf4, 0x0, 0x5f, 0xf8, 0x0, 0x0,
    0x3f, 0xfd, 0x0, 0x5f, 0xf8, 0x0, 0x0, 0xa,
    0xff, 0x60, 0x4f, 0xf8, 0x0, 0x0, 0x2, 0xff,
    0xe0, 0x1d, 0xe3, 0x0, 0x0, 0x0, 0x7f, 0xc0,

    /* U+0053 "S" */
    0x0, 0x17, 0xcf, 0xfe, 0xc7, 0x10, 0x0, 0x3e,
    0xff, 0xff, 0xff, 0xfe, 0x30, 0x1e, 0xff, 0xb7,
    0x67, 0xbf, 0xf8, 0x7, 0xff, 0x80, 0x0, 0x0,
    0x16, 0x10, 0xaf, 0xf2, 0x0, 0x0, 0x0, 0x0,
    0xa, 0xff, 0x50, 0x0, 0x0, 0x0, 0x0, 0x5f,
    0xff, 0x94, 0x10, 0x0, 0x0, 0x0, 0xbf, 0xff,
    0xff, 0xd9, 0x40, 0x0, 0x0, 0x6c, 0xff, 0xff,
    0xff, 0xc1, 0x0, 0x0, 0x1, 0x48, 0xbf, 0xff,
    0xb0, 0x0, 0x0, 0x0, 0x0, 0x2e, 0xff, 0x10,
    0x0, 0x0, 0x0, 0x0, 0xaf, 0xf2, 0x69, 0x10,
    0x0, 0x0, 0x1e, 0xff, 0xe, 0xff, 0xb8, 0x66,
    0x8e, 0xff, 0x90, 0x6f, 0xff, 0xff, 0xff, 0xff,
    0xb0, 0x0, 0x17, 0xbe, 0xff, 0xea, 0x40, 0x0,

    /* U+0054 "T" */
    0xc, 0xff, 0xff, 0xff, 0xff, 0xff, 0xff, 0x80,
    0xff, 0xff, 0xff, 0xff, 0xff, 0xff, 0xfa, 0x2,
    0x55, 0x55, 0xbf, 0xf8, 0x55, 0x55, 0x10, 0x0,
    0x0, 0x9, 0xff, 0x40, 0x0, 0x0, 0x0, 0x0,
    0x0, 0x9f, 0xf4, 0x0, 0x0, 0x0, 0x0, 0x0,
    0x9, 0xff, 0x40, 0x0, 0x0, 0x0, 0x0, 0x0,
    0x9f, 0xf4, 0x0, 0x0, 0x0, 0x0, 0x0, 0x9,
    0xff, 0x40, 0x0, 0x0, 0x0, 0x0, 0x0, 0x9f,
    0xf4, 0x0, 0x0, 0x0, 0x0, 0x0, 0x9, 0xff,
    0x40, 0x0, 0x0, 0x0, 0x0, 0x0, 0x9f, 0xf4,
    0x0, 0x0, 0x0, 0x0, 0x0, 0x9, 0xff, 0x40,
    0x0, 0x0, 0x0, 0x0, 0x0, 0x9f, 0xf4, 0x0,
    0x0, 0x0, 0x0, 0x0, 0x9, 0xff, 0x40, 0x0,
    0x0, 0x0, 0x0, 0x0, 0x8f, 0xf3, 0x0, 0x0,
    0x0, 0x0, 0x0, 0x4, 0xfd, 0x0, 0x0, 0x0,

    /* U+0055 "U" */
    0x2e, 0xe2, 0x0, 0x0, 0x0, 0xc, 0xf5, 0x6f,
    0xf6, 0x0, 0x0, 0x0, 0x2f, 0xfa, 0x6f, 0xf6,
    0x0, 0x0, 0x0, 0x2f, 0xfa, 0x6f, 0xf6, 0x0,
    0x0, 0x0, 0x2f, 0xfa, 0x6f, 0xf6, 0x0, 0x0,
    0x0, 0x2f, 0xfa, 0x6f, 0xf6, 0x0, 0x0, 0x0,
    0x2f, 0xfa, 0x6f, 0xf6, 0x0, 0x0, 0x0, 0x2f,
    0xfa, 0x6f, 0xf6, 0x0, 0x0, 0x0, 0x2f, 0xfa,
    0x6f, 0xf6, 0x0, 0x0, 0x0, 0x2f, 0xfa, 0x6f,
    0xf6, 0x0, 0x0, 0x0, 0x2f, 0xfa, 0x5f, 0xf7,
    0x0, 0x0, 0x0, 0x3f, 0xf9, 0x3f, 0xfc, 0x0,
    0x0, 0x0, 0x7f, 0xf6, 0xe, 0xff, 0x60, 0x0,
    0x2, 0xff, 0xf2, 0x6, 0xff, 0xfb, 0x77, 0x9f,
    0xff, 0xa0, 0x0, 0x8f, 0xff, 0xff, 0xff, 0xfb,
    0x0, 0x0, 0x3, 0xad, 0xff, 0xeb, 0x50, 0x0,

    /* U+0056 "V" */
    0x5f, 0xb0, 0x0, 0x0, 0x0, 0x0, 0x1d, 0xe2,
    0x9f, 0xf5, 0x0, 0x0, 0x0, 0x0, 0x8f, 0xf4,
    0x3f, 0xfc, 0x0, 0x0, 0x0, 0x0, 0xef, 0xe0,
    0xc, 0xff, 0x30, 0x0, 0x0, 0x6, 0xff, 0x70,
    0x5, 0xff, 0x90, 0x0, 0x0, 0xd, 0xff, 0x10,
    0x0, 0xef, 0xf1, 0x0, 0x0, 0x4f, 0xf9, 0x0,
    0x0, 0x7f, 0xf7, 0x0, 0x0, 0xaf, 0xf2, 0x0,
    0x0, 0x1f, 0xfe, 0x0, 0x1, 0xff, 0xb0, 0x0,
    0x0, 0x9, 0xff, 0x50, 0x8, 0xff, 0x40, 0x0,
    0x0, 0x2, 0xff, 0xc0, 0xe, 0xfd, 0x0, 0x0,
    0x0, 0x0, 0xbf, 0xf2, 0x6f, 0xf6, 0x0, 0x0,
    0x0, 0x0, 0x4f, 0xf9, 0xcf, 0xe0, 0x0, 0x0,
    0x0, 0x0, 0xc, 0xff, 0xff, 0x70, 0x0, 0x0,
    0x0, 0x0, 0x5, 0xff, 0xff, 0x10, 0x0, 0x0,
    0x0, 0x0, 0x0, 0xef, 0xf9, 0x0, 0x0, 0x0,
    0x0, 0x0, 0x0, 0x5f, 0xd2, 0x0, 0x0, 0x0,

    /* U+0057 "W" */
    0xc, 0xf5, 0x0, 0x0, 0x0, 0xa, 0xf5, 0x0,
    0x0, 0x0, 0xa, 0xf5, 0xf, 0xfd, 0x0, 0x0,
    0x0, 0x2f, 0xfc, 0x0, 0x0, 0x0, 0x2f, 0xf8,
    0xb, 0xff, 0x20, 0x0, 0x0, 0x8f, 0xff, 0x20,
    0x0, 0x0, 0x7f, 0xf3, 0x5, 0xff, 0x80, 0x0,
    0x0, 0xef, 0xff, 0x70, 0x0, 0x0, 0xdf, 0xe0,
    0x0, 0xff, 0xd0, 0x0, 0x3, 0xff, 0xef, 0xd0,
    0x0, 0x2, 0xff, 0x80, 0x0, 0xaf, 0xf2, 0x0,
    0x9, 0xfe, 0x6f, 0xf2, 0x0, 0x8, 0xff, 0x20,
    0x0, 0x4f, 0xf8, 0x0, 0xe, 0xf9, 0x1f, 0xf7,
    0x0, 0xd, 0xfd, 0x0, 0x0, 0xe, 0xfd, 0x0,
    0x4f, 0xf3, 0xb, 0xfd, 0x0, 0x3f, 0xf7, 0x0,
    0x0, 0x9, 0xff, 0x20, 0xaf, 0xd0, 0x5, 0xff,
    0x20, 0x8f, 0xf1, 0x0, 0x0, 0x3, 0xff, 0x80,
    0xff, 0x80, 0x0, 0xff, 0x80, 0xdf, 0xc0, 0x0,
    0x0, 0x0, 0xef, 0xd5, 0xff, 0x20, 0x0, 0xaf,
    0xd3, 0xff, 0x60, 0x0, 0x0, 0x0, 0x8f, 0xfd,
    0xfc, 0x0, 0x0, 0x4f, 0xfb, 0xff, 0x10, 0x0,
    0x0, 0x0, 0x3f, 0xff, 0xf7, 0x0, 0x0, 0xe,
    0xff, 0xfb, 0x0, 0x0, 0x0, 0x0, 0xd, 0xff,
    0xf1, 0x0, 0x0, 0x9, 0xff, 0xf5, 0x0, 0x0,
    0x0, 0x0, 0x7, 0xff, 0xc0, 0x0, 0x0, 0x4,
    0xff, 0xf0, 0x0, 0x0, 0x0, 0x0, 0x1, 0xdf,
    0x40, 0x0, 0x0, 0x0, 0xbf, 0x70, 0x0, 0x0,

    /* U+0058 "X" */
    0x9, 0xf8, 0x0, 0x0, 0x0, 0xb, 0xf6, 0xc,
    0xff, 0x50, 0x0, 0x0, 0x8f, 0xf9, 0x3, 0xff,
    0xe1, 0x0, 0x4, 0xff, 0xe1, 0x0, 0x6f, 0xfc,
    0x0, 0x1e, 0xff, 0x40, 0x0, 0xb, 0xff, 0x70,
    0xaf, 0xf8, 0x0, 0x0, 0x1, 0xef, 0xf9, 0xff,
    0xc0, 0x0, 0x0, 0x0, 0x3f, 0xff, 0xfe, 0x10,
    0x0, 0x0, 0x0, 0x7, 0xff, 0xf4, 0x0, 0x0,
    0x0, 0x0, 0xa, 0xff, 0xf7, 0x0, 0x0, 0x0,
    0x0, 0x6f, 0xff, 0xff, 0x30, 0x0, 0x0, 0x3,
    0xff, 0xe5, 0xff, 0xe1, 0x0, 0x0, 0xd, 0xff,
    0x40, 0x8f, 0xfb, 0x0, 0x0, 0xaf, 0xf9, 0x0,
    0xc, 0xff, 0x70, 0x6, 0xff, 0xd0, 0x0, 0x1,
    0xef, 0xf3, 0xf, 0xff, 0x20, 0x0, 0x0, 0x5f,
    0xfc, 0xc, 0xf5, 0x0, 0x0, 0x0, 0x7, 0xf9,

    /* U+0059 "Y" */
    0x4f, 0xb0, 0x0, 0x0, 0x0, 0x3e, 0xe1, 0x7f,
    0xfa, 0x0, 0x0, 0x0, 0xef, 0xf1, 0xd, 0xff,
    0x50, 0x0, 0xa, 0xff, 0x80, 0x3, 0xff, 0xe1,
    0x0, 0x5f, 0xfc, 0x0, 0x0, 0x8f, 0xfb, 0x1,
    0xef, 0xf2, 0x0, 0x0, 0xc, 0xff, 0x6b, 0xff,
    0x60, 0x0, 0x0, 0x2, 0xff, 0xff, 0xfb, 0x0,
    0x0, 0x0, 0x0, 0x6f, 0xff, 0xe1, 0x0, 0x0,
    0x0, 0x0, 0xc, 0xff, 0x60, 0x0, 0x0, 0x0,
    0x0, 0x9, 0xff, 0x30, 0x0, 0x0, 0x0, 0x0,
    0x9, 0xff, 0x30, 0x0, 0x0, 0x0, 0x0, 0x9,
    0xff, 0x30, 0x0, 0x0, 0x0, 0x0, 0x9, 0xff,
    0x30, 0x0, 0x0, 0x0, 0x0, 0x9, 0xff, 0x30,
    0x0, 0x0, 0x0, 0x0, 0x9, 0xff, 0x30, 0x0,
    0x0, 0x0, 0x0, 0x4, 0xfd, 0x0, 0x0, 0x0,

    /* U+005A "Z" */
    0xd, 0xff, 0xff, 0xff, 0xff, 0xff, 0x50, 0x1f,
    0xff, 0xff, 0xff, 0xff, 0xff, 0x90, 0x3, 0x55,
    0x55, 0x55, 0x6f, 0xff, 0x30, 0x0, 0x0, 0x0,
    0x0, 0x9f, 0xf8, 0x0, 0x0, 0x0, 0x0, 0x4,
    0xff, 0xc0, 0x0, 0x0, 0x0, 0x0, 0x1e, 0xff,
    0x20, 0x0, 0x0, 0x0, 0x0, 0xbf, 0xf6, 0x0,
    0x0, 0x0, 0x0, 0x6, 0xff, 0xb0, 0x0, 0x0,
    0x0, 0x0, 0x2f, 0xfe, 0x10, 0x0, 0x0, 0x0,
    0x0, 0xdf, 0xf4, 0x0, 0x0, 0x0, 0x0, 0x9,
    0xff, 0x80, 0x0, 0x0, 0x0, 0x0, 0x4f, 0xfc,
    0x0, 0x0, 0x0, 0x0, 0x1, 0xef, 0xf2, 0x0,
    0x0, 0x0, 0x0, 0xb, 0xff, 0xb5, 0x55, 0x55,
    0x55, 0x20, 0xf, 0xff, 0xff, 0xff, 0xff, 0xff,
    0xf0, 0xb, 0xff, 0xff, 0xff, 0xff, 0xff, 0xc0,

    /* U+005B "[" */
    0x6f, 0xff, 0xf7, 0xaf, 0xff, 0xf8, 0xaf, 0xf2,
    0x0, 0xaf, 0xf1, 0x0, 0xaf, 0xf1, 0x0, 0xaf,
    0xf1, 0x0, 0xaf, 0xf1, 0x0, 0xaf, 0xf1, 0x0,
    0xaf, 0xf1, 0x0, 0xaf, 0xf1, 0x0, 0xaf, 0xf1,
    0x0, 0xaf, 0xf1, 0x0, 0xaf, 0xf1, 0x0, 0xaf,
    0xf1, 0x0, 0xaf, 0xf1, 0x0, 0xaf, 0xf1, 0x0,
    0xaf, 0xf1, 0x0, 0xaf, 0xf2, 0x10, 0xaf, 0xff,
    0xf8, 0x6f, 0xff, 0xf7,

    /* U+005C "\\" */
    0x1e, 0xb0, 0x0, 0x0, 0x1, 0xff, 0x20, 0x0,
    0x0, 0xc, 0xf7, 0x0, 0x0, 0x0, 0x7f, 0xc0,
    0x0, 0x0, 0x2, 0xff, 0x20, 0x0, 0x0, 0xd,
    0xf7, 0x0, 0x0, 0x0, 0x7f, 0xc0, 0x0, 0x0,
    0x2, 0xff, 0x10, 0x0, 0x0, 0xd, 0xf6, 0x0,
    0x0, 0x0, 0x8f, 0xb0, 0x0, 0x0, 0x3, 0xff,
    0x10, 0x0, 0x0, 0xe, 0xf6, 0x0, 0x0, 0x0,
    0x8f, 0xb0, 0x0, 0x0, 0x3, 0xff, 0x0, 0x0,
    0x0, 0xe, 0xf5, 0x0, 0x0, 0x0, 0x9f, 0xa0,
    0x0, 0x0, 0x4, 0xff, 0x0, 0x0, 0x0, 0xd,
    0xd0,

    /* U+005D "]" */
    0xbf, 0xff, 0xf3, 0xbf, 0xff, 0xf7, 0x1, 0x5f,
    0xf7, 0x0, 0x4f, 0xf7, 0x0, 0x4f, 0xf7, 0x0,
    0x4f, 0xf7, 0x0, 0x4f, 0xf7, 0x0, 0x4f, 0xf7,
    0x0, 0x4f, 0xf7, 0x0, 0x4f, 0xf7, 0x0, 0x4f,
    0xf7, 0x0, 0x4f, 0xf7, 0x0, 0x4f, 0xf7, 0x0,
    0x4f, 0xf7, 0x0, 0x4f, 0xf7, 0x0, 0x4f, 0xf7,
    0x0, 0x4f, 0xf7, 0x1, 0x5f, 0xf7, 0xbf, 0xff,
    0xf7, 0xbf, 0xff, 0xf3,

    /* U+005E "^" */
    0x0, 0x0, 0x7f, 0x90, 0x0, 0x0, 0x0, 0xf,
    0xff, 0x30, 0x0, 0x0, 0x6, 0xfe, 0xfa, 0x0,
    0x0, 0x0, 0xdf, 0x4f, 0xf1, 0x0, 0x0, 0x4f,
    0xc0, 0x9f, 0x70, 0x0, 0xb, 0xf5, 0x2, 0xfe,
    0x0, 0x2, 0xfe, 0x0, 0xb, 0xf5, 0x0, 0x9f,
    0x80, 0x0, 0x5f, 0xc0, 0xf, 0xf1, 0x0, 0x0,
    0xef, 0x36, 0xfa, 0x0, 0x0, 0x7, 0xfa, 0x7f,
    0x30, 0x0, 0x0, 0x1e, 0xb0,

    /* U+005F "_" */
    0x5a, 0xaa, 0xaa, 0xaa, 0xaa, 0x59, 0xff, 0xff,
    0xff, 0xff, 0xf9,

    /* U+0060 "`" */
    0x0, 0x0, 0x8, 0xf4, 0x0, 0x9f, 0xc0, 0x1,
    0xef, 0x50, 0x4, 0xfc, 0x0, 0x9, 0xe0, 0x0,
    0x0, 0x0,

    /* U+0061 "a" */
    0x0, 0x49, 0xdf, 0xfd, 0x91, 0x0, 0x4f, 0xff,
    0xff, 0xff, 0xd0, 0x3, 0xd9, 0x41, 0x29, 0xff,
    0x60, 0x0, 0x0, 0x0, 0xf, 0xf9, 0x0, 0x4,
    0x78, 0x99, 0xff, 0xa0, 0x3e, 0xff, 0xff, 0xff,
    0xfa, 0xd, 0xfe, 0x51, 0x0, 0xff, 0xa0, 0xff,
    0xa0, 0x0, 0x2f, 0xfa, 0xe, 0xfe, 0x20, 0x1c,
    0xff, 0xa0, 0x6f, 0xff, 0xef, 0xde, 0xfa, 0x0,
    0x4c, 0xff, 0xb2, 0x9f, 0x60,

    /* U+0062 "b" */
    0x4f, 0xc0, 0x0, 0x0, 0x0, 0x0, 0x8f, 0xf2,
    0x0, 0x0, 0x0, 0x0, 0x9f, 0xf3, 0x0, 0x0,
    0x0, 0x0, 0x9f, 0xf3, 0x0, 0x0, 0x0, 0x0,
    0x9f, 0xf3, 0x0, 0x0, 0x0, 0x0, 0x9f, 0xf3,
    0x7d, 0xfe, 0xa1, 0x0, 0x9f, 0xfc, 0xff, 0xff,
    0xfe, 0x20, 0x9f, 0xff, 0x72, 0x3a, 0xff, 0xb0,
    0x9f, 0xf8, 0x0, 0x0, 0xdf, 0xf1, 0x9f, 0xf3,
    0x0, 0x0, 0x8f, 0xf4, 0x9f, 0xf2, 0x0, 0x0,
    0x6f, 0xf5, 0x9f, 0xf3, 0x0, 0x0, 0x8f, 0xf4,
    0x9f, 0xf8, 0x0, 0x0, 0xdf, 0xf1, 0x9f, 0xff,
    0x72, 0x2a, 0xff, 0xb0, 0x8f, 0xfb, 0xff, 0xff,
    0xfe, 0x20, 0x4f, 0xc0, 0x7d, 0xfe, 0xa1, 0x0,

    /* U+0063 "c" */
    0x0, 0x5, 0xbf, 0xfe, 0xa2, 0x0, 0xa, 0xff,
    0xff, 0xff, 0xf0, 0x7, 0xff, 0xd5, 0x24, 0xab,
    0x0, 0xef, 0xf2, 0x0, 0x0, 0x0, 0x1f, 0xfc,
    0x0, 0x0, 0x0, 0x2, 0xff, 0xa0, 0x0, 0x0,
    0x0, 0x1f, 0xfc, 0x0, 0x0, 0x0, 0x0, 0xdf,
    0xf2, 0x0, 0x0, 0x0, 0x6, 0xff, 0xe5, 0x24,
    0xaa, 0x0, 0x9, 0xff, 0xff, 0xff, 0xe0, 0x0,
    0x5, 0xbe, 0xfe, 0x92, 0x0,

    /* U+0064 "d" */
    0x0, 0x0, 0x0, 0x0, 0xa, 0xf7, 0x0, 0x0,
    0x0, 0x0, 0xf, 0xfc, 0x0, 0x0, 0x0, 0x0,
    0xf, 0xfc, 0x0, 0x0, 0x0, 0x0, 0xf, 0xfc,
    0x0, 0x0, 0x0, 0x0, 0xf, 0xfc, 0x0, 0x8,
    0xef, 0xe8, 0xf, 0xfc, 0x0, 0xcf, 0xff, 0xff,
    0xcf, 0xfc, 0x8, 0xff, 0xc3, 0x15, 0xff, 0xfc,
    0xe, 0xff, 0x10, 0x0, 0x5f, 0xfc, 0x1f, 0xfb,
    0x0, 0x0, 0xf, 0xfc, 0x2f, 0xf9, 0x0, 0x0,
    0xf, 0xfc, 0x1f, 0xfb, 0x0, 0x0, 0xf, 0xfc,
    0xe, 0xff, 0x10, 0x0, 0x5f, 0xfc, 0x8, 0xff,
    0xc3, 0x15, 0xff, 0xfc, 0x0, 0xcf, 0xff, 0xff,
    0xcf, 0xfc, 0x0, 0x8, 0xef, 0xe8, 0xa, 0xf7,

    /* U+0065 "e" */
    0x0, 0x4, 0xbf, 0xfd, 0x80, 0x0, 0x0, 0x9f,
    0xff, 0xef, 0xfd, 0x10, 0x5, 0xff, 0x80, 0x2,
    0xdf, 0x90, 0xd, 0xfc, 0x0, 0x0, 0x4f, 0xf0,
    0x1f, 0xfc, 0x99, 0x99, 0xaf, 0xf2, 0x2f, 0xff,
    0xff, 0xff, 0xff, 0xe1, 0x1f, 0xf8, 0x0, 0x0,
    0x0, 0x0, 0xd, 0xfe, 0x0, 0x0, 0x0, 0x0,
    0x6, 0xff, 0xc4, 0x12, 0x5c, 0xd0, 0x0, 0x9f,
    0xff, 0xff, 0xff, 0xd0, 0x0, 0x4, 0xae, 0xff,
    0xc7, 0x0,

    /* U+0066 "f" */
    0x0, 0x0, 0x0, 0x0, 0x0, 0x0, 0x6, 0xbe,
    0xf4, 0x0, 0xb, 0xff, 0xff, 0x40, 0x6, 0xff,
    0xa1, 0x0, 0x0, 0xbf, 0xf0, 0x0, 0x0, 0xd,
    0xfe, 0x0, 0x0, 0xcf, 0xff, 0xff, 0xfa, 0xc,
    0xff, 0xff, 0xff, 0xb0, 0x1, 0xdf, 0xe1, 0x10,
    0x0, 0xd, 0xfe, 0x0, 0x0, 0x0, 0xdf, 0xe0,
    0x0, 0x0, 0xd, 0xfe, 0x0, 0x0, 0x0, 0xdf,
    0xe0, 0x0, 0x0, 0xd, 0xfe, 0x0, 0x0, 0x0,
    0xdf, 0xe0, 0x0, 0x0, 0xd, 0xfe, 0x0, 0x0,
    0x0, 0x8f, 0x90, 0x0, 0x0,

    /* U+0067 "g" */
    0x0, 0x8, 0xdf, 0xe9, 0x18, 0xf8, 0x0, 0xcf,
    0xff, 0xff, 0xde, 0xfd, 0x7, 0xff, 0xd4, 0x15,
    0xef, 0xfd, 0xe, 0xff, 0x10, 0x0, 0x4f, 0xfd,
    0x1f, 0xfb, 0x0, 0x0, 0xf, 0xfd, 0x2f, 0xfa,
    0x0, 0x0, 0xd, 0xfd, 0x1f, 0xfb, 0x0, 0x0,
    0xf, 0xfd, 0xe, 0xff, 0x10, 0x0, 0x4f, 0xfd,
    0x7, 0xff, 0xd4, 0x15, 0xef, 0xfd, 0x0, 0xcf,
    0xff, 0xff, 0xdd, 0xfd, 0x0, 0x8, 0xdf, 0xe9,
    0x1d, 0xfd, 0x0, 0x0, 0x0, 0x0, 0x1f, 0xfa,
    0x4, 0xe9, 0x42, 0x14, 0xcf, 0xf5, 0x6, 0xff,
    0xff, 0xff, 0xff, 0xa0, 0x0, 0x39, 0xdf, 0xfe,
    0xb5, 0x0,

    /* U+0068 "h" */
    0x4f, 0xc0, 0x0, 0x0, 0x0, 0x8, 0xff, 0x20,
    0x0, 0x0, 0x0, 0x9f, 0xf3, 0x0, 0x0, 0x0,
    0x9, 0xff, 0x30, 0x0, 0x0, 0x0, 0x9f, 0xf3,
    0x0, 0x0, 0x0, 0x9, 0xff, 0x36, 0xdf, 0xea,
    0x10, 0x9f, 0xfc, 0xff, 0xff, 0xfd, 0x9, 0xff,
    0xfb, 0x68, 0xff, 0xf4, 0x9f, 0xfa, 0x0, 0x7,
    0xff, 0x79, 0xff, 0x40, 0x0, 0x4f, 0xf7, 0x9f,
    0xf3, 0x0, 0x4, 0xff, 0x89, 0xff, 0x30, 0x0,
    0x4f, 0xf8, 0x9f, 0xf3, 0x0, 0x4, 0xff, 0x89,
    0xff, 0x30, 0x0, 0x4f, 0xf8, 0x8f, 0xf2, 0x0,
    0x3, 0xff, 0x74, 0xfd, 0x0, 0x0, 0x1d, 0xf3,

    /* U+0069 "i" */
    0x7f, 0xe2, 0xcf, 0xf6, 0x5e, 0xc1, 0x0, 0x0,
    0x0, 0x0, 0x4f, 0xc0, 0x8f, 0xf2, 0x9f, 0xf3,
    0x9f, 0xf3, 0x9f, 0xf3, 0x9f, 0xf3, 0x9f, 0xf3,
    0x9f, 0xf3, 0x9f, 0xf3, 0x8f, 0xf2, 0x4f, 0xc0,

    /* U+006A "j" */
    0x0, 0x6, 0xfe, 0x30, 0x0, 0xbf, 0xf7, 0x0,
    0x5, 0xdd, 0x20, 0x0, 0x0, 0x0, 0x0, 0x0,
    0x0, 0x0, 0x0, 0x3e, 0xd1, 0x0, 0x7, 0xff,
    0x40, 0x0, 0x7f, 0xf4, 0x0, 0x7, 0xff, 0x40,
    0x0, 0x7f, 0xf4, 0x0, 0x7, 0xff, 0x40, 0x0,
    0x7f, 0xf4, 0x0, 0x7, 0xff, 0x40, 0x0, 0x7f,
    0xf4, 0x0, 0x7, 0xff, 0x40, 0x0, 0x7f, 0xf4,
    0x0, 0x8, 0xff, 0x30, 0x3, 0xef, 0xf0, 0x1f,
    0xff, 0xf7, 0x1, 0xde, 0xb5, 0x0, 0x0, 0x0,
    0x0, 0x0,

    /* U+006B "k" */
    0x4f, 0xc0, 0x0, 0x0, 0x0, 0x8, 0xff, 0x20,
    0x0, 0x0, 0x0, 0x9f, 0xf3, 0x0, 0x0, 0x0,
    0x9, 0xff, 0x30, 0x0, 0x0, 0x0, 0x9f, 0xf3,
    0x0, 0x0, 0x0, 0x9, 0xff, 0x30, 0x0, 0xaf,
    0x70, 0x9f, 0xf3, 0x0, 0xbf, 0xf8, 0x9, 0xff,
    0x30, 0xaf, 0xfa, 0x0, 0x9f, 0xf3, 0xaf, 0xfb,
    0x0, 0x9, 0xff, 0xbf, 0xfb, 0x0, 0x0, 0x9f,
    0xff, 0xff, 0x40, 0x0, 0x9, 0xff, 0x9f, 0xff,
    0x30, 0x0, 0x9f, 0xf3, 0x6f, 0xfe, 0x20, 0x9,
    0xff, 0x30, 0x7f, 0xfe, 0x20, 0x8f, 0xf2, 0x0,
    0x7f, 0xfd, 0x4, 0xfd, 0x0, 0x0, 0x7f, 0xc0,

    /* U+006C "l" */
    0x4f, 0xc0, 0x0, 0x8f, 0xf2, 0x0, 0x9f, 0xf3,
    0x0, 0x9f, 0xf3, 0x0, 0x9f, 0xf3, 0x0, 0x9f,
    0xf3, 0x0, 0x9f, 0xf3, 0x0, 0x9f, 0xf3, 0x0,
    0x9f, 0xf3, 0x0, 0x9f, 0xf3, 0x0, 0x9f, 0xf3,
    0x0, 0x9f, 0xf3, 0x0, 0x8f, 0xf4, 0x0, 0x5f,
    0xfd, 0x53, 0xe, 0xff, 0xff, 0x2, 0xbf, 0xfb,

    /* U+006D "m" */
    0x4f, 0xc0, 0x7e, 0xfd, 0x70, 0x1a, 0xef, 0xd5,
    0x8, 0xff, 0xbf, 0xff, 0xff, 0x7e, 0xff, 0xff,
    0xf4, 0x8f, 0xff, 0x62, 0x6f, 0xff, 0xe4, 0x28,
    0xff, 0xa8, 0xff, 0x70, 0x0, 0xcf, 0xf5, 0x0,
    0xf, 0xfd, 0x8f, 0xf4, 0x0, 0xb, 0xff, 0x10,
    0x0, 0xdf, 0xe8, 0xff, 0x30, 0x0, 0xbf, 0xf0,
    0x0, 0xd, 0xfe, 0x8f, 0xf3, 0x0, 0xb, 0xff,
    0x0, 0x0, 0xdf, 0xe8, 0xff, 0x30, 0x0, 0xbf,
    0xf0, 0x0, 0xd, 0xfe, 0x8f, 0xf3, 0x0, 0xb,
    0xff, 0x0, 0x0, 0xdf, 0xe8, 0xff, 0x30, 0x0,
    0xbf, 0xf0, 0x0, 0xd, 0xfe, 0x4f, 0xd0, 0x0,
    0x6, 0xfb, 0x0, 0x0, 0x8f, 0x80,

    /* U+006E "n" */
    0x4f, 0xc0, 0x7d, 0xfe, 0xa1, 0x8, 0xff, 0xbf,
    0xff, 0xff, 0xd0, 0x9f, 0xff, 0x72, 0x3d, 0xff,
    0x49, 0xff, 0x80, 0x0, 0x5f, 0xf7, 0x9f, 0xf3,
    0x0, 0x4, 0xff, 0x79, 0xff, 0x30, 0x0, 0x4f,
    0xf8, 0x9f, 0xf3, 0x0, 0x4, 0xff, 0x89, 0xff,
    0x30, 0x0, 0x4f, 0xf8, 0x9f, 0xf3, 0x0, 0x4,
    0xff, 0x88, 0xff, 0x20, 0x0, 0x3f, 0xf7, 0x4f,
    0xd0, 0x0, 0x1, 0xdf, 0x30,

    /* U+006F "o" */
    0x0, 0x5, 0xcf, 0xfe, 0xa2, 0x0, 0x0, 0xaf,
    0xff, 0xff, 0xff, 0x50, 0x6, 0xff, 0xc3, 0x15,
    0xff, 0xf2, 0xd, 0xff, 0x10, 0x0, 0x5f, 0xf8,
    0x1f, 0xfb, 0x0, 0x0, 0xf, 0xfc, 0x2f, 0xf9,
    0x0, 0x0, 0xf, 0xfd, 0x1f, 0xfb, 0x0, 0x0,
    0xf, 0xfc, 0xd, 0xff, 0x10, 0x0, 0x5f, 0xf8,
    0x6, 0xff, 0xc3, 0x15, 0xff, 0xf2, 0x0, 0xaf,
    0xff, 0xff, 0xff, 0x50, 0x0, 0x5, 0xcf, 0xfe,
    0xa2, 0x0,

    /* U+0070 "p" */
    0x4f, 0xc0, 0x7d, 0xfe, 0xa1, 0x0, 0x8f, 0xfb,
    0xff, 0xff, 0xfe, 0x20, 0x9f, 0xff, 0x61, 0x29,
    0xff, 0xb0, 0x9f, 0xf8, 0x0, 0x0, 0xcf, 0xf1,
    0x9f, 0xf3, 0x0, 0x0, 0x7f, 0xf4, 0x9f, 0xf2,
    0x0, 0x0, 0x6f, 0xf5, 0x9f, 0xf3, 0x0, 0x0,
    0x8f, 0xf4, 0x9f, 0xf9, 0x0, 0x0, 0xdf, 0xf1,
    0x9f, 0xff, 0x72, 0x2a, 0xff, 0xb0, 0x9f, 0xfc,
    0xff, 0xff, 0xfe, 0x20, 0x9f, 0xf3, 0x7d, 0xfe,
    0xa1, 0x0, 0x9f, 0xf3, 0x0, 0x0, 0x0, 0x0,
    0x9f, 0xf3, 0x0, 0x0, 0x0, 0x0, 0x8f, 0xf2,
    0x0, 0x0, 0x0, 0x0, 0x4f, 0xc0, 0x0, 0x0,
    0x0, 0x0,

    /* U+0071 "q" */
    0x0, 0x8, 0xef, 0xe8, 0xa, 0xf7, 0x0, 0xcf,
    0xff, 0xff, 0xcf, 0xfc, 0x8, 0xff, 0xc3, 0x15,
    0xff, 0xfc, 0xe, 0xff, 0x10, 0x0, 0x5f, 0xfc,
    0x1f, 0xfb, 0x0, 0x0, 0xf, 0xfc, 0x2f, 0xf9,
    0x0, 0x0, 0xf, 0xfc, 0x1f, 0xfb, 0x0, 0x0,
    0xf, 0xfc, 0xe, 0xff, 0x10, 0x0, 0x5f, 0xfc,
    0x8, 0xff, 0xc3, 0x15, 0xff, 0xfc, 0x0, 0xcf,
    0xff, 0xff, 0xcf, 0xfc, 0x0, 0x8, 0xef, 0xe8,
    0xf, 0xfc, 0x0, 0x0, 0x0, 0x0, 0xf, 0xfc,
    0x0, 0x0, 0x0, 0x0, 0xf, 0xfc, 0x0, 0x0,
    0x0, 0x0, 0xf, 0xfc, 0x0, 0x0, 0x0, 0x0,
    0xa, 0xf7,

    /* U+0072 "r" */
    0x0, 0x0, 0x0, 0x0, 0x4f, 0xc0, 0x7e, 0xf6,
    0x8f, 0xfa, 0xff, 0xf7, 0x9f, 0xff, 0xc7, 0x40,
    0x9f, 0xfa, 0x0, 0x0, 0x9f, 0xf4, 0x0, 0x0,
    0x9f, 0xf3, 0x0, 0x0, 0x9f, 0xf3, 0x0, 0x0,
    0x9f, 0xf3, 0x0, 0x0, 0x9f, 0xf3, 0x0, 0x0,
    0x8f, 0xf3, 0x0, 0x0, 0x4f, 0xd0, 0x0, 0x0,

    /* U+0073 "s" */
    0x0, 0x2a, 0xef, 0xfc, 0x70, 0x3, 0xff, 0xff,
    0xff, 0xf9, 0xb, 0xfd, 0x20, 0x4, 0xa4, 0xd,
    0xfa, 0x0, 0x0, 0x0, 0x9, 0xff, 0xa7, 0x30,
    0x0, 0x1, 0xbf, 0xff, 0xff, 0xa1, 0x0, 0x1,
    0x47, 0xbf, 0xfb, 0x0, 0x0, 0x0, 0x9, 0xff,
    0xb, 0x93, 0x0, 0x1c, 0xfd, 0xf, 0xff, 0xff,
    0xff, 0xf5, 0x2, 0x9d, 0xff, 0xea, 0x30,

    /* U+0074 "t" */
    0x0, 0x2, 0x72, 0x0, 0x0, 0x0, 0xd, 0xfc,
    0x0, 0x0, 0x0, 0xe, 0xfd, 0x0, 0x0, 0x0,
    0xe, 0xfd, 0x0, 0x0, 0xe, 0xff, 0xff, 0xff,
    0xe2, 0x1e, 0xff, 0xff, 0xff, 0xf2, 0x0, 0x1e,
    0xfd, 0x11, 0x0, 0x0, 0xe, 0xfd, 0x0, 0x0,
    0x0, 0xe, 0xfd, 0x0, 0x0, 0x0, 0xe, 0xfd,
    0x0, 0x0, 0x0, 0xe, 0xfd, 0x0, 0x0, 0x0,
    0xd, 0xff, 0x0, 0x0, 0x0, 0xa, 0xff, 0xa4,
    0x52, 0x0, 0x3, 0xff, 0xff, 0xf8, 0x0, 0x0,
    0x3b, 0xff, 0xd4,

    /* U+0075 "u" */
    0x5f, 0xc0, 0x0, 0x3, 0xed, 0x1a, 0xff, 0x10,
    0x0, 0x6f, 0xf4, 0xaf, 0xf1, 0x0, 0x7, 0xff,
    0x5a, 0xff, 0x10, 0x0, 0x7f, 0xf5, 0xaf, 0xf1,
    0x0, 0x7, 0xff, 0x5a, 0xff, 0x10, 0x0, 0x7f,
    0xf5, 0xaf, 0xf1, 0x0, 0x7, 0xff, 0x59, 0xff,
    0x30, 0x0, 0xcf, 0xf5, 0x6f, 0xfc, 0x33, 0xaf,
    0xff, 0x50, 0xef, 0xff, 0xff, 0xcf, 0xf4, 0x2,
    0xae, 0xfd, 0x52, 0xee, 0x10,

    /* U+0076 "v" */
    0x4f, 0xc0, 0x0, 0x0, 0x2e, 0xd0, 0x6f, 0xf6,
    0x0, 0x0, 0x9f, 0xf1, 0x1f, 0xfc, 0x0, 0x1,
    0xff, 0xa0, 0x9, 0xff, 0x30, 0x7, 0xff, 0x30,
    0x2, 0xff, 0x90, 0xd, 0xfc, 0x0, 0x0, 0xbf,
    0xf0, 0x4f, 0xf5, 0x0, 0x0, 0x4f, 0xf6, 0xaf,
    0xe0, 0x0, 0x0, 0xd, 0xfd, 0xff, 0x70, 0x0,
    0x0, 0x7, 0xff, 0xff, 0x0, 0x0, 0x0, 0x0,
    0xff, 0xf8, 0x0, 0x0, 0x0, 0x0, 0x6f, 0xd1,
    0x0, 0x0,

    /* U+0077 "w" */
    0x2e, 0xd1, 0x0, 0x0, 0x8f, 0x70, 0x0, 0x1,
    0xed, 0x4, 0xff, 0x70, 0x0, 0xf, 0xfe, 0x0,
    0x0, 0x8f, 0xf0, 0xe, 0xfd, 0x0, 0x6, 0xff,
    0xf4, 0x0, 0xe, 0xfa, 0x0, 0x8f, 0xf2, 0x0,
    0xcf, 0xff, 0xa0, 0x4, 0xff, 0x40, 0x2, 0xff,
    0x80, 0x2f, 0xf9, 0xff, 0x0, 0xaf, 0xe0, 0x0,
    0xb, 0xfe, 0x8, 0xfc, 0x1f, 0xf6, 0xf, 0xf8,
    0x0, 0x0, 0x5f, 0xf4, 0xdf, 0x60, 0xaf, 0xc6,
    0xff, 0x10, 0x0, 0x0, 0xef, 0xdf, 0xf1, 0x4,
    0xff, 0xdf, 0xb0, 0x0, 0x0, 0x8, 0xff, 0xfa,
    0x0, 0xe, 0xff, 0xf5, 0x0, 0x0, 0x0, 0x2f,
    0xff, 0x40, 0x0, 0x8f, 0xfe, 0x0, 0x0, 0x0,
    0x0, 0x8f, 0xb0, 0x0, 0x1, 0xdf, 0x50, 0x0,
    0x0,

    /* U+0078 "x" */
    0x8f, 0x90, 0x0, 0x8, 0xf8, 0x9, 0xff, 0x70,
    0x6, 0xff, 0xa0, 0xd, 0xff, 0x43, 0xff, 0xd1,
    0x0, 0x2e, 0xfe, 0xef, 0xf2, 0x0, 0x0, 0x4f,
    0xff, 0xf4, 0x0, 0x0, 0x0, 0xcf, 0xfc, 0x0,
    0x0, 0x0, 0x7f, 0xff, 0xf8, 0x0, 0x0, 0x4f,
    0xfc, 0xcf, 0xf5, 0x0, 0x2f, 0xfe, 0x11, 0xef,
    0xf3, 0xc, 0xff, 0x40, 0x3, 0xff, 0xd0, 0xbf,
    0x60, 0x0, 0x5, 0xfc, 0x0,

    /* U+0079 "y" */
    0x4f, 0xc0, 0x0, 0x0, 0x2e, 0xd0, 0x6f, 0xf6,
    0x0, 0x0, 0x9f, 0xf1, 0x1f, 0xfc, 0x0, 0x1,
    0xff, 0xa0, 0xa, 0xff, 0x20, 0x7, 0xff, 0x30,
    0x3, 0xff, 0x90, 0xd, 0xfc, 0x0, 0x0, 0xcf,
    0xf0, 0x4f, 0xf5, 0x0, 0x0, 0x5f, 0xf6, 0xaf,
    0xe0, 0x0, 0x0, 0xe, 0xfd, 0xff, 0x70, 0x0,
    0x0, 0x7, 0xff, 0xff, 0x10, 0x0, 0x0, 0x1,
    0xff, 0xf9, 0x0, 0x0, 0x0, 0x0, 0xcf, 0xf2,
    0x0, 0x0, 0x0, 0x1, 0xff, 0xb0, 0x0, 0x0,
    0x0, 0x8, 0xff, 0x40, 0x0, 0x0, 0x0, 0xe,
    0xfd, 0x0, 0x0, 0x0, 0x0, 0xb, 0xe4, 0x0,
    0x0, 0x0,

    /* U+007A "z" */
    0xe, 0xff, 0xff, 0xff, 0xf7, 0x0, 0xef, 0xff,
    0xff, 0xff, 0xa0, 0x0, 0x11, 0x11, 0xbf, 0xe1,
    0x0, 0x0, 0x0, 0x7f, 0xf4, 0x0, 0x0, 0x0,
    0x4f, 0xf7, 0x0, 0x0, 0x0, 0x1e, 0xfb, 0x0,
    0x0, 0x0, 0xc, 0xfd, 0x10, 0x0, 0x0, 0x9,
    0xff, 0x20, 0x0, 0x0, 0x5, 0xff, 0x71, 0x11,
    0x10, 0x0, 0xef, 0xff, 0xff, 0xff, 0xe0, 0xc,
    0xff, 0xff, 0xff, 0xfd, 0x0,

    /* U+007B "{" */
    0x0, 0x1, 0xbf, 0xff, 0x40, 0x0, 0x9f, 0xff,
    0xf5, 0x0, 0xd, 0xff, 0x20, 0x0, 0x0, 0xdf,
    0xe0, 0x0, 0x0, 0xd, 0xfe, 0x0, 0x0, 0x0,
    0xdf, 0xe0, 0x0, 0x0, 0xd, 0xfe, 0x0, 0x0,
    0x0, 0xef, 0xe0, 0x0, 0x0, 0x3f, 0xfb, 0x0,
    0x1, 0xff, 0xfe, 0x20, 0x0, 0x2f, 0xff, 0xc1,
    0x0, 0x0, 0x15, 0xff, 0xa0, 0x0, 0x0, 0xe,
    0xfe, 0x0, 0x0, 0x0, 0xdf, 0xe0, 0x0, 0x0,
    0xd, 0xfe, 0x0, 0x0, 0x0, 0xdf, 0xe0, 0x0,
    0x0, 0xd, 0xfe, 0x0, 0x0, 0x0, 0xdf, 0xf2,
    0x10, 0x0, 0xa, 0xff, 0xff, 0x50, 0x0, 0x1b,
    0xff, 0xf4,

    /* U+007C "|" */
    0xd, 0xf4, 0x3f, 0xf8, 0x3f, 0xf8, 0x3f, 0xf8,
    0x3f, 0xf8, 0x3f, 0xf8, 0x3f, 0xf8, 0x3f, 0xf8,
    0x3f, 0xf8, 0x3f, 0xf8, 0x3f, 0xf8, 0x3f, 0xf8,
    0x3f, 0xf8, 0x3f, 0xf8, 0x3f, 0xf8, 0x3f, 0xf8,
    0x3f, 0xf8, 0x3f, 0xf8, 0x3f, 0xf8, 0xd, 0xf4,

    /* U+007D "}" */
    0xaf, 0xfe, 0x70, 0x0, 0xcf, 0xff, 0xf3, 0x0,
    0x1, 0x7f, 0xf7, 0x0, 0x0, 0x4f, 0xf7, 0x0,
    0x0, 0x4f, 0xf7, 0x0, 0x0, 0x4f, 0xf7, 0x0,
    0x0, 0x4f, 0xf7, 0x0, 0x0, 0x4f, 0xf7, 0x0,
    0x0, 0x1f, 0xfc, 0x10, 0x0, 0x7, 0xff, 0xfa,
    0x0, 0x5, 0xff, 0xfb, 0x0, 0x1f, 0xfd, 0x30,
    0x0, 0x4f, 0xf7, 0x0, 0x0, 0x4f, 0xf7, 0x0,
    0x0, 0x4f, 0xf7, 0x0, 0x0, 0x4f, 0xf7, 0x0,
    0x0, 0x4f, 0xf7, 0x0, 0x1, 0x8f, 0xf6, 0x0,
    0xcf, 0xff, 0xf3, 0x0, 0xaf, 0xfe, 0x70, 0x0,

    /* U+007E "~" */
    0x4, 0xbc, 0x91, 0x0, 0x1, 0x4, 0xff, 0xff,
    0xf8, 0x12, 0xdb, 0x8f, 0x40, 0x6e, 0xff, 0xff,
    0x70, 0x10, 0x0, 0x19, 0xee, 0x80,

    /* U+00A0 " " */

    /* U+00A1 "¡" */
    0x7f, 0xd1, 0xef, 0xf5, 0xaf, 0xf2, 0x3, 0x10,
    0x6, 0x20, 0x2f, 0xa0, 0x4f, 0xb0, 0x5f, 0xd0,
    0x6f, 0xe0, 0x8f, 0xf0, 0x9f, 0xf0, 0xaf, 0xf2,
    0xcf, 0xf3, 0xdf, 0xf4, 0x6f, 0xc0,

    /* U+00A2 "¢" */
    0x0, 0x0, 0xc, 0xd0, 0x0, 0x0, 0x0, 0x0,
    0xff, 0x20, 0x0, 0x0, 0x0, 0xf, 0xf2, 0x0,
    0x0, 0x0, 0x4b, 0xff, 0xeb, 0x40, 0x0, 0x8f,
    0xff, 0xff, 0xff, 0x30, 0x6f, 0xfe, 0x52, 0x39,
    0xd1, 0xd, 0xff, 0x20, 0x0, 0x0, 0x1, 0xff,
    0xb0, 0x0, 0x0, 0x0, 0x3f, 0xfa, 0x0, 0x0,
    0x0, 0x1, 0xff, 0xc0, 0x0, 0x0, 0x0, 0xd,
    0xff, 0x30, 0x0, 0x0, 0x0, 0x6f, 0xfe, 0x63,
    0x5a, 0xe2, 0x0, 0x9f, 0xff, 0xff, 0xff, 0x20,
    0x0, 0x4b, 0xff, 0xea, 0x30, 0x0, 0x0, 0xf,
    0xf2, 0x0, 0x0, 0x0, 0x0, 0xff, 0x20, 0x0,
    0x0, 0x0, 0x4, 0x50, 0x0, 0x0,

    /* U+00A3 "£" */
    0x0, 0x0, 0x18, 0xdf, 0xfd, 0x92, 0x0, 0x0,
    0x2e, 0xff, 0xff, 0xff, 0xf5, 0x0, 0xb, 0xff,
    0xb5, 0x47, 0xdf, 0x90, 0x0, 0xff, 0xd0, 0x0,
    0x0, 0x40, 0x0, 0x2f, 0xfa, 0x0, 0x0, 0x0,
    0x0, 0x3, 0xff, 0xa0, 0x0, 0x0, 0x0, 0x0,
    0x3f, 0xfa, 0x0, 0x0, 0x0, 0x1, 0xdf, 0xff,
    0xff, 0xfe, 0x30, 0x0, 0x1e, 0xff, 0xff, 0xff,
    0xf4, 0x0, 0x0, 0x3, 0xff, 0xa0, 0x0, 0x0,
    0x0, 0x0, 0x3f, 0xfa, 0x0, 0x0, 0x0, 0x0,
    0x3, 0xff, 0xa0, 0x0, 0x0, 0x0, 0x0, 0x3f,
    0xfa, 0x0, 0x0, 0x0, 0x0, 0x37, 0xff, 0xb5,
    0x55, 0x55, 0x40, 0x2f, 0xff, 0xff, 0xff, 0xff,
    0xff, 0x60, 0xdf, 0xff, 0xff, 0xff, 0xff, 0xf4,

    /* U+00A4 "¤" */
    0x1e, 0x91, 0x8e, 0xfe, 0xa2, 0x8f, 0x30, 0x8f,
    0xff, 0xff, 0xff, 0xff, 0xb0, 0x0, 0xef, 0xe6,
    0x36, 0xef, 0xf1, 0x0, 0x6f, 0xf3, 0x0, 0x1,
    0xef, 0x80, 0xa, 0xfa, 0x0, 0x0, 0x8, 0xfc,
    0x0, 0xbf, 0x80, 0x0, 0x0, 0x6f, 0xd0, 0xa,
    0xfa, 0x0, 0x0, 0x8, 0xfc, 0x0, 0x6f, 0xf3,
    0x0, 0x1, 0xff, 0x80, 0x0, 0xef, 0xf7, 0x36,
    0xef, 0xf1, 0x0, 0x8f, 0xff, 0xff, 0xff, 0xff,
    0xa0, 0x1e, 0x92, 0x8e, 0xfe, 0x92, 0x7f, 0x30,

    /* U+00A5 "¥" */
    0x3e, 0xc0, 0x0, 0x0, 0x0, 0x9f, 0x65, 0xff,
    0x90, 0x0, 0x0, 0x6f, 0xf9, 0xc, 0xff, 0x30,
    0x0, 0x1f, 0xfe, 0x10, 0x2f, 0xfd, 0x0, 0xb,
    0xff, 0x50, 0x0, 0x6f, 0xf8, 0x5, 0xff, 0xa0,
    0x0, 0x0, 0xbf, 0xf4, 0xef, 0xe1, 0x0, 0x0,
    0x2, 0xff, 0xff, 0xf4, 0x0, 0x0, 0x8f, 0xff,
    0xff, 0xff, 0xff, 0xa0, 0x7, 0xef, 0xff, 0xff,
    0xff, 0xfa, 0x0, 0x0, 0x0, 0xdf, 0xf0, 0x0,
    0x0, 0x7, 0xef, 0xff, 0xff, 0xff, 0xea, 0x0,
    0x8f, 0xff, 0xff, 0xff, 0xff, 0xb0, 0x0, 0x0,
    0xd, 0xff, 0x0, 0x0, 0x0, 0x0, 0x0, 0xdf,
    0xf0, 0x0, 0x0, 0x0, 0x0, 0xc, 0xff, 0x0,
    0x0, 0x0, 0x0, 0x0, 0x7f, 0xa0, 0x0, 0x0,

    /* U+00A6 "¦" */
    0xd, 0xf4, 0x3f, 0xf8, 0x3f, 0xf8, 0x3f, 0xf8,
    0x3f, 0xf8, 0x3f, 0xf8, 0x2f, 0xf8, 0x8, 0xa2,
    0x0, 0x0, 0x0, 0x0, 0x0, 0x0, 0x0, 0x0,
    0x8, 0xa1, 0x2f, 0xf8, 0x3f, 0xf8, 0x3f, 0xf8,
    0x3f, 0xf8, 0x3f, 0xf8, 0x3f, 0xf8, 0xd, 0xf4,

    /* U+00A7 "§" */
    0x0, 0x3, 0xae, 0xff, 0xd9, 0x20, 0x0, 0x5f,
    0xff, 0xff, 0xff, 0xf1, 0x0, 0xff, 0xd3, 0x0,
    0x39, 0xb0, 0x4, 0xff, 0x50, 0x0, 0x0, 0x0,
    0x4, 0xff, 0x70, 0x0, 0x0, 0x0, 0x1, 0xff,
    0xf5, 0x0, 0x0, 0x0, 0x4, 0xff, 0xff, 0xd6,
    0x0, 0x0, 0xe, 0xf9, 0xcf, 0xff, 0xe6, 0x0,
    0x3f, 0xf4, 0x4, 0xcf, 0xff, 0xb0, 0x3f, 0xf8,
    0x0, 0x3, 0xcf, 0xf7, 0xe, 0xff, 0x91, 0x0,
    0xe, 0xfb, 0x3, 0xff, 0xff, 0x92, 0xb, 0xfb,
    0x0, 0x2a, 0xff, 0xff, 0x8e, 0xf7, 0x0, 0x0,
    0x29, 0xff, 0xff, 0xc0, 0x0, 0x0, 0x0, 0x1a,
    0xff, 0x90, 0x0, 0x0, 0x0, 0x0, 0xef, 0xd0,
    0x0, 0x0, 0x0, 0x0, 0xdf, 0xd0, 0x6, 0xb6,
    0x10, 0x7, 0xff, 0x80, 0xa, 0xff, 0xff, 0xff,
    0xfc, 0x0, 0x0, 0x7b, 0xef, 0xfc, 0x70, 0x0,

    /* U+00A8 "¨" */
    0x4b, 0x50, 0x2a, 0x70, 0xcf, 0xe0, 0x9f, 0xf0,
    0x7f, 0x90, 0x5f, 0xb0,

    /* U+00A9 "©" */
    0x0, 0x0, 0x3, 0x9d, 0xff, 0xd9, 0x30, 0x0,
    0x0, 0x0, 0xa, 0xfa, 0x53, 0x35, 0xaf, 0x90,
    0x0, 0x0, 0xc, 0xc2, 0x0, 0x0, 0x0, 0x2d,
    0xc0, 0x0, 0xa, 0xc0, 0x1, 0x8c, 0xdb, 0x60,
    0x1d, 0x90, 0x3, 0xf2, 0x3, 0xff, 0xff, 0xff,
    0x70, 0x3f, 0x20, 0x9a, 0x0, 0xdf, 0xd3, 0x2,
    0x83, 0x0, 0xb8, 0xd, 0x60, 0x3f, 0xf3, 0x0,
    0x0, 0x0, 0x7, 0xc0, 0xf3, 0x6, 0xff, 0x0,
    0x0, 0x0, 0x0, 0x5e, 0xf, 0x30, 0x6f, 0xf0,
    0x0, 0x0, 0x0, 0x5, 0xe0, 0xe5, 0x3, 0xff,
    0x30, 0x0, 0x0, 0x0, 0x7d, 0xa, 0x90, 0xe,
    0xfc, 0x10, 0x5, 0x10, 0xb, 0x90, 0x4f, 0x10,
    0x4f, 0xff, 0xef, 0xf7, 0x2, 0xf3, 0x0, 0xcb,
    0x0, 0x3b, 0xef, 0xd8, 0x10, 0xcb, 0x0, 0x1,
    0xea, 0x0, 0x0, 0x0, 0x1, 0xbd, 0x10, 0x0,
    0x2, 0xde, 0x72, 0x0, 0x27, 0xec, 0x10, 0x0,
    0x0, 0x0, 0x6c, 0xff, 0xff, 0xc6, 0x0, 0x0,
    0x0, 0x0, 0x0, 0x0, 0x22, 0x0, 0x0, 0x0,
    0x0,

    /* U+00AA "ª" */
    0x9, 0xef, 0xe9, 0x0, 0xa7, 0x59, 0xf8, 0x0,
    0x0, 0xf, 0xc0, 0x8d, 0xff, 0xfc, 0x6f, 0x80,
    0xf, 0xc6, 0xf7, 0x8, 0xfc, 0xc, 0xff, 0x8d,
    0xb0, 0x2, 0x20, 0x11,

    /* U+00AB "«" */
    0x0, 0x0, 0x0, 0x0, 0x0, 0xb, 0xd0, 0x4,
    0xe6, 0x6, 0xff, 0x0, 0xdf, 0x81, 0xff, 0x80,
    0x8f, 0xf2, 0x9f, 0xf1, 0x1f, 0xfa, 0xb, 0xfe,
    0x2, 0xff, 0x80, 0x3f, 0xf6, 0xa, 0xfe, 0x0,
    0x9f, 0xd0, 0x1f, 0xf7, 0x0, 0xef, 0x10, 0x6f,
    0x90, 0x1, 0x20, 0x0, 0x30,

    /* U+00AC "¬" */
    0xbf, 0xff, 0xff, 0xff, 0xff, 0xbc, 0xff, 0xff,
    0xff, 0xff, 0xff, 0x0, 0x0, 0x0, 0x0, 0x1f,
    0xf0, 0x0, 0x0, 0x0, 0x1, 0xff, 0x0, 0x0,
    0x0, 0x0, 0x1f, 0xf0, 0x0, 0x0, 0x0, 0x0,
    0xff, 0x0, 0x0, 0x0, 0x0, 0x5, 0x50,

    /* U+00AD "­" */
    0x3, 0x33, 0x33, 0x10, 0x9f, 0xff, 0xff, 0xf2,
    0x7f, 0xff, 0xff, 0xe1,

    /* U+00AE "®" */
    0x0, 0x0, 0x3, 0x9d, 0xff, 0xd9, 0x30, 0x0,
    0x0, 0x0, 0xa, 0xfa, 0x53, 0x35, 0xaf, 0x90,
    0x0, 0x0, 0xc, 0xc2, 0x0, 0x0, 0x0, 0x2d,
    0xc0, 0x0, 0xa, 0xc0, 0x8, 0x99, 0x98, 0x20,
    0x1d, 0x90, 0x3, 0xf2, 0x6, 0xff, 0xff, 0xff,
    0x40, 0x3f, 0x20, 0x9a, 0x0, 0x7f, 0xa0, 0x7,
    0xfb, 0x0, 0xb8, 0xd, 0x60, 0x7, 0xfa, 0x0,
    0x4f, 0xc0, 0x7, 0xc0, 0xf3, 0x0, 0x7f, 0xd9,
    0x9e, 0xf5, 0x0, 0x5e, 0xf, 0x30, 0x7, 0xff,
    0xff, 0xf6, 0x0, 0x5, 0xe0, 0xe5, 0x0, 0x7f,
    0xa0, 0x5f, 0xd0, 0x0, 0x7d, 0xa, 0x90, 0x7,
    0xfa, 0x0, 0xef, 0x30, 0xb, 0x90, 0x4f, 0x10,
    0x7f, 0xa0, 0x9, 0xf8, 0x2, 0xf3, 0x0, 0xcb,
    0x3, 0xd6, 0x0, 0x3d, 0x50, 0xcb, 0x0, 0x1,
    0xea, 0x0, 0x0, 0x0, 0x1, 0xbd, 0x10, 0x0,
    0x2, 0xde, 0x72, 0x0, 0x27, 0xec, 0x10, 0x0,
    0x0, 0x0, 0x6c, 0xff, 0xff, 0xc6, 0x0, 0x0,
    0x0, 0x0, 0x0, 0x0, 0x22, 0x0, 0x0, 0x0,
    0x0,

    /* U+00AF "¯" */
    0x5a, 0xaa, 0xaa, 0x91, 0xaf, 0xff, 0xff, 0xf3,

    /* U+00B0 "°" */
    0x0, 0x8e, 0xfb, 0x20, 0xa, 0xfb, 0x9f, 0xe1,
    0x2f, 0xb0, 0x5, 0xf7, 0x4f, 0x70, 0x1, 0xf9,
    0x2f, 0xb0, 0x5, 0xf7, 0xa, 0xfc, 0xaf, 0xe1,
    0x0, 0x9e, 0xfb, 0x20,

    /* U+00B1 "±" */
    0x0, 0x0, 0x3f, 0x60, 0x0, 0x0, 0x0, 0x0,
    0x6f, 0x90, 0x0, 0x0, 0x0, 0x0, 0x6f, 0x90,
    0x0, 0x0, 0x0, 0x0, 0x6f, 0x90, 0x0, 0x0,
    0xcf, 0xff, 0xff, 0xff, 0xff, 0xe0, 0xbf, 0xff,
    0xff, 0xff, 0xff, 0xd0, 0x0, 0x0, 0x6f, 0x90,
    0x0, 0x0, 0x0, 0x0, 0x6f, 0x90, 0x0, 0x0,
    0x0, 0x0, 0x4f, 0x70, 0x0, 0x0, 0x0, 0x0,
    0x0, 0x0, 0x0, 0x0, 0xbf, 0xff, 0xff, 0xff,
    0xff, 0xd0, 0xcf, 0xff, 0xff, 0xff, 0xff, 0xe0,

    /* U+00B2 "²" */
    0x6, 0xcf, 0xfb, 0x20, 0x3f, 0xfd, 0xff, 0xd0,
    0x5, 0x10, 0x5f, 0xf2, 0x0, 0x0, 0x4f, 0xf1,
    0x0, 0x0, 0xbf, 0xc0, 0x0, 0x8, 0xff, 0x20,
    0x0, 0x6f, 0xf4, 0x0, 0x4, 0xff, 0x50, 0x0,
    0xe, 0xff, 0xdd, 0xd7, 0xc, 0xff, 0xff, 0xf9,

    /* U+00B3 "³" */
    0x6, 0xcf, 0xfc, 0x30, 0x3f, 0xfd, 0xff, 0xe0,
    0x5, 0x10, 0x1f, 0xf3, 0x0, 0x0, 0x1f, 0xf1,
    0x0, 0xad, 0xff, 0x60, 0x0, 0xdf, 0xff, 0xb0,
    0x0, 0x0, 0x1c, 0xf6, 0x5, 0x10, 0xc, 0xf7,
    0x5f, 0xfd, 0xef, 0xf3, 0x7, 0xcf, 0xfc, 0x40,

    /* U+00B4 "´" */
    0x0, 0x0, 0x0, 0x1e, 0xd0, 0x8, 0xfe, 0x1,
    0xff, 0x40, 0x8f, 0x90, 0xa, 0xd0, 0x0, 0x0,
    0x0, 0x0,

    /* U+00B5 "µ" */
    0x2e, 0xe2, 0x0, 0x0, 0xcf, 0x45, 0xff, 0x60,
    0x0, 0x2f, 0xf9, 0x5f, 0xf6, 0x0, 0x2, 0xff,
    0x95, 0xff, 0x60, 0x0, 0x2f, 0xf9, 0x5f, 0xf6,
    0x0, 0x2, 0xff, 0x95, 0xff, 0x60, 0x0, 0x2f,
    0xf9, 0x5f, 0xf6, 0x0, 0x3, 0xff, 0x95, 0xff,
    0x80, 0x0, 0x7f, 0xf9, 0x5f, 0xfe, 0x42, 0x7f,
    0xff, 0x95, 0xff, 0xff, 0xff, 0xbf, 0xf9, 0x5f,
    0xf9, 0xef, 0xa1, 0xcf, 0x55, 0xff, 0x40, 0x0,
    0x0, 0x0, 0x5f, 0xf4, 0x0, 0x0, 0x0, 0x5,
    0xff, 0x50, 0x0, 0x0, 0x0, 0x2e, 0xe2, 0x0,
    0x0, 0x0, 0x0,

    /* U+00B6 "¶" */
    0x0, 0x19, 0xef, 0xff, 0xff, 0xfb, 0x0, 0x2e,
    0xff, 0xff, 0xff, 0xff, 0xf0, 0xb, 0xff, 0xff,
    0xf7, 0x0, 0xff, 0x11, 0xff, 0xff, 0xff, 0x70,
    0xf, 0xf1, 0x3f, 0xff, 0xff, 0xf7, 0x0, 0xff,
    0x12, 0xff, 0xff, 0xff, 0x70, 0xf, 0xf1, 0xe,
    0xff, 0xff, 0xf7, 0x0, 0xff, 0x10, 0x6f, 0xff,
    0xff, 0x70, 0xf, 0xf1, 0x0, 0x7f, 0xff, 0xf7,
    0x0, 0xff, 0x10, 0x0, 0x15, 0xbf, 0x70, 0xf,
    0xf1, 0x0, 0x0, 0x8, 0xf7, 0x0, 0xff, 0x10,
    0x0, 0x0, 0x8f, 0x70, 0xf, 0xf1, 0x0, 0x0,
    0x8, 0xf7, 0x0, 0xff, 0x10, 0x0, 0x0, 0x8f,
    0x70, 0xf, 0xf1, 0x0, 0x0, 0x8, 0xf7, 0x0,
    0xff, 0x10, 0x0, 0x0, 0x8f, 0x70, 0xf, 0xf1,
    0x0, 0x0, 0x8, 0xf7, 0x0, 0xff, 0x10, 0x0,
    0x0, 0x8f, 0x70, 0xf, 0xf1, 0x0, 0x0, 0x8,
    0xf7, 0x0, 0xff, 0x10, 0x0, 0x0, 0x5f, 0x50,
    0xc, 0xd0,

    /* U+00B7 "·" */
    0x3, 0x10, 0x9f, 0xf2, 0xef, 0xf5, 0x7f, 0xd1,

    /* U+00B8 "¸" */
    0x1, 0x40, 0x0, 0x8, 0xe0, 0x0, 0xa, 0xff,
    0x90, 0x23, 0x1c, 0xf0, 0xaf, 0xff, 0x90, 0x2,
    0x31, 0x0,

    /* U+00B9 "¹" */
    0x0, 0x7e, 0xa0, 0x3, 0xdf, 0xfd, 0x0, 0xaf,
    0xef, 0xd0, 0x2, 0x45, 0xfd, 0x0, 0x0, 0x5f,
    0xd0, 0x0, 0x5, 0xfd, 0x0, 0x0, 0x5f, 0xd0,
    0x0, 0x5, 0xfd, 0x0, 0x6d, 0xef, 0xfd, 0x68,
    0xff, 0xff, 0xf8,

    /* U+00BA "º" */
    0x3, 0xcf, 0xfa, 0x10, 0x2f, 0xe6, 0x8f, 0xd0,
    0x8f, 0x50, 0x9, 0xf4, 0x8f, 0x40, 0x8, 0xf5,
    0x4f, 0xb2, 0x3e, 0xf1, 0x7, 0xff, 0xfe, 0x40,
    0x0, 0x14, 0x30, 0x0,

    /* U+00BB "»" */
    0x0, 0x0, 0x0, 0x0, 0x8, 0xe2, 0x1, 0xea,
    0x0, 0xaf, 0xc0, 0x2f, 0xf5, 0x3, 0xff, 0x50,
    0xbf, 0xe0, 0xc, 0xfe, 0x3, 0xff, 0x70, 0xaf,
    0xf0, 0x1f, 0xf9, 0x1f, 0xf8, 0x8, 0xff, 0x29,
    0xfe, 0x1, 0xff, 0x70, 0xbf, 0x40, 0x2f, 0xd0,
    0x1, 0x20, 0x0, 0x31, 0x0,

    /* U+00BC "¼" */
    0x0, 0x16, 0x40, 0x0, 0x0, 0x0, 0x1d, 0x70,
    0x0, 0x0, 0x7e, 0xfd, 0x0, 0x0, 0x0, 0xa,
    0xfb, 0x0, 0x0, 0x9f, 0xff, 0xd0, 0x0, 0x0,
    0x3, 0xff, 0x20, 0x0, 0x5, 0x97, 0xfd, 0x0,
    0x0, 0x0, 0xcf, 0x90, 0x0, 0x0, 0x0, 0x5f,
    0xd0, 0x0, 0x0, 0x5f, 0xe1, 0x0, 0x0, 0x0,
    0x5, 0xfd, 0x0, 0x0, 0xe, 0xf6, 0x0, 0x0,
    0x0, 0x0, 0x5f, 0xd0, 0x0, 0x8, 0xfd, 0x0,
    0x3, 0x71, 0x0, 0x5, 0xfd, 0x0, 0x2, 0xff,
    0x40, 0x3, 0xff, 0x80, 0x7f, 0xff, 0xff, 0x80,
    0xaf, 0xb0, 0x0, 0xdf, 0xf8, 0x6, 0xdd, 0xdd,
    0xd6, 0x4f, 0xf2, 0x0, 0x9f, 0xff, 0x80, 0x0,
    0x0, 0x0, 0xd, 0xf8, 0x0, 0x5f, 0xaa, 0xf8,
    0x0, 0x0, 0x0, 0x6, 0xfe, 0x0, 0x1e, 0xd0,
    0xaf, 0x80, 0x0, 0x0, 0x1, 0xef, 0x60, 0xa,
    0xfe, 0xdf, 0xff, 0x80, 0x0, 0x0, 0x9f, 0xc0,
    0x0, 0xaf, 0xff, 0xff, 0xfb, 0x0, 0x0, 0x2f,
    0xf3, 0x0, 0x0, 0x0, 0xa, 0xf8, 0x0, 0x0,
    0x6, 0xfa, 0x0, 0x0, 0x0, 0x0, 0x6f, 0x50,
    0x0, 0x0, 0x5, 0x0, 0x0, 0x0, 0x0, 0x0,
    0x0, 0x0,

    /* U+00BD "½" */
    0x0, 0x16, 0x40, 0x0, 0x0, 0x0, 0x1d, 0x70,
    0x0, 0x0, 0x7, 0xef, 0xd0, 0x0, 0x0, 0x0,
    0xaf, 0xb0, 0x0, 0x0, 0x9f, 0xff, 0xd0, 0x0,
    0x0, 0x3, 0xff, 0x20, 0x0, 0x0, 0x59, 0x7f,
    0xd0, 0x0, 0x0, 0xc, 0xf9, 0x0, 0x0, 0x0,
    0x0, 0x5f, 0xd0, 0x0, 0x0, 0x5f, 0xe1, 0x0,
    0x0, 0x0, 0x0, 0x5f, 0xd0, 0x0, 0x0, 0xef,
    0x60, 0x0, 0x0, 0x0, 0x0, 0x5f, 0xd0, 0x0,
    0x8, 0xfd, 0x0, 0x0, 0x0, 0x0, 0x0, 0x5f,
    0xd0, 0x0, 0x2f, 0xf4, 0x8, 0xdf, 0xfa, 0x10,
    0x7f, 0xff, 0xff, 0x80, 0xaf, 0xb0, 0x7f, 0xfd,
    0xff, 0xb0, 0x6d, 0xdd, 0xdd, 0x64, 0xff, 0x20,
    0x15, 0x0, 0x8f, 0xe0, 0x0, 0x0, 0x0, 0xd,
    0xf8, 0x0, 0x0, 0x0, 0x9f, 0xb0, 0x0, 0x0,
    0x0, 0x6f, 0xe0, 0x0, 0x0, 0x4, 0xff, 0x30,
    0x0, 0x0, 0x1, 0xef, 0x60, 0x0, 0x0, 0x3f,
    0xf4, 0x0, 0x0, 0x0, 0x9, 0xfc, 0x0, 0x0,
    0x3, 0xff, 0x40, 0x0, 0x0, 0x0, 0x2f, 0xf3,
    0x0, 0x0, 0x1f, 0xff, 0xdd, 0xd4, 0x0, 0x0,
    0x6f, 0xa0, 0x0, 0x0, 0x2e, 0xff, 0xff, 0xf5,
    0x0, 0x0, 0x5, 0x0, 0x0, 0x0, 0x0, 0x0,
    0x0, 0x0,

    /* U+00BE "¾" */
    0x3, 0x9c, 0xc9, 0x20, 0x0, 0x0, 0x1, 0xd7,
    0x0, 0x0, 0x3f, 0xff, 0xff, 0xe0, 0x0, 0x0,
    0xa, 0xfb, 0x0, 0x0, 0x7, 0x30, 0x3f, 0xf3,
    0x0, 0x0, 0x3f, 0xf2, 0x0, 0x0, 0x0, 0x0,
    0x2f, 0xf1, 0x0, 0x0, 0xcf, 0x90, 0x0, 0x0,
    0x0, 0xdf, 0xff, 0x50, 0x0, 0x5, 0xfe, 0x10,
    0x0, 0x0, 0x0, 0xad, 0xef, 0xd1, 0x0, 0xe,
    0xf6, 0x0, 0x0, 0x0, 0x0, 0x0, 0xb, 0xf7,
    0x0, 0x8f, 0xd0, 0x0, 0x37, 0x10, 0x18, 0x30,
    0x1d, 0xf7, 0x2, 0xff, 0x40, 0x3, 0xff, 0x80,
    0x4f, 0xff, 0xff, 0xf2, 0xa, 0xfb, 0x0, 0xd,
    0xff, 0x80, 0x4, 0xac, 0xc9, 0x20, 0x4f, 0xf2,
    0x0, 0x9f, 0xef, 0x80, 0x0, 0x0, 0x0, 0x0,
    0xdf, 0x80, 0x5, 0xfa, 0xaf, 0x80, 0x0, 0x0,
    0x0, 0x6, 0xfe, 0x0, 0x1e, 0xd0, 0xaf, 0x80,
    0x0, 0x0, 0x0, 0x1e, 0xf6, 0x0, 0xaf, 0xed,
    0xff, 0xf8, 0x0, 0x0, 0x0, 0x9f, 0xc0, 0x0,
    0xaf, 0xff, 0xff, 0xfb, 0x0, 0x0, 0x2, 0xff,
    0x30, 0x0, 0x0, 0x0, 0xaf, 0x80, 0x0, 0x0,
    0x6, 0xfa, 0x0, 0x0, 0x0, 0x0, 0x6f, 0x50,
    0x0, 0x0, 0x0, 0x50, 0x0, 0x0, 0x0, 0x0,
    0x0, 0x0,

    /* U+00BF "¿" */
    0x0, 0x1, 0xcf, 0x60, 0x0, 0x0, 0x0, 0x5f,
    0xfd, 0x0, 0x0, 0x0, 0x2, 0xff, 0xa0, 0x0,
    0x0, 0x0, 0x1, 0x30, 0x0, 0x0, 0x0, 0x0,
    0x24, 0x0, 0x0, 0x0, 0x0, 0xb, 0xf0, 0x0,
    0x0, 0x0, 0x3, 0xff, 0x0, 0x0, 0x0, 0x2,
    0xef, 0x80, 0x0, 0x0, 0x3, 0xef, 0xc0, 0x0,
    0x0, 0x1, 0xef, 0xd0, 0x0, 0x0, 0x0, 0x7f,
    0xf4, 0x0, 0x0, 0x0, 0xa, 0xff, 0x30, 0x0,
    0x4, 0x30, 0x7f, 0xfe, 0x76, 0x8d, 0xff, 0x1,
    0xdf, 0xff, 0xff, 0xff, 0xa0, 0x1, 0x8d, 0xff,
    0xd9, 0x30, 0x0,

    /* U+00C0 "À" */
    0x0, 0x0, 0x2, 0x10, 0x0, 0x0, 0x0, 0x0,
    0x0, 0x0, 0x2f, 0xe0, 0x0, 0x0, 0x0, 0x0,
    0x0, 0x0, 0xd, 0xf9, 0x0, 0x0, 0x0, 0x0,
    0x0, 0x0, 0x1, 0xef, 0x40, 0x0, 0x0, 0x0,
    0x0, 0x0, 0x0, 0x2e, 0x70, 0x0, 0x0, 0x0,
    0x0, 0x0, 0x0, 0x0, 0x0, 0x0, 0x0, 0x0,
    0x0, 0x0, 0x0, 0x1d, 0xf5, 0x0, 0x0, 0x0,
    0x0, 0x0, 0x0, 0x8f, 0xfe, 0x0, 0x0, 0x0,
    0x0, 0x0, 0x0, 0xff, 0xff, 0x60, 0x0, 0x0,
    0x0, 0x0, 0x7, 0xff, 0xdf, 0xd0, 0x0, 0x0,
    0x0, 0x0, 0xe, 0xfa, 0x5f, 0xf4, 0x0, 0x0,
    0x0, 0x0, 0x5f, 0xf4, 0xe, 0xfb, 0x0, 0x0,
    0x0, 0x0, 0xcf, 0xd0, 0x7, 0xff, 0x30, 0x0,
    0x0, 0x3, 0xff, 0x60, 0x1, 0xff, 0xa0, 0x0,
    0x0, 0xb, 0xff, 0x0, 0x0, 0x9f, 0xf1, 0x0,
    0x0, 0x2f, 0xf9, 0x0, 0x0, 0x3f, 0xf8, 0x0,
    0x0, 0x9f, 0xff, 0xff, 0xff, 0xff, 0xfe, 0x0,
    0x1, 0xff, 0xff, 0xff, 0xff, 0xff, 0xff, 0x70,
    0x7, 0xff, 0x74, 0x44, 0x44, 0x44, 0xef, 0xd0,
    0xe, 0xfd, 0x0, 0x0, 0x0, 0x0, 0x7f, 0xf5,
    0x5f, 0xf7, 0x0, 0x0, 0x0, 0x0, 0x1f, 0xfb,
    0x3e, 0xc0, 0x0, 0x0, 0x0, 0x0, 0x7, 0xf9,

    /* U+00C1 "Á" */
    0x0, 0x0, 0x0, 0x0, 0x0, 0x30, 0x0, 0x0,
    0x0, 0x0, 0x0, 0x0, 0x7, 0xf9, 0x0, 0x0,
    0x0, 0x0, 0x0, 0x0, 0x3f, 0xf5, 0x0, 0x0,
    0x0, 0x0, 0x0, 0x0, 0xdf, 0x70, 0x0, 0x0,
    0x0, 0x0, 0x0, 0x1, 0xe8, 0x0, 0x0, 0x0,
    0x0, 0x0, 0x0, 0x0, 0x0, 0x0, 0x0, 0x0,
    0x0, 0x0, 0x0, 0x1d, 0xf5, 0x0, 0x0, 0x0,
    0x0, 0x0, 0x0, 0x8f, 0xfe, 0x0, 0x0, 0x0,
    0x0, 0x0, 0x0, 0xff, 0xff, 0x60, 0x0, 0x0,
    0x0, 0x0, 0x7, 0xff, 0xdf, 0xd0, 0x0, 0x0,
    0x0, 0x0, 0xe, 0xfa, 0x5f, 0xf4, 0x0, 0x0,
    0x0, 0x0, 0x5f, 0xf4, 0xe, 0xfb, 0x0, 0x0,
    0x0, 0x0, 0xcf, 0xd0, 0x7, 0xff, 0x30, 0x0,
    0x0, 0x3, 0xff, 0x60, 0x1, 0xff, 0xa0, 0x0,
    0x0, 0xb, 0xff, 0x0, 0x0, 0x9f, 0xf1, 0x0,
    0x0, 0x2f, 0xf9, 0x0, 0x0, 0x3f, 0xf8, 0x0,
    0x0, 0x9f, 0xff, 0xff, 0xff, 0xff, 0xfe, 0x0,
    0x1, 0xff, 0xff, 0xff, 0xff, 0xff, 0xff, 0x70,
    0x7, 0xff, 0x74, 0x44, 0x44, 0x44, 0xef, 0xd0,
    0xe, 0xfd, 0x0, 0x0, 0x0, 0x0, 0x7f, 0xf5,
    0x5f, 0xf7, 0x0, 0x0, 0x0, 0x0, 0x1f, 0xfb,
    0x3e, 0xc0, 0x0, 0x0, 0x0, 0x0, 0x7, 0xf9,

    /* U+00C2 "Â" */
    0x0, 0x0, 0x0, 0x2d, 0xf7, 0x0, 0x0, 0x0,
    0x0, 0x0, 0x1, 0xdf, 0xef, 0x50, 0x0, 0x0,
    0x0, 0x0, 0xb, 0xf7, 0x2e, 0xf2, 0x0, 0x0,
    0x0, 0x0, 0x1e, 0x80, 0x3, 0xe7, 0x0, 0x0,
    0x0, 0x0, 0x0, 0x0, 0x0, 0x0, 0x0, 0x0,
    0x0, 0x0, 0x0, 0x1d, 0xf5, 0x0, 0x0, 0x0,
    0x0, 0x0, 0x0, 0x8f, 0xfe, 0x0, 0x0, 0x0,
    0x0, 0x0, 0x0, 0xff, 0xff, 0x60, 0x0, 0x0,
    0x0, 0x0, 0x7, 0xff, 0xdf, 0xd0, 0x0, 0x0,
    0x0, 0x0, 0xe, 0xfa, 0x5f, 0xf4, 0x0, 0x0,
    0x0, 0x0, 0x5f, 0xf4, 0xe, 0xfb, 0x0, 0x0,
    0x0, 0x0, 0xcf, 0xd0, 0x7, 0xff, 0x30, 0x0,
    0x0, 0x3, 0xff, 0x60, 0x1, 0xff, 0xa0, 0x0,
    0x0, 0xb, 0xff, 0x0, 0x0, 0x9f, 0xf1, 0x0,
    0x0, 0x2f, 0xf9, 0x0, 0x0, 0x3f, 0xf8, 0x0,
    0x0, 0x9f, 0xff, 0xff, 0xff, 0xff, 0xfe, 0x0,
    0x1, 0xff, 0xff, 0xff, 0xff, 0xff, 0xff, 0x70,
    0x7, 0xff, 0x74, 0x44, 0x44, 0x44, 0xef, 0xd0,
    0xe, 0xfd, 0x0, 0x0, 0x0, 0x0, 0x7f, 0xf5,
    0x5f, 0xf7, 0x0, 0x0, 0x0, 0x0, 0x1f, 0xfb,
    0x3e, 0xc0, 0x0, 0x0, 0x0, 0x0, 0x7, 0xf9,

    /* U+00C3 "Ã" */
    0x0, 0x0, 0x2a, 0xc7, 0x0, 0x3, 0xb0, 0x0,
    0x0, 0x1, 0xef, 0xff, 0xd3, 0xc, 0xe0, 0x0,
    0x0, 0x7, 0xf4, 0x19, 0xff, 0xff, 0x80, 0x0,
    0x0, 0x8, 0xa0, 0x0, 0x5d, 0xe9, 0x0, 0x0,
    0x0, 0x0, 0x0, 0x0, 0x0, 0x0, 0x0, 0x0,
    0x0, 0x0, 0x0, 0x1d, 0xf5, 0x0, 0x0, 0x0,
    0x0, 0x0, 0x0, 0x8f, 0xfe, 0x0, 0x0, 0x0,
    0x0, 0x0, 0x0, 0xff, 0xff, 0x60, 0x0, 0x0,
    0x0, 0x0, 0x7, 0xff, 0xdf, 0xd0, 0x0, 0x0,
    0x0, 0x0, 0xe, 0xfa, 0x5f, 0xf4, 0x0, 0x0,
    0x0, 0x0, 0x5f, 0xf4, 0xe, 0xfb, 0x0, 0x0,
    0x0, 0x0, 0xcf, 0xd0, 0x7, 0xff, 0x30, 0x0,
    0x0, 0x3, 0xff, 0x60, 0x1, 0xff, 0xa0, 0x0,
    0x0, 0xb, 0xff, 0x0, 0x0, 0x9f, 0xf1, 0x0,
    0x0, 0x2f, 0xf9, 0x0, 0x0, 0x3f, 0xf8, 0x0,
    0x0, 0x9f, 0xff, 0xff, 0xff, 0xff, 0xfe, 0x0,
    0x1, 0xff, 0xff, 0xff, 0xff, 0xff, 0xff, 0x70,
    0x7, 0xff, 0x74, 0x44, 0x44, 0x44, 0xef, 0xd0,
    0xe, 0xfd, 0x0, 0x0, 0x0, 0x0, 0x7f, 0xf5,
    0x5f, 0xf7, 0x0, 0x0, 0x0, 0x0, 0x1f, 0xfb,
    0x3e, 0xc0, 0x0, 0x0, 0x0, 0x0, 0x7, 0xf9,

    /* U+00C4 "Ä" */
    0x0, 0x0, 0xd, 0xf3, 0xb, 0xf5, 0x0, 0x0,
    0x0, 0x0, 0x3f, 0xf7, 0xf, 0xf9, 0x0, 0x0,
    0x0, 0x0, 0x8, 0xa1, 0x7, 0xa3, 0x0, 0x0,
    0x0, 0x0, 0x0, 0x0, 0x0, 0x0, 0x0, 0x0,
    0x0, 0x0, 0x0, 0x1d, 0xf5, 0x0, 0x0, 0x0,
    0x0, 0x0, 0x0, 0x8f, 0xfe, 0x0, 0x0, 0x0,
    0x0, 0x0, 0x0, 0xff, 0xff, 0x60, 0x0, 0x0,
    0x0, 0x0, 0x7, 0xff, 0xdf, 0xd0, 0x0, 0x0,
    0x0, 0x0, 0xe, 0xfa, 0x5f, 0xf4, 0x0, 0x0,
    0x0, 0x0, 0x5f, 0xf4, 0xe, 0xfb, 0x0, 0x0,
    0x0, 0x0, 0xcf, 0xd0, 0x7, 0xff, 0x30, 0x0,
    0x0, 0x3, 0xff, 0x60, 0x1, 0xff, 0xa0, 0x0,
    0x0, 0xb, 0xff, 0x0, 0x0, 0x9f, 0xf1, 0x0,
    0x0, 0x2f, 0xf9, 0x0, 0x0, 0x3f, 0xf8, 0x0,
    0x0, 0x9f, 0xff, 0xff, 0xff, 0xff, 0xfe, 0x0,
    0x1, 0xff, 0xff, 0xff, 0xff, 0xff, 0xff, 0x70,
    0x7, 0xff, 0x74, 0x44, 0x44, 0x44, 0xef, 0xd0,
    0xe, 0xfd, 0x0, 0x0, 0x0, 0x0, 0x7f, 0xf5,
    0x5f, 0xf7, 0x0, 0x0, 0x0, 0x0, 0x1f, 0xfb,
    0x3e, 0xc0, 0x0, 0x0, 0x0, 0x0, 0x7, 0xf9,

    /* U+00C5 "Å" */
    0x0, 0x0, 0x0, 0x0, 0x0, 0x0, 0x0, 0x0,
    0x0, 0x0, 0x0, 0x7e, 0xfb, 0x10, 0x0, 0x0,
    0x0, 0x0, 0x4, 0xf7, 0x4d, 0xb0, 0x0, 0x0,
    0x0, 0x0, 0x8, 0xd0, 0x6, 0xf0, 0x0, 0x0,
    0x0, 0x0, 0x6, 0xf3, 0x1b, 0xc0, 0x0, 0x0,
    0x0, 0x0, 0x0, 0xaf, 0xfe, 0x30, 0x0, 0x0,
    0x0, 0x0, 0x0, 0x1, 0x30, 0x0, 0x0, 0x0,
    0x0, 0x0, 0x0, 0x1d, 0xf5, 0x0, 0x0, 0x0,
    0x0, 0x0, 0x0, 0x8f, 0xfe, 0x0, 0x0, 0x0,
    0x0, 0x0, 0x0, 0xff, 0xff, 0x60, 0x0, 0x0,
    0x0, 0x0, 0x7, 0xff, 0xdf, 0xd0, 0x0, 0x0,
    0x0, 0x0, 0xe, 0xfa, 0x5f, 0xf4, 0x0, 0x0,
    0x0, 0x0, 0x5f, 0xf4, 0xe, 0xfb, 0x0, 0x0,
    0x0, 0x0, 0xcf, 0xd0, 0x7, 0xff, 0x30, 0x0,
    0x0, 0x3, 0xff, 0x60, 0x1, 0xff, 0xa0, 0x0,
    0x0, 0xb, 0xff, 0x0, 0x0, 0x9f, 0xf1, 0x0,
    0x0, 0x2f, 0xf9, 0x0, 0x0, 0x3f, 0xf8, 0x0,
    0x0, 0x9f, 0xff, 0xff, 0xff, 0xff, 0xfe, 0x0,
    0x1, 0xff, 0xff, 0xff, 0xff, 0xff, 0xff, 0x70,
    0x7, 0xff, 0x74, 0x44, 0x44, 0x44, 0xef, 0xd0,
    0xe, 0xfd, 0x0, 0x0, 0x0, 0x0, 0x7f, 0xf5,
    0x5f, 0xf7, 0x0, 0x0, 0x0, 0x0, 0x1f, 0xfb,
    0x3e, 0xc0, 0x0, 0x0, 0x0, 0x0, 0x7, 0xf9,

    /* U+00C6 "Æ" */
    0x0, 0x0, 0x0, 0x0, 0x6, 0xff, 0xff, 0xff,
    0xff, 0xff, 0xfa, 0x0, 0x0, 0x0, 0x0, 0x1f,
    0xff, 0xff, 0xff, 0xff, 0xff, 0xfc, 0x0, 0x0,
    0x0, 0x0, 0xaf, 0xff, 0xf4, 0x44, 0x44, 0x44,
    0x31, 0x0, 0x0, 0x0, 0x4, 0xff, 0xdf, 0xf2,
    0x0, 0x0, 0x0, 0x0, 0x0, 0x0, 0x0, 0xd,
    0xfe, 0x4f, 0xf5, 0x0, 0x0, 0x0, 0x0, 0x0,
    0x0, 0x0, 0x8f, 0xf5, 0xf, 0xf9, 0x0, 0x0,
    0x0, 0x0, 0x0, 0x0, 0x2, 0xff, 0xb0, 0xc,
    0xfc, 0x44, 0x44, 0x44, 0x30, 0x0, 0x0, 0xb,
    0xff, 0x20, 0x8, 0xff, 0xff, 0xff, 0xff, 0xf5,
    0x0, 0x0, 0x5f, 0xf8, 0x0, 0x5, 0xff, 0xff,
    0xff, 0xff, 0xf3, 0x0, 0x0, 0xef, 0xe0, 0x0,
    0x1, 0xff, 0x60, 0x0, 0x0, 0x0, 0x0, 0x8,
    0xff, 0xff, 0xff, 0xff, 0xff, 0xa0, 0x0, 0x0,
    0x0, 0x0, 0x2f, 0xff, 0xff, 0xff, 0xff, 0xff,
    0xd0, 0x0, 0x0, 0x0, 0x0, 0xcf, 0xf5, 0x44,
    0x44, 0x44, 0x9f, 0xf0, 0x0, 0x0, 0x0, 0x5,
    0xff, 0x90, 0x0, 0x0, 0x0, 0x4f, 0xf8, 0x66,
    0x66, 0x62, 0xe, 0xfe, 0x10, 0x0, 0x0, 0x0,
    0x1f, 0xff, 0xff, 0xff, 0xfd, 0xd, 0xf5, 0x0,
    0x0, 0x0, 0x0, 0xa, 0xff, 0xff, 0xff, 0xfa,

    /* U+00C7 "Ç" */
    0x0, 0x0, 0x5b, 0xef, 0xfd, 0xa4, 0x0, 0x0,
    0x2d, 0xff, 0xff, 0xff, 0xff, 0xa0, 0x1, 0xef,
    0xff, 0xb8, 0x8b, 0xff, 0xf0, 0xb, 0xff, 0xc1,
    0x0, 0x0, 0x18, 0x50, 0x3f, 0xfe, 0x10, 0x0,
    0x0, 0x0, 0x0, 0x8f, 0xf8, 0x0, 0x0, 0x0,
    0x0, 0x0, 0xbf, 0xf4, 0x0, 0x0, 0x0, 0x0,
    0x0, 0xcf, 0xf3, 0x0, 0x0, 0x0, 0x0, 0x0,
    0xcf, 0xf3, 0x0, 0x0, 0x0, 0x0, 0x0, 0xbf,
    0xf5, 0x0, 0x0, 0x0, 0x0, 0x0, 0x8f, 0xf9,
    0x0, 0x0, 0x0, 0x0, 0x0, 0x3f, 0xff, 0x10,
    0x0, 0x0, 0x0, 0x0, 0xb, 0xff, 0xc1, 0x0,
    0x0, 0x17, 0x60, 0x2, 0xef, 0xff, 0xb8, 0x8b,
    0xff, 0xf0, 0x0, 0x2d, 0xff, 0xff, 0xff, 0xff,
    0x90, 0x0, 0x0, 0x5b, 0xef, 0xfd, 0x93, 0x0,
    0x0, 0x0, 0x0, 0x6f, 0x62, 0x0, 0x0, 0x0,
    0x0, 0x0, 0x49, 0xcf, 0x10, 0x0, 0x0, 0x0,
    0x4, 0x75, 0xbf, 0x20, 0x0, 0x0, 0x0, 0x5,
    0xef, 0xe7, 0x0, 0x0,

    /* U+00C8 "È" */
    0x0, 0x9, 0x70, 0x0, 0x0, 0x0, 0x0, 0x2f,
    0xf4, 0x0, 0x0, 0x0, 0x0, 0x7, 0xfe, 0x10,
    0x0, 0x0, 0x0, 0x0, 0x8f, 0x80, 0x0, 0x0,
    0x0, 0x0, 0x6, 0x20, 0x0, 0x0, 0x1d, 0xff,
    0xff, 0xff, 0xff, 0xe1, 0x4f, 0xff, 0xff, 0xff,
    0xff, 0xf1, 0x5f, 0xf8, 0x44, 0x44, 0x44, 0x20,
    0x5f, 0xf6, 0x0, 0x0, 0x0, 0x0, 0x5f, 0xf6,
    0x0, 0x0, 0x0, 0x0, 0x5f, 0xf6, 0x0, 0x0,
    0x0, 0x0, 0x5f, 0xf6, 0x0, 0x0, 0x0, 0x0,
    0x5f, 0xff, 0xff, 0xff, 0xff, 0x70, 0x5f, 0xff,
    0xff, 0xff, 0xff, 0x90, 0x5f, 0xf8, 0x44, 0x44,
    0x43, 0x0, 0x5f, 0xf6, 0x0, 0x0, 0x0, 0x0,
    0x5f, 0xf6, 0x0, 0x0, 0x0, 0x0, 0x5f, 0xf6,
    0x0, 0x0, 0x0, 0x0, 0x5f, 0xf8, 0x44, 0x44,
    0x44, 0x20, 0x4f, 0xff, 0xff, 0xff, 0xff, 0xf1,
    0x1d, 0xff, 0xff, 0xff, 0xff, 0xe1,

    /* U+00C9 "É" */
    0x0, 0x0, 0x0, 0x2, 0xb4, 0x0, 0x0, 0x0,
    0x0, 0xd, 0xf9, 0x0, 0x0, 0x0, 0x0, 0x8f,
    0xd1, 0x0, 0x0, 0x0, 0x1, 0xfe, 0x10, 0x0,
    0x0, 0x0, 0x0, 0x62, 0x0, 0x0, 0x1d, 0xff,
    0xff, 0xff, 0xff, 0xe1, 0x4f, 0xff, 0xff, 0xff,
    0xff, 0xf1, 0x5f, 0xf8, 0x44, 0x44, 0x44, 0x20,
    0x5f, 0xf6, 0x0, 0x0, 0x0, 0x0, 0x5f, 0xf6,
    0x0, 0x0, 0x0, 0x0, 0x5f, 0xf6, 0x0, 0x0,
    0x0, 0x0, 0x5f, 0xf6, 0x0, 0x0, 0x0, 0x0,
    0x5f, 0xff, 0xff, 0xff, 0xff, 0x70, 0x5f, 0xff,
    0xff, 0xff, 0xff, 0x90, 0x5f, 0xf8, 0x44, 0x44,
    0x43, 0x0, 0x5f, 0xf6, 0x0, 0x0, 0x0, 0x0,
    0x5f, 0xf6, 0x0, 0x0, 0x0, 0x0, 0x5f, 0xf6,
    0x0, 0x0, 0x0, 0x0, 0x5f, 0xf8, 0x44, 0x44,
    0x44, 0x20, 0x4f, 0xff, 0xff, 0xff, 0xff, 0xf1,
    0x1d, 0xff, 0xff, 0xff, 0xff, 0xe1,

    /* U+00CA "Ê" */
    0x0, 0x0, 0x2d, 0xf7, 0x0, 0x0, 0x0, 0x0,
    0xcf, 0xff, 0x30, 0x0, 0x0, 0x7, 0xfb, 0x5f,
    0xd0, 0x0, 0x0, 0x1f, 0xd1, 0x7, 0xf8, 0x0,
    0x0, 0x6, 0x20, 0x0, 0x62, 0x0, 0x1d, 0xff,
    0xff, 0xff, 0xff, 0xe1, 0x4f, 0xff, 0xff, 0xff,
    0xff, 0xf1, 0x5f, 0xf8, 0x44, 0x44, 0x44, 0x20,
    0x5f, 0xf6, 0x0, 0x0, 0x0, 0x0, 0x5f, 0xf6,
    0x0, 0x0, 0x0, 0x0, 0x5f, 0xf6, 0x0, 0x0,
    0x0, 0x0, 0x5f, 0xf6, 0x0, 0x0, 0x0, 0x0,
    0x5f, 0xff, 0xff, 0xff, 0xff, 0x70, 0x5f, 0xff,
    0xff, 0xff, 0xff, 0x90, 0x5f, 0xf8, 0x44, 0x44,
    0x43, 0x0, 0x5f, 0xf6, 0x0, 0x0, 0x0, 0x0,
    0x5f, 0xf6, 0x0, 0x0, 0x0, 0x0, 0x5f, 0xf6,
    0x0, 0x0, 0x0, 0x0, 0x5f, 0xf8, 0x44, 0x44,
    0x44, 0x20, 0x4f, 0xff, 0xff, 0xff, 0xff, 0xf1,
    0x1d, 0xff, 0xff, 0xff, 0xff, 0xe1,

    /* U+00CB "Ë" */
    0x0, 0xd, 0xf3, 0xb, 0xf5, 0x0, 0x0, 0x3f,
    0xf7, 0xf, 0xf9, 0x0, 0x0, 0x8, 0xa1, 0x7,
    0xa3, 0x0, 0x0, 0x0, 0x0, 0x0, 0x0, 0x0,
    0x1d, 0xff, 0xff, 0xff, 0xff, 0xe1, 0x4f, 0xff,
    0xff, 0xff, 0xff, 0xf1, 0x5f, 0xf8, 0x44, 0x44,
    0x44, 0x20, 0x5f, 0xf6, 0x0, 0x0, 0x0, 0x0,
    0x5f, 0xf6, 0x0, 0x0, 0x0, 0x0, 0x5f, 0xf6,
    0x0, 0x0, 0x0, 0x0, 0x5f, 0xf6, 0x0, 0x0,
    0x0, 0x0, 0x5f, 0xff, 0xff, 0xff, 0xff, 0x70,
    0x5f, 0xff, 0xff, 0xff, 0xff, 0x90, 0x5f, 0xf8,
    0x44, 0x44, 0x43, 0x0, 0x5f, 0xf6, 0x0, 0x0,
    0x0, 0x0, 0x5f, 0xf6, 0x0, 0x0, 0x0, 0x0,
    0x5f, 0xf6, 0x0, 0x0, 0x0, 0x0, 0x5f, 0xf8,
    0x44, 0x44, 0x44, 0x20, 0x4f, 0xff, 0xff, 0xff,
    0xff, 0xf1, 0x1d, 0xff, 0xff, 0xff, 0xff, 0xe1,

    /* U+00CC "Ì" */
    0x2, 0x10, 0x0, 0x4f, 0xd0, 0x0, 0x1e, 0xf8,
    0x0, 0x2, 0xff, 0x30, 0x0, 0x3e, 0x50, 0x0,
    0x0, 0x0, 0x0, 0x1d, 0xe3, 0x0, 0x4f, 0xf8,
    0x0, 0x5f, 0xf8, 0x0, 0x5f, 0xf8, 0x0, 0x5f,
    0xf8, 0x0, 0x5f, 0xf8, 0x0, 0x5f, 0xf8, 0x0,
    0x5f, 0xf8, 0x0, 0x5f, 0xf8, 0x0, 0x5f, 0xf8,
    0x0, 0x5f, 0xf8, 0x0, 0x5f, 0xf8, 0x0, 0x5f,
    0xf8, 0x0, 0x5f, 0xf8, 0x0, 0x4f, 0xf8, 0x0,
    0x1d, 0xe3,

    /* U+00CD "Í" */
    0x0, 0x0, 0x30, 0x0, 0x9, 0xf7, 0x0, 0x4f,
    0xf4, 0x1, 0xef, 0x50, 0x2, 0xe6, 0x0, 0x0,
    0x0, 0x0, 0x1d, 0xe3, 0x0, 0x4f, 0xf8, 0x0,
    0x5f, 0xf8, 0x0, 0x5f, 0xf8, 0x0, 0x5f, 0xf8,
    0x0, 0x5f, 0xf8, 0x0, 0x5f, 0xf8, 0x0, 0x5f,
    0xf8, 0x0, 0x5f, 0xf8, 0x0, 0x5f, 0xf8, 0x0,
    0x5f, 0xf8, 0x0, 0x5f, 0xf8, 0x0, 0x5f, 0xf8,
    0x0, 0x5f, 0xf8, 0x0, 0x4f, 0xf8, 0x0, 0x1d,
    0xe3, 0x0,

    /* U+00CE "Î" */
    0x0, 0x3e, 0xf6, 0x0, 0x1, 0xef, 0xef, 0x40,
    0xc, 0xf6, 0x3f, 0xe1, 0x2f, 0x70, 0x4, 0xf5,
    0x0, 0x0, 0x0, 0x0, 0x0, 0x1d, 0xe3, 0x0,
    0x0, 0x4f, 0xf8, 0x0, 0x0, 0x5f, 0xf8, 0x0,
    0x0, 0x5f, 0xf8, 0x0, 0x0, 0x5f, 0xf8, 0x0,
    0x0, 0x5f, 0xf8, 0x0, 0x0, 0x5f, 0xf8, 0x0,
    0x0, 0x5f, 0xf8, 0x0, 0x0, 0x5f, 0xf8, 0x0,
    0x0, 0x5f, 0xf8, 0x0, 0x0, 0x5f, 0xf8, 0x0,
    0x0, 0x5f, 0xf8, 0x0, 0x0, 0x5f, 0xf8, 0x0,
    0x0, 0x5f, 0xf8, 0x0, 0x0, 0x4f, 0xf8, 0x0,
    0x0, 0x1d, 0xe3, 0x0,

    /* U+00CF "Ï" */
    0x1e, 0xe2, 0xc, 0xf4, 0x4f, 0xf5, 0x2f, 0xf8,
    0x9, 0xa1, 0x8, 0xa2, 0x0, 0x0, 0x0, 0x0,
    0x0, 0x1d, 0xe3, 0x0, 0x0, 0x4f, 0xf8, 0x0,
    0x0, 0x5f, 0xf8, 0x0, 0x0, 0x5f, 0xf8, 0x0,
    0x0, 0x5f, 0xf8, 0x0, 0x0, 0x5f, 0xf8, 0x0,
    0x0, 0x5f, 0xf8, 0x0, 0x0, 0x5f, 0xf8, 0x0,
    0x0, 0x5f, 0xf8, 0x0, 0x0, 0x5f, 0xf8, 0x0,
    0x0, 0x5f, 0xf8, 0x0, 0x0, 0x5f, 0xf8, 0x0,
    0x0, 0x5f, 0xf8, 0x0, 0x0, 0x5f, 0xf8, 0x0,
    0x0, 0x4f, 0xf8, 0x0, 0x0, 0x1d, 0xe3, 0x0,

    /* U+00D0 "Ð" */
    0x0, 0x1d, 0xff, 0xff, 0xff, 0xd9, 0x30, 0x0,
    0x0, 0x4, 0xff, 0xff, 0xff, 0xff, 0xff, 0xb1,
    0x0, 0x0, 0x5f, 0xfa, 0x55, 0x56, 0xaf, 0xff,
    0xc0, 0x0, 0x5, 0xff, 0x80, 0x0, 0x0, 0x2d,
    0xff, 0x80, 0x0, 0x5f, 0xf8, 0x0, 0x0, 0x0,
    0x2f, 0xff, 0x0, 0x5, 0xff, 0x80, 0x0, 0x0,
    0x0, 0xbf, 0xf5, 0x0, 0x5f, 0xf8, 0x0, 0x0,
    0x0, 0x7, 0xff, 0x83, 0xff, 0xff, 0xff, 0xff,
    0xb0, 0x0, 0x5f, 0xf9, 0x3f, 0xff, 0xff, 0xff,
    0xfb, 0x0, 0x5, 0xff, 0x90, 0x5, 0xff, 0x81,
    0x11, 0x0, 0x0, 0x7f, 0xf7, 0x0, 0x5f, 0xf8,
    0x0, 0x0, 0x0, 0xb, 0xff, 0x50, 0x5, 0xff,
    0x80, 0x0, 0x0, 0x2, 0xff, 0xf0, 0x0, 0x5f,
    0xf8, 0x0, 0x0, 0x2, 0xdf, 0xf8, 0x0, 0x5,
    0xff, 0xa5, 0x55, 0x6a, 0xff, 0xfc, 0x0, 0x0,
    0x4f, 0xff, 0xff, 0xff, 0xff, 0xfa, 0x10, 0x0,
    0x1, 0xdf, 0xff, 0xff, 0xfd, 0x93, 0x0, 0x0,

    /* U+00D1 "Ñ" */
    0x0, 0x0, 0x46, 0x20, 0x0, 0x15, 0x0, 0x0,
    0xb, 0xff, 0xfa, 0x20, 0xaf, 0x0, 0x0, 0x6f,
    0x97, 0xdf, 0xff, 0xfa, 0x0, 0x0, 0x8b, 0x0,
    0x7, 0xde, 0xa0, 0x0, 0x0, 0x0, 0x0, 0x0,
    0x0, 0x0, 0x0, 0x1e, 0xd1, 0x0, 0x0, 0x0,
    0x8, 0xf7, 0x4f, 0xfc, 0x0, 0x0, 0x0, 0xd,
    0xfc, 0x5f, 0xff, 0x80, 0x0, 0x0, 0xd, 0xfc,
    0x5f, 0xff, 0xf5, 0x0, 0x0, 0xd, 0xfc, 0x5f,
    0xff, 0xfe, 0x20, 0x0, 0xd, 0xfc, 0x5f, 0xf8,
    0xff, 0xc0, 0x0, 0xd, 0xfc, 0x5f, 0xf5, 0x7f,
    0xf9, 0x0, 0xd, 0xfc, 0x5f, 0xf5, 0xb, 0xff,
    0x50, 0xd, 0xfc, 0x5f, 0xf5, 0x1, 0xdf, 0xf2,
    0xd, 0xfc, 0x5f, 0xf5, 0x0, 0x3f, 0xfc, 0xd,
    0xfc, 0x5f, 0xf5, 0x0, 0x6, 0xff, 0x9d, 0xfc,
    0x5f, 0xf5, 0x0, 0x0, 0xaf, 0xff, 0xfc, 0x5f,
    0xf5, 0x0, 0x0, 0xd, 0xff, 0xfc, 0x5f, 0xf5,
    0x0, 0x0, 0x2, 0xff, 0xfc, 0x4f, 0xf4, 0x0,
    0x0, 0x0, 0x5f, 0xfc, 0x1e, 0xe1, 0x0, 0x0,
    0x0, 0x8, 0xf7,

    /* U+00D2 "Ò" */
    0x0, 0x0, 0x2, 0x0, 0x0, 0x0, 0x0, 0x0,
    0x0, 0x0, 0xbf, 0x50, 0x0, 0x0, 0x0, 0x0,
    0x0, 0x0, 0x7f, 0xe1, 0x0, 0x0, 0x0, 0x0,
    0x0, 0x0, 0x9, 0xfb, 0x0, 0x0, 0x0, 0x0,
    0x0, 0x0, 0x0, 0xad, 0x0, 0x0, 0x0, 0x0,
    0x0, 0x0, 0x0, 0x0, 0x0, 0x0, 0x0, 0x0,
    0x0, 0x0, 0x6b, 0xef, 0xfc, 0x81, 0x0, 0x0,
    0x0, 0x2d, 0xff, 0xff, 0xff, 0xff, 0x50, 0x0,
    0x2, 0xef, 0xfe, 0x97, 0x7c, 0xff, 0xf5, 0x0,
    0xb, 0xff, 0xb0, 0x0, 0x0, 0x6f, 0xff, 0x10,
    0x3f, 0xfe, 0x0, 0x0, 0x0, 0xa, 0xff, 0x80,
    0x8f, 0xf8, 0x0, 0x0, 0x0, 0x3, 0xff, 0xd0,
    0xbf, 0xf4, 0x0, 0x0, 0x0, 0x0, 0xff, 0xf0,
    0xcf, 0xf2, 0x0, 0x0, 0x0, 0x0, 0xdf, 0xf1,
    0xcf, 0xf2, 0x0, 0x0, 0x0, 0x0, 0xdf, 0xf1,
    0xbf, 0xf4, 0x0, 0x0, 0x0, 0x0, 0xff, 0xf0,
    0x8f, 0xf8, 0x0, 0x0, 0x0, 0x3, 0xff, 0xc0,
    0x3f, 0xfe, 0x0, 0x0, 0x0, 0xa, 0xff, 0x70,
    0xb, 0xff, 0xb0, 0x0, 0x0, 0x7f, 0xff, 0x10,
    0x1, 0xef, 0xfe, 0x87, 0x8c, 0xff, 0xf5, 0x0,
    0x0, 0x2d, 0xff, 0xff, 0xff, 0xff, 0x50, 0x0,
    0x0, 0x0, 0x6b, 0xef, 0xfc, 0x81, 0x0, 0x0,

    /* U+00D3 "Ó" */
    0x0, 0x0, 0x0, 0x0, 0x2, 0x10, 0x0, 0x0,
    0x0, 0x0, 0x0, 0x0, 0x2f, 0xf0, 0x0, 0x0,
    0x0, 0x0, 0x0, 0x0, 0xcf, 0xb0, 0x0, 0x0,
    0x0, 0x0, 0x0, 0x6, 0xfc, 0x0, 0x0, 0x0,
    0x0, 0x0, 0x0, 0x9, 0xd1, 0x0, 0x0, 0x0,
    0x0, 0x0, 0x0, 0x0, 0x0, 0x0, 0x0, 0x0,
    0x0, 0x0, 0x6b, 0xef, 0xfc, 0x81, 0x0, 0x0,
    0x0, 0x2d, 0xff, 0xff, 0xff, 0xff, 0x50, 0x0,
    0x2, 0xef, 0xfe, 0x97, 0x7c, 0xff, 0xf5, 0x0,
    0xb, 0xff, 0xb0, 0x0, 0x0, 0x6f, 0xff, 0x10,
    0x3f, 0xfe, 0x0, 0x0, 0x0, 0xa, 0xff, 0x80,
    0x8f, 0xf8, 0x0, 0x0, 0x0, 0x3, 0xff, 0xd0,
    0xbf, 0xf4, 0x0, 0x0, 0x0, 0x0, 0xff, 0xf0,
    0xcf, 0xf2, 0x0, 0x0, 0x0, 0x0, 0xdf, 0xf1,
    0xcf, 0xf2, 0x0, 0x0, 0x0, 0x0, 0xdf, 0xf1,
    0xbf, 0xf4, 0x0, 0x0, 0x0, 0x0, 0xff, 0xf0,
    0x8f, 0xf8, 0x0, 0x0, 0x0, 0x3, 0xff, 0xc0,
    0x3f, 0xfe, 0x0, 0x0, 0x0, 0xa, 0xff, 0x70,
    0xb, 0xff, 0xb0, 0x0, 0x0, 0x7f, 0xff, 0x10,
    0x1, 0xef, 0xfe, 0x87, 0x8c, 0xff, 0xf5, 0x0,
    0x0, 0x2d, 0xff, 0xff, 0xff, 0xff, 0x50, 0x0,
    0x0, 0x0, 0x6b, 0xef, 0xfc, 0x81, 0x0, 0x0,

    /* U+00D4 "Ô" */
    0x0, 0x0, 0x0, 0x9f, 0xc1, 0x0, 0x0, 0x0,
    0x0, 0x0, 0x8, 0xfe, 0xfc, 0x0, 0x0, 0x0,
    0x0, 0x0, 0x4f, 0xd1, 0xaf, 0x80, 0x0, 0x0,
    0x0, 0x0, 0x9d, 0x10, 0xa, 0xd0, 0x0, 0x0,
    0x0, 0x0, 0x0, 0x0, 0x0, 0x0, 0x0, 0x0,
    0x0, 0x0, 0x6b, 0xef, 0xfc, 0x81, 0x0, 0x0,
    0x0, 0x2d, 0xff, 0xff, 0xff, 0xff, 0x50, 0x0,
    0x2, 0xef, 0xfe, 0x97, 0x7c, 0xff, 0xf5, 0x0,
    0xb, 0xff, 0xb0, 0x0, 0x0, 0x6f, 0xff, 0x10,
    0x3f, 0xfe, 0x0, 0x0, 0x0, 0xa, 0xff, 0x80,
    0x8f, 0xf8, 0x0, 0x0, 0x0, 0x3, 0xff, 0xd0,
    0xbf, 0xf4, 0x0, 0x0, 0x0, 0x0, 0xff, 0xf0,
    0xcf, 0xf2, 0x0, 0x0, 0x0, 0x0, 0xdf, 0xf1,
    0xcf, 0xf2, 0x0, 0x0, 0x0, 0x0, 0xdf, 0xf1,
    0xbf, 0xf4, 0x0, 0x0, 0x0, 0x0, 0xff, 0xf0,
    0x8f, 0xf8, 0x0, 0x0, 0x0, 0x3, 0xff, 0xc0,
    0x3f, 0xfe, 0x0, 0x0, 0x0, 0xa, 0xff, 0x70,
    0xb, 0xff, 0xb0, 0x0, 0x0, 0x7f, 0xff, 0x10,
    0x1, 0xef, 0xfe, 0x87, 0x8c, 0xff, 0xf5, 0x0,
    0x0, 0x2d, 0xff, 0xff, 0xff, 0xff, 0x50, 0x0,
    0x0, 0x0, 0x6b, 0xef, 0xfc, 0x81, 0x0, 0x0,

    /* U+00D5 "Õ" */
    0x0, 0x0, 0x8c, 0xa2, 0x0, 0xa, 0x40, 0x0,
    0x0, 0x9, 0xff, 0xff, 0x70, 0x5f, 0x50, 0x0,
    0x0, 0xf, 0xa0, 0x5e, 0xff, 0xfe, 0x0, 0x0,
    0x0, 0x2e, 0x20, 0x1, 0xaf, 0xc3, 0x0, 0x0,
    0x0, 0x0, 0x0, 0x0, 0x0, 0x0, 0x0, 0x0,
    0x0, 0x0, 0x6b, 0xef, 0xfc, 0x81, 0x0, 0x0,
    0x0, 0x2d, 0xff, 0xff, 0xff, 0xff, 0x50, 0x0,
    0x2, 0xef, 0xfe, 0x97, 0x7c, 0xff, 0xf5, 0x0,
    0xb, 0xff, 0xb0, 0x0, 0x0, 0x6f, 0xff, 0x10,
    0x3f, 0xfe, 0x0, 0x0, 0x0, 0xa, 0xff, 0x80,
    0x8f, 0xf8, 0x0, 0x0, 0x0, 0x3, 0xff, 0xd0,
    0xbf, 0xf4, 0x0, 0x0, 0x0, 0x0, 0xff, 0xf0,
    0xcf, 0xf2, 0x0, 0x0, 0x0, 0x0, 0xdf, 0xf1,
    0xcf, 0xf2, 0x0, 0x0, 0x0, 0x0, 0xdf, 0xf1,
    0xbf, 0xf4, 0x0, 0x0, 0x0, 0x0, 0xff, 0xf0,
    0x8f, 0xf8, 0x0, 0x0, 0x0, 0x3, 0xff, 0xc0,
    0x3f, 0xfe, 0x0, 0x0, 0x0, 0xa, 0xff, 0x70,
    0xb, 0xff, 0xb0, 0x0, 0x0, 0x7f, 0xff, 0x10,
    0x1, 0xef, 0xfe, 0x87, 0x8c, 0xff, 0xf5, 0x0,
    0x0, 0x2d, 0xff, 0xff, 0xff, 0xff, 0x50, 0x0,
    0x0, 0x0, 0x6b, 0xef, 0xfc, 0x81, 0x0, 0x0,

    /* U+00D6 "Ö" */
    0x0, 0x0, 0x7f, 0x90, 0x5f, 0xb0, 0x0, 0x0,
    0x0, 0x0, 0xcf, 0xe0, 0xaf, 0xf0, 0x0, 0x0,
    0x0, 0x0, 0x4b, 0x50, 0x3a, 0x70, 0x0, 0x0,
    0x0, 0x0, 0x0, 0x0, 0x0, 0x0, 0x0, 0x0,
    0x0, 0x0, 0x6b, 0xef, 0xfc, 0x81, 0x0, 0x0,
    0x0, 0x2d, 0xff, 0xff, 0xff, 0xff, 0x50, 0x0,
    0x2, 0xef, 0xfe, 0x97, 0x7c, 0xff, 0xf5, 0x0,
    0xb, 0xff, 0xb0, 0x0, 0x0, 0x6f, 0xff, 0x10,
    0x3f, 0xfe, 0x0, 0x0, 0x0, 0xa, 0xff, 0x80,
    0x8f, 0xf8, 0x0, 0x0, 0x0, 0x3, 0xff, 0xd0,
    0xbf, 0xf4, 0x0, 0x0, 0x0, 0x0, 0xff, 0xf0,
    0xcf, 0xf2, 0x0, 0x0, 0x0, 0x0, 0xdf, 0xf1,
    0xcf, 0xf2, 0x0, 0x0, 0x0, 0x0, 0xdf, 0xf1,
    0xbf, 0xf4, 0x0, 0x0, 0x0, 0x0, 0xff, 0xf0,
    0x8f, 0xf8, 0x0, 0x0, 0x0, 0x3, 0xff, 0xc0,
    0x3f, 0xfe, 0x0, 0x0, 0x0, 0xa, 0xff, 0x70,
    0xb, 0xff, 0xb0, 0x0, 0x0, 0x7f, 0xff, 0x10,
    0x1, 0xef, 0xfe, 0x87, 0x8c, 0xff, 0xf5, 0x0,
    0x0, 0x2d, 0xff, 0xff, 0xff, 0xff, 0x50, 0x0,
    0x0, 0x0, 0x6b, 0xef, 0xfc, 0x81, 0x0, 0x0,

    /* U+00D7 "×" */
    0x2e, 0x70, 0x0, 0x0, 0x5f, 0x53, 0xff, 0x70,
    0x0, 0x5f, 0xf5, 0x4, 0xff, 0x70, 0x4f, 0xf7,
    0x0, 0x4, 0xff, 0xaf, 0xf7, 0x0, 0x0, 0x4,
    0xff, 0xf7, 0x0, 0x0, 0x0, 0x4f, 0xff, 0x60,
    0x0, 0x0, 0x3f, 0xfa, 0xff, 0x60, 0x0, 0x3f,
    0xf8, 0x5, 0xff, 0x60, 0x2f, 0xf8, 0x0, 0x5,
    0xff, 0x42, 0xe8, 0x0, 0x0, 0x5, 0xe4,

    /* U+00D8 "Ø" */
    0x0, 0x0, 0x0, 0x0, 0x0, 0x6, 0x90, 0x0,
    0x0, 0x0, 0x6b, 0xef, 0xfc, 0x8f, 0xf4, 0x0,
    0x0, 0x2d, 0xff, 0xff, 0xff, 0xff, 0xd0, 0x0,
    0x2, 0xef, 0xfe, 0x97, 0x7d, 0xff, 0xf5, 0x0,
    0xb, 0xff, 0xb0, 0x0, 0xc, 0xff, 0xff, 0x10,
    0x3f, 0xfe, 0x0, 0x0, 0x6f, 0xfb, 0xff, 0x80,
    0x8f, 0xf8, 0x0, 0x0, 0xef, 0x73, 0xff, 0xd0,
    0xbf, 0xf4, 0x0, 0x8, 0xfd, 0x0, 0xff, 0xf0,
    0xcf, 0xf2, 0x0, 0x2f, 0xf4, 0x0, 0xdf, 0xf1,
    0xcf, 0xf2, 0x0, 0xbf, 0xb0, 0x0, 0xdf, 0xf1,
    0xbf, 0xf4, 0x4, 0xff, 0x20, 0x0, 0xff, 0xf0,
    0x8f, 0xf8, 0xd, 0xf8, 0x0, 0x3, 0xff, 0xc0,
    0x3f, 0xfe, 0x8f, 0xe0, 0x0, 0xa, 0xff, 0x70,
    0xb, 0xff, 0xff, 0x50, 0x0, 0x7f, 0xff, 0x10,
    0x1, 0xef, 0xff, 0x97, 0x8c, 0xff, 0xf5, 0x0,
    0x0, 0x5f, 0xff, 0xff, 0xff, 0xff, 0x50, 0x0,
    0x0, 0xcf, 0xcb, 0xef, 0xfc, 0x81, 0x0, 0x0,
    0x0, 0xef, 0x10, 0x0, 0x0, 0x0, 0x0, 0x0,
    0x0, 0x1, 0x0, 0x0, 0x0, 0x0, 0x0, 0x0,

    /* U+00D9 "Ù" */
    0x0, 0x0, 0x21, 0x0, 0x0, 0x0, 0x0, 0x0,
    0x3, 0xfd, 0x0, 0x0, 0x0, 0x0, 0x0, 0x1,
    0xef, 0x80, 0x0, 0x0, 0x0, 0x0, 0x0, 0x2e,
    0xf3, 0x0, 0x0, 0x0, 0x0, 0x0, 0x3, 0xe6,
    0x0, 0x0, 0x0, 0x0, 0x0, 0x0, 0x0, 0x0,
    0x0, 0x0, 0x2e, 0xe2, 0x0, 0x0, 0x0, 0xc,
    0xf5, 0x6f, 0xf6, 0x0, 0x0, 0x0, 0x2f, 0xfa,
    0x6f, 0xf6, 0x0, 0x0, 0x0, 0x2f, 0xfa, 0x6f,
    0xf6, 0x0, 0x0, 0x0, 0x2f, 0xfa, 0x6f, 0xf6,
    0x0, 0x0, 0x0, 0x2f, 0xfa, 0x6f, 0xf6, 0x0,
    0x0, 0x0, 0x2f, 0xfa, 0x6f, 0xf6, 0x0, 0x0,
    0x0, 0x2f, 0xfa, 0x6f, 0xf6, 0x0, 0x0, 0x0,
    0x2f, 0xfa, 0x6f, 0xf6, 0x0, 0x0, 0x0, 0x2f,
    0xfa, 0x6f, 0xf6, 0x0, 0x0, 0x0, 0x2f, 0xfa,
    0x5f, 0xf7, 0x0, 0x0, 0x0, 0x3f, 0xf9, 0x3f,
    0xfc, 0x0, 0x0, 0x0, 0x7f, 0xf6, 0xe, 0xff,
    0x60, 0x0, 0x2, 0xff, 0xf2, 0x6, 0xff, 0xfb,
    0x77, 0x9f, 0xff, 0xa0, 0x0, 0x8f, 0xff, 0xff,
    0xff, 0xfb, 0x0, 0x0, 0x3, 0xad, 0xff, 0xeb,
    0x50, 0x0,

    /* U+00DA "Ú" */
    0x0, 0x0, 0x0, 0x0, 0x3, 0x0, 0x0, 0x0,
    0x0, 0x0, 0x0, 0x9f, 0x80, 0x0, 0x0, 0x0,
    0x0, 0x4, 0xff, 0x40, 0x0, 0x0, 0x0, 0x0,
    0xe, 0xf6, 0x0, 0x0, 0x0, 0x0, 0x0, 0x2e,
    0x70, 0x0, 0x0, 0x0, 0x0, 0x0, 0x0, 0x0,
    0x0, 0x0, 0x2e, 0xe2, 0x0, 0x0, 0x0, 0xc,
    0xf5, 0x6f, 0xf6, 0x0, 0x0, 0x0, 0x2f, 0xfa,
    0x6f, 0xf6, 0x0, 0x0, 0x0, 0x2f, 0xfa, 0x6f,
    0xf6, 0x0, 0x0, 0x0, 0x2f, 0xfa, 0x6f, 0xf6,
    0x0, 0x0, 0x0, 0x2f, 0xfa, 0x6f, 0xf6, 0x0,
    0x0, 0x0, 0x2f, 0xfa, 0x6f, 0xf6, 0x0, 0x0,
    0x0, 0x2f, 0xfa, 0x6f, 0xf6, 0x0, 0x0, 0x0,
    0x2f, 0xfa, 0x6f, 0xf6, 0x0, 0x0, 0x0, 0x2f,
    0xfa, 0x6f, 0xf6, 0x0, 0x0, 0x0, 0x2f, 0xfa,
    0x5f, 0xf7, 0x0, 0x0, 0x0, 0x3f, 0xf9, 0x3f,
    0xfc, 0x0, 0x0, 0x0, 0x7f, 0xf6, 0xe, 0xff,
    0x60, 0x0, 0x2, 0xff, 0xf2, 0x6, 0xff, 0xfb,
    0x77, 0x9f, 0xff, 0xa0, 0x0, 0x8f, 0xff, 0xff,
    0xff, 0xfb, 0x0, 0x0, 0x3, 0xad, 0xff, 0xeb,
    0x50, 0x0,

    /* U+00DB "Û" */
    0x0, 0x0, 0x3, 0xdf, 0x60, 0x0, 0x0, 0x0,
    0x0, 0x1e, 0xfe, 0xf4, 0x0, 0x0, 0x0, 0x0,
    0xcf, 0x62, 0xfe, 0x20, 0x0, 0x0, 0x2, 0xe7,
    0x0, 0x3f, 0x60, 0x0, 0x0, 0x0, 0x0, 0x0,
    0x0, 0x0, 0x0, 0x2e, 0xe2, 0x0, 0x0, 0x0,
    0xc, 0xf5, 0x6f, 0xf6, 0x0, 0x0, 0x0, 0x2f,
    0xfa, 0x6f, 0xf6, 0x0, 0x0, 0x0, 0x2f, 0xfa,
    0x6f, 0xf6, 0x0, 0x0, 0x0, 0x2f, 0xfa, 0x6f,
    0xf6, 0x0, 0x0, 0x0, 0x2f, 0xfa, 0x6f, 0xf6,
    0x0, 0x0, 0x0, 0x2f, 0xfa, 0x6f, 0xf6, 0x0,
    0x0, 0x0, 0x2f, 0xfa, 0x6f, 0xf6, 0x0, 0x0,
    0x0, 0x2f, 0xfa, 0x6f, 0xf6, 0x0, 0x0, 0x0,
    0x2f, 0xfa, 0x6f, 0xf6, 0x0, 0x0, 0x0, 0x2f,
    0xfa, 0x5f, 0xf7, 0x0, 0x0, 0x0, 0x3f, 0xf9,
    0x3f, 0xfc, 0x0, 0x0, 0x0, 0x7f, 0xf6, 0xe,
    0xff, 0x60, 0x0, 0x2, 0xff, 0xf2, 0x6, 0xff,
    0xfb, 0x77, 0x9f, 0xff, 0xa0, 0x0, 0x8f, 0xff,
    0xff, 0xff, 0xfb, 0x0, 0x0, 0x3, 0xad, 0xff,
    0xeb, 0x50, 0x0,

    /* U+00DC "Ü" */
    0x0, 0x1, 0xde, 0x30, 0xcf, 0x40, 0x0, 0x0,
    0x4, 0xff, 0x61, 0xff, 0x80, 0x0, 0x0, 0x0,
    0x9a, 0x10, 0x8a, 0x20, 0x0, 0x0, 0x0, 0x0,
    0x0, 0x0, 0x0, 0x0, 0x2e, 0xe2, 0x0, 0x0,
    0x0, 0xc, 0xf5, 0x6f, 0xf6, 0x0, 0x0, 0x0,
    0x2f, 0xfa, 0x6f, 0xf6, 0x0, 0x0, 0x0, 0x2f,
    0xfa, 0x6f, 0xf6, 0x0, 0x0, 0x0, 0x2f, 0xfa,
    0x6f, 0xf6, 0x0, 0x0, 0x0, 0x2f, 0xfa, 0x6f,
    0xf6, 0x0, 0x0, 0x0, 0x2f, 0xfa, 0x6f, 0xf6,
    0x0, 0x0, 0x0, 0x2f, 0xfa, 0x6f, 0xf6, 0x0,
    0x0, 0x0, 0x2f, 0xfa, 0x6f, 0xf6, 0x0, 0x0,
    0x0, 0x2f, 0xfa, 0x6f, 0xf6, 0x0, 0x0, 0x0,
    0x2f, 0xfa, 0x5f, 0xf7, 0x0, 0x0, 0x0, 0x3f,
    0xf9, 0x3f, 0xfc, 0x0, 0x0, 0x0, 0x7f, 0xf6,
    0xe, 0xff, 0x60, 0x0, 0x2, 0xff, 0xf2, 0x6,
    0xff, 0xfb, 0x77, 0x9f, 0xff, 0xa0, 0x0, 0x8f,
    0xff, 0xff, 0xff, 0xfb, 0x0, 0x0, 0x3, 0xad,
    0xff, 0xeb, 0x50, 0x0,

    /* U+00DD "Ý" */
    0x0, 0x0, 0x0, 0x0, 0x12, 0x0, 0x0, 0x0,
    0x0, 0x0, 0x0, 0xdf, 0x30, 0x0, 0x0, 0x0,
    0x0, 0x9, 0xfd, 0x10, 0x0, 0x0, 0x0, 0x0,
    0x4f, 0xe2, 0x0, 0x0, 0x0, 0x0, 0x0, 0x6e,
    0x20, 0x0, 0x0, 0x0, 0x0, 0x0, 0x0, 0x0,
    0x0, 0x0, 0x4f, 0xb0, 0x0, 0x0, 0x0, 0x3e,
    0xe1, 0x7f, 0xfa, 0x0, 0x0, 0x0, 0xef, 0xf1,
    0xd, 0xff, 0x50, 0x0, 0xa, 0xff, 0x80, 0x3,
    0xff, 0xe1, 0x0, 0x5f, 0xfc, 0x0, 0x0, 0x8f,
    0xfb, 0x1, 0xef, 0xf2, 0x0, 0x0, 0xc, 0xff,
    0x6b, 0xff, 0x60, 0x0, 0x0, 0x2, 0xff, 0xff,
    0xfb, 0x0, 0x0, 0x0, 0x0, 0x6f, 0xff, 0xe1,
    0x0, 0x0, 0x0, 0x0, 0xc, 0xff, 0x60, 0x0,
    0x0, 0x0, 0x0, 0x9, 0xff, 0x30, 0x0, 0x0,
    0x0, 0x0, 0x9, 0xff, 0x30, 0x0, 0x0, 0x0,
    0x0, 0x9, 0xff, 0x30, 0x0, 0x0, 0x0, 0x0,
    0x9, 0xff, 0x30, 0x0, 0x0, 0x0, 0x0, 0x9,
    0xff, 0x30, 0x0, 0x0, 0x0, 0x0, 0x9, 0xff,
    0x30, 0x0, 0x0, 0x0, 0x0, 0x4, 0xfd, 0x0,
    0x0, 0x0,

    /* U+00DE "Þ" */
    0x1d, 0xe3, 0x0, 0x0, 0x0, 0x0, 0x4, 0xff,
    0x80, 0x0, 0x0, 0x0, 0x0, 0x5f, 0xf8, 0x0,
    0x0, 0x0, 0x0, 0x5, 0xff, 0xff, 0xff, 0xfe,
    0xb5, 0x0, 0x5f, 0xff, 0xff, 0xff, 0xff, 0xf8,
    0x5, 0xff, 0xa3, 0x33, 0x47, 0xff, 0xf4, 0x5f,
    0xf8, 0x0, 0x0, 0x4, 0xff, 0x95, 0xff, 0x80,
    0x0, 0x0, 0xf, 0xfc, 0x5f, 0xf8, 0x0, 0x0,
    0x0, 0xff, 0xc5, 0xff, 0x80, 0x0, 0x0, 0x4f,
    0xf9, 0x5f, 0xf9, 0x33, 0x34, 0x7f, 0xff, 0x45,
    0xff, 0xff, 0xff, 0xff, 0xff, 0x80, 0x5f, 0xff,
    0xff, 0xff, 0xeb, 0x40, 0x5, 0xff, 0x80, 0x0,
    0x0, 0x0, 0x0, 0x4f, 0xf8, 0x0, 0x0, 0x0,
    0x0, 0x1, 0xdf, 0x30, 0x0, 0x0, 0x0, 0x0,

    /* U+00DF "ß" */
    0x0, 0x18, 0xdf, 0xfd, 0x81, 0x0, 0x0, 0x2e,
    0xff, 0xff, 0xff, 0xd0, 0x0, 0xd, 0xff, 0x60,
    0x9, 0xff, 0x40, 0x4, 0xff, 0x80, 0x0, 0x4f,
    0xf5, 0x0, 0x7f, 0xf4, 0x0, 0xb, 0xff, 0x10,
    0x8, 0xff, 0x30, 0xa, 0xff, 0x40, 0x0, 0x9f,
    0xf3, 0x6, 0xff, 0x50, 0x0, 0x9, 0xff, 0x30,
    0xcf, 0xb0, 0x0, 0x0, 0x9f, 0xf3, 0xc, 0xfe,
    0x40, 0x0, 0x9, 0xff, 0x30, 0x6f, 0xff, 0xe8,
    0x10, 0x9f, 0xf3, 0x0, 0x5d, 0xff, 0xfe, 0x39,
    0xff, 0x30, 0x0, 0x2, 0x9f, 0xfb, 0x9f, 0xf3,
    0x0, 0x0, 0x0, 0xbf, 0xd9, 0xff, 0x37, 0xe7,
    0x31, 0x3e, 0xfb, 0x8f, 0xf2, 0x8f, 0xff, 0xff,
    0xff, 0x34, 0xfc, 0x0, 0x5b, 0xef, 0xeb, 0x30,

    /* U+00E0 "à" */
    0x0, 0x0, 0x0, 0x0, 0x0, 0x0, 0x1, 0xed,
    0x0, 0x0, 0x0, 0x0, 0x1f, 0xf6, 0x0, 0x0,
    0x0, 0x0, 0x6f, 0xe0, 0x0, 0x0, 0x0, 0x0,
    0xaf, 0x60, 0x0, 0x0, 0x0, 0x1, 0xe8, 0x0,
    0x0, 0x0, 0x0, 0x0, 0x0, 0x0, 0x0, 0x4,
    0x9d, 0xff, 0xd9, 0x10, 0x4, 0xff, 0xff, 0xff,
    0xfd, 0x0, 0x3d, 0x94, 0x12, 0x9f, 0xf6, 0x0,
    0x0, 0x0, 0x0, 0xff, 0x90, 0x0, 0x47, 0x89,
    0x9f, 0xfa, 0x3, 0xef, 0xff, 0xff, 0xff, 0xa0,
    0xdf, 0xe5, 0x10, 0xf, 0xfa, 0xf, 0xfa, 0x0,
    0x2, 0xff, 0xa0, 0xef, 0xe2, 0x1, 0xcf, 0xfa,
    0x6, 0xff, 0xfe, 0xfd, 0xef, 0xa0, 0x4, 0xcf,
    0xfb, 0x29, 0xf6,

    /* U+00E1 "á" */
    0x0, 0x0, 0x0, 0x0, 0x0, 0x0, 0x0, 0x0,
    0x0, 0x9f, 0x40, 0x0, 0x0, 0x0, 0x2f, 0xf5,
    0x0, 0x0, 0x0, 0xa, 0xfa, 0x0, 0x0, 0x0,
    0x2, 0xfe, 0x10, 0x0, 0x0, 0x0, 0x4f, 0x40,
    0x0, 0x0, 0x0, 0x0, 0x0, 0x0, 0x0, 0x4,
    0x9d, 0xff, 0xd9, 0x10, 0x4, 0xff, 0xff, 0xff,
    0xfd, 0x0, 0x3d, 0x94, 0x12, 0x9f, 0xf6, 0x0,
    0x0, 0x0, 0x0, 0xff, 0x90, 0x0, 0x47, 0x89,
    0x9f, 0xfa, 0x3, 0xef, 0xff, 0xff, 0xff, 0xa0,
    0xdf, 0xe5, 0x10, 0xf, 0xfa, 0xf, 0xfa, 0x0,
    0x2, 0xff, 0xa0, 0xef, 0xe2, 0x1, 0xcf, 0xfa,
    0x6, 0xff, 0xfe, 0xfd, 0xef, 0xa0, 0x4, 0xcf,
    0xfb, 0x29, 0xf6,

    /* U+00E2 "â" */
    0x0, 0x0, 0x5, 0x60, 0x0, 0x0, 0x0, 0x5,
    0xff, 0xa0, 0x0, 0x0, 0x0, 0xef, 0xef, 0x30,
    0x0, 0x0, 0x7f, 0x84, 0xfb, 0x0, 0x0, 0xe,
    0xd0, 0x9, 0xf3, 0x0, 0x0, 0x93, 0x0, 0x1a,
    0x20, 0x0, 0x0, 0x0, 0x0, 0x0, 0x0, 0x4,
    0x9d, 0xff, 0xd9, 0x10, 0x4, 0xff, 0xff, 0xff,
    0xfd, 0x0, 0x3d, 0x94, 0x12, 0x9f, 0xf6, 0x0,
    0x0, 0x0, 0x0, 0xff, 0x90, 0x0, 0x47, 0x89,
    0x9f, 0xfa, 0x3, 0xef, 0xff, 0xff, 0xff, 0xa0,
    0xdf, 0xe5, 0x10, 0xf, 0xfa, 0xf, 0xfa, 0x0,
    0x2, 0xff, 0xa0, 0xef, 0xe2, 0x1, 0xcf, 0xfa,
    0x6, 0xff, 0xfe, 0xfd, 0xef, 0xa0, 0x4, 0xcf,
    0xfb, 0x29, 0xf6,

    /* U+00E3 "ã" */
    0x0, 0x8, 0xc7, 0x0, 0xb, 0x30, 0x7, 0xff,
    0xfa, 0x6, 0xf3, 0x0, 0xeb, 0x7, 0xff, 0xfd,
    0x0, 0xe, 0x30, 0x6, 0xed, 0x20, 0x0, 0x0,
    0x0, 0x0, 0x0, 0x0, 0x0, 0x0, 0x0, 0x0,
    0x0, 0x0, 0x49, 0xdf, 0xfd, 0x91, 0x0, 0x4f,
    0xff, 0xff, 0xff, 0xd0, 0x3, 0xd9, 0x41, 0x29,
    0xff, 0x60, 0x0, 0x0, 0x0, 0xf, 0xf9, 0x0,
    0x4, 0x78, 0x99, 0xff, 0xa0, 0x3e, 0xff, 0xff,
    0xff, 0xfa, 0xd, 0xfe, 0x51, 0x0, 0xff, 0xa0,
    0xff, 0xa0, 0x0, 0x2f, 0xfa, 0xe, 0xfe, 0x20,
    0x1c, 0xff, 0xa0, 0x6f, 0xff, 0xef, 0xde, 0xfa,
    0x0, 0x4c, 0xff, 0xb2, 0x9f, 0x60,

    /* U+00E4 "ä" */
    0x0, 0x1d, 0xe3, 0xc, 0xf4, 0x0, 0x4, 0xff,
    0x61, 0xff, 0x80, 0x0, 0x9, 0xa1, 0x8, 0xa2,
    0x0, 0x0, 0x0, 0x0, 0x0, 0x0, 0x0, 0x0,
    0x0, 0x0, 0x0, 0x0, 0x4, 0x9d, 0xff, 0xd9,
    0x10, 0x4, 0xff, 0xff, 0xff, 0xfd, 0x0, 0x3d,
    0x94, 0x12, 0x9f, 0xf6, 0x0, 0x0, 0x0, 0x0,
    0xff, 0x90, 0x0, 0x47, 0x89, 0x9f, 0xfa, 0x3,
    0xef, 0xff, 0xff, 0xff, 0xa0, 0xdf, 0xe5, 0x10,
    0xf, 0xfa, 0xf, 0xfa, 0x0, 0x2, 0xff, 0xa0,
    0xef, 0xe2, 0x1, 0xcf, 0xfa, 0x6, 0xff, 0xfe,
    0xfd, 0xef, 0xa0, 0x4, 0xcf, 0xfb, 0x29, 0xf6,

    /* U+00E5 "å" */
    0x0, 0x0, 0x0, 0x0, 0x0, 0x0, 0x0, 0x6,
    0xef, 0xa0, 0x0, 0x0, 0x4, 0xf7, 0x4e, 0x80,
    0x0, 0x0, 0x9c, 0x0, 0x8d, 0x0, 0x0, 0x9,
    0xc0, 0x7, 0xd0, 0x0, 0x0, 0x5f, 0x42, 0xd9,
    0x0, 0x0, 0x0, 0x9f, 0xfc, 0x10, 0x0, 0x0,
    0x0, 0x12, 0x0, 0x0, 0x0, 0x49, 0xdf, 0xfd,
    0x91, 0x0, 0x4f, 0xff, 0xff, 0xff, 0xd0, 0x3,
    0xd9, 0x41, 0x29, 0xff, 0x60, 0x0, 0x0, 0x0,
    0xf, 0xf9, 0x0, 0x4, 0x78, 0x99, 0xff, 0xa0,
    0x3e, 0xff, 0xff, 0xff, 0xfa, 0xd, 0xfe, 0x51,
    0x0, 0xff, 0xa0, 0xff, 0xa0, 0x0, 0x2f, 0xfa,
    0xe, 0xfe, 0x20, 0x1c, 0xff, 0xa0, 0x6f, 0xff,
    0xef, 0xde, 0xfa, 0x0, 0x4c, 0xff, 0xb2, 0x9f,
    0x60,

    /* U+00E6 "æ" */
    0x0, 0x39, 0xdf, 0xfd, 0x70, 0x2a, 0xef, 0xe9,
    0x10, 0x0, 0x4f, 0xff, 0xff, 0xff, 0xcf, 0xff,
    0xff, 0xfe, 0x20, 0x2, 0xd9, 0x41, 0x29, 0xff,
    0xfd, 0x41, 0x4d, 0xfb, 0x0, 0x0, 0x0, 0x0,
    0xf, 0xff, 0x10, 0x0, 0x3f, 0xf1, 0x0, 0x4,
    0x68, 0x99, 0xff, 0xe9, 0x99, 0x99, 0xff, 0x30,
    0x3e, 0xff, 0xff, 0xff, 0xff, 0xff, 0xff, 0xff,
    0xf3, 0xd, 0xfe, 0x51, 0x0, 0xff, 0xc0, 0x0,
    0x0, 0x0, 0x0, 0xff, 0xa0, 0x0, 0x2f, 0xff,
    0x10, 0x0, 0x0, 0x0, 0xe, 0xfe, 0x20, 0x1c,
    0xfe, 0xfb, 0x20, 0x1, 0x8a, 0x0, 0x5f, 0xff,
    0xef, 0xf9, 0x3f, 0xff, 0xef, 0xff, 0xf1, 0x0,
    0x4b, 0xff, 0xd6, 0x0, 0x29, 0xdf, 0xfd, 0x92,
    0x0,

    /* U+00E7 "ç" */
    0x0, 0x5, 0xbf, 0xfe, 0xa2, 0x0, 0xa, 0xff,
    0xff, 0xff, 0xf0, 0x7, 0xff, 0xd5, 0x24, 0xab,
    0x0, 0xef, 0xf2, 0x0, 0x0, 0x0, 0x1f, 0xfc,
    0x0, 0x0, 0x0, 0x2, 0xff, 0xa0, 0x0, 0x0,
    0x0, 0x1f, 0xfc, 0x0, 0x0, 0x0, 0x0, 0xdf,
    0xf2, 0x0, 0x0, 0x0, 0x6, 0xff, 0xe5, 0x24,
    0xaa, 0x0, 0x9, 0xff, 0xff, 0xff, 0xe0, 0x0,
    0x5, 0xbf, 0xfe, 0x92, 0x0, 0x0, 0x0, 0xcd,
    0x50, 0x0, 0x0, 0x0, 0x8, 0x9f, 0xb0, 0x0,
    0x0, 0x7, 0x66, 0xed, 0x0, 0x0, 0x0, 0xaf,
    0xfc, 0x30, 0x0,

    /* U+00E8 "è" */
    0x0, 0x0, 0x0, 0x0, 0x0, 0x0, 0x0, 0xd,
    0xe1, 0x0, 0x0, 0x0, 0x0, 0xe, 0xf8, 0x0,
    0x0, 0x0, 0x0, 0x4, 0xff, 0x10, 0x0, 0x0,
    0x0, 0x0, 0x9f, 0x80, 0x0, 0x0, 0x0, 0x0,
    0xd, 0xa0, 0x0, 0x0, 0x0, 0x0, 0x0, 0x0,
    0x0, 0x0, 0x0, 0x4, 0xbf, 0xfd, 0x80, 0x0,
    0x0, 0x9f, 0xff, 0xef, 0xfd, 0x10, 0x5, 0xff,
    0x80, 0x2, 0xdf, 0x90, 0xd, 0xfc, 0x0, 0x0,
    0x4f, 0xf0, 0x1f, 0xfc, 0x99, 0x99, 0xaf, 0xf2,
    0x2f, 0xff, 0xff, 0xff, 0xff, 0xe1, 0x1f, 0xf8,
    0x0, 0x0, 0x0, 0x0, 0xd, 0xfe, 0x0, 0x0,
    0x0, 0x0, 0x6, 0xff, 0xc4, 0x12, 0x5c, 0xd0,
    0x0, 0x9f, 0xff, 0xff, 0xff, 0xd0, 0x0, 0x4,
    0xae, 0xff, 0xc7, 0x0,

    /* U+00E9 "é" */
    0x0, 0x0, 0x0, 0x0, 0x0, 0x0, 0x0, 0x0,
    0x0, 0x7, 0xf6, 0x0, 0x0, 0x0, 0x0, 0x1f,
    0xf6, 0x0, 0x0, 0x0, 0x0, 0x8f, 0xc0, 0x0,
    0x0, 0x0, 0x1, 0xff, 0x20, 0x0, 0x0, 0x0,
    0x2, 0xf6, 0x0, 0x0, 0x0, 0x0, 0x0, 0x0,
    0x0, 0x0, 0x0, 0x4, 0xbf, 0xfd, 0x80, 0x0,
    0x0, 0x9f, 0xff, 0xef, 0xfd, 0x10, 0x5, 0xff,
    0x80, 0x2, 0xdf, 0x90, 0xd, 0xfc, 0x0, 0x0,
    0x4f, 0xf0, 0x1f, 0xfc, 0x99, 0x99, 0xaf, 0xf2,
    0x2f, 0xff, 0xff, 0xff, 0xff, 0xe1, 0x1f, 0xf8,
    0x0, 0x0, 0x0, 0x0, 0xd, 0xfe, 0x0, 0x0,
    0x0, 0x0, 0x6, 0xff, 0xc4, 0x12, 0x5c, 0xd0,
    0x0, 0x9f, 0xff, 0xff, 0xff, 0xd0, 0x0, 0x4,
    0xae, 0xff, 0xc7, 0x0,

    /* U+00EA "ê" */
    0x0, 0x0, 0x4, 0x71, 0x0, 0x0, 0x0, 0x0,
    0x4f, 0xfc, 0x0, 0x0, 0x0, 0x0, 0xcf, 0xef,
    0x40, 0x0, 0x0, 0x5, 0xfa, 0x2f, 0xd0, 0x0,
    0x0, 0xd, 0xe1, 0x8, 0xf5, 0x0, 0x0, 0x9,
    0x40, 0x0, 0x93, 0x0, 0x0, 0x0, 0x0, 0x0,
    0x0, 0x0, 0x0, 0x4, 0xbf, 0xfd, 0x80, 0x0,
    0x0, 0x9f, 0xff, 0xef, 0xfd, 0x10, 0x5, 0xff,
    0x80, 0x2, 0xdf, 0x90, 0xd, 0xfc, 0x0, 0x0,
    0x4f, 0xf0, 0x1f, 0xfc, 0x99, 0x99, 0xaf, 0xf2,
    0x2f, 0xff, 0xff, 0xff, 0xff, 0xe1, 0x1f, 0xf8,
    0x0, 0x0, 0x0, 0x0, 0xd, 0xfe, 0x0, 0x0,
    0x0, 0x0, 0x6, 0xff, 0xc4, 0x12, 0x5c, 0xd0,
    0x0, 0x9f, 0xff, 0xff, 0xff, 0xd0, 0x0, 0x4,
    0xae, 0xff, 0xc7, 0x0,

    /* U+00EB "ë" */
    0x0, 0xc, 0xf4, 0xb, 0xf6, 0x0, 0x0, 0x2f,
    0xf8, 0xf, 0xfa, 0x0, 0x0, 0x8, 0xa2, 0x7,
    0xb3, 0x0, 0x0, 0x0, 0x0, 0x0, 0x0, 0x0,
    0x0, 0x0, 0x0, 0x0, 0x0, 0x0, 0x0, 0x4,
    0xbf, 0xfd, 0x80, 0x0, 0x0, 0x9f, 0xff, 0xef,
    0xfd, 0x10, 0x5, 0xff, 0x80, 0x2, 0xdf, 0x90,
    0xd, 0xfc, 0x0, 0x0, 0x4f, 0xf0, 0x1f, 0xfc,
    0x99, 0x99, 0xaf, 0xf2, 0x2f, 0xff, 0xff, 0xff,
    0xff, 0xe1, 0x1f, 0xf8, 0x0, 0x0, 0x0, 0x0,
    0xd, 0xfe, 0x0, 0x0, 0x0, 0x0, 0x6, 0xff,
    0xc4, 0x12, 0x5c, 0xd0, 0x0, 0x9f, 0xff, 0xff,
    0xff, 0xd0, 0x0, 0x4, 0xae, 0xff, 0xc7, 0x0,

    /* U+00EC "ì" */
    0x0, 0x0, 0x0, 0x5f, 0x80, 0x0, 0x5f, 0xf1,
    0x0, 0xb, 0xf9, 0x0, 0x1, 0xef, 0x10, 0x0,
    0x5f, 0x30, 0x0, 0x0, 0x0, 0x0, 0x4f, 0xc0,
    0x0, 0x8f, 0xf2, 0x0, 0x9f, 0xf3, 0x0, 0x9f,
    0xf3, 0x0, 0x9f, 0xf3, 0x0, 0x9f, 0xf3, 0x0,
    0x9f, 0xf3, 0x0, 0x9f, 0xf3, 0x0, 0x9f, 0xf3,
    0x0, 0x8f, 0xf2, 0x0, 0x4f, 0xc0,

    /* U+00ED "í" */
    0x0, 0x0, 0x0, 0x0, 0xe, 0xd0, 0x0, 0x7f,
    0xe0, 0x0, 0xef, 0x50, 0x7, 0xfa, 0x0, 0x9,
    0xd0, 0x0, 0x0, 0x0, 0x0, 0x4f, 0xc0, 0x0,
    0x8f, 0xf2, 0x0, 0x9f, 0xf3, 0x0, 0x9f, 0xf3,
    0x0, 0x9f, 0xf3, 0x0, 0x9f, 0xf3, 0x0, 0x9f,
    0xf3, 0x0, 0x9f, 0xf3, 0x0, 0x9f, 0xf3, 0x0,
    0x8f, 0xf2, 0x0, 0x4f, 0xc0, 0x0,

    /* U+00EE "î" */
    0x0, 0x6f, 0xd1, 0x0, 0x1, 0xff, 0xfa, 0x0,
    0x9, 0xf6, 0xcf, 0x30, 0x2f, 0xc0, 0x3f, 0xb0,
    0x5f, 0x20, 0x8, 0xe0, 0x0, 0x0, 0x0, 0x0,
    0x0, 0x4f, 0xc0, 0x0, 0x0, 0x8f, 0xf2, 0x0,
    0x0, 0x9f, 0xf3, 0x0, 0x0, 0x9f, 0xf3, 0x0,
    0x0, 0x9f, 0xf3, 0x0, 0x0, 0x9f, 0xf3, 0x0,
    0x0, 0x9f, 0xf3, 0x0, 0x0, 0x9f, 0xf3, 0x0,
    0x0, 0x9f, 0xf3, 0x0, 0x0, 0x8f, 0xf2, 0x0,
    0x0, 0x4f, 0xc0, 0x0,

    /* U+00EF "ï" */
    0x5f, 0xc0, 0x3e, 0xd0, 0x9f, 0xf1, 0x7f, 0xf3,
    0x2a, 0x70, 0x1a, 0x90, 0x0, 0x0, 0x0, 0x0,
    0x0, 0x0, 0x0, 0x0, 0x0, 0x4f, 0xc0, 0x0,
    0x0, 0x8f, 0xf2, 0x0, 0x0, 0x9f, 0xf3, 0x0,
    0x0, 0x9f, 0xf3, 0x0, 0x0, 0x9f, 0xf3, 0x0,
    0x0, 0x9f, 0xf3, 0x0, 0x0, 0x9f, 0xf3, 0x0,
    0x0, 0x9f, 0xf3, 0x0, 0x0, 0x9f, 0xf3, 0x0,
    0x0, 0x8f, 0xf2, 0x0, 0x0, 0x4f, 0xc0, 0x0,

    /* U+00F0 "ð" */
    0x0, 0x0, 0x0, 0x0, 0x0, 0x0, 0x0, 0x1e,
    0xc7, 0x10, 0x4b, 0xb0, 0x0, 0x1e, 0xff, 0xfd,
    0xff, 0xa0, 0x0, 0x0, 0xaf, 0xff, 0xf4, 0x0,
    0x0, 0x4d, 0xff, 0xcf, 0xfc, 0x0, 0x0, 0x8f,
    0x92, 0x5, 0xff, 0x80, 0x0, 0x0, 0x0, 0x0,
    0x9f, 0xf1, 0x0, 0x8, 0xef, 0xfd, 0x7f, 0xf7,
    0x0, 0xcf, 0xff, 0xff, 0xff, 0xfc, 0x9, 0xff,
    0xa2, 0x3, 0xdf, 0xfe, 0xf, 0xfe, 0x0, 0x0,
    0x3f, 0xff, 0x2f, 0xfa, 0x0, 0x0, 0xf, 0xfe,
    0x1f, 0xfa, 0x0, 0x0, 0xf, 0xfb, 0xe, 0xfe,
    0x0, 0x0, 0x4f, 0xf7, 0x7, 0xff, 0xb3, 0x25,
    0xef, 0xe1, 0x0, 0xbf, 0xff, 0xff, 0xff, 0x40,
    0x0, 0x6, 0xcf, 0xfe, 0x92, 0x0,

    /* U+00F1 "ñ" */
    0x0, 0x9f, 0xe8, 0x11, 0xc9, 0x0, 0x6f, 0xee,
    0xff, 0xff, 0x50, 0xa, 0xb0, 0x7, 0xef, 0x80,
    0x0, 0x0, 0x0, 0x0, 0x0, 0x0, 0x0, 0x0,
    0x0, 0x0, 0x0, 0x4, 0xfc, 0x7, 0xdf, 0xea,
    0x10, 0x8f, 0xfb, 0xff, 0xff, 0xfd, 0x9, 0xff,
    0xf7, 0x23, 0xdf, 0xf4, 0x9f, 0xf8, 0x0, 0x5,
    0xff, 0x79, 0xff, 0x30, 0x0, 0x4f, 0xf7, 0x9f,
    0xf3, 0x0, 0x4, 0xff, 0x89, 0xff, 0x30, 0x0,
    0x4f, 0xf8, 0x9f, 0xf3, 0x0, 0x4, 0xff, 0x89,
    0xff, 0x30, 0x0, 0x4f, 0xf8, 0x8f, 0xf2, 0x0,
    0x3, 0xff, 0x74, 0xfd, 0x0, 0x0, 0x1d, 0xf3,

    /* U+00F2 "ò" */
    0x0, 0x0, 0x0, 0x0, 0x0, 0x0, 0x0, 0xc,
    0xf1, 0x0, 0x0, 0x0, 0x0, 0xd, 0xf9, 0x0,
    0x0, 0x0, 0x0, 0x3, 0xff, 0x20, 0x0, 0x0,
    0x0, 0x0, 0x7f, 0x90, 0x0, 0x0, 0x0, 0x0,
    0xc, 0xb0, 0x0, 0x0, 0x0, 0x0, 0x0, 0x0,
    0x0, 0x0, 0x0, 0x5, 0xcf, 0xfe, 0xa2, 0x0,
    0x0, 0xaf, 0xff, 0xff, 0xff, 0x50, 0x6, 0xff,
    0xc3, 0x15, 0xff, 0xf2, 0xd, 0xff, 0x10, 0x0,
    0x5f, 0xf8, 0x1f, 0xfb, 0x0, 0x0, 0xf, 0xfc,
    0x2f, 0xf9, 0x0, 0x0, 0xf, 0xfd, 0x1f, 0xfb,
    0x0, 0x0, 0xf, 0xfc, 0xd, 0xff, 0x10, 0x0,
    0x5f, 0xf8, 0x6, 0xff, 0xc3, 0x15, 0xff, 0xf2,
    0x0, 0xaf, 0xff, 0xff, 0xff, 0x50, 0x0, 0x5,
    0xcf, 0xfe, 0xa2, 0x0,

    /* U+00F3 "ó" */
    0x0, 0x0, 0x0, 0x0, 0x0, 0x0, 0x0, 0x0,
    0x0, 0x6, 0xf7, 0x0, 0x0, 0x0, 0x0, 0xe,
    0xf8, 0x0, 0x0, 0x0, 0x0, 0x7f, 0xd0, 0x0,
    0x0, 0x0, 0x0, 0xef, 0x30, 0x0, 0x0, 0x0,
    0x1, 0xf7, 0x0, 0x0, 0x0, 0x0, 0x0, 0x0,
    0x0, 0x0, 0x0, 0x5, 0xcf, 0xfe, 0xa2, 0x0,
    0x0, 0xaf, 0xff, 0xff, 0xff, 0x50, 0x6, 0xff,
    0xc3, 0x15, 0xff, 0xf2, 0xd, 0xff, 0x10, 0x0,
    0x5f, 0xf8, 0x1f, 0xfb, 0x0, 0x0, 0xf, 0xfc,
    0x2f, 0xf9, 0x0, 0x0, 0xf, 0xfd, 0x1f, 0xfb,
    0x0, 0x0, 0xf, 0xfc, 0xd, 0xff, 0x10, 0x0,
    0x5f, 0xf8, 0x6, 0xff, 0xc3, 0x15, 0xff, 0xf2,
    0x0, 0xaf, 0xff, 0xff, 0xff, 0x50, 0x0, 0x5,
    0xcf, 0xfe, 0xa2, 0x0,

    /* U+00F4 "ô" */
    0x0, 0x0, 0x3, 0x71, 0x0, 0x0, 0x0, 0x0,
    0x2f, 0xfd, 0x0, 0x0, 0x0, 0x0, 0xbf, 0xef,
    0x60, 0x0, 0x0, 0x3, 0xfb, 0x1f, 0xe0, 0x0,
    0x0, 0xc, 0xf2, 0x6, 0xf6, 0x0, 0x0, 0x7,
    0x50, 0x0, 0x94, 0x0, 0x0, 0x0, 0x0, 0x0,
    0x0, 0x0, 0x0, 0x5, 0xcf, 0xfe, 0xa2, 0x0,
    0x0, 0xaf, 0xff, 0xff, 0xff, 0x50, 0x6, 0xff,
    0xc3, 0x15, 0xff, 0xf2, 0xd, 0xff, 0x10, 0x0,
    0x5f, 0xf8, 0x1f, 0xfb, 0x0, 0x0, 0xf, 0xfc,
    0x2f, 0xf9, 0x0, 0x0, 0xf, 0xfd, 0x1f, 0xfb,
    0x0, 0x0, 0xf, 0xfc, 0xd, 0xff, 0x10, 0x0,
    0x5f, 0xf8, 0x6, 0xff, 0xc3, 0x15, 0xff, 0xf2,
    0x0, 0xaf, 0xff, 0xff, 0xff, 0x50, 0x0, 0x5,
    0xcf, 0xfe, 0xa2, 0x0,

    /* U+00F5 "õ" */
    0x0, 0x6, 0xc9, 0x0, 0x9, 0x50, 0x0, 0x4f,
    0xff, 0xc1, 0x4f, 0x60, 0x0, 0xbd, 0x15, 0xff,
    0xff, 0x10, 0x0, 0xc6, 0x0, 0x4e, 0xe4, 0x0,
    0x0, 0x0, 0x0, 0x0, 0x0, 0x0, 0x0, 0x0,
    0x0, 0x0, 0x0, 0x0, 0x0, 0x5, 0xcf, 0xfe,
    0xa2, 0x0, 0x0, 0xaf, 0xff, 0xff, 0xff, 0x50,
    0x6, 0xff, 0xc3, 0x15, 0xff, 0xf2, 0xd, 0xff,
    0x10, 0x0, 0x5f, 0xf8, 0x1f, 0xfb, 0x0, 0x0,
    0xf, 0xfc, 0x2f, 0xf9, 0x0, 0x0, 0xf, 0xfd,
    0x1f, 0xfb, 0x0, 0x0, 0xf, 0xfc, 0xd, 0xff,
    0x10, 0x0, 0x5f, 0xf8, 0x6, 0xff, 0xc3, 0x15,
    0xff, 0xf2, 0x0, 0xaf, 0xff, 0xff, 0xff, 0x50,
    0x0, 0x5, 0xcf, 0xfe, 0xa2, 0x0,

    /* U+00F6 "ö" */
    0x0, 0xc, 0xf5, 0x9, 0xf7, 0x0, 0x0, 0x1f,
    0xf9, 0xe, 0xfb, 0x0, 0x0, 0x7, 0xa2, 0x5,
    0xb4, 0x0, 0x0, 0x0, 0x0, 0x0, 0x0, 0x0,
    0x0, 0x0, 0x0, 0x0, 0x0, 0x0, 0x0, 0x5,
    0xcf, 0xfe, 0xa2, 0x0, 0x0, 0xaf, 0xff, 0xff,
    0xff, 0x50, 0x6, 0xff, 0xc3, 0x15, 0xff, 0xf2,
    0xd, 0xff, 0x10, 0x0, 0x5f, 0xf8, 0x1f, 0xfb,
    0x0, 0x0, 0xf, 0xfc, 0x2f, 0xf9, 0x0, 0x0,
    0xf, 0xfd, 0x1f, 0xfb, 0x0, 0x0, 0xf, 0xfc,
    0xd, 0xff, 0x10, 0x0, 0x5f, 0xf8, 0x6, 0xff,
    0xc3, 0x15, 0xff, 0xf2, 0x0, 0xaf, 0xff, 0xff,
    0xff, 0x50, 0x0, 0x5, 0xcf, 0xfe, 0xa2, 0x0,

    /* U+00F7 "÷" */
    0x0, 0x0, 0x7f, 0x60, 0x0, 0x0, 0x0, 0x0,
    0xaf, 0x90, 0x0, 0x0, 0x0, 0x0, 0x16, 0x10,
    0x0, 0x0, 0x0, 0x0, 0x0, 0x0, 0x0, 0x0,
    0xbf, 0xff, 0xff, 0xff, 0xff, 0xd0, 0xcf, 0xff,
    0xff, 0xff, 0xff, 0xe0, 0x0, 0x0, 0x0, 0x0,
    0x0, 0x0, 0x0, 0x0, 0x0, 0x0, 0x0, 0x0,
    0x0, 0x0, 0x16, 0x10, 0x0, 0x0, 0x0, 0x0,
    0xaf, 0x90, 0x0, 0x0, 0x0, 0x0, 0x7f, 0x60,
    0x0, 0x0,

    /* U+00F8 "ø" */
    0x0, 0x0, 0x0, 0x0, 0x2e, 0x60, 0x0, 0x5,
    0xcf, 0xfe, 0xdf, 0x50, 0x0, 0xaf, 0xff, 0xff,
    0xff, 0x50, 0x6, 0xff, 0xc3, 0x2e, 0xff, 0xf2,
    0xd, 0xff, 0x10, 0x6f, 0xdf, 0xf8, 0x1f, 0xfb,
    0x1, 0xee, 0x1f, 0xfc, 0x2f, 0xf9, 0x9, 0xf6,
    0xf, 0xfd, 0x1f, 0xfb, 0x3f, 0xd0, 0xf, 0xfc,
    0xd, 0xff, 0xcf, 0x40, 0x5f, 0xf8, 0x6, 0xff,
    0xfc, 0x15, 0xff, 0xf2, 0x0, 0xaf, 0xff, 0xff,
    0xff, 0x50, 0x0, 0x8f, 0xdf, 0xfe, 0xa2, 0x0,
    0x0, 0xcd, 0x0, 0x0, 0x0, 0x0, 0x0, 0x11,
    0x0, 0x0, 0x0, 0x0,

    /* U+00F9 "ù" */
    0x0, 0x0, 0x0, 0x0, 0x0, 0x0, 0xc, 0xf2,
    0x0, 0x0, 0x0, 0x0, 0xcf, 0xa0, 0x0, 0x0,
    0x0, 0x2, 0xff, 0x20, 0x0, 0x0, 0x0, 0x7,
    0xfa, 0x0, 0x0, 0x0, 0x0, 0xb, 0xb0, 0x0,
    0x0, 0x0, 0x0, 0x0, 0x0, 0x0, 0x5, 0xfc,
    0x0, 0x0, 0x3e, 0xd1, 0xaf, 0xf1, 0x0, 0x6,
    0xff, 0x4a, 0xff, 0x10, 0x0, 0x7f, 0xf5, 0xaf,
    0xf1, 0x0, 0x7, 0xff, 0x5a, 0xff, 0x10, 0x0,
    0x7f, 0xf5, 0xaf, 0xf1, 0x0, 0x7, 0xff, 0x5a,
    0xff, 0x10, 0x0, 0x7f, 0xf5, 0x9f, 0xf3, 0x0,
    0xc, 0xff, 0x56, 0xff, 0xc3, 0x3a, 0xff, 0xf5,
    0xe, 0xff, 0xff, 0xfc, 0xff, 0x40, 0x2a, 0xef,
    0xd5, 0x2e, 0xe1,

    /* U+00FA "ú" */
    0x0, 0x0, 0x0, 0x0, 0x0, 0x0, 0x0, 0x0,
    0x5, 0xf8, 0x0, 0x0, 0x0, 0x0, 0xef, 0x80,
    0x0, 0x0, 0x0, 0x6f, 0xd0, 0x0, 0x0, 0x0,
    0xe, 0xf3, 0x0, 0x0, 0x0, 0x1, 0xe7, 0x0,
    0x0, 0x0, 0x0, 0x0, 0x0, 0x0, 0x5, 0xfc,
    0x0, 0x0, 0x3e, 0xd1, 0xaf, 0xf1, 0x0, 0x6,
    0xff, 0x4a, 0xff, 0x10, 0x0, 0x7f, 0xf5, 0xaf,
    0xf1, 0x0, 0x7, 0xff, 0x5a, 0xff, 0x10, 0x0,
    0x7f, 0xf5, 0xaf, 0xf1, 0x0, 0x7, 0xff, 0x5a,
    0xff, 0x10, 0x0, 0x7f, 0xf5, 0x9f, 0xf3, 0x0,
    0xc, 0xff, 0x56, 0xff, 0xc3, 0x3a, 0xff, 0xf5,
    0xe, 0xff, 0xff, 0xfc, 0xff, 0x40, 0x2a, 0xef,
    0xd5, 0x2e, 0xe1,

    /* U+00FB "û" */
    0x0, 0x0, 0x37, 0x10, 0x0, 0x0, 0x0, 0x2f,
    0xfd, 0x0, 0x0, 0x0, 0xb, 0xfe, 0xf6, 0x0,
    0x0, 0x3, 0xfc, 0x1f, 0xe0, 0x0, 0x0, 0xbf,
    0x20, 0x6f, 0x70, 0x0, 0x7, 0x60, 0x0, 0x94,
    0x0, 0x0, 0x0, 0x0, 0x0, 0x0, 0x5, 0xfc,
    0x0, 0x0, 0x3e, 0xd1, 0xaf, 0xf1, 0x0, 0x6,
    0xff, 0x4a, 0xff, 0x10, 0x0, 0x7f, 0xf5, 0xaf,
    0xf1, 0x0, 0x7, 0xff, 0x5a, 0xff, 0x10, 0x0,
    0x7f, 0xf5, 0xaf, 0xf1, 0x0, 0x7, 0xff, 0x5a,
    0xff, 0x10, 0x0, 0x7f, 0xf5, 0x9f, 0xf3, 0x0,
    0xc, 0xff, 0x56, 0xff, 0xc3, 0x3a, 0xff, 0xf5,
    0xe, 0xff, 0xff, 0xfc, 0xff, 0x40, 0x2a, 0xef,
    0xd5, 0x2e, 0xe1,

    /* U+00FC "ü" */
    0x0, 0xbf, 0x50, 0x9f, 0x70, 0x0, 0xf, 0xfa,
    0xe, 0xfc, 0x0, 0x0, 0x7a, 0x30, 0x5a, 0x40,
    0x0, 0x0, 0x0, 0x0, 0x0, 0x0, 0x0, 0x0,
    0x0, 0x0, 0x0, 0x5, 0xfc, 0x0, 0x0, 0x3e,
    0xd1, 0xaf, 0xf1, 0x0, 0x6, 0xff, 0x4a, 0xff,
    0x10, 0x0, 0x7f, 0xf5, 0xaf, 0xf1, 0x0, 0x7,
    0xff, 0x5a, 0xff, 0x10, 0x0, 0x7f, 0xf5, 0xaf,
    0xf1, 0x0, 0x7, 0xff, 0x5a, 0xff, 0x10, 0x0,
    0x7f, 0xf5, 0x9f, 0xf3, 0x0, 0xc, 0xff, 0x56,
    0xff, 0xc3, 0x3a, 0xff, 0xf5, 0xe, 0xff, 0xff,
    0xfc, 0xff, 0x40, 0x2a, 0xef, 0xd5, 0x2e, 0xe1,

    /* U+00FD "ý" */
    0x0, 0x0, 0x0, 0x0, 0x0, 0x0, 0x0, 0x0,
    0x0, 0xd, 0xe0, 0x0, 0x0, 0x0, 0x0, 0x7f,
    0xe0, 0x0, 0x0, 0x0, 0x0, 0xef, 0x50, 0x0,
    0x0, 0x0, 0x7, 0xfa, 0x0, 0x0, 0x0, 0x0,
    0x9, 0xd1, 0x0, 0x0, 0x0, 0x0, 0x0, 0x0,
    0x0, 0x0, 0x4f, 0xc0, 0x0, 0x0, 0x2e, 0xd0,
    0x6f, 0xf6, 0x0, 0x0, 0x9f, 0xf1, 0x1f, 0xfc,
    0x0, 0x1, 0xff, 0xa0, 0xa, 0xff, 0x20, 0x7,
    0xff, 0x30, 0x3, 0xff, 0x90, 0xd, 0xfc, 0x0,
    0x0, 0xcf, 0xf0, 0x4f, 0xf5, 0x0, 0x0, 0x5f,
    0xf6, 0xaf, 0xe0, 0x0, 0x0, 0xe, 0xfd, 0xff,
    0x70, 0x0, 0x0, 0x7, 0xff, 0xff, 0x10, 0x0,
    0x0, 0x1, 0xff, 0xf9, 0x0, 0x0, 0x0, 0x0,
    0xcf, 0xf2, 0x0, 0x0, 0x0, 0x1, 0xff, 0xb0,
    0x0, 0x0, 0x0, 0x8, 0xff, 0x40, 0x0, 0x0,
    0x0, 0xe, 0xfd, 0x0, 0x0, 0x0, 0x0, 0xb,
    0xe4, 0x0, 0x0, 0x0,

    /* U+00FE "þ" */
    0x4f, 0xc0, 0x0, 0x0, 0x0, 0x0, 0x8f, 0xf2,
    0x0, 0x0, 0x0, 0x0, 0x9f, 0xf3, 0x0, 0x0,
    0x0, 0x0, 0x9f, 0xf3, 0x0, 0x0, 0x0, 0x0,
    0x9f, 0xf3, 0x0, 0x0, 0x0, 0x0, 0x9f, 0xf3,
    0x7d, 0xfe, 0xa1, 0x0, 0x9f, 0xfc, 0xff, 0xff,
    0xfe, 0x20, 0x9f, 0xff, 0x72, 0x3a, 0xff, 0xb0,
    0x9f, 0xf8, 0x0, 0x0, 0xdf, 0xf1, 0x9f, 0xf3,
    0x0, 0x0, 0x8f, 0xf4, 0x9f, 0xf2, 0x0, 0x0,
    0x6f, 0xf5, 0x9f, 0xf3, 0x0, 0x0, 0x8f, 0xf4,
    0x9f, 0xf8, 0x0, 0x0, 0xdf, 0xf1, 0x9f, 0xff,
    0x72, 0x2a, 0xff, 0xb0, 0x9f, 0xfc, 0xff, 0xff,
    0xfe, 0x20, 0x9f, 0xf3, 0x7d, 0xfe, 0xa1, 0x0,
    0x9f, 0xf3, 0x0, 0x0, 0x0, 0x0, 0x9f, 0xf3,
    0x0, 0x0, 0x0, 0x0, 0x8f, 0xf2, 0x0, 0x0,
    0x0, 0x0, 0x4f, 0xc0, 0x0, 0x0, 0x0, 0x0,

    /* U+00FF "ÿ" */
    0x0, 0x5f, 0xc0, 0x3e, 0xd0, 0x0, 0x0, 0x9f,
    0xf1, 0x7f, 0xf3, 0x0, 0x0, 0x2a, 0x70, 0x1a,
    0x90, 0x0, 0x0, 0x0, 0x0, 0x0, 0x0, 0x0,
    0x0, 0x0, 0x0, 0x0, 0x0, 0x0, 0x4f, 0xc0,
    0x0, 0x0, 0x2e, 0xd0, 0x6f, 0xf6, 0x0, 0x0,
    0x9f, 0xf1, 0x1f, 0xfc, 0x0, 0x1, 0xff, 0xa0,
    0xa, 0xff, 0x20, 0x7, 0xff, 0x30, 0x3, 0xff,
    0x90, 0xd, 0xfc, 0x0, 0x0, 0xcf, 0xf0, 0x4f,
    0xf5, 0x0, 0x0, 0x5f, 0xf6, 0xaf, 0xe0, 0x0,
    0x0, 0xe, 0xfd, 0xff, 0x70, 0x0, 0x0, 0x7,
    0xff, 0xff, 0x10, 0x0, 0x0, 0x1, 0xff, 0xf9,
    0x0, 0x0, 0x0, 0x0, 0xcf, 0xf2, 0x0, 0x0,
    0x0, 0x1, 0xff, 0xb0, 0x0, 0x0, 0x0, 0x8,
    0xff, 0x40, 0x0, 0x0, 0x0, 0xe, 0xfd, 0x0,
    0x0, 0x0, 0x0, 0xb, 0xe4, 0x0, 0x0, 0x0,

    /* U+2018 "‘" */
    0x8, 0xa0, 0x4f, 0x60, 0xbf, 0x10, 0xef, 0xf2,
    0xdf, 0xf5, 0x6f, 0xc1,

    /* U+2019 "’" */
    0x7f, 0xc0, 0xef, 0xf5, 0xaf, 0xf5, 0x9, 0xf2,
    0x1e, 0xc0, 0x3d, 0x20,

    /* U+201A "‚" */
    0x3, 0x10, 0xaf, 0xf1, 0xef, 0xf5, 0x6f, 0xf5,
    0x9, 0xf1, 0x2f, 0x90, 0x29, 0x0,

    /* U+201C "“" */
    0x8, 0xa0, 0x4, 0xd0, 0x4f, 0x60, 0xe, 0xb0,
    0xbf, 0x10, 0x6f, 0x50, 0xef, 0xf2, 0x9f, 0xf6,
    0xdf, 0xf5, 0x8f, 0xfa, 0x6f, 0xc1, 0x2e, 0xe3,

    /* U+201D "”" */
    0x7f, 0xc0, 0x3e, 0xe3, 0xef, 0xf5, 0x9f, 0xf9,
    0xaf, 0xf5, 0x5f, 0xfa, 0x9, 0xf2, 0x4, 0xf7,
    0x1e, 0xc0, 0xa, 0xf1, 0x3d, 0x20, 0xd, 0x50,

    /* U+2022 "•" */
    0x0, 0x29, 0xcc, 0x60, 0x0, 0x3f, 0xff, 0xff,
    0xb0, 0xd, 0xff, 0xff, 0xff, 0x62, 0xff, 0xff,
    0xff, 0xfb, 0x3f, 0xff, 0xff, 0xff, 0xb0, 0xef,
    0xff, 0xff, 0xf7, 0x5, 0xff, 0xff, 0xfd, 0x0,
    0x4, 0xcf, 0xe9, 0x10,

    /* U+2026 "…" */
    0x3, 0x10, 0x0, 0x13, 0x0, 0x0, 0x31, 0xa,
    0xff, 0x20, 0x3f, 0xf9, 0x0, 0xbf, 0xf1, 0xef,
    0xf5, 0x6, 0xff, 0xd0, 0xf, 0xff, 0x46, 0xfc,
    0x10, 0x1d, 0xf6, 0x0, 0x7f, 0xc0
};


/*---------------------
 *  GLYPH DESCRIPTION
 *--------------------*/

static const lv_font_fmt_txt_glyph_dsc_t glyph_dsc[] = {
    {.bitmap_index = 0, .adv_w = 0, .box_w = 0, .box_h = 0, .ofs_x = 0, .ofs_y = 0} /* id = 0 reserved */,
    {.bitmap_index = 0, .adv_w = 95, .box_w = 0, .box_h = 0, .ofs_x = 0, .ofs_y = 0},
    {.bitmap_index = 0, .adv_w = 87, .box_w = 4, .box_h = 16, .ofs_x = 1, .ofs_y = 0},
    {.bitmap_index = 32, .adv_w = 158, .box_w = 8, .box_h = 7, .ofs_x = 1, .ofs_y = 9},
    {.bitmap_index = 60, .adv_w = 211, .box_w = 13, .box_h = 16, .ofs_x = 0, .ofs_y = 0},
    {.bitmap_index = 164, .adv_w = 211, .box_w = 13, .box_h = 22, .ofs_x = 0, .ofs_y = -3},
    {.bitmap_index = 307, .adv_w = 333, .box_w = 20, .box_h = 17, .ofs_x = 0, .ofs_y = -1},
    {.bitmap_index = 477, .adv_w = 256, .box_w = 15, .box_h = 16, .ofs_x = 1, .ofs_y = 0},
    {.bitmap_index = 597, .adv_w = 86, .box_w = 4, .box_h = 7, .ofs_x = 1, .ofs_y = 9},
    {.bitmap_index = 611, .adv_w = 126, .box_w = 5, .box_h = 21, .ofs_x = 2, .ofs_y = -5},
    {.bitmap_index = 664, .adv_w = 126, .box_w = 6, .box_h = 21, .ofs_x = 0, .ofs_y = -5},
    {.bitmap_index = 727, .adv_w = 159, .box_w = 10, .box_h = 8, .ofs_x = 0, .ofs_y = 8},
    {.bitmap_index = 767, .adv_w = 211, .box_w = 12, .box_h = 12, .ofs_x = 1, .ofs_y = 1},
    {.bitmap_index = 839, .adv_w = 87, .box_w = 4, .box_h = 7, .ofs_x = 1, .ofs_y = -3},
    {.bitmap_index = 853, .adv_w = 153, .box_w = 8, .box_h = 3, .ofs_x = 1, .ofs_y = 5},
    {.bitmap_index = 865, .adv_w = 87, .box_w = 4, .box_h = 4, .ofs_x = 1, .ofs_y = 0},
    {.bitmap_index = 873, .adv_w = 110, .box_w = 9, .box_h = 18, .ofs_x = -1, .ofs_y = -1},
    {.bitmap_index = 954, .adv_w = 211, .box_w = 13, .box_h = 16, .ofs_x = 0, .ofs_y = 0},
    {.bitmap_index = 1058, .adv_w = 211, .box_w = 11, .box_h = 16, .ofs_x = 2, .ofs_y = 0},
    {.bitmap_index = 1146, .adv_w = 211, .box_w = 12, .box_h = 16, .ofs_x = 1, .ofs_y = 0},
    {.bitmap_index = 1242, .adv_w = 211, .box_w = 12, .box_h = 16, .ofs_x = 0, .ofs_y = 0},
    {.bitmap_index = 1338, .adv_w = 211, .box_w = 13, .box_h = 16, .ofs_x = 0, .ofs_y = 0},
    {.bitmap_index = 1442, .adv_w = 211, .box_w = 12, .box_h = 16, .ofs_x = 1, .ofs_y = 0},
    {.bitmap_index = 1538, .adv_w = 211, .box_w = 12, .box_h = 16, .ofs_x = 1, .ofs_y = 0},
    {.bitmap_index = 1634, .adv_w = 211, .box_w = 12, .box_h = 16, .ofs_x = 1, .ofs_y = 0},
    {.bitmap_index = 1730, .adv_w = 211, .box_w = 13, .box_h = 16, .ofs_x = 0, .ofs_y = 0},
    {.bitmap_index = 1834, .adv_w = 211, .box_w = 13, .box_h = 16, .ofs_x = 0, .ofs_y = 0},
    {.bitmap_index = 1938, .adv_w = 87, .box_w = 4, .box_h = 11, .ofs_x = 1, .ofs_y = 0},
    {.bitmap_index = 1960, .adv_w = 87, .box_w = 4, .box_h = 14, .ofs_x = 1, .ofs_y = -3},
    {.bitmap_index = 1988, .adv_w = 211, .box_w = 12, .box_h = 11, .ofs_x = 1, .ofs_y = 1},
    {.bitmap_index = 2054, .adv_w = 211, .box_w = 12, .box_h = 6, .ofs_x = 1, .ofs_y = 3},
    {.bitmap_index = 2090, .adv_w = 211, .box_w = 13, .box_h = 11, .ofs_x = 0, .ofs_y = 1},
    {.bitmap_index = 2162, .adv_w = 162, .box_w = 10, .box_h = 16, .ofs_x = 0, .ofs_y = 0},
    {.bitmap_index = 2242, .adv_w = 334, .box_w = 19, .box_h = 20, .ofs_x = 1, .ofs_y = -4},
    {.bitmap_index = 2432, .adv_w = 262, .box_w = 16, .box_h = 16, .ofs_x = 0, .ofs_y = 0},
    {.bitmap_index = 2560, .adv_w = 242, .box_w = 13, .box_h = 16, .ofs_x = 1, .ofs_y = 0},
    {.bitmap_index = 2664, .adv_w = 239, .box_w = 14, .box_h = 16, .ofs_x = 1, .ofs_y = 0},
    {.bitmap_index = 2776, .adv_w = 268, .box_w = 15, .box_h = 16, .ofs_x = 1, .ofs_y = 0},
    {.bitmap_index = 2896, .adv_w = 210, .box_w = 12, .box_h = 16, .ofs_x = 1, .ofs_y = 0},
    {.bitmap_index = 2992, .adv_w = 198, .box_w = 12, .box_h = 16, .ofs_x = 1, .ofs_y = 0},
    {.bitmap_index = 3088, .adv_w = 259, .box_w = 14, .box_h = 16, .ofs_x = 1, .ofs_y = 0},
    {.bitmap_index = 3200, .adv_w = 272, .box_w = 15, .box_h = 16, .ofs_x = 1, .ofs_y = 0},
    {.bitmap_index = 3320, .adv_w = 99, .box_w = 4, .box_h = 16, .ofs_x = 1, .ofs_y = 0},
    {.bitmap_index = 3352, .adv_w = 125, .box_w = 8, .box_h = 16, .ofs_x = -1, .ofs_y = 0},
    {.bitmap_index = 3416, .adv_w = 234, .box_w = 13, .box_h = 16, .ofs_x = 1, .ofs_y = 0},
    {.bitmap_index = 3520, .adv_w = 198, .box_w = 12, .box_h = 16, .ofs_x = 1, .ofs_y = 0},
    {.bitmap_index = 3616, .adv_w = 306, .box_w = 17, .box_h = 16, .ofs_x = 1, .ofs_y = 0},
    {.bitmap_index = 3752, .adv_w = 263, .box_w = 14, .box_h = 16, .ofs_x = 1, .ofs_y = 0},
    {.bitmap_index = 3864, .adv_w = 276, .box_w = 16, .box_h = 16, .ofs_x = 1, .ofs_y = 0},
    {.bitmap_index = 3992, .adv_w = 230, .box_w = 13, .box_h = 16, .ofs_x = 1, .ofs_y = 0},
    {.bitmap_index = 4096, .adv_w = 276, .box_w = 16, .box_h = 21, .ofs_x = 1, .ofs_y = -5},
    {.bitmap_index = 4264, .adv_w = 241, .box_w = 14, .box_h = 16, .ofs_x = 1, .ofs_y = 0},
    {.bitmap_index = 4376, .adv_w = 222, .box_w = 13, .box_h = 16, .ofs_x = 1, .ofs_y = 0},
    {.bitmap_index = 4480, .adv_w = 219, .box_w = 15, .box_h = 16, .ofs_x = -1, .ofs_y = 0},
    {.bitmap_index = 4600, .adv_w = 260, .box_w = 14, .box_h = 16, .ofs_x = 1, .ofs_y = 0},
    {.bitmap_index = 4712, .adv_w = 251, .box_w = 16, .box_h = 16, .ofs_x = 0, .ofs_y = 0},
    {.bitmap_index = 4840, .adv_w = 392, .box_w = 24, .box_h = 16, .ofs_x = 0, .ofs_y = 0},
    {.bitmap_index = 5032, .adv_w = 237, .box_w = 14, .box_h = 16, .ofs_x = 0, .ofs_y = 0},
    {.bitmap_index = 5144, .adv_w = 218, .box_w = 14, .box_h = 16, .ofs_x = 0, .ofs_y = 0},
    {.bitmap_index = 5256, .adv_w = 213, .box_w = 14, .box_h = 16, .ofs_x = 0, .ofs_y = 0},
    {.bitmap_index = 5368, .adv_w = 125, .box_w = 6, .box_h = 20, .ofs_x = 2, .ofs_y = -4},
    {.bitmap_index = 5428, .adv_w = 110, .box_w = 9, .box_h = 18, .ofs_x = -1, .ofs_y = -1},
    {.bitmap_index = 5509, .adv_w = 125, .box_w = 6, .box_h = 20, .ofs_x = 0, .ofs_y = -4},
    {.bitmap_index = 5569, .adv_w = 211, .box_w = 11, .box_h = 11, .ofs_x = 1, .ofs_y = 3},
    {.bitmap_index = 5630, .adv_w = 176, .box_w = 11, .box_h = 2, .ofs_x = 0, .ofs_y = -2},
    {.bitmap_index = 5641, .adv_w = 133, .box_w = 5, .box_h = 7, .ofs_x = 2, .ofs_y = 11},
    {.bitmap_index = 5659, .adv_w = 193, .box_w = 11, .box_h = 11, .ofs_x = 0, .ofs_y = 0},
    {.bitmap_index = 5720, .adv_w = 211, .box_w = 12, .box_h = 16, .ofs_x = 1, .ofs_y = 0},
    {.bitmap_index = 5816, .adv_w = 166, .box_w = 11, .box_h = 11, .ofs_x = 0, .ofs_y = 0},
    {.bitmap_index = 5877, .adv_w = 211, .box_w = 12, .box_h = 16, .ofs_x = 0, .ofs_y = 0},
    {.bitmap_index = 5973, .adv_w = 191, .box_w = 12, .box_h = 11, .ofs_x = 0, .ofs_y = 0},
    {.bitmap_index = 6039, .adv_w = 128, .box_w = 9, .box_h = 17, .ofs_x = 0, .ofs_y = 0},
    {.bitmap_index = 6116, .adv_w = 213, .box_w = 12, .box_h = 15, .ofs_x = 0, .ofs_y = -4},
    {.bitmap_index = 6206, .adv_w = 206, .box_w = 11, .box_h = 16, .ofs_x = 1, .ofs_y = 0},
    {.bitmap_index = 6294, .adv_w = 90, .box_w = 4, .box_h = 16, .ofs_x = 1, .ofs_y = 0},
    {.bitmap_index = 6326, .adv_w = 91, .box_w = 7, .box_h = 21, .ofs_x = -2, .ofs_y = -5},
    {.bitmap_index = 6400, .adv_w = 189, .box_w = 11, .box_h = 16, .ofs_x = 1, .ofs_y = 0},
    {.bitmap_index = 6488, .adv_w = 112, .box_w = 6, .box_h = 16, .ofs_x = 1, .ofs_y = 0},
    {.bitmap_index = 6536, .adv_w = 309, .box_w = 17, .box_h = 11, .ofs_x = 1, .ofs_y = 0},
    {.bitmap_index = 6630, .adv_w = 206, .box_w = 11, .box_h = 11, .ofs_x = 1, .ofs_y = 0},
    {.bitmap_index = 6691, .adv_w = 203, .box_w = 12, .box_h = 11, .ofs_x = 0, .ofs_y = 0},
    {.bitmap_index = 6757, .adv_w = 211, .box_w = 12, .box_h = 15, .ofs_x = 1, .ofs_y = -4},
    {.bitmap_index = 6847, .adv_w = 211, .box_w = 12, .box_h = 15, .ofs_x = 0, .ofs_y = -4},
    {.bitmap_index = 6937, .adv_w = 138, .box_w = 8, .box_h = 12, .ofs_x = 1, .ofs_y = 0},
    {.bitmap_index = 6985, .adv_w = 172, .box_w = 10, .box_h = 11, .ofs_x = 0, .ofs_y = 0},
    {.bitmap_index = 7040, .adv_w = 135, .box_w = 10, .box_h = 15, .ofs_x = -1, .ofs_y = 0},
    {.bitmap_index = 7115, .adv_w = 204, .box_w = 11, .box_h = 11, .ofs_x = 1, .ofs_y = 0},
    {.bitmap_index = 7176, .adv_w = 186, .box_w = 12, .box_h = 11, .ofs_x = 0, .ofs_y = 0},
    {.bitmap_index = 7242, .adv_w = 300, .box_w = 19, .box_h = 11, .ofs_x = 0, .ofs_y = 0},
    {.bitmap_index = 7347, .adv_w = 192, .box_w = 11, .box_h = 11, .ofs_x = 1, .ofs_y = 0},
    {.bitmap_index = 7408, .adv_w = 185, .box_w = 12, .box_h = 15, .ofs_x = 0, .ofs_y = -4},
    {.bitmap_index = 7498, .adv_w = 167, .box_w = 11, .box_h = 11, .ofs_x = 0, .ofs_y = 0},
    {.bitmap_index = 7559, .adv_w = 138, .box_w = 9, .box_h = 20, .ofs_x = 0, .ofs_y = -4},
    {.bitmap_index = 7649, .adv_w = 101, .box_w = 4, .box_h = 20, .ofs_x = 1, .ofs_y = -4},
    {.bitmap_index = 7689, .adv_w = 138, .box_w = 8, .box_h = 20, .ofs_x = 0, .ofs_y = -4},
    {.bitmap_index = 7769, .adv_w = 211, .box_w = 11, .box_h = 4, .ofs_x = 1, .ofs_y = 5},
    {.bitmap_index = 7791, .adv_w = 95, .box_w = 0, .box_h = 0, .ofs_x = 0, .ofs_y = 0},
    {.bitmap_index = 7791, .adv_w = 87, .box_w = 4, .box_h = 15, .ofs_x = 1, .ofs_y = -4},
    {.bitmap_index = 7821, .adv_w = 211, .box_w = 11, .box_h = 17, .ofs_x = 1, .ofs_y = -3},
    {.bitmap_index = 7915, .adv_w = 211, .box_w = 13, .box_h = 16, .ofs_x = 0, .ofs_y = 0},
    {.bitmap_index = 8019, .adv_w = 211, .box_w = 13, .box_h = 11, .ofs_x = 0, .ofs_y = 0},
    {.bitmap_index = 8091, .adv_w = 211, .box_w = 13, .box_h = 16, .ofs_x = 0, .ofs_y = 0},
    {.bitmap_index = 8195, .adv_w = 101, .box_w = 4, .box_h = 20, .ofs_x = 1, .ofs_y = -4},
    {.bitmap_index = 8235, .adv_w = 201, .box_w = 12, .box_h = 20, .ofs_x = 0, .ofs_y = -4},
    {.bitmap_index = 8355, .adv_w = 180, .box_w = 8, .box_h = 3, .ofs_x = 2, .ofs_y = 13},
    {.bitmap_index = 8367, .adv_w = 287, .box_w = 17, .box_h = 17, .ofs_x = 0, .ofs_y = -1},
    {.bitmap_index = 8512, .adv_w = 119, .box_w = 7, .box_h = 8, .ofs_x = 0, .ofs_y = 8},
    {.bitmap_index = 8540, .adv_w = 174, .box_w = 9, .box_h = 10, .ofs_x = 1, .ofs_y = 1},
    {.bitmap_index = 8585, .adv_w = 211, .box_w = 11, .box_h = 7, .ofs_x = 1, .ofs_y = 3},
    {.bitmap_index = 8624, .adv_w = 153, .box_w = 8, .box_h = 3, .ofs_x = 1, .ofs_y = 5},
    {.bitmap_index = 8636, .adv_w = 287, .box_w = 17, .box_h = 17, .ofs_x = 0, .ofs_y = -1},
    {.bitmap_index = 8781, .adv_w = 185, .box_w = 8, .box_h = 2, .ofs_x = 2, .ofs_y = 14},
    {.bitmap_index = 8789, .adv_w = 133, .box_w = 8, .box_h = 7, .ofs_x = 0, .ofs_y = 9},
    {.bitmap_index = 8817, .adv_w = 211, .box_w = 12, .box_h = 12, .ofs_x = 1, .ofs_y = 0},
    {.bitmap_index = 8889, .adv_w = 134, .box_w = 8, .box_h = 10, .ofs_x = 0, .ofs_y = 6},
    {.bitmap_index = 8929, .adv_w = 134, .box_w = 8, .box_h = 10, .ofs_x = 0, .ofs_y = 6},
    {.bitmap_index = 8969, .adv_w = 133, .box_w = 5, .box_h = 7, .ofs_x = 2, .ofs_y = 11},
    {.bitmap_index = 8987, .adv_w = 211, .box_w = 11, .box_h = 15, .ofs_x = 1, .ofs_y = -4},
    {.bitmap_index = 9070, .adv_w = 220, .box_w = 13, .box_h = 20, .ofs_x = 0, .ofs_y = -4},
    {.bitmap_index = 9200, .adv_w = 87, .box_w = 4, .box_h = 4, .ofs_x = 1, .ofs_y = 4},
    {.bitmap_index = 9208, .adv_w = 148, .box_w = 6, .box_h = 6, .ofs_x = 2, .ofs_y = -5},
    {.bitmap_index = 9226, .adv_w = 134, .box_w = 7, .box_h = 10, .ofs_x = 1, .ofs_y = 6},
    {.bitmap_index = 9261, .adv_w = 124, .box_w = 8, .box_h = 7, .ofs_x = 0, .ofs_y = 9},
    {.bitmap_index = 9289, .adv_w = 174, .box_w = 9, .box_h = 10, .ofs_x = 1, .ofs_y = 1},
    {.bitmap_index = 9334, .adv_w = 321, .box_w = 19, .box_h = 17, .ofs_x = 1, .ofs_y = -1},
    {.bitmap_index = 9496, .adv_w = 338, .box_w = 20, .box_h = 17, .ofs_x = 1, .ofs_y = -1},
    {.bitmap_index = 9666, .adv_w = 321, .box_w = 20, .box_h = 17, .ofs_x = 0, .ofs_y = -1},
    {.bitmap_index = 9836, .adv_w = 162, .box_w = 11, .box_h = 15, .ofs_x = 0, .ofs_y = -4},
    {.bitmap_index = 9919, .adv_w = 262, .box_w = 16, .box_h = 22, .ofs_x = 0, .ofs_y = 0},
    {.bitmap_index = 10095, .adv_w = 262, .box_w = 16, .box_h = 22, .ofs_x = 0, .ofs_y = 0},
    {.bitmap_index = 10271, .adv_w = 262, .box_w = 16, .box_h = 21, .ofs_x = 0, .ofs_y = 0},
    {.bitmap_index = 10439, .adv_w = 262, .box_w = 16, .box_h = 21, .ofs_x = 0, .ofs_y = 0},
    {.bitmap_index = 10607, .adv_w = 262, .box_w = 16, .box_h = 20, .ofs_x = 0, .ofs_y = 0},
    {.bitmap_index = 10767, .adv_w = 262, .box_w = 16, .box_h = 23, .ofs_x = 0, .ofs_y = 0},
    {.bitmap_index = 10951, .adv_w = 350, .box_w = 22, .box_h = 16, .ofs_x = -1, .ofs_y = 0},
    {.bitmap_index = 11127, .adv_w = 239, .box_w = 14, .box_h = 20, .ofs_x = 1, .ofs_y = -4},
    {.bitmap_index = 11267, .adv_w = 210, .box_w = 12, .box_h = 21, .ofs_x = 1, .ofs_y = 0},
    {.bitmap_index = 11393, .adv_w = 210, .box_w = 12, .box_h = 21, .ofs_x = 1, .ofs_y = 0},
    {.bitmap_index = 11519, .adv_w = 210, .box_w = 12, .box_h = 21, .ofs_x = 1, .ofs_y = 0},
    {.bitmap_index = 11645, .adv_w = 210, .box_w = 12, .box_h = 20, .ofs_x = 1, .ofs_y = 0},
    {.bitmap_index = 11765, .adv_w = 99, .box_w = 6, .box_h = 22, .ofs_x = -1, .ofs_y = 0},
    {.bitmap_index = 11831, .adv_w = 99, .box_w = 6, .box_h = 22, .ofs_x = 1, .ofs_y = 0},
    {.bitmap_index = 11897, .adv_w = 99, .box_w = 8, .box_h = 21, .ofs_x = -1, .ofs_y = 0},
    {.bitmap_index = 11981, .adv_w = 99, .box_w = 8, .box_h = 20, .ofs_x = -1, .ofs_y = 0},
    {.bitmap_index = 12061, .adv_w = 268, .box_w = 17, .box_h = 16, .ofs_x = -1, .ofs_y = 0},
    {.bitmap_index = 12197, .adv_w = 263, .box_w = 14, .box_h = 21, .ofs_x = 1, .ofs_y = 0},
    {.bitmap_index = 12344, .adv_w = 276, .box_w = 16, .box_h = 22, .ofs_x = 1, .ofs_y = 0},
    {.bitmap_index = 12520, .adv_w = 276, .box_w = 16, .box_h = 22, .ofs_x = 1, .ofs_y = 0},
    {.bitmap_index = 12696, .adv_w = 276, .box_w = 16, .box_h = 21, .ofs_x = 1, .ofs_y = 0},
    {.bitmap_index = 12864, .adv_w = 276, .box_w = 16, .box_h = 21, .ofs_x = 1, .ofs_y = 0},
    {.bitmap_index = 13032, .adv_w = 276, .box_w = 16, .box_h = 20, .ofs_x = 1, .ofs_y = 0},
    {.bitmap_index = 13192, .adv_w = 211, .box_w = 11, .box_h = 10, .ofs_x = 1, .ofs_y = 1},
    {.bitmap_index = 13247, .adv_w = 276, .box_w = 16, .box_h = 19, .ofs_x = 1, .ofs_y = -2},
    {.bitmap_index = 13399, .adv_w = 260, .box_w = 14, .box_h = 22, .ofs_x = 1, .ofs_y = 0},
    {.bitmap_index = 13553, .adv_w = 260, .box_w = 14, .box_h = 22, .ofs_x = 1, .ofs_y = 0},
    {.bitmap_index = 13707, .adv_w = 260, .box_w = 14, .box_h = 21, .ofs_x = 1, .ofs_y = 0},
    {.bitmap_index = 13854, .adv_w = 260, .box_w = 14, .box_h = 20, .ofs_x = 1, .ofs_y = 0},
    {.bitmap_index = 13994, .adv_w = 218, .box_w = 14, .box_h = 22, .ofs_x = 0, .ofs_y = 0},
    {.bitmap_index = 14148, .adv_w = 231, .box_w = 13, .box_h = 16, .ofs_x = 1, .ofs_y = 0},
    {.bitmap_index = 14252, .adv_w = 230, .box_w = 13, .box_h = 16, .ofs_x = 1, .ofs_y = 0},
    {.bitmap_index = 14356, .adv_w = 193, .box_w = 11, .box_h = 18, .ofs_x = 0, .ofs_y = 0},
    {.bitmap_index = 14455, .adv_w = 193, .box_w = 11, .box_h = 18, .ofs_x = 0, .ofs_y = 0},
    {.bitmap_index = 14554, .adv_w = 193, .box_w = 11, .box_h = 18, .ofs_x = 0, .ofs_y = 0},
    {.bitmap_index = 14653, .adv_w = 193, .box_w = 11, .box_h = 17, .ofs_x = 0, .ofs_y = 0},
    {.bitmap_index = 14747, .adv_w = 193, .box_w = 11, .box_h = 16, .ofs_x = 0, .ofs_y = 0},
    {.bitmap_index = 14835, .adv_w = 193, .box_w = 11, .box_h = 19, .ofs_x = 0, .ofs_y = 0},
    {.bitmap_index = 14940, .adv_w = 304, .box_w = 19, .box_h = 11, .ofs_x = 0, .ofs_y = 0},
    {.bitmap_index = 15045, .adv_w = 166, .box_w = 11, .box_h = 15, .ofs_x = 0, .ofs_y = -4},
    {.bitmap_index = 15128, .adv_w = 191, .box_w = 12, .box_h = 18, .ofs_x = 0, .ofs_y = 0},
    {.bitmap_index = 15236, .adv_w = 191, .box_w = 12, .box_h = 18, .ofs_x = 0, .ofs_y = 0},
    {.bitmap_index = 15344, .adv_w = 191, .box_w = 12, .box_h = 18, .ofs_x = 0, .ofs_y = 0},
    {.bitmap_index = 15452, .adv_w = 191, .box_w = 12, .box_h = 16, .ofs_x = 0, .ofs_y = 0},
    {.bitmap_index = 15548, .adv_w = 90, .box_w = 6, .box_h = 18, .ofs_x = -1, .ofs_y = 0},
    {.bitmap_index = 15602, .adv_w = 90, .box_w = 6, .box_h = 18, .ofs_x = 1, .ofs_y = 0},
    {.bitmap_index = 15656, .adv_w = 90, .box_w = 8, .box_h = 17, .ofs_x = -1, .ofs_y = 0},
    {.bitmap_index = 15724, .adv_w = 90, .box_w = 8, .box_h = 16, .ofs_x = -1, .ofs_y = 0},
    {.bitmap_index = 15788, .adv_w = 205, .box_w = 12, .box_h = 17, .ofs_x = 0, .ofs_y = 0},
    {.bitmap_index = 15890, .adv_w = 206, .box_w = 11, .box_h = 16, .ofs_x = 1, .ofs_y = 0},
    {.bitmap_index = 15978, .adv_w = 203, .box_w = 12, .box_h = 18, .ofs_x = 0, .ofs_y = 0},
    {.bitmap_index = 16086, .adv_w = 203, .box_w = 12, .box_h = 18, .ofs_x = 0, .ofs_y = 0},
    {.bitmap_index = 16194, .adv_w = 203, .box_w = 12, .box_h = 18, .ofs_x = 0, .ofs_y = 0},
    {.bitmap_index = 16302, .adv_w = 203, .box_w = 12, .box_h = 17, .ofs_x = 0, .ofs_y = 0},
    {.bitmap_index = 16404, .adv_w = 203, .box_w = 12, .box_h = 16, .ofs_x = 0, .ofs_y = 0},
    {.bitmap_index = 16500, .adv_w = 211, .box_w = 12, .box_h = 11, .ofs_x = 1, .ofs_y = 1},
    {.bitmap_index = 16566, .adv_w = 203, .box_w = 12, .box_h = 14, .ofs_x = 0, .ofs_y = -2},
    {.bitmap_index = 16650, .adv_w = 204, .box_w = 11, .box_h = 18, .ofs_x = 1, .ofs_y = 0},
    {.bitmap_index = 16749, .adv_w = 204, .box_w = 11, .box_h = 18, .ofs_x = 1, .ofs_y = 0},
    {.bitmap_index = 16848, .adv_w = 204, .box_w = 11, .box_h = 18, .ofs_x = 1, .ofs_y = 0},
    {.bitmap_index = 16947, .adv_w = 204, .box_w = 11, .box_h = 16, .ofs_x = 1, .ofs_y = 0},
    {.bitmap_index = 17035, .adv_w = 185, .box_w = 12, .box_h = 22, .ofs_x = 0, .ofs_y = -4},
    {.bitmap_index = 17167, .adv_w = 211, .box_w = 12, .box_h = 20, .ofs_x = 1, .ofs_y = -4},
    {.bitmap_index = 17287, .adv_w = 185, .box_w = 12, .box_h = 20, .ofs_x = 0, .ofs_y = -4},
    {.bitmap_index = 17407, .adv_w = 87, .box_w = 4, .box_h = 6, .ofs_x = 1, .ofs_y = 10},
    {.bitmap_index = 17419, .adv_w = 87, .box_w = 4, .box_h = 6, .ofs_x = 1, .ofs_y = 10},
    {.bitmap_index = 17431, .adv_w = 87, .box_w = 4, .box_h = 7, .ofs_x = 1, .ofs_y = -3},
    {.bitmap_index = 17445, .adv_w = 156, .box_w = 8, .box_h = 6, .ofs_x = 1, .ofs_y = 10},
    {.bitmap_index = 17469, .adv_w = 156, .box_w = 8, .box_h = 6, .ofs_x = 1, .ofs_y = 10},
    {.bitmap_index = 17493, .adv_w = 184, .box_w = 9, .box_h = 8, .ofs_x = 1, .ofs_y = 2},
    {.bitmap_index = 17529, .adv_w = 262, .box_w = 15, .box_h = 4, .ofs_x = 1, .ofs_y = 0}
};

/*---------------------
 *  CHARACTER MAPPING
 *--------------------*/

static const uint16_t unicode_list_2[] = {
    0x0, 0x1, 0x2, 0x4, 0x5, 0xa, 0xe
};

/*Collect the unicode lists and glyph_id offsets*/
static const lv_font_fmt_txt_cmap_t cmaps[] =
{
    {
        .range_start = 32, .range_length = 95, .glyph_id_start = 1,
        .unicode_list = NULL, .glyph_id_ofs_list = NULL, .list_length = 0, .type = LV_FONT_FMT_TXT_CMAP_FORMAT0_TINY
    },
    {
        .range_start = 160, .range_length = 96, .glyph_id_start = 96,
        .unicode_list = NULL, .glyph_id_ofs_list = NULL, .list_length = 0, .type = LV_FONT_FMT_TXT_CMAP_FORMAT0_TINY
    },
    {
        .range_start = 8216, .range_length = 15, .glyph_id_start = 192,
        .unicode_list = unicode_list_2, .glyph_id_ofs_list = NULL, .list_length = 7, .type = LV_FONT_FMT_TXT_CMAP_SPARSE_TINY
    }
};

/*-----------------
 *    KERNING
 *----------------*/


/*Map glyph_ids to kern left classes*/
static const uint8_t kern_left_class_mapping[] =
{
    0, 0, 1, 0, 0, 0, 0, 2,
    0, 3, 0, 4, 0, 5, 6, 5,
    7, 0, 0, 0, 0, 0, 0, 0,
    0, 0, 0, 8, 8, 0, 0, 0,
    9, 10, 11, 12, 13, 10, 14, 15,
    16, 0, 0, 17, 18, 19, 0, 0,
    10, 20, 10, 21, 22, 23, 24, 25,
    25, 26, 27, 28, 3, 0, 0, 0,
    5, 0, 29, 30, 31, 32, 33, 34,
    35, 29, 32, 32, 36, 37, 29, 29,
    30, 30, 38, 39, 40, 41, 35, 42,
    42, 43, 42, 44, 3, 0, 6, 0,
    0, 45, 0, 0, 0, 0, 0, 0,
    0, 10, 46, 47, 0, 6, 10, 0,
    48, 0, 0, 0, 0, 35, 0, 6,
    0, 0, 46, 49, 0, 0, 0, 50,
    11, 11, 11, 11, 11, 11, 14, 13,
    14, 14, 14, 14, 0, 0, 0, 0,
    10, 0, 10, 10, 10, 10, 10, 0,
    10, 24, 24, 24, 24, 27, 51, 52,
    0, 0, 0, 0, 0, 0, 33, 31,
    33, 33, 33, 33, 32, 53, 54, 55,
    30, 29, 30, 30, 30, 30, 30, 0,
    30, 35, 35, 35, 35, 42, 30, 42,
    56, 56, 5, 56, 56, 6, 5
};

/*Map glyph_ids to kern right classes*/
static const uint8_t kern_right_class_mapping[] =
{
    0, 0, 1, 2, 0, 0, 3, 4,
    2, 5, 6, 7, 0, 8, 9, 8,
    10, 0, 0, 0, 0, 0, 0, 0,
    0, 0, 0, 11, 11, 0, 0, 0,
    12, 13, 14, 15, 13, 15, 15, 15,
    13, 15, 15, 16, 15, 15, 15, 15,
    13, 15, 13, 15, 17, 18, 19, 20,
    20, 21, 22, 23, 5, 24, 6, 0,
    8, 0, 25, 26, 27, 27, 27, 28,
    27, 26, 26, 29, 26, 26, 30, 30,
    27, 30, 27, 30, 31, 32, 33, 34,
    34, 35, 34, 36, 9, 15, 6, 0,
    0, 37, 0, 0, 0, 0, 15, 38,
    0, 13, 39, 40, 0, 9, 13, 0,
    41, 0, 0, 0, 0, 30, 42, 9,
    0, 0, 39, 43, 0, 0, 0, 44,
    14, 14, 14, 14, 14, 14, 14, 13,
    15, 15, 15, 15, 15, 15, 15, 15,
    15, 15, 13, 13, 13, 13, 13, 0,
    13, 19, 19, 19, 19, 22, 15, 26,
    0, 0, 0, 0, 0, 0, 25, 27,
    27, 27, 27, 27, 26, 26, 26, 26,
    27, 30, 27, 27, 27, 27, 27, 0,
    27, 33, 33, 33, 33, 34, 26, 34,
    45, 45, 8, 45, 45, 9, 8
};

/*Kern values between classes*/
static const int8_t kern_class_values[] =
{
    0, 0, 0, 0, 0, 2, -4, 0,
    -4, 4, 0, -2, 0, 0, 0, 11,
    0, -4, 0, -4, 0, -4, 0, 0,
    0, 0, 0, 0, 0, 0, 0, 0,
    0, 0, 0, 0, 0, 0, 0, 0,
    0, 0, 0, 2, 0, 0, 0, 0,
    0, 0, 0, 0, 0, 0, 0, 0,
    0, 0, 0, 0, 11, 0, -9, 0,
    -12, -5, -11, 0, 0, 2, 0, -5,
    0, 0, 0, 5, 0, 0, -5, 0,
    0, 0, 0, 0, 0, 0, 0, 0,
    0, 0, 2, 0, 0, 0, 0, 14,
    0, 0, 0, 14, 0, 11, -3, 0,
    0, 0, 0, 14, 0, 11, 4, 12,
    7, 0, 0, 0, -4, 0, 28, 0,
    0, 0, 0, 0, 0, 0, 2, 0,
    4, 0, 2, 0, 0, 7, 4, -4,
    0, 0, 0, 0, 0, 0, -18, -23,
    -39, -4, 4, 0, -26, 0, -19, 0,
    5, 0, 4, -5, 7, -2, 0, 0,
    9, -8, 9, 0, 0, -2, 9, 0,
    7, 5, 0, -4, 0, 7, -16, 0,
    0, -5, -18, 0, 0, 0, 0, 0,
    0, 0, -19, 0, -16, 23, 0, -26,
    -13, 7, 0, 12, 4, -23, -7, -19,
    4, -24, 4, 0, -1, 0, -6, -7,
    7, 0, 1, -11, -2, -17, 5, 0,
    0, 0, -19, -11, -23, 0, 4, 0,
    -19, -4, 0, 0, 0, 0, 0, -23,
    -16, 0, 0, -6, -13, 0, -6, 0,
    -10, -7, -17, 0, -18, -9, -19, 0,
    0, 0, 0, 5, 0, 0, 0, 2,
    0, 0, -6, -9, -4, -4, 0, -18,
    0, -19, 0, -8, -18, -16, 0, 0,
    0, 0, 0, 14, 0, -37, -23, -16,
    -7, 18, -4, -7, 0, -14, 0, 14,
    0, 14, 4, 12, 5, 0, -21, 0,
    -21, 0, 0, -21, -21, -4, -21, -11,
    -18, -21, -21, 0, 7, -23, 1, 0,
    -18, -21, 5, 0, 0, 0, 0, 0,
    0, -4, 0, -6, 19, 0, -4, 0,
    0, 0, 7, 0, -11, 0, -11, 0,
    -14, 0, 0, 0, 0, 0, 2, 7,
    0, 0, 0, 0, 0, 0, 0, 0,
    0, 0, 0, 0, 0, 0, 0, -5,
    0, 0, 0, 0, 0, 3, 2, -30,
    -3, -4, 0, 5, 0, 0, 0, 0,
    0, 0, 0, 0, 0, 0, 0, 0,
    0, 0, 0, 0, 0, 0, 0, 0,
    0, 0, 0, 0, 0, 0, 9, 1,
    5, 0, 1, -6, 2, 0, 0, 0,
    0, 0, -3, 0, -13, 0, -4, 0,
    -3, 0, -5, 0, -12, 0, -15, 0,
    -6, -10, -15, -5, 0, 0, 0, 0,
    0, 7, 0, 0, 0, 0, 0, 0,
    0, 0, 0, 0, -2, -4, 0, 0,
    0, -2, 0, 0, 0, 0, 0, 0,
    -26, 7, -6, 11, 0, -19, -5, 0,
    0, 7, -3, -27, -2, -21, -5, -23,
    -4, 0, 0, 0, -2, -4, 0, 0,
    -3, -5, 0, -10, -8, -1, 0, 0,
    -31, -6, -30, 0, -2, 0, -20, 0,
    0, 0, 0, 0, 0, 0, -3, 1,
    0, 0, 0, 0, -2, 0, -2, 0,
    -4, 0, -4, -4, -5, 0, 0, 0,
    0, 0, 0, 0, 0, 0, 0, 0,
    0, 0, 0, 0, 0, 2, 0, 2,
    0, 0, 0, -1, 0, 0, 0, -8,
    0, 0, 0, 4, -12, 6, 0, 7,
    -8, -5, 0, -1, -5, -4, 0, -6,
    -5, -5, -3, 0, -6, 0, -12, -8,
    0, 0, -4, -8, -5, -9, -4, -6,
    0, 0, 2, -8, 0, 0, 0, 0,
    0, 0, 0, 0, 0, 0, 2, 0,
    4, -1, 12, 0, 2, 0, -5, 0,
    4, -4, -2, 0, -1, -2, -1, 0,
    0, -2, 0, -1, -2, 0, 0, -2,
    -2, 0, -3, 0, 0, 0, 0, 0,
    -5, 3, 0, 0, 0, 0, 2, 0,
    0, 0, 0, 5, 0, -11, -3, -9,
    0, 4, -5, -19, 0, -19, -7, 3,
    0, 2, -5, 0, -4, 0, -7, 14,
    -6, 0, 0, -4, -5, 0, -5, -2,
    -5, -12, 0, 0, 5, -10, 5, 0,
    -5, 0, 4, 0, 0, 0, 0, 0,
    -1, 0, 0, 0, 1, 0, 0, 0,
    0, 0, 0, 0, -5, 0, -4, -2,
    -5, 0, 0, 0, 0, 0, 0, 0,
    0, 0, 0, 0, 0, 0, 0, 0,
    0, -3, 0, -1, 0, 0, 0, -4,
    0, 0, 0, 0, 0, 0, 0, -5,
    0, 0, 0, 0, 0, 0, 0, -7,
    0, 0, 0, 0, 0, 0, 0, 0,
    0, 0, 0, 0, 0, 0, 0, 0,
    0, 0, 0, 0, 0, 0, 0, 0,
    0, 0, 0, 0, 0, 9, 0, 0,
    0, 0, 2, -6, 5, -12, 12, 0,
    4, -10, -9, 0, 11, -8, -12, -4,
    -7, -4, -8, 1, 0, 0, 9, -5,
    -5, 0, 0, -4, -6, -4, -11, -13,
    -5, 0, 0, -1, -15, 0, 0, -4,
    0, -2, 0, 0, 0, 0, 0, 0,
    -20, 5, -12, 15, 1, -27, -13, -5,
    0, 14, -5, -46, -10, -36, -7, -42,
    0, 0, 0, 0, -2, -5, 0, 0,
    -1, -11, -4, -16, -7, 0, 0, 0,
    -23, -7, -26, 0, 0, 0, -23, 3,
    0, 0, -5, 0, -4, 2, -19, -10,
    -20, -2, 2, -2, -26, 0, -23, 0,
    -6, 0, 0, -11, -1, -7, 0, -8,
    0, -9, 0, 0, -4, -8, 5, -3,
    2, -5, -7, 0, 0, 8, -13, 13,
    0, -5, 0, 7, 0, 0, 0, 0,
    0, 0, 0, 1, -6, 8, 0, 0,
    -2, -5, 0, 2, -1, -7, 0, -5,
    -4, -3, -1, 0, -2, 0, -5, 0,
    0, 0, -4, 0, 0, -1, -3, -2,
    0, 0, 0, -6, 4, 0, -5, 0,
    0, 0, 0, 0, 0, 0, 0, -6,
    -4, 2, 2, 0, 1, 0, -2, 0,
    -3, 0, -5, 0, -5, -4, -6, -3,
    0, 0, 0, 0, -2, 0, 0, -1,
    -2, 0, -3, -1, -1, 0, 0, -1,
    0, -1, 0, 0, 0, -7, 2, 0,
    0, -9, 0, 14, 5, -23, -17, -18,
    -11, 7, -15, -27, 0, -20, -8, 5,
    0, 5, 0, 5, -1, 0, -27, 19,
    -27, -12, 0, -27, -27, -12, -26, -26,
    -27, -27, 0, 0, 7, -22, 5, 0,
    -21, 0, 5, 0, 0, 0, 0, 0,
    0, 0, -7, 0, -4, 0, 0, 0,
    -2, 0, -9, 0, 0, 0, 0, -3,
    0, 0, 0, 0, 0, 0, 0, 0,
    0, 0, 0, 0, 0, 0, 0, 0,
    0, 0, 0, 0, 0, 0, 0, 0,
    4, 0, 0, -12, 0, 11, 4, -19,
    -18, -7, -12, 5, -6, -21, 0, -20,
    -5, 5, 0, 0, -5, 2, 0, 0,
    -21, 18, -22, -6, 0, -20, -22, -5,
    -18, -11, -20, -19, 0, 0, 7, -25,
    5, 0, -18, 0, 4, 6, 0, 0,
    0, 0, 4, -5, 4, -9, 7, 0,
    2, -10, -5, 0, 7, -4, 0, -3,
    -5, 0, -1, 0, 0, 0, 7, -3,
    -7, 0, 0, -3, -8, 0, -10, -9,
    -6, 0, 0, 2, -14, 0, 0, -4,
    0, 0, 15, 0, 0, -4, 0, 12,
    7, -24, -19, -9, -14, 12, -15, -23,
    12, -16, -8, 6, 0, 2, 0, 2,
    0, 0, -27, 0, -29, -12, 0, -27,
    -28, -13, -26, -26, -28, -28, 0, 0,
    12, -26, 6, 0, -21, 0, 4, 0,
    0, 0, 0, 0, 7, -2, 4, -7,
    9, 0, 2, -5, -4, 0, 7, -3,
    0, 0, -4, 0, 0, 0, 0, -4,
    0, -5, -4, 0, 0, -4, -6, -4,
    -11, -5, -8, 0, 0, 0, -19, -1,
    0, -4, 0, 2, 0, 0, 0, 0,
    0, 0, -5, 0, 0, 0, 0, -5,
    0, 0, 0, 0, 0, 0, 0, 0,
    0, 0, 0, 0, 0, 0, 0, 0,
    0, 0, 0, 0, 0, -2, 0, 0,
    0, 0, -7, 0, -10, 0, 0, 0,
    -6, 0, 0, 0, 0, 0, -4, -8,
    -6, 5, 0, 0, -8, 0, 0, 0,
    0, 0, 0, 0, 0, 0, 0, 0,
    0, 0, 0, 0, -2, 0, 0, 0,
    -2, 0, -4, -5, -3, 0, 0, -10,
    2, -12, 0, 4, 0, -12, 0, 0,
    0, 0, 0, 4, 0, 4, -4, 3,
    2, 0, 0, 0, 0, 0, 0, 0,
    0, 0, 0, 0, 0, 0, -1, 0,
    -4, 1, 0, 0, 0, 1, 0, 3,
    5, 0, 0, 0, 5, -2, 1, 0,
    1, 0, 2, 0, 0, 0, 0, 0,
    0, 9, 0, 0, 0, 0, 0, 0,
    0, 0, 0, 0, 0, 0, 0, 0,
    0, 0, 0, 0, 0, 0, 0, 0,
    0, 0, 0, 0, 0, 0, 0, 0,
    0, 0, 0, 0, 0, 0, 0, 12,
    0, 0, 0, 0, 0, -4, -6, 0,
    5, 3, 0, -4, 0, 0, 0, 0,
    0, 0, 0, 0, 0, 0, 0, 0,
    0, 0, 0, -1, 0, 0, 0, -1,
    0, -3, -1, -2, 0, 0, -6, 2,
    -10, 0, 2, 0, -10, 8, 0, 0,
    -3, 0, 19, 12, -9, -3, 0, 2,
    18, 0, 0, 0, 0, 0, 0, 0,
    0, 0, 0, 0, 0, -2, 0, -5,
    -8, 0, 0, -2, -10, 0, -4, -7,
    -4, 0, 0, 25, -5, 18, 0, -4,
    0, 18, 0, 0, 0, 0, 0, 0,
    0, 0, 0, 0, 0, -4, 0, 0,
    0, 0, 0, 0, 0, 0, 0, 0,
    0, 0, 0, 0, 0, 0, 0, 0,
    0, 0, 0, 0, 0, 0, 0, 0,
    0, 0, 0, 0, 0, 0, 0, 0,
    0, 0, 0, 0, 0, 1, 5, -10,
    7, 0, -5, 0, 0, 0, 0, 0,
    0, 0, 0, 0, 0, 0, 0, -2,
    0, -4, 0, 0, 0, -3, -5, 0,
    -6, -7, -2, 0, 0, 6, -7, 0,
    0, -3, 0, 2, 0, -16, -7, -1,
    -4, 23, -12, 4, -2, 12, 0, -7,
    -3, 0, 0, 0, 0, 0, 0, 0,
    0, 0, 0, -5, 0, 0, -2, -4,
    0, 0, -2, -5, 0, -5, 0, 0,
    0, -3, 0, -2, -15, -5, 0, 4,
    -18, 0, 0, 0, 0, 0, 0, 0,
    0, 0, 0, 0, -1, 0, 0, 0,
    0, 0, 0, 0, 0, 0, 0, 0,
    0, 0, 0, 0, 0, 4, 0, 0,
    0, 0, 0, 0, 0, 0, 0, 0,
    0, 0, 0, 0, 0, 0, 4, 0,
    0, -5, 0, 5, 13, -8, -7, -5,
    5, 0, 0, 0, 0, 0, 0, 0,
    0, 0, 0, 0, 0, 0, -2, 0,
    -3, 10, 0, 0, -2, 10, 0, 11,
    2, 2, 0, 0, 13, -7, 12, 0,
    0, 0, 12, 0, 0, 0, 0, 0,
    0, -2, -2, 0, 0, 0, -4, 0,
    0, 0, 0, 0, 0, 0, 0, 0,
    0, 0, 0, 0, 0, 0, 0, 0,
    0, 0, -2, 0, -4, -2, -2, 0,
    0, -2, 0, -4, 0, 0, 0, -10,
    1, 0, 0, 0, 0, 28, 8, 6,
    -2, 18, 1, 2, 0, 0, 0, 0,
    0, 0, 0, 0, 0, 0, 0, 0,
    0, 5, -2, -1, 0, 0, 0, -10,
    0, 3, 4, 1, 0, 0, 10, -5,
    0, 0, 0, 0, 0, 0, 0, 0,
    -4, 0, 0, 7, -17, -6, -9, 0,
    -6, 0, 0, 0, 0, 0, 0, 0,
    0, 0, 0, 0, 0, -4, 0, -4,
    3, 0, 0, -4, 5, 0, 14, -4,
    -3, 0, 0, 7, -6, 4, 0, -4,
    0, 4, 0, 0, 0, 0, 0, 0,
    5, 5, -9, 5, 0, -9, 0, 0,
    0, 0, 0, 0, 0, 0, 0, 0,
    0, 0, -1, 0, -5, 0, 0, 0,
    -2, 0, 0, -4, 0, -2, 0, 0,
    7, -10, -2, 0, -4, 0, 2, 0,
    0, 0, 0, 0, 0, 0, 0, -12,
    0, 0, -9, 0, 0, 0, 2, 0,
    0, 0, 0, 0, 0, 0, 0, -2,
    0, -4, 0, 0, 0, -2, 0, 0,
    -3, -2, 0, 0, 0, 0, -12, -2,
    0, -4, 0, -2, 0, 0, 0, 0,
    0, 2, -4, 0, -4, 5, 0, -1,
    0, 0, 0, 11, 0, -5, 0, -4,
    0, -7, 0, 0, 0, 0, 0, 0,
    18, 0, 0, 0, 0, 0, 0, 0,
    0, 0, 0, 0, 0, 0, 0, 1,
    0, 0, 0, 0, 0, 0, 4, 7,
    -19, -18, -39, 0, 14, 0, -31, 0,
    -21, 1, 7, 0, 7, 2, 12, 0,
    0, -2, 0, -10, 16, 0, 0, -3,
    16, 0, 7, 5, 0, 0, 0, 0,
    0, 0, 0, 0, -18, 0, 0, 0,
    0, 0, 0, 0, -5, 4, -8, 4,
    0, -5, 0, -1, 0, 0, 0, -21,
    0, -18, -4, -21, -1, 0, 0, 0,
    4, 0, 0, 0, 0, 0, 0, -4,
    -4, -4, 0, 0, 0, 0, 0, 0,
    0, 7, 0, 0, 0, 0, 0, 0,
    2, 0, -23, -19, -43, 0, 9, -4,
    -30, 0, -23, 1, 5, 0, 5, 0,
    6, -1, 0, -2, 0, -12, 4, 0,
    0, -7, 5, 0, 4, -2, 0, 0,
    0, 0, 0, 0, 0, 0, -21, 0,
    0, 0, 0, 0, 0, 0, -16, -11,
    0, 0, 0, -7, -2, -6, 0, -5,
    -4, -22, 0, -25, -14, -26, -4, 0,
    0, 0, 2, 0, 0, 0, 0, 0,
    0, -6, -10, -5, 0, 0, 0, 0,
    0, 0, 0, 0, 0, 0, 0, 0,
    0, 0, 12, -15, 0, -18, 21, 0,
    -16, -16, 0, 0, 14, -6, -22, -6,
    -22, 0, -22, -2, 0, 0, 35, -8,
    -4, 35, 0, -4, -4, 0, -7, 0,
    0, 2, 0, -14, -4, -16, 0, 0,
    2, -11, 0, 0, 0, 0, 0, -5,
    -1, -15, 1, -5, 0, -7, 0, -10,
    0, -17, -2, -30, 0, -7, -14, -15,
    -11, 0, 0, 0, 0, 0, 0, 0,
    0, 3, 0, 0, 0, 0, 0, 0,
    0, 0, 0, 0, 0, 0, 0, -2,
    0, 0, 0, 0, -1, -17, 4, 2,
    2, 0, -14, 0, 0, 0, 0, 0,
    0, 0, 0, 0, 0, 0, 0, 0,
    0, 0, -1, 0, 0, -1, -6, 0,
    -10, -2, 0, 0, 0, 0, 0, 0,
    0, 0, 0, -7, 0, 0, 0, 0,
    0, 23, 9, 0, 0, 0, 0, 2,
    0, 0, 0, 0, 0, 0, 0, 0,
    0, 0, 0, 0, 0, 11, 0, 0,
    0, 0, 0, 0, 0, 0, 0, 0,
    0, 0, 0, 0, 0, 0, 0, 0,
    12, 0, 0, 0, 0, 0, 10, 18,
    0, 0, 0, 0, 4, 0, 0, 0,
    0, 0, 0, 0, 0, 0, 0, 0,
    0, 0, 12, 0, 0, 0, 0, 0,
    0, 0, 0, 0, 0, 0, 0, 0,
    0, 0, 0, 0, 0, 12, 0, 0,
    0, 0, 0, 18, 11, 0, 0, 0,
    0, 3, 0, 0, 0, 0, 0, 0,
    0, 0, 0, 0, 0, 0, 0, 3,
    0, 0, 0, 0, 0, 0, 0, 0,
    0, 0, 0, 0, 0, 0, 0, 0,
    0, 0, 16, 0, 0, 0, 0, 0,
    4, 0, -19, -16, -32, -5, 5, -1,
    -20, 0, -23, 2, 5, 0, 4, 0,
    4, 0, 0, 0, 12, -12, 2, 0,
    0, -10, 2, 0, 4, 2, 0, 0,
    0, 0, 0, 0, 0, 0, -14, 0
};


/*Collect the kern class' data in one place*/
static const lv_font_fmt_txt_kern_classes_t kern_classes =
{
    .class_pair_values   = kern_class_values,
    .left_class_mapping  = kern_left_class_mapping,
    .right_class_mapping = kern_right_class_mapping,
    .left_class_cnt      = 56,
    .right_class_cnt     = 45,
};

/*--------------------
 *  ALL CUSTOM DATA
 *--------------------*/

#if LVGL_VERSION_MAJOR == 8
/*Store all the custom data of the font*/
static  lv_font_fmt_txt_glyph_cache_t cache;
#endif

#if LVGL_VERSION_MAJOR >= 8
static const lv_font_fmt_txt_dsc_t font_dsc = {
#else
static lv_font_fmt_txt_dsc_t font_dsc = {
#endif
    .glyph_bitmap = glyph_bitmap,
    .glyph_dsc = glyph_dsc,
    .cmaps = cmaps,
    .kern_dsc = &kern_classes,
    .kern_scale = 16,
    .cmap_num = 3,
    .bpp = 4,
    .kern_classes = 1,
    .bitmap_format = 0,
#if LVGL_VERSION_MAJOR == 8
    .cache = &cache
#endif
};



/*-----------------
 *  PUBLIC FONT
 *----------------*/

/*Initialize a public general font descriptor*/
#if LVGL_VERSION_MAJOR >= 8
const lv_font_t font_np_nunito_22 = {
#else
lv_font_t font_np_nunito_22 = {
#endif
    .get_glyph_dsc = lv_font_get_glyph_dsc_fmt_txt,    /*Function pointer to get glyph's data*/
    .get_glyph_bitmap = lv_font_get_bitmap_fmt_txt,    /*Function pointer to get glyph's bitmap*/
    .line_height = 28,          /*The maximum line height required by the font*/
    .base_line = 5,             /*Baseline measured from the bottom of the line*/
#if !(LVGL_VERSION_MAJOR == 6 && LVGL_VERSION_MINOR == 0)
    .subpx = LV_FONT_SUBPX_NONE,
#endif
#if LV_VERSION_CHECK(7, 4, 0) || LVGL_VERSION_MAJOR >= 8
    .underline_position = -2,
    .underline_thickness = 1,
#endif
    .dsc = &font_dsc,          /*The custom font data. Will be accessed by `get_glyph_bitmap/dsc` */
#if LV_VERSION_CHECK(8, 2, 0) || LVGL_VERSION_MAJOR >= 9
    .fallback = NULL,
#endif
    .user_data = NULL,
};



#endif /*#if FONT_NP_NUNITO_22*/
