/* SPDX-License-Identifier: OFL-1.1 */
/* Glyph data converted from Space Grotesk (SIL OFL 1.1); licence text: licenses/OFL-1.1-SpaceGrotesk.txt */
/*******************************************************************************
 * Size: 20 px
 * Bpp: 4
 * Opts: --font SpaceGrotesk-VF-wght500.ttf --size 20 --bpp 4 --format lvgl --range 0x20-0x7E,0xA0-0xFF,0x2018-0x201D,0x2026,0x2022 --no-compress --force-fast-kern-format --lv-font-name diskos_bauh_ui_20 -o font_bauh_ui_20.c
 ******************************************************************************/

#ifdef LV_LVGL_H_INCLUDE_SIMPLE
#include "lvgl.h"
#else
#include "lvgl/lvgl.h"
#endif

#ifndef DISKOS_BAUH_UI_20
#define DISKOS_BAUH_UI_20 1
#endif

#if DISKOS_BAUH_UI_20

/*-----------------
 *    BITMAPS
 *----------------*/

/*Store the image of the glyphs*/
static LV_ATTRIBUTE_LARGE_CONST const uint8_t glyph_bitmap[] = {
    /* U+0020 " " */

    /* U+0021 "!" */
    0x4f, 0xc0, 0x4f, 0xc0, 0x4f, 0xc0, 0x4f, 0xc0,
    0x4f, 0xc0, 0x4f, 0xc0, 0x4f, 0xc0, 0x4f, 0xc0,
    0x4f, 0xc0, 0x3b, 0x80, 0x2, 0x10, 0x9f, 0xf2,
    0xdf, 0xf6, 0x6f, 0xc1,

    /* U+0022 "\"" */
    0x6f, 0xc1, 0x7f, 0xc0, 0xdf, 0xf5, 0xef, 0xf4,
    0x7f, 0xf5, 0x7f, 0xf4, 0x1, 0xf5, 0x1, 0xf4,
    0x7f, 0xe1, 0x8f, 0xd0, 0x12, 0x0, 0x12, 0x0,

    /* U+0023 "#" */
    0x0, 0xd, 0xf0, 0x6, 0xf7, 0x0, 0x0, 0xd,
    0xf0, 0x6, 0xf7, 0x0, 0x0, 0xd, 0xf0, 0x6,
    0xf7, 0x0, 0x0, 0xd, 0xf0, 0x6, 0xf7, 0x0,
    0x3f, 0xff, 0xff, 0xff, 0xff, 0xfd, 0x2c, 0xcf,
    0xfc, 0xcd, 0xfd, 0xc9, 0x0, 0xd, 0xf0, 0x6,
    0xf7, 0x0, 0x0, 0xd, 0xf0, 0x6, 0xf7, 0x0,
    0x2c, 0xcf, 0xfc, 0xcd, 0xfd, 0xc9, 0x3f, 0xff,
    0xff, 0xff, 0xff, 0xfd, 0x0, 0xd, 0xf0, 0x6,
    0xf7, 0x0, 0x0, 0xd, 0xf0, 0x6, 0xf7, 0x0,
    0x0, 0xd, 0xf0, 0x6, 0xf7, 0x0, 0x0, 0xd,
    0xf0, 0x6, 0xf7, 0x0,

    /* U+0024 "$" */
    0x0, 0x0, 0x6, 0x81, 0x0, 0x0, 0x0, 0x0,
    0xc, 0xf3, 0x0, 0x0, 0x0, 0x0, 0xc, 0xf3,
    0x0, 0x0, 0x0, 0x18, 0xdf, 0xfd, 0x81, 0x0,
    0x1, 0xef, 0xff, 0xff, 0xfe, 0x20, 0x9, 0xfd,
    0x2c, 0xf5, 0xcf, 0xb0, 0xc, 0xf5, 0xc, 0xf3,
    0x2f, 0xf0, 0xb, 0xf7, 0xc, 0xf3, 0xf, 0xf1,
    0x6, 0xff, 0x9d, 0xf3, 0x0, 0x0, 0x0, 0x7f,
    0xff, 0xfc, 0x71, 0x0, 0x0, 0x0, 0x5e, 0xff,
    0xff, 0x50, 0x3, 0x20, 0xc, 0xf5, 0x9f, 0xf1,
    0x2f, 0xf0, 0xc, 0xf3, 0xd, 0xf5, 0xf, 0xf3,
    0xc, 0xf3, 0xd, 0xf5, 0xa, 0xfd, 0x3c, 0xf4,
    0x8f, 0xf1, 0x1, 0xdf, 0xff, 0xff, 0xff, 0x60,
    0x0, 0x7, 0xcf, 0xfe, 0xa3, 0x0, 0x0, 0x0,
    0xc, 0xf3, 0x0, 0x0, 0x0, 0x0, 0xc, 0xf3,
    0x0, 0x0,

    /* U+0025 "%" */
    0x0, 0x0, 0x0, 0x0, 0x0, 0x0, 0x0, 0x0,
    0x3c, 0xfe, 0x90, 0x0, 0x0, 0x1c, 0x30, 0x1f,
    0xe6, 0x8f, 0xa0, 0x0, 0xc, 0xf5, 0x5, 0xf5,
    0x0, 0xbf, 0x0, 0x9, 0xf8, 0x0, 0x6f, 0x50,
    0xa, 0xf0, 0x6, 0xfa, 0x0, 0x2, 0xfb, 0x24,
    0xfc, 0x4, 0xfd, 0x0, 0x0, 0x7, 0xff, 0xfd,
    0x22, 0xee, 0x10, 0x0, 0x0, 0x1, 0x43, 0x1,
    0xdf, 0x30, 0x0, 0x0, 0x0, 0x0, 0x0, 0xbf,
    0x60, 0x1, 0x0, 0x0, 0x0, 0x0, 0x8f, 0x90,
    0x8f, 0xff, 0x80, 0x0, 0x0, 0x5f, 0xb0, 0x6f,
    0xa4, 0xaf, 0x60, 0x0, 0x3f, 0xd1, 0xa, 0xf0,
    0x0, 0xfa, 0x0, 0x1e, 0xf2, 0x0, 0xaf, 0x0,
    0x1f, 0xa0, 0xc, 0xf4, 0x0, 0x5, 0xfb, 0x6b,
    0xf5, 0x2, 0xe7, 0x0, 0x0, 0x7, 0xef, 0xd6,
    0x0, 0x1, 0x0, 0x0, 0x0, 0x0, 0x0, 0x0,

    /* U+0026 "&" */
    0x0, 0x5c, 0xff, 0xf4, 0x0, 0x0, 0x6, 0xff,
    0xdb, 0xb3, 0x0, 0x0, 0xf, 0xf7, 0x0, 0x0,
    0x0, 0x0, 0x2f, 0xf0, 0x0, 0x0, 0x0, 0x0,
    0x2f, 0xf0, 0x0, 0x6, 0xfa, 0x0, 0xc, 0xf7,
    0x0, 0x6, 0xfa, 0x0, 0x1, 0xbf, 0xdb, 0xbd,
    0xfe, 0xb6, 0x0, 0x7f, 0xff, 0xff, 0xff, 0xf9,
    0xa, 0xf9, 0x10, 0x6, 0xfa, 0x0, 0x2f, 0xe0,
    0x0, 0x6, 0xfa, 0x0, 0x4f, 0xd0, 0x0, 0x6,
    0xfa, 0x0, 0x1f, 0xf4, 0x0, 0x6, 0xfa, 0x0,
    0x9, 0xff, 0xcb, 0xbd, 0xfa, 0x0, 0x0, 0x7d,
    0xff, 0xff, 0xfa, 0x0,

    /* U+0027 "'" */
    0x6f, 0xc1, 0xdf, 0xf5, 0x7f, 0xf5, 0x1, 0xf5,
    0x7f, 0xe1, 0x12, 0x0,

    /* U+0028 "(" */
    0x0, 0x3, 0x8b, 0x70, 0xb, 0xff, 0xf9, 0xb,
    0xfe, 0x61, 0x4, 0xfe, 0x10, 0x0, 0x9f, 0x80,
    0x0, 0xc, 0xf3, 0x0, 0x0, 0xef, 0x10, 0x0,
    0xe, 0xf1, 0x0, 0x0, 0xef, 0x10, 0x0, 0xe,
    0xf1, 0x0, 0x0, 0xef, 0x10, 0x0, 0xe, 0xf1,
    0x0, 0x0, 0xef, 0x10, 0x0, 0xe, 0xf1, 0x0,
    0x0, 0xdf, 0x30, 0x0, 0xa, 0xf6, 0x0, 0x0,
    0x5f, 0xd0, 0x0, 0x0, 0xdf, 0xb1, 0x0, 0x2,
    0xef, 0xfd, 0x70, 0x0, 0x7c, 0xe9,

    /* U+0029 ")" */
    0xba, 0x71, 0x0, 0xf, 0xff, 0xf7, 0x0, 0x2,
    0x8f, 0xf6, 0x0, 0x0, 0x5f, 0xe0, 0x0, 0x0,
    0xdf, 0x40, 0x0, 0x9, 0xf7, 0x0, 0x0, 0x7f,
    0x80, 0x0, 0x6, 0xf9, 0x0, 0x0, 0x6f, 0x90,
    0x0, 0x6, 0xf9, 0x0, 0x0, 0x6f, 0x90, 0x0,
    0x6, 0xf9, 0x0, 0x0, 0x6f, 0x90, 0x0, 0x7,
    0xf8, 0x0, 0x0, 0x8f, 0x70, 0x0, 0xc, 0xf5,
    0x0, 0x3, 0xff, 0x10, 0x4, 0xef, 0x80, 0xbe,
    0xff, 0xa0, 0xe, 0xea, 0x40, 0x0,

    /* U+002A "*" */
    0x0, 0x0, 0x5f, 0x0, 0x0, 0x1, 0xd4, 0x5e,
    0xa, 0x80, 0x0, 0xaf, 0x5d, 0x7f, 0x40, 0x0,
    0x8, 0xee, 0xe4, 0x0, 0x1f, 0xfd, 0xff, 0xee,
    0xfb, 0x4, 0x47, 0xff, 0xd5, 0x43, 0x0, 0x9f,
    0x5d, 0x8f, 0x40, 0x0, 0xa3, 0x5e, 0x8, 0x60,
    0x0, 0x0, 0x3a, 0x0, 0x0,

    /* U+002B "+" */
    0x0, 0x3, 0x40, 0x0, 0x0, 0x0, 0xcf, 0x30,
    0x0, 0x0, 0xc, 0xf3, 0x0, 0x0, 0x0, 0xcf,
    0x30, 0x0, 0xff, 0xff, 0xff, 0xff, 0x6d, 0xdd,
    0xff, 0xed, 0xd5, 0x0, 0xc, 0xf3, 0x0, 0x0,
    0x0, 0xcf, 0x30, 0x0, 0x0, 0xc, 0xf3, 0x0,
    0x0,

    /* U+002C "," */
    0x6f, 0xc1, 0xdf, 0xf5, 0x7f, 0xf5, 0x0, 0xf5,
    0x7f, 0xe1, 0x12, 0x0,

    /* U+002D "-" */
    0x6d, 0xdd, 0xdd, 0x58, 0xff, 0xff, 0xf6,

    /* U+002E "." */
    0x2, 0x10, 0x9f, 0xf2, 0xdf, 0xf6, 0x6f, 0xc1,

    /* U+002F "/" */
    0x0, 0x0, 0x0, 0x7f, 0x90, 0x0, 0x0, 0xc,
    0xf4, 0x0, 0x0, 0x1, 0xff, 0x0, 0x0, 0x0,
    0x6f, 0xa0, 0x0, 0x0, 0xc, 0xf5, 0x0, 0x0,
    0x1, 0xff, 0x0, 0x0, 0x0, 0x6f, 0xa0, 0x0,
    0x0, 0xb, 0xf5, 0x0, 0x0, 0x1, 0xff, 0x0,
    0x0, 0x0, 0x6f, 0xa0, 0x0, 0x0, 0xb, 0xf5,
    0x0, 0x0, 0x0, 0xff, 0x0, 0x0, 0x0, 0x5f,
    0xb0, 0x0, 0x0, 0xa, 0xf6, 0x0, 0x0, 0x0,
    0xff, 0x10, 0x0, 0x0, 0x5f, 0xb0, 0x0, 0x0,
    0xa, 0xf6, 0x0, 0x0, 0x0, 0xff, 0x10, 0x0,
    0x0,

    /* U+0030 "0" */
    0x0, 0x4b, 0xef, 0xeb, 0x40, 0x0, 0x8f, 0xff,
    0xdf, 0xff, 0x70, 0x4f, 0xf6, 0x0, 0x7, 0xff,
    0x3a, 0xf9, 0x0, 0x0, 0xa, 0xf9, 0xdf, 0x40,
    0x0, 0x0, 0x5f, 0xbe, 0xf3, 0x0, 0x0, 0x4,
    0xfc, 0xef, 0x30, 0x0, 0x0, 0x4f, 0xce, 0xf3,
    0x0, 0x0, 0x4, 0xfc, 0xef, 0x30, 0x0, 0x0,
    0x4f, 0xcd, 0xf4, 0x0, 0x0, 0x5, 0xfb, 0xaf,
    0x80, 0x0, 0x0, 0xaf, 0x94, 0xff, 0x60, 0x0,
    0x7f, 0xf3, 0x9, 0xff, 0xfe, 0xff, 0xf7, 0x0,
    0x5, 0xbf, 0xfe, 0xb4, 0x0,

    /* U+0031 "1" */
    0x0, 0xd, 0xff, 0xf3, 0x0, 0x5f, 0xde, 0xf3,
    0x0, 0xdf, 0x5d, 0xf3, 0x5, 0xfd, 0xd, 0xf3,
    0xd, 0xf5, 0xd, 0xf3, 0x5f, 0xd0, 0xd, 0xf3,
    0x23, 0x10, 0xd, 0xf3, 0x0, 0x0, 0xd, 0xf3,
    0x0, 0x0, 0xd, 0xf3, 0x0, 0x0, 0xd, 0xf3,
    0x0, 0x0, 0xd, 0xf3, 0x0, 0x0, 0xd, 0xf3,
    0x0, 0x0, 0xd, 0xf3, 0x0, 0x0, 0xd, 0xf3,

    /* U+0032 "2" */
    0x0, 0x7, 0xcf, 0xfd, 0x81, 0x0, 0x0, 0xcf,
    0xfe, 0xef, 0xfe, 0x10, 0x8, 0xfd, 0x30, 0x2,
    0xcf, 0xb0, 0xd, 0xf4, 0x0, 0x0, 0x2f, 0xf0,
    0xe, 0xf1, 0x0, 0x0, 0xf, 0xf1, 0x0, 0x0,
    0x0, 0x0, 0x4f, 0xf0, 0x0, 0x0, 0x0, 0x3,
    0xef, 0xa0, 0x0, 0x0, 0x27, 0xcf, 0xfc, 0x10,
    0x0, 0x2b, 0xff, 0xfd, 0x60, 0x0, 0x2, 0xff,
    0xd7, 0x20, 0x0, 0x0, 0xb, 0xf9, 0x0, 0x0,
    0x0, 0x0, 0xf, 0xf2, 0x0, 0x0, 0x0, 0x0,
    0xf, 0xfd, 0xdd, 0xdd, 0xdd, 0xd0, 0xf, 0xff,
    0xff, 0xff, 0xff, 0xf0,

    /* U+0033 "3" */
    0xd, 0xff, 0xff, 0xff, 0xff, 0xf0, 0xb, 0xdd,
    0xdd, 0xdd, 0xef, 0xf0, 0x0, 0x0, 0x0, 0x2,
    0xcf, 0xe0, 0x0, 0x0, 0x0, 0x8f, 0xfb, 0x20,
    0x0, 0x0, 0x5e, 0xfe, 0x50, 0x0, 0x0, 0x4,
    0xff, 0x90, 0x0, 0x0, 0x0, 0x4, 0xff, 0xff,
    0xc6, 0x0, 0x0, 0x2, 0x88, 0x9b, 0xff, 0x80,
    0x0, 0x0, 0x0, 0x0, 0x4f, 0xf1, 0x2d, 0xc0,
    0x0, 0x0, 0xe, 0xf3, 0x1f, 0xf2, 0x0, 0x0,
    0xf, 0xf2, 0xb, 0xfc, 0x20, 0x1, 0xbf, 0xd0,
    0x2, 0xef, 0xfe, 0xef, 0xfe, 0x30, 0x0, 0x18,
    0xdf, 0xfd, 0x91, 0x0,

    /* U+0034 "4" */
    0x0, 0x0, 0x6, 0xff, 0xfc, 0x0, 0x0, 0x0,
    0x1, 0xef, 0xaf, 0xc0, 0x0, 0x0, 0x0, 0xaf,
    0x95, 0xfc, 0x0, 0x0, 0x0, 0x4f, 0xe1, 0x5f,
    0xc0, 0x0, 0x0, 0xd, 0xf5, 0x5, 0xfc, 0x0,
    0x0, 0x8, 0xfb, 0x0, 0x5f, 0xc0, 0x0, 0x2,
    0xff, 0x20, 0x5, 0xfc, 0x0, 0x0, 0xbf, 0x70,
    0x0, 0x5f, 0xc0, 0x0, 0x5f, 0xd0, 0x0, 0x5,
    0xfc, 0x0, 0x6, 0xff, 0xdd, 0xdd, 0xef, 0xfd,
    0xd1, 0x6f, 0xff, 0xff, 0xff, 0xff, 0xff, 0x20,
    0x0, 0x0, 0x0, 0x5f, 0xc0, 0x0, 0x0, 0x0,
    0x0, 0x5, 0xfc, 0x0, 0x0, 0x0, 0x0, 0x0,
    0x5f, 0xc0, 0x0,

    /* U+0035 "5" */
    0xb, 0xff, 0xff, 0xff, 0xff, 0xb0, 0xb, 0xfe,
    0xee, 0xee, 0xee, 0x90, 0xb, 0xf6, 0x0, 0x0,
    0x0, 0x0, 0xb, 0xf6, 0x0, 0x0, 0x0, 0x0,
    0xb, 0xf6, 0x18, 0xaa, 0x50, 0x0, 0xb, 0xf7,
    0xdf, 0xff, 0xfc, 0x10, 0xb, 0xff, 0xc2, 0x4,
    0xef, 0x90, 0x7, 0xaa, 0x10, 0x0, 0x4f, 0xf0,
    0x0, 0x0, 0x0, 0x0, 0xf, 0xf2, 0x1c, 0xc0,
    0x0, 0x0, 0xf, 0xf2, 0xf, 0xf3, 0x0, 0x0,
    0x3f, 0xf0, 0xa, 0xfd, 0x20, 0x2, 0xdf, 0xa0,
    0x1, 0xdf, 0xfe, 0xef, 0xfd, 0x10, 0x0, 0x8,
    0xdf, 0xfd, 0x80, 0x0,

    /* U+0036 "6" */
    0x0, 0x6c, 0xff, 0xea, 0x30, 0x0, 0xbf, 0xfe,
    0xdf, 0xff, 0x50, 0x6f, 0xf4, 0x0, 0x9, 0xfe,
    0xc, 0xf7, 0x0, 0x0, 0xe, 0xf3, 0xef, 0x30,
    0x0, 0x0, 0x22, 0xe, 0xf3, 0x7d, 0xff, 0xb3,
    0x0, 0xef, 0xdf, 0xcb, 0xef, 0xf6, 0xe, 0xfd,
    0x20, 0x0, 0x7f, 0xf1, 0xef, 0x50, 0x0, 0x0,
    0xdf, 0x5e, 0xf3, 0x0, 0x0, 0xb, 0xf6, 0xcf,
    0x60, 0x0, 0x0, 0xef, 0x46, 0xfe, 0x40, 0x1,
    0xaf, 0xe0, 0xb, 0xff, 0xfe, 0xff, 0xf4, 0x0,
    0x6, 0xcf, 0xfe, 0x92, 0x0,

    /* U+0037 "7" */
    0x6f, 0xff, 0xff, 0xff, 0xff, 0xa5, 0xdd, 0xdd,
    0xdd, 0xdf, 0xfa, 0x0, 0x0, 0x0, 0x0, 0xcf,
    0x80, 0x0, 0x0, 0x0, 0x5f, 0xf1, 0x0, 0x0,
    0x0, 0xd, 0xf7, 0x0, 0x0, 0x0, 0x7, 0xfe,
    0x0, 0x0, 0x0, 0x1, 0xff, 0x60, 0x0, 0x0,
    0x0, 0x9f, 0xd0, 0x0, 0x0, 0x0, 0x2f, 0xf4,
    0x0, 0x0, 0x0, 0xb, 0xfb, 0x0, 0x0, 0x0,
    0x4, 0xff, 0x20, 0x0, 0x0, 0x0, 0xcf, 0x90,
    0x0, 0x0, 0x0, 0x1f, 0xf1, 0x0, 0x0, 0x0,
    0x2, 0xfe, 0x0, 0x0, 0x0,

    /* U+0038 "8" */
    0x0, 0x19, 0xdf, 0xfe, 0xa3, 0x0, 0x3, 0xff,
    0xfe, 0xdf, 0xff, 0x60, 0xd, 0xfb, 0x10, 0x0,
    0x8f, 0xf1, 0xf, 0xf2, 0x0, 0x0, 0xe, 0xf4,
    0xf, 0xf2, 0x0, 0x0, 0xe, 0xf2, 0x8, 0xfd,
    0x40, 0x2, 0xaf, 0xb0, 0x0, 0x6f, 0xff, 0xff,
    0xf8, 0x0, 0x2, 0xbf, 0xfe, 0xef, 0xfd, 0x30,
    0xd, 0xf9, 0x10, 0x0, 0x6f, 0xf2, 0x3f, 0xe0,
    0x0, 0x0, 0xb, 0xf7, 0x3f, 0xe0, 0x0, 0x0,
    0xb, 0xf7, 0xf, 0xf9, 0x10, 0x0, 0x6f, 0xf3,
    0x5, 0xff, 0xfe, 0xef, 0xff, 0x80, 0x0, 0x29,
    0xdf, 0xfe, 0xa4, 0x0,

    /* U+0039 "9" */
    0x0, 0x7, 0xdf, 0xfd, 0x81, 0x0, 0x1, 0xdf,
    0xfe, 0xef, 0xfe, 0x20, 0xa, 0xfd, 0x20, 0x2,
    0xcf, 0xb0, 0xf, 0xf3, 0x0, 0x0, 0x1f, 0xf1,
    0x1f, 0xf0, 0x0, 0x0, 0xe, 0xf3, 0xf, 0xf2,
    0x0, 0x0, 0x1f, 0xf3, 0xb, 0xfc, 0x10, 0x0,
    0xaf, 0xf3, 0x2, 0xef, 0xfb, 0xbe, 0xef, 0xf3,
    0x0, 0x19, 0xef, 0xea, 0x1e, 0xf3, 0x2, 0x20,
    0x0, 0x0, 0xe, 0xf2, 0xf, 0xf4, 0x0, 0x0,
    0x2f, 0xf0, 0xa, 0xfc, 0x20, 0x2, 0xcf, 0xb0,
    0x1, 0xef, 0xfe, 0xef, 0xfe, 0x20, 0x0, 0x18,
    0xdf, 0xfd, 0x81, 0x0,

    /* U+003A ":" */
    0x6f, 0xc1, 0xdf, 0xf6, 0x9f, 0xf2, 0x2, 0x10,
    0x0, 0x0, 0x0, 0x0, 0x2, 0x10, 0x9f, 0xf2,
    0xdf, 0xf6, 0x6f, 0xc1,

    /* U+003B ";" */
    0x6f, 0xc1, 0xdf, 0xf6, 0x9f, 0xf2, 0x2, 0x10,
    0x0, 0x0, 0x0, 0x0, 0x0, 0x0, 0x6f, 0xd1,
    0xdf, 0xf5, 0x6f, 0xf5, 0x0, 0xf5, 0x6f, 0xe1,
    0x12, 0x0,

    /* U+003C "<" */
    0x0, 0x0, 0x0, 0x0, 0x10, 0x0, 0x0, 0x28,
    0xe6, 0x0, 0x17, 0xdf, 0xff, 0x55, 0xbf, 0xff,
    0xc7, 0x10, 0xff, 0xc7, 0x10, 0x0, 0xf, 0xf9,
    0x40, 0x0, 0x0, 0x8e, 0xff, 0xe9, 0x30, 0x0,
    0x4, 0xaf, 0xff, 0xe4, 0x0, 0x0, 0x6, 0xbf,
    0x60, 0x0, 0x0, 0x0, 0x12,

    /* U+003D "=" */
    0xff, 0xff, 0xff, 0xff, 0x6d, 0xdd, 0xdd, 0xdd,
    0xd5, 0x0, 0x0, 0x0, 0x0, 0xd, 0xdd, 0xdd,
    0xdd, 0xd5, 0xff, 0xff, 0xff, 0xff, 0x60,

    /* U+003E ">" */
    0x10, 0x0, 0x0, 0x0, 0xf, 0xb5, 0x0, 0x0,
    0x0, 0xff, 0xff, 0x93, 0x0, 0x0, 0x4a, 0xff,
    0xfd, 0x81, 0x0, 0x0, 0x4a, 0xff, 0x60, 0x0,
    0x1, 0x7e, 0xf6, 0x1, 0x7c, 0xff, 0xfb, 0x2c,
    0xff, 0xfc, 0x61, 0x0, 0xfe, 0x82, 0x0, 0x0,
    0x4, 0x0, 0x0, 0x0, 0x0,

    /* U+003F "?" */
    0x0, 0x29, 0xef, 0xfc, 0x60, 0x0, 0x3f, 0xff,
    0xde, 0xff, 0xb0, 0xd, 0xfa, 0x0, 0x3, 0xef,
    0x62, 0xff, 0x0, 0x0, 0x7, 0xfa, 0x2b, 0xa0,
    0x0, 0x0, 0x8f, 0xa0, 0x0, 0x0, 0x0, 0x4f,
    0xf5, 0x0, 0x0, 0x4, 0xcf, 0xf9, 0x0, 0x0,
    0x3, 0xff, 0xc4, 0x0, 0x0, 0x0, 0x8f, 0xb0,
    0x0, 0x0, 0x0, 0x5, 0xa6, 0x0, 0x0, 0x0,
    0x0, 0x3, 0x0, 0x0, 0x0, 0x0, 0xb, 0xfe,
    0x0, 0x0, 0x0, 0x0, 0xff, 0xf3, 0x0, 0x0,
    0x0, 0x8, 0xfb, 0x0, 0x0,

    /* U+0040 "@" */
    0x0, 0x0, 0x5, 0xad, 0xff, 0xfd, 0x94, 0x0,
    0x0, 0x0, 0x0, 0x3d, 0xff, 0xfd, 0xde, 0xff,
    0xfb, 0x10, 0x0, 0x0, 0x5f, 0xfc, 0x40, 0x0,
    0x0, 0x5d, 0xfd, 0x10, 0x0, 0x2f, 0xf7, 0x0,
    0x0, 0x0, 0x0, 0xa, 0xfb, 0x0, 0xb, 0xf9,
    0x0, 0x4c, 0xfe, 0x84, 0xfb, 0xd, 0xf4, 0x1,
    0xff, 0x10, 0x4f, 0xfe, 0xcf, 0xcf, 0xb0, 0x7f,
    0xa0, 0x5f, 0xb0, 0xd, 0xf8, 0x0, 0x2f, 0xfb,
    0x2, 0xfe, 0x7, 0xf8, 0x2, 0xfe, 0x0, 0x0,
    0x8f, 0xb0, 0xf, 0xf0, 0x8f, 0x70, 0x4f, 0xc0,
    0x0, 0x5, 0xfb, 0x0, 0xff, 0x8, 0xf7, 0x4,
    0xfc, 0x0, 0x0, 0x5f, 0xb0, 0xf, 0xf0, 0x7f,
    0x80, 0x2f, 0xe0, 0x0, 0x8, 0xfb, 0x1, 0xff,
    0x5, 0xfc, 0x0, 0xdf, 0x90, 0x3, 0xff, 0xb0,
    0x6f, 0xc0, 0x1f, 0xf2, 0x3, 0xff, 0xed, 0xfc,
    0xff, 0xdf, 0xf5, 0x0, 0xaf, 0xa0, 0x3, 0xcf,
    0xf9, 0xb, 0xff, 0xe6, 0x0, 0x1, 0xef, 0x90,
    0x0, 0x0, 0x0, 0x0, 0x0, 0x0, 0x0, 0x4,
    0xff, 0xd5, 0x10, 0x0, 0x0, 0x0, 0x0, 0x0,
    0x0, 0x2, 0xcf, 0xff, 0xed, 0xdd, 0xd9, 0x0,
    0x0, 0x0, 0x0, 0x0, 0x49, 0xdf, 0xff, 0xff,
    0xb0, 0x0, 0x0,

    /* U+0041 "A" */
    0x0, 0x0, 0xbf, 0xff, 0x50, 0x0, 0x0, 0x0,
    0xf, 0xfa, 0xfa, 0x0, 0x0, 0x0, 0x4, 0xfd,
    0x3f, 0xe0, 0x0, 0x0, 0x0, 0x9f, 0x90, 0xef,
    0x30, 0x0, 0x0, 0xd, 0xf5, 0xa, 0xf8, 0x0,
    0x0, 0x2, 0xff, 0x10, 0x6f, 0xc0, 0x0, 0x0,
    0x7f, 0xc0, 0x2, 0xff, 0x10, 0x0, 0xb, 0xf8,
    0x0, 0xe, 0xf5, 0x0, 0x0, 0xff, 0x40, 0x0,
    0x9f, 0xa0, 0x0, 0x4f, 0xff, 0xff, 0xff, 0xfe,
    0x0, 0x9, 0xff, 0xff, 0xff, 0xff, 0xf3, 0x0,
    0xdf, 0x60, 0x0, 0x0, 0xcf, 0x70, 0x2f, 0xf1,
    0x0, 0x0, 0x7, 0xfc, 0x7, 0xfc, 0x0, 0x0,
    0x0, 0x2f, 0xf1,

    /* U+0042 "B" */
    0x1f, 0xff, 0xff, 0xff, 0xfc, 0x60, 0x0, 0xee,
    0xff, 0xee, 0xef, 0xff, 0x80, 0x0, 0x3f, 0xf0,
    0x0, 0x8, 0xff, 0x10, 0x3, 0xff, 0x0, 0x0,
    0xf, 0xf3, 0x0, 0x3f, 0xf0, 0x0, 0x0, 0xff,
    0x20, 0x3, 0xff, 0x0, 0x0, 0x9f, 0xc0, 0x0,
    0x3f, 0xff, 0xff, 0xff, 0x91, 0x0, 0x3, 0xff,
    0xff, 0xff, 0xfb, 0x10, 0x0, 0x3f, 0xf0, 0x0,
    0x18, 0xfd, 0x0, 0x3, 0xff, 0x0, 0x0, 0xe,
    0xf3, 0x0, 0x3f, 0xf0, 0x0, 0x0, 0xef, 0x40,
    0x3, 0xff, 0x0, 0x0, 0x7f, 0xf2, 0xe, 0xef,
    0xfe, 0xee, 0xff, 0xf9, 0x1, 0xff, 0xff, 0xff,
    0xff, 0xd6, 0x0,

    /* U+0043 "C" */
    0x0, 0x4b, 0xef, 0xfc, 0x60, 0x0, 0x7f, 0xff,
    0xef, 0xff, 0xa0, 0x4f, 0xf9, 0x10, 0x6, 0xff,
    0x5a, 0xfb, 0x0, 0x0, 0x8, 0xfb, 0xdf, 0x50,
    0x0, 0x0, 0x4f, 0xee, 0xf4, 0x0, 0x0, 0x0,
    0x11, 0xef, 0x40, 0x0, 0x0, 0x0, 0xe, 0xf4,
    0x0, 0x0, 0x0, 0x0, 0xef, 0x40, 0x0, 0x0,
    0x14, 0x4d, 0xf5, 0x0, 0x0, 0x4, 0xfe, 0xaf,
    0xb0, 0x0, 0x0, 0x8f, 0xb4, 0xff, 0x91, 0x0,
    0x6f, 0xf5, 0x7, 0xff, 0xff, 0xff, 0xfa, 0x0,
    0x4, 0xbe, 0xff, 0xc6, 0x0,

    /* U+0044 "D" */
    0x1f, 0xff, 0xff, 0xff, 0xc7, 0x0, 0x0, 0xee,
    0xff, 0xee, 0xff, 0xfc, 0x10, 0x0, 0x3f, 0xf0,
    0x0, 0x5e, 0xf9, 0x0, 0x3, 0xff, 0x0, 0x0,
    0x4f, 0xf0, 0x0, 0x3f, 0xf0, 0x0, 0x0, 0xff,
    0x30, 0x3, 0xff, 0x0, 0x0, 0xd, 0xf4, 0x0,
    0x3f, 0xf0, 0x0, 0x0, 0xdf, 0x50, 0x3, 0xff,
    0x0, 0x0, 0xd, 0xf5, 0x0, 0x3f, 0xf0, 0x0,
    0x0, 0xdf, 0x40, 0x3, 0xff, 0x0, 0x0, 0xf,
    0xf3, 0x0, 0x3f, 0xf0, 0x0, 0x4, 0xff, 0x0,
    0x3, 0xff, 0x0, 0x4, 0xef, 0xa0, 0xe, 0xef,
    0xfe, 0xef, 0xff, 0xd1, 0x1, 0xff, 0xff, 0xff,
    0xfc, 0x70, 0x0,

    /* U+0045 "E" */
    0x8f, 0xff, 0xff, 0xff, 0xf4, 0x8f, 0xff, 0xff,
    0xff, 0xf4, 0x8f, 0xa0, 0x0, 0x0, 0x0, 0x8f,
    0xa0, 0x0, 0x0, 0x0, 0x8f, 0xa0, 0x0, 0x0,
    0x0, 0x8f, 0xa0, 0x0, 0x0, 0x0, 0x8f, 0xff,
    0xff, 0xff, 0xa0, 0x8f, 0xff, 0xff, 0xff, 0xb0,
    0x8f, 0xa0, 0x0, 0x0, 0x0, 0x8f, 0xa0, 0x0,
    0x0, 0x0, 0x8f, 0xa0, 0x0, 0x0, 0x0, 0x8f,
    0xa0, 0x0, 0x0, 0x0, 0x8f, 0xff, 0xff, 0xff,
    0xf5, 0x8f, 0xff, 0xff, 0xff, 0xf6,

    /* U+0046 "F" */
    0x8f, 0xff, 0xff, 0xff, 0xf1, 0x8f, 0xff, 0xff,
    0xff, 0xf1, 0x8f, 0xa0, 0x0, 0x0, 0x0, 0x8f,
    0xa0, 0x0, 0x0, 0x0, 0x8f, 0xa0, 0x0, 0x0,
    0x0, 0x8f, 0xa0, 0x0, 0x0, 0x0, 0x8f, 0xff,
    0xff, 0xff, 0x80, 0x8f, 0xff, 0xff, 0xff, 0x90,
    0x8f, 0xa0, 0x0, 0x0, 0x0, 0x8f, 0xa0, 0x0,
    0x0, 0x0, 0x8f, 0xa0, 0x0, 0x0, 0x0, 0x8f,
    0xa0, 0x0, 0x0, 0x0, 0x8f, 0xa0, 0x0, 0x0,
    0x0, 0x8f, 0xa0, 0x0, 0x0, 0x0,

    /* U+0047 "G" */
    0x0, 0x4b, 0xef, 0xfc, 0x60, 0x0, 0x7f, 0xff,
    0xef, 0xff, 0xa0, 0x4f, 0xf9, 0x10, 0x5, 0xff,
    0x6a, 0xfb, 0x0, 0x0, 0x8, 0xfb, 0xdf, 0x50,
    0x0, 0x0, 0x3e, 0xce, 0xf4, 0x0, 0x0, 0x0,
    0x0, 0xef, 0x40, 0x0, 0x0, 0x0, 0xe, 0xf4,
    0x0, 0xff, 0xff, 0xfe, 0xef, 0x40, 0xd, 0xdd,
    0xef, 0xed, 0xf5, 0x0, 0x0, 0x4, 0xfe, 0xaf,
    0xb0, 0x0, 0x0, 0x8f, 0xe3, 0xff, 0x91, 0x0,
    0x5f, 0xfe, 0x7, 0xff, 0xfe, 0xff, 0xaf, 0xe0,
    0x4, 0xbf, 0xfe, 0x81, 0xfe,

    /* U+0048 "H" */
    0x8f, 0xa0, 0x0, 0x0, 0x8f, 0xa8, 0xfa, 0x0,
    0x0, 0x8, 0xfa, 0x8f, 0xa0, 0x0, 0x0, 0x8f,
    0xa8, 0xfa, 0x0, 0x0, 0x8, 0xfa, 0x8f, 0xa0,
    0x0, 0x0, 0x8f, 0xa8, 0xfa, 0x0, 0x0, 0x8,
    0xfa, 0x8f, 0xff, 0xff, 0xff, 0xff, 0xa8, 0xff,
    0xff, 0xff, 0xff, 0xfa, 0x8f, 0xa0, 0x0, 0x0,
    0x8f, 0xa8, 0xfa, 0x0, 0x0, 0x8, 0xfa, 0x8f,
    0xa0, 0x0, 0x0, 0x8f, 0xa8, 0xfa, 0x0, 0x0,
    0x8, 0xfa, 0x8f, 0xa0, 0x0, 0x0, 0x8f, 0xa8,
    0xfa, 0x0, 0x0, 0x8, 0xfa,

    /* U+0049 "I" */
    0x8f, 0xa8, 0xfa, 0x8f, 0xa8, 0xfa, 0x8f, 0xa8,
    0xfa, 0x8f, 0xa8, 0xfa, 0x8f, 0xa8, 0xfa, 0x8f,
    0xa8, 0xfa, 0x8f, 0xa8, 0xfa,

    /* U+004A "J" */
    0x0, 0x0, 0xf, 0xff, 0xff, 0xf3, 0x0, 0x0,
    0xe, 0xff, 0xff, 0xf2, 0x0, 0x0, 0x0, 0x8,
    0xfa, 0x0, 0x0, 0x0, 0x0, 0x8, 0xfa, 0x0,
    0x0, 0x0, 0x0, 0x8, 0xfa, 0x0, 0x0, 0x0,
    0x0, 0x8, 0xfa, 0x0, 0x0, 0x0, 0x0, 0x8,
    0xfa, 0x0, 0x0, 0x0, 0x0, 0x8, 0xfa, 0x0,
    0x29, 0x80, 0x0, 0x8, 0xfa, 0x0, 0x4f, 0xe0,
    0x0, 0x8, 0xf9, 0x0, 0x3f, 0xf0, 0x0, 0xa,
    0xf8, 0x0, 0xe, 0xfa, 0x10, 0x5f, 0xf5, 0x0,
    0x5, 0xff, 0xff, 0xff, 0xc0, 0x0, 0x0, 0x4b,
    0xff, 0xe8, 0x0, 0x0,

    /* U+004B "K" */
    0x8f, 0xa0, 0x0, 0x4, 0xff, 0x80, 0x8f, 0xa0,
    0x0, 0x3f, 0xfa, 0x0, 0x8f, 0xa0, 0x1, 0xef,
    0xb0, 0x0, 0x8f, 0xa0, 0x1d, 0xfc, 0x0, 0x0,
    0x8f, 0xa0, 0xbf, 0xd1, 0x0, 0x0, 0x8f, 0xaa,
    0xfe, 0x20, 0x0, 0x0, 0x8f, 0xff, 0xf3, 0x0,
    0x0, 0x0, 0x8f, 0xff, 0xe2, 0x0, 0x0, 0x0,
    0x8f, 0xbc, 0xfe, 0x10, 0x0, 0x0, 0x8f, 0xa0,
    0xcf, 0xd1, 0x0, 0x0, 0x8f, 0xa0, 0x1d, 0xfd,
    0x10, 0x0, 0x8f, 0xa0, 0x1, 0xef, 0xc0, 0x0,
    0x8f, 0xa0, 0x0, 0x2e, 0xfc, 0x0, 0x8f, 0xa0,
    0x0, 0x3, 0xff, 0xb0,

    /* U+004C "L" */
    0x8f, 0xa0, 0x0, 0x0, 0x0, 0x8f, 0xa0, 0x0,
    0x0, 0x0, 0x8f, 0xa0, 0x0, 0x0, 0x0, 0x8f,
    0xa0, 0x0, 0x0, 0x0, 0x8f, 0xa0, 0x0, 0x0,
    0x0, 0x8f, 0xa0, 0x0, 0x0, 0x0, 0x8f, 0xa0,
    0x0, 0x0, 0x0, 0x8f, 0xa0, 0x0, 0x0, 0x0,
    0x8f, 0xa0, 0x0, 0x0, 0x0, 0x8f, 0xa0, 0x0,
    0x0, 0x0, 0x8f, 0xa0, 0x0, 0x0, 0x0, 0x8f,
    0xa0, 0x0, 0x0, 0x0, 0x8f, 0xff, 0xff, 0xff,
    0xf5, 0x8f, 0xff, 0xff, 0xff, 0xf5,

    /* U+004D "M" */
    0x8f, 0xff, 0xa0, 0x0, 0x0, 0x2f, 0xff, 0xf0,
    0x8f, 0xdf, 0xe0, 0x0, 0x0, 0x6f, 0xcf, 0xf0,
    0x8f, 0x9e, 0xf2, 0x0, 0x0, 0xaf, 0x6f, 0xf0,
    0x8f, 0x9a, 0xf5, 0x0, 0x0, 0xef, 0x3f, 0xf0,
    0x8f, 0x96, 0xf9, 0x0, 0x2, 0xfd, 0x1f, 0xf0,
    0x8f, 0x92, 0xfd, 0x0, 0x6, 0xfa, 0x1f, 0xf0,
    0x8f, 0x90, 0xef, 0x10, 0xa, 0xf6, 0x1f, 0xf0,
    0x8f, 0x90, 0xaf, 0x50, 0xd, 0xf2, 0x1f, 0xf0,
    0x8f, 0x90, 0x6f, 0x90, 0x1f, 0xe0, 0x1f, 0xf0,
    0x8f, 0x90, 0x2f, 0xd0, 0x5f, 0xa0, 0x1f, 0xf0,
    0x8f, 0x90, 0xe, 0xf1, 0x9f, 0x60, 0x1f, 0xf0,
    0x8f, 0x90, 0xb, 0xf5, 0xdf, 0x20, 0x1f, 0xf0,
    0x8f, 0x90, 0x7, 0xfb, 0xfe, 0x0, 0x1f, 0xf0,
    0x8f, 0x90, 0x3, 0xff, 0xfb, 0x0, 0x1f, 0xf0,

    /* U+004E "N" */
    0x8f, 0xff, 0xc0, 0x0, 0x4f, 0xe8, 0xfc, 0xff,
    0x10, 0x4, 0xfe, 0x8f, 0x9c, 0xf6, 0x0, 0x4f,
    0xe8, 0xf9, 0x7f, 0xa0, 0x4, 0xfe, 0x8f, 0x92,
    0xff, 0x0, 0x4f, 0xe8, 0xf9, 0xd, 0xf4, 0x4,
    0xfe, 0x8f, 0x90, 0x8f, 0x90, 0x4f, 0xe8, 0xf9,
    0x3, 0xfe, 0x4, 0xfe, 0x8f, 0x90, 0xe, 0xf3,
    0x4f, 0xe8, 0xf9, 0x0, 0xaf, 0x74, 0xfe, 0x8f,
    0x90, 0x5, 0xfc, 0x4f, 0xe8, 0xf9, 0x0, 0x1f,
    0xf5, 0xfe, 0x8f, 0x90, 0x0, 0xbf, 0xcf, 0xe8,
    0xf9, 0x0, 0x6, 0xff, 0xfe,

    /* U+004F "O" */
    0x0, 0x3a, 0xef, 0xfc, 0x70, 0x0, 0x7, 0xff,
    0xfe, 0xff, 0xfd, 0x10, 0x3f, 0xf9, 0x10, 0x4,
    0xef, 0xa0, 0xaf, 0xb0, 0x0, 0x0, 0x4f, 0xf1,
    0xdf, 0x50, 0x0, 0x0, 0xe, 0xf4, 0xef, 0x40,
    0x0, 0x0, 0xd, 0xf5, 0xef, 0x40, 0x0, 0x0,
    0xd, 0xf5, 0xef, 0x40, 0x0, 0x0, 0xd, 0xf5,
    0xef, 0x40, 0x0, 0x0, 0xd, 0xf5, 0xdf, 0x50,
    0x0, 0x0, 0xe, 0xf4, 0xaf, 0xb0, 0x0, 0x0,
    0x4f, 0xf1, 0x3f, 0xf9, 0x10, 0x5, 0xef, 0xa0,
    0x7, 0xff, 0xff, 0xff, 0xfd, 0x10, 0x0, 0x3a,
    0xef, 0xfc, 0x70, 0x0,

    /* U+0050 "P" */
    0x8f, 0xff, 0xff, 0xfc, 0x50, 0x8, 0xff, 0xff,
    0xff, 0xff, 0x70, 0x8f, 0xa0, 0x0, 0x8, 0xff,
    0x18, 0xfa, 0x0, 0x0, 0xd, 0xf6, 0x8f, 0xa0,
    0x0, 0x0, 0xbf, 0x78, 0xfa, 0x0, 0x0, 0xd,
    0xf5, 0x8f, 0xa0, 0x0, 0x19, 0xff, 0x18, 0xff,
    0xff, 0xff, 0xff, 0x60, 0x8f, 0xfe, 0xee, 0xeb,
    0x40, 0x8, 0xfa, 0x0, 0x0, 0x0, 0x0, 0x8f,
    0xa0, 0x0, 0x0, 0x0, 0x8, 0xfa, 0x0, 0x0,
    0x0, 0x0, 0x8f, 0xa0, 0x0, 0x0, 0x0, 0x8,
    0xfa, 0x0, 0x0, 0x0, 0x0,

    /* U+0051 "Q" */
    0x0, 0x3a, 0xef, 0xfc, 0x70, 0x0, 0x7, 0xff,
    0xfe, 0xff, 0xfd, 0x10, 0x3f, 0xf9, 0x10, 0x4,
    0xef, 0xa0, 0xaf, 0xb0, 0x0, 0x0, 0x4f, 0xf1,
    0xdf, 0x50, 0x0, 0x0, 0xe, 0xf4, 0xef, 0x40,
    0x0, 0x0, 0xd, 0xf5, 0xef, 0x40, 0x0, 0x0,
    0xd, 0xf5, 0xef, 0x40, 0x0, 0x0, 0xd, 0xf5,
    0xef, 0x40, 0x0, 0x0, 0xd, 0xf5, 0xdf, 0x50,
    0x0, 0x0, 0xe, 0xf4, 0xaf, 0xb0, 0x0, 0x0,
    0x4f, 0xf1, 0x3f, 0xf9, 0x10, 0x5, 0xef, 0xa0,
    0x7, 0xff, 0xff, 0xff, 0xfd, 0x10, 0x0, 0x3a,
    0xef, 0xfc, 0x70, 0x0, 0x0, 0x0, 0x5f, 0xc0,
    0x0, 0x0, 0x0, 0x0, 0x4f, 0xfb, 0x60, 0x0,
    0x0, 0x0, 0xa, 0xff, 0x90, 0x0,

    /* U+0052 "R" */
    0x8f, 0xff, 0xff, 0xfe, 0x91, 0x8, 0xff, 0xff,
    0xff, 0xff, 0xd1, 0x8f, 0xa0, 0x0, 0x5, 0xff,
    0x78, 0xfa, 0x0, 0x0, 0x9, 0xfb, 0x8f, 0xa0,
    0x0, 0x0, 0x7f, 0xb8, 0xfa, 0x0, 0x0, 0x9,
    0xf7, 0x8f, 0xa0, 0x0, 0x6, 0xfc, 0x8, 0xff,
    0xff, 0xff, 0xfd, 0x20, 0x8f, 0xff, 0xff, 0xff,
    0xff, 0x18, 0xfa, 0x0, 0x0, 0x1f, 0xf3, 0x8f,
    0xa0, 0x0, 0x0, 0xff, 0x38, 0xfa, 0x0, 0x0,
    0xf, 0xf3, 0x8f, 0xa0, 0x0, 0x0, 0xff, 0x38,
    0xfa, 0x0, 0x0, 0xf, 0xf3,

    /* U+0053 "S" */
    0x0, 0x18, 0xdf, 0xfd, 0x81, 0x0, 0x1, 0xef,
    0xfe, 0xef, 0xfe, 0x20, 0xa, 0xfc, 0x20, 0x2,
    0xcf, 0xb0, 0xd, 0xf5, 0x0, 0x0, 0x3f, 0xf0,
    0xc, 0xf7, 0x0, 0x0, 0x1f, 0xf0, 0x6, 0xff,
    0x94, 0x0, 0x0, 0x0, 0x0, 0x7f, 0xff, 0xfc,
    0x71, 0x0, 0x0, 0x1, 0x5a, 0xef, 0xff, 0x40,
    0x3, 0x20, 0x0, 0x2, 0xaf, 0xf1, 0x2f, 0xf0,
    0x0, 0x0, 0xd, 0xf5, 0xf, 0xf3, 0x0, 0x0,
    0xd, 0xf5, 0xa, 0xfd, 0x30, 0x0, 0x8f, 0xf1,
    0x1, 0xdf, 0xff, 0xef, 0xff, 0x60, 0x0, 0x7,
    0xcf, 0xfe, 0xa3, 0x0,

    /* U+0054 "T" */
    0x8f, 0xff, 0xff, 0xff, 0xff, 0xf4, 0x7f, 0xff,
    0xff, 0xff, 0xff, 0xf4, 0x0, 0x0, 0x3f, 0xf0,
    0x0, 0x0, 0x0, 0x0, 0x3f, 0xf0, 0x0, 0x0,
    0x0, 0x0, 0x3f, 0xf0, 0x0, 0x0, 0x0, 0x0,
    0x3f, 0xf0, 0x0, 0x0, 0x0, 0x0, 0x3f, 0xf0,
    0x0, 0x0, 0x0, 0x0, 0x3f, 0xf0, 0x0, 0x0,
    0x0, 0x0, 0x3f, 0xf0, 0x0, 0x0, 0x0, 0x0,
    0x3f, 0xf0, 0x0, 0x0, 0x0, 0x0, 0x3f, 0xf0,
    0x0, 0x0, 0x0, 0x0, 0x3f, 0xf0, 0x0, 0x0,
    0x0, 0x0, 0x3f, 0xf0, 0x0, 0x0, 0x0, 0x0,
    0x3f, 0xf0, 0x0, 0x0,

    /* U+0055 "U" */
    0xaf, 0x80, 0x0, 0x0, 0x2f, 0xf0, 0xaf, 0x80,
    0x0, 0x0, 0x2f, 0xf0, 0xaf, 0x80, 0x0, 0x0,
    0x2f, 0xf0, 0xaf, 0x80, 0x0, 0x0, 0x2f, 0xf0,
    0xaf, 0x80, 0x0, 0x0, 0x2f, 0xf0, 0xaf, 0x80,
    0x0, 0x0, 0x2f, 0xf0, 0xaf, 0x80, 0x0, 0x0,
    0x2f, 0xf0, 0xaf, 0x80, 0x0, 0x0, 0x2f, 0xf0,
    0xaf, 0x80, 0x0, 0x0, 0x2f, 0xf0, 0x9f, 0x90,
    0x0, 0x0, 0x2f, 0xf0, 0x7f, 0xd0, 0x0, 0x0,
    0x7f, 0xd0, 0x1f, 0xfa, 0x10, 0x5, 0xff, 0x70,
    0x6, 0xff, 0xff, 0xff, 0xfb, 0x0, 0x0, 0x3a,
    0xef, 0xfc, 0x60, 0x0,

    /* U+0056 "V" */
    0x7f, 0xc0, 0x0, 0x0, 0x6, 0xfc, 0x2f, 0xf1,
    0x0, 0x0, 0xb, 0xf8, 0xe, 0xf5, 0x0, 0x0,
    0xf, 0xf3, 0x9, 0xf9, 0x0, 0x0, 0x3f, 0xf0,
    0x5, 0xfd, 0x0, 0x0, 0x8f, 0xb0, 0x1, 0xff,
    0x20, 0x0, 0xcf, 0x60, 0x0, 0xcf, 0x60, 0x0,
    0xff, 0x20, 0x0, 0x7f, 0xa0, 0x4, 0xfd, 0x0,
    0x0, 0x3f, 0xe0, 0x9, 0xf9, 0x0, 0x0, 0xe,
    0xf3, 0xd, 0xf4, 0x0, 0x0, 0xa, 0xf7, 0x1f,
    0xf0, 0x0, 0x0, 0x6, 0xfc, 0x6f, 0xc0, 0x0,
    0x0, 0x1, 0xff, 0xbf, 0x70, 0x0, 0x0, 0x0,
    0xdf, 0xff, 0x30, 0x0,

    /* U+0057 "W" */
    0x4f, 0xe0, 0x0, 0x1f, 0xff, 0xd0, 0x0, 0x2f,
    0xf0, 0x1f, 0xf0, 0x0, 0x4f, 0xbf, 0xf0, 0x0,
    0x4f, 0xd0, 0xf, 0xf2, 0x0, 0x7f, 0x7c, 0xf3,
    0x0, 0x6f, 0xb0, 0xd, 0xf4, 0x0, 0x9f, 0x59,
    0xf5, 0x0, 0x9f, 0x80, 0xa, 0xf6, 0x0, 0xcf,
    0x26, 0xf8, 0x0, 0xbf, 0x60, 0x8, 0xf8, 0x0,
    0xff, 0x4, 0xfb, 0x0, 0xdf, 0x40, 0x6, 0xfb,
    0x2, 0xfc, 0x1, 0xfe, 0x0, 0xff, 0x10, 0x3,
    0xfd, 0x5, 0xfa, 0x0, 0xef, 0x1, 0xff, 0x0,
    0x1, 0xff, 0x7, 0xf7, 0x0, 0xbf, 0x33, 0xfc,
    0x0, 0x0, 0xff, 0x1a, 0xf4, 0x0, 0x8f, 0x65,
    0xfa, 0x0, 0x0, 0xcf, 0x3d, 0xf1, 0x0, 0x6f,
    0x97, 0xf8, 0x0, 0x0, 0xaf, 0x6f, 0xf0, 0x0,
    0x3f, 0xba, 0xf5, 0x0, 0x0, 0x8f, 0xcf, 0xc0,
    0x0, 0xf, 0xed, 0xf3, 0x0, 0x0, 0x5f, 0xff,
    0x90, 0x0, 0xd, 0xff, 0xf1, 0x0,

    /* U+0058 "X" */
    0x2f, 0xf5, 0x0, 0x0, 0x8, 0xfe, 0x0, 0x8f,
    0xd0, 0x0, 0x1, 0xff, 0x50, 0x1, 0xef, 0x60,
    0x0, 0x9f, 0xc0, 0x0, 0x6, 0xfe, 0x0, 0x2f,
    0xf3, 0x0, 0x0, 0xd, 0xf7, 0xa, 0xfa, 0x0,
    0x0, 0x0, 0x4f, 0xe4, 0xff, 0x20, 0x0, 0x0,
    0x0, 0xbf, 0xff, 0x80, 0x0, 0x0, 0x0, 0x5,
    0xff, 0xf2, 0x0, 0x0, 0x0, 0x0, 0xdf, 0xff,
    0xa0, 0x0, 0x0, 0x0, 0x7f, 0xd3, 0xff, 0x50,
    0x0, 0x0, 0x2f, 0xf4, 0x7, 0xfe, 0x10, 0x0,
    0xc, 0xfa, 0x0, 0xd, 0xfa, 0x0, 0x7, 0xfe,
    0x10, 0x0, 0x3f, 0xf4, 0x2, 0xff, 0x50, 0x0,
    0x0, 0x8f, 0xe1,

    /* U+0059 "Y" */
    0x8f, 0xe0, 0x0, 0x0, 0x9, 0xfd, 0x0, 0xef,
    0x70, 0x0, 0x1, 0xff, 0x50, 0x6, 0xfe, 0x0,
    0x0, 0x9f, 0xc0, 0x0, 0xd, 0xf7, 0x0, 0x2f,
    0xf3, 0x0, 0x0, 0x5f, 0xe1, 0xa, 0xfb, 0x0,
    0x0, 0x0, 0xcf, 0x83, 0xff, 0x20, 0x0, 0x0,
    0x4, 0xff, 0xcf, 0x90, 0x0, 0x0, 0x0, 0xb,
    0xff, 0xf1, 0x0, 0x0, 0x0, 0x0, 0x3f, 0xf8,
    0x0, 0x0, 0x0, 0x0, 0x0, 0xef, 0x40, 0x0,
    0x0, 0x0, 0x0, 0xe, 0xf4, 0x0, 0x0, 0x0,
    0x0, 0x0, 0xef, 0x40, 0x0, 0x0, 0x0, 0x0,
    0xe, 0xf4, 0x0, 0x0, 0x0, 0x0, 0x0, 0xef,
    0x40, 0x0, 0x0,

    /* U+005A "Z" */
    0xd, 0xff, 0xff, 0xff, 0xff, 0x80, 0xce, 0xee,
    0xee, 0xef, 0xf8, 0x0, 0x0, 0x0, 0x1, 0xef,
    0x80, 0x0, 0x0, 0x0, 0xbf, 0xe1, 0x0, 0x0,
    0x0, 0x8f, 0xf2, 0x0, 0x0, 0x0, 0x6f, 0xf5,
    0x0, 0x0, 0x0, 0x3f, 0xf8, 0x0, 0x0, 0x0,
    0x1e, 0xfb, 0x0, 0x0, 0x0, 0xc, 0xfd, 0x0,
    0x0, 0x0, 0xa, 0xfe, 0x20, 0x0, 0x0, 0x7,
    0xff, 0x40, 0x0, 0x0, 0x0, 0xff, 0x70, 0x0,
    0x0, 0x0, 0xf, 0xfe, 0xee, 0xee, 0xee, 0x90,
    0xff, 0xff, 0xff, 0xff, 0xfa,

    /* U+005B "[" */
    0x8, 0xbb, 0xb6, 0x6f, 0xff, 0xf9, 0x7f, 0x90,
    0x0, 0x7f, 0x80, 0x0, 0x7f, 0x80, 0x0, 0x7f,
    0x80, 0x0, 0x7f, 0x80, 0x0, 0x7f, 0x80, 0x0,
    0x7f, 0x80, 0x0, 0x7f, 0x80, 0x0, 0x7f, 0x80,
    0x0, 0x7f, 0x80, 0x0, 0x7f, 0x80, 0x0, 0x7f,
    0x80, 0x0, 0x7f, 0x80, 0x0, 0x7f, 0x80, 0x0,
    0x7f, 0x80, 0x0, 0x7f, 0x80, 0x0, 0x7f, 0xeb,
    0xb6, 0x1c, 0xff, 0xf9,

    /* U+005C "\\" */
    0x1f, 0xf1, 0x0, 0x0, 0x0, 0xbf, 0x50, 0x0,
    0x0, 0x6, 0xfb, 0x0, 0x0, 0x0, 0x1f, 0xf0,
    0x0, 0x0, 0x0, 0xbf, 0x50, 0x0, 0x0, 0x6,
    0xfa, 0x0, 0x0, 0x0, 0x1f, 0xf0, 0x0, 0x0,
    0x0, 0xcf, 0x50, 0x0, 0x0, 0x6, 0xfa, 0x0,
    0x0, 0x0, 0x1f, 0xf0, 0x0, 0x0, 0x0, 0xcf,
    0x50, 0x0, 0x0, 0x7, 0xfa, 0x0, 0x0, 0x0,
    0x1f, 0xf0, 0x0, 0x0, 0x0, 0xcf, 0x40, 0x0,
    0x0, 0x7, 0xf9, 0x0, 0x0, 0x0, 0x2f, 0xe0,
    0x0, 0x0, 0x0, 0xcf, 0x40, 0x0, 0x0, 0x7,
    0xf9,

    /* U+005D "]" */
    0x7b, 0xbb, 0x70, 0xaf, 0xff, 0xf5, 0x0, 0xa,
    0xf6, 0x0, 0x9, 0xf6, 0x0, 0x9, 0xf6, 0x0,
    0x9, 0xf6, 0x0, 0x9, 0xf6, 0x0, 0x9, 0xf6,
    0x0, 0x9, 0xf6, 0x0, 0x9, 0xf6, 0x0, 0x9,
    0xf6, 0x0, 0x9, 0xf6, 0x0, 0x9, 0xf6, 0x0,
    0x9, 0xf6, 0x0, 0x9, 0xf6, 0x0, 0x9, 0xf6,
    0x0, 0x9, 0xf6, 0x0, 0x9, 0xf6, 0x7b, 0xbf,
    0xf6, 0xaf, 0xff, 0xc0,

    /* U+005E "^" */
    0x0, 0x0, 0x11, 0x10, 0x0, 0x0, 0xb, 0xff,
    0xf2, 0x0, 0x0, 0x5f, 0xd9, 0xfb, 0x0, 0x0,
    0xdf, 0x50, 0xef, 0x40, 0x8, 0xfc, 0x0, 0x5f,
    0xd0, 0x2f, 0xf3, 0x0, 0xc, 0xf8, 0x14, 0x30,
    0x0, 0x1, 0x43,

    /* U+005F "_" */
    0x7d, 0xdd, 0xdd, 0xdd, 0xdd, 0x9f, 0xff, 0xff,
    0xff, 0xff,

    /* U+0060 "`" */
    0xa, 0xd6, 0x0, 0x2f, 0xf1, 0x0, 0x6f, 0x80,

    /* U+0061 "a" */
    0x0, 0x2a, 0xef, 0xea, 0x20, 0x0, 0x2, 0xef,
    0xdb, 0xdf, 0xe1, 0x0, 0x8, 0xf9, 0x0, 0xa,
    0xf7, 0x0, 0x0, 0x21, 0x0, 0x5, 0xfa, 0x0,
    0x0, 0x9e, 0xff, 0xff, 0xfa, 0x0, 0xb, 0xfd,
    0x99, 0x9b, 0xfa, 0x0, 0x1f, 0xf1, 0x0, 0x7,
    0xfa, 0x0, 0x1f, 0xf2, 0x0, 0x2e, 0xfa, 0x0,
    0xa, 0xff, 0xbc, 0xfa, 0xff, 0xb0, 0x0, 0x8e,
    0xfe, 0x80, 0x9f, 0xf1,

    /* U+0062 "b" */
    0x7f, 0x90, 0x0, 0x0, 0x0, 0x7, 0xf9, 0x0,
    0x0, 0x0, 0x0, 0x7f, 0x90, 0x0, 0x0, 0x0,
    0x7, 0xf9, 0x0, 0x0, 0x0, 0x0, 0x7f, 0x96,
    0xdf, 0xfd, 0x60, 0x7, 0xff, 0xff, 0xde, 0xff,
    0x90, 0x7f, 0xf9, 0x0, 0x5, 0xff, 0x47, 0xfd,
    0x0, 0x0, 0x9, 0xfa, 0x7f, 0x90, 0x0, 0x0,
    0x5f, 0xc7, 0xf9, 0x0, 0x0, 0x5, 0xfc, 0x7f,
    0xd0, 0x0, 0x0, 0x9f, 0x97, 0xff, 0x90, 0x0,
    0x5f, 0xf4, 0x7f, 0x9d, 0xfc, 0xef, 0xf9, 0x7,
    0xf8, 0x1a, 0xff, 0xd6, 0x0,

    /* U+0063 "c" */
    0x0, 0x6c, 0xff, 0xd7, 0x0, 0xa, 0xff, 0xed,
    0xff, 0xc0, 0x6f, 0xe4, 0x0, 0x1d, 0xf8, 0xcf,
    0x60, 0x0, 0x4, 0xfa, 0xef, 0x20, 0x0, 0x0,
    0x0, 0xef, 0x20, 0x0, 0x0, 0x0, 0xcf, 0x60,
    0x0, 0x3, 0xfa, 0x6f, 0xe4, 0x0, 0x1c, 0xf8,
    0xa, 0xff, 0xed, 0xff, 0xc0, 0x0, 0x6c, 0xff,
    0xd8, 0x0,

    /* U+0064 "d" */
    0x0, 0x0, 0x0, 0x0, 0xcf, 0x40, 0x0, 0x0,
    0x0, 0xc, 0xf4, 0x0, 0x0, 0x0, 0x0, 0xcf,
    0x40, 0x0, 0x0, 0x0, 0xc, 0xf4, 0x0, 0x7d,
    0xff, 0xc5, 0xcf, 0x40, 0xcf, 0xfe, 0xdf, 0xff,
    0xf4, 0x7f, 0xe4, 0x0, 0x1b, 0xff, 0x4c, 0xf6,
    0x0, 0x0, 0xf, 0xf4, 0xef, 0x20, 0x0, 0x0,
    0xcf, 0x4e, 0xf2, 0x0, 0x0, 0xc, 0xf4, 0xcf,
    0x60, 0x0, 0x0, 0xff, 0x47, 0xfe, 0x30, 0x1,
    0xbf, 0xf4, 0xb, 0xff, 0xdc, 0xfa, 0xbf, 0x40,
    0x7, 0xdf, 0xe9, 0xb, 0xf4,

    /* U+0065 "e" */
    0x0, 0x6c, 0xff, 0xc5, 0x0, 0xb, 0xff, 0xdd,
    0xff, 0x80, 0x6f, 0xd2, 0x0, 0x3e, 0xf3, 0xcf,
    0x40, 0x0, 0x7, 0xf9, 0xef, 0xff, 0xff, 0xff,
    0xfb, 0xef, 0xa9, 0x99, 0x99, 0x96, 0xcf, 0x50,
    0x0, 0x2, 0x10, 0x6f, 0xe3, 0x0, 0x1d, 0xf3,
    0xa, 0xff, 0xdd, 0xff, 0xa0, 0x0, 0x6c, 0xff,
    0xd7, 0x0,

    /* U+0066 "f" */
    0x0, 0x2, 0xdf, 0xfd, 0x0, 0x0, 0xaf, 0xeb,
    0x90, 0x0, 0xb, 0xf5, 0x0, 0x0, 0x0, 0xbf,
    0x50, 0x0, 0x7f, 0xff, 0xff, 0xff, 0x35, 0xbb,
    0xef, 0xdb, 0xb2, 0x0, 0xb, 0xf5, 0x0, 0x0,
    0x0, 0xbf, 0x50, 0x0, 0x0, 0xb, 0xf5, 0x0,
    0x0, 0x0, 0xbf, 0x50, 0x0, 0x0, 0xb, 0xf5,
    0x0, 0x0, 0x0, 0xbf, 0x50, 0x0, 0x0, 0xb,
    0xf5, 0x0, 0x0, 0x0, 0xbf, 0x50, 0x0,

    /* U+0067 "g" */
    0x0, 0x7d, 0xfe, 0x80, 0xbf, 0x40, 0xbf, 0xfe,
    0xdf, 0xab, 0xf4, 0x6f, 0xe4, 0x0, 0x1b, 0xff,
    0x4c, 0xf6, 0x0, 0x0, 0x1f, 0xf4, 0xef, 0x20,
    0x0, 0x0, 0xcf, 0x4e, 0xf2, 0x0, 0x0, 0xc,
    0xf4, 0xcf, 0x60, 0x0, 0x1, 0xff, 0x47, 0xfe,
    0x40, 0x1, 0xbf, 0xf4, 0xb, 0xff, 0xdc, 0xff,
    0xff, 0x40, 0x7, 0xdf, 0xfb, 0x3c, 0xf4, 0x0,
    0x0, 0x0, 0x0, 0xcf, 0x40, 0x0, 0x0, 0x0,
    0xc, 0xf4, 0x4, 0xcc, 0xcc, 0xcc, 0xff, 0x30,
    0x5f, 0xff, 0xff, 0xff, 0x90,

    /* U+0068 "h" */
    0x7f, 0x90, 0x0, 0x0, 0x0, 0x7f, 0x90, 0x0,
    0x0, 0x0, 0x7f, 0x90, 0x0, 0x0, 0x0, 0x7f,
    0x90, 0x0, 0x0, 0x0, 0x7f, 0x93, 0xcf, 0xfb,
    0x20, 0x7f, 0xcf, 0xec, 0xef, 0xf2, 0x7f, 0xf7,
    0x0, 0xb, 0xf9, 0x7f, 0xd0, 0x0, 0x4, 0xfd,
    0x7f, 0x90, 0x0, 0x3, 0xfd, 0x7f, 0x90, 0x0,
    0x3, 0xfd, 0x7f, 0x90, 0x0, 0x3, 0xfd, 0x7f,
    0x90, 0x0, 0x3, 0xfd, 0x7f, 0x90, 0x0, 0x3,
    0xfd, 0x7f, 0x90, 0x0, 0x3, 0xfd,

    /* U+0069 "i" */
    0x7f, 0x9d, 0xff, 0x4b, 0x60, 0x0, 0x7f, 0x97,
    0xf9, 0x7f, 0x97, 0xf9, 0x7f, 0x97, 0xf9, 0x7f,
    0x97, 0xf9, 0x7f, 0x97, 0xf9,

    /* U+006A "j" */
    0x0, 0x7f, 0xa0, 0x0, 0xcf, 0xf0, 0x0, 0x4b,
    0x60, 0x0, 0x0, 0x0, 0x0, 0x7f, 0xa0, 0x0,
    0x7f, 0xa0, 0x0, 0x7f, 0xa0, 0x0, 0x7f, 0xa0,
    0x0, 0x7f, 0xa0, 0x0, 0x7f, 0xa0, 0x0, 0x7f,
    0xa0, 0x0, 0x7f, 0xa0, 0x0, 0x7f, 0xa0, 0x0,
    0x7f, 0xa0, 0x0, 0x7f, 0xa0, 0x0, 0x7f, 0xa0,
    0x4c, 0xef, 0x80, 0x5f, 0xfd, 0x20,

    /* U+006B "k" */
    0x7f, 0x90, 0x0, 0x0, 0x0, 0x7f, 0x90, 0x0,
    0x0, 0x0, 0x7f, 0x90, 0x0, 0x0, 0x0, 0x7f,
    0x90, 0x0, 0x0, 0x0, 0x7f, 0x90, 0x0, 0xaf,
    0xe2, 0x7f, 0x90, 0xa, 0xfe, 0x20, 0x7f, 0x90,
    0x9f, 0xe2, 0x0, 0x7f, 0x98, 0xfe, 0x20, 0x0,
    0x7f, 0xff, 0xe2, 0x0, 0x0, 0x7f, 0xff, 0xe2,
    0x0, 0x0, 0x7f, 0x99, 0xfe, 0x20, 0x0, 0x7f,
    0x90, 0x9f, 0xe2, 0x0, 0x7f, 0x90, 0x9, 0xfe,
    0x30, 0x7f, 0x90, 0x0, 0x8f, 0xf3,

    /* U+006C "l" */
    0x7f, 0x97, 0xf9, 0x7f, 0x97, 0xf9, 0x7f, 0x97,
    0xf9, 0x7f, 0x97, 0xf9, 0x7f, 0x97, 0xf9, 0x7f,
    0x97, 0xf9, 0x7f, 0x97, 0xf9,

    /* U+006D "m" */
    0x7f, 0x85, 0xef, 0xd4, 0x7, 0xef, 0xd4, 0x7,
    0xfd, 0xd9, 0xbf, 0xf8, 0xe9, 0xbf, 0xf3, 0x7f,
    0xe1, 0x0, 0xaf, 0xf1, 0x0, 0x9f, 0x97, 0xfa,
    0x0, 0x6, 0xfb, 0x0, 0x5, 0xfb, 0x7f, 0x90,
    0x0, 0x6f, 0xa0, 0x0, 0x5f, 0xb7, 0xf9, 0x0,
    0x6, 0xfa, 0x0, 0x5, 0xfb, 0x7f, 0x90, 0x0,
    0x6f, 0xa0, 0x0, 0x5f, 0xb7, 0xf9, 0x0, 0x6,
    0xfa, 0x0, 0x5, 0xfb, 0x7f, 0x90, 0x0, 0x6f,
    0xa0, 0x0, 0x5f, 0xb7, 0xf9, 0x0, 0x6, 0xfa,
    0x0, 0x5, 0xfb,

    /* U+006E "n" */
    0x7f, 0x84, 0xcf, 0xfb, 0x20, 0x7f, 0xcf, 0xb9,
    0xcf, 0xf2, 0x7f, 0xf5, 0x0, 0xa, 0xf9, 0x7f,
    0xc0, 0x0, 0x4, 0xfd, 0x7f, 0x90, 0x0, 0x3,
    0xfd, 0x7f, 0x90, 0x0, 0x3, 0xfd, 0x7f, 0x90,
    0x0, 0x3, 0xfd, 0x7f, 0x90, 0x0, 0x3, 0xfd,
    0x7f, 0x90, 0x0, 0x3, 0xfd, 0x7f, 0x90, 0x0,
    0x3, 0xfd,

    /* U+006F "o" */
    0x0, 0x6c, 0xff, 0xd8, 0x10, 0x0, 0xaf, 0xfe,
    0xdf, 0xfd, 0x10, 0x6f, 0xe4, 0x0, 0x1c, 0xfb,
    0xc, 0xf6, 0x0, 0x0, 0x1f, 0xf1, 0xef, 0x20,
    0x0, 0x0, 0xdf, 0x3e, 0xf2, 0x0, 0x0, 0xd,
    0xf3, 0xcf, 0x60, 0x0, 0x1, 0xff, 0x16, 0xfe,
    0x30, 0x1, 0xcf, 0xb0, 0xa, 0xff, 0xed, 0xff,
    0xe1, 0x0, 0x6, 0xcf, 0xfd, 0x81, 0x0,

    /* U+0070 "p" */
    0x7f, 0x81, 0xaf, 0xfd, 0x60, 0x7, 0xf9, 0xcf,
    0xde, 0xff, 0x90, 0x7f, 0xf9, 0x0, 0x6, 0xff,
    0x47, 0xfd, 0x0, 0x0, 0x9, 0xfa, 0x7f, 0x90,
    0x0, 0x0, 0x5f, 0xc7, 0xf9, 0x0, 0x0, 0x5,
    0xfc, 0x7f, 0xd0, 0x0, 0x0, 0x9f, 0xa7, 0xff,
    0x90, 0x0, 0x5f, 0xf4, 0x7f, 0xff, 0xfc, 0xef,
    0xf9, 0x7, 0xf9, 0x6d, 0xff, 0xd6, 0x0, 0x7f,
    0x90, 0x0, 0x0, 0x0, 0x7, 0xf9, 0x0, 0x0,
    0x0, 0x0, 0x7f, 0x90, 0x0, 0x0, 0x0, 0x7,
    0xf9, 0x0, 0x0, 0x0, 0x0,

    /* U+0071 "q" */
    0x0, 0x7d, 0xfe, 0x80, 0xbf, 0x40, 0xbf, 0xfe,
    0xdf, 0xab, 0xf4, 0x7f, 0xe4, 0x0, 0x1b, 0xff,
    0x4c, 0xf6, 0x0, 0x0, 0x1f, 0xf4, 0xef, 0x20,
    0x0, 0x0, 0xcf, 0x4e, 0xf2, 0x0, 0x0, 0xc,
    0xf4, 0xcf, 0x60, 0x0, 0x0, 0xff, 0x47, 0xfe,
    0x30, 0x1, 0xbf, 0xf4, 0xc, 0xff, 0xdc, 0xff,
    0xff, 0x40, 0x7, 0xdf, 0xfc, 0x5c, 0xf4, 0x0,
    0x0, 0x0, 0x0, 0xcf, 0x40, 0x0, 0x0, 0x0,
    0xc, 0xf4, 0x0, 0x0, 0x0, 0x0, 0xcf, 0x40,
    0x0, 0x0, 0x0, 0xc, 0xf4,

    /* U+0072 "r" */
    0x7f, 0x89, 0xff, 0x27, 0xff, 0xfd, 0xc1, 0x7f,
    0xf3, 0x0, 0x7, 0xfa, 0x0, 0x0, 0x7f, 0x90,
    0x0, 0x7, 0xf9, 0x0, 0x0, 0x7f, 0x90, 0x0,
    0x7, 0xf9, 0x0, 0x0, 0x7f, 0x90, 0x0, 0x7,
    0xf9, 0x0, 0x0,

    /* U+0073 "s" */
    0x0, 0x5c, 0xff, 0xd7, 0x0, 0x4, 0xff, 0xbb,
    0xef, 0xa0, 0xa, 0xf7, 0x0, 0x1e, 0xe1, 0x8,
    0xfb, 0x10, 0x1, 0x0, 0x1, 0xdf, 0xfe, 0xb7,
    0x10, 0x0, 0x4, 0x9c, 0xff, 0xe2, 0x6, 0x90,
    0x0, 0xa, 0xf8, 0xd, 0xf6, 0x0, 0x8, 0xf9,
    0x4, 0xff, 0xca, 0xcf, 0xf3, 0x0, 0x3a, 0xef,
    0xeb, 0x30,

    /* U+0074 "t" */
    0x0, 0xb, 0xf5, 0x0, 0x0, 0x0, 0xbf, 0x50,
    0x0, 0x0, 0xb, 0xf5, 0x0, 0x7, 0xff, 0xff,
    0xff, 0xf4, 0x5b, 0xbe, 0xfc, 0xbb, 0x30, 0x0,
    0xbf, 0x50, 0x0, 0x0, 0xb, 0xf5, 0x0, 0x0,
    0x0, 0xbf, 0x50, 0x0, 0x0, 0xb, 0xf5, 0x0,
    0x0, 0x0, 0xbf, 0x50, 0x0, 0x0, 0xb, 0xf5,
    0x0, 0x0, 0x0, 0xaf, 0xdb, 0xa0, 0x0, 0x3,
    0xdf, 0xff, 0x0,

    /* U+0075 "u" */
    0x9f, 0x70, 0x0, 0x4, 0xfc, 0x9f, 0x70, 0x0,
    0x4, 0xfc, 0x9f, 0x70, 0x0, 0x4, 0xfc, 0x9f,
    0x70, 0x0, 0x4, 0xfc, 0x9f, 0x70, 0x0, 0x4,
    0xfc, 0x9f, 0x70, 0x0, 0x5, 0xfc, 0x8f, 0x90,
    0x0, 0x8, 0xfc, 0x5f, 0xe2, 0x0, 0x3f, 0xfc,
    0xc, 0xff, 0xcd, 0xfa, 0xfc, 0x0, 0x9e, 0xfd,
    0x64, 0xfc,

    /* U+0076 "v" */
    0x5f, 0xc0, 0x0, 0x0, 0xef, 0x30, 0xff, 0x10,
    0x0, 0x3f, 0xe0, 0xb, 0xf6, 0x0, 0x8, 0xf9,
    0x0, 0x5f, 0xb0, 0x0, 0xdf, 0x30, 0x0, 0xff,
    0x10, 0x2f, 0xe0, 0x0, 0xb, 0xf5, 0x7, 0xf9,
    0x0, 0x0, 0x5f, 0xa0, 0xcf, 0x30, 0x0, 0x0,
    0xff, 0x2f, 0xe0, 0x0, 0x0, 0xb, 0xfc, 0xf9,
    0x0, 0x0, 0x0, 0x5f, 0xff, 0x30, 0x0,

    /* U+0077 "w" */
    0xf, 0xf0, 0x0, 0xdf, 0xfb, 0x0, 0x3f, 0xd0,
    0xdf, 0x30, 0xf, 0xde, 0xe0, 0x5, 0xfa, 0xa,
    0xf5, 0x3, 0xf8, 0xbf, 0x10, 0x7f, 0x80, 0x7f,
    0x70, 0x6f, 0x58, 0xf4, 0xa, 0xf5, 0x5, 0xfa,
    0xa, 0xf2, 0x4f, 0x70, 0xcf, 0x20, 0x2f, 0xc0,
    0xdf, 0x1, 0xfa, 0xe, 0xf0, 0x0, 0xfe, 0xf,
    0xc0, 0xe, 0xe1, 0xfd, 0x0, 0xd, 0xf4, 0xf8,
    0x0, 0xbf, 0x4f, 0xa0, 0x0, 0xaf, 0xbf, 0x50,
    0x8, 0xfb, 0xf7, 0x0, 0x7, 0xff, 0xf2, 0x0,
    0x5f, 0xff, 0x50,

    /* U+0078 "x" */
    0xd, 0xf8, 0x0, 0x0, 0xaf, 0xb0, 0x3, 0xff,
    0x20, 0x5, 0xff, 0x10, 0x0, 0x8f, 0xc0, 0xe,
    0xf5, 0x0, 0x0, 0xc, 0xf7, 0x9f, 0xa0, 0x0,
    0x0, 0x2, 0xff, 0xfe, 0x10, 0x0, 0x0, 0x0,
    0xcf, 0xf9, 0x0, 0x0, 0x0, 0x8, 0xfe, 0xef,
    0x50, 0x0, 0x0, 0x5f, 0xf2, 0x4f, 0xf3, 0x0,
    0x2, 0xff, 0x50, 0x7, 0xfe, 0x10, 0x1d, 0xf8,
    0x0, 0x0, 0xaf, 0xb0,

    /* U+0079 "y" */
    0x9f, 0x70, 0x0, 0x4, 0xfc, 0x9f, 0x70, 0x0,
    0x4, 0xfc, 0x9f, 0x70, 0x0, 0x4, 0xfc, 0x9f,
    0x70, 0x0, 0x4, 0xfc, 0x9f, 0x70, 0x0, 0x4,
    0xfc, 0x9f, 0x70, 0x0, 0x5, 0xfc, 0x8f, 0x90,
    0x0, 0x8, 0xfc, 0x5f, 0xe2, 0x0, 0x3f, 0xfc,
    0xc, 0xff, 0xcd, 0xfb, 0xfc, 0x0, 0x9e, 0xfd,
    0x64, 0xfc, 0x0, 0x0, 0x0, 0x4, 0xfc, 0x0,
    0x0, 0x0, 0x4, 0xfc, 0x4, 0xcc, 0xcc, 0xce,
    0xfb, 0x5, 0xff, 0xff, 0xff, 0xd3,

    /* U+007A "z" */
    0xbf, 0xff, 0xff, 0xff, 0x37, 0xbb, 0xbb, 0xbf,
    0xf3, 0x0, 0x0, 0x9, 0xff, 0x10, 0x0, 0xa,
    0xff, 0x30, 0x0, 0xa, 0xfe, 0x30, 0x0, 0xb,
    0xfe, 0x20, 0x0, 0x1c, 0xfd, 0x10, 0x0, 0xc,
    0xfd, 0x10, 0x0, 0x0, 0xef, 0xdb, 0xbb, 0xbb,
    0x3e, 0xff, 0xff, 0xff, 0xf5,

    /* U+007B "{" */
    0x0, 0x0, 0x7b, 0xbb, 0x70, 0x0, 0x5f, 0xff,
    0xfa, 0x0, 0x6, 0xf9, 0x0, 0x0, 0x0, 0x6f,
    0x90, 0x0, 0x0, 0x6, 0xf9, 0x0, 0x0, 0x0,
    0x6f, 0x90, 0x0, 0x0, 0x6, 0xf9, 0x0, 0x0,
    0x0, 0x6f, 0x90, 0x0, 0x0, 0x8, 0xf8, 0x0,
    0x4, 0xff, 0xfc, 0x20, 0x0, 0x4f, 0xff, 0xb1,
    0x0, 0x0, 0x0, 0x8f, 0x80, 0x0, 0x0, 0x6,
    0xf9, 0x0, 0x0, 0x0, 0x6f, 0x90, 0x0, 0x0,
    0x6, 0xf9, 0x0, 0x0, 0x0, 0x6f, 0x90, 0x0,
    0x0, 0x6, 0xf9, 0x0, 0x0, 0x0, 0x6f, 0x90,
    0x0, 0x0, 0x6, 0xfe, 0xbb, 0x70, 0x0, 0xc,
    0xff, 0xfa,

    /* U+007C "|" */
    0x8f, 0x88, 0xf8, 0x8f, 0x88, 0xf8, 0x8f, 0x88,
    0xf8, 0x8f, 0x88, 0xf8, 0x8f, 0x88, 0xf8, 0x8f,
    0x88, 0xf8, 0x8f, 0x88, 0xf8, 0x8f, 0x88, 0xf8,
    0x8f, 0x88, 0xf8, 0x8f, 0x88, 0xf8, 0x8f, 0x80,

    /* U+007D "}" */
    0x7b, 0xbb, 0x70, 0x0, 0xa, 0xff, 0xff, 0x50,
    0x0, 0x0, 0xa, 0xf6, 0x0, 0x0, 0x0, 0x9f,
    0x60, 0x0, 0x0, 0x9, 0xf6, 0x0, 0x0, 0x0,
    0x9f, 0x60, 0x0, 0x0, 0x9, 0xf6, 0x0, 0x0,
    0x0, 0x9f, 0x60, 0x0, 0x0, 0x8, 0xf8, 0x0,
    0x0, 0x0, 0x2c, 0xff, 0xf3, 0x0, 0x1, 0xbf,
    0xff, 0x30, 0x0, 0x8f, 0x80, 0x0, 0x0, 0x9,
    0xf6, 0x0, 0x0, 0x0, 0x9f, 0x60, 0x0, 0x0,
    0x9, 0xf6, 0x0, 0x0, 0x0, 0x9f, 0x60, 0x0,
    0x0, 0x9, 0xf6, 0x0, 0x0, 0x0, 0x9f, 0x60,
    0x0, 0x7b, 0xbf, 0xf6, 0x0, 0xa, 0xff, 0xfc,
    0x0, 0x0,

    /* U+007E "~" */
    0x0, 0x5d, 0xf4, 0x0, 0x95, 0x0, 0x9f, 0xff,
    0xf4, 0xcf, 0xe0, 0x7f, 0xe5, 0xaf, 0xff, 0xd2,
    0x0, 0x91, 0x1, 0xcf, 0x90, 0x0,

    /* U+00A0 " " */

    /* U+00A1 "¡" */
    0x6f, 0xc1, 0xdf, 0xf6, 0x9f, 0xf2, 0x2, 0x10,
    0x28, 0x60, 0x4f, 0xc0, 0x4f, 0xc0, 0x4f, 0xc0,
    0x4f, 0xc0, 0x4f, 0xc0, 0x4f, 0xc0, 0x4f, 0xc0,
    0x4f, 0xc0, 0x4f, 0xc0,

    /* U+00A2 "¢" */
    0x0, 0x0, 0x58, 0x10, 0x0, 0x0, 0x0, 0xb,
    0xf2, 0x0, 0x0, 0x0, 0x0, 0xbf, 0x20, 0x0,
    0x0, 0x5, 0xcf, 0xfd, 0x80, 0x0, 0xa, 0xff,
    0xff, 0xff, 0xd0, 0x5, 0xff, 0x4b, 0xf3, 0xcf,
    0x80, 0xbf, 0x70, 0xbf, 0x23, 0xfa, 0xe, 0xf3,
    0xb, 0xf2, 0x0, 0x0, 0xef, 0x30, 0xbf, 0x20,
    0x0, 0xb, 0xf7, 0xb, 0xf2, 0x2f, 0xb0, 0x5f,
    0xf4, 0xbf, 0x3c, 0xf9, 0x0, 0xaf, 0xff, 0xff,
    0xfd, 0x10, 0x0, 0x5c, 0xff, 0xe8, 0x0, 0x0,
    0x0, 0xb, 0xf2, 0x0, 0x0, 0x0, 0x0, 0xbf,
    0x20, 0x0, 0x0,

    /* U+00A3 "£" */
    0x0, 0x6, 0xdf, 0xfd, 0x60, 0x0, 0x9, 0xff,
    0xee, 0xff, 0x90, 0x2, 0xff, 0x50, 0x5, 0xff,
    0x20, 0x6f, 0xb0, 0x0, 0xb, 0xf5, 0x6, 0xfa,
    0x0, 0x0, 0xaf, 0x60, 0x6f, 0xa0, 0x0, 0x3,
    0x52, 0x8c, 0xfe, 0xa9, 0x0, 0x0, 0xd, 0xff,
    0xff, 0xe0, 0x0, 0x0, 0x6, 0xfa, 0x0, 0x0,
    0x0, 0x0, 0x6f, 0xa0, 0x0, 0x0, 0x0, 0x6,
    0xfa, 0x0, 0x0, 0x0, 0x0, 0x6f, 0xa0, 0x0,
    0x0, 0x0, 0xce, 0xff, 0xdd, 0xdd, 0xdd, 0x6e,
    0xff, 0xff, 0xff, 0xff, 0xf8,

    /* U+00A4 "¤" */
    0x0, 0x0, 0x0, 0x0, 0x0, 0x0, 0x6, 0xb1,
    0x6a, 0xb8, 0x26, 0xb0, 0xc, 0xff, 0xff, 0xff,
    0xff, 0xf3, 0x2, 0xff, 0x71, 0x4, 0xdf, 0x80,
    0x8, 0xf7, 0x0, 0x0, 0x1f, 0xe0, 0xb, 0xf1,
    0x0, 0x0, 0xb, 0xf2, 0xc, 0xf0, 0x0, 0x0,
    0xa, 0xf2, 0x9, 0xf5, 0x0, 0x0, 0xe, 0xf0,
    0x2, 0xfe, 0x40, 0x1, 0xbf, 0x80, 0x9, 0xff,
    0xfd, 0xcf, 0xff, 0xd1, 0xa, 0xe4, 0xbf, 0xfd,
    0x69, 0xe2, 0x0, 0x10, 0x0, 0x0, 0x0, 0x10,

    /* U+00A5 "¥" */
    0x9f, 0xd0, 0x0, 0x0, 0x7, 0xfe, 0x11, 0xff,
    0x60, 0x0, 0x1, 0xff, 0x70, 0x7, 0xfe, 0x0,
    0x0, 0x8f, 0xd0, 0x0, 0xe, 0xf7, 0x0, 0x1f,
    0xf5, 0x0, 0x0, 0x6f, 0xf1, 0xa, 0xfc, 0x0,
    0x0, 0x0, 0xdf, 0x92, 0xff, 0x30, 0x0, 0x0,
    0x4, 0xff, 0xdf, 0xa0, 0x0, 0x0, 0x1f, 0xff,
    0xff, 0xff, 0xf8, 0x0, 0x1, 0xaa, 0xaf, 0xfc,
    0xaa, 0x50, 0x0, 0x0, 0x0, 0xef, 0x40, 0x0,
    0x0, 0x1, 0xff, 0xff, 0xff, 0xff, 0x80, 0x0,
    0x1a, 0xaa, 0xff, 0xca, 0xa5, 0x0, 0x0, 0x0,
    0xe, 0xf4, 0x0, 0x0, 0x0, 0x0, 0x0, 0xef,
    0x40, 0x0, 0x0,

    /* U+00A6 "¦" */
    0x5a, 0x58, 0xf8, 0x8f, 0x88, 0xf8, 0x8f, 0x88,
    0xf8, 0x8f, 0x88, 0xf8, 0x8f, 0x80, 0x0, 0x0,
    0x0, 0x0, 0x6b, 0x58, 0xf8, 0x8f, 0x88, 0xf8,
    0x8f, 0x88, 0xf8, 0x8f, 0x88, 0xf8, 0x8f, 0x80,

    /* U+00A7 "§" */
    0x0, 0x6d, 0xff, 0xb3, 0x0, 0x6f, 0xfb, 0xcf,
    0xf2, 0xc, 0xf3, 0x0, 0x7f, 0x80, 0xcf, 0x30,
    0x2, 0xb7, 0x7, 0xff, 0xa6, 0x10, 0x0, 0xbf,
    0xef, 0xff, 0xa0, 0xc, 0xf1, 0x26, 0xdf, 0x90,
    0x7f, 0xd6, 0x32, 0xfc, 0x0, 0x7e, 0xff, 0xff,
    0xa0, 0x21, 0x2, 0x6d, 0xf8, 0x4f, 0x90, 0x0,
    0x2f, 0xc1, 0xfe, 0x10, 0x4, 0xfa, 0x8, 0xff,
    0xbb, 0xff, 0x40, 0x6, 0xdf, 0xfc, 0x40,

    /* U+00A8 "¨" */
    0x7, 0xb3, 0x7, 0xb3, 0xf, 0xfb, 0x1f, 0xfa,
    0xa, 0xf6, 0xb, 0xf5,

    /* U+00A9 "©" */
    0x0, 0x29, 0xdf, 0xfe, 0xa3, 0x0, 0x0, 0x4f,
    0xfc, 0xa9, 0xbf, 0xf8, 0x0, 0x1f, 0xe3, 0x0,
    0x0, 0x2c, 0xf5, 0x8, 0xf5, 0x7, 0xef, 0xb1,
    0x1f, 0xc0, 0xcf, 0x5, 0xfb, 0x9f, 0xb0, 0xbf,
    0xe, 0xd0, 0xaf, 0x0, 0xbf, 0x9, 0xf1, 0xed,
    0xb, 0xf0, 0x0, 0x10, 0x9f, 0x2e, 0xd0, 0xbf,
    0x0, 0x1, 0x9, 0xf2, 0xed, 0xa, 0xf0, 0xb,
    0xf0, 0x9f, 0x1c, 0xf0, 0x6f, 0xb9, 0xfb, 0xb,
    0xf0, 0x8f, 0x40, 0x8e, 0xfb, 0x21, 0xfc, 0x1,
    0xfe, 0x30, 0x0, 0x1, 0xcf, 0x50, 0x4, 0xff,
    0xc9, 0x9b, 0xff, 0x80, 0x0, 0x2, 0x9d, 0xff,
    0xea, 0x40, 0x0,

    /* U+00AA "ª" */
    0x1, 0xbf, 0xfb, 0x10, 0xc, 0xe5, 0x6f, 0xb0,
    0x2, 0x30, 0xa, 0xe0, 0x7, 0xef, 0xff, 0xf0,
    0x2f, 0x92, 0x2b, 0xf0, 0x2f, 0xc7, 0x9f, 0xf7,
    0x7, 0xef, 0xb3, 0xef,

    /* U+00AB "«" */
    0x0, 0x0, 0x4, 0x0, 0x0, 0x3, 0x0, 0x2,
    0xaf, 0x0, 0x4, 0xda, 0x0, 0x7f, 0xfe, 0x1,
    0xaf, 0xf9, 0x4d, 0xff, 0x81, 0x7f, 0xfe, 0x50,
    0xff, 0xa2, 0x4, 0xff, 0x70, 0x0, 0xff, 0x60,
    0x4, 0xfd, 0x30, 0x0, 0x8f, 0xfd, 0x41, 0xbf,
    0xfa, 0x20, 0x2, 0xbf, 0xfb, 0x5, 0xef, 0xf6,
    0x0, 0x5, 0xef, 0x0, 0x8, 0xfa, 0x0, 0x0,
    0x8, 0x0, 0x0, 0x26,

    /* U+00AC "¬" */
    0xdd, 0xdd, 0xdd, 0xdd, 0x5f, 0xff, 0xff, 0xff,
    0xf6, 0x0, 0x0, 0x0, 0x7f, 0x60, 0x0, 0x0,
    0x7, 0xf6, 0x0, 0x0, 0x0, 0x38, 0x30,

    /* U+00AD "­" */
    0x6d, 0xdd, 0xdd, 0x58, 0xff, 0xff, 0xf6,

    /* U+00AE "®" */
    0x1, 0x9d, 0xdb, 0x50, 0x2, 0xc7, 0xdb, 0xaa,
    0x80, 0xa3, 0x39, 0xd, 0xc, 0x2d, 0x3, 0xeb,
    0x80, 0x76, 0xd0, 0x39, 0xd, 0x7, 0x6a, 0x42,
    0x70, 0x90, 0xc2, 0x1c, 0x40, 0x1, 0xa8, 0x0,
    0x19, 0xdd, 0xb5, 0x0,

    /* U+00AF "¯" */
    0xa, 0xaa, 0xaa, 0xa3, 0x1f, 0xff, 0xff, 0xf4,

    /* U+00B0 "°" */
    0x2, 0xbf, 0xe9, 0x0, 0xd, 0xfa, 0xbf, 0xa0,
    0x4f, 0x70, 0xb, 0xf0, 0x4f, 0x80, 0xb, 0xf0,
    0xd, 0xfa, 0xbf, 0xa0, 0x2, 0xbf, 0xe9, 0x0,

    /* U+00B1 "±" */
    0x0, 0x8, 0xb2, 0x0, 0x0, 0x0, 0xcf, 0x30,
    0x0, 0x0, 0xc, 0xf3, 0x0, 0xd, 0xdd, 0xff,
    0xed, 0xd5, 0xff, 0xff, 0xff, 0xff, 0x60, 0x0,
    0xcf, 0x30, 0x0, 0x0, 0xc, 0xf3, 0x0, 0x0,
    0x0, 0xcf, 0x30, 0x0, 0x0, 0x0, 0x0, 0x0,
    0xd, 0xdd, 0xdd, 0xdd, 0xd5, 0xff, 0xff, 0xff,
    0xff, 0x60,

    /* U+00B2 "²" */
    0x4, 0xcf, 0xe9, 0x2, 0xfb, 0x57, 0xf8, 0x38,
    0x20, 0xe, 0xa0, 0x3, 0x7d, 0xf4, 0xa, 0xfb,
    0x72, 0x5, 0xf8, 0x44, 0x43, 0x7f, 0xff, 0xff,
    0xb0,

    /* U+00B3 "³" */
    0x6f, 0xff, 0xff, 0xc1, 0x44, 0x6d, 0xe7, 0x0,
    0x7f, 0xc2, 0x0, 0x5, 0x8b, 0xf6, 0x38, 0x0,
    0xd, 0xc4, 0xfb, 0x58, 0xf8, 0x5, 0xdf, 0xe8,
    0x0,

    /* U+00B4 "´" */
    0x0, 0xad, 0x60, 0x4f, 0xd0, 0xc, 0xf2, 0x0,

    /* U+00B5 "µ" */
    0x8f, 0x80, 0x0, 0x6, 0xfa, 0x0, 0x8f, 0x80,
    0x0, 0x6, 0xfa, 0x0, 0x8f, 0x80, 0x0, 0x6,
    0xfa, 0x0, 0x8f, 0x80, 0x0, 0x6, 0xfa, 0x0,
    0x8f, 0x80, 0x0, 0x6, 0xfa, 0x0, 0x8f, 0x80,
    0x0, 0x6, 0xfa, 0x0, 0x8f, 0x90, 0x0, 0x9,
    0xfa, 0x0, 0x8f, 0xe1, 0x0, 0x2f, 0xfa, 0x0,
    0x8f, 0xfe, 0x9a, 0xf8, 0xfe, 0x90, 0x8f, 0x9b,
    0xfe, 0x80, 0x9f, 0xf1, 0x8f, 0x70, 0x0, 0x0,
    0x0, 0x0, 0x8f, 0x70, 0x0, 0x0, 0x0, 0x0,
    0x8f, 0x70, 0x0, 0x0, 0x0, 0x0, 0x8f, 0x70,
    0x0, 0x0, 0x0, 0x0,

    /* U+00B6 "¶" */
    0x0, 0x7d, 0xff, 0xff, 0xff, 0x70, 0xbf, 0xeb,
    0xff, 0xbc, 0xf7, 0x4f, 0xc0, 0xd, 0xf0, 0x5f,
    0x78, 0xf5, 0x0, 0xdf, 0x5, 0xf7, 0x8f, 0x50,
    0xd, 0xf0, 0x5f, 0x74, 0xfc, 0x0, 0xdf, 0x5,
    0xf7, 0xb, 0xfe, 0xbf, 0xf0, 0x5f, 0x70, 0x7,
    0xdf, 0xff, 0x5, 0xf7, 0x0, 0x0, 0xd, 0xf0,
    0x5f, 0x70, 0x0, 0x0, 0xdf, 0x5, 0xf7, 0x0,
    0x0, 0xd, 0xf0, 0x5f, 0x70, 0x0, 0x0, 0xdf,
    0x5, 0xf7, 0x0, 0x0, 0xd, 0xf0, 0x5f, 0x70,
    0x0, 0x0, 0xdf, 0x5, 0xf7,

    /* U+00B7 "·" */
    0x1, 0x20, 0x5f, 0xf5, 0x9f, 0xfa, 0x3e, 0xe3,

    /* U+00B8 "¸" */
    0x0, 0x0, 0x0, 0x0, 0x9d, 0x0, 0x0, 0xaf,
    0xa1, 0x3, 0x13, 0xf8, 0xd, 0xff, 0xf4, 0x0,
    0x33, 0x0,

    /* U+00B9 "¹" */
    0xa, 0xff, 0x31, 0xfc, 0xf3, 0x6f, 0x6f, 0x31,
    0x14, 0xf3, 0x0, 0x4f, 0x30, 0x4, 0xf3, 0x0,
    0x4f, 0x30,

    /* U+00BA "º" */
    0x0, 0x9e, 0xfd, 0x60, 0x0, 0xbf, 0x75, 0xaf,
    0x70, 0x2f, 0x70, 0x0, 0xce, 0x4, 0xf4, 0x0,
    0x9, 0xf0, 0x2f, 0x70, 0x0, 0xce, 0x0, 0xbf,
    0x75, 0xaf, 0x70, 0x0, 0x9e, 0xfd, 0x60, 0x0,

    /* U+00BB "»" */
    0x30, 0x0, 0x0, 0x40, 0x0, 0x0, 0xad, 0x40,
    0x0, 0xfb, 0x20, 0x0, 0x8f, 0xfb, 0x20, 0xdf,
    0xf8, 0x0, 0x5, 0xdf, 0xf8, 0x18, 0xff, 0xe5,
    0x0, 0x7, 0xff, 0x50, 0x1a, 0xff, 0x0, 0x3,
    0xdf, 0x50, 0x6, 0xff, 0x1, 0xaf, 0xfb, 0x14,
    0xdf, 0xf8, 0x6f, 0xfe, 0x50, 0xaf, 0xfc, 0x20,
    0xaf, 0x80, 0x0, 0xfe, 0x50, 0x0, 0x62, 0x0,
    0x0, 0x80, 0x0, 0x0,

    /* U+00BC "¼" */
    0x0, 0x11, 0x0, 0x0, 0x0, 0x0, 0x10, 0x0,
    0x0, 0xbf, 0xf3, 0x0, 0x0, 0x0, 0x4f, 0x40,
    0x0, 0x1f, 0xbf, 0x30, 0x0, 0x0, 0x2f, 0xc0,
    0x0, 0x7, 0xf5, 0xf3, 0x0, 0x0, 0x1d, 0xe1,
    0x0, 0x0, 0x0, 0x4f, 0x30, 0x0, 0xb, 0xf3,
    0x0, 0x0, 0x0, 0x4, 0xf3, 0x0, 0x8, 0xf5,
    0x0, 0x0, 0x0, 0x0, 0x4f, 0x30, 0x6, 0xf8,
    0x0, 0x0, 0x0, 0x0, 0x4, 0xf3, 0x3, 0xfb,
    0x0, 0x0, 0x0, 0x0, 0x0, 0x0, 0x1, 0xed,
    0x0, 0x5, 0xff, 0xb0, 0x0, 0x0, 0x0, 0xce,
    0x20, 0x3, 0xfa, 0xdc, 0x0, 0x0, 0x0, 0xaf,
    0x30, 0x1, 0xec, 0xd, 0xc0, 0x0, 0x0, 0x7f,
    0x60, 0x0, 0xce, 0x20, 0xdc, 0x0, 0x0, 0x5f,
    0x90, 0x0, 0xf, 0xff, 0xff, 0xff, 0x20, 0x2f,
    0xb0, 0x0, 0x0, 0x33, 0x33, 0xdd, 0x30, 0x1,
    0xa1, 0x0, 0x0, 0x0, 0x0, 0x9, 0x90, 0x0,

    /* U+00BD "½" */
    0x0, 0x11, 0x0, 0x0, 0x0, 0x0, 0x10, 0x0,
    0xb, 0xff, 0x30, 0x0, 0x0, 0x4, 0xf4, 0x0,
    0x2f, 0xbf, 0x30, 0x0, 0x0, 0x2f, 0xc0, 0x0,
    0x6b, 0x5f, 0x30, 0x0, 0x1, 0xde, 0x10, 0x0,
    0x0, 0x4f, 0x30, 0x0, 0xb, 0xf3, 0x0, 0x0,
    0x0, 0x4f, 0x30, 0x0, 0x8f, 0x50, 0x0, 0x0,
    0x0, 0x4f, 0x30, 0x6, 0xf8, 0x0, 0x0, 0x0,
    0x0, 0x3, 0x0, 0x3f, 0xb0, 0x3c, 0xff, 0xb1,
    0x0, 0x0, 0x1, 0xed, 0x0, 0xed, 0x45, 0xeb,
    0x0, 0x0, 0xc, 0xe2, 0x1, 0x83, 0x0, 0xce,
    0x0, 0x0, 0xaf, 0x30, 0x0, 0x1, 0x6b, 0xf9,
    0x0, 0x7, 0xf6, 0x0, 0x0, 0x6f, 0xfb, 0x50,
    0x0, 0x5f, 0x90, 0x0, 0x1, 0xfa, 0x10, 0x0,
    0x2, 0xfb, 0x0, 0x0, 0x4, 0xff, 0xff, 0xfd,
    0x1, 0xa1, 0x0, 0x0, 0x1, 0x33, 0x33, 0x33,

    /* U+00BE "¾" */
    0x0, 0x0, 0x0, 0x0, 0x0, 0x0, 0x0, 0x0,
    0x0, 0x6f, 0xff, 0xff, 0xc0, 0x0, 0x0, 0xc,
    0x90, 0x0, 0x13, 0x35, 0xde, 0x60, 0x0, 0x0,
    0xaf, 0x40, 0x0, 0x0, 0x7f, 0xc2, 0x0, 0x0,
    0x7, 0xf7, 0x0, 0x0, 0x0, 0x6a, 0xcf, 0x50,
    0x0, 0x4f, 0xa0, 0x0, 0x0, 0x25, 0x0, 0xd,
    0xb0, 0x2, 0xfc, 0x0, 0x0, 0x0, 0x5f, 0x81,
    0x4f, 0xa0, 0x1d, 0xe1, 0x0, 0x0, 0x0, 0x9,
    0xff, 0xfc, 0x10, 0xbf, 0x30, 0x0, 0x0, 0x0,
    0x0, 0x13, 0x20, 0x8, 0xf5, 0x0, 0x1d, 0xff,
    0x20, 0x0, 0x0, 0x0, 0x6f, 0x80, 0x0, 0xbe,
    0x9f, 0x20, 0x0, 0x0, 0x3, 0xfb, 0x0, 0x9,
    0xf3, 0x6f, 0x20, 0x0, 0x0, 0x1e, 0xd0, 0x0,
    0x5f, 0x60, 0x7f, 0x30, 0x0, 0x0, 0xce, 0x20,
    0x0, 0x9f, 0xff, 0xff, 0xf8, 0x0, 0xa, 0xf4,
    0x0, 0x0, 0x23, 0x33, 0x8f, 0x51, 0x0, 0x9,
    0x60, 0x0, 0x0, 0x0, 0x0, 0x4b, 0x10,

    /* U+00BF "¿" */
    0x0, 0x0, 0x3e, 0xe3, 0x0, 0x0, 0x0, 0x9,
    0xff, 0x90, 0x0, 0x0, 0x0, 0x5f, 0xf5, 0x0,
    0x0, 0x0, 0x0, 0x22, 0x0, 0x0, 0x0, 0x0,
    0x9, 0x91, 0x0, 0x0, 0x0, 0x2, 0xff, 0x10,
    0x0, 0x0, 0x19, 0xff, 0xc0, 0x0, 0x0, 0x2e,
    0xfe, 0x80, 0x0, 0x0, 0xc, 0xfb, 0x10, 0x0,
    0x0, 0x1, 0xff, 0x10, 0x0, 0x3, 0xc9, 0x1f,
    0xf1, 0x0, 0x0, 0x6f, 0xb0, 0xdf, 0xa0, 0x0,
    0x3e, 0xf7, 0x3, 0xff, 0xfd, 0xef, 0xfb, 0x0,
    0x1, 0x9e, 0xff, 0xc6, 0x0,

    /* U+00C0 "À" */
    0x0, 0x0, 0x77, 0x30, 0x0, 0x0, 0x0, 0x0,
    0x6, 0xfd, 0x0, 0x0, 0x0, 0x0, 0x0, 0x9,
    0xf6, 0x0, 0x0, 0x0, 0x0, 0x0, 0x0, 0x0,
    0x0, 0x0, 0x0, 0x0, 0xbf, 0xff, 0x50, 0x0,
    0x0, 0x0, 0xf, 0xfa, 0xfa, 0x0, 0x0, 0x0,
    0x4, 0xfd, 0x3f, 0xe0, 0x0, 0x0, 0x0, 0x9f,
    0x90, 0xef, 0x30, 0x0, 0x0, 0xd, 0xf5, 0xa,
    0xf8, 0x0, 0x0, 0x2, 0xff, 0x10, 0x6f, 0xc0,
    0x0, 0x0, 0x7f, 0xc0, 0x2, 0xff, 0x10, 0x0,
    0xb, 0xf8, 0x0, 0xe, 0xf5, 0x0, 0x0, 0xff,
    0x40, 0x0, 0x9f, 0xa0, 0x0, 0x4f, 0xff, 0xff,
    0xff, 0xfe, 0x0, 0x9, 0xff, 0xff, 0xff, 0xff,
    0xf3, 0x0, 0xdf, 0x60, 0x0, 0x0, 0xcf, 0x70,
    0x2f, 0xf1, 0x0, 0x0, 0x7, 0xfc, 0x7, 0xfc,
    0x0, 0x0, 0x0, 0x2f, 0xf1,

    /* U+00C1 "Á" */
    0x0, 0x0, 0x0, 0x67, 0x40, 0x0, 0x0, 0x0,
    0x0, 0x3f, 0xe1, 0x0, 0x0, 0x0, 0x0, 0xb,
    0xf4, 0x0, 0x0, 0x0, 0x0, 0x0, 0x0, 0x0,
    0x0, 0x0, 0x0, 0x0, 0xbf, 0xff, 0x50, 0x0,
    0x0, 0x0, 0xf, 0xfa, 0xfa, 0x0, 0x0, 0x0,
    0x4, 0xfd, 0x3f, 0xe0, 0x0, 0x0, 0x0, 0x9f,
    0x90, 0xef, 0x30, 0x0, 0x0, 0xd, 0xf5, 0xa,
    0xf8, 0x0, 0x0, 0x2, 0xff, 0x10, 0x6f, 0xc0,
    0x0, 0x0, 0x7f, 0xc0, 0x2, 0xff, 0x10, 0x0,
    0xb, 0xf8, 0x0, 0xe, 0xf5, 0x0, 0x0, 0xff,
    0x40, 0x0, 0x9f, 0xa0, 0x0, 0x4f, 0xff, 0xff,
    0xff, 0xfe, 0x0, 0x9, 0xff, 0xff, 0xff, 0xff,
    0xf3, 0x0, 0xdf, 0x60, 0x0, 0x0, 0xcf, 0x70,
    0x2f, 0xf1, 0x0, 0x0, 0x7, 0xfc, 0x7, 0xfc,
    0x0, 0x0, 0x0, 0x2f, 0xf1,

    /* U+00C2 "Â" */
    0x0, 0x0, 0x7f, 0xfe, 0x30, 0x0, 0x0, 0x0,
    0x9f, 0xb4, 0xef, 0x40, 0x0, 0x0, 0x2, 0x20,
    0x1, 0x22, 0x0, 0x0, 0x0, 0xb, 0xff, 0xf5,
    0x0, 0x0, 0x0, 0x0, 0xff, 0xaf, 0xa0, 0x0,
    0x0, 0x0, 0x4f, 0xd3, 0xfe, 0x0, 0x0, 0x0,
    0x9, 0xf9, 0xe, 0xf3, 0x0, 0x0, 0x0, 0xdf,
    0x50, 0xaf, 0x80, 0x0, 0x0, 0x2f, 0xf1, 0x6,
    0xfc, 0x0, 0x0, 0x7, 0xfc, 0x0, 0x2f, 0xf1,
    0x0, 0x0, 0xbf, 0x80, 0x0, 0xef, 0x50, 0x0,
    0xf, 0xf4, 0x0, 0x9, 0xfa, 0x0, 0x4, 0xff,
    0xff, 0xff, 0xff, 0xe0, 0x0, 0x9f, 0xff, 0xff,
    0xff, 0xff, 0x30, 0xd, 0xf6, 0x0, 0x0, 0xc,
    0xf7, 0x2, 0xff, 0x10, 0x0, 0x0, 0x7f, 0xc0,
    0x7f, 0xc0, 0x0, 0x0, 0x2, 0xff, 0x10,

    /* U+00C3 "Ã" */
    0x0, 0x0, 0x57, 0x10, 0x31, 0x0, 0x0, 0x0,
    0x9f, 0xfe, 0x9f, 0x80, 0x0, 0x0, 0xc, 0x61,
    0xbf, 0xa0, 0x0, 0x0, 0x0, 0x0, 0x0, 0x0,
    0x0, 0x0, 0x0, 0x0, 0xbf, 0xff, 0x50, 0x0,
    0x0, 0x0, 0xf, 0xfa, 0xfa, 0x0, 0x0, 0x0,
    0x4, 0xfd, 0x3f, 0xe0, 0x0, 0x0, 0x0, 0x9f,
    0x90, 0xef, 0x30, 0x0, 0x0, 0xd, 0xf5, 0xa,
    0xf8, 0x0, 0x0, 0x2, 0xff, 0x10, 0x6f, 0xc0,
    0x0, 0x0, 0x7f, 0xc0, 0x2, 0xff, 0x10, 0x0,
    0xb, 0xf8, 0x0, 0xe, 0xf5, 0x0, 0x0, 0xff,
    0x40, 0x0, 0x9f, 0xa0, 0x0, 0x4f, 0xff, 0xff,
    0xff, 0xfe, 0x0, 0x9, 0xff, 0xff, 0xff, 0xff,
    0xf3, 0x0, 0xdf, 0x60, 0x0, 0x0, 0xcf, 0x70,
    0x2f, 0xf1, 0x0, 0x0, 0x7, 0xfc, 0x7, 0xfc,
    0x0, 0x0, 0x0, 0x2f, 0xf1,

    /* U+00C4 "Ä" */
    0x0, 0x8, 0xb2, 0x6, 0xb4, 0x0, 0x0, 0x2,
    0xff, 0x90, 0xff, 0xc0, 0x0, 0x0, 0xc, 0xf4,
    0xa, 0xf7, 0x0, 0x0, 0x0, 0x0, 0x0, 0x0,
    0x0, 0x0, 0x0, 0x0, 0xbf, 0xff, 0x50, 0x0,
    0x0, 0x0, 0xf, 0xfa, 0xfa, 0x0, 0x0, 0x0,
    0x4, 0xfd, 0x3f, 0xe0, 0x0, 0x0, 0x0, 0x9f,
    0x90, 0xef, 0x30, 0x0, 0x0, 0xd, 0xf5, 0xa,
    0xf8, 0x0, 0x0, 0x2, 0xff, 0x10, 0x6f, 0xc0,
    0x0, 0x0, 0x7f, 0xc0, 0x2, 0xff, 0x10, 0x0,
    0xb, 0xf8, 0x0, 0xe, 0xf5, 0x0, 0x0, 0xff,
    0x40, 0x0, 0x9f, 0xa0, 0x0, 0x4f, 0xff, 0xff,
    0xff, 0xfe, 0x0, 0x9, 0xff, 0xff, 0xff, 0xff,
    0xf3, 0x0, 0xdf, 0x60, 0x0, 0x0, 0xcf, 0x70,
    0x2f, 0xf1, 0x0, 0x0, 0x7, 0xfc, 0x7, 0xfc,
    0x0, 0x0, 0x0, 0x2f, 0xf1,

    /* U+00C5 "Å" */
    0x0, 0x0, 0x0, 0x0, 0x0, 0x0, 0x0, 0x0,
    0x1, 0xdf, 0x90, 0x0, 0x0, 0x0, 0x0, 0x9c,
    0x4f, 0x40, 0x0, 0x0, 0x0, 0xa, 0xb1, 0xf4,
    0x0, 0x0, 0x0, 0x0, 0x3f, 0xfc, 0x0, 0x0,
    0x0, 0x0, 0x0, 0x2, 0x0, 0x0, 0x0, 0x0,
    0x0, 0xbf, 0xff, 0x50, 0x0, 0x0, 0x0, 0xf,
    0xfa, 0xfa, 0x0, 0x0, 0x0, 0x4, 0xfd, 0x3f,
    0xe0, 0x0, 0x0, 0x0, 0x9f, 0x90, 0xef, 0x30,
    0x0, 0x0, 0xd, 0xf5, 0xa, 0xf8, 0x0, 0x0,
    0x2, 0xff, 0x10, 0x6f, 0xc0, 0x0, 0x0, 0x7f,
    0xc0, 0x2, 0xff, 0x10, 0x0, 0xb, 0xf8, 0x0,
    0xe, 0xf5, 0x0, 0x0, 0xff, 0x40, 0x0, 0x9f,
    0xa0, 0x0, 0x4f, 0xff, 0xff, 0xff, 0xfe, 0x0,
    0x9, 0xff, 0xff, 0xff, 0xff, 0xf3, 0x0, 0xdf,
    0x60, 0x0, 0x0, 0xcf, 0x70, 0x2f, 0xf1, 0x0,
    0x0, 0x7, 0xfc, 0x7, 0xfc, 0x0, 0x0, 0x0,
    0x2f, 0xf1,

    /* U+00C6 "Æ" */
    0x0, 0x0, 0x9, 0xff, 0xff, 0xff, 0xff, 0xfa,
    0x0, 0x0, 0xe, 0xf9, 0xff, 0xff, 0xff, 0xf9,
    0x0, 0x0, 0x4f, 0xd5, 0xfc, 0x0, 0x0, 0x0,
    0x0, 0x0, 0xaf, 0x75, 0xfc, 0x0, 0x0, 0x0,
    0x0, 0x1, 0xff, 0x25, 0xfc, 0x0, 0x0, 0x0,
    0x0, 0x6, 0xfc, 0x5, 0xfc, 0x0, 0x0, 0x0,
    0x0, 0xc, 0xf7, 0x5, 0xff, 0xff, 0xff, 0xf0,
    0x0, 0x2f, 0xf1, 0x5, 0xff, 0xff, 0xff, 0xf1,
    0x0, 0x8f, 0xb0, 0x5, 0xfc, 0x0, 0x0, 0x0,
    0x0, 0xef, 0xff, 0xff, 0xfc, 0x0, 0x0, 0x0,
    0x4, 0xff, 0xff, 0xff, 0xfc, 0x0, 0x0, 0x0,
    0xa, 0xfa, 0x0, 0x5, 0xfc, 0x0, 0x0, 0x0,
    0xf, 0xf4, 0x0, 0x5, 0xff, 0xff, 0xff, 0xfa,
    0x6f, 0xe0, 0x0, 0x5, 0xff, 0xff, 0xff, 0xfb,

    /* U+00C7 "Ç" */
    0x0, 0x4b, 0xef, 0xfc, 0x60, 0x0, 0x7f, 0xff,
    0xef, 0xff, 0xa0, 0x4f, 0xf9, 0x10, 0x6, 0xff,
    0x5a, 0xfb, 0x0, 0x0, 0x8, 0xfb, 0xdf, 0x50,
    0x0, 0x0, 0x4f, 0xee, 0xf4, 0x0, 0x0, 0x0,
    0x11, 0xef, 0x40, 0x0, 0x0, 0x0, 0xe, 0xf4,
    0x0, 0x0, 0x0, 0x0, 0xef, 0x40, 0x0, 0x0,
    0x14, 0x4d, 0xf5, 0x0, 0x0, 0x4, 0xfe, 0xaf,
    0xb0, 0x0, 0x0, 0x8f, 0xb4, 0xff, 0x91, 0x0,
    0x6f, 0xf5, 0x7, 0xff, 0xff, 0xff, 0xfa, 0x0,
    0x4, 0xbe, 0xff, 0xc6, 0x0, 0x0, 0x0, 0x2f,
    0x91, 0x0, 0x0, 0x0, 0x1, 0x6c, 0xe0, 0x0,
    0x0, 0x2, 0x85, 0xbf, 0x0, 0x0, 0x0, 0x4d,
    0xfe, 0x60, 0x0,

    /* U+00C8 "È" */
    0x0, 0x27, 0x70, 0x0, 0x0, 0x0, 0xb, 0xf7,
    0x0, 0x0, 0x0, 0x1, 0xef, 0x10, 0x0, 0x0,
    0x0, 0x0, 0x0, 0x0, 0x8f, 0xff, 0xff, 0xff,
    0xf4, 0x8f, 0xff, 0xff, 0xff, 0xf4, 0x8f, 0xa0,
    0x0, 0x0, 0x0, 0x8f, 0xa0, 0x0, 0x0, 0x0,
    0x8f, 0xa0, 0x0, 0x0, 0x0, 0x8f, 0xa0, 0x0,
    0x0, 0x0, 0x8f, 0xff, 0xff, 0xff, 0xa0, 0x8f,
    0xff, 0xff, 0xff, 0xb0, 0x8f, 0xa0, 0x0, 0x0,
    0x0, 0x8f, 0xa0, 0x0, 0x0, 0x0, 0x8f, 0xa0,
    0x0, 0x0, 0x0, 0x8f, 0xa0, 0x0, 0x0, 0x0,
    0x8f, 0xff, 0xff, 0xff, 0xf5, 0x8f, 0xff, 0xff,
    0xff, 0xf6,

    /* U+00C9 "É" */
    0x0, 0x0, 0x7, 0x72, 0x0, 0x0, 0x0, 0x8f,
    0xb0, 0x0, 0x0, 0x1, 0xfd, 0x10, 0x0, 0x0,
    0x0, 0x0, 0x0, 0x0, 0x8f, 0xff, 0xff, 0xff,
    0xf4, 0x8f, 0xff, 0xff, 0xff, 0xf4, 0x8f, 0xa0,
    0x0, 0x0, 0x0, 0x8f, 0xa0, 0x0, 0x0, 0x0,
    0x8f, 0xa0, 0x0, 0x0, 0x0, 0x8f, 0xa0, 0x0,
    0x0, 0x0, 0x8f, 0xff, 0xff, 0xff, 0xa0, 0x8f,
    0xff, 0xff, 0xff, 0xb0, 0x8f, 0xa0, 0x0, 0x0,
    0x0, 0x8f, 0xa0, 0x0, 0x0, 0x0, 0x8f, 0xa0,
    0x0, 0x0, 0x0, 0x8f, 0xa0, 0x0, 0x0, 0x0,
    0x8f, 0xff, 0xff, 0xff, 0xf5, 0x8f, 0xff, 0xff,
    0xff, 0xf6,

    /* U+00CA "Ê" */
    0x0, 0x1b, 0xff, 0xb0, 0x0, 0x1, 0xdf, 0x67,
    0xfc, 0x10, 0x1, 0x21, 0x0, 0x12, 0x10, 0x8f,
    0xff, 0xff, 0xff, 0xf4, 0x8f, 0xff, 0xff, 0xff,
    0xf4, 0x8f, 0xa0, 0x0, 0x0, 0x0, 0x8f, 0xa0,
    0x0, 0x0, 0x0, 0x8f, 0xa0, 0x0, 0x0, 0x0,
    0x8f, 0xa0, 0x0, 0x0, 0x0, 0x8f, 0xff, 0xff,
    0xff, 0xa0, 0x8f, 0xff, 0xff, 0xff, 0xb0, 0x8f,
    0xa0, 0x0, 0x0, 0x0, 0x8f, 0xa0, 0x0, 0x0,
    0x0, 0x8f, 0xa0, 0x0, 0x0, 0x0, 0x8f, 0xa0,
    0x0, 0x0, 0x0, 0x8f, 0xff, 0xff, 0xff, 0xf5,
    0x8f, 0xff, 0xff, 0xff, 0xf6,

    /* U+00CB "Ë" */
    0x1, 0xa9, 0x0, 0x9a, 0x10, 0x8, 0xff, 0x45,
    0xff, 0x70, 0x3, 0xed, 0x11, 0xde, 0x30, 0x0,
    0x0, 0x0, 0x0, 0x0, 0x8f, 0xff, 0xff, 0xff,
    0xf4, 0x8f, 0xff, 0xff, 0xff, 0xf4, 0x8f, 0xa0,
    0x0, 0x0, 0x0, 0x8f, 0xa0, 0x0, 0x0, 0x0,
    0x8f, 0xa0, 0x0, 0x0, 0x0, 0x8f, 0xa0, 0x0,
    0x0, 0x0, 0x8f, 0xff, 0xff, 0xff, 0xa0, 0x8f,
    0xff, 0xff, 0xff, 0xb0, 0x8f, 0xa0, 0x0, 0x0,
    0x0, 0x8f, 0xa0, 0x0, 0x0, 0x0, 0x8f, 0xa0,
    0x0, 0x0, 0x0, 0x8f, 0xa0, 0x0, 0x0, 0x0,
    0x8f, 0xff, 0xff, 0xff, 0xf5, 0x8f, 0xff, 0xff,
    0xff, 0xf6,

    /* U+00CC "Ì" */
    0x57, 0x40, 0x3f, 0xf1, 0x6, 0xf9, 0x0, 0x0,
    0x8, 0xfa, 0x8, 0xfa, 0x8, 0xfa, 0x8, 0xfa,
    0x8, 0xfa, 0x8, 0xfa, 0x8, 0xfa, 0x8, 0xfa,
    0x8, 0xfa, 0x8, 0xfa, 0x8, 0xfa, 0x8, 0xfa,
    0x8, 0xfa, 0x8, 0xfa,

    /* U+00CD "Í" */
    0x4, 0x76, 0x0, 0xef, 0x40, 0x8f, 0x70, 0x0,
    0x0, 0x0, 0x8f, 0xa0, 0x8, 0xfa, 0x0, 0x8f,
    0xa0, 0x8, 0xfa, 0x0, 0x8f, 0xa0, 0x8, 0xfa,
    0x0, 0x8f, 0xa0, 0x8, 0xfa, 0x0, 0x8f, 0xa0,
    0x8, 0xfa, 0x0, 0x8f, 0xa0, 0x8, 0xfa, 0x0,
    0x8f, 0xa0, 0x8, 0xfa, 0x0,

    /* U+00CE "Î" */
    0x0, 0x4e, 0xff, 0x50, 0x0, 0x6f, 0xd4, 0xcf,
    0x70, 0x2, 0x20, 0x0, 0x22, 0x0, 0x0, 0x8f,
    0xa0, 0x0, 0x0, 0x8, 0xfa, 0x0, 0x0, 0x0,
    0x8f, 0xa0, 0x0, 0x0, 0x8, 0xfa, 0x0, 0x0,
    0x0, 0x8f, 0xa0, 0x0, 0x0, 0x8, 0xfa, 0x0,
    0x0, 0x0, 0x8f, 0xa0, 0x0, 0x0, 0x8, 0xfa,
    0x0, 0x0, 0x0, 0x8f, 0xa0, 0x0, 0x0, 0x8,
    0xfa, 0x0, 0x0, 0x0, 0x8f, 0xa0, 0x0, 0x0,
    0x8, 0xfa, 0x0, 0x0, 0x0, 0x8f, 0xa0, 0x0,
    0x0, 0x8, 0xfa, 0x0, 0x0,

    /* U+00CF "Ï" */
    0x5b, 0x40, 0x3b, 0x70, 0xef, 0xd0, 0xbf, 0xf0,
    0x9f, 0x80, 0x6f, 0xb0, 0x0, 0x0, 0x0, 0x0,
    0x0, 0x8f, 0xa0, 0x0, 0x0, 0x8f, 0xa0, 0x0,
    0x0, 0x8f, 0xa0, 0x0, 0x0, 0x8f, 0xa0, 0x0,
    0x0, 0x8f, 0xa0, 0x0, 0x0, 0x8f, 0xa0, 0x0,
    0x0, 0x8f, 0xa0, 0x0, 0x0, 0x8f, 0xa0, 0x0,
    0x0, 0x8f, 0xa0, 0x0, 0x0, 0x8f, 0xa0, 0x0,
    0x0, 0x8f, 0xa0, 0x0, 0x0, 0x8f, 0xa0, 0x0,
    0x0, 0x8f, 0xa0, 0x0, 0x0, 0x8f, 0xa0, 0x0,

    /* U+00D0 "Ð" */
    0x1f, 0xff, 0xff, 0xff, 0xc7, 0x0, 0x0, 0xee,
    0xff, 0xee, 0xff, 0xfc, 0x10, 0x0, 0x3f, 0xf0,
    0x0, 0x5e, 0xf9, 0x0, 0x3, 0xff, 0x0, 0x0,
    0x4f, 0xf0, 0x0, 0x3f, 0xf0, 0x0, 0x0, 0xff,
    0x30, 0x3, 0xff, 0x0, 0x0, 0xd, 0xf4, 0x2,
    0x4f, 0xf2, 0x20, 0x0, 0xdf, 0x51, 0xff, 0xff,
    0xff, 0x60, 0xd, 0xf5, 0x5, 0x7f, 0xf5, 0x52,
    0x0, 0xdf, 0x40, 0x3, 0xff, 0x0, 0x0, 0xf,
    0xf3, 0x0, 0x3f, 0xf0, 0x0, 0x4, 0xff, 0x0,
    0x3, 0xff, 0x0, 0x4, 0xef, 0xa0, 0xe, 0xef,
    0xfe, 0xef, 0xff, 0xd1, 0x1, 0xff, 0xff, 0xff,
    0xfc, 0x70, 0x0,

    /* U+00D1 "Ñ" */
    0x0, 0x3, 0x73, 0x1, 0x30, 0x0, 0x3, 0xff,
    0xfa, 0xdd, 0x0, 0x0, 0x6c, 0x17, 0xfe, 0x30,
    0x0, 0x0, 0x0, 0x0, 0x0, 0x0, 0x8f, 0xff,
    0xc0, 0x0, 0x4f, 0xe8, 0xfc, 0xff, 0x10, 0x4,
    0xfe, 0x8f, 0x9c, 0xf6, 0x0, 0x4f, 0xe8, 0xf9,
    0x7f, 0xa0, 0x4, 0xfe, 0x8f, 0x92, 0xff, 0x0,
    0x4f, 0xe8, 0xf9, 0xd, 0xf4, 0x4, 0xfe, 0x8f,
    0x90, 0x8f, 0x90, 0x4f, 0xe8, 0xf9, 0x3, 0xfe,
    0x4, 0xfe, 0x8f, 0x90, 0xe, 0xf3, 0x4f, 0xe8,
    0xf9, 0x0, 0xaf, 0x74, 0xfe, 0x8f, 0x90, 0x5,
    0xfc, 0x4f, 0xe8, 0xf9, 0x0, 0x1f, 0xf5, 0xfe,
    0x8f, 0x90, 0x0, 0xbf, 0xcf, 0xe8, 0xf9, 0x0,
    0x6, 0xff, 0xfe,

    /* U+00D2 "Ò" */
    0x0, 0x4, 0x76, 0x0, 0x0, 0x0, 0x0, 0x1,
    0xef, 0x30, 0x0, 0x0, 0x0, 0x0, 0x3f, 0xc0,
    0x0, 0x0, 0x0, 0x0, 0x0, 0x0, 0x0, 0x0,
    0x0, 0x3a, 0xef, 0xfc, 0x70, 0x0, 0x7, 0xff,
    0xfe, 0xff, 0xfd, 0x10, 0x3f, 0xf9, 0x10, 0x4,
    0xef, 0xa0, 0xaf, 0xb0, 0x0, 0x0, 0x4f, 0xf1,
    0xdf, 0x50, 0x0, 0x0, 0xe, 0xf4, 0xef, 0x40,
    0x0, 0x0, 0xd, 0xf5, 0xef, 0x40, 0x0, 0x0,
    0xd, 0xf5, 0xef, 0x40, 0x0, 0x0, 0xd, 0xf5,
    0xef, 0x40, 0x0, 0x0, 0xd, 0xf5, 0xdf, 0x50,
    0x0, 0x0, 0xe, 0xf4, 0xaf, 0xb0, 0x0, 0x0,
    0x4f, 0xf1, 0x3f, 0xf9, 0x10, 0x5, 0xef, 0xa0,
    0x7, 0xff, 0xff, 0xff, 0xfd, 0x10, 0x0, 0x3a,
    0xef, 0xfc, 0x70, 0x0,

    /* U+00D3 "Ó" */
    0x0, 0x0, 0x2, 0x77, 0x0, 0x0, 0x0, 0x0,
    0xc, 0xf7, 0x0, 0x0, 0x0, 0x0, 0x5f, 0xa0,
    0x0, 0x0, 0x0, 0x0, 0x0, 0x0, 0x0, 0x0,
    0x0, 0x3a, 0xef, 0xfc, 0x70, 0x0, 0x7, 0xff,
    0xfe, 0xff, 0xfd, 0x10, 0x3f, 0xf9, 0x10, 0x4,
    0xef, 0xa0, 0xaf, 0xb0, 0x0, 0x0, 0x4f, 0xf1,
    0xdf, 0x50, 0x0, 0x0, 0xe, 0xf4, 0xef, 0x40,
    0x0, 0x0, 0xd, 0xf5, 0xef, 0x40, 0x0, 0x0,
    0xd, 0xf5, 0xef, 0x40, 0x0, 0x0, 0xd, 0xf5,
    0xef, 0x40, 0x0, 0x0, 0xd, 0xf5, 0xdf, 0x50,
    0x0, 0x0, 0xe, 0xf4, 0xaf, 0xb0, 0x0, 0x0,
    0x4f, 0xf1, 0x3f, 0xf9, 0x10, 0x5, 0xef, 0xa0,
    0x7, 0xff, 0xff, 0xff, 0xfd, 0x10, 0x0, 0x3a,
    0xef, 0xfc, 0x70, 0x0,

    /* U+00D4 "Ô" */
    0x0, 0x1, 0xdf, 0xf6, 0x0, 0x0, 0x0, 0xc,
    0xf6, 0xdf, 0x30, 0x0, 0x0, 0x8e, 0x90, 0x3e,
    0xd1, 0x0, 0x0, 0x0, 0x0, 0x0, 0x0, 0x0,
    0x0, 0x3a, 0xef, 0xfc, 0x70, 0x0, 0x7, 0xff,
    0xfe, 0xff, 0xfd, 0x10, 0x3f, 0xf9, 0x10, 0x4,
    0xef, 0xa0, 0xaf, 0xb0, 0x0, 0x0, 0x4f, 0xf1,
    0xdf, 0x50, 0x0, 0x0, 0xe, 0xf4, 0xef, 0x40,
    0x0, 0x0, 0xd, 0xf5, 0xef, 0x40, 0x0, 0x0,
    0xd, 0xf5, 0xef, 0x40, 0x0, 0x0, 0xd, 0xf5,
    0xef, 0x40, 0x0, 0x0, 0xd, 0xf5, 0xdf, 0x50,
    0x0, 0x0, 0xe, 0xf4, 0xaf, 0xb0, 0x0, 0x0,
    0x4f, 0xf1, 0x3f, 0xf9, 0x10, 0x5, 0xef, 0xa0,
    0x7, 0xff, 0xff, 0xff, 0xfd, 0x10, 0x0, 0x3a,
    0xef, 0xfc, 0x70, 0x0,

    /* U+00D5 "Õ" */
    0x0, 0xa, 0xf9, 0x2, 0x90, 0x0, 0x0, 0x7f,
    0x9e, 0xbd, 0xd0, 0x0, 0x0, 0x26, 0x3, 0xee,
    0x30, 0x0, 0x0, 0x0, 0x0, 0x0, 0x0, 0x0,
    0x0, 0x3a, 0xef, 0xfc, 0x70, 0x0, 0x7, 0xff,
    0xfe, 0xff, 0xfd, 0x10, 0x3f, 0xf9, 0x10, 0x4,
    0xef, 0xa0, 0xaf, 0xb0, 0x0, 0x0, 0x4f, 0xf1,
    0xdf, 0x50, 0x0, 0x0, 0xe, 0xf4, 0xef, 0x40,
    0x0, 0x0, 0xd, 0xf5, 0xef, 0x40, 0x0, 0x0,
    0xd, 0xf5, 0xef, 0x40, 0x0, 0x0, 0xd, 0xf5,
    0xef, 0x40, 0x0, 0x0, 0xd, 0xf5, 0xdf, 0x50,
    0x0, 0x0, 0xe, 0xf4, 0xaf, 0xb0, 0x0, 0x0,
    0x4f, 0xf1, 0x3f, 0xf9, 0x10, 0x5, 0xef, 0xa0,
    0x7, 0xff, 0xff, 0xff, 0xfd, 0x10, 0x0, 0x3a,
    0xef, 0xfc, 0x70, 0x0,

    /* U+00D6 "Ö" */
    0x0, 0x6f, 0xa0, 0x4e, 0xc0, 0x0, 0x0, 0xcf,
    0xf0, 0x8f, 0xf3, 0x0, 0x0, 0x3b, 0x60, 0x2b,
    0x90, 0x0, 0x0, 0x0, 0x0, 0x0, 0x0, 0x0,
    0x0, 0x3a, 0xef, 0xfc, 0x70, 0x0, 0x7, 0xff,
    0xfe, 0xff, 0xfd, 0x10, 0x3f, 0xf9, 0x10, 0x4,
    0xef, 0xa0, 0xaf, 0xb0, 0x0, 0x0, 0x4f, 0xf1,
    0xdf, 0x50, 0x0, 0x0, 0xe, 0xf4, 0xef, 0x40,
    0x0, 0x0, 0xd, 0xf5, 0xef, 0x40, 0x0, 0x0,
    0xd, 0xf5, 0xef, 0x40, 0x0, 0x0, 0xd, 0xf5,
    0xef, 0x40, 0x0, 0x0, 0xd, 0xf5, 0xdf, 0x50,
    0x0, 0x0, 0xe, 0xf4, 0xaf, 0xb0, 0x0, 0x0,
    0x4f, 0xf1, 0x3f, 0xf9, 0x10, 0x5, 0xef, 0xa0,
    0x7, 0xff, 0xff, 0xff, 0xfd, 0x10, 0x0, 0x3a,
    0xef, 0xfc, 0x70, 0x0,

    /* U+00D7 "×" */
    0x2b, 0x10, 0x0, 0x77, 0xa, 0xfd, 0x10, 0x7f,
    0xf1, 0xb, 0xfd, 0x8f, 0xf3, 0x0, 0xb, 0xff,
    0xf3, 0x0, 0x0, 0x8f, 0xfd, 0x10, 0x0, 0x8f,
    0xeb, 0xfd, 0x10, 0x8f, 0xe2, 0xa, 0xfd, 0x14,
    0xd2, 0x0, 0xa, 0xa0, 0x0, 0x0, 0x0, 0x0,
    0x0,

    /* U+00D8 "Ø" */
    0x0, 0x0, 0x0, 0x0, 0x10, 0x0, 0x0, 0x0,
    0x0, 0x0, 0xe9, 0x0, 0x0, 0x3a, 0xef, 0xfd,
    0xf5, 0x0, 0x7, 0xff, 0xfe, 0xff, 0xfd, 0x10,
    0x3f, 0xf9, 0x10, 0x2f, 0xff, 0xa0, 0xaf, 0xb0,
    0x0, 0x9f, 0x5f, 0xf1, 0xdf, 0x50, 0x0, 0xfa,
    0xe, 0xf4, 0xef, 0x40, 0x6, 0xf3, 0xd, 0xf5,
    0xef, 0x40, 0xd, 0xc0, 0xd, 0xf5, 0xef, 0x40,
    0x4f, 0x60, 0xd, 0xf5, 0xef, 0x40, 0xae, 0x0,
    0xd, 0xf5, 0xdf, 0x51, 0xf8, 0x0, 0xe, 0xf4,
    0xaf, 0xb8, 0xf2, 0x0, 0x4f, 0xf1, 0x3f, 0xff,
    0xb0, 0x5, 0xef, 0xa0, 0x7, 0xff, 0xff, 0xff,
    0xfd, 0x10, 0x0, 0xcf, 0xef, 0xfc, 0x70, 0x0,
    0x2, 0xf7, 0x0, 0x0, 0x0, 0x0, 0x0, 0x41,
    0x0, 0x0, 0x0, 0x0,

    /* U+00D9 "Ù" */
    0x0, 0x4, 0x76, 0x0, 0x0, 0x0, 0x0, 0x1,
    0xef, 0x30, 0x0, 0x0, 0x0, 0x0, 0x4f, 0xc0,
    0x0, 0x0, 0x0, 0x0, 0x0, 0x0, 0x0, 0x0,
    0xaf, 0x80, 0x0, 0x0, 0x2f, 0xf0, 0xaf, 0x80,
    0x0, 0x0, 0x2f, 0xf0, 0xaf, 0x80, 0x0, 0x0,
    0x2f, 0xf0, 0xaf, 0x80, 0x0, 0x0, 0x2f, 0xf0,
    0xaf, 0x80, 0x0, 0x0, 0x2f, 0xf0, 0xaf, 0x80,
    0x0, 0x0, 0x2f, 0xf0, 0xaf, 0x80, 0x0, 0x0,
    0x2f, 0xf0, 0xaf, 0x80, 0x0, 0x0, 0x2f, 0xf0,
    0xaf, 0x80, 0x0, 0x0, 0x2f, 0xf0, 0x9f, 0x90,
    0x0, 0x0, 0x2f, 0xf0, 0x7f, 0xd0, 0x0, 0x0,
    0x7f, 0xd0, 0x1f, 0xfa, 0x10, 0x5, 0xff, 0x70,
    0x6, 0xff, 0xff, 0xff, 0xfb, 0x0, 0x0, 0x3a,
    0xef, 0xfc, 0x60, 0x0,

    /* U+00DA "Ú" */
    0x0, 0x0, 0x3, 0x77, 0x0, 0x0, 0x0, 0x0,
    0xd, 0xf6, 0x0, 0x0, 0x0, 0x0, 0x6f, 0x90,
    0x0, 0x0, 0x0, 0x0, 0x0, 0x0, 0x0, 0x0,
    0xaf, 0x80, 0x0, 0x0, 0x2f, 0xf0, 0xaf, 0x80,
    0x0, 0x0, 0x2f, 0xf0, 0xaf, 0x80, 0x0, 0x0,
    0x2f, 0xf0, 0xaf, 0x80, 0x0, 0x0, 0x2f, 0xf0,
    0xaf, 0x80, 0x0, 0x0, 0x2f, 0xf0, 0xaf, 0x80,
    0x0, 0x0, 0x2f, 0xf0, 0xaf, 0x80, 0x0, 0x0,
    0x2f, 0xf0, 0xaf, 0x80, 0x0, 0x0, 0x2f, 0xf0,
    0xaf, 0x80, 0x0, 0x0, 0x2f, 0xf0, 0x9f, 0x90,
    0x0, 0x0, 0x2f, 0xf0, 0x7f, 0xd0, 0x0, 0x0,
    0x7f, 0xd0, 0x1f, 0xfa, 0x10, 0x5, 0xff, 0x70,
    0x6, 0xff, 0xff, 0xff, 0xfb, 0x0, 0x0, 0x3a,
    0xef, 0xfc, 0x60, 0x0,

    /* U+00DB "Û" */
    0x0, 0x1, 0xdf, 0xf5, 0x0, 0x0, 0x0, 0x1d,
    0xf5, 0xdf, 0x40, 0x0, 0x0, 0x7b, 0x60, 0x2b,
    0xa1, 0x0, 0x0, 0x0, 0x0, 0x0, 0x0, 0x0,
    0xaf, 0x80, 0x0, 0x0, 0x2f, 0xf0, 0xaf, 0x80,
    0x0, 0x0, 0x2f, 0xf0, 0xaf, 0x80, 0x0, 0x0,
    0x2f, 0xf0, 0xaf, 0x80, 0x0, 0x0, 0x2f, 0xf0,
    0xaf, 0x80, 0x0, 0x0, 0x2f, 0xf0, 0xaf, 0x80,
    0x0, 0x0, 0x2f, 0xf0, 0xaf, 0x80, 0x0, 0x0,
    0x2f, 0xf0, 0xaf, 0x80, 0x0, 0x0, 0x2f, 0xf0,
    0xaf, 0x80, 0x0, 0x0, 0x2f, 0xf0, 0x9f, 0x90,
    0x0, 0x0, 0x2f, 0xf0, 0x7f, 0xd0, 0x0, 0x0,
    0x7f, 0xd0, 0x1f, 0xfa, 0x10, 0x5, 0xff, 0x70,
    0x6, 0xff, 0xff, 0xff, 0xfb, 0x0, 0x0, 0x3a,
    0xef, 0xfc, 0x60, 0x0,

    /* U+00DC "Ü" */
    0x0, 0x7f, 0xa0, 0x4f, 0xc0, 0x0, 0x0, 0xcf,
    0xf0, 0x9f, 0xf2, 0x0, 0x0, 0x4b, 0x60, 0x2b,
    0x80, 0x0, 0x0, 0x0, 0x0, 0x0, 0x0, 0x0,
    0xaf, 0x80, 0x0, 0x0, 0x2f, 0xf0, 0xaf, 0x80,
    0x0, 0x0, 0x2f, 0xf0, 0xaf, 0x80, 0x0, 0x0,
    0x2f, 0xf0, 0xaf, 0x80, 0x0, 0x0, 0x2f, 0xf0,
    0xaf, 0x80, 0x0, 0x0, 0x2f, 0xf0, 0xaf, 0x80,
    0x0, 0x0, 0x2f, 0xf0, 0xaf, 0x80, 0x0, 0x0,
    0x2f, 0xf0, 0xaf, 0x80, 0x0, 0x0, 0x2f, 0xf0,
    0xaf, 0x80, 0x0, 0x0, 0x2f, 0xf0, 0x9f, 0x90,
    0x0, 0x0, 0x2f, 0xf0, 0x7f, 0xd0, 0x0, 0x0,
    0x7f, 0xd0, 0x1f, 0xfa, 0x10, 0x5, 0xff, 0x70,
    0x6, 0xff, 0xff, 0xff, 0xfb, 0x0, 0x0, 0x3a,
    0xef, 0xfc, 0x60, 0x0,

    /* U+00DD "Ý" */
    0x0, 0x0, 0x0, 0x77, 0x30, 0x0, 0x0, 0x0,
    0x0, 0x5f, 0xd0, 0x0, 0x0, 0x0, 0x0, 0xe,
    0xf2, 0x0, 0x0, 0x0, 0x0, 0x0, 0x0, 0x0,
    0x0, 0x0, 0x8f, 0xe0, 0x0, 0x0, 0x9, 0xfd,
    0x0, 0xef, 0x70, 0x0, 0x1, 0xff, 0x50, 0x6,
    0xfe, 0x0, 0x0, 0x9f, 0xc0, 0x0, 0xd, 0xf7,
    0x0, 0x2f, 0xf3, 0x0, 0x0, 0x5f, 0xe1, 0xa,
    0xfb, 0x0, 0x0, 0x0, 0xcf, 0x83, 0xff, 0x20,
    0x0, 0x0, 0x4, 0xff, 0xcf, 0x90, 0x0, 0x0,
    0x0, 0xb, 0xff, 0xf1, 0x0, 0x0, 0x0, 0x0,
    0x3f, 0xf8, 0x0, 0x0, 0x0, 0x0, 0x0, 0xef,
    0x40, 0x0, 0x0, 0x0, 0x0, 0xe, 0xf4, 0x0,
    0x0, 0x0, 0x0, 0x0, 0xef, 0x40, 0x0, 0x0,
    0x0, 0x0, 0xe, 0xf4, 0x0, 0x0, 0x0, 0x0,
    0x0, 0xef, 0x40, 0x0, 0x0,

    /* U+00DE "Þ" */
    0x8f, 0xa0, 0x0, 0x0, 0x0, 0x8, 0xfa, 0x0,
    0x0, 0x0, 0x0, 0x8f, 0xa0, 0x0, 0x0, 0x0,
    0x8, 0xff, 0xff, 0xff, 0xc6, 0x0, 0x8f, 0xff,
    0xff, 0xff, 0xfa, 0x8, 0xfa, 0x0, 0x0, 0x6f,
    0xf3, 0x8f, 0xa0, 0x0, 0x0, 0xcf, 0x68, 0xfa,
    0x0, 0x0, 0xc, 0xf6, 0x8f, 0xa0, 0x0, 0x6,
    0xff, 0x38, 0xff, 0xff, 0xff, 0xff, 0x90, 0x8f,
    0xff, 0xff, 0xfc, 0x60, 0x8, 0xfa, 0x0, 0x0,
    0x0, 0x0, 0x8f, 0xa0, 0x0, 0x0, 0x0, 0x8,
    0xfa, 0x0, 0x0, 0x0, 0x0,

    /* U+00DF "ß" */
    0x0, 0x19, 0xef, 0xfb, 0x30, 0x0, 0x2, 0xef,
    0xeb, 0xdf, 0xf3, 0x0, 0xc, 0xfa, 0x0, 0x7,
    0xfb, 0x0, 0x3f, 0xe0, 0x0, 0x4, 0xfc, 0x0,
    0x6f, 0xa0, 0x0, 0x1d, 0xf7, 0x0, 0x7f, 0x90,
    0x4, 0xef, 0x90, 0x0, 0x7f, 0x90, 0xe, 0xf5,
    0x0, 0x0, 0x7f, 0x90, 0xd, 0xfc, 0x50, 0x0,
    0x7f, 0x90, 0x2, 0xbf, 0xfd, 0x30, 0x7f, 0x90,
    0x0, 0x1, 0x9f, 0xe0, 0x7f, 0x90, 0x41, 0x0,
    0xd, 0xf3, 0x7f, 0x9a, 0xf8, 0x0, 0x1e, 0xf2,
    0x7f, 0x92, 0xff, 0xdb, 0xef, 0xb0, 0x7f, 0x90,
    0x2a, 0xef, 0xe8, 0x0,

    /* U+00E0 "à" */
    0x0, 0xa, 0xfa, 0x0, 0x0, 0x0, 0x0, 0x0,
    0xdf, 0x30, 0x0, 0x0, 0x0, 0x0, 0x3d, 0x90,
    0x0, 0x0, 0x0, 0x0, 0x0, 0x0, 0x0, 0x0,
    0x0, 0x2a, 0xef, 0xea, 0x20, 0x0, 0x2, 0xef,
    0xdb, 0xdf, 0xe1, 0x0, 0x8, 0xf9, 0x0, 0xa,
    0xf7, 0x0, 0x0, 0x21, 0x0, 0x5, 0xfa, 0x0,
    0x0, 0x9e, 0xff, 0xff, 0xfa, 0x0, 0xb, 0xfd,
    0x99, 0x9b, 0xfa, 0x0, 0x1f, 0xf1, 0x0, 0x7,
    0xfa, 0x0, 0x1f, 0xf2, 0x0, 0x2e, 0xfa, 0x0,
    0xa, 0xff, 0xbc, 0xfa, 0xff, 0xb0, 0x0, 0x8e,
    0xfe, 0x80, 0x9f, 0xf1,

    /* U+00E1 "á" */
    0x0, 0x0, 0x6, 0xfd, 0x0, 0x0, 0x0, 0x0,
    0xe, 0xf2, 0x0, 0x0, 0x0, 0x0, 0x5d, 0x60,
    0x0, 0x0, 0x0, 0x0, 0x0, 0x0, 0x0, 0x0,
    0x0, 0x2a, 0xef, 0xea, 0x20, 0x0, 0x2, 0xef,
    0xdb, 0xdf, 0xe1, 0x0, 0x8, 0xf9, 0x0, 0xa,
    0xf7, 0x0, 0x0, 0x21, 0x0, 0x5, 0xfa, 0x0,
    0x0, 0x9e, 0xff, 0xff, 0xfa, 0x0, 0xb, 0xfd,
    0x99, 0x9b, 0xfa, 0x0, 0x1f, 0xf1, 0x0, 0x7,
    0xfa, 0x0, 0x1f, 0xf2, 0x0, 0x2e, 0xfa, 0x0,
    0xa, 0xff, 0xbc, 0xfa, 0xff, 0xb0, 0x0, 0x8e,
    0xfe, 0x80, 0x9f, 0xf1,

    /* U+00E2 "â" */
    0x0, 0x1, 0xef, 0xf4, 0x0, 0x0, 0x0, 0xc,
    0xf6, 0xee, 0x20, 0x0, 0x0, 0x9f, 0x80, 0x4f,
    0xd0, 0x0, 0x0, 0x0, 0x0, 0x0, 0x0, 0x0,
    0x0, 0x2a, 0xef, 0xea, 0x20, 0x0, 0x2, 0xef,
    0xdb, 0xdf, 0xe1, 0x0, 0x8, 0xf9, 0x0, 0xa,
    0xf7, 0x0, 0x0, 0x21, 0x0, 0x5, 0xfa, 0x0,
    0x0, 0x9e, 0xff, 0xff, 0xfa, 0x0, 0xb, 0xfd,
    0x99, 0x9b, 0xfa, 0x0, 0x1f, 0xf1, 0x0, 0x7,
    0xfa, 0x0, 0x1f, 0xf2, 0x0, 0x2e, 0xfa, 0x0,
    0xa, 0xff, 0xbc, 0xfa, 0xff, 0xb0, 0x0, 0x8e,
    0xfe, 0x80, 0x9f, 0xf1,

    /* U+00E3 "ã" */
    0x0, 0xb, 0xf7, 0x7, 0x70, 0x0, 0x0, 0x7f,
    0xaf, 0xaf, 0x90, 0x0, 0x0, 0x48, 0x5, 0xec,
    0x10, 0x0, 0x0, 0x0, 0x0, 0x0, 0x0, 0x0,
    0x0, 0x2a, 0xef, 0xea, 0x20, 0x0, 0x2, 0xef,
    0xdb, 0xdf, 0xe1, 0x0, 0x8, 0xf9, 0x0, 0xa,
    0xf7, 0x0, 0x0, 0x21, 0x0, 0x5, 0xfa, 0x0,
    0x0, 0x9e, 0xff, 0xff, 0xfa, 0x0, 0xb, 0xfd,
    0x99, 0x9b, 0xfa, 0x0, 0x1f, 0xf1, 0x0, 0x7,
    0xfa, 0x0, 0x1f, 0xf2, 0x0, 0x2e, 0xfa, 0x0,
    0xa, 0xff, 0xbc, 0xfa, 0xff, 0xb0, 0x0, 0x8e,
    0xfe, 0x80, 0x9f, 0xf1,

    /* U+00E4 "ä" */
    0x0, 0x6f, 0xa0, 0x7f, 0xa0, 0x0, 0x0, 0xbf,
    0xf0, 0xcf, 0xf0, 0x0, 0x0, 0x3b, 0x70, 0x4b,
    0x60, 0x0, 0x0, 0x0, 0x0, 0x0, 0x0, 0x0,
    0x0, 0x2a, 0xef, 0xea, 0x20, 0x0, 0x2, 0xef,
    0xdb, 0xdf, 0xe1, 0x0, 0x8, 0xf9, 0x0, 0xa,
    0xf7, 0x0, 0x0, 0x21, 0x0, 0x5, 0xfa, 0x0,
    0x0, 0x9e, 0xff, 0xff, 0xfa, 0x0, 0xb, 0xfd,
    0x99, 0x9b, 0xfa, 0x0, 0x1f, 0xf1, 0x0, 0x7,
    0xfa, 0x0, 0x1f, 0xf2, 0x0, 0x2e, 0xfa, 0x0,
    0xa, 0xff, 0xbc, 0xfa, 0xff, 0xb0, 0x0, 0x8e,
    0xfe, 0x80, 0x9f, 0xf1,

    /* U+00E5 "å" */
    0x0, 0x0, 0x0, 0x0, 0x0, 0x0, 0x0, 0x0,
    0xaf, 0xc1, 0x0, 0x0, 0x0, 0x4, 0xf4, 0xd9,
    0x0, 0x0, 0x0, 0x5, 0xf1, 0xc9, 0x0, 0x0,
    0x0, 0x0, 0xcf, 0xe2, 0x0, 0x0, 0x0, 0x0,
    0x2, 0x0, 0x0, 0x0, 0x0, 0x2a, 0xef, 0xea,
    0x20, 0x0, 0x2, 0xef, 0xdb, 0xdf, 0xe1, 0x0,
    0x8, 0xf9, 0x0, 0xa, 0xf7, 0x0, 0x0, 0x21,
    0x0, 0x5, 0xfa, 0x0, 0x0, 0x9e, 0xff, 0xff,
    0xfa, 0x0, 0xb, 0xfd, 0x99, 0x9b, 0xfa, 0x0,
    0x1f, 0xf1, 0x0, 0x7, 0xfa, 0x0, 0x1f, 0xf2,
    0x0, 0x2e, 0xfa, 0x0, 0xa, 0xff, 0xbc, 0xfa,
    0xff, 0xb0, 0x0, 0x8e, 0xfe, 0x80, 0x9f, 0xf1,

    /* U+00E6 "æ" */
    0x0, 0x2a, 0xef, 0xea, 0x10, 0x8e, 0xfe, 0x91,
    0x0, 0x2, 0xff, 0xdb, 0xdf, 0xed, 0xfd, 0xbe,
    0xfd, 0x10, 0x9, 0xf8, 0x0, 0x9, 0xff, 0x70,
    0x0, 0x9f, 0x90, 0x0, 0x20, 0x0, 0x3, 0xfe,
    0x0, 0x0, 0x1f, 0xe0, 0x0, 0x8d, 0xff, 0xff,
    0xff, 0xff, 0xff, 0xff, 0xf0, 0xb, 0xfd, 0x99,
    0x9a, 0xfe, 0x99, 0x99, 0x99, 0x90, 0x1f, 0xf0,
    0x0, 0x6, 0xff, 0x0, 0x0, 0x1, 0x0, 0x1f,
    0xf3, 0x0, 0x2e, 0xff, 0xa0, 0x0, 0x7f, 0x60,
    0xa, 0xff, 0xdd, 0xff, 0x4b, 0xff, 0xce, 0xff,
    0x30, 0x0, 0x7d, 0xff, 0xb3, 0x0, 0x7d, 0xff,
    0xb2, 0x0,

    /* U+00E7 "ç" */
    0x0, 0x6c, 0xff, 0xd7, 0x0, 0xa, 0xff, 0xed,
    0xff, 0xc0, 0x6f, 0xe4, 0x0, 0x1d, 0xf8, 0xcf,
    0x60, 0x0, 0x4, 0xfa, 0xef, 0x20, 0x0, 0x0,
    0x0, 0xef, 0x20, 0x0, 0x0, 0x0, 0xcf, 0x60,
    0x0, 0x3, 0xfa, 0x6f, 0xe4, 0x0, 0x1c, 0xf8,
    0xa, 0xff, 0xed, 0xff, 0xc0, 0x0, 0x6c, 0xff,
    0xd8, 0x0, 0x0, 0x0, 0xae, 0x40, 0x0, 0x0,
    0x0, 0x48, 0xf6, 0x0, 0x0, 0x7, 0x66, 0xf8,
    0x0, 0x0, 0xb, 0xff, 0xb1, 0x0,

    /* U+00E8 "è" */
    0x0, 0x4f, 0xe1, 0x0, 0x0, 0x0, 0x9, 0xf8,
    0x0, 0x0, 0x0, 0x0, 0xbc, 0x0, 0x0, 0x0,
    0x0, 0x0, 0x0, 0x0, 0x0, 0x6c, 0xff, 0xc5,
    0x0, 0xb, 0xff, 0xdd, 0xff, 0x80, 0x6f, 0xd2,
    0x0, 0x3e, 0xf3, 0xcf, 0x40, 0x0, 0x7, 0xf9,
    0xef, 0xff, 0xff, 0xff, 0xfb, 0xef, 0xa9, 0x99,
    0x99, 0x96, 0xcf, 0x50, 0x0, 0x2, 0x10, 0x6f,
    0xe3, 0x0, 0x1d, 0xf3, 0xa, 0xff, 0xdd, 0xff,
    0xa0, 0x0, 0x6c, 0xff, 0xd7, 0x0,

    /* U+00E9 "é" */
    0x0, 0x0, 0x2f, 0xf3, 0x0, 0x0, 0x0, 0xaf,
    0x70, 0x0, 0x0, 0x1, 0xda, 0x0, 0x0, 0x0,
    0x0, 0x0, 0x0, 0x0, 0x0, 0x6c, 0xff, 0xc5,
    0x0, 0xb, 0xff, 0xdd, 0xff, 0x80, 0x6f, 0xd2,
    0x0, 0x3e, 0xf3, 0xcf, 0x40, 0x0, 0x7, 0xf9,
    0xef, 0xff, 0xff, 0xff, 0xfb, 0xef, 0xa9, 0x99,
    0x99, 0x96, 0xcf, 0x50, 0x0, 0x2, 0x10, 0x6f,
    0xe3, 0x0, 0x1d, 0xf3, 0xa, 0xff, 0xdd, 0xff,
    0xa0, 0x0, 0x6c, 0xff, 0xd7, 0x0,

    /* U+00EA "ê" */
    0x0, 0xa, 0xff, 0x90, 0x0, 0x0, 0x7f, 0xab,
    0xf6, 0x0, 0x4, 0xfd, 0x1, 0xdf, 0x30, 0x0,
    0x0, 0x0, 0x0, 0x0, 0x0, 0x6c, 0xff, 0xc5,
    0x0, 0xb, 0xff, 0xdd, 0xff, 0x80, 0x6f, 0xd2,
    0x0, 0x3e, 0xf3, 0xcf, 0x40, 0x0, 0x7, 0xf9,
    0xef, 0xff, 0xff, 0xff, 0xfb, 0xef, 0xa9, 0x99,
    0x99, 0x96, 0xcf, 0x50, 0x0, 0x2, 0x10, 0x6f,
    0xe3, 0x0, 0x1d, 0xf3, 0xa, 0xff, 0xdd, 0xff,
    0xa0, 0x0, 0x6c, 0xff, 0xd7, 0x0,

    /* U+00EB "ë" */
    0x2, 0xee, 0x22, 0xed, 0x10, 0x6, 0xff, 0x67,
    0xff, 0x50, 0x1, 0xaa, 0x1, 0xaa, 0x0, 0x0,
    0x0, 0x0, 0x0, 0x0, 0x0, 0x6c, 0xff, 0xc5,
    0x0, 0xb, 0xff, 0xdd, 0xff, 0x80, 0x6f, 0xd2,
    0x0, 0x3e, 0xf3, 0xcf, 0x40, 0x0, 0x7, 0xf9,
    0xef, 0xff, 0xff, 0xff, 0xfb, 0xef, 0xa9, 0x99,
    0x99, 0x96, 0xcf, 0x50, 0x0, 0x2, 0x10, 0x6f,
    0xe3, 0x0, 0x1d, 0xf3, 0xa, 0xff, 0xdd, 0xff,
    0xa0, 0x0, 0x6c, 0xff, 0xd7, 0x0,

    /* U+00EC "ì" */
    0xa, 0xf9, 0x0, 0x1e, 0xf2, 0x0, 0x4d, 0x80,
    0x0, 0x0, 0x0, 0x7f, 0x90, 0x7, 0xf9, 0x0,
    0x7f, 0x90, 0x7, 0xf9, 0x0, 0x7f, 0x90, 0x7,
    0xf9, 0x0, 0x7f, 0x90, 0x7, 0xf9, 0x0, 0x7f,
    0x90, 0x7, 0xf9,

    /* U+00ED "í" */
    0x8, 0xfc, 0x1, 0xff, 0x20, 0x6d, 0x50, 0x0,
    0x0, 0x0, 0x7f, 0x90, 0x7, 0xf9, 0x0, 0x7f,
    0x90, 0x7, 0xf9, 0x0, 0x7f, 0x90, 0x7, 0xf9,
    0x0, 0x7f, 0x90, 0x7, 0xf9, 0x0, 0x7f, 0x90,
    0x7, 0xf9, 0x0,

    /* U+00EE "î" */
    0x0, 0x2f, 0xff, 0x30, 0x0, 0x1e, 0xf6, 0xee,
    0x20, 0x9, 0xd5, 0x3, 0xda, 0x0, 0x0, 0x0,
    0x0, 0x0, 0x0, 0x7, 0xf9, 0x0, 0x0, 0x0,
    0x7f, 0x90, 0x0, 0x0, 0x7, 0xf9, 0x0, 0x0,
    0x0, 0x7f, 0x90, 0x0, 0x0, 0x7, 0xf9, 0x0,
    0x0, 0x0, 0x7f, 0x90, 0x0, 0x0, 0x7, 0xf9,
    0x0, 0x0, 0x0, 0x7f, 0x90, 0x0, 0x0, 0x7,
    0xf9, 0x0, 0x0, 0x0, 0x7f, 0x90, 0x0,

    /* U+00EF "ï" */
    0x7f, 0xa0, 0x8f, 0x9c, 0xff, 0xd, 0xfe, 0x4b,
    0x60, 0x5b, 0x50, 0x0, 0x0, 0x0, 0x0, 0x7f,
    0x90, 0x0, 0x7, 0xf9, 0x0, 0x0, 0x7f, 0x90,
    0x0, 0x7, 0xf9, 0x0, 0x0, 0x7f, 0x90, 0x0,
    0x7, 0xf9, 0x0, 0x0, 0x7f, 0x90, 0x0, 0x7,
    0xf9, 0x0, 0x0, 0x7f, 0x90, 0x0, 0x7, 0xf9,
    0x0,

    /* U+00F0 "ð" */
    0x0, 0x0, 0x0, 0x0, 0x0, 0x0, 0x0, 0x89,
    0x4e, 0x30, 0x0, 0x0, 0xd, 0xff, 0xe0, 0x0,
    0x0, 0x0, 0xb, 0xff, 0xb0, 0x0, 0x0, 0x1,
    0xf5, 0xbf, 0x80, 0x0, 0x0, 0x1, 0x0, 0xdf,
    0x30, 0x0, 0x7d, 0xfe, 0x96, 0xfa, 0x0, 0xbf,
    0xfc, 0xbf, 0xef, 0xe0, 0x6f, 0xe2, 0x0, 0xb,
    0xff, 0x2c, 0xf5, 0x0, 0x0, 0x1f, 0xf3, 0xef,
    0x10, 0x0, 0x0, 0xdf, 0x4e, 0xf2, 0x0, 0x0,
    0xd, 0xf3, 0xcf, 0x60, 0x0, 0x2, 0xff, 0x5,
    0xff, 0x40, 0x1, 0xcf, 0x90, 0x9, 0xff, 0xed,
    0xff, 0xd1, 0x0, 0x5, 0xcf, 0xfd, 0x80, 0x0,

    /* U+00F1 "ñ" */
    0x0, 0x4e, 0xc0, 0x9, 0x0, 0x0, 0xdd, 0xd9,
    0x5f, 0x40, 0x1, 0xc3, 0x2f, 0xfc, 0x0, 0x0,
    0x0, 0x3, 0x81, 0x0, 0x7f, 0x84, 0xcf, 0xfb,
    0x20, 0x7f, 0xcf, 0xb9, 0xcf, 0xf2, 0x7f, 0xf5,
    0x0, 0xa, 0xf9, 0x7f, 0xc0, 0x0, 0x4, 0xfd,
    0x7f, 0x90, 0x0, 0x3, 0xfd, 0x7f, 0x90, 0x0,
    0x3, 0xfd, 0x7f, 0x90, 0x0, 0x3, 0xfd, 0x7f,
    0x90, 0x0, 0x3, 0xfd, 0x7f, 0x90, 0x0, 0x3,
    0xfd, 0x7f, 0x90, 0x0, 0x3, 0xfd,

    /* U+00F2 "ò" */
    0x0, 0x2f, 0xf3, 0x0, 0x0, 0x0, 0x0, 0x5f,
    0xb0, 0x0, 0x0, 0x0, 0x0, 0x9d, 0x20, 0x0,
    0x0, 0x0, 0x0, 0x0, 0x0, 0x0, 0x0, 0x6c,
    0xff, 0xd8, 0x10, 0x0, 0xaf, 0xfe, 0xdf, 0xfd,
    0x10, 0x6f, 0xe4, 0x0, 0x1c, 0xfb, 0xc, 0xf6,
    0x0, 0x0, 0x1f, 0xf1, 0xef, 0x20, 0x0, 0x0,
    0xdf, 0x3e, 0xf2, 0x0, 0x0, 0xd, 0xf3, 0xcf,
    0x60, 0x0, 0x1, 0xff, 0x16, 0xfe, 0x30, 0x1,
    0xcf, 0xb0, 0xa, 0xff, 0xed, 0xff, 0xe1, 0x0,
    0x6, 0xcf, 0xfd, 0x81, 0x0,

    /* U+00F3 "ó" */
    0x0, 0x0, 0xe, 0xf6, 0x0, 0x0, 0x0, 0x7,
    0xfa, 0x0, 0x0, 0x0, 0x0, 0xbc, 0x10, 0x0,
    0x0, 0x0, 0x0, 0x0, 0x0, 0x0, 0x0, 0x6c,
    0xff, 0xd8, 0x10, 0x0, 0xaf, 0xfe, 0xdf, 0xfd,
    0x10, 0x6f, 0xe4, 0x0, 0x1c, 0xfb, 0xc, 0xf6,
    0x0, 0x0, 0x1f, 0xf1, 0xef, 0x20, 0x0, 0x0,
    0xdf, 0x3e, 0xf2, 0x0, 0x0, 0xd, 0xf3, 0xcf,
    0x60, 0x0, 0x1, 0xff, 0x16, 0xfe, 0x30, 0x1,
    0xcf, 0xb0, 0xa, 0xff, 0xed, 0xff, 0xe1, 0x0,
    0x6, 0xcf, 0xfd, 0x81, 0x0,

    /* U+00F4 "ô" */
    0x0, 0x7, 0xff, 0xc0, 0x0, 0x0, 0x4, 0xfc,
    0x9f, 0x90, 0x0, 0x2, 0xfe, 0x10, 0xbf, 0x60,
    0x0, 0x0, 0x0, 0x0, 0x0, 0x0, 0x0, 0x6c,
    0xff, 0xd8, 0x10, 0x0, 0xaf, 0xfe, 0xdf, 0xfd,
    0x10, 0x6f, 0xe4, 0x0, 0x1c, 0xfb, 0xc, 0xf6,
    0x0, 0x0, 0x1f, 0xf1, 0xef, 0x20, 0x0, 0x0,
    0xdf, 0x3e, 0xf2, 0x0, 0x0, 0xd, 0xf3, 0xcf,
    0x60, 0x0, 0x1, 0xff, 0x16, 0xfe, 0x30, 0x1,
    0xcf, 0xb0, 0xa, 0xff, 0xed, 0xff, 0xe1, 0x0,
    0x6, 0xcf, 0xfd, 0x81, 0x0,

    /* U+00F5 "õ" */
    0x0, 0x4e, 0xd2, 0xb, 0x20, 0x0, 0xe, 0xdc,
    0xeb, 0xf2, 0x0, 0x0, 0x92, 0xb, 0xf7, 0x0,
    0x0, 0x0, 0x0, 0x0, 0x0, 0x0, 0x0, 0x6c,
    0xff, 0xd8, 0x10, 0x0, 0xaf, 0xfe, 0xdf, 0xfd,
    0x10, 0x6f, 0xe4, 0x0, 0x1c, 0xfb, 0xc, 0xf6,
    0x0, 0x0, 0x1f, 0xf1, 0xef, 0x20, 0x0, 0x0,
    0xdf, 0x3e, 0xf2, 0x0, 0x0, 0xd, 0xf3, 0xcf,
    0x60, 0x0, 0x1, 0xff, 0x16, 0xfe, 0x30, 0x1,
    0xcf, 0xb0, 0xa, 0xff, 0xed, 0xff, 0xe1, 0x0,
    0x6, 0xcf, 0xfd, 0x81, 0x0,

    /* U+00F6 "ö" */
    0x0, 0xcf, 0x41, 0xde, 0x30, 0x0, 0x3f, 0xf8,
    0x4f, 0xf7, 0x0, 0x0, 0x9b, 0x20, 0x9a, 0x10,
    0x0, 0x0, 0x0, 0x0, 0x0, 0x0, 0x0, 0x6c,
    0xff, 0xd8, 0x10, 0x0, 0xaf, 0xfe, 0xdf, 0xfd,
    0x10, 0x6f, 0xe4, 0x0, 0x1c, 0xfb, 0xc, 0xf6,
    0x0, 0x0, 0x1f, 0xf1, 0xef, 0x20, 0x0, 0x0,
    0xdf, 0x3e, 0xf2, 0x0, 0x0, 0xd, 0xf3, 0xcf,
    0x60, 0x0, 0x1, 0xff, 0x16, 0xfe, 0x30, 0x1,
    0xcf, 0xb0, 0xa, 0xff, 0xed, 0xff, 0xe1, 0x0,
    0x6, 0xcf, 0xfd, 0x81, 0x0,

    /* U+00F7 "÷" */
    0x0, 0xc, 0xf4, 0x0, 0x0, 0x4, 0xff, 0xb0,
    0x0, 0x0, 0xc, 0xe4, 0x0, 0x0, 0x0, 0x0,
    0x0, 0x0, 0xff, 0xff, 0xff, 0xff, 0x6d, 0xdd,
    0xdd, 0xdd, 0xd5, 0x0, 0x0, 0x0, 0x0, 0x0,
    0x0, 0xcf, 0x40, 0x0, 0x0, 0x4f, 0xfb, 0x0,
    0x0, 0x0, 0xcf, 0x40, 0x0,

    /* U+00F8 "ø" */
    0x0, 0x0, 0x0, 0x2, 0xb1, 0x0, 0x6, 0xcf,
    0xfd, 0xde, 0x0, 0xa, 0xff, 0xed, 0xff, 0xe1,
    0x6, 0xfe, 0x40, 0x1f, 0xff, 0xb0, 0xcf, 0x60,
    0xb, 0xe2, 0xff, 0x1e, 0xf2, 0x5, 0xf5, 0xd,
    0xf3, 0xef, 0x21, 0xea, 0x0, 0xdf, 0x3c, 0xf6,
    0xaf, 0x10, 0x1f, 0xf1, 0x6f, 0xff, 0x60, 0x1c,
    0xfb, 0x0, 0xaf, 0xfe, 0xdf, 0xfe, 0x10, 0x9,
    0xfc, 0xff, 0xd8, 0x10, 0x0, 0xa6, 0x0, 0x0,
    0x0, 0x0, 0x0, 0x0, 0x0, 0x0, 0x0, 0x0,

    /* U+00F9 "ù" */
    0x0, 0x2f, 0xf2, 0x0, 0x0, 0x0, 0x6, 0xfa,
    0x0, 0x0, 0x0, 0x0, 0xac, 0x20, 0x0, 0x0,
    0x0, 0x0, 0x0, 0x0, 0x9f, 0x70, 0x0, 0x4,
    0xfc, 0x9f, 0x70, 0x0, 0x4, 0xfc, 0x9f, 0x70,
    0x0, 0x4, 0xfc, 0x9f, 0x70, 0x0, 0x4, 0xfc,
    0x9f, 0x70, 0x0, 0x4, 0xfc, 0x9f, 0x70, 0x0,
    0x5, 0xfc, 0x8f, 0x90, 0x0, 0x8, 0xfc, 0x5f,
    0xe2, 0x0, 0x3f, 0xfc, 0xc, 0xff, 0xcd, 0xfa,
    0xfc, 0x0, 0x9e, 0xfd, 0x64, 0xfc,

    /* U+00FA "ú" */
    0x0, 0x0, 0xe, 0xf5, 0x0, 0x0, 0x0, 0x8f,
    0x90, 0x0, 0x0, 0x0, 0xcc, 0x0, 0x0, 0x0,
    0x0, 0x0, 0x0, 0x0, 0x9f, 0x70, 0x0, 0x4,
    0xfc, 0x9f, 0x70, 0x0, 0x4, 0xfc, 0x9f, 0x70,
    0x0, 0x4, 0xfc, 0x9f, 0x70, 0x0, 0x4, 0xfc,
    0x9f, 0x70, 0x0, 0x4, 0xfc, 0x9f, 0x70, 0x0,
    0x5, 0xfc, 0x8f, 0x90, 0x0, 0x8, 0xfc, 0x5f,
    0xe2, 0x0, 0x3f, 0xfc, 0xc, 0xff, 0xcd, 0xfa,
    0xfc, 0x0, 0x9e, 0xfd, 0x64, 0xfc,

    /* U+00FB "û" */
    0x0, 0x9, 0xff, 0xb0, 0x0, 0x0, 0x7f, 0xb9,
    0xf9, 0x0, 0x3, 0xcb, 0x0, 0xad, 0x40, 0x0,
    0x0, 0x0, 0x0, 0x0, 0x9f, 0x70, 0x0, 0x4,
    0xfc, 0x9f, 0x70, 0x0, 0x4, 0xfc, 0x9f, 0x70,
    0x0, 0x4, 0xfc, 0x9f, 0x70, 0x0, 0x4, 0xfc,
    0x9f, 0x70, 0x0, 0x4, 0xfc, 0x9f, 0x70, 0x0,
    0x5, 0xfc, 0x8f, 0x90, 0x0, 0x8, 0xfc, 0x5f,
    0xe2, 0x0, 0x3f, 0xfc, 0xc, 0xff, 0xcd, 0xfa,
    0xfc, 0x0, 0x9e, 0xfd, 0x64, 0xfc,

    /* U+00FC "ü" */
    0x1, 0xde, 0x31, 0xde, 0x20, 0x4, 0xff, 0x85,
    0xff, 0x70, 0x0, 0x9b, 0x10, 0x9a, 0x10, 0x0,
    0x0, 0x0, 0x0, 0x0, 0x9f, 0x70, 0x0, 0x4,
    0xfc, 0x9f, 0x70, 0x0, 0x4, 0xfc, 0x9f, 0x70,
    0x0, 0x4, 0xfc, 0x9f, 0x70, 0x0, 0x4, 0xfc,
    0x9f, 0x70, 0x0, 0x4, 0xfc, 0x9f, 0x70, 0x0,
    0x5, 0xfc, 0x8f, 0x90, 0x0, 0x8, 0xfc, 0x5f,
    0xe2, 0x0, 0x3f, 0xfc, 0xc, 0xff, 0xcd, 0xfa,
    0xfc, 0x0, 0x9e, 0xfd, 0x64, 0xfc,

    /* U+00FD "ý" */
    0x0, 0x0, 0xe, 0xf5, 0x0, 0x0, 0x0, 0x8f,
    0x90, 0x0, 0x0, 0x0, 0xcc, 0x0, 0x0, 0x0,
    0x0, 0x0, 0x0, 0x0, 0x9f, 0x70, 0x0, 0x4,
    0xfc, 0x9f, 0x70, 0x0, 0x4, 0xfc, 0x9f, 0x70,
    0x0, 0x4, 0xfc, 0x9f, 0x70, 0x0, 0x4, 0xfc,
    0x9f, 0x70, 0x0, 0x4, 0xfc, 0x9f, 0x70, 0x0,
    0x5, 0xfc, 0x8f, 0x90, 0x0, 0x8, 0xfc, 0x5f,
    0xe2, 0x0, 0x3f, 0xfc, 0xc, 0xff, 0xcd, 0xfb,
    0xfc, 0x0, 0x9e, 0xfd, 0x64, 0xfc, 0x0, 0x0,
    0x0, 0x4, 0xfc, 0x0, 0x0, 0x0, 0x4, 0xfc,
    0x4, 0xcc, 0xcc, 0xce, 0xfb, 0x5, 0xff, 0xff,
    0xff, 0xd3,

    /* U+00FE "þ" */
    0x7f, 0x90, 0x0, 0x0, 0x0, 0x7, 0xf9, 0x0,
    0x0, 0x0, 0x0, 0x7f, 0x90, 0x0, 0x0, 0x0,
    0x7, 0xf9, 0x0, 0x0, 0x0, 0x0, 0x7f, 0x91,
    0xaf, 0xfd, 0x60, 0x7, 0xfa, 0xdf, 0xde, 0xff,
    0x90, 0x7f, 0xf9, 0x0, 0x5, 0xff, 0x47, 0xfd,
    0x0, 0x0, 0x9, 0xf9, 0x7f, 0x90, 0x0, 0x0,
    0x5f, 0xb7, 0xf9, 0x0, 0x0, 0x5, 0xfb, 0x7f,
    0xd0, 0x0, 0x0, 0x9f, 0x97, 0xff, 0x90, 0x0,
    0x5f, 0xf4, 0x7f, 0xff, 0xfc, 0xef, 0xf9, 0x7,
    0xf9, 0x6c, 0xff, 0xd6, 0x0, 0x7f, 0x90, 0x0,
    0x0, 0x0, 0x7, 0xf9, 0x0, 0x0, 0x0, 0x0,
    0x7f, 0x90, 0x0, 0x0, 0x0, 0x7, 0xf9, 0x0,
    0x0, 0x0, 0x0,

    /* U+00FF "ÿ" */
    0x1, 0xde, 0x31, 0xde, 0x20, 0x4, 0xff, 0x85,
    0xff, 0x70, 0x0, 0x9b, 0x10, 0x9a, 0x10, 0x0,
    0x0, 0x0, 0x0, 0x0, 0x9f, 0x70, 0x0, 0x4,
    0xfc, 0x9f, 0x70, 0x0, 0x4, 0xfc, 0x9f, 0x70,
    0x0, 0x4, 0xfc, 0x9f, 0x70, 0x0, 0x4, 0xfc,
    0x9f, 0x70, 0x0, 0x4, 0xfc, 0x9f, 0x70, 0x0,
    0x5, 0xfc, 0x8f, 0x90, 0x0, 0x8, 0xfc, 0x5f,
    0xe2, 0x0, 0x3f, 0xfc, 0xc, 0xff, 0xcd, 0xfb,
    0xfc, 0x0, 0x9e, 0xfd, 0x64, 0xfc, 0x0, 0x0,
    0x0, 0x4, 0xfc, 0x0, 0x0, 0x0, 0x4, 0xfc,
    0x4, 0xcc, 0xcc, 0xce, 0xfb, 0x5, 0xff, 0xff,
    0xff, 0xd3,

    /* U+2018 "‘" */
    0x5e, 0xe0, 0xca, 0x20, 0xe6, 0x0, 0xef, 0xc1,
    0xdf, 0xf5, 0x6f, 0xc1,

    /* U+2019 "’" */
    0x6f, 0xc1, 0xdf, 0xf5, 0x7f, 0xf5, 0x1, 0xf5,
    0x7f, 0xe1, 0x12, 0x0,

    /* U+201A "‚" */
    0x6f, 0xc1, 0xdf, 0xf5, 0x7f, 0xf5, 0x0, 0xf5,
    0x7f, 0xe1, 0x12, 0x0,

    /* U+201C "“" */
    0x5e, 0xe0, 0x5e, 0xd0, 0xca, 0x20, 0xd9, 0x20,
    0xe6, 0x0, 0xf5, 0x0, 0xef, 0xc1, 0xff, 0xc0,
    0xdf, 0xf5, 0xef, 0xf4, 0x6f, 0xc1, 0x7f, 0xc0,

    /* U+201D "”" */
    0x6f, 0xc1, 0x7f, 0xc0, 0xdf, 0xf5, 0xef, 0xf4,
    0x7f, 0xf5, 0x7f, 0xf4, 0x1, 0xf5, 0x1, 0xf4,
    0x7f, 0xe1, 0x8f, 0xd0, 0x12, 0x0, 0x12, 0x0,

    /* U+2022 "•" */
    0x0, 0x21, 0x0, 0x2d, 0xff, 0x90, 0xaf, 0xff,
    0xf4, 0xdf, 0xff, 0xf6, 0x9f, 0xff, 0xf3, 0xa,
    0xfe, 0x60,

    /* U+2026 "…" */
    0x2, 0x10, 0x0, 0x30, 0x0, 0x12, 0x9, 0xff,
    0x20, 0xef, 0xb0, 0x4f, 0xf6, 0xdf, 0xf6, 0x3f,
    0xff, 0x9, 0xff, 0xa6, 0xfc, 0x10, 0xbf, 0x80,
    0x2e, 0xe3
};


/*---------------------
 *  GLYPH DESCRIPTION
 *--------------------*/

static const lv_font_fmt_txt_glyph_dsc_t glyph_dsc[] = {
    {.bitmap_index = 0, .adv_w = 0, .box_w = 0, .box_h = 0, .ofs_x = 0, .ofs_y = 0} /* id = 0 reserved */,
    {.bitmap_index = 0, .adv_w = 82, .box_w = 0, .box_h = 0, .ofs_x = 0, .ofs_y = 0},
    {.bitmap_index = 0, .adv_w = 88, .box_w = 4, .box_h = 14, .ofs_x = 1, .ofs_y = 0},
    {.bitmap_index = 28, .adv_w = 150, .box_w = 8, .box_h = 6, .ofs_x = 1, .ofs_y = 8},
    {.bitmap_index = 52, .adv_w = 202, .box_w = 12, .box_h = 14, .ofs_x = 0, .ofs_y = 0},
    {.bitmap_index = 136, .adv_w = 195, .box_w = 12, .box_h = 19, .ofs_x = 0, .ofs_y = -2},
    {.bitmap_index = 250, .adv_w = 245, .box_w = 15, .box_h = 16, .ofs_x = 0, .ofs_y = -1},
    {.bitmap_index = 370, .adv_w = 191, .box_w = 12, .box_h = 14, .ofs_x = 0, .ofs_y = 0},
    {.bitmap_index = 454, .adv_w = 87, .box_w = 4, .box_h = 6, .ofs_x = 1, .ofs_y = 8},
    {.bitmap_index = 466, .adv_w = 124, .box_w = 7, .box_h = 20, .ofs_x = 1, .ofs_y = -5},
    {.bitmap_index = 536, .adv_w = 123, .box_w = 7, .box_h = 20, .ofs_x = 0, .ofs_y = -5},
    {.bitmap_index = 606, .adv_w = 170, .box_w = 10, .box_h = 9, .ofs_x = 0, .ofs_y = 5},
    {.bitmap_index = 651, .adv_w = 198, .box_w = 9, .box_h = 9, .ofs_x = 2, .ofs_y = 3},
    {.bitmap_index = 692, .adv_w = 87, .box_w = 4, .box_h = 6, .ofs_x = 1, .ofs_y = -3},
    {.bitmap_index = 704, .adv_w = 142, .box_w = 7, .box_h = 2, .ofs_x = 1, .ofs_y = 4},
    {.bitmap_index = 711, .adv_w = 88, .box_w = 4, .box_h = 4, .ofs_x = 1, .ofs_y = 0},
    {.bitmap_index = 719, .adv_w = 121, .box_w = 9, .box_h = 18, .ofs_x = -1, .ofs_y = -4},
    {.bitmap_index = 800, .adv_w = 206, .box_w = 11, .box_h = 14, .ofs_x = 1, .ofs_y = 0},
    {.bitmap_index = 877, .adv_w = 139, .box_w = 8, .box_h = 14, .ofs_x = 0, .ofs_y = 0},
    {.bitmap_index = 933, .adv_w = 191, .box_w = 12, .box_h = 14, .ofs_x = 0, .ofs_y = 0},
    {.bitmap_index = 1017, .adv_w = 194, .box_w = 12, .box_h = 14, .ofs_x = 0, .ofs_y = 0},
    {.bitmap_index = 1101, .adv_w = 202, .box_w = 13, .box_h = 14, .ofs_x = 0, .ofs_y = 0},
    {.bitmap_index = 1192, .adv_w = 192, .box_w = 12, .box_h = 14, .ofs_x = 0, .ofs_y = 0},
    {.bitmap_index = 1276, .adv_w = 197, .box_w = 11, .box_h = 14, .ofs_x = 1, .ofs_y = 0},
    {.bitmap_index = 1353, .adv_w = 179, .box_w = 11, .box_h = 14, .ofs_x = 0, .ofs_y = 0},
    {.bitmap_index = 1430, .adv_w = 196, .box_w = 12, .box_h = 14, .ofs_x = 0, .ofs_y = 0},
    {.bitmap_index = 1514, .adv_w = 197, .box_w = 12, .box_h = 14, .ofs_x = 0, .ofs_y = 0},
    {.bitmap_index = 1598, .adv_w = 88, .box_w = 4, .box_h = 10, .ofs_x = 1, .ofs_y = 0},
    {.bitmap_index = 1618, .adv_w = 88, .box_w = 4, .box_h = 13, .ofs_x = 1, .ofs_y = -3},
    {.bitmap_index = 1644, .adv_w = 198, .box_w = 9, .box_h = 10, .ofs_x = 2, .ofs_y = 2},
    {.bitmap_index = 1689, .adv_w = 198, .box_w = 9, .box_h = 5, .ofs_x = 2, .ofs_y = 5},
    {.bitmap_index = 1712, .adv_w = 198, .box_w = 9, .box_h = 10, .ofs_x = 2, .ofs_y = 2},
    {.bitmap_index = 1757, .adv_w = 185, .box_w = 11, .box_h = 14, .ofs_x = 0, .ofs_y = 0},
    {.bitmap_index = 1834, .adv_w = 326, .box_w = 19, .box_h = 18, .ofs_x = 1, .ofs_y = -4},
    {.bitmap_index = 2005, .adv_w = 202, .box_w = 13, .box_h = 14, .ofs_x = 0, .ofs_y = 0},
    {.bitmap_index = 2096, .adv_w = 212, .box_w = 13, .box_h = 14, .ofs_x = 0, .ofs_y = 0},
    {.bitmap_index = 2187, .adv_w = 206, .box_w = 11, .box_h = 14, .ofs_x = 1, .ofs_y = 0},
    {.bitmap_index = 2264, .adv_w = 213, .box_w = 13, .box_h = 14, .ofs_x = 0, .ofs_y = 0},
    {.bitmap_index = 2355, .adv_w = 179, .box_w = 10, .box_h = 14, .ofs_x = 1, .ofs_y = 0},
    {.bitmap_index = 2425, .adv_w = 172, .box_w = 10, .box_h = 14, .ofs_x = 1, .ofs_y = 0},
    {.bitmap_index = 2495, .adv_w = 212, .box_w = 11, .box_h = 14, .ofs_x = 1, .ofs_y = 0},
    {.bitmap_index = 2572, .adv_w = 210, .box_w = 11, .box_h = 14, .ofs_x = 1, .ofs_y = 0},
    {.bitmap_index = 2649, .adv_w = 81, .box_w = 3, .box_h = 14, .ofs_x = 1, .ofs_y = 0},
    {.bitmap_index = 2670, .adv_w = 193, .box_w = 12, .box_h = 14, .ofs_x = 0, .ofs_y = 0},
    {.bitmap_index = 2754, .adv_w = 198, .box_w = 12, .box_h = 14, .ofs_x = 1, .ofs_y = 0},
    {.bitmap_index = 2838, .adv_w = 174, .box_w = 10, .box_h = 14, .ofs_x = 1, .ofs_y = 0},
    {.bitmap_index = 2908, .adv_w = 280, .box_w = 16, .box_h = 14, .ofs_x = 1, .ofs_y = 0},
    {.bitmap_index = 3020, .adv_w = 213, .box_w = 11, .box_h = 14, .ofs_x = 1, .ofs_y = 0},
    {.bitmap_index = 3097, .adv_w = 215, .box_w = 12, .box_h = 14, .ofs_x = 1, .ofs_y = 0},
    {.bitmap_index = 3181, .adv_w = 193, .box_w = 11, .box_h = 14, .ofs_x = 1, .ofs_y = 0},
    {.bitmap_index = 3258, .adv_w = 215, .box_w = 12, .box_h = 17, .ofs_x = 1, .ofs_y = -3},
    {.bitmap_index = 3360, .adv_w = 202, .box_w = 11, .box_h = 14, .ofs_x = 1, .ofs_y = 0},
    {.bitmap_index = 3437, .adv_w = 195, .box_w = 12, .box_h = 14, .ofs_x = 0, .ofs_y = 0},
    {.bitmap_index = 3521, .adv_w = 188, .box_w = 12, .box_h = 14, .ofs_x = 0, .ofs_y = 0},
    {.bitmap_index = 3605, .adv_w = 214, .box_w = 12, .box_h = 14, .ofs_x = 1, .ofs_y = 0},
    {.bitmap_index = 3689, .adv_w = 198, .box_w = 12, .box_h = 14, .ofs_x = 0, .ofs_y = 0},
    {.bitmap_index = 3773, .adv_w = 284, .box_w = 18, .box_h = 14, .ofs_x = 0, .ofs_y = 0},
    {.bitmap_index = 3899, .adv_w = 205, .box_w = 13, .box_h = 14, .ofs_x = 0, .ofs_y = 0},
    {.bitmap_index = 3990, .adv_w = 197, .box_w = 13, .box_h = 14, .ofs_x = 0, .ofs_y = 0},
    {.bitmap_index = 4081, .adv_w = 185, .box_w = 11, .box_h = 14, .ofs_x = 0, .ofs_y = 0},
    {.bitmap_index = 4158, .adv_w = 111, .box_w = 6, .box_h = 20, .ofs_x = 1, .ofs_y = -5},
    {.bitmap_index = 4218, .adv_w = 121, .box_w = 9, .box_h = 18, .ofs_x = -1, .ofs_y = -4},
    {.bitmap_index = 4299, .adv_w = 111, .box_w = 6, .box_h = 20, .ofs_x = 0, .ofs_y = -5},
    {.bitmap_index = 4359, .adv_w = 198, .box_w = 10, .box_h = 7, .ofs_x = 1, .ofs_y = 8},
    {.bitmap_index = 4394, .adv_w = 198, .box_w = 10, .box_h = 2, .ofs_x = 1, .ofs_y = -3},
    {.bitmap_index = 4404, .adv_w = 92, .box_w = 5, .box_h = 3, .ofs_x = 0, .ofs_y = 11},
    {.bitmap_index = 4412, .adv_w = 185, .box_w = 12, .box_h = 10, .ofs_x = 0, .ofs_y = 0},
    {.bitmap_index = 4472, .adv_w = 205, .box_w = 11, .box_h = 14, .ofs_x = 1, .ofs_y = 0},
    {.bitmap_index = 4549, .adv_w = 189, .box_w = 10, .box_h = 10, .ofs_x = 1, .ofs_y = 0},
    {.bitmap_index = 4599, .adv_w = 205, .box_w = 11, .box_h = 14, .ofs_x = 1, .ofs_y = 0},
    {.bitmap_index = 4676, .adv_w = 187, .box_w = 10, .box_h = 10, .ofs_x = 1, .ofs_y = 0},
    {.bitmap_index = 4726, .adv_w = 140, .box_w = 9, .box_h = 14, .ofs_x = 0, .ofs_y = 0},
    {.bitmap_index = 4789, .adv_w = 205, .box_w = 11, .box_h = 14, .ofs_x = 1, .ofs_y = -4},
    {.bitmap_index = 4866, .adv_w = 197, .box_w = 10, .box_h = 14, .ofs_x = 1, .ofs_y = 0},
    {.bitmap_index = 4936, .adv_w = 82, .box_w = 3, .box_h = 14, .ofs_x = 1, .ofs_y = 0},
    {.bitmap_index = 4957, .adv_w = 83, .box_w = 6, .box_h = 18, .ofs_x = -1, .ofs_y = -4},
    {.bitmap_index = 5011, .adv_w = 176, .box_w = 10, .box_h = 14, .ofs_x = 1, .ofs_y = 0},
    {.bitmap_index = 5081, .adv_w = 82, .box_w = 3, .box_h = 14, .ofs_x = 1, .ofs_y = 0},
    {.bitmap_index = 5102, .adv_w = 274, .box_w = 15, .box_h = 10, .ofs_x = 1, .ofs_y = 0},
    {.bitmap_index = 5177, .adv_w = 197, .box_w = 10, .box_h = 10, .ofs_x = 1, .ofs_y = 0},
    {.bitmap_index = 5227, .adv_w = 197, .box_w = 11, .box_h = 10, .ofs_x = 1, .ofs_y = 0},
    {.bitmap_index = 5282, .adv_w = 205, .box_w = 11, .box_h = 14, .ofs_x = 1, .ofs_y = -4},
    {.bitmap_index = 5359, .adv_w = 205, .box_w = 11, .box_h = 14, .ofs_x = 1, .ofs_y = -4},
    {.bitmap_index = 5436, .adv_w = 124, .box_w = 7, .box_h = 10, .ofs_x = 1, .ofs_y = 0},
    {.bitmap_index = 5471, .adv_w = 168, .box_w = 10, .box_h = 10, .ofs_x = 0, .ofs_y = 0},
    {.bitmap_index = 5521, .adv_w = 147, .box_w = 9, .box_h = 13, .ofs_x = 0, .ofs_y = 0},
    {.bitmap_index = 5580, .adv_w = 196, .box_w = 10, .box_h = 10, .ofs_x = 1, .ofs_y = 0},
    {.bitmap_index = 5630, .adv_w = 174, .box_w = 11, .box_h = 10, .ofs_x = 0, .ofs_y = 0},
    {.bitmap_index = 5685, .adv_w = 253, .box_w = 15, .box_h = 10, .ofs_x = 0, .ofs_y = 0},
    {.bitmap_index = 5760, .adv_w = 190, .box_w = 12, .box_h = 10, .ofs_x = 0, .ofs_y = 0},
    {.bitmap_index = 5820, .adv_w = 196, .box_w = 10, .box_h = 14, .ofs_x = 1, .ofs_y = -4},
    {.bitmap_index = 5890, .adv_w = 166, .box_w = 9, .box_h = 10, .ofs_x = 1, .ofs_y = 0},
    {.bitmap_index = 5935, .adv_w = 144, .box_w = 9, .box_h = 20, .ofs_x = 0, .ofs_y = -5},
    {.bitmap_index = 6025, .adv_w = 80, .box_w = 3, .box_h = 21, .ofs_x = 1, .ofs_y = -5},
    {.bitmap_index = 6057, .adv_w = 144, .box_w = 9, .box_h = 20, .ofs_x = 0, .ofs_y = -5},
    {.bitmap_index = 6147, .adv_w = 198, .box_w = 11, .box_h = 4, .ofs_x = 1, .ofs_y = 5},
    {.bitmap_index = 6169, .adv_w = 82, .box_w = 0, .box_h = 0, .ofs_x = 0, .ofs_y = 0},
    {.bitmap_index = 6169, .adv_w = 88, .box_w = 4, .box_h = 14, .ofs_x = 1, .ofs_y = -4},
    {.bitmap_index = 6197, .adv_w = 191, .box_w = 11, .box_h = 15, .ofs_x = 1, .ofs_y = -2},
    {.bitmap_index = 6280, .adv_w = 203, .box_w = 11, .box_h = 14, .ofs_x = 1, .ofs_y = 0},
    {.bitmap_index = 6357, .adv_w = 198, .box_w = 12, .box_h = 12, .ofs_x = 0, .ofs_y = 1},
    {.bitmap_index = 6429, .adv_w = 198, .box_w = 13, .box_h = 14, .ofs_x = 0, .ofs_y = 0},
    {.bitmap_index = 6520, .adv_w = 80, .box_w = 3, .box_h = 21, .ofs_x = 1, .ofs_y = -5},
    {.bitmap_index = 6552, .adv_w = 156, .box_w = 9, .box_h = 14, .ofs_x = 0, .ofs_y = 0},
    {.bitmap_index = 6615, .adv_w = 138, .box_w = 8, .box_h = 3, .ofs_x = 0, .ofs_y = 11},
    {.bitmap_index = 6627, .adv_w = 228, .box_w = 13, .box_h = 14, .ofs_x = 1, .ofs_y = 0},
    {.bitmap_index = 6718, .adv_w = 134, .box_w = 8, .box_h = 7, .ofs_x = 0, .ofs_y = 7},
    {.bitmap_index = 6746, .adv_w = 225, .box_w = 12, .box_h = 10, .ofs_x = 1, .ofs_y = 0},
    {.bitmap_index = 6806, .adv_w = 198, .box_w = 9, .box_h = 5, .ofs_x = 2, .ofs_y = 3},
    {.bitmap_index = 6829, .adv_w = 142, .box_w = 7, .box_h = 2, .ofs_x = 1, .ofs_y = 4},
    {.bitmap_index = 6836, .adv_w = 167, .box_w = 9, .box_h = 8, .ofs_x = 1, .ofs_y = 6},
    {.bitmap_index = 6872, .adv_w = 132, .box_w = 8, .box_h = 2, .ofs_x = 0, .ofs_y = 11},
    {.bitmap_index = 6880, .adv_w = 124, .box_w = 8, .box_h = 6, .ofs_x = 0, .ofs_y = 8},
    {.bitmap_index = 6904, .adv_w = 198, .box_w = 9, .box_h = 11, .ofs_x = 2, .ofs_y = 0},
    {.bitmap_index = 6954, .adv_w = 117, .box_w = 7, .box_h = 7, .ofs_x = 0, .ofs_y = 7},
    {.bitmap_index = 6979, .adv_w = 118, .box_w = 7, .box_h = 7, .ofs_x = 0, .ofs_y = 7},
    {.bitmap_index = 7004, .adv_w = 92, .box_w = 5, .box_h = 3, .ofs_x = 0, .ofs_y = 11},
    {.bitmap_index = 7012, .adv_w = 199, .box_w = 12, .box_h = 14, .ofs_x = 1, .ofs_y = -4},
    {.bitmap_index = 7096, .adv_w = 191, .box_w = 11, .box_h = 14, .ofs_x = 0, .ofs_y = 0},
    {.bitmap_index = 7173, .adv_w = 65, .box_w = 4, .box_h = 4, .ofs_x = 0, .ofs_y = 4},
    {.bitmap_index = 7181, .adv_w = 104, .box_w = 6, .box_h = 6, .ofs_x = 0, .ofs_y = -5},
    {.bitmap_index = 7199, .adv_w = 82, .box_w = 5, .box_h = 7, .ofs_x = 0, .ofs_y = 7},
    {.bitmap_index = 7217, .adv_w = 140, .box_w = 9, .box_h = 7, .ofs_x = 0, .ofs_y = 7},
    {.bitmap_index = 7249, .adv_w = 225, .box_w = 12, .box_h = 10, .ofs_x = 1, .ofs_y = 0},
    {.bitmap_index = 7309, .adv_w = 263, .box_w = 17, .box_h = 15, .ofs_x = 0, .ofs_y = 0},
    {.bitmap_index = 7437, .adv_w = 264, .box_w = 16, .box_h = 15, .ofs_x = 0, .ofs_y = -1},
    {.bitmap_index = 7557, .adv_w = 286, .box_w = 18, .box_h = 15, .ofs_x = 0, .ofs_y = 0},
    {.bitmap_index = 7692, .adv_w = 185, .box_w = 11, .box_h = 14, .ofs_x = 0, .ofs_y = -4},
    {.bitmap_index = 7769, .adv_w = 202, .box_w = 13, .box_h = 18, .ofs_x = 0, .ofs_y = 0},
    {.bitmap_index = 7886, .adv_w = 202, .box_w = 13, .box_h = 18, .ofs_x = 0, .ofs_y = 0},
    {.bitmap_index = 8003, .adv_w = 202, .box_w = 13, .box_h = 17, .ofs_x = 0, .ofs_y = 0},
    {.bitmap_index = 8114, .adv_w = 202, .box_w = 13, .box_h = 18, .ofs_x = 0, .ofs_y = 0},
    {.bitmap_index = 8231, .adv_w = 202, .box_w = 13, .box_h = 18, .ofs_x = 0, .ofs_y = 0},
    {.bitmap_index = 8348, .adv_w = 202, .box_w = 13, .box_h = 20, .ofs_x = 0, .ofs_y = 0},
    {.bitmap_index = 8478, .adv_w = 264, .box_w = 16, .box_h = 14, .ofs_x = 0, .ofs_y = 0},
    {.bitmap_index = 8590, .adv_w = 206, .box_w = 11, .box_h = 18, .ofs_x = 1, .ofs_y = -4},
    {.bitmap_index = 8689, .adv_w = 179, .box_w = 10, .box_h = 18, .ofs_x = 1, .ofs_y = 0},
    {.bitmap_index = 8779, .adv_w = 179, .box_w = 10, .box_h = 18, .ofs_x = 1, .ofs_y = 0},
    {.bitmap_index = 8869, .adv_w = 179, .box_w = 10, .box_h = 17, .ofs_x = 1, .ofs_y = 0},
    {.bitmap_index = 8954, .adv_w = 179, .box_w = 10, .box_h = 18, .ofs_x = 1, .ofs_y = 0},
    {.bitmap_index = 9044, .adv_w = 81, .box_w = 4, .box_h = 18, .ofs_x = 0, .ofs_y = 0},
    {.bitmap_index = 9080, .adv_w = 81, .box_w = 5, .box_h = 18, .ofs_x = 1, .ofs_y = 0},
    {.bitmap_index = 9125, .adv_w = 81, .box_w = 9, .box_h = 17, .ofs_x = -2, .ofs_y = 0},
    {.bitmap_index = 9202, .adv_w = 81, .box_w = 8, .box_h = 18, .ofs_x = -1, .ofs_y = 0},
    {.bitmap_index = 9274, .adv_w = 213, .box_w = 13, .box_h = 14, .ofs_x = 0, .ofs_y = 0},
    {.bitmap_index = 9365, .adv_w = 213, .box_w = 11, .box_h = 18, .ofs_x = 1, .ofs_y = 0},
    {.bitmap_index = 9464, .adv_w = 215, .box_w = 12, .box_h = 18, .ofs_x = 1, .ofs_y = 0},
    {.bitmap_index = 9572, .adv_w = 215, .box_w = 12, .box_h = 18, .ofs_x = 1, .ofs_y = 0},
    {.bitmap_index = 9680, .adv_w = 215, .box_w = 12, .box_h = 18, .ofs_x = 1, .ofs_y = 0},
    {.bitmap_index = 9788, .adv_w = 215, .box_w = 12, .box_h = 18, .ofs_x = 1, .ofs_y = 0},
    {.bitmap_index = 9896, .adv_w = 215, .box_w = 12, .box_h = 18, .ofs_x = 1, .ofs_y = 0},
    {.bitmap_index = 10004, .adv_w = 198, .box_w = 9, .box_h = 9, .ofs_x = 2, .ofs_y = 2},
    {.bitmap_index = 10045, .adv_w = 215, .box_w = 12, .box_h = 18, .ofs_x = 1, .ofs_y = -2},
    {.bitmap_index = 10153, .adv_w = 214, .box_w = 12, .box_h = 18, .ofs_x = 1, .ofs_y = 0},
    {.bitmap_index = 10261, .adv_w = 214, .box_w = 12, .box_h = 18, .ofs_x = 1, .ofs_y = 0},
    {.bitmap_index = 10369, .adv_w = 214, .box_w = 12, .box_h = 18, .ofs_x = 1, .ofs_y = 0},
    {.bitmap_index = 10477, .adv_w = 214, .box_w = 12, .box_h = 18, .ofs_x = 1, .ofs_y = 0},
    {.bitmap_index = 10585, .adv_w = 197, .box_w = 13, .box_h = 18, .ofs_x = 0, .ofs_y = 0},
    {.bitmap_index = 10702, .adv_w = 193, .box_w = 11, .box_h = 14, .ofs_x = 1, .ofs_y = 0},
    {.bitmap_index = 10779, .adv_w = 204, .box_w = 12, .box_h = 14, .ofs_x = 1, .ofs_y = 0},
    {.bitmap_index = 10863, .adv_w = 185, .box_w = 12, .box_h = 14, .ofs_x = 0, .ofs_y = 0},
    {.bitmap_index = 10947, .adv_w = 185, .box_w = 12, .box_h = 14, .ofs_x = 0, .ofs_y = 0},
    {.bitmap_index = 11031, .adv_w = 185, .box_w = 12, .box_h = 14, .ofs_x = 0, .ofs_y = 0},
    {.bitmap_index = 11115, .adv_w = 185, .box_w = 12, .box_h = 14, .ofs_x = 0, .ofs_y = 0},
    {.bitmap_index = 11199, .adv_w = 185, .box_w = 12, .box_h = 14, .ofs_x = 0, .ofs_y = 0},
    {.bitmap_index = 11283, .adv_w = 185, .box_w = 12, .box_h = 16, .ofs_x = 0, .ofs_y = 0},
    {.bitmap_index = 11379, .adv_w = 288, .box_w = 18, .box_h = 10, .ofs_x = 0, .ofs_y = 0},
    {.bitmap_index = 11469, .adv_w = 189, .box_w = 10, .box_h = 14, .ofs_x = 1, .ofs_y = -4},
    {.bitmap_index = 11539, .adv_w = 187, .box_w = 10, .box_h = 14, .ofs_x = 1, .ofs_y = 0},
    {.bitmap_index = 11609, .adv_w = 187, .box_w = 10, .box_h = 14, .ofs_x = 1, .ofs_y = 0},
    {.bitmap_index = 11679, .adv_w = 187, .box_w = 10, .box_h = 14, .ofs_x = 1, .ofs_y = 0},
    {.bitmap_index = 11749, .adv_w = 187, .box_w = 10, .box_h = 14, .ofs_x = 1, .ofs_y = 0},
    {.bitmap_index = 11819, .adv_w = 82, .box_w = 5, .box_h = 14, .ofs_x = -1, .ofs_y = 0},
    {.bitmap_index = 11854, .adv_w = 82, .box_w = 5, .box_h = 14, .ofs_x = 1, .ofs_y = 0},
    {.bitmap_index = 11889, .adv_w = 82, .box_w = 9, .box_h = 14, .ofs_x = -2, .ofs_y = 0},
    {.bitmap_index = 11952, .adv_w = 82, .box_w = 7, .box_h = 14, .ofs_x = -1, .ofs_y = 0},
    {.bitmap_index = 12001, .adv_w = 197, .box_w = 11, .box_h = 16, .ofs_x = 1, .ofs_y = 0},
    {.bitmap_index = 12089, .adv_w = 197, .box_w = 10, .box_h = 14, .ofs_x = 1, .ofs_y = 0},
    {.bitmap_index = 12159, .adv_w = 197, .box_w = 11, .box_h = 14, .ofs_x = 1, .ofs_y = 0},
    {.bitmap_index = 12236, .adv_w = 197, .box_w = 11, .box_h = 14, .ofs_x = 1, .ofs_y = 0},
    {.bitmap_index = 12313, .adv_w = 197, .box_w = 11, .box_h = 14, .ofs_x = 1, .ofs_y = 0},
    {.bitmap_index = 12390, .adv_w = 197, .box_w = 11, .box_h = 14, .ofs_x = 1, .ofs_y = 0},
    {.bitmap_index = 12467, .adv_w = 197, .box_w = 11, .box_h = 14, .ofs_x = 1, .ofs_y = 0},
    {.bitmap_index = 12544, .adv_w = 198, .box_w = 9, .box_h = 10, .ofs_x = 2, .ofs_y = 2},
    {.bitmap_index = 12589, .adv_w = 197, .box_w = 11, .box_h = 13, .ofs_x = 1, .ofs_y = -2},
    {.bitmap_index = 12661, .adv_w = 196, .box_w = 10, .box_h = 14, .ofs_x = 1, .ofs_y = 0},
    {.bitmap_index = 12731, .adv_w = 196, .box_w = 10, .box_h = 14, .ofs_x = 1, .ofs_y = 0},
    {.bitmap_index = 12801, .adv_w = 196, .box_w = 10, .box_h = 14, .ofs_x = 1, .ofs_y = 0},
    {.bitmap_index = 12871, .adv_w = 196, .box_w = 10, .box_h = 14, .ofs_x = 1, .ofs_y = 0},
    {.bitmap_index = 12941, .adv_w = 196, .box_w = 10, .box_h = 18, .ofs_x = 1, .ofs_y = -4},
    {.bitmap_index = 13031, .adv_w = 205, .box_w = 11, .box_h = 18, .ofs_x = 1, .ofs_y = -4},
    {.bitmap_index = 13130, .adv_w = 196, .box_w = 10, .box_h = 18, .ofs_x = 1, .ofs_y = -4},
    {.bitmap_index = 13220, .adv_w = 87, .box_w = 4, .box_h = 6, .ofs_x = 1, .ofs_y = 8},
    {.bitmap_index = 13232, .adv_w = 87, .box_w = 4, .box_h = 6, .ofs_x = 1, .ofs_y = 8},
    {.bitmap_index = 13244, .adv_w = 87, .box_w = 4, .box_h = 6, .ofs_x = 1, .ofs_y = -3},
    {.bitmap_index = 13256, .adv_w = 150, .box_w = 8, .box_h = 6, .ofs_x = 1, .ofs_y = 8},
    {.bitmap_index = 13280, .adv_w = 150, .box_w = 8, .box_h = 6, .ofs_x = 1, .ofs_y = 8},
    {.bitmap_index = 13304, .adv_w = 122, .box_w = 6, .box_h = 6, .ofs_x = 1, .ofs_y = 2},
    {.bitmap_index = 13322, .adv_w = 236, .box_w = 13, .box_h = 4, .ofs_x = 1, .ofs_y = 0}
};

/*---------------------
 *  CHARACTER MAPPING
 *--------------------*/

static const uint16_t unicode_list_2[] = {
    0x0, 0x1, 0x2, 0x4, 0x5, 0xa, 0xe
};

/*Collect the unicode lists and glyph_id offsets*/
static const lv_font_fmt_txt_cmap_t cmaps[] =
{
    {
        .range_start = 32, .range_length = 95, .glyph_id_start = 1,
        .unicode_list = NULL, .glyph_id_ofs_list = NULL, .list_length = 0, .type = LV_FONT_FMT_TXT_CMAP_FORMAT0_TINY
    },
    {
        .range_start = 160, .range_length = 96, .glyph_id_start = 96,
        .unicode_list = NULL, .glyph_id_ofs_list = NULL, .list_length = 0, .type = LV_FONT_FMT_TXT_CMAP_FORMAT0_TINY
    },
    {
        .range_start = 8216, .range_length = 15, .glyph_id_start = 192,
        .unicode_list = unicode_list_2, .glyph_id_ofs_list = NULL, .list_length = 7, .type = LV_FONT_FMT_TXT_CMAP_SPARSE_TINY
    }
};

/*-----------------
 *    KERNING
 *----------------*/


/*Map glyph_ids to kern left classes*/
static const uint8_t kern_left_class_mapping[] =
{
    0, 1, 0, 2, 0, 0, 0, 0,
    2, 3, 0, 0, 0, 4, 5, 6,
    7, 8, 0, 9, 10, 11, 12, 13,
    14, 15, 16, 0, 0, 0, 0, 0,
    0, 0, 17, 18, 19, 20, 21, 22,
    23, 24, 24, 25, 26, 27, 24, 24,
    20, 28, 20, 29, 30, 31, 32, 33,
    34, 35, 36, 37, 38, 39, 0, 0,
    0, 0, 40, 41, 41, 42, 41, 43,
    0, 44, 45, 45, 46, 42, 44, 44,
    41, 41, 0, 47, 48, 49, 0, 50,
    51, 52, 0, 53, 38, 0, 54, 0,
    0, 0, 0, 0, 0, 0, 0, 0,
    0, 0, 0, 0, 0, 5, 0, 0,
    0, 0, 0, 0, 0, 0, 0, 0,
    0, 0, 0, 0, 0, 0, 0, 0,
    17, 17, 17, 17, 17, 17, 21, 19,
    21, 21, 21, 21, 0, 0, 55, 55,
    20, 24, 20, 20, 20, 20, 20, 0,
    20, 32, 32, 32, 32, 36, 56, 57,
    40, 40, 40, 40, 40, 40, 41, 41,
    41, 41, 41, 41, 45, 45, 58, 58,
    41, 44, 41, 41, 41, 41, 41, 0,
    41, 0, 0, 0, 0, 0, 41, 0,
    2, 2, 6, 2, 2, 0, 6
};

/*Map glyph_ids to kern right classes*/
static const uint8_t kern_right_class_mapping[] =
{
    0, 1, 0, 2, 0, 0, 0, 0,
    2, 0, 3, 4, 0, 5, 6, 5,
    7, 8, 9, 10, 11, 12, 0, 13,
    14, 15, 16, 0, 0, 0, 0, 0,
    17, 0, 18, 19, 20, 19, 0, 0,
    20, 0, 0, 21, 0, 0, 0, 0,
    20, 0, 20, 0, 22, 23, 24, 25,
    26, 27, 28, 29, 0, 30, 31, 0,
    0, 0, 32, 33, 34, 34, 34, 35,
    34, 33, 36, 37, 33, 38, 39, 39,
    34, 39, 34, 39, 40, 41, 42, 43,
    44, 45, 42, 46, 47, 0, 31, 0,
    0, 0, 0, 0, 0, 0, 0, 0,
    0, 0, 0, 0, 0, 6, 48, 0,
    0, 0, 0, 0, 0, 0, 0, 0,
    0, 0, 0, 0, 0, 0, 0, 0,
    18, 18, 18, 18, 18, 18, 18, 20,
    0, 0, 0, 0, 0, 0, 49, 49,
    0, 0, 20, 20, 20, 20, 20, 0,
    20, 24, 24, 24, 24, 28, 0, 50,
    32, 32, 32, 32, 32, 32, 32, 34,
    34, 34, 34, 34, 51, 52, 53, 54,
    34, 39, 34, 34, 34, 34, 34, 0,
    34, 42, 42, 42, 42, 42, 33, 42,
    2, 2, 5, 2, 2, 0, 5
};

/*Kern values between classes*/
static const int8_t kern_class_values[] =
{
    0, 0, 0, 0, -10, -9, 0, 0,
    0, 0, 0, 0, 0, 0, 0, 0,
    0, -4, 0, 0, 0, 0, -9, 0,
    -4, -2, 0, -4, 0, 0, 0, 0,
    0, 0, 0, 0, 0, 0, 0, 0,
    0, 0, 0, 0, 0, 0, -9, 0,
    0, 0, 0, 0, 0, 0, 0, 0,
    0, 0, 0, 0, 0, 0, 0, 0,
    0, -13, 0, 0, 0, 0, 0, -24,
    0, -1, -27, 0, 0, 0, 0, 0,
    0, 0, 0, 0, 0, -7, 0, -9,
    2, 0, 0, 0, 0, -2, 2, 0,
    0, 0, 0, 0, 0, 0, 0, 0,
    0, 0, 23, 23, 0, 0, 5, 0,
    0, 0, 0, -3, -10, -2, 0, -12,
    -3, 0, -3, -3, 0, -3, 0, -4,
    -11, -1, 0, 0, 0, 0, 0, 0,
    0, 0, 0, -2, 0, -5, -2, 0,
    12, 0, 0, -2, -2, -2, -5, -3,
    0, 0, 0, 0, 0, 0, 0, 0,
    22, 22, -10, 0, 0, 0, 0, 0,
    0, -4, -15, 0, 0, 0, -3, -11,
    0, 0, 0, 0, 0, -6, 0, 0,
    -31, -5, -23, -13, 0, -34, 0, 0,
    0, 0, 0, -2, -19, 0, 4, 0,
    0, 0, -19, 0, -13, -8, 0, 0,
    0, 0, 0, 0, 0, 0, 0, 0,
    -9, 0, 0, 0, 0, 0, 0, 0,
    0, 0, 0, 0, 0, -16, 0, 0,
    0, -3, 0, 0, 0, 0, -26, 0,
    -14, -4, -13, -29, -7, 0, 0, 0,
    0, 0, -8, 0, 0, 0, 0, 0,
    -8, 0, -4, -3, -12, -8, 0, 0,
    0, 0, 0, 0, 0, 0, -10, 0,
    0, 0, 0, 0, 0, -4, -15, 0,
    0, 0, -3, -11, 0, 0, 0, 0,
    0, -6, 0, 0, -31, -5, -23, -13,
    0, -34, 0, 0, 0, 0, 0, -2,
    -19, 0, 0, 0, 0, 0, -19, 0,
    -13, -8, 0, 0, 0, 0, 0, 0,
    0, 0, 0, 0, 0, 0, 0, 0,
    0, 0, 0, 0, 0, 0, 0, 0,
    0, 0, 0, 0, 0, -1, 0, 0,
    -9, 0, 4, 0, 4, 0, 0, 0,
    0, 0, 0, -5, 0, -5, 0, 8,
    8, 0, 0, -2, 0, 0, 0, 0,
    0, 0, 0, 0, 0, 0, 8, 8,
    30, 30, 0, 0, -3, 0, -4, 0,
    0, 0, 0, 0, 0, 0, 0, -6,
    0, 0, 0, 0, 0, 0, 0, 0,
    0, 0, 0, 0, 0, 0, 0, 0,
    -3, 0, 0, 0, 0, 0, 0, 0,
    0, 0, 0, 0, 0, 0, 0, 0,
    0, 0, 0, 0, 0, 0, 0, 0,
    0, 0, 0, 0, 0, -1, 0, 0,
    0, 0, -1, -7, 0, -3, 0, -1,
    0, 0, 0, 0, 0, 0, 0, 0,
    0, 0, 0, 0, 0, 0, 0, 0,
    0, 0, 0, 0, 0, 0, 0, 0,
    0, 0, 0, 0, 0, 0, 0, 0,
    0, 0, 0, 0, 0, 0, 0, 0,
    0, 0, 0, 0, 0, 0, -5, 0,
    0, 0, 0, 0, 0, 0, 0, 0,
    0, 0, 0, 0, 0, 0, 0, 0,
    0, 0, 0, 0, 0, 0, 0, 0,
    0, 0, 0, 0, 0, 0, 0, 0,
    0, 0, 0, 0, 0, 0, 0, 0,
    0, 0, 0, 0, 0, -12, 0, 0,
    0, 0, 0, 0, -10, 0, 0, 0,
    0, -12, 0, 0, 0, 0, 0, 0,
    0, 0, 0, 0, 0, 0, 0, 0,
    0, 0, 0, 0, 0, 0, 0, 0,
    0, 0, 0, 0, 0, 0, 0, 0,
    0, 0, 0, 0, 0, 0, 0, 0,
    0, 0, 0, 0, 0, 0, 0, 0,
    0, 0, -5, -3, 0, 0, 0, -4,
    0, 0, 0, 0, 0, 0, 0, 0,
    0, 0, 0, 0, 0, 0, 0, 0,
    0, 0, 0, 0, 0, 0, 0, 0,
    0, 0, 0, 0, 0, 0, 0, 0,
    0, 0, 0, 0, 0, 0, 0, 0,
    0, 0, -3, 0, 0, 0, 0, 0,
    -1, -1, 0, 0, 0, -5, 0, 0,
    0, 0, 0, 0, 0, 0, 0, 0,
    0, 0, 0, 0, 0, 0, -3, 0,
    0, 0, 0, 0, 0, 0, 0, 0,
    0, 0, 0, 0, 0, 0, 0, 0,
    0, 0, 0, 0, 0, 0, 0, 0,
    0, 0, -21, -16, 0, -2, -3, -2,
    0, -17, -2, 0, 0, 0, 0, 0,
    0, 0, 0, 0, 0, 0, 0, 0,
    0, 0, 0, 0, 0, 0, 0, 0,
    0, 0, 0, 0, 0, 0, 0, 0,
    0, 0, 0, 0, 0, 0, 0, 0,
    0, 0, 0, 0, 0, 0, -3, 0,
    0, 0, 0, 0, 0, 0, 0, 0,
    0, -4, 0, 0, 0, 0, 0, 0,
    0, 0, 0, 0, 0, 0, 0, 0,
    0, 0, -3, 0, 0, 0, 0, 0,
    0, 0, 0, 0, 0, 0, 0, 0,
    0, 0, 0, 0, 0, 0, 0, 0,
    0, 0, 0, 0, -3, 0, -3, 0,
    0, 0, 0, 0, 0, 0, 0, -6,
    0, 0, 0, 0, 0, 0, 0, 0,
    0, 0, 0, 0, 0, 0, 0, 0,
    -3, 0, 0, 0, 0, 0, 0, 0,
    0, 0, 0, 0, 0, 0, 0, 0,
    0, 0, 0, 0, 0, 0, 0, 0,
    -4, -24, -3, 0, 0, -3, 0, 0,
    0, 0, 0, 0, 0, 0, 0, 0,
    -9, 0, 0, -3, 0, 0, -22, -4,
    -16, -7, 0, -24, 0, -1, 0, 0,
    0, 0, -7, 0, 0, 0, 0, 0,
    -7, 0, -4, -2, 0, 0, 0, 0,
    0, 0, 0, 0, 0, 0, 0, 0,
    -2, 0, 0, 0, -1, 0, 0, 0,
    0, 0, 0, 0, 0, 0, 0, -2,
    0, 0, 0, 0, -4, 0, -4, 0,
    -4, -5, 0, 0, 0, 0, 0, 0,
    0, 0, 0, 0, 0, 0, 0, 0,
    0, 0, 0, 0, 0, 0, 0, 0,
    0, 0, 8, 8, 0, 0, 0, 0,
    0, 0, 0, 0, 0, 0, 0, 0,
    0, 0, 0, 0, 0, -2, 0, 0,
    0, 0, -5, 0, -2, 0, -3, -5,
    -2, 0, 0, 0, 0, 0, 0, 0,
    0, 0, 0, 0, 0, 0, 0, 0,
    0, 0, 0, 0, 0, 0, 0, 0,
    0, 0, 0, -2, -4, 0, -6, 0,
    -7, 0, 0, 0, 0, 0, 0, 0,
    0, 0, 0, -3, -7, 0, 0, 0,
    -9, 0, -5, -2, -8, -9, -4, 0,
    0, 0, 0, 0, 0, 0, 0, 0,
    0, 0, 0, 0, 0, 0, 0, 0,
    0, 0, 0, 0, 0, 0, 4, 4,
    0, 0, 0, 0, 0, -1, 0, 0,
    0, 0, 0, 0, 0, 0, 0, 0,
    0, 0, 0, 0, 0, 0, 0, 0,
    0, 0, 0, 0, 0, 0, 0, 0,
    0, 0, 0, 0, 0, 0, 0, 0,
    0, 0, 0, 0, 0, 0, 0, 0,
    0, 0, 0, 0, 14, 14, 0, 0,
    0, 0, -24, -1, -12, 0, 0, 0,
    0, 0, 0, 0, 0, 0, 0, -14,
    0, -2, 0, 0, 0, 0, 0, 0,
    0, 0, 0, 0, 0, -3, 0, -2,
    0, 0, 0, 0, 0, -3, 0, 0,
    0, 0, 0, 0, 0, 0, 0, 0,
    0, 0, 17, 17, 0, -5, 0, 0,
    0, 0, 0, 0, 0, 0, 0, 0,
    0, 0, 0, 0, 0, 0, 0, 0,
    0, 0, -9, 0, -6, -1, 0, -11,
    0, 0, 0, 0, 0, 0, 0, 0,
    0, 0, 0, 0, 0, 0, 0, 0,
    0, 0, 0, 0, 0, 0, 0, 0,
    0, 0, 0, 0, 0, 0, 0, 0,
    0, 0, 0, 0, 0, 0, 0, 0,
    0, 0, 0, 0, 0, 0, 0, 0,
    0, 0, 0, 0, 0, 0, 0, 0,
    0, 0, 0, 0, 0, 0, 0, 0,
    0, 0, 0, 0, 0, 0, 0, 0,
    0, 0, 0, 0, 0, 0, 10, 10,
    0, 0, 0, 0, -19, -16, -16, 0,
    0, 0, 0, 0, 0, 0, 0, 0,
    0, -11, 0, -5, -10, 0, 0, 0,
    0, 0, 0, 0, 0, 3, 0, -10,
    0, -10, 0, 0, 0, 0, -10, 0,
    0, -10, 0, 0, 0, 0, 0, 0,
    0, 0, 0, 0, 6, 6, 0, 0,
    0, 0, 0, -13, 0, 0, 0, 0,
    0, 0, 0, 0, 0, 0, 0, 0,
    0, -10, 0, -2, 0, 0, 0, 0,
    0, 0, 0, 0, 0, 0, 0, -5,
    -9, 0, 0, 0, 0, -3, -9, -4,
    -9, -5, 0, 0, 0, 0, 0, 0,
    0, 0, 11, 11, -9, -34, -3, 0,
    0, -13, 0, 0, 0, 0, 0, 0,
    0, 0, 0, 0, 0, 0, 0, -7,
    0, 0, -30, -6, -24, -8, 0, -38,
    0, -14, 0, 0, 0, -1, -15, 0,
    0, 0, 0, 0, -15, -1, -11, -4,
    0, 0, 0, 0, 0, 0, 0, 0,
    0, 0, 0, 0, -2, 0, -33, -10,
    -25, 0, 0, 0, 0, 0, 0, 0,
    0, 0, 0, -18, -1, 0, -15, 0,
    -1, 0, -2, 0, -7, -2, -6, 0,
    0, -4, 0, -4, 0, 0, 0, 0,
    0, -4, 0, 0, 0, 0, 0, 0,
    0, 0, 0, 0, 0, 0, 11, 11,
    0, 0, -2, 0, 0, 0, 0, 0,
    0, 0, 0, 0, 0, 0, 0, 0,
    0, 0, 0, 0, 0, 0, -4, 0,
    -4, 0, 0, -5, 0, 0, 0, 0,
    0, 0, 0, 0, 0, 0, 0, 0,
    0, 0, 0, 0, 0, 0, 0, 0,
    0, 0, 0, 0, 10, 10, 0, 0,
    -1, 0, 0, 0, -3, 0, 0, 0,
    0, 0, 0, 0, 0, 0, 0, 0,
    -1, 0, 0, 0, -8, 0, -4, 0,
    -3, -7, 0, 0, 0, 0, 0, 0,
    0, 0, 0, 0, 0, 0, 0, 0,
    0, 0, 0, 0, 0, 0, 0, 0,
    0, 0, 0, 0, -9, 0, 0, 0,
    -31, -26, -26, 0, 0, 0, 0, 0,
    0, 0, 0, 0, 0, -22, 0, -9,
    -28, -5, 0, 0, 0, 0, 0, 0,
    0, 4, 0, -28, 0, -31, -17, -4,
    -4, 0, -23, -26, -17, -24, -22, -23,
    -26, -24, 0, 0, 0, -9, -4, -6,
    17, 19, 0, 0, 0, 0, -5, 0,
    -5, 0, 0, 0, 0, 0, 0, 0,
    0, 0, 0, -4, 0, 0, 0, 0,
    0, 0, 0, 0, 0, 0, 0, 0,
    0, 0, 0, 0, 0, 0, 0, 0,
    0, 0, 0, 0, 0, 0, 0, 0,
    0, 0, 0, 0, 0, 0, 10, 10,
    -4, 0, 0, 0, -23, -14, -20, 0,
    0, 0, 0, 0, 0, 0, 0, 0,
    0, -16, 0, -5, 0, -3, 0, 0,
    0, 0, 0, 0, 0, 4, 0, -11,
    0, -11, -3, 0, 0, 0, -3, -10,
    -3, -4, -5, -4, -8, -2, 0, 0,
    0, 0, 0, 0, 19, 19, -2, 0,
    0, 0, -13, -4, -11, 0, 0, 0,
    0, 0, 0, 0, 0, 0, 0, -7,
    0, -2, 0, 0, 0, 0, 0, 0,
    0, 0, 0, 0, 0, -3, 0, -3,
    -1, 0, 0, 0, 0, 0, -1, 0,
    0, 0, 0, 0, 0, 0, 0, 0,
    0, 0, 16, 16, 0, 0, 0, 0,
    0, -13, 0, 0, 0, 0, 0, 0,
    0, 0, 0, 0, 0, 0, 0, -8,
    -3, -3, 0, 0, 0, 0, 0, 0,
    0, 0, 0, -2, 0, -5, -6, 0,
    0, 0, 0, -3, -6, -3, -6, -4,
    0, 0, 0, 0, 0, 0, 0, 0,
    10, 10, -4, 0, 0, 0, -34, -29,
    -26, 0, 0, 0, 0, 0, 0, 0,
    0, 0, 0, -24, 0, -9, -30, -6,
    0, 0, 0, 0, 0, 0, 0, 0,
    0, -27, 0, -28, -15, 0, 0, 0,
    -23, -26, -15, -24, -20, -21, -23, -23,
    0, 0, 0, 0, 0, 0, 14, 14,
    0, 0, 0, 0, 0, -14, 0, 0,
    0, 0, 0, 0, 0, 0, 0, 0,
    0, 0, 0, -4, 0, -1, 0, 0,
    0, 0, 0, 0, 0, 0, 0, 0,
    0, -4, -5, 0, 0, 0, 0, 0,
    -5, -2, -4, -2, 0, 0, 0, 0,
    0, 0, 0, 0, 11, 11, 0, 0,
    0, 0, 0, 0, 0, -3, -9, 0,
    0, -8, -3, 0, -3, -3, 0, 0,
    0, 0, 0, 0, 0, 0, 0, 0,
    0, 0, 0, 0, 0, 0, 0, -3,
    0, 0, 11, 0, 0, 0, 0, 0,
    -1, -1, -1, 0, 0, 0, 0, 0,
    0, 0, 24, 24, 0, 0, 0, 0,
    0, 0, 0, 0, 0, 0, 0, 0,
    0, 0, 0, 0, 0, 0, 0, -7,
    -3, -3, -26, -5, -20, -11, 0, -26,
    0, 0, 0, -3, 0, -5, -19, 0,
    21, 0, 0, -2, -19, -7, -7, -3,
    0, 0, 0, 0, 0, 0, 0, 0,
    0, 0, 0, -8, -5, 0, 0, -3,
    0, 0, 0, 0, 0, 0, 0, 0,
    0, 0, -5, 0, 0, 0, 0, 0,
    0, 0, 0, 0, 0, 0, 0, -7,
    0, 0, 0, -4, -11, 0, 0, 0,
    0, -1, -11, -4, -9, -2, 0, 0,
    0, 0, 0, 0, 0, 0, 0, 0,
    0, -9, -5, 0, -2, 0, -5, 0,
    0, 0, 0, 0, 0, 0, 0, 0,
    0, 0, 0, 0, 0, 0, 0, 0,
    0, 0, 0, 0, 0, -5, -3, 0,
    0, 0, -6, 0, 0, 0, 0, 0,
    -6, 0, -5, -2, -10, -4, 0, 0,
    0, 0, 0, 0, 0, 0, 0, 0,
    0, 0, 0, 0, 0, 0, 0, 0,
    0, 0, 0, 0, 0, 0, 0, 0,
    0, 0, 0, 0, 0, 0, 0, 0,
    0, 0, 0, 0, 0, 0, 0, 0,
    0, 0, 0, 0, 0, 0, 0, 0,
    0, 0, 0, 0, 0, 0, 0, 0,
    0, 0, 9, 9, 0, 4, 0, 0,
    -20, -5, -11, 0, 0, 0, 0, 0,
    0, 0, 0, 0, 0, 0, 0, 0,
    0, 0, 0, 0, 0, 0, 0, 0,
    0, 6, 0, -3, 0, -6, -37, -8,
    -8, -8, 0, -2, -4, 0, 0, 0,
    0, 0, 0, 0, 0, 0, 0, 0,
    12, 12, 0, -8, -2, 0, 0, 0,
    0, 0, 0, 0, 0, 0, 0, 0,
    0, 0, 0, 0, 0, 0, 0, 0,
    0, 0, 0, 0, 0, 0, 0, -7,
    -1, 0, 0, 0, -4, 0, 0, 0,
    0, 0, -4, -3, -5, -1, 0, 0,
    0, 0, 0, 0, 0, 0, 0, 0,
    0, 0, 0, 0, 0, 0, 0, 0,
    0, 0, 0, 0, 0, 0, 0, 0,
    0, 0, 0, 0, 0, 0, 0, 0,
    0, 0, 0, 0, 0, 8, 0, 0,
    0, 0, 0, 0, 0, 0, 0, 0,
    0, 0, 0, 0, 0, 0, 0, 0,
    0, 0, 0, 0, 13, 13, 0, 0,
    0, 0, 0, -11, 0, 0, 0, 0,
    0, 0, 0, 0, 0, 0, 0, 0,
    0, 0, 0, 0, 0, 0, 0, 0,
    0, 0, 0, 0, 0, -4, 0, -9,
    0, 0, 0, 0, 0, -4, 0, 0,
    0, 0, 0, 0, 0, 0, 0, 0,
    0, 0, 0, 0, 0, 0, 0, 0,
    -23, -5, -11, 0, 0, 0, 0, 0,
    0, 0, 0, 0, 0, 0, 0, 0,
    0, 0, 0, 0, 0, 0, 0, 0,
    0, 0, 0, -4, 0, -6, 0, 0,
    0, 0, 0, -4, 0, 0, 0, 0,
    0, 0, 0, 0, 0, 0, 0, 0,
    0, 0, 0, -4, -2, 0, 0, 0,
    -2, 0, 0, 0, 0, 0, 0, 0,
    0, 0, 0, 0, 0, 0, 0, 0,
    0, 0, 0, 0, 0, 0, 0, -2,
    0, -1, 0, 0, -4, 0, 0, 0,
    0, 0, -4, 0, -6, -1, -2, 0,
    0, 0, 0, 0, 0, 0, 0, 0,
    0, 2, 0, 0, 0, -6, 0, 0,
    0, 0, 0, 0, 0, 0, 0, 0,
    0, 0, 0, 0, 0, 0, 0, 0,
    0, 0, 0, 0, 0, 0, 0, 0,
    0, -6, -9, 0, 0, 0, 0, 0,
    -43, 0, 0, 0, 0, 0, 0, 0,
    0, 0, 0, 0, 0, 0, 0, 0,
    -5, 0, -13, -4, -7, 0, 0, 0,
    0, 0, 0, 0, 0, 0, 0, 0,
    0, 0, 0, 0, 0, 0, 0, 0,
    0, 0, 0, 0, -1, -4, 0, -5,
    0, 0, 0, 0, 0, -4, 0, 0,
    0, 0, 0, 0, 0, 0, 0, 0,
    0, 0, 0, 0, 0, 0, -3, 0,
    -8, -3, -3, 0, 0, 0, 0, 0,
    0, 0, 0, 0, 0, 0, 0, 0,
    0, 0, 0, 0, 0, 0, 0, 0,
    0, 0, -1, -1, 0, -2, 0, 0,
    0, 0, 0, -1, 0, 0, 0, 0,
    0, 0, 0, 0, 0, 0, 0, 0,
    0, 0, 0, 0, 0, 0, 0, -12,
    0, 0, 0, 0, 0, 0, 0, 0,
    0, 0, 0, 0, 0, 0, 0, 0,
    0, 0, 0, 0, 0, 0, 0, 0,
    -1, -3, 0, -10, 0, 0, 0, 0,
    0, -4, 0, 0, 0, 0, 0, 0,
    0, 0, 0, 0, 0, 0, 0, 0,
    0, 0, 0, 0, 0, -8, 0, 0,
    0, 0, 0, 0, 0, 0, 0, 0,
    0, 0, 0, 0, 0, 0, 0, 0,
    0, 0, 0, 0, 0, 0, 0, 0,
    0, -4, 0, 0, 0, 0, 0, 0,
    0, 0, 0, 0, 0, 0, 0, 0,
    0, 0, 0, 0, 0, 0, -9, 0,
    0, 0, 0, 0, 0, 0, 0, 0,
    0, 0, 0, 0, 0, 0, 0, 0,
    0, 0, 0, 0, 0, 0, 0, 0,
    0, 0, 0, 0, 0, 0, 0, 0,
    0, 0, 0, 0, 0, 0, 0, 0,
    0, 0, 0, 0, 0, 0, 0, 0,
    0, 0, 0, 0, 0, 0, 0, 0,
    0, 0, 0, 0, 0, 0, 0, 0,
    0, 0, 0, 0, 0, 0, 0, 0,
    0, 0, 0, 0, 0, 0, 0, 0,
    0, 0, 0, 0, 0, 0, 0, 0,
    0, 0, 0, 0, 0, 0, 0, 0,
    0, 0, 0, 0, 41, 0, 0, 0,
    0, 0, 0, 0, 0, 0, 0, 0,
    0, 0, 0, 0, 0, 0, 0, 0,
    0, 0, 0, -8, 0, 0, 0, 0,
    -18, 0, -6, -1, -15, -14, -13, 0,
    0, 0, 0, 0, 0, 0, 0, 0,
    0, 0, 0, 0, 0, 0, 0, 0,
    0, 0, 0, 0, 0, 0, 0, 0,
    0, 0, 0, 0, 0, 0, 0, 0,
    0, 0, 0, 0, 0, 0, 0, 0,
    0, 0, 0, 0, 0, 0, 0, 0,
    0, 0, 0, 0, 0, 0, 0, 0,
    0, 0, -8, 0, 0, 0, 0, 0,
    -8, 0, -9, -5, 0, 0, 0, 0,
    0, 0, 0, 0, 0, 0, 0, 23,
    22, 15, 0, 0, 0, 0, 0, 0,
    0, 0, 0, 0, 0, 0, 21, 0,
    0, 0, 0, 0, 0, 0, 0, 0,
    0, 0, 0, 30, 24, 0, 9, 0,
    0, 12, 12, 9, 0, 0, 0, 0,
    0, 0, 0, 0, 0, 22, 0, 0,
    12, 12, 41, 41
};


/*Collect the kern class' data in one place*/
static const lv_font_fmt_txt_kern_classes_t kern_classes =
{
    .class_pair_values   = kern_class_values,
    .left_class_mapping  = kern_left_class_mapping,
    .right_class_mapping = kern_right_class_mapping,
    .left_class_cnt      = 58,
    .right_class_cnt     = 54,
};

/*--------------------
 *  ALL CUSTOM DATA
 *--------------------*/

#if LVGL_VERSION_MAJOR == 8
/*Store all the custom data of the font*/
static  lv_font_fmt_txt_glyph_cache_t cache;
#endif

#if LVGL_VERSION_MAJOR >= 8
static const lv_font_fmt_txt_dsc_t font_dsc = {
#else
static lv_font_fmt_txt_dsc_t font_dsc = {
#endif
    .glyph_bitmap = glyph_bitmap,
    .glyph_dsc = glyph_dsc,
    .cmaps = cmaps,
    .kern_dsc = &kern_classes,
    .kern_scale = 16,
    .cmap_num = 3,
    .bpp = 4,
    .kern_classes = 1,
    .bitmap_format = 0,
#if LVGL_VERSION_MAJOR == 8
    .cache = &cache
#endif
};



/*-----------------
 *  PUBLIC FONT
 *----------------*/

/*Initialize a public general font descriptor*/
#if LVGL_VERSION_MAJOR >= 8
const lv_font_t diskos_bauh_ui_20 = {
#else
lv_font_t diskos_bauh_ui_20 = {
#endif
    .get_glyph_dsc = lv_font_get_glyph_dsc_fmt_txt,    /*Function pointer to get glyph's data*/
    .get_glyph_bitmap = lv_font_get_bitmap_fmt_txt,    /*Function pointer to get glyph's bitmap*/
    .line_height = 25,          /*The maximum line height required by the font*/
    .base_line = 5,             /*Baseline measured from the bottom of the line*/
#if !(LVGL_VERSION_MAJOR == 6 && LVGL_VERSION_MINOR == 0)
    .subpx = LV_FONT_SUBPX_NONE,
#endif
#if LV_VERSION_CHECK(7, 4, 0) || LVGL_VERSION_MAJOR >= 8
    .underline_position = -2,
    .underline_thickness = 1,
#endif
    .dsc = &font_dsc,          /*The custom font data. Will be accessed by `get_glyph_bitmap/dsc` */
#if LV_VERSION_CHECK(8, 2, 0) || LVGL_VERSION_MAJOR >= 9
    .fallback = NULL,
#endif
    .user_data = NULL,
};



#endif /*#if DISKOS_BAUH_UI_20*/

