/* SPDX-License-Identifier: OFL-1.1 */
/* Glyph data converted from Inter (SIL OFL 1.1); licence text: licenses/OFL-1.1-Inter.txt */
/*******************************************************************************
 * Size: 24 px
 * Bpp: 4
 * Opts: --font Inter-VF-wght600.ttf --size 24 --bpp 4 --format lvgl --range 0x20-0x7E,0xA0-0xFF,0x2018-0x201D,0x2026,0x2022 --no-compress --force-fast-kern-format --lv-font-name diskos_hifi_ui_24 -o font_hifi_ui_24.c
 ******************************************************************************/

#ifdef LV_LVGL_H_INCLUDE_SIMPLE
#include "lvgl.h"
#else
#include "lvgl/lvgl.h"
#endif

#ifndef DISKOS_HIFI_UI_24
#define DISKOS_HIFI_UI_24 1
#endif

#if DISKOS_HIFI_UI_24

/*-----------------
 *    BITMAPS
 *----------------*/

/*Store the image of the glyphs*/
static LV_ATTRIBUTE_LARGE_CONST const uint8_t glyph_bitmap[] = {
    /* U+0020 " " */

    /* U+0021 "!" */
    0xc, 0xff, 0x80, 0xcf, 0xf7, 0xc, 0xff, 0x70,
    0xbf, 0xf7, 0xb, 0xff, 0x60, 0xbf, 0xf6, 0xb,
    0xff, 0x60, 0xaf, 0xf5, 0xa, 0xff, 0x50, 0xaf,
    0xf5, 0x9, 0xff, 0x40, 0x6a, 0xa3, 0x0, 0x0,
    0x0, 0x28, 0x70, 0xd, 0xff, 0x90, 0xff, 0xfb,
    0x6, 0xed, 0x30,

    /* U+0022 "\"" */
    0x9f, 0xf6, 0xd, 0xff, 0x28, 0xff, 0x50, 0xcf,
    0xf1, 0x7f, 0xf4, 0xb, 0xff, 0x7, 0xff, 0x40,
    0xbf, 0xf0, 0x6f, 0xf3, 0xa, 0xff, 0x5, 0xff,
    0x20, 0x9f, 0xe0, 0x4e, 0xe1, 0x8, 0xec, 0x0,

    /* U+0023 "#" */
    0x0, 0x0, 0x2f, 0xf2, 0x0, 0xf, 0xf5, 0x0,
    0x0, 0x0, 0x5f, 0xf0, 0x0, 0x3f, 0xf2, 0x0,
    0x0, 0x0, 0x8f, 0xd0, 0x0, 0x6f, 0xf0, 0x0,
    0x0, 0x0, 0xaf, 0xa0, 0x0, 0x8f, 0xd0, 0x0,
    0x5, 0xff, 0xff, 0xff, 0xff, 0xff, 0xff, 0xf0,
    0x8, 0xff, 0xff, 0xff, 0xff, 0xff, 0xff, 0xe0,
    0x3, 0x58, 0xff, 0x75, 0x56, 0xff, 0xa5, 0x40,
    0x0, 0x5, 0xff, 0x0, 0x3, 0xff, 0x20, 0x0,
    0x0, 0x8, 0xfd, 0x0, 0x6, 0xff, 0x0, 0x0,
    0x0, 0xb, 0xfa, 0x0, 0x8, 0xfc, 0x0, 0x0,
    0x6f, 0xff, 0xff, 0xff, 0xff, 0xff, 0xff, 0x0,
    0x8f, 0xff, 0xff, 0xff, 0xff, 0xff, 0xfe, 0x0,
    0x35, 0x8f, 0xf7, 0x55, 0x6f, 0xf9, 0x53, 0x0,
    0x0, 0x5f, 0xf0, 0x0, 0x3f, 0xf1, 0x0, 0x0,
    0x0, 0x8f, 0xd0, 0x0, 0x6f, 0xf0, 0x0, 0x0,
    0x0, 0xbf, 0xa0, 0x0, 0x9f, 0xc0, 0x0, 0x0,
    0x0, 0xdf, 0x70, 0x0, 0xbf, 0x90, 0x0, 0x0,

    /* U+0024 "$" */
    0x0, 0x0, 0x0, 0xd9, 0x0, 0x0, 0x0, 0x0,
    0x0, 0x0, 0xd9, 0x0, 0x0, 0x0, 0x0, 0x0,
    0x0, 0xd9, 0x0, 0x0, 0x0, 0x0, 0x4, 0xad,
    0xff, 0xd9, 0x30, 0x0, 0x0, 0xaf, 0xff, 0xff,
    0xff, 0xf9, 0x0, 0xa, 0xff, 0xfd, 0xff, 0xef,
    0xff, 0x80, 0x2f, 0xff, 0x50, 0xd9, 0x7, 0xff,
    0xf0, 0x5f, 0xfd, 0x0, 0xd9, 0x0, 0xbd, 0xd2,
    0x5f, 0xfe, 0x10, 0xd9, 0x0, 0x0, 0x0, 0x1f,
    0xff, 0xe5, 0xe9, 0x0, 0x0, 0x0, 0x5, 0xff,
    0xff, 0xff, 0x83, 0x0, 0x0, 0x0, 0x2a, 0xff,
    0xff, 0xff, 0xd4, 0x0, 0x0, 0x0, 0x5, 0xff,
    0xff, 0xff, 0x70, 0x0, 0x0, 0x0, 0xd9, 0x29,
    0xff, 0xf2, 0x22, 0x20, 0x0, 0xd9, 0x0, 0xcf,
    0xf6, 0xcf, 0xf6, 0x0, 0xd9, 0x0, 0xbf, 0xf7,
    0x8f, 0xfe, 0x30, 0xd9, 0x6, 0xff, 0xf4, 0x1e,
    0xff, 0xfc, 0xff, 0xdf, 0xff, 0xc0, 0x3, 0xef,
    0xff, 0xff, 0xff, 0xfc, 0x10, 0x0, 0x6, 0xbe,
    0xff, 0xda, 0x50, 0x0, 0x0, 0x0, 0x0, 0xd9,
    0x0, 0x0, 0x0, 0x0, 0x0, 0x0, 0xd9, 0x0,
    0x0, 0x0,

    /* U+0025 "%" */
    0x2, 0xbf, 0xfb, 0x30, 0x0, 0x0, 0x0, 0x7f,
    0xc0, 0x0, 0x1e, 0xff, 0xff, 0xf2, 0x0, 0x0,
    0x3, 0xff, 0x20, 0x0, 0x7f, 0xd1, 0xd, 0xf8,
    0x0, 0x0, 0xd, 0xf5, 0x0, 0x0, 0xaf, 0x90,
    0x8, 0xfa, 0x0, 0x0, 0x9f, 0xa0, 0x0, 0x0,
    0xaf, 0x90, 0x8, 0xfa, 0x0, 0x5, 0xfe, 0x10,
    0x0, 0x0, 0x7f, 0xe2, 0x1d, 0xf8, 0x0, 0x1e,
    0xf4, 0x0, 0x0, 0x0, 0x1e, 0xff, 0xff, 0xe1,
    0x0, 0xbf, 0x80, 0x0, 0x0, 0x0, 0x1, 0x9d,
    0xda, 0x20, 0x6, 0xfd, 0x0, 0x0, 0x0, 0x0,
    0x0, 0x0, 0x0, 0x0, 0x2f, 0xf2, 0x0, 0x0,
    0x0, 0x0, 0x0, 0x0, 0x0, 0x0, 0xdf, 0x60,
    0x1, 0xae, 0xfb, 0x30, 0x0, 0x0, 0x0, 0x8,
    0xfb, 0x0, 0x1e, 0xff, 0xff, 0xf2, 0x0, 0x0,
    0x0, 0x4f, 0xe1, 0x0, 0x6f, 0xe1, 0xc, 0xf9,
    0x0, 0x0, 0x1, 0xef, 0x50, 0x0, 0x9f, 0xa0,
    0x7, 0xfb, 0x0, 0x0, 0xa, 0xf9, 0x0, 0x0,
    0x9f, 0xa0, 0x7, 0xfb, 0x0, 0x0, 0x6f, 0xd0,
    0x0, 0x0, 0x7f, 0xe1, 0xc, 0xf9, 0x0, 0x2,
    0xff, 0x30, 0x0, 0x0, 0x1e, 0xff, 0xff, 0xf2,
    0x0, 0xc, 0xf7, 0x0, 0x0, 0x0, 0x2, 0xbf,
    0xfb, 0x30,

    /* U+0026 "&" */
    0x0, 0x4, 0xbe, 0xfc, 0x60, 0x0, 0x0, 0x0,
    0x7, 0xff, 0xff, 0xff, 0xa0, 0x0, 0x0, 0x1,
    0xff, 0xf9, 0x8e, 0xff, 0x40, 0x0, 0x0, 0x6f,
    0xf7, 0x0, 0x3f, 0xf7, 0x0, 0x0, 0x6, 0xff,
    0x50, 0x3, 0xff, 0x60, 0x0, 0x0, 0x3f, 0xfb,
    0x1, 0xdf, 0xf1, 0x0, 0x0, 0x0, 0xcf, 0xfc,
    0xff, 0xf5, 0x0, 0x0, 0x0, 0x2, 0xff, 0xff,
    0xe4, 0x0, 0x0, 0x0, 0x0, 0x5f, 0xff, 0xf4,
    0x0, 0x4, 0x42, 0x0, 0x9f, 0xff, 0xff, 0xe2,
    0x0, 0xff, 0x90, 0x6f, 0xfd, 0x28, 0xff, 0xd1,
    0x3f, 0xf8, 0xd, 0xff, 0x40, 0x9, 0xff, 0xca,
    0xff, 0x40, 0xef, 0xf1, 0x0, 0xa, 0xff, 0xff,
    0xe0, 0xc, 0xff, 0x70, 0x0, 0xf, 0xff, 0xf5,
    0x0, 0x5f, 0xff, 0xb7, 0x8c, 0xff, 0xff, 0x70,
    0x0, 0x8f, 0xff, 0xff, 0xff, 0xff, 0xff, 0x60,
    0x0, 0x4a, 0xef, 0xfc, 0x71, 0x2e, 0xff, 0x40,

    /* U+0027 "'" */
    0x9f, 0xf6, 0x8f, 0xf5, 0x7f, 0xf4, 0x7f, 0xf4,
    0x6f, 0xf3, 0x5f, 0xf2, 0x4e, 0xe1,

    /* U+0028 "(" */
    0x0, 0x5, 0x55, 0x0, 0x4, 0xff, 0xb0, 0x0,
    0xcf, 0xf4, 0x0, 0x3f, 0xfe, 0x0, 0x8, 0xff,
    0x80, 0x0, 0xdf, 0xf3, 0x0, 0x2f, 0xff, 0x0,
    0x5, 0xff, 0xc0, 0x0, 0x8f, 0xf9, 0x0, 0xa,
    0xff, 0x60, 0x0, 0xcf, 0xf5, 0x0, 0xc, 0xff,
    0x40, 0x0, 0xcf, 0xf4, 0x0, 0xb, 0xff, 0x60,
    0x0, 0x9f, 0xf8, 0x0, 0x6, 0xff, 0xb0, 0x0,
    0x2f, 0xfe, 0x0, 0x0, 0xdf, 0xf3, 0x0, 0x7,
    0xff, 0x90, 0x0, 0x1f, 0xfe, 0x0, 0x0, 0x9f,
    0xf6, 0x0, 0x1, 0xff, 0xd0,

    /* U+0029 ")" */
    0x5, 0x54, 0x0, 0x0, 0xcf, 0xf3, 0x0, 0x5,
    0xff, 0xb0, 0x0, 0xe, 0xff, 0x20, 0x0, 0x9f,
    0xf7, 0x0, 0x4, 0xff, 0xc0, 0x0, 0xf, 0xff,
    0x10, 0x0, 0xcf, 0xf4, 0x0, 0x9, 0xff, 0x70,
    0x0, 0x7f, 0xf9, 0x0, 0x6, 0xff, 0xb0, 0x0,
    0x5f, 0xfc, 0x0, 0x5, 0xff, 0xb0, 0x0, 0x6f,
    0xfa, 0x0, 0x8, 0xff, 0x80, 0x0, 0xcf, 0xf5,
    0x0, 0xf, 0xff, 0x10, 0x4, 0xff, 0xc0, 0x0,
    0xaf, 0xf7, 0x0, 0xf, 0xff, 0x10, 0x7, 0xff,
    0x80, 0x0, 0xdf, 0xf1, 0x0,

    /* U+002A "*" */
    0x0, 0x0, 0x8f, 0x70, 0x0, 0x0, 0x21, 0x7,
    0xf6, 0x1, 0x20, 0xd, 0xe5, 0x6f, 0x55, 0xec,
    0x1, 0xbf, 0xfe, 0xfe, 0xff, 0xa1, 0x0, 0x3b,
    0xff, 0xfb, 0x20, 0x0, 0x18, 0xff, 0xff, 0xf8,
    0x10, 0x1f, 0xfe, 0xaf, 0xae, 0xfe, 0x10, 0x9a,
    0x17, 0xf6, 0x1a, 0x90, 0x0, 0x0, 0x7f, 0x60,
    0x0, 0x0, 0x0, 0x5, 0xa4, 0x0, 0x0,

    /* U+002B "+" */
    0x0, 0x0, 0x4f, 0xf6, 0x0, 0x0, 0x0, 0x0,
    0x4f, 0xf6, 0x0, 0x0, 0x0, 0x0, 0x4f, 0xf6,
    0x0, 0x0, 0x0, 0x0, 0x4f, 0xf6, 0x0, 0x0,
    0x57, 0x77, 0xbf, 0xfd, 0x77, 0x77, 0xdf, 0xff,
    0xff, 0xff, 0xff, 0xff, 0xdf, 0xff, 0xff, 0xff,
    0xff, 0xff, 0x0, 0x0, 0x4f, 0xf6, 0x0, 0x0,
    0x0, 0x0, 0x4f, 0xf6, 0x0, 0x0, 0x0, 0x0,
    0x4f, 0xf6, 0x0, 0x0, 0x0, 0x0, 0x4f, 0xf6,
    0x0, 0x0, 0x0, 0x0, 0x28, 0x83, 0x0, 0x0,

    /* U+002C "," */
    0x8, 0xee, 0x60, 0xbf, 0xf3, 0xe, 0xfe, 0x0,
    0xff, 0x90, 0x3f, 0xf4, 0x5, 0xff, 0x0, 0x7f,
    0xb0, 0x0,

    /* U+002D "-" */
    0x27, 0x77, 0x77, 0x77, 0x35, 0xff, 0xff, 0xff,
    0xf8, 0x5f, 0xff, 0xff, 0xff, 0x80,

    /* U+002E "." */
    0x2, 0x97, 0x0, 0xdf, 0xf8, 0xf, 0xff, 0xa0,
    0x6e, 0xd2,

    /* U+002F "/" */
    0x0, 0x0, 0x0, 0x78, 0x50, 0x0, 0x0, 0x3f,
    0xf6, 0x0, 0x0, 0x8, 0xff, 0x20, 0x0, 0x0,
    0xcf, 0xe0, 0x0, 0x0, 0x1f, 0xf9, 0x0, 0x0,
    0x5, 0xff, 0x50, 0x0, 0x0, 0x9f, 0xf1, 0x0,
    0x0, 0xe, 0xfc, 0x0, 0x0, 0x2, 0xff, 0x80,
    0x0, 0x0, 0x7f, 0xf3, 0x0, 0x0, 0xb, 0xff,
    0x0, 0x0, 0x0, 0xff, 0xa0, 0x0, 0x0, 0x4f,
    0xf6, 0x0, 0x0, 0x8, 0xff, 0x20, 0x0, 0x0,
    0xdf, 0xd0, 0x0, 0x0, 0x1f, 0xf9, 0x0, 0x0,
    0x5, 0xff, 0x40, 0x0, 0x0, 0xaf, 0xf0, 0x0,
    0x0, 0xe, 0xfc, 0x0, 0x0, 0x2, 0xff, 0x70,
    0x0, 0x0, 0x7f, 0xf3, 0x0, 0x0, 0x0,

    /* U+0030 "0" */
    0x0, 0x2, 0x9d, 0xff, 0xd8, 0x10, 0x0, 0x0,
    0x4f, 0xff, 0xff, 0xff, 0xe2, 0x0, 0x2, 0xff,
    0xfe, 0xaa, 0xff, 0xfe, 0x10, 0xc, 0xff, 0xc0,
    0x0, 0x1e, 0xff, 0x90, 0x2f, 0xff, 0x20, 0x0,
    0x4, 0xff, 0xf0, 0x7f, 0xfb, 0x0, 0x0, 0x0,
    0xef, 0xf4, 0xaf, 0xf8, 0x0, 0x0, 0x0, 0xbf,
    0xf7, 0xbf, 0xf6, 0x0, 0x0, 0x0, 0x9f, 0xf8,
    0xcf, 0xf5, 0x0, 0x0, 0x0, 0x8f, 0xf9, 0xbf,
    0xf6, 0x0, 0x0, 0x0, 0x9f, 0xf8, 0xaf, 0xf8,
    0x0, 0x0, 0x0, 0xbf, 0xf7, 0x7f, 0xfb, 0x0,
    0x0, 0x0, 0xef, 0xf4, 0x2f, 0xff, 0x20, 0x0,
    0x4, 0xff, 0xf0, 0xc, 0xff, 0xc0, 0x0, 0x1e,
    0xff, 0x90, 0x3, 0xff, 0xfe, 0xaa, 0xff, 0xfe,
    0x10, 0x0, 0x4f, 0xff, 0xff, 0xff, 0xe2, 0x0,
    0x0, 0x1, 0x8d, 0xfe, 0xc7, 0x10, 0x0,

    /* U+0031 "1" */
    0x0, 0x1b, 0xff, 0xf6, 0x4, 0xef, 0xff, 0xf6,
    0x9f, 0xff, 0xef, 0xf6, 0xef, 0xd3, 0xbf, 0xf6,
    0xe9, 0x0, 0xbf, 0xf6, 0x30, 0x0, 0xbf, 0xf6,
    0x0, 0x0, 0xbf, 0xf6, 0x0, 0x0, 0xbf, 0xf6,
    0x0, 0x0, 0xbf, 0xf6, 0x0, 0x0, 0xbf, 0xf6,
    0x0, 0x0, 0xbf, 0xf6, 0x0, 0x0, 0xbf, 0xf6,
    0x0, 0x0, 0xbf, 0xf6, 0x0, 0x0, 0xbf, 0xf6,
    0x0, 0x0, 0xbf, 0xf6, 0x0, 0x0, 0xbf, 0xf6,
    0x0, 0x0, 0xbf, 0xf6,

    /* U+0032 "2" */
    0x0, 0x6, 0xbe, 0xfe, 0xa5, 0x0, 0x0, 0x1c,
    0xff, 0xff, 0xff, 0xfa, 0x0, 0xb, 0xff, 0xf9,
    0x8b, 0xff, 0xf8, 0x3, 0xff, 0xe2, 0x0, 0x5,
    0xff, 0xf0, 0x6f, 0xf9, 0x0, 0x0, 0xd, 0xff,
    0x32, 0x44, 0x20, 0x0, 0x0, 0xdf, 0xf2, 0x0,
    0x0, 0x0, 0x0, 0x2f, 0xfe, 0x0, 0x0, 0x0,
    0x0, 0xc, 0xff, 0x70, 0x0, 0x0, 0x0, 0xb,
    0xff, 0xb0, 0x0, 0x0, 0x0, 0xb, 0xff, 0xc0,
    0x0, 0x0, 0x0, 0x1c, 0xff, 0xc1, 0x0, 0x0,
    0x0, 0x1d, 0xff, 0xc0, 0x0, 0x0, 0x0, 0x1d,
    0xff, 0xc0, 0x0, 0x0, 0x0, 0x2e, 0xff, 0xc0,
    0x0, 0x0, 0x0, 0x2e, 0xff, 0xfa, 0xaa, 0xaa,
    0xaa, 0x56, 0xff, 0xff, 0xff, 0xff, 0xff, 0xf8,
    0x6f, 0xff, 0xff, 0xff, 0xff, 0xff, 0x80,

    /* U+0033 "3" */
    0x0, 0x5, 0xae, 0xfe, 0xc7, 0x0, 0x0, 0x0,
    0xbf, 0xff, 0xff, 0xff, 0xd2, 0x0, 0xa, 0xff,
    0xfa, 0x89, 0xff, 0xfd, 0x0, 0x2f, 0xff, 0x30,
    0x0, 0x1e, 0xff, 0x40, 0x3a, 0xa7, 0x0, 0x0,
    0xa, 0xff, 0x60, 0x0, 0x0, 0x0, 0x0, 0xc,
    0xff, 0x40, 0x0, 0x0, 0x0, 0x2, 0xaf, 0xfb,
    0x0, 0x0, 0x0, 0x3f, 0xff, 0xfe, 0x80, 0x0,
    0x0, 0x0, 0x3f, 0xff, 0xfd, 0x81, 0x0, 0x0,
    0x0, 0x15, 0x68, 0xdf, 0xfe, 0x20, 0x0, 0x0,
    0x0, 0x0, 0xb, 0xff, 0xb0, 0x0, 0x0, 0x0,
    0x0, 0x3, 0xff, 0xf0, 0x8d, 0xd6, 0x0, 0x0,
    0x4, 0xff, 0xf0, 0x7f, 0xfe, 0x20, 0x0, 0x1c,
    0xff, 0xc0, 0xe, 0xff, 0xfb, 0x9a, 0xff, 0xff,
    0x40, 0x2, 0xdf, 0xff, 0xff, 0xff, 0xf5, 0x0,
    0x0, 0x6, 0xbe, 0xfe, 0xc8, 0x10, 0x0,

    /* U+0034 "4" */
    0x0, 0x0, 0x0, 0xa, 0xff, 0xf9, 0x0, 0x0,
    0x0, 0x0, 0x4f, 0xff, 0xf9, 0x0, 0x0, 0x0,
    0x0, 0xef, 0xff, 0xf9, 0x0, 0x0, 0x0, 0x9,
    0xff, 0xff, 0xf9, 0x0, 0x0, 0x0, 0x3f, 0xfd,
    0x6f, 0xf9, 0x0, 0x0, 0x0, 0xdf, 0xf3, 0x6f,
    0xf9, 0x0, 0x0, 0x8, 0xff, 0x90, 0x6f, 0xf9,
    0x0, 0x0, 0x2f, 0xfe, 0x0, 0x6f, 0xf9, 0x0,
    0x0, 0xcf, 0xf4, 0x0, 0x6f, 0xf9, 0x0, 0x6,
    0xff, 0xa0, 0x0, 0x6f, 0xf9, 0x0, 0x1f, 0xfe,
    0x10, 0x0, 0x6f, 0xf9, 0x0, 0xaf, 0xfd, 0x99,
    0x99, 0xff, 0xff, 0x97, 0xcf, 0xff, 0xff, 0xff,
    0xff, 0xff, 0xfd, 0xcf, 0xff, 0xff, 0xff, 0xff,
    0xff, 0xfd, 0x0, 0x0, 0x0, 0x0, 0x7f, 0xf9,
    0x0, 0x0, 0x0, 0x0, 0x0, 0x7f, 0xf9, 0x0,
    0x0, 0x0, 0x0, 0x0, 0x7f, 0xf9, 0x0,

    /* U+0035 "5" */
    0x9, 0xff, 0xff, 0xff, 0xff, 0xf9, 0x0, 0xbf,
    0xff, 0xff, 0xff, 0xff, 0x90, 0xc, 0xff, 0x99,
    0x99, 0x99, 0x95, 0x0, 0xef, 0xf0, 0x0, 0x0,
    0x0, 0x0, 0xf, 0xfd, 0x0, 0x0, 0x0, 0x0,
    0x1, 0xff, 0xb0, 0x25, 0x52, 0x0, 0x0, 0x3f,
    0xfb, 0xbf, 0xff, 0xfc, 0x20, 0x5, 0xff, 0xff,
    0xff, 0xff, 0xff, 0x30, 0x4b, 0xed, 0x51, 0x4,
    0xdf, 0xfd, 0x0, 0x0, 0x0, 0x0, 0x2, 0xff,
    0xf3, 0x0, 0x0, 0x0, 0x0, 0xa, 0xff, 0x60,
    0x0, 0x0, 0x0, 0x0, 0x9f, 0xf7, 0x9d, 0xd4,
    0x0, 0x0, 0xc, 0xff, 0x57, 0xff, 0xd1, 0x0,
    0x6, 0xff, 0xf0, 0x1e, 0xff, 0xe9, 0x8c, 0xff,
    0xf6, 0x0, 0x3e, 0xff, 0xff, 0xff, 0xf8, 0x0,
    0x0, 0x7, 0xce, 0xfd, 0x93, 0x0, 0x0,

    /* U+0036 "6" */
    0x0, 0x0, 0x7c, 0xff, 0xd8, 0x10, 0x0, 0x0,
    0x2e, 0xff, 0xff, 0xff, 0xf5, 0x0, 0x1, 0xef,
    0xff, 0xbb, 0xef, 0xff, 0x20, 0xa, 0xff, 0xc1,
    0x0, 0xb, 0xff, 0xa0, 0x1f, 0xff, 0x10, 0x0,
    0x1, 0x88, 0x70, 0x6f, 0xf9, 0x0, 0x35, 0x41,
    0x0, 0x0, 0x9f, 0xf5, 0x3d, 0xff, 0xff, 0x90,
    0x0, 0xbf, 0xf7, 0xff, 0xff, 0xff, 0xfc, 0x0,
    0xcf, 0xff, 0xe5, 0x11, 0x7f, 0xff, 0x70, 0xcf,
    0xff, 0x30, 0x0, 0x6, 0xff, 0xe0, 0xbf, 0xfb,
    0x0, 0x0, 0x0, 0xff, 0xf0, 0x8f, 0xfa, 0x0,
    0x0, 0x0, 0xef, 0xf1, 0x4f, 0xfd, 0x0, 0x0,
    0x2, 0xff, 0xf0, 0xe, 0xff, 0x80, 0x0, 0xc,
    0xff, 0xa0, 0x5, 0xff, 0xfc, 0x89, 0xef, 0xff,
    0x20, 0x0, 0x6f, 0xff, 0xff, 0xff, 0xe3, 0x0,
    0x0, 0x2, 0x9d, 0xfe, 0xc7, 0x10, 0x0,

    /* U+0037 "7" */
    0xf, 0xff, 0xff, 0xff, 0xff, 0xff, 0xd0, 0xff,
    0xff, 0xff, 0xff, 0xff, 0xfd, 0xa, 0xaa, 0xaa,
    0xaa, 0xad, 0xff, 0xd0, 0x0, 0x0, 0x0, 0x0,
    0xdf, 0xf6, 0x0, 0x0, 0x0, 0x0, 0x6f, 0xfd,
    0x0, 0x0, 0x0, 0x0, 0xd, 0xff, 0x60, 0x0,
    0x0, 0x0, 0x6, 0xff, 0xd0, 0x0, 0x0, 0x0,
    0x0, 0xef, 0xf5, 0x0, 0x0, 0x0, 0x0, 0x7f,
    0xfd, 0x0, 0x0, 0x0, 0x0, 0xe, 0xff, 0x40,
    0x0, 0x0, 0x0, 0x7, 0xff, 0xc0, 0x0, 0x0,
    0x0, 0x0, 0xef, 0xf4, 0x0, 0x0, 0x0, 0x0,
    0x8f, 0xfc, 0x0, 0x0, 0x0, 0x0, 0x1f, 0xff,
    0x30, 0x0, 0x0, 0x0, 0x8, 0xff, 0xb0, 0x0,
    0x0, 0x0, 0x1, 0xff, 0xf3, 0x0, 0x0, 0x0,
    0x0, 0x9f, 0xfa, 0x0, 0x0, 0x0, 0x0,

    /* U+0038 "8" */
    0x0, 0x5, 0xbe, 0xfe, 0xc7, 0x10, 0x0, 0x0,
    0xcf, 0xff, 0xff, 0xff, 0xe3, 0x0, 0xa, 0xff,
    0xf9, 0x78, 0xdf, 0xfe, 0x10, 0xf, 0xff, 0x40,
    0x0, 0xd, 0xff, 0x60, 0x1f, 0xff, 0x0, 0x0,
    0x9, 0xff, 0x70, 0xd, 0xff, 0x30, 0x0, 0xd,
    0xff, 0x30, 0x3, 0xff, 0xf8, 0x56, 0xdf, 0xf8,
    0x0, 0x0, 0x2b, 0xff, 0xff, 0xfe, 0x40, 0x0,
    0x1, 0xbf, 0xff, 0xff, 0xff, 0xe4, 0x0, 0xd,
    0xff, 0xb3, 0x1, 0x8f, 0xff, 0x40, 0x7f, 0xfc,
    0x0, 0x0, 0x7, 0xff, 0xd0, 0xbf, 0xf7, 0x0,
    0x0, 0x2, 0xff, 0xf1, 0xbf, 0xf8, 0x0, 0x0,
    0x2, 0xff, 0xf1, 0x8f, 0xfe, 0x10, 0x0, 0xa,
    0xff, 0xe0, 0x1e, 0xff, 0xe8, 0x67, 0xcf, 0xff,
    0x50, 0x2, 0xdf, 0xff, 0xff, 0xff, 0xf6, 0x0,
    0x0, 0x6, 0xbe, 0xfe, 0xc8, 0x20, 0x0,

    /* U+0039 "9" */
    0x0, 0x5, 0xbe, 0xfe, 0xb4, 0x0, 0x0, 0x1,
    0xcf, 0xff, 0xff, 0xff, 0xb0, 0x0, 0xc, 0xff,
    0xfb, 0x8a, 0xff, 0xfa, 0x0, 0x5f, 0xff, 0x30,
    0x0, 0x3f, 0xff, 0x30, 0xaf, 0xf7, 0x0, 0x0,
    0x7, 0xff, 0xa0, 0xcf, 0xf4, 0x0, 0x0, 0x4,
    0xff, 0xe0, 0xbf, 0xf6, 0x0, 0x0, 0x7, 0xff,
    0xf0, 0x7f, 0xfe, 0x10, 0x0, 0x2e, 0xff, 0xf1,
    0x1e, 0xff, 0xe8, 0x69, 0xff, 0xff, 0xf1, 0x3,
    0xef, 0xff, 0xff, 0xf4, 0xff, 0xf0, 0x0, 0x18,
    0xdf, 0xea, 0x20, 0xff, 0xe0, 0x0, 0x0, 0x0,
    0x0, 0x4, 0xff, 0xb0, 0x6c, 0xc7, 0x0, 0x0,
    0xb, 0xff, 0x60, 0x4f, 0xff, 0x40, 0x0, 0x7f,
    0xfe, 0x10, 0xb, 0xff, 0xfc, 0xad, 0xff, 0xf5,
    0x0, 0x1, 0xcf, 0xff, 0xff, 0xff, 0x70, 0x0,
    0x0, 0x6, 0xce, 0xfe, 0x93, 0x0, 0x0,

    /* U+003A ":" */
    0x2, 0x97, 0x0, 0xdf, 0xf8, 0xf, 0xff, 0xa0,
    0x6e, 0xd2, 0x0, 0x0, 0x0, 0x0, 0x0, 0x0,
    0x0, 0x0, 0x0, 0x0, 0x0, 0x0, 0x0, 0x29,
    0x70, 0xd, 0xff, 0x80, 0xff, 0xfa, 0x6, 0xed,
    0x20,

    /* U+003B ";" */
    0x0, 0x89, 0x10, 0x9f, 0xfc, 0xb, 0xff, 0xe0,
    0x3d, 0xe5, 0x0, 0x0, 0x0, 0x0, 0x0, 0x0,
    0x0, 0x0, 0x0, 0x0, 0x0, 0x0, 0x0, 0x0,
    0x0, 0x8, 0xee, 0x60, 0xbf, 0xf3, 0xe, 0xfe,
    0x0, 0xff, 0x90, 0x3f, 0xf4, 0x5, 0xff, 0x0,
    0x7f, 0xb0, 0x0,

    /* U+003C "<" */
    0x0, 0x0, 0x0, 0x0, 0x0, 0x0, 0x10, 0x0,
    0x0, 0x0, 0x0, 0x4, 0xc9, 0x0, 0x0, 0x0,
    0x0, 0x6d, 0xff, 0xa0, 0x0, 0x0, 0x17, 0xef,
    0xff, 0xf8, 0x0, 0x2, 0x9f, 0xff, 0xff, 0x92,
    0x0, 0x3a, 0xff, 0xff, 0xd7, 0x0, 0x0, 0xf,
    0xff, 0xfb, 0x40, 0x0, 0x0, 0x0, 0xff, 0xfc,
    0x30, 0x0, 0x0, 0x0, 0xa, 0xff, 0xff, 0xd6,
    0x0, 0x0, 0x0, 0x1, 0x8f, 0xff, 0xfe, 0x82,
    0x0, 0x0, 0x0, 0x7, 0xef, 0xff, 0xfb, 0x30,
    0x0, 0x0, 0x0, 0x5c, 0xff, 0xfa, 0x0, 0x0,
    0x0, 0x0, 0x4, 0xbf, 0xa0, 0x0, 0x0, 0x0,
    0x0, 0x0, 0x25,

    /* U+003D "=" */
    0x9f, 0xff, 0xff, 0xff, 0xff, 0xfb, 0x9f, 0xff,
    0xff, 0xff, 0xff, 0xfb, 0x58, 0x88, 0x88, 0x88,
    0x88, 0x86, 0x0, 0x0, 0x0, 0x0, 0x0, 0x0,
    0x0, 0x0, 0x0, 0x0, 0x0, 0x0, 0x59, 0x99,
    0x99, 0x99, 0x99, 0x96, 0x9f, 0xff, 0xff, 0xff,
    0xff, 0xfb, 0x9f, 0xff, 0xff, 0xff, 0xff, 0xfb,

    /* U+003E ">" */
    0x10, 0x0, 0x0, 0x0, 0x0, 0x0, 0x7, 0xd5,
    0x0, 0x0, 0x0, 0x0, 0x0, 0x7f, 0xfe, 0x70,
    0x0, 0x0, 0x0, 0x6, 0xff, 0xff, 0xf8, 0x10,
    0x0, 0x0, 0x1, 0x8e, 0xff, 0xff, 0xa2, 0x0,
    0x0, 0x0, 0x5, 0xcf, 0xff, 0xfb, 0x40, 0x0,
    0x0, 0x0, 0x3a, 0xff, 0xff, 0x20, 0x0, 0x0,
    0x0, 0x2b, 0xff, 0xf2, 0x0, 0x0, 0x5, 0xcf,
    0xff, 0xfb, 0x10, 0x1, 0x7e, 0xff, 0xff, 0x92,
    0x0, 0x2a, 0xff, 0xff, 0xe8, 0x10, 0x0, 0x7,
    0xff, 0xfd, 0x60, 0x0, 0x0, 0x0, 0x7f, 0xc5,
    0x0, 0x0, 0x0, 0x0, 0x4, 0x30, 0x0, 0x0,
    0x0, 0x0, 0x0,

    /* U+003F "?" */
    0x0, 0x5, 0xbe, 0xfe, 0xb5, 0x0, 0x0, 0xbf,
    0xff, 0xff, 0xff, 0xa0, 0x7, 0xff, 0xfa, 0x7b,
    0xff, 0xf6, 0xe, 0xff, 0x50, 0x0, 0x9f, 0xfc,
    0xa, 0xaa, 0x0, 0x0, 0x4f, 0xfd, 0x0, 0x0,
    0x0, 0x0, 0x7f, 0xfb, 0x0, 0x0, 0x0, 0x6,
    0xff, 0xf4, 0x0, 0x0, 0x1, 0xaf, 0xff, 0x70,
    0x0, 0x0, 0xc, 0xff, 0xe4, 0x0, 0x0, 0x0,
    0x3f, 0xfe, 0x10, 0x0, 0x0, 0x0, 0x6f, 0xf7,
    0x0, 0x0, 0x0, 0x0, 0x4a, 0xa3, 0x0, 0x0,
    0x0, 0x0, 0x0, 0x0, 0x0, 0x0, 0x0, 0x0,
    0x18, 0x71, 0x0, 0x0, 0x0, 0x0, 0xcf, 0xfa,
    0x0, 0x0, 0x0, 0x0, 0xef, 0xfc, 0x0, 0x0,
    0x0, 0x0, 0x5e, 0xe4, 0x0, 0x0,

    /* U+0040 "@" */
    0x0, 0x0, 0x0, 0x27, 0xbd, 0xff, 0xec, 0x84,
    0x0, 0x0, 0x0, 0x0, 0x0, 0x2a, 0xff, 0xff,
    0xff, 0xff, 0xff, 0xc4, 0x0, 0x0, 0x0, 0x5,
    0xff, 0xff, 0xa7, 0x55, 0x68, 0xcf, 0xff, 0x70,
    0x0, 0x0, 0x4f, 0xff, 0x80, 0x0, 0x0, 0x0,
    0x3, 0xdf, 0xf7, 0x0, 0x1, 0xef, 0xf4, 0x0,
    0x0, 0x0, 0x0, 0x0, 0xb, 0xff, 0x30, 0x9,
    0xff, 0x50, 0x0, 0x2, 0x43, 0x0, 0x0, 0x1,
    0xef, 0xc0, 0x1f, 0xfc, 0x0, 0x3, 0xdf, 0xff,
    0xd6, 0xff, 0x0, 0x7f, 0xf2, 0x5f, 0xf6, 0x0,
    0x3f, 0xff, 0xff, 0xff, 0xff, 0x0, 0x1f, 0xf7,
    0x9f, 0xf1, 0x0, 0xcf, 0xe5, 0x1, 0x6f, 0xff,
    0x0, 0xe, 0xfa, 0xaf, 0xf0, 0x2, 0xff, 0x50,
    0x0, 0x9, 0xff, 0x0, 0xc, 0xfb, 0xcf, 0xe0,
    0x5, 0xff, 0x0, 0x0, 0x5, 0xff, 0x0, 0xc,
    0xfb, 0xcf, 0xe0, 0x6, 0xfe, 0x0, 0x0, 0x5,
    0xff, 0x0, 0xc, 0xfa, 0xbf, 0xf0, 0x5, 0xff,
    0x0, 0x0, 0x6, 0xff, 0x0, 0xe, 0xf8, 0x9f,
    0xf1, 0x1, 0xff, 0x60, 0x0, 0xb, 0xff, 0x0,
    0x1f, 0xf5, 0x5f, 0xf5, 0x0, 0xbf, 0xf5, 0x12,
    0x8f, 0xff, 0x51, 0xaf, 0xe0, 0x1f, 0xfc, 0x0,
    0x1e, 0xff, 0xff, 0xfa, 0xdf, 0xff, 0xff, 0x50,
    0xa, 0xff, 0x50, 0x1, 0x9e, 0xfe, 0x80, 0x2a,
    0xef, 0xc5, 0x0, 0x2, 0xff, 0xf3, 0x0, 0x0,
    0x0, 0x0, 0x0, 0x0, 0x0, 0x0, 0x0, 0x6f,
    0xff, 0x81, 0x0, 0x0, 0x0, 0x0, 0x0, 0x0,
    0x0, 0x0, 0x7, 0xff, 0xff, 0xb7, 0x65, 0x67,
    0xae, 0x60, 0x0, 0x0, 0x0, 0x0, 0x3c, 0xff,
    0xff, 0xff, 0xff, 0xff, 0xc0, 0x0, 0x0, 0x0,
    0x0, 0x0, 0x37, 0xbd, 0xff, 0xed, 0xa6, 0x10,
    0x0, 0x0,

    /* U+0041 "A" */
    0x0, 0x0, 0x0, 0x7f, 0xff, 0xd0, 0x0, 0x0,
    0x0, 0x0, 0x0, 0xd, 0xff, 0xff, 0x30, 0x0,
    0x0, 0x0, 0x0, 0x3, 0xff, 0xef, 0xf9, 0x0,
    0x0, 0x0, 0x0, 0x0, 0x9f, 0xf6, 0xff, 0xe0,
    0x0, 0x0, 0x0, 0x0, 0xe, 0xff, 0x1c, 0xff,
    0x40, 0x0, 0x0, 0x0, 0x4, 0xff, 0xc0, 0x7f,
    0xfa, 0x0, 0x0, 0x0, 0x0, 0xaf, 0xf8, 0x3,
    0xff, 0xf1, 0x0, 0x0, 0x0, 0xf, 0xff, 0x30,
    0xd, 0xff, 0x60, 0x0, 0x0, 0x5, 0xff, 0xe0,
    0x0, 0x8f, 0xfc, 0x0, 0x0, 0x0, 0xbf, 0xf8,
    0x0, 0x3, 0xff, 0xf2, 0x0, 0x0, 0x1f, 0xff,
    0xb7, 0x77, 0x7f, 0xff, 0x80, 0x0, 0x7, 0xff,
    0xff, 0xff, 0xff, 0xff, 0xfd, 0x0, 0x0, 0xcf,
    0xff, 0xff, 0xff, 0xff, 0xff, 0xf3, 0x0, 0x2f,
    0xff, 0x30, 0x0, 0x0, 0xc, 0xff, 0x90, 0x8,
    0xff, 0xd0, 0x0, 0x0, 0x0, 0x6f, 0xff, 0x0,
    0xdf, 0xf8, 0x0, 0x0, 0x0, 0x1, 0xff, 0xf5,
    0x3f, 0xff, 0x20, 0x0, 0x0, 0x0, 0xb, 0xff,
    0xb0,

    /* U+0042 "B" */
    0x3f, 0xff, 0xff, 0xff, 0xec, 0x60, 0x0, 0x3f,
    0xff, 0xff, 0xff, 0xff, 0xfd, 0x10, 0x3f, 0xff,
    0x88, 0x89, 0xcf, 0xff, 0xa0, 0x3f, 0xfe, 0x0,
    0x0, 0x8, 0xff, 0xf0, 0x3f, 0xfe, 0x0, 0x0,
    0x1, 0xff, 0xf0, 0x3f, 0xfe, 0x0, 0x0, 0x3,
    0xff, 0xd0, 0x3f, 0xfe, 0x0, 0x0, 0x4e, 0xff,
    0x40, 0x3f, 0xff, 0xff, 0xff, 0xff, 0x92, 0x0,
    0x3f, 0xff, 0xff, 0xff, 0xff, 0xf9, 0x10, 0x3f,
    0xfe, 0x33, 0x33, 0x6d, 0xff, 0xc0, 0x3f, 0xfe,
    0x0, 0x0, 0x0, 0xdf, 0xf6, 0x3f, 0xfe, 0x0,
    0x0, 0x0, 0x8f, 0xfa, 0x3f, 0xfe, 0x0, 0x0,
    0x0, 0x8f, 0xfb, 0x3f, 0xfe, 0x0, 0x0, 0x1,
    0xef, 0xf8, 0x3f, 0xff, 0x99, 0x99, 0xbf, 0xff,
    0xf2, 0x3f, 0xff, 0xff, 0xff, 0xff, 0xff, 0x60,
    0x3f, 0xff, 0xff, 0xff, 0xfd, 0x92, 0x0,

    /* U+0043 "C" */
    0x0, 0x0, 0x29, 0xdf, 0xfe, 0xb5, 0x0, 0x0,
    0x0, 0x8, 0xff, 0xff, 0xff, 0xff, 0xd2, 0x0,
    0x0, 0xaf, 0xff, 0xfd, 0xce, 0xff, 0xfe, 0x20,
    0x6, 0xff, 0xf9, 0x10, 0x0, 0x5e, 0xff, 0xc0,
    0x1f, 0xff, 0x90, 0x0, 0x0, 0x3, 0xff, 0xf3,
    0x6f, 0xfe, 0x0, 0x0, 0x0, 0x0, 0x9c, 0xc5,
    0x9f, 0xf9, 0x0, 0x0, 0x0, 0x0, 0x0, 0x0,
    0xbf, 0xf6, 0x0, 0x0, 0x0, 0x0, 0x0, 0x0,
    0xcf, 0xf5, 0x0, 0x0, 0x0, 0x0, 0x0, 0x0,
    0xbf, 0xf6, 0x0, 0x0, 0x0, 0x0, 0x0, 0x0,
    0x9f, 0xf9, 0x0, 0x0, 0x0, 0x0, 0x0, 0x0,
    0x6f, 0xfe, 0x0, 0x0, 0x0, 0x0, 0x9c, 0xc6,
    0x1f, 0xff, 0x80, 0x0, 0x0, 0x2, 0xff, 0xf3,
    0x7, 0xff, 0xf9, 0x10, 0x0, 0x5e, 0xff, 0xb0,
    0x0, 0xaf, 0xff, 0xfd, 0xce, 0xff, 0xfe, 0x20,
    0x0, 0x8, 0xff, 0xff, 0xff, 0xff, 0xc2, 0x0,
    0x0, 0x0, 0x29, 0xdf, 0xfe, 0xb5, 0x0, 0x0,

    /* U+0044 "D" */
    0x3f, 0xff, 0xff, 0xff, 0xda, 0x50, 0x0, 0x0,
    0x3f, 0xff, 0xff, 0xff, 0xff, 0xfc, 0x10, 0x0,
    0x3f, 0xff, 0xaa, 0xab, 0xef, 0xff, 0xe2, 0x0,
    0x3f, 0xfe, 0x0, 0x0, 0x4, 0xef, 0xfc, 0x0,
    0x3f, 0xfe, 0x0, 0x0, 0x0, 0x2f, 0xff, 0x40,
    0x3f, 0xfe, 0x0, 0x0, 0x0, 0x8, 0xff, 0xa0,
    0x3f, 0xfe, 0x0, 0x0, 0x0, 0x3, 0xff, 0xe0,
    0x3f, 0xfe, 0x0, 0x0, 0x0, 0x0, 0xff, 0xf0,
    0x3f, 0xfe, 0x0, 0x0, 0x0, 0x0, 0xff, 0xf1,
    0x3f, 0xfe, 0x0, 0x0, 0x0, 0x0, 0xff, 0xf0,
    0x3f, 0xfe, 0x0, 0x0, 0x0, 0x3, 0xff, 0xe0,
    0x3f, 0xfe, 0x0, 0x0, 0x0, 0x8, 0xff, 0xa0,
    0x3f, 0xfe, 0x0, 0x0, 0x0, 0x2f, 0xff, 0x40,
    0x3f, 0xfe, 0x0, 0x0, 0x5, 0xef, 0xfc, 0x0,
    0x3f, 0xff, 0xaa, 0xab, 0xef, 0xff, 0xe1, 0x0,
    0x3f, 0xff, 0xff, 0xff, 0xff, 0xfc, 0x10, 0x0,
    0x3f, 0xff, 0xff, 0xff, 0xda, 0x40, 0x0, 0x0,

    /* U+0045 "E" */
    0x3f, 0xff, 0xff, 0xff, 0xff, 0xff, 0x13, 0xff,
    0xff, 0xff, 0xff, 0xff, 0xf1, 0x3f, 0xff, 0x99,
    0x99, 0x99, 0x99, 0x13, 0xff, 0xe0, 0x0, 0x0,
    0x0, 0x0, 0x3f, 0xfe, 0x0, 0x0, 0x0, 0x0,
    0x3, 0xff, 0xe0, 0x0, 0x0, 0x0, 0x0, 0x3f,
    0xfe, 0x0, 0x0, 0x0, 0x0, 0x3, 0xff, 0xff,
    0xff, 0xff, 0xff, 0x80, 0x3f, 0xff, 0xff, 0xff,
    0xff, 0xf8, 0x3, 0xff, 0xf8, 0x88, 0x88, 0x88,
    0x40, 0x3f, 0xfe, 0x0, 0x0, 0x0, 0x0, 0x3,
    0xff, 0xe0, 0x0, 0x0, 0x0, 0x0, 0x3f, 0xfe,
    0x0, 0x0, 0x0, 0x0, 0x3, 0xff, 0xe0, 0x0,
    0x0, 0x0, 0x0, 0x3f, 0xff, 0x99, 0x99, 0x99,
    0x99, 0x13, 0xff, 0xff, 0xff, 0xff, 0xff, 0xf2,
    0x3f, 0xff, 0xff, 0xff, 0xff, 0xff, 0x20,

    /* U+0046 "F" */
    0x3f, 0xff, 0xff, 0xff, 0xff, 0xff, 0x3f, 0xff,
    0xff, 0xff, 0xff, 0xff, 0x3f, 0xff, 0x99, 0x99,
    0x99, 0x98, 0x3f, 0xfe, 0x0, 0x0, 0x0, 0x0,
    0x3f, 0xfe, 0x0, 0x0, 0x0, 0x0, 0x3f, 0xfe,
    0x0, 0x0, 0x0, 0x0, 0x3f, 0xfe, 0x0, 0x0,
    0x0, 0x0, 0x3f, 0xff, 0x88, 0x88, 0x88, 0x81,
    0x3f, 0xff, 0xff, 0xff, 0xff, 0xf2, 0x3f, 0xff,
    0xff, 0xff, 0xff, 0xf2, 0x3f, 0xfe, 0x0, 0x0,
    0x0, 0x0, 0x3f, 0xfe, 0x0, 0x0, 0x0, 0x0,
    0x3f, 0xfe, 0x0, 0x0, 0x0, 0x0, 0x3f, 0xfe,
    0x0, 0x0, 0x0, 0x0, 0x3f, 0xfe, 0x0, 0x0,
    0x0, 0x0, 0x3f, 0xfe, 0x0, 0x0, 0x0, 0x0,
    0x3f, 0xfe, 0x0, 0x0, 0x0, 0x0,

    /* U+0047 "G" */
    0x0, 0x0, 0x29, 0xdf, 0xfe, 0xa5, 0x0, 0x0,
    0x0, 0x8, 0xff, 0xff, 0xff, 0xff, 0xd2, 0x0,
    0x0, 0xaf, 0xff, 0xfd, 0xce, 0xff, 0xfe, 0x20,
    0x6, 0xff, 0xf9, 0x10, 0x0, 0x5e, 0xff, 0xc0,
    0xf, 0xff, 0x90, 0x0, 0x0, 0x3, 0xff, 0xf4,
    0x6f, 0xfe, 0x0, 0x0, 0x0, 0x0, 0x68, 0x83,
    0x9f, 0xf9, 0x0, 0x0, 0x0, 0x0, 0x0, 0x0,
    0xbf, 0xf6, 0x0, 0x0, 0x0, 0x0, 0x0, 0x0,
    0xcf, 0xf5, 0x0, 0x0, 0x5f, 0xff, 0xff, 0xfb,
    0xbf, 0xf6, 0x0, 0x0, 0x5f, 0xff, 0xff, 0xfb,
    0x9f, 0xf9, 0x0, 0x0, 0x26, 0x66, 0xaf, 0xfa,
    0x6f, 0xfe, 0x0, 0x0, 0x0, 0x0, 0x8f, 0xf8,
    0x1f, 0xff, 0x90, 0x0, 0x0, 0x1, 0xef, 0xf4,
    0x7, 0xff, 0xf9, 0x10, 0x0, 0x3d, 0xff, 0xd0,
    0x0, 0xbf, 0xff, 0xfd, 0xce, 0xff, 0xff, 0x20,
    0x0, 0x8, 0xff, 0xff, 0xff, 0xff, 0xd3, 0x0,
    0x0, 0x0, 0x29, 0xdf, 0xfe, 0xb6, 0x0, 0x0,

    /* U+0048 "H" */
    0x3f, 0xfe, 0x0, 0x0, 0x0, 0x0, 0xff, 0xf2,
    0x3f, 0xfe, 0x0, 0x0, 0x0, 0x0, 0xff, 0xf2,
    0x3f, 0xfe, 0x0, 0x0, 0x0, 0x0, 0xff, 0xf2,
    0x3f, 0xfe, 0x0, 0x0, 0x0, 0x0, 0xff, 0xf2,
    0x3f, 0xfe, 0x0, 0x0, 0x0, 0x0, 0xff, 0xf2,
    0x3f, 0xfe, 0x0, 0x0, 0x0, 0x0, 0xff, 0xf2,
    0x3f, 0xfe, 0x0, 0x0, 0x0, 0x0, 0xff, 0xf2,
    0x3f, 0xff, 0xff, 0xff, 0xff, 0xff, 0xff, 0xf2,
    0x3f, 0xff, 0xff, 0xff, 0xff, 0xff, 0xff, 0xf2,
    0x3f, 0xff, 0x99, 0x99, 0x99, 0x99, 0xff, 0xf2,
    0x3f, 0xfe, 0x0, 0x0, 0x0, 0x0, 0xff, 0xf2,
    0x3f, 0xfe, 0x0, 0x0, 0x0, 0x0, 0xff, 0xf2,
    0x3f, 0xfe, 0x0, 0x0, 0x0, 0x0, 0xff, 0xf2,
    0x3f, 0xfe, 0x0, 0x0, 0x0, 0x0, 0xff, 0xf2,
    0x3f, 0xfe, 0x0, 0x0, 0x0, 0x0, 0xff, 0xf2,
    0x3f, 0xfe, 0x0, 0x0, 0x0, 0x0, 0xff, 0xf2,
    0x3f, 0xfe, 0x0, 0x0, 0x0, 0x0, 0xff, 0xf2,

    /* U+0049 "I" */
    0x3f, 0xfe, 0x3f, 0xfe, 0x3f, 0xfe, 0x3f, 0xfe,
    0x3f, 0xfe, 0x3f, 0xfe, 0x3f, 0xfe, 0x3f, 0xfe,
    0x3f, 0xfe, 0x3f, 0xfe, 0x3f, 0xfe, 0x3f, 0xfe,
    0x3f, 0xfe, 0x3f, 0xfe, 0x3f, 0xfe, 0x3f, 0xfe,
    0x3f, 0xfe,

    /* U+004A "J" */
    0x0, 0x0, 0x0, 0x0, 0xf, 0xff, 0x20, 0x0,
    0x0, 0x0, 0x0, 0xff, 0xf2, 0x0, 0x0, 0x0,
    0x0, 0xf, 0xff, 0x20, 0x0, 0x0, 0x0, 0x0,
    0xff, 0xf2, 0x0, 0x0, 0x0, 0x0, 0xf, 0xff,
    0x20, 0x0, 0x0, 0x0, 0x0, 0xff, 0xf2, 0x0,
    0x0, 0x0, 0x0, 0xf, 0xff, 0x20, 0x0, 0x0,
    0x0, 0x0, 0xff, 0xf2, 0x0, 0x0, 0x0, 0x0,
    0xf, 0xff, 0x20, 0x0, 0x0, 0x0, 0x0, 0xff,
    0xf2, 0x2, 0x22, 0x0, 0x0, 0xf, 0xff, 0x21,
    0xff, 0xf0, 0x0, 0x0, 0xff, 0xf2, 0xf, 0xff,
    0x20, 0x0, 0xf, 0xff, 0x10, 0xdf, 0xf9, 0x0,
    0x7, 0xff, 0xe0, 0x7, 0xff, 0xfc, 0x9b, 0xff,
    0xf8, 0x0, 0xa, 0xff, 0xff, 0xff, 0xfb, 0x0,
    0x0, 0x5, 0xbe, 0xfe, 0xb6, 0x0, 0x0,

    /* U+004B "K" */
    0x3f, 0xfe, 0x0, 0x0, 0x0, 0x3f, 0xff, 0xa0,
    0x3f, 0xfe, 0x0, 0x0, 0x2, 0xef, 0xfb, 0x0,
    0x3f, 0xfe, 0x0, 0x0, 0x1e, 0xff, 0xc0, 0x0,
    0x3f, 0xfe, 0x0, 0x1, 0xdf, 0xfd, 0x10, 0x0,
    0x3f, 0xfe, 0x0, 0xc, 0xff, 0xe2, 0x0, 0x0,
    0x3f, 0xfe, 0x0, 0xaf, 0xff, 0x30, 0x0, 0x0,
    0x3f, 0xfd, 0x8, 0xff, 0xf4, 0x0, 0x0, 0x0,
    0x3f, 0xfd, 0x4f, 0xff, 0xd0, 0x0, 0x0, 0x0,
    0x3f, 0xff, 0xef, 0xff, 0xf4, 0x0, 0x0, 0x0,
    0x3f, 0xff, 0xff, 0xdf, 0xfe, 0x10, 0x0, 0x0,
    0x3f, 0xff, 0xf3, 0xe, 0xff, 0xa0, 0x0, 0x0,
    0x3f, 0xff, 0x40, 0x4, 0xff, 0xf5, 0x0, 0x0,
    0x3f, 0xff, 0x0, 0x0, 0x8f, 0xff, 0x20, 0x0,
    0x3f, 0xfe, 0x0, 0x0, 0xd, 0xff, 0xc0, 0x0,
    0x3f, 0xfe, 0x0, 0x0, 0x3, 0xff, 0xf7, 0x0,
    0x3f, 0xfe, 0x0, 0x0, 0x0, 0x7f, 0xff, 0x30,
    0x3f, 0xfe, 0x0, 0x0, 0x0, 0xc, 0xff, 0xd0,

    /* U+004C "L" */
    0x3f, 0xfe, 0x0, 0x0, 0x0, 0x0, 0x3f, 0xfe,
    0x0, 0x0, 0x0, 0x0, 0x3f, 0xfe, 0x0, 0x0,
    0x0, 0x0, 0x3f, 0xfe, 0x0, 0x0, 0x0, 0x0,
    0x3f, 0xfe, 0x0, 0x0, 0x0, 0x0, 0x3f, 0xfe,
    0x0, 0x0, 0x0, 0x0, 0x3f, 0xfe, 0x0, 0x0,
    0x0, 0x0, 0x3f, 0xfe, 0x0, 0x0, 0x0, 0x0,
    0x3f, 0xfe, 0x0, 0x0, 0x0, 0x0, 0x3f, 0xfe,
    0x0, 0x0, 0x0, 0x0, 0x3f, 0xfe, 0x0, 0x0,
    0x0, 0x0, 0x3f, 0xfe, 0x0, 0x0, 0x0, 0x0,
    0x3f, 0xfe, 0x0, 0x0, 0x0, 0x0, 0x3f, 0xfe,
    0x0, 0x0, 0x0, 0x0, 0x3f, 0xff, 0x99, 0x99,
    0x99, 0x95, 0x3f, 0xff, 0xff, 0xff, 0xff, 0xf9,
    0x3f, 0xff, 0xff, 0xff, 0xff, 0xf9,

    /* U+004D "M" */
    0x3f, 0xff, 0xfa, 0x0, 0x0, 0x0, 0x0, 0x8f,
    0xff, 0xf6, 0x3f, 0xff, 0xff, 0x10, 0x0, 0x0,
    0x0, 0xef, 0xff, 0xf6, 0x3f, 0xff, 0xff, 0x60,
    0x0, 0x0, 0x4, 0xff, 0xff, 0xf6, 0x3f, 0xfd,
    0xff, 0xc0, 0x0, 0x0, 0xa, 0xff, 0xcf, 0xf6,
    0x3f, 0xfc, 0xcf, 0xf2, 0x0, 0x0, 0x1f, 0xfd,
    0xaf, 0xf6, 0x3f, 0xfc, 0x7f, 0xf8, 0x0, 0x0,
    0x6f, 0xf8, 0xbf, 0xf6, 0x3f, 0xfc, 0x2f, 0xfe,
    0x0, 0x0, 0xcf, 0xf3, 0xbf, 0xf6, 0x3f, 0xfd,
    0xd, 0xff, 0x40, 0x2, 0xff, 0xe0, 0xbf, 0xf6,
    0x3f, 0xfd, 0x7, 0xff, 0xa0, 0x8, 0xff, 0x90,
    0xbf, 0xf6, 0x3f, 0xfd, 0x1, 0xff, 0xf0, 0xd,
    0xff, 0x30, 0xbf, 0xf6, 0x3f, 0xfd, 0x0, 0xbf,
    0xf4, 0x1f, 0xfd, 0x0, 0xbf, 0xf6, 0x3f, 0xfd,
    0x0, 0x5f, 0xf9, 0x6f, 0xf7, 0x0, 0xbf, 0xf6,
    0x3f, 0xfd, 0x0, 0xe, 0xfd, 0xaf, 0xf1, 0x0,
    0xbf, 0xf6, 0x3f, 0xfd, 0x0, 0x9, 0xff, 0xff,
    0xb0, 0x0, 0xbf, 0xf6, 0x3f, 0xfd, 0x0, 0x3,
    0xff, 0xff, 0x50, 0x0, 0xbf, 0xf6, 0x3f, 0xfd,
    0x0, 0x0, 0xdf, 0xfe, 0x0, 0x0, 0xbf, 0xf6,
    0x3f, 0xfd, 0x0, 0x0, 0x7f, 0xf9, 0x0, 0x0,
    0xbf, 0xf6,

    /* U+004E "N" */
    0x3f, 0xff, 0x90, 0x0, 0x0, 0x0, 0xbf, 0xf7,
    0x3f, 0xff, 0xf4, 0x0, 0x0, 0x0, 0xbf, 0xf7,
    0x3f, 0xff, 0xfd, 0x0, 0x0, 0x0, 0xbf, 0xf7,
    0x3f, 0xff, 0xff, 0x80, 0x0, 0x0, 0xbf, 0xf7,
    0x3f, 0xfc, 0xdf, 0xf3, 0x0, 0x0, 0xbf, 0xf7,
    0x3f, 0xfd, 0x4f, 0xfc, 0x0, 0x0, 0xbf, 0xf7,
    0x3f, 0xfd, 0xb, 0xff, 0x70, 0x0, 0xbf, 0xf7,
    0x3f, 0xfe, 0x2, 0xff, 0xf2, 0x0, 0xbf, 0xf7,
    0x3f, 0xff, 0x0, 0x8f, 0xfb, 0x0, 0xbf, 0xf7,
    0x3f, 0xff, 0x0, 0xd, 0xff, 0x50, 0xbf, 0xf7,
    0x3f, 0xff, 0x0, 0x4, 0xff, 0xe0, 0xaf, 0xf7,
    0x3f, 0xff, 0x0, 0x0, 0x9f, 0xf8, 0xaf, 0xf7,
    0x3f, 0xff, 0x0, 0x0, 0x1e, 0xff, 0xaf, 0xf7,
    0x3f, 0xff, 0x0, 0x0, 0x5, 0xff, 0xff, 0xf7,
    0x3f, 0xff, 0x0, 0x0, 0x0, 0xaf, 0xff, 0xf7,
    0x3f, 0xff, 0x0, 0x0, 0x0, 0x1f, 0xff, 0xf7,
    0x3f, 0xff, 0x0, 0x0, 0x0, 0x6, 0xff, 0xf7,

    /* U+004F "O" */
    0x0, 0x0, 0x29, 0xdf, 0xfe, 0xb5, 0x0, 0x0,
    0x0, 0x0, 0x8f, 0xff, 0xff, 0xff, 0xfd, 0x20,
    0x0, 0x0, 0xaf, 0xff, 0xfd, 0xce, 0xff, 0xff,
    0x20, 0x0, 0x6f, 0xff, 0x91, 0x0, 0x5, 0xef,
    0xfd, 0x0, 0x1f, 0xff, 0x90, 0x0, 0x0, 0x2,
    0xff, 0xf7, 0x6, 0xff, 0xe0, 0x0, 0x0, 0x0,
    0x8, 0xff, 0xd0, 0x9f, 0xf9, 0x0, 0x0, 0x0,
    0x0, 0x2f, 0xff, 0xb, 0xff, 0x60, 0x0, 0x0,
    0x0, 0x0, 0xff, 0xf2, 0xcf, 0xf5, 0x0, 0x0,
    0x0, 0x0, 0xe, 0xff, 0x3b, 0xff, 0x60, 0x0,
    0x0, 0x0, 0x0, 0xff, 0xf2, 0x9f, 0xf9, 0x0,
    0x0, 0x0, 0x0, 0x2f, 0xff, 0x6, 0xff, 0xe0,
    0x0, 0x0, 0x0, 0x8, 0xff, 0xd0, 0x1f, 0xff,
    0x90, 0x0, 0x0, 0x2, 0xff, 0xf7, 0x0, 0x6f,
    0xff, 0x91, 0x0, 0x5, 0xef, 0xfd, 0x0, 0x0,
    0xaf, 0xff, 0xfd, 0xce, 0xff, 0xff, 0x20, 0x0,
    0x0, 0x8f, 0xff, 0xff, 0xff, 0xfd, 0x20, 0x0,
    0x0, 0x0, 0x29, 0xdf, 0xfd, 0xb5, 0x0, 0x0,
    0x0,

    /* U+0050 "P" */
    0x3f, 0xff, 0xff, 0xff, 0xea, 0x50, 0x0, 0x3f,
    0xff, 0xff, 0xff, 0xff, 0xfa, 0x0, 0x3f, 0xff,
    0x99, 0x9a, 0xdf, 0xff, 0x90, 0x3f, 0xfe, 0x0,
    0x0, 0x8, 0xff, 0xf1, 0x3f, 0xfe, 0x0, 0x0,
    0x0, 0xef, 0xf5, 0x3f, 0xfe, 0x0, 0x0, 0x0,
    0xcf, 0xf6, 0x3f, 0xfe, 0x0, 0x0, 0x0, 0xef,
    0xf5, 0x3f, 0xfe, 0x0, 0x0, 0x8, 0xff, 0xf1,
    0x3f, 0xff, 0x88, 0x89, 0xdf, 0xff, 0x80, 0x3f,
    0xff, 0xff, 0xff, 0xff, 0xfa, 0x0, 0x3f, 0xff,
    0xff, 0xff, 0xea, 0x40, 0x0, 0x3f, 0xfe, 0x0,
    0x0, 0x0, 0x0, 0x0, 0x3f, 0xfe, 0x0, 0x0,
    0x0, 0x0, 0x0, 0x3f, 0xfe, 0x0, 0x0, 0x0,
    0x0, 0x0, 0x3f, 0xfe, 0x0, 0x0, 0x0, 0x0,
    0x0, 0x3f, 0xfe, 0x0, 0x0, 0x0, 0x0, 0x0,
    0x3f, 0xfe, 0x0, 0x0, 0x0, 0x0, 0x0,

    /* U+0051 "Q" */
    0x0, 0x0, 0x29, 0xdf, 0xfe, 0xb5, 0x0, 0x0,
    0x0, 0x0, 0x8f, 0xff, 0xff, 0xff, 0xfd, 0x20,
    0x0, 0x0, 0xaf, 0xff, 0xfd, 0xce, 0xff, 0xff,
    0x20, 0x0, 0x6f, 0xff, 0x91, 0x0, 0x5, 0xef,
    0xfd, 0x0, 0x1f, 0xff, 0x90, 0x0, 0x0, 0x2,
    0xff, 0xf7, 0x6, 0xff, 0xe0, 0x0, 0x0, 0x0,
    0x8, 0xff, 0xd0, 0x9f, 0xf9, 0x0, 0x0, 0x0,
    0x0, 0x2f, 0xff, 0xb, 0xff, 0x60, 0x0, 0x0,
    0x0, 0x0, 0xff, 0xf2, 0xcf, 0xf5, 0x0, 0x0,
    0x0, 0x0, 0xe, 0xff, 0x3b, 0xff, 0x60, 0x0,
    0x0, 0x0, 0x0, 0xff, 0xf2, 0x9f, 0xf9, 0x0,
    0x0, 0x0, 0x0, 0x2f, 0xff, 0x6, 0xff, 0xe0,
    0x0, 0x5c, 0xc4, 0x8, 0xff, 0xd0, 0x1f, 0xff,
    0x90, 0x0, 0xbf, 0xf5, 0xff, 0xf7, 0x0, 0x6f,
    0xff, 0x91, 0x0, 0xdf, 0xff, 0xfd, 0x0, 0x0,
    0xaf, 0xff, 0xfd, 0xcf, 0xff, 0xff, 0x20, 0x0,
    0x0, 0x8f, 0xff, 0xff, 0xff, 0xff, 0xd0, 0x0,
    0x0, 0x0, 0x29, 0xdf, 0xfd, 0xbc, 0xff, 0x90,
    0x0, 0x0, 0x0, 0x0, 0x0, 0x0, 0x9, 0xff,
    0x60,

    /* U+0052 "R" */
    0x3f, 0xff, 0xff, 0xff, 0xeb, 0x50, 0x0, 0x3,
    0xff, 0xff, 0xff, 0xff, 0xff, 0xc0, 0x0, 0x3f,
    0xff, 0x99, 0x9a, 0xdf, 0xff, 0xa0, 0x3, 0xff,
    0xe0, 0x0, 0x0, 0x7f, 0xff, 0x20, 0x3f, 0xfe,
    0x0, 0x0, 0x0, 0xef, 0xf5, 0x3, 0xff, 0xe0,
    0x0, 0x0, 0xc, 0xff, 0x60, 0x3f, 0xfe, 0x0,
    0x0, 0x1, 0xff, 0xf4, 0x3, 0xff, 0xe0, 0x0,
    0x3, 0xcf, 0xfe, 0x0, 0x3f, 0xff, 0xff, 0xff,
    0xff, 0xff, 0x50, 0x3, 0xff, 0xff, 0xff, 0xff,
    0xff, 0x50, 0x0, 0x3f, 0xff, 0x88, 0x8f, 0xff,
    0x90, 0x0, 0x3, 0xff, 0xe0, 0x0, 0x5f, 0xff,
    0x10, 0x0, 0x3f, 0xfe, 0x0, 0x0, 0xdf, 0xfa,
    0x0, 0x3, 0xff, 0xe0, 0x0, 0x4, 0xff, 0xf2,
    0x0, 0x3f, 0xfe, 0x0, 0x0, 0xc, 0xff, 0xb0,
    0x3, 0xff, 0xe0, 0x0, 0x0, 0x3f, 0xff, 0x40,
    0x3f, 0xfe, 0x0, 0x0, 0x0, 0xbf, 0xfc, 0x0,

    /* U+0053 "S" */
    0x0, 0x4, 0xad, 0xff, 0xd9, 0x30, 0x0, 0x0,
    0xaf, 0xff, 0xff, 0xff, 0xf9, 0x0, 0xa, 0xff,
    0xfd, 0xaa, 0xef, 0xff, 0x80, 0x2f, 0xff, 0x50,
    0x0, 0x7, 0xff, 0xf0, 0x5f, 0xfd, 0x0, 0x0,
    0x0, 0xbd, 0xd2, 0x5f, 0xfe, 0x10, 0x0, 0x0,
    0x0, 0x0, 0x1f, 0xff, 0xe5, 0x10, 0x0, 0x0,
    0x0, 0x5, 0xff, 0xff, 0xfc, 0x83, 0x0, 0x0,
    0x0, 0x2a, 0xff, 0xff, 0xff, 0xd4, 0x0, 0x0,
    0x0, 0x5, 0x8d, 0xff, 0xff, 0x70, 0x0, 0x0,
    0x0, 0x0, 0x29, 0xff, 0xf2, 0x22, 0x20, 0x0,
    0x0, 0x0, 0xcf, 0xf6, 0xcf, 0xf6, 0x0, 0x0,
    0x0, 0xbf, 0xf7, 0x8f, 0xfe, 0x30, 0x0, 0x6,
    0xff, 0xf4, 0x1e, 0xff, 0xfc, 0xaa, 0xdf, 0xff,
    0xc0, 0x3, 0xef, 0xff, 0xff, 0xff, 0xfc, 0x10,
    0x0, 0x6, 0xbe, 0xff, 0xda, 0x50, 0x0,

    /* U+0054 "T" */
    0xf, 0xff, 0xff, 0xff, 0xff, 0xff, 0xff, 0xe0,
    0xff, 0xff, 0xff, 0xff, 0xff, 0xff, 0xfe, 0x9,
    0x99, 0x99, 0xdf, 0xfc, 0x99, 0x99, 0x80, 0x0,
    0x0, 0xa, 0xff, 0x80, 0x0, 0x0, 0x0, 0x0,
    0x0, 0xaf, 0xf8, 0x0, 0x0, 0x0, 0x0, 0x0,
    0xa, 0xff, 0x80, 0x0, 0x0, 0x0, 0x0, 0x0,
    0xaf, 0xf8, 0x0, 0x0, 0x0, 0x0, 0x0, 0xa,
    0xff, 0x80, 0x0, 0x0, 0x0, 0x0, 0x0, 0xaf,
    0xf8, 0x0, 0x0, 0x0, 0x0, 0x0, 0xa, 0xff,
    0x80, 0x0, 0x0, 0x0, 0x0, 0x0, 0xaf, 0xf8,
    0x0, 0x0, 0x0, 0x0, 0x0, 0xa, 0xff, 0x80,
    0x0, 0x0, 0x0, 0x0, 0x0, 0xaf, 0xf8, 0x0,
    0x0, 0x0, 0x0, 0x0, 0xa, 0xff, 0x80, 0x0,
    0x0, 0x0, 0x0, 0x0, 0xaf, 0xf8, 0x0, 0x0,
    0x0, 0x0, 0x0, 0xa, 0xff, 0x80, 0x0, 0x0,
    0x0, 0x0, 0x0, 0xaf, 0xf8, 0x0, 0x0, 0x0,

    /* U+0055 "U" */
    0x3f, 0xfe, 0x0, 0x0, 0x0, 0x3, 0xff, 0xe3,
    0xff, 0xe0, 0x0, 0x0, 0x0, 0x3f, 0xfe, 0x3f,
    0xfe, 0x0, 0x0, 0x0, 0x3, 0xff, 0xe3, 0xff,
    0xe0, 0x0, 0x0, 0x0, 0x3f, 0xfe, 0x3f, 0xfe,
    0x0, 0x0, 0x0, 0x3, 0xff, 0xe3, 0xff, 0xe0,
    0x0, 0x0, 0x0, 0x3f, 0xfe, 0x3f, 0xfe, 0x0,
    0x0, 0x0, 0x3, 0xff, 0xe3, 0xff, 0xe0, 0x0,
    0x0, 0x0, 0x3f, 0xfe, 0x3f, 0xfe, 0x0, 0x0,
    0x0, 0x3, 0xff, 0xe3, 0xff, 0xe0, 0x0, 0x0,
    0x0, 0x3f, 0xfe, 0x3f, 0xfe, 0x0, 0x0, 0x0,
    0x3, 0xff, 0xe2, 0xff, 0xf0, 0x0, 0x0, 0x0,
    0x5f, 0xfd, 0xf, 0xff, 0x60, 0x0, 0x0, 0xb,
    0xff, 0xb0, 0xaf, 0xff, 0x60, 0x0, 0x1a, 0xff,
    0xf4, 0x1, 0xef, 0xff, 0xec, 0xcf, 0xff, 0xfa,
    0x0, 0x2, 0xdf, 0xff, 0xff, 0xff, 0xf9, 0x0,
    0x0, 0x0, 0x5b, 0xdf, 0xfd, 0x93, 0x0, 0x0,

    /* U+0056 "V" */
    0x3f, 0xff, 0x30, 0x0, 0x0, 0x0, 0xb, 0xff,
    0xb0, 0xdf, 0xf8, 0x0, 0x0, 0x0, 0x1, 0xff,
    0xf5, 0x7, 0xff, 0xe0, 0x0, 0x0, 0x0, 0x6f,
    0xff, 0x0, 0x2f, 0xff, 0x30, 0x0, 0x0, 0xb,
    0xff, 0xa0, 0x0, 0xcf, 0xf9, 0x0, 0x0, 0x1,
    0xff, 0xf4, 0x0, 0x6, 0xff, 0xe0, 0x0, 0x0,
    0x6f, 0xfe, 0x0, 0x0, 0xf, 0xff, 0x40, 0x0,
    0xb, 0xff, 0x80, 0x0, 0x0, 0xaf, 0xfa, 0x0,
    0x1, 0xff, 0xf3, 0x0, 0x0, 0x4, 0xff, 0xf0,
    0x0, 0x6f, 0xfd, 0x0, 0x0, 0x0, 0xe, 0xff,
    0x50, 0xb, 0xff, 0x70, 0x0, 0x0, 0x0, 0x9f,
    0xfa, 0x0, 0xff, 0xf1, 0x0, 0x0, 0x0, 0x3,
    0xff, 0xe0, 0x5f, 0xfb, 0x0, 0x0, 0x0, 0x0,
    0xd, 0xff, 0x39, 0xff, 0x60, 0x0, 0x0, 0x0,
    0x0, 0x7f, 0xf8, 0xef, 0xf0, 0x0, 0x0, 0x0,
    0x0, 0x1, 0xff, 0xff, 0xfa, 0x0, 0x0, 0x0,
    0x0, 0x0, 0xb, 0xff, 0xff, 0x40, 0x0, 0x0,
    0x0, 0x0, 0x0, 0x5f, 0xff, 0xe0, 0x0, 0x0,
    0x0,

    /* U+0057 "W" */
    0x4f, 0xff, 0x10, 0x0, 0x0, 0x8f, 0xff, 0x0,
    0x0, 0x0, 0x9f, 0xfb, 0xf, 0xff, 0x50, 0x0,
    0x0, 0xdf, 0xff, 0x40, 0x0, 0x0, 0xdf, 0xf7,
    0xb, 0xff, 0x90, 0x0, 0x1, 0xff, 0xff, 0x80,
    0x0, 0x1, 0xff, 0xf3, 0x7, 0xff, 0xd0, 0x0,
    0x5, 0xff, 0xff, 0xc0, 0x0, 0x5, 0xff, 0xe0,
    0x2, 0xff, 0xf1, 0x0, 0x9, 0xff, 0xbf, 0xf1,
    0x0, 0x9, 0xff, 0xa0, 0x0, 0xef, 0xf5, 0x0,
    0xd, 0xfd, 0x6f, 0xf5, 0x0, 0xd, 0xff, 0x50,
    0x0, 0x9f, 0xf9, 0x0, 0x1f, 0xfa, 0x3f, 0xf9,
    0x0, 0x1f, 0xff, 0x10, 0x0, 0x5f, 0xfd, 0x0,
    0x6f, 0xf7, 0xf, 0xfd, 0x0, 0x5f, 0xfc, 0x0,
    0x0, 0x1f, 0xff, 0x10, 0xaf, 0xf2, 0xb, 0xff,
    0x10, 0x9f, 0xf8, 0x0, 0x0, 0xc, 0xff, 0x50,
    0xef, 0xe0, 0x7, 0xff, 0x50, 0xdf, 0xf4, 0x0,
    0x0, 0x8, 0xff, 0x81, 0xff, 0xa0, 0x2, 0xff,
    0x90, 0xff, 0xf0, 0x0, 0x0, 0x3, 0xff, 0xb5,
    0xff, 0x50, 0x0, 0xef, 0xc4, 0xff, 0xb0, 0x0,
    0x0, 0x0, 0xef, 0xe8, 0xff, 0x10, 0x0, 0xaf,
    0xf7, 0xff, 0x60, 0x0, 0x0, 0x0, 0xaf, 0xfc,
    0xfd, 0x0, 0x0, 0x5f, 0xfd, 0xff, 0x20, 0x0,
    0x0, 0x0, 0x6f, 0xff, 0xf9, 0x0, 0x0, 0x1f,
    0xff, 0xfd, 0x0, 0x0, 0x0, 0x0, 0x1f, 0xff,
    0xf4, 0x0, 0x0, 0xd, 0xff, 0xf9, 0x0, 0x0,
    0x0, 0x0, 0xd, 0xff, 0xf0, 0x0, 0x0, 0x8,
    0xff, 0xf4, 0x0, 0x0,

    /* U+0058 "X" */
    0x8, 0xff, 0xf2, 0x0, 0x0, 0x0, 0xbf, 0xfd,
    0x0, 0xc, 0xff, 0xc0, 0x0, 0x0, 0x6f, 0xff,
    0x20, 0x0, 0x2f, 0xff, 0x70, 0x0, 0x2f, 0xff,
    0x70, 0x0, 0x0, 0x7f, 0xff, 0x20, 0xb, 0xff,
    0xb0, 0x0, 0x0, 0x0, 0xbf, 0xfb, 0x6, 0xff,
    0xf1, 0x0, 0x0, 0x0, 0x1, 0xff, 0xf5, 0xef,
    0xf5, 0x0, 0x0, 0x0, 0x0, 0x5, 0xff, 0xff,
    0xfa, 0x0, 0x0, 0x0, 0x0, 0x0, 0xa, 0xff,
    0xff, 0x10, 0x0, 0x0, 0x0, 0x0, 0x0, 0x5f,
    0xff, 0xe0, 0x0, 0x0, 0x0, 0x0, 0x0, 0x1e,
    0xff, 0xff, 0x50, 0x0, 0x0, 0x0, 0x0, 0xb,
    0xff, 0xef, 0xff, 0x20, 0x0, 0x0, 0x0, 0x6,
    0xff, 0xe1, 0xbf, 0xfc, 0x0, 0x0, 0x0, 0x2,
    0xff, 0xf6, 0x2, 0xff, 0xf7, 0x0, 0x0, 0x0,
    0xdf, 0xfb, 0x0, 0x7, 0xff, 0xf3, 0x0, 0x0,
    0x9f, 0xfe, 0x10, 0x0, 0xc, 0xff, 0xd0, 0x0,
    0x4f, 0xff, 0x40, 0x0, 0x0, 0x2f, 0xff, 0x90,
    0x1e, 0xff, 0x90, 0x0, 0x0, 0x0, 0x6f, 0xff,
    0x40,

    /* U+0059 "Y" */
    0x2f, 0xff, 0x80, 0x0, 0x0, 0x0, 0x6f, 0xff,
    0x30, 0x7f, 0xff, 0x20, 0x0, 0x0, 0xe, 0xff,
    0x90, 0x0, 0xdf, 0xfb, 0x0, 0x0, 0x8, 0xff,
    0xe1, 0x0, 0x3, 0xff, 0xf4, 0x0, 0x2, 0xff,
    0xf6, 0x0, 0x0, 0xa, 0xff, 0xd0, 0x0, 0xaf,
    0xfc, 0x0, 0x0, 0x0, 0x1e, 0xff, 0x60, 0x3f,
    0xff, 0x20, 0x0, 0x0, 0x0, 0x6f, 0xfe, 0xc,
    0xff, 0x80, 0x0, 0x0, 0x0, 0x0, 0xcf, 0xfa,
    0xff, 0xe0, 0x0, 0x0, 0x0, 0x0, 0x2, 0xff,
    0xff, 0xf5, 0x0, 0x0, 0x0, 0x0, 0x0, 0x8,
    0xff, 0xfb, 0x0, 0x0, 0x0, 0x0, 0x0, 0x0,
    0xf, 0xff, 0x30, 0x0, 0x0, 0x0, 0x0, 0x0,
    0x0, 0xff, 0xf2, 0x0, 0x0, 0x0, 0x0, 0x0,
    0x0, 0xf, 0xff, 0x20, 0x0, 0x0, 0x0, 0x0,
    0x0, 0x0, 0xff, 0xf2, 0x0, 0x0, 0x0, 0x0,
    0x0, 0x0, 0xf, 0xff, 0x20, 0x0, 0x0, 0x0,
    0x0, 0x0, 0x0, 0xff, 0xf2, 0x0, 0x0, 0x0,
    0x0, 0x0, 0x0, 0xf, 0xff, 0x20, 0x0, 0x0,
    0x0,

    /* U+005A "Z" */
    0xaf, 0xff, 0xff, 0xff, 0xff, 0xff, 0xf4, 0xaf,
    0xff, 0xff, 0xff, 0xff, 0xff, 0xf3, 0x59, 0x99,
    0x99, 0x99, 0x9e, 0xff, 0xd0, 0x0, 0x0, 0x0,
    0x0, 0x3f, 0xff, 0x20, 0x0, 0x0, 0x0, 0x1,
    0xef, 0xf6, 0x0, 0x0, 0x0, 0x0, 0xb, 0xff,
    0xb0, 0x0, 0x0, 0x0, 0x0, 0x7f, 0xfe, 0x10,
    0x0, 0x0, 0x0, 0x2, 0xff, 0xf4, 0x0, 0x0,
    0x0, 0x0, 0xd, 0xff, 0x80, 0x0, 0x0, 0x0,
    0x0, 0x9f, 0xfd, 0x0, 0x0, 0x0, 0x0, 0x4,
    0xff, 0xf2, 0x0, 0x0, 0x0, 0x0, 0x1e, 0xff,
    0x60, 0x0, 0x0, 0x0, 0x0, 0xbf, 0xfa, 0x0,
    0x0, 0x0, 0x0, 0x7, 0xff, 0xd0, 0x0, 0x0,
    0x0, 0x0, 0x3f, 0xff, 0xa8, 0x99, 0x99, 0x99,
    0x92, 0x9f, 0xff, 0xff, 0xff, 0xff, 0xff, 0xf5,
    0x9f, 0xff, 0xff, 0xff, 0xff, 0xff, 0xf5,

    /* U+005B "[" */
    0x35, 0x55, 0x53, 0xbf, 0xff, 0xfa, 0xbf, 0xff,
    0xfa, 0xbf, 0xf3, 0x0, 0xbf, 0xf3, 0x0, 0xbf,
    0xf3, 0x0, 0xbf, 0xf3, 0x0, 0xbf, 0xf3, 0x0,
    0xbf, 0xf3, 0x0, 0xbf, 0xf3, 0x0, 0xbf, 0xf3,
    0x0, 0xbf, 0xf3, 0x0, 0xbf, 0xf3, 0x0, 0xbf,
    0xf3, 0x0, 0xbf, 0xf3, 0x0, 0xbf, 0xf3, 0x0,
    0xbf, 0xf3, 0x0, 0xbf, 0xf3, 0x0, 0xbf, 0xf3,
    0x0, 0xbf, 0xf7, 0x53, 0xbf, 0xff, 0xfa, 0xbf,
    0xff, 0xfa,

    /* U+005C "\\" */
    0x48, 0x81, 0x0, 0x0, 0x5, 0xff, 0x50, 0x0,
    0x0, 0xf, 0xfa, 0x0, 0x0, 0x0, 0xcf, 0xe0,
    0x0, 0x0, 0x7, 0xff, 0x20, 0x0, 0x0, 0x3f,
    0xf7, 0x0, 0x0, 0x0, 0xef, 0xb0, 0x0, 0x0,
    0xa, 0xff, 0x0, 0x0, 0x0, 0x6f, 0xf4, 0x0,
    0x0, 0x1, 0xff, 0x80, 0x0, 0x0, 0xd, 0xfd,
    0x0, 0x0, 0x0, 0x9f, 0xf1, 0x0, 0x0, 0x4,
    0xff, 0x50, 0x0, 0x0, 0xf, 0xfa, 0x0, 0x0,
    0x0, 0xcf, 0xe0, 0x0, 0x0, 0x7, 0xff, 0x30,
    0x0, 0x0, 0x3f, 0xf7, 0x0, 0x0, 0x0, 0xef,
    0xb0, 0x0, 0x0, 0xa, 0xff, 0x0, 0x0, 0x0,
    0x6f, 0xf4, 0x0, 0x0, 0x1, 0xff, 0x90,

    /* U+005D "]" */
    0x35, 0x55, 0x53, 0xbf, 0xff, 0xfa, 0xbf, 0xff,
    0xfa, 0x0, 0x4f, 0xfa, 0x0, 0x4f, 0xfa, 0x0,
    0x4f, 0xfa, 0x0, 0x4f, 0xfa, 0x0, 0x4f, 0xfa,
    0x0, 0x4f, 0xfa, 0x0, 0x4f, 0xfa, 0x0, 0x4f,
    0xfa, 0x0, 0x4f, 0xfa, 0x0, 0x4f, 0xfa, 0x0,
    0x4f, 0xfa, 0x0, 0x4f, 0xfa, 0x0, 0x4f, 0xfa,
    0x0, 0x4f, 0xfa, 0x0, 0x4f, 0xfa, 0x0, 0x4f,
    0xfa, 0x35, 0x8f, 0xfa, 0xbf, 0xff, 0xfa, 0xbf,
    0xff, 0xfa,

    /* U+005E "^" */
    0x0, 0x0, 0x0, 0x0, 0x0, 0x0, 0x0, 0xd,
    0xff, 0x60, 0x0, 0x0, 0x5, 0xff, 0xfe, 0x0,
    0x0, 0x0, 0xdf, 0x7d, 0xf6, 0x0, 0x0, 0x6f,
    0xe0, 0x6f, 0xe0, 0x0, 0xd, 0xf8, 0x0, 0xef,
    0x70, 0x6, 0xff, 0x10, 0x7, 0xfe, 0x0, 0xdf,
    0x80, 0x0, 0x1e, 0xf6,

    /* U+005F "_" */
    0x66, 0x66, 0x66, 0x66, 0x66, 0x61, 0xff, 0xff,
    0xff, 0xff, 0xff, 0xf4, 0xff, 0xff, 0xff, 0xff,
    0xff, 0xf4,

    /* U+0060 "`" */
    0x7, 0x87, 0x0, 0x7, 0xff, 0x40, 0x0, 0xcf,
    0xb0, 0x0, 0x2f, 0xf3,

    /* U+0061 "a" */
    0x0, 0x3, 0xad, 0xfe, 0xc8, 0x10, 0x0, 0x8,
    0xff, 0xff, 0xff, 0xfe, 0x20, 0x5, 0xff, 0xf9,
    0x56, 0xcf, 0xfb, 0x0, 0x49, 0xc5, 0x0, 0x1,
    0xff, 0xf1, 0x0, 0x0, 0x0, 0x0, 0xe, 0xff,
    0x20, 0x0, 0x15, 0x8a, 0xcf, 0xff, 0xf2, 0x0,
    0xaf, 0xff, 0xff, 0xff, 0xff, 0x20, 0xaf, 0xfe,
    0x85, 0x20, 0xdf, 0xf2, 0xf, 0xff, 0x10, 0x0,
    0xe, 0xff, 0x21, 0xff, 0xe0, 0x0, 0x4, 0xff,
    0xf2, 0xe, 0xff, 0xb4, 0x48, 0xff, 0xff, 0x20,
    0x5f, 0xff, 0xff, 0xfb, 0xcf, 0xf2, 0x0, 0x3b,
    0xef, 0xd7, 0xc, 0xff, 0x20,

    /* U+0062 "b" */
    0x6f, 0xfa, 0x0, 0x0, 0x0, 0x0, 0x6, 0xff,
    0xa0, 0x0, 0x0, 0x0, 0x0, 0x6f, 0xfa, 0x0,
    0x0, 0x0, 0x0, 0x6, 0xff, 0xa0, 0x0, 0x0,
    0x0, 0x0, 0x6f, 0xfa, 0x8, 0xdf, 0xd9, 0x10,
    0x6, 0xff, 0xaa, 0xff, 0xff, 0xfe, 0x30, 0x6f,
    0xff, 0xfb, 0x79, 0xff, 0xfe, 0x6, 0xff, 0xf8,
    0x0, 0x2, 0xff, 0xf6, 0x6f, 0xfe, 0x0, 0x0,
    0x8, 0xff, 0xb6, 0xff, 0xb0, 0x0, 0x0, 0x4f,
    0xfd, 0x6f, 0xfa, 0x0, 0x0, 0x3, 0xff, 0xe6,
    0xff, 0xb0, 0x0, 0x0, 0x4f, 0xfd, 0x6f, 0xfe,
    0x0, 0x0, 0x8, 0xff, 0xb6, 0xff, 0xf8, 0x0,
    0x2, 0xff, 0xf6, 0x6f, 0xfe, 0xfb, 0x89, 0xff,
    0xfe, 0x6, 0xff, 0x9a, 0xff, 0xff, 0xfe, 0x30,
    0x6f, 0xf9, 0x8, 0xdf, 0xe9, 0x20, 0x0,

    /* U+0063 "c" */
    0x0, 0x6, 0xce, 0xfe, 0x92, 0x0, 0x1, 0xcf,
    0xff, 0xff, 0xff, 0x70, 0xc, 0xff, 0xe9, 0x7b,
    0xff, 0xf5, 0x5f, 0xfe, 0x20, 0x0, 0x7f, 0xfc,
    0xaf, 0xf8, 0x0, 0x0, 0x7, 0x41, 0xdf, 0xf3,
    0x0, 0x0, 0x0, 0x0, 0xef, 0xf2, 0x0, 0x0,
    0x0, 0x0, 0xdf, 0xf3, 0x0, 0x0, 0x0, 0x0,
    0xaf, 0xf8, 0x0, 0x0, 0x8, 0x52, 0x5f, 0xfe,
    0x20, 0x0, 0x6f, 0xfc, 0xc, 0xff, 0xe8, 0x7a,
    0xff, 0xf5, 0x1, 0xcf, 0xff, 0xff, 0xff, 0x70,
    0x0, 0x6, 0xce, 0xfe, 0xa2, 0x0,

    /* U+0064 "d" */
    0x0, 0x0, 0x0, 0x0, 0xa, 0xff, 0x60, 0x0,
    0x0, 0x0, 0x0, 0xaf, 0xf6, 0x0, 0x0, 0x0,
    0x0, 0xa, 0xff, 0x60, 0x0, 0x0, 0x0, 0x0,
    0xaf, 0xf6, 0x0, 0x29, 0xef, 0xd7, 0xa, 0xff,
    0x60, 0x3e, 0xff, 0xff, 0xfa, 0xaf, 0xf6, 0xe,
    0xff, 0xf9, 0x7b, 0xfe, 0xff, 0x66, 0xff, 0xe2,
    0x0, 0x8, 0xff, 0xf6, 0xbf, 0xf7, 0x0, 0x0,
    0xe, 0xff, 0x6d, 0xff, 0x30, 0x0, 0x0, 0xbf,
    0xf6, 0xef, 0xf2, 0x0, 0x0, 0xa, 0xff, 0x6d,
    0xff, 0x40, 0x0, 0x0, 0xbf, 0xf6, 0xbf, 0xf8,
    0x0, 0x0, 0xf, 0xff, 0x66, 0xff, 0xe2, 0x0,
    0x8, 0xff, 0xf6, 0xe, 0xff, 0xf9, 0x8b, 0xfe,
    0xff, 0x60, 0x3e, 0xff, 0xff, 0xfa, 0x9f, 0xf6,
    0x0, 0x29, 0xef, 0xd7, 0x9, 0xff, 0x60,

    /* U+0065 "e" */
    0x0, 0x6, 0xce, 0xfd, 0x92, 0x0, 0x0, 0x1c,
    0xff, 0xff, 0xff, 0xf6, 0x0, 0xc, 0xff, 0xd7,
    0x69, 0xff, 0xf3, 0x5, 0xff, 0xc0, 0x0, 0x5,
    0xff, 0xb0, 0xaf, 0xf4, 0x0, 0x0, 0xe, 0xff,
    0xd, 0xff, 0xff, 0xff, 0xff, 0xff, 0xf2, 0xef,
    0xff, 0xff, 0xff, 0xff, 0xff, 0x3d, 0xff, 0x20,
    0x0, 0x0, 0x0, 0x0, 0xbf, 0xf4, 0x0, 0x0,
    0x0, 0x0, 0x5, 0xff, 0xc0, 0x0, 0x2, 0xfc,
    0x80, 0xc, 0xff, 0xd7, 0x68, 0xff, 0xf8, 0x0,
    0x1c, 0xff, 0xff, 0xff, 0xfb, 0x0, 0x0, 0x6,
    0xce, 0xfe, 0xb5, 0x0, 0x0,

    /* U+0066 "f" */
    0x0, 0x0, 0x7d, 0xfe, 0xb0, 0x0, 0x9, 0xff,
    0xff, 0xb0, 0x0, 0x2f, 0xff, 0xa8, 0x50, 0x0,
    0x5f, 0xfc, 0x0, 0x0, 0x0, 0x5f, 0xfa, 0x0,
    0x0, 0xcf, 0xff, 0xff, 0xff, 0x80, 0xcf, 0xff,
    0xff, 0xff, 0x80, 0x45, 0xbf, 0xff, 0x55, 0x20,
    0x0, 0x5f, 0xfa, 0x0, 0x0, 0x0, 0x5f, 0xfa,
    0x0, 0x0, 0x0, 0x5f, 0xfa, 0x0, 0x0, 0x0,
    0x5f, 0xfa, 0x0, 0x0, 0x0, 0x5f, 0xfa, 0x0,
    0x0, 0x0, 0x5f, 0xfa, 0x0, 0x0, 0x0, 0x5f,
    0xfa, 0x0, 0x0, 0x0, 0x5f, 0xfa, 0x0, 0x0,
    0x0, 0x5f, 0xfa, 0x0, 0x0, 0x0, 0x5f, 0xfa,
    0x0, 0x0,

    /* U+0067 "g" */
    0x0, 0x19, 0xdf, 0xd8, 0x9, 0xff, 0x60, 0x3e,
    0xff, 0xff, 0xfa, 0x9f, 0xf6, 0xd, 0xff, 0xf9,
    0x7b, 0xfe, 0xff, 0x66, 0xff, 0xf2, 0x0, 0x8,
    0xff, 0xf6, 0xbf, 0xf8, 0x0, 0x0, 0xf, 0xff,
    0x6d, 0xff, 0x40, 0x0, 0x0, 0xbf, 0xf6, 0xef,
    0xf2, 0x0, 0x0, 0xa, 0xff, 0x6e, 0xff, 0x30,
    0x0, 0x0, 0xaf, 0xf6, 0xcf, 0xf7, 0x0, 0x0,
    0xe, 0xff, 0x67, 0xff, 0xe1, 0x0, 0x6, 0xff,
    0xf6, 0x1e, 0xff, 0xe7, 0x69, 0xff, 0xff, 0x60,
    0x4f, 0xff, 0xff, 0xfb, 0x9f, 0xf6, 0x0, 0x29,
    0xef, 0xe8, 0x9, 0xff, 0x60, 0x0, 0x0, 0x0,
    0x0, 0xaf, 0xf5, 0x3, 0x85, 0x0, 0x0, 0x1e,
    0xff, 0x23, 0xff, 0xf9, 0x55, 0x7d, 0xff, 0xb0,
    0x6, 0xff, 0xff, 0xff, 0xff, 0xc1, 0x0, 0x2,
    0x9d, 0xff, 0xeb, 0x60, 0x0,

    /* U+0068 "h" */
    0x6f, 0xfa, 0x0, 0x0, 0x0, 0x0, 0x6, 0xff,
    0xa0, 0x0, 0x0, 0x0, 0x0, 0x6f, 0xfa, 0x0,
    0x0, 0x0, 0x0, 0x6, 0xff, 0xa0, 0x0, 0x0,
    0x0, 0x0, 0x6f, 0xfa, 0x7, 0xdf, 0xe9, 0x10,
    0x6, 0xff, 0xa9, 0xff, 0xff, 0xfe, 0x10, 0x6f,
    0xfe, 0xfb, 0x9c, 0xff, 0xf9, 0x6, 0xff, 0xf5,
    0x0, 0x9, 0xff, 0xe0, 0x6f, 0xfd, 0x0, 0x0,
    0x1f, 0xff, 0x6, 0xff, 0xa0, 0x0, 0x0, 0xff,
    0xf1, 0x6f, 0xfa, 0x0, 0x0, 0xf, 0xff, 0x16,
    0xff, 0xa0, 0x0, 0x0, 0xff, 0xf1, 0x6f, 0xfa,
    0x0, 0x0, 0xf, 0xff, 0x16, 0xff, 0xa0, 0x0,
    0x0, 0xff, 0xf1, 0x6f, 0xfa, 0x0, 0x0, 0xf,
    0xff, 0x16, 0xff, 0xa0, 0x0, 0x0, 0xff, 0xf1,
    0x6f, 0xfa, 0x0, 0x0, 0xf, 0xff, 0x10,

    /* U+0069 "i" */
    0x2d, 0xe5, 0x9f, 0xfd, 0x4f, 0xf9, 0x1, 0x30,
    0x0, 0x0, 0x6f, 0xfa, 0x6f, 0xfa, 0x6f, 0xfa,
    0x6f, 0xfa, 0x6f, 0xfa, 0x6f, 0xfa, 0x6f, 0xfa,
    0x6f, 0xfa, 0x6f, 0xfa, 0x6f, 0xfa, 0x6f, 0xfa,
    0x6f, 0xfa, 0x6f, 0xfa,

    /* U+006A "j" */
    0x0, 0x2d, 0xe5, 0x0, 0x9f, 0xfd, 0x0, 0x4f,
    0xf8, 0x0, 0x1, 0x30, 0x0, 0x0, 0x0, 0x0,
    0x6f, 0xfa, 0x0, 0x6f, 0xfa, 0x0, 0x6f, 0xfa,
    0x0, 0x6f, 0xfa, 0x0, 0x6f, 0xfa, 0x0, 0x6f,
    0xfa, 0x0, 0x6f, 0xfa, 0x0, 0x6f, 0xfa, 0x0,
    0x6f, 0xfa, 0x0, 0x6f, 0xfa, 0x0, 0x6f, 0xfa,
    0x0, 0x6f, 0xfa, 0x0, 0x6f, 0xfa, 0x0, 0x6f,
    0xfa, 0x0, 0x8f, 0xf9, 0x38, 0xff, 0xf6, 0x8f,
    0xff, 0xd0, 0x8f, 0xd8, 0x10,

    /* U+006B "k" */
    0x6f, 0xfa, 0x0, 0x0, 0x0, 0x0, 0x6, 0xff,
    0xa0, 0x0, 0x0, 0x0, 0x0, 0x6f, 0xfa, 0x0,
    0x0, 0x0, 0x0, 0x6, 0xff, 0xa0, 0x0, 0x0,
    0x0, 0x0, 0x6f, 0xfa, 0x0, 0x0, 0xcf, 0xfb,
    0x6, 0xff, 0xa0, 0x0, 0xbf, 0xfc, 0x0, 0x6f,
    0xfa, 0x0, 0x9f, 0xfd, 0x10, 0x6, 0xff, 0xa0,
    0x7f, 0xfe, 0x20, 0x0, 0x6f, 0xfa, 0x5f, 0xff,
    0x30, 0x0, 0x6, 0xff, 0xff, 0xff, 0x50, 0x0,
    0x0, 0x6f, 0xff, 0xff, 0xfb, 0x0, 0x0, 0x6,
    0xff, 0xff, 0xff, 0xf6, 0x0, 0x0, 0x6f, 0xff,
    0x7, 0xff, 0xf3, 0x0, 0x6, 0xff, 0xa0, 0xb,
    0xff, 0xd0, 0x0, 0x6f, 0xfa, 0x0, 0x1e, 0xff,
    0xa0, 0x6, 0xff, 0xa0, 0x0, 0x4f, 0xff, 0x60,
    0x6f, 0xfa, 0x0, 0x0, 0x8f, 0xff, 0x20,

    /* U+006C "l" */
    0x6f, 0xfa, 0x6f, 0xfa, 0x6f, 0xfa, 0x6f, 0xfa,
    0x6f, 0xfa, 0x6f, 0xfa, 0x6f, 0xfa, 0x6f, 0xfa,
    0x6f, 0xfa, 0x6f, 0xfa, 0x6f, 0xfa, 0x6f, 0xfa,
    0x6f, 0xfa, 0x6f, 0xfa, 0x6f, 0xfa, 0x6f, 0xfa,
    0x6f, 0xfa,

    /* U+006D "m" */
    0x6f, 0xf8, 0x1a, 0xef, 0xc3, 0x0, 0x6c, 0xfe,
    0xa2, 0x6, 0xff, 0x9d, 0xff, 0xff, 0xf1, 0xaf,
    0xff, 0xff, 0xe2, 0x6f, 0xff, 0xe7, 0x6d, 0xff,
    0xcf, 0xa6, 0x8f, 0xff, 0xa6, 0xff, 0xf1, 0x0,
    0xe, 0xff, 0xa0, 0x0, 0x5f, 0xfe, 0x6f, 0xfb,
    0x0, 0x0, 0xbf, 0xf5, 0x0, 0x1, 0xff, 0xf6,
    0xff, 0xa0, 0x0, 0xb, 0xff, 0x40, 0x0, 0xf,
    0xff, 0x6f, 0xfa, 0x0, 0x0, 0xbf, 0xf4, 0x0,
    0x0, 0xff, 0xf6, 0xff, 0xa0, 0x0, 0xb, 0xff,
    0x40, 0x0, 0xf, 0xff, 0x6f, 0xfa, 0x0, 0x0,
    0xbf, 0xf4, 0x0, 0x0, 0xff, 0xf6, 0xff, 0xa0,
    0x0, 0xb, 0xff, 0x40, 0x0, 0xf, 0xff, 0x6f,
    0xfa, 0x0, 0x0, 0xbf, 0xf4, 0x0, 0x0, 0xff,
    0xf6, 0xff, 0xa0, 0x0, 0xb, 0xff, 0x40, 0x0,
    0xf, 0xff, 0x6f, 0xfa, 0x0, 0x0, 0xbf, 0xf4,
    0x0, 0x0, 0xff, 0xf0,

    /* U+006E "n" */
    0x6f, 0xf8, 0x7, 0xdf, 0xe9, 0x10, 0x6, 0xff,
    0x8b, 0xff, 0xff, 0xfe, 0x10, 0x6f, 0xfe, 0xf8,
    0x69, 0xff, 0xf9, 0x6, 0xff, 0xf3, 0x0, 0x7,
    0xff, 0xe0, 0x6f, 0xfc, 0x0, 0x0, 0x1f, 0xff,
    0x6, 0xff, 0xa0, 0x0, 0x0, 0xff, 0xf1, 0x6f,
    0xfa, 0x0, 0x0, 0xf, 0xff, 0x16, 0xff, 0xa0,
    0x0, 0x0, 0xff, 0xf1, 0x6f, 0xfa, 0x0, 0x0,
    0xf, 0xff, 0x16, 0xff, 0xa0, 0x0, 0x0, 0xff,
    0xf1, 0x6f, 0xfa, 0x0, 0x0, 0xf, 0xff, 0x16,
    0xff, 0xa0, 0x0, 0x0, 0xff, 0xf1, 0x6f, 0xfa,
    0x0, 0x0, 0xf, 0xff, 0x10,

    /* U+006F "o" */
    0x0, 0x6, 0xce, 0xfd, 0xa3, 0x0, 0x0, 0x1c,
    0xff, 0xff, 0xff, 0xf7, 0x0, 0xc, 0xff, 0xe8,
    0x7a, 0xff, 0xf5, 0x5, 0xff, 0xe2, 0x0, 0x7,
    0xff, 0xe0, 0xaf, 0xf8, 0x0, 0x0, 0xd, 0xff,
    0x4d, 0xff, 0x30, 0x0, 0x0, 0x9f, 0xf7, 0xef,
    0xf2, 0x0, 0x0, 0x8, 0xff, 0x8d, 0xff, 0x40,
    0x0, 0x0, 0x9f, 0xf7, 0xaf, 0xf8, 0x0, 0x0,
    0xd, 0xff, 0x45, 0xff, 0xe2, 0x0, 0x7, 0xff,
    0xe0, 0xc, 0xff, 0xe8, 0x7a, 0xff, 0xf5, 0x0,
    0x1c, 0xff, 0xff, 0xff, 0xf7, 0x0, 0x0, 0x6,
    0xce, 0xfd, 0xa3, 0x0, 0x0,

    /* U+0070 "p" */
    0x6f, 0xf9, 0x8, 0xef, 0xd9, 0x10, 0x6, 0xff,
    0x9b, 0xff, 0xff, 0xfe, 0x30, 0x6f, 0xff, 0xf9,
    0x56, 0xdf, 0xfe, 0x6, 0xff, 0xf6, 0x0, 0x1,
    0xef, 0xf6, 0x6f, 0xfe, 0x0, 0x0, 0x7, 0xff,
    0xb6, 0xff, 0xa0, 0x0, 0x0, 0x4f, 0xfd, 0x6f,
    0xfa, 0x0, 0x0, 0x3, 0xff, 0xe6, 0xff, 0xb0,
    0x0, 0x0, 0x4f, 0xfd, 0x6f, 0xfe, 0x0, 0x0,
    0x9, 0xff, 0xb6, 0xff, 0xf8, 0x0, 0x2, 0xff,
    0xf6, 0x6f, 0xff, 0xfb, 0x89, 0xff, 0xfe, 0x6,
    0xff, 0xaa, 0xff, 0xff, 0xfe, 0x30, 0x6f, 0xfa,
    0x8, 0xdf, 0xe9, 0x20, 0x6, 0xff, 0xa0, 0x0,
    0x0, 0x0, 0x0, 0x6f, 0xfa, 0x0, 0x0, 0x0,
    0x0, 0x6, 0xff, 0xa0, 0x0, 0x0, 0x0, 0x0,
    0x6f, 0xfa, 0x0, 0x0, 0x0, 0x0, 0x6, 0xff,
    0xa0, 0x0, 0x0, 0x0, 0x0,

    /* U+0071 "q" */
    0x0, 0x29, 0xef, 0xd7, 0x9, 0xff, 0x60, 0x3e,
    0xff, 0xff, 0xfa, 0x9f, 0xf6, 0xe, 0xff, 0xf9,
    0x7b, 0xfe, 0xff, 0x66, 0xff, 0xe2, 0x0, 0x8,
    0xff, 0xf6, 0xbf, 0xf7, 0x0, 0x0, 0xe, 0xff,
    0x6d, 0xff, 0x30, 0x0, 0x0, 0xbf, 0xf6, 0xef,
    0xf2, 0x0, 0x0, 0xa, 0xff, 0x6d, 0xff, 0x40,
    0x0, 0x0, 0xbf, 0xf6, 0xbf, 0xf8, 0x0, 0x0,
    0xf, 0xff, 0x66, 0xff, 0xe2, 0x0, 0x8, 0xff,
    0xf6, 0xe, 0xff, 0xf9, 0x8b, 0xff, 0xff, 0x60,
    0x3e, 0xff, 0xff, 0xfa, 0xaf, 0xf6, 0x0, 0x29,
    0xef, 0xd7, 0xa, 0xff, 0x60, 0x0, 0x0, 0x0,
    0x0, 0xaf, 0xf6, 0x0, 0x0, 0x0, 0x0, 0xa,
    0xff, 0x60, 0x0, 0x0, 0x0, 0x0, 0xaf, 0xf6,
    0x0, 0x0, 0x0, 0x0, 0xa, 0xff, 0x60, 0x0,
    0x0, 0x0, 0x0, 0xaf, 0xf6,

    /* U+0072 "r" */
    0x0, 0x0, 0x0, 0x0, 0x6, 0xff, 0x92, 0xaf,
    0xf1, 0x6f, 0xf9, 0xef, 0xff, 0x16, 0xff, 0xff,
    0xb8, 0x90, 0x6f, 0xff, 0x50, 0x0, 0x6, 0xff,
    0xd0, 0x0, 0x0, 0x6f, 0xfa, 0x0, 0x0, 0x6,
    0xff, 0xa0, 0x0, 0x0, 0x6f, 0xfa, 0x0, 0x0,
    0x6, 0xff, 0xa0, 0x0, 0x0, 0x6f, 0xfa, 0x0,
    0x0, 0x6, 0xff, 0xa0, 0x0, 0x0, 0x6f, 0xfa,
    0x0, 0x0, 0x6, 0xff, 0xa0, 0x0, 0x0,

    /* U+0073 "s" */
    0x0, 0x4a, 0xef, 0xfc, 0x70, 0x0, 0x9, 0xff,
    0xff, 0xff, 0xfc, 0x0, 0x4f, 0xff, 0x74, 0x5c,
    0xff, 0x90, 0x8f, 0xf8, 0x0, 0x1, 0xb8, 0x40,
    0x7f, 0xfc, 0x10, 0x0, 0x0, 0x0, 0x2f, 0xff,
    0xfd, 0x96, 0x10, 0x0, 0x3, 0xcf, 0xff, 0xff,
    0xfa, 0x10, 0x0, 0x2, 0x69, 0xdf, 0xff, 0xc0,
    0x0, 0x0, 0x0, 0x4, 0xff, 0xf1, 0x9d, 0xf3,
    0x0, 0x0, 0xff, 0xf1, 0x8f, 0xfe, 0x74, 0x6c,
    0xff, 0xc0, 0xc, 0xff, 0xff, 0xff, 0xfe, 0x20,
    0x0, 0x6b, 0xef, 0xec, 0x70, 0x0,

    /* U+0074 "t" */
    0x0, 0xef, 0xf2, 0x0, 0x0, 0xe, 0xff, 0x20,
    0x0, 0x0, 0xef, 0xf2, 0x0, 0xc, 0xff, 0xff,
    0xff, 0xa0, 0xcf, 0xff, 0xff, 0xfa, 0x4, 0x5f,
    0xff, 0x75, 0x30, 0x0, 0xef, 0xf2, 0x0, 0x0,
    0xe, 0xff, 0x20, 0x0, 0x0, 0xef, 0xf2, 0x0,
    0x0, 0xe, 0xff, 0x20, 0x0, 0x0, 0xef, 0xf2,
    0x0, 0x0, 0xe, 0xff, 0x20, 0x0, 0x0, 0xef,
    0xf2, 0x0, 0x0, 0xb, 0xff, 0xc7, 0x50, 0x0,
    0x4f, 0xff, 0xfc, 0x0, 0x0, 0x4c, 0xef, 0xc0,

    /* U+0075 "u" */
    0x6f, 0xfa, 0x0, 0x0, 0xf, 0xff, 0x16, 0xff,
    0xa0, 0x0, 0x0, 0xff, 0xf1, 0x6f, 0xfa, 0x0,
    0x0, 0xf, 0xff, 0x16, 0xff, 0xa0, 0x0, 0x0,
    0xff, 0xf1, 0x6f, 0xfa, 0x0, 0x0, 0xf, 0xff,
    0x16, 0xff, 0xa0, 0x0, 0x0, 0xff, 0xf1, 0x6f,
    0xfa, 0x0, 0x0, 0xf, 0xff, 0x16, 0xff, 0xa0,
    0x0, 0x0, 0xff, 0xf1, 0x5f, 0xfc, 0x0, 0x0,
    0x2f, 0xff, 0x13, 0xff, 0xf3, 0x0, 0xa, 0xff,
    0xf1, 0xe, 0xff, 0xfa, 0x9d, 0xfe, 0xff, 0x10,
    0x5f, 0xff, 0xff, 0xf5, 0xdf, 0xf1, 0x0, 0x3b,
    0xef, 0xc4, 0xd, 0xff, 0x10,

    /* U+0076 "v" */
    0x5f, 0xfe, 0x0, 0x0, 0x0, 0xcf, 0xf7, 0xf,
    0xff, 0x30, 0x0, 0x1, 0xff, 0xf1, 0x9, 0xff,
    0x90, 0x0, 0x7, 0xff, 0xb0, 0x3, 0xff, 0xe0,
    0x0, 0xc, 0xff, 0x50, 0x0, 0xdf, 0xf3, 0x0,
    0x1f, 0xfe, 0x0, 0x0, 0x7f, 0xf9, 0x0, 0x7f,
    0xf9, 0x0, 0x0, 0x1f, 0xfe, 0x0, 0xcf, 0xf3,
    0x0, 0x0, 0xb, 0xff, 0x31, 0xff, 0xd0, 0x0,
    0x0, 0x5, 0xff, 0x86, 0xff, 0x70, 0x0, 0x0,
    0x0, 0xff, 0xca, 0xff, 0x10, 0x0, 0x0, 0x0,
    0x9f, 0xff, 0xfb, 0x0, 0x0, 0x0, 0x0, 0x3f,
    0xff, 0xf5, 0x0, 0x0, 0x0, 0x0, 0xd, 0xff,
    0xe0, 0x0, 0x0,

    /* U+0077 "w" */
    0x5f, 0xfd, 0x0, 0x0, 0x7f, 0xfa, 0x0, 0x0,
    0xbf, 0xf7, 0xf, 0xff, 0x10, 0x0, 0xcf, 0xfe,
    0x0, 0x0, 0xff, 0xf2, 0xb, 0xff, 0x50, 0x0,
    0xff, 0xff, 0x20, 0x3, 0xff, 0xd0, 0x6, 0xff,
    0x90, 0x4, 0xff, 0xff, 0x60, 0x7, 0xff, 0x90,
    0x2, 0xff, 0xd0, 0x8, 0xfd, 0xbf, 0xa0, 0xb,
    0xff, 0x40, 0x0, 0xdf, 0xf1, 0xc, 0xf9, 0x7f,
    0xe0, 0xf, 0xff, 0x0, 0x0, 0x8f, 0xf5, 0xf,
    0xf5, 0x3f, 0xf2, 0x3f, 0xfa, 0x0, 0x0, 0x3f,
    0xf9, 0x4f, 0xf1, 0xf, 0xf6, 0x7f, 0xf5, 0x0,
    0x0, 0xe, 0xfc, 0x8f, 0xc0, 0xa, 0xfa, 0xaf,
    0xf1, 0x0, 0x0, 0xa, 0xff, 0xcf, 0x80, 0x6,
    0xfd, 0xef, 0xc0, 0x0, 0x0, 0x5, 0xff, 0xff,
    0x30, 0x1, 0xff, 0xff, 0x70, 0x0, 0x0, 0x0,
    0xff, 0xfe, 0x0, 0x0, 0xcf, 0xff, 0x20, 0x0,
    0x0, 0x0, 0xbf, 0xfa, 0x0, 0x0, 0x8f, 0xfd,
    0x0, 0x0,

    /* U+0078 "x" */
    0xd, 0xff, 0x80, 0x0, 0xb, 0xff, 0x80, 0x3,
    0xff, 0xf2, 0x0, 0x5f, 0xfd, 0x0, 0x0, 0x8f,
    0xfb, 0x0, 0xef, 0xf4, 0x0, 0x0, 0xd, 0xff,
    0x37, 0xff, 0x90, 0x0, 0x0, 0x4, 0xff, 0xdf,
    0xfe, 0x0, 0x0, 0x0, 0x0, 0x9f, 0xff, 0xf4,
    0x0, 0x0, 0x0, 0x0, 0x4f, 0xff, 0xf0, 0x0,
    0x0, 0x0, 0x0, 0xdf, 0xff, 0xf7, 0x0, 0x0,
    0x0, 0x7, 0xff, 0x8e, 0xff, 0x20, 0x0, 0x0,
    0x2f, 0xfe, 0x5, 0xff, 0xc0, 0x0, 0x0, 0xcf,
    0xf6, 0x0, 0xcf, 0xf6, 0x0, 0x7, 0xff, 0xc0,
    0x0, 0x3f, 0xff, 0x10, 0x2f, 0xff, 0x30, 0x0,
    0x9, 0xff, 0xb0,

    /* U+0079 "y" */
    0x5f, 0xfe, 0x0, 0x0, 0x0, 0xbf, 0xf7, 0xf,
    0xff, 0x30, 0x0, 0x1, 0xff, 0xf1, 0x9, 0xff,
    0x80, 0x0, 0x6, 0xff, 0xb0, 0x3, 0xff, 0xe0,
    0x0, 0xc, 0xff, 0x50, 0x0, 0xdf, 0xf3, 0x0,
    0x2f, 0xfe, 0x0, 0x0, 0x7f, 0xf9, 0x0, 0x7f,
    0xf9, 0x0, 0x0, 0x1f, 0xfe, 0x0, 0xdf, 0xf2,
    0x0, 0x0, 0xb, 0xff, 0x32, 0xff, 0xc0, 0x0,
    0x0, 0x5, 0xff, 0x77, 0xff, 0x60, 0x0, 0x0,
    0x0, 0xef, 0xcb, 0xff, 0x10, 0x0, 0x0, 0x0,
    0x9f, 0xff, 0xfa, 0x0, 0x0, 0x0, 0x0, 0x3f,
    0xff, 0xf4, 0x0, 0x0, 0x0, 0x0, 0xd, 0xff,
    0xe0, 0x0, 0x0, 0x0, 0x0, 0xb, 0xff, 0x80,
    0x0, 0x0, 0x0, 0x0, 0xf, 0xff, 0x20, 0x0,
    0x0, 0x0, 0x88, 0xcf, 0xfa, 0x0, 0x0, 0x0,
    0x2, 0xff, 0xff, 0xe1, 0x0, 0x0, 0x0, 0x5,
    0xef, 0xe9, 0x10, 0x0, 0x0, 0x0,

    /* U+007A "z" */
    0x5f, 0xff, 0xff, 0xff, 0xff, 0xf0, 0x5f, 0xff,
    0xff, 0xff, 0xff, 0xf0, 0x38, 0x88, 0x88, 0x9f,
    0xff, 0x90, 0x0, 0x0, 0x0, 0x9f, 0xfc, 0x0,
    0x0, 0x0, 0x5, 0xff, 0xe2, 0x0, 0x0, 0x0,
    0x2f, 0xff, 0x40, 0x0, 0x0, 0x1, 0xdf, 0xf8,
    0x0, 0x0, 0x0, 0xb, 0xff, 0xc0, 0x0, 0x0,
    0x0, 0x8f, 0xfe, 0x10, 0x0, 0x0, 0x4, 0xff,
    0xf3, 0x0, 0x0, 0x0, 0x2f, 0xff, 0xd8, 0x88,
    0x88, 0x81, 0x8f, 0xff, 0xff, 0xff, 0xff, 0xf2,
    0x9f, 0xff, 0xff, 0xff, 0xff, 0xf2,

    /* U+007B "{" */
    0x0, 0x0, 0x0, 0x13, 0x20, 0x0, 0x4, 0xdf,
    0xfa, 0x0, 0x2, 0xff, 0xff, 0xa0, 0x0, 0x8f,
    0xfc, 0x20, 0x0, 0xb, 0xff, 0x30, 0x0, 0x0,
    0xbf, 0xf1, 0x0, 0x0, 0xc, 0xff, 0x10, 0x0,
    0x0, 0xcf, 0xf1, 0x0, 0x0, 0xe, 0xff, 0x0,
    0x0, 0x18, 0xff, 0xd0, 0x0, 0xbf, 0xff, 0xe4,
    0x0, 0xc, 0xff, 0xf1, 0x0, 0x0, 0x8f, 0xff,
    0xe4, 0x0, 0x0, 0x5, 0xff, 0xd0, 0x0, 0x0,
    0xd, 0xff, 0x0, 0x0, 0x0, 0xcf, 0xf1, 0x0,
    0x0, 0xc, 0xff, 0x10, 0x0, 0x0, 0xbf, 0xf1,
    0x0, 0x0, 0xa, 0xff, 0x40, 0x0, 0x0, 0x6f,
    0xfe, 0x73, 0x0, 0x0, 0xdf, 0xff, 0xa0, 0x0,
    0x1, 0x8c, 0xe9,

    /* U+007C "|" */
    0x1f, 0xfb, 0x1f, 0xfb, 0x1f, 0xfb, 0x1f, 0xfb,
    0x1f, 0xfb, 0x1f, 0xfb, 0x1f, 0xfb, 0x1f, 0xfb,
    0x1f, 0xfb, 0x1f, 0xfb, 0x1f, 0xfb, 0x1f, 0xfb,
    0x1f, 0xfb, 0x1f, 0xfb, 0x1f, 0xfb, 0x1f, 0xfb,
    0x1f, 0xfb, 0x1f, 0xfb, 0x1f, 0xfb, 0x1f, 0xfb,
    0x1f, 0xfb, 0x1f, 0xfb, 0x1f, 0xfb, 0x1f, 0xfb,
    0x1f, 0xfb, 0x1f, 0xfb, 0x1f, 0xfb, 0x1f, 0xfb,

    /* U+007D "}" */
    0x33, 0x10, 0x0, 0x0, 0xb, 0xff, 0xc3, 0x0,
    0x0, 0xbf, 0xff, 0xe1, 0x0, 0x0, 0x3d, 0xff,
    0x60, 0x0, 0x0, 0x5f, 0xf9, 0x0, 0x0, 0x2,
    0xff, 0xa0, 0x0, 0x0, 0x2f, 0xfa, 0x0, 0x0,
    0x2, 0xff, 0xa0, 0x0, 0x0, 0x2f, 0xfc, 0x0,
    0x0, 0x0, 0xff, 0xf7, 0x10, 0x0, 0x5, 0xff,
    0xff, 0x80, 0x0, 0x2, 0xff, 0xf9, 0x0, 0x5,
    0xff, 0xff, 0x60, 0x0, 0xff, 0xf3, 0x0, 0x0,
    0x2f, 0xfb, 0x0, 0x0, 0x2, 0xff, 0xa0, 0x0,
    0x0, 0x2f, 0xfa, 0x0, 0x0, 0x3, 0xff, 0xa0,
    0x0, 0x0, 0x6f, 0xf9, 0x0, 0x3, 0x7e, 0xff,
    0x50, 0x0, 0xbf, 0xff, 0xc0, 0x0, 0xb, 0xec,
    0x70, 0x0, 0x0,

    /* U+007E "~" */
    0x0, 0x6d, 0xfd, 0x50, 0x0, 0x29, 0x92, 0x5,
    0xff, 0xff, 0xf9, 0x0, 0x6f, 0xf3, 0xd, 0xff,
    0xac, 0xff, 0xd9, 0xff, 0xf0, 0xf, 0xf8, 0x0,
    0x8f, 0xff, 0xff, 0x70, 0x9, 0x93, 0x0, 0x4,
    0xcf, 0xe7, 0x0,

    /* U+00A0 " " */

    /* U+00A1 "¡" */
    0x6, 0xed, 0x30, 0xff, 0xfb, 0xd, 0xff, 0x90,
    0x28, 0x70, 0x0, 0x0, 0x0, 0x6a, 0xa3, 0x9,
    0xff, 0x50, 0x9f, 0xf5, 0xa, 0xff, 0x50, 0xaf,
    0xf5, 0xa, 0xff, 0x60, 0xbf, 0xf6, 0xb, 0xff,
    0x60, 0xbf, 0xf7, 0xc, 0xff, 0x70, 0xcf, 0xf7,
    0xc, 0xff, 0x80,

    /* U+00A2 "¢" */
    0x0, 0x0, 0x7, 0xe0, 0x0, 0x0, 0x0, 0x0,
    0x7, 0xe0, 0x0, 0x0, 0x0, 0x6, 0xcf, 0xfe,
    0x92, 0x0, 0x1, 0xcf, 0xff, 0xff, 0xff, 0x70,
    0xc, 0xff, 0xef, 0xfb, 0xff, 0xf5, 0x5f, 0xfe,
    0x27, 0xe0, 0x7f, 0xfc, 0xaf, 0xf8, 0x7, 0xe0,
    0x7, 0x41, 0xdf, 0xf3, 0x7, 0xe0, 0x0, 0x0,
    0xef, 0xf2, 0x7, 0xe0, 0x0, 0x0, 0xdf, 0xf3,
    0x7, 0xe0, 0x0, 0x0, 0xbf, 0xf8, 0x7, 0xe0,
    0x8, 0x52, 0x5f, 0xfe, 0x27, 0xe0, 0x6f, 0xfc,
    0xc, 0xff, 0xef, 0xfa, 0xff, 0xf5, 0x1, 0xcf,
    0xff, 0xff, 0xff, 0x70, 0x0, 0x6, 0xcf, 0xfe,
    0xa2, 0x0, 0x0, 0x0, 0x7, 0xe0, 0x0, 0x0,
    0x0, 0x0, 0x7, 0xe0, 0x0, 0x0,

    /* U+00A3 "£" */
    0x0, 0x0, 0x5b, 0xef, 0xea, 0x30, 0x0, 0x0,
    0xaf, 0xff, 0xff, 0xff, 0x60, 0x0, 0x7f, 0xff,
    0xba, 0xcf, 0xff, 0x30, 0xe, 0xff, 0x50, 0x0,
    0x7f, 0xfb, 0x2, 0xff, 0xd0, 0x0, 0x0, 0x86,
    0x30, 0x3f, 0xfc, 0x0, 0x0, 0x0, 0x0, 0x2,
    0xff, 0xc0, 0x0, 0x0, 0x0, 0xd, 0xff, 0xff,
    0xff, 0xff, 0xc0, 0x0, 0xdf, 0xff, 0xff, 0xff,
    0xfc, 0x0, 0x0, 0x1f, 0xfe, 0x0, 0x0, 0x0,
    0x0, 0x0, 0xff, 0xe0, 0x0, 0x0, 0x0, 0x0,
    0xe, 0xff, 0x0, 0x0, 0x0, 0x0, 0x0, 0xef,
    0xf0, 0x0, 0x0, 0x12, 0x20, 0x1f, 0xf9, 0x0,
    0x0, 0xe, 0xff, 0xff, 0xff, 0x99, 0x99, 0x9a,
    0xff, 0xdd, 0xff, 0xff, 0xff, 0xff, 0xff, 0xf7,
    0xdf, 0xff, 0xff, 0xff, 0xff, 0xd7, 0x0,

    /* U+00A4 "¤" */
    0x0, 0x10, 0x0, 0x0, 0x0, 0x0, 0x1, 0x0,
    0xb, 0xd1, 0x29, 0xdf, 0xfd, 0x81, 0x1d, 0xb0,
    0x3f, 0xff, 0xff, 0xff, 0xff, 0xff, 0xff, 0xf3,
    0x3, 0xff, 0xfa, 0x30, 0x14, 0xbf, 0xff, 0x30,
    0x3, 0xff, 0x60, 0x0, 0x0, 0x7, 0xff, 0x20,
    0xa, 0xf9, 0x0, 0x0, 0x0, 0x0, 0xbf, 0x90,
    0xf, 0xf2, 0x0, 0x0, 0x0, 0x0, 0x4f, 0xe0,
    0x1f, 0xf0, 0x0, 0x0, 0x0, 0x0, 0x1f, 0xf0,
    0x1f, 0xf0, 0x0, 0x0, 0x0, 0x0, 0x1f, 0xf0,
    0xe, 0xf3, 0x0, 0x0, 0x0, 0x0, 0x4f, 0xe0,
    0xa, 0xfa, 0x0, 0x0, 0x0, 0x0, 0xcf, 0x90,
    0x2, 0xff, 0x70, 0x0, 0x0, 0x8, 0xff, 0x20,
    0x7, 0xff, 0xfb, 0x41, 0x25, 0xcf, 0xff, 0x80,
    0x3f, 0xff, 0xff, 0xff, 0xff, 0xff, 0xff, 0xf3,
    0x6, 0x90, 0x18, 0xdf, 0xfd, 0x81, 0x9, 0x70,

    /* U+00A5 "¥" */
    0x6f, 0xfd, 0x0, 0x0, 0x4, 0xff, 0xe0, 0xe,
    0xff, 0x40, 0x0, 0xc, 0xff, 0x70, 0x6, 0xff,
    0xb0, 0x0, 0x3f, 0xfe, 0x0, 0x0, 0xef, 0xf3,
    0x0, 0xaf, 0xf7, 0x0, 0x0, 0x6f, 0xfa, 0x1,
    0xff, 0xe0, 0x0, 0x0, 0xe, 0xff, 0x18, 0xff,
    0x70, 0x0, 0x0, 0x7, 0xff, 0x9e, 0xfe, 0x0,
    0x0, 0x0, 0x0, 0xef, 0xff, 0xf7, 0x0, 0x0,
    0x7, 0xee, 0xff, 0xff, 0xff, 0xec, 0x0, 0x9,
    0xff, 0xff, 0xff, 0xff, 0xfe, 0x0, 0x0, 0x0,
    0xd, 0xff, 0x40, 0x0, 0x0, 0x0, 0x0, 0xd,
    0xff, 0x40, 0x0, 0x0, 0x9, 0xff, 0xff, 0xff,
    0xff, 0xfe, 0x0, 0x7, 0xee, 0xef, 0xff, 0xfe,
    0xec, 0x0, 0x0, 0x0, 0xd, 0xff, 0x40, 0x0,
    0x0, 0x0, 0x0, 0xd, 0xff, 0x40, 0x0, 0x0,
    0x0, 0x0, 0xd, 0xff, 0x40, 0x0, 0x0,

    /* U+00A6 "¦" */
    0x9f, 0xf2, 0x9f, 0xf2, 0x9f, 0xf2, 0x9f, 0xf2,
    0x9f, 0xf2, 0x9f, 0xf2, 0x9f, 0xf2, 0x8e, 0xe2,
    0x0, 0x0, 0x0, 0x0, 0x0, 0x0, 0x0, 0x0,
    0x8f, 0xf2, 0x9f, 0xf2, 0x9f, 0xf2, 0x9f, 0xf2,
    0x9f, 0xf2, 0x9f, 0xf2, 0x9f, 0xf2, 0x9f, 0xf2,

    /* U+00A7 "§" */
    0x0, 0x19, 0xdf, 0xeb, 0x40, 0x0, 0x2, 0xef,
    0xff, 0xff, 0xf7, 0x0, 0xa, 0xff, 0xc6, 0x7e,
    0xff, 0x20, 0xe, 0xfe, 0x0, 0x4, 0xff, 0x60,
    0xd, 0xff, 0x0, 0x0, 0x30, 0x0, 0x9, 0xff,
    0xb1, 0x0, 0x0, 0x0, 0x0, 0xcf, 0xff, 0x92,
    0x0, 0x0, 0x4, 0xaf, 0xff, 0xff, 0xa1, 0x0,
    0x5f, 0xf3, 0x29, 0xff, 0xff, 0x40, 0xbf, 0xb0,
    0x0, 0x18, 0xff, 0xf1, 0xbf, 0xe0, 0x0, 0x0,
    0x5f, 0xf5, 0x6f, 0xfd, 0x30, 0x0, 0x1f, 0xf5,
    0xa, 0xff, 0xfc, 0x50, 0x8f, 0xe0, 0x0, 0x5d,
    0xff, 0xff, 0xe9, 0x10, 0x0, 0x0, 0x5c, 0xff,
    0xf7, 0x0, 0x0, 0x0, 0x0, 0x4e, 0xff, 0x30,
    0x0, 0x21, 0x0, 0x5, 0xff, 0x70, 0x2f, 0xfa,
    0x0, 0x5, 0xff, 0x80, 0xd, 0xff, 0xa6, 0x8e,
    0xff, 0x40, 0x3, 0xff, 0xff, 0xff, 0xfa, 0x0,
    0x0, 0x29, 0xef, 0xeb, 0x50, 0x0,

    /* U+00A8 "¨" */
    0x1, 0x0, 0x0, 0x10, 0x6, 0xfe, 0x10, 0x5f,
    0xe3, 0xcf, 0xf5, 0xa, 0xff, 0x75, 0xec, 0x10,
    0x4e, 0xd2,

    /* U+00A9 "©" */
    0x0, 0x0, 0x0, 0x1, 0x57, 0x65, 0x10, 0x0,
    0x0, 0x0, 0x0, 0x0, 0x4c, 0xff, 0xff, 0xff,
    0xc4, 0x0, 0x0, 0x0, 0x0, 0xaf, 0xff, 0xff,
    0xff, 0xff, 0xf9, 0x0, 0x0, 0x0, 0xbf, 0xfe,
    0x72, 0x0, 0x38, 0xff, 0xfa, 0x0, 0x0, 0x8f,
    0xfb, 0x13, 0xbe, 0xfb, 0x41, 0xcf, 0xf7, 0x0,
    0x2f, 0xfc, 0x6, 0xff, 0xff, 0xff, 0x70, 0xdf,
    0xf1, 0x8, 0xff, 0x32, 0xff, 0xc4, 0x4b, 0xff,
    0x34, 0xff, 0x70, 0xdf, 0xc0, 0x9f, 0xd0, 0x0,
    0xd, 0xf8, 0xd, 0xfc, 0xf, 0xf9, 0xc, 0xf7,
    0x0, 0x0, 0x0, 0x0, 0xaf, 0xe0, 0xff, 0x80,
    0xcf, 0x70, 0x0, 0x0, 0x0, 0x9, 0xfe, 0xe,
    0xfa, 0x9, 0xfd, 0x0, 0x0, 0xef, 0x70, 0xbf,
    0xd0, 0xbf, 0xe0, 0x3f, 0xfc, 0x44, 0xcf, 0xf2,
    0xf, 0xfa, 0x6, 0xff, 0x70, 0x6f, 0xff, 0xff,
    0xf6, 0x8, 0xff, 0x40, 0xd, 0xff, 0x40, 0x3b,
    0xef, 0xc4, 0x5, 0xff, 0xc0, 0x0, 0x3f, 0xff,
    0x70, 0x0, 0x0, 0x8, 0xff, 0xf2, 0x0, 0x0,
    0x5f, 0xff, 0xea, 0x88, 0xaf, 0xff, 0xf4, 0x0,
    0x0, 0x0, 0x3c, 0xff, 0xff, 0xff, 0xff, 0xc2,
    0x0, 0x0, 0x0, 0x0, 0x5, 0xad, 0xff, 0xd9,
    0x40, 0x0, 0x0,

    /* U+00AA "ª" */
    0x0, 0x3a, 0xef, 0xd9, 0x20, 0x4, 0xff, 0xfe,
    0xff, 0xf2, 0xa, 0xeb, 0x10, 0x2e, 0xfa, 0x0,
    0x0, 0x0, 0x1d, 0xfc, 0x0, 0x59, 0xce, 0xff,
    0xfc, 0xb, 0xff, 0xda, 0x7c, 0xfc, 0x3f, 0xf5,
    0x0, 0xb, 0xfc, 0x4f, 0xf5, 0x0, 0x5f, 0xfc,
    0xe, 0xff, 0xde, 0xfd, 0xfc, 0x2, 0xae, 0xfc,
    0x49, 0xfc,

    /* U+00AB "«" */
    0x0, 0x0, 0xaf, 0xfa, 0x6, 0xff, 0xd1, 0x0,
    0x8, 0xff, 0xc0, 0x4f, 0xfe, 0x20, 0x0, 0x5f,
    0xfd, 0x12, 0xff, 0xf3, 0x0, 0x4, 0xff, 0xf2,
    0x1e, 0xff, 0x50, 0x0, 0x2f, 0xff, 0x40, 0xcf,
    0xf8, 0x0, 0x0, 0xaf, 0xfa, 0x6, 0xff, 0xe0,
    0x0, 0x0, 0x1e, 0xff, 0x60, 0xbf, 0xfa, 0x0,
    0x0, 0x2, 0xff, 0xf4, 0xc, 0xff, 0x70, 0x0,
    0x0, 0x4f, 0xfe, 0x21, 0xef, 0xf5, 0x0, 0x0,
    0x5, 0xff, 0xd1, 0x2f, 0xff, 0x30, 0x0, 0x0,
    0x7d, 0xd9, 0x4, 0xdd, 0xc1,

    /* U+00AC "¬" */
    0x37, 0x77, 0x77, 0x77, 0x77, 0x67, 0xff, 0xff,
    0xff, 0xff, 0xfe, 0x7f, 0xff, 0xff, 0xff, 0xff,
    0xe0, 0x0, 0x0, 0x0, 0xc, 0xfe, 0x0, 0x0,
    0x0, 0x0, 0xcf, 0xe0, 0x0, 0x0, 0x0, 0xc,
    0xfe,

    /* U+00AE "®" */
    0x0, 0x0, 0x38, 0xaa, 0x83, 0x0, 0x0, 0x0,
    0x1b, 0xff, 0xff, 0xff, 0xa1, 0x0, 0x1, 0xef,
    0xb4, 0x1, 0x4b, 0xfd, 0x10, 0xc, 0xf7, 0x0,
    0x0, 0x0, 0x8f, 0xb0, 0x4f, 0xa0, 0x7f, 0xff,
    0xb1, 0xb, 0xf3, 0x9f, 0x20, 0x7f, 0x34, 0xfa,
    0x4, 0xf8, 0xcf, 0x0, 0x7f, 0x11, 0xfa, 0x0,
    0xfb, 0xce, 0x0, 0x7f, 0xff, 0xf2, 0x0, 0xfb,
    0xaf, 0x10, 0x7f, 0x2b, 0xf1, 0x2, 0xf9, 0x6f,
    0x70, 0x7f, 0x12, 0xf8, 0x8, 0xf5, 0xe, 0xf3,
    0x24, 0x0, 0x33, 0x4f, 0xd0, 0x4, 0xff, 0x60,
    0x0, 0x7, 0xff, 0x30, 0x0, 0x4e, 0xfe, 0xcc,
    0xff, 0xe3, 0x0, 0x0, 0x1, 0x8d, 0xff, 0xc7,
    0x0, 0x0,

    /* U+00AF "¯" */
    0x0, 0x0, 0x0, 0xe, 0xff, 0xff, 0xfc, 0xef,
    0xff, 0xff, 0xc0,

    /* U+00B0 "°" */
    0x0, 0x6d, 0xfd, 0x70, 0x0, 0xaf, 0xff, 0xff,
    0xa0, 0x4f, 0xf7, 0x27, 0xff, 0x48, 0xfb, 0x0,
    0xa, 0xf8, 0x8f, 0xb0, 0x0, 0xaf, 0x84, 0xff,
    0x73, 0x7f, 0xf4, 0xa, 0xff, 0xff, 0xfa, 0x0,
    0x7, 0xdf, 0xd7, 0x0,

    /* U+00B1 "±" */
    0x0, 0x0, 0x3f, 0xf6, 0x0, 0x0, 0x0, 0x0,
    0x3f, 0xf6, 0x0, 0x0, 0x0, 0x0, 0x3f, 0xf6,
    0x0, 0x0, 0xcf, 0xff, 0xff, 0xff, 0xff, 0xfe,
    0xcf, 0xff, 0xff, 0xff, 0xff, 0xfe, 0x57, 0x77,
    0xaf, 0xfd, 0x77, 0x76, 0x0, 0x0, 0x3f, 0xf6,
    0x0, 0x0, 0x0, 0x0, 0x3f, 0xf6, 0x0, 0x0,
    0x0, 0x0, 0x2a, 0xa4, 0x0, 0x0, 0x0, 0x0,
    0x0, 0x0, 0x0, 0x0, 0xcf, 0xff, 0xff, 0xff,
    0xff, 0xfe, 0xcf, 0xff, 0xff, 0xff, 0xff, 0xfe,
    0x57, 0x77, 0x77, 0x77, 0x77, 0x77,

    /* U+00B2 "²" */
    0x3, 0xbe, 0xfd, 0x92, 0x4, 0xff, 0xff, 0xff,
    0xf1, 0xbf, 0xc0, 0x4, 0xff, 0x60, 0x10, 0x0,
    0x4f, 0xf3, 0x0, 0x0, 0x7f, 0xf8, 0x0, 0x2,
    0xcf, 0xe5, 0x0, 0x8, 0xff, 0x80, 0x0, 0x9,
    0xff, 0xff, 0xff, 0xfb, 0xaf, 0xff, 0xff, 0xff,
    0xb0,

    /* U+00B3 "³" */
    0x3, 0xae, 0xfe, 0xb5, 0x0, 0x4f, 0xff, 0xff,
    0xff, 0x50, 0x36, 0x61, 0x3, 0xff, 0x70, 0x0,
    0xb, 0xff, 0xd6, 0x0, 0x0, 0x6, 0x8c, 0xfe,
    0x50, 0x0, 0x0, 0x0, 0xcf, 0xe0, 0xbf, 0xe3,
    0x3, 0xef, 0xe0, 0x3f, 0xff, 0xff, 0xff, 0x60,
    0x2, 0xae, 0xfe, 0xb4, 0x0,

    /* U+00B4 "´" */
    0x0, 0x48, 0x83, 0x0, 0xdf, 0xd0, 0x5, 0xff,
    0x30, 0xc, 0xf8, 0x0,

    /* U+00B5 "µ" */
    0x6f, 0xfa, 0x0, 0x0, 0xf, 0xff, 0x10, 0x6f,
    0xfa, 0x0, 0x0, 0xf, 0xff, 0x10, 0x6f, 0xfa,
    0x0, 0x0, 0xf, 0xff, 0x10, 0x6f, 0xfa, 0x0,
    0x0, 0xf, 0xff, 0x10, 0x6f, 0xfa, 0x0, 0x0,
    0xf, 0xff, 0x10, 0x6f, 0xfa, 0x0, 0x0, 0xf,
    0xff, 0x10, 0x6f, 0xfa, 0x0, 0x0, 0xf, 0xff,
    0x10, 0x6f, 0xfa, 0x0, 0x0, 0xf, 0xff, 0x10,
    0x6f, 0xfc, 0x0, 0x0, 0xf, 0xff, 0x10, 0x6f,
    0xff, 0x20, 0x0, 0x6f, 0xff, 0x10, 0x6f, 0xff,
    0xe6, 0x48, 0xff, 0xff, 0x82, 0x6f, 0xfe, 0xff,
    0xff, 0xf9, 0xff, 0xfa, 0x6f, 0xfa, 0x5d, 0xfc,
    0x30, 0x8d, 0xfa, 0x6f, 0xfa, 0x0, 0x0, 0x0,
    0x0, 0x0, 0x6f, 0xfa, 0x0, 0x0, 0x0, 0x0,
    0x0, 0x6f, 0xfa, 0x0, 0x0, 0x0, 0x0, 0x0,
    0x6f, 0xfa, 0x0, 0x0, 0x0, 0x0, 0x0, 0x6f,
    0xfa, 0x0, 0x0, 0x0, 0x0, 0x0,

    /* U+00B6 "¶" */
    0x0, 0x29, 0xdf, 0xff, 0xff, 0xff, 0x5, 0xff,
    0xff, 0xff, 0xff, 0xff, 0x3f, 0xff, 0xff, 0xf6,
    0x6f, 0xfd, 0xaf, 0xff, 0xff, 0xe0, 0xf, 0xfa,
    0xdf, 0xff, 0xff, 0xe0, 0xf, 0xfa, 0xef, 0xff,
    0xff, 0xe0, 0xf, 0xfa, 0xdf, 0xff, 0xff, 0xe0,
    0xf, 0xfa, 0x8f, 0xff, 0xff, 0xe0, 0xf, 0xfa,
    0x1e, 0xff, 0xff, 0xe0, 0xf, 0xfa, 0x2, 0xdf,
    0xff, 0xe0, 0xf, 0xfa, 0x0, 0x4, 0x8a, 0xa0,
    0xf, 0xfa, 0x0, 0x0, 0x0, 0x0, 0xf, 0xfa,
    0x0, 0x0, 0x0, 0x0, 0xf, 0xfa, 0x0, 0x0,
    0x0, 0x0, 0xf, 0xfa, 0x0, 0x0, 0x0, 0x0,
    0xf, 0xfa, 0x0, 0x0, 0x0, 0x0, 0xf, 0xfa,
    0x0, 0x0, 0x0, 0x0, 0xf, 0xfa,

    /* U+00B7 "·" */
    0x2, 0x97, 0x0, 0xdf, 0xf8, 0xf, 0xff, 0xa0,
    0x6e, 0xd2,

    /* U+00B8 "¸" */
    0xd, 0x80, 0x0, 0xfb, 0x50, 0x9, 0xbf, 0x80,
    0x13, 0xfb, 0x8f, 0xff, 0x52, 0x43, 0x10,

    /* U+00B9 "¹" */
    0x5, 0xdf, 0xf6, 0xaf, 0xff, 0xf6, 0xba, 0x3f,
    0xf6, 0x10, 0x1f, 0xf6, 0x0, 0x1f, 0xf6, 0x0,
    0x1f, 0xf6, 0x0, 0x1f, 0xf6, 0x0, 0x1f, 0xf6,
    0x0, 0x1f, 0xf6,

    /* U+00BA "º" */
    0x0, 0x7, 0xdf, 0xeb, 0x50, 0x0, 0xc, 0xff,
    0xff, 0xff, 0x80, 0x9, 0xff, 0x70, 0x1a, 0xff,
    0x40, 0xff, 0xa0, 0x0, 0xe, 0xfa, 0x1f, 0xf6,
    0x0, 0x0, 0xbf, 0xd1, 0xff, 0x60, 0x0, 0xb,
    0xfd, 0xf, 0xfa, 0x0, 0x0, 0xef, 0xa0, 0x9f,
    0xf6, 0x1, 0xaf, 0xf4, 0x0, 0xdf, 0xff, 0xff,
    0xf8, 0x0, 0x0, 0x7d, 0xfe, 0xc5, 0x0,

    /* U+00BB "»" */
    0xa, 0xff, 0x90, 0x6f, 0xfd, 0x0, 0x0, 0x0,
    0xc, 0xff, 0x70, 0x9f, 0xfb, 0x0, 0x0, 0x0,
    0x1e, 0xff, 0x50, 0xbf, 0xf9, 0x0, 0x0, 0x0,
    0x2f, 0xff, 0x30, 0xdf, 0xf7, 0x0, 0x0, 0x0,
    0x4f, 0xfe, 0x21, 0xef, 0xf5, 0x0, 0x0, 0x0,
    0xbf, 0xfa, 0x7, 0xff, 0xe0, 0x0, 0x0, 0x6f,
    0xfd, 0x13, 0xff, 0xf3, 0x0, 0x0, 0x4f, 0xfe,
    0x21, 0xef, 0xf5, 0x0, 0x0, 0x2f, 0xff, 0x30,
    0xcf, 0xf7, 0x0, 0x0, 0x1d, 0xff, 0x50, 0xbf,
    0xf9, 0x0, 0x0, 0x9, 0xdd, 0x70, 0x6d, 0xda,
    0x0, 0x0, 0x0,

    /* U+00BC "¼" */
    0x1, 0xbf, 0xf7, 0x0, 0x0, 0x0, 0x0, 0xef,
    0x50, 0x0, 0xd, 0xff, 0xf7, 0x0, 0x0, 0x0,
    0xa, 0xfa, 0x0, 0x0, 0x1f, 0x5c, 0xf7, 0x0,
    0x0, 0x0, 0x4f, 0xe1, 0x0, 0x0, 0x3, 0xc,
    0xf7, 0x0, 0x0, 0x1, 0xef, 0x40, 0x0, 0x0,
    0x0, 0xc, 0xf7, 0x0, 0x0, 0xa, 0xf9, 0x0,
    0x0, 0x0, 0x0, 0xc, 0xf7, 0x0, 0x0, 0x5f,
    0xd0, 0x0, 0x0, 0x0, 0x0, 0xc, 0xf7, 0x0,
    0x1, 0xff, 0x30, 0x0, 0x0, 0x0, 0x0, 0xc,
    0xf7, 0x0, 0xb, 0xf8, 0x0, 0x0, 0x0, 0x0,
    0x0, 0xc, 0xf7, 0x0, 0x6f, 0xd0, 0x0, 0x2f,
    0xff, 0x0, 0x0, 0x5, 0x73, 0x2, 0xff, 0x30,
    0x0, 0xbf, 0xff, 0x0, 0x0, 0x0, 0x0, 0xc,
    0xf7, 0x0, 0x5, 0xfe, 0xff, 0x0, 0x0, 0x0,
    0x0, 0x7f, 0xc0, 0x0, 0xe, 0xf4, 0xff, 0x0,
    0x0, 0x0, 0x3, 0xff, 0x20, 0x0, 0x8f, 0x91,
    0xff, 0x0, 0x0, 0x0, 0xd, 0xf6, 0x0, 0x2,
    0xfe, 0x11, 0xff, 0x0, 0x0, 0x0, 0x8f, 0xb0,
    0x0, 0x9, 0xff, 0xde, 0xff, 0xd1, 0x0, 0x3,
    0xff, 0x10, 0x0, 0x9, 0xff, 0xff, 0xff, 0xf1,
    0x0, 0xd, 0xf5, 0x0, 0x0, 0x0, 0x0, 0x2,
    0xff, 0x0, 0x0, 0x38, 0x60, 0x0, 0x0, 0x0,
    0x0, 0x1, 0x87, 0x0,

    /* U+00BD "½" */
    0x0, 0x37, 0x73, 0x0, 0x0, 0x0, 0x0, 0x57,
    0x30, 0x0, 0x7, 0xff, 0xf7, 0x0, 0x0, 0x0,
    0x4, 0xfe, 0x10, 0x0, 0x1f, 0xcd, 0xf7, 0x0,
    0x0, 0x0, 0xe, 0xf5, 0x0, 0x0, 0x19, 0xc,
    0xf7, 0x0, 0x0, 0x0, 0xaf, 0xa0, 0x0, 0x0,
    0x0, 0xc, 0xf7, 0x0, 0x0, 0x5, 0xfe, 0x10,
    0x0, 0x0, 0x0, 0xc, 0xf7, 0x0, 0x0, 0x1e,
    0xf4, 0x0, 0x0, 0x0, 0x0, 0xc, 0xf7, 0x0,
    0x0, 0xaf, 0x90, 0x0, 0x0, 0x0, 0x0, 0xc,
    0xf7, 0x0, 0x6, 0xfd, 0x0, 0x0, 0x0, 0x0,
    0x0, 0xc, 0xf7, 0x0, 0x1f, 0xf3, 0x0, 0x7c,
    0xdb, 0x40, 0x0, 0xc, 0xf7, 0x0, 0xbf, 0x80,
    0x9, 0xff, 0xff, 0xf4, 0x0, 0x0, 0x0, 0x7,
    0xfd, 0x0, 0xe, 0xe4, 0xa, 0xfa, 0x0, 0x0,
    0x0, 0x2f, 0xf2, 0x0, 0x0, 0x0, 0x7, 0xfa,
    0x0, 0x0, 0x0, 0xcf, 0x70, 0x0, 0x0, 0x0,
    0x1e, 0xf4, 0x0, 0x0, 0x8, 0xfc, 0x0, 0x0,
    0x0, 0x1, 0xdf, 0x80, 0x0, 0x0, 0x3f, 0xf2,
    0x0, 0x0, 0x0, 0x1d, 0xfa, 0x0, 0x0, 0x0,
    0xdf, 0x60, 0x0, 0x0, 0x1, 0xdf, 0xb0, 0x0,
    0x0, 0x9, 0xfb, 0x0, 0x0, 0x0, 0xc, 0xff,
    0xdd, 0xdc, 0x0, 0x4f, 0xe1, 0x0, 0x0, 0x0,
    0xe, 0xff, 0xff, 0xfe,

    /* U+00BE "¾" */
    0x0, 0x6d, 0xfe, 0x90, 0x0, 0x0, 0x0, 0x2,
    0xff, 0x20, 0x0, 0x7f, 0xfd, 0xff, 0xa0, 0x0,
    0x0, 0x0, 0xcf, 0x70, 0x0, 0x7, 0x94, 0x3,
    0xff, 0x0, 0x0, 0x0, 0x7f, 0xc0, 0x0, 0x0,
    0x0, 0x0, 0x7f, 0xc0, 0x0, 0x0, 0x3f, 0xf2,
    0x0, 0x0, 0x0, 0x8, 0xff, 0xc2, 0x0, 0x0,
    0xd, 0xf6, 0x0, 0x0, 0x0, 0x0, 0x4a, 0xdf,
    0xb0, 0x0, 0x8, 0xfb, 0x0, 0x0, 0x0, 0x0,
    0x0, 0x0, 0xff, 0x50, 0x3, 0xfe, 0x10, 0x0,
    0x0, 0x0, 0x9a, 0x50, 0x4f, 0xf5, 0x0, 0xdf,
    0x50, 0x0, 0x0, 0x0, 0x9, 0xff, 0xff, 0xfd,
    0x0, 0x9f, 0xa0, 0x0, 0x4f, 0xfc, 0x0, 0x5,
    0xac, 0xb7, 0x0, 0x4f, 0xe1, 0x0, 0xd, 0xff,
    0xc0, 0x0, 0x0, 0x0, 0x0, 0x1e, 0xf4, 0x0,
    0x8, 0xff, 0xfc, 0x0, 0x0, 0x0, 0x0, 0xa,
    0xf9, 0x0, 0x2, 0xfe, 0x5f, 0xc0, 0x0, 0x0,
    0x0, 0x5, 0xfd, 0x0, 0x0, 0xbf, 0x64, 0xfc,
    0x0, 0x0, 0x0, 0x1, 0xef, 0x30, 0x0, 0x5f,
    0xd0, 0x4f, 0xc0, 0x0, 0x0, 0x0, 0xbf, 0x80,
    0x0, 0xc, 0xfe, 0xdf, 0xff, 0xc0, 0x0, 0x0,
    0x6f, 0xd0, 0x0, 0x0, 0xcf, 0xff, 0xff, 0xfe,
    0x0, 0x0, 0x2f, 0xf3, 0x0, 0x0, 0x0, 0x0,
    0x5, 0xfc, 0x0, 0x0, 0x4, 0x85, 0x0, 0x0,
    0x0, 0x0, 0x0, 0x28, 0x60,

    /* U+00BF "¿" */
    0x0, 0x0, 0x4e, 0xe6, 0x0, 0x0, 0x0, 0x0,
    0xcf, 0xfe, 0x0, 0x0, 0x0, 0x0, 0xaf, 0xfc,
    0x0, 0x0, 0x0, 0x0, 0x7, 0x81, 0x0, 0x0,
    0x0, 0x0, 0x0, 0x0, 0x0, 0x0, 0x0, 0x0,
    0x28, 0x84, 0x0, 0x0, 0x0, 0x0, 0x5f, 0xf7,
    0x0, 0x0, 0x0, 0x0, 0xbf, 0xf5, 0x0, 0x0,
    0x0, 0x8, 0xff, 0xf1, 0x0, 0x0, 0x1, 0xcf,
    0xff, 0x60, 0x0, 0x0, 0x1d, 0xff, 0xe4, 0x0,
    0x0, 0x0, 0x7f, 0xfe, 0x20, 0x0, 0x0, 0x0,
    0xcf, 0xf7, 0x0, 0x0, 0x0, 0x0, 0xcf, 0xf5,
    0x0, 0x0, 0xde, 0xd0, 0xaf, 0xfa, 0x0, 0x5,
    0xff, 0xe0, 0x4f, 0xff, 0xc7, 0x9f, 0xff, 0x70,
    0x7, 0xff, 0xff, 0xff, 0xfa, 0x0, 0x0, 0x3a,
    0xef, 0xeb, 0x50, 0x0,

    /* U+00C0 "À" */
    0x0, 0x0, 0x4, 0x88, 0x20, 0x0, 0x0, 0x0,
    0x0, 0x0, 0x0, 0x1f, 0xfb, 0x0, 0x0, 0x0,
    0x0, 0x0, 0x0, 0x0, 0x6f, 0xf2, 0x0, 0x0,
    0x0, 0x0, 0x0, 0x0, 0x0, 0xbf, 0xa0, 0x0,
    0x0, 0x0, 0x0, 0x0, 0x0, 0x0, 0x0, 0x0,
    0x0, 0x0, 0x0, 0x0, 0x0, 0x0, 0x0, 0x0,
    0x0, 0x0, 0x0, 0x0, 0x0, 0x0, 0x7f, 0xff,
    0xd0, 0x0, 0x0, 0x0, 0x0, 0x0, 0xd, 0xff,
    0xff, 0x30, 0x0, 0x0, 0x0, 0x0, 0x3, 0xff,
    0xef, 0xf9, 0x0, 0x0, 0x0, 0x0, 0x0, 0x9f,
    0xf6, 0xff, 0xe0, 0x0, 0x0, 0x0, 0x0, 0xe,
    0xff, 0x1c, 0xff, 0x40, 0x0, 0x0, 0x0, 0x4,
    0xff, 0xc0, 0x7f, 0xfa, 0x0, 0x0, 0x0, 0x0,
    0xaf, 0xf8, 0x3, 0xff, 0xf1, 0x0, 0x0, 0x0,
    0xf, 0xff, 0x30, 0xd, 0xff, 0x60, 0x0, 0x0,
    0x5, 0xff, 0xe0, 0x0, 0x8f, 0xfc, 0x0, 0x0,
    0x0, 0xbf, 0xf8, 0x0, 0x3, 0xff, 0xf2, 0x0,
    0x0, 0x1f, 0xff, 0xb7, 0x77, 0x7f, 0xff, 0x80,
    0x0, 0x7, 0xff, 0xff, 0xff, 0xff, 0xff, 0xfd,
    0x0, 0x0, 0xcf, 0xff, 0xff, 0xff, 0xff, 0xff,
    0xf3, 0x0, 0x2f, 0xff, 0x30, 0x0, 0x0, 0xc,
    0xff, 0x90, 0x8, 0xff, 0xd0, 0x0, 0x0, 0x0,
    0x6f, 0xff, 0x0, 0xdf, 0xf8, 0x0, 0x0, 0x0,
    0x1, 0xff, 0xf5, 0x3f, 0xff, 0x20, 0x0, 0x0,
    0x0, 0xb, 0xff, 0xb0,

    /* U+00C1 "Á" */
    0x0, 0x0, 0x0, 0x0, 0x7, 0x87, 0x0, 0x0,
    0x0, 0x0, 0x0, 0x0, 0x4, 0xff, 0x70, 0x0,
    0x0, 0x0, 0x0, 0x0, 0x0, 0xbf, 0xc0, 0x0,
    0x0, 0x0, 0x0, 0x0, 0x0, 0x3f, 0xf2, 0x0,
    0x0, 0x0, 0x0, 0x0, 0x0, 0x0, 0x0, 0x0,
    0x0, 0x0, 0x0, 0x0, 0x0, 0x0, 0x0, 0x0,
    0x0, 0x0, 0x0, 0x0, 0x0, 0x0, 0x7f, 0xff,
    0xd0, 0x0, 0x0, 0x0, 0x0, 0x0, 0xd, 0xff,
    0xff, 0x30, 0x0, 0x0, 0x0, 0x0, 0x3, 0xff,
    0xef, 0xf9, 0x0, 0x0, 0x0, 0x0, 0x0, 0x9f,
    0xf6, 0xff, 0xe0, 0x0, 0x0, 0x0, 0x0, 0xe,
    0xff, 0x1c, 0xff, 0x40, 0x0, 0x0, 0x0, 0x4,
    0xff, 0xc0, 0x7f, 0xfa, 0x0, 0x0, 0x0, 0x0,
    0xaf, 0xf8, 0x3, 0xff, 0xf1, 0x0, 0x0, 0x0,
    0xf, 0xff, 0x30, 0xd, 0xff, 0x60, 0x0, 0x0,
    0x5, 0xff, 0xe0, 0x0, 0x8f, 0xfc, 0x0, 0x0,
    0x0, 0xbf, 0xf8, 0x0, 0x3, 0xff, 0xf2, 0x0,
    0x0, 0x1f, 0xff, 0xb7, 0x77, 0x7f, 0xff, 0x80,
    0x0, 0x7, 0xff, 0xff, 0xff, 0xff, 0xff, 0xfd,
    0x0, 0x0, 0xcf, 0xff, 0xff, 0xff, 0xff, 0xff,
    0xf3, 0x0, 0x2f, 0xff, 0x30, 0x0, 0x0, 0xc,
    0xff, 0x90, 0x8, 0xff, 0xd0, 0x0, 0x0, 0x0,
    0x6f, 0xff, 0x0, 0xdf, 0xf8, 0x0, 0x0, 0x0,
    0x1, 0xff, 0xf5, 0x3f, 0xff, 0x20, 0x0, 0x0,
    0x0, 0xb, 0xff, 0xb0,

    /* U+00C2 "Â" */
    0x0, 0x0, 0x0, 0x6, 0x87, 0x10, 0x0, 0x0,
    0x0, 0x0, 0x0, 0x7, 0xff, 0xfc, 0x0, 0x0,
    0x0, 0x0, 0x0, 0x6, 0xff, 0x5d, 0xfb, 0x0,
    0x0, 0x0, 0x0, 0x5, 0xff, 0x70, 0x1e, 0xfa,
    0x0, 0x0, 0x0, 0x0, 0x0, 0x0, 0x0, 0x0,
    0x0, 0x0, 0x0, 0x0, 0x0, 0x0, 0x0, 0x0,
    0x0, 0x0, 0x0, 0x0, 0x0, 0x0, 0x7f, 0xff,
    0xd0, 0x0, 0x0, 0x0, 0x0, 0x0, 0xd, 0xff,
    0xff, 0x30, 0x0, 0x0, 0x0, 0x0, 0x3, 0xff,
    0xef, 0xf9, 0x0, 0x0, 0x0, 0x0, 0x0, 0x9f,
    0xf6, 0xff, 0xe0, 0x0, 0x0, 0x0, 0x0, 0xe,
    0xff, 0x1c, 0xff, 0x40, 0x0, 0x0, 0x0, 0x4,
    0xff, 0xc0, 0x7f, 0xfa, 0x0, 0x0, 0x0, 0x0,
    0xaf, 0xf8, 0x3, 0xff, 0xf1, 0x0, 0x0, 0x0,
    0xf, 0xff, 0x30, 0xd, 0xff, 0x60, 0x0, 0x0,
    0x5, 0xff, 0xe0, 0x0, 0x8f, 0xfc, 0x0, 0x0,
    0x0, 0xbf, 0xf8, 0x0, 0x3, 0xff, 0xf2, 0x0,
    0x0, 0x1f, 0xff, 0xb7, 0x77, 0x7f, 0xff, 0x80,
    0x0, 0x7, 0xff, 0xff, 0xff, 0xff, 0xff, 0xfd,
    0x0, 0x0, 0xcf, 0xff, 0xff, 0xff, 0xff, 0xff,
    0xf3, 0x0, 0x2f, 0xff, 0x30, 0x0, 0x0, 0xc,
    0xff, 0x90, 0x8, 0xff, 0xd0, 0x0, 0x0, 0x0,
    0x6f, 0xff, 0x0, 0xdf, 0xf8, 0x0, 0x0, 0x0,
    0x1, 0xff, 0xf5, 0x3f, 0xff, 0x20, 0x0, 0x0,
    0x0, 0xb, 0xff, 0xb0,

    /* U+00C3 "Ã" */
    0x0, 0x0, 0x4, 0xde, 0xa2, 0x5f, 0x70, 0x0,
    0x0, 0x0, 0x0, 0xef, 0xdf, 0xff, 0xf3, 0x0,
    0x0, 0x0, 0x0, 0x1c, 0x90, 0x3a, 0xb5, 0x0,
    0x0, 0x0, 0x0, 0x0, 0x0, 0x0, 0x0, 0x0,
    0x0, 0x0, 0x0, 0x0, 0x0, 0x0, 0x0, 0x0,
    0x0, 0x0, 0x0, 0x0, 0x0, 0x7, 0xff, 0xfd,
    0x0, 0x0, 0x0, 0x0, 0x0, 0x0, 0xdf, 0xff,
    0xf3, 0x0, 0x0, 0x0, 0x0, 0x0, 0x3f, 0xfe,
    0xff, 0x90, 0x0, 0x0, 0x0, 0x0, 0x9, 0xff,
    0x6f, 0xfe, 0x0, 0x0, 0x0, 0x0, 0x0, 0xef,
    0xf1, 0xcf, 0xf4, 0x0, 0x0, 0x0, 0x0, 0x4f,
    0xfc, 0x7, 0xff, 0xa0, 0x0, 0x0, 0x0, 0xa,
    0xff, 0x80, 0x3f, 0xff, 0x10, 0x0, 0x0, 0x0,
    0xff, 0xf3, 0x0, 0xdf, 0xf6, 0x0, 0x0, 0x0,
    0x5f, 0xfe, 0x0, 0x8, 0xff, 0xc0, 0x0, 0x0,
    0xb, 0xff, 0x80, 0x0, 0x3f, 0xff, 0x20, 0x0,
    0x1, 0xff, 0xfb, 0x77, 0x77, 0xff, 0xf8, 0x0,
    0x0, 0x7f, 0xff, 0xff, 0xff, 0xff, 0xff, 0xd0,
    0x0, 0xc, 0xff, 0xff, 0xff, 0xff, 0xff, 0xff,
    0x30, 0x2, 0xff, 0xf3, 0x0, 0x0, 0x0, 0xcf,
    0xf9, 0x0, 0x8f, 0xfd, 0x0, 0x0, 0x0, 0x6,
    0xff, 0xf0, 0xd, 0xff, 0x80, 0x0, 0x0, 0x0,
    0x1f, 0xff, 0x53, 0xff, 0xf2, 0x0, 0x0, 0x0,
    0x0, 0xbf, 0xfb,

    /* U+00C4 "Ä" */
    0x0, 0x0, 0x0, 0x0, 0x0, 0x1, 0x0, 0x0,
    0x0, 0x0, 0x2, 0xef, 0x60, 0x1d, 0xf7, 0x0,
    0x0, 0x0, 0x0, 0x6f, 0xfb, 0x4, 0xff, 0xd0,
    0x0, 0x0, 0x0, 0x1, 0xde, 0x40, 0xc, 0xf6,
    0x0, 0x0, 0x0, 0x0, 0x0, 0x0, 0x0, 0x0,
    0x0, 0x0, 0x0, 0x0, 0x0, 0x0, 0x0, 0x0,
    0x0, 0x0, 0x0, 0x0, 0x0, 0x0, 0x7f, 0xff,
    0xd0, 0x0, 0x0, 0x0, 0x0, 0x0, 0xd, 0xff,
    0xff, 0x30, 0x0, 0x0, 0x0, 0x0, 0x3, 0xff,
    0xef, 0xf9, 0x0, 0x0, 0x0, 0x0, 0x0, 0x9f,
    0xf6, 0xff, 0xe0, 0x0, 0x0, 0x0, 0x0, 0xe,
    0xff, 0x1c, 0xff, 0x40, 0x0, 0x0, 0x0, 0x4,
    0xff, 0xc0, 0x7f, 0xfa, 0x0, 0x0, 0x0, 0x0,
    0xaf, 0xf8, 0x3, 0xff, 0xf1, 0x0, 0x0, 0x0,
    0xf, 0xff, 0x30, 0xd, 0xff, 0x60, 0x0, 0x0,
    0x5, 0xff, 0xe0, 0x0, 0x8f, 0xfc, 0x0, 0x0,
    0x0, 0xbf, 0xf8, 0x0, 0x3, 0xff, 0xf2, 0x0,
    0x0, 0x1f, 0xff, 0xb7, 0x77, 0x7f, 0xff, 0x80,
    0x0, 0x7, 0xff, 0xff, 0xff, 0xff, 0xff, 0xfd,
    0x0, 0x0, 0xcf, 0xff, 0xff, 0xff, 0xff, 0xff,
    0xf3, 0x0, 0x2f, 0xff, 0x30, 0x0, 0x0, 0xc,
    0xff, 0x90, 0x8, 0xff, 0xd0, 0x0, 0x0, 0x0,
    0x6f, 0xff, 0x0, 0xdf, 0xf8, 0x0, 0x0, 0x0,
    0x1, 0xff, 0xf5, 0x3f, 0xff, 0x20, 0x0, 0x0,
    0x0, 0xb, 0xff, 0xb0,

    /* U+00C5 "Å" */
    0x0, 0x0, 0x0, 0x0, 0x10, 0x0, 0x0, 0x0,
    0x0, 0x0, 0x0, 0x5, 0xef, 0xfa, 0x0, 0x0,
    0x0, 0x0, 0x0, 0x2, 0xfd, 0x69, 0xf9, 0x0,
    0x0, 0x0, 0x0, 0x0, 0x6f, 0x50, 0xe, 0xd0,
    0x0, 0x0, 0x0, 0x0, 0x4, 0xfb, 0x36, 0xfa,
    0x0, 0x0, 0x0, 0x0, 0x0, 0x8, 0xff, 0xfd,
    0x10, 0x0, 0x0, 0x0, 0x0, 0x0, 0x1, 0x43,
    0x0, 0x0, 0x0, 0x0, 0x0, 0x0, 0x7, 0xff,
    0xfd, 0x0, 0x0, 0x0, 0x0, 0x0, 0x0, 0xdf,
    0xff, 0xf3, 0x0, 0x0, 0x0, 0x0, 0x0, 0x3f,
    0xfe, 0xff, 0x90, 0x0, 0x0, 0x0, 0x0, 0x9,
    0xff, 0x6f, 0xfe, 0x0, 0x0, 0x0, 0x0, 0x0,
    0xef, 0xf1, 0xcf, 0xf4, 0x0, 0x0, 0x0, 0x0,
    0x4f, 0xfc, 0x7, 0xff, 0xa0, 0x0, 0x0, 0x0,
    0xa, 0xff, 0x80, 0x3f, 0xff, 0x10, 0x0, 0x0,
    0x0, 0xff, 0xf3, 0x0, 0xdf, 0xf6, 0x0, 0x0,
    0x0, 0x5f, 0xfe, 0x0, 0x8, 0xff, 0xc0, 0x0,
    0x0, 0xb, 0xff, 0x80, 0x0, 0x3f, 0xff, 0x20,
    0x0, 0x1, 0xff, 0xfb, 0x77, 0x77, 0xff, 0xf8,
    0x0, 0x0, 0x7f, 0xff, 0xff, 0xff, 0xff, 0xff,
    0xd0, 0x0, 0xc, 0xff, 0xff, 0xff, 0xff, 0xff,
    0xff, 0x30, 0x2, 0xff, 0xf3, 0x0, 0x0, 0x0,
    0xcf, 0xf9, 0x0, 0x8f, 0xfd, 0x0, 0x0, 0x0,
    0x6, 0xff, 0xf0, 0xd, 0xff, 0x80, 0x0, 0x0,
    0x0, 0x1f, 0xff, 0x53, 0xff, 0xf2, 0x0, 0x0,
    0x0, 0x0, 0xbf, 0xfb,

    /* U+00C6 "Æ" */
    0x0, 0x0, 0x0, 0x0, 0xcf, 0xff, 0xff, 0xff,
    0xff, 0xff, 0xff, 0xd0, 0x0, 0x0, 0x0, 0x4f,
    0xff, 0xff, 0xff, 0xff, 0xff, 0xff, 0xfd, 0x0,
    0x0, 0x0, 0xb, 0xff, 0x75, 0xff, 0xd9, 0x99,
    0x99, 0x99, 0x70, 0x0, 0x0, 0x3, 0xff, 0xf1,
    0x5f, 0xfa, 0x0, 0x0, 0x0, 0x0, 0x0, 0x0,
    0x0, 0xaf, 0xf9, 0x5, 0xff, 0xa0, 0x0, 0x0,
    0x0, 0x0, 0x0, 0x0, 0x2f, 0xff, 0x20, 0x5f,
    0xfa, 0x0, 0x0, 0x0, 0x0, 0x0, 0x0, 0x9,
    0xff, 0xb0, 0x5, 0xff, 0xa0, 0x0, 0x0, 0x0,
    0x0, 0x0, 0x1, 0xff, 0xf4, 0x0, 0x5f, 0xff,
    0xff, 0xff, 0xff, 0xf4, 0x0, 0x0, 0x7f, 0xfc,
    0x0, 0x5, 0xff, 0xff, 0xff, 0xff, 0xff, 0x40,
    0x0, 0xe, 0xff, 0x50, 0x0, 0x5f, 0xfd, 0x88,
    0x88, 0x88, 0x82, 0x0, 0x6, 0xff, 0xf4, 0x44,
    0x49, 0xff, 0xa0, 0x0, 0x0, 0x0, 0x0, 0x0,
    0xdf, 0xff, 0xff, 0xff, 0xff, 0xfa, 0x0, 0x0,
    0x0, 0x0, 0x0, 0x5f, 0xff, 0xff, 0xff, 0xff,
    0xff, 0xa0, 0x0, 0x0, 0x0, 0x0, 0xc, 0xff,
    0x90, 0x0, 0x0, 0x5f, 0xfa, 0x0, 0x0, 0x0,
    0x0, 0x4, 0xff, 0xf2, 0x0, 0x0, 0x5, 0xff,
    0xd9, 0x99, 0x99, 0x99, 0x80, 0xbf, 0xfb, 0x0,
    0x0, 0x0, 0x5f, 0xff, 0xff, 0xff, 0xff, 0xff,
    0x2f, 0xff, 0x40, 0x0, 0x0, 0x5, 0xff, 0xff,
    0xff, 0xff, 0xff, 0xf0,

    /* U+00C7 "Ç" */
    0x0, 0x0, 0x29, 0xdf, 0xfe, 0xb5, 0x0, 0x0,
    0x0, 0x8, 0xff, 0xff, 0xff, 0xff, 0xd2, 0x0,
    0x0, 0xaf, 0xff, 0xfd, 0xce, 0xff, 0xfe, 0x20,
    0x6, 0xff, 0xf9, 0x10, 0x0, 0x5e, 0xff, 0xc0,
    0x1f, 0xff, 0x90, 0x0, 0x0, 0x3, 0xff, 0xf3,
    0x6f, 0xfe, 0x0, 0x0, 0x0, 0x0, 0x9c, 0xc5,
    0x9f, 0xf9, 0x0, 0x0, 0x0, 0x0, 0x0, 0x0,
    0xbf, 0xf6, 0x0, 0x0, 0x0, 0x0, 0x0, 0x0,
    0xcf, 0xf5, 0x0, 0x0, 0x0, 0x0, 0x0, 0x0,
    0xbf, 0xf6, 0x0, 0x0, 0x0, 0x0, 0x0, 0x0,
    0x9f, 0xf9, 0x0, 0x0, 0x0, 0x0, 0x0, 0x0,
    0x6f, 0xfe, 0x0, 0x0, 0x0, 0x0, 0x9c, 0xc6,
    0x1f, 0xff, 0x80, 0x0, 0x0, 0x2, 0xff, 0xf3,
    0x7, 0xff, 0xf9, 0x10, 0x0, 0x5e, 0xff, 0xb0,
    0x0, 0xaf, 0xff, 0xfd, 0xce, 0xff, 0xfe, 0x20,
    0x0, 0x8, 0xff, 0xff, 0xff, 0xff, 0xc2, 0x0,
    0x0, 0x0, 0x29, 0xdf, 0xfe, 0xb5, 0x0, 0x0,
    0x0, 0x0, 0x0, 0xa, 0xd0, 0x0, 0x0, 0x0,
    0x0, 0x0, 0x0, 0xc, 0xff, 0x70, 0x0, 0x0,
    0x0, 0x0, 0x0, 0x1, 0x2d, 0xf0, 0x0, 0x0,
    0x0, 0x0, 0x0, 0x15, 0x5f, 0xe0, 0x0, 0x0,
    0x0, 0x0, 0x0, 0x4f, 0xfd, 0x50, 0x0, 0x0,

    /* U+00C8 "È" */
    0x0, 0x6, 0x88, 0x0, 0x0, 0x0, 0x0, 0x0,
    0x4f, 0xf7, 0x0, 0x0, 0x0, 0x0, 0x0, 0xaf,
    0xe0, 0x0, 0x0, 0x0, 0x0, 0x1, 0xef, 0x60,
    0x0, 0x0, 0x0, 0x0, 0x0, 0x0, 0x0, 0x0,
    0x0, 0x0, 0x0, 0x0, 0x0, 0x0, 0x0, 0x3f,
    0xff, 0xff, 0xff, 0xff, 0xff, 0x13, 0xff, 0xff,
    0xff, 0xff, 0xff, 0xf1, 0x3f, 0xff, 0x99, 0x99,
    0x99, 0x99, 0x13, 0xff, 0xe0, 0x0, 0x0, 0x0,
    0x0, 0x3f, 0xfe, 0x0, 0x0, 0x0, 0x0, 0x3,
    0xff, 0xe0, 0x0, 0x0, 0x0, 0x0, 0x3f, 0xfe,
    0x0, 0x0, 0x0, 0x0, 0x3, 0xff, 0xff, 0xff,
    0xff, 0xff, 0x80, 0x3f, 0xff, 0xff, 0xff, 0xff,
    0xf8, 0x3, 0xff, 0xf8, 0x88, 0x88, 0x88, 0x40,
    0x3f, 0xfe, 0x0, 0x0, 0x0, 0x0, 0x3, 0xff,
    0xe0, 0x0, 0x0, 0x0, 0x0, 0x3f, 0xfe, 0x0,
    0x0, 0x0, 0x0, 0x3, 0xff, 0xe0, 0x0, 0x0,
    0x0, 0x0, 0x3f, 0xff, 0x99, 0x99, 0x99, 0x99,
    0x13, 0xff, 0xff, 0xff, 0xff, 0xff, 0xf2, 0x3f,
    0xff, 0xff, 0xff, 0xff, 0xff, 0x20,

    /* U+00C9 "É" */
    0x0, 0x0, 0x0, 0x18, 0x85, 0x0, 0x0, 0x0,
    0x0, 0x8, 0xff, 0x30, 0x0, 0x0, 0x0, 0x0,
    0xff, 0x80, 0x0, 0x0, 0x0, 0x0, 0x7f, 0xd0,
    0x0, 0x0, 0x0, 0x0, 0x0, 0x0, 0x0, 0x0,
    0x0, 0x0, 0x0, 0x0, 0x0, 0x0, 0x0, 0x3f,
    0xff, 0xff, 0xff, 0xff, 0xff, 0x13, 0xff, 0xff,
    0xff, 0xff, 0xff, 0xf1, 0x3f, 0xff, 0x99, 0x99,
    0x99, 0x99, 0x13, 0xff, 0xe0, 0x0, 0x0, 0x0,
    0x0, 0x3f, 0xfe, 0x0, 0x0, 0x0, 0x0, 0x3,
    0xff, 0xe0, 0x0, 0x0, 0x0, 0x0, 0x3f, 0xfe,
    0x0, 0x0, 0x0, 0x0, 0x3, 0xff, 0xff, 0xff,
    0xff, 0xff, 0x80, 0x3f, 0xff, 0xff, 0xff, 0xff,
    0xf8, 0x3, 0xff, 0xf8, 0x88, 0x88, 0x88, 0x40,
    0x3f, 0xfe, 0x0, 0x0, 0x0, 0x0, 0x3, 0xff,
    0xe0, 0x0, 0x0, 0x0, 0x0, 0x3f, 0xfe, 0x0,
    0x0, 0x0, 0x0, 0x3, 0xff, 0xe0, 0x0, 0x0,
    0x0, 0x0, 0x3f, 0xff, 0x99, 0x99, 0x99, 0x99,
    0x13, 0xff, 0xff, 0xff, 0xff, 0xff, 0xf2, 0x3f,
    0xff, 0xff, 0xff, 0xff, 0xff, 0x20,

    /* U+00CA "Ê" */
    0x0, 0x0, 0x7, 0x87, 0x0, 0x0, 0x0, 0x0,
    0xa, 0xff, 0xf9, 0x0, 0x0, 0x0, 0x9, 0xfe,
    0x4f, 0xf8, 0x0, 0x0, 0x8, 0xff, 0x30, 0x4f,
    0xf6, 0x0, 0x0, 0x0, 0x0, 0x0, 0x0, 0x0,
    0x0, 0x0, 0x0, 0x0, 0x0, 0x0, 0x0, 0x3f,
    0xff, 0xff, 0xff, 0xff, 0xff, 0x13, 0xff, 0xff,
    0xff, 0xff, 0xff, 0xf1, 0x3f, 0xff, 0x99, 0x99,
    0x99, 0x99, 0x13, 0xff, 0xe0, 0x0, 0x0, 0x0,
    0x0, 0x3f, 0xfe, 0x0, 0x0, 0x0, 0x0, 0x3,
    0xff, 0xe0, 0x0, 0x0, 0x0, 0x0, 0x3f, 0xfe,
    0x0, 0x0, 0x0, 0x0, 0x3, 0xff, 0xff, 0xff,
    0xff, 0xff, 0x80, 0x3f, 0xff, 0xff, 0xff, 0xff,
    0xf8, 0x3, 0xff, 0xf8, 0x88, 0x88, 0x88, 0x40,
    0x3f, 0xfe, 0x0, 0x0, 0x0, 0x0, 0x3, 0xff,
    0xe0, 0x0, 0x0, 0x0, 0x0, 0x3f, 0xfe, 0x0,
    0x0, 0x0, 0x0, 0x3, 0xff, 0xe0, 0x0, 0x0,
    0x0, 0x0, 0x3f, 0xff, 0x99, 0x99, 0x99, 0x99,
    0x13, 0xff, 0xff, 0xff, 0xff, 0xff, 0xf2, 0x3f,
    0xff, 0xff, 0xff, 0xff, 0xff, 0x20,

    /* U+00CB "Ë" */
    0x0, 0x0, 0x0, 0x0, 0x0, 0x0, 0x0, 0x5,
    0xfe, 0x30, 0x4f, 0xf4, 0x0, 0x0, 0xaf, 0xf7,
    0x9, 0xff, 0x90, 0x0, 0x4, 0xed, 0x20, 0x3d,
    0xe3, 0x0, 0x0, 0x0, 0x0, 0x0, 0x0, 0x0,
    0x0, 0x0, 0x0, 0x0, 0x0, 0x0, 0x0, 0x3f,
    0xff, 0xff, 0xff, 0xff, 0xff, 0x13, 0xff, 0xff,
    0xff, 0xff, 0xff, 0xf1, 0x3f, 0xff, 0x99, 0x99,
    0x99, 0x99, 0x13, 0xff, 0xe0, 0x0, 0x0, 0x0,
    0x0, 0x3f, 0xfe, 0x0, 0x0, 0x0, 0x0, 0x3,
    0xff, 0xe0, 0x0, 0x0, 0x0, 0x0, 0x3f, 0xfe,
    0x0, 0x0, 0x0, 0x0, 0x3, 0xff, 0xff, 0xff,
    0xff, 0xff, 0x80, 0x3f, 0xff, 0xff, 0xff, 0xff,
    0xf8, 0x3, 0xff, 0xf8, 0x88, 0x88, 0x88, 0x40,
    0x3f, 0xfe, 0x0, 0x0, 0x0, 0x0, 0x3, 0xff,
    0xe0, 0x0, 0x0, 0x0, 0x0, 0x3f, 0xfe, 0x0,
    0x0, 0x0, 0x0, 0x3, 0xff, 0xe0, 0x0, 0x0,
    0x0, 0x0, 0x3f, 0xff, 0x99, 0x99, 0x99, 0x99,
    0x13, 0xff, 0xff, 0xff, 0xff, 0xff, 0xf2, 0x3f,
    0xff, 0xff, 0xff, 0xff, 0xff, 0x20,

    /* U+00CC "Ì" */
    0x7, 0x87, 0x0, 0x7, 0xff, 0x50, 0x0, 0xcf,
    0xc0, 0x0, 0x2f, 0xf4, 0x0, 0x0, 0x0, 0x0,
    0x0, 0x0, 0x0, 0x3f, 0xfe, 0x0, 0x3f, 0xfe,
    0x0, 0x3f, 0xfe, 0x0, 0x3f, 0xfe, 0x0, 0x3f,
    0xfe, 0x0, 0x3f, 0xfe, 0x0, 0x3f, 0xfe, 0x0,
    0x3f, 0xfe, 0x0, 0x3f, 0xfe, 0x0, 0x3f, 0xfe,
    0x0, 0x3f, 0xfe, 0x0, 0x3f, 0xfe, 0x0, 0x3f,
    0xfe, 0x0, 0x3f, 0xfe, 0x0, 0x3f, 0xfe, 0x0,
    0x3f, 0xfe, 0x0, 0x3f, 0xfe,

    /* U+00CD "Í" */
    0x0, 0x28, 0x84, 0x0, 0xaf, 0xf1, 0x2, 0xff,
    0x60, 0x9, 0xfb, 0x0, 0x0, 0x0, 0x0, 0x0,
    0x0, 0x0, 0x3f, 0xfe, 0x0, 0x3f, 0xfe, 0x0,
    0x3f, 0xfe, 0x0, 0x3f, 0xfe, 0x0, 0x3f, 0xfe,
    0x0, 0x3f, 0xfe, 0x0, 0x3f, 0xfe, 0x0, 0x3f,
    0xfe, 0x0, 0x3f, 0xfe, 0x0, 0x3f, 0xfe, 0x0,
    0x3f, 0xfe, 0x0, 0x3f, 0xfe, 0x0, 0x3f, 0xfe,
    0x0, 0x3f, 0xfe, 0x0, 0x3f, 0xfe, 0x0, 0x3f,
    0xfe, 0x0, 0x3f, 0xfe, 0x0,

    /* U+00CE "Î" */
    0x0, 0x1, 0x78, 0x60, 0x0, 0x0, 0xc, 0xff,
    0xf7, 0x0, 0x0, 0xbf, 0xd4, 0xff, 0x60, 0xa,
    0xfe, 0x20, 0x6f, 0xf4, 0x0, 0x0, 0x0, 0x0,
    0x0, 0x0, 0x0, 0x0, 0x0, 0x0, 0x0, 0x3,
    0xff, 0xe0, 0x0, 0x0, 0x3, 0xff, 0xe0, 0x0,
    0x0, 0x3, 0xff, 0xe0, 0x0, 0x0, 0x3, 0xff,
    0xe0, 0x0, 0x0, 0x3, 0xff, 0xe0, 0x0, 0x0,
    0x3, 0xff, 0xe0, 0x0, 0x0, 0x3, 0xff, 0xe0,
    0x0, 0x0, 0x3, 0xff, 0xe0, 0x0, 0x0, 0x3,
    0xff, 0xe0, 0x0, 0x0, 0x3, 0xff, 0xe0, 0x0,
    0x0, 0x3, 0xff, 0xe0, 0x0, 0x0, 0x3, 0xff,
    0xe0, 0x0, 0x0, 0x3, 0xff, 0xe0, 0x0, 0x0,
    0x3, 0xff, 0xe0, 0x0, 0x0, 0x3, 0xff, 0xe0,
    0x0, 0x0, 0x3, 0xff, 0xe0, 0x0, 0x0, 0x3,
    0xff, 0xe0, 0x0,

    /* U+00CF "Ï" */
    0x1, 0x0, 0x0, 0x0, 0x7, 0xfe, 0x10, 0x5f,
    0xe2, 0xcf, 0xf5, 0xb, 0xff, 0x75, 0xec, 0x10,
    0x4e, 0xd1, 0x0, 0x0, 0x0, 0x0, 0x0, 0x0,
    0x0, 0x0, 0x0, 0x0, 0x3f, 0xfe, 0x0, 0x0,
    0x3, 0xff, 0xe0, 0x0, 0x0, 0x3f, 0xfe, 0x0,
    0x0, 0x3, 0xff, 0xe0, 0x0, 0x0, 0x3f, 0xfe,
    0x0, 0x0, 0x3, 0xff, 0xe0, 0x0, 0x0, 0x3f,
    0xfe, 0x0, 0x0, 0x3, 0xff, 0xe0, 0x0, 0x0,
    0x3f, 0xfe, 0x0, 0x0, 0x3, 0xff, 0xe0, 0x0,
    0x0, 0x3f, 0xfe, 0x0, 0x0, 0x3, 0xff, 0xe0,
    0x0, 0x0, 0x3f, 0xfe, 0x0, 0x0, 0x3, 0xff,
    0xe0, 0x0, 0x0, 0x3f, 0xfe, 0x0, 0x0, 0x3,
    0xff, 0xe0, 0x0, 0x0, 0x3f, 0xfe, 0x0, 0x0,

    /* U+00D0 "Ð" */
    0x0, 0x8f, 0xff, 0xff, 0xff, 0xc9, 0x30, 0x0,
    0x0, 0x8, 0xff, 0xff, 0xff, 0xff, 0xff, 0x90,
    0x0, 0x0, 0x8f, 0xff, 0xaa, 0xac, 0xff, 0xff,
    0xb0, 0x0, 0x8, 0xff, 0x90, 0x0, 0x0, 0x7f,
    0xff, 0x70, 0x0, 0x8f, 0xf9, 0x0, 0x0, 0x0,
    0x6f, 0xff, 0x0, 0x8, 0xff, 0x90, 0x0, 0x0,
    0x0, 0xdf, 0xf5, 0x0, 0x8f, 0xf9, 0x0, 0x0,
    0x0, 0x7, 0xff, 0x9c, 0xff, 0xff, 0xff, 0xff,
    0x90, 0x0, 0x5f, 0xfb, 0xcf, 0xff, 0xff, 0xff,
    0xf9, 0x0, 0x4, 0xff, 0xc2, 0x2b, 0xff, 0xc2,
    0x22, 0x10, 0x0, 0x5f, 0xfb, 0x0, 0x8f, 0xf9,
    0x0, 0x0, 0x0, 0x8, 0xff, 0x90, 0x8, 0xff,
    0x90, 0x0, 0x0, 0x0, 0xdf, 0xf5, 0x0, 0x8f,
    0xf9, 0x0, 0x0, 0x0, 0x6f, 0xff, 0x0, 0x8,
    0xff, 0x90, 0x0, 0x0, 0x7f, 0xff, 0x70, 0x0,
    0x8f, 0xff, 0xaa, 0xac, 0xff, 0xff, 0xb0, 0x0,
    0x8, 0xff, 0xff, 0xff, 0xff, 0xff, 0x80, 0x0,
    0x0, 0x8f, 0xff, 0xff, 0xff, 0xc8, 0x20, 0x0,
    0x0,

    /* U+00D1 "Ñ" */
    0x0, 0x0, 0xa, 0xfc, 0x51, 0xee, 0x0, 0x0,
    0x0, 0x0, 0x7f, 0xef, 0xff, 0xf9, 0x0, 0x0,
    0x0, 0x0, 0x8c, 0x11, 0x8b, 0x90, 0x0, 0x0,
    0x0, 0x0, 0x0, 0x0, 0x0, 0x0, 0x0, 0x0,
    0x0, 0x0, 0x0, 0x0, 0x0, 0x0, 0x0, 0x0,
    0x3f, 0xff, 0x90, 0x0, 0x0, 0x0, 0xbf, 0xf7,
    0x3f, 0xff, 0xf4, 0x0, 0x0, 0x0, 0xbf, 0xf7,
    0x3f, 0xff, 0xfd, 0x0, 0x0, 0x0, 0xbf, 0xf7,
    0x3f, 0xff, 0xff, 0x80, 0x0, 0x0, 0xbf, 0xf7,
    0x3f, 0xfc, 0xdf, 0xf3, 0x0, 0x0, 0xbf, 0xf7,
    0x3f, 0xfd, 0x4f, 0xfc, 0x0, 0x0, 0xbf, 0xf7,
    0x3f, 0xfd, 0xb, 0xff, 0x70, 0x0, 0xbf, 0xf7,
    0x3f, 0xfe, 0x2, 0xff, 0xf2, 0x0, 0xbf, 0xf7,
    0x3f, 0xff, 0x0, 0x8f, 0xfb, 0x0, 0xbf, 0xf7,
    0x3f, 0xff, 0x0, 0xd, 0xff, 0x50, 0xbf, 0xf7,
    0x3f, 0xff, 0x0, 0x4, 0xff, 0xe0, 0xaf, 0xf7,
    0x3f, 0xff, 0x0, 0x0, 0x9f, 0xf8, 0xaf, 0xf7,
    0x3f, 0xff, 0x0, 0x0, 0x1e, 0xff, 0xaf, 0xf7,
    0x3f, 0xff, 0x0, 0x0, 0x5, 0xff, 0xff, 0xf7,
    0x3f, 0xff, 0x0, 0x0, 0x0, 0xaf, 0xff, 0xf7,
    0x3f, 0xff, 0x0, 0x0, 0x0, 0x1f, 0xff, 0xf7,
    0x3f, 0xff, 0x0, 0x0, 0x0, 0x6, 0xff, 0xf7,

    /* U+00D2 "Ò" */
    0x0, 0x0, 0x8, 0x87, 0x0, 0x0, 0x0, 0x0,
    0x0, 0x0, 0x0, 0x8f, 0xf3, 0x0, 0x0, 0x0,
    0x0, 0x0, 0x0, 0x0, 0xdf, 0xa0, 0x0, 0x0,
    0x0, 0x0, 0x0, 0x0, 0x3, 0xff, 0x20, 0x0,
    0x0, 0x0, 0x0, 0x0, 0x0, 0x0, 0x0, 0x0,
    0x0, 0x0, 0x0, 0x0, 0x0, 0x0, 0x0, 0x0,
    0x0, 0x0, 0x0, 0x0, 0x0, 0x29, 0xdf, 0xfe,
    0xb5, 0x0, 0x0, 0x0, 0x0, 0x8f, 0xff, 0xff,
    0xff, 0xfd, 0x20, 0x0, 0x0, 0xaf, 0xff, 0xfd,
    0xce, 0xff, 0xff, 0x20, 0x0, 0x6f, 0xff, 0x91,
    0x0, 0x5, 0xef, 0xfd, 0x0, 0x1f, 0xff, 0x90,
    0x0, 0x0, 0x2, 0xff, 0xf7, 0x6, 0xff, 0xe0,
    0x0, 0x0, 0x0, 0x8, 0xff, 0xd0, 0x9f, 0xf9,
    0x0, 0x0, 0x0, 0x0, 0x2f, 0xff, 0xb, 0xff,
    0x60, 0x0, 0x0, 0x0, 0x0, 0xff, 0xf2, 0xcf,
    0xf5, 0x0, 0x0, 0x0, 0x0, 0xe, 0xff, 0x3b,
    0xff, 0x60, 0x0, 0x0, 0x0, 0x0, 0xff, 0xf2,
    0x9f, 0xf9, 0x0, 0x0, 0x0, 0x0, 0x2f, 0xff,
    0x6, 0xff, 0xe0, 0x0, 0x0, 0x0, 0x8, 0xff,
    0xd0, 0x1f, 0xff, 0x90, 0x0, 0x0, 0x2, 0xff,
    0xf7, 0x0, 0x6f, 0xff, 0x91, 0x0, 0x5, 0xef,
    0xfd, 0x0, 0x0, 0xaf, 0xff, 0xfd, 0xce, 0xff,
    0xff, 0x20, 0x0, 0x0, 0x8f, 0xff, 0xff, 0xff,
    0xfd, 0x20, 0x0, 0x0, 0x0, 0x29, 0xdf, 0xfd,
    0xb5, 0x0, 0x0, 0x0,

    /* U+00D3 "Ó" */
    0x0, 0x0, 0x0, 0x0, 0x38, 0x83, 0x0, 0x0,
    0x0, 0x0, 0x0, 0x0, 0xc, 0xfe, 0x10, 0x0,
    0x0, 0x0, 0x0, 0x0, 0x3, 0xff, 0x40, 0x0,
    0x0, 0x0, 0x0, 0x0, 0x0, 0xbf, 0xa0, 0x0,
    0x0, 0x0, 0x0, 0x0, 0x0, 0x0, 0x0, 0x0,
    0x0, 0x0, 0x0, 0x0, 0x0, 0x0, 0x0, 0x0,
    0x0, 0x0, 0x0, 0x0, 0x0, 0x29, 0xdf, 0xfe,
    0xb5, 0x0, 0x0, 0x0, 0x0, 0x8f, 0xff, 0xff,
    0xff, 0xfd, 0x20, 0x0, 0x0, 0xaf, 0xff, 0xfd,
    0xce, 0xff, 0xff, 0x20, 0x0, 0x6f, 0xff, 0x91,
    0x0, 0x5, 0xef, 0xfd, 0x0, 0x1f, 0xff, 0x90,
    0x0, 0x0, 0x2, 0xff, 0xf7, 0x6, 0xff, 0xe0,
    0x0, 0x0, 0x0, 0x8, 0xff, 0xd0, 0x9f, 0xf9,
    0x0, 0x0, 0x0, 0x0, 0x2f, 0xff, 0xb, 0xff,
    0x60, 0x0, 0x0, 0x0, 0x0, 0xff, 0xf2, 0xcf,
    0xf5, 0x0, 0x0, 0x0, 0x0, 0xe, 0xff, 0x3b,
    0xff, 0x60, 0x0, 0x0, 0x0, 0x0, 0xff, 0xf2,
    0x9f, 0xf9, 0x0, 0x0, 0x0, 0x0, 0x2f, 0xff,
    0x6, 0xff, 0xe0, 0x0, 0x0, 0x0, 0x8, 0xff,
    0xd0, 0x1f, 0xff, 0x90, 0x0, 0x0, 0x2, 0xff,
    0xf7, 0x0, 0x6f, 0xff, 0x91, 0x0, 0x5, 0xef,
    0xfd, 0x0, 0x0, 0xaf, 0xff, 0xfd, 0xce, 0xff,
    0xff, 0x20, 0x0, 0x0, 0x8f, 0xff, 0xff, 0xff,
    0xfd, 0x20, 0x0, 0x0, 0x0, 0x29, 0xdf, 0xfd,
    0xb5, 0x0, 0x0, 0x0,

    /* U+00D4 "Ô" */
    0x0, 0x0, 0x0, 0x18, 0x85, 0x0, 0x0, 0x0,
    0x0, 0x0, 0x0, 0x1d, 0xff, 0xf6, 0x0, 0x0,
    0x0, 0x0, 0x0, 0xc, 0xfc, 0x5f, 0xf4, 0x0,
    0x0, 0x0, 0x0, 0xc, 0xfe, 0x10, 0x8f, 0xf3,
    0x0, 0x0, 0x0, 0x0, 0x0, 0x0, 0x0, 0x0,
    0x0, 0x0, 0x0, 0x0, 0x0, 0x0, 0x0, 0x0,
    0x0, 0x0, 0x0, 0x0, 0x0, 0x29, 0xdf, 0xfe,
    0xb5, 0x0, 0x0, 0x0, 0x0, 0x8f, 0xff, 0xff,
    0xff, 0xfd, 0x20, 0x0, 0x0, 0xaf, 0xff, 0xfd,
    0xce, 0xff, 0xff, 0x20, 0x0, 0x6f, 0xff, 0x91,
    0x0, 0x5, 0xef, 0xfd, 0x0, 0x1f, 0xff, 0x90,
    0x0, 0x0, 0x2, 0xff, 0xf7, 0x6, 0xff, 0xe0,
    0x0, 0x0, 0x0, 0x8, 0xff, 0xd0, 0x9f, 0xf9,
    0x0, 0x0, 0x0, 0x0, 0x2f, 0xff, 0xb, 0xff,
    0x60, 0x0, 0x0, 0x0, 0x0, 0xff, 0xf2, 0xcf,
    0xf5, 0x0, 0x0, 0x0, 0x0, 0xe, 0xff, 0x3b,
    0xff, 0x60, 0x0, 0x0, 0x0, 0x0, 0xff, 0xf2,
    0x9f, 0xf9, 0x0, 0x0, 0x0, 0x0, 0x2f, 0xff,
    0x6, 0xff, 0xe0, 0x0, 0x0, 0x0, 0x8, 0xff,
    0xd0, 0x1f, 0xff, 0x90, 0x0, 0x0, 0x2, 0xff,
    0xf7, 0x0, 0x6f, 0xff, 0x91, 0x0, 0x5, 0xef,
    0xfd, 0x0, 0x0, 0xaf, 0xff, 0xfd, 0xce, 0xff,
    0xff, 0x20, 0x0, 0x0, 0x8f, 0xff, 0xff, 0xff,
    0xfd, 0x20, 0x0, 0x0, 0x0, 0x29, 0xdf, 0xfd,
    0xb5, 0x0, 0x0, 0x0,

    /* U+00D5 "Õ" */
    0x0, 0x0, 0x9, 0xfd, 0x61, 0xcf, 0x0, 0x0,
    0x0, 0x0, 0x5, 0xfe, 0xef, 0xff, 0xb0, 0x0,
    0x0, 0x0, 0x0, 0x7c, 0x30, 0x7b, 0x91, 0x0,
    0x0, 0x0, 0x0, 0x0, 0x0, 0x0, 0x0, 0x0,
    0x0, 0x0, 0x0, 0x0, 0x0, 0x0, 0x0, 0x0,
    0x0, 0x0, 0x0, 0x0, 0x2, 0x9d, 0xff, 0xeb,
    0x50, 0x0, 0x0, 0x0, 0x8, 0xff, 0xff, 0xff,
    0xff, 0xd2, 0x0, 0x0, 0xa, 0xff, 0xff, 0xdc,
    0xef, 0xff, 0xf2, 0x0, 0x6, 0xff, 0xf9, 0x10,
    0x0, 0x5e, 0xff, 0xd0, 0x1, 0xff, 0xf9, 0x0,
    0x0, 0x0, 0x2f, 0xff, 0x70, 0x6f, 0xfe, 0x0,
    0x0, 0x0, 0x0, 0x8f, 0xfd, 0x9, 0xff, 0x90,
    0x0, 0x0, 0x0, 0x2, 0xff, 0xf0, 0xbf, 0xf6,
    0x0, 0x0, 0x0, 0x0, 0xf, 0xff, 0x2c, 0xff,
    0x50, 0x0, 0x0, 0x0, 0x0, 0xef, 0xf3, 0xbf,
    0xf6, 0x0, 0x0, 0x0, 0x0, 0xf, 0xff, 0x29,
    0xff, 0x90, 0x0, 0x0, 0x0, 0x2, 0xff, 0xf0,
    0x6f, 0xfe, 0x0, 0x0, 0x0, 0x0, 0x8f, 0xfd,
    0x1, 0xff, 0xf9, 0x0, 0x0, 0x0, 0x2f, 0xff,
    0x70, 0x6, 0xff, 0xf9, 0x10, 0x0, 0x5e, 0xff,
    0xd0, 0x0, 0xa, 0xff, 0xff, 0xdc, 0xef, 0xff,
    0xf2, 0x0, 0x0, 0x8, 0xff, 0xff, 0xff, 0xff,
    0xd2, 0x0, 0x0, 0x0, 0x2, 0x9d, 0xff, 0xdb,
    0x50, 0x0, 0x0,

    /* U+00D6 "Ö" */
    0x0, 0x0, 0x1, 0x0, 0x0, 0x10, 0x0, 0x0,
    0x0, 0x0, 0x8, 0xfd, 0x0, 0x7f, 0xe1, 0x0,
    0x0, 0x0, 0x0, 0xef, 0xf4, 0xc, 0xff, 0x50,
    0x0, 0x0, 0x0, 0x7, 0xfb, 0x0, 0x5e, 0xc1,
    0x0, 0x0, 0x0, 0x0, 0x0, 0x0, 0x0, 0x0,
    0x0, 0x0, 0x0, 0x0, 0x0, 0x0, 0x0, 0x0,
    0x0, 0x0, 0x0, 0x0, 0x0, 0x29, 0xdf, 0xfe,
    0xb5, 0x0, 0x0, 0x0, 0x0, 0x8f, 0xff, 0xff,
    0xff, 0xfd, 0x20, 0x0, 0x0, 0xaf, 0xff, 0xfd,
    0xce, 0xff, 0xff, 0x20, 0x0, 0x6f, 0xff, 0x91,
    0x0, 0x5, 0xef, 0xfd, 0x0, 0x1f, 0xff, 0x90,
    0x0, 0x0, 0x2, 0xff, 0xf7, 0x6, 0xff, 0xe0,
    0x0, 0x0, 0x0, 0x8, 0xff, 0xd0, 0x9f, 0xf9,
    0x0, 0x0, 0x0, 0x0, 0x2f, 0xff, 0xb, 0xff,
    0x60, 0x0, 0x0, 0x0, 0x0, 0xff, 0xf2, 0xcf,
    0xf5, 0x0, 0x0, 0x0, 0x0, 0xe, 0xff, 0x3b,
    0xff, 0x60, 0x0, 0x0, 0x0, 0x0, 0xff, 0xf2,
    0x9f, 0xf9, 0x0, 0x0, 0x0, 0x0, 0x2f, 0xff,
    0x6, 0xff, 0xe0, 0x0, 0x0, 0x0, 0x8, 0xff,
    0xd0, 0x1f, 0xff, 0x90, 0x0, 0x0, 0x2, 0xff,
    0xf7, 0x0, 0x6f, 0xff, 0x91, 0x0, 0x5, 0xef,
    0xfd, 0x0, 0x0, 0xaf, 0xff, 0xfd, 0xce, 0xff,
    0xff, 0x20, 0x0, 0x0, 0x8f, 0xff, 0xff, 0xff,
    0xfd, 0x20, 0x0, 0x0, 0x0, 0x29, 0xdf, 0xfd,
    0xb5, 0x0, 0x0, 0x0,

    /* U+00D7 "×" */
    0x2, 0x30, 0x0, 0x0, 0x1, 0x40, 0x2, 0xef,
    0x40, 0x0, 0x2, 0xef, 0x40, 0x8f, 0xff, 0x40,
    0x2, 0xef, 0xfb, 0x0, 0x9f, 0xff, 0x42, 0xef,
    0xfc, 0x0, 0x0, 0x9f, 0xff, 0xff, 0xfb, 0x0,
    0x0, 0x0, 0x8f, 0xff, 0xfb, 0x0, 0x0, 0x0,
    0x2, 0xff, 0xff, 0x50, 0x0, 0x0, 0x3, 0xef,
    0xff, 0xff, 0x50, 0x0, 0x3, 0xef, 0xfa, 0x8f,
    0xff, 0x50, 0x3, 0xef, 0xfa, 0x0, 0x7f, 0xff,
    0x50, 0x7f, 0xfa, 0x0, 0x0, 0x7f, 0xfa, 0x0,
    0x89, 0x0, 0x0, 0x0, 0x6a, 0x0, 0x0, 0x0,
    0x0, 0x0, 0x0, 0x0, 0x0,

    /* U+00D8 "Ø" */
    0x0, 0x0, 0x0, 0x0, 0x0, 0x0, 0x2, 0x0,
    0x0, 0x0, 0x2, 0x9d, 0xff, 0xeb, 0x52, 0xfc,
    0x0, 0x0, 0x8, 0xff, 0xff, 0xff, 0xff, 0xff,
    0xa0, 0x0, 0xa, 0xff, 0xff, 0xdc, 0xef, 0xff,
    0xf3, 0x0, 0x6, 0xff, 0xf9, 0x10, 0x0, 0xaf,
    0xff, 0xd0, 0x1, 0xff, 0xf9, 0x0, 0x0, 0x1e,
    0xff, 0xff, 0x70, 0x6f, 0xfe, 0x0, 0x0, 0xc,
    0xfb, 0x8f, 0xfd, 0x9, 0xff, 0x90, 0x0, 0x8,
    0xfe, 0x12, 0xff, 0xf0, 0xbf, 0xf6, 0x0, 0x4,
    0xff, 0x30, 0xf, 0xff, 0x2c, 0xff, 0x50, 0x1,
    0xef, 0x70, 0x0, 0xef, 0xf3, 0xbf, 0xf6, 0x0,
    0xbf, 0xb0, 0x0, 0xf, 0xff, 0x29, 0xff, 0x90,
    0x7f, 0xe1, 0x0, 0x2, 0xff, 0xf0, 0x6f, 0xfe,
    0x4f, 0xf4, 0x0, 0x0, 0x8f, 0xfd, 0x1, 0xff,
    0xff, 0xf8, 0x0, 0x0, 0x2f, 0xff, 0x70, 0x6,
    0xff, 0xff, 0x10, 0x0, 0x5e, 0xff, 0xd0, 0x0,
    0xf, 0xff, 0xff, 0xdc, 0xef, 0xff, 0xf2, 0x0,
    0x3, 0xff, 0xff, 0xff, 0xff, 0xff, 0xd2, 0x0,
    0x0, 0x6f, 0x92, 0x9d, 0xff, 0xdb, 0x50, 0x0,
    0x0, 0x0, 0x20, 0x0, 0x0, 0x0, 0x0, 0x0,
    0x0, 0x0,

    /* U+00D9 "Ù" */
    0x0, 0x0, 0x38, 0x83, 0x0, 0x0, 0x0, 0x0,
    0x0, 0x0, 0xdf, 0xd0, 0x0, 0x0, 0x0, 0x0,
    0x0, 0x4, 0xff, 0x40, 0x0, 0x0, 0x0, 0x0,
    0x0, 0x9, 0xfc, 0x0, 0x0, 0x0, 0x0, 0x0,
    0x0, 0x0, 0x0, 0x0, 0x0, 0x0, 0x0, 0x0,
    0x0, 0x0, 0x0, 0x0, 0x0, 0x3f, 0xfe, 0x0,
    0x0, 0x0, 0x3, 0xff, 0xe3, 0xff, 0xe0, 0x0,
    0x0, 0x0, 0x3f, 0xfe, 0x3f, 0xfe, 0x0, 0x0,
    0x0, 0x3, 0xff, 0xe3, 0xff, 0xe0, 0x0, 0x0,
    0x0, 0x3f, 0xfe, 0x3f, 0xfe, 0x0, 0x0, 0x0,
    0x3, 0xff, 0xe3, 0xff, 0xe0, 0x0, 0x0, 0x0,
    0x3f, 0xfe, 0x3f, 0xfe, 0x0, 0x0, 0x0, 0x3,
    0xff, 0xe3, 0xff, 0xe0, 0x0, 0x0, 0x0, 0x3f,
    0xfe, 0x3f, 0xfe, 0x0, 0x0, 0x0, 0x3, 0xff,
    0xe3, 0xff, 0xe0, 0x0, 0x0, 0x0, 0x3f, 0xfe,
    0x3f, 0xfe, 0x0, 0x0, 0x0, 0x3, 0xff, 0xe2,
    0xff, 0xf0, 0x0, 0x0, 0x0, 0x5f, 0xfd, 0xf,
    0xff, 0x60, 0x0, 0x0, 0xb, 0xff, 0xb0, 0xaf,
    0xff, 0x60, 0x0, 0x1a, 0xff, 0xf4, 0x1, 0xef,
    0xff, 0xec, 0xcf, 0xff, 0xfa, 0x0, 0x2, 0xdf,
    0xff, 0xff, 0xff, 0xf9, 0x0, 0x0, 0x0, 0x5b,
    0xdf, 0xfd, 0x93, 0x0, 0x0,

    /* U+00DA "Ú" */
    0x0, 0x0, 0x0, 0x0, 0x68, 0x80, 0x0, 0x0,
    0x0, 0x0, 0x0, 0x2f, 0xf9, 0x0, 0x0, 0x0,
    0x0, 0x0, 0xa, 0xfd, 0x0, 0x0, 0x0, 0x0,
    0x0, 0x1, 0xff, 0x30, 0x0, 0x0, 0x0, 0x0,
    0x0, 0x0, 0x0, 0x0, 0x0, 0x0, 0x0, 0x0,
    0x0, 0x0, 0x0, 0x0, 0x0, 0x3f, 0xfe, 0x0,
    0x0, 0x0, 0x3, 0xff, 0xe3, 0xff, 0xe0, 0x0,
    0x0, 0x0, 0x3f, 0xfe, 0x3f, 0xfe, 0x0, 0x0,
    0x0, 0x3, 0xff, 0xe3, 0xff, 0xe0, 0x0, 0x0,
    0x0, 0x3f, 0xfe, 0x3f, 0xfe, 0x0, 0x0, 0x0,
    0x3, 0xff, 0xe3, 0xff, 0xe0, 0x0, 0x0, 0x0,
    0x3f, 0xfe, 0x3f, 0xfe, 0x0, 0x0, 0x0, 0x3,
    0xff, 0xe3, 0xff, 0xe0, 0x0, 0x0, 0x0, 0x3f,
    0xfe, 0x3f, 0xfe, 0x0, 0x0, 0x0, 0x3, 0xff,
    0xe3, 0xff, 0xe0, 0x0, 0x0, 0x0, 0x3f, 0xfe,
    0x3f, 0xfe, 0x0, 0x0, 0x0, 0x3, 0xff, 0xe2,
    0xff, 0xf0, 0x0, 0x0, 0x0, 0x5f, 0xfd, 0xf,
    0xff, 0x60, 0x0, 0x0, 0xb, 0xff, 0xb0, 0xaf,
    0xff, 0x60, 0x0, 0x1a, 0xff, 0xf4, 0x1, 0xef,
    0xff, 0xec, 0xcf, 0xff, 0xfa, 0x0, 0x2, 0xdf,
    0xff, 0xff, 0xff, 0xf9, 0x0, 0x0, 0x0, 0x5b,
    0xdf, 0xfd, 0x93, 0x0, 0x0,

    /* U+00DB "Û" */
    0x0, 0x0, 0x0, 0x58, 0x82, 0x0, 0x0, 0x0,
    0x0, 0x0, 0x5f, 0xff, 0xd1, 0x0, 0x0, 0x0,
    0x0, 0x4f, 0xf6, 0xbf, 0xd0, 0x0, 0x0, 0x0,
    0x3f, 0xf9, 0x0, 0xdf, 0xc0, 0x0, 0x0, 0x0,
    0x0, 0x0, 0x0, 0x0, 0x0, 0x0, 0x0, 0x0,
    0x0, 0x0, 0x0, 0x0, 0x0, 0x3f, 0xfe, 0x0,
    0x0, 0x0, 0x3, 0xff, 0xe3, 0xff, 0xe0, 0x0,
    0x0, 0x0, 0x3f, 0xfe, 0x3f, 0xfe, 0x0, 0x0,
    0x0, 0x3, 0xff, 0xe3, 0xff, 0xe0, 0x0, 0x0,
    0x0, 0x3f, 0xfe, 0x3f, 0xfe, 0x0, 0x0, 0x0,
    0x3, 0xff, 0xe3, 0xff, 0xe0, 0x0, 0x0, 0x0,
    0x3f, 0xfe, 0x3f, 0xfe, 0x0, 0x0, 0x0, 0x3,
    0xff, 0xe3, 0xff, 0xe0, 0x0, 0x0, 0x0, 0x3f,
    0xfe, 0x3f, 0xfe, 0x0, 0x0, 0x0, 0x3, 0xff,
    0xe3, 0xff, 0xe0, 0x0, 0x0, 0x0, 0x3f, 0xfe,
    0x3f, 0xfe, 0x0, 0x0, 0x0, 0x3, 0xff, 0xe2,
    0xff, 0xf0, 0x0, 0x0, 0x0, 0x5f, 0xfd, 0xf,
    0xff, 0x60, 0x0, 0x0, 0xb, 0xff, 0xb0, 0xaf,
    0xff, 0x60, 0x0, 0x1a, 0xff, 0xf4, 0x1, 0xef,
    0xff, 0xec, 0xcf, 0xff, 0xfa, 0x0, 0x2, 0xdf,
    0xff, 0xff, 0xff, 0xf9, 0x0, 0x0, 0x0, 0x5b,
    0xdf, 0xfd, 0x93, 0x0, 0x0,

    /* U+00DC "Ü" */
    0x0, 0x0, 0x1, 0x0, 0x0, 0x10, 0x0, 0x0,
    0x0, 0x1d, 0xf8, 0x0, 0xcf, 0x90, 0x0, 0x0,
    0x4, 0xff, 0xd0, 0x3f, 0xff, 0x0, 0x0, 0x0,
    0xc, 0xf6, 0x0, 0xaf, 0x70, 0x0, 0x0, 0x0,
    0x0, 0x0, 0x0, 0x0, 0x0, 0x0, 0x0, 0x0,
    0x0, 0x0, 0x0, 0x0, 0x0, 0x3f, 0xfe, 0x0,
    0x0, 0x0, 0x3, 0xff, 0xe3, 0xff, 0xe0, 0x0,
    0x0, 0x0, 0x3f, 0xfe, 0x3f, 0xfe, 0x0, 0x0,
    0x0, 0x3, 0xff, 0xe3, 0xff, 0xe0, 0x0, 0x0,
    0x0, 0x3f, 0xfe, 0x3f, 0xfe, 0x0, 0x0, 0x0,
    0x3, 0xff, 0xe3, 0xff, 0xe0, 0x0, 0x0, 0x0,
    0x3f, 0xfe, 0x3f, 0xfe, 0x0, 0x0, 0x0, 0x3,
    0xff, 0xe3, 0xff, 0xe0, 0x0, 0x0, 0x0, 0x3f,
    0xfe, 0x3f, 0xfe, 0x0, 0x0, 0x0, 0x3, 0xff,
    0xe3, 0xff, 0xe0, 0x0, 0x0, 0x0, 0x3f, 0xfe,
    0x3f, 0xfe, 0x0, 0x0, 0x0, 0x3, 0xff, 0xe2,
    0xff, 0xf0, 0x0, 0x0, 0x0, 0x5f, 0xfd, 0xf,
    0xff, 0x60, 0x0, 0x0, 0xb, 0xff, 0xb0, 0xaf,
    0xff, 0x60, 0x0, 0x1a, 0xff, 0xf4, 0x1, 0xef,
    0xff, 0xec, 0xcf, 0xff, 0xfa, 0x0, 0x2, 0xdf,
    0xff, 0xff, 0xff, 0xf9, 0x0, 0x0, 0x0, 0x5b,
    0xdf, 0xfd, 0x93, 0x0, 0x0,

    /* U+00DD "Ý" */
    0x0, 0x0, 0x0, 0x0, 0x8, 0x86, 0x0, 0x0,
    0x0, 0x0, 0x0, 0x0, 0x7, 0xff, 0x40, 0x0,
    0x0, 0x0, 0x0, 0x0, 0x0, 0xef, 0xa0, 0x0,
    0x0, 0x0, 0x0, 0x0, 0x0, 0x5f, 0xe1, 0x0,
    0x0, 0x0, 0x0, 0x0, 0x0, 0x0, 0x0, 0x0,
    0x0, 0x0, 0x0, 0x0, 0x0, 0x0, 0x0, 0x0,
    0x0, 0x0, 0x0, 0x2f, 0xff, 0x80, 0x0, 0x0,
    0x0, 0x6f, 0xff, 0x30, 0x7f, 0xff, 0x20, 0x0,
    0x0, 0xe, 0xff, 0x90, 0x0, 0xdf, 0xfb, 0x0,
    0x0, 0x8, 0xff, 0xe1, 0x0, 0x3, 0xff, 0xf4,
    0x0, 0x2, 0xff, 0xf6, 0x0, 0x0, 0xa, 0xff,
    0xd0, 0x0, 0xaf, 0xfc, 0x0, 0x0, 0x0, 0x1e,
    0xff, 0x60, 0x3f, 0xff, 0x20, 0x0, 0x0, 0x0,
    0x6f, 0xfe, 0xc, 0xff, 0x80, 0x0, 0x0, 0x0,
    0x0, 0xcf, 0xfa, 0xff, 0xe0, 0x0, 0x0, 0x0,
    0x0, 0x2, 0xff, 0xff, 0xf5, 0x0, 0x0, 0x0,
    0x0, 0x0, 0x8, 0xff, 0xfb, 0x0, 0x0, 0x0,
    0x0, 0x0, 0x0, 0xf, 0xff, 0x30, 0x0, 0x0,
    0x0, 0x0, 0x0, 0x0, 0xff, 0xf2, 0x0, 0x0,
    0x0, 0x0, 0x0, 0x0, 0xf, 0xff, 0x20, 0x0,
    0x0, 0x0, 0x0, 0x0, 0x0, 0xff, 0xf2, 0x0,
    0x0, 0x0, 0x0, 0x0, 0x0, 0xf, 0xff, 0x20,
    0x0, 0x0, 0x0, 0x0, 0x0, 0x0, 0xff, 0xf2,
    0x0, 0x0, 0x0, 0x0, 0x0, 0x0, 0xf, 0xff,
    0x20, 0x0, 0x0, 0x0,

    /* U+00DE "Þ" */
    0x5f, 0xfd, 0x0, 0x0, 0x0, 0x0, 0x5, 0xff,
    0xd0, 0x0, 0x0, 0x0, 0x0, 0x5f, 0xfd, 0x0,
    0x0, 0x0, 0x0, 0x5, 0xff, 0xff, 0xff, 0xec,
    0x71, 0x0, 0x5f, 0xff, 0xff, 0xff, 0xff, 0xe4,
    0x5, 0xff, 0xf7, 0x77, 0x8d, 0xff, 0xf2, 0x5f,
    0xfd, 0x0, 0x0, 0xb, 0xff, 0x95, 0xff, 0xd0,
    0x0, 0x0, 0x3f, 0xfc, 0x5f, 0xfd, 0x0, 0x0,
    0x1, 0xff, 0xd5, 0xff, 0xd0, 0x0, 0x0, 0x5f,
    0xfb, 0x5f, 0xfd, 0x0, 0x1, 0x6f, 0xff, 0x55,
    0xff, 0xff, 0xff, 0xff, 0xff, 0xa0, 0x5f, 0xff,
    0xff, 0xff, 0xfe, 0x70, 0x5, 0xff, 0xf7, 0x76,
    0x53, 0x0, 0x0, 0x5f, 0xfd, 0x0, 0x0, 0x0,
    0x0, 0x5, 0xff, 0xd0, 0x0, 0x0, 0x0, 0x0,
    0x5f, 0xfd, 0x0, 0x0, 0x0, 0x0, 0x0,

    /* U+00DF "ß" */
    0x0, 0x6, 0xce, 0xfe, 0xb6, 0x0, 0x0, 0x1,
    0xdf, 0xff, 0xff, 0xff, 0xd1, 0x0, 0xb, 0xff,
    0xfc, 0x9c, 0xff, 0xfc, 0x0, 0x1f, 0xff, 0x60,
    0x0, 0x6f, 0xff, 0x20, 0x3f, 0xfe, 0x0, 0x0,
    0xe, 0xff, 0x30, 0x3f, 0xfd, 0x0, 0x0, 0xf,
    0xff, 0x0, 0x3f, 0xfd, 0x0, 0x1, 0xbf, 0xf7,
    0x0, 0x3f, 0xfd, 0x2, 0xff, 0xfe, 0x50, 0x0,
    0x3f, 0xfd, 0x2, 0xff, 0xff, 0xe7, 0x0, 0x3f,
    0xfd, 0x1, 0x78, 0xbf, 0xff, 0x80, 0x3f, 0xfd,
    0x0, 0x0, 0x5, 0xff, 0xf1, 0x3f, 0xfd, 0x0,
    0x0, 0x0, 0xdf, 0xf4, 0x3f, 0xfd, 0x0, 0x0,
    0x0, 0xcf, 0xf5, 0x3f, 0xfd, 0x0, 0x0, 0x4,
    0xff, 0xf3, 0x3f, 0xfd, 0x1, 0x88, 0xaf, 0xff,
    0xc0, 0x3f, 0xfd, 0x3, 0xff, 0xff, 0xfe, 0x20,
    0x3f, 0xfd, 0x3, 0xff, 0xfd, 0x81, 0x0,

    /* U+00E0 "à" */
    0x0, 0x4, 0x88, 0x30, 0x0, 0x0, 0x0, 0x0,
    0x1e, 0xfc, 0x0, 0x0, 0x0, 0x0, 0x0, 0x4f,
    0xf3, 0x0, 0x0, 0x0, 0x0, 0x0, 0xaf, 0xb0,
    0x0, 0x0, 0x0, 0x0, 0x0, 0x0, 0x0, 0x0,
    0x0, 0x0, 0x0, 0x0, 0x0, 0x0, 0x0, 0x0,
    0x3, 0xad, 0xfe, 0xc8, 0x10, 0x0, 0x8, 0xff,
    0xff, 0xff, 0xfe, 0x20, 0x5, 0xff, 0xf9, 0x56,
    0xcf, 0xfb, 0x0, 0x49, 0xc5, 0x0, 0x1, 0xff,
    0xf1, 0x0, 0x0, 0x0, 0x0, 0xe, 0xff, 0x20,
    0x0, 0x15, 0x8a, 0xcf, 0xff, 0xf2, 0x0, 0xaf,
    0xff, 0xff, 0xff, 0xff, 0x20, 0xaf, 0xfe, 0x85,
    0x20, 0xdf, 0xf2, 0xf, 0xff, 0x10, 0x0, 0xe,
    0xff, 0x21, 0xff, 0xe0, 0x0, 0x4, 0xff, 0xf2,
    0xe, 0xff, 0xb4, 0x48, 0xff, 0xff, 0x20, 0x5f,
    0xff, 0xff, 0xfb, 0xcf, 0xf2, 0x0, 0x3b, 0xef,
    0xd7, 0xc, 0xff, 0x20,

    /* U+00E1 "á" */
    0x0, 0x0, 0x0, 0x7, 0x88, 0x0, 0x0, 0x0,
    0x0, 0x3, 0xff, 0x80, 0x0, 0x0, 0x0, 0x0,
    0xaf, 0xd0, 0x0, 0x0, 0x0, 0x0, 0x2f, 0xf3,
    0x0, 0x0, 0x0, 0x0, 0x0, 0x0, 0x0, 0x0,
    0x0, 0x0, 0x0, 0x0, 0x0, 0x0, 0x0, 0x0,
    0x3, 0xad, 0xfe, 0xc8, 0x10, 0x0, 0x8, 0xff,
    0xff, 0xff, 0xfe, 0x20, 0x5, 0xff, 0xf9, 0x56,
    0xcf, 0xfb, 0x0, 0x49, 0xc5, 0x0, 0x1, 0xff,
    0xf1, 0x0, 0x0, 0x0, 0x0, 0xe, 0xff, 0x20,
    0x0, 0x15, 0x8a, 0xcf, 0xff, 0xf2, 0x0, 0xaf,
    0xff, 0xff, 0xff, 0xff, 0x20, 0xaf, 0xfe, 0x85,
    0x20, 0xdf, 0xf2, 0xf, 0xff, 0x10, 0x0, 0xe,
    0xff, 0x21, 0xff, 0xe0, 0x0, 0x4, 0xff, 0xf2,
    0xe, 0xff, 0xb4, 0x48, 0xff, 0xff, 0x20, 0x5f,
    0xff, 0xff, 0xfb, 0xcf, 0xf2, 0x0, 0x3b, 0xef,
    0xd7, 0xc, 0xff, 0x20,

    /* U+00E2 "â" */
    0x0, 0x0, 0x5, 0x88, 0x10, 0x0, 0x0, 0x0,
    0x6, 0xff, 0xfd, 0x10, 0x0, 0x0, 0x5, 0xff,
    0x5c, 0xfc, 0x0, 0x0, 0x4, 0xff, 0x80, 0x1e,
    0xfb, 0x0, 0x0, 0x0, 0x0, 0x0, 0x0, 0x0,
    0x0, 0x0, 0x0, 0x0, 0x0, 0x0, 0x0, 0x0,
    0x3, 0xad, 0xfe, 0xc8, 0x10, 0x0, 0x8, 0xff,
    0xff, 0xff, 0xfe, 0x20, 0x5, 0xff, 0xf9, 0x56,
    0xcf, 0xfb, 0x0, 0x49, 0xc5, 0x0, 0x1, 0xff,
    0xf1, 0x0, 0x0, 0x0, 0x0, 0xe, 0xff, 0x20,
    0x0, 0x15, 0x8a, 0xcf, 0xff, 0xf2, 0x0, 0xaf,
    0xff, 0xff, 0xff, 0xff, 0x20, 0xaf, 0xfe, 0x85,
    0x20, 0xdf, 0xf2, 0xf, 0xff, 0x10, 0x0, 0xe,
    0xff, 0x21, 0xff, 0xe0, 0x0, 0x4, 0xff, 0xf2,
    0xe, 0xff, 0xb4, 0x48, 0xff, 0xff, 0x20, 0x5f,
    0xff, 0xff, 0xfb, 0xcf, 0xf2, 0x0, 0x3b, 0xef,
    0xd7, 0xc, 0xff, 0x20,

    /* U+00E3 "ã" */
    0x0, 0x6, 0xef, 0xff, 0xff, 0x80, 0x0, 0x0,
    0xcc, 0xcc, 0xcc, 0x80, 0x0, 0x0, 0x0, 0x0,
    0x0, 0x0, 0x0, 0x0, 0x0, 0x0, 0x0, 0x0,
    0x0, 0x0, 0x0, 0x3, 0xad, 0xfe, 0xc8, 0x10,
    0x0, 0x8, 0xff, 0xff, 0xff, 0xfe, 0x20, 0x5,
    0xff, 0xf9, 0x56, 0xcf, 0xfb, 0x0, 0x49, 0xc5,
    0x0, 0x1, 0xff, 0xf1, 0x0, 0x0, 0x0, 0x0,
    0xe, 0xff, 0x20, 0x0, 0x15, 0x8a, 0xcf, 0xff,
    0xf2, 0x0, 0xaf, 0xff, 0xff, 0xff, 0xff, 0x20,
    0xaf, 0xfe, 0x85, 0x20, 0xdf, 0xf2, 0xf, 0xff,
    0x10, 0x0, 0xe, 0xff, 0x21, 0xff, 0xe0, 0x0,
    0x4, 0xff, 0xf2, 0xe, 0xff, 0xb4, 0x48, 0xff,
    0xff, 0x20, 0x5f, 0xff, 0xff, 0xfb, 0xcf, 0xf2,
    0x0, 0x3b, 0xef, 0xd7, 0xc, 0xff, 0x20,

    /* U+00E4 "ä" */
    0x0, 0x0, 0x10, 0x0, 0x1, 0x0, 0x0, 0x1,
    0xef, 0x70, 0xd, 0xf8, 0x0, 0x0, 0x5f, 0xfc,
    0x3, 0xff, 0xe0, 0x0, 0x1, 0xce, 0x50, 0xb,
    0xf7, 0x0, 0x0, 0x0, 0x0, 0x0, 0x0, 0x0,
    0x0, 0x0, 0x0, 0x0, 0x0, 0x0, 0x0, 0x0,
    0x3, 0xad, 0xfe, 0xc8, 0x10, 0x0, 0x8, 0xff,
    0xff, 0xff, 0xfe, 0x20, 0x5, 0xff, 0xf9, 0x56,
    0xcf, 0xfb, 0x0, 0x49, 0xc5, 0x0, 0x1, 0xff,
    0xf1, 0x0, 0x0, 0x0, 0x0, 0xe, 0xff, 0x20,
    0x0, 0x15, 0x8a, 0xcf, 0xff, 0xf2, 0x0, 0xaf,
    0xff, 0xff, 0xff, 0xff, 0x20, 0xaf, 0xfe, 0x85,
    0x20, 0xdf, 0xf2, 0xf, 0xff, 0x10, 0x0, 0xe,
    0xff, 0x21, 0xff, 0xe0, 0x0, 0x4, 0xff, 0xf2,
    0xe, 0xff, 0xb4, 0x48, 0xff, 0xff, 0x20, 0x5f,
    0xff, 0xff, 0xfb, 0xcf, 0xf2, 0x0, 0x3b, 0xef,
    0xd7, 0xc, 0xff, 0x20,

    /* U+00E5 "å" */
    0x0, 0x0, 0x2b, 0xfe, 0x70, 0x0, 0x0, 0x0,
    0xe, 0xf9, 0xcf, 0x70, 0x0, 0x0, 0x5, 0xf7,
    0x0, 0xee, 0x0, 0x0, 0x0, 0x5f, 0x70, 0xe,
    0xe0, 0x0, 0x0, 0x0, 0xef, 0x9c, 0xf7, 0x0,
    0x0, 0x0, 0x2, 0xbf, 0xe7, 0x0, 0x0, 0x0,
    0x0, 0x0, 0x0, 0x0, 0x0, 0x0, 0x0, 0x3a,
    0xdf, 0xec, 0x81, 0x0, 0x0, 0x8f, 0xff, 0xff,
    0xff, 0xe2, 0x0, 0x5f, 0xff, 0x95, 0x6c, 0xff,
    0xb0, 0x4, 0x9c, 0x50, 0x0, 0x1f, 0xff, 0x10,
    0x0, 0x0, 0x0, 0x0, 0xef, 0xf2, 0x0, 0x1,
    0x58, 0xac, 0xff, 0xff, 0x20, 0xa, 0xff, 0xff,
    0xff, 0xff, 0xf2, 0xa, 0xff, 0xe8, 0x52, 0xd,
    0xff, 0x20, 0xff, 0xf1, 0x0, 0x0, 0xef, 0xf2,
    0x1f, 0xfe, 0x0, 0x0, 0x4f, 0xff, 0x20, 0xef,
    0xfb, 0x44, 0x8f, 0xff, 0xf2, 0x5, 0xff, 0xff,
    0xff, 0xbc, 0xff, 0x20, 0x3, 0xbe, 0xfd, 0x70,
    0xcf, 0xf2,

    /* U+00E6 "æ" */
    0x0, 0x4, 0xae, 0xff, 0xc6, 0x1, 0x8d, 0xff,
    0xd8, 0x10, 0x0, 0x9, 0xff, 0xff, 0xff, 0xfb,
    0xef, 0xff, 0xff, 0xfe, 0x30, 0x5, 0xff, 0xf9,
    0x67, 0xdf, 0xff, 0xfb, 0x66, 0xbf, 0xfe, 0x0,
    0x37, 0x94, 0x0, 0x1, 0xff, 0xf8, 0x0, 0x0,
    0xaf, 0xf7, 0x0, 0x0, 0x0, 0x0, 0xf, 0xff,
    0x0, 0x0, 0x2, 0xff, 0xb0, 0x0, 0x7c, 0xef,
    0xff, 0xff, 0xff, 0xff, 0xff, 0xff, 0xfd, 0x2,
    0xef, 0xff, 0xff, 0xff, 0xff, 0xff, 0xff, 0xff,
    0xff, 0xe0, 0xcf, 0xfb, 0x31, 0x0, 0xff, 0xf0,
    0x0, 0x0, 0x0, 0x0, 0xf, 0xfe, 0x0, 0x0,
    0xf, 0xff, 0x0, 0x0, 0x0, 0x0, 0x0, 0xff,
    0xf0, 0x0, 0x6, 0xff, 0xf8, 0x0, 0x0, 0x7f,
    0xe7, 0xd, 0xff, 0xc6, 0x6a, 0xff, 0xff, 0xfb,
    0x66, 0xaf, 0xff, 0x30, 0x4f, 0xff, 0xff, 0xff,
    0x93, 0xef, 0xff, 0xff, 0xff, 0x60, 0x0, 0x3a,
    0xef, 0xea, 0x40, 0x1, 0x8d, 0xff, 0xd9, 0x20,
    0x0,

    /* U+00E7 "ç" */
    0x0, 0x6, 0xce, 0xfe, 0x92, 0x0, 0x1, 0xcf,
    0xff, 0xff, 0xff, 0x70, 0xc, 0xff, 0xe9, 0x7b,
    0xff, 0xf5, 0x5f, 0xfe, 0x20, 0x0, 0x7f, 0xfc,
    0xaf, 0xf8, 0x0, 0x0, 0x7, 0x41, 0xdf, 0xf3,
    0x0, 0x0, 0x0, 0x0, 0xef, 0xf2, 0x0, 0x0,
    0x0, 0x0, 0xdf, 0xf3, 0x0, 0x0, 0x0, 0x0,
    0xaf, 0xf8, 0x0, 0x0, 0x8, 0x52, 0x5f, 0xfe,
    0x20, 0x0, 0x6f, 0xfc, 0xc, 0xff, 0xe8, 0x7a,
    0xff, 0xf5, 0x1, 0xcf, 0xff, 0xff, 0xff, 0x70,
    0x0, 0x6, 0xcf, 0xfe, 0xa2, 0x0, 0x0, 0x0,
    0x7, 0xe1, 0x0, 0x0, 0x0, 0x0, 0xa, 0xff,
    0xa0, 0x0, 0x0, 0x0, 0x0, 0x1b, 0xf2, 0x0,
    0x0, 0x0, 0x5, 0x5d, 0xf1, 0x0, 0x0, 0x0,
    0x2f, 0xfe, 0x60, 0x0,

    /* U+00E8 "è" */
    0x0, 0x18, 0x86, 0x0, 0x0, 0x0, 0x0, 0x0,
    0xaf, 0xf2, 0x0, 0x0, 0x0, 0x0, 0x0, 0xef,
    0x90, 0x0, 0x0, 0x0, 0x0, 0x4, 0xff, 0x10,
    0x0, 0x0, 0x0, 0x0, 0x0, 0x0, 0x0, 0x0,
    0x0, 0x0, 0x0, 0x0, 0x0, 0x0, 0x0, 0x0,
    0x6, 0xce, 0xfd, 0x92, 0x0, 0x0, 0x1c, 0xff,
    0xff, 0xff, 0xf6, 0x0, 0xc, 0xff, 0xd7, 0x69,
    0xff, 0xf3, 0x5, 0xff, 0xc0, 0x0, 0x5, 0xff,
    0xb0, 0xaf, 0xf4, 0x0, 0x0, 0xe, 0xff, 0xd,
    0xff, 0xff, 0xff, 0xff, 0xff, 0xf2, 0xef, 0xff,
    0xff, 0xff, 0xff, 0xff, 0x3d, 0xff, 0x20, 0x0,
    0x0, 0x0, 0x0, 0xbf, 0xf4, 0x0, 0x0, 0x0,
    0x0, 0x5, 0xff, 0xc0, 0x0, 0x2, 0xfc, 0x80,
    0xc, 0xff, 0xd7, 0x68, 0xff, 0xf8, 0x0, 0x1c,
    0xff, 0xff, 0xff, 0xfb, 0x0, 0x0, 0x6, 0xce,
    0xfe, 0xb5, 0x0, 0x0,

    /* U+00E9 "é" */
    0x0, 0x0, 0x0, 0x48, 0x83, 0x0, 0x0, 0x0,
    0x0, 0xd, 0xfd, 0x0, 0x0, 0x0, 0x0, 0x5,
    0xff, 0x30, 0x0, 0x0, 0x0, 0x0, 0xcf, 0x80,
    0x0, 0x0, 0x0, 0x0, 0x0, 0x0, 0x0, 0x0,
    0x0, 0x0, 0x0, 0x0, 0x0, 0x0, 0x0, 0x0,
    0x6, 0xce, 0xfd, 0x92, 0x0, 0x0, 0x1c, 0xff,
    0xff, 0xff, 0xf6, 0x0, 0xc, 0xff, 0xd7, 0x69,
    0xff, 0xf3, 0x5, 0xff, 0xc0, 0x0, 0x5, 0xff,
    0xb0, 0xaf, 0xf4, 0x0, 0x0, 0xe, 0xff, 0xd,
    0xff, 0xff, 0xff, 0xff, 0xff, 0xf2, 0xef, 0xff,
    0xff, 0xff, 0xff, 0xff, 0x3d, 0xff, 0x20, 0x0,
    0x0, 0x0, 0x0, 0xbf, 0xf4, 0x0, 0x0, 0x0,
    0x0, 0x5, 0xff, 0xc0, 0x0, 0x2, 0xfc, 0x80,
    0xc, 0xff, 0xd7, 0x68, 0xff, 0xf8, 0x0, 0x1c,
    0xff, 0xff, 0xff, 0xfb, 0x0, 0x0, 0x6, 0xce,
    0xfe, 0xb5, 0x0, 0x0,

    /* U+00EA "ê" */
    0x0, 0x0, 0x28, 0x84, 0x0, 0x0, 0x0, 0x0,
    0x1e, 0xff, 0xf4, 0x0, 0x0, 0x0, 0x1d, 0xfb,
    0x6f, 0xf3, 0x0, 0x0, 0xc, 0xfd, 0x0, 0x9f,
    0xe2, 0x0, 0x0, 0x0, 0x0, 0x0, 0x0, 0x0,
    0x0, 0x0, 0x0, 0x0, 0x0, 0x0, 0x0, 0x0,
    0x6, 0xce, 0xfd, 0x92, 0x0, 0x0, 0x1c, 0xff,
    0xff, 0xff, 0xf6, 0x0, 0xc, 0xff, 0xd7, 0x69,
    0xff, 0xf3, 0x5, 0xff, 0xc0, 0x0, 0x5, 0xff,
    0xb0, 0xaf, 0xf4, 0x0, 0x0, 0xe, 0xff, 0xd,
    0xff, 0xff, 0xff, 0xff, 0xff, 0xf2, 0xef, 0xff,
    0xff, 0xff, 0xff, 0xff, 0x3d, 0xff, 0x20, 0x0,
    0x0, 0x0, 0x0, 0xbf, 0xf4, 0x0, 0x0, 0x0,
    0x0, 0x5, 0xff, 0xc0, 0x0, 0x2, 0xfc, 0x80,
    0xc, 0xff, 0xd7, 0x68, 0xff, 0xf8, 0x0, 0x1c,
    0xff, 0xff, 0xff, 0xfb, 0x0, 0x0, 0x6, 0xce,
    0xfe, 0xb5, 0x0, 0x0,

    /* U+00EB "ë" */
    0x0, 0x1, 0x0, 0x0, 0x10, 0x0, 0x0, 0xa,
    0xfc, 0x0, 0x8f, 0xd1, 0x0, 0x0, 0xff, 0xf2,
    0xe, 0xff, 0x40, 0x0, 0x8, 0xfa, 0x0, 0x6f,
    0xb0, 0x0, 0x0, 0x0, 0x0, 0x0, 0x0, 0x0,
    0x0, 0x0, 0x0, 0x0, 0x0, 0x0, 0x0, 0x0,
    0x6, 0xce, 0xfd, 0x92, 0x0, 0x0, 0x1c, 0xff,
    0xff, 0xff, 0xf6, 0x0, 0xc, 0xff, 0xd7, 0x69,
    0xff, 0xf3, 0x5, 0xff, 0xc0, 0x0, 0x5, 0xff,
    0xb0, 0xaf, 0xf4, 0x0, 0x0, 0xe, 0xff, 0xd,
    0xff, 0xff, 0xff, 0xff, 0xff, 0xf2, 0xef, 0xff,
    0xff, 0xff, 0xff, 0xff, 0x3d, 0xff, 0x20, 0x0,
    0x0, 0x0, 0x0, 0xbf, 0xf4, 0x0, 0x0, 0x0,
    0x0, 0x5, 0xff, 0xc0, 0x0, 0x2, 0xfc, 0x80,
    0xc, 0xff, 0xd7, 0x68, 0xff, 0xf8, 0x0, 0x1c,
    0xff, 0xff, 0xff, 0xfb, 0x0, 0x0, 0x6, 0xce,
    0xfe, 0xb5, 0x0, 0x0,

    /* U+00EC "ì" */
    0x1e, 0xfd, 0x0, 0x4, 0xff, 0x50, 0x0, 0xaf,
    0xd0, 0x0, 0x8, 0x81, 0x0, 0x0, 0x0, 0x0,
    0x6f, 0xfa, 0x0, 0x6f, 0xfa, 0x0, 0x6f, 0xfa,
    0x0, 0x6f, 0xfa, 0x0, 0x6f, 0xfa, 0x0, 0x6f,
    0xfa, 0x0, 0x6f, 0xfa, 0x0, 0x6f, 0xfa, 0x0,
    0x6f, 0xfa, 0x0, 0x6f, 0xfa, 0x0, 0x6f, 0xfa,
    0x0, 0x6f, 0xfa, 0x0, 0x6f, 0xfa,

    /* U+00ED "í" */
    0x0, 0x9f, 0xf3, 0x1, 0xff, 0x90, 0x8, 0xfd,
    0x0, 0x7, 0x83, 0x0, 0x0, 0x0, 0x0, 0x6f,
    0xfa, 0x0, 0x6f, 0xfa, 0x0, 0x6f, 0xfa, 0x0,
    0x6f, 0xfa, 0x0, 0x6f, 0xfa, 0x0, 0x6f, 0xfa,
    0x0, 0x6f, 0xfa, 0x0, 0x6f, 0xfa, 0x0, 0x6f,
    0xfa, 0x0, 0x6f, 0xfa, 0x0, 0x6f, 0xfa, 0x0,
    0x6f, 0xfa, 0x0, 0x6f, 0xfa, 0x0,

    /* U+00EE "î" */
    0x0, 0x8, 0xff, 0xc0, 0x0, 0x0, 0x7f, 0xfd,
    0xfb, 0x0, 0x6, 0xff, 0x41, 0xef, 0xa0, 0x17,
    0x85, 0x0, 0x38, 0x82, 0x0, 0x0, 0x0, 0x0,
    0x0, 0x0, 0x6, 0xff, 0xa0, 0x0, 0x0, 0x6,
    0xff, 0xa0, 0x0, 0x0, 0x6, 0xff, 0xa0, 0x0,
    0x0, 0x6, 0xff, 0xa0, 0x0, 0x0, 0x6, 0xff,
    0xa0, 0x0, 0x0, 0x6, 0xff, 0xa0, 0x0, 0x0,
    0x6, 0xff, 0xa0, 0x0, 0x0, 0x6, 0xff, 0xa0,
    0x0, 0x0, 0x6, 0xff, 0xa0, 0x0, 0x0, 0x6,
    0xff, 0xa0, 0x0, 0x0, 0x6, 0xff, 0xa0, 0x0,
    0x0, 0x6, 0xff, 0xa0, 0x0, 0x0, 0x6, 0xff,
    0xa0, 0x0,

    /* U+00EF "ï" */
    0x8, 0xfa, 0x0, 0x6f, 0xb0, 0xf, 0xff, 0x20,
    0xef, 0xf4, 0xa, 0xfc, 0x0, 0x8f, 0xd1, 0x0,
    0x10, 0x0, 0x1, 0x0, 0x0, 0x0, 0x0, 0x0,
    0x0, 0x0, 0x6, 0xff, 0xa0, 0x0, 0x0, 0x6,
    0xff, 0xa0, 0x0, 0x0, 0x6, 0xff, 0xa0, 0x0,
    0x0, 0x6, 0xff, 0xa0, 0x0, 0x0, 0x6, 0xff,
    0xa0, 0x0, 0x0, 0x6, 0xff, 0xa0, 0x0, 0x0,
    0x6, 0xff, 0xa0, 0x0, 0x0, 0x6, 0xff, 0xa0,
    0x0, 0x0, 0x6, 0xff, 0xa0, 0x0, 0x0, 0x6,
    0xff, 0xa0, 0x0, 0x0, 0x6, 0xff, 0xa0, 0x0,
    0x0, 0x6, 0xff, 0xa0, 0x0, 0x0, 0x6, 0xff,
    0xa0, 0x0,

    /* U+00F0 "ð" */
    0x0, 0x0, 0x0, 0x0, 0x0, 0x0, 0x0, 0x5,
    0xe8, 0x10, 0x1, 0x80, 0x0, 0x0, 0x7f, 0xff,
    0x89, 0xff, 0x10, 0x0, 0x0, 0x2d, 0xff, 0xfa,
    0x20, 0x0, 0x0, 0x29, 0xff, 0xff, 0xc1, 0x0,
    0x0, 0xa, 0xf8, 0x15, 0xff, 0xc0, 0x0, 0x0,
    0x21, 0x0, 0x6, 0xff, 0x80, 0x0, 0x2, 0xae,
    0xfd, 0x6a, 0xff, 0x10, 0x4, 0xff, 0xff, 0xff,
    0xcf, 0xf7, 0x1, 0xef, 0xf7, 0x10, 0x5e, 0xff,
    0xc0, 0x7f, 0xf8, 0x0, 0x0, 0x4f, 0xff, 0xc,
    0xff, 0x20, 0x0, 0x0, 0xdf, 0xf2, 0xef, 0xf0,
    0x0, 0x0, 0xb, 0xff, 0x2e, 0xff, 0x0, 0x0,
    0x0, 0xbf, 0xf1, 0xcf, 0xf4, 0x0, 0x0, 0xe,
    0xfe, 0x6, 0xff, 0xc0, 0x0, 0x7, 0xff, 0x90,
    0xd, 0xff, 0xd7, 0x6b, 0xff, 0xe1, 0x0, 0x2d,
    0xff, 0xff, 0xff, 0xe3, 0x0, 0x0, 0x7, 0xce,
    0xfd, 0x81, 0x0, 0x0,

    /* U+00F1 "ñ" */
    0x0, 0xa, 0xff, 0xec, 0xff, 0x10, 0x0, 0x6,
    0xfe, 0xce, 0xfe, 0x60, 0x0, 0x0, 0x0, 0x0,
    0x0, 0x0, 0x0, 0x0, 0x0, 0x0, 0x0, 0x0,
    0x0, 0x0, 0x6f, 0xf8, 0x7, 0xdf, 0xe9, 0x10,
    0x6, 0xff, 0x8b, 0xff, 0xff, 0xfe, 0x10, 0x6f,
    0xfe, 0xf8, 0x69, 0xff, 0xf9, 0x6, 0xff, 0xf3,
    0x0, 0x7, 0xff, 0xe0, 0x6f, 0xfc, 0x0, 0x0,
    0x1f, 0xff, 0x6, 0xff, 0xa0, 0x0, 0x0, 0xff,
    0xf1, 0x6f, 0xfa, 0x0, 0x0, 0xf, 0xff, 0x16,
    0xff, 0xa0, 0x0, 0x0, 0xff, 0xf1, 0x6f, 0xfa,
    0x0, 0x0, 0xf, 0xff, 0x16, 0xff, 0xa0, 0x0,
    0x0, 0xff, 0xf1, 0x6f, 0xfa, 0x0, 0x0, 0xf,
    0xff, 0x16, 0xff, 0xa0, 0x0, 0x0, 0xff, 0xf1,
    0x6f, 0xfa, 0x0, 0x0, 0xf, 0xff, 0x10,

    /* U+00F2 "ò" */
    0x0, 0x7, 0x87, 0x0, 0x0, 0x0, 0x0, 0x0,
    0x7f, 0xf4, 0x0, 0x0, 0x0, 0x0, 0x0, 0xcf,
    0xb0, 0x0, 0x0, 0x0, 0x0, 0x2, 0xff, 0x30,
    0x0, 0x0, 0x0, 0x0, 0x0, 0x0, 0x0, 0x0,
    0x0, 0x0, 0x0, 0x0, 0x0, 0x0, 0x0, 0x0,
    0x6, 0xce, 0xfd, 0xa3, 0x0, 0x0, 0x1c, 0xff,
    0xff, 0xff, 0xf7, 0x0, 0xc, 0xff, 0xe8, 0x7a,
    0xff, 0xf5, 0x5, 0xff, 0xe2, 0x0, 0x7, 0xff,
    0xe0, 0xaf, 0xf8, 0x0, 0x0, 0xd, 0xff, 0x4d,
    0xff, 0x30, 0x0, 0x0, 0x9f, 0xf7, 0xef, 0xf2,
    0x0, 0x0, 0x8, 0xff, 0x8d, 0xff, 0x40, 0x0,
    0x0, 0x9f, 0xf7, 0xaf, 0xf8, 0x0, 0x0, 0xd,
    0xff, 0x45, 0xff, 0xe2, 0x0, 0x7, 0xff, 0xe0,
    0xc, 0xff, 0xe8, 0x7a, 0xff, 0xf5, 0x0, 0x1c,
    0xff, 0xff, 0xff, 0xf7, 0x0, 0x0, 0x6, 0xce,
    0xfd, 0xa3, 0x0, 0x0,

    /* U+00F3 "ó" */
    0x0, 0x0, 0x0, 0x28, 0x84, 0x0, 0x0, 0x0,
    0x0, 0xb, 0xfe, 0x10, 0x0, 0x0, 0x0, 0x2,
    0xff, 0x50, 0x0, 0x0, 0x0, 0x0, 0xaf, 0xb0,
    0x0, 0x0, 0x0, 0x0, 0x0, 0x0, 0x0, 0x0,
    0x0, 0x0, 0x0, 0x0, 0x0, 0x0, 0x0, 0x0,
    0x6, 0xce, 0xfd, 0xa3, 0x0, 0x0, 0x1c, 0xff,
    0xff, 0xff, 0xf7, 0x0, 0xc, 0xff, 0xe8, 0x7a,
    0xff, 0xf5, 0x5, 0xff, 0xe2, 0x0, 0x7, 0xff,
    0xe0, 0xaf, 0xf8, 0x0, 0x0, 0xd, 0xff, 0x4d,
    0xff, 0x30, 0x0, 0x0, 0x9f, 0xf7, 0xef, 0xf2,
    0x0, 0x0, 0x8, 0xff, 0x8d, 0xff, 0x40, 0x0,
    0x0, 0x9f, 0xf7, 0xaf, 0xf8, 0x0, 0x0, 0xd,
    0xff, 0x45, 0xff, 0xe2, 0x0, 0x7, 0xff, 0xe0,
    0xc, 0xff, 0xe8, 0x7a, 0xff, 0xf5, 0x0, 0x1c,
    0xff, 0xff, 0xff, 0xf7, 0x0, 0x0, 0x6, 0xce,
    0xfd, 0xa3, 0x0, 0x0,

    /* U+00F4 "ô" */
    0x0, 0x0, 0x17, 0x86, 0x0, 0x0, 0x0, 0x0,
    0xc, 0xff, 0xf6, 0x0, 0x0, 0x0, 0xc, 0xfd,
    0x5f, 0xf5, 0x0, 0x0, 0xb, 0xfe, 0x10, 0x7f,
    0xf4, 0x0, 0x0, 0x0, 0x0, 0x0, 0x0, 0x0,
    0x0, 0x0, 0x0, 0x0, 0x0, 0x0, 0x0, 0x0,
    0x6, 0xce, 0xfd, 0xa3, 0x0, 0x0, 0x1c, 0xff,
    0xff, 0xff, 0xf7, 0x0, 0xc, 0xff, 0xe8, 0x7a,
    0xff, 0xf5, 0x5, 0xff, 0xe2, 0x0, 0x7, 0xff,
    0xe0, 0xaf, 0xf8, 0x0, 0x0, 0xd, 0xff, 0x4d,
    0xff, 0x30, 0x0, 0x0, 0x9f, 0xf7, 0xef, 0xf2,
    0x0, 0x0, 0x8, 0xff, 0x8d, 0xff, 0x40, 0x0,
    0x0, 0x9f, 0xf7, 0xaf, 0xf8, 0x0, 0x0, 0xd,
    0xff, 0x45, 0xff, 0xe2, 0x0, 0x7, 0xff, 0xe0,
    0xc, 0xff, 0xe8, 0x7a, 0xff, 0xf5, 0x0, 0x1c,
    0xff, 0xff, 0xff, 0xf7, 0x0, 0x0, 0x6, 0xce,
    0xfd, 0xa3, 0x0, 0x0,

    /* U+00F5 "õ" */
    0x0, 0x1b, 0xff, 0xff, 0xff, 0x0, 0x0, 0x5,
    0xcc, 0xcc, 0xcb, 0x40, 0x0, 0x0, 0x0, 0x0,
    0x0, 0x0, 0x0, 0x0, 0x0, 0x0, 0x0, 0x0,
    0x0, 0x0, 0x0, 0x6, 0xce, 0xfd, 0xa3, 0x0,
    0x0, 0x1c, 0xff, 0xff, 0xff, 0xf7, 0x0, 0xc,
    0xff, 0xe8, 0x7a, 0xff, 0xf5, 0x5, 0xff, 0xe2,
    0x0, 0x7, 0xff, 0xe0, 0xaf, 0xf8, 0x0, 0x0,
    0xd, 0xff, 0x4d, 0xff, 0x30, 0x0, 0x0, 0x9f,
    0xf7, 0xef, 0xf2, 0x0, 0x0, 0x8, 0xff, 0x8d,
    0xff, 0x40, 0x0, 0x0, 0x9f, 0xf7, 0xaf, 0xf8,
    0x0, 0x0, 0xd, 0xff, 0x45, 0xff, 0xe2, 0x0,
    0x7, 0xff, 0xe0, 0xc, 0xff, 0xe8, 0x7a, 0xff,
    0xf5, 0x0, 0x1c, 0xff, 0xff, 0xff, 0xf7, 0x0,
    0x0, 0x6, 0xce, 0xfd, 0xa3, 0x0, 0x0,

    /* U+00F6 "ö" */
    0x0, 0x1, 0x0, 0x0, 0x10, 0x0, 0x0, 0x7,
    0xfe, 0x10, 0x6f, 0xe2, 0x0, 0x0, 0xdf, 0xf5,
    0xb, 0xff, 0x60, 0x0, 0x6, 0xfc, 0x0, 0x4e,
    0xd1, 0x0, 0x0, 0x0, 0x0, 0x0, 0x0, 0x0,
    0x0, 0x0, 0x0, 0x0, 0x0, 0x0, 0x0, 0x0,
    0x6, 0xce, 0xfd, 0xa3, 0x0, 0x0, 0x1c, 0xff,
    0xff, 0xff, 0xf7, 0x0, 0xc, 0xff, 0xe8, 0x7a,
    0xff, 0xf5, 0x5, 0xff, 0xe2, 0x0, 0x7, 0xff,
    0xe0, 0xaf, 0xf8, 0x0, 0x0, 0xd, 0xff, 0x4d,
    0xff, 0x30, 0x0, 0x0, 0x9f, 0xf7, 0xef, 0xf2,
    0x0, 0x0, 0x8, 0xff, 0x8d, 0xff, 0x40, 0x0,
    0x0, 0x9f, 0xf7, 0xaf, 0xf8, 0x0, 0x0, 0xd,
    0xff, 0x45, 0xff, 0xe2, 0x0, 0x7, 0xff, 0xe0,
    0xc, 0xff, 0xe8, 0x7a, 0xff, 0xf5, 0x0, 0x1c,
    0xff, 0xff, 0xff, 0xf7, 0x0, 0x0, 0x6, 0xce,
    0xfd, 0xa3, 0x0, 0x0,

    /* U+00F7 "÷" */
    0x0, 0x0, 0x3d, 0xe4, 0x0, 0x0, 0x0, 0x0,
    0xbf, 0xfd, 0x0, 0x0, 0x0, 0x0, 0x9f, 0xfb,
    0x0, 0x0, 0x0, 0x0, 0x8, 0x91, 0x0, 0x0,
    0x0, 0x0, 0x0, 0x0, 0x0, 0x0, 0x58, 0x88,
    0x88, 0x88, 0x88, 0x86, 0xbf, 0xff, 0xff, 0xff,
    0xff, 0xfd, 0xbf, 0xff, 0xff, 0xff, 0xff, 0xfd,
    0x0, 0x0, 0x0, 0x0, 0x0, 0x0, 0x0, 0x0,
    0x8, 0x81, 0x0, 0x0, 0x0, 0x0, 0x9f, 0xfb,
    0x0, 0x0, 0x0, 0x0, 0xbf, 0xfd, 0x0, 0x0,
    0x0, 0x0, 0x3d, 0xe4, 0x0, 0x0,

    /* U+00F8 "ø" */
    0x0, 0x0, 0x0, 0x0, 0x0, 0x0, 0x20, 0x0,
    0x0, 0x6c, 0xef, 0xda, 0x36, 0xf5, 0x0, 0x1c,
    0xff, 0xff, 0xff, 0xff, 0xd1, 0x0, 0xcf, 0xfe,
    0x87, 0xaf, 0xff, 0x70, 0x5, 0xff, 0xe2, 0x0,
    0x2f, 0xff, 0xe0, 0xa, 0xff, 0x80, 0x1, 0xdf,
    0xff, 0xf4, 0xd, 0xff, 0x30, 0xc, 0xf5, 0x9f,
    0xf7, 0xe, 0xff, 0x20, 0xbf, 0x70, 0x8f, 0xf8,
    0xd, 0xff, 0x49, 0xf9, 0x0, 0x9f, 0xf7, 0xa,
    0xff, 0xff, 0xa0, 0x0, 0xdf, 0xf4, 0x5, 0xff,
    0xfe, 0x0, 0x7, 0xff, 0xe0, 0x0, 0xff, 0xff,
    0x87, 0xaf, 0xff, 0x50, 0x3, 0xff, 0xff, 0xff,
    0xff, 0xf7, 0x0, 0xc, 0xf3, 0x6c, 0xef, 0xda,
    0x30, 0x0, 0x1, 0x30, 0x0, 0x0, 0x0, 0x0,
    0x0,

    /* U+00F9 "ù" */
    0x0, 0xc, 0xff, 0x10, 0x0, 0x0, 0x0, 0x0,
    0x2f, 0xf9, 0x0, 0x0, 0x0, 0x0, 0x0, 0x6f,
    0xf1, 0x0, 0x0, 0x0, 0x0, 0x0, 0x78, 0x30,
    0x0, 0x0, 0x0, 0x0, 0x0, 0x0, 0x0, 0x0,
    0x6, 0xff, 0xa0, 0x0, 0x0, 0xff, 0xf1, 0x6f,
    0xfa, 0x0, 0x0, 0xf, 0xff, 0x16, 0xff, 0xa0,
    0x0, 0x0, 0xff, 0xf1, 0x6f, 0xfa, 0x0, 0x0,
    0xf, 0xff, 0x16, 0xff, 0xa0, 0x0, 0x0, 0xff,
    0xf1, 0x6f, 0xfa, 0x0, 0x0, 0xf, 0xff, 0x16,
    0xff, 0xa0, 0x0, 0x0, 0xff, 0xf1, 0x6f, 0xfa,
    0x0, 0x0, 0xf, 0xff, 0x15, 0xff, 0xc0, 0x0,
    0x2, 0xff, 0xf1, 0x3f, 0xff, 0x30, 0x0, 0xaf,
    0xff, 0x10, 0xef, 0xff, 0xa9, 0xdf, 0xef, 0xf1,
    0x5, 0xff, 0xff, 0xff, 0x5d, 0xff, 0x10, 0x3,
    0xbe, 0xfc, 0x40, 0xdf, 0xf1,

    /* U+00FA "ú" */
    0x0, 0x0, 0x0, 0x6f, 0xf6, 0x0, 0x0, 0x0,
    0x0, 0xd, 0xfc, 0x0, 0x0, 0x0, 0x0, 0x5,
    0xff, 0x20, 0x0, 0x0, 0x0, 0x0, 0x58, 0x40,
    0x0, 0x0, 0x0, 0x0, 0x0, 0x0, 0x0, 0x0,
    0x6, 0xff, 0xa0, 0x0, 0x0, 0xff, 0xf1, 0x6f,
    0xfa, 0x0, 0x0, 0xf, 0xff, 0x16, 0xff, 0xa0,
    0x0, 0x0, 0xff, 0xf1, 0x6f, 0xfa, 0x0, 0x0,
    0xf, 0xff, 0x16, 0xff, 0xa0, 0x0, 0x0, 0xff,
    0xf1, 0x6f, 0xfa, 0x0, 0x0, 0xf, 0xff, 0x16,
    0xff, 0xa0, 0x0, 0x0, 0xff, 0xf1, 0x6f, 0xfa,
    0x0, 0x0, 0xf, 0xff, 0x15, 0xff, 0xc0, 0x0,
    0x2, 0xff, 0xf1, 0x3f, 0xff, 0x30, 0x0, 0xaf,
    0xff, 0x10, 0xef, 0xff, 0xa9, 0xdf, 0xef, 0xf1,
    0x5, 0xff, 0xff, 0xff, 0x5d, 0xff, 0x10, 0x3,
    0xbe, 0xfc, 0x40, 0xdf, 0xf1,

    /* U+00FB "û" */
    0x0, 0x0, 0x6f, 0xfe, 0x30, 0x0, 0x0, 0x0,
    0x8f, 0xe8, 0xfe, 0x30, 0x0, 0x0, 0x9f, 0xf3,
    0x7, 0xff, 0x40, 0x0, 0x0, 0x0, 0x0, 0x0,
    0x0, 0x0, 0x0, 0x0, 0x0, 0x0, 0x0, 0x0,
    0x6, 0xff, 0xa0, 0x0, 0x0, 0xff, 0xf1, 0x6f,
    0xfa, 0x0, 0x0, 0xf, 0xff, 0x16, 0xff, 0xa0,
    0x0, 0x0, 0xff, 0xf1, 0x6f, 0xfa, 0x0, 0x0,
    0xf, 0xff, 0x16, 0xff, 0xa0, 0x0, 0x0, 0xff,
    0xf1, 0x6f, 0xfa, 0x0, 0x0, 0xf, 0xff, 0x16,
    0xff, 0xa0, 0x0, 0x0, 0xff, 0xf1, 0x6f, 0xfa,
    0x0, 0x0, 0xf, 0xff, 0x15, 0xff, 0xc0, 0x0,
    0x2, 0xff, 0xf1, 0x3f, 0xff, 0x30, 0x0, 0xaf,
    0xff, 0x10, 0xef, 0xff, 0xa9, 0xdf, 0xef, 0xf1,
    0x5, 0xff, 0xff, 0xff, 0x5d, 0xff, 0x10, 0x3,
    0xbe, 0xfc, 0x40, 0xdf, 0xf1,

    /* U+00FC "ü" */
    0x0, 0x5e, 0xc1, 0x4, 0xed, 0x20, 0x0, 0xc,
    0xff, 0x50, 0xaf, 0xf7, 0x0, 0x0, 0x7f, 0xe1,
    0x5, 0xff, 0x30, 0x0, 0x0, 0x10, 0x0, 0x1,
    0x0, 0x0, 0x0, 0x0, 0x0, 0x0, 0x0, 0x0,
    0x6, 0xff, 0xa0, 0x0, 0x0, 0xff, 0xf1, 0x6f,
    0xfa, 0x0, 0x0, 0xf, 0xff, 0x16, 0xff, 0xa0,
    0x0, 0x0, 0xff, 0xf1, 0x6f, 0xfa, 0x0, 0x0,
    0xf, 0xff, 0x16, 0xff, 0xa0, 0x0, 0x0, 0xff,
    0xf1, 0x6f, 0xfa, 0x0, 0x0, 0xf, 0xff, 0x16,
    0xff, 0xa0, 0x0, 0x0, 0xff, 0xf1, 0x6f, 0xfa,
    0x0, 0x0, 0xf, 0xff, 0x15, 0xff, 0xc0, 0x0,
    0x2, 0xff, 0xf1, 0x3f, 0xff, 0x30, 0x0, 0xaf,
    0xff, 0x10, 0xef, 0xff, 0xa9, 0xdf, 0xef, 0xf1,
    0x5, 0xff, 0xff, 0xff, 0x5d, 0xff, 0x10, 0x3,
    0xbe, 0xfc, 0x40, 0xdf, 0xf1,

    /* U+00FD "ý" */
    0x0, 0x0, 0x0, 0xa, 0xff, 0x30, 0x0, 0x0,
    0x0, 0x0, 0x2f, 0xf8, 0x0, 0x0, 0x0, 0x0,
    0x0, 0x9f, 0xc0, 0x0, 0x0, 0x0, 0x0, 0x0,
    0x78, 0x20, 0x0, 0x0, 0x0, 0x0, 0x0, 0x0,
    0x0, 0x0, 0x0, 0x5f, 0xfe, 0x0, 0x0, 0x0,
    0xbf, 0xf7, 0xf, 0xff, 0x30, 0x0, 0x1, 0xff,
    0xf1, 0x9, 0xff, 0x80, 0x0, 0x6, 0xff, 0xb0,
    0x3, 0xff, 0xe0, 0x0, 0xc, 0xff, 0x50, 0x0,
    0xdf, 0xf3, 0x0, 0x2f, 0xfe, 0x0, 0x0, 0x7f,
    0xf9, 0x0, 0x7f, 0xf9, 0x0, 0x0, 0x1f, 0xfe,
    0x0, 0xdf, 0xf2, 0x0, 0x0, 0xb, 0xff, 0x32,
    0xff, 0xc0, 0x0, 0x0, 0x5, 0xff, 0x77, 0xff,
    0x60, 0x0, 0x0, 0x0, 0xef, 0xcb, 0xff, 0x10,
    0x0, 0x0, 0x0, 0x9f, 0xff, 0xfa, 0x0, 0x0,
    0x0, 0x0, 0x3f, 0xff, 0xf4, 0x0, 0x0, 0x0,
    0x0, 0xd, 0xff, 0xe0, 0x0, 0x0, 0x0, 0x0,
    0xb, 0xff, 0x80, 0x0, 0x0, 0x0, 0x0, 0xf,
    0xff, 0x20, 0x0, 0x0, 0x0, 0x88, 0xcf, 0xfa,
    0x0, 0x0, 0x0, 0x2, 0xff, 0xff, 0xe1, 0x0,
    0x0, 0x0, 0x5, 0xef, 0xe9, 0x10, 0x0, 0x0,
    0x0,

    /* U+00FE "þ" */
    0x6f, 0xfa, 0x0, 0x0, 0x0, 0x0, 0x6, 0xff,
    0xa0, 0x0, 0x0, 0x0, 0x0, 0x6f, 0xfa, 0x0,
    0x0, 0x0, 0x0, 0x6, 0xff, 0xa0, 0x0, 0x0,
    0x0, 0x0, 0x6f, 0xfa, 0x8, 0xdf, 0xd9, 0x10,
    0x6, 0xff, 0xaa, 0xff, 0xff, 0xfe, 0x30, 0x6f,
    0xff, 0xfb, 0x79, 0xff, 0xfe, 0x6, 0xff, 0xf8,
    0x0, 0x2, 0xff, 0xf6, 0x6f, 0xfe, 0x0, 0x0,
    0x8, 0xff, 0xb6, 0xff, 0xb0, 0x0, 0x0, 0x4f,
    0xfd, 0x6f, 0xfa, 0x0, 0x0, 0x3, 0xff, 0xe6,
    0xff, 0xb0, 0x0, 0x0, 0x4f, 0xfd, 0x6f, 0xfe,
    0x0, 0x0, 0x8, 0xff, 0xb6, 0xff, 0xf8, 0x0,
    0x2, 0xff, 0xf6, 0x6f, 0xff, 0xfb, 0x89, 0xff,
    0xfe, 0x6, 0xff, 0xaa, 0xff, 0xff, 0xfe, 0x30,
    0x6f, 0xfa, 0x8, 0xdf, 0xe9, 0x20, 0x6, 0xff,
    0xa0, 0x0, 0x0, 0x0, 0x0, 0x6f, 0xfa, 0x0,
    0x0, 0x0, 0x0, 0x6, 0xff, 0xa0, 0x0, 0x0,
    0x0, 0x0, 0x6f, 0xfa, 0x0, 0x0, 0x0, 0x0,
    0x6, 0xff, 0xa0, 0x0, 0x0, 0x0, 0x0,

    /* U+00FF "ÿ" */
    0x0, 0x8, 0xf9, 0x0, 0x7f, 0xb0, 0x0, 0x0,
    0xf, 0xff, 0x10, 0xff, 0xf3, 0x0, 0x0, 0xb,
    0xfc, 0x0, 0x9f, 0xd0, 0x0, 0x0, 0x0, 0x10,
    0x0, 0x1, 0x0, 0x0, 0x0, 0x0, 0x0, 0x0,
    0x0, 0x0, 0x0, 0x5f, 0xfe, 0x0, 0x0, 0x0,
    0xbf, 0xf7, 0xf, 0xff, 0x30, 0x0, 0x1, 0xff,
    0xf1, 0x9, 0xff, 0x80, 0x0, 0x6, 0xff, 0xb0,
    0x3, 0xff, 0xe0, 0x0, 0xc, 0xff, 0x50, 0x0,
    0xdf, 0xf3, 0x0, 0x2f, 0xfe, 0x0, 0x0, 0x7f,
    0xf9, 0x0, 0x7f, 0xf9, 0x0, 0x0, 0x1f, 0xfe,
    0x0, 0xdf, 0xf2, 0x0, 0x0, 0xb, 0xff, 0x32,
    0xff, 0xc0, 0x0, 0x0, 0x5, 0xff, 0x77, 0xff,
    0x60, 0x0, 0x0, 0x0, 0xef, 0xcb, 0xff, 0x10,
    0x0, 0x0, 0x0, 0x9f, 0xff, 0xfa, 0x0, 0x0,
    0x0, 0x0, 0x3f, 0xff, 0xf4, 0x0, 0x0, 0x0,
    0x0, 0xd, 0xff, 0xe0, 0x0, 0x0, 0x0, 0x0,
    0xb, 0xff, 0x80, 0x0, 0x0, 0x0, 0x0, 0xf,
    0xff, 0x20, 0x0, 0x0, 0x0, 0x88, 0xcf, 0xfa,
    0x0, 0x0, 0x0, 0x2, 0xff, 0xff, 0xe1, 0x0,
    0x0, 0x0, 0x5, 0xef, 0xe9, 0x10, 0x0, 0x0,
    0x0,

    /* U+2018 "‘" */
    0x0, 0x2f, 0xf0, 0x0, 0x7f, 0xd0, 0x0, 0xcf,
    0xb0, 0x1, 0xff, 0x90, 0x5, 0xff, 0x60, 0xa,
    0xff, 0x40, 0xd, 0xee, 0x10,

    /* U+2019 "’" */
    0x1, 0xee, 0xd0, 0x4, 0xff, 0xa0, 0x6, 0xff,
    0x60, 0x8, 0xff, 0x10, 0xb, 0xfc, 0x0, 0xd,
    0xf8, 0x0, 0xf, 0xf3, 0x0,

    /* U+201A "‚" */
    0x9, 0xee, 0x60, 0xcf, 0xf2, 0xe, 0xfd, 0x1,
    0xff, 0x90, 0x3f, 0xf4, 0x5, 0xff, 0x0, 0x8f,
    0xb0, 0x0,

    /* U+201B "‛" */
    0xe, 0xff, 0x20, 0x9, 0xff, 0x50, 0x4, 0xff,
    0x70, 0x0, 0xff, 0xa0, 0x0, 0xbf, 0xc0, 0x0,
    0x6f, 0xe0, 0x0, 0x1e, 0xe1,

    /* U+201C "“" */
    0x0, 0x2f, 0xf0, 0x1, 0xff, 0x20, 0x7, 0xfd,
    0x0, 0x5f, 0xf0, 0x0, 0xcf, 0xb0, 0xa, 0xfd,
    0x0, 0x1f, 0xf9, 0x0, 0xff, 0xa0, 0x5, 0xff,
    0x60, 0x4f, 0xf8, 0x0, 0xaf, 0xf4, 0x8, 0xff,
    0x60, 0xd, 0xee, 0x10, 0xce, 0xe3, 0x0,

    /* U+201D "”" */
    0x1, 0xee, 0xd0, 0x1e, 0xed, 0x0, 0x4f, 0xfa,
    0x4, 0xff, 0xa0, 0x6, 0xff, 0x60, 0x6f, 0xf5,
    0x0, 0x8f, 0xf1, 0x9, 0xff, 0x10, 0xb, 0xfc,
    0x0, 0xbf, 0xc0, 0x0, 0xdf, 0x80, 0xd, 0xf7,
    0x0, 0xf, 0xf3, 0x0, 0xff, 0x20, 0x0,

    /* U+2022 "•" */
    0x0, 0x4, 0x41, 0x0, 0x5, 0xff, 0xff, 0x60,
    0x3f, 0xff, 0xff, 0xf4, 0x9f, 0xff, 0xff, 0xfa,
    0xaf, 0xff, 0xff, 0xfc, 0x7f, 0xff, 0xff, 0xf9,
    0x1d, 0xff, 0xff, 0xe1, 0x1, 0xae, 0xfa, 0x20,

    /* U+2026 "…" */
    0x2, 0x97, 0x0, 0x0, 0x5, 0x95, 0x0, 0x0,
    0x8, 0x92, 0xd, 0xff, 0x80, 0x0, 0x3f, 0xff,
    0x20, 0x0, 0x9f, 0xfd, 0xf, 0xff, 0xa0, 0x0,
    0x5f, 0xff, 0x40, 0x0, 0xbf, 0xfe, 0x6, 0xed,
    0x20, 0x0, 0xb, 0xfa, 0x0, 0x0, 0x3d, 0xe5
};


/*---------------------
 *  GLYPH DESCRIPTION
 *--------------------*/

static const lv_font_fmt_txt_glyph_dsc_t glyph_dsc[] = {
    {.bitmap_index = 0, .adv_w = 0, .box_w = 0, .box_h = 0, .ofs_x = 0, .ofs_y = 0} /* id = 0 reserved */,
    {.bitmap_index = 0, .adv_w = 97, .box_w = 0, .box_h = 0, .ofs_x = 0, .ofs_y = 0},
    {.bitmap_index = 0, .adv_w = 123, .box_w = 5, .box_h = 17, .ofs_x = 1, .ofs_y = 0},
    {.bitmap_index = 43, .adv_w = 201, .box_w = 9, .box_h = 7, .ofs_x = 2, .ofs_y = 10},
    {.bitmap_index = 75, .adv_w = 247, .box_w = 16, .box_h = 17, .ofs_x = 0, .ofs_y = 0},
    {.bitmap_index = 211, .adv_w = 250, .box_w = 14, .box_h = 22, .ofs_x = 1, .ofs_y = -2},
    {.bitmap_index = 365, .adv_w = 386, .box_w = 20, .box_h = 17, .ofs_x = 2, .ofs_y = 0},
    {.bitmap_index = 535, .adv_w = 254, .box_w = 15, .box_h = 17, .ofs_x = 1, .ofs_y = 0},
    {.bitmap_index = 663, .adv_w = 125, .box_w = 4, .box_h = 7, .ofs_x = 2, .ofs_y = 10},
    {.bitmap_index = 677, .adv_w = 143, .box_w = 7, .box_h = 22, .ofs_x = 2, .ofs_y = -3},
    {.bitmap_index = 754, .adv_w = 143, .box_w = 7, .box_h = 22, .ofs_x = 0, .ofs_y = -3},
    {.bitmap_index = 831, .adv_w = 207, .box_w = 11, .box_h = 10, .ofs_x = 1, .ofs_y = 7},
    {.bitmap_index = 886, .adv_w = 258, .box_w = 12, .box_h = 12, .ofs_x = 2, .ofs_y = 1},
    {.bitmap_index = 958, .adv_w = 122, .box_w = 5, .box_h = 7, .ofs_x = 1, .ofs_y = -5},
    {.bitmap_index = 976, .adv_w = 179, .box_w = 9, .box_h = 3, .ofs_x = 1, .ofs_y = 6},
    {.bitmap_index = 990, .adv_w = 122, .box_w = 5, .box_h = 4, .ofs_x = 1, .ofs_y = 0},
    {.bitmap_index = 1000, .adv_w = 146, .box_w = 9, .box_h = 21, .ofs_x = 0, .ofs_y = -3},
    {.bitmap_index = 1095, .adv_w = 253, .box_w = 14, .box_h = 17, .ofs_x = 1, .ofs_y = 0},
    {.bitmap_index = 1214, .adv_w = 162, .box_w = 8, .box_h = 17, .ofs_x = 1, .ofs_y = 0},
    {.bitmap_index = 1282, .adv_w = 239, .box_w = 13, .box_h = 17, .ofs_x = 1, .ofs_y = 0},
    {.bitmap_index = 1393, .adv_w = 244, .box_w = 14, .box_h = 17, .ofs_x = 1, .ofs_y = 0},
    {.bitmap_index = 1512, .adv_w = 256, .box_w = 14, .box_h = 17, .ofs_x = 1, .ofs_y = 0},
    {.bitmap_index = 1631, .adv_w = 235, .box_w = 13, .box_h = 17, .ofs_x = 1, .ofs_y = 0},
    {.bitmap_index = 1742, .adv_w = 246, .box_w = 14, .box_h = 17, .ofs_x = 1, .ofs_y = 0},
    {.bitmap_index = 1861, .adv_w = 221, .box_w = 13, .box_h = 17, .ofs_x = 0, .ofs_y = 0},
    {.bitmap_index = 1972, .adv_w = 246, .box_w = 14, .box_h = 17, .ofs_x = 1, .ofs_y = 0},
    {.bitmap_index = 2091, .adv_w = 246, .box_w = 14, .box_h = 17, .ofs_x = 1, .ofs_y = 0},
    {.bitmap_index = 2210, .adv_w = 122, .box_w = 5, .box_h = 13, .ofs_x = 1, .ofs_y = 0},
    {.bitmap_index = 2243, .adv_w = 126, .box_w = 5, .box_h = 17, .ofs_x = 1, .ofs_y = -5},
    {.bitmap_index = 2286, .adv_w = 258, .box_w = 13, .box_h = 14, .ofs_x = 1, .ofs_y = 0},
    {.bitmap_index = 2377, .adv_w = 258, .box_w = 12, .box_h = 8, .ofs_x = 2, .ofs_y = 3},
    {.bitmap_index = 2425, .adv_w = 258, .box_w = 13, .box_h = 14, .ofs_x = 2, .ofs_y = 0},
    {.bitmap_index = 2516, .adv_w = 209, .box_w = 12, .box_h = 17, .ofs_x = 0, .ofs_y = 0},
    {.bitmap_index = 2618, .adv_w = 384, .box_w = 22, .box_h = 22, .ofs_x = 1, .ofs_y = -5},
    {.bitmap_index = 2860, .adv_w = 279, .box_w = 17, .box_h = 17, .ofs_x = 0, .ofs_y = 0},
    {.bitmap_index = 3005, .adv_w = 253, .box_w = 14, .box_h = 17, .ofs_x = 1, .ofs_y = 0},
    {.bitmap_index = 3124, .adv_w = 283, .box_w = 16, .box_h = 17, .ofs_x = 1, .ofs_y = 0},
    {.bitmap_index = 3260, .adv_w = 277, .box_w = 16, .box_h = 17, .ofs_x = 1, .ofs_y = 0},
    {.bitmap_index = 3396, .adv_w = 233, .box_w = 13, .box_h = 17, .ofs_x = 1, .ofs_y = 0},
    {.bitmap_index = 3507, .adv_w = 226, .box_w = 12, .box_h = 17, .ofs_x = 1, .ofs_y = 0},
    {.bitmap_index = 3609, .adv_w = 288, .box_w = 16, .box_h = 17, .ofs_x = 1, .ofs_y = 0},
    {.bitmap_index = 3745, .adv_w = 286, .box_w = 16, .box_h = 17, .ofs_x = 1, .ofs_y = 0},
    {.bitmap_index = 3881, .adv_w = 106, .box_w = 4, .box_h = 17, .ofs_x = 1, .ofs_y = 0},
    {.bitmap_index = 3915, .adv_w = 223, .box_w = 13, .box_h = 17, .ofs_x = 0, .ofs_y = 0},
    {.bitmap_index = 4026, .adv_w = 270, .box_w = 16, .box_h = 17, .ofs_x = 1, .ofs_y = 0},
    {.bitmap_index = 4162, .adv_w = 217, .box_w = 12, .box_h = 17, .ofs_x = 1, .ofs_y = 0},
    {.bitmap_index = 4264, .adv_w = 354, .box_w = 20, .box_h = 17, .ofs_x = 1, .ofs_y = 0},
    {.bitmap_index = 4434, .adv_w = 292, .box_w = 16, .box_h = 17, .ofs_x = 1, .ofs_y = 0},
    {.bitmap_index = 4570, .adv_w = 295, .box_w = 17, .box_h = 17, .ofs_x = 1, .ofs_y = 0},
    {.bitmap_index = 4715, .adv_w = 248, .box_w = 14, .box_h = 17, .ofs_x = 1, .ofs_y = 0},
    {.bitmap_index = 4834, .adv_w = 297, .box_w = 17, .box_h = 18, .ofs_x = 1, .ofs_y = -1},
    {.bitmap_index = 4987, .adv_w = 251, .box_w = 15, .box_h = 17, .ofs_x = 1, .ofs_y = 0},
    {.bitmap_index = 5115, .adv_w = 250, .box_w = 14, .box_h = 17, .ofs_x = 1, .ofs_y = 0},
    {.bitmap_index = 5234, .adv_w = 254, .box_w = 15, .box_h = 17, .ofs_x = 0, .ofs_y = 0},
    {.bitmap_index = 5362, .adv_w = 283, .box_w = 15, .box_h = 17, .ofs_x = 1, .ofs_y = 0},
    {.bitmap_index = 5490, .adv_w = 279, .box_w = 17, .box_h = 17, .ofs_x = 0, .ofs_y = 0},
    {.bitmap_index = 5635, .adv_w = 392, .box_w = 24, .box_h = 17, .ofs_x = 0, .ofs_y = 0},
    {.bitmap_index = 5839, .adv_w = 276, .box_w = 17, .box_h = 17, .ofs_x = 0, .ofs_y = 0},
    {.bitmap_index = 5984, .adv_w = 274, .box_w = 17, .box_h = 17, .ofs_x = 0, .ofs_y = 0},
    {.bitmap_index = 6129, .adv_w = 251, .box_w = 14, .box_h = 17, .ofs_x = 1, .ofs_y = 0},
    {.bitmap_index = 6248, .adv_w = 143, .box_w = 6, .box_h = 22, .ofs_x = 2, .ofs_y = -3},
    {.bitmap_index = 6314, .adv_w = 146, .box_w = 9, .box_h = 21, .ofs_x = 0, .ofs_y = -3},
    {.bitmap_index = 6409, .adv_w = 143, .box_w = 6, .box_h = 22, .ofs_x = 1, .ofs_y = -3},
    {.bitmap_index = 6475, .adv_w = 185, .box_w = 11, .box_h = 8, .ofs_x = 0, .ofs_y = 9},
    {.bitmap_index = 6519, .adv_w = 180, .box_w = 12, .box_h = 3, .ofs_x = 0, .ofs_y = -2},
    {.bitmap_index = 6537, .adv_w = 135, .box_w = 6, .box_h = 4, .ofs_x = 1, .ofs_y = 14},
    {.bitmap_index = 6549, .adv_w = 221, .box_w = 13, .box_h = 13, .ofs_x = 0, .ofs_y = 0},
    {.bitmap_index = 6634, .adv_w = 240, .box_w = 13, .box_h = 17, .ofs_x = 1, .ofs_y = 0},
    {.bitmap_index = 6745, .adv_w = 224, .box_w = 12, .box_h = 13, .ofs_x = 1, .ofs_y = 0},
    {.bitmap_index = 6823, .adv_w = 240, .box_w = 13, .box_h = 17, .ofs_x = 1, .ofs_y = 0},
    {.bitmap_index = 6934, .adv_w = 227, .box_w = 13, .box_h = 13, .ofs_x = 1, .ofs_y = 0},
    {.bitmap_index = 7019, .adv_w = 149, .box_w = 10, .box_h = 18, .ofs_x = 0, .ofs_y = 0},
    {.bitmap_index = 7109, .adv_w = 240, .box_w = 13, .box_h = 18, .ofs_x = 1, .ofs_y = -5},
    {.bitmap_index = 7226, .adv_w = 235, .box_w = 13, .box_h = 17, .ofs_x = 1, .ofs_y = 0},
    {.bitmap_index = 7337, .adv_w = 101, .box_w = 4, .box_h = 18, .ofs_x = 1, .ofs_y = 0},
    {.bitmap_index = 7373, .adv_w = 101, .box_w = 6, .box_h = 23, .ofs_x = -1, .ofs_y = -5},
    {.bitmap_index = 7442, .adv_w = 219, .box_w = 13, .box_h = 17, .ofs_x = 1, .ofs_y = 0},
    {.bitmap_index = 7553, .adv_w = 101, .box_w = 4, .box_h = 17, .ofs_x = 1, .ofs_y = 0},
    {.bitmap_index = 7587, .adv_w = 346, .box_w = 19, .box_h = 13, .ofs_x = 1, .ofs_y = 0},
    {.bitmap_index = 7711, .adv_w = 235, .box_w = 13, .box_h = 13, .ofs_x = 1, .ofs_y = 0},
    {.bitmap_index = 7796, .adv_w = 234, .box_w = 13, .box_h = 13, .ofs_x = 1, .ofs_y = 0},
    {.bitmap_index = 7881, .adv_w = 240, .box_w = 13, .box_h = 18, .ofs_x = 1, .ofs_y = -5},
    {.bitmap_index = 7998, .adv_w = 240, .box_w = 13, .box_h = 18, .ofs_x = 1, .ofs_y = -5},
    {.bitmap_index = 8115, .adv_w = 152, .box_w = 9, .box_h = 14, .ofs_x = 1, .ofs_y = 0},
    {.bitmap_index = 8178, .adv_w = 211, .box_w = 12, .box_h = 13, .ofs_x = 1, .ofs_y = 0},
    {.bitmap_index = 8256, .adv_w = 136, .box_w = 9, .box_h = 16, .ofs_x = 0, .ofs_y = 0},
    {.bitmap_index = 8328, .adv_w = 235, .box_w = 13, .box_h = 13, .ofs_x = 1, .ofs_y = 0},
    {.bitmap_index = 8413, .adv_w = 225, .box_w = 14, .box_h = 13, .ofs_x = 0, .ofs_y = 0},
    {.bitmap_index = 8504, .adv_w = 322, .box_w = 20, .box_h = 13, .ofs_x = 0, .ofs_y = 0},
    {.bitmap_index = 8634, .adv_w = 218, .box_w = 14, .box_h = 13, .ofs_x = 0, .ofs_y = 0},
    {.bitmap_index = 8725, .adv_w = 226, .box_w = 14, .box_h = 18, .ofs_x = 0, .ofs_y = -5},
    {.bitmap_index = 8851, .adv_w = 217, .box_w = 12, .box_h = 13, .ofs_x = 1, .ofs_y = 0},
    {.bitmap_index = 8929, .adv_w = 175, .box_w = 9, .box_h = 22, .ofs_x = 1, .ofs_y = -3},
    {.bitmap_index = 9028, .adv_w = 138, .box_w = 4, .box_h = 28, .ofs_x = 2, .ofs_y = -6},
    {.bitmap_index = 9084, .adv_w = 175, .box_w = 9, .box_h = 22, .ofs_x = 1, .ofs_y = -3},
    {.bitmap_index = 9183, .adv_w = 258, .box_w = 14, .box_h = 5, .ofs_x = 1, .ofs_y = 4},
    {.bitmap_index = 9218, .adv_w = 97, .box_w = 0, .box_h = 0, .ofs_x = 0, .ofs_y = 0},
    {.bitmap_index = 9218, .adv_w = 123, .box_w = 5, .box_h = 17, .ofs_x = 1, .ofs_y = -4},
    {.bitmap_index = 9261, .adv_w = 224, .box_w = 12, .box_h = 17, .ofs_x = 1, .ofs_y = 0},
    {.bitmap_index = 9363, .adv_w = 242, .box_w = 13, .box_h = 17, .ofs_x = 1, .ofs_y = 0},
    {.bitmap_index = 9474, .adv_w = 288, .box_w = 16, .box_h = 15, .ofs_x = 1, .ofs_y = 0},
    {.bitmap_index = 9594, .adv_w = 216, .box_w = 14, .box_h = 17, .ofs_x = 0, .ofs_y = 0},
    {.bitmap_index = 9713, .adv_w = 121, .box_w = 4, .box_h = 20, .ofs_x = 2, .ofs_y = -3},
    {.bitmap_index = 9753, .adv_w = 218, .box_w = 12, .box_h = 21, .ofs_x = 1, .ofs_y = -4},
    {.bitmap_index = 9879, .adv_w = 235, .box_w = 9, .box_h = 4, .ofs_x = 3, .ofs_y = 15},
    {.bitmap_index = 9897, .adv_w = 351, .box_w = 19, .box_h = 18, .ofs_x = 1, .ofs_y = 0},
    {.bitmap_index = 10068, .adv_w = 177, .box_w = 10, .box_h = 10, .ofs_x = 0, .ofs_y = 8},
    {.bitmap_index = 10118, .adv_w = 244, .box_w = 14, .box_h = 11, .ofs_x = 1, .ofs_y = 2},
    {.bitmap_index = 10195, .adv_w = 258, .box_w = 11, .box_h = 6, .ofs_x = 2, .ofs_y = 3},
    {.bitmap_index = 10228, .adv_w = 255, .box_w = 14, .box_h = 14, .ofs_x = 1, .ofs_y = 4},
    {.bitmap_index = 10326, .adv_w = 173, .box_w = 7, .box_h = 3, .ofs_x = 2, .ofs_y = 15},
    {.bitmap_index = 10337, .adv_w = 176, .box_w = 9, .box_h = 8, .ofs_x = 1, .ofs_y = 9},
    {.bitmap_index = 10373, .adv_w = 258, .box_w = 12, .box_h = 13, .ofs_x = 2, .ofs_y = 0},
    {.bitmap_index = 10451, .adv_w = 174, .box_w = 9, .box_h = 9, .ofs_x = 1, .ofs_y = 11},
    {.bitmap_index = 10492, .adv_w = 178, .box_w = 10, .box_h = 9, .ofs_x = 1, .ofs_y = 11},
    {.bitmap_index = 10537, .adv_w = 135, .box_w = 6, .box_h = 4, .ofs_x = 1, .ofs_y = 14},
    {.bitmap_index = 10549, .adv_w = 236, .box_w = 14, .box_h = 18, .ofs_x = 1, .ofs_y = -5},
    {.bitmap_index = 10675, .adv_w = 230, .box_w = 12, .box_h = 17, .ofs_x = 1, .ofs_y = 0},
    {.bitmap_index = 10777, .adv_w = 122, .box_w = 5, .box_h = 4, .ofs_x = 1, .ofs_y = 6},
    {.bitmap_index = 10787, .adv_w = 128, .box_w = 5, .box_h = 6, .ofs_x = 2, .ofs_y = -6},
    {.bitmap_index = 10802, .adv_w = 124, .box_w = 6, .box_h = 9, .ofs_x = 1, .ofs_y = 11},
    {.bitmap_index = 10829, .adv_w = 187, .box_w = 11, .box_h = 10, .ofs_x = 0, .ofs_y = 8},
    {.bitmap_index = 10884, .adv_w = 244, .box_w = 15, .box_h = 11, .ofs_x = 0, .ofs_y = 2},
    {.bitmap_index = 10967, .adv_w = 319, .box_w = 20, .box_h = 18, .ofs_x = 0, .ofs_y = -1},
    {.bitmap_index = 11147, .adv_w = 334, .box_w = 20, .box_h = 18, .ofs_x = 0, .ofs_y = 0},
    {.bitmap_index = 11327, .adv_w = 348, .box_w = 21, .box_h = 18, .ofs_x = 0, .ofs_y = -1},
    {.bitmap_index = 11516, .adv_w = 209, .box_w = 12, .box_h = 18, .ofs_x = 1, .ofs_y = -5},
    {.bitmap_index = 11624, .adv_w = 279, .box_w = 17, .box_h = 23, .ofs_x = 0, .ofs_y = 0},
    {.bitmap_index = 11820, .adv_w = 279, .box_w = 17, .box_h = 23, .ofs_x = 0, .ofs_y = 0},
    {.bitmap_index = 12016, .adv_w = 279, .box_w = 17, .box_h = 23, .ofs_x = 0, .ofs_y = 0},
    {.bitmap_index = 12212, .adv_w = 279, .box_w = 17, .box_h = 22, .ofs_x = 0, .ofs_y = 0},
    {.bitmap_index = 12399, .adv_w = 279, .box_w = 17, .box_h = 23, .ofs_x = 0, .ofs_y = 0},
    {.bitmap_index = 12595, .adv_w = 279, .box_w = 17, .box_h = 24, .ofs_x = 0, .ofs_y = 0},
    {.bitmap_index = 12799, .adv_w = 389, .box_w = 23, .box_h = 17, .ofs_x = 0, .ofs_y = 0},
    {.bitmap_index = 12995, .adv_w = 283, .box_w = 16, .box_h = 22, .ofs_x = 1, .ofs_y = -5},
    {.bitmap_index = 13171, .adv_w = 233, .box_w = 13, .box_h = 23, .ofs_x = 1, .ofs_y = 0},
    {.bitmap_index = 13321, .adv_w = 233, .box_w = 13, .box_h = 23, .ofs_x = 1, .ofs_y = 0},
    {.bitmap_index = 13471, .adv_w = 233, .box_w = 13, .box_h = 23, .ofs_x = 1, .ofs_y = 0},
    {.bitmap_index = 13621, .adv_w = 233, .box_w = 13, .box_h = 23, .ofs_x = 1, .ofs_y = 0},
    {.bitmap_index = 13771, .adv_w = 106, .box_w = 6, .box_h = 23, .ofs_x = -1, .ofs_y = 0},
    {.bitmap_index = 13840, .adv_w = 106, .box_w = 6, .box_h = 23, .ofs_x = 1, .ofs_y = 0},
    {.bitmap_index = 13909, .adv_w = 106, .box_w = 10, .box_h = 23, .ofs_x = -2, .ofs_y = 0},
    {.bitmap_index = 14024, .adv_w = 106, .box_w = 9, .box_h = 23, .ofs_x = -1, .ofs_y = 0},
    {.bitmap_index = 14128, .adv_w = 289, .box_w = 17, .box_h = 17, .ofs_x = 0, .ofs_y = 0},
    {.bitmap_index = 14273, .adv_w = 292, .box_w = 16, .box_h = 22, .ofs_x = 1, .ofs_y = 0},
    {.bitmap_index = 14449, .adv_w = 295, .box_w = 17, .box_h = 23, .ofs_x = 1, .ofs_y = 0},
    {.bitmap_index = 14645, .adv_w = 295, .box_w = 17, .box_h = 23, .ofs_x = 1, .ofs_y = 0},
    {.bitmap_index = 14841, .adv_w = 295, .box_w = 17, .box_h = 23, .ofs_x = 1, .ofs_y = 0},
    {.bitmap_index = 15037, .adv_w = 295, .box_w = 17, .box_h = 22, .ofs_x = 1, .ofs_y = 0},
    {.bitmap_index = 15224, .adv_w = 295, .box_w = 17, .box_h = 23, .ofs_x = 1, .ofs_y = 0},
    {.bitmap_index = 15420, .adv_w = 258, .box_w = 13, .box_h = 13, .ofs_x = 2, .ofs_y = 0},
    {.bitmap_index = 15505, .adv_w = 295, .box_w = 17, .box_h = 19, .ofs_x = 1, .ofs_y = -1},
    {.bitmap_index = 15667, .adv_w = 283, .box_w = 15, .box_h = 23, .ofs_x = 1, .ofs_y = 0},
    {.bitmap_index = 15840, .adv_w = 283, .box_w = 15, .box_h = 23, .ofs_x = 1, .ofs_y = 0},
    {.bitmap_index = 16013, .adv_w = 283, .box_w = 15, .box_h = 23, .ofs_x = 1, .ofs_y = 0},
    {.bitmap_index = 16186, .adv_w = 283, .box_w = 15, .box_h = 23, .ofs_x = 1, .ofs_y = 0},
    {.bitmap_index = 16359, .adv_w = 274, .box_w = 17, .box_h = 23, .ofs_x = 0, .ofs_y = 0},
    {.bitmap_index = 16555, .adv_w = 253, .box_w = 13, .box_h = 17, .ofs_x = 1, .ofs_y = 0},
    {.bitmap_index = 16666, .adv_w = 247, .box_w = 14, .box_h = 17, .ofs_x = 1, .ofs_y = 0},
    {.bitmap_index = 16785, .adv_w = 221, .box_w = 13, .box_h = 19, .ofs_x = 0, .ofs_y = 0},
    {.bitmap_index = 16909, .adv_w = 221, .box_w = 13, .box_h = 19, .ofs_x = 0, .ofs_y = 0},
    {.bitmap_index = 17033, .adv_w = 221, .box_w = 13, .box_h = 19, .ofs_x = 0, .ofs_y = 0},
    {.bitmap_index = 17157, .adv_w = 221, .box_w = 13, .box_h = 17, .ofs_x = 0, .ofs_y = 0},
    {.bitmap_index = 17268, .adv_w = 221, .box_w = 13, .box_h = 19, .ofs_x = 0, .ofs_y = 0},
    {.bitmap_index = 17392, .adv_w = 221, .box_w = 13, .box_h = 20, .ofs_x = 0, .ofs_y = 0},
    {.bitmap_index = 17522, .adv_w = 350, .box_w = 21, .box_h = 13, .ofs_x = 0, .ofs_y = 0},
    {.bitmap_index = 17659, .adv_w = 224, .box_w = 12, .box_h = 18, .ofs_x = 1, .ofs_y = -5},
    {.bitmap_index = 17767, .adv_w = 227, .box_w = 13, .box_h = 19, .ofs_x = 1, .ofs_y = 0},
    {.bitmap_index = 17891, .adv_w = 227, .box_w = 13, .box_h = 19, .ofs_x = 1, .ofs_y = 0},
    {.bitmap_index = 18015, .adv_w = 227, .box_w = 13, .box_h = 19, .ofs_x = 1, .ofs_y = 0},
    {.bitmap_index = 18139, .adv_w = 227, .box_w = 13, .box_h = 19, .ofs_x = 1, .ofs_y = 0},
    {.bitmap_index = 18263, .adv_w = 101, .box_w = 6, .box_h = 18, .ofs_x = -1, .ofs_y = 0},
    {.bitmap_index = 18317, .adv_w = 101, .box_w = 6, .box_h = 18, .ofs_x = 1, .ofs_y = 0},
    {.bitmap_index = 18371, .adv_w = 101, .box_w = 10, .box_h = 18, .ofs_x = -2, .ofs_y = 0},
    {.bitmap_index = 18461, .adv_w = 101, .box_w = 10, .box_h = 18, .ofs_x = -2, .ofs_y = 0},
    {.bitmap_index = 18551, .adv_w = 228, .box_w = 13, .box_h = 19, .ofs_x = 1, .ofs_y = 0},
    {.bitmap_index = 18675, .adv_w = 235, .box_w = 13, .box_h = 17, .ofs_x = 1, .ofs_y = 0},
    {.bitmap_index = 18786, .adv_w = 234, .box_w = 13, .box_h = 19, .ofs_x = 1, .ofs_y = 0},
    {.bitmap_index = 18910, .adv_w = 234, .box_w = 13, .box_h = 19, .ofs_x = 1, .ofs_y = 0},
    {.bitmap_index = 19034, .adv_w = 234, .box_w = 13, .box_h = 19, .ofs_x = 1, .ofs_y = 0},
    {.bitmap_index = 19158, .adv_w = 234, .box_w = 13, .box_h = 17, .ofs_x = 1, .ofs_y = 0},
    {.bitmap_index = 19269, .adv_w = 234, .box_w = 13, .box_h = 19, .ofs_x = 1, .ofs_y = 0},
    {.bitmap_index = 19393, .adv_w = 258, .box_w = 12, .box_h = 13, .ofs_x = 2, .ofs_y = 0},
    {.bitmap_index = 19471, .adv_w = 234, .box_w = 14, .box_h = 15, .ofs_x = 0, .ofs_y = -1},
    {.bitmap_index = 19576, .adv_w = 235, .box_w = 13, .box_h = 18, .ofs_x = 1, .ofs_y = 0},
    {.bitmap_index = 19693, .adv_w = 235, .box_w = 13, .box_h = 18, .ofs_x = 1, .ofs_y = 0},
    {.bitmap_index = 19810, .adv_w = 235, .box_w = 13, .box_h = 18, .ofs_x = 1, .ofs_y = 0},
    {.bitmap_index = 19927, .adv_w = 235, .box_w = 13, .box_h = 18, .ofs_x = 1, .ofs_y = 0},
    {.bitmap_index = 20044, .adv_w = 226, .box_w = 14, .box_h = 23, .ofs_x = 0, .ofs_y = -5},
    {.bitmap_index = 20205, .adv_w = 240, .box_w = 13, .box_h = 22, .ofs_x = 1, .ofs_y = -5},
    {.bitmap_index = 20348, .adv_w = 226, .box_w = 14, .box_h = 23, .ofs_x = 0, .ofs_y = -5},
    {.bitmap_index = 20509, .adv_w = 113, .box_w = 6, .box_h = 7, .ofs_x = 1, .ofs_y = 10},
    {.bitmap_index = 20530, .adv_w = 113, .box_w = 6, .box_h = 7, .ofs_x = 1, .ofs_y = 10},
    {.bitmap_index = 20551, .adv_w = 105, .box_w = 5, .box_h = 7, .ofs_x = 1, .ofs_y = -5},
    {.bitmap_index = 20569, .adv_w = 113, .box_w = 6, .box_h = 7, .ofs_x = 0, .ofs_y = 10},
    {.bitmap_index = 20590, .adv_w = 195, .box_w = 11, .box_h = 7, .ofs_x = 1, .ofs_y = 10},
    {.bitmap_index = 20629, .adv_w = 193, .box_w = 11, .box_h = 7, .ofs_x = 1, .ofs_y = 10},
    {.bitmap_index = 20668, .adv_w = 193, .box_w = 8, .box_h = 8, .ofs_x = 2, .ofs_y = 3},
    {.bitmap_index = 20700, .adv_w = 367, .box_w = 20, .box_h = 4, .ofs_x = 1, .ofs_y = 0}
};

/*---------------------
 *  CHARACTER MAPPING
 *--------------------*/

static const uint8_t glyph_id_ofs_list_3[] = {
    0, 1, 2, 3, 4, 5, 0, 0,
    0, 0, 6, 0, 0, 0, 7
};

/*Collect the unicode lists and glyph_id offsets*/
static const lv_font_fmt_txt_cmap_t cmaps[] =
{
    {
        .range_start = 32, .range_length = 95, .glyph_id_start = 1,
        .unicode_list = NULL, .glyph_id_ofs_list = NULL, .list_length = 0, .type = LV_FONT_FMT_TXT_CMAP_FORMAT0_TINY
    },
    {
        .range_start = 160, .range_length = 13, .glyph_id_start = 96,
        .unicode_list = NULL, .glyph_id_ofs_list = NULL, .list_length = 0, .type = LV_FONT_FMT_TXT_CMAP_FORMAT0_TINY
    },
    {
        .range_start = 174, .range_length = 82, .glyph_id_start = 109,
        .unicode_list = NULL, .glyph_id_ofs_list = NULL, .list_length = 0, .type = LV_FONT_FMT_TXT_CMAP_FORMAT0_TINY
    },
    {
        .range_start = 8216, .range_length = 15, .glyph_id_start = 191,
        .unicode_list = NULL, .glyph_id_ofs_list = glyph_id_ofs_list_3, .list_length = 15, .type = LV_FONT_FMT_TXT_CMAP_FORMAT0_FULL
    }
};



/*--------------------
 *  ALL CUSTOM DATA
 *--------------------*/

#if LVGL_VERSION_MAJOR == 8
/*Store all the custom data of the font*/
static  lv_font_fmt_txt_glyph_cache_t cache;
#endif

#if LVGL_VERSION_MAJOR >= 8
static const lv_font_fmt_txt_dsc_t font_dsc = {
#else
static lv_font_fmt_txt_dsc_t font_dsc = {
#endif
    .glyph_bitmap = glyph_bitmap,
    .glyph_dsc = glyph_dsc,
    .cmaps = cmaps,
    .kern_dsc = NULL,
    .kern_scale = 0,
    .cmap_num = 4,
    .bpp = 4,
    .kern_classes = 0,
    .bitmap_format = 0,
#if LVGL_VERSION_MAJOR == 8
    .cache = &cache
#endif
};



/*-----------------
 *  PUBLIC FONT
 *----------------*/

/*Initialize a public general font descriptor*/
#if LVGL_VERSION_MAJOR >= 8
const lv_font_t diskos_hifi_ui_24 = {
#else
lv_font_t diskos_hifi_ui_24 = {
#endif
    .get_glyph_dsc = lv_font_get_glyph_dsc_fmt_txt,    /*Function pointer to get glyph's data*/
    .get_glyph_bitmap = lv_font_get_bitmap_fmt_txt,    /*Function pointer to get glyph's bitmap*/
    .line_height = 30,          /*The maximum line height required by the font*/
    .base_line = 6,             /*Baseline measured from the bottom of the line*/
#if !(LVGL_VERSION_MAJOR == 6 && LVGL_VERSION_MINOR == 0)
    .subpx = LV_FONT_SUBPX_NONE,
#endif
#if LV_VERSION_CHECK(7, 4, 0) || LVGL_VERSION_MAJOR >= 8
    .underline_position = -4,
    .underline_thickness = 2,
#endif
    .dsc = &font_dsc,          /*The custom font data. Will be accessed by `get_glyph_bitmap/dsc` */
#if LV_VERSION_CHECK(8, 2, 0) || LVGL_VERSION_MAJOR >= 9
    .fallback = NULL,
#endif
    .user_data = NULL,
};



#endif /*#if DISKOS_HIFI_UI_24*/

