/* SPDX-License-Identifier: OFL-1.1 */
/* Glyph data converted from Space Grotesk (SIL OFL 1.1); licence text: licenses/OFL-1.1-SpaceGrotesk.txt */
/*******************************************************************************
 * Size: 22 px
 * Bpp: 4
 * Opts: --font SpaceGrotesk-VF-wght700.ttf --size 22 --bpp 4 --format lvgl --range 0x20-0x7E,0xA0-0xFF,0x2018-0x201D,0x2026,0x2022 --no-compress --force-fast-kern-format --lv-font-name diskos_bauh_bold_22 -o font_bauh_bold_22.c
 ******************************************************************************/

#ifdef LV_LVGL_H_INCLUDE_SIMPLE
#include "lvgl.h"
#else
#include "lvgl/lvgl.h"
#endif

#ifndef DISKOS_BAUH_BOLD_22
#define DISKOS_BAUH_BOLD_22 1
#endif

#if DISKOS_BAUH_BOLD_22

/*-----------------
 *    BITMAPS
 *----------------*/

/*Store the image of the glyphs*/
static LV_ATTRIBUTE_LARGE_CONST const uint8_t glyph_bitmap[] = {
    /* U+0020 " " */

    /* U+0021 "!" */
    0x2f, 0xfb, 0x2, 0xff, 0xb0, 0x2f, 0xfb, 0x2,
    0xff, 0xb0, 0x2f, 0xfb, 0x2, 0xff, 0xb0, 0x2f,
    0xfb, 0x2, 0xff, 0xb0, 0x2f, 0xfb, 0x2, 0xff,
    0xb0, 0x2, 0x31, 0x3, 0xef, 0xb0, 0xbf, 0xff,
    0x4b, 0xff, 0xf4, 0x2d, 0xf9, 0x0,

    /* U+0022 "\"" */
    0x3d, 0xf8, 0x5, 0xef, 0x60, 0xbf, 0xff, 0x2e,
    0xff, 0xf0, 0xbf, 0xff, 0x4d, 0xff, 0xf2, 0x1a,
    0xdf, 0x43, 0xbe, 0xf2, 0x0, 0x6f, 0x40, 0x8,
    0xf2, 0x2, 0xaf, 0x30, 0x2c, 0xf0, 0x4f, 0xfc,
    0x6, 0xff, 0x90, 0x15, 0x30, 0x2, 0x43, 0x0,

    /* U+0023 "#" */
    0x0, 0xc, 0xfc, 0x0, 0xcf, 0xb0, 0x0, 0x0,
    0xc, 0xfc, 0x0, 0xcf, 0xb0, 0x0, 0x0, 0xc,
    0xfc, 0x0, 0xcf, 0xb0, 0x0, 0x0, 0xc, 0xfc,
    0x0, 0xcf, 0xb0, 0x0, 0x2f, 0xff, 0xff, 0xff,
    0xff, 0xff, 0xf1, 0x2f, 0xff, 0xff, 0xff, 0xff,
    0xff, 0xf1, 0x5, 0x5d, 0xfd, 0x55, 0xdf, 0xd5,
    0x50, 0x0, 0xc, 0xfc, 0x0, 0xcf, 0xb0, 0x0,
    0x5, 0x5d, 0xfd, 0x55, 0xdf, 0xd5, 0x50, 0x2f,
    0xff, 0xff, 0xff, 0xff, 0xff, 0xf1, 0x2f, 0xff,
    0xff, 0xff, 0xff, 0xff, 0xf1, 0x0, 0xc, 0xfc,
    0x0, 0xcf, 0xb0, 0x0, 0x0, 0xc, 0xfc, 0x0,
    0xcf, 0xb0, 0x0, 0x0, 0xc, 0xfc, 0x0, 0xcf,
    0xb0, 0x0, 0x0, 0xc, 0xfc, 0x0, 0xcf, 0xb0,
    0x0,

    /* U+0024 "$" */
    0x0, 0x0, 0x8, 0xff, 0x10, 0x0, 0x0, 0x0,
    0x0, 0x8f, 0xf1, 0x0, 0x0, 0x0, 0x0, 0x8,
    0xff, 0x10, 0x0, 0x0, 0x0, 0x6b, 0xff, 0xfc,
    0x70, 0x0, 0x0, 0xcf, 0xff, 0xff, 0xff, 0xd1,
    0x0, 0x7f, 0xff, 0xdf, 0xfe, 0xff, 0xc0, 0xc,
    0xff, 0x38, 0xff, 0x2e, 0xff, 0x20, 0xdf, 0xf1,
    0x8f, 0xf1, 0x9f, 0xf4, 0xa, 0xff, 0xba, 0xff,
    0x13, 0x55, 0x10, 0x2e, 0xff, 0xff, 0xf7, 0x10,
    0x0, 0x0, 0x19, 0xff, 0xff, 0xff, 0xa1, 0x0,
    0x0, 0x0, 0xaf, 0xff, 0xff, 0xe1, 0x29, 0x95,
    0x8, 0xff, 0x2b, 0xff, 0x73, 0xff, 0xa0, 0x8f,
    0xf1, 0x4f, 0xf9, 0xf, 0xff, 0x38, 0xff, 0x19,
    0xff, 0x80, 0x9f, 0xff, 0xef, 0xfd, 0xff, 0xf2,
    0x0, 0xbf, 0xff, 0xff, 0xff, 0xf5, 0x0, 0x0,
    0x5b, 0xff, 0xfd, 0x92, 0x0, 0x0, 0x0, 0x8,
    0xff, 0x10, 0x0, 0x0, 0x0, 0x0, 0x8f, 0xf1,
    0x0, 0x0,

    /* U+0025 "%" */
    0x0, 0x0, 0x0, 0x0, 0x0, 0x0, 0x0, 0x0,
    0x0, 0x3b, 0xff, 0xd6, 0x0, 0x0, 0x2, 0xd3,
    0x0, 0x1f, 0xfe, 0xdf, 0xf5, 0x0, 0x1, 0xdf,
    0xc0, 0x6, 0xfd, 0x0, 0x9f, 0xa0, 0x0, 0xcf,
    0xe1, 0x0, 0x5f, 0xe2, 0xb, 0xfa, 0x0, 0xaf,
    0xf3, 0x0, 0x0, 0xdf, 0xff, 0xff, 0x30, 0x7f,
    0xf4, 0x0, 0x0, 0x1, 0x8b, 0xb9, 0x20, 0x5f,
    0xf7, 0x0, 0x0, 0x0, 0x0, 0x0, 0x0, 0x3f,
    0xf9, 0x0, 0x0, 0x0, 0x0, 0x0, 0x0, 0x2e,
    0xfb, 0x0, 0x0, 0x0, 0x0, 0x0, 0x0, 0x1d,
    0xfd, 0x4, 0xab, 0xa4, 0x0, 0x0, 0x0, 0xc,
    0xfe, 0x16, 0xff, 0xff, 0xf7, 0x0, 0x0, 0xa,
    0xff, 0x30, 0xef, 0x80, 0x7f, 0xf0, 0x0, 0x7,
    0xff, 0x40, 0xf, 0xf2, 0x1, 0xff, 0x10, 0x5,
    0xff, 0x70, 0x0, 0xef, 0x50, 0x4f, 0xf0, 0x2,
    0xff, 0x90, 0x0, 0x8, 0xff, 0xcf, 0xfa, 0x0,
    0x7, 0xb0, 0x0, 0x0, 0x8, 0xef, 0xe8, 0x0,
    0x0, 0x0, 0x0, 0x0, 0x0, 0x0, 0x0, 0x0,
    0x0,

    /* U+0026 "&" */
    0x0, 0x5c, 0xff, 0xfa, 0x0, 0x0, 0x0, 0x7f,
    0xff, 0xff, 0xa0, 0x0, 0x0, 0x1f, 0xff, 0x84,
    0x32, 0x0, 0x0, 0x4, 0xff, 0x90, 0x0, 0x0,
    0x0, 0x0, 0x3f, 0xf8, 0x0, 0x1, 0xff, 0xa0,
    0x0, 0xdf, 0xe4, 0x0, 0x1f, 0xfa, 0x0, 0x1,
    0xaf, 0xff, 0xff, 0xff, 0xff, 0xb0, 0x7, 0xff,
    0xff, 0xff, 0xff, 0xfb, 0xa, 0xff, 0x84, 0x45,
    0xff, 0xc4, 0x22, 0xff, 0x90, 0x0, 0x1f, 0xfa,
    0x0, 0x6f, 0xf6, 0x0, 0x1, 0xff, 0xa0, 0x5,
    0xff, 0x90, 0x0, 0x1f, 0xfa, 0x0, 0x1f, 0xff,
    0x84, 0x45, 0xff, 0xa0, 0x0, 0x7f, 0xff, 0xff,
    0xff, 0xfa, 0x0, 0x0, 0x5c, 0xff, 0xff, 0xff,
    0xa0, 0x0,

    /* U+0027 "'" */
    0x3d, 0xf8, 0xb, 0xff, 0xf2, 0xbf, 0xff, 0x41,
    0xad, 0xf4, 0x0, 0x6f, 0x40, 0x2a, 0xf3, 0x4f,
    0xfc, 0x1, 0x53, 0x0,

    /* U+0028 "(" */
    0x0, 0x0, 0x2, 0x42, 0x0, 0x7, 0xef, 0xf9,
    0x1, 0xdf, 0xff, 0xf9, 0xb, 0xff, 0xd5, 0x10,
    0x3f, 0xfd, 0x0, 0x0, 0x9f, 0xf4, 0x0, 0x0,
    0xcf, 0xf0, 0x0, 0x0, 0xdf, 0xd0, 0x0, 0x0,
    0xef, 0xc0, 0x0, 0x0, 0xef, 0xc0, 0x0, 0x0,
    0xef, 0xc0, 0x0, 0x0, 0xef, 0xc0, 0x0, 0x0,
    0xef, 0xc0, 0x0, 0x0, 0xef, 0xc0, 0x0, 0x0,
    0xef, 0xc0, 0x0, 0x0, 0xdf, 0xd0, 0x0, 0x0,
    0xbf, 0xf1, 0x0, 0x0, 0x7f, 0xf6, 0x0, 0x0,
    0x1f, 0xff, 0x30, 0x0, 0x7, 0xff, 0xfa, 0x63,
    0x0, 0x8f, 0xff, 0xf9, 0x0, 0x2, 0x9c, 0xf9,

    /* U+0029 ")" */
    0x43, 0x10, 0x0, 0x0, 0xff, 0xfb, 0x40, 0x0,
    0xff, 0xff, 0xf7, 0x0, 0x2, 0x8f, 0xff, 0x40,
    0x0, 0x4, 0xff, 0xd0, 0x0, 0x0, 0xbf, 0xf2,
    0x0, 0x0, 0x6f, 0xf5, 0x0, 0x0, 0x4f, 0xf7,
    0x0, 0x0, 0x3f, 0xf7, 0x0, 0x0, 0x3f, 0xf7,
    0x0, 0x0, 0x3f, 0xf7, 0x0, 0x0, 0x3f, 0xf7,
    0x0, 0x0, 0x3f, 0xf7, 0x0, 0x0, 0x3f, 0xf7,
    0x0, 0x0, 0x3f, 0xf7, 0x0, 0x0, 0x4f, 0xf6,
    0x0, 0x0, 0x7f, 0xf4, 0x0, 0x0, 0xdf, 0xf1,
    0x0, 0x9, 0xff, 0xa0, 0x57, 0xdf, 0xff, 0x20,
    0xff, 0xff, 0xe3, 0x0, 0xfe, 0xb6, 0x0, 0x0,

    /* U+002A "*" */
    0x0, 0x0, 0xe, 0xc0, 0x0, 0x0, 0xa, 0xa0,
    0xdb, 0xc, 0x90, 0x0, 0x9f, 0x9b, 0x9b, 0xf7,
    0x0, 0x0, 0x6f, 0xee, 0xe5, 0x0, 0xf, 0xfd,
    0xef, 0xfe, 0xef, 0xe0, 0x99, 0x7d, 0xff, 0xc7,
    0x98, 0x0, 0x1c, 0xec, 0xbf, 0xb0, 0x0, 0xd,
    0xf5, 0xca, 0x6f, 0xb0, 0x0, 0x66, 0xe, 0xc0,
    0x74, 0x0, 0x0, 0x0, 0xa9, 0x0, 0x0,

    /* U+002B "+" */
    0x0, 0x0, 0x0, 0x0, 0x0, 0x0, 0x7, 0xff,
    0x20, 0x0, 0x0, 0x7, 0xff, 0x20, 0x0, 0x0,
    0x7, 0xff, 0x20, 0x0, 0xcf, 0xff, 0xff, 0xff,
    0xf6, 0xcf, 0xff, 0xff, 0xff, 0xf6, 0x57, 0x7b,
    0xff, 0x87, 0x73, 0x0, 0x7, 0xff, 0x20, 0x0,
    0x0, 0x7, 0xff, 0x20, 0x0, 0x0, 0x7, 0xff,
    0x20, 0x0,

    /* U+002C "," */
    0x19, 0xb5, 0xa, 0xff, 0xf2, 0xcf, 0xff, 0x43,
    0xdf, 0xf4, 0x0, 0x6f, 0x40, 0x2a, 0xf3, 0x4f,
    0xfc, 0x1, 0x54, 0x0,

    /* U+002D "-" */
    0x37, 0x77, 0x77, 0x70, 0x8f, 0xff, 0xff, 0xf0,
    0x8f, 0xff, 0xff, 0xf0,

    /* U+002E "." */
    0x0, 0x10, 0x3, 0xef, 0xb0, 0xbf, 0xff, 0x4b,
    0xff, 0xf4, 0x2d, 0xf9, 0x0,

    /* U+002F "/" */
    0x0, 0x0, 0x0, 0x1f, 0xfb, 0x0, 0x0, 0x0,
    0x6f, 0xf6, 0x0, 0x0, 0x0, 0xbf, 0xf1, 0x0,
    0x0, 0x1, 0xff, 0xb0, 0x0, 0x0, 0x6, 0xff,
    0x50, 0x0, 0x0, 0xc, 0xff, 0x0, 0x0, 0x0,
    0x1f, 0xfa, 0x0, 0x0, 0x0, 0x7f, 0xf5, 0x0,
    0x0, 0x0, 0xcf, 0xf0, 0x0, 0x0, 0x2, 0xff,
    0xa0, 0x0, 0x0, 0x7, 0xff, 0x50, 0x0, 0x0,
    0xc, 0xff, 0x0, 0x0, 0x0, 0x2f, 0xfa, 0x0,
    0x0, 0x0, 0x7f, 0xf4, 0x0, 0x0, 0x0, 0xdf,
    0xe0, 0x0, 0x0, 0x2, 0xff, 0x90, 0x0, 0x0,
    0x8, 0xff, 0x40, 0x0, 0x0, 0xd, 0xfe, 0x0,
    0x0, 0x0, 0x3f, 0xf9, 0x0, 0x0, 0x0,

    /* U+0030 "0" */
    0x0, 0x29, 0xdf, 0xfe, 0xa3, 0x0, 0x0, 0x4f,
    0xff, 0xff, 0xff, 0xf8, 0x0, 0x2f, 0xff, 0xd8,
    0x7b, 0xff, 0xf5, 0x9, 0xff, 0x90, 0x0, 0x5,
    0xff, 0xd0, 0xcf, 0xf1, 0x0, 0x0, 0xd, 0xff,
    0xe, 0xfe, 0x0, 0x0, 0x0, 0xaf, 0xf2, 0xef,
    0xe0, 0x0, 0x0, 0xa, 0xff, 0x2e, 0xfe, 0x0,
    0x0, 0x0, 0xaf, 0xf2, 0xef, 0xe0, 0x0, 0x0,
    0xa, 0xff, 0x2e, 0xfe, 0x0, 0x0, 0x0, 0xaf,
    0xf2, 0xdf, 0xf1, 0x0, 0x0, 0xd, 0xff, 0x19,
    0xff, 0x80, 0x0, 0x4, 0xff, 0xd0, 0x2f, 0xff,
    0xc8, 0x7a, 0xff, 0xf6, 0x0, 0x5f, 0xff, 0xff,
    0xff, 0xf9, 0x0, 0x0, 0x29, 0xdf, 0xfe, 0xa4,
    0x0, 0x0,

    /* U+0031 "1" */
    0x0, 0xd, 0xff, 0xff, 0x70, 0x4, 0xff, 0xff,
    0xf7, 0x0, 0xcf, 0xf6, 0xff, 0x70, 0x3f, 0xfa,
    0x5f, 0xf7, 0xa, 0xff, 0x35, 0xff, 0x72, 0xff,
    0xc0, 0x5f, 0xf7, 0x6c, 0xc4, 0x5, 0xff, 0x70,
    0x0, 0x0, 0x5f, 0xf7, 0x0, 0x0, 0x5, 0xff,
    0x70, 0x0, 0x0, 0x5f, 0xf7, 0x0, 0x0, 0x5,
    0xff, 0x70, 0x0, 0x0, 0x5f, 0xf7, 0x0, 0x0,
    0x5, 0xff, 0x70, 0x0, 0x0, 0x5f, 0xf7, 0x0,
    0x0, 0x5, 0xff, 0x70,

    /* U+0032 "2" */
    0x0, 0x4, 0xae, 0xff, 0xc6, 0x0, 0x0, 0x8,
    0xff, 0xff, 0xff, 0xfc, 0x10, 0x6, 0xff, 0xfa,
    0x79, 0xef, 0xfa, 0x0, 0xcf, 0xf4, 0x0, 0x1,
    0xef, 0xf1, 0xf, 0xfd, 0x0, 0x0, 0x9, 0xff,
    0x30, 0x55, 0x40, 0x0, 0x0, 0xaf, 0xf2, 0x0,
    0x0, 0x0, 0x0, 0x4f, 0xfe, 0x0, 0x0, 0x0,
    0x15, 0xbf, 0xff, 0x60, 0x0, 0x4, 0xbf, 0xff,
    0xff, 0x70, 0x0, 0x9, 0xff, 0xff, 0xe8, 0x10,
    0x0, 0x6, 0xff, 0xe8, 0x20, 0x0, 0x0, 0x0,
    0xdf, 0xf2, 0x0, 0x0, 0x0, 0x0, 0xf, 0xfe,
    0x88, 0x88, 0x88, 0x88, 0x1, 0xff, 0xff, 0xff,
    0xff, 0xff, 0xf1, 0x1f, 0xff, 0xff, 0xff, 0xff,
    0xff, 0x10,

    /* U+0033 "3" */
    0xd, 0xff, 0xff, 0xff, 0xff, 0xff, 0x10, 0xdf,
    0xff, 0xff, 0xff, 0xff, 0xf1, 0x6, 0x77, 0x77,
    0x77, 0x8f, 0xff, 0x10, 0x0, 0x0, 0x1, 0x9f,
    0xff, 0xc0, 0x0, 0x0, 0x2a, 0xff, 0xfb, 0x40,
    0x0, 0x0, 0xf, 0xff, 0xb3, 0x0, 0x0, 0x0,
    0x0, 0xff, 0xff, 0xfc, 0x70, 0x0, 0x0, 0xf,
    0xff, 0xff, 0xff, 0xa0, 0x0, 0x0, 0x0, 0x0,
    0x4e, 0xff, 0x41, 0x66, 0x30, 0x0, 0x0, 0x6f,
    0xf7, 0x3f, 0xfa, 0x0, 0x0, 0x5, 0xff, 0x70,
    0xff, 0xf3, 0x0, 0x0, 0xcf, 0xf4, 0x9, 0xff,
    0xfa, 0x78, 0xdf, 0xfd, 0x0, 0xb, 0xff, 0xff,
    0xff, 0xfe, 0x20, 0x0, 0x5, 0xbe, 0xff, 0xc7,
    0x10, 0x0,

    /* U+0034 "4" */
    0x0, 0x0, 0x6, 0xff, 0xff, 0xf0, 0x0, 0x0,
    0x0, 0x1e, 0xfe, 0xff, 0xf0, 0x0, 0x0, 0x0,
    0x9f, 0xf4, 0xdf, 0xf0, 0x0, 0x0, 0x3, 0xff,
    0xb0, 0xdf, 0xf0, 0x0, 0x0, 0xc, 0xff, 0x20,
    0xdf, 0xf0, 0x0, 0x0, 0x6f, 0xf7, 0x0, 0xdf,
    0xf0, 0x0, 0x1, 0xff, 0xd0, 0x0, 0xdf, 0xf0,
    0x0, 0xa, 0xff, 0x40, 0x0, 0xdf, 0xf0, 0x0,
    0x3f, 0xfa, 0x0, 0x0, 0xdf, 0xf0, 0x0, 0x6f,
    0xf9, 0x77, 0x77, 0xef, 0xf7, 0x73, 0x6f, 0xff,
    0xff, 0xff, 0xff, 0xff, 0xf8, 0x6f, 0xff, 0xff,
    0xff, 0xff, 0xff, 0xf8, 0x0, 0x0, 0x0, 0x0,
    0xdf, 0xf0, 0x0, 0x0, 0x0, 0x0, 0x0, 0xdf,
    0xf0, 0x0, 0x0, 0x0, 0x0, 0x0, 0xdf, 0xf0,
    0x0,

    /* U+0035 "5" */
    0xb, 0xff, 0xff, 0xff, 0xff, 0xfd, 0x0, 0xbf,
    0xff, 0xff, 0xff, 0xff, 0xd0, 0xb, 0xff, 0x98,
    0x88, 0x88, 0x86, 0x0, 0xbf, 0xf2, 0x0, 0x0,
    0x0, 0x0, 0xb, 0xff, 0x20, 0x34, 0x30, 0x0,
    0x0, 0xbf, 0xf7, 0xef, 0xff, 0xe6, 0x0, 0xb,
    0xff, 0xff, 0xff, 0xff, 0xf7, 0x0, 0xbf, 0xff,
    0x50, 0x17, 0xff, 0xf1, 0x0, 0x0, 0x0, 0x0,
    0x9, 0xff, 0x50, 0x55, 0x30, 0x0, 0x0, 0x6f,
    0xf7, 0x1f, 0xfc, 0x0, 0x0, 0x7, 0xff, 0x60,
    0xef, 0xf4, 0x0, 0x1, 0xdf, 0xf3, 0x7, 0xff,
    0xf9, 0x78, 0xef, 0xfc, 0x0, 0xa, 0xff, 0xff,
    0xff, 0xfd, 0x10, 0x0, 0x5, 0xbe, 0xff, 0xc7,
    0x0, 0x0,

    /* U+0036 "6" */
    0x0, 0x29, 0xdf, 0xfe, 0xa3, 0x0, 0x6, 0xff,
    0xff, 0xff, 0xff, 0x70, 0x3f, 0xff, 0xb8, 0x7b,
    0xff, 0xf3, 0xaf, 0xf6, 0x0, 0x0, 0x7f, 0xf8,
    0xdf, 0xf0, 0x0, 0x0, 0x14, 0x42, 0xef, 0xe1,
    0x9e, 0xfe, 0xb3, 0x0, 0xef, 0xfe, 0xff, 0xff,
    0xff, 0x70, 0xef, 0xff, 0x73, 0x48, 0xff, 0xf3,
    0xef, 0xf4, 0x0, 0x0, 0x7f, 0xf9, 0xef, 0xf0,
    0x0, 0x0, 0x2f, 0xfb, 0xef, 0xf0, 0x0, 0x0,
    0x2f, 0xfa, 0xbf, 0xf7, 0x0, 0x0, 0xaf, 0xf7,
    0x4f, 0xff, 0xb7, 0x8c, 0xff, 0xf1, 0x7, 0xff,
    0xff, 0xff, 0xff, 0x40, 0x0, 0x3a, 0xef, 0xfd,
    0x81, 0x0,

    /* U+0037 "7" */
    0x6f, 0xff, 0xff, 0xff, 0xff, 0xfa, 0x6f, 0xff,
    0xff, 0xff, 0xff, 0xfa, 0x37, 0x77, 0x77, 0x77,
    0x9f, 0xfa, 0x0, 0x0, 0x0, 0x0, 0xaf, 0xf8,
    0x0, 0x0, 0x0, 0x3, 0xff, 0xe0, 0x0, 0x0,
    0x0, 0xc, 0xff, 0x50, 0x0, 0x0, 0x0, 0x6f,
    0xfc, 0x0, 0x0, 0x0, 0x0, 0xef, 0xf3, 0x0,
    0x0, 0x0, 0x8, 0xff, 0xa0, 0x0, 0x0, 0x0,
    0x2f, 0xff, 0x10, 0x0, 0x0, 0x0, 0xbf, 0xf7,
    0x0, 0x0, 0x0, 0x4, 0xff, 0xe0, 0x0, 0x0,
    0x0, 0xd, 0xff, 0x50, 0x0, 0x0, 0x0, 0xf,
    0xfd, 0x0, 0x0, 0x0, 0x0, 0x1f, 0xfb, 0x0,
    0x0, 0x0,

    /* U+0038 "8" */
    0x0, 0x18, 0xcf, 0xff, 0xd9, 0x20, 0x0, 0x4f,
    0xff, 0xff, 0xff, 0xff, 0x70, 0xe, 0xff, 0xd8,
    0x78, 0xcf, 0xff, 0x22, 0xff, 0xc0, 0x0, 0x0,
    0x9f, 0xf5, 0x1f, 0xfc, 0x0, 0x0, 0x9, 0xff,
    0x40, 0x8f, 0xfd, 0x87, 0x8b, 0xff, 0xb0, 0x0,
    0x5f, 0xff, 0xff, 0xff, 0x70, 0x0, 0x3d, 0xff,
    0xff, 0xff, 0xff, 0x50, 0xe, 0xff, 0x71, 0x1,
    0x5e, 0xff, 0x25, 0xff, 0x90, 0x0, 0x0, 0x6f,
    0xf8, 0x6f, 0xf7, 0x0, 0x0, 0x4, 0xff, 0x94,
    0xff, 0xc0, 0x0, 0x0, 0xaf, 0xf7, 0xd, 0xff,
    0xe9, 0x78, 0xdf, 0xff, 0x10, 0x2e, 0xff, 0xff,
    0xff, 0xff, 0x40, 0x0, 0x7, 0xce, 0xff, 0xd8,
    0x10, 0x0,

    /* U+0039 "9" */
    0x0, 0x5, 0xbe, 0xff, 0xc7, 0x10, 0x0, 0xb,
    0xff, 0xff, 0xff, 0xfe, 0x20, 0x9, 0xff, 0xf9,
    0x78, 0xdf, 0xfd, 0x0, 0xff, 0xf2, 0x0, 0x0,
    0xbf, 0xf4, 0x1f, 0xfb, 0x0, 0x0, 0x5, 0xff,
    0x71, 0xff, 0xd0, 0x0, 0x0, 0x7f, 0xf8, 0xc,
    0xff, 0xa2, 0x1, 0x6f, 0xff, 0x80, 0x3f, 0xff,
    0xff, 0xff, 0xff, 0xf8, 0x0, 0x2b, 0xff, 0xff,
    0x95, 0xff, 0x80, 0x0, 0x0, 0x22, 0x0, 0x5f,
    0xf8, 0xc, 0xdb, 0x0, 0x0, 0x7, 0xff, 0x70,
    0xdf, 0xf4, 0x0, 0x1, 0xdf, 0xf4, 0x7, 0xff,
    0xf9, 0x78, 0xef, 0xfd, 0x0, 0xb, 0xff, 0xff,
    0xff, 0xfd, 0x20, 0x0, 0x5, 0xbe, 0xff, 0xc7,
    0x0, 0x0,

    /* U+003A ":" */
    0x2d, 0xf9, 0xb, 0xff, 0xf4, 0xbf, 0xff, 0x43,
    0xef, 0xb0, 0x0, 0x10, 0x0, 0x0, 0x0, 0x0,
    0x10, 0x3, 0xef, 0xb0, 0xbf, 0xff, 0x4b, 0xff,
    0xf4, 0x2d, 0xf9, 0x0,

    /* U+003B ";" */
    0x2d, 0xf9, 0xb, 0xff, 0xf4, 0xbf, 0xff, 0x43,
    0xef, 0xb0, 0x0, 0x10, 0x0, 0x0, 0x0, 0x0,
    0x0, 0x1, 0x9b, 0x50, 0xaf, 0xff, 0x2b, 0xff,
    0xf5, 0x3d, 0xff, 0x50, 0x5, 0xf5, 0x2, 0x9f,
    0x43, 0xff, 0xc0, 0x15, 0x40, 0x0,

    /* U+003C "<" */
    0x0, 0x0, 0x0, 0x0, 0x1, 0x0, 0x0, 0x0,
    0x5a, 0xf7, 0x0, 0x5, 0xaf, 0xff, 0xf7, 0x4a,
    0xff, 0xff, 0xfe, 0x92, 0xcf, 0xff, 0xc7, 0x20,
    0x0, 0xcf, 0xf4, 0x0, 0x0, 0x0, 0xcf, 0xff,
    0xe9, 0x40, 0x0, 0x38, 0xef, 0xff, 0xff, 0xa3,
    0x0, 0x3, 0x8e, 0xff, 0xf7, 0x0, 0x0, 0x0,
    0x38, 0xe7, 0x0, 0x0, 0x0, 0x0, 0x0,

    /* U+003D "=" */
    0xcf, 0xff, 0xff, 0xff, 0xf6, 0xcf, 0xff, 0xff,
    0xff, 0xf6, 0x57, 0x77, 0x77, 0x77, 0x73, 0x57,
    0x77, 0x77, 0x77, 0x73, 0xcf, 0xff, 0xff, 0xff,
    0xf6, 0xcf, 0xff, 0xff, 0xff, 0xf6,

    /* U+003E ">" */
    0x20, 0x0, 0x0, 0x0, 0x0, 0xcd, 0x83, 0x0,
    0x0, 0x0, 0xcf, 0xff, 0xd8, 0x30, 0x0, 0x5a,
    0xff, 0xff, 0xfd, 0x82, 0x0, 0x4, 0x9e, 0xff,
    0xf7, 0x0, 0x0, 0x0, 0x8f, 0xf7, 0x0, 0x16,
    0xaf, 0xff, 0xf7, 0x6c, 0xff, 0xff, 0xfc, 0x71,
    0xcf, 0xff, 0xc7, 0x10, 0x0, 0xcc, 0x71, 0x0,
    0x0, 0x0, 0x0, 0x0, 0x0, 0x0, 0x0,

    /* U+003F "?" */
    0x0, 0x6, 0xcf, 0xfe, 0xb4, 0x0, 0x1, 0xdf,
    0xff, 0xff, 0xff, 0x90, 0xb, 0xff, 0xd8, 0x79,
    0xff, 0xf6, 0x1f, 0xfd, 0x0, 0x0, 0x4f, 0xfb,
    0x3f, 0xfa, 0x0, 0x0, 0x1f, 0xfc, 0x0, 0x0,
    0x0, 0x0, 0x9f, 0xf9, 0x0, 0x0, 0x0, 0x6d,
    0xff, 0xe2, 0x0, 0x0, 0xb, 0xff, 0xfc, 0x20,
    0x0, 0x0, 0x4f, 0xfd, 0x40, 0x0, 0x0, 0x0,
    0x5d, 0xd6, 0x0, 0x0, 0x0, 0x0, 0x0, 0x0,
    0x0, 0x0, 0x0, 0x0, 0x5f, 0xf9, 0x0, 0x0,
    0x0, 0x0, 0xef, 0xff, 0x20, 0x0, 0x0, 0x0,
    0xdf, 0xff, 0x20, 0x0, 0x0, 0x0, 0x4e, 0xf7,
    0x0, 0x0,

    /* U+0040 "@" */
    0x0, 0x0, 0x1, 0x7b, 0xef, 0xff, 0xda, 0x50,
    0x0, 0x0, 0x0, 0x0, 0x9f, 0xff, 0xff, 0xff,
    0xff, 0xfe, 0x50, 0x0, 0x0, 0x1d, 0xff, 0xfe,
    0xa8, 0x78, 0xae, 0xff, 0xf7, 0x0, 0x0, 0xcf,
    0xfd, 0x40, 0x0, 0x0, 0x0, 0x5e, 0xff, 0x50,
    0x7, 0xff, 0xc1, 0x7, 0xef, 0xd5, 0x7f, 0xf6,
    0xff, 0xe0, 0xe, 0xff, 0x20, 0xaf, 0xff, 0xff,
    0xcf, 0xf3, 0x7f, 0xf6, 0x3f, 0xfa, 0x4, 0xff,
    0xf7, 0x6c, 0xff, 0xf3, 0x1f, 0xfa, 0x6f, 0xf5,
    0x9, 0xff, 0x40, 0x0, 0xdf, 0xf3, 0xe, 0xfd,
    0x8f, 0xf3, 0xc, 0xff, 0x0, 0x0, 0x8f, 0xf3,
    0xc, 0xfe, 0x8f, 0xf3, 0xd, 0xfe, 0x0, 0x0,
    0x7f, 0xf3, 0xc, 0xff, 0x8f, 0xf3, 0xc, 0xff,
    0x0, 0x0, 0x8f, 0xf3, 0xc, 0xfe, 0x6f, 0xf6,
    0x9, 0xff, 0x50, 0x0, 0xef, 0xf3, 0xe, 0xfd,
    0x3f, 0xfa, 0x3, 0xff, 0xf8, 0x7d, 0xff, 0xfa,
    0x9f, 0xf9, 0xe, 0xff, 0x20, 0x9f, 0xff, 0xff,
    0xaf, 0xff, 0xff, 0xf2, 0x6, 0xff, 0xd1, 0x6,
    0xdf, 0xe7, 0xa, 0xff, 0xfc, 0x40, 0x0, 0xcf,
    0xfe, 0x50, 0x0, 0x0, 0x0, 0x0, 0x0, 0x0,
    0x0, 0x1c, 0xff, 0xfe, 0xa8, 0x77, 0x77, 0x72,
    0x0, 0x0, 0x0, 0x0, 0x8f, 0xff, 0xff, 0xff,
    0xff, 0xf4, 0x0, 0x0, 0x0, 0x0, 0x1, 0x6b,
    0xdf, 0xff, 0xff, 0xf4, 0x0, 0x0,

    /* U+0041 "A" */
    0x0, 0x0, 0xbf, 0xff, 0xfa, 0x0, 0x0, 0x0,
    0x0, 0xff, 0xff, 0xfe, 0x0, 0x0, 0x0, 0x3,
    0xff, 0x9a, 0xff, 0x20, 0x0, 0x0, 0x8, 0xff,
    0x56, 0xff, 0x70, 0x0, 0x0, 0xc, 0xff, 0x12,
    0xff, 0xb0, 0x0, 0x0, 0xf, 0xfd, 0x0, 0xdf,
    0xf0, 0x0, 0x0, 0x5f, 0xf8, 0x0, 0x9f, 0xf4,
    0x0, 0x0, 0x9f, 0xf4, 0x0, 0x5f, 0xf8, 0x0,
    0x0, 0xdf, 0xf0, 0x0, 0x1f, 0xfc, 0x0, 0x2,
    0xff, 0xff, 0xff, 0xff, 0xff, 0x10, 0x6, 0xff,
    0xff, 0xff, 0xff, 0xff, 0x50, 0xa, 0xff, 0xba,
    0xaa, 0xab, 0xff, 0x90, 0xe, 0xff, 0x0, 0x0,
    0x1, 0xff, 0xd0, 0x3f, 0xfc, 0x0, 0x0, 0x0,
    0xdf, 0xf2, 0x7f, 0xf8, 0x0, 0x0, 0x0, 0x9f,
    0xf6,

    /* U+0042 "B" */
    0xff, 0xff, 0xff, 0xff, 0xfd, 0x70, 0xf, 0xff,
    0xff, 0xff, 0xff, 0xff, 0xc0, 0x78, 0xff, 0xf8,
    0x88, 0xaf, 0xff, 0x60, 0xf, 0xff, 0x0, 0x0,
    0x7f, 0xf9, 0x0, 0xff, 0xf0, 0x0, 0x5, 0xff,
    0x80, 0xf, 0xff, 0x0, 0x2, 0xcf, 0xf3, 0x0,
    0xff, 0xff, 0xff, 0xff, 0xe5, 0x0, 0xf, 0xff,
    0xff, 0xff, 0xf8, 0x0, 0x0, 0xff, 0xf9, 0x99,
    0xbf, 0xfd, 0x10, 0xf, 0xff, 0x0, 0x0, 0x7f,
    0xf7, 0x0, 0xff, 0xf0, 0x0, 0x3, 0xff, 0xa0,
    0xf, 0xff, 0x0, 0x0, 0x6f, 0xfa, 0x78, 0xff,
    0xf8, 0x88, 0xaf, 0xff, 0x6f, 0xff, 0xff, 0xff,
    0xff, 0xff, 0xc0, 0xff, 0xff, 0xff, 0xff, 0xfd,
    0x70, 0x0,

    /* U+0043 "C" */
    0x0, 0x18, 0xdf, 0xfe, 0xb5, 0x0, 0x0, 0x4f,
    0xff, 0xff, 0xff, 0xfa, 0x0, 0x1f, 0xff, 0xea,
    0x9b, 0xff, 0xf7, 0x8, 0xff, 0xc1, 0x0, 0x4,
    0xff, 0xe0, 0xcf, 0xf3, 0x0, 0x0, 0xb, 0xff,
    0x2e, 0xff, 0x0, 0x0, 0x0, 0x59, 0x92, 0xef,
    0xf0, 0x0, 0x0, 0x0, 0x0, 0xe, 0xff, 0x0,
    0x0, 0x0, 0x0, 0x0, 0xef, 0xf0, 0x0, 0x0,
    0x0, 0x0, 0xe, 0xff, 0x0, 0x0, 0x0, 0x7c,
    0xc2, 0xcf, 0xf3, 0x0, 0x0, 0xc, 0xff, 0x28,
    0xff, 0xc1, 0x0, 0x4, 0xff, 0xf0, 0x1f, 0xff,
    0xea, 0x9b, 0xff, 0xf8, 0x0, 0x4f, 0xff, 0xff,
    0xff, 0xfb, 0x0, 0x0, 0x18, 0xdf, 0xfe, 0xb5,
    0x0, 0x0,

    /* U+0044 "D" */
    0xff, 0xff, 0xff, 0xfe, 0xc7, 0x0, 0xf, 0xff,
    0xff, 0xff, 0xff, 0xfd, 0x20, 0x78, 0xff, 0xf8,
    0x8a, 0xff, 0xfd, 0x0, 0xf, 0xff, 0x0, 0x1,
    0xef, 0xf4, 0x0, 0xff, 0xf0, 0x0, 0x7, 0xff,
    0x80, 0xf, 0xff, 0x0, 0x0, 0x4f, 0xfa, 0x0,
    0xff, 0xf0, 0x0, 0x3, 0xff, 0xb0, 0xf, 0xff,
    0x0, 0x0, 0x3f, 0xfb, 0x0, 0xff, 0xf0, 0x0,
    0x3, 0xff, 0xb0, 0xf, 0xff, 0x0, 0x0, 0x4f,
    0xfa, 0x0, 0xff, 0xf0, 0x0, 0x7, 0xff, 0x80,
    0xf, 0xff, 0x0, 0x1, 0xef, 0xf4, 0x78, 0xff,
    0xf8, 0x8a, 0xff, 0xfd, 0xf, 0xff, 0xff, 0xff,
    0xff, 0xfd, 0x20, 0xff, 0xff, 0xff, 0xfe, 0xc7,
    0x0, 0x0,

    /* U+0045 "E" */
    0x8f, 0xff, 0xff, 0xff, 0xff, 0x58, 0xff, 0xff,
    0xff, 0xff, 0xf5, 0x8f, 0xfb, 0x99, 0x99, 0x99,
    0x38, 0xff, 0x50, 0x0, 0x0, 0x0, 0x8f, 0xf5,
    0x0, 0x0, 0x0, 0x8, 0xff, 0x50, 0x0, 0x0,
    0x0, 0x8f, 0xff, 0xff, 0xff, 0xfb, 0x8, 0xff,
    0xff, 0xff, 0xff, 0xb0, 0x8f, 0xfb, 0x99, 0x99,
    0x96, 0x8, 0xff, 0x50, 0x0, 0x0, 0x0, 0x8f,
    0xf5, 0x0, 0x0, 0x0, 0x8, 0xff, 0x50, 0x0,
    0x0, 0x0, 0x8f, 0xfb, 0x99, 0x99, 0x99, 0x48,
    0xff, 0xff, 0xff, 0xff, 0xf7, 0x8f, 0xff, 0xff,
    0xff, 0xff, 0x70,

    /* U+0046 "F" */
    0x8f, 0xff, 0xff, 0xff, 0xff, 0x28, 0xff, 0xff,
    0xff, 0xff, 0xf2, 0x8f, 0xfb, 0x99, 0x99, 0x99,
    0x18, 0xff, 0x50, 0x0, 0x0, 0x0, 0x8f, 0xf5,
    0x0, 0x0, 0x0, 0x8, 0xff, 0x50, 0x0, 0x0,
    0x0, 0x8f, 0xff, 0xff, 0xff, 0xf9, 0x8, 0xff,
    0xff, 0xff, 0xff, 0x90, 0x8f, 0xfb, 0x99, 0x99,
    0x95, 0x8, 0xff, 0x50, 0x0, 0x0, 0x0, 0x8f,
    0xf5, 0x0, 0x0, 0x0, 0x8, 0xff, 0x50, 0x0,
    0x0, 0x0, 0x8f, 0xf5, 0x0, 0x0, 0x0, 0x8,
    0xff, 0x50, 0x0, 0x0, 0x0, 0x8f, 0xf5, 0x0,
    0x0, 0x0, 0x0,

    /* U+0047 "G" */
    0x0, 0x18, 0xdf, 0xfe, 0xb6, 0x0, 0x0, 0x4f,
    0xff, 0xff, 0xff, 0xfc, 0x0, 0x1f, 0xff, 0xea,
    0x9b, 0xff, 0xf9, 0x8, 0xff, 0xc1, 0x0, 0x3,
    0xff, 0xf0, 0xcf, 0xf3, 0x0, 0x0, 0xa, 0xff,
    0x3e, 0xff, 0x0, 0x0, 0x0, 0x12, 0x20, 0xef,
    0xf0, 0x0, 0x0, 0x0, 0x0, 0xe, 0xff, 0x0,
    0x4f, 0xff, 0xff, 0xf4, 0xef, 0xf0, 0x4, 0xff,
    0xff, 0xff, 0x4e, 0xff, 0x0, 0x16, 0x66, 0xcf,
    0xf4, 0xcf, 0xf3, 0x0, 0x0, 0xb, 0xff, 0x48,
    0xff, 0xc0, 0x0, 0x3, 0xff, 0xf4, 0x1f, 0xff,
    0xe9, 0x8a, 0xff, 0xff, 0x40, 0x4f, 0xff, 0xff,
    0xff, 0xaf, 0xf4, 0x0, 0x29, 0xdf, 0xfc, 0x37,
    0xff, 0x40,

    /* U+0048 "H" */
    0x8f, 0xf5, 0x0, 0x0, 0xe, 0xff, 0x8f, 0xf5,
    0x0, 0x0, 0xe, 0xff, 0x8f, 0xf5, 0x0, 0x0,
    0xe, 0xff, 0x8f, 0xf5, 0x0, 0x0, 0xe, 0xff,
    0x8f, 0xf5, 0x0, 0x0, 0xe, 0xff, 0x8f, 0xf5,
    0x0, 0x0, 0xe, 0xff, 0x8f, 0xff, 0xff, 0xff,
    0xff, 0xff, 0x8f, 0xff, 0xff, 0xff, 0xff, 0xff,
    0x8f, 0xfb, 0x99, 0x99, 0x9f, 0xff, 0x8f, 0xf5,
    0x0, 0x0, 0xe, 0xff, 0x8f, 0xf5, 0x0, 0x0,
    0xe, 0xff, 0x8f, 0xf5, 0x0, 0x0, 0xe, 0xff,
    0x8f, 0xf5, 0x0, 0x0, 0xe, 0xff, 0x8f, 0xf5,
    0x0, 0x0, 0xe, 0xff, 0x8f, 0xf5, 0x0, 0x0,
    0xe, 0xff,

    /* U+0049 "I" */
    0x8f, 0xf5, 0x8f, 0xf5, 0x8f, 0xf5, 0x8f, 0xf5,
    0x8f, 0xf5, 0x8f, 0xf5, 0x8f, 0xf5, 0x8f, 0xf5,
    0x8f, 0xf5, 0x8f, 0xf5, 0x8f, 0xf5, 0x8f, 0xf5,
    0x8f, 0xf5, 0x8f, 0xf5, 0x8f, 0xf5,

    /* U+004A "J" */
    0x0, 0x0, 0xd, 0xff, 0xff, 0xff, 0x80, 0x0,
    0x0, 0xdf, 0xff, 0xff, 0xf8, 0x0, 0x0, 0x7,
    0x9a, 0xff, 0xe9, 0x40, 0x0, 0x0, 0x0, 0x2f,
    0xfb, 0x0, 0x0, 0x0, 0x0, 0x2, 0xff, 0xb0,
    0x0, 0x0, 0x0, 0x0, 0x2f, 0xfb, 0x0, 0x0,
    0x0, 0x0, 0x2, 0xff, 0xb0, 0x0, 0x0, 0x0,
    0x0, 0x2f, 0xfb, 0x0, 0x1, 0x11, 0x0, 0x2,
    0xff, 0xb0, 0x4, 0xff, 0x90, 0x0, 0x2f, 0xfb,
    0x0, 0x4f, 0xfa, 0x0, 0x3, 0xff, 0xb0, 0x2,
    0xff, 0xe1, 0x0, 0x8f, 0xfa, 0x0, 0xd, 0xff,
    0xeb, 0xcf, 0xff, 0x50, 0x0, 0x3f, 0xff, 0xff,
    0xff, 0xb0, 0x0, 0x0, 0x19, 0xef, 0xfc, 0x60,
    0x0, 0x0,

    /* U+004B "K" */
    0x8f, 0xf5, 0x0, 0x0, 0xaf, 0xfe, 0x28, 0xff,
    0x50, 0x0, 0x8f, 0xff, 0x30, 0x8f, 0xf5, 0x0,
    0x5f, 0xff, 0x50, 0x8, 0xff, 0x50, 0x3f, 0xff,
    0x70, 0x0, 0x8f, 0xf5, 0x1e, 0xff, 0x90, 0x0,
    0x8, 0xff, 0x6c, 0xff, 0xb0, 0x0, 0x0, 0x8f,
    0xff, 0xff, 0xd0, 0x0, 0x0, 0x8, 0xff, 0xff,
    0xf4, 0x0, 0x0, 0x0, 0x8f, 0xff, 0xff, 0xe1,
    0x0, 0x0, 0x8, 0xff, 0x6c, 0xff, 0xc0, 0x0,
    0x0, 0x8f, 0xf5, 0x1e, 0xff, 0xb0, 0x0, 0x8,
    0xff, 0x50, 0x2f, 0xff, 0x90, 0x0, 0x8f, 0xf5,
    0x0, 0x4f, 0xff, 0x70, 0x8, 0xff, 0x50, 0x0,
    0x6f, 0xff, 0x50, 0x8f, 0xf5, 0x0, 0x0, 0x9f,
    0xff, 0x40,

    /* U+004C "L" */
    0x8f, 0xf5, 0x0, 0x0, 0x0, 0x8, 0xff, 0x50,
    0x0, 0x0, 0x0, 0x8f, 0xf5, 0x0, 0x0, 0x0,
    0x8, 0xff, 0x50, 0x0, 0x0, 0x0, 0x8f, 0xf5,
    0x0, 0x0, 0x0, 0x8, 0xff, 0x50, 0x0, 0x0,
    0x0, 0x8f, 0xf5, 0x0, 0x0, 0x0, 0x8, 0xff,
    0x50, 0x0, 0x0, 0x0, 0x8f, 0xf5, 0x0, 0x0,
    0x0, 0x8, 0xff, 0x50, 0x0, 0x0, 0x0, 0x8f,
    0xf5, 0x0, 0x0, 0x0, 0x8, 0xff, 0x50, 0x0,
    0x0, 0x0, 0x8f, 0xfb, 0x99, 0x99, 0x99, 0x38,
    0xff, 0xff, 0xff, 0xff, 0xf6, 0x8f, 0xff, 0xff,
    0xff, 0xff, 0x60,

    /* U+004D "M" */
    0x8f, 0xff, 0xff, 0x0, 0x0, 0x8, 0xff, 0xff,
    0xf8, 0xff, 0xff, 0xf2, 0x0, 0x0, 0xbf, 0xff,
    0xff, 0x8f, 0xf9, 0xff, 0x50, 0x0, 0xf, 0xfa,
    0xdf, 0xf8, 0xff, 0x5f, 0xf8, 0x0, 0x2, 0xff,
    0x7d, 0xff, 0x8f, 0xf4, 0xdf, 0xc0, 0x0, 0x5f,
    0xf3, 0xdf, 0xf8, 0xff, 0x4a, 0xff, 0x0, 0x8,
    0xff, 0xd, 0xff, 0x8f, 0xf4, 0x7f, 0xf2, 0x0,
    0xcf, 0xd0, 0xdf, 0xf8, 0xff, 0x43, 0xff, 0x50,
    0xf, 0xfa, 0xd, 0xff, 0x8f, 0xf4, 0xf, 0xf9,
    0x2, 0xff, 0x60, 0xdf, 0xf8, 0xff, 0x40, 0xdf,
    0xc0, 0x5f, 0xf3, 0xd, 0xff, 0x8f, 0xf4, 0xa,
    0xff, 0x9, 0xff, 0x0, 0xdf, 0xf8, 0xff, 0x40,
    0x6f, 0xf2, 0xcf, 0xc0, 0xd, 0xff, 0x8f, 0xf4,
    0x3, 0xff, 0x6f, 0xf9, 0x0, 0xdf, 0xf8, 0xff,
    0x40, 0xf, 0xff, 0xff, 0x60, 0xd, 0xff, 0x8f,
    0xf4, 0x0, 0xcf, 0xff, 0xf3, 0x0, 0xdf, 0xf0,

    /* U+004E "N" */
    0x8f, 0xff, 0xff, 0x10, 0x9, 0xff, 0x48, 0xff,
    0xff, 0xf5, 0x0, 0x9f, 0xf4, 0x8f, 0xf7, 0xff,
    0x80, 0x9, 0xff, 0x48, 0xff, 0x5e, 0xfc, 0x0,
    0x9f, 0xf4, 0x8f, 0xf5, 0xbf, 0xf0, 0x9, 0xff,
    0x48, 0xff, 0x57, 0xff, 0x40, 0x9f, 0xf4, 0x8f,
    0xf5, 0x3f, 0xf7, 0x9, 0xff, 0x48, 0xff, 0x50,
    0xff, 0xb0, 0x9f, 0xf4, 0x8f, 0xf5, 0xc, 0xff,
    0x9, 0xff, 0x48, 0xff, 0x50, 0x8f, 0xf3, 0x9f,
    0xf4, 0x8f, 0xf5, 0x4, 0xff, 0x69, 0xff, 0x48,
    0xff, 0x50, 0x1f, 0xfa, 0x9f, 0xf4, 0x8f, 0xf5,
    0x0, 0xdf, 0xe9, 0xff, 0x48, 0xff, 0x50, 0x9,
    0xff, 0xff, 0xf4, 0x8f, 0xf5, 0x0, 0x5f, 0xff,
    0xff, 0x40,

    /* U+004F "O" */
    0x0, 0x17, 0xcf, 0xfe, 0xc7, 0x0, 0x0, 0x3e,
    0xff, 0xff, 0xff, 0xfd, 0x20, 0x1f, 0xff, 0xfa,
    0x9a, 0xff, 0xfd, 0x8, 0xff, 0xc1, 0x0, 0x2,
    0xef, 0xf6, 0xcf, 0xf3, 0x0, 0x0, 0x5, 0xff,
    0xae, 0xff, 0x0, 0x0, 0x0, 0x2f, 0xfc, 0xef,
    0xf0, 0x0, 0x0, 0x2, 0xff, 0xce, 0xff, 0x0,
    0x0, 0x0, 0x2f, 0xfc, 0xef, 0xf0, 0x0, 0x0,
    0x2, 0xff, 0xce, 0xff, 0x0, 0x0, 0x0, 0x2f,
    0xfc, 0xcf, 0xf3, 0x0, 0x0, 0x5, 0xff, 0xa8,
    0xff, 0xc1, 0x0, 0x2, 0xdf, 0xf6, 0x1f, 0xff,
    0xfa, 0x9a, 0xff, 0xfd, 0x0, 0x3e, 0xff, 0xff,
    0xff, 0xfd, 0x20, 0x0, 0x17, 0xcf, 0xff, 0xc7,
    0x0, 0x0,

    /* U+0050 "P" */
    0x8f, 0xff, 0xff, 0xff, 0xc5, 0x0, 0x8f, 0xff,
    0xff, 0xff, 0xff, 0x80, 0x8f, 0xfb, 0x99, 0x9c,
    0xff, 0xf4, 0x8f, 0xf5, 0x0, 0x0, 0x9f, 0xf9,
    0x8f, 0xf5, 0x0, 0x0, 0x3f, 0xfb, 0x8f, 0xf5,
    0x0, 0x0, 0x4f, 0xfa, 0x8f, 0xf5, 0x0, 0x3,
    0xdf, 0xf7, 0x8f, 0xff, 0xff, 0xff, 0xff, 0xe1,
    0x8f, 0xff, 0xff, 0xff, 0xfd, 0x30, 0x8f, 0xfb,
    0x99, 0x98, 0x50, 0x0, 0x8f, 0xf5, 0x0, 0x0,
    0x0, 0x0, 0x8f, 0xf5, 0x0, 0x0, 0x0, 0x0,
    0x8f, 0xf5, 0x0, 0x0, 0x0, 0x0, 0x8f, 0xf5,
    0x0, 0x0, 0x0, 0x0, 0x8f, 0xf5, 0x0, 0x0,
    0x0, 0x0,

    /* U+0051 "Q" */
    0x0, 0x17, 0xcf, 0xfe, 0xc7, 0x0, 0x0, 0x3e,
    0xff, 0xff, 0xff, 0xfd, 0x20, 0x1f, 0xff, 0xfa,
    0x9a, 0xff, 0xfd, 0x8, 0xff, 0xc1, 0x0, 0x2,
    0xef, 0xf6, 0xcf, 0xf3, 0x0, 0x0, 0x5, 0xff,
    0xae, 0xff, 0x0, 0x0, 0x0, 0x2f, 0xfc, 0xef,
    0xf0, 0x0, 0x0, 0x2, 0xff, 0xce, 0xff, 0x0,
    0x0, 0x0, 0x2f, 0xfc, 0xef, 0xf0, 0x0, 0x0,
    0x2, 0xff, 0xce, 0xff, 0x0, 0x0, 0x0, 0x2f,
    0xfc, 0xcf, 0xf3, 0x0, 0x0, 0x5, 0xff, 0xa8,
    0xff, 0xc1, 0x0, 0x2, 0xdf, 0xf6, 0x1f, 0xff,
    0xfa, 0x9a, 0xff, 0xfd, 0x0, 0x3e, 0xff, 0xff,
    0xff, 0xfd, 0x20, 0x0, 0x17, 0xcf, 0xff, 0xc7,
    0x0, 0x0, 0x0, 0x0, 0xff, 0xd0, 0x0, 0x0,
    0x0, 0x0, 0xf, 0xff, 0x32, 0x0, 0x0, 0x0,
    0x0, 0xbf, 0xff, 0xc0, 0x0, 0x0, 0x0, 0x2,
    0xcf, 0xfc, 0x0, 0x0,

    /* U+0052 "R" */
    0x8f, 0xff, 0xff, 0xff, 0xd9, 0x10, 0x8f, 0xff,
    0xff, 0xff, 0xff, 0xe1, 0x8f, 0xfb, 0x99, 0x9a,
    0xff, 0xfa, 0x8f, 0xf5, 0x0, 0x0, 0x5f, 0xfe,
    0x8f, 0xf5, 0x0, 0x0, 0xf, 0xfe, 0x8f, 0xf5,
    0x0, 0x0, 0x1f, 0xfb, 0x8f, 0xf5, 0x0, 0x1,
    0xaf, 0xf3, 0x8f, 0xff, 0xff, 0xff, 0xfd, 0x30,
    0x8f, 0xff, 0xff, 0xff, 0xff, 0xc1, 0x8f, 0xfb,
    0x99, 0x99, 0xef, 0xf6, 0x8f, 0xf5, 0x0, 0x0,
    0x7f, 0xf8, 0x8f, 0xf5, 0x0, 0x0, 0x6f, 0xf8,
    0x8f, 0xf5, 0x0, 0x0, 0x6f, 0xf8, 0x8f, 0xf5,
    0x0, 0x0, 0x6f, 0xf8, 0x8f, 0xf5, 0x0, 0x0,
    0x6f, 0xf8,

    /* U+0053 "S" */
    0x0, 0x6, 0xce, 0xfe, 0xc7, 0x0, 0x0, 0xc,
    0xff, 0xff, 0xff, 0xfd, 0x10, 0x8, 0xff, 0xf9,
    0x89, 0xef, 0xfb, 0x0, 0xdf, 0xf2, 0x0, 0x1,
    0xef, 0xf1, 0xe, 0xff, 0x0, 0x0, 0xa, 0xff,
    0x30, 0xaf, 0xfa, 0x20, 0x0, 0x35, 0x51, 0x2,
    0xef, 0xff, 0xda, 0x61, 0x0, 0x0, 0x1, 0xaf,
    0xff, 0xff, 0xfa, 0x10, 0x0, 0x0, 0x4, 0x8b,
    0xff, 0xfd, 0x12, 0x99, 0x50, 0x0, 0x1, 0xbf,
    0xf7, 0x3f, 0xfa, 0x0, 0x0, 0x4, 0xff, 0x90,
    0xff, 0xf3, 0x0, 0x0, 0x9f, 0xf8, 0x9, 0xff,
    0xfa, 0x88, 0xcf, 0xff, 0x20, 0xb, 0xff, 0xff,
    0xff, 0xff, 0x50, 0x0, 0x5, 0xbe, 0xff, 0xd9,
    0x20, 0x0,

    /* U+0054 "T" */
    0x7f, 0xff, 0xff, 0xff, 0xff, 0xff, 0x67, 0xff,
    0xff, 0xff, 0xff, 0xff, 0xf6, 0x49, 0x99, 0x9f,
    0xff, 0x99, 0x99, 0x30, 0x0, 0x0, 0xff, 0xe0,
    0x0, 0x0, 0x0, 0x0, 0xf, 0xfe, 0x0, 0x0,
    0x0, 0x0, 0x0, 0xff, 0xe0, 0x0, 0x0, 0x0,
    0x0, 0xf, 0xfe, 0x0, 0x0, 0x0, 0x0, 0x0,
    0xff, 0xe0, 0x0, 0x0, 0x0, 0x0, 0xf, 0xfe,
    0x0, 0x0, 0x0, 0x0, 0x0, 0xff, 0xe0, 0x0,
    0x0, 0x0, 0x0, 0xf, 0xfe, 0x0, 0x0, 0x0,
    0x0, 0x0, 0xff, 0xe0, 0x0, 0x0, 0x0, 0x0,
    0xf, 0xfe, 0x0, 0x0, 0x0, 0x0, 0x0, 0xff,
    0xe0, 0x0, 0x0, 0x0, 0x0, 0xf, 0xfe, 0x0,
    0x0, 0x0,

    /* U+0055 "U" */
    0xaf, 0xf4, 0x0, 0x0, 0x7, 0xff, 0x6a, 0xff,
    0x40, 0x0, 0x0, 0x7f, 0xf6, 0xaf, 0xf4, 0x0,
    0x0, 0x7, 0xff, 0x6a, 0xff, 0x40, 0x0, 0x0,
    0x7f, 0xf6, 0xaf, 0xf4, 0x0, 0x0, 0x7, 0xff,
    0x6a, 0xff, 0x40, 0x0, 0x0, 0x7f, 0xf6, 0xaf,
    0xf4, 0x0, 0x0, 0x7, 0xff, 0x6a, 0xff, 0x40,
    0x0, 0x0, 0x7f, 0xf6, 0xaf, 0xf4, 0x0, 0x0,
    0x7, 0xff, 0x6a, 0xff, 0x40, 0x0, 0x0, 0x7f,
    0xf6, 0x9f, 0xf6, 0x0, 0x0, 0xa, 0xff, 0x55,
    0xff, 0xd1, 0x0, 0x3, 0xff, 0xf1, 0xd, 0xff,
    0xfa, 0x9b, 0xff, 0xfa, 0x0, 0x2e, 0xff, 0xff,
    0xff, 0xfc, 0x0, 0x0, 0x7, 0xcf, 0xfe, 0xb6,
    0x0, 0x0,

    /* U+0056 "V" */
    0x7f, 0xf8, 0x0, 0x0, 0x0, 0xef, 0xf1, 0x3f,
    0xfc, 0x0, 0x0, 0x2, 0xff, 0xd0, 0xf, 0xff,
    0x0, 0x0, 0x6, 0xff, 0x80, 0xb, 0xff, 0x40,
    0x0, 0xa, 0xff, 0x40, 0x6, 0xff, 0x80, 0x0,
    0xe, 0xff, 0x0, 0x2, 0xff, 0xc0, 0x0, 0x2f,
    0xfc, 0x0, 0x0, 0xef, 0xf0, 0x0, 0x6f, 0xf8,
    0x0, 0x0, 0xaf, 0xf3, 0x0, 0xaf, 0xf3, 0x0,
    0x0, 0x6f, 0xf7, 0x0, 0xef, 0xf0, 0x0, 0x0,
    0x2f, 0xfb, 0x2, 0xff, 0xb0, 0x0, 0x0, 0xd,
    0xff, 0x6, 0xff, 0x70, 0x0, 0x0, 0x9, 0xff,
    0x3a, 0xff, 0x30, 0x0, 0x0, 0x5, 0xff, 0x7e,
    0xfe, 0x0, 0x0, 0x0, 0x1, 0xff, 0xff, 0xfa,
    0x0, 0x0, 0x0, 0x0, 0xdf, 0xff, 0xf6, 0x0,
    0x0,

    /* U+0057 "W" */
    0x4f, 0xf9, 0x0, 0xb, 0xff, 0xff, 0x70, 0x0,
    0xdf, 0xf0, 0x2f, 0xfb, 0x0, 0xd, 0xfe, 0xff,
    0x90, 0x0, 0xff, 0xe0, 0xf, 0xfd, 0x0, 0xf,
    0xf9, 0xcf, 0xc0, 0x1, 0xff, 0xc0, 0xd, 0xff,
    0x0, 0x2f, 0xf6, 0xaf, 0xe0, 0x3, 0xff, 0xa0,
    0xb, 0xff, 0x10, 0x4f, 0xf4, 0x8f, 0xf0, 0x4,
    0xff, 0x70, 0x9, 0xff, 0x20, 0x7f, 0xf1, 0x5f,
    0xf3, 0x6, 0xff, 0x50, 0x7, 0xff, 0x40, 0x9f,
    0xf0, 0x3f, 0xf5, 0x8, 0xff, 0x30, 0x5, 0xff,
    0x60, 0xbf, 0xd0, 0xf, 0xf8, 0xa, 0xff, 0x10,
    0x3, 0xff, 0x80, 0xef, 0xa0, 0xe, 0xfa, 0xc,
    0xff, 0x0, 0x1, 0xff, 0xa0, 0xff, 0x80, 0xc,
    0xfc, 0xe, 0xfd, 0x0, 0x0, 0xef, 0xb3, 0xff,
    0x50, 0x9, 0xff, 0xf, 0xfa, 0x0, 0x0, 0xcf,
    0xd5, 0xff, 0x30, 0x7, 0xff, 0x3f, 0xf8, 0x0,
    0x0, 0xaf, 0xf7, 0xff, 0x10, 0x4, 0xff, 0x7f,
    0xf6, 0x0, 0x0, 0x8f, 0xff, 0xfe, 0x0, 0x2,
    0xff, 0xff, 0xf4, 0x0, 0x0, 0x6f, 0xff, 0xfc,
    0x0, 0x0, 0xff, 0xff, 0xf2, 0x0,

    /* U+0058 "X" */
    0x2f, 0xff, 0x20, 0x0, 0x0, 0xef, 0xf5, 0x8,
    0xff, 0xb0, 0x0, 0x9, 0xff, 0xb0, 0x0, 0xdf,
    0xf5, 0x0, 0x3f, 0xff, 0x10, 0x0, 0x4f, 0xfe,
    0x10, 0xcf, 0xf6, 0x0, 0x0, 0x9, 0xff, 0x96,
    0xff, 0xc0, 0x0, 0x0, 0x1, 0xef, 0xff, 0xff,
    0x20, 0x0, 0x0, 0x0, 0x5f, 0xff, 0xf8, 0x0,
    0x0, 0x0, 0x0, 0x4f, 0xff, 0xf6, 0x0, 0x0,
    0x0, 0x0, 0xdf, 0xff, 0xfe, 0x10, 0x0, 0x0,
    0x6, 0xff, 0xa8, 0xff, 0x90, 0x0, 0x0, 0xe,
    0xff, 0x20, 0xef, 0xf2, 0x0, 0x0, 0x8f, 0xf9,
    0x0, 0x7f, 0xfb, 0x0, 0x2, 0xff, 0xf1, 0x0,
    0xe, 0xff, 0x40, 0xa, 0xff, 0x90, 0x0, 0x6,
    0xff, 0xd0, 0x3f, 0xff, 0x10, 0x0, 0x0, 0xdf,
    0xf6,

    /* U+0059 "Y" */
    0x8f, 0xfa, 0x0, 0x0, 0x0, 0xef, 0xf4, 0x1f,
    0xff, 0x20, 0x0, 0x7, 0xff, 0xb0, 0x7, 0xff,
    0xb0, 0x0, 0xe, 0xff, 0x30, 0x0, 0xef, 0xf3,
    0x0, 0x7f, 0xfa, 0x0, 0x0, 0x6f, 0xfb, 0x0,
    0xef, 0xf2, 0x0, 0x0, 0xd, 0xff, 0x37, 0xff,
    0x90, 0x0, 0x0, 0x5, 0xff, 0xdf, 0xff, 0x10,
    0x0, 0x0, 0x0, 0xdf, 0xff, 0xf8, 0x0, 0x0,
    0x0, 0x0, 0x4f, 0xff, 0xf1, 0x0, 0x0, 0x0,
    0x0, 0xc, 0xff, 0x70, 0x0, 0x0, 0x0, 0x0,
    0x9, 0xff, 0x50, 0x0, 0x0, 0x0, 0x0, 0x9,
    0xff, 0x50, 0x0, 0x0, 0x0, 0x0, 0x9, 0xff,
    0x50, 0x0, 0x0, 0x0, 0x0, 0x9, 0xff, 0x50,
    0x0, 0x0, 0x0, 0x0, 0x9, 0xff, 0x50, 0x0,
    0x0,

    /* U+005A "Z" */
    0xcf, 0xff, 0xff, 0xff, 0xff, 0xac, 0xff, 0xff,
    0xff, 0xff, 0xfa, 0x68, 0x88, 0x88, 0x8b, 0xff,
    0xa0, 0x0, 0x0, 0x1, 0xdf, 0xf9, 0x0, 0x0,
    0x0, 0xcf, 0xfc, 0x0, 0x0, 0x0, 0xbf, 0xfd,
    0x10, 0x0, 0x0, 0x9f, 0xfe, 0x20, 0x0, 0x0,
    0x8f, 0xff, 0x30, 0x0, 0x0, 0x6f, 0xff, 0x40,
    0x0, 0x0, 0x4f, 0xff, 0x60, 0x0, 0x0, 0x3f,
    0xff, 0x70, 0x0, 0x0, 0xe, 0xff, 0x90, 0x0,
    0x0, 0x0, 0xff, 0xf9, 0x88, 0x88, 0x88, 0x6f,
    0xff, 0xff, 0xff, 0xff, 0xfb, 0xff, 0xff, 0xff,
    0xff, 0xff, 0xb0,

    /* U+005B "[" */
    0x0, 0x45, 0x55, 0x21, 0xef, 0xff, 0xf8, 0x6f,
    0xff, 0xff, 0x87, 0xff, 0x40, 0x0, 0x7f, 0xf3,
    0x0, 0x7, 0xff, 0x30, 0x0, 0x7f, 0xf3, 0x0,
    0x7, 0xff, 0x30, 0x0, 0x7f, 0xf3, 0x0, 0x7,
    0xff, 0x30, 0x0, 0x7f, 0xf3, 0x0, 0x7, 0xff,
    0x30, 0x0, 0x7f, 0xf3, 0x0, 0x7, 0xff, 0x30,
    0x0, 0x7f, 0xf3, 0x0, 0x7, 0xff, 0x30, 0x0,
    0x7f, 0xf3, 0x0, 0x7, 0xff, 0x30, 0x0, 0x7f,
    0xf3, 0x0, 0x7, 0xff, 0x85, 0x52, 0x5f, 0xff,
    0xff, 0x80, 0x9f, 0xff, 0xf8,

    /* U+005C "\\" */
    0x3f, 0xf9, 0x0, 0x0, 0x0, 0xd, 0xfe, 0x0,
    0x0, 0x0, 0x8, 0xff, 0x40, 0x0, 0x0, 0x2,
    0xff, 0x90, 0x0, 0x0, 0x0, 0xdf, 0xe0, 0x0,
    0x0, 0x0, 0x7f, 0xf4, 0x0, 0x0, 0x0, 0x2f,
    0xfa, 0x0, 0x0, 0x0, 0xc, 0xff, 0x0, 0x0,
    0x0, 0x7, 0xff, 0x50, 0x0, 0x0, 0x2, 0xff,
    0xa0, 0x0, 0x0, 0x0, 0xcf, 0xf0, 0x0, 0x0,
    0x0, 0x7f, 0xf5, 0x0, 0x0, 0x0, 0x1f, 0xfa,
    0x0, 0x0, 0x0, 0xc, 0xff, 0x0, 0x0, 0x0,
    0x6, 0xff, 0x50, 0x0, 0x0, 0x1, 0xff, 0xb0,
    0x0, 0x0, 0x0, 0xbf, 0xf1, 0x0, 0x0, 0x0,
    0x6f, 0xf6, 0x0, 0x0, 0x0, 0x1f, 0xfb,

    /* U+005D "]" */
    0x35, 0x55, 0x40, 0xa, 0xff, 0xff, 0xd0, 0xaf,
    0xff, 0xff, 0x40, 0x0, 0x6f, 0xf5, 0x0, 0x5,
    0xff, 0x50, 0x0, 0x5f, 0xf5, 0x0, 0x5, 0xff,
    0x50, 0x0, 0x5f, 0xf5, 0x0, 0x5, 0xff, 0x50,
    0x0, 0x5f, 0xf5, 0x0, 0x5, 0xff, 0x50, 0x0,
    0x5f, 0xf5, 0x0, 0x5, 0xff, 0x50, 0x0, 0x5f,
    0xf5, 0x0, 0x5, 0xff, 0x50, 0x0, 0x5f, 0xf5,
    0x0, 0x5, 0xff, 0x50, 0x0, 0x5f, 0xf5, 0x0,
    0x5, 0xff, 0x53, 0x55, 0xaf, 0xf5, 0xaf, 0xff,
    0xff, 0x3a, 0xff, 0xff, 0x80,

    /* U+005E "^" */
    0x0, 0x5, 0xbb, 0xbb, 0x10, 0x0, 0x0, 0xe,
    0xff, 0xff, 0x90, 0x0, 0x0, 0x7f, 0xf6, 0xbf,
    0xf2, 0x0, 0x1, 0xff, 0xd0, 0x3f, 0xfb, 0x0,
    0x9, 0xff, 0x60, 0xb, 0xff, 0x40, 0x3f, 0xfd,
    0x0, 0x3, 0xff, 0xd0,

    /* U+005F "_" */
    0x47, 0x77, 0x77, 0x77, 0x77, 0x71, 0x9f, 0xff,
    0xff, 0xff, 0xff, 0xf3, 0x9f, 0xff, 0xff, 0xff,
    0xff, 0xf3,

    /* U+0060 "`" */
    0x3, 0x33, 0x0, 0x9, 0xff, 0x50, 0x0, 0xdf,
    0xd0, 0x0, 0x2f, 0xf5,

    /* U+0061 "a" */
    0x0, 0x8, 0xdf, 0xfd, 0x81, 0x0, 0x0, 0x1d,
    0xff, 0xff, 0xff, 0xd0, 0x0, 0x8, 0xff, 0x93,
    0x39, 0xff, 0x70, 0x0, 0x2, 0x50, 0x0, 0xf,
    0xfb, 0x0, 0x0, 0x6c, 0xff, 0xff, 0xff, 0xb0,
    0x0, 0x8f, 0xff, 0xff, 0xff, 0xfb, 0x0, 0xf,
    0xfe, 0x20, 0x0, 0xff, 0xb0, 0x2, 0xff, 0xa0,
    0x0, 0x4f, 0xfb, 0x0, 0xf, 0xff, 0x53, 0x6e,
    0xff, 0xd4, 0x0, 0x8f, 0xff, 0xff, 0xfa, 0xff,
    0xf3, 0x0, 0x6c, 0xff, 0xc3, 0x1c, 0xff, 0x30,

    /* U+0062 "b" */
    0x7f, 0xf5, 0x0, 0x0, 0x0, 0x0, 0x7, 0xff,
    0x50, 0x0, 0x0, 0x0, 0x0, 0x7f, 0xf5, 0x0,
    0x0, 0x0, 0x0, 0x7, 0xff, 0x50, 0x0, 0x0,
    0x0, 0x0, 0x7f, 0xf5, 0x8d, 0xff, 0xc6, 0x0,
    0x7, 0xff, 0xff, 0xff, 0xff, 0xfa, 0x0, 0x7f,
    0xff, 0xd7, 0x69, 0xff, 0xf5, 0x7, 0xff, 0xd0,
    0x0, 0x5, 0xff, 0xc0, 0x7f, 0xf6, 0x0, 0x0,
    0xd, 0xff, 0x7, 0xff, 0x40, 0x0, 0x0, 0xcf,
    0xf0, 0x7f, 0xf6, 0x0, 0x0, 0xd, 0xff, 0x7,
    0xff, 0xc0, 0x0, 0x5, 0xff, 0xc0, 0x7f, 0xff,
    0xd7, 0x69, 0xff, 0xf5, 0x7, 0xff, 0x7f, 0xff,
    0xff, 0xfa, 0x0, 0x7f, 0xf4, 0x3c, 0xff, 0xc6,
    0x0, 0x0,

    /* U+0063 "c" */
    0x0, 0x3a, 0xef, 0xfc, 0x60, 0x0, 0x6, 0xff,
    0xff, 0xff, 0xfb, 0x0, 0x3f, 0xff, 0xa7, 0x8e,
    0xff, 0x70, 0xbf, 0xf6, 0x0, 0x1, 0xff, 0xe0,
    0xef, 0xe0, 0x0, 0x0, 0x66, 0x20, 0xff, 0xc0,
    0x0, 0x0, 0x0, 0x0, 0xef, 0xe0, 0x0, 0x0,
    0x56, 0x20, 0xbf, 0xf6, 0x0, 0x1, 0xef, 0xf0,
    0x3f, 0xff, 0xa6, 0x7e, 0xff, 0x80, 0x6, 0xff,
    0xff, 0xff, 0xfb, 0x0, 0x0, 0x3a, 0xef, 0xfc,
    0x60, 0x0,

    /* U+0064 "d" */
    0x0, 0x0, 0x0, 0x0, 0x4f, 0xf8, 0x0, 0x0,
    0x0, 0x0, 0x4f, 0xf8, 0x0, 0x0, 0x0, 0x0,
    0x4f, 0xf8, 0x0, 0x0, 0x0, 0x0, 0x4f, 0xf8,
    0x0, 0x5c, 0xff, 0xd8, 0x5f, 0xf8, 0x9, 0xff,
    0xff, 0xff, 0xff, 0xf8, 0x5f, 0xff, 0xa6, 0x7d,
    0xff, 0xf8, 0xbf, 0xf5, 0x0, 0x0, 0xcf, 0xf8,
    0xef, 0xe0, 0x0, 0x0, 0x5f, 0xf8, 0xff, 0xc0,
    0x0, 0x0, 0x3f, 0xf8, 0xef, 0xe0, 0x0, 0x0,
    0x5f, 0xf8, 0xbf, 0xf5, 0x0, 0x0, 0xcf, 0xf8,
    0x5f, 0xff, 0xa6, 0x7d, 0xff, 0xf8, 0x9, 0xff,
    0xff, 0xff, 0x7f, 0xf8, 0x0, 0x5c, 0xff, 0xc3,
    0x3f, 0xf8,

    /* U+0065 "e" */
    0x0, 0x4b, 0xef, 0xea, 0x30, 0x0, 0x7f, 0xff,
    0xff, 0xff, 0x50, 0x4f, 0xfe, 0x76, 0x8e, 0xff,
    0x2b, 0xff, 0x10, 0x0, 0x3f, 0xf8, 0xef, 0xff,
    0xff, 0xff, 0xff, 0xbf, 0xff, 0xff, 0xff, 0xff,
    0xfc, 0xef, 0xe0, 0x0, 0x0, 0x0, 0xb, 0xff,
    0x50, 0x0, 0x3d, 0x50, 0x4f, 0xff, 0x96, 0x7e,
    0xff, 0x20, 0x7f, 0xff, 0xff, 0xff, 0x60, 0x0,
    0x3a, 0xef, 0xeb, 0x30, 0x0,

    /* U+0066 "f" */
    0x0, 0x1, 0xbf, 0xff, 0xa0, 0x0, 0x8f, 0xff,
    0xfa, 0x0, 0xa, 0xff, 0x63, 0x20, 0x0, 0xaf,
    0xf1, 0x0, 0x6f, 0xff, 0xff, 0xff, 0xf6, 0xff,
    0xff, 0xff, 0xff, 0x14, 0x4b, 0xff, 0x54, 0x30,
    0x0, 0xaf, 0xf1, 0x0, 0x0, 0xa, 0xff, 0x10,
    0x0, 0x0, 0xaf, 0xf1, 0x0, 0x0, 0xa, 0xff,
    0x10, 0x0, 0x0, 0xaf, 0xf1, 0x0, 0x0, 0xa,
    0xff, 0x10, 0x0, 0x0, 0xaf, 0xf1, 0x0, 0x0,
    0xa, 0xff, 0x10, 0x0,

    /* U+0067 "g" */
    0x0, 0x5c, 0xff, 0xd8, 0x4f, 0xf8, 0x9, 0xff,
    0xff, 0xff, 0xff, 0xf8, 0x4f, 0xff, 0xa6, 0x7d,
    0xff, 0xf8, 0xbf, 0xf6, 0x0, 0x0, 0xcf, 0xf8,
    0xef, 0xe0, 0x0, 0x0, 0x5f, 0xf8, 0xff, 0xc0,
    0x0, 0x0, 0x3f, 0xf8, 0xef, 0xe0, 0x0, 0x0,
    0x5f, 0xf8, 0xbf, 0xf6, 0x0, 0x0, 0xcf, 0xf8,
    0x4f, 0xff, 0xa6, 0x7d, 0xff, 0xf8, 0x8, 0xff,
    0xff, 0xfe, 0x5f, 0xf8, 0x0, 0x5c, 0xff, 0xb2,
    0x4f, 0xf8, 0x0, 0x0, 0x0, 0x0, 0x4f, 0xf8,
    0x1, 0x66, 0x66, 0x66, 0xaf, 0xf7, 0x3, 0xff,
    0xff, 0xff, 0xff, 0xf5, 0x3, 0xff, 0xff, 0xff,
    0xff, 0x90,

    /* U+0068 "h" */
    0x7f, 0xf5, 0x0, 0x0, 0x0, 0x0, 0x7f, 0xf5,
    0x0, 0x0, 0x0, 0x0, 0x7f, 0xf5, 0x0, 0x0,
    0x0, 0x0, 0x7f, 0xf5, 0x0, 0x0, 0x0, 0x0,
    0x7f, 0xf5, 0x5d, 0xff, 0xb2, 0x0, 0x7f, 0xfb,
    0xff, 0xff, 0xff, 0x20, 0x7f, 0xff, 0xb5, 0x5b,
    0xff, 0xb0, 0x7f, 0xfc, 0x0, 0x0, 0xef, 0xf0,
    0x7f, 0xf6, 0x0, 0x0, 0xbf, 0xf1, 0x7f, 0xf5,
    0x0, 0x0, 0xaf, 0xf1, 0x7f, 0xf5, 0x0, 0x0,
    0xaf, 0xf1, 0x7f, 0xf5, 0x0, 0x0, 0xaf, 0xf1,
    0x7f, 0xf5, 0x0, 0x0, 0xaf, 0xf1, 0x7f, 0xf5,
    0x0, 0x0, 0xaf, 0xf1, 0x7f, 0xf5, 0x0, 0x0,
    0xaf, 0xf1,

    /* U+0069 "i" */
    0x5e, 0xe3, 0xdf, 0xfa, 0xaf, 0xf8, 0x6, 0x50,
    0x7f, 0xf5, 0x7f, 0xf5, 0x7f, 0xf5, 0x7f, 0xf5,
    0x7f, 0xf5, 0x7f, 0xf5, 0x7f, 0xf5, 0x7f, 0xf5,
    0x7f, 0xf5, 0x7f, 0xf5, 0x7f, 0xf5,

    /* U+006A "j" */
    0x0, 0x4e, 0xe4, 0x0, 0xcf, 0xfb, 0x0, 0x9f,
    0xf8, 0x0, 0x5, 0x50, 0x0, 0x6f, 0xf5, 0x0,
    0x6f, 0xf5, 0x0, 0x6f, 0xf5, 0x0, 0x6f, 0xf5,
    0x0, 0x6f, 0xf5, 0x0, 0x6f, 0xf5, 0x0, 0x6f,
    0xf5, 0x0, 0x6f, 0xf5, 0x0, 0x6f, 0xf5, 0x0,
    0x6f, 0xf5, 0x0, 0x6f, 0xf5, 0x0, 0x6f, 0xf5,
    0x25, 0xaf, 0xf5, 0x7f, 0xff, 0xf3, 0x7f, 0xfe,
    0x70,

    /* U+006B "k" */
    0x7f, 0xf5, 0x0, 0x0, 0x0, 0x0, 0x7f, 0xf5,
    0x0, 0x0, 0x0, 0x0, 0x7f, 0xf5, 0x0, 0x0,
    0x0, 0x0, 0x7f, 0xf5, 0x0, 0x0, 0x0, 0x0,
    0x7f, 0xf5, 0x0, 0x3f, 0xff, 0x70, 0x7f, 0xf5,
    0x2, 0xef, 0xf7, 0x0, 0x7f, 0xf5, 0x1d, 0xff,
    0x80, 0x0, 0x7f, 0xf5, 0xcf, 0xf8, 0x0, 0x0,
    0x7f, 0xff, 0xff, 0x90, 0x0, 0x0, 0x7f, 0xff,
    0xff, 0x30, 0x0, 0x0, 0x7f, 0xfb, 0xff, 0xe2,
    0x0, 0x0, 0x7f, 0xf5, 0x7f, 0xfd, 0x10, 0x0,
    0x7f, 0xf5, 0x9, 0xff, 0xc0, 0x0, 0x7f, 0xf5,
    0x0, 0xbf, 0xfb, 0x0, 0x7f, 0xf5, 0x0, 0x1d,
    0xff, 0xa0,

    /* U+006C "l" */
    0x7f, 0xf5, 0x7f, 0xf5, 0x7f, 0xf5, 0x7f, 0xf5,
    0x7f, 0xf5, 0x7f, 0xf5, 0x7f, 0xf5, 0x7f, 0xf5,
    0x7f, 0xf5, 0x7f, 0xf5, 0x7f, 0xf5, 0x7f, 0xf5,
    0x7f, 0xf5, 0x7f, 0xf5, 0x7f, 0xf5,

    /* U+006D "m" */
    0x7f, 0xf4, 0x7e, 0xfd, 0x40, 0x4d, 0xfe, 0x80,
    0x7, 0xff, 0xcf, 0xff, 0xff, 0x7f, 0xff, 0xff,
    0xa0, 0x7f, 0xfe, 0x42, 0x8f, 0xff, 0x92, 0x3e,
    0xff, 0x27, 0xff, 0x70, 0x0, 0xff, 0xf0, 0x0,
    0x7f, 0xf5, 0x7f, 0xf5, 0x0, 0xf, 0xfd, 0x0,
    0x7, 0xff, 0x57, 0xff, 0x50, 0x0, 0xff, 0xd0,
    0x0, 0x7f, 0xf5, 0x7f, 0xf5, 0x0, 0xf, 0xfd,
    0x0, 0x7, 0xff, 0x57, 0xff, 0x50, 0x0, 0xff,
    0xd0, 0x0, 0x7f, 0xf5, 0x7f, 0xf5, 0x0, 0xf,
    0xfd, 0x0, 0x7, 0xff, 0x57, 0xff, 0x50, 0x0,
    0xff, 0xd0, 0x0, 0x7f, 0xf5, 0x7f, 0xf5, 0x0,
    0xf, 0xfd, 0x0, 0x7, 0xff, 0x50,

    /* U+006E "n" */
    0x7f, 0xf4, 0x6d, 0xff, 0xb2, 0x0, 0x7f, 0xfc,
    0xff, 0xff, 0xff, 0x20, 0x7f, 0xff, 0x93, 0x39,
    0xff, 0xb0, 0x7f, 0xfb, 0x0, 0x0, 0xdf, 0xf0,
    0x7f, 0xf6, 0x0, 0x0, 0xaf, 0xf1, 0x7f, 0xf5,
    0x0, 0x0, 0xaf, 0xf1, 0x7f, 0xf5, 0x0, 0x0,
    0xaf, 0xf1, 0x7f, 0xf5, 0x0, 0x0, 0xaf, 0xf1,
    0x7f, 0xf5, 0x0, 0x0, 0xaf, 0xf1, 0x7f, 0xf5,
    0x0, 0x0, 0xaf, 0xf1, 0x7f, 0xf5, 0x0, 0x0,
    0xaf, 0xf1,

    /* U+006F "o" */
    0x0, 0x3a, 0xef, 0xfc, 0x60, 0x0, 0x6, 0xff,
    0xff, 0xff, 0xfc, 0x10, 0x3f, 0xff, 0xa7, 0x8e,
    0xff, 0xb0, 0xbf, 0xf6, 0x0, 0x1, 0xdf, 0xf2,
    0xef, 0xe0, 0x0, 0x0, 0x6f, 0xf6, 0xff, 0xc0,
    0x0, 0x0, 0x5f, 0xf7, 0xef, 0xe0, 0x0, 0x0,
    0x6f, 0xf6, 0xbf, 0xf5, 0x0, 0x1, 0xdf, 0xf2,
    0x3f, 0xff, 0xa6, 0x8e, 0xff, 0xb0, 0x6, 0xff,
    0xff, 0xff, 0xfc, 0x10, 0x0, 0x3a, 0xef, 0xfc,
    0x60, 0x0,

    /* U+0070 "p" */
    0x7f, 0xf5, 0x8d, 0xff, 0xc6, 0x0, 0x7, 0xff,
    0xff, 0xff, 0xff, 0xfa, 0x0, 0x7f, 0xff, 0xd7,
    0x69, 0xff, 0xf5, 0x7, 0xff, 0xd0, 0x0, 0x5,
    0xff, 0xc0, 0x7f, 0xf6, 0x0, 0x0, 0xd, 0xff,
    0x7, 0xff, 0x40, 0x0, 0x0, 0xcf, 0xf0, 0x7f,
    0xf6, 0x0, 0x0, 0xd, 0xff, 0x7, 0xff, 0xc0,
    0x0, 0x5, 0xff, 0xc0, 0x7f, 0xff, 0xd7, 0x69,
    0xff, 0xf5, 0x7, 0xff, 0x7f, 0xff, 0xff, 0xfa,
    0x0, 0x7f, 0xf5, 0x3b, 0xff, 0xc6, 0x0, 0x7,
    0xff, 0x50, 0x0, 0x0, 0x0, 0x0, 0x7f, 0xf5,
    0x0, 0x0, 0x0, 0x0, 0x7, 0xff, 0x50, 0x0,
    0x0, 0x0, 0x0, 0x7f, 0xf5, 0x0, 0x0, 0x0,
    0x0, 0x0,

    /* U+0071 "q" */
    0x0, 0x5c, 0xff, 0xe8, 0x4f, 0xf8, 0x9, 0xff,
    0xff, 0xff, 0xff, 0xf8, 0x5f, 0xff, 0xa6, 0x7d,
    0xff, 0xf8, 0xbf, 0xf5, 0x0, 0x0, 0xcf, 0xf8,
    0xef, 0xe0, 0x0, 0x0, 0x5f, 0xf8, 0xff, 0xc0,
    0x0, 0x0, 0x3f, 0xf8, 0xef, 0xe0, 0x0, 0x0,
    0x5f, 0xf8, 0xbf, 0xf5, 0x0, 0x0, 0xcf, 0xf8,
    0x5f, 0xff, 0xa6, 0x7d, 0xff, 0xf8, 0x9, 0xff,
    0xff, 0xff, 0x7f, 0xf8, 0x0, 0x5c, 0xff, 0xb3,
    0x4f, 0xf8, 0x0, 0x0, 0x0, 0x0, 0x4f, 0xf8,
    0x0, 0x0, 0x0, 0x0, 0x4f, 0xf8, 0x0, 0x0,
    0x0, 0x0, 0x4f, 0xf8, 0x0, 0x0, 0x0, 0x0,
    0x4f, 0xf8,

    /* U+0072 "r" */
    0x7f, 0xf4, 0xaf, 0xf1, 0x7f, 0xfe, 0xff, 0xf1,
    0x7f, 0xff, 0xa6, 0x60, 0x7f, 0xf9, 0x0, 0x0,
    0x7f, 0xf5, 0x0, 0x0, 0x7f, 0xf5, 0x0, 0x0,
    0x7f, 0xf5, 0x0, 0x0, 0x7f, 0xf5, 0x0, 0x0,
    0x7f, 0xf5, 0x0, 0x0, 0x7f, 0xf5, 0x0, 0x0,
    0x7f, 0xf5, 0x0, 0x0,

    /* U+0073 "s" */
    0x0, 0x2a, 0xef, 0xeb, 0x40, 0x0, 0x3f, 0xff,
    0xff, 0xff, 0x70, 0x9, 0xff, 0x62, 0x4e, 0xff,
    0x10, 0xaf, 0xf2, 0x0, 0x35, 0x10, 0x5, 0xff,
    0xfc, 0x96, 0x10, 0x0, 0x5, 0xef, 0xff, 0xff,
    0x90, 0x0, 0x0, 0x37, 0xae, 0xff, 0x60, 0x9d,
    0xa0, 0x0, 0x2f, 0xfa, 0xc, 0xff, 0x83, 0x38,
    0xff, 0x80, 0x3e, 0xff, 0xff, 0xff, 0xe1, 0x0,
    0x18, 0xdf, 0xfd, 0x91, 0x0,

    /* U+0074 "t" */
    0x0, 0xb, 0xff, 0x10, 0x0, 0x0, 0xb, 0xff,
    0x10, 0x0, 0x0, 0xb, 0xff, 0x10, 0x0, 0x6f,
    0xff, 0xff, 0xff, 0xf1, 0x6f, 0xff, 0xff, 0xff,
    0xf1, 0x14, 0x4c, 0xff, 0x44, 0x40, 0x0, 0xb,
    0xff, 0x10, 0x0, 0x0, 0xb, 0xff, 0x10, 0x0,
    0x0, 0xb, 0xff, 0x10, 0x0, 0x0, 0xb, 0xff,
    0x10, 0x0, 0x0, 0xb, 0xff, 0x10, 0x0, 0x0,
    0xb, 0xff, 0x64, 0x30, 0x0, 0x8, 0xff, 0xff,
    0xc0, 0x0, 0x0, 0xaf, 0xff, 0xc0,

    /* U+0075 "u" */
    0x8f, 0xf3, 0x0, 0x0, 0xcf, 0xf0, 0x8f, 0xf3,
    0x0, 0x0, 0xcf, 0xf0, 0x8f, 0xf3, 0x0, 0x0,
    0xcf, 0xf0, 0x8f, 0xf3, 0x0, 0x0, 0xcf, 0xf0,
    0x8f, 0xf3, 0x0, 0x0, 0xcf, 0xf0, 0x8f, 0xf3,
    0x0, 0x0, 0xcf, 0xf0, 0x8f, 0xf3, 0x0, 0x0,
    0xdf, 0xf0, 0x7f, 0xf7, 0x0, 0x4, 0xff, 0xf0,
    0x2f, 0xff, 0x74, 0x7e, 0xff, 0xf0, 0x8, 0xff,
    0xff, 0xfd, 0xdf, 0xf0, 0x0, 0x6d, 0xff, 0xa1,
    0xbf, 0xf0,

    /* U+0076 "v" */
    0x7f, 0xf7, 0x0, 0x0, 0x6f, 0xf8, 0x2f, 0xfb,
    0x0, 0x0, 0xaf, 0xf3, 0xd, 0xff, 0x0, 0x0,
    0xff, 0xe0, 0x8, 0xff, 0x40, 0x3, 0xff, 0x90,
    0x3, 0xff, 0x90, 0x8, 0xff, 0x40, 0x0, 0xef,
    0xd0, 0xc, 0xff, 0x0, 0x0, 0x9f, 0xf1, 0x1f,
    0xfa, 0x0, 0x0, 0x4f, 0xf6, 0x5f, 0xf5, 0x0,
    0x0, 0xf, 0xfa, 0xaf, 0xf0, 0x0, 0x0, 0xa,
    0xff, 0xff, 0xb0, 0x0, 0x0, 0x5, 0xff, 0xff,
    0x60, 0x0,

    /* U+0077 "w" */
    0xf, 0xfa, 0x0, 0xaf, 0xff, 0xe0, 0x6, 0xff,
    0x40, 0xef, 0xc0, 0xd, 0xfe, 0xff, 0x10, 0x8f,
    0xf2, 0xc, 0xfe, 0x0, 0xff, 0x6f, 0xf3, 0xa,
    0xff, 0x0, 0xaf, 0xf0, 0x2f, 0xf2, 0xef, 0x60,
    0xbf, 0xe0, 0x7, 0xff, 0x14, 0xff, 0xc, 0xf8,
    0xd, 0xfb, 0x0, 0x5f, 0xf3, 0x6f, 0xd0, 0x9f,
    0xa0, 0xff, 0x90, 0x3, 0xff, 0x49, 0xfb, 0x7,
    0xfd, 0x1f, 0xf7, 0x0, 0x1f, 0xf6, 0xbf, 0x80,
    0x4f, 0xf2, 0xff, 0x50, 0x0, 0xef, 0x8e, 0xf6,
    0x2, 0xff, 0x6f, 0xf2, 0x0, 0xc, 0xfe, 0xff,
    0x30, 0xf, 0xfe, 0xff, 0x0, 0x0, 0xaf, 0xff,
    0xf1, 0x0, 0xdf, 0xff, 0xe0, 0x0,

    /* U+0078 "x" */
    0x1f, 0xff, 0x20, 0x0, 0x2f, 0xff, 0x20, 0x5f,
    0xfc, 0x0, 0xb, 0xff, 0x60, 0x0, 0xaf, 0xf6,
    0x5, 0xff, 0xb0, 0x0, 0x1, 0xef, 0xe2, 0xef,
    0xe1, 0x0, 0x0, 0x5, 0xff, 0xff, 0xf5, 0x0,
    0x0, 0x0, 0xb, 0xff, 0xfb, 0x0, 0x0, 0x0,
    0x1, 0xef, 0xff, 0xe1, 0x0, 0x0, 0x0, 0xcf,
    0xfa, 0xff, 0xc0, 0x0, 0x0, 0x8f, 0xf9, 0x9,
    0xff, 0x90, 0x0, 0x4f, 0xfd, 0x0, 0xd, 0xff,
    0x50, 0x1e, 0xff, 0x30, 0x0, 0x2f, 0xff, 0x20,

    /* U+0079 "y" */
    0x8f, 0xf3, 0x0, 0x0, 0xcf, 0xf0, 0x8f, 0xf3,
    0x0, 0x0, 0xcf, 0xf0, 0x8f, 0xf3, 0x0, 0x0,
    0xcf, 0xf0, 0x8f, 0xf3, 0x0, 0x0, 0xcf, 0xf0,
    0x8f, 0xf3, 0x0, 0x0, 0xcf, 0xf0, 0x8f, 0xf3,
    0x0, 0x0, 0xcf, 0xf0, 0x8f, 0xf3, 0x0, 0x0,
    0xdf, 0xf0, 0x7f, 0xf7, 0x0, 0x4, 0xff, 0xf0,
    0x2f, 0xff, 0x74, 0x7e, 0xff, 0xf0, 0x8, 0xff,
    0xff, 0xfd, 0xdf, 0xf0, 0x0, 0x6d, 0xff, 0xa1,
    0xbf, 0xf0, 0x0, 0x0, 0x0, 0x0, 0xbf, 0xf0,
    0x1, 0x66, 0x66, 0x66, 0xef, 0xf0, 0x4, 0xff,
    0xff, 0xff, 0xff, 0xd0, 0x4, 0xff, 0xff, 0xff,
    0xfd, 0x30,

    /* U+007A "z" */
    0xaf, 0xff, 0xff, 0xff, 0xf2, 0xaf, 0xff, 0xff,
    0xff, 0xf2, 0x24, 0x44, 0x44, 0xff, 0xf2, 0x0,
    0x0, 0x1c, 0xff, 0xc0, 0x0, 0x3, 0xef, 0xfb,
    0x0, 0x0, 0x4f, 0xff, 0x80, 0x0, 0x7, 0xff,
    0xf6, 0x0, 0x0, 0x8f, 0xff, 0x40, 0x0, 0x0,
    0xdf, 0xf7, 0x44, 0x44, 0x41, 0xdf, 0xff, 0xff,
    0xff, 0xf5, 0xdf, 0xff, 0xff, 0xff, 0xf5,

    /* U+007B "{" */
    0x0, 0x0, 0x3, 0x55, 0x54, 0x0, 0x0, 0x9f,
    0xff, 0xfe, 0x0, 0x0, 0xff, 0xff, 0xfe, 0x0,
    0x1, 0xff, 0xa0, 0x0, 0x0, 0x1, 0xff, 0x90,
    0x0, 0x0, 0x1, 0xff, 0x90, 0x0, 0x0, 0x1,
    0xff, 0x90, 0x0, 0x0, 0x1, 0xff, 0x90, 0x0,
    0x0, 0x1, 0xff, 0x90, 0x0, 0x0, 0x2, 0xff,
    0x90, 0x0, 0x3f, 0xff, 0xff, 0x30, 0x0, 0x3f,
    0xff, 0xd6, 0x0, 0x0, 0x19, 0x9b, 0xff, 0x60,
    0x0, 0x0, 0x1, 0xff, 0x90, 0x0, 0x0, 0x1,
    0xff, 0x90, 0x0, 0x0, 0x1, 0xff, 0x90, 0x0,
    0x0, 0x1, 0xff, 0x90, 0x0, 0x0, 0x1, 0xff,
    0x90, 0x0, 0x0, 0x1, 0xff, 0x90, 0x0, 0x0,
    0x1, 0xff, 0xc5, 0x54, 0x0, 0x0, 0xff, 0xff,
    0xfe, 0x0, 0x0, 0x5e, 0xff, 0xfe,

    /* U+007C "|" */
    0x6b, 0xb2, 0x8f, 0xf3, 0x8f, 0xf3, 0x8f, 0xf3,
    0x8f, 0xf3, 0x8f, 0xf3, 0x8f, 0xf3, 0x8f, 0xf3,
    0x8f, 0xf3, 0x8f, 0xf3, 0x8f, 0xf3, 0x8f, 0xf3,
    0x8f, 0xf3, 0x8f, 0xf3, 0x8f, 0xf3, 0x8f, 0xf3,
    0x8f, 0xf3, 0x8f, 0xf3, 0x8f, 0xf3, 0x8f, 0xf3,
    0x8f, 0xf3, 0x8f, 0xf3, 0x8f, 0xf3,

    /* U+007D "}" */
    0x35, 0x55, 0x40, 0x0, 0x0, 0xaf, 0xff, 0xfd,
    0x0, 0x0, 0xaf, 0xff, 0xff, 0x40, 0x0, 0x0,
    0x6, 0xff, 0x50, 0x0, 0x0, 0x5, 0xff, 0x50,
    0x0, 0x0, 0x5, 0xff, 0x50, 0x0, 0x0, 0x5,
    0xff, 0x50, 0x0, 0x0, 0x5, 0xff, 0x50, 0x0,
    0x0, 0x5, 0xff, 0x50, 0x0, 0x0, 0x5, 0xff,
    0x60, 0x0, 0x0, 0x1, 0xdf, 0xff, 0xf7, 0x0,
    0x0, 0x4b, 0xff, 0xf7, 0x0, 0x3, 0xff, 0xc9,
    0x94, 0x0, 0x5, 0xff, 0x50, 0x0, 0x0, 0x5,
    0xff, 0x50, 0x0, 0x0, 0x5, 0xff, 0x50, 0x0,
    0x0, 0x5, 0xff, 0x50, 0x0, 0x0, 0x5, 0xff,
    0x50, 0x0, 0x0, 0x5, 0xff, 0x50, 0x0, 0x35,
    0x5a, 0xff, 0x50, 0x0, 0xaf, 0xff, 0xff, 0x30,
    0x0, 0xaf, 0xff, 0xf8, 0x0, 0x0,

    /* U+007E "~" */
    0x0, 0x0, 0x0, 0x0, 0x0, 0x0, 0x0, 0x0,
    0x2b, 0xfc, 0x10, 0x9, 0x80, 0x0, 0x5f, 0xff,
    0xfb, 0x1a, 0xff, 0x30, 0x9f, 0xff, 0xff, 0xff,
    0xff, 0xf4, 0x8, 0xfe, 0x42, 0xff, 0xff, 0xc2,
    0x0, 0x8, 0x10, 0x5, 0xee, 0x80, 0x0,

    /* U+00A0 " " */

    /* U+00A1 "¡" */
    0x2d, 0xf9, 0xb, 0xff, 0xf4, 0xbf, 0xff, 0x43,
    0xef, 0xb0, 0x1, 0x10, 0x2, 0xff, 0xb0, 0x2f,
    0xfb, 0x2, 0xff, 0xb0, 0x2f, 0xfb, 0x2, 0xff,
    0xb0, 0x2f, 0xfb, 0x2, 0xff, 0xb0, 0x2f, 0xfb,
    0x2, 0xff, 0xb0, 0x2f, 0xfb, 0x0,

    /* U+00A2 "¢" */
    0x0, 0x0, 0x38, 0x80, 0x0, 0x0, 0x0, 0x0,
    0x7f, 0xf0, 0x0, 0x0, 0x0, 0x0, 0x7f, 0xf0,
    0x0, 0x0, 0x0, 0x29, 0xef, 0xfc, 0x60, 0x0,
    0x5, 0xff, 0xff, 0xff, 0xfc, 0x0, 0x2f, 0xff,
    0xef, 0xfd, 0xff, 0x90, 0x9f, 0xf7, 0x7f, 0xf1,
    0xef, 0xf0, 0xdf, 0xf0, 0x7f, 0xf0, 0x56, 0x30,
    0xef, 0xe0, 0x7f, 0xf0, 0x0, 0x0, 0xdf, 0xf0,
    0x7f, 0xf0, 0x46, 0x20, 0x9f, 0xf7, 0x7f, 0xf1,
    0xdf, 0xf1, 0x2f, 0xff, 0xef, 0xfd, 0xff, 0x90,
    0x5, 0xff, 0xff, 0xff, 0xfc, 0x0, 0x0, 0x29,
    0xef, 0xfc, 0x60, 0x0, 0x0, 0x0, 0x7f, 0xf0,
    0x0, 0x0, 0x0, 0x0, 0x7f, 0xf0, 0x0, 0x0,

    /* U+00A3 "£" */
    0x0, 0x2, 0x9e, 0xff, 0xc6, 0x0, 0x0, 0x3f,
    0xff, 0xff, 0xff, 0xb0, 0x0, 0xcf, 0xfc, 0x89,
    0xff, 0xf5, 0x2, 0xff, 0xc0, 0x0, 0x3f, 0xfb,
    0x3, 0xff, 0x80, 0x0, 0xf, 0xfc, 0x3, 0xff,
    0x80, 0x0, 0xe, 0xeb, 0x26, 0xff, 0xa3, 0x20,
    0x0, 0x0, 0xcf, 0xff, 0xff, 0xc0, 0x0, 0x0,
    0xcf, 0xff, 0xff, 0xc0, 0x0, 0x0, 0x3, 0xff,
    0x80, 0x0, 0x0, 0x0, 0x3, 0xff, 0x80, 0x0,
    0x0, 0x0, 0x3, 0xff, 0x80, 0x0, 0x0, 0x0,
    0x69, 0xff, 0xc7, 0x77, 0x77, 0x76, 0xdf, 0xff,
    0xff, 0xff, 0xff, 0xfe, 0xdf, 0xff, 0xff, 0xff,
    0xff, 0xfe,

    /* U+00A4 "¤" */
    0x0, 0x30, 0x0, 0x0, 0x0, 0x12, 0x0, 0x7f,
    0x87, 0xdf, 0xfb, 0x5c, 0xe2, 0xc, 0xff, 0xff,
    0xff, 0xff, 0xff, 0x70, 0x1f, 0xff, 0xa5, 0x6d,
    0xff, 0xa0, 0x4, 0xff, 0x60, 0x0, 0xc, 0xfe,
    0x0, 0x9f, 0xd0, 0x0, 0x0, 0x3f, 0xf3, 0xa,
    0xfb, 0x0, 0x0, 0x1, 0xff, 0x40, 0x9f, 0xd0,
    0x0, 0x0, 0x3f, 0xf3, 0x4, 0xff, 0x60, 0x0,
    0xc, 0xfe, 0x0, 0x1f, 0xff, 0xa5, 0x6d, 0xff,
    0xa0, 0xc, 0xff, 0xff, 0xff, 0xff, 0xff, 0x70,
    0x7f, 0x87, 0xdf, 0xfb, 0x5c, 0xe2, 0x0, 0x30,
    0x0, 0x0, 0x0, 0x12, 0x0,

    /* U+00A5 "¥" */
    0xc, 0xff, 0x80, 0x0, 0x0, 0xd, 0xff, 0x60,
    0x3f, 0xff, 0x10, 0x0, 0x6, 0xff, 0xd0, 0x0,
    0xaf, 0xf9, 0x0, 0x0, 0xef, 0xf4, 0x0, 0x2,
    0xff, 0xf2, 0x0, 0x8f, 0xfb, 0x0, 0x0, 0x8,
    0xff, 0xb0, 0x1f, 0xff, 0x30, 0x0, 0x0, 0xe,
    0xff, 0x49, 0xff, 0x90, 0x0, 0x0, 0x0, 0x6f,
    0xfe, 0xff, 0xf1, 0x0, 0x0, 0x2, 0xff, 0xff,
    0xff, 0xff, 0xfd, 0x0, 0x0, 0x2f, 0xff, 0xff,
    0xff, 0xff, 0xd0, 0x0, 0x0, 0x33, 0x3b, 0xff,
    0x63, 0x32, 0x0, 0x0, 0x3, 0x33, 0xbf, 0xf6,
    0x33, 0x20, 0x0, 0x2, 0xff, 0xff, 0xff, 0xff,
    0xfd, 0x0, 0x0, 0x2f, 0xff, 0xff, 0xff, 0xff,
    0xd0, 0x0, 0x0, 0x0, 0xa, 0xff, 0x40, 0x0,
    0x0, 0x0, 0x0, 0x0, 0xaf, 0xf4, 0x0, 0x0,
    0x0,

    /* U+00A6 "¦" */
    0x48, 0x81, 0x8f, 0xf3, 0x8f, 0xf3, 0x8f, 0xf3,
    0x8f, 0xf3, 0x8f, 0xf3, 0x8f, 0xf3, 0x8f, 0xf3,
    0x8f, 0xf3, 0x8f, 0xf3, 0x0, 0x0, 0x0, 0x0,
    0x0, 0x0, 0x48, 0x81, 0x8f, 0xf3, 0x8f, 0xf3,
    0x8f, 0xf3, 0x8f, 0xf3, 0x8f, 0xf3, 0x8f, 0xf3,
    0x8f, 0xf3, 0x8f, 0xf3, 0x8f, 0xf3,

    /* U+00A7 "§" */
    0x0, 0x4c, 0xff, 0xd7, 0x0, 0x4, 0xff, 0xff,
    0xff, 0xb0, 0xc, 0xfe, 0x53, 0xaf, 0xf3, 0xd,
    0xfa, 0x0, 0xf, 0xf5, 0xa, 0xff, 0x95, 0x10,
    0x0, 0x9, 0xff, 0xff, 0xfc, 0x30, 0xd, 0xfb,
    0x7b, 0xff, 0xf2, 0xc, 0xfe, 0x50, 0x2f, 0xf7,
    0x4, 0xff, 0xff, 0xcf, 0xf8, 0x0, 0x29, 0xef,
    0xff, 0xf4, 0x26, 0x60, 0x2, 0x8f, 0xf6, 0x4f,
    0xf2, 0x0, 0xe, 0xf8, 0x1f, 0xfc, 0x43, 0x7f,
    0xf6, 0x6, 0xff, 0xff, 0xff, 0xd0, 0x0, 0x4c,
    0xff, 0xe9, 0x10,

    /* U+00A8 "¨" */
    0x1, 0x63, 0x0, 0x46, 0x10, 0xef, 0xf3, 0x6f,
    0xfc, 0x1f, 0xff, 0x68, 0xff, 0xe0, 0x9f, 0xc1,
    0x2d, 0xf7,

    /* U+00A9 "©" */
    0x0, 0x5, 0xbe, 0xff, 0xea, 0x40, 0x0, 0x1,
    0xbf, 0xff, 0xff, 0xff, 0xfa, 0x0, 0xb, 0xff,
    0x83, 0x11, 0x3a, 0xff, 0x80, 0x4f, 0xf4, 0x0,
    0x0, 0x0, 0x7f, 0xf2, 0xaf, 0xb0, 0x1b, 0xff,
    0xb1, 0xd, 0xf7, 0xdf, 0x70, 0xcf, 0xff, 0xfb,
    0x9, 0xfa, 0xef, 0x50, 0xff, 0x12, 0xff, 0x8,
    0xfb, 0xef, 0x51, 0xff, 0x0, 0x33, 0x8, 0xfb,
    0xef, 0x51, 0xff, 0x0, 0x22, 0x8, 0xfb, 0xef,
    0x50, 0xff, 0x12, 0xff, 0x8, 0xfb, 0xdf, 0x70,
    0xcf, 0xff, 0xfb, 0x9, 0xfa, 0xaf, 0xb0, 0x1b,
    0xff, 0xb1, 0xd, 0xf7, 0x4f, 0xf4, 0x0, 0x0,
    0x0, 0x7f, 0xf2, 0xb, 0xff, 0x83, 0x11, 0x3a,
    0xff, 0x80, 0x0, 0xbf, 0xff, 0xff, 0xff, 0xf9,
    0x0, 0x0, 0x5, 0xbe, 0xff, 0xea, 0x40, 0x0,

    /* U+00AA "ª" */
    0x1, 0xae, 0xfe, 0x80, 0x0, 0x9c, 0xcc, 0xef,
    0x60, 0x6, 0xef, 0xff, 0xfa, 0x1, 0xff, 0x65,
    0x9f, 0xa0, 0x3f, 0xd0, 0xa, 0xfa, 0x1, 0xff,
    0xee, 0xff, 0xf9, 0x4, 0xdf, 0xd4, 0xaf, 0xc0,

    /* U+00AB "«" */
    0x0, 0x0, 0x0, 0x50, 0x0, 0x0, 0x22, 0x0,
    0x0, 0x5e, 0xc0, 0x0, 0x19, 0xf5, 0x0, 0x3c,
    0xff, 0xc0, 0x6, 0xef, 0xf5, 0x19, 0xff, 0xff,
    0x63, 0xdf, 0xff, 0xc2, 0xdf, 0xff, 0x81, 0x3f,
    0xff, 0xd5, 0x0, 0xdf, 0xe1, 0x0, 0x4f, 0xf9,
    0x0, 0x0, 0xdf, 0xfc, 0x30, 0x4f, 0xff, 0x81,
    0x0, 0x5e, 0xff, 0xfb, 0x39, 0xff, 0xff, 0x80,
    0x0, 0x7f, 0xff, 0xc0, 0x2b, 0xff, 0xf5, 0x0,
    0x1, 0xaf, 0xc0, 0x0, 0x4d, 0xf5, 0x0, 0x0,
    0x3, 0x80, 0x0, 0x0, 0x74,

    /* U+00AC "¬" */
    0x57, 0x77, 0x77, 0x77, 0x73, 0xcf, 0xff, 0xff,
    0xff, 0xf7, 0xcf, 0xff, 0xff, 0xff, 0xf7, 0x0,
    0x0, 0x0, 0xf, 0xf7, 0x0, 0x0, 0x0, 0xf,
    0xf7, 0x0, 0x0, 0x0, 0xf, 0xf7,

    /* U+00AD "­" */
    0x37, 0x77, 0x77, 0x70, 0x8f, 0xff, 0xff, 0xf0,
    0x8f, 0xff, 0xff, 0xf0,

    /* U+00AE "®" */
    0x0, 0x7d, 0xee, 0x92, 0x0, 0xc, 0x91, 0x0,
    0x5e, 0x30, 0x79, 0xd, 0xdc, 0x34, 0xd0, 0xd2,
    0xe, 0x6, 0x90, 0xc2, 0xe0, 0xe, 0xdd, 0x10,
    0xb4, 0xd2, 0xe, 0x8, 0x50, 0xc2, 0x79, 0xe,
    0x7, 0x74, 0xd0, 0xc, 0x91, 0x0, 0x5d, 0x30,
    0x0, 0x7d, 0xed, 0x92, 0x0,

    /* U+00AF "¯" */
    0x2, 0x22, 0x22, 0x22, 0x2, 0xff, 0xff, 0xff,
    0xf1, 0x2f, 0xff, 0xff, 0xff, 0x10,

    /* U+00B0 "°" */
    0x0, 0x8e, 0xfd, 0x50, 0xa, 0xff, 0xff, 0xf5,
    0x2f, 0xf6, 0x1a, 0xfd, 0x4f, 0xf0, 0x4, 0xff,
    0x2f, 0xf6, 0x1a, 0xfd, 0xa, 0xff, 0xff, 0xf5,
    0x0, 0x8e, 0xfd, 0x50,

    /* U+00B1 "±" */
    0x0, 0x7, 0xff, 0x20, 0x0, 0x0, 0x7, 0xff,
    0x20, 0x0, 0x0, 0x7, 0xff, 0x20, 0x0, 0xcf,
    0xff, 0xff, 0xff, 0xf6, 0xcf, 0xff, 0xff, 0xff,
    0xf6, 0x57, 0x7b, 0xff, 0x87, 0x73, 0x0, 0x7,
    0xff, 0x20, 0x0, 0x0, 0x7, 0xff, 0x20, 0x0,
    0x0, 0x1, 0x22, 0x0, 0x0, 0x57, 0x77, 0x77,
    0x77, 0x73, 0xcf, 0xff, 0xff, 0xff, 0xf6, 0xcf,
    0xff, 0xff, 0xff, 0xf6,

    /* U+00B2 "²" */
    0x3, 0xbf, 0xfc, 0x50, 0x1f, 0xfc, 0xbf, 0xf3,
    0x29, 0x80, 0xc, 0xf5, 0x0, 0x37, 0xcf, 0xb0,
    0xb, 0xfb, 0x73, 0x0, 0x5f, 0xea, 0xaa, 0xa3,
    0x6f, 0xff, 0xff, 0xf5,

    /* U+00B3 "³" */
    0x6f, 0xff, 0xff, 0xf6, 0x4a, 0xaa, 0xef, 0xf4,
    0x0, 0x4d, 0xf8, 0x10, 0x0, 0x5a, 0xbf, 0xd1,
    0x48, 0x60, 0xb, 0xf6, 0x3f, 0xfc, 0xcf, 0xf2,
    0x4, 0xcf, 0xfc, 0x40,

    /* U+00B4 "´" */
    0x0, 0x13, 0x31, 0x0, 0xdf, 0xf2, 0x5, 0xff,
    0x60, 0xd, 0xfa, 0x0,

    /* U+00B5 "µ" */
    0x8f, 0xf3, 0x0, 0x0, 0xdf, 0xe0, 0x8, 0xff,
    0x30, 0x0, 0xd, 0xfe, 0x0, 0x8f, 0xf3, 0x0,
    0x0, 0xdf, 0xe0, 0x8, 0xff, 0x30, 0x0, 0xd,
    0xfe, 0x0, 0x8f, 0xf3, 0x0, 0x0, 0xdf, 0xe0,
    0x8, 0xff, 0x30, 0x0, 0xd, 0xfe, 0x0, 0x8f,
    0xf3, 0x0, 0x0, 0xef, 0xe0, 0x8, 0xff, 0x60,
    0x0, 0x2f, 0xfe, 0x0, 0x8f, 0xfe, 0x52, 0x4d,
    0xff, 0xf2, 0x8, 0xff, 0xff, 0xff, 0xfb, 0xff,
    0xf6, 0x8f, 0xff, 0xff, 0xd6, 0xc, 0xff, 0x68,
    0xff, 0x20, 0x0, 0x0, 0x0, 0x0, 0x8f, 0xf2,
    0x0, 0x0, 0x0, 0x0, 0x8, 0xff, 0x20, 0x0,
    0x0, 0x0, 0x0, 0x8f, 0xf2, 0x0, 0x0, 0x0,
    0x0, 0x0,

    /* U+00B6 "¶" */
    0x0, 0x5c, 0xff, 0xff, 0xff, 0xff, 0x10, 0x8f,
    0xff, 0xff, 0xff, 0xff, 0xf1, 0x3f, 0xfb, 0x38,
    0xff, 0x37, 0xff, 0x18, 0xfe, 0x0, 0x6f, 0xf0,
    0x5f, 0xf1, 0xaf, 0xc0, 0x6, 0xff, 0x5, 0xff,
    0x18, 0xfe, 0x0, 0x6f, 0xf0, 0x5f, 0xf1, 0x3f,
    0xfb, 0x48, 0xff, 0x5, 0xff, 0x10, 0x8f, 0xff,
    0xff, 0xf0, 0x5f, 0xf1, 0x0, 0x5c, 0xff, 0xff,
    0x5, 0xff, 0x10, 0x0, 0x0, 0x6f, 0xf0, 0x5f,
    0xf1, 0x0, 0x0, 0x6, 0xff, 0x5, 0xff, 0x10,
    0x0, 0x0, 0x6f, 0xf0, 0x5f, 0xf1, 0x0, 0x0,
    0x6, 0xff, 0x5, 0xff, 0x10, 0x0, 0x0, 0x6f,
    0xf0, 0x5f, 0xf1, 0x0, 0x0, 0x6, 0xff, 0x5,
    0xff, 0x10,

    /* U+00B7 "·" */
    0x0, 0x10, 0x2, 0xdf, 0xc0, 0x9f, 0xff, 0x69,
    0xff, 0xf6, 0x1c, 0xfa, 0x0,

    /* U+00B8 "¸" */
    0x0, 0x8f, 0x60, 0x0, 0x9, 0xfc, 0x60, 0x0,
    0x12, 0xdf, 0x30, 0xcb, 0xbf, 0xf4, 0xc, 0xff,
    0xd7, 0x0,

    /* U+00B9 "¹" */
    0xe, 0xff, 0xe3, 0xfe, 0xfe, 0x7f, 0x8f, 0xe2,
    0x33, 0xfe, 0x0, 0x2f, 0xe0, 0x2, 0xfe, 0x0,
    0x2f, 0xe0,

    /* U+00BA "º" */
    0x0, 0x7d, 0xff, 0xb4, 0x0, 0xbf, 0xfb, 0xcf,
    0xf4, 0x2f, 0xf1, 0x0, 0x7f, 0xc4, 0xfc, 0x0,
    0x3, 0xfe, 0x2f, 0xf1, 0x0, 0x7f, 0xc0, 0xbf,
    0xfb, 0xcf, 0xf4, 0x0, 0x7d, 0xff, 0xb4, 0x0,

    /* U+00BB "»" */
    0x31, 0x0, 0x0, 0x5, 0x0, 0x0, 0x0, 0x8f,
    0x70, 0x0, 0xe, 0xd3, 0x0, 0x0, 0x8f, 0xfd,
    0x50, 0xe, 0xff, 0xa2, 0x0, 0x3d, 0xff, 0xfb,
    0x28, 0xff, 0xff, 0x80, 0x0, 0x6e, 0xff, 0xf1,
    0x2a, 0xff, 0xfa, 0x0, 0x0, 0xbf, 0xf1, 0x0,
    0x2f, 0xfb, 0x0, 0x2a, 0xff, 0xf1, 0x5, 0xdf,
    0xfb, 0x19, 0xff, 0xff, 0x74, 0xcf, 0xff, 0xd3,
    0x8f, 0xff, 0xa1, 0xe, 0xff, 0xe6, 0x0, 0x8f,
    0xc3, 0x0, 0xe, 0xf9, 0x10, 0x0, 0x65, 0x0,
    0x0, 0xa, 0x20, 0x0, 0x0,

    /* U+00BC "¼" */
    0x4, 0x55, 0x50, 0x0, 0x0, 0x0, 0x5, 0x0,
    0x0, 0xf, 0xff, 0xe0, 0x0, 0x0, 0x0, 0x5f,
    0xc0, 0x0, 0x4f, 0xbf, 0xe0, 0x0, 0x0, 0x3,
    0xff, 0x40, 0x0, 0x8f, 0x7f, 0xe0, 0x0, 0x0,
    0x1e, 0xf7, 0x0, 0x0, 0x0, 0x2f, 0xe0, 0x0,
    0x0, 0xcf, 0x90, 0x0, 0x0, 0x0, 0x2f, 0xe0,
    0x0, 0xa, 0xfc, 0x0, 0x0, 0x0, 0x0, 0x2f,
    0xe0, 0x0, 0x8f, 0xd1, 0x0, 0x0, 0x0, 0x0,
    0x2e, 0xc0, 0x5, 0xff, 0x20, 0x1, 0x11, 0x0,
    0x0, 0x0, 0x0, 0x3f, 0xf4, 0x0, 0x6f, 0xff,
    0x90, 0x0, 0x0, 0x2, 0xef, 0x60, 0x2, 0xff,
    0xaf, 0x90, 0x0, 0x0, 0xd, 0xf9, 0x0, 0xc,
    0xf6, 0x7f, 0x90, 0x0, 0x0, 0xbf, 0xb0, 0x0,
    0x8f, 0xb0, 0x7f, 0x90, 0x0, 0x9, 0xfd, 0x10,
    0x0, 0xef, 0xba, 0xdf, 0xd9, 0x0, 0x6f, 0xe2,
    0x0, 0x0, 0xef, 0xff, 0xff, 0xfe, 0x1, 0xff,
    0x30, 0x0, 0x0, 0x0, 0x0, 0x7f, 0x90, 0x0,
    0x35, 0x0, 0x0, 0x0, 0x0, 0x0, 0x38, 0x40,

    /* U+00BD "½" */
    0x0, 0x0, 0x0, 0x0, 0x0, 0x0, 0x0, 0x0,
    0x0, 0xe, 0xff, 0xe0, 0x0, 0x0, 0x0, 0x1e,
    0x70, 0x0, 0x3f, 0xef, 0xe0, 0x0, 0x0, 0x0,
    0xcf, 0x90, 0x0, 0x6f, 0x8f, 0xe0, 0x0, 0x0,
    0xa, 0xfc, 0x0, 0x0, 0x35, 0x3f, 0xe0, 0x0,
    0x0, 0x8f, 0xd1, 0x0, 0x0, 0x0, 0x2f, 0xe0,
    0x0, 0x5, 0xff, 0x20, 0x0, 0x0, 0x0, 0x2f,
    0xe0, 0x0, 0x3f, 0xf4, 0x0, 0x0, 0x0, 0x0,
    0x2f, 0xe0, 0x1, 0xef, 0x70, 0x0, 0x0, 0x0,
    0x0, 0x1a, 0x80, 0xc, 0xf9, 0x0, 0x49, 0x97,
    0x10, 0x0, 0x0, 0x0, 0xaf, 0xc0, 0x9, 0xff,
    0xff, 0xe1, 0x0, 0x0, 0x8, 0xfd, 0x10, 0x1f,
    0xf3, 0xb, 0xf7, 0x0, 0x0, 0x5f, 0xf2, 0x0,
    0x1, 0x10, 0x3d, 0xf6, 0x0, 0x3, 0xff, 0x40,
    0x0, 0x1, 0x9e, 0xff, 0xa0, 0x0, 0x1e, 0xf7,
    0x0, 0x0, 0xd, 0xfb, 0x62, 0x0, 0x0, 0xcf,
    0x90, 0x0, 0x0, 0x4f, 0xfa, 0xaa, 0xa4, 0x0,
    0xac, 0x0, 0x0, 0x0, 0x5f, 0xff, 0xff, 0xf7,
    0x0, 0x0, 0x0, 0x0, 0x0, 0x0, 0x0, 0x0,
    0x0,

    /* U+00BE "¾" */
    0x39, 0x99, 0x99, 0x93, 0x0, 0x0, 0x0, 0x55,
    0x0, 0x0, 0x6f, 0xff, 0xff, 0xf6, 0x0, 0x0,
    0x3, 0xff, 0x20, 0x0, 0x0, 0x6, 0xee, 0x70,
    0x0, 0x0, 0x1e, 0xf7, 0x0, 0x0, 0x0, 0x8f,
    0xf9, 0x30, 0x0, 0x0, 0xcf, 0xa0, 0x0, 0x0,
    0x0, 0x36, 0x7f, 0xf3, 0x0, 0xa, 0xfc, 0x0,
    0x0, 0x0, 0x5b, 0x70, 0xb, 0xf6, 0x0, 0x7f,
    0xe1, 0x0, 0x0, 0x0, 0x3f, 0xfb, 0xbf, 0xf2,
    0x4, 0xff, 0x30, 0x0, 0x0, 0x0, 0x4, 0xcf,
    0xfb, 0x30, 0x2f, 0xf5, 0x0, 0x11, 0x11, 0x0,
    0x0, 0x0, 0x0, 0x1, 0xdf, 0x80, 0x2, 0xff,
    0xff, 0x0, 0x0, 0x0, 0x0, 0xc, 0xfa, 0x0,
    0xc, 0xf9, 0xff, 0x0, 0x0, 0x0, 0x0, 0x9f,
    0xc0, 0x0, 0x7f, 0xb2, 0xff, 0x0, 0x0, 0x0,
    0x6, 0xfe, 0x10, 0x3, 0xfe, 0x12, 0xff, 0x0,
    0x0, 0x0, 0x4f, 0xf3, 0x0, 0x9, 0xfd, 0xab,
    0xff, 0xa2, 0x0, 0x2, 0xef, 0x60, 0x0, 0x9,
    0xff, 0xff, 0xff, 0xf4, 0x0, 0xb, 0xf8, 0x0,
    0x0, 0x0, 0x0, 0x2, 0xff, 0x0, 0x0, 0x0,
    0x70, 0x0, 0x0, 0x0, 0x0, 0x1, 0x87, 0x0,

    /* U+00BF "¿" */
    0x0, 0x0, 0xb, 0xfc, 0x10, 0x0, 0x0, 0x0,
    0x6f, 0xff, 0x90, 0x0, 0x0, 0x0, 0x7f, 0xff,
    0x90, 0x0, 0x0, 0x0, 0x1c, 0xfd, 0x20, 0x0,
    0x0, 0x0, 0x0, 0x10, 0x0, 0x0, 0x0, 0x0,
    0xa, 0xdd, 0x10, 0x0, 0x0, 0x0, 0x7f, 0xff,
    0x0, 0x0, 0x0, 0x5e, 0xff, 0xf7, 0x0, 0x0,
    0x5, 0xff, 0xfb, 0x30, 0x0, 0x0, 0xe, 0xff,
    0x50, 0x0, 0x0, 0x0, 0xf, 0xfd, 0x0, 0x0,
    0xe, 0xff, 0xf, 0xfe, 0x10, 0x0, 0x3f, 0xfd,
    0xa, 0xff, 0xd8, 0x69, 0xff, 0xf6, 0x1, 0xdf,
    0xff, 0xff, 0xff, 0x90, 0x0, 0x6, 0xcf, 0xfe,
    0xb4, 0x0,

    /* U+00C0 "À" */
    0x0, 0x0, 0xaf, 0xf6, 0x0, 0x0, 0x0, 0x0,
    0x0, 0xc, 0xfe, 0x0, 0x0, 0x0, 0x0, 0x0,
    0x1, 0xcd, 0x60, 0x0, 0x0, 0x0, 0x0, 0x0,
    0x0, 0x0, 0x0, 0x0, 0x0, 0x0, 0xbf, 0xff,
    0xfa, 0x0, 0x0, 0x0, 0x0, 0xff, 0xff, 0xfe,
    0x0, 0x0, 0x0, 0x3, 0xff, 0x9a, 0xff, 0x20,
    0x0, 0x0, 0x8, 0xff, 0x56, 0xff, 0x70, 0x0,
    0x0, 0xc, 0xff, 0x12, 0xff, 0xb0, 0x0, 0x0,
    0xf, 0xfd, 0x0, 0xdf, 0xf0, 0x0, 0x0, 0x5f,
    0xf8, 0x0, 0x9f, 0xf4, 0x0, 0x0, 0x9f, 0xf4,
    0x0, 0x5f, 0xf8, 0x0, 0x0, 0xdf, 0xf0, 0x0,
    0x1f, 0xfc, 0x0, 0x2, 0xff, 0xff, 0xff, 0xff,
    0xff, 0x10, 0x6, 0xff, 0xff, 0xff, 0xff, 0xff,
    0x50, 0xa, 0xff, 0xba, 0xaa, 0xab, 0xff, 0x90,
    0xe, 0xff, 0x0, 0x0, 0x1, 0xff, 0xd0, 0x3f,
    0xfc, 0x0, 0x0, 0x0, 0xdf, 0xf2, 0x7f, 0xf8,
    0x0, 0x0, 0x0, 0x9f, 0xf6,

    /* U+00C1 "Á" */
    0x0, 0x0, 0x0, 0x7f, 0xf9, 0x0, 0x0, 0x0,
    0x0, 0x1, 0xff, 0xc0, 0x0, 0x0, 0x0, 0x0,
    0x6, 0xdc, 0x10, 0x0, 0x0, 0x0, 0x0, 0x0,
    0x0, 0x0, 0x0, 0x0, 0x0, 0x0, 0xbf, 0xff,
    0xfa, 0x0, 0x0, 0x0, 0x0, 0xff, 0xff, 0xfe,
    0x0, 0x0, 0x0, 0x3, 0xff, 0x9a, 0xff, 0x20,
    0x0, 0x0, 0x8, 0xff, 0x56, 0xff, 0x70, 0x0,
    0x0, 0xc, 0xff, 0x12, 0xff, 0xb0, 0x0, 0x0,
    0xf, 0xfd, 0x0, 0xdf, 0xf0, 0x0, 0x0, 0x5f,
    0xf8, 0x0, 0x9f, 0xf4, 0x0, 0x0, 0x9f, 0xf4,
    0x0, 0x5f, 0xf8, 0x0, 0x0, 0xdf, 0xf0, 0x0,
    0x1f, 0xfc, 0x0, 0x2, 0xff, 0xff, 0xff, 0xff,
    0xff, 0x10, 0x6, 0xff, 0xff, 0xff, 0xff, 0xff,
    0x50, 0xa, 0xff, 0xba, 0xaa, 0xab, 0xff, 0x90,
    0xe, 0xff, 0x0, 0x0, 0x1, 0xff, 0xd0, 0x3f,
    0xfc, 0x0, 0x0, 0x0, 0xdf, 0xf2, 0x7f, 0xf8,
    0x0, 0x0, 0x0, 0x9f, 0xf6,

    /* U+00C2 "Â" */
    0x0, 0x0, 0x3f, 0xff, 0xf3, 0x0, 0x0, 0x0,
    0x2, 0xef, 0xbb, 0xfe, 0x20, 0x0, 0x0, 0xb,
    0xdc, 0x11, 0xcd, 0xa0, 0x0, 0x0, 0x0, 0x0,
    0x0, 0x0, 0x0, 0x0, 0x0, 0x0, 0xbf, 0xff,
    0xfa, 0x0, 0x0, 0x0, 0x0, 0xff, 0xff, 0xfe,
    0x0, 0x0, 0x0, 0x3, 0xff, 0x9a, 0xff, 0x20,
    0x0, 0x0, 0x8, 0xff, 0x56, 0xff, 0x70, 0x0,
    0x0, 0xc, 0xff, 0x12, 0xff, 0xb0, 0x0, 0x0,
    0xf, 0xfd, 0x0, 0xdf, 0xf0, 0x0, 0x0, 0x5f,
    0xf8, 0x0, 0x9f, 0xf4, 0x0, 0x0, 0x9f, 0xf4,
    0x0, 0x5f, 0xf8, 0x0, 0x0, 0xdf, 0xf0, 0x0,
    0x1f, 0xfc, 0x0, 0x2, 0xff, 0xff, 0xff, 0xff,
    0xff, 0x10, 0x6, 0xff, 0xff, 0xff, 0xff, 0xff,
    0x50, 0xa, 0xff, 0xba, 0xaa, 0xab, 0xff, 0x90,
    0xe, 0xff, 0x0, 0x0, 0x1, 0xff, 0xd0, 0x3f,
    0xfc, 0x0, 0x0, 0x0, 0xdf, 0xf2, 0x7f, 0xf8,
    0x0, 0x0, 0x0, 0x9f, 0xf6,

    /* U+00C3 "Ã" */
    0x0, 0x0, 0xaf, 0xd4, 0x1c, 0x50, 0x0, 0x0,
    0xa, 0xff, 0xff, 0xff, 0x80, 0x0, 0x0, 0x6,
    0xc1, 0x4d, 0xf9, 0x0, 0x0, 0x0, 0x0, 0x0,
    0x0, 0x0, 0x0, 0x0, 0x0, 0x0, 0xbf, 0xff,
    0xfa, 0x0, 0x0, 0x0, 0x0, 0xff, 0xff, 0xfe,
    0x0, 0x0, 0x0, 0x3, 0xff, 0x9a, 0xff, 0x20,
    0x0, 0x0, 0x8, 0xff, 0x56, 0xff, 0x70, 0x0,
    0x0, 0xc, 0xff, 0x12, 0xff, 0xb0, 0x0, 0x0,
    0xf, 0xfd, 0x0, 0xdf, 0xf0, 0x0, 0x0, 0x5f,
    0xf8, 0x0, 0x9f, 0xf4, 0x0, 0x0, 0x9f, 0xf4,
    0x0, 0x5f, 0xf8, 0x0, 0x0, 0xdf, 0xf0, 0x0,
    0x1f, 0xfc, 0x0, 0x2, 0xff, 0xff, 0xff, 0xff,
    0xff, 0x10, 0x6, 0xff, 0xff, 0xff, 0xff, 0xff,
    0x50, 0xa, 0xff, 0xba, 0xaa, 0xab, 0xff, 0x90,
    0xe, 0xff, 0x0, 0x0, 0x1, 0xff, 0xd0, 0x3f,
    0xfc, 0x0, 0x0, 0x0, 0xdf, 0xf2, 0x7f, 0xf8,
    0x0, 0x0, 0x0, 0x9f, 0xf6,

    /* U+00C4 "Ä" */
    0x0, 0x2, 0x63, 0x0, 0x36, 0x20, 0x0, 0x0,
    0x1f, 0xff, 0x22, 0xff, 0xf1, 0x0, 0x0, 0x3f,
    0xff, 0x45, 0xff, 0xf2, 0x0, 0x0, 0xa, 0xfb,
    0x0, 0xbf, 0xa0, 0x0, 0x0, 0x0, 0x0, 0x0,
    0x0, 0x0, 0x0, 0x0, 0x0, 0xbf, 0xff, 0xfa,
    0x0, 0x0, 0x0, 0x0, 0xff, 0xff, 0xfe, 0x0,
    0x0, 0x0, 0x3, 0xff, 0x9a, 0xff, 0x20, 0x0,
    0x0, 0x8, 0xff, 0x56, 0xff, 0x70, 0x0, 0x0,
    0xc, 0xff, 0x12, 0xff, 0xb0, 0x0, 0x0, 0xf,
    0xfd, 0x0, 0xdf, 0xf0, 0x0, 0x0, 0x5f, 0xf8,
    0x0, 0x9f, 0xf4, 0x0, 0x0, 0x9f, 0xf4, 0x0,
    0x5f, 0xf8, 0x0, 0x0, 0xdf, 0xf0, 0x0, 0x1f,
    0xfc, 0x0, 0x2, 0xff, 0xff, 0xff, 0xff, 0xff,
    0x10, 0x6, 0xff, 0xff, 0xff, 0xff, 0xff, 0x50,
    0xa, 0xff, 0xba, 0xaa, 0xab, 0xff, 0x90, 0xe,
    0xff, 0x0, 0x0, 0x1, 0xff, 0xd0, 0x3f, 0xfc,
    0x0, 0x0, 0x0, 0xdf, 0xf2, 0x7f, 0xf8, 0x0,
    0x0, 0x0, 0x9f, 0xf6,

    /* U+00C5 "Å" */
    0x0, 0x0, 0x1, 0x77, 0x10, 0x0, 0x0, 0x0,
    0x0, 0xe, 0xff, 0xd0, 0x0, 0x0, 0x0, 0x0,
    0x4f, 0x67, 0xf3, 0x0, 0x0, 0x0, 0x0, 0x2f,
    0xcc, 0xf2, 0x0, 0x0, 0x0, 0x0, 0x7, 0xee,
    0x60, 0x0, 0x0, 0x0, 0x0, 0x0, 0x0, 0x0,
    0x0, 0x0, 0x0, 0x0, 0xbf, 0xff, 0xfa, 0x0,
    0x0, 0x0, 0x0, 0xff, 0xff, 0xfe, 0x0, 0x0,
    0x0, 0x3, 0xff, 0x9a, 0xff, 0x20, 0x0, 0x0,
    0x8, 0xff, 0x56, 0xff, 0x70, 0x0, 0x0, 0xc,
    0xff, 0x12, 0xff, 0xb0, 0x0, 0x0, 0xf, 0xfd,
    0x0, 0xdf, 0xf0, 0x0, 0x0, 0x5f, 0xf8, 0x0,
    0x9f, 0xf4, 0x0, 0x0, 0x9f, 0xf4, 0x0, 0x5f,
    0xf8, 0x0, 0x0, 0xdf, 0xf0, 0x0, 0x1f, 0xfc,
    0x0, 0x2, 0xff, 0xff, 0xff, 0xff, 0xff, 0x10,
    0x6, 0xff, 0xff, 0xff, 0xff, 0xff, 0x50, 0xa,
    0xff, 0xba, 0xaa, 0xab, 0xff, 0x90, 0xe, 0xff,
    0x0, 0x0, 0x1, 0xff, 0xd0, 0x3f, 0xfc, 0x0,
    0x0, 0x0, 0xdf, 0xf2, 0x7f, 0xf8, 0x0, 0x0,
    0x0, 0x9f, 0xf6,

    /* U+00C6 "Æ" */
    0x0, 0x0, 0xa, 0xff, 0xff, 0xff, 0xff, 0xff,
    0xf3, 0x0, 0x0, 0xf, 0xfe, 0xef, 0xff, 0xff,
    0xff, 0xf3, 0x0, 0x0, 0x5f, 0xf8, 0xcf, 0xfa,
    0x99, 0x99, 0x92, 0x0, 0x0, 0xaf, 0xf2, 0xcf,
    0xf1, 0x0, 0x0, 0x0, 0x0, 0x0, 0xff, 0xd0,
    0xcf, 0xf1, 0x0, 0x0, 0x0, 0x0, 0x5, 0xff,
    0x80, 0xcf, 0xf1, 0x0, 0x0, 0x0, 0x0, 0xb,
    0xff, 0x20, 0xcf, 0xff, 0xff, 0xff, 0x90, 0x0,
    0xf, 0xfd, 0x0, 0xcf, 0xff, 0xff, 0xff, 0x90,
    0x0, 0x6f, 0xf8, 0x0, 0xcf, 0xfa, 0x99, 0x99,
    0x50, 0x0, 0xbf, 0xff, 0xff, 0xff, 0xf1, 0x0,
    0x0, 0x0, 0x1, 0xff, 0xff, 0xff, 0xff, 0xf1,
    0x0, 0x0, 0x0, 0x6, 0xff, 0xca, 0xaa, 0xef,
    0xf1, 0x0, 0x0, 0x0, 0xc, 0xff, 0x20, 0x0,
    0xcf, 0xfa, 0x99, 0x99, 0x93, 0x1f, 0xfd, 0x0,
    0x0, 0xcf, 0xff, 0xff, 0xff, 0xf5, 0x7f, 0xf8,
    0x0, 0x0, 0xcf, 0xff, 0xff, 0xff, 0xf5,

    /* U+00C7 "Ç" */
    0x0, 0x18, 0xdf, 0xfe, 0xb5, 0x0, 0x0, 0x4f,
    0xff, 0xff, 0xff, 0xfa, 0x0, 0x1f, 0xff, 0xea,
    0x9b, 0xff, 0xf7, 0x8, 0xff, 0xc1, 0x0, 0x4,
    0xff, 0xe0, 0xcf, 0xf3, 0x0, 0x0, 0xb, 0xff,
    0x2e, 0xff, 0x0, 0x0, 0x0, 0x59, 0x92, 0xef,
    0xf0, 0x0, 0x0, 0x0, 0x0, 0xe, 0xff, 0x0,
    0x0, 0x0, 0x0, 0x0, 0xef, 0xf0, 0x0, 0x0,
    0x0, 0x0, 0xe, 0xff, 0x0, 0x0, 0x0, 0x7c,
    0xc2, 0xcf, 0xf3, 0x0, 0x0, 0xc, 0xff, 0x28,
    0xff, 0xc1, 0x0, 0x4, 0xff, 0xf0, 0x1f, 0xff,
    0xea, 0x9b, 0xff, 0xf8, 0x0, 0x4f, 0xff, 0xff,
    0xff, 0xfb, 0x0, 0x0, 0x18, 0xdf, 0xfe, 0xb5,
    0x0, 0x0, 0x0, 0x0, 0xaf, 0x92, 0x0, 0x0,
    0x0, 0x0, 0x2, 0x4e, 0xf1, 0x0, 0x0, 0x0,
    0xd, 0xbb, 0xff, 0x20, 0x0, 0x0, 0x1, 0xcf,
    0xfd, 0x60, 0x0, 0x0,

    /* U+00C8 "È" */
    0x0, 0x2f, 0xfe, 0x0, 0x0, 0x0, 0x0, 0x5f,
    0xf8, 0x0, 0x0, 0x0, 0x0, 0x7d, 0xc0, 0x0,
    0x0, 0x0, 0x0, 0x0, 0x0, 0x0, 0x8f, 0xff,
    0xff, 0xff, 0xff, 0x58, 0xff, 0xff, 0xff, 0xff,
    0xf5, 0x8f, 0xfb, 0x99, 0x99, 0x99, 0x38, 0xff,
    0x50, 0x0, 0x0, 0x0, 0x8f, 0xf5, 0x0, 0x0,
    0x0, 0x8, 0xff, 0x50, 0x0, 0x0, 0x0, 0x8f,
    0xff, 0xff, 0xff, 0xfb, 0x8, 0xff, 0xff, 0xff,
    0xff, 0xb0, 0x8f, 0xfb, 0x99, 0x99, 0x96, 0x8,
    0xff, 0x50, 0x0, 0x0, 0x0, 0x8f, 0xf5, 0x0,
    0x0, 0x0, 0x8, 0xff, 0x50, 0x0, 0x0, 0x0,
    0x8f, 0xfb, 0x99, 0x99, 0x99, 0x48, 0xff, 0xff,
    0xff, 0xff, 0xf7, 0x8f, 0xff, 0xff, 0xff, 0xff,
    0x70,

    /* U+00C9 "É" */
    0x0, 0x0, 0xe, 0xff, 0x20, 0x0, 0x0, 0x7,
    0xff, 0x50, 0x0, 0x0, 0x0, 0xcd, 0x70, 0x0,
    0x0, 0x0, 0x0, 0x0, 0x0, 0x0, 0x8f, 0xff,
    0xff, 0xff, 0xff, 0x58, 0xff, 0xff, 0xff, 0xff,
    0xf5, 0x8f, 0xfb, 0x99, 0x99, 0x99, 0x38, 0xff,
    0x50, 0x0, 0x0, 0x0, 0x8f, 0xf5, 0x0, 0x0,
    0x0, 0x8, 0xff, 0x50, 0x0, 0x0, 0x0, 0x8f,
    0xff, 0xff, 0xff, 0xfb, 0x8, 0xff, 0xff, 0xff,
    0xff, 0xb0, 0x8f, 0xfb, 0x99, 0x99, 0x96, 0x8,
    0xff, 0x50, 0x0, 0x0, 0x0, 0x8f, 0xf5, 0x0,
    0x0, 0x0, 0x8, 0xff, 0x50, 0x0, 0x0, 0x0,
    0x8f, 0xfb, 0x99, 0x99, 0x99, 0x48, 0xff, 0xff,
    0xff, 0xff, 0xf7, 0x8f, 0xff, 0xff, 0xff, 0xff,
    0x70,

    /* U+00CA "Ê" */
    0x0, 0xa, 0xff, 0xfa, 0x0, 0x0, 0x8, 0xff,
    0x8f, 0xf9, 0x0, 0x4, 0xdd, 0x60, 0x6d, 0xd4,
    0x0, 0x0, 0x0, 0x0, 0x0, 0x0, 0x8f, 0xff,
    0xff, 0xff, 0xff, 0x58, 0xff, 0xff, 0xff, 0xff,
    0xf5, 0x8f, 0xfb, 0x99, 0x99, 0x99, 0x38, 0xff,
    0x50, 0x0, 0x0, 0x0, 0x8f, 0xf5, 0x0, 0x0,
    0x0, 0x8, 0xff, 0x50, 0x0, 0x0, 0x0, 0x8f,
    0xff, 0xff, 0xff, 0xfb, 0x8, 0xff, 0xff, 0xff,
    0xff, 0xb0, 0x8f, 0xfb, 0x99, 0x99, 0x96, 0x8,
    0xff, 0x50, 0x0, 0x0, 0x0, 0x8f, 0xf5, 0x0,
    0x0, 0x0, 0x8, 0xff, 0x50, 0x0, 0x0, 0x0,
    0x8f, 0xfb, 0x99, 0x99, 0x99, 0x48, 0xff, 0xff,
    0xff, 0xff, 0xf7, 0x8f, 0xff, 0xff, 0xff, 0xff,
    0x70,

    /* U+00CB "Ë" */
    0x0, 0x56, 0x0, 0x6, 0x50, 0x0, 0x8f, 0xfa,
    0xa, 0xff, 0x80, 0xa, 0xff, 0xd0, 0xcf, 0xfb,
    0x0, 0x3e, 0xe5, 0x5, 0xee, 0x40, 0x0, 0x0,
    0x0, 0x0, 0x0, 0x8, 0xff, 0xff, 0xff, 0xff,
    0xf5, 0x8f, 0xff, 0xff, 0xff, 0xff, 0x58, 0xff,
    0xb9, 0x99, 0x99, 0x93, 0x8f, 0xf5, 0x0, 0x0,
    0x0, 0x8, 0xff, 0x50, 0x0, 0x0, 0x0, 0x8f,
    0xf5, 0x0, 0x0, 0x0, 0x8, 0xff, 0xff, 0xff,
    0xff, 0xb0, 0x8f, 0xff, 0xff, 0xff, 0xfb, 0x8,
    0xff, 0xb9, 0x99, 0x99, 0x60, 0x8f, 0xf5, 0x0,
    0x0, 0x0, 0x8, 0xff, 0x50, 0x0, 0x0, 0x0,
    0x8f, 0xf5, 0x0, 0x0, 0x0, 0x8, 0xff, 0xb9,
    0x99, 0x99, 0x94, 0x8f, 0xff, 0xff, 0xff, 0xff,
    0x78, 0xff, 0xff, 0xff, 0xff, 0xf7,

    /* U+00CC "Ì" */
    0xb, 0xff, 0x50, 0x1, 0xdf, 0xe0, 0x0, 0x2c,
    0xd5, 0x0, 0x0, 0x0, 0x0, 0x8f, 0xf5, 0x0,
    0x8f, 0xf5, 0x0, 0x8f, 0xf5, 0x0, 0x8f, 0xf5,
    0x0, 0x8f, 0xf5, 0x0, 0x8f, 0xf5, 0x0, 0x8f,
    0xf5, 0x0, 0x8f, 0xf5, 0x0, 0x8f, 0xf5, 0x0,
    0x8f, 0xf5, 0x0, 0x8f, 0xf5, 0x0, 0x8f, 0xf5,
    0x0, 0x8f, 0xf5, 0x0, 0x8f, 0xf5, 0x0, 0x8f,
    0xf5,

    /* U+00CD "Í" */
    0x8, 0xff, 0x81, 0xff, 0xb0, 0x7d, 0xb1, 0x0,
    0x0, 0x0, 0x8f, 0xf5, 0x8, 0xff, 0x50, 0x8f,
    0xf5, 0x8, 0xff, 0x50, 0x8f, 0xf5, 0x8, 0xff,
    0x50, 0x8f, 0xf5, 0x8, 0xff, 0x50, 0x8f, 0xf5,
    0x8, 0xff, 0x50, 0x8f, 0xf5, 0x8, 0xff, 0x50,
    0x8f, 0xf5, 0x8, 0xff, 0x50, 0x8f, 0xf5, 0x0,

    /* U+00CE "Î" */
    0x0, 0x4f, 0xff, 0xe2, 0x0, 0x3, 0xff, 0xac,
    0xfd, 0x10, 0xb, 0xdb, 0x1, 0xcd, 0x90, 0x0,
    0x0, 0x0, 0x0, 0x0, 0x0, 0x8, 0xff, 0x50,
    0x0, 0x0, 0x8, 0xff, 0x50, 0x0, 0x0, 0x8,
    0xff, 0x50, 0x0, 0x0, 0x8, 0xff, 0x50, 0x0,
    0x0, 0x8, 0xff, 0x50, 0x0, 0x0, 0x8, 0xff,
    0x50, 0x0, 0x0, 0x8, 0xff, 0x50, 0x0, 0x0,
    0x8, 0xff, 0x50, 0x0, 0x0, 0x8, 0xff, 0x50,
    0x0, 0x0, 0x8, 0xff, 0x50, 0x0, 0x0, 0x8,
    0xff, 0x50, 0x0, 0x0, 0x8, 0xff, 0x50, 0x0,
    0x0, 0x8, 0xff, 0x50, 0x0, 0x0, 0x8, 0xff,
    0x50, 0x0, 0x0, 0x8, 0xff, 0x50, 0x0,

    /* U+00CF "Ï" */
    0x2, 0x62, 0x0, 0x36, 0x10, 0x2f, 0xff, 0x13,
    0xff, 0xe0, 0x4f, 0xff, 0x36, 0xff, 0xf1, 0xb,
    0xfa, 0x1, 0xcf, 0x90, 0x0, 0x0, 0x0, 0x0,
    0x0, 0x0, 0x8, 0xff, 0x50, 0x0, 0x0, 0x8,
    0xff, 0x50, 0x0, 0x0, 0x8, 0xff, 0x50, 0x0,
    0x0, 0x8, 0xff, 0x50, 0x0, 0x0, 0x8, 0xff,
    0x50, 0x0, 0x0, 0x8, 0xff, 0x50, 0x0, 0x0,
    0x8, 0xff, 0x50, 0x0, 0x0, 0x8, 0xff, 0x50,
    0x0, 0x0, 0x8, 0xff, 0x50, 0x0, 0x0, 0x8,
    0xff, 0x50, 0x0, 0x0, 0x8, 0xff, 0x50, 0x0,
    0x0, 0x8, 0xff, 0x50, 0x0, 0x0, 0x8, 0xff,
    0x50, 0x0, 0x0, 0x8, 0xff, 0x50, 0x0, 0x0,
    0x8, 0xff, 0x50, 0x0,

    /* U+00D0 "Ð" */
    0xff, 0xff, 0xff, 0xfe, 0xc7, 0x0, 0xf, 0xff,
    0xff, 0xff, 0xff, 0xfd, 0x20, 0x78, 0xff, 0xf8,
    0x8a, 0xff, 0xfd, 0x0, 0xf, 0xff, 0x0, 0x1,
    0xef, 0xf4, 0x0, 0xff, 0xf0, 0x0, 0x7, 0xff,
    0x80, 0xf, 0xff, 0x0, 0x0, 0x4f, 0xfa, 0xff,
    0xff, 0xff, 0xf7, 0x3, 0xff, 0xbf, 0xff, 0xff,
    0xff, 0x70, 0x3f, 0xfb, 0x0, 0xff, 0xf0, 0x0,
    0x3, 0xff, 0xb0, 0xf, 0xff, 0x0, 0x0, 0x4f,
    0xfa, 0x0, 0xff, 0xf0, 0x0, 0x7, 0xff, 0x80,
    0xf, 0xff, 0x0, 0x1, 0xef, 0xf4, 0x78, 0xff,
    0xf8, 0x8a, 0xff, 0xfd, 0xf, 0xff, 0xff, 0xff,
    0xff, 0xfd, 0x20, 0xff, 0xff, 0xff, 0xfe, 0xc7,
    0x0, 0x0,

    /* U+00D1 "Ñ" */
    0x0, 0x5, 0xee, 0x70, 0x89, 0x0, 0x0, 0x4,
    0xff, 0xff, 0xff, 0xd0, 0x0, 0x0, 0x2d, 0x41,
    0xaf, 0xc2, 0x0, 0x0, 0x0, 0x0, 0x0, 0x0,
    0x0, 0x0, 0x8f, 0xff, 0xff, 0x10, 0x9, 0xff,
    0x48, 0xff, 0xff, 0xf5, 0x0, 0x9f, 0xf4, 0x8f,
    0xf7, 0xff, 0x80, 0x9, 0xff, 0x48, 0xff, 0x5e,
    0xfc, 0x0, 0x9f, 0xf4, 0x8f, 0xf5, 0xbf, 0xf0,
    0x9, 0xff, 0x48, 0xff, 0x57, 0xff, 0x40, 0x9f,
    0xf4, 0x8f, 0xf5, 0x3f, 0xf7, 0x9, 0xff, 0x48,
    0xff, 0x50, 0xff, 0xb0, 0x9f, 0xf4, 0x8f, 0xf5,
    0xc, 0xff, 0x9, 0xff, 0x48, 0xff, 0x50, 0x8f,
    0xf3, 0x9f, 0xf4, 0x8f, 0xf5, 0x4, 0xff, 0x69,
    0xff, 0x48, 0xff, 0x50, 0x1f, 0xfa, 0x9f, 0xf4,
    0x8f, 0xf5, 0x0, 0xdf, 0xe9, 0xff, 0x48, 0xff,
    0x50, 0x9, 0xff, 0xff, 0xf4, 0x8f, 0xf5, 0x0,
    0x5f, 0xff, 0xff, 0x40,

    /* U+00D2 "Ò" */
    0x0, 0x3, 0xcd, 0xa0, 0x0, 0x0, 0x0, 0x0,
    0x8, 0xff, 0x50, 0x0, 0x0, 0x0, 0x0, 0xb,
    0xfd, 0x0, 0x0, 0x0, 0x0, 0x0, 0x0, 0x0,
    0x0, 0x0, 0x0, 0x0, 0x0, 0x0, 0x0, 0x0,
    0x0, 0x1, 0x7c, 0xff, 0xec, 0x70, 0x0, 0x3,
    0xef, 0xff, 0xff, 0xff, 0xd2, 0x1, 0xff, 0xff,
    0xa9, 0xaf, 0xff, 0xd0, 0x8f, 0xfc, 0x10, 0x0,
    0x2e, 0xff, 0x6c, 0xff, 0x30, 0x0, 0x0, 0x5f,
    0xfa, 0xef, 0xf0, 0x0, 0x0, 0x2, 0xff, 0xce,
    0xff, 0x0, 0x0, 0x0, 0x2f, 0xfc, 0xef, 0xf0,
    0x0, 0x0, 0x2, 0xff, 0xce, 0xff, 0x0, 0x0,
    0x0, 0x2f, 0xfc, 0xef, 0xf0, 0x0, 0x0, 0x2,
    0xff, 0xcc, 0xff, 0x30, 0x0, 0x0, 0x5f, 0xfa,
    0x8f, 0xfc, 0x10, 0x0, 0x2d, 0xff, 0x61, 0xff,
    0xff, 0xa9, 0xaf, 0xff, 0xd0, 0x3, 0xef, 0xff,
    0xff, 0xff, 0xd2, 0x0, 0x1, 0x7c, 0xff, 0xfc,
    0x70, 0x0,

    /* U+00D3 "Ó" */
    0x0, 0x0, 0x0, 0xcd, 0xc2, 0x0, 0x0, 0x0,
    0x0, 0x7f, 0xf6, 0x0, 0x0, 0x0, 0x0, 0x1e,
    0xf9, 0x0, 0x0, 0x0, 0x0, 0x0, 0x0, 0x0,
    0x0, 0x0, 0x0, 0x0, 0x0, 0x0, 0x0, 0x0,
    0x0, 0x1, 0x7c, 0xff, 0xec, 0x70, 0x0, 0x3,
    0xef, 0xff, 0xff, 0xff, 0xd2, 0x1, 0xff, 0xff,
    0xa9, 0xaf, 0xff, 0xd0, 0x8f, 0xfc, 0x10, 0x0,
    0x2e, 0xff, 0x6c, 0xff, 0x30, 0x0, 0x0, 0x5f,
    0xfa, 0xef, 0xf0, 0x0, 0x0, 0x2, 0xff, 0xce,
    0xff, 0x0, 0x0, 0x0, 0x2f, 0xfc, 0xef, 0xf0,
    0x0, 0x0, 0x2, 0xff, 0xce, 0xff, 0x0, 0x0,
    0x0, 0x2f, 0xfc, 0xef, 0xf0, 0x0, 0x0, 0x2,
    0xff, 0xcc, 0xff, 0x30, 0x0, 0x0, 0x5f, 0xfa,
    0x8f, 0xfc, 0x10, 0x0, 0x2d, 0xff, 0x61, 0xff,
    0xff, 0xa9, 0xaf, 0xff, 0xd0, 0x3, 0xef, 0xff,
    0xff, 0xff, 0xd2, 0x0, 0x1, 0x7c, 0xff, 0xfc,
    0x70, 0x0,

    /* U+00D4 "Ô" */
    0x0, 0x0, 0x8d, 0xdd, 0x60, 0x0, 0x0, 0x0,
    0x7f, 0xfa, 0xff, 0x50, 0x0, 0x0, 0x5f, 0xf8,
    0xa, 0xff, 0x30, 0x0, 0x0, 0x0, 0x0, 0x0,
    0x0, 0x0, 0x0, 0x0, 0x0, 0x0, 0x0, 0x0,
    0x0, 0x1, 0x7c, 0xff, 0xec, 0x70, 0x0, 0x3,
    0xef, 0xff, 0xff, 0xff, 0xd2, 0x1, 0xff, 0xff,
    0xa9, 0xaf, 0xff, 0xd0, 0x8f, 0xfc, 0x10, 0x0,
    0x2e, 0xff, 0x6c, 0xff, 0x30, 0x0, 0x0, 0x5f,
    0xfa, 0xef, 0xf0, 0x0, 0x0, 0x2, 0xff, 0xce,
    0xff, 0x0, 0x0, 0x0, 0x2f, 0xfc, 0xef, 0xf0,
    0x0, 0x0, 0x2, 0xff, 0xce, 0xff, 0x0, 0x0,
    0x0, 0x2f, 0xfc, 0xef, 0xf0, 0x0, 0x0, 0x2,
    0xff, 0xcc, 0xff, 0x30, 0x0, 0x0, 0x5f, 0xfa,
    0x8f, 0xfc, 0x10, 0x0, 0x2d, 0xff, 0x61, 0xff,
    0xff, 0xa9, 0xaf, 0xff, 0xd0, 0x3, 0xef, 0xff,
    0xff, 0xff, 0xd2, 0x0, 0x1, 0x7c, 0xff, 0xfc,
    0x70, 0x0,

    /* U+00D5 "Õ" */
    0x0, 0x4, 0xde, 0x30, 0x35, 0x0, 0x0, 0x2,
    0xff, 0xfe, 0x1b, 0xf2, 0x0, 0x0, 0x2d, 0x72,
    0xff, 0xfe, 0x10, 0x0, 0x0, 0x0, 0x4, 0xed,
    0x20, 0x0, 0x0, 0x0, 0x0, 0x0, 0x0, 0x0,
    0x0, 0x1, 0x7c, 0xff, 0xec, 0x70, 0x0, 0x3,
    0xef, 0xff, 0xff, 0xff, 0xd2, 0x1, 0xff, 0xff,
    0xa9, 0xaf, 0xff, 0xd0, 0x8f, 0xfc, 0x10, 0x0,
    0x2e, 0xff, 0x6c, 0xff, 0x30, 0x0, 0x0, 0x5f,
    0xfa, 0xef, 0xf0, 0x0, 0x0, 0x2, 0xff, 0xce,
    0xff, 0x0, 0x0, 0x0, 0x2f, 0xfc, 0xef, 0xf0,
    0x0, 0x0, 0x2, 0xff, 0xce, 0xff, 0x0, 0x0,
    0x0, 0x2f, 0xfc, 0xef, 0xf0, 0x0, 0x0, 0x2,
    0xff, 0xcc, 0xff, 0x30, 0x0, 0x0, 0x5f, 0xfa,
    0x8f, 0xfc, 0x10, 0x0, 0x2d, 0xff, 0x61, 0xff,
    0xff, 0xa9, 0xaf, 0xff, 0xd0, 0x3, 0xef, 0xff,
    0xff, 0xff, 0xd2, 0x0, 0x1, 0x7c, 0xff, 0xfc,
    0x70, 0x0,

    /* U+00D6 "Ö" */
    0x0, 0x4e, 0xe4, 0x6, 0xfe, 0x30, 0x0, 0xb,
    0xff, 0xb0, 0xdf, 0xf9, 0x0, 0x0, 0x9f, 0xf9,
    0xb, 0xff, 0x70, 0x0, 0x0, 0x55, 0x0, 0x6,
    0x50, 0x0, 0x0, 0x0, 0x0, 0x0, 0x0, 0x0,
    0x0, 0x1, 0x7c, 0xff, 0xec, 0x70, 0x0, 0x3,
    0xef, 0xff, 0xff, 0xff, 0xd2, 0x1, 0xff, 0xff,
    0xa9, 0xaf, 0xff, 0xd0, 0x8f, 0xfc, 0x10, 0x0,
    0x2e, 0xff, 0x6c, 0xff, 0x30, 0x0, 0x0, 0x5f,
    0xfa, 0xef, 0xf0, 0x0, 0x0, 0x2, 0xff, 0xce,
    0xff, 0x0, 0x0, 0x0, 0x2f, 0xfc, 0xef, 0xf0,
    0x0, 0x0, 0x2, 0xff, 0xce, 0xff, 0x0, 0x0,
    0x0, 0x2f, 0xfc, 0xef, 0xf0, 0x0, 0x0, 0x2,
    0xff, 0xcc, 0xff, 0x30, 0x0, 0x0, 0x5f, 0xfa,
    0x8f, 0xfc, 0x10, 0x0, 0x2d, 0xff, 0x61, 0xff,
    0xff, 0xa9, 0xaf, 0xff, 0xd0, 0x3, 0xef, 0xff,
    0xff, 0xff, 0xd2, 0x0, 0x1, 0x7c, 0xff, 0xfc,
    0x70, 0x0,

    /* U+00D7 "×" */
    0x0, 0x0, 0x0, 0x0, 0x0, 0xb, 0x80, 0x0,
    0x1c, 0x60, 0x9f, 0xf9, 0x1, 0xdf, 0xf4, 0x2d,
    0xff, 0xad, 0xff, 0x90, 0x1, 0xdf, 0xff, 0xf9,
    0x0, 0x0, 0x3f, 0xff, 0xd0, 0x0, 0x2, 0xef,
    0xff, 0xfa, 0x0, 0x2e, 0xff, 0x8c, 0xff, 0xb0,
    0x9f, 0xf7, 0x0, 0xcf, 0xf3, 0x9, 0x60, 0x0,
    0xb, 0x40, 0x0, 0x0, 0x0, 0x0, 0x0,

    /* U+00D8 "Ø" */
    0x0, 0x0, 0x0, 0x0, 0x3, 0x0, 0x0, 0x0,
    0x0, 0x0, 0x1, 0xfe, 0x0, 0x0, 0x17, 0xcf,
    0xfe, 0xdf, 0xa0, 0x0, 0x3e, 0xff, 0xff, 0xff,
    0xfd, 0x20, 0x1f, 0xff, 0xfa, 0x9d, 0xff, 0xfd,
    0x8, 0xff, 0xc1, 0x0, 0xdf, 0xff, 0xf6, 0xcf,
    0xf3, 0x0, 0x4f, 0xe5, 0xff, 0xae, 0xff, 0x0,
    0xb, 0xf7, 0x2f, 0xfc, 0xef, 0xf0, 0x2, 0xff,
    0x12, 0xff, 0xce, 0xff, 0x0, 0x9f, 0x90, 0x2f,
    0xfc, 0xef, 0xf0, 0xf, 0xf2, 0x2, 0xff, 0xce,
    0xff, 0x7, 0xfb, 0x0, 0x2f, 0xfc, 0xcf, 0xf3,
    0xdf, 0x40, 0x5, 0xff, 0xa8, 0xff, 0xef, 0xd0,
    0x2, 0xdf, 0xf6, 0x1f, 0xff, 0xfd, 0x9a, 0xff,
    0xfd, 0x0, 0x3e, 0xff, 0xff, 0xff, 0xfd, 0x20,
    0x0, 0xaf, 0xef, 0xff, 0xc7, 0x0, 0x0, 0x1f,
    0xf1, 0x0, 0x0, 0x0, 0x0, 0x0, 0x46, 0x0,
    0x0, 0x0, 0x0, 0x0,

    /* U+00D9 "Ù" */
    0x0, 0x4, 0xdd, 0xa0, 0x0, 0x0, 0x0, 0x0,
    0x9, 0xff, 0x40, 0x0, 0x0, 0x0, 0x0, 0xb,
    0xfd, 0x0, 0x0, 0x0, 0x0, 0x0, 0x0, 0x0,
    0x0, 0x0, 0x0, 0x0, 0x0, 0x0, 0x0, 0x0,
    0xa, 0xff, 0x40, 0x0, 0x0, 0x7f, 0xf6, 0xaf,
    0xf4, 0x0, 0x0, 0x7, 0xff, 0x6a, 0xff, 0x40,
    0x0, 0x0, 0x7f, 0xf6, 0xaf, 0xf4, 0x0, 0x0,
    0x7, 0xff, 0x6a, 0xff, 0x40, 0x0, 0x0, 0x7f,
    0xf6, 0xaf, 0xf4, 0x0, 0x0, 0x7, 0xff, 0x6a,
    0xff, 0x40, 0x0, 0x0, 0x7f, 0xf6, 0xaf, 0xf4,
    0x0, 0x0, 0x7, 0xff, 0x6a, 0xff, 0x40, 0x0,
    0x0, 0x7f, 0xf6, 0xaf, 0xf4, 0x0, 0x0, 0x7,
    0xff, 0x69, 0xff, 0x60, 0x0, 0x0, 0xaf, 0xf5,
    0x5f, 0xfd, 0x10, 0x0, 0x3f, 0xff, 0x10, 0xdf,
    0xff, 0xa9, 0xbf, 0xff, 0xa0, 0x2, 0xef, 0xff,
    0xff, 0xff, 0xc0, 0x0, 0x0, 0x7c, 0xff, 0xeb,
    0x60, 0x0,

    /* U+00DA "Ú" */
    0x0, 0x0, 0x0, 0xcd, 0xc1, 0x0, 0x0, 0x0,
    0x0, 0x8f, 0xf5, 0x0, 0x0, 0x0, 0x0, 0x1f,
    0xf8, 0x0, 0x0, 0x0, 0x0, 0x0, 0x0, 0x0,
    0x0, 0x0, 0x0, 0x0, 0x0, 0x0, 0x0, 0x0,
    0xa, 0xff, 0x40, 0x0, 0x0, 0x7f, 0xf6, 0xaf,
    0xf4, 0x0, 0x0, 0x7, 0xff, 0x6a, 0xff, 0x40,
    0x0, 0x0, 0x7f, 0xf6, 0xaf, 0xf4, 0x0, 0x0,
    0x7, 0xff, 0x6a, 0xff, 0x40, 0x0, 0x0, 0x7f,
    0xf6, 0xaf, 0xf4, 0x0, 0x0, 0x7, 0xff, 0x6a,
    0xff, 0x40, 0x0, 0x0, 0x7f, 0xf6, 0xaf, 0xf4,
    0x0, 0x0, 0x7, 0xff, 0x6a, 0xff, 0x40, 0x0,
    0x0, 0x7f, 0xf6, 0xaf, 0xf4, 0x0, 0x0, 0x7,
    0xff, 0x69, 0xff, 0x60, 0x0, 0x0, 0xaf, 0xf5,
    0x5f, 0xfd, 0x10, 0x0, 0x3f, 0xff, 0x10, 0xdf,
    0xff, 0xa9, 0xbf, 0xff, 0xa0, 0x2, 0xef, 0xff,
    0xff, 0xff, 0xc0, 0x0, 0x0, 0x7c, 0xff, 0xeb,
    0x60, 0x0,

    /* U+00DB "Û" */
    0x0, 0x0, 0x9d, 0xdd, 0x60, 0x0, 0x0, 0x0,
    0x7f, 0xfb, 0xff, 0x40, 0x0, 0x0, 0x6f, 0xf7,
    0xb, 0xff, 0x30, 0x0, 0x0, 0x0, 0x0, 0x0,
    0x0, 0x0, 0x0, 0x0, 0x0, 0x0, 0x0, 0x0,
    0xa, 0xff, 0x40, 0x0, 0x0, 0x7f, 0xf6, 0xaf,
    0xf4, 0x0, 0x0, 0x7, 0xff, 0x6a, 0xff, 0x40,
    0x0, 0x0, 0x7f, 0xf6, 0xaf, 0xf4, 0x0, 0x0,
    0x7, 0xff, 0x6a, 0xff, 0x40, 0x0, 0x0, 0x7f,
    0xf6, 0xaf, 0xf4, 0x0, 0x0, 0x7, 0xff, 0x6a,
    0xff, 0x40, 0x0, 0x0, 0x7f, 0xf6, 0xaf, 0xf4,
    0x0, 0x0, 0x7, 0xff, 0x6a, 0xff, 0x40, 0x0,
    0x0, 0x7f, 0xf6, 0xaf, 0xf4, 0x0, 0x0, 0x7,
    0xff, 0x69, 0xff, 0x60, 0x0, 0x0, 0xaf, 0xf5,
    0x5f, 0xfd, 0x10, 0x0, 0x3f, 0xff, 0x10, 0xdf,
    0xff, 0xa9, 0xbf, 0xff, 0xa0, 0x2, 0xef, 0xff,
    0xff, 0xff, 0xc0, 0x0, 0x0, 0x7c, 0xff, 0xeb,
    0x60, 0x0,

    /* U+00DC "Ü" */
    0x0, 0x5e, 0xe4, 0x6, 0xfd, 0x20, 0x0, 0xc,
    0xff, 0xb0, 0xef, 0xf9, 0x0, 0x0, 0xaf, 0xf8,
    0xc, 0xff, 0x60, 0x0, 0x0, 0x65, 0x0, 0x16,
    0x50, 0x0, 0x0, 0x0, 0x0, 0x0, 0x0, 0x0,
    0xa, 0xff, 0x40, 0x0, 0x0, 0x7f, 0xf6, 0xaf,
    0xf4, 0x0, 0x0, 0x7, 0xff, 0x6a, 0xff, 0x40,
    0x0, 0x0, 0x7f, 0xf6, 0xaf, 0xf4, 0x0, 0x0,
    0x7, 0xff, 0x6a, 0xff, 0x40, 0x0, 0x0, 0x7f,
    0xf6, 0xaf, 0xf4, 0x0, 0x0, 0x7, 0xff, 0x6a,
    0xff, 0x40, 0x0, 0x0, 0x7f, 0xf6, 0xaf, 0xf4,
    0x0, 0x0, 0x7, 0xff, 0x6a, 0xff, 0x40, 0x0,
    0x0, 0x7f, 0xf6, 0xaf, 0xf4, 0x0, 0x0, 0x7,
    0xff, 0x69, 0xff, 0x60, 0x0, 0x0, 0xaf, 0xf5,
    0x5f, 0xfd, 0x10, 0x0, 0x3f, 0xff, 0x10, 0xdf,
    0xff, 0xa9, 0xbf, 0xff, 0xa0, 0x2, 0xef, 0xff,
    0xff, 0xff, 0xc0, 0x0, 0x0, 0x7c, 0xff, 0xeb,
    0x60, 0x0,

    /* U+00DD "Ý" */
    0x0, 0x0, 0x0, 0x9f, 0xf7, 0x0, 0x0, 0x0,
    0x0, 0x2, 0xff, 0xa0, 0x0, 0x0, 0x0, 0x0,
    0x8, 0xdb, 0x0, 0x0, 0x0, 0x0, 0x0, 0x0,
    0x0, 0x0, 0x0, 0x0, 0x8f, 0xfa, 0x0, 0x0,
    0x0, 0xef, 0xf4, 0x1f, 0xff, 0x20, 0x0, 0x7,
    0xff, 0xb0, 0x7, 0xff, 0xb0, 0x0, 0xe, 0xff,
    0x30, 0x0, 0xef, 0xf3, 0x0, 0x7f, 0xfa, 0x0,
    0x0, 0x6f, 0xfb, 0x0, 0xef, 0xf2, 0x0, 0x0,
    0xd, 0xff, 0x37, 0xff, 0x90, 0x0, 0x0, 0x5,
    0xff, 0xdf, 0xff, 0x10, 0x0, 0x0, 0x0, 0xdf,
    0xff, 0xf8, 0x0, 0x0, 0x0, 0x0, 0x4f, 0xff,
    0xf1, 0x0, 0x0, 0x0, 0x0, 0xc, 0xff, 0x70,
    0x0, 0x0, 0x0, 0x0, 0x9, 0xff, 0x50, 0x0,
    0x0, 0x0, 0x0, 0x9, 0xff, 0x50, 0x0, 0x0,
    0x0, 0x0, 0x9, 0xff, 0x50, 0x0, 0x0, 0x0,
    0x0, 0x9, 0xff, 0x50, 0x0, 0x0, 0x0, 0x0,
    0x9, 0xff, 0x50, 0x0, 0x0,

    /* U+00DE "Þ" */
    0x8f, 0xf5, 0x0, 0x0, 0x0, 0x0, 0x8f, 0xf5,
    0x0, 0x0, 0x0, 0x0, 0x8f, 0xfb, 0x99, 0x98,
    0x50, 0x0, 0x8f, 0xff, 0xff, 0xff, 0xfe, 0x30,
    0x8f, 0xff, 0xff, 0xff, 0xff, 0xe1, 0x8f, 0xf5,
    0x0, 0x3, 0xdf, 0xf7, 0x8f, 0xf5, 0x0, 0x0,
    0x4f, 0xfa, 0x8f, 0xf5, 0x0, 0x0, 0x3f, 0xfb,
    0x8f, 0xf5, 0x0, 0x0, 0x9f, 0xf9, 0x8f, 0xfb,
    0x99, 0x9c, 0xff, 0xf3, 0x8f, 0xff, 0xff, 0xff,
    0xff, 0x80, 0x8f, 0xff, 0xff, 0xff, 0xb4, 0x0,
    0x8f, 0xf5, 0x0, 0x0, 0x0, 0x0, 0x8f, 0xf5,
    0x0, 0x0, 0x0, 0x0, 0x8f, 0xf5, 0x0, 0x0,
    0x0, 0x0,

    /* U+00DF "ß" */
    0x0, 0x5, 0xbe, 0xfe, 0xa3, 0x0, 0x0, 0xa,
    0xff, 0xff, 0xff, 0xf5, 0x0, 0x8, 0xff, 0xe7,
    0x58, 0xff, 0xe0, 0x1, 0xff, 0xe1, 0x0, 0xa,
    0xff, 0x10, 0x4f, 0xf8, 0x0, 0x0, 0xdf, 0xf0,
    0x6, 0xff, 0x50, 0x2, 0xdf, 0xf6, 0x0, 0x7f,
    0xf5, 0x2, 0xff, 0xf5, 0x0, 0x7, 0xff, 0x50,
    0x6f, 0xfa, 0x10, 0x0, 0x7f, 0xf5, 0x2, 0xff,
    0xff, 0xa2, 0x7, 0xff, 0x50, 0x2, 0x9e, 0xff,
    0xf2, 0x7f, 0xf5, 0x0, 0x0, 0x6, 0xff, 0xa7,
    0xff, 0x52, 0x75, 0x0, 0xf, 0xfc, 0x7f, 0xf5,
    0xff, 0xe5, 0x39, 0xff, 0xa7, 0xff, 0x55, 0xff,
    0xff, 0xff, 0xe2, 0x7f, 0xf5, 0x3, 0xbf, 0xfe,
    0xa2, 0x0,

    /* U+00E0 "à" */
    0x0, 0x8, 0xff, 0x70, 0x0, 0x0, 0x0, 0x0,
    0xc, 0xfe, 0x10, 0x0, 0x0, 0x0, 0x0, 0x2f,
    0xf8, 0x0, 0x0, 0x0, 0x0, 0x0, 0x13, 0x20,
    0x0, 0x0, 0x0, 0x8, 0xdf, 0xfd, 0x81, 0x0,
    0x0, 0x1d, 0xff, 0xff, 0xff, 0xd0, 0x0, 0x8,
    0xff, 0x93, 0x39, 0xff, 0x70, 0x0, 0x2, 0x50,
    0x0, 0xf, 0xfb, 0x0, 0x0, 0x6c, 0xff, 0xff,
    0xff, 0xb0, 0x0, 0x8f, 0xff, 0xff, 0xff, 0xfb,
    0x0, 0xf, 0xfe, 0x20, 0x0, 0xff, 0xb0, 0x2,
    0xff, 0xa0, 0x0, 0x4f, 0xfb, 0x0, 0xf, 0xff,
    0x53, 0x6e, 0xff, 0xd4, 0x0, 0x8f, 0xff, 0xff,
    0xfa, 0xff, 0xf3, 0x0, 0x6c, 0xff, 0xc3, 0x1c,
    0xff, 0x30,

    /* U+00E1 "á" */
    0x0, 0x0, 0x2, 0xff, 0xd0, 0x0, 0x0, 0x0,
    0x0, 0xaf, 0xf3, 0x0, 0x0, 0x0, 0x0, 0x2f,
    0xf7, 0x0, 0x0, 0x0, 0x0, 0x1, 0x32, 0x0,
    0x0, 0x0, 0x0, 0x8, 0xdf, 0xfd, 0x81, 0x0,
    0x0, 0x1d, 0xff, 0xff, 0xff, 0xd0, 0x0, 0x8,
    0xff, 0x93, 0x39, 0xff, 0x70, 0x0, 0x2, 0x50,
    0x0, 0xf, 0xfb, 0x0, 0x0, 0x6c, 0xff, 0xff,
    0xff, 0xb0, 0x0, 0x8f, 0xff, 0xff, 0xff, 0xfb,
    0x0, 0xf, 0xfe, 0x20, 0x0, 0xff, 0xb0, 0x2,
    0xff, 0xa0, 0x0, 0x4f, 0xfb, 0x0, 0xf, 0xff,
    0x53, 0x6e, 0xff, 0xd4, 0x0, 0x8f, 0xff, 0xff,
    0xfa, 0xff, 0xf3, 0x0, 0x6c, 0xff, 0xc3, 0x1c,
    0xff, 0x30,

    /* U+00E2 "â" */
    0x0, 0x0, 0xdf, 0xff, 0x40, 0x0, 0x0, 0x0,
    0xbf, 0xec, 0xfe, 0x20, 0x0, 0x0, 0x8f, 0xf4,
    0xd, 0xfd, 0x0, 0x0, 0x2, 0x21, 0x0, 0x2,
    0x20, 0x0, 0x0, 0x8, 0xdf, 0xfd, 0x81, 0x0,
    0x0, 0x1d, 0xff, 0xff, 0xff, 0xd0, 0x0, 0x8,
    0xff, 0x93, 0x39, 0xff, 0x70, 0x0, 0x2, 0x50,
    0x0, 0xf, 0xfb, 0x0, 0x0, 0x6c, 0xff, 0xff,
    0xff, 0xb0, 0x0, 0x8f, 0xff, 0xff, 0xff, 0xfb,
    0x0, 0xf, 0xfe, 0x20, 0x0, 0xff, 0xb0, 0x2,
    0xff, 0xa0, 0x0, 0x4f, 0xfb, 0x0, 0xf, 0xff,
    0x53, 0x6e, 0xff, 0xd4, 0x0, 0x8f, 0xff, 0xff,
    0xfa, 0xff, 0xf3, 0x0, 0x6c, 0xff, 0xc3, 0x1c,
    0xff, 0x30,

    /* U+00E3 "ã" */
    0x0, 0x9, 0xfd, 0x52, 0xc7, 0x0, 0x0, 0x5,
    0xff, 0xff, 0xff, 0x90, 0x0, 0x0, 0x5e, 0x43,
    0xcf, 0xb0, 0x0, 0x0, 0x0, 0x0, 0x0, 0x0,
    0x0, 0x0, 0x0, 0x8, 0xdf, 0xfd, 0x81, 0x0,
    0x0, 0x1d, 0xff, 0xff, 0xff, 0xd0, 0x0, 0x8,
    0xff, 0x93, 0x39, 0xff, 0x70, 0x0, 0x2, 0x50,
    0x0, 0xf, 0xfb, 0x0, 0x0, 0x6c, 0xff, 0xff,
    0xff, 0xb0, 0x0, 0x8f, 0xff, 0xff, 0xff, 0xfb,
    0x0, 0xf, 0xfe, 0x20, 0x0, 0xff, 0xb0, 0x2,
    0xff, 0xa0, 0x0, 0x4f, 0xfb, 0x0, 0xf, 0xff,
    0x53, 0x6e, 0xff, 0xd4, 0x0, 0x8f, 0xff, 0xff,
    0xfa, 0xff, 0xf3, 0x0, 0x6c, 0xff, 0xc3, 0x1c,
    0xff, 0x30,

    /* U+00E4 "ä" */
    0x0, 0x5e, 0xe3, 0xb, 0xfa, 0x0, 0x0, 0xd,
    0xff, 0xa4, 0xff, 0xf3, 0x0, 0x0, 0xaf, 0xf8,
    0x2f, 0xff, 0x10, 0x0, 0x0, 0x65, 0x0, 0x36,
    0x20, 0x0, 0x0, 0x8, 0xdf, 0xfd, 0x81, 0x0,
    0x0, 0x1d, 0xff, 0xff, 0xff, 0xd0, 0x0, 0x8,
    0xff, 0x93, 0x39, 0xff, 0x70, 0x0, 0x2, 0x50,
    0x0, 0xf, 0xfb, 0x0, 0x0, 0x6c, 0xff, 0xff,
    0xff, 0xb0, 0x0, 0x8f, 0xff, 0xff, 0xff, 0xfb,
    0x0, 0xf, 0xfe, 0x20, 0x0, 0xff, 0xb0, 0x2,
    0xff, 0xa0, 0x0, 0x4f, 0xfb, 0x0, 0xf, 0xff,
    0x53, 0x6e, 0xff, 0xd4, 0x0, 0x8f, 0xff, 0xff,
    0xfa, 0xff, 0xf3, 0x0, 0x6c, 0xff, 0xc3, 0x1c,
    0xff, 0x30,

    /* U+00E5 "å" */
    0x0, 0x0, 0x5e, 0xfa, 0x0, 0x0, 0x0, 0x0,
    0xf, 0xda, 0xf6, 0x0, 0x0, 0x0, 0x0, 0xfd,
    0xaf, 0x50, 0x0, 0x0, 0x0, 0x5, 0xef, 0x90,
    0x0, 0x0, 0x0, 0x0, 0x0, 0x0, 0x0, 0x0,
    0x0, 0x0, 0x8d, 0xff, 0xd8, 0x10, 0x0, 0x1,
    0xdf, 0xff, 0xff, 0xfd, 0x0, 0x0, 0x8f, 0xf9,
    0x33, 0x9f, 0xf7, 0x0, 0x0, 0x25, 0x0, 0x0,
    0xff, 0xb0, 0x0, 0x6, 0xcf, 0xff, 0xff, 0xfb,
    0x0, 0x8, 0xff, 0xff, 0xff, 0xff, 0xb0, 0x0,
    0xff, 0xe2, 0x0, 0xf, 0xfb, 0x0, 0x2f, 0xfa,
    0x0, 0x4, 0xff, 0xb0, 0x0, 0xff, 0xf5, 0x36,
    0xef, 0xfd, 0x40, 0x8, 0xff, 0xff, 0xff, 0xaf,
    0xff, 0x30, 0x6, 0xcf, 0xfc, 0x31, 0xcf, 0xf3,

    /* U+00E6 "æ" */
    0x0, 0x18, 0xdf, 0xfd, 0x80, 0x2a, 0xef, 0xe9,
    0x10, 0x0, 0x1e, 0xff, 0xff, 0xff, 0xff, 0xff,
    0xff, 0xfe, 0x20, 0xa, 0xff, 0x83, 0x49, 0xff,
    0xfb, 0x43, 0x7f, 0xfc, 0x0, 0x2, 0x40, 0x0,
    0xe, 0xfe, 0x0, 0x0, 0x8f, 0xf1, 0x0, 0x6c,
    0xff, 0xff, 0xff, 0xff, 0xff, 0xff, 0xff, 0x40,
    0x8f, 0xff, 0xff, 0xff, 0xff, 0xff, 0xff, 0xff,
    0xf4, 0xf, 0xfd, 0x20, 0x0, 0xff, 0xe0, 0x0,
    0x0, 0x0, 0x2, 0xff, 0xa0, 0x0, 0x5f, 0xff,
    0x40, 0x0, 0x58, 0x0, 0xf, 0xff, 0x86, 0x9f,
    0xff, 0xff, 0x86, 0x9f, 0xfb, 0x0, 0x8f, 0xff,
    0xff, 0xfc, 0x3e, 0xff, 0xff, 0xff, 0x40, 0x0,
    0x5c, 0xff, 0xd8, 0x0, 0x19, 0xef, 0xeb, 0x30,
    0x0,

    /* U+00E7 "ç" */
    0x0, 0x3a, 0xef, 0xfc, 0x60, 0x0, 0x6, 0xff,
    0xff, 0xff, 0xfb, 0x0, 0x3f, 0xff, 0xa7, 0x8e,
    0xff, 0x70, 0xbf, 0xf6, 0x0, 0x1, 0xff, 0xe0,
    0xef, 0xe0, 0x0, 0x0, 0x66, 0x20, 0xff, 0xc0,
    0x0, 0x0, 0x0, 0x0, 0xef, 0xe0, 0x0, 0x0,
    0x56, 0x20, 0xbf, 0xf6, 0x0, 0x1, 0xef, 0xf0,
    0x3f, 0xff, 0xa6, 0x7e, 0xff, 0x80, 0x6, 0xff,
    0xff, 0xff, 0xfb, 0x0, 0x0, 0x3a, 0xef, 0xfc,
    0x60, 0x0, 0x0, 0x0, 0x5f, 0xc5, 0x0, 0x0,
    0x0, 0x0, 0x14, 0xaf, 0x60, 0x0, 0x0, 0x8,
    0xcb, 0xef, 0x80, 0x0, 0x0, 0x9, 0xef, 0xea,
    0x10, 0x0,

    /* U+00E8 "è" */
    0x0, 0x4f, 0xfc, 0x0, 0x0, 0x0, 0x0, 0x8f,
    0xf4, 0x0, 0x0, 0x0, 0x0, 0xcf, 0xc0, 0x0,
    0x0, 0x0, 0x1, 0x33, 0x0, 0x0, 0x0, 0x4b,
    0xef, 0xea, 0x30, 0x0, 0x7f, 0xff, 0xff, 0xff,
    0x50, 0x4f, 0xfe, 0x76, 0x8e, 0xff, 0x2b, 0xff,
    0x10, 0x0, 0x3f, 0xf8, 0xef, 0xff, 0xff, 0xff,
    0xff, 0xbf, 0xff, 0xff, 0xff, 0xff, 0xfc, 0xef,
    0xe0, 0x0, 0x0, 0x0, 0xb, 0xff, 0x50, 0x0,
    0x3d, 0x50, 0x4f, 0xff, 0x96, 0x7e, 0xff, 0x20,
    0x7f, 0xff, 0xff, 0xff, 0x60, 0x0, 0x3a, 0xef,
    0xeb, 0x30, 0x0,

    /* U+00E9 "é" */
    0x0, 0x0, 0xd, 0xff, 0x30, 0x0, 0x0, 0x5,
    0xff, 0x70, 0x0, 0x0, 0x0, 0xdf, 0xb0, 0x0,
    0x0, 0x0, 0x3, 0x30, 0x0, 0x0, 0x0, 0x4b,
    0xef, 0xea, 0x30, 0x0, 0x7f, 0xff, 0xff, 0xff,
    0x50, 0x4f, 0xfe, 0x76, 0x8e, 0xff, 0x2b, 0xff,
    0x10, 0x0, 0x3f, 0xf8, 0xef, 0xff, 0xff, 0xff,
    0xff, 0xbf, 0xff, 0xff, 0xff, 0xff, 0xfc, 0xef,
    0xe0, 0x0, 0x0, 0x0, 0xb, 0xff, 0x50, 0x0,
    0x3d, 0x50, 0x4f, 0xff, 0x96, 0x7e, 0xff, 0x20,
    0x7f, 0xff, 0xff, 0xff, 0x60, 0x0, 0x3a, 0xef,
    0xeb, 0x30, 0x0,

    /* U+00EA "ê" */
    0x0, 0x9, 0xff, 0xf8, 0x0, 0x0, 0x6, 0xff,
    0xbf, 0xf5, 0x0, 0x4, 0xff, 0x80, 0x9f, 0xf3,
    0x0, 0x12, 0x20, 0x0, 0x22, 0x10, 0x0, 0x4b,
    0xef, 0xea, 0x30, 0x0, 0x7f, 0xff, 0xff, 0xff,
    0x50, 0x4f, 0xfe, 0x76, 0x8e, 0xff, 0x2b, 0xff,
    0x10, 0x0, 0x3f, 0xf8, 0xef, 0xff, 0xff, 0xff,
    0xff, 0xbf, 0xff, 0xff, 0xff, 0xff, 0xfc, 0xef,
    0xe0, 0x0, 0x0, 0x0, 0xb, 0xff, 0x50, 0x0,
    0x3d, 0x50, 0x4f, 0xff, 0x96, 0x7e, 0xff, 0x20,
    0x7f, 0xff, 0xff, 0xff, 0x60, 0x0, 0x3a, 0xef,
    0xeb, 0x30, 0x0,

    /* U+00EB "ë" */
    0x2, 0xdf, 0x70, 0x7f, 0xd1, 0x0, 0x8f, 0xff,
    0xf, 0xff, 0x70, 0x6, 0xff, 0xc0, 0xdf, 0xf5,
    0x0, 0x4, 0x61, 0x1, 0x64, 0x0, 0x0, 0x4b,
    0xef, 0xea, 0x30, 0x0, 0x7f, 0xff, 0xff, 0xff,
    0x50, 0x4f, 0xfe, 0x76, 0x8e, 0xff, 0x2b, 0xff,
    0x10, 0x0, 0x3f, 0xf8, 0xef, 0xff, 0xff, 0xff,
    0xff, 0xbf, 0xff, 0xff, 0xff, 0xff, 0xfc, 0xef,
    0xe0, 0x0, 0x0, 0x0, 0xb, 0xff, 0x50, 0x0,
    0x3d, 0x50, 0x4f, 0xff, 0x96, 0x7e, 0xff, 0x20,
    0x7f, 0xff, 0xff, 0xff, 0x60, 0x0, 0x3a, 0xef,
    0xeb, 0x30, 0x0,

    /* U+00EC "ì" */
    0xc, 0xff, 0x30, 0x2, 0xef, 0xb0, 0x0, 0x5f,
    0xf3, 0x0, 0x2, 0x31, 0x0, 0x7f, 0xf5, 0x0,
    0x7f, 0xf5, 0x0, 0x7f, 0xf5, 0x0, 0x7f, 0xf5,
    0x0, 0x7f, 0xf5, 0x0, 0x7f, 0xf5, 0x0, 0x7f,
    0xf5, 0x0, 0x7f, 0xf5, 0x0, 0x7f, 0xf5, 0x0,
    0x7f, 0xf5, 0x0, 0x7f, 0xf5,

    /* U+00ED "í" */
    0x6, 0xff, 0xa0, 0xdf, 0xd0, 0x6f, 0xf3, 0x2,
    0x32, 0x0, 0x7f, 0xf5, 0x7, 0xff, 0x50, 0x7f,
    0xf5, 0x7, 0xff, 0x50, 0x7f, 0xf5, 0x7, 0xff,
    0x50, 0x7f, 0xf5, 0x7, 0xff, 0x50, 0x7f, 0xf5,
    0x7, 0xff, 0x50, 0x7f, 0xf5, 0x0,

    /* U+00EE "î" */
    0x0, 0x3f, 0xff, 0xe1, 0x0, 0x1, 0xef, 0xde,
    0xfd, 0x0, 0xc, 0xfd, 0x12, 0xef, 0xb0, 0x0,
    0x0, 0x0, 0x0, 0x0, 0x0, 0x7, 0xff, 0x50,
    0x0, 0x0, 0x7, 0xff, 0x50, 0x0, 0x0, 0x7,
    0xff, 0x50, 0x0, 0x0, 0x7, 0xff, 0x50, 0x0,
    0x0, 0x7, 0xff, 0x50, 0x0, 0x0, 0x7, 0xff,
    0x50, 0x0, 0x0, 0x7, 0xff, 0x50, 0x0, 0x0,
    0x7, 0xff, 0x50, 0x0, 0x0, 0x7, 0xff, 0x50,
    0x0, 0x0, 0x7, 0xff, 0x50, 0x0, 0x0, 0x7,
    0xff, 0x50, 0x0,

    /* U+00EF "ï" */
    0x9, 0xfc, 0x12, 0xdf, 0x71, 0xff, 0xf6, 0x8f,
    0xfe, 0xe, 0xff, 0x36, 0xff, 0xc0, 0x16, 0x30,
    0x4, 0x61, 0x0, 0x7, 0xff, 0x50, 0x0, 0x0,
    0x7f, 0xf5, 0x0, 0x0, 0x7, 0xff, 0x50, 0x0,
    0x0, 0x7f, 0xf5, 0x0, 0x0, 0x7, 0xff, 0x50,
    0x0, 0x0, 0x7f, 0xf5, 0x0, 0x0, 0x7, 0xff,
    0x50, 0x0, 0x0, 0x7f, 0xf5, 0x0, 0x0, 0x7,
    0xff, 0x50, 0x0, 0x0, 0x7f, 0xf5, 0x0, 0x0,
    0x7, 0xff, 0x50, 0x0,

    /* U+00F0 "ð" */
    0x0, 0x0, 0x0, 0x0, 0x0, 0x0, 0x0, 0x2,
    0xa3, 0x3d, 0x30, 0x0, 0x0, 0x8, 0xff, 0xff,
    0x20, 0x0, 0x0, 0x6, 0xef, 0xfe, 0x30, 0x0,
    0x0, 0x0, 0x6f, 0xff, 0xf2, 0x0, 0x0, 0x0,
    0xcc, 0x4f, 0xfc, 0x0, 0x0, 0x0, 0x1, 0x5,
    0xff, 0x60, 0x0, 0x5c, 0xff, 0xc3, 0xcf, 0xc0,
    0x8, 0xff, 0xff, 0xff, 0xef, 0xf1, 0x4f, 0xff,
    0x74, 0x5c, 0xff, 0xf5, 0xbf, 0xf4, 0x0, 0x0,
    0xcf, 0xf7, 0xef, 0xe0, 0x0, 0x0, 0x6f, 0xf7,
    0xff, 0xc0, 0x0, 0x0, 0x5f, 0xf7, 0xef, 0xe0,
    0x0, 0x0, 0x7f, 0xf4, 0xaf, 0xf6, 0x0, 0x1,
    0xef, 0xf0, 0x2f, 0xff, 0xa6, 0x8e, 0xff, 0x80,
    0x5, 0xff, 0xff, 0xff, 0xfb, 0x0, 0x0, 0x29,
    0xef, 0xfc, 0x60, 0x0,

    /* U+00F1 "ñ" */
    0x0, 0x3d, 0xf9, 0x17, 0xb2, 0x0, 0x0, 0xdf,
    0xff, 0xff, 0xf2, 0x0, 0x1, 0xcb, 0x18, 0xff,
    0x50, 0x0, 0x0, 0x0, 0x0, 0x0, 0x0, 0x0,
    0x7f, 0xf4, 0x6d, 0xff, 0xb2, 0x0, 0x7f, 0xfc,
    0xff, 0xff, 0xff, 0x20, 0x7f, 0xff, 0x93, 0x39,
    0xff, 0xb0, 0x7f, 0xfb, 0x0, 0x0, 0xdf, 0xf0,
    0x7f, 0xf6, 0x0, 0x0, 0xaf, 0xf1, 0x7f, 0xf5,
    0x0, 0x0, 0xaf, 0xf1, 0x7f, 0xf5, 0x0, 0x0,
    0xaf, 0xf1, 0x7f, 0xf5, 0x0, 0x0, 0xaf, 0xf1,
    0x7f, 0xf5, 0x0, 0x0, 0xaf, 0xf1, 0x7f, 0xf5,
    0x0, 0x0, 0xaf, 0xf1, 0x7f, 0xf5, 0x0, 0x0,
    0xaf, 0xf1,

    /* U+00F2 "ò" */
    0x0, 0x1e, 0xff, 0x10, 0x0, 0x0, 0x0, 0x4,
    0xff, 0x80, 0x0, 0x0, 0x0, 0x0, 0x8f, 0xf1,
    0x0, 0x0, 0x0, 0x0, 0x3, 0x31, 0x0, 0x0,
    0x0, 0x3a, 0xef, 0xfc, 0x60, 0x0, 0x6, 0xff,
    0xff, 0xff, 0xfc, 0x10, 0x3f, 0xff, 0xa7, 0x8e,
    0xff, 0xb0, 0xbf, 0xf6, 0x0, 0x1, 0xdf, 0xf2,
    0xef, 0xe0, 0x0, 0x0, 0x6f, 0xf6, 0xff, 0xc0,
    0x0, 0x0, 0x5f, 0xf7, 0xef, 0xe0, 0x0, 0x0,
    0x6f, 0xf6, 0xbf, 0xf5, 0x0, 0x1, 0xdf, 0xf2,
    0x3f, 0xff, 0xa6, 0x8e, 0xff, 0xb0, 0x6, 0xff,
    0xff, 0xff, 0xfc, 0x10, 0x0, 0x3a, 0xef, 0xfc,
    0x60, 0x0,

    /* U+00F3 "ó" */
    0x0, 0x0, 0x9, 0xff, 0x70, 0x0, 0x0, 0x0,
    0x1f, 0xfb, 0x0, 0x0, 0x0, 0x0, 0x9f, 0xe1,
    0x0, 0x0, 0x0, 0x0, 0x23, 0x10, 0x0, 0x0,
    0x0, 0x3a, 0xef, 0xfc, 0x60, 0x0, 0x6, 0xff,
    0xff, 0xff, 0xfc, 0x10, 0x3f, 0xff, 0xa7, 0x8e,
    0xff, 0xb0, 0xbf, 0xf6, 0x0, 0x1, 0xdf, 0xf2,
    0xef, 0xe0, 0x0, 0x0, 0x6f, 0xf6, 0xff, 0xc0,
    0x0, 0x0, 0x5f, 0xf7, 0xef, 0xe0, 0x0, 0x0,
    0x6f, 0xf6, 0xbf, 0xf5, 0x0, 0x1, 0xdf, 0xf2,
    0x3f, 0xff, 0xa6, 0x8e, 0xff, 0xb0, 0x6, 0xff,
    0xff, 0xff, 0xfc, 0x10, 0x0, 0x3a, 0xef, 0xfc,
    0x60, 0x0,

    /* U+00F4 "ô" */
    0x0, 0x5, 0xff, 0xfc, 0x0, 0x0, 0x0, 0x3f,
    0xfc, 0xff, 0x90, 0x0, 0x1, 0xef, 0xc0, 0x5f,
    0xf6, 0x0, 0x0, 0x22, 0x0, 0x1, 0x21, 0x0,
    0x0, 0x3a, 0xef, 0xfc, 0x60, 0x0, 0x6, 0xff,
    0xff, 0xff, 0xfc, 0x10, 0x3f, 0xff, 0xa7, 0x8e,
    0xff, 0xb0, 0xbf, 0xf6, 0x0, 0x1, 0xdf, 0xf2,
    0xef, 0xe0, 0x0, 0x0, 0x6f, 0xf6, 0xff, 0xc0,
    0x0, 0x0, 0x5f, 0xf7, 0xef, 0xe0, 0x0, 0x0,
    0x6f, 0xf6, 0xbf, 0xf5, 0x0, 0x1, 0xdf, 0xf2,
    0x3f, 0xff, 0xa6, 0x8e, 0xff, 0xb0, 0x6, 0xff,
    0xff, 0xff, 0xfc, 0x10, 0x0, 0x3a, 0xef, 0xfc,
    0x60, 0x0,

    /* U+00F5 "õ" */
    0x0, 0x2d, 0xfa, 0x26, 0xc3, 0x0, 0x0, 0xcf,
    0xff, 0xff, 0xf2, 0x0, 0x1, 0xbc, 0x17, 0xee,
    0x60, 0x0, 0x0, 0x0, 0x0, 0x0, 0x0, 0x0,
    0x0, 0x3a, 0xef, 0xfc, 0x60, 0x0, 0x6, 0xff,
    0xff, 0xff, 0xfc, 0x10, 0x3f, 0xff, 0xa7, 0x8e,
    0xff, 0xb0, 0xbf, 0xf6, 0x0, 0x1, 0xdf, 0xf2,
    0xef, 0xe0, 0x0, 0x0, 0x6f, 0xf6, 0xff, 0xc0,
    0x0, 0x0, 0x5f, 0xf7, 0xef, 0xe0, 0x0, 0x0,
    0x6f, 0xf6, 0xbf, 0xf5, 0x0, 0x1, 0xdf, 0xf2,
    0x3f, 0xff, 0xa6, 0x8e, 0xff, 0xb0, 0x6, 0xff,
    0xff, 0xff, 0xfc, 0x10, 0x0, 0x3a, 0xef, 0xfc,
    0x60, 0x0,

    /* U+00F6 "ö" */
    0x0, 0xbf, 0xa0, 0x4e, 0xe4, 0x0, 0x4, 0xff,
    0xf3, 0xbf, 0xfb, 0x0, 0x2, 0xff, 0xf1, 0x9f,
    0xf9, 0x0, 0x0, 0x26, 0x20, 0x5, 0x50, 0x0,
    0x0, 0x3a, 0xef, 0xfc, 0x60, 0x0, 0x6, 0xff,
    0xff, 0xff, 0xfc, 0x10, 0x3f, 0xff, 0xa7, 0x8e,
    0xff, 0xb0, 0xbf, 0xf6, 0x0, 0x1, 0xdf, 0xf2,
    0xef, 0xe0, 0x0, 0x0, 0x6f, 0xf6, 0xff, 0xc0,
    0x0, 0x0, 0x5f, 0xf7, 0xef, 0xe0, 0x0, 0x0,
    0x6f, 0xf6, 0xbf, 0xf5, 0x0, 0x1, 0xdf, 0xf2,
    0x3f, 0xff, 0xa6, 0x8e, 0xff, 0xb0, 0x6, 0xff,
    0xff, 0xff, 0xfc, 0x10, 0x0, 0x3a, 0xef, 0xfc,
    0x60, 0x0,

    /* U+00F7 "÷" */
    0x0, 0x6, 0xfd, 0x20, 0x0, 0x0, 0xf, 0xff,
    0xa0, 0x0, 0x0, 0xe, 0xff, 0x90, 0x0, 0x0,
    0x3, 0xa9, 0x0, 0x0, 0x0, 0x0, 0x0, 0x0,
    0x0, 0xcf, 0xff, 0xff, 0xff, 0xf6, 0xcf, 0xff,
    0xff, 0xff, 0xf6, 0x57, 0x77, 0x77, 0x77, 0x73,
    0x0, 0x3, 0xa8, 0x0, 0x0, 0x0, 0xe, 0xff,
    0x90, 0x0, 0x0, 0xf, 0xff, 0xa0, 0x0, 0x0,
    0x6, 0xfd, 0x20, 0x0,

    /* U+00F8 "ø" */
    0x0, 0x0, 0x0, 0x0, 0x0, 0x0, 0x0, 0x0,
    0x0, 0x0, 0x3e, 0x40, 0x0, 0x3a, 0xef, 0xfc,
    0xef, 0x40, 0x6, 0xff, 0xff, 0xff, 0xfe, 0x10,
    0x3f, 0xff, 0xa7, 0xbf, 0xff, 0xb0, 0xbf, 0xf6,
    0x1, 0xef, 0xef, 0xf2, 0xef, 0xe0, 0xa, 0xf8,
    0x6f, 0xf6, 0xff, 0xc0, 0x5f, 0xd0, 0x5f, 0xf7,
    0xef, 0xe1, 0xef, 0x30, 0x6f, 0xf6, 0xbf, 0xfd,
    0xf7, 0x1, 0xdf, 0xf2, 0x3f, 0xff, 0xf7, 0x8e,
    0xff, 0xb0, 0x8, 0xff, 0xff, 0xff, 0xfc, 0x10,
    0xc, 0xfc, 0xef, 0xfc, 0x60, 0x0, 0x1c, 0xc0,
    0x0, 0x0, 0x0, 0x0, 0x0, 0x0, 0x0, 0x0,
    0x0, 0x0,

    /* U+00F9 "ù" */
    0x0, 0x1e, 0xff, 0x10, 0x0, 0x0, 0x0, 0x4,
    0xff, 0x80, 0x0, 0x0, 0x0, 0x0, 0x8f, 0xf1,
    0x0, 0x0, 0x0, 0x0, 0x3, 0x31, 0x0, 0x0,
    0x8f, 0xf3, 0x0, 0x0, 0xcf, 0xf0, 0x8f, 0xf3,
    0x0, 0x0, 0xcf, 0xf0, 0x8f, 0xf3, 0x0, 0x0,
    0xcf, 0xf0, 0x8f, 0xf3, 0x0, 0x0, 0xcf, 0xf0,
    0x8f, 0xf3, 0x0, 0x0, 0xcf, 0xf0, 0x8f, 0xf3,
    0x0, 0x0, 0xcf, 0xf0, 0x8f, 0xf3, 0x0, 0x0,
    0xdf, 0xf0, 0x7f, 0xf7, 0x0, 0x4, 0xff, 0xf0,
    0x2f, 0xff, 0x74, 0x7e, 0xff, 0xf0, 0x8, 0xff,
    0xff, 0xfd, 0xdf, 0xf0, 0x0, 0x6d, 0xff, 0xa1,
    0xbf, 0xf0,

    /* U+00FA "ú" */
    0x0, 0x0, 0x9, 0xff, 0x70, 0x0, 0x0, 0x0,
    0x1f, 0xfb, 0x0, 0x0, 0x0, 0x0, 0x9f, 0xe1,
    0x0, 0x0, 0x0, 0x0, 0x23, 0x10, 0x0, 0x0,
    0x8f, 0xf3, 0x0, 0x0, 0xcf, 0xf0, 0x8f, 0xf3,
    0x0, 0x0, 0xcf, 0xf0, 0x8f, 0xf3, 0x0, 0x0,
    0xcf, 0xf0, 0x8f, 0xf3, 0x0, 0x0, 0xcf, 0xf0,
    0x8f, 0xf3, 0x0, 0x0, 0xcf, 0xf0, 0x8f, 0xf3,
    0x0, 0x0, 0xcf, 0xf0, 0x8f, 0xf3, 0x0, 0x0,
    0xdf, 0xf0, 0x7f, 0xf7, 0x0, 0x4, 0xff, 0xf0,
    0x2f, 0xff, 0x74, 0x7e, 0xff, 0xf0, 0x8, 0xff,
    0xff, 0xfd, 0xdf, 0xf0, 0x0, 0x6d, 0xff, 0xa1,
    0xbf, 0xf0,

    /* U+00FB "û" */
    0x0, 0x5, 0xff, 0xfc, 0x0, 0x0, 0x0, 0x3f,
    0xfb, 0xff, 0xa0, 0x0, 0x2, 0xef, 0xb0, 0x4f,
    0xf8, 0x0, 0x0, 0x0, 0x0, 0x0, 0x0, 0x0,
    0x8f, 0xf3, 0x0, 0x0, 0xcf, 0xf0, 0x8f, 0xf3,
    0x0, 0x0, 0xcf, 0xf0, 0x8f, 0xf3, 0x0, 0x0,
    0xcf, 0xf0, 0x8f, 0xf3, 0x0, 0x0, 0xcf, 0xf0,
    0x8f, 0xf3, 0x0, 0x0, 0xcf, 0xf0, 0x8f, 0xf3,
    0x0, 0x0, 0xcf, 0xf0, 0x8f, 0xf3, 0x0, 0x0,
    0xdf, 0xf0, 0x7f, 0xf7, 0x0, 0x4, 0xff, 0xf0,
    0x2f, 0xff, 0x74, 0x7e, 0xff, 0xf0, 0x8, 0xff,
    0xff, 0xfd, 0xdf, 0xf0, 0x0, 0x6d, 0xff, 0xa1,
    0xbf, 0xf0,

    /* U+00FC "ü" */
    0x0, 0xbf, 0xa0, 0x4e, 0xe4, 0x0, 0x4, 0xff,
    0xf3, 0xbf, 0xfb, 0x0, 0x2, 0xff, 0xf1, 0x9f,
    0xf9, 0x0, 0x0, 0x26, 0x20, 0x5, 0x50, 0x0,
    0x8f, 0xf3, 0x0, 0x0, 0xcf, 0xf0, 0x8f, 0xf3,
    0x0, 0x0, 0xcf, 0xf0, 0x8f, 0xf3, 0x0, 0x0,
    0xcf, 0xf0, 0x8f, 0xf3, 0x0, 0x0, 0xcf, 0xf0,
    0x8f, 0xf3, 0x0, 0x0, 0xcf, 0xf0, 0x8f, 0xf3,
    0x0, 0x0, 0xcf, 0xf0, 0x8f, 0xf3, 0x0, 0x0,
    0xdf, 0xf0, 0x7f, 0xf7, 0x0, 0x4, 0xff, 0xf0,
    0x2f, 0xff, 0x74, 0x7e, 0xff, 0xf0, 0x8, 0xff,
    0xff, 0xfd, 0xdf, 0xf0, 0x0, 0x6d, 0xff, 0xa1,
    0xbf, 0xf0,

    /* U+00FD "ý" */
    0x0, 0x0, 0x9, 0xff, 0x70, 0x0, 0x0, 0x0,
    0x1f, 0xfb, 0x0, 0x0, 0x0, 0x0, 0x9f, 0xe1,
    0x0, 0x0, 0x0, 0x0, 0x23, 0x10, 0x0, 0x0,
    0x8f, 0xf3, 0x0, 0x0, 0xcf, 0xf0, 0x8f, 0xf3,
    0x0, 0x0, 0xcf, 0xf0, 0x8f, 0xf3, 0x0, 0x0,
    0xcf, 0xf0, 0x8f, 0xf3, 0x0, 0x0, 0xcf, 0xf0,
    0x8f, 0xf3, 0x0, 0x0, 0xcf, 0xf0, 0x8f, 0xf3,
    0x0, 0x0, 0xcf, 0xf0, 0x8f, 0xf3, 0x0, 0x0,
    0xdf, 0xf0, 0x7f, 0xf7, 0x0, 0x4, 0xff, 0xf0,
    0x2f, 0xff, 0x74, 0x7e, 0xff, 0xf0, 0x8, 0xff,
    0xff, 0xfd, 0xdf, 0xf0, 0x0, 0x6d, 0xff, 0xa1,
    0xbf, 0xf0, 0x0, 0x0, 0x0, 0x0, 0xbf, 0xf0,
    0x1, 0x66, 0x66, 0x66, 0xef, 0xf0, 0x4, 0xff,
    0xff, 0xff, 0xff, 0xd0, 0x4, 0xff, 0xff, 0xff,
    0xfd, 0x30,

    /* U+00FE "þ" */
    0x7f, 0xf5, 0x0, 0x0, 0x0, 0x0, 0x7, 0xff,
    0x50, 0x0, 0x0, 0x0, 0x0, 0x7f, 0xf5, 0x0,
    0x0, 0x0, 0x0, 0x7, 0xff, 0x50, 0x0, 0x0,
    0x0, 0x0, 0x7f, 0xf5, 0x8d, 0xff, 0xc6, 0x0,
    0x7, 0xff, 0xff, 0xff, 0xff, 0xfa, 0x0, 0x7f,
    0xff, 0xd7, 0x69, 0xff, 0xf5, 0x7, 0xff, 0xd0,
    0x0, 0x5, 0xff, 0xc0, 0x7f, 0xf6, 0x0, 0x0,
    0xd, 0xff, 0x7, 0xff, 0x40, 0x0, 0x0, 0xcf,
    0xf0, 0x7f, 0xf6, 0x0, 0x0, 0xd, 0xff, 0x7,
    0xff, 0xc0, 0x0, 0x5, 0xff, 0xc0, 0x7f, 0xff,
    0xd7, 0x69, 0xff, 0xf5, 0x7, 0xff, 0x8f, 0xff,
    0xff, 0xfa, 0x0, 0x7f, 0xf5, 0x3c, 0xff, 0xc6,
    0x0, 0x7, 0xff, 0x50, 0x0, 0x0, 0x0, 0x0,
    0x7f, 0xf5, 0x0, 0x0, 0x0, 0x0, 0x7, 0xff,
    0x50, 0x0, 0x0, 0x0, 0x0, 0x7f, 0xf5, 0x0,
    0x0, 0x0, 0x0, 0x0,

    /* U+00FF "ÿ" */
    0x0, 0xbf, 0xa0, 0x4e, 0xe4, 0x0, 0x4, 0xff,
    0xf3, 0xbf, 0xfb, 0x0, 0x2, 0xff, 0xf1, 0x9f,
    0xf9, 0x0, 0x0, 0x26, 0x20, 0x5, 0x50, 0x0,
    0x8f, 0xf3, 0x0, 0x0, 0xcf, 0xf0, 0x8f, 0xf3,
    0x0, 0x0, 0xcf, 0xf0, 0x8f, 0xf3, 0x0, 0x0,
    0xcf, 0xf0, 0x8f, 0xf3, 0x0, 0x0, 0xcf, 0xf0,
    0x8f, 0xf3, 0x0, 0x0, 0xcf, 0xf0, 0x8f, 0xf3,
    0x0, 0x0, 0xcf, 0xf0, 0x8f, 0xf3, 0x0, 0x0,
    0xdf, 0xf0, 0x7f, 0xf7, 0x0, 0x4, 0xff, 0xf0,
    0x2f, 0xff, 0x74, 0x7e, 0xff, 0xf0, 0x8, 0xff,
    0xff, 0xfd, 0xdf, 0xf0, 0x0, 0x6d, 0xff, 0xa1,
    0xbf, 0xf0, 0x0, 0x0, 0x0, 0x0, 0xbf, 0xf0,
    0x1, 0x66, 0x66, 0x66, 0xef, 0xf0, 0x4, 0xff,
    0xff, 0xff, 0xff, 0xd0, 0x4, 0xff, 0xff, 0xff,
    0xfd, 0x30,

    /* U+2018 "‘" */
    0x2c, 0xfb, 0xa, 0xf9, 0x50, 0xce, 0x0, 0xd,
    0xfb, 0x50, 0xdf, 0xff, 0x2b, 0xff, 0xf3, 0x3d,
    0xf9, 0x0,

    /* U+2019 "’" */
    0x3d, 0xf8, 0xb, 0xff, 0xf2, 0xbf, 0xff, 0x41,
    0xad, 0xf4, 0x0, 0x6f, 0x40, 0x2a, 0xf3, 0x4f,
    0xfc, 0x1, 0x53, 0x0,

    /* U+201A "‚" */
    0x19, 0xb5, 0xa, 0xff, 0xf2, 0xcf, 0xff, 0x43,
    0xdf, 0xf4, 0x0, 0x6f, 0x40, 0x2a, 0xf3, 0x4f,
    0xfc, 0x1, 0x54, 0x0,

    /* U+201C "“" */
    0x2c, 0xfb, 0x3, 0xdf, 0x90, 0xaf, 0x95, 0xd,
    0xf8, 0x40, 0xce, 0x0, 0xf, 0xb0, 0x0, 0xdf,
    0xb5, 0xf, 0xeb, 0x40, 0xdf, 0xff, 0x2f, 0xff,
    0xf0, 0xbf, 0xff, 0x3e, 0xff, 0xf1, 0x3d, 0xf9,
    0x5, 0xef, 0x70,

    /* U+201D "”" */
    0x3d, 0xf8, 0x5, 0xef, 0x60, 0xbf, 0xff, 0x2e,
    0xff, 0xf0, 0xbf, 0xff, 0x4d, 0xff, 0xf2, 0x1a,
    0xdf, 0x43, 0xbe, 0xf2, 0x0, 0x6f, 0x40, 0x8,
    0xf2, 0x2, 0xaf, 0x30, 0x2c, 0xf0, 0x4f, 0xfc,
    0x6, 0xff, 0x90, 0x15, 0x30, 0x2, 0x43, 0x0,

    /* U+2022 "•" */
    0x0, 0x13, 0x10, 0x0, 0x9f, 0xff, 0x70, 0x6f,
    0xff, 0xff, 0x3b, 0xff, 0xff, 0xf8, 0xaf, 0xff,
    0xff, 0x74, 0xff, 0xff, 0xf2, 0x5, 0xdf, 0xc3,
    0x0,

    /* U+2026 "…" */
    0x0, 0x10, 0x0, 0x0, 0x0, 0x0, 0x1, 0x0,
    0x3e, 0xfb, 0x0, 0xaf, 0xf4, 0x3, 0xef, 0xb0,
    0xbf, 0xff, 0x43, 0xff, 0xfc, 0xb, 0xff, 0xf4,
    0xbf, 0xff, 0x43, 0xff, 0xfc, 0xb, 0xff, 0xf4,
    0x2d, 0xf9, 0x0, 0x8f, 0xd3, 0x2, 0xdf, 0x90
};


/*---------------------
 *  GLYPH DESCRIPTION
 *--------------------*/

static const lv_font_fmt_txt_glyph_dsc_t glyph_dsc[] = {
    {.bitmap_index = 0, .adv_w = 0, .box_w = 0, .box_h = 0, .ofs_x = 0, .ofs_y = 0} /* id = 0 reserved */,
    {.bitmap_index = 0, .adv_w = 89, .box_w = 0, .box_h = 0, .ofs_x = 0, .ofs_y = 0},
    {.bitmap_index = 0, .adv_w = 105, .box_w = 5, .box_h = 15, .ofs_x = 1, .ofs_y = 0},
    {.bitmap_index = 38, .adv_w = 181, .box_w = 10, .box_h = 8, .ofs_x = 1, .ofs_y = 7},
    {.bitmap_index = 78, .adv_w = 224, .box_w = 14, .box_h = 15, .ofs_x = 0, .ofs_y = 0},
    {.bitmap_index = 183, .adv_w = 213, .box_w = 13, .box_h = 20, .ofs_x = 0, .ofs_y = -2},
    {.bitmap_index = 313, .adv_w = 267, .box_w = 17, .box_h = 17, .ofs_x = 0, .ofs_y = -1},
    {.bitmap_index = 458, .adv_w = 208, .box_w = 13, .box_h = 15, .ofs_x = 0, .ofs_y = 0},
    {.bitmap_index = 556, .adv_w = 103, .box_w = 5, .box_h = 8, .ofs_x = 1, .ofs_y = 7},
    {.bitmap_index = 576, .adv_w = 140, .box_w = 8, .box_h = 22, .ofs_x = 1, .ofs_y = -5},
    {.bitmap_index = 664, .adv_w = 137, .box_w = 8, .box_h = 22, .ofs_x = 0, .ofs_y = -5},
    {.bitmap_index = 752, .adv_w = 190, .box_w = 11, .box_h = 10, .ofs_x = 0, .ofs_y = 5},
    {.bitmap_index = 807, .adv_w = 218, .box_w = 10, .box_h = 10, .ofs_x = 2, .ofs_y = 3},
    {.bitmap_index = 857, .adv_w = 103, .box_w = 5, .box_h = 8, .ofs_x = 1, .ofs_y = -4},
    {.bitmap_index = 877, .adv_w = 152, .box_w = 8, .box_h = 3, .ofs_x = 1, .ofs_y = 4},
    {.bitmap_index = 889, .adv_w = 105, .box_w = 5, .box_h = 5, .ofs_x = 1, .ofs_y = 0},
    {.bitmap_index = 902, .adv_w = 137, .box_w = 10, .box_h = 19, .ofs_x = -1, .ofs_y = -4},
    {.bitmap_index = 997, .adv_w = 228, .box_w = 13, .box_h = 15, .ofs_x = 1, .ofs_y = 0},
    {.bitmap_index = 1095, .adv_w = 159, .box_w = 9, .box_h = 15, .ofs_x = 0, .ofs_y = 0},
    {.bitmap_index = 1163, .adv_w = 209, .box_w = 13, .box_h = 15, .ofs_x = 0, .ofs_y = 0},
    {.bitmap_index = 1261, .adv_w = 214, .box_w = 13, .box_h = 15, .ofs_x = 0, .ofs_y = 0},
    {.bitmap_index = 1359, .adv_w = 224, .box_w = 14, .box_h = 15, .ofs_x = 0, .ofs_y = 0},
    {.bitmap_index = 1464, .adv_w = 211, .box_w = 13, .box_h = 15, .ofs_x = 0, .ofs_y = 0},
    {.bitmap_index = 1562, .adv_w = 218, .box_w = 12, .box_h = 15, .ofs_x = 1, .ofs_y = 0},
    {.bitmap_index = 1652, .adv_w = 195, .box_w = 12, .box_h = 15, .ofs_x = 0, .ofs_y = 0},
    {.bitmap_index = 1742, .adv_w = 211, .box_w = 13, .box_h = 15, .ofs_x = 0, .ofs_y = 0},
    {.bitmap_index = 1840, .adv_w = 218, .box_w = 13, .box_h = 15, .ofs_x = 0, .ofs_y = 0},
    {.bitmap_index = 1938, .adv_w = 105, .box_w = 5, .box_h = 11, .ofs_x = 1, .ofs_y = 0},
    {.bitmap_index = 1966, .adv_w = 105, .box_w = 5, .box_h = 15, .ofs_x = 1, .ofs_y = -4},
    {.bitmap_index = 2004, .adv_w = 218, .box_w = 10, .box_h = 11, .ofs_x = 2, .ofs_y = 2},
    {.bitmap_index = 2059, .adv_w = 218, .box_w = 10, .box_h = 6, .ofs_x = 2, .ofs_y = 5},
    {.bitmap_index = 2089, .adv_w = 218, .box_w = 10, .box_h = 11, .ofs_x = 2, .ofs_y = 2},
    {.bitmap_index = 2144, .adv_w = 203, .box_w = 12, .box_h = 15, .ofs_x = 0, .ofs_y = 0},
    {.bitmap_index = 2234, .adv_w = 357, .box_w = 20, .box_h = 19, .ofs_x = 1, .ofs_y = -4},
    {.bitmap_index = 2424, .adv_w = 223, .box_w = 14, .box_h = 15, .ofs_x = 0, .ofs_y = 0},
    {.bitmap_index = 2529, .adv_w = 234, .box_w = 13, .box_h = 15, .ofs_x = 1, .ofs_y = 0},
    {.bitmap_index = 2627, .adv_w = 227, .box_w = 13, .box_h = 15, .ofs_x = 1, .ofs_y = 0},
    {.bitmap_index = 2725, .adv_w = 234, .box_w = 13, .box_h = 15, .ofs_x = 1, .ofs_y = 0},
    {.bitmap_index = 2823, .adv_w = 195, .box_w = 11, .box_h = 15, .ofs_x = 1, .ofs_y = 0},
    {.bitmap_index = 2906, .adv_w = 188, .box_w = 11, .box_h = 15, .ofs_x = 1, .ofs_y = 0},
    {.bitmap_index = 2989, .adv_w = 233, .box_w = 13, .box_h = 15, .ofs_x = 1, .ofs_y = 0},
    {.bitmap_index = 3087, .adv_w = 231, .box_w = 12, .box_h = 15, .ofs_x = 1, .ofs_y = 0},
    {.bitmap_index = 3177, .adv_w = 93, .box_w = 4, .box_h = 15, .ofs_x = 1, .ofs_y = 0},
    {.bitmap_index = 3207, .adv_w = 215, .box_w = 13, .box_h = 15, .ofs_x = 0, .ofs_y = 0},
    {.bitmap_index = 3305, .adv_w = 220, .box_w = 13, .box_h = 15, .ofs_x = 1, .ofs_y = 0},
    {.bitmap_index = 3403, .adv_w = 191, .box_w = 11, .box_h = 15, .ofs_x = 1, .ofs_y = 0},
    {.bitmap_index = 3486, .adv_w = 310, .box_w = 17, .box_h = 15, .ofs_x = 1, .ofs_y = 0},
    {.bitmap_index = 3614, .adv_w = 236, .box_w = 13, .box_h = 15, .ofs_x = 1, .ofs_y = 0},
    {.bitmap_index = 3712, .adv_w = 238, .box_w = 13, .box_h = 15, .ofs_x = 1, .ofs_y = 0},
    {.bitmap_index = 3810, .adv_w = 213, .box_w = 12, .box_h = 15, .ofs_x = 1, .ofs_y = 0},
    {.bitmap_index = 3900, .adv_w = 238, .box_w = 13, .box_h = 19, .ofs_x = 1, .ofs_y = -4},
    {.bitmap_index = 4024, .adv_w = 222, .box_w = 12, .box_h = 15, .ofs_x = 1, .ofs_y = 0},
    {.bitmap_index = 4114, .adv_w = 213, .box_w = 13, .box_h = 15, .ofs_x = 0, .ofs_y = 0},
    {.bitmap_index = 4212, .adv_w = 207, .box_w = 13, .box_h = 15, .ofs_x = 0, .ofs_y = 0},
    {.bitmap_index = 4310, .adv_w = 237, .box_w = 13, .box_h = 15, .ofs_x = 1, .ofs_y = 0},
    {.bitmap_index = 4408, .adv_w = 218, .box_w = 14, .box_h = 15, .ofs_x = 0, .ofs_y = 0},
    {.bitmap_index = 4513, .adv_w = 316, .box_w = 20, .box_h = 15, .ofs_x = 0, .ofs_y = 0},
    {.bitmap_index = 4663, .adv_w = 227, .box_w = 14, .box_h = 15, .ofs_x = 0, .ofs_y = 0},
    {.bitmap_index = 4768, .adv_w = 220, .box_w = 14, .box_h = 15, .ofs_x = 0, .ofs_y = 0},
    {.bitmap_index = 4873, .adv_w = 203, .box_w = 11, .box_h = 15, .ofs_x = 1, .ofs_y = 0},
    {.bitmap_index = 4956, .adv_w = 126, .box_w = 7, .box_h = 22, .ofs_x = 1, .ofs_y = -5},
    {.bitmap_index = 5033, .adv_w = 137, .box_w = 10, .box_h = 19, .ofs_x = -1, .ofs_y = -4},
    {.bitmap_index = 5128, .adv_w = 126, .box_w = 7, .box_h = 22, .ofs_x = 0, .ofs_y = -5},
    {.bitmap_index = 5205, .adv_w = 218, .box_w = 12, .box_h = 6, .ofs_x = 1, .ofs_y = 9},
    {.bitmap_index = 5241, .adv_w = 218, .box_w = 12, .box_h = 3, .ofs_x = 1, .ofs_y = -3},
    {.bitmap_index = 5259, .adv_w = 104, .box_w = 6, .box_h = 4, .ofs_x = 0, .ofs_y = 12},
    {.bitmap_index = 5271, .adv_w = 203, .box_w = 13, .box_h = 11, .ofs_x = 0, .ofs_y = 0},
    {.bitmap_index = 5343, .adv_w = 225, .box_w = 13, .box_h = 15, .ofs_x = 1, .ofs_y = 0},
    {.bitmap_index = 5441, .adv_w = 206, .box_w = 12, .box_h = 11, .ofs_x = 1, .ofs_y = 0},
    {.bitmap_index = 5507, .adv_w = 225, .box_w = 12, .box_h = 15, .ofs_x = 1, .ofs_y = 0},
    {.bitmap_index = 5597, .adv_w = 203, .box_w = 11, .box_h = 11, .ofs_x = 1, .ofs_y = 0},
    {.bitmap_index = 5658, .adv_w = 153, .box_w = 9, .box_h = 15, .ofs_x = 0, .ofs_y = 0},
    {.bitmap_index = 5726, .adv_w = 225, .box_w = 12, .box_h = 15, .ofs_x = 1, .ofs_y = -4},
    {.bitmap_index = 5816, .adv_w = 217, .box_w = 12, .box_h = 15, .ofs_x = 1, .ofs_y = 0},
    {.bitmap_index = 5906, .adv_w = 94, .box_w = 4, .box_h = 15, .ofs_x = 1, .ofs_y = 0},
    {.bitmap_index = 5936, .adv_w = 94, .box_w = 6, .box_h = 19, .ofs_x = -1, .ofs_y = -4},
    {.bitmap_index = 5993, .adv_w = 199, .box_w = 12, .box_h = 15, .ofs_x = 1, .ofs_y = 0},
    {.bitmap_index = 6083, .adv_w = 94, .box_w = 4, .box_h = 15, .ofs_x = 1, .ofs_y = 0},
    {.bitmap_index = 6113, .adv_w = 301, .box_w = 17, .box_h = 11, .ofs_x = 1, .ofs_y = 0},
    {.bitmap_index = 6207, .adv_w = 217, .box_w = 12, .box_h = 11, .ofs_x = 1, .ofs_y = 0},
    {.bitmap_index = 6273, .adv_w = 215, .box_w = 12, .box_h = 11, .ofs_x = 1, .ofs_y = 0},
    {.bitmap_index = 6339, .adv_w = 225, .box_w = 13, .box_h = 15, .ofs_x = 1, .ofs_y = -4},
    {.bitmap_index = 6437, .adv_w = 225, .box_w = 12, .box_h = 15, .ofs_x = 1, .ofs_y = -4},
    {.bitmap_index = 6527, .adv_w = 139, .box_w = 8, .box_h = 11, .ofs_x = 1, .ofs_y = 0},
    {.bitmap_index = 6571, .adv_w = 184, .box_w = 11, .box_h = 11, .ofs_x = 0, .ofs_y = 0},
    {.bitmap_index = 6632, .adv_w = 161, .box_w = 10, .box_h = 14, .ofs_x = 0, .ofs_y = 0},
    {.bitmap_index = 6702, .adv_w = 217, .box_w = 12, .box_h = 11, .ofs_x = 1, .ofs_y = 0},
    {.bitmap_index = 6768, .adv_w = 193, .box_w = 12, .box_h = 11, .ofs_x = 0, .ofs_y = 0},
    {.bitmap_index = 6834, .adv_w = 276, .box_w = 17, .box_h = 11, .ofs_x = 0, .ofs_y = 0},
    {.bitmap_index = 6928, .adv_w = 208, .box_w = 13, .box_h = 11, .ofs_x = 0, .ofs_y = 0},
    {.bitmap_index = 7000, .adv_w = 217, .box_w = 12, .box_h = 15, .ofs_x = 1, .ofs_y = -4},
    {.bitmap_index = 7090, .adv_w = 182, .box_w = 10, .box_h = 11, .ofs_x = 1, .ofs_y = 0},
    {.bitmap_index = 7145, .adv_w = 164, .box_w = 10, .box_h = 22, .ofs_x = 0, .ofs_y = -5},
    {.bitmap_index = 7255, .adv_w = 91, .box_w = 4, .box_h = 23, .ofs_x = 1, .ofs_y = -5},
    {.bitmap_index = 7301, .adv_w = 164, .box_w = 10, .box_h = 22, .ofs_x = 0, .ofs_y = -5},
    {.bitmap_index = 7411, .adv_w = 218, .box_w = 13, .box_h = 6, .ofs_x = 0, .ofs_y = 5},
    {.bitmap_index = 7450, .adv_w = 89, .box_w = 0, .box_h = 0, .ofs_x = 0, .ofs_y = 0},
    {.bitmap_index = 7450, .adv_w = 105, .box_w = 5, .box_h = 15, .ofs_x = 1, .ofs_y = -4},
    {.bitmap_index = 7488, .adv_w = 210, .box_w = 12, .box_h = 16, .ofs_x = 1, .ofs_y = -2},
    {.bitmap_index = 7584, .adv_w = 225, .box_w = 12, .box_h = 15, .ofs_x = 1, .ofs_y = 0},
    {.bitmap_index = 7674, .adv_w = 218, .box_w = 13, .box_h = 13, .ofs_x = 0, .ofs_y = 1},
    {.bitmap_index = 7759, .adv_w = 218, .box_w = 15, .box_h = 15, .ofs_x = -1, .ofs_y = 0},
    {.bitmap_index = 7872, .adv_w = 91, .box_w = 4, .box_h = 23, .ofs_x = 1, .ofs_y = -5},
    {.bitmap_index = 7918, .adv_w = 167, .box_w = 10, .box_h = 15, .ofs_x = 0, .ofs_y = 0},
    {.bitmap_index = 7993, .adv_w = 158, .box_w = 9, .box_h = 4, .ofs_x = 0, .ofs_y = 12},
    {.bitmap_index = 8011, .adv_w = 253, .box_w = 14, .box_h = 16, .ofs_x = 1, .ofs_y = 0},
    {.bitmap_index = 8123, .adv_w = 147, .box_w = 9, .box_h = 7, .ofs_x = 0, .ofs_y = 8},
    {.bitmap_index = 8155, .adv_w = 253, .box_w = 14, .box_h = 11, .ofs_x = 1, .ofs_y = 0},
    {.bitmap_index = 8232, .adv_w = 218, .box_w = 10, .box_h = 6, .ofs_x = 2, .ofs_y = 3},
    {.bitmap_index = 8262, .adv_w = 152, .box_w = 8, .box_h = 3, .ofs_x = 1, .ofs_y = 4},
    {.bitmap_index = 8274, .adv_w = 182, .box_w = 10, .box_h = 9, .ofs_x = 1, .ofs_y = 6},
    {.bitmap_index = 8319, .adv_w = 144, .box_w = 9, .box_h = 3, .ofs_x = 0, .ofs_y = 12},
    {.bitmap_index = 8333, .adv_w = 139, .box_w = 8, .box_h = 7, .ofs_x = 0, .ofs_y = 9},
    {.bitmap_index = 8361, .adv_w = 218, .box_w = 10, .box_h = 12, .ofs_x = 2, .ofs_y = 0},
    {.bitmap_index = 8421, .adv_w = 128, .box_w = 8, .box_h = 7, .ofs_x = 0, .ofs_y = 8},
    {.bitmap_index = 8449, .adv_w = 128, .box_w = 8, .box_h = 7, .ofs_x = 0, .ofs_y = 8},
    {.bitmap_index = 8477, .adv_w = 104, .box_w = 6, .box_h = 4, .ofs_x = 0, .ofs_y = 12},
    {.bitmap_index = 8489, .adv_w = 220, .box_w = 13, .box_h = 15, .ofs_x = 1, .ofs_y = -4},
    {.bitmap_index = 8587, .adv_w = 216, .box_w = 13, .box_h = 15, .ofs_x = 0, .ofs_y = 0},
    {.bitmap_index = 8685, .adv_w = 77, .box_w = 5, .box_h = 5, .ofs_x = 0, .ofs_y = 4},
    {.bitmap_index = 8698, .adv_w = 115, .box_w = 7, .box_h = 5, .ofs_x = 0, .ofs_y = -5},
    {.bitmap_index = 8716, .adv_w = 92, .box_w = 5, .box_h = 7, .ofs_x = 0, .ofs_y = 8},
    {.bitmap_index = 8734, .adv_w = 153, .box_w = 9, .box_h = 7, .ofs_x = 0, .ofs_y = 8},
    {.bitmap_index = 8766, .adv_w = 253, .box_w = 14, .box_h = 11, .ofs_x = 1, .ofs_y = 0},
    {.bitmap_index = 8843, .adv_w = 292, .box_w = 18, .box_h = 16, .ofs_x = 0, .ofs_y = 0},
    {.bitmap_index = 8987, .adv_w = 290, .box_w = 18, .box_h = 17, .ofs_x = 0, .ofs_y = -1},
    {.bitmap_index = 9140, .adv_w = 314, .box_w = 20, .box_h = 16, .ofs_x = 0, .ofs_y = 0},
    {.bitmap_index = 9300, .adv_w = 203, .box_w = 12, .box_h = 15, .ofs_x = 0, .ofs_y = -4},
    {.bitmap_index = 9390, .adv_w = 223, .box_w = 14, .box_h = 19, .ofs_x = 0, .ofs_y = 0},
    {.bitmap_index = 9523, .adv_w = 223, .box_w = 14, .box_h = 19, .ofs_x = 0, .ofs_y = 0},
    {.bitmap_index = 9656, .adv_w = 223, .box_w = 14, .box_h = 19, .ofs_x = 0, .ofs_y = 0},
    {.bitmap_index = 9789, .adv_w = 223, .box_w = 14, .box_h = 19, .ofs_x = 0, .ofs_y = 0},
    {.bitmap_index = 9922, .adv_w = 223, .box_w = 14, .box_h = 20, .ofs_x = 0, .ofs_y = 0},
    {.bitmap_index = 10062, .adv_w = 223, .box_w = 14, .box_h = 21, .ofs_x = 0, .ofs_y = 0},
    {.bitmap_index = 10209, .adv_w = 289, .box_w = 18, .box_h = 15, .ofs_x = 0, .ofs_y = 0},
    {.bitmap_index = 10344, .adv_w = 227, .box_w = 13, .box_h = 19, .ofs_x = 1, .ofs_y = -4},
    {.bitmap_index = 10468, .adv_w = 195, .box_w = 11, .box_h = 19, .ofs_x = 1, .ofs_y = 0},
    {.bitmap_index = 10573, .adv_w = 195, .box_w = 11, .box_h = 19, .ofs_x = 1, .ofs_y = 0},
    {.bitmap_index = 10678, .adv_w = 195, .box_w = 11, .box_h = 19, .ofs_x = 1, .ofs_y = 0},
    {.bitmap_index = 10783, .adv_w = 195, .box_w = 11, .box_h = 20, .ofs_x = 1, .ofs_y = 0},
    {.bitmap_index = 10893, .adv_w = 93, .box_w = 6, .box_h = 19, .ofs_x = -1, .ofs_y = 0},
    {.bitmap_index = 10950, .adv_w = 93, .box_w = 5, .box_h = 19, .ofs_x = 1, .ofs_y = 0},
    {.bitmap_index = 10998, .adv_w = 93, .box_w = 10, .box_h = 19, .ofs_x = -2, .ofs_y = 0},
    {.bitmap_index = 11093, .adv_w = 93, .box_w = 10, .box_h = 20, .ofs_x = -2, .ofs_y = 0},
    {.bitmap_index = 11193, .adv_w = 234, .box_w = 13, .box_h = 15, .ofs_x = 1, .ofs_y = 0},
    {.bitmap_index = 11291, .adv_w = 236, .box_w = 13, .box_h = 19, .ofs_x = 1, .ofs_y = 0},
    {.bitmap_index = 11415, .adv_w = 238, .box_w = 13, .box_h = 20, .ofs_x = 1, .ofs_y = 0},
    {.bitmap_index = 11545, .adv_w = 238, .box_w = 13, .box_h = 20, .ofs_x = 1, .ofs_y = 0},
    {.bitmap_index = 11675, .adv_w = 238, .box_w = 13, .box_h = 20, .ofs_x = 1, .ofs_y = 0},
    {.bitmap_index = 11805, .adv_w = 238, .box_w = 13, .box_h = 20, .ofs_x = 1, .ofs_y = 0},
    {.bitmap_index = 11935, .adv_w = 238, .box_w = 13, .box_h = 20, .ofs_x = 1, .ofs_y = 0},
    {.bitmap_index = 12065, .adv_w = 218, .box_w = 10, .box_h = 11, .ofs_x = 2, .ofs_y = 2},
    {.bitmap_index = 12120, .adv_w = 238, .box_w = 13, .box_h = 19, .ofs_x = 1, .ofs_y = -2},
    {.bitmap_index = 12244, .adv_w = 237, .box_w = 13, .box_h = 20, .ofs_x = 1, .ofs_y = 0},
    {.bitmap_index = 12374, .adv_w = 237, .box_w = 13, .box_h = 20, .ofs_x = 1, .ofs_y = 0},
    {.bitmap_index = 12504, .adv_w = 237, .box_w = 13, .box_h = 20, .ofs_x = 1, .ofs_y = 0},
    {.bitmap_index = 12634, .adv_w = 237, .box_w = 13, .box_h = 20, .ofs_x = 1, .ofs_y = 0},
    {.bitmap_index = 12764, .adv_w = 220, .box_w = 14, .box_h = 19, .ofs_x = 0, .ofs_y = 0},
    {.bitmap_index = 12897, .adv_w = 213, .box_w = 12, .box_h = 15, .ofs_x = 1, .ofs_y = 0},
    {.bitmap_index = 12987, .adv_w = 229, .box_w = 13, .box_h = 15, .ofs_x = 1, .ofs_y = 0},
    {.bitmap_index = 13085, .adv_w = 203, .box_w = 13, .box_h = 15, .ofs_x = 0, .ofs_y = 0},
    {.bitmap_index = 13183, .adv_w = 203, .box_w = 13, .box_h = 15, .ofs_x = 0, .ofs_y = 0},
    {.bitmap_index = 13281, .adv_w = 203, .box_w = 13, .box_h = 15, .ofs_x = 0, .ofs_y = 0},
    {.bitmap_index = 13379, .adv_w = 203, .box_w = 13, .box_h = 15, .ofs_x = 0, .ofs_y = 0},
    {.bitmap_index = 13477, .adv_w = 203, .box_w = 13, .box_h = 15, .ofs_x = 0, .ofs_y = 0},
    {.bitmap_index = 13575, .adv_w = 203, .box_w = 13, .box_h = 16, .ofs_x = 0, .ofs_y = 0},
    {.bitmap_index = 13679, .adv_w = 308, .box_w = 19, .box_h = 11, .ofs_x = 0, .ofs_y = 0},
    {.bitmap_index = 13784, .adv_w = 206, .box_w = 12, .box_h = 15, .ofs_x = 1, .ofs_y = -4},
    {.bitmap_index = 13874, .adv_w = 203, .box_w = 11, .box_h = 15, .ofs_x = 1, .ofs_y = 0},
    {.bitmap_index = 13957, .adv_w = 203, .box_w = 11, .box_h = 15, .ofs_x = 1, .ofs_y = 0},
    {.bitmap_index = 14040, .adv_w = 203, .box_w = 11, .box_h = 15, .ofs_x = 1, .ofs_y = 0},
    {.bitmap_index = 14123, .adv_w = 203, .box_w = 11, .box_h = 15, .ofs_x = 1, .ofs_y = 0},
    {.bitmap_index = 14206, .adv_w = 94, .box_w = 6, .box_h = 15, .ofs_x = -1, .ofs_y = 0},
    {.bitmap_index = 14251, .adv_w = 94, .box_w = 5, .box_h = 15, .ofs_x = 1, .ofs_y = 0},
    {.bitmap_index = 14289, .adv_w = 94, .box_w = 10, .box_h = 15, .ofs_x = -2, .ofs_y = 0},
    {.bitmap_index = 14364, .adv_w = 94, .box_w = 9, .box_h = 15, .ofs_x = -2, .ofs_y = 0},
    {.bitmap_index = 14432, .adv_w = 217, .box_w = 12, .box_h = 18, .ofs_x = 1, .ofs_y = 0},
    {.bitmap_index = 14540, .adv_w = 217, .box_w = 12, .box_h = 15, .ofs_x = 1, .ofs_y = 0},
    {.bitmap_index = 14630, .adv_w = 215, .box_w = 12, .box_h = 15, .ofs_x = 1, .ofs_y = 0},
    {.bitmap_index = 14720, .adv_w = 215, .box_w = 12, .box_h = 15, .ofs_x = 1, .ofs_y = 0},
    {.bitmap_index = 14810, .adv_w = 215, .box_w = 12, .box_h = 15, .ofs_x = 1, .ofs_y = 0},
    {.bitmap_index = 14900, .adv_w = 215, .box_w = 12, .box_h = 15, .ofs_x = 1, .ofs_y = 0},
    {.bitmap_index = 14990, .adv_w = 215, .box_w = 12, .box_h = 15, .ofs_x = 1, .ofs_y = 0},
    {.bitmap_index = 15080, .adv_w = 218, .box_w = 10, .box_h = 12, .ofs_x = 2, .ofs_y = 2},
    {.bitmap_index = 15140, .adv_w = 215, .box_w = 12, .box_h = 15, .ofs_x = 1, .ofs_y = -2},
    {.bitmap_index = 15230, .adv_w = 217, .box_w = 12, .box_h = 15, .ofs_x = 1, .ofs_y = 0},
    {.bitmap_index = 15320, .adv_w = 217, .box_w = 12, .box_h = 15, .ofs_x = 1, .ofs_y = 0},
    {.bitmap_index = 15410, .adv_w = 217, .box_w = 12, .box_h = 15, .ofs_x = 1, .ofs_y = 0},
    {.bitmap_index = 15500, .adv_w = 217, .box_w = 12, .box_h = 15, .ofs_x = 1, .ofs_y = 0},
    {.bitmap_index = 15590, .adv_w = 217, .box_w = 12, .box_h = 19, .ofs_x = 1, .ofs_y = -4},
    {.bitmap_index = 15704, .adv_w = 225, .box_w = 13, .box_h = 19, .ofs_x = 1, .ofs_y = -4},
    {.bitmap_index = 15828, .adv_w = 217, .box_w = 12, .box_h = 19, .ofs_x = 1, .ofs_y = -4},
    {.bitmap_index = 15942, .adv_w = 103, .box_w = 5, .box_h = 7, .ofs_x = 1, .ofs_y = 8},
    {.bitmap_index = 15960, .adv_w = 103, .box_w = 5, .box_h = 8, .ofs_x = 1, .ofs_y = 7},
    {.bitmap_index = 15980, .adv_w = 103, .box_w = 5, .box_h = 8, .ofs_x = 1, .ofs_y = -4},
    {.bitmap_index = 16000, .adv_w = 181, .box_w = 10, .box_h = 7, .ofs_x = 1, .ofs_y = 8},
    {.bitmap_index = 16035, .adv_w = 181, .box_w = 10, .box_h = 8, .ofs_x = 1, .ofs_y = 7},
    {.bitmap_index = 16075, .adv_w = 141, .box_w = 7, .box_h = 7, .ofs_x = 1, .ofs_y = 2},
    {.bitmap_index = 16100, .adv_w = 281, .box_w = 16, .box_h = 5, .ofs_x = 1, .ofs_y = 0}
};

/*---------------------
 *  CHARACTER MAPPING
 *--------------------*/

static const uint16_t unicode_list_2[] = {
    0x0, 0x1, 0x2, 0x4, 0x5, 0xa, 0xe
};

/*Collect the unicode lists and glyph_id offsets*/
static const lv_font_fmt_txt_cmap_t cmaps[] =
{
    {
        .range_start = 32, .range_length = 95, .glyph_id_start = 1,
        .unicode_list = NULL, .glyph_id_ofs_list = NULL, .list_length = 0, .type = LV_FONT_FMT_TXT_CMAP_FORMAT0_TINY
    },
    {
        .range_start = 160, .range_length = 96, .glyph_id_start = 96,
        .unicode_list = NULL, .glyph_id_ofs_list = NULL, .list_length = 0, .type = LV_FONT_FMT_TXT_CMAP_FORMAT0_TINY
    },
    {
        .range_start = 8216, .range_length = 15, .glyph_id_start = 192,
        .unicode_list = unicode_list_2, .glyph_id_ofs_list = NULL, .list_length = 7, .type = LV_FONT_FMT_TXT_CMAP_SPARSE_TINY
    }
};

/*-----------------
 *    KERNING
 *----------------*/


/*Map glyph_ids to kern left classes*/
static const uint8_t kern_left_class_mapping[] =
{
    0, 1, 0, 2, 0, 0, 0, 0,
    2, 3, 0, 0, 0, 4, 5, 6,
    7, 8, 0, 9, 10, 11, 12, 13,
    14, 15, 16, 0, 0, 0, 0, 0,
    0, 0, 17, 18, 19, 20, 21, 22,
    23, 24, 24, 25, 26, 27, 24, 24,
    20, 28, 20, 29, 30, 31, 32, 33,
    34, 35, 36, 37, 38, 39, 0, 0,
    0, 0, 40, 41, 41, 24, 41, 42,
    0, 43, 44, 44, 45, 24, 43, 43,
    41, 41, 0, 46, 47, 48, 0, 49,
    50, 51, 0, 52, 38, 0, 53, 0,
    0, 0, 0, 0, 0, 0, 0, 0,
    0, 0, 0, 0, 0, 5, 0, 0,
    0, 0, 0, 0, 0, 0, 0, 0,
    0, 0, 0, 0, 0, 0, 0, 0,
    17, 17, 17, 17, 17, 17, 21, 19,
    21, 21, 21, 21, 0, 0, 54, 54,
    20, 24, 20, 20, 20, 20, 20, 0,
    20, 32, 32, 32, 32, 36, 55, 56,
    40, 40, 40, 40, 40, 40, 41, 41,
    41, 41, 41, 41, 44, 44, 57, 57,
    41, 43, 41, 41, 41, 41, 41, 0,
    41, 0, 0, 0, 0, 0, 41, 0,
    2, 2, 6, 2, 2, 0, 6
};

/*Map glyph_ids to kern right classes*/
static const uint8_t kern_right_class_mapping[] =
{
    0, 1, 0, 2, 0, 0, 0, 0,
    2, 0, 3, 4, 0, 5, 6, 5,
    7, 8, 9, 10, 0, 11, 0, 12,
    13, 14, 15, 0, 0, 0, 0, 0,
    16, 0, 17, 18, 19, 18, 0, 0,
    19, 0, 0, 20, 0, 0, 0, 0,
    19, 0, 19, 0, 21, 22, 23, 24,
    25, 26, 27, 28, 0, 29, 30, 0,
    0, 0, 31, 32, 33, 33, 33, 34,
    33, 32, 35, 36, 32, 37, 38, 38,
    33, 38, 33, 38, 39, 40, 41, 42,
    43, 44, 41, 45, 46, 0, 30, 0,
    0, 0, 0, 0, 0, 0, 0, 0,
    0, 0, 0, 0, 0, 6, 47, 0,
    0, 0, 0, 0, 0, 0, 0, 0,
    0, 0, 0, 0, 0, 0, 0, 0,
    17, 17, 17, 17, 17, 17, 17, 19,
    0, 0, 0, 0, 0, 0, 48, 48,
    0, 0, 19, 19, 19, 19, 19, 0,
    19, 23, 23, 23, 23, 27, 0, 49,
    31, 31, 31, 31, 31, 31, 31, 33,
    33, 33, 33, 33, 50, 50, 51, 51,
    33, 38, 33, 33, 33, 33, 33, 0,
    33, 41, 41, 41, 41, 41, 32, 41,
    2, 2, 5, 2, 2, 0, 5
};

/*Kern values between classes*/
static const int8_t kern_class_values[] =
{
    0, 0, 0, 0, -11, -9, 0, 0,
    0, 0, 0, 0, 0, 0, 0, 0,
    -4, 0, 0, 0, 0, -11, 0, -4,
    -2, 0, -4, 0, 0, 0, 0, 0,
    0, 0, 0, 0, 0, 0, 0, 0,
    0, 0, 0, 0, 0, -9, 0, 0,
    0, 0, 0, 0, 0, 0, 0, 0,
    0, 0, 0, 0, 0, -15, 0, 0,
    0, 0, 0, -23, 0, 0, -27, 0,
    0, 0, 0, 0, 0, 0, 0, 0,
    0, -8, 0, -8, 4, 0, 0, 0,
    0, -4, 4, 0, 0, 0, 0, 0,
    0, 0, 0, 0, 0, 28, 0, 0,
    6, 0, 0, 0, 0, -4, -11, -1,
    -14, -4, 0, -4, -4, 0, -4, 0,
    -4, -14, 0, 0, 0, 0, 0, 0,
    0, 0, 0, 0, -4, 0, -7, -4,
    0, 15, 0, 0, -4, -4, -4, -8,
    -6, 0, 0, 0, 0, 0, 0, 0,
    28, -11, 0, 0, 0, 0, 0, 0,
    -4, -18, 0, 0, -4, -12, 0, -1,
    0, 0, 0, -6, 0, 0, -34, -5,
    -23, -13, 0, -39, 0, 0, 0, 0,
    0, -2, -23, 0, 7, 0, 0, 0,
    -23, 0, -14, -8, 0, 0, 0, 0,
    0, 0, 0, 0, -9, 0, 0, 0,
    0, 0, 0, 0, 0, 0, 0, 0,
    -15, 0, 0, 0, -3, 0, 0, 0,
    0, -27, 0, -13, -4, -14, -34, -6,
    0, 0, 0, 0, 0, -8, 0, 0,
    0, 0, 0, -8, 0, -4, -2, -13,
    -8, 0, 0, 0, 0, 0, 0, -11,
    0, 0, 0, 0, 0, 0, -4, -18,
    0, 0, -4, -12, 0, -1, 0, 0,
    0, -6, 0, 0, -34, -5, -23, -13,
    0, -39, 0, 0, 0, 0, 0, -2,
    -23, 0, 0, 0, 0, 0, -23, 0,
    -14, -8, 0, 0, 0, 0, 0, 0,
    0, 0, 0, 0, 0, 0, 0, 0,
    0, 0, 0, 0, 0, 0, 0, 0,
    0, 0, 0, 0, 0, -6, 0, 7,
    0, 7, 0, 0, 0, 0, 0, 0,
    -5, 0, -5, 0, 11, 11, 0, 0,
    -4, 0, 0, 0, 0, 0, 0, 0,
    0, 0, 0, 11, 35, 0, 0, -4,
    0, -4, 0, 0, 0, 0, 0, 0,
    0, -7, 0, 0, 0, 0, 0, 0,
    0, 0, 0, 0, 0, 0, 0, 0,
    0, 0, -4, 0, 0, 0, 0, 0,
    0, 0, 0, 0, 0, 0, 0, 0,
    0, 0, 0, 0, 0, 0, 0, 0,
    0, 0, 0, 0, 0, 0, 0, 0,
    0, 0, -6, 0, -4, 0, -1, 0,
    0, 0, 0, 0, 0, 0, 0, 0,
    0, 0, 0, 0, 0, 0, 0, 0,
    0, 0, 0, 0, 0, 0, 0, 0,
    0, 0, 0, 0, 0, 0, 0, 0,
    0, 0, 0, 0, 0, 0, 0, 0,
    0, 0, 0, -6, 0, 0, 0, 0,
    0, 0, 0, 0, 0, 0, 0, 0,
    0, 0, 0, 0, 0, 0, 0, 0,
    0, 0, 0, 0, 0, 0, 0, 0,
    0, 0, 0, 0, 0, 0, 0, 0,
    0, 0, 0, 0, 0, 0, 0, -14,
    0, 0, 0, 0, 0, 0, -13, 0,
    0, 0, -15, 0, 0, 0, 0, 0,
    0, 0, 0, 0, 0, 0, 0, 0,
    0, 0, 0, 0, 0, 0, 0, 0,
    0, 0, 0, 0, 0, 0, 0, 0,
    0, 0, 0, 0, 0, 0, 0, 0,
    0, 0, 0, 0, 0, 0, 0, 0,
    0, -6, -3, 0, 0, -4, 0, 0,
    0, 0, 0, 0, 0, 0, 0, 0,
    0, 0, 0, 0, 0, 0, 0, 0,
    0, 0, 0, 0, 0, 0, 0, 0,
    0, 0, 0, 0, 0, 0, 0, 0,
    0, 0, 0, 0, 0, 0, -4, 0,
    -1, 0, 0, 0, -1, -1, 0, 0,
    -6, 0, 0, 0, 0, 0, 0, 0,
    0, 0, 0, 0, 0, 0, 0, 0,
    0, -3, 0, 0, 0, 0, 0, 0,
    0, 0, 0, 0, 0, 0, 0, 0,
    0, 0, 0, 0, 0, 0, 0, 0,
    0, 0, 0, -24, -15, 0, -1, -4,
    -1, -16, -1, 0, 0, 0, 0, 0,
    0, 0, 0, 0, 0, 0, 0, 0,
    0, 0, 0, 0, 0, 0, 0, 0,
    0, 0, 0, 0, 0, 0, 0, 0,
    0, 0, 0, 0, 0, 0, 0, 0,
    0, 0, 0, 0, -4, 0, 0, 0,
    0, 0, 0, 0, 0, 0, -4, 0,
    0, 0, 0, 0, 0, 0, 0, 0,
    0, 0, 0, 0, 0, 0, 0, -4,
    0, 0, 0, 0, 0, 0, 0, 0,
    0, 0, 0, 0, 0, 0, 0, 0,
    0, 0, 0, 0, 0, 0, 0, -4,
    0, -4, 0, 0, 0, 0, 0, 0,
    0, -7, 0, 0, 0, 0, 0, 0,
    0, 0, 0, 0, 0, 0, 0, 0,
    0, 0, -4, 0, 0, 0, 0, 0,
    0, 0, 0, 0, 0, 0, 0, 0,
    0, 0, 0, 0, 0, 0, 0, 0,
    -4, -23, -4, 0, 0, -3, 0, 0,
    0, 0, 0, 0, 0, 0, 0, -15,
    0, 0, -2, 0, 0, -23, -4, -16,
    -6, 0, -25, 0, 0, 0, 0, 0,
    0, -9, 0, 0, 0, 0, 0, -9,
    0, -4, -1, 0, 0, 0, 0, 0,
    0, 0, 0, 0, 0, -1, 0, 0,
    0, 0, 0, 0, 0, 0, 0, 0,
    0, 0, 0, -2, 0, 0, 0, 0,
    -4, 0, -2, 0, -6, -5, 0, 0,
    0, 0, 0, 0, 0, 0, 0, 0,
    0, 0, 0, 0, 0, 0, 0, 0,
    0, 0, 0, 0, 0, 6, 0, 0,
    0, 0, 0, 0, 0, 0, 0, 0,
    0, 0, 0, 0, 0, 0, -3, 0,
    0, 0, 0, -5, 0, -3, 0, -4,
    -6, -2, 0, 0, 0, 0, 0, 0,
    0, 0, 0, 0, 0, 0, 0, 0,
    0, 0, 0, 0, 0, 0, 0, 0,
    0, 0, 0, -4, 0, -6, 0, -8,
    0, 0, 0, 0, 0, 0, 0, 0,
    0, -2, -8, 0, 0, 0, -10, 0,
    -5, -2, -8, -10, -4, 0, 0, 0,
    0, 0, 0, 0, 0, 0, 0, 0,
    0, 0, 0, 0, 0, 0, 0, 0,
    0, 0, 0, 4, 0, 0, 0, 0,
    0, 0, 0, 0, 0, 0, 0, 0,
    0, 0, 0, 0, 0, 0, 0, 0,
    0, 0, 0, 0, 0, 0, 0, 0,
    0, 0, 0, 0, 0, 0, 0, 0,
    0, 0, 0, 0, 0, 0, 0, 0,
    0, 0, 0, 0, 0, 0, 18, 0,
    0, 0, 0, -26, 0, -11, 0, 0,
    0, 0, 0, 0, 0, 0, 0, -15,
    0, -2, 0, 0, 0, 0, 0, 0,
    0, 0, 0, 0, 0, -3, 0, -1,
    0, 0, 0, 0, 0, -3, 0, 0,
    0, 0, 0, 0, 0, 0, 0, 0,
    0, 23, 0, -4, 0, 0, 0, 0,
    0, 0, 0, 0, 0, 0, 0, 0,
    0, 0, 0, 0, 0, 0, 0, -11,
    0, -7, -2, 0, -12, 0, 0, 0,
    0, 0, 0, 0, 0, 0, 0, 0,
    0, 0, 0, 0, 0, 0, 0, 0,
    0, 0, 0, 0, 0, 0, 0, 0,
    0, 0, 0, 0, 0, 0, 0, 0,
    0, 0, 0, 0, 0, 0, 0, 0,
    0, 0, 0, 0, 0, 0, 0, 0,
    0, 0, 0, 0, 0, 0, 0, 0,
    0, 0, 0, 0, 0, 0, 0, 0,
    0, 0, 0, 0, 0, 0, 0, 12,
    0, 0, 0, 0, -23, -19, -20, 0,
    0, 0, 0, 0, 0, 0, 0, 0,
    -13, 0, -6, -13, 0, 0, 0, 0,
    0, 0, 0, 0, 5, 0, -12, 0,
    -13, 0, 0, 0, 0, -12, 0, 0,
    -12, 0, 0, 0, 0, 0, 0, 0,
    0, 0, 10, 0, 0, 0, 0, 0,
    -13, 0, 0, 0, 0, 0, 0, 0,
    0, 0, 0, 0, 0, -11, 0, -3,
    0, 0, 0, 0, 0, 0, 0, 0,
    0, 0, 0, -5, -11, 0, 0, 0,
    0, -3, -11, -4, -9, -4, 0, 0,
    0, 0, 0, 0, 0, 14, -11, -37,
    -3, 0, 0, -13, 0, 0, 0, 0,
    0, 0, 0, 0, 0, 0, 0, 0,
    -8, 0, 0, -34, -7, -25, -4, 0,
    -40, 0, -13, 0, 0, 0, 0, -17,
    0, 0, 0, 0, 0, -17, 0, -11,
    -3, 0, 0, 0, 0, 0, 0, 0,
    0, 0, 0, -2, 0, -34, -11, -27,
    0, 0, 0, 0, 0, 0, 0, 0,
    0, -19, -1, 0, -14, 0, -1, 0,
    -1, 0, -8, -3, -6, 0, 0, -4,
    0, -4, 0, 0, 0, 0, 0, -4,
    0, 0, 0, 0, 0, 0, 0, 0,
    0, 0, 0, 11, 0, 0, -1, 0,
    0, 0, 0, 0, 0, 0, 0, 0,
    0, 0, 0, 0, 0, 0, 0, 0,
    0, -4, 0, -4, 0, 0, -6, 0,
    0, 0, 0, 0, 0, 0, 0, 0,
    0, 0, 0, 0, 0, 0, 0, 0,
    0, 0, 0, 0, 0, 0, 11, 0,
    0, 0, 0, 0, 0, -3, 0, 0,
    0, 0, 0, 0, 0, 0, 0, 0,
    -1, 0, 0, 0, -8, 0, -4, 0,
    -5, -8, 0, 0, 0, 0, 0, 0,
    0, 0, 0, 0, 0, 0, 0, 0,
    0, 0, 0, 0, 0, 0, 0, 0,
    0, 0, -11, 0, 0, 0, -34, -27,
    -28, 0, 0, 0, 0, 0, 0, 0,
    0, 0, -23, 0, -10, -31, -4, 0,
    0, 0, 0, 0, 0, 0, 7, 0,
    -30, 0, -33, -21, -4, -4, 0, -24,
    -27, -21, -25, -24, -24, -28, -26, 0,
    0, 0, -8, -4, 23, 0, 0, 0,
    0, -5, 0, -6, 0, 0, 0, 0,
    0, 0, 0, 0, 0, -4, 0, 0,
    0, 0, 0, 0, 0, 0, 0, 0,
    0, 0, 0, 0, 0, 0, 0, 0,
    0, 0, 0, 0, 0, 0, 0, 0,
    0, 0, 0, 0, 0, 0, 0, 13,
    -4, 0, 0, 0, -23, -13, -21, 0,
    0, 0, 0, 0, 0, 0, 0, 0,
    -16, 0, -5, 0, -3, 0, 0, 0,
    0, 0, 0, 0, 7, 0, -11, 0,
    -11, -4, 0, 0, 0, -3, -9, -4,
    -4, -6, -5, -8, -2, 0, 0, 0,
    0, 0, 23, -2, 0, 0, 0, -13,
    -4, -9, 0, 0, 0, 0, 0, 0,
    0, 0, 0, -6, 0, -2, 0, 0,
    0, 0, 0, 0, 0, 0, 0, 0,
    0, -2, 0, -2, -1, 0, 0, 0,
    0, 0, -1, 0, 0, 0, 0, 0,
    0, 0, 0, 0, 0, 20, 0, 0,
    0, 0, 0, -14, 0, 0, 0, 0,
    0, 0, 0, 0, 0, 0, 0, 0,
    -8, -3, -4, 0, 0, 0, 0, 0,
    0, 0, 0, 0, -1, 0, -6, -6,
    0, 0, 0, 0, -3, -6, -3, -5,
    -3, 0, 0, 0, 0, 0, 0, 0,
    14, -4, 0, 0, 0, -39, -34, -27,
    0, 0, 0, 0, 0, 0, 0, 0,
    0, -25, 0, -10, -37, -7, 0, 0,
    0, 0, 0, 0, 0, 0, 0, -30,
    0, -31, -18, 0, 0, 0, -27, -28,
    -18, -27, -23, -22, -24, -27, 0, 0,
    0, 0, 0, 18, 0, 0, 0, 0,
    0, -13, 0, 0, 0, 0, 0, 0,
    0, 0, 0, 0, 0, 0, -4, 0,
    0, 0, 0, 0, 0, 0, 0, 0,
    0, 0, 0, 0, -3, -4, 0, 0,
    0, 0, -1, -4, -2, -2, 0, 0,
    0, 0, 0, 0, 0, 0, 13, 0,
    0, 0, 0, 0, 0, 0, -4, -11,
    0, -10, -4, 0, -4, -3, 0, 0,
    0, 0, 0, 0, 0, 0, 0, 0,
    0, 0, 0, 0, 0, 0, 0, -4,
    0, 0, 14, 0, 0, 0, 0, 0,
    0, 0, 0, 0, 0, 0, 0, 0,
    0, 32, 0, 0, 0, 0, 0, 0,
    0, 0, 0, 0, 0, 0, 0, 0,
    0, 0, 0, 0, -8, -4, -3, -28,
    -6, -21, -9, 0, -27, 0, 0, 0,
    -2, 0, -5, -21, 0, 26, 0, 0,
    -4, -21, -8, -7, -3, 0, 0, 0,
    0, 0, 0, 0, 0, 0, -8, -6,
    0, 0, -4, 0, 0, 0, 0, 0,
    0, 0, 0, 0, -8, 0, 0, 0,
    0, 0, 0, 0, 0, 0, 0, 0,
    0, -7, 0, 0, 0, -4, -13, 0,
    0, 0, 0, -1, -13, -5, -10, -1,
    0, 0, 0, 0, 0, 0, 0, 0,
    0, -8, -7, 0, -2, 0, -5, 0,
    0, 0, 0, 0, 0, 0, 0, 0,
    0, 0, 0, 0, 0, 0, 0, 0,
    0, 0, 0, 0, -5, -4, 0, 0,
    0, -6, 0, 0, 0, 0, 0, -6,
    0, -5, -1, -11, -3, 0, 0, 0,
    0, 0, 0, 0, 4, 0, 0, -24,
    -4, -13, 0, 0, 0, 0, 0, 0,
    0, 0, 0, 0, 0, 0, 0, 0,
    0, 0, 0, 0, 0, 0, 0, 7,
    0, -3, 0, -6, -39, -10, -10, -10,
    0, -1, -4, 0, 0, 0, 0, 0,
    0, 0, 0, 0, 0, 18, 0, -6,
    -4, 0, 0, 0, 0, 0, 0, 0,
    0, 0, 0, 0, 0, 0, 0, 0,
    0, 0, 0, 0, 0, 0, 0, 0,
    0, 0, -8, -1, 0, 0, 0, -5,
    0, 0, 0, 0, 0, -5, -3, -5,
    0, 0, 0, 0, 0, 0, 0, 0,
    0, 0, 0, 0, 0, 0, 0, 0,
    0, 0, 0, 0, 0, 0, 0, 0,
    0, 0, 0, 0, 0, 0, 0, 0,
    0, 0, 0, 0, 0, 11, 0, 0,
    0, 0, 0, 0, 0, 0, 0, 0,
    0, 0, 0, 0, 0, 0, 0, 0,
    0, 0, 0, 18, 0, 0, 0, 0,
    0, -13, 0, 0, 0, 0, 0, 0,
    0, 0, 0, 0, 0, 0, 0, 0,
    0, 0, 0, 0, 0, 0, 0, 0,
    0, 0, -4, 0, -11, 0, 0, 0,
    0, 0, -5, 0, 0, 0, 0, 0,
    0, 0, 0, 0, 0, 0, 0, 0,
    0, 0, 0, -28, -4, -12, 0, 0,
    0, 0, 0, 0, 0, 0, 0, 0,
    0, 0, 0, 0, 0, 0, 0, 0,
    0, 0, 0, 0, 0, -4, 0, -6,
    0, 0, 0, 0, 0, -4, 0, 0,
    0, 0, 0, 0, 0, 0, 0, 0,
    0, 0, 0, -5, -4, 0, 0, 0,
    -4, 0, 0, 0, 0, 0, 0, 0,
    0, 0, 0, 0, 0, 0, 0, 0,
    0, 0, 0, 0, 0, 0, -4, 0,
    -1, 0, 0, -4, 0, 0, 0, 0,
    0, -4, 0, -7, 0, -2, 0, 0,
    0, 0, 0, 0, 0, 0, 4, 0,
    0, 0, -7, 0, 0, 0, 0, 0,
    0, 0, 0, 0, 0, 0, 0, 0,
    0, 0, 0, 0, 0, 0, 0, 0,
    0, 0, 0, 0, 0, -6, -8, 0,
    0, 0, 0, 0, -46, 0, 0, 0,
    0, 0, 0, 0, 0, 0, 0, 0,
    0, 0, -8, 0, -14, -4, -7, 0,
    0, 0, 0, 0, 0, 0, 0, 0,
    0, 0, 0, 0, 0, 0, 0, 0,
    0, 0, 0, 0, 0, 0, -4, 0,
    -5, 0, 0, 0, 0, 0, -4, 0,
    0, 0, 0, 0, 0, 0, 0, 0,
    0, 0, 0, 0, 0, -6, 0, -8,
    -2, -3, 0, 0, 0, 0, 0, 0,
    0, 0, 0, 0, 0, 0, 0, 0,
    0, 0, 0, 0, 0, 0, 0, 0,
    0, 0, 0, -1, 0, 0, 0, 0,
    0, 0, 0, 0, 0, 0, 0, 0,
    0, 0, 0, 0, 0, 0, 0, 0,
    0, 0, 0, -13, 0, 0, 0, 0,
    0, 0, 0, 0, 0, 0, 0, 0,
    0, 0, 0, 0, 0, 0, 0, 0,
    0, 0, 0, 0, -3, 0, -11, 0,
    0, 0, 0, 0, -3, 0, 0, 0,
    0, 0, 0, 0, 0, 0, 0, 0,
    0, 0, 0, 0, 0, 0, -8, 0,
    0, 0, 0, 0, 0, 0, 0, 0,
    0, 0, 0, 0, 0, 0, 0, 0,
    0, 0, 0, 0, 0, 0, 0, 0,
    0, -3, 0, 0, 0, 0, 0, 0,
    0, 0, 0, 0, 0, 0, 0, 0,
    0, 0, 0, 0, -9, 0, 0, 0,
    0, 0, 0, 0, 0, 0, 0, 0,
    0, 0, 0, 0, 0, 0, 0, 0,
    0, 0, 0, 0, 0, 0, 0, 0,
    0, 0, 0, 0, 0, 0, 0, 0,
    0, 0, 0, 0, 0, 0, 0, 0,
    0, 0, 0, 0, 0, 0, 0, 0,
    0, 0, 0, 0, 0, 0, 0, 0,
    0, 0, 0, 0, 0, 0, 0, 0,
    0, 0, 0, 0, 0, 0, 0, 0,
    0, 0, 0, 0, 0, 0, 0, 0,
    0, 0, 0, 0, 0, 0, 0, 0,
    0, 0, 0, 0, 0, 0, 49, 0,
    0, 0, 0, 0, 0, 0, 0, 0,
    0, 0, 0, 0, 0, 0, 0, 0,
    0, 0, -11, 0, 0, 0, 0, -22,
    0, -7, -1, -20, -18, -16, 0, 0,
    0, 0, 0, 0, 0, 0, 0, 0,
    0, 0, 0, 0, 0, 0, 0, 0,
    0, 0, 0, 0, 0, 0, 0, 0,
    0, 0, 0, 0, 0, 0, 0, 0,
    0, 0, 0, 0, 0, 0, 0, 0,
    0, 0, 0, 0, 0, 0, 0, 0,
    0, 0, 0, 0, 0, 0, -10, 0,
    0, 0, 0, 0, -10, 0, -9, -6,
    0, 0, 0, 0, 0, 0, 0, 0,
    0, 28, 28, 21, 0, 0, 0, 0,
    0, 0, 0, 0, 0, 0, 0, 28,
    0, 0, 0, 0, 0, 0, 0, 0,
    0, 0, 0, 0, 35, 32, 0, 12,
    0, 0, 18, 18, 12, 0, 0, 0,
    0, 0, 0, 0, 0, 0, 28, 0,
    0, 18, 52
};


/*Collect the kern class' data in one place*/
static const lv_font_fmt_txt_kern_classes_t kern_classes =
{
    .class_pair_values   = kern_class_values,
    .left_class_mapping  = kern_left_class_mapping,
    .right_class_mapping = kern_right_class_mapping,
    .left_class_cnt      = 57,
    .right_class_cnt     = 51,
};

/*--------------------
 *  ALL CUSTOM DATA
 *--------------------*/

#if LVGL_VERSION_MAJOR == 8
/*Store all the custom data of the font*/
static  lv_font_fmt_txt_glyph_cache_t cache;
#endif

#if LVGL_VERSION_MAJOR >= 8
static const lv_font_fmt_txt_dsc_t font_dsc = {
#else
static lv_font_fmt_txt_dsc_t font_dsc = {
#endif
    .glyph_bitmap = glyph_bitmap,
    .glyph_dsc = glyph_dsc,
    .cmaps = cmaps,
    .kern_dsc = &kern_classes,
    .kern_scale = 16,
    .cmap_num = 3,
    .bpp = 4,
    .kern_classes = 1,
    .bitmap_format = 0,
#if LVGL_VERSION_MAJOR == 8
    .cache = &cache
#endif
};



/*-----------------
 *  PUBLIC FONT
 *----------------*/

/*Initialize a public general font descriptor*/
#if LVGL_VERSION_MAJOR >= 8
const lv_font_t diskos_bauh_bold_22 = {
#else
lv_font_t diskos_bauh_bold_22 = {
#endif
    .get_glyph_dsc = lv_font_get_glyph_dsc_fmt_txt,    /*Function pointer to get glyph's data*/
    .get_glyph_bitmap = lv_font_get_bitmap_fmt_txt,    /*Function pointer to get glyph's bitmap*/
    .line_height = 26,          /*The maximum line height required by the font*/
    .base_line = 5,             /*Baseline measured from the bottom of the line*/
#if !(LVGL_VERSION_MAJOR == 6 && LVGL_VERSION_MINOR == 0)
    .subpx = LV_FONT_SUBPX_NONE,
#endif
#if LV_VERSION_CHECK(7, 4, 0) || LVGL_VERSION_MAJOR >= 8
    .underline_position = -2,
    .underline_thickness = 1,
#endif
    .dsc = &font_dsc,          /*The custom font data. Will be accessed by `get_glyph_bitmap/dsc` */
#if LV_VERSION_CHECK(8, 2, 0) || LVGL_VERSION_MAJOR >= 9
    .fallback = NULL,
#endif
    .user_data = NULL,
};



#endif /*#if DISKOS_BAUH_BOLD_22*/

