/* SPDX-License-Identifier: OFL-1.1 */
/* Source Han Sans SC. Copyright 2014, 2015 Adobe Systems Incorporated, with Reserved Font Name Source. */
/*******************************************************************************
 * Size: 16 px
 * Bpp: 4
 * Generated by tools/generate_cjk_supplement.py from fonts/cjk-supplement.txt.
 ******************************************************************************/

#ifdef LV_LVGL_H_INCLUDE_SIMPLE
#include "lvgl.h"
#else
#include "lvgl/lvgl.h"
#endif

#ifndef FONT_CJK_EXTRA_16
#define FONT_CJK_EXTRA_16 1
#endif

#if FONT_CJK_EXTRA_16

/*-----------------
 *    BITMAPS
 *----------------*/

/*Store the image of the glyphs*/
static LV_ATTRIBUTE_LARGE_CONST const uint8_t glyph_bitmap[] = {
    /* U+30FB "・" */
    0x1b, 0xc2, 0x8f, 0xfa, 0x7f, 0xf9, 0x6, 0x60,

    /* U+4E2A "个" */
    0x0, 0x0, 0x0, 0x3, 0x40, 0x0, 0x0, 0x0,
    0x0, 0x0, 0x0, 0xd, 0xa0, 0x0, 0x0, 0x0,
    0x0, 0x0, 0x0, 0xbd, 0xf5, 0x0, 0x0, 0x0,
    0x0, 0x0, 0x1b, 0xd1, 0x4f, 0x60, 0x0, 0x0,
    0x0, 0x2, 0xdd, 0x10, 0x5, 0xf8, 0x0, 0x0,
    0x0, 0x6f, 0xb1, 0xc, 0x50, 0x3e, 0xd3, 0x0,
    0x3d, 0xf7, 0x0, 0xd, 0x60, 0x1, 0xaf, 0xa0,
    0x8, 0x10, 0x0, 0xd, 0x60, 0x0, 0x4, 0x60,
    0x0, 0x0, 0x0, 0xd, 0x60, 0x0, 0x0, 0x0,
    0x0, 0x0, 0x0, 0xd, 0x60, 0x0, 0x0, 0x0,
    0x0, 0x0, 0x0, 0xd, 0x60, 0x0, 0x0, 0x0,
    0x0, 0x0, 0x0, 0xd, 0x60, 0x0, 0x0, 0x0,
    0x0, 0x0, 0x0, 0xd, 0x60, 0x0, 0x0, 0x0,
    0x0, 0x0, 0x0, 0xd, 0x60, 0x0, 0x0, 0x0,
    0x0, 0x0, 0x0, 0xd, 0x60, 0x0, 0x0, 0x0,

    /* U+4E49 "义" */
    0x0, 0x0, 0x0, 0x4, 0x0, 0x0, 0x0, 0x0,
    0x0, 0x0, 0x0, 0x2f, 0x10, 0x0, 0x10, 0x0,
    0x0, 0x24, 0x0, 0xa, 0x80, 0x0, 0xaa, 0x0,
    0x0, 0x4e, 0x0, 0x4, 0xf0, 0x0, 0xf5, 0x0,
    0x0, 0xd, 0x60, 0x0, 0x91, 0x6, 0xe0, 0x0,
    0x0, 0x6, 0xe0, 0x0, 0x0, 0xe, 0x60, 0x0,
    0x0, 0x0, 0xd8, 0x0, 0x0, 0x7e, 0x0, 0x0,
    0x0, 0x0, 0x3f, 0x30, 0x2, 0xf4, 0x0, 0x0,
    0x0, 0x0, 0x8, 0xe1, 0xd, 0x90, 0x0, 0x0,
    0x0, 0x0, 0x0, 0xbd, 0xbc, 0x0, 0x0, 0x0,
    0x0, 0x0, 0x0, 0x1f, 0xf2, 0x0, 0x0, 0x0,
    0x0, 0x0, 0x2, 0xdc, 0xce, 0x40, 0x0, 0x0,
    0x0, 0x1, 0x8f, 0x90, 0x9, 0xf9, 0x10, 0x0,
    0x2, 0x8f, 0xc3, 0x0, 0x0, 0x4d, 0xf8, 0x20,
    0x1f, 0xb5, 0x0, 0x0, 0x0, 0x0, 0x6d, 0xe1,
    0x1, 0x0, 0x0, 0x0, 0x0, 0x0, 0x0, 0x10,

    /* U+4E50 "乐" */
    0x0, 0x0, 0x0, 0x0, 0x0, 0x0, 0x0, 0x0,
    0x0, 0x1, 0x23, 0x45, 0x68, 0xac, 0xfa, 0x0,
    0x0, 0x4f, 0xee, 0xdc, 0xb9, 0x75, 0x30, 0x0,
    0x0, 0x5e, 0x0, 0x1, 0x50, 0x0, 0x0, 0x0,
    0x0, 0x7b, 0x0, 0x4, 0xf0, 0x0, 0x0, 0x0,
    0x0, 0xa9, 0x0, 0x4, 0xf0, 0x0, 0x0, 0x0,
    0x0, 0xd6, 0x0, 0x4, 0xf0, 0x0, 0x0, 0x0,
    0x2, 0xff, 0xff, 0xff, 0xff, 0xff, 0xff, 0xc0,
    0x0, 0x32, 0x22, 0x26, 0xf2, 0x22, 0x22, 0x10,
    0x0, 0x2, 0x40, 0x4, 0xf0, 0x3, 0x20, 0x0,
    0x0, 0xd, 0x80, 0x4, 0xf0, 0x7, 0xd1, 0x0,
    0x0, 0x9d, 0x0, 0x4, 0xf0, 0x0, 0x9c, 0x0,
    0x7, 0xe2, 0x0, 0x4, 0xf0, 0x0, 0xc, 0x90,
    0x1d, 0x30, 0x1, 0x26, 0xe0, 0x0, 0x2, 0xd1,
    0x0, 0x0, 0xa, 0xff, 0x80, 0x0, 0x0, 0x0,
    0x0, 0x0, 0x0, 0x0, 0x0, 0x0, 0x0, 0x0,

    /* U+4E66 "书" */
    0x0, 0x0, 0x4, 0xe0, 0x0, 0x26, 0x0, 0x0,
    0x0, 0x0, 0x4e, 0x0, 0x1, 0x9d, 0x40, 0xb,
    0xdd, 0xdd, 0xfd, 0xdd, 0xd9, 0x4b, 0x0, 0x55,
    0x55, 0x8f, 0x55, 0x59, 0xc0, 0x0, 0x0, 0x0,
    0x4, 0xe0, 0x0, 0x6c, 0x0, 0x0, 0x0, 0x0,
    0x4e, 0x0, 0x6, 0xc0, 0x0, 0x23, 0x33, 0x36,
    0xe3, 0x33, 0x8c, 0x33, 0xe, 0xff, 0xff, 0xff,
    0xff, 0xff, 0xff, 0xf0, 0x0, 0x0, 0x4, 0xe0,
    0x0, 0x0, 0x3e, 0x0, 0x0, 0x0, 0x4e, 0x0,
    0x0, 0x5, 0xd0, 0x0, 0x0, 0x4, 0xe0, 0x0,
    0x0, 0x8b, 0x0, 0x0, 0x0, 0x4e, 0x0, 0x43,
    0x3d, 0x70, 0x0, 0x0, 0x4, 0xe0, 0x9, 0xdd,
    0xb1, 0x0, 0x0, 0x0, 0x4e, 0x0, 0x0, 0x0,
    0x0,

    /* U+4E8E "于" */
    0x0, 0x33, 0x33, 0x33, 0x33, 0x33, 0x33, 0x0,
    0x0, 0xef, 0xff, 0xff, 0xff, 0xff, 0xff, 0x0,
    0x0, 0x0, 0x0, 0x7, 0xc0, 0x0, 0x0, 0x0,
    0x0, 0x0, 0x0, 0x7, 0xc0, 0x0, 0x0, 0x0,
    0x0, 0x0, 0x0, 0x7, 0xc0, 0x0, 0x0, 0x0,
    0x0, 0x0, 0x0, 0x7, 0xc0, 0x0, 0x0, 0x0,
    0x1f, 0xff, 0xff, 0xff, 0xff, 0xff, 0xff, 0xf1,
    0x2, 0x22, 0x22, 0x28, 0xc2, 0x22, 0x22, 0x20,
    0x0, 0x0, 0x0, 0x7, 0xc0, 0x0, 0x0, 0x0,
    0x0, 0x0, 0x0, 0x7, 0xc0, 0x0, 0x0, 0x0,
    0x0, 0x0, 0x0, 0x7, 0xc0, 0x0, 0x0, 0x0,
    0x0, 0x0, 0x0, 0x7, 0xc0, 0x0, 0x0, 0x0,
    0x0, 0x0, 0x23, 0x39, 0xc0, 0x0, 0x0, 0x0,
    0x0, 0x0, 0x7f, 0xfe, 0x60, 0x0, 0x0, 0x0,
    0x0, 0x0, 0x0, 0x0, 0x0, 0x0, 0x0, 0x0,

    /* U+4EAE "亮" */
    0x0, 0x0, 0x0, 0x5, 0x20, 0x0, 0x0, 0x0,
    0x0, 0x0, 0x0, 0xab, 0x0, 0x0, 0x0, 0xe,
    0xee, 0xee, 0xee, 0xfe, 0xee, 0xee, 0xd0, 0x12,
    0x22, 0x22, 0x22, 0x22, 0x22, 0x21, 0x0, 0xb,
    0xed, 0xdd, 0xdd, 0xde, 0xd0, 0x0, 0x0, 0xb7,
    0x0, 0x0, 0x0, 0x6d, 0x0, 0x0, 0xb, 0xed,
    0xdd, 0xdd, 0xde, 0xd0, 0x0, 0x0, 0x0, 0x0,
    0x0, 0x0, 0x0, 0x0, 0xb, 0xff, 0xff, 0xff,
    0xff, 0xff, 0xff, 0xa0, 0xb7, 0x0, 0x0, 0x0,
    0x0, 0x0, 0x7a, 0x8, 0x50, 0x2f, 0xff, 0xff,
    0xf1, 0x5, 0x70, 0x0, 0x4, 0xf0, 0x0, 0x3f,
    0x10, 0x0, 0x0, 0x0, 0xaa, 0x0, 0x2, 0xf1,
    0x2, 0x80, 0x1, 0x9f, 0x20, 0x0, 0x2f, 0x20,
    0x5d, 0xa, 0xfb, 0x20, 0x0, 0x0, 0xcf, 0xff,
    0x70, 0x10, 0x0, 0x0, 0x0, 0x0, 0x0, 0x0,

    /* U+4EC5 "仅" */
    0x0, 0x0, 0x23, 0x0, 0x0, 0x0, 0x0, 0x0,
    0x0, 0x0, 0xb9, 0x0, 0x0, 0x0, 0x0, 0x0,
    0x0, 0x3, 0xf4, 0xdd, 0xdd, 0xdd, 0xdd, 0x50,
    0x0, 0xc, 0xa0, 0x9b, 0x44, 0x44, 0x4e, 0x40,
    0x0, 0x6f, 0x30, 0x4e, 0x0, 0x0, 0x2f, 0x10,
    0x2, 0xff, 0x30, 0xf, 0x20, 0x0, 0x6c, 0x0,
    0x2e, 0xaf, 0x30, 0xa, 0x80, 0x0, 0xc6, 0x0,
    0x3c, 0xf, 0x30, 0x4, 0xe0, 0x4, 0xf1, 0x0,
    0x0, 0xf, 0x30, 0x0, 0xd6, 0xc, 0x80, 0x0,
    0x0, 0xf, 0x30, 0x0, 0x4e, 0x8e, 0x0, 0x0,
    0x0, 0xf, 0x30, 0x0, 0xb, 0xf4, 0x0, 0x0,
    0x0, 0xf, 0x30, 0x0, 0x3f, 0xea, 0x0, 0x0,
    0x0, 0xf, 0x30, 0x6, 0xf7, 0x1d, 0xb1, 0x0,
    0x0, 0xf, 0x34, 0xce, 0x40, 0x1, 0xbe, 0x70,
    0x0, 0xf, 0x3c, 0x81, 0x0, 0x0, 0x4, 0xb1,
    0x0, 0x0, 0x0, 0x0, 0x0, 0x0, 0x0, 0x0,

    /* U+4ECE "从" */
    0x0, 0x0, 0x0, 0x0, 0x0, 0x0, 0x0, 0x0,
    0x0, 0x0, 0xc7, 0x0, 0x0, 0xb9, 0x0, 0x0,
    0x0, 0x0, 0xd6, 0x0, 0x0, 0xc7, 0x0, 0x0,
    0x0, 0x0, 0xe5, 0x0, 0x0, 0xe6, 0x0, 0x0,
    0x0, 0x0, 0xf3, 0x0, 0x0, 0xf4, 0x0, 0x0,
    0x0, 0x2, 0xf2, 0x0, 0x2, 0xf2, 0x0, 0x0,
    0x0, 0x4, 0xf7, 0x0, 0x4, 0xf2, 0x0, 0x0,
    0x0, 0x6, 0xef, 0x40, 0x7, 0xf6, 0x0, 0x0,
    0x0, 0x9, 0xb7, 0xe1, 0xb, 0xfb, 0x0, 0x0,
    0x0, 0xd, 0x70, 0xc9, 0xf, 0x6f, 0x10, 0x0,
    0x0, 0x2f, 0x30, 0x3e, 0x7f, 0xb, 0x80, 0x0,
    0x0, 0x8e, 0x0, 0x2, 0xd9, 0x3, 0xf2, 0x0,
    0x0, 0xe7, 0x0, 0x7, 0xf2, 0x0, 0xab, 0x0,
    0xa, 0xe0, 0x0, 0x4f, 0x70, 0x0, 0x1e, 0xa0,
    0x1d, 0x50, 0x0, 0xaa, 0x0, 0x0, 0x3, 0xb0,
    0x0, 0x0, 0x0, 0x0, 0x0, 0x0, 0x0, 0x0,

    /* U+5173 "关" */
    0x0, 0x0, 0x10, 0x0, 0x0, 0x2, 0x0, 0x0,
    0x0, 0x1, 0xf2, 0x0, 0x0, 0xf, 0x60, 0x0,
    0x0, 0x0, 0x8c, 0x0, 0x0, 0x8d, 0x0, 0x0,
    0x0, 0x0, 0xc, 0x10, 0x1, 0xf3, 0x0, 0x0,
    0x0, 0xdf, 0xff, 0xff, 0xff, 0xff, 0xff, 0x0,
    0x0, 0x23, 0x33, 0x3a, 0xc3, 0x33, 0x33, 0x0,
    0x0, 0x0, 0x0, 0x9, 0xb0, 0x0, 0x0, 0x0,
    0x0, 0x0, 0x0, 0x9, 0xb0, 0x0, 0x0, 0x0,
    0xd, 0xff, 0xff, 0xff, 0xff, 0xff, 0xff, 0xe0,
    0x2, 0x33, 0x33, 0x3f, 0xf7, 0x33, 0x33, 0x20,
    0x0, 0x0, 0x0, 0x8f, 0x8d, 0x0, 0x0, 0x0,
    0x0, 0x0, 0x5, 0xf7, 0xc, 0xc0, 0x0, 0x0,
    0x0, 0x0, 0x8f, 0x80, 0x1, 0xdd, 0x30, 0x0,
    0x1, 0x7e, 0xe5, 0x0, 0x0, 0x1a, 0xfa, 0x40,
    0xc, 0xd7, 0x0, 0x0, 0x0, 0x0, 0x4b, 0xd0,
    0x0, 0x0, 0x0, 0x0, 0x0, 0x0, 0x0, 0x0,

    /* U+521B "创" */
    0x0, 0x0, 0x0, 0x0, 0x0, 0x0, 0x0, 0x0,
    0x0, 0x8, 0xc0, 0x0, 0x0, 0x0, 0xe4, 0x0,
    0x2, 0xfe, 0x50, 0x0, 0x71, 0xe, 0x40, 0x1,
    0xd6, 0x2e, 0x50, 0xf, 0x30, 0xe4, 0x0, 0xbb,
    0x0, 0x3f, 0x40, 0xf3, 0xe, 0x42, 0xdb, 0x0,
    0x0, 0x5e, 0x1f, 0x30, 0xe4, 0x49, 0xbc, 0xcc,
    0xcb, 0x30, 0xf3, 0xe, 0x40, 0xe, 0x74, 0x47,
    0xd0, 0xf, 0x30, 0xe4, 0x0, 0xe4, 0x0, 0x5c,
    0x0, 0xf3, 0xe, 0x40, 0xe, 0x40, 0x7, 0xa0,
    0xf, 0x30, 0xe4, 0x0, 0xe4, 0x23, 0xb8, 0x0,
    0xf3, 0xe, 0x40, 0xe, 0x44, 0xcb, 0x10, 0x7,
    0x10, 0xe4, 0x0, 0xe4, 0x0, 0x1, 0xc0, 0x0,
    0xe, 0x40, 0xd, 0x50, 0x0, 0x5d, 0x0, 0x0,
    0xf3, 0x0, 0x7f, 0xff, 0xff, 0x60, 0x7e, 0xfe,
    0x10, 0x0, 0x0, 0x0, 0x0, 0x0, 0x22, 0x0,

    /* U+532F "匯" */
    0x4f, 0xff, 0xff, 0xff, 0xff, 0xff, 0xff, 0x44,
    0xe0, 0x62, 0x0, 0x36, 0x16, 0x0, 0x0, 0x4e,
    0x6, 0xe6, 0xa, 0x60, 0xe4, 0x0, 0x4, 0xe0,
    0x1, 0x32, 0xfc, 0xce, 0xec, 0xc0, 0x4e, 0x42,
    0x0, 0xbe, 0x33, 0xf4, 0x33, 0x4, 0xe6, 0xe6,
    0x6f, 0xe0, 0xf, 0x10, 0x0, 0x4e, 0x2, 0x9c,
    0x7f, 0xee, 0xfe, 0xe7, 0x4, 0xe0, 0x2, 0x3,
    0xe0, 0xf, 0x10, 0x0, 0x4e, 0x0, 0xc5, 0x3f,
    0xee, 0xfe, 0xe8, 0x4, 0xe0, 0x6c, 0x3, 0xe0,
    0xf, 0x10, 0x0, 0x4e, 0x2f, 0x30, 0x3f, 0xee,
    0xfe, 0xee, 0x4, 0xe0, 0x40, 0x2, 0xa1, 0x11,
    0x11, 0x10, 0x4e, 0x33, 0x33, 0x33, 0x33, 0x33,
    0x33, 0x13, 0xdd, 0xdd, 0xdd, 0xdd, 0xdd, 0xdd,
    0xd4,

    /* U+533A "区" */
    0x3f, 0xff, 0xff, 0xff, 0xff, 0xff, 0xfe, 0x3,
    0xe2, 0x22, 0x22, 0x22, 0x22, 0x22, 0x20, 0x3e,
    0x0, 0x20, 0x0, 0x0, 0x89, 0x0, 0x3, 0xe0,
    0x6e, 0x30, 0x0, 0x2f, 0x40, 0x0, 0x3e, 0x0,
    0x6f, 0x50, 0xc, 0xa0, 0x0, 0x3, 0xe0, 0x0,
    0x5f, 0x68, 0xd0, 0x0, 0x0, 0x3e, 0x0, 0x0,
    0x4f, 0xf3, 0x0, 0x0, 0x3, 0xe0, 0x0, 0x5,
    0xff, 0x60, 0x0, 0x0, 0x3e, 0x0, 0x5, 0xf6,
    0x5f, 0x60, 0x0, 0x3, 0xe0, 0x8, 0xf6, 0x0,
    0x5f, 0x50, 0x0, 0x3e, 0xc, 0xe4, 0x0, 0x0,
    0x7f, 0x20, 0x3, 0xe0, 0x52, 0x0, 0x0, 0x0,
    0x60, 0x0, 0x3e, 0x22, 0x22, 0x22, 0x22, 0x22,
    0x22, 0x3, 0xff, 0xff, 0xff, 0xff, 0xff, 0xff,
    0xf5,

    /* U+5355 "单" */
    0x0, 0x0, 0x50, 0x0, 0x0, 0x5, 0x10, 0x0,
    0x0, 0x0, 0xca, 0x0, 0x0, 0x3f, 0x30, 0x0,
    0x0, 0x0, 0x1f, 0x50, 0x0, 0xc8, 0x0, 0x0,
    0x0, 0x7d, 0xdf, 0xdd, 0xde, 0xfd, 0xd9, 0x0,
    0x0, 0x9a, 0x22, 0x2a, 0xa2, 0x22, 0x8b, 0x0,
    0x0, 0x99, 0x0, 0xa, 0x90, 0x0, 0x7b, 0x0,
    0x0, 0x9f, 0xff, 0xff, 0xff, 0xff, 0xfb, 0x0,
    0x0, 0x99, 0x0, 0xa, 0x90, 0x0, 0x7b, 0x0,
    0x0, 0x99, 0x0, 0xa, 0x90, 0x0, 0x7b, 0x0,
    0x0, 0x8f, 0xff, 0xff, 0xff, 0xff, 0xfb, 0x0,
    0x0, 0x0, 0x0, 0xa, 0x90, 0x0, 0x0, 0x0,
    0x1f, 0xff, 0xff, 0xff, 0xff, 0xff, 0xff, 0xf1,
    0x2, 0x22, 0x22, 0x2a, 0xa2, 0x22, 0x22, 0x20,
    0x0, 0x0, 0x0, 0xa, 0x90, 0x0, 0x0, 0x0,
    0x0, 0x0, 0x0, 0xa, 0x90, 0x0, 0x0, 0x0,

    /* U+5382 "厂" */
    0x0, 0x34, 0x44, 0x44, 0x44, 0x44, 0x44, 0x20,
    0xd, 0xff, 0xff, 0xff, 0xff, 0xff, 0xfa, 0x0,
    0xd6, 0x0, 0x0, 0x0, 0x0, 0x0, 0x0, 0xd,
    0x60, 0x0, 0x0, 0x0, 0x0, 0x0, 0x0, 0xd6,
    0x0, 0x0, 0x0, 0x0, 0x0, 0x0, 0xd, 0x60,
    0x0, 0x0, 0x0, 0x0, 0x0, 0x0, 0xe5, 0x0,
    0x0, 0x0, 0x0, 0x0, 0x0, 0xe, 0x40, 0x0,
    0x0, 0x0, 0x0, 0x0, 0x0, 0xf3, 0x0, 0x0,
    0x0, 0x0, 0x0, 0x0, 0x2f, 0x10, 0x0, 0x0,
    0x0, 0x0, 0x0, 0x5, 0xe0, 0x0, 0x0, 0x0,
    0x0, 0x0, 0x0, 0x9a, 0x0, 0x0, 0x0, 0x0,
    0x0, 0x0, 0x1f, 0x50, 0x0, 0x0, 0x0, 0x0,
    0x0, 0x4, 0xd0, 0x0, 0x0, 0x0, 0x0, 0x0,
    0x0, 0x0, 0x0, 0x0, 0x0, 0x0, 0x0, 0x0,
    0x0,

    /* U+5386 "历" */
    0x1, 0xff, 0xff, 0xff, 0xff, 0xff, 0xff, 0xf1,
    0x1, 0xf3, 0x22, 0x22, 0x22, 0x22, 0x22, 0x20,
    0x1, 0xf1, 0x0, 0x1, 0xa1, 0x0, 0x0, 0x0,
    0x1, 0xf1, 0x0, 0x2, 0xf1, 0x0, 0x0, 0x0,
    0x1, 0xf1, 0x0, 0x2, 0xf0, 0x0, 0x0, 0x0,
    0x1, 0xf1, 0xef, 0xff, 0xff, 0xff, 0xff, 0x40,
    0x2, 0xf0, 0x11, 0x16, 0xd1, 0x11, 0x1f, 0x30,
    0x2, 0xf0, 0x0, 0x7, 0xb0, 0x0, 0xf, 0x20,
    0x4, 0xe0, 0x0, 0xb, 0x70, 0x0, 0x1f, 0x10,
    0x5, 0xd0, 0x0, 0x1f, 0x30, 0x0, 0x2f, 0x0,
    0x7, 0xb0, 0x0, 0x8c, 0x0, 0x0, 0x4e, 0x0,
    0xa, 0x80, 0x3, 0xf3, 0x0, 0x0, 0x7c, 0x0,
    0xe, 0x40, 0x5f, 0x70, 0x2, 0x22, 0xc9, 0x0,
    0x2d, 0x4, 0xe5, 0x0, 0x9, 0xff, 0xd2, 0x0,
    0x0, 0x0, 0x0, 0x0, 0x0, 0x0, 0x0, 0x0,

    /* U+540E "后" */
    0x0, 0x0, 0x0, 0x0, 0x0, 0x0, 0x20, 0x0,
    0x0, 0x1, 0x34, 0x68, 0xac, 0xff, 0x80, 0x0,
    0xcf, 0xfd, 0xcb, 0x97, 0x53, 0x0, 0x0, 0xc,
    0x70, 0x0, 0x0, 0x0, 0x0, 0x0, 0x0, 0xc7,
    0x0, 0x0, 0x0, 0x0, 0x0, 0x0, 0xc, 0xff,
    0xff, 0xff, 0xff, 0xff, 0xff, 0x0, 0xc8, 0x22,
    0x22, 0x22, 0x22, 0x22, 0x20, 0xd, 0x60, 0x0,
    0x0, 0x0, 0x0, 0x0, 0x0, 0xe5, 0x2c, 0xcc,
    0xcc, 0xcc, 0xcb, 0x0, 0xf, 0x33, 0xf5, 0x55,
    0x55, 0x58, 0xe0, 0x2, 0xf1, 0x3f, 0x0, 0x0,
    0x0, 0x5e, 0x0, 0x6d, 0x3, 0xf0, 0x0, 0x0,
    0x5, 0xe0, 0xb, 0x80, 0x3f, 0x0, 0x0, 0x0,
    0x5e, 0x3, 0xf2, 0x3, 0xfe, 0xee, 0xee, 0xee,
    0xe0, 0x49, 0x0, 0x3f, 0x33, 0x33, 0x33, 0x7e,
    0x0, 0x0, 0x0, 0x0, 0x0, 0x0, 0x0, 0x0,

    /* U+542F "启" */
    0x0, 0x0, 0x0, 0x2, 0x20, 0x0, 0x0, 0x0,
    0x0, 0x0, 0x0, 0x7d, 0x0, 0x0, 0x0, 0x0,
    0x2, 0x22, 0x23, 0xf5, 0x22, 0x22, 0x0, 0x4,
    0xff, 0xff, 0xff, 0xff, 0xff, 0xf1, 0x0, 0x4e,
    0x0, 0x0, 0x0, 0x0, 0x1f, 0x10, 0x4, 0xe0,
    0x0, 0x0, 0x0, 0x1, 0xf1, 0x0, 0x4f, 0xff,
    0xff, 0xff, 0xff, 0xff, 0x10, 0x4, 0xe2, 0x22,
    0x22, 0x22, 0x22, 0x20, 0x0, 0x5d, 0x0, 0x0,
    0x0, 0x0, 0x0, 0x0, 0x7, 0xb5, 0xff, 0xff,
    0xff, 0xff, 0xf5, 0x0, 0x99, 0x5d, 0x22, 0x22,
    0x22, 0x2d, 0x50, 0xd, 0x65, 0xd0, 0x0, 0x0,
    0x0, 0xd5, 0x2, 0xf1, 0x5d, 0x0, 0x0, 0x0,
    0xd, 0x50, 0x9b, 0x5, 0xff, 0xff, 0xff, 0xff,
    0xf5, 0xc, 0x20, 0x5d, 0x22, 0x22, 0x22, 0x2d,
    0x50, 0x0, 0x0, 0x0, 0x0, 0x0, 0x0, 0x0,

    /* U+555F "啟" */
    0x0, 0x0, 0x0, 0x0, 0x0, 0x0, 0x0, 0x0,
    0x0, 0x0, 0xf2, 0x0, 0x0, 0x7a, 0x0, 0x0,
    0x0, 0x0, 0x99, 0x0, 0x0, 0xb7, 0x0, 0x0,
    0x2, 0xff, 0xff, 0xff, 0x0, 0xe6, 0x33, 0x30,
    0x2, 0xf1, 0x11, 0x1f, 0x3, 0xfe, 0xef, 0xf3,
    0x2, 0xf0, 0x0, 0xf, 0x9, 0xe0, 0xc, 0x60,
    0x2, 0xff, 0xff, 0xff, 0x2f, 0xe1, 0xf, 0x30,
    0x2, 0xf1, 0x11, 0x11, 0x5a, 0x95, 0x2f, 0x0,
    0x3, 0xe0, 0x0, 0x0, 0x0, 0x6a, 0x7c, 0x0,
    0x4, 0xdb, 0xff, 0xff, 0x30, 0x1e, 0xc7, 0x0,
    0x6, 0xbc, 0x40, 0xd, 0x40, 0xb, 0xf1, 0x0,
    0x8, 0x8c, 0x40, 0xd, 0x40, 0xb, 0xe0, 0x0,
    0xc, 0x5c, 0x40, 0xd, 0x40, 0x6e, 0xc8, 0x0,
    0x2f, 0x1c, 0xff, 0xff, 0x46, 0xf3, 0x2e, 0x50,
    0x19, 0xc, 0x40, 0xd, 0x6e, 0x30, 0x3, 0xd2,
    0x0, 0x0, 0x0, 0x0, 0x0, 0x0, 0x0, 0x0,

    /* U+5668 "器" */
    0x0, 0xff, 0xff, 0xf1, 0x3f, 0xff, 0xff, 0x0,
    0x0, 0xf1, 0x1, 0xf1, 0x3e, 0x0, 0x2f, 0x0,
    0x0, 0xf1, 0x1, 0xf1, 0x3e, 0x0, 0x2f, 0x0,
    0x0, 0xf3, 0x23, 0xf1, 0x3e, 0x22, 0x5f, 0x0,
    0x0, 0xdd, 0xdd, 0xd4, 0x3d, 0xed, 0xdd, 0x0,
    0x0, 0x0, 0x0, 0xaa, 0x0, 0x8b, 0x40, 0x0,
    0x1f, 0xff, 0xff, 0xff, 0xff, 0xff, 0xff, 0xf2,
    0x1, 0x12, 0xcd, 0x21, 0x14, 0xe8, 0x11, 0x10,
    0x0, 0x6e, 0xa0, 0x0, 0x0, 0x2c, 0xd5, 0x0,
    0x2e, 0xff, 0xee, 0xe3, 0x4e, 0xee, 0xff, 0xf2,
    0x4, 0xb8, 0x22, 0xe3, 0x4d, 0x22, 0x7c, 0x10,
    0x0, 0xb6, 0x0, 0xe3, 0x4d, 0x0, 0x5c, 0x0,
    0x0, 0xb7, 0x0, 0xe3, 0x4d, 0x0, 0x6c, 0x0,
    0x0, 0xbf, 0xff, 0xf3, 0x4f, 0xff, 0xfc, 0x0,
    0x0, 0x0, 0x0, 0x0, 0x1, 0x0, 0x0, 0x0,

    /* U+56FA "固" */
    0x4f, 0xff, 0xff, 0xff, 0xff, 0xff, 0xfe, 0x4e,
    0x11, 0x11, 0x11, 0x11, 0x11, 0x5e, 0x4e, 0x0,
    0x0, 0x29, 0x0, 0x0, 0x4e, 0x4e, 0x0, 0x0,
    0x3e, 0x0, 0x0, 0x4e, 0x4e, 0x1f, 0xff, 0xff,
    0xff, 0xfd, 0x4e, 0x4e, 0x0, 0x0, 0x3e, 0x0,
    0x0, 0x4e, 0x4e, 0x0, 0x0, 0x3e, 0x0, 0x0,
    0x4e, 0x4e, 0x1, 0xff, 0xff, 0xff, 0xe0, 0x4e,
    0x4e, 0x1, 0xf0, 0x0, 0x3, 0xe0, 0x4e, 0x4e,
    0x1, 0xf0, 0x0, 0x3, 0xe0, 0x4e, 0x4e, 0x1,
    0xff, 0xff, 0xff, 0xd0, 0x4e, 0x4e, 0x0, 0x0,
    0x0, 0x0, 0x0, 0x4e, 0x4f, 0xdd, 0xdd, 0xdd,
    0xdd, 0xdd, 0xde, 0x4e, 0x44, 0x44, 0x44, 0x44,
    0x44, 0x8e,

    /* U+56FE "图" */
    0xdf, 0xff, 0xff, 0xff, 0xff, 0xff, 0xf4, 0xd6,
    0x11, 0x15, 0x21, 0x11, 0x11, 0xe4, 0xd5, 0x0,
    0x4e, 0x10, 0x0, 0x0, 0xe4, 0xd5, 0x3, 0xfe,
    0xee, 0xef, 0x50, 0xe4, 0xd5, 0x5f, 0xe5, 0x0,
    0xaa, 0x0, 0xe4, 0xd5, 0x93, 0x2d, 0x9d, 0x90,
    0x0, 0xe4, 0xd5, 0x0, 0x5c, 0xef, 0x92, 0x0,
    0xe4, 0xd7, 0xbe, 0xc6, 0x1, 0x8e, 0xe5, 0xe4,
    0xd5, 0x61, 0xc, 0xc7, 0x10, 0x21, 0xe4, 0xd5,
    0x0, 0x0, 0x28, 0xa0, 0x0, 0xe4, 0xd5, 0x7,
    0xed, 0xa6, 0x30, 0x0, 0xe4, 0xd5, 0x0, 0x1,
    0x59, 0xdc, 0x0, 0xe4, 0xd8, 0x44, 0x44, 0x44,
    0x45, 0x44, 0xf4, 0xdd, 0xcc, 0xcc, 0xcc, 0xcc,
    0xcc, 0xf4,

    /* U+5716 "圖" */
    0xdf, 0xff, 0xff, 0xff, 0xff, 0xff, 0xf4, 0xd5,
    0x0, 0x0, 0x0, 0x0, 0x0, 0xe4, 0xd5, 0x9,
    0xdb, 0xbb, 0xbe, 0x60, 0xe4, 0xd5, 0x9, 0x60,
    0x0, 0xa, 0x60, 0xe4, 0xd5, 0x6, 0xbb, 0xed,
    0xbb, 0x40, 0xe4, 0xd5, 0x89, 0x99, 0xec, 0x99,
    0x95, 0xe4, 0xd5, 0x9, 0x99, 0xec, 0x99, 0x80,
    0xe4, 0xd5, 0x1e, 0x25, 0x55, 0x43, 0xe0, 0xe4,
    0xd5, 0x1e, 0xd, 0x78, 0xb1, 0xe0, 0xe4, 0xd5,
    0x1e, 0xe, 0xaa, 0xb1, 0xe0, 0xe4, 0xd5, 0x1f,
    0x55, 0x55, 0x56, 0xe0, 0xe4, 0xd5, 0x7, 0x77,
    0x77, 0x77, 0x60, 0xe4, 0xdd, 0xcc, 0xcc, 0xcc,
    0xcc, 0xcc, 0xf4, 0xd8, 0x44, 0x44, 0x44, 0x44,
    0x44, 0xf4,

    /* U+590D "复" */
    0x0, 0x0, 0x42, 0x0, 0x0, 0x0, 0x0, 0x0,
    0x0, 0x1, 0xe3, 0x0, 0x0, 0x0, 0x0, 0x0,
    0x0, 0xc, 0xff, 0xff, 0xff, 0xff, 0xff, 0x60,
    0x0, 0xbc, 0x10, 0x0, 0x0, 0x0, 0x0, 0x0,
    0xa, 0xd5, 0xdd, 0xdd, 0xdd, 0xdd, 0xd4, 0x0,
    0x2, 0x5, 0xd0, 0x0, 0x0, 0x0, 0xe4, 0x0,
    0x0, 0x5, 0xfd, 0xdd, 0xdd, 0xdd, 0xf4, 0x0,
    0x0, 0x5, 0xd0, 0x0, 0x0, 0x0, 0xe4, 0x0,
    0x0, 0x4, 0xee, 0xed, 0xdd, 0xdd, 0xe4, 0x0,
    0x0, 0x0, 0x2e, 0x40, 0x0, 0x0, 0x0, 0x0,
    0x0, 0x2, 0xef, 0xee, 0xee, 0xef, 0xd0, 0x0,
    0x0, 0x7f, 0x9d, 0x30, 0x0, 0x8e, 0x30, 0x0,
    0x0, 0x93, 0x4, 0xd9, 0x6d, 0xa1, 0x0, 0x0,
    0x0, 0x1, 0x47, 0xcf, 0xef, 0x95, 0x20, 0x0,
    0xc, 0xff, 0xda, 0x61, 0x2, 0x7c, 0xef, 0xe1,
    0x3, 0x20, 0x0, 0x0, 0x0, 0x0, 0x0, 0x20,

    /* U+5939 "夹" */
    0x0, 0x0, 0x0, 0x8, 0xb0, 0x0, 0x0, 0x0,
    0x0, 0x0, 0x0, 0x8, 0xa0, 0x0, 0x0, 0x0,
    0x7, 0xff, 0xff, 0xff, 0xff, 0xff, 0xff, 0x70,
    0x1, 0x27, 0x32, 0x2a, 0xb2, 0x25, 0x62, 0x10,
    0x0, 0xb, 0x70, 0xa, 0x90, 0xb, 0x80, 0x0,
    0x0, 0x3, 0xf0, 0xb, 0x80, 0x4e, 0x0, 0x0,
    0x0, 0x0, 0xa2, 0xd, 0x60, 0x94, 0x0, 0x0,
    0xf, 0xff, 0xff, 0xff, 0xff, 0xff, 0xff, 0xf0,
    0x3, 0x33, 0x33, 0x8e, 0xe7, 0x33, 0x33, 0x30,
    0x0, 0x0, 0x0, 0xd9, 0x6d, 0x0, 0x0, 0x0,
    0x0, 0x0, 0x9, 0xe1, 0xc, 0xb0, 0x0, 0x0,
    0x0, 0x0, 0xaf, 0x40, 0x1, 0xdc, 0x20, 0x0,
    0x2, 0x8e, 0xd3, 0x0, 0x0, 0x1a, 0xf9, 0x40,
    0xd, 0xc6, 0x0, 0x0, 0x0, 0x0, 0x4a, 0xc0,
    0x0, 0x0, 0x0, 0x0, 0x0, 0x0, 0x0, 0x0,

    /* U+593E "夾" */
    0x0, 0x0, 0x0, 0xa, 0x90, 0x0, 0x0, 0x0,
    0x2, 0x22, 0x22, 0x2b, 0xa2, 0x22, 0x22, 0x20,
    0xf, 0xff, 0xff, 0xff, 0xff, 0xff, 0xff, 0xf1,
    0x0, 0x1, 0x70, 0xa, 0x90, 0x5, 0x30, 0x0,
    0x0, 0x6, 0xc0, 0xa, 0x90, 0xc, 0x60, 0x0,
    0x0, 0xc, 0x80, 0xa, 0x90, 0x2f, 0x20, 0x0,
    0x0, 0x4f, 0xe6, 0xb, 0xa0, 0x9e, 0xd2, 0x0,
    0x1, 0xd6, 0x2e, 0x5e, 0xd5, 0xf1, 0x8e, 0x20,
    0xc, 0xa0, 0x2, 0x5d, 0xeb, 0x50, 0x7, 0xb0,
    0x3, 0x0, 0x0, 0xc6, 0x7c, 0x0, 0x0, 0x0,
    0x0, 0x0, 0xa, 0xc0, 0xc, 0xa0, 0x0, 0x0,
    0x0, 0x1, 0xbd, 0x10, 0x1, 0xeb, 0x10, 0x0,
    0x1, 0x7e, 0xb1, 0x0, 0x0, 0x1c, 0xf8, 0x20,
    0x1e, 0xd5, 0x0, 0x0, 0x0, 0x0, 0x5d, 0xe1,
    0x1, 0x0, 0x0, 0x0, 0x0, 0x0, 0x0, 0x10,

    /* U+5996 "妖" */
    0x0, 0x0, 0x0, 0x0, 0x0, 0x0, 0x0, 0x0,
    0x0, 0x3e, 0x0, 0x0, 0x0, 0x1, 0x48, 0x10,
    0x0, 0x6b, 0x0, 0x7, 0x9b, 0xee, 0xb7, 0x10,
    0x1, 0x99, 0x11, 0x7, 0x53, 0xe4, 0x0, 0x0,
    0x1f, 0xff, 0xff, 0x40, 0x0, 0xe4, 0x0, 0x0,
    0x0, 0xe2, 0xe, 0x20, 0x0, 0xe3, 0x0, 0x0,
    0x2, 0xf0, 0xf, 0x22, 0x22, 0xf5, 0x22, 0x20,
    0x6, 0xb0, 0x3e, 0x6f, 0xff, 0xff, 0xff, 0xc0,
    0xa, 0x70, 0x6b, 0x0, 0x3, 0xfa, 0x0, 0x0,
    0xc, 0xb0, 0xb7, 0x0, 0x7, 0xee, 0x0, 0x0,
    0x1, 0xcc, 0xf2, 0x0, 0xc, 0x6d, 0x30, 0x0,
    0x0, 0xd, 0xe1, 0x0, 0x4e, 0x8, 0xa0, 0x0,
    0x0, 0x4f, 0xcc, 0x1, 0xd6, 0x1, 0xf4, 0x0,
    0x5, 0xf6, 0xa, 0x2c, 0xa0, 0x0, 0x6f, 0x30,
    0x1f, 0x60, 0x0, 0xbb, 0x0, 0x0, 0x7, 0xd0,
    0x1, 0x0, 0x0, 0x10, 0x0, 0x0, 0x0, 0x0,

    /* U+5BFC "导" */
    0xc, 0xff, 0xff, 0xff, 0xff, 0xff, 0x30, 0x0,
    0xc7, 0x0, 0x0, 0x0, 0x0, 0xf3, 0x0, 0xc,
    0x70, 0x0, 0x0, 0x0, 0xf, 0x30, 0x0, 0xcf,
    0xff, 0xff, 0xff, 0xff, 0xf3, 0x0, 0xc, 0x70,
    0x0, 0x0, 0x0, 0x0, 0x43, 0x0, 0xba, 0x21,
    0x11, 0x11, 0x11, 0x2c, 0x80, 0x3, 0xbd, 0xee,
    0xee, 0xee, 0xee, 0xb1, 0x0, 0x0, 0x0, 0x0,
    0x0, 0x87, 0x0, 0x0, 0xde, 0xee, 0xee, 0xee,
    0xef, 0xfe, 0xee, 0x3, 0x37, 0xc3, 0x33, 0x33,
    0xba, 0x33, 0x30, 0x0, 0x1c, 0xa0, 0x0, 0xa,
    0x90, 0x0, 0x0, 0x0, 0x1d, 0x80, 0x0, 0xa9,
    0x0, 0x0, 0x0, 0x0, 0x35, 0x0, 0xa, 0x80,
    0x0, 0x0, 0x0, 0x0, 0x6, 0xff, 0xe4, 0x0,
    0x0, 0x0, 0x0, 0x0, 0x0, 0x0, 0x0, 0x0,
    0x0,

    /* U+5C01 "封" */
    0x0, 0x1, 0xf1, 0x0, 0x0, 0x0, 0x3c, 0x0,
    0x1, 0x23, 0xf2, 0x21, 0x0, 0x0, 0x4e, 0x0,
    0xa, 0xff, 0xff, 0xfa, 0x0, 0x0, 0x4e, 0x0,
    0x0, 0x1, 0xf1, 0x0, 0x68, 0x88, 0xaf, 0x83,
    0x0, 0x2, 0xf1, 0x0, 0x68, 0x88, 0xaf, 0x84,
    0x3f, 0xff, 0xff, 0xff, 0x0, 0x0, 0x4e, 0x0,
    0x0, 0x1, 0xa1, 0x0, 0xd, 0x30, 0x4e, 0x0,
    0x0, 0x1, 0xf1, 0x0, 0x8, 0xb0, 0x4e, 0x0,
    0xc, 0xff, 0xff, 0xfb, 0x1, 0xf3, 0x4e, 0x0,
    0x1, 0x23, 0xf2, 0x21, 0x0, 0x73, 0x4e, 0x0,
    0x0, 0x1, 0xf1, 0x0, 0x0, 0x0, 0x4e, 0x0,
    0x0, 0x15, 0xf9, 0xbe, 0x40, 0x0, 0x4e, 0x0,
    0x4f, 0xfe, 0xc9, 0x63, 0x0, 0x22, 0x6e, 0x0,
    0x14, 0x10, 0x0, 0x0, 0x0, 0xaf, 0xe7, 0x0,

    /* U+5C0B "尋" */
    0x0, 0x4d, 0xdd, 0xdd, 0xdd, 0xdd, 0xf1, 0x0,
    0x0, 0x0, 0x0, 0x0, 0x0, 0x1, 0xf1, 0x0,
    0x0, 0xc, 0xdd, 0xdd, 0xdd, 0xdd, 0xf1, 0x0,
    0x0, 0x14, 0x44, 0x44, 0x44, 0x44, 0xf1, 0x0,
    0x0, 0x38, 0x88, 0x88, 0x88, 0x88, 0x80, 0x0,
    0x7, 0xcc, 0xcc, 0xc3, 0x8c, 0xcc, 0xcc, 0x30,
    0x1, 0x25, 0xe2, 0x20, 0xa7, 0x11, 0x1e, 0x40,
    0x0, 0x4, 0xd0, 0x0, 0xa7, 0x0, 0xe, 0x40,
    0x9, 0xcd, 0xfe, 0xd7, 0x9d, 0xde, 0xde, 0x40,
    0x4, 0x42, 0x11, 0x11, 0x11, 0x4e, 0x11, 0x10,
    0x3f, 0xff, 0xff, 0xff, 0xff, 0xff, 0xff, 0xf3,
    0x0, 0x3, 0xd7, 0x0, 0x0, 0x4e, 0x0, 0x0,
    0x0, 0x0, 0x1b, 0x80, 0x0, 0x4e, 0x0, 0x0,
    0x0, 0x0, 0x0, 0x0, 0xaf, 0xfa, 0x0, 0x0,
    0x0, 0x0, 0x0, 0x0, 0x0, 0x0, 0x0, 0x0,

    /* U+5C4F "屏" */
    0x0, 0xef, 0xff, 0xff, 0xff, 0xff, 0xff, 0x20,
    0xe, 0x50, 0x0, 0x0, 0x0, 0x1, 0xf2, 0x0,
    0xe4, 0x0, 0x0, 0x0, 0x0, 0x1f, 0x20, 0xe,
    0xff, 0xff, 0xff, 0xff, 0xff, 0xf2, 0x0, 0xe5,
    0x12, 0xb2, 0x11, 0x17, 0x81, 0x0, 0xe, 0x40,
    0xa, 0x70, 0x1, 0xe3, 0x0, 0x0, 0xe4, 0xff,
    0xff, 0xff, 0xff, 0xff, 0x70, 0xf, 0x31, 0x15,
    0xd1, 0x14, 0xf1, 0x10, 0x0, 0xf2, 0x0, 0x5d,
    0x0, 0x3f, 0x0, 0x0, 0x2f, 0x5c, 0xcd, 0xfc,
    0xcc, 0xfc, 0xcc, 0x6, 0xd2, 0x44, 0xca, 0x44,
    0x7f, 0x44, 0x40, 0xa9, 0x0, 0x4f, 0x30, 0x3,
    0xf0, 0x0, 0x2f, 0x30, 0x7f, 0x70, 0x0, 0x3f,
    0x0, 0x3, 0xa0, 0x3d, 0x50, 0x0, 0x3, 0xf0,
    0x0, 0x0, 0x0, 0x0, 0x0, 0x0, 0x0, 0x0,
    0x0,

    /* U+5E1D "帝" */
    0x0, 0x0, 0x1, 0x90, 0x0, 0x0, 0x0, 0x0,
    0x0, 0x0, 0xf3, 0x0, 0x0, 0x0, 0x8f, 0xff,
    0xff, 0xff, 0xff, 0xff, 0xf4, 0x12, 0x2e, 0x42,
    0x22, 0x29, 0xa2, 0x20, 0x0, 0xb, 0x90, 0x0,
    0xd, 0x60, 0x0, 0x22, 0x27, 0xc2, 0x22, 0x5f,
    0x32, 0x21, 0xef, 0xff, 0xff, 0xff, 0xff, 0xff,
    0xf9, 0xe4, 0x0, 0x0, 0xe4, 0x0, 0x0, 0xa9,
    0xe4, 0x33, 0x33, 0xf6, 0x33, 0x33, 0xa9, 0x3,
    0xfd, 0xdd, 0xfe, 0xdd, 0xef, 0x0, 0x3, 0xe0,
    0x0, 0xe4, 0x0, 0x3f, 0x0, 0x3, 0xe0, 0x0,
    0xe4, 0x0, 0x3f, 0x0, 0x3, 0xe0, 0x0, 0xe4,
    0x1, 0x5e, 0x0, 0x3, 0xe0, 0x0, 0xe4, 0x4f,
    0xe9, 0x0, 0x0, 0x0, 0x0, 0xe4, 0x0, 0x0,
    0x0,

    /* U+5E55 "幕" */
    0xf, 0xff, 0xff, 0xff, 0xff, 0xff, 0xff, 0xf0,
    0x0, 0x0, 0x2a, 0x0, 0x0, 0xb2, 0x0, 0x0,
    0x0, 0x2e, 0xee, 0xee, 0xee, 0xee, 0xe5, 0x0,
    0x0, 0x3f, 0x0, 0x0, 0x0, 0x0, 0xd5, 0x0,
    0x0, 0x3f, 0xcc, 0xcc, 0xcc, 0xcc, 0xf5, 0x0,
    0x0, 0x3f, 0x0, 0x0, 0x0, 0x0, 0xd5, 0x0,
    0x0, 0x3f, 0xdd, 0xdd, 0xdd, 0xdd, 0xf5, 0x0,
    0x0, 0x0, 0x7, 0xe1, 0x0, 0x0, 0x0, 0x0,
    0x1e, 0xee, 0xff, 0xef, 0xfe, 0xff, 0xee, 0xe1,
    0x0, 0x19, 0xd3, 0xa, 0x80, 0x2d, 0x70, 0x0,
    0x19, 0xee, 0xff, 0xff, 0xff, 0xff, 0xfe, 0x91,
    0x8, 0x39, 0x90, 0xa, 0x80, 0x6, 0xc2, 0x80,
    0x0, 0x9, 0x90, 0xa, 0x80, 0x6, 0xc0, 0x0,
    0x0, 0x9, 0x90, 0xa, 0x80, 0xce, 0x80, 0x0,
    0x0, 0x0, 0x0, 0x0, 0x0, 0x0, 0x0, 0x0,

    /* U+5E8F "序" */
    0x0, 0x0, 0x0, 0x2, 0x80, 0x0, 0x0, 0x0,
    0x0, 0x0, 0x0, 0x0, 0xe6, 0x0, 0x0, 0x0,
    0x0, 0xdd, 0xdd, 0xdd, 0xff, 0xdd, 0xdd, 0xd2,
    0x0, 0xf6, 0x44, 0x44, 0x44, 0x44, 0x44, 0x40,
    0x0, 0xf2, 0x2, 0x22, 0x22, 0x22, 0x20, 0x0,
    0x0, 0xf2, 0x4d, 0xdd, 0xdd, 0xde, 0xf5, 0x0,
    0x0, 0xf1, 0x0, 0x32, 0x0, 0x5e, 0x60, 0x0,
    0x1, 0xf1, 0x0, 0x6e, 0xba, 0xc2, 0x0, 0x0,
    0x1, 0xf1, 0x22, 0x22, 0x9f, 0xb3, 0x22, 0x10,
    0x2, 0xf3, 0xdd, 0xdd, 0xef, 0xdd, 0xdf, 0xc0,
    0x4, 0xd0, 0x0, 0x0, 0x4e, 0x0, 0x3e, 0x10,
    0x7, 0xa0, 0x0, 0x0, 0x4e, 0x1, 0xd3, 0x0,
    0xb, 0x70, 0x0, 0x0, 0x4e, 0x0, 0x0, 0x0,
    0x1f, 0x20, 0x0, 0x11, 0x5e, 0x0, 0x0, 0x0,
    0x3a, 0x0, 0x0, 0xff, 0xf9, 0x0, 0x0, 0x0,
    0x0, 0x0, 0x0, 0x0, 0x0, 0x0, 0x0, 0x0,

    /* U+5E93 "库" */
    0x0, 0x0, 0x0, 0x2, 0x60, 0x0, 0x0, 0x0,
    0x0, 0x0, 0x0, 0x2, 0xf4, 0x0, 0x0, 0x0,
    0x0, 0xff, 0xff, 0xff, 0xff, 0xff, 0xff, 0xf0,
    0x0, 0xf4, 0x22, 0x26, 0x62, 0x22, 0x22, 0x20,
    0x0, 0xf2, 0x0, 0xc, 0x90, 0x0, 0x0, 0x0,
    0x0, 0xf2, 0xef, 0xff, 0xff, 0xff, 0xff, 0x60,
    0x0, 0xf2, 0x11, 0xba, 0x13, 0x31, 0x11, 0x0,
    0x0, 0xf2, 0x2, 0xf2, 0x9, 0x90, 0x0, 0x0,
    0x1, 0xf1, 0xc, 0xa2, 0x2a, 0xa2, 0x22, 0x0,
    0x2, 0xf0, 0x2f, 0xff, 0xff, 0xff, 0xff, 0x20,
    0x3, 0xe0, 0x1, 0x0, 0x9, 0x90, 0x0, 0x0,
    0x6, 0xb0, 0x22, 0x22, 0x2a, 0xa2, 0x22, 0x20,
    0xa, 0x85, 0xff, 0xff, 0xff, 0xff, 0xff, 0xf0,
    0xf, 0x30, 0x0, 0x0, 0x9, 0x90, 0x0, 0x0,
    0x3c, 0x0, 0x0, 0x0, 0x9, 0x90, 0x0, 0x0,
    0x0, 0x0, 0x0, 0x0, 0x0, 0x0, 0x0, 0x0,

    /* U+5E94 "应" */
    0x0, 0x0, 0x0, 0x0, 0x30, 0x0, 0x0, 0x0,
    0x0, 0x0, 0x0, 0x3, 0xf1, 0x0, 0x0, 0x0,
    0x0, 0x22, 0x22, 0x22, 0xd9, 0x22, 0x22, 0x20,
    0x0, 0xff, 0xff, 0xff, 0xff, 0xff, 0xff, 0xf0,
    0x0, 0xf2, 0x0, 0x0, 0x0, 0x0, 0x0, 0x0,
    0x0, 0xf2, 0x0, 0x2, 0xb0, 0x0, 0x1d, 0x20,
    0x0, 0xf2, 0x98, 0x0, 0xf3, 0x0, 0x5f, 0x0,
    0x0, 0xf2, 0x4e, 0x0, 0xb7, 0x0, 0xa9, 0x0,
    0x1, 0xf1, 0xe, 0x40, 0x6c, 0x1, 0xf3, 0x0,
    0x1, 0xf0, 0x9, 0x90, 0x3f, 0x7, 0xc0, 0x0,
    0x3, 0xf0, 0x4, 0xe0, 0x7, 0xd, 0x40, 0x0,
    0x6, 0xd0, 0x0, 0x40, 0x0, 0x6c, 0x0, 0x0,
    0x9, 0x90, 0x0, 0x0, 0x0, 0xe3, 0x0, 0x0,
    0xe, 0x58, 0xee, 0xee, 0xee, 0xfe, 0xee, 0xe3,
    0x2d, 0x2, 0x44, 0x44, 0x44, 0x44, 0x44, 0x40,
    0x0, 0x0, 0x0, 0x0, 0x0, 0x0, 0x0, 0x0,

    /* U+5F00 "开" */
    0x8, 0xff, 0xff, 0xff, 0xff, 0xff, 0xff, 0xa0,
    0x1, 0x22, 0x6e, 0x22, 0x22, 0xba, 0x22, 0x10,
    0x0, 0x0, 0x4e, 0x0, 0x0, 0xa9, 0x0, 0x0,
    0x0, 0x0, 0x4e, 0x0, 0x0, 0xa9, 0x0, 0x0,
    0x0, 0x0, 0x4e, 0x0, 0x0, 0xa9, 0x0, 0x0,
    0x0, 0x0, 0x4e, 0x0, 0x0, 0xa9, 0x0, 0x0,
    0x1e, 0xee, 0xef, 0xee, 0xee, 0xff, 0xee, 0xe1,
    0x4, 0x44, 0x9d, 0x44, 0x44, 0xba, 0x44, 0x40,
    0x0, 0x0, 0x9a, 0x0, 0x0, 0xa9, 0x0, 0x0,
    0x0, 0x0, 0xd7, 0x0, 0x0, 0xa9, 0x0, 0x0,
    0x0, 0x5, 0xf1, 0x0, 0x0, 0xa9, 0x0, 0x0,
    0x0, 0x2e, 0x80, 0x0, 0x0, 0xa9, 0x0, 0x0,
    0x3, 0xeb, 0x0, 0x0, 0x0, 0xa9, 0x0, 0x0,
    0xa, 0x90, 0x0, 0x0, 0x0, 0xa9, 0x0, 0x0,
    0x0, 0x0, 0x0, 0x0, 0x0, 0x0, 0x0, 0x0,

    /* U+5F3A "强" */
    0xf, 0xff, 0xfe, 0xe, 0xff, 0xff, 0xff, 0x0,
    0x1, 0x11, 0x4e, 0xe, 0x20, 0x0, 0x1f, 0x0,
    0x0, 0x0, 0x3e, 0xe, 0x20, 0x0, 0x1f, 0x0,
    0x2, 0x33, 0x6e, 0xe, 0xdc, 0xcc, 0xdf, 0x0,
    0xa, 0xff, 0xfe, 0x3, 0x33, 0xf5, 0x33, 0x0,
    0xc, 0x50, 0x0, 0x0, 0x0, 0xf3, 0x0, 0x0,
    0xe, 0x30, 0x0, 0x4f, 0xff, 0xff, 0xff, 0x70,
    0xf, 0x65, 0x54, 0x4c, 0x0, 0xf2, 0xa, 0x70,
    0x1a, 0xaa, 0xcc, 0x4c, 0x0, 0xf2, 0xa, 0x70,
    0x0, 0x0, 0x7b, 0x4f, 0xff, 0xff, 0xff, 0x70,
    0x0, 0x0, 0x89, 0x0, 0x0, 0xf3, 0x36, 0x0,
    0x0, 0x0, 0xa8, 0x0, 0x0, 0xf2, 0x2f, 0x30,
    0x0, 0x11, 0xe5, 0x22, 0x34, 0xf9, 0x8e, 0xc0,
    0x1, 0xff, 0xc0, 0xce, 0xdb, 0x97, 0x64, 0xe3,
    0x0, 0x0, 0x0, 0x0, 0x0, 0x0, 0x0, 0x10,

    /* U+5FAA "循" */
    0x0, 0x4, 0x40, 0x0, 0x0, 0x0, 0x23, 0x0,
    0x0, 0x1e, 0x50, 0x57, 0x8b, 0xdf, 0xea, 0x0,
    0x0, 0xc9, 0x2, 0xf8, 0x65, 0x8c, 0x0, 0x0,
    0xc, 0xb0, 0x12, 0xe0, 0x0, 0x7b, 0x0, 0x0,
    0x4, 0x4, 0xe3, 0xff, 0xff, 0xff, 0xff, 0xf6,
    0x0, 0xe, 0x52, 0xe1, 0x11, 0x99, 0x11, 0x10,
    0x0, 0xbe, 0x2, 0xe0, 0x0, 0xa7, 0x0, 0x0,
    0x9, 0xfe, 0x3, 0xe2, 0xff, 0xff, 0xff, 0x40,
    0x1d, 0x5e, 0x3, 0xe2, 0xf0, 0x0, 0xd, 0x40,
    0x0, 0x3e, 0x3, 0xd2, 0xfd, 0xdd, 0xdf, 0x40,
    0x0, 0x3e, 0x5, 0xc2, 0xf0, 0x0, 0xd, 0x40,
    0x0, 0x3e, 0x7, 0xa2, 0xfd, 0xdd, 0xdf, 0x40,
    0x0, 0x3e, 0x9, 0x82, 0xf0, 0x0, 0xd, 0x40,
    0x0, 0x3e, 0xd, 0x42, 0xfb, 0xbb, 0xbf, 0x40,
    0x0, 0x3e, 0xd, 0x2, 0xf3, 0x33, 0x3d, 0x40,
    0x0, 0x0, 0x0, 0x0, 0x0, 0x0, 0x0, 0x0,

    /* U+5FDC "応" */
    0x0, 0x0, 0x0, 0x0, 0x10, 0x0, 0x0, 0x0,
    0x0, 0x0, 0x0, 0x6, 0xd0, 0x0, 0x0, 0x0,
    0x0, 0x22, 0x22, 0x22, 0xd9, 0x22, 0x22, 0x20,
    0x0, 0xff, 0xff, 0xff, 0xff, 0xff, 0xff, 0xf2,
    0x0, 0xf2, 0x0, 0x3, 0x20, 0x0, 0x0, 0x0,
    0x0, 0xf2, 0x0, 0x7, 0xf9, 0x10, 0x0, 0x0,
    0x0, 0xf2, 0x0, 0x0, 0x1b, 0xe4, 0x0, 0x0,
    0x0, 0xf2, 0x0, 0x3d, 0x0, 0x61, 0x0, 0x0,
    0x0, 0xf1, 0x34, 0x4e, 0x0, 0x0, 0x76, 0x0,
    0x2, 0xf0, 0x98, 0x4e, 0x0, 0x0, 0x4f, 0x10,
    0x3, 0xe0, 0xc5, 0x4e, 0x0, 0x0, 0xc, 0x70,
    0x6, 0xc1, 0xf1, 0x4e, 0x0, 0x3, 0x65, 0xe0,
    0x9, 0x97, 0xc0, 0x4e, 0x0, 0x5, 0xb0, 0xf3,
    0xe, 0x55, 0x40, 0x3f, 0x21, 0x19, 0x90, 0x72,
    0x3e, 0x0, 0x0, 0xc, 0xff, 0xfe, 0x30, 0x0,
    0x1, 0x0, 0x0, 0x0, 0x0, 0x0, 0x0, 0x0,

    /* U+6062 "恢" */
    0x0, 0x0, 0x0, 0x0, 0x0, 0x0, 0x0, 0x0,
    0x0, 0x6b, 0x0, 0x1, 0xf0, 0x0, 0x0, 0x0,
    0x0, 0x6b, 0x0, 0x3, 0xe0, 0x0, 0x0, 0x0,
    0x3, 0x7b, 0x98, 0xff, 0xff, 0xff, 0xff, 0xe0,
    0xb, 0x9b, 0xc4, 0x29, 0x92, 0x26, 0x22, 0x10,
    0xd, 0x7b, 0x78, 0xb, 0x60, 0xe, 0x10, 0x0,
    0x1e, 0x6b, 0x23, 0xf, 0x28, 0x1f, 0x4, 0x60,
    0x39, 0x6b, 0x0, 0x4e, 0xe, 0x1f, 0x9, 0x50,
    0x0, 0x6b, 0x0, 0x99, 0x4b, 0x3d, 0xe, 0x10,
    0x0, 0x6b, 0x1, 0xf3, 0xa5, 0x7c, 0x4b, 0x0,
    0x0, 0x6b, 0x8, 0xc0, 0x10, 0xbf, 0x11, 0x0,
    0x0, 0x6b, 0x4f, 0x30, 0x3, 0xf9, 0x90, 0x0,
    0x0, 0x6b, 0x26, 0x0, 0xd, 0x81, 0xe4, 0x0,
    0x0, 0x6b, 0x0, 0x4, 0xdb, 0x0, 0x4e, 0x50,
    0x0, 0x6b, 0x0, 0x1d, 0x70, 0x0, 0x4, 0xa0,
    0x0, 0x0, 0x0, 0x0, 0x0, 0x0, 0x0, 0x0,

    /* U+61B6 "憶" */
    0x0, 0x0, 0x0, 0x0, 0x0, 0x0, 0x0, 0x0,
    0x0, 0x3d, 0x0, 0x0, 0x7, 0x90, 0x0, 0x0,
    0x0, 0x3d, 0x2, 0xff, 0xff, 0xff, 0xff, 0x80,
    0x2, 0x4d, 0x70, 0x7, 0x70, 0x3, 0xd0, 0x0,
    0xa, 0x7d, 0xc6, 0x8a, 0xd8, 0x8c, 0xc8, 0x80,
    0xc, 0x5d, 0x89, 0x66, 0x66, 0x66, 0x66, 0x60,
    0xe, 0x3d, 0x21, 0x9c, 0xcc, 0xcc, 0xcc, 0x10,
    0x2a, 0x3d, 0x0, 0xc5, 0x0, 0x0, 0xf, 0x20,
    0x0, 0x3d, 0x0, 0xcd, 0xcc, 0xcc, 0xcf, 0x20,
    0x0, 0x3d, 0x0, 0xc5, 0x0, 0x0, 0xf, 0x20,
    0x0, 0x3d, 0x0, 0x9c, 0xce, 0xcc, 0xcc, 0x10,
    0x0, 0x3d, 0x1, 0x24, 0x2b, 0x90, 0x1a, 0x0,
    0x0, 0x3d, 0x9, 0x7c, 0x40, 0xb7, 0x1a, 0x80,
    0x0, 0x3d, 0x1e, 0xc, 0x50, 0x0, 0xd3, 0xe2,
    0x0, 0x3d, 0x15, 0x7, 0xff, 0xff, 0xb0, 0x20,

    /* U+6236 "戶" */
    0x0, 0x0, 0x0, 0x0, 0x0, 0x2, 0x0, 0x0,
    0x0, 0x0, 0x14, 0x7a, 0xef, 0x50, 0x0, 0x1a,
    0xce, 0xec, 0x96, 0x30, 0x0, 0x0, 0x1f, 0x41,
    0x0, 0x0, 0x0, 0x0, 0x0, 0x1f, 0x32, 0x22,
    0x22, 0x22, 0x20, 0x0, 0x1f, 0xff, 0xff, 0xff,
    0xff, 0xf4, 0x0, 0x1f, 0x10, 0x0, 0x0, 0x0,
    0xe4, 0x0, 0x1f, 0x0, 0x0, 0x0, 0x0, 0xe4,
    0x0, 0x2f, 0x0, 0x0, 0x0, 0x0, 0xe4, 0x0,
    0x4f, 0xff, 0xff, 0xff, 0xff, 0xf4, 0x0, 0x6c,
    0x22, 0x22, 0x22, 0x22, 0xe4, 0x0, 0xa8, 0x0,
    0x0, 0x0, 0x0, 0x10, 0x0, 0xf4, 0x0, 0x0,
    0x0, 0x0, 0x0, 0x8, 0xd0, 0x0, 0x0, 0x0,
    0x0, 0x0, 0x2f, 0x40, 0x0, 0x0, 0x0, 0x0,
    0x0, 0x1, 0x0, 0x0, 0x0, 0x0, 0x0, 0x0,

    /* U+6237 "户" */
    0x0, 0x0, 0x0, 0x5, 0x10, 0x0, 0x0, 0x0,
    0x0, 0x0, 0xb, 0x80, 0x0, 0x0, 0x0, 0x0,
    0x0, 0x5, 0xe0, 0x0, 0x0, 0x0, 0x3f, 0xff,
    0xff, 0xff, 0xff, 0xf4, 0x0, 0x4f, 0x22, 0x22,
    0x22, 0x22, 0xe4, 0x0, 0x4f, 0x0, 0x0, 0x0,
    0x0, 0xe4, 0x0, 0x4f, 0x0, 0x0, 0x0, 0x0,
    0xe4, 0x0, 0x4f, 0xdd, 0xdd, 0xdd, 0xdd, 0xf4,
    0x0, 0x5e, 0x44, 0x44, 0x44, 0x44, 0xf4, 0x0,
    0x7c, 0x0, 0x0, 0x0, 0x0, 0x41, 0x0, 0xa9,
    0x0, 0x0, 0x0, 0x0, 0x0, 0x0, 0xe5, 0x0,
    0x0, 0x0, 0x0, 0x0, 0x4, 0xf0, 0x0, 0x0,
    0x0, 0x0, 0x0, 0xc, 0x90, 0x0, 0x0, 0x0,
    0x0, 0x0, 0x2d, 0x10, 0x0, 0x0, 0x0, 0x0,
    0x0, 0x0, 0x0, 0x0, 0x0, 0x0, 0x0, 0x0,

    /* U+626B "扫" */
    0x0, 0xb, 0x60, 0x0, 0x0, 0x0, 0x0, 0x0,
    0x0, 0xb6, 0x4, 0xaa, 0xaa, 0xaa, 0xa2, 0x2,
    0x2c, 0x82, 0x35, 0x55, 0x55, 0x5f, 0x41, 0xff,
    0xff, 0xf7, 0x0, 0x0, 0x0, 0xe4, 0x0, 0xb,
    0x60, 0x0, 0x0, 0x0, 0xe, 0x40, 0x0, 0xb6,
    0x0, 0x0, 0x0, 0x0, 0xe4, 0x0, 0xb, 0x75,
    0x3f, 0xff, 0xff, 0xff, 0x40, 0x59, 0xef, 0xd4,
    0x33, 0x33, 0x33, 0xe4, 0x1e, 0xad, 0x70, 0x0,
    0x0, 0x0, 0xe, 0x40, 0x0, 0xb6, 0x0, 0x0,
    0x0, 0x0, 0xe4, 0x0, 0xb, 0x60, 0x0, 0x0,
    0x0, 0xe, 0x40, 0x0, 0xb6, 0x0, 0x11, 0x11,
    0x11, 0xe4, 0x1, 0x1c, 0x60, 0x8f, 0xff, 0xff,
    0xff, 0x40, 0x7f, 0xd2, 0x0, 0x0, 0x0, 0x0,
    0xe4, 0x0, 0x0, 0x0, 0x0, 0x0, 0x0, 0x0,
    0x0,

    /* U+62DF "拟" */
    0x0, 0x0, 0x0, 0x0, 0x0, 0x0, 0x3, 0x0,
    0x0, 0x1f, 0x0, 0x3e, 0x0, 0x0, 0xf, 0x20,
    0x0, 0x1f, 0x0, 0x3e, 0x5b, 0x0, 0x1f, 0x10,
    0x2, 0x3f, 0x21, 0x3e, 0xe, 0x30, 0x2f, 0x0,
    0x1f, 0xff, 0xf7, 0x3e, 0x8, 0xa0, 0x3f, 0x0,
    0x0, 0x1f, 0x0, 0x3e, 0x2, 0xf1, 0x4d, 0x0,
    0x0, 0x1f, 0x0, 0x3e, 0x0, 0xc5, 0x7b, 0x0,
    0x0, 0x1f, 0x23, 0x3e, 0x0, 0x10, 0x99, 0x0,
    0x3, 0x9f, 0xf7, 0x3e, 0x0, 0x0, 0xd7, 0x0,
    0x2e, 0xaf, 0x0, 0x3e, 0x1, 0x52, 0xfd, 0x0,
    0x0, 0x1f, 0x0, 0x3e, 0x5e, 0x77, 0xde, 0x50,
    0x0, 0x1f, 0x0, 0x4f, 0xe4, 0xe, 0x68, 0xc0,
    0x0, 0x1f, 0x0, 0xcb, 0x10, 0xad, 0x1, 0xf3,
    0x1, 0x3f, 0x0, 0x30, 0x9, 0xf3, 0x0, 0xb8,
    0xa, 0xfa, 0x0, 0x0, 0xa, 0x40, 0x0, 0x31,

    /* U+6309 "按" */
    0x0, 0x0, 0x0, 0x0, 0x0, 0x0, 0x0, 0x0,
    0x0, 0xf, 0x30, 0x0, 0x2, 0xf1, 0x0, 0x0,
    0x0, 0xf, 0x30, 0x23, 0x33, 0xe7, 0x33, 0x30,
    0x2, 0x2f, 0x52, 0xad, 0xcc, 0xcc, 0xcc, 0xf3,
    0x1f, 0xff, 0xfe, 0xa7, 0x5, 0x50, 0x0, 0xe3,
    0x0, 0xf, 0x30, 0x85, 0xd, 0x60, 0x0, 0xa2,
    0x0, 0xf, 0x30, 0x22, 0x4f, 0x32, 0x22, 0x20,
    0x0, 0xf, 0x31, 0xff, 0xff, 0xff, 0xff, 0xf6,
    0x0, 0xf, 0xad, 0x21, 0xf3, 0x0, 0xb9, 0x0,
    0x1b, 0xff, 0xa4, 0x8, 0xc0, 0x0, 0xf4, 0x0,
    0x7, 0x2f, 0x30, 0xc, 0xd4, 0x7, 0xd0, 0x0,
    0x0, 0xf, 0x30, 0x0, 0x5d, 0xcf, 0x40, 0x0,
    0x0, 0xf, 0x30, 0x0, 0x7, 0xff, 0xa2, 0x0,
    0x1, 0x1f, 0x30, 0x27, 0xdd, 0x41, 0xaf, 0x70,
    0x9, 0xfc, 0x0, 0xbb, 0x50, 0x0, 0x4, 0xc1,
    0x0, 0x0, 0x0, 0x0, 0x0, 0x0, 0x0, 0x0,

    /* U+6377 "捷" */
    0x0, 0x0, 0x0, 0x0, 0x0, 0x0, 0x0, 0x0,
    0x0, 0x1f, 0x0, 0x0, 0x1, 0xf0, 0x0, 0x0,
    0x0, 0x1f, 0x0, 0xef, 0xff, 0xff, 0xff, 0xf7,
    0x3, 0x4f, 0x32, 0x0, 0x1, 0xf0, 0x0, 0x0,
    0x1e, 0xef, 0xea, 0x1f, 0xff, 0xff, 0xff, 0xa0,
    0x0, 0x1f, 0x0, 0x0, 0x1, 0xf0, 0x6, 0xb0,
    0x0, 0x1f, 0x3, 0xff, 0xff, 0xff, 0xff, 0xfc,
    0x0, 0x1f, 0x78, 0x0, 0x1, 0xf1, 0x6, 0xb0,
    0x19, 0xef, 0xa4, 0x1b, 0xbb, 0xfb, 0xbc, 0xb0,
    0x1b, 0x6f, 0x0, 0x9, 0x44, 0xf4, 0x44, 0x20,
    0x0, 0x1f, 0x0, 0x2f, 0x1, 0xf0, 0x0, 0x0,
    0x0, 0x1f, 0x0, 0x6e, 0x1, 0xff, 0xff, 0xd0,
    0x0, 0x1f, 0x0, 0xde, 0x81, 0xf0, 0x0, 0x0,
    0x1, 0x2f, 0x8, 0xe1, 0xcb, 0xf4, 0x33, 0x32,
    0xa, 0xfa, 0x1d, 0x30, 0x5, 0xac, 0xdd, 0xd8,
    0x0, 0x0, 0x0, 0x0, 0x0, 0x0, 0x0, 0x0,

    /* U+6383 "掃" */
    0x0, 0x1f, 0x0, 0x3e, 0xee, 0xee, 0xef, 0x20,
    0x0, 0x1f, 0x0, 0x0, 0x0, 0x0, 0xe, 0x20,
    0x2, 0x3f, 0x21, 0xe, 0xee, 0xee, 0xef, 0x20,
    0x1f, 0xff, 0xfc, 0x0, 0x0, 0x0, 0xe, 0x20,
    0x0, 0x1f, 0x0, 0x5e, 0xee, 0xee, 0xef, 0x20,
    0x0, 0x1f, 0x0, 0x12, 0x22, 0x22, 0x22, 0x10,
    0x0, 0x1f, 0x37, 0xfe, 0xee, 0xfe, 0xee, 0xf3,
    0x16, 0xaf, 0xc9, 0xd0, 0x0, 0xf0, 0x0, 0xd3,
    0x1c, 0x6f, 0x2, 0xdd, 0xdd, 0xfd, 0xdd, 0xd3,
    0x0, 0x1f, 0x0, 0x2e, 0x12, 0xf1, 0x1c, 0x30,
    0x0, 0x1f, 0x0, 0x2e, 0x0, 0xf0, 0xc, 0x30,
    0x0, 0x1f, 0x0, 0x2e, 0x0, 0xf0, 0xc, 0x30,
    0x1, 0x2f, 0x0, 0x2e, 0x0, 0xf1, 0xfe, 0x10,
    0xa, 0xfa, 0x0, 0x0, 0x0, 0xf0, 0x0, 0x0,

    /* U+63F4 "援" */
    0x0, 0x0, 0x0, 0x0, 0x2, 0x35, 0x79, 0x20,
    0x0, 0x1f, 0x0, 0xde, 0xed, 0xca, 0x87, 0x20,
    0x0, 0x1f, 0x0, 0x27, 0x5, 0x80, 0xe, 0x30,
    0x5, 0x6f, 0x53, 0xe, 0x3, 0xc0, 0x6c, 0x0,
    0x1f, 0xff, 0xfb, 0xa, 0x32, 0x81, 0xe4, 0x0,
    0x0, 0x1f, 0x0, 0xcf, 0xff, 0xff, 0xff, 0xd0,
    0x0, 0x1f, 0x0, 0x0, 0xc5, 0x0, 0x0, 0x0,
    0x0, 0x1f, 0x3, 0xee, 0xfe, 0xee, 0xee, 0xe5,
    0x0, 0x4f, 0xdc, 0x13, 0xf1, 0x11, 0x11, 0x10,
    0x1e, 0xff, 0x40, 0x6, 0xfe, 0xee, 0xee, 0x10,
    0x3, 0x1f, 0x0, 0xa, 0xf7, 0x0, 0x6b, 0x0,
    0x0, 0x1f, 0x0, 0x2f, 0x4e, 0x52, 0xe3, 0x0,
    0x0, 0x1f, 0x0, 0xc9, 0x3, 0xfe, 0x60, 0x0,
    0x1, 0x3f, 0x1a, 0xd1, 0x4b, 0xdb, 0xf9, 0x40,
    0xa, 0xfa, 0x3b, 0x19, 0xc6, 0x0, 0x39, 0xe4,
    0x0, 0x0, 0x0, 0x0, 0x0, 0x0, 0x0, 0x0,

    /* U+641C "搜" */
    0x0, 0x0, 0x0, 0x0, 0x0, 0x0, 0x0, 0x0,
    0x0, 0x2f, 0x0, 0x0, 0x64, 0xf0, 0x0, 0x0,
    0x0, 0x2f, 0x0, 0x7d, 0x93, 0xf2, 0xff, 0xe0,
    0x5, 0x6f, 0x52, 0x96, 0x1, 0xf0, 0x2, 0xe0,
    0xb, 0xcf, 0xb6, 0x9e, 0xd1, 0xf1, 0xdd, 0xe0,
    0x0, 0x2f, 0x0, 0x97, 0x11, 0xf0, 0x13, 0xe0,
    0x0, 0x2f, 0x0, 0x96, 0x1, 0xf1, 0x2, 0xe0,
    0x0, 0x2f, 0x24, 0x8f, 0xff, 0xff, 0xff, 0xd0,
    0x4, 0x9f, 0xc5, 0x0, 0x1, 0xf0, 0x0, 0x0,
    0xc, 0x8f, 0x0, 0xbd, 0xdd, 0xfd, 0xdd, 0x90,
    0x0, 0x2f, 0x0, 0x2e, 0x62, 0x22, 0x4f, 0x40,
    0x0, 0x2f, 0x0, 0x4, 0xe4, 0x3, 0xe7, 0x0,
    0x0, 0x2f, 0x0, 0x0, 0x3e, 0xcf, 0x50, 0x0,
    0x1, 0x4f, 0x0, 0x26, 0xbe, 0xbf, 0xc6, 0x20,
    0x9, 0xf9, 0xb, 0xea, 0x60, 0x0, 0x6a, 0xe5,
    0x0, 0x0, 0x0, 0x0, 0x0, 0x0, 0x0, 0x0,

    /* U+64AD "播" */
    0x0, 0x0, 0x0, 0x0, 0x0, 0x0, 0x0, 0x0,
    0x0, 0x1f, 0x0, 0xcd, 0xcb, 0xf8, 0x64, 0x0,
    0x0, 0x1f, 0x0, 0xb, 0x21, 0xf0, 0x5c, 0x0,
    0x5, 0x6f, 0x53, 0x9, 0x81, 0xf0, 0xa6, 0x0,
    0x1f, 0xff, 0xfb, 0x4, 0x91, 0xf1, 0xe1, 0x0,
    0x1, 0x3f, 0x24, 0xff, 0xff, 0xff, 0xff, 0xf1,
    0x0, 0x1f, 0x0, 0x0, 0x9b, 0xfb, 0x70, 0x0,
    0x0, 0x1f, 0x55, 0x1b, 0xb1, 0xf0, 0xba, 0x10,
    0x4, 0xaf, 0xcc, 0xe8, 0x0, 0xb0, 0x8, 0xe3,
    0x3e, 0x9f, 0x3, 0x7e, 0xee, 0xee, 0xee, 0x60,
    0x0, 0x1f, 0x0, 0x5c, 0x1, 0xf0, 0xe, 0x30,
    0x0, 0x1f, 0x0, 0x5f, 0xee, 0xfe, 0xef, 0x30,
    0x0, 0x1f, 0x0, 0x5c, 0x1, 0xf0, 0xe, 0x30,
    0x1, 0x3f, 0x0, 0x5c, 0x23, 0xf2, 0x2e, 0x30,
    0xa, 0xfa, 0x0, 0x4e, 0xbb, 0xbb, 0xbd, 0x30,

    /* U+6536 "收" */
    0x0, 0x0, 0x0, 0x0, 0x20, 0x0, 0x0, 0x0,
    0x0, 0xd, 0x50, 0xf, 0x40, 0x0, 0x0, 0x17,
    0x0, 0xd5, 0x3, 0xf1, 0x0, 0x0, 0x3, 0xe0,
    0xd, 0x50, 0x7d, 0x22, 0x22, 0x20, 0x3e, 0x0,
    0xd5, 0xc, 0xff, 0xff, 0xff, 0x23, 0xe0, 0xd,
    0x53, 0xf5, 0x0, 0x5e, 0x0, 0x3e, 0x0, 0xd5,
    0xbe, 0xa0, 0x9, 0xa0, 0x3, 0xe0, 0xd, 0x9f,
    0x3e, 0x0, 0xd6, 0x0, 0x3e, 0x0, 0xd5, 0x30,
    0xa7, 0x3f, 0x10, 0x3, 0xe0, 0x2e, 0x50, 0x3,
    0xea, 0xa0, 0x0, 0x5f, 0xce, 0xf5, 0x0, 0xb,
    0xf2, 0x0, 0x9, 0xc5, 0xd, 0x50, 0x1, 0xdf,
    0x50, 0x0, 0x0, 0x0, 0xd5, 0x1, 0xdb, 0x5f,
    0x40, 0x0, 0x0, 0xd, 0x55, 0xeb, 0x0, 0x6f,
    0x80, 0x0, 0x0, 0xd5, 0xb6, 0x0, 0x0, 0x3a,
    0x0,

    /* U+6578 "數" */
    0x0, 0x11, 0xd2, 0x10, 0x0, 0x67, 0x0, 0x0,
    0x4, 0xfc, 0xfc, 0xcf, 0x0, 0xa6, 0x0, 0x0,
    0x19, 0xd6, 0xe6, 0x6f, 0x60, 0xd5, 0x22, 0x20,
    0x19, 0xd6, 0xe7, 0x7f, 0x71, 0xff, 0xff, 0xf0,
    0x4, 0xe9, 0xfa, 0xaf, 0x5, 0xf0, 0x3d, 0x0,
    0x2, 0x55, 0xe6, 0x55, 0xc, 0xf2, 0x5a, 0x0,
    0xb, 0xcb, 0xfb, 0xbe, 0x9e, 0x96, 0x88, 0x0,
    0xb, 0x96, 0xe7, 0x6d, 0x63, 0x5a, 0xc4, 0x0,
    0x3, 0x48, 0xb4, 0x44, 0x10, 0xe, 0xe0, 0x0,
    0xc, 0xef, 0xee, 0xec, 0x0, 0xa, 0x90, 0x0,
    0x0, 0x88, 0x0, 0xb6, 0x0, 0x1e, 0xe0, 0x0,
    0x0, 0xad, 0x8c, 0x90, 0x0, 0xa9, 0xb8, 0x0,
    0x0, 0x19, 0xee, 0xb3, 0x8, 0xd0, 0x1e, 0x60,
    0xd, 0xd7, 0x0, 0x64, 0x5d, 0x10, 0x2, 0xb0,
    0x1, 0x0, 0x0, 0x0, 0x0, 0x0, 0x0, 0x0,

    /* U+65E0 "无" */
    0x0, 0x33, 0x33, 0x33, 0x33, 0x33, 0x33, 0x0,
    0x1, 0xff, 0xff, 0xff, 0xff, 0xff, 0xff, 0x30,
    0x0, 0x0, 0x0, 0xd, 0x40, 0x0, 0x0, 0x0,
    0x0, 0x0, 0x0, 0xe, 0x30, 0x0, 0x0, 0x0,
    0x0, 0x0, 0x0, 0xf, 0x10, 0x0, 0x0, 0x0,
    0x1d, 0xdd, 0xdd, 0xdf, 0xdd, 0xdd, 0xdd, 0xd2,
    0x5, 0x55, 0x55, 0x9d, 0xd9, 0x55, 0x55, 0x50,
    0x0, 0x0, 0x0, 0xa8, 0xd6, 0x0, 0x0, 0x0,
    0x0, 0x0, 0x1, 0xf3, 0xd6, 0x0, 0x0, 0x0,
    0x0, 0x0, 0x9, 0xc0, 0xd6, 0x0, 0x0, 0x0,
    0x0, 0x0, 0x4f, 0x30, 0xd6, 0x0, 0x0, 0x81,
    0x0, 0x4, 0xf7, 0x0, 0xd6, 0x0, 0x0, 0xe3,
    0x1, 0x8f, 0x80, 0x0, 0xc9, 0x22, 0x25, 0xf1,
    0x1e, 0xd4, 0x0, 0x0, 0x6e, 0xff, 0xff, 0x80,
    0x2, 0x0, 0x0, 0x0, 0x0, 0x0, 0x0, 0x0,

    /* U+663E "显" */
    0x0, 0xf, 0xff, 0xff, 0xff, 0xff, 0xf8, 0x0,
    0x0, 0xf, 0x20, 0x0, 0x0, 0x0, 0xb8, 0x0,
    0x0, 0xf, 0x20, 0x0, 0x0, 0x0, 0xb8, 0x0,
    0x0, 0xf, 0xee, 0xee, 0xee, 0xee, 0xf8, 0x0,
    0x0, 0xf, 0x20, 0x0, 0x0, 0x0, 0xb8, 0x0,
    0x0, 0xf, 0x53, 0x33, 0x33, 0x33, 0xc8, 0x0,
    0x0, 0xc, 0xcc, 0xdc, 0xcc, 0xcc, 0xc6, 0x0,
    0x0, 0x11, 0x2, 0xf0, 0xa, 0x70, 0x4, 0x0,
    0x0, 0x7b, 0x2, 0xf0, 0xa, 0x70, 0x4e, 0x10,
    0x0, 0xd, 0x52, 0xf0, 0xa, 0x71, 0xe4, 0x0,
    0x0, 0x5, 0xc2, 0xf0, 0xa, 0x79, 0x80, 0x0,
    0x0, 0x0, 0x12, 0xf0, 0xa, 0x70, 0x0, 0x0,
    0x1e, 0xee, 0xee, 0xfe, 0xef, 0xee, 0xee, 0xe7,
    0x4, 0x44, 0x44, 0x44, 0x44, 0x44, 0x44, 0x42,

    /* U+6682 "暂" */
    0x0, 0x0, 0x0, 0x0, 0x0, 0x0, 0x0, 0x0,
    0x1, 0x19, 0xc1, 0x11, 0x2, 0x46, 0x9c, 0x50,
    0x1d, 0xef, 0xdd, 0xdd, 0x3f, 0xa8, 0x63, 0x0,
    0x1, 0xc4, 0x38, 0x0, 0xf, 0x10, 0x0, 0x0,
    0xb, 0xfe, 0xef, 0xee, 0x4f, 0xff, 0xff, 0xf2,
    0x1, 0x11, 0x5c, 0x11, 0x1f, 0x0, 0xc4, 0x0,
    0x5, 0x67, 0xbf, 0xce, 0x7c, 0x0, 0xc4, 0x0,
    0xa, 0x97, 0x9d, 0x10, 0xa7, 0x0, 0xc4, 0x0,
    0x0, 0x0, 0x39, 0x0, 0x70, 0x0, 0x93, 0x0,
    0x0, 0x2f, 0xff, 0xff, 0xff, 0xff, 0xf3, 0x0,
    0x0, 0x2f, 0x0, 0x0, 0x0, 0x0, 0xf3, 0x0,
    0x0, 0x2f, 0xbb, 0xbb, 0xbb, 0xbb, 0xf3, 0x0,
    0x0, 0x2f, 0x22, 0x22, 0x22, 0x22, 0xf3, 0x0,
    0x0, 0x2f, 0x11, 0x11, 0x11, 0x11, 0xf3, 0x0,
    0x0, 0x2f, 0xdd, 0xdd, 0xdd, 0xdd, 0xf3, 0x0,
    0x0, 0x0, 0x0, 0x0, 0x0, 0x0, 0x0, 0x0,

    /* U+66AB "暫" */
    0xc, 0xcc, 0xfc, 0xcc, 0x2e, 0xca, 0x85, 0x10,
    0x3, 0x66, 0xf7, 0x64, 0xf, 0x10, 0x0, 0x0,
    0x8, 0xa7, 0xf8, 0x8c, 0xf, 0x10, 0x0, 0x0,
    0x8, 0xca, 0xfa, 0xbc, 0xf, 0xdd, 0xdd, 0xd2,
    0x8, 0x83, 0xe5, 0x5c, 0x1f, 0x11, 0xc5, 0x10,
    0x3, 0x66, 0xf8, 0x65, 0x4d, 0x0, 0xc4, 0x0,
    0x1c, 0xcc, 0xfd, 0xcc, 0x8a, 0x0, 0xc4, 0x0,
    0x0, 0x0, 0xe2, 0x0, 0xd4, 0x0, 0xc4, 0x0,
    0x0, 0xd, 0xff, 0xff, 0xff, 0xff, 0xf1, 0x0,
    0x0, 0xe, 0x40, 0x0, 0x0, 0x4, 0xf0, 0x0,
    0x0, 0xe, 0xcb, 0xbb, 0xbb, 0xbc, 0xf0, 0x0,
    0x0, 0xe, 0x62, 0x22, 0x22, 0x26, 0xf0, 0x0,
    0x0, 0xe, 0x51, 0x11, 0x11, 0x15, 0xf0, 0x0,
    0x0, 0xe, 0xed, 0xdd, 0xdd, 0xde, 0xf0, 0x0,
    0x0, 0x0, 0x0, 0x0, 0x0, 0x0, 0x0, 0x0,

    /* U+66FC "曼" */
    0x0, 0x1f, 0xdd, 0xdd, 0xdd, 0xdd, 0xf4, 0x0,
    0x0, 0x1f, 0x20, 0x0, 0x0, 0x0, 0xe4, 0x0,
    0x0, 0x1f, 0xdc, 0xcc, 0xcc, 0xcc, 0xf4, 0x0,
    0x0, 0x1f, 0x64, 0x44, 0x44, 0x44, 0xf4, 0x0,
    0x0, 0x7, 0x77, 0x77, 0x77, 0x77, 0x71, 0x0,
    0x2, 0xdd, 0xdd, 0xdd, 0xdd, 0xdd, 0xdd, 0x40,
    0x3, 0xe0, 0x4, 0xe0, 0xd, 0x40, 0xd, 0x50,
    0x3, 0xfa, 0xab, 0xfa, 0xaf, 0xba, 0xaf, 0x50,
    0x0, 0x33, 0x33, 0x33, 0x33, 0x33, 0x33, 0x10,
    0x6, 0xee, 0xee, 0xee, 0xee, 0xee, 0xe3, 0x0,
    0x0, 0x2, 0xdb, 0x10, 0x0, 0x5e, 0x80, 0x0,
    0x0, 0x0, 0x8, 0xe7, 0x4b, 0xc4, 0x0, 0x0,
    0x0, 0x1, 0x47, 0xbf, 0xff, 0x85, 0x20, 0x0,
    0xc, 0xfe, 0xc9, 0x51, 0x4, 0x8c, 0xef, 0xd0,
    0x1, 0x10, 0x0, 0x0, 0x0, 0x0, 0x0, 0x10,

    /* U+672F "术" */
    0x0, 0x0, 0x0, 0xa, 0xa1, 0x81, 0x0, 0x0,
    0x0, 0x0, 0x0, 0xa, 0xa0, 0x8e, 0x50, 0x0,
    0x0, 0x0, 0x0, 0xa, 0xa0, 0x5, 0xe2, 0x0,
    0x2, 0x33, 0x33, 0x3b, 0xb3, 0x33, 0x33, 0x20,
    0xe, 0xff, 0xff, 0xff, 0xff, 0xff, 0xff, 0xb0,
    0x0, 0x0, 0x0, 0x5f, 0xf7, 0x0, 0x0, 0x0,
    0x0, 0x0, 0x1, 0xef, 0xce, 0x30, 0x0, 0x0,
    0x0, 0x0, 0xb, 0xaa, 0xa5, 0xe2, 0x0, 0x0,
    0x0, 0x0, 0xbd, 0x1a, 0xa0, 0x8e, 0x20, 0x0,
    0x0, 0xb, 0xe1, 0xa, 0xa0, 0x9, 0xe3, 0x0,
    0x4, 0xdc, 0x10, 0xa, 0xa0, 0x0, 0x9f, 0x60,
    0x2f, 0x90, 0x0, 0xa, 0xa0, 0x0, 0x7, 0xc0,
    0x1, 0x0, 0x0, 0xa, 0xa0, 0x0, 0x0, 0x0,
    0x0, 0x0, 0x0, 0xa, 0xa0, 0x0, 0x0, 0x0,

    /* U+6781 "极" */
    0x0, 0xd, 0x40, 0xcf, 0xff, 0xff, 0xf1, 0x0,
    0x0, 0xd, 0x40, 0x11, 0xf3, 0x15, 0xe0, 0x0,
    0x2, 0x2d, 0x62, 0x1, 0xf1, 0x8, 0xa0, 0x0,
    0xe, 0xff, 0xff, 0x1, 0xf0, 0xb, 0x60, 0x0,
    0x0, 0x1f, 0x60, 0x3, 0xf0, 0xf, 0x30, 0x0,
    0x0, 0x6f, 0xe2, 0x4, 0xf3, 0x3f, 0xff, 0xa0,
    0x0, 0xcf, 0x8b, 0x7, 0xf9, 0x0, 0xb, 0x70,
    0x2, 0xcd, 0x48, 0x9, 0xde, 0x0, 0x1f, 0x20,
    0xa, 0x6d, 0x40, 0xd, 0x5d, 0x80, 0x8c, 0x0,
    0x3e, 0xd, 0x40, 0x2f, 0x14, 0xf4, 0xf3, 0x0,
    0x5, 0xd, 0x40, 0x7c, 0x0, 0x9f, 0x90, 0x0,
    0x0, 0xd, 0x40, 0xe5, 0x1, 0xbf, 0xc1, 0x0,
    0x0, 0xd, 0x4a, 0xd0, 0x4d, 0xb1, 0xae, 0x70,
    0x0, 0xd, 0x5c, 0x20, 0xc7, 0x0, 0x5, 0xc1,
    0x0, 0x0, 0x0, 0x0, 0x0, 0x0, 0x0, 0x0,

    /* U+6837 "样" */
    0x0, 0x0, 0x0, 0x0, 0x0, 0x0, 0x0, 0x0,
    0x0, 0xf, 0x10, 0x9, 0x60, 0x0, 0x2e, 0x10,
    0x0, 0xf, 0x10, 0x4, 0xf1, 0x0, 0x9a, 0x0,
    0x2, 0x3f, 0x42, 0x13, 0xb6, 0x34, 0xf4, 0x20,
    0xf, 0xff, 0xfc, 0x8e, 0xee, 0xfe, 0xee, 0xb0,
    0x0, 0x3f, 0x20, 0x0, 0x0, 0xf2, 0x0, 0x0,
    0x0, 0x7f, 0xc0, 0x1, 0x11, 0xf3, 0x11, 0x0,
    0x0, 0xdf, 0xa7, 0x1f, 0xff, 0xff, 0xff, 0x40,
    0x3, 0xcf, 0x3b, 0x0, 0x0, 0xf3, 0x0, 0x0,
    0xb, 0x6f, 0x10, 0x0, 0x0, 0xf2, 0x0, 0x0,
    0x3e, 0xf, 0x12, 0xee, 0xee, 0xfe, 0xee, 0xe1,
    0x4, 0xf, 0x10, 0x33, 0x33, 0xf5, 0x33, 0x30,
    0x0, 0xf, 0x10, 0x0, 0x0, 0xf2, 0x0, 0x0,
    0x0, 0xf, 0x10, 0x0, 0x0, 0xf2, 0x0, 0x0,
    0x0, 0xf, 0x10, 0x0, 0x0, 0xf2, 0x0, 0x0,

    /* U+6A94 "檔" */
    0x0, 0xf, 0x20, 0x29, 0x1, 0xf0, 0xb, 0x20,
    0x0, 0xf, 0x20, 0xc, 0x31, 0xf0, 0x6a, 0x0,
    0x1, 0x1f, 0x31, 0xff, 0xff, 0xff, 0xff, 0xf3,
    0x1f, 0xff, 0xfd, 0xd0, 0x0, 0x0, 0x0, 0xd4,
    0x1, 0x3f, 0x31, 0x8a, 0xdd, 0xdd, 0xdc, 0x82,
    0x0, 0x7f, 0x50, 0xc, 0x40, 0x0, 0x3e, 0x0,
    0x0, 0xcf, 0xd1, 0xc, 0xa9, 0x99, 0xae, 0x0,
    0x2, 0xcf, 0x7a, 0x3, 0x44, 0x44, 0x43, 0x0,
    0x8, 0x6f, 0x26, 0xae, 0xee, 0xee, 0xee, 0xb0,
    0x2e, 0xf, 0x20, 0xb4, 0x1, 0xf0, 0x5, 0xd0,
    0x17, 0xf, 0x20, 0xbc, 0xbb, 0xfb, 0xbc, 0xd0,
    0x0, 0xf, 0x20, 0xb5, 0x23, 0xf2, 0x26, 0xd0,
    0x0, 0xf, 0x20, 0xb5, 0x22, 0xf2, 0x26, 0xd0,
    0x0, 0xf, 0x20, 0xbd, 0xcc, 0xcc, 0xcd, 0xc0,
    0x0, 0x0, 0x0, 0x0, 0x0, 0x0, 0x0, 0x0,

    /* U+6AA2 "檢" */
    0x0, 0x0, 0x0, 0x0, 0x0, 0x0, 0x0, 0x0,
    0x0, 0x2d, 0x0, 0x0, 0x8, 0xd0, 0x0, 0x0,
    0x0, 0x2d, 0x0, 0x0, 0x8e, 0xbb, 0x10, 0x0,
    0x2, 0x4d, 0x20, 0x1a, 0xe2, 0x6, 0xe8, 0x10,
    0xf, 0xff, 0xf9, 0xea, 0xba, 0xaa, 0x89, 0xf5,
    0x0, 0x6d, 0x0, 0x20, 0x33, 0x33, 0x20, 0x10,
    0x0, 0xaf, 0x50, 0xce, 0xec, 0x2e, 0xee, 0x70,
    0x0, 0xcd, 0xc1, 0xd2, 0x1d, 0x2c, 0x7, 0x80,
    0x5, 0x9d, 0x64, 0xd2, 0x1d, 0x2c, 0x7, 0x80,
    0xc, 0x4d, 0x0, 0xde, 0xdd, 0x2f, 0xde, 0x80,
    0x2b, 0x2d, 0x0, 0x5, 0x40, 0x0, 0x90, 0x0,
    0x2, 0x2d, 0x0, 0xe, 0x60, 0x4, 0xe0, 0x0,
    0x0, 0x2d, 0x0, 0x9d, 0xe5, 0xc, 0xf9, 0x0,
    0x0, 0x2d, 0x8, 0xe1, 0x29, 0x8d, 0x1a, 0xd2,
    0x0, 0x2d, 0x4c, 0x10, 0x2, 0xc1, 0x0, 0x72,
    0x0, 0x0, 0x0, 0x0, 0x0, 0x0, 0x0, 0x0,

    /* U+6B74 "歴" */
    0x0, 0xff, 0xff, 0xff, 0xff, 0xff, 0xff, 0xf4,
    0x0, 0xf3, 0x11, 0x11, 0x11, 0x11, 0x11, 0x10,
    0x0, 0xf2, 0x3, 0xd0, 0x0, 0xe, 0x10, 0x0,
    0x0, 0xf4, 0x79, 0xe7, 0x65, 0x7f, 0x87, 0x70,
    0x0, 0xf4, 0x7c, 0xf7, 0x65, 0xbf, 0xe7, 0x70,
    0x0, 0xf1, 0x2e, 0xfb, 0x10, 0xcf, 0xe5, 0x0,
    0x0, 0xf1, 0xc7, 0xd6, 0x89, 0x7e, 0x4e, 0x40,
    0x1, 0xf9, 0x93, 0xd0, 0x3b, 0xe, 0x13, 0xe3,
    0x2, 0xf0, 0x1, 0x70, 0x29, 0x8, 0x0, 0x0,
    0x3, 0xd0, 0x7, 0x0, 0x4e, 0x11, 0x11, 0x0,
    0x6, 0xb0, 0xf, 0x10, 0x4f, 0xff, 0xfc, 0x0,
    0x9, 0x80, 0xf, 0x10, 0x4e, 0x0, 0x0, 0x0,
    0xe, 0x41, 0x1f, 0x21, 0x4e, 0x11, 0x11, 0x10,
    0x4e, 0x1f, 0xff, 0xff, 0xff, 0xff, 0xff, 0xf5,
    0x2, 0x0, 0x0, 0x0, 0x0, 0x0, 0x0, 0x0,

    /* U+6C23 "氣" */
    0x0, 0x0, 0x41, 0x0, 0x0, 0x0, 0x0, 0x0,
    0x0, 0x2, 0xf2, 0x0, 0x0, 0x0, 0x0, 0x0,
    0x0, 0xc, 0xff, 0xff, 0xff, 0xff, 0xff, 0x90,
    0x0, 0x8e, 0x10, 0x0, 0x0, 0x0, 0x0, 0x0,
    0x7, 0xf3, 0xee, 0xee, 0xee, 0xee, 0xe6, 0x0,
    0x1d, 0x40, 0x0, 0x0, 0x0, 0x0, 0x0, 0x0,
    0x0, 0x9f, 0xff, 0xff, 0xff, 0xff, 0xa0, 0x0,
    0x0, 0x36, 0x5, 0xb0, 0x18, 0x8, 0xa0, 0x0,
    0x0, 0x1e, 0x26, 0xc0, 0xa8, 0x8, 0xa0, 0x0,
    0x0, 0x6, 0x46, 0xc2, 0xb0, 0x7, 0xa0, 0x0,
    0xa, 0xff, 0xff, 0xff, 0xff, 0xe6, 0xb0, 0x0,
    0x0, 0x0, 0xad, 0xc4, 0x0, 0x5, 0xd0, 0x10,
    0x0, 0x1b, 0x96, 0xc8, 0xd5, 0x2, 0xf0, 0x92,
    0x7, 0xe7, 0x6, 0xc0, 0x2c, 0x70, 0xd8, 0xc2,
    0x5, 0x30, 0x6, 0xc0, 0x0, 0x0, 0x4e, 0xc0,

    /* U+6C5D "汝" */
    0x0, 0x0, 0x0, 0x0, 0x11, 0x0, 0x0, 0x0,
    0x6, 0xc3, 0x0, 0x0, 0x99, 0x0, 0x0, 0x0,
    0x0, 0x7f, 0x80, 0x0, 0xd5, 0x0, 0x0, 0x0,
    0x0, 0x2, 0x30, 0x1, 0xf1, 0x0, 0x0, 0x0,
    0x0, 0x0, 0x13, 0x37, 0xe3, 0x33, 0x33, 0x30,
    0x17, 0x0, 0x9f, 0xff, 0xff, 0xff, 0xff, 0xf1,
    0x2b, 0xe6, 0x0, 0xf, 0x30, 0x2, 0xf1, 0x0,
    0x0, 0x58, 0x0, 0x5d, 0x0, 0x5, 0xe0, 0x0,
    0x0, 0x0, 0x0, 0xb8, 0x0, 0xa, 0xa0, 0x0,
    0x0, 0x4, 0x22, 0xf5, 0x0, 0xf, 0x50, 0x0,
    0x0, 0xd, 0x70, 0x8f, 0xb2, 0x8e, 0x0, 0x0,
    0x0, 0x6e, 0x0, 0x1, 0xaf, 0xf5, 0x0, 0x0,
    0x0, 0xe6, 0x0, 0x0, 0x6f, 0xed, 0x40, 0x0,
    0x8, 0xd0, 0x0, 0x5c, 0xf6, 0x8, 0xf9, 0x0,
    0xd, 0x40, 0x8f, 0xe8, 0x10, 0x0, 0x4e, 0x80,
    0x0, 0x0, 0x13, 0x0, 0x0, 0x0, 0x1, 0x0,

    /* U+6CA1 "没" */
    0x0, 0x10, 0x0, 0x0, 0x0, 0x0, 0x0, 0x0,
    0x5, 0xf8, 0x0, 0xe, 0xff, 0xff, 0x40, 0x0,
    0x0, 0x3c, 0xa0, 0xe, 0x51, 0x1e, 0x40, 0x0,
    0x0, 0x0, 0x10, 0xf, 0x20, 0xe, 0x40, 0x0,
    0x0, 0x0, 0x0, 0x5f, 0x0, 0xd, 0x50, 0x0,
    0x3e, 0x50, 0x3, 0xe8, 0x0, 0xb, 0xfe, 0xd0,
    0x6, 0xfa, 0x2f, 0xb0, 0x0, 0x0, 0x33, 0x30,
    0x0, 0x29, 0x6, 0x22, 0x22, 0x22, 0x21, 0x0,
    0x0, 0x0, 0x9, 0xff, 0xff, 0xff, 0xfa, 0x0,
    0x0, 0x3, 0x30, 0xaa, 0x0, 0x2, 0xf4, 0x0,
    0x0, 0xb, 0x80, 0x1f, 0x40, 0xc, 0xa0, 0x0,
    0x0, 0x3f, 0x10, 0x5, 0xf4, 0xbc, 0x0, 0x0,
    0x0, 0xc8, 0x0, 0x0, 0x8f, 0xe1, 0x0, 0x0,
    0x6, 0xe1, 0x0, 0x4b, 0xf9, 0xde, 0x71, 0x0,
    0xb, 0x60, 0x7f, 0xe8, 0x10, 0x7, 0xdf, 0xb0,
    0x0, 0x0, 0x13, 0x0, 0x0, 0x0, 0x2, 0x20,

    /* U+6DFA "淺" */
    0x0, 0x0, 0x0, 0x0, 0x0, 0x0, 0x0, 0x0,
    0x2, 0xb5, 0x0, 0x9, 0x90, 0x3a, 0x91, 0x0,
    0x0, 0x2b, 0xa0, 0x4, 0xf9, 0xab, 0xde, 0xc0,
    0x0, 0x0, 0x7, 0x99, 0xdc, 0x54, 0x71, 0x0,
    0x0, 0x0, 0x0, 0x0, 0x4f, 0x4c, 0xa0, 0x0,
    0x1c, 0x60, 0x0, 0x0, 0x1d, 0xf9, 0x0, 0x61,
    0x6, 0xfb, 0x1, 0x5a, 0xfb, 0xbf, 0x85, 0xe1,
    0x0, 0x17, 0x9, 0xcc, 0x60, 0x37, 0xad, 0x80,
    0x0, 0x0, 0x0, 0x6, 0xc0, 0x49, 0xa0, 0x10,
    0x0, 0x6, 0x40, 0x15, 0xfc, 0xde, 0xff, 0xf3,
    0x0, 0xe, 0x7d, 0xed, 0xfd, 0xa9, 0xa7, 0x51,
    0x0, 0x7e, 0x0, 0x0, 0x7c, 0x7, 0xe2, 0x0,
    0x1, 0xe6, 0x0, 0x0, 0x1e, 0xea, 0x10, 0x51,
    0x9, 0xd0, 0x3, 0x6a, 0xea, 0xcd, 0x53, 0xd3,
    0x4, 0x40, 0xc, 0xb6, 0x10, 0x7, 0xdf, 0xb0,
    0x0, 0x0, 0x0, 0x0, 0x0, 0x0, 0x0, 0x0,

    /* U+6DFB "添" */
    0x1, 0x60, 0x0, 0x0, 0x0, 0x0, 0x0, 0x0,
    0x2, 0xdd, 0x3e, 0xff, 0xff, 0xff, 0xff, 0x80,
    0x0, 0x8, 0x41, 0x11, 0x8c, 0x11, 0x11, 0x0,
    0x0, 0x0, 0x0, 0x0, 0xb9, 0x0, 0x0, 0x0,
    0x0, 0x0, 0x12, 0x22, 0xf6, 0x22, 0x22, 0x20,
    0x2a, 0x30, 0x9f, 0xff, 0xff, 0xff, 0xff, 0xf1,
    0x17, 0xe6, 0x0, 0x3f, 0x40, 0x1e, 0x50, 0x0,
    0x0, 0x0, 0x2, 0xe8, 0x54, 0x2, 0xe7, 0x0,
    0x0, 0x0, 0x7f, 0x80, 0xa7, 0x0, 0x2d, 0xd1,
    0x0, 0x5a, 0x63, 0x92, 0xa7, 0x51, 0xb6, 0x30,
    0x0, 0xa8, 0x2, 0xe0, 0xa7, 0x97, 0x2e, 0x10,
    0x1, 0xf2, 0xb, 0x70, 0xa7, 0x3d, 0x9, 0x90,
    0x7, 0xd0, 0x3d, 0x0, 0xa7, 0xe, 0x2, 0xe0,
    0xd, 0x70, 0x0, 0x0, 0xa7, 0x0, 0x0, 0x0,
    0x4, 0x10, 0x0, 0x6f, 0xe3, 0x0, 0x0, 0x0,
    0x0, 0x0, 0x0, 0x0, 0x0, 0x0, 0x0, 0x0,

    /* U+6EAB "溫" */
    0x1, 0x60, 0x0, 0x0, 0x0, 0x0, 0x0, 0x0,
    0x3, 0xdd, 0x20, 0xfe, 0xee, 0xee, 0xfa, 0x0,
    0x0, 0x9, 0xa0, 0xf2, 0x6, 0x40, 0x7a, 0x0,
    0x0, 0x0, 0x0, 0xf2, 0xc, 0x20, 0x7a, 0x0,
    0x0, 0x0, 0x0, 0xf2, 0x4d, 0xb0, 0x7a, 0x0,
    0x1c, 0x50, 0x0, 0xf5, 0xd1, 0x6b, 0x7a, 0x0,
    0x7, 0xfb, 0x0, 0xf5, 0x42, 0x25, 0x8a, 0x0,
    0x0, 0x27, 0x0, 0xcc, 0xcc, 0xcc, 0xc8, 0x0,
    0x0, 0x0, 0x0, 0x11, 0x11, 0x11, 0x11, 0x0,
    0x0, 0x4, 0x18, 0xff, 0xff, 0xff, 0xff, 0x40,
    0x0, 0xe, 0x58, 0x90, 0xe0, 0x68, 0xe, 0x40,
    0x0, 0x6e, 0x8, 0x90, 0xe0, 0x68, 0xe, 0x40,
    0x0, 0xd7, 0x8, 0x90, 0xe0, 0x68, 0xe, 0x40,
    0x6, 0xe0, 0x8, 0x91, 0xe1, 0x69, 0x1e, 0x40,
    0xb, 0x70, 0xff, 0xff, 0xff, 0xff, 0xff, 0xf5,
    0x0, 0x0, 0x0, 0x0, 0x0, 0x0, 0x0, 0x0,

    /* U+6ED1 "滑" */
    0x0, 0x20, 0x0, 0x0, 0x0, 0x0, 0x0, 0x0,
    0x1, 0xe9, 0x0, 0x8f, 0xff, 0xff, 0xfc, 0x0,
    0x0, 0x1c, 0xd0, 0x8a, 0x0, 0x0, 0x5c, 0x0,
    0x0, 0x0, 0x50, 0x8e, 0xdd, 0xb0, 0x5c, 0x0,
    0x0, 0x0, 0x0, 0x8a, 0x1, 0xe0, 0x5c, 0x0,
    0xc, 0x60, 0x2b, 0xde, 0xbb, 0xfb, 0xcf, 0xb5,
    0x4, 0xeb, 0x3f, 0x33, 0x33, 0x33, 0x33, 0xb7,
    0x0, 0x19, 0x3e, 0x23, 0x33, 0x33, 0x33, 0xa7,
    0x0, 0x0, 0x0, 0x9e, 0xcc, 0xcc, 0xce, 0x0,
    0x0, 0x2, 0x20, 0x99, 0x22, 0x22, 0x5e, 0x0,
    0x0, 0xa, 0x90, 0x9e, 0xcc, 0xcc, 0xde, 0x0,
    0x0, 0x3f, 0x20, 0x99, 0x11, 0x11, 0x4e, 0x0,
    0x0, 0xc9, 0x0, 0x9e, 0xcc, 0xcc, 0xde, 0x0,
    0x5, 0xf1, 0x0, 0x98, 0x0, 0x0, 0x3e, 0x0,
    0x2, 0x60, 0x0, 0x98, 0x0, 0x2e, 0xe9, 0x0,
    0x0, 0x0, 0x0, 0x0, 0x0, 0x0, 0x0, 0x0,

    /* U+6EE4 "滤" */
    0x3, 0x50, 0x0, 0x0, 0x4f, 0x11, 0x11, 0x0,
    0x2, 0xcb, 0x10, 0x0, 0x4f, 0xdd, 0xdd, 0x70,
    0x0, 0x9, 0x42, 0x22, 0x6f, 0x22, 0x22, 0x20,
    0x0, 0x0, 0xe, 0xdc, 0xed, 0xcc, 0xcc, 0xf1,
    0x18, 0x10, 0xe, 0x30, 0xb6, 0x0, 0x6, 0x90,
    0x8, 0xe6, 0xe, 0x4b, 0xee, 0xdc, 0x71, 0x10,
    0x0, 0x35, 0xe, 0x32, 0xb6, 0x0, 0x7, 0x60,
    0x0, 0x0, 0xe, 0x20, 0x6e, 0xee, 0xee, 0x20,
    0x0, 0x8, 0xf, 0x10, 0x0, 0x10, 0x0, 0x0,
    0x0, 0x4e, 0x1f, 0x0, 0x23, 0xd1, 0x4, 0x0,
    0x0, 0xb7, 0x4d, 0xa, 0xe1, 0x6b, 0xc, 0x30,
    0x3, 0xf1, 0x89, 0x56, 0xe1, 0x6, 0x16, 0xc0,
    0xb, 0x90, 0xe4, 0xc1, 0xe1, 0x0, 0x59, 0xb3,
    0x8, 0x23, 0xd0, 0x50, 0x9e, 0xdd, 0xe4, 0x10,
    0x0, 0x0, 0x10, 0x0, 0x0, 0x0, 0x0, 0x0,

    /* U+6FFE "濾" */
    0x4, 0xa3, 0x0, 0x0, 0x3f, 0xcc, 0xcc, 0x10,
    0x0, 0x2d, 0x30, 0x0, 0x3e, 0x0, 0x0, 0x0,
    0x0, 0x1, 0xc, 0xee, 0xef, 0xee, 0xee, 0xd0,
    0x0, 0x0, 0xe, 0x30, 0x4d, 0x34, 0x35, 0xb0,
    0x2d, 0x60, 0xe, 0x6b, 0xbe, 0x76, 0x37, 0x20,
    0x5, 0xd9, 0xe, 0x20, 0x1d, 0xcc, 0xcc, 0x0,
    0x0, 0x2, 0xe, 0x25, 0x66, 0x66, 0x65, 0x0,
    0x0, 0x0, 0xe, 0x2e, 0x55, 0xf5, 0x6e, 0x0,
    0x0, 0x6, 0xf, 0xe, 0xaa, 0xfa, 0xae, 0x0,
    0x0, 0x5d, 0x1e, 0xe, 0x0, 0xe0, 0x1e, 0x0,
    0x0, 0xc7, 0x5b, 0xa, 0xbe, 0xeb, 0xb9, 0x0,
    0x3, 0xf1, 0x98, 0x38, 0x76, 0xa7, 0x1b, 0x10,
    0xa, 0xa0, 0xe3, 0xb6, 0x96, 0x0, 0xa7, 0xc0,
    0xb, 0x33, 0xb1, 0xb0, 0x6e, 0xee, 0xb0, 0x70,
    0x0, 0x0, 0x0, 0x0, 0x0, 0x0, 0x0, 0x0,

    /* U+7259 "牙" */
    0x0, 0xff, 0xff, 0xff, 0xff, 0xff, 0xff, 0x30,
    0x2, 0x22, 0x22, 0x22, 0x2d, 0x72, 0x20, 0x0,
    0xa, 0x70, 0x0, 0x0, 0xd5, 0x0, 0x0, 0x0,
    0xe5, 0x0, 0x0, 0xd, 0x50, 0x0, 0x0, 0x1f,
    0x10, 0x0, 0x0, 0xd5, 0x0, 0x0, 0x5, 0xd1,
    0x11, 0x11, 0x1d, 0x61, 0x11, 0x0, 0xaf, 0xff,
    0xff, 0xff, 0xff, 0xff, 0xf0, 0x1, 0x11, 0x11,
    0x1b, 0xde, 0x61, 0x11, 0x0, 0x0, 0x0, 0xb,
    0xd1, 0xd5, 0x0, 0x0, 0x0, 0x0, 0x4d, 0xb0,
    0xd, 0x50, 0x0, 0x0, 0x1, 0xaf, 0x60, 0x0,
    0xd5, 0x0, 0x0, 0x29, 0xfb, 0x20, 0x0, 0xd,
    0x50, 0x0, 0xd, 0xc4, 0x0, 0x1, 0x22, 0xe5,
    0x0, 0x0, 0x0, 0x0, 0x0, 0x4f, 0xfd, 0x10,
    0x0, 0x0, 0x0, 0x0, 0x0, 0x0, 0x0, 0x0,
    0x0,

    /* U+73AF "环" */
    0x2, 0x22, 0x21, 0x13, 0x33, 0x33, 0x33, 0x30,
    0x1f, 0xff, 0xfa, 0x7f, 0xff, 0xff, 0xff, 0xf3,
    0x0, 0x6b, 0x0, 0x0, 0x0, 0xb9, 0x0, 0x0,
    0x0, 0x6b, 0x0, 0x0, 0x2, 0xf2, 0x0, 0x0,
    0x0, 0x6b, 0x0, 0x0, 0xb, 0xf5, 0x20, 0x0,
    0xf, 0xff, 0xf1, 0x0, 0x5f, 0xf8, 0xd1, 0x0,
    0x2, 0x7c, 0x20, 0x2, 0xf7, 0xf0, 0xbb, 0x0,
    0x0, 0x6b, 0x0, 0x2e, 0x92, 0xf0, 0x1d, 0x80,
    0x0, 0x6b, 0x0, 0xca, 0x2, 0xf0, 0x3, 0xe0,
    0x0, 0x6b, 0x23, 0x10, 0x2, 0xf0, 0x0, 0x0,
    0x1, 0x9f, 0xf7, 0x0, 0x2, 0xf0, 0x0, 0x0,
    0x1f, 0xc6, 0x10, 0x0, 0x2, 0xf0, 0x0, 0x0,
    0x1, 0x0, 0x0, 0x0, 0x2, 0xf0, 0x0, 0x0,
    0x0, 0x0, 0x0, 0x0, 0x2, 0xf0, 0x0, 0x0,

    /* U+73E0 "珠" */
    0x2, 0x22, 0x22, 0x2, 0x30, 0xe3, 0x0, 0x0,
    0x3f, 0xff, 0xff, 0x19, 0x90, 0xe3, 0x0, 0x0,
    0x0, 0x3f, 0x0, 0xc, 0x83, 0xe5, 0x33, 0x10,
    0x0, 0x3f, 0x0, 0xf, 0xee, 0xfe, 0xee, 0x70,
    0x0, 0x3f, 0x0, 0x6c, 0x0, 0xe3, 0x0, 0x0,
    0x8, 0x9f, 0x86, 0xc5, 0x0, 0xe3, 0x0, 0x0,
    0x9, 0xaf, 0x97, 0x54, 0x44, 0xf7, 0x44, 0x41,
    0x0, 0x3f, 0x0, 0xcd, 0xde, 0xff, 0xdd, 0xd4,
    0x0, 0x3f, 0x0, 0x0, 0xd, 0xff, 0x30, 0x0,
    0x0, 0x3f, 0x0, 0x0, 0x9a, 0xe8, 0xc0, 0x0,
    0x0, 0x4f, 0xaf, 0x17, 0xd1, 0xe3, 0xaa, 0x0,
    0x2d, 0xfb, 0x62, 0x7e, 0x20, 0xe3, 0x1d, 0x90,
    0x4, 0x0, 0x8, 0xd2, 0x0, 0xe3, 0x1, 0xd4,
    0x0, 0x0, 0x0, 0x0, 0x0, 0xe3, 0x0, 0x0,

    /* U+767B "登" */
    0x0, 0x0, 0x0, 0x0, 0x51, 0x0, 0x30, 0x0,
    0x5, 0xff, 0xff, 0xf5, 0x99, 0xb, 0xb0, 0x0,
    0x0, 0x10, 0x4, 0xf1, 0x1f, 0xd9, 0x1, 0x30,
    0x1, 0xe6, 0xd, 0x80, 0x6, 0xe1, 0x2e, 0x70,
    0x0, 0x1d, 0xdc, 0x0, 0x0, 0xbc, 0xe5, 0x0,
    0x0, 0x1b, 0xce, 0xff, 0xff, 0xeb, 0xd2, 0x0,
    0x6, 0xe9, 0x1, 0x11, 0x11, 0x10, 0x9f, 0x91,
    0x2b, 0x38, 0xdd, 0xdd, 0xdd, 0xdd, 0x52, 0x91,
    0x0, 0x9, 0x92, 0x22, 0x22, 0x2d, 0x70, 0x0,
    0x0, 0x9, 0x90, 0x0, 0x0, 0xc, 0x70, 0x0,
    0x0, 0x9, 0xfd, 0xdd, 0xdd, 0xdf, 0x70, 0x0,
    0x0, 0x1, 0x59, 0x22, 0x22, 0x95, 0x0, 0x0,
    0x0, 0x0, 0x1f, 0x20, 0x1, 0xf2, 0x0, 0x0,
    0x0, 0x11, 0x1b, 0x61, 0x18, 0xb1, 0x11, 0x10,
    0xf, 0xff, 0xff, 0xff, 0xff, 0xff, 0xff, 0xf0,

    /* U+76CA "益" */
    0x0, 0x0, 0x0, 0x0, 0x0, 0x1, 0x0, 0x0,
    0x0, 0x2, 0xf2, 0x0, 0x0, 0xe, 0x40, 0x0,
    0x0, 0x0, 0x9c, 0x0, 0x0, 0x8b, 0x0, 0x0,
    0x1, 0x22, 0x3e, 0x32, 0x23, 0xe3, 0x22, 0x10,
    0xe, 0xff, 0xff, 0xff, 0xff, 0xff, 0xff, 0xe0,
    0x0, 0x0, 0x2, 0x0, 0x0, 0x10, 0x0, 0x0,
    0x0, 0x0, 0x8d, 0x10, 0x4, 0xfb, 0x40, 0x0,
    0x0, 0x6e, 0x90, 0x0, 0x0, 0x6, 0xdd, 0x50,
    0x8, 0xc5, 0x11, 0x11, 0x11, 0x11, 0x16, 0x60,
    0x0, 0x2f, 0xff, 0xff, 0xff, 0xff, 0xf4, 0x0,
    0x0, 0x2e, 0x1, 0xf0, 0xf, 0x10, 0xd4, 0x0,
    0x0, 0x2e, 0x1, 0xf0, 0xf, 0x10, 0xd4, 0x0,
    0x0, 0x2e, 0x1, 0xf0, 0xf, 0x10, 0xd4, 0x0,
    0x1, 0x3e, 0x12, 0xf1, 0x1f, 0x21, 0xd5, 0x10,
    0x3f, 0xff, 0xff, 0xff, 0xff, 0xff, 0xff, 0xf3,

    /* U+76D8 "盘" */
    0x0, 0x0, 0x0, 0x3, 0x20, 0x0, 0x0, 0x0,
    0x0, 0x0, 0x0, 0xe, 0x70, 0x0, 0x0, 0x0,
    0x0, 0x9, 0xff, 0xff, 0xff, 0xff, 0xf0, 0x0,
    0x0, 0x9, 0x90, 0x49, 0x20, 0x2, 0xf0, 0x0,
    0x0, 0x9, 0x90, 0x4, 0xc1, 0x2, 0xf0, 0x0,
    0x1f, 0xff, 0xff, 0xff, 0xff, 0xff, 0xff, 0xf3,
    0x1, 0x1e, 0x61, 0x55, 0x11, 0x13, 0xf1, 0x10,
    0x0, 0x4f, 0x10, 0x3d, 0x90, 0x2, 0xf0, 0x0,
    0x3, 0xe8, 0x0, 0x0, 0x92, 0x9b, 0xe0, 0x0,
    0x5, 0xa1, 0x0, 0x0, 0x0, 0x78, 0x30, 0x0,
    0x0, 0x6f, 0xee, 0xfe, 0xef, 0xee, 0xf7, 0x0,
    0x0, 0x6b, 0x3, 0xe0, 0xf, 0x20, 0xb7, 0x0,
    0x0, 0x6b, 0x3, 0xe0, 0xf, 0x20, 0xb7, 0x0,
    0x1, 0x7b, 0x13, 0xe1, 0x1f, 0x21, 0xb7, 0x10,
    0x3f, 0xff, 0xff, 0xff, 0xff, 0xff, 0xff, 0xf3,

    /* U+7761 "睡" */
    0x0, 0x0, 0x0, 0x1, 0x35, 0x79, 0x60, 0xef,
    0xff, 0xc, 0xfe, 0xee, 0x97, 0x30, 0xe2, 0x1f,
    0x0, 0x0, 0x5c, 0x0, 0x0, 0xe1, 0xf, 0x0,
    0x0, 0x5c, 0x0, 0x0, 0xe2, 0x1f, 0x3c, 0xcc,
    0xdf, 0xcc, 0xc7, 0xef, 0xff, 0x28, 0xf8, 0xae,
    0x8d, 0xb4, 0xe1, 0xf, 0x0, 0xf0, 0x5c, 0xa,
    0x60, 0xe1, 0xf, 0x5b, 0xfb, 0xce, 0xbe, 0xca,
    0xef, 0xff, 0x36, 0xf6, 0x9d, 0x6c, 0xa6, 0xe2,
    0x1f, 0x0, 0xf0, 0x5c, 0xa, 0x60, 0xe1, 0xf,
    0x27, 0xf7, 0xae, 0x7c, 0xa4, 0xe5, 0x4f, 0x4d,
    0xdd, 0xef, 0xdd, 0xd8, 0xed, 0xdc, 0x0, 0x0,
    0x5c, 0x0, 0x0, 0x50, 0x0, 0x1, 0x11, 0x6c,
    0x11, 0x10, 0x0, 0x0, 0xd, 0xff, 0xff, 0xff,
    0xf1,

    /* U+788C "碌" */
    0x0, 0x0, 0x0, 0x2, 0x22, 0x22, 0x23, 0x0,
    0x1f, 0xff, 0xff, 0x7a, 0xdd, 0xdd, 0xdf, 0x40,
    0x1, 0x6d, 0x11, 0x0, 0x0, 0x0, 0xd, 0x40,
    0x0, 0x7b, 0x0, 0x0, 0x22, 0x22, 0x2e, 0x30,
    0x0, 0xa8, 0x0, 0x6, 0xdd, 0xdd, 0xdf, 0x20,
    0x0, 0xd5, 0x0, 0x0, 0x0, 0x0, 0xf, 0x10,
    0x1, 0xff, 0xff, 0x4e, 0xee, 0xee, 0xef, 0xe6,
    0x6, 0xf4, 0x1f, 0x2, 0x22, 0xd5, 0x22, 0x20,
    0xd, 0xf3, 0xf, 0xd, 0x50, 0xd4, 0x6, 0xd0,
    0x3e, 0xe3, 0xf, 0x2, 0xe4, 0xd7, 0x8d, 0x20,
    0x3, 0xd3, 0xf, 0x0, 0x36, 0xff, 0xb0, 0x0,
    0x0, 0xd3, 0x1f, 0x1, 0xac, 0xe8, 0xe4, 0x0,
    0x0, 0xdf, 0xff, 0x4e, 0x80, 0xd4, 0x4e, 0x71,
    0x0, 0xb2, 0x0, 0x43, 0x0, 0xd4, 0x1, 0x93,
    0x0, 0x0, 0x0, 0x0, 0x3f, 0xd1, 0x0, 0x0,

    /* U+789F "碟" */
    0x1f, 0xff, 0xfc, 0xf, 0x11, 0xe0, 0xb3, 0x0,
    0x1, 0x5e, 0x11, 0xf, 0x12, 0xe0, 0xc4, 0x0,
    0x0, 0x7b, 0x2, 0xff, 0xff, 0xff, 0xff, 0xf1,
    0x0, 0xb7, 0x0, 0xf, 0x11, 0xe0, 0xc4, 0x0,
    0x0, 0xe3, 0x0, 0xf, 0x11, 0xfb, 0xe4, 0x0,
    0x4, 0xfc, 0xc6, 0xf, 0x10, 0x11, 0x10, 0x0,
    0xa, 0xf3, 0x98, 0xf, 0xdd, 0xdd, 0xdd, 0x70,
    0x3f, 0xf0, 0x88, 0x2, 0x22, 0xf3, 0x22, 0x10,
    0x29, 0xf0, 0x88, 0x11, 0x11, 0xf1, 0x11, 0x10,
    0x1, 0xf0, 0x88, 0xff, 0xff, 0xff, 0xff, 0xf2,
    0x1, 0xf0, 0x88, 0x0, 0x4d, 0xfc, 0x20, 0x0,
    0x1, 0xff, 0xf8, 0x7, 0xe3, 0xf3, 0xd4, 0x0,
    0x1, 0xf2, 0x25, 0xdd, 0x20, 0xf1, 0x2d, 0xb0,
    0x0, 0x0, 0x1, 0x60, 0x0, 0xf1, 0x0, 0x30,

    /* U+78C1 "磁" */
    0x0, 0x0, 0x0, 0x4, 0x70, 0x0, 0x58, 0x0,
    0x1f, 0xff, 0xfa, 0x2, 0xf1, 0x0, 0xb7, 0x0,
    0x0, 0x79, 0x0, 0x0, 0xc7, 0x1, 0xf1, 0x0,
    0x0, 0x97, 0x0, 0x55, 0x97, 0x59, 0xd5, 0x52,
    0x0, 0xc4, 0x0, 0xcc, 0xcc, 0xcc, 0xcc, 0xc5,
    0x0, 0xf1, 0x0, 0x7, 0x80, 0x1, 0xe0, 0x0,
    0x3, 0xff, 0xf6, 0xd, 0x25, 0x26, 0x90, 0x90,
    0x8, 0xf0, 0x87, 0x5a, 0xe, 0x3d, 0x26, 0xb0,
    0xe, 0xf0, 0x78, 0xeb, 0xcb, 0x7e, 0xbe, 0x40,
    0x2b, 0xf0, 0x77, 0x75, 0xf3, 0x36, 0x8d, 0x0,
    0x1, 0xf0, 0x77, 0x7, 0xb1, 0x0, 0xc6, 0x10,
    0x0, 0xf0, 0x77, 0x1e, 0x4b, 0x4, 0xd3, 0xc0,
    0x0, 0xfe, 0xf7, 0xb7, 0x1e, 0x2e, 0x42, 0xe2,
    0x0, 0xe0, 0x5, 0xfd, 0xac, 0xcf, 0xc9, 0xb7,
    0x0, 0x0, 0x0, 0x0, 0x2, 0x20, 0x0, 0x12,

    /* U+78DA "磚" */
    0x1f, 0xff, 0xff, 0x90, 0x0, 0xc5, 0x0, 0x0,
    0x1, 0x6d, 0x11, 0x1f, 0xff, 0xff, 0xff, 0xf6,
    0x0, 0x7a, 0x0, 0x3, 0x44, 0xd8, 0x44, 0x40,
    0x0, 0xa8, 0x0, 0xb, 0x86, 0xd9, 0x67, 0xe0,
    0x0, 0xd5, 0x0, 0xb, 0xcb, 0xec, 0xbb, 0xe0,
    0x1, 0xfd, 0xcc, 0xb, 0x40, 0xc5, 0x2, 0xe0,
    0x6, 0xf7, 0x6f, 0x1a, 0xcc, 0xfd, 0xcc, 0xe0,
    0xc, 0xf1, 0xf, 0x10, 0x0, 0xc5, 0x2e, 0x50,
    0x3f, 0xf1, 0xf, 0x5f, 0xfe, 0xee, 0xfd, 0xe5,
    0x5, 0xf1, 0xf, 0x22, 0x22, 0x24, 0xf4, 0x32,
    0x0, 0xf1, 0xf, 0x6c, 0xdc, 0xcd, 0xfd, 0xc8,
    0x0, 0xff, 0xff, 0x10, 0xd4, 0x2, 0xf2, 0x0,
    0x0, 0xc2, 0x11, 0x0, 0x2c, 0x2, 0xf2, 0x0,
    0x0, 0x0, 0x0, 0x0, 0x0, 0xcf, 0xd0, 0x0,
    0x0, 0x0, 0x0, 0x0, 0x0, 0x0, 0x0, 0x0,

    /* U+79D2 "秒" */
    0x0, 0x1, 0x59, 0x50, 0x0, 0xe3, 0x0, 0x0,
    0xa, 0xef, 0xd6, 0x20, 0x0, 0xe3, 0x0, 0x0,
    0x1, 0x7, 0xb0, 0x0, 0x70, 0xe3, 0x46, 0x0,
    0x0, 0x7, 0xb0, 0x3, 0xd0, 0xe3, 0x2e, 0x10,
    0x2f, 0xff, 0xff, 0xe6, 0xa0, 0xe3, 0xb, 0x70,
    0x2, 0x2d, 0xd2, 0x2a, 0x70, 0xe3, 0x5, 0xd0,
    0x0, 0x2f, 0xf6, 0xe, 0x20, 0xe3, 0x0, 0xc1,
    0x0, 0x9e, 0xce, 0x38, 0x0, 0xe3, 0x3, 0x10,
    0x1, 0xe8, 0xb6, 0x90, 0x0, 0xe3, 0x1f, 0x30,
    0xa, 0x77, 0xb0, 0x10, 0x0, 0xb2, 0xaa, 0x0,
    0x2e, 0x7, 0xb0, 0x0, 0x0, 0x9, 0xd1, 0x0,
    0x2, 0x7, 0xb0, 0x0, 0x2, 0xcd, 0x10, 0x0,
    0x0, 0x7, 0xb0, 0x15, 0xbf, 0x80, 0x0, 0x0,
    0x0, 0x7, 0xb0, 0xbb, 0x61, 0x0, 0x0, 0x0,

    /* U+7AE0 "章" */
    0x0, 0x0, 0x0, 0x6, 0x20, 0x0, 0x0, 0x0,
    0x0, 0x0, 0x0, 0xa, 0xb0, 0x0, 0x0, 0x0,
    0x1, 0xee, 0xee, 0xee, 0xee, 0xee, 0xee, 0x20,
    0x0, 0x0, 0x7a, 0x0, 0x0, 0xa9, 0x0, 0x0,
    0x4, 0x44, 0x6f, 0x54, 0x45, 0xf7, 0x44, 0x40,
    0x1b, 0xbb, 0xbb, 0xbb, 0xbb, 0xbb, 0xbb, 0xb1,
    0x0, 0x28, 0x88, 0x88, 0x88, 0x88, 0x83, 0x0,
    0x0, 0x5e, 0x33, 0x33, 0x33, 0x33, 0xe5, 0x0,
    0x0, 0x5f, 0xdd, 0xdd, 0xdd, 0xdd, 0xf5, 0x0,
    0x0, 0x5d, 0x0, 0x0, 0x0, 0x0, 0xd5, 0x0,
    0x0, 0x5f, 0xdd, 0xdd, 0xdd, 0xdd, 0xf5, 0x0,
    0x0, 0x0, 0x0, 0xa, 0x90, 0x0, 0x0, 0x0,
    0x3f, 0xff, 0xff, 0xff, 0xff, 0xff, 0xff, 0xf2,
    0x1, 0x11, 0x11, 0x1a, 0x91, 0x11, 0x11, 0x10,
    0x0, 0x0, 0x0, 0xa, 0x90, 0x0, 0x0, 0x0,

    /* U+7B80 "简" */
    0x0, 0x3, 0x10, 0x0, 0x3, 0x20, 0x0, 0x0,
    0x1, 0xf4, 0x0, 0x0, 0xd7, 0x0, 0x0, 0x0,
    0xaf, 0xff, 0xfc, 0x5f, 0xff, 0xff, 0xc0, 0x6e,
    0x14, 0xd0, 0x2e, 0x50, 0xb9, 0x0, 0xa, 0x43,
    0x9, 0x11, 0x60, 0x2, 0x80, 0x0, 0x1, 0xe6,
    0x6f, 0xff, 0xff, 0xff, 0xf4, 0x1, 0x63, 0xc0,
    0x11, 0x11, 0x11, 0x1e, 0x40, 0x3e, 0x0, 0x33,
    0x33, 0x33, 0x0, 0xe4, 0x3, 0xe0, 0xf, 0xbb,
    0xbb, 0xf1, 0xe, 0x40, 0x3e, 0x0, 0xf0, 0x0,
    0xf, 0x10, 0xe4, 0x3, 0xe0, 0xf, 0xee, 0xee,
    0xf1, 0xe, 0x40, 0x3e, 0x0, 0xf0, 0x0, 0xf,
    0x10, 0xe4, 0x3, 0xe0, 0xf, 0xff, 0xff, 0xf1,
    0xe, 0x40, 0x3e, 0x0, 0xf0, 0x0, 0x0, 0x0,
    0xf3, 0x3, 0xe0, 0x1, 0x0, 0x0, 0x9f, 0xfc,
    0x10, 0x0, 0x0, 0x0, 0x0, 0x0, 0x0, 0x0,

    /* U+7C89 "粉" */
    0x0, 0xa, 0x70, 0x0, 0x8, 0x23, 0x80, 0x0,
    0xb, 0x1a, 0x74, 0xb0, 0xf, 0x12, 0xf0, 0x0,
    0x9, 0x5a, 0x79, 0x60, 0x6c, 0x0, 0xd5, 0x0,
    0x5, 0x9a, 0x7e, 0x10, 0xd6, 0x0, 0x6d, 0x0,
    0x1, 0x3a, 0x84, 0x8, 0xd0, 0x0, 0xd, 0x90,
    0x1d, 0xdf, 0xed, 0xcf, 0x41, 0x11, 0x14, 0xf4,
    0x3, 0x4f, 0x93, 0x3b, 0xff, 0xff, 0xff, 0x50,
    0x0, 0x6f, 0xe1, 0x0, 0xa, 0x80, 0x1f, 0x10,
    0x0, 0xdd, 0xcd, 0x0, 0xd, 0x40, 0x2f, 0x0,
    0x6, 0xba, 0x79, 0x80, 0x1f, 0x10, 0x3f, 0x0,
    0x1f, 0x4a, 0x70, 0x10, 0x6b, 0x0, 0x4d, 0x0,
    0x8, 0xa, 0x70, 0x1, 0xe4, 0x0, 0x6c, 0x0,
    0x0, 0xa, 0x70, 0x1c, 0x90, 0x10, 0xb9, 0x0,
    0x0, 0xa, 0x70, 0x79, 0x0, 0xaf, 0xe3, 0x0,
    0x0, 0x0, 0x0, 0x0, 0x0, 0x0, 0x0, 0x0,

    /* U+7D05 "紅" */
    0x0, 0x0, 0x30, 0x0, 0x0, 0x0, 0x0, 0x0,
    0x0, 0x4, 0xf2, 0x1, 0x22, 0x22, 0x22, 0x20,
    0x0, 0xd, 0x70, 0x7, 0xff, 0xff, 0xff, 0xf4,
    0x0, 0x8c, 0x7, 0x80, 0x0, 0x3f, 0x0, 0x0,
    0x4, 0xe1, 0x2f, 0x60, 0x0, 0x3f, 0x0, 0x0,
    0x1f, 0xed, 0xfa, 0x0, 0x0, 0x3f, 0x0, 0x0,
    0x6, 0x4c, 0xc4, 0x30, 0x0, 0x3f, 0x0, 0x0,
    0x0, 0x8d, 0x17, 0xb0, 0x0, 0x3f, 0x0, 0x0,
    0x8, 0xf8, 0x9c, 0xf1, 0x0, 0x3f, 0x0, 0x0,
    0xe, 0xb9, 0x64, 0xa3, 0x0, 0x3f, 0x0, 0x0,
    0x1, 0x11, 0x23, 0x70, 0x0, 0x3f, 0x0, 0x0,
    0x6, 0xb4, 0xb2, 0xe0, 0x0, 0x3f, 0x0, 0x0,
    0xa, 0x72, 0xe0, 0xb2, 0x0, 0x3f, 0x0, 0x0,
    0xe, 0x20, 0xf0, 0x1f, 0xff, 0xff, 0xff, 0xf7,
    0x19, 0x0, 0x10, 0x3, 0x33, 0x33, 0x33, 0x31,

    /* U+7D22 "索" */
    0x0, 0x0, 0x0, 0xe5, 0x0, 0x0, 0x0, 0xbf,
    0xff, 0xff, 0xff, 0xff, 0xff, 0xfb, 0x0, 0x0,
    0x0, 0xe5, 0x0, 0x0, 0x0, 0x33, 0x33, 0x33,
    0xe7, 0x33, 0x33, 0x33, 0xed, 0xcc, 0xcd, 0xec,
    0xcc, 0xcc, 0xde, 0xe3, 0x0, 0x5e, 0x60, 0x4,
    0x0, 0x4e, 0xa2, 0x3b, 0xa2, 0x14, 0xcc, 0x20,
    0x2a, 0x1, 0xfe, 0xcf, 0xfc, 0x41, 0x50, 0x0,
    0x0, 0x16, 0xb9, 0x30, 0x1, 0xba, 0x0, 0x2b,
    0xff, 0xcd, 0xde, 0xdd, 0xcc, 0xc1, 0x6, 0x55,
    0x21, 0x99, 0x1, 0x0, 0x85, 0x0, 0x6e, 0x30,
    0x99, 0x8, 0xe7, 0x0, 0x4c, 0xc2, 0x0, 0xa8,
    0x0, 0x2b, 0xd3, 0x66, 0x0, 0xaf, 0xe4, 0x0,
    0x0, 0x55, 0x0, 0x0, 0x0, 0x0, 0x0, 0x0,
    0x0,

    /* U+7DA0 "綠" */
    0x0, 0x1, 0x0, 0x0, 0x11, 0x0, 0x0, 0x0,
    0x0, 0xc, 0x40, 0x0, 0x9a, 0x0, 0x0, 0x0,
    0x0, 0x3c, 0x0, 0x0, 0xef, 0xff, 0xfa, 0x0,
    0x0, 0xa3, 0x56, 0x4, 0xe0, 0x0, 0xb7, 0x0,
    0x3, 0x91, 0xe3, 0xa, 0xec, 0xcc, 0xf3, 0x0,
    0x1d, 0xff, 0xa0, 0x3, 0x33, 0x37, 0xe0, 0x0,
    0x8, 0x5e, 0x21, 0x23, 0x33, 0x39, 0xb3, 0x30,
    0x0, 0xa7, 0x58, 0xad, 0xdd, 0xfe, 0xdd, 0xd1,
    0x6, 0xd3, 0x6e, 0x9, 0x10, 0xd9, 0x8, 0x50,
    0xe, 0xda, 0x7b, 0x26, 0xc0, 0xdf, 0xab, 0x0,
    0x2, 0x2, 0x24, 0x0, 0x72, 0xe9, 0xe0, 0x0,
    0xa, 0x3d, 0x2b, 0x1, 0x8d, 0xf3, 0xa9, 0x0,
    0xc, 0x1b, 0x2b, 0x6e, 0x80, 0xd3, 0x1d, 0xa0,
    0xd, 0x8, 0x20, 0x31, 0x0, 0xe3, 0x1, 0xa1,
    0x5, 0x0, 0x0, 0x0, 0xff, 0xd1, 0x0, 0x0,
    0x0, 0x0, 0x0, 0x0, 0x0, 0x0, 0x0, 0x0,

    /* U+7DE8 "編" */
    0x0, 0x6, 0x10, 0x0, 0x0, 0x80, 0x0, 0x0,
    0x1, 0xf2, 0x0, 0x0, 0xc, 0x50, 0x0, 0x0,
    0x7a, 0x0, 0x2e, 0xee, 0xff, 0xee, 0x60, 0xe,
    0x26, 0xc2, 0xd1, 0x11, 0x11, 0x87, 0x8, 0x80,
    0xe6, 0x2d, 0x0, 0x0, 0x8, 0x72, 0xfe, 0xed,
    0x2, 0xff, 0xff, 0xff, 0xf7, 0x5, 0x5f, 0x51,
    0x2d, 0x0, 0x0, 0x0, 0x0, 0xc, 0x88, 0x83,
    0xe3, 0x33, 0x33, 0x33, 0x8, 0xd2, 0x7c, 0x3f,
    0xeb, 0xeb, 0xfb, 0xf1, 0xfe, 0xca, 0xf5, 0xfa,
    0xc, 0xd, 0xe, 0x2, 0x1, 0x35, 0x7d, 0xa0,
    0xc0, 0xd0, 0xe0, 0xb5, 0xc6, 0x78, 0xbf, 0xef,
    0xef, 0xef, 0xd, 0x1e, 0x2c, 0xc9, 0xa0, 0xc0,
    0xd0, 0xe0, 0xe0, 0xd0, 0x4f, 0x5a, 0xc, 0xd,
    0xe, 0x39, 0x2, 0x1, 0x83, 0x90, 0x90, 0x98,
    0xd0,

    /* U+7E2B "縫" */
    0x0, 0x1, 0x0, 0x0, 0x0, 0x2, 0x0, 0x0,
    0x0, 0x1f, 0x10, 0x30, 0x0, 0x69, 0x0, 0x0,
    0x0, 0x6a, 0x0, 0xe1, 0x2, 0xee, 0xef, 0x40,
    0x0, 0xd3, 0x53, 0x87, 0x3d, 0xd0, 0x4d, 0x0,
    0x6, 0xa0, 0xd3, 0x3b, 0x34, 0x6b, 0xe3, 0x0,
    0x1e, 0xaa, 0xa0, 0x0, 0x0, 0x6f, 0xd3, 0x0,
    0x1a, 0x8f, 0x20, 0x77, 0x4d, 0xb3, 0x5e, 0xb0,
    0x0, 0x96, 0x94, 0x9f, 0x16, 0x3a, 0x73, 0x40,
    0x5, 0xc2, 0x99, 0xe, 0x9, 0xad, 0xba, 0x40,
    0x1f, 0xfc, 0x9d, 0xe, 0x4, 0x7c, 0xa7, 0x0,
    0x3, 0x0, 0x23, 0xe, 0x3, 0x6b, 0x96, 0x0,
    0xa, 0x2a, 0x66, 0xe, 0x39, 0x9d, 0xb9, 0x70,
    0xd, 0xd, 0x1b, 0x1f, 0x24, 0x4b, 0x74, 0x30,
    0x1d, 0xd, 0x7, 0xe9, 0xd6, 0x15, 0x31, 0x20,
    0x38, 0x5, 0xa, 0x50, 0x2a, 0xff, 0xff, 0xf2,
    0x0, 0x0, 0x0, 0x0, 0x0, 0x0, 0x0, 0x0,

    /* U+7E41 "繁" */
    0x0, 0x46, 0x0, 0x0, 0x0, 0x91, 0x0, 0x0,
    0x0, 0xcd, 0xdd, 0xdd, 0x53, 0xf6, 0x66, 0x61,
    0x8, 0xc0, 0x0, 0x0, 0xa, 0xff, 0xff, 0xf3,
    0xb, 0xcc, 0xdb, 0xcb, 0x4f, 0x90, 0x2d, 0x0,
    0x1, 0xc2, 0x48, 0x4a, 0x65, 0xd3, 0xb6, 0x0,
    0xb, 0xfa, 0xda, 0xcd, 0x80, 0x3f, 0xb0, 0x0,
    0x0, 0xe0, 0x56, 0x77, 0x3, 0xcb, 0xe7, 0x0,
    0x1, 0xbb, 0xbb, 0xeb, 0x8d, 0x50, 0x2b, 0xf3,
    0x0, 0x0, 0x3a, 0xb2, 0x6, 0xb0, 0x0, 0x10,
    0x0, 0xb, 0xfe, 0xdf, 0xfa, 0x46, 0x0, 0x0,
    0x0, 0x1, 0x4a, 0xd8, 0x20, 0x2b, 0xd3, 0x0,
    0x0, 0xae, 0xff, 0xee, 0xfd, 0xcb, 0xae, 0x40,
    0x0, 0x43, 0x86, 0x3, 0xf0, 0x37, 0x12, 0x10,
    0x2, 0x7d, 0xb2, 0x3, 0xf0, 0x17, 0xdb, 0x30,
    0x6, 0x92, 0x3, 0xff, 0xa0, 0x0, 0x5, 0x70,
    0x0, 0x0, 0x0, 0x0, 0x0, 0x0, 0x0, 0x0,

    /* U+7EBF "线" */
    0x0, 0x1b, 0x0, 0x0, 0x6b, 0x27, 0x0, 0x0,
    0x7, 0xb0, 0x0, 0x6, 0xb0, 0x8e, 0x20, 0x0,
    0xe3, 0x0, 0x0, 0x5c, 0x1, 0x53, 0x0, 0x8a,
    0x6, 0x34, 0x8c, 0xff, 0xfc, 0x80, 0x3e, 0x12,
    0xf3, 0x78, 0x8e, 0x10, 0x0, 0xc, 0xff, 0xf8,
    0x0, 0x2, 0xf0, 0x14, 0x60, 0x21, 0x7c, 0x0,
    0x25, 0x9f, 0xef, 0xc9, 0x10, 0x4e, 0x20, 0xe,
    0xb8, 0xe5, 0x0, 0x50, 0x3f, 0xcb, 0xe5, 0x0,
    0xb, 0x70, 0x7d, 0x9, 0xb7, 0x41, 0x0, 0x0,
    0x7b, 0x7e, 0x20, 0x0, 0x0, 0x33, 0x0, 0x4,
    0xfd, 0x10, 0x2, 0x6a, 0xee, 0x60, 0x8, 0xff,
    0x70, 0x43, 0xbb, 0x72, 0x3, 0xaf, 0xb3, 0x4f,
    0x59, 0x60, 0x0, 0x0, 0x29, 0x20, 0x0, 0x6e,
    0xd1,

    /* U+7ED3 "结" */
    0x0, 0x8, 0x60, 0x0, 0x0, 0xc6, 0x0, 0x0,
    0x0, 0x1f, 0x40, 0x13, 0x33, 0xd8, 0x33, 0x30,
    0x0, 0x9b, 0x0, 0x6f, 0xff, 0xff, 0xff, 0xf0,
    0x3, 0xe1, 0xc, 0x20, 0x0, 0xc6, 0x0, 0x0,
    0x1d, 0xa6, 0xbc, 0x0, 0x0, 0xc6, 0x0, 0x0,
    0x3c, 0xac, 0xf2, 0xd, 0xdd, 0xfe, 0xdd, 0xa0,
    0x0, 0x2f, 0x60, 0x4, 0x44, 0x44, 0x44, 0x30,
    0x0, 0xd8, 0x1, 0x10, 0x0, 0x0, 0x0, 0x0,
    0x1c, 0xfc, 0xef, 0x59, 0xff, 0xff, 0xff, 0x50,
    0x1d, 0xa6, 0x30, 0xa, 0x92, 0x22, 0x2d, 0x60,
    0x0, 0x0, 0x0, 0xa, 0x80, 0x0, 0xd, 0x60,
    0x0, 0x4, 0x7b, 0x6a, 0x80, 0x0, 0xd, 0x60,
    0x3d, 0xff, 0xb8, 0x2a, 0xa5, 0x55, 0x5d, 0x60,
    0x16, 0x30, 0x0, 0xa, 0xec, 0xcc, 0xcf, 0x60,
    0x0, 0x0, 0x0, 0x0, 0x0, 0x0, 0x0, 0x0,

    /* U+7EDC "络" */
    0x0, 0x0, 0x20, 0x0, 0x8, 0x10, 0x0, 0x0,
    0x0, 0x7, 0xd0, 0x0, 0x3e, 0x0, 0x0, 0x0,
    0x0, 0xd, 0x50, 0x0, 0xcf, 0xff, 0xff, 0x70,
    0x0, 0x6d, 0x0, 0x7, 0xf4, 0x22, 0x4f, 0x30,
    0x0, 0xe4, 0xc, 0x9f, 0x9c, 0x0, 0xc8, 0x0,
    0xa, 0xc5, 0xad, 0x55, 0xa, 0xbc, 0xa0, 0x0,
    0xe, 0xcc, 0xf3, 0x0, 0x5, 0xff, 0x30, 0x0,
    0x0, 0xd, 0x70, 0x5, 0xce, 0x56, 0xea, 0x40,
    0x0, 0xaa, 0x25, 0x9d, 0x70, 0x0, 0x18, 0xe2,
    0xa, 0xff, 0xea, 0x15, 0xff, 0xff, 0xff, 0x30,
    0x9, 0x62, 0x0, 0x5, 0xc1, 0x11, 0x1e, 0x30,
    0x0, 0x0, 0x4, 0x25, 0xc0, 0x0, 0xe, 0x30,
    0x2, 0x6b, 0xfd, 0x45, 0xc0, 0x0, 0xe, 0x30,
    0xe, 0xb6, 0x20, 0x5, 0xff, 0xff, 0xff, 0x30,
    0x0, 0x0, 0x0, 0x5, 0xc1, 0x11, 0x1e, 0x30,
    0x0, 0x0, 0x0, 0x0, 0x0, 0x0, 0x0, 0x0,

    /* U+7EED "续" */
    0x0, 0x7, 0x70, 0x0, 0x1, 0xf1, 0x0, 0x0,
    0x0, 0xe, 0x30, 0xf, 0xff, 0xff, 0xff, 0x10,
    0x0, 0x6b, 0x0, 0x0, 0x2, 0xf1, 0x0, 0x0,
    0x0, 0xd2, 0x28, 0x24, 0x45, 0xf4, 0x44, 0x30,
    0x9, 0x81, 0xb7, 0x7c, 0xcc, 0xcc, 0xce, 0xb0,
    0x2f, 0xee, 0xd0, 0x2, 0x90, 0x85, 0xb, 0x50,
    0x1, 0x1e, 0x30, 0x12, 0x6c, 0xa7, 0x8, 0x0,
    0x0, 0xb7, 0x12, 0x3d, 0x61, 0xa7, 0x0, 0x0,
    0x8, 0xfd, 0xe7, 0x1, 0x80, 0xc6, 0x0, 0x0,
    0x1d, 0x83, 0x0, 0xef, 0xff, 0xff, 0xff, 0xf0,
    0x0, 0x0, 0x45, 0x0, 0x8, 0xc2, 0x0, 0x0,
    0x3, 0x8e, 0xc5, 0x0, 0x5f, 0x39, 0xc2, 0x0,
    0x2e, 0x93, 0x0, 0x8, 0xf5, 0x0, 0x6e, 0x30,
    0x0, 0x0, 0x0, 0xdb, 0x20, 0x0, 0x5, 0xe0,
    0x0, 0x0, 0x0, 0x10, 0x0, 0x0, 0x0, 0x10,

    /* U+7EFF "绿" */
    0x0, 0x6, 0x10, 0x0, 0x0, 0x0, 0x0, 0x0,
    0x0, 0x2f, 0x20, 0xf, 0xff, 0xff, 0xff, 0x0,
    0x0, 0x8c, 0x0, 0x0, 0x0, 0x0, 0x2e, 0x0,
    0x0, 0xe6, 0x0, 0x1, 0x22, 0x22, 0x4e, 0x0,
    0x7, 0xe0, 0x54, 0x8, 0xdd, 0xdd, 0xdd, 0x0,
    0x2f, 0x50, 0xe4, 0x0, 0x0, 0x0, 0x4c, 0x0,
    0x6f, 0xbf, 0xa0, 0xaf, 0xff, 0xff, 0xff, 0xf1,
    0x0, 0x5e, 0x10, 0x12, 0x11, 0xd5, 0x11, 0x20,
    0x2, 0xe3, 0x0, 0x2e, 0x50, 0xd3, 0xa, 0x90,
    0x2d, 0xec, 0xf5, 0x3, 0xe3, 0xd7, 0xc9, 0x0,
    0x3b, 0x73, 0x0, 0x0, 0x38, 0xff, 0x70, 0x0,
    0x0, 0x0, 0x22, 0x4, 0xd9, 0xe7, 0xe2, 0x0,
    0x15, 0x9d, 0xe5, 0xae, 0x40, 0xd3, 0x5e, 0x70,
    0x5d, 0x83, 0x0, 0x50, 0x0, 0xe3, 0x2, 0x80,
    0x0, 0x0, 0x0, 0x0, 0x4f, 0xd1, 0x0, 0x0,

    /* U+7F13 "缓" */
    0x0, 0x7, 0x40, 0x0, 0x2, 0x35, 0x79, 0x20,
    0x0, 0xe, 0x50, 0xde, 0xed, 0xca, 0x87, 0x20,
    0x0, 0x6d, 0x0, 0x27, 0x6, 0x80, 0xe, 0x30,
    0x0, 0xd6, 0x0, 0x1f, 0x4, 0xc0, 0x6c, 0x0,
    0x6, 0xd0, 0x3c, 0xb, 0x32, 0x91, 0xe4, 0x0,
    0x1e, 0x62, 0xc8, 0xcf, 0xff, 0xff, 0xff, 0xd0,
    0x5f, 0xef, 0xd0, 0x0, 0xf2, 0x0, 0x0, 0x0,
    0x0, 0x2e, 0x26, 0xee, 0xfe, 0xee, 0xee, 0xe1,
    0x1, 0xd5, 0x2, 0x15, 0xd1, 0x11, 0x11, 0x10,
    0x1c, 0xfd, 0xfa, 0x8, 0xfe, 0xee, 0xec, 0x0,
    0x2a, 0x63, 0x0, 0xd, 0xf3, 0x0, 0x98, 0x0,
    0x0, 0x0, 0x35, 0x3e, 0x6e, 0x24, 0xe1, 0x0,
    0x5, 0x9e, 0xd7, 0xc6, 0x6, 0xff, 0x30, 0x0,
    0x5e, 0x83, 0xa, 0xc0, 0x4c, 0xdd, 0xd6, 0x20,
    0x0, 0x0, 0x3c, 0x1d, 0xc6, 0x0, 0x6c, 0xf2,
    0x0, 0x0, 0x0, 0x0, 0x0, 0x0, 0x0, 0x0,

    /* U+7F16 "编" */
    0x0, 0x4, 0x40, 0x0, 0x0, 0x81, 0x0, 0x0,
    0x0, 0xb, 0x80, 0x0, 0x0, 0xb9, 0x0, 0x0,
    0x0, 0x2f, 0x10, 0x2e, 0xee, 0xff, 0xee, 0xd0,
    0x0, 0x9a, 0x0, 0x2e, 0x22, 0x22, 0x24, 0xe0,
    0x1, 0xf2, 0x4c, 0x2e, 0x0, 0x0, 0x2, 0xe0,
    0xa, 0xa2, 0xc6, 0x2f, 0xff, 0xff, 0xff, 0xe0,
    0xe, 0xde, 0xd0, 0x3e, 0x11, 0x11, 0x11, 0x0,
    0x0, 0xe, 0x30, 0x3f, 0xcc, 0xcc, 0xcc, 0xc0,
    0x0, 0x97, 0x1, 0x4e, 0xd2, 0xd2, 0xd2, 0xe1,
    0x5, 0xfc, 0xf9, 0x6c, 0xd0, 0xc0, 0xd0, 0xd1,
    0xe, 0xc8, 0x40, 0x8a, 0xd0, 0xc0, 0xd0, 0xd1,
    0x1, 0x0, 0x13, 0xc7, 0xfe, 0xfe, 0xfe, 0xf1,
    0x0, 0x5b, 0xe8, 0xf3, 0xd0, 0xc0, 0xd0, 0xd1,
    0xe, 0xa4, 0x7, 0xb1, 0xd0, 0xc0, 0xd0, 0xd0,
    0x0, 0x0, 0x5, 0x41, 0xd0, 0x60, 0x68, 0xd0,
    0x0, 0x0, 0x0, 0x0, 0x0, 0x0, 0x0, 0x0,

    /* U+7F1D "缝" */
    0x0, 0x1, 0x0, 0x0, 0x0, 0x11, 0x0, 0x0,
    0x0, 0xc, 0x71, 0x60, 0x0, 0xb5, 0x0, 0x0,
    0x0, 0x2f, 0x10, 0xe1, 0x8, 0xee, 0xef, 0x40,
    0x0, 0x99, 0x0, 0x98, 0x8e, 0xa0, 0x6c, 0x0,
    0x1, 0xe1, 0x57, 0x36, 0x20, 0x8c, 0xd1, 0x0,
    0xa, 0xa4, 0xd4, 0x0, 0x5, 0xda, 0xe8, 0x30,
    0xd, 0xce, 0xb8, 0xdb, 0x9a, 0x39, 0x27, 0xa0,
    0x0, 0x2e, 0x21, 0x4d, 0x4b, 0xbf, 0xcb, 0x60,
    0x0, 0xc6, 0x1, 0x3d, 0x1, 0x1e, 0x31, 0x0,
    0xa, 0xfd, 0xf8, 0x3d, 0x1d, 0xdf, 0xdd, 0x20,
    0x9, 0x73, 0x0, 0x3d, 0x12, 0x2e, 0x42, 0x20,
    0x0, 0x0, 0x25, 0x3d, 0x7b, 0xbf, 0xcb, 0x90,
    0x5, 0x9d, 0xf8, 0x7f, 0x20, 0xe, 0x20, 0x0,
    0xe, 0xc5, 0x6, 0xc4, 0xd6, 0x12, 0x1, 0x31,
    0x1, 0x0, 0xb, 0x20, 0x1a, 0xef, 0xff, 0xf2,
    0x0, 0x0, 0x0, 0x0, 0x0, 0x0, 0x0, 0x0,

    /* U+7F51 "网" */
    0x5f, 0xff, 0xff, 0xff, 0xff, 0xff, 0xfe, 0x5e,
    0x22, 0x22, 0x22, 0x22, 0x22, 0x5e, 0x5e, 0x0,
    0x4, 0x80, 0x0, 0x83, 0x4e, 0x5e, 0x34, 0x8,
    0x95, 0x0, 0xe2, 0x4e, 0x5e, 0x4e, 0x2b, 0x69,
    0xa1, 0xf0, 0x4e, 0x5e, 0x8, 0xcf, 0x20, 0xdb,
    0xc0, 0x4e, 0x5e, 0x0, 0xce, 0x0, 0x3f, 0x70,
    0x4e, 0x5e, 0x0, 0xaf, 0x30, 0x1f, 0xb0, 0x4e,
    0x5e, 0x1, 0xf8, 0xd0, 0x7c, 0xd5, 0x4e, 0x5e,
    0x9, 0xa0, 0xc3, 0xe4, 0x5d, 0x4e, 0x5e, 0x5f,
    0x20, 0xa, 0xb0, 0x6, 0x4e, 0x5e, 0xa5, 0x0,
    0x3d, 0x10, 0x0, 0x4e, 0x5e, 0x0, 0x0, 0x0,
    0x0, 0x21, 0x6e, 0x5e, 0x0, 0x0, 0x0, 0x0,
    0xdf, 0xf8, 0x0, 0x0, 0x0, 0x0, 0x0, 0x0,
    0x0,

    /* U+80F6 "胶" */
    0x0, 0x0, 0x0, 0x0, 0x1, 0xa1, 0x0, 0x0,
    0x1, 0xff, 0xff, 0x0, 0x0, 0xba, 0x0, 0x0,
    0x1, 0xf1, 0x1f, 0x15, 0x55, 0x8b, 0x55, 0x50,
    0x1, 0xf0, 0xf, 0x3e, 0xee, 0xee, 0xee, 0xe1,
    0x1, 0xf0, 0xf, 0x0, 0x33, 0x0, 0x81, 0x0,
    0x1, 0xff, 0xff, 0x0, 0xd6, 0x0, 0x9c, 0x0,
    0x1, 0xf2, 0x2f, 0xa, 0xb0, 0x0, 0xc, 0x90,
    0x2, 0xe0, 0xf, 0x9d, 0x90, 0x0, 0x66, 0xe3,
    0x2, 0xe1, 0x1f, 0x31, 0xc6, 0x0, 0xe5, 0x20,
    0x3, 0xff, 0xff, 0x0, 0x5d, 0x5, 0xe0, 0x0,
    0x4, 0xc0, 0xf, 0x0, 0xb, 0x9e, 0x50, 0x0,
    0x6, 0xa0, 0xf, 0x0, 0x2, 0xfc, 0x0, 0x0,
    0x9, 0x80, 0xf, 0x0, 0x2d, 0xcf, 0x90, 0x0,
    0xd, 0x40, 0x2f, 0x17, 0xf9, 0x2, 0xdd, 0x60,
    0x1e, 0x5, 0xfb, 0xac, 0x30, 0x0, 0x7, 0xe2,
    0x0, 0x0, 0x0, 0x0, 0x0, 0x0, 0x0, 0x0,

    /* U+81A0 "膠" */
    0xa, 0xff, 0xf0, 0xee, 0xee, 0xbe, 0xef, 0x20,
    0xa5, 0x1f, 0x3, 0x11, 0xe3, 0x10, 0xd2, 0xa,
    0x40, 0xf0, 0x4d, 0x2e, 0x4d, 0x1d, 0x20, 0xa5,
    0x1f, 0x0, 0x4a, 0xe0, 0x6c, 0xf2, 0xa, 0xff,
    0xf0, 0x9d, 0x6e, 0x9c, 0x3d, 0x20, 0xa4, 0xf,
    0x4, 0x0, 0xcb, 0x0, 0xb1, 0xa, 0x40, 0xf0,
    0x0, 0x6d, 0xc7, 0x0, 0x0, 0xb5, 0x2f, 0x2,
    0xbc, 0x11, 0x9d, 0x60, 0xb, 0xff, 0xf5, 0xf7,
    0x1a, 0x70, 0x4c, 0xb0, 0xd1, 0xf, 0x1, 0x6c,
    0x52, 0x90, 0x1, 0xe, 0x0, 0xf0, 0x2, 0x18,
    0xc3, 0x53, 0x1, 0xe0, 0xf, 0x0, 0x7c, 0x61,
    0x8d, 0x10, 0x5a, 0x0, 0xf0, 0x0, 0x28, 0xe8,
    0x0, 0x8, 0x58, 0xfa, 0x5, 0xdc, 0x70, 0x0,
    0x0, 0x0, 0x0, 0x0, 0x1, 0x0, 0x0, 0x0,
    0x0,

    /* U+827A "艺" */
    0x0, 0x0, 0x5d, 0x0, 0x0, 0xd5, 0x0, 0x0,
    0xee, 0xee, 0xfe, 0xee, 0xef, 0xee, 0xec, 0x4,
    0x44, 0x8e, 0x44, 0x44, 0xe8, 0x44, 0x30, 0x0,
    0x3, 0x90, 0x0, 0x9, 0x30, 0x0, 0x0, 0x0,
    0x0, 0x0, 0x0, 0x0, 0x0, 0x0, 0x7, 0xff,
    0xff, 0xff, 0xff, 0xf5, 0x0, 0x0, 0x12, 0x22,
    0x22, 0x5e, 0xe6, 0x0, 0x0, 0x0, 0x0, 0x0,
    0x7f, 0xa1, 0x0, 0x0, 0x0, 0x0, 0x2, 0xcd,
    0x40, 0x0, 0x0, 0x0, 0x0, 0x5, 0xf9, 0x0,
    0x0, 0x0, 0x0, 0x0, 0x6, 0xf5, 0x0, 0x0,
    0x0, 0x2, 0x40, 0x1, 0xf4, 0x0, 0x0, 0x0,
    0x0, 0x5c, 0x0, 0x2f, 0x52, 0x22, 0x22, 0x22,
    0x3b, 0x90, 0x0, 0x7d, 0xff, 0xff, 0xff, 0xff,
    0xd2,

    /* U+83EF "華" */
    0x1, 0x22, 0x6d, 0x22, 0x22, 0xe5, 0x22, 0x20,
    0xe, 0xff, 0xff, 0xff, 0xff, 0xff, 0xff, 0xf0,
    0x0, 0x0, 0x5c, 0x0, 0x0, 0xe4, 0x0, 0x0,
    0x0, 0xbc, 0xde, 0xcc, 0xcc, 0xec, 0xcc, 0x10,
    0x0, 0x46, 0xe4, 0x4b, 0xa4, 0x4e, 0x74, 0x0,
    0x0, 0x3, 0xe0, 0xa, 0x80, 0xd, 0x40, 0x0,
    0x1f, 0xff, 0xff, 0xff, 0xff, 0xff, 0xff, 0xf2,
    0x1, 0x14, 0xe1, 0x1a, 0x91, 0x1d, 0x41, 0x10,
    0x0, 0x25, 0xe2, 0x2a, 0x92, 0x2e, 0x52, 0x0,
    0x3, 0xee, 0xee, 0xef, 0xfe, 0xee, 0xee, 0x50,
    0x0, 0x0, 0x0, 0xa, 0x80, 0x0, 0x0, 0x0,
    0xe, 0xff, 0xff, 0xff, 0xff, 0xff, 0xff, 0xf0,
    0x1, 0x11, 0x11, 0x1a, 0x91, 0x11, 0x11, 0x10,
    0x0, 0x0, 0x0, 0xa, 0x80, 0x0, 0x0, 0x0,

    /* U+84DD "蓝" */
    0x1, 0x11, 0x6d, 0x11, 0x11, 0xd6, 0x11, 0x10,
    0xf, 0xff, 0xff, 0xff, 0xff, 0xff, 0xff, 0xf1,
    0x0, 0x0, 0x4b, 0x0, 0x0, 0xc5, 0x0, 0x0,
    0x0, 0x41, 0xb, 0x30, 0xd, 0x30, 0x0, 0x0,
    0x0, 0xd4, 0xe, 0x40, 0x4f, 0xff, 0xff, 0x70,
    0x0, 0xd4, 0xe, 0x40, 0xb7, 0x47, 0x11, 0x0,
    0x0, 0xd4, 0xe, 0x45, 0xe0, 0x2e, 0x30, 0x0,
    0x0, 0xd4, 0xe, 0x43, 0x40, 0x6, 0xd0, 0x0,
    0x0, 0x10, 0x7, 0x10, 0x0, 0x0, 0x60, 0x0,
    0x0, 0x6f, 0xff, 0xff, 0xff, 0xff, 0xf8, 0x0,
    0x0, 0x6a, 0x1, 0xe0, 0xe, 0x20, 0x99, 0x0,
    0x0, 0x6a, 0x1, 0xe0, 0xe, 0x20, 0x99, 0x0,
    0x0, 0x7a, 0x2, 0xe0, 0xe, 0x30, 0x99, 0x0,
    0x3f, 0xff, 0xff, 0xff, 0xff, 0xff, 0xff, 0xf3,

    /* U+85CD "藍" */
    0xd, 0xff, 0xff, 0xff, 0xff, 0xff, 0xff, 0xf4,
    0x0, 0x0, 0x4d, 0x0, 0x0, 0xc6, 0x0, 0x0,
    0x1, 0xbb, 0xbb, 0xbb, 0x12, 0xc0, 0x0, 0x0,
    0x2, 0xe6, 0x8d, 0x66, 0x7, 0xd0, 0x0, 0x0,
    0x2, 0xe8, 0x9e, 0x86, 0xc, 0xff, 0xff, 0x80,
    0x2, 0xe3, 0x33, 0x6c, 0x2f, 0x24, 0x0, 0x0,
    0x2, 0xfb, 0xbc, 0xcb, 0xb9, 0xc, 0x50, 0x0,
    0x2, 0xd1, 0x4c, 0x11, 0x60, 0x3, 0xd0, 0x0,
    0x1, 0x99, 0x99, 0x99, 0x20, 0x0, 0x70, 0x0,
    0x0, 0x3c, 0xcc, 0xcc, 0xcc, 0xcc, 0xc8, 0x0,
    0x0, 0x4d, 0x23, 0xf2, 0x2e, 0x52, 0x9b, 0x0,
    0x0, 0x4c, 0x1, 0xf0, 0xd, 0x30, 0x8b, 0x0,
    0x0, 0x4c, 0x1, 0xf0, 0xd, 0x30, 0x8b, 0x0,
    0x1f, 0xff, 0xff, 0xff, 0xff, 0xff, 0xff, 0xf8,

    /* U+85CF "藏" */
    0x0, 0x11, 0x3f, 0x11, 0x11, 0xf3, 0x11, 0x10,
    0xe, 0xff, 0xff, 0xff, 0xff, 0xff, 0xff, 0xf0,
    0x0, 0x0, 0x3f, 0x0, 0x0, 0xf6, 0x49, 0x10,
    0x8, 0x53, 0xcd, 0xcc, 0xcc, 0xef, 0xce, 0xd2,
    0x9, 0x64, 0xc4, 0x44, 0x44, 0x6e, 0x44, 0x40,
    0x9, 0x88, 0xb5, 0xbb, 0xbb, 0x4e, 0x6, 0x50,
    0x5, 0x9b, 0xb7, 0x74, 0xb1, 0xf, 0xc, 0x40,
    0x0, 0x4, 0xb7, 0xdd, 0xec, 0x2f, 0x2f, 0x0,
    0x3e, 0xee, 0xa7, 0x60, 0xa, 0x3d, 0xab, 0x0,
    0x6, 0x97, 0xa7, 0xdc, 0xce, 0x3b, 0xf4, 0x0,
    0x7, 0x78, 0x87, 0x63, 0xa0, 0x8, 0xc0, 0x0,
    0xb, 0x3a, 0x57, 0x74, 0xb1, 0x1d, 0xd0, 0x40,
    0x3b, 0xe, 0x15, 0xcc, 0xcc, 0xdc, 0xe6, 0xb3,
    0x0, 0x2a, 0x0, 0x0, 0x6, 0xa0, 0x4e, 0xc0,
    0x0, 0x0, 0x0, 0x0, 0x0, 0x0, 0x0, 0x0,

    /* U+865F "號" */
    0x5, 0xfe, 0xef, 0x40, 0x0, 0x4d, 0x11, 0x10,
    0x5, 0x90, 0xa, 0x40, 0x0, 0x4f, 0xee, 0xe0,
    0x5, 0x90, 0xa, 0x40, 0x0, 0x4d, 0x0, 0x0,
    0x5, 0xa3, 0x3b, 0x4b, 0xed, 0xee, 0xdd, 0xe8,
    0x3, 0xbb, 0xbb, 0x3b, 0x40, 0x6a, 0x0, 0xa6,
    0x1, 0x11, 0x11, 0x1b, 0x78, 0xce, 0xd8, 0x92,
    0x1f, 0xff, 0xff, 0xab, 0x64, 0x8a, 0x0, 0x90,
    0x0, 0xd3, 0x0, 0xb, 0x40, 0x4f, 0xcc, 0xe0,
    0x0, 0xf7, 0x77, 0xc, 0x30, 0x1, 0x22, 0x0,
    0x2, 0x88, 0x9f, 0xd, 0x29, 0xff, 0xf2, 0x0,
    0x0, 0x0, 0x2d, 0xf, 0xb, 0xc0, 0xc2, 0x0,
    0x0, 0x0, 0x4b, 0x3c, 0xe, 0x80, 0xc2, 0x37,
    0x0, 0x0, 0x99, 0x88, 0x6f, 0x10, 0xc4, 0x69,
    0x0, 0x7f, 0xe3, 0xd3, 0xe4, 0x0, 0x8f, 0xf4,
    0x0, 0x0, 0x0, 0x0, 0x0, 0x0, 0x0, 0x0,

    /* U+87A2 "螢" */
    0x0, 0x30, 0xf0, 0x10, 0x11, 0x5c, 0x2, 0x0,
    0x3c, 0x3d, 0x1d, 0x2a, 0x58, 0x92, 0xd2, 0xa,
    0x29, 0xc6, 0x34, 0x91, 0xe9, 0x62, 0x0, 0x29,
    0xd8, 0xe5, 0x16, 0xd8, 0xad, 0x40, 0x2c, 0x70,
    0x2, 0x64, 0xa3, 0x0, 0x4d, 0x10, 0xcf, 0xff,
    0xff, 0xff, 0xff, 0xff, 0xf4, 0xd, 0x50, 0x0,
    0x8, 0x20, 0x0, 0xe, 0x40, 0xa5, 0xcc, 0xcc,
    0xfd, 0xcc, 0xc7, 0xb3, 0x0, 0x1f, 0x33, 0x3e,
    0x63, 0x38, 0xa0, 0x0, 0x1, 0xf0, 0x0, 0xe4,
    0x0, 0x6a, 0x0, 0x0, 0x1f, 0xee, 0xef, 0xee,
    0xef, 0xa0, 0x0, 0x0, 0x0, 0x0, 0xe4, 0x0,
    0xc5, 0x0, 0x0, 0x0, 0x11, 0x2e, 0x63, 0x38,
    0xf5, 0x0, 0xaf, 0xff, 0xfe, 0xed, 0xdc, 0xcb,
    0xf4, 0x0, 0x0, 0x0, 0x0, 0x0, 0x0, 0x4,
    0x10,

    /* U+884D "衍" */
    0x0, 0x5, 0x60, 0x20, 0x0, 0x0, 0x0, 0x0,
    0x0, 0x2f, 0x31, 0xe9, 0x6, 0xff, 0xff, 0xe0,
    0x2, 0xe7, 0x0, 0x1c, 0x90, 0x11, 0x11, 0x10,
    0x2e, 0x80, 0x40, 0x1, 0x10, 0x0, 0x0, 0x0,
    0x6, 0x5, 0xe0, 0x0, 0x0, 0x0, 0x0, 0x0,
    0x0, 0x1e, 0x74, 0x40, 0x1, 0x22, 0x22, 0x20,
    0x0, 0xcf, 0x6, 0xeb, 0x1b, 0xff, 0xff, 0xf1,
    0xb, 0xfe, 0x0, 0x19, 0x10, 0x0, 0xf2, 0x0,
    0x3d, 0x5e, 0x0, 0x0, 0x10, 0x0, 0xf2, 0x0,
    0x0, 0x4e, 0x0, 0x2, 0xd0, 0x0, 0xf2, 0x0,
    0x0, 0x4e, 0x0, 0xb, 0x70, 0x0, 0xf2, 0x0,
    0x0, 0x4e, 0x0, 0x4e, 0x0, 0x0, 0xf2, 0x0,
    0x0, 0x4e, 0x0, 0xd6, 0x0, 0x0, 0xf2, 0x0,
    0x0, 0x4e, 0x7, 0xd0, 0x0, 0x33, 0xf2, 0x0,
    0x0, 0x4e, 0x2, 0x30, 0x0, 0xde, 0xb0, 0x0,

    /* U+8861 "衡" */
    0x0, 0x2, 0x0, 0x20, 0x0, 0x0, 0x0, 0x0,
    0x0, 0x8c, 0x0, 0xf1, 0x0, 0x1, 0x44, 0x30,
    0x4, 0xe2, 0x7, 0xff, 0xf9, 0x4, 0xdd, 0xc0,
    0x3e, 0x33, 0x2e, 0x30, 0xd3, 0x0, 0x0, 0x0,
    0x3, 0x1f, 0xef, 0xee, 0xfe, 0x80, 0x0, 0x0,
    0x0, 0x9a, 0x6d, 0xa, 0x35, 0x95, 0x77, 0x71,
    0x2, 0xf5, 0x1d, 0x3b, 0x67, 0x9b, 0xff, 0xf3,
    0xc, 0xf4, 0x1f, 0xae, 0xbc, 0x90, 0x2e, 0x0,
    0x7d, 0xd4, 0x1d, 0xa, 0x35, 0x90, 0x2e, 0x0,
    0x12, 0xc4, 0x1d, 0xdd, 0xdd, 0x80, 0x2e, 0x0,
    0x0, 0xc4, 0x0, 0xb, 0x40, 0x0, 0x2e, 0x0,
    0x0, 0xc4, 0x9f, 0xff, 0xff, 0xf0, 0x2e, 0x0,
    0x0, 0xc4, 0x0, 0x7d, 0xd4, 0x0, 0x2e, 0x0,
    0x0, 0xc4, 0x18, 0xe2, 0x2d, 0x61, 0x4e, 0x0,
    0x0, 0xc4, 0x78, 0x10, 0x1, 0x17, 0xe8, 0x0,

    /* U+89B3 "観" */
    0x0, 0x56, 0x0, 0x0, 0x0, 0x0, 0x0, 0x0,
    0x0, 0xc6, 0x0, 0x0, 0x7f, 0xff, 0xff, 0x30,
    0x4, 0xff, 0xff, 0xf8, 0x78, 0x0, 0xa, 0x30,
    0x1d, 0x63, 0x70, 0x0, 0x78, 0x0, 0xa, 0x30,
    0xa, 0x5b, 0xa5, 0x55, 0x7f, 0xee, 0xef, 0x30,
    0x8, 0x9e, 0x9b, 0x87, 0x78, 0x0, 0xa, 0x30,
    0x0, 0xa7, 0x3e, 0x11, 0x7e, 0xcc, 0xce, 0x30,
    0x5, 0xfe, 0xef, 0xec, 0x7a, 0x33, 0x3b, 0x30,
    0x2f, 0xf0, 0x2d, 0x0, 0x78, 0x0, 0xa, 0x30,
    0x4, 0xfd, 0xef, 0xd6, 0x7f, 0xff, 0xff, 0x30,
    0x0, 0xf0, 0x2d, 0x0, 0x5, 0xa1, 0xf0, 0x0,
    0x0, 0xfd, 0xef, 0xd7, 0x8, 0x81, 0xf0, 0x0,
    0x0, 0xf0, 0x2d, 0x0, 0xd, 0x41, 0xf0, 0xa3,
    0x0, 0xff, 0xff, 0xfd, 0x8c, 0x0, 0xf0, 0xc2,
    0x0, 0xf0, 0x0, 0x7, 0xd2, 0x0, 0xdf, 0xd0,
    0x0, 0x0, 0x0, 0x0, 0x0, 0x0, 0x0, 0x0,

    /* U+89C2 "观" */
    0x2, 0x22, 0x22, 0xd, 0xff, 0xff, 0xff, 0x20,
    0x4f, 0xff, 0xff, 0x3d, 0x50, 0x0, 0xf, 0x20,
    0x0, 0x0, 0xf, 0x1d, 0x50, 0x30, 0xf, 0x20,
    0x4, 0x0, 0x3e, 0xd, 0x50, 0xf1, 0xf, 0x20,
    0x1e, 0x60, 0x6b, 0xd, 0x50, 0xf1, 0xf, 0x20,
    0x4, 0xf1, 0xa8, 0xd, 0x50, 0xf1, 0xf, 0x20,
    0x0, 0xab, 0xf4, 0xd, 0x50, 0xf1, 0xf, 0x20,
    0x0, 0x1e, 0xe0, 0xd, 0x52, 0xf0, 0xf, 0x20,
    0x0, 0xb, 0xe0, 0x5, 0x25, 0xe4, 0x6, 0x10,
    0x0, 0x3e, 0xb7, 0x0, 0xa, 0xad, 0x0, 0x0,
    0x0, 0xc7, 0x4e, 0x0, 0x2e, 0x5d, 0x0, 0x81,
    0x8, 0xd0, 0xa, 0x11, 0xd5, 0x4d, 0x0, 0xd2,
    0x5f, 0x30, 0x0, 0x3d, 0x80, 0x4d, 0x0, 0xe0,
    0x4, 0x0, 0x3, 0xf6, 0x0, 0x1d, 0xef, 0xa0,
    0x0, 0x0, 0x0, 0x10, 0x0, 0x0, 0x0, 0x0,

    /* U+89C6 "视" */
    0x0, 0x27, 0x0, 0x0, 0x0, 0x0, 0x0, 0x0,
    0x0, 0x1e, 0x60, 0xe, 0xff, 0xff, 0xff, 0x40,
    0x0, 0x4, 0xa0, 0xe, 0x40, 0x0, 0xe, 0x40,
    0xd, 0xdd, 0xdd, 0x1e, 0x30, 0x81, 0xe, 0x40,
    0x3, 0x33, 0x7d, 0xe, 0x30, 0xe3, 0xe, 0x40,
    0x0, 0x0, 0xd6, 0xe, 0x30, 0xe3, 0xe, 0x40,
    0x0, 0x9, 0xc0, 0xe, 0x30, 0xe3, 0xe, 0x40,
    0x0, 0x7f, 0xd1, 0xe, 0x30, 0xf2, 0xe, 0x40,
    0x8, 0xff, 0xbc, 0xe, 0x31, 0xf0, 0xe, 0x40,
    0x3f, 0x4e, 0x3b, 0x26, 0x15, 0xf6, 0x6, 0x10,
    0x1, 0xe, 0x30, 0x0, 0xb, 0xda, 0x0, 0x0,
    0x0, 0xe, 0x30, 0x0, 0x4e, 0x7a, 0x0, 0x91,
    0x0, 0xe, 0x30, 0x3, 0xe5, 0x6a, 0x0, 0xe1,
    0x0, 0xe, 0x30, 0x6f, 0x60, 0x6c, 0x23, 0xe0,
    0x0, 0xe, 0x31, 0xc4, 0x0, 0x1b, 0xcc, 0x60,
    0x0, 0x0, 0x0, 0x0, 0x0, 0x0, 0x0, 0x0,

    /* U+8A02 "訂" */
    0x0, 0x17, 0x0, 0x0, 0x0, 0x0, 0x0, 0x0,
    0x0, 0xe, 0x40, 0x3, 0x44, 0x44, 0x44, 0x41,
    0x0, 0x5, 0x60, 0xa, 0xee, 0xee, 0xfe, 0xe5,
    0x2e, 0xee, 0xee, 0xd0, 0x0, 0x4, 0xe0, 0x0,
    0x1, 0x11, 0x11, 0x10, 0x0, 0x4, 0xe0, 0x0,
    0x5, 0xdd, 0xdd, 0x50, 0x0, 0x4, 0xe0, 0x0,
    0x1, 0x22, 0x22, 0x0, 0x0, 0x4, 0xe0, 0x0,
    0x5, 0xbb, 0xbb, 0x40, 0x0, 0x4, 0xe0, 0x0,
    0x1, 0x33, 0x33, 0x10, 0x0, 0x4, 0xe0, 0x0,
    0x1, 0x22, 0x22, 0x0, 0x0, 0x4, 0xe0, 0x0,
    0x7, 0xed, 0xdf, 0x50, 0x0, 0x4, 0xe0, 0x0,
    0x7, 0x90, 0xb, 0x50, 0x0, 0x4, 0xe0, 0x0,
    0x7, 0x90, 0xb, 0x50, 0x0, 0x4, 0xe0, 0x0,
    0x7, 0xff, 0xff, 0x50, 0x12, 0x26, 0xe0, 0x0,
    0x7, 0x90, 0x0, 0x0, 0x2f, 0xff, 0x80, 0x0,
    0x0, 0x0, 0x0, 0x0, 0x0, 0x0, 0x0, 0x0,

    /* U+8A5E "詞" */
    0x0, 0x28, 0x0, 0x0, 0x0, 0x0, 0x0, 0x0,
    0x0, 0xe3, 0x4, 0xff, 0xff, 0xff, 0xfe, 0x0,
    0x6, 0x40, 0x1, 0x11, 0x11, 0x14, 0xe1, 0xdd,
    0xdd, 0xd7, 0x0, 0x0, 0x0, 0x2e, 0x4, 0x44,
    0x44, 0x2e, 0xff, 0xff, 0xd2, 0xe0, 0x4a, 0xaa,
    0xa0, 0x0, 0x0, 0x0, 0x2e, 0x1, 0x33, 0x33,
    0x4, 0xcc, 0xcc, 0x2, 0xe0, 0x5b, 0xbb, 0xb0,
    0x5b, 0x33, 0xf1, 0x2e, 0x1, 0x33, 0x33, 0x5,
    0xa0, 0xf, 0x12, 0xe0, 0x49, 0x99, 0x90, 0x5a,
    0x0, 0xf1, 0x2e, 0x7, 0xc6, 0x6f, 0x5, 0xed,
    0xdf, 0x12, 0xe0, 0x79, 0x0, 0xf0, 0x5b, 0x33,
    0x30, 0x2e, 0x7, 0x90, 0xf, 0x2, 0x50, 0x0,
    0x2, 0xe0, 0x7f, 0xff, 0xf0, 0x0, 0x0, 0x0,
    0x3e, 0x7, 0x90, 0x0, 0x0, 0x0, 0x9, 0xff,
    0xa0, 0x0, 0x0, 0x0, 0x0, 0x0, 0x13, 0x20,

    /* U+8BA4 "认" */
    0x1, 0x70, 0x0, 0x0, 0xd, 0x50, 0x0, 0x0,
    0x1c, 0xb0, 0x0, 0x0, 0xd5, 0x0, 0x0, 0x0,
    0x1c, 0x80, 0x0, 0xd, 0x50, 0x0, 0x0, 0x0,
    0x0, 0x0, 0x0, 0xe4, 0x0, 0x0, 0x23, 0x32,
    0x0, 0x0, 0xf, 0x30, 0x0, 0xf, 0xff, 0xd0,
    0x0, 0x0, 0xf5, 0x0, 0x0, 0x0, 0x4d, 0x0,
    0x0, 0x2f, 0x80, 0x0, 0x0, 0x4, 0xd0, 0x0,
    0x5, 0xfc, 0x0, 0x0, 0x0, 0x4d, 0x0, 0x0,
    0x8b, 0xf1, 0x0, 0x0, 0x4, 0xd0, 0x0, 0xc,
    0x6a, 0x70, 0x0, 0x0, 0x4d, 0x1a, 0x3, 0xf1,
    0x4e, 0x10, 0x0, 0x5, 0xff, 0x80, 0xc9, 0x0,
    0xc9, 0x0, 0x0, 0xbe, 0x40, 0x8e, 0x10, 0x2,
    0xf6, 0x0, 0x7, 0x10, 0x7e, 0x30, 0x0, 0x5,
    0xf5, 0x0, 0x0, 0x0, 0x20, 0x0, 0x0, 0x2,
    0x0,

    /* U+8BBE "设" */
    0x0, 0x10, 0x0, 0x0, 0x0, 0x0, 0x0, 0x0,
    0x0, 0xc9, 0x0, 0x2, 0xff, 0xff, 0xe0, 0x0,
    0x0, 0x1e, 0x90, 0x2, 0xf1, 0x14, 0xe0, 0x0,
    0x0, 0x2, 0xd0, 0x3, 0xe0, 0x3, 0xe0, 0x0,
    0x0, 0x0, 0x0, 0x7, 0xb0, 0x3, 0xe0, 0x0,
    0x3, 0x33, 0x0, 0x2e, 0x40, 0x2, 0xf5, 0x50,
    0x3f, 0xff, 0x24, 0xf8, 0x0, 0x0, 0x8b, 0xb1,
    0x0, 0xf, 0x20, 0x62, 0x22, 0x22, 0x22, 0x0,
    0x0, 0xf, 0x20, 0xcf, 0xff, 0xff, 0xff, 0x30,
    0x0, 0xf, 0x20, 0xe, 0x30, 0x0, 0x7d, 0x0,
    0x0, 0xf, 0x20, 0x6, 0xd0, 0x2, 0xf4, 0x0,
    0x0, 0xf, 0x24, 0x0, 0xbb, 0x2e, 0x80, 0x0,
    0x0, 0xf, 0xbe, 0x20, 0xd, 0xfa, 0x0, 0x0,
    0x0, 0x4f, 0xb1, 0x3, 0xbe, 0xbf, 0x92, 0x0,
    0x0, 0x88, 0x3, 0xee, 0x81, 0x3, 0xbf, 0xd1,
    0x0, 0x0, 0x0, 0x40, 0x0, 0x0, 0x1, 0x40,

    /* U+8BCD "词" */
    0x0, 0x10, 0x0, 0x0, 0x0, 0x0, 0x0, 0x0,
    0x1e, 0x40, 0xf, 0xff, 0xff, 0xff, 0xfd, 0x0,
    0x5f, 0x30, 0x11, 0x11, 0x11, 0x15, 0xd0, 0x0,
    0x7a, 0x0, 0x0, 0x0, 0x0, 0x4d, 0x0, 0x0,
    0x0, 0xef, 0xff, 0xff, 0x34, 0xd1, 0x66, 0x61,
    0x0, 0x11, 0x11, 0x10, 0x4d, 0x4f, 0xff, 0x30,
    0x1, 0x11, 0x10, 0x4, 0xd0, 0x0, 0xe3, 0x4,
    0xff, 0xff, 0x70, 0x4d, 0x0, 0xe, 0x30, 0x4c,
    0x0, 0xa7, 0x4, 0xd0, 0x0, 0xe3, 0x4, 0xc0,
    0xa, 0x70, 0x4d, 0x0, 0xe, 0x30, 0x4c, 0x11,
    0xa7, 0x4, 0xd0, 0x0, 0xe3, 0x55, 0xff, 0xff,
    0x60, 0x4d, 0x0, 0xf, 0xcb, 0x5c, 0x0, 0x0,
    0x4, 0xd0, 0x7, 0xf6, 0x0, 0x10, 0x0, 0x21,
    0x6d, 0x0, 0x32, 0x0, 0x0, 0x0, 0xf, 0xff,
    0x70, 0x0, 0x0, 0x0, 0x0, 0x0, 0x0, 0x0,

    /* U+8BD5 "试" */
    0x0, 0x73, 0x0, 0x0, 0x0, 0x4d, 0x57, 0x0,
    0x0, 0x5e, 0x50, 0x0, 0x0, 0x4d, 0xd, 0x50,
    0x0, 0x4, 0xb0, 0x11, 0x11, 0x4e, 0x13, 0x50,
    0x0, 0x0, 0xa, 0xff, 0xff, 0xff, 0xff, 0xf1,
    0x7, 0x77, 0x10, 0x11, 0x11, 0x2f, 0x11, 0x10,
    0x19, 0x9f, 0x30, 0x0, 0x0, 0x1f, 0x0, 0x0,
    0x0, 0xf, 0x30, 0xcd, 0xdd, 0x4f, 0x10, 0x0,
    0x0, 0xf, 0x30, 0x37, 0xd4, 0x1e, 0x30, 0x0,
    0x0, 0xf, 0x30, 0x4, 0xd0, 0xc, 0x50, 0x0,
    0x0, 0xf, 0x30, 0x4, 0xd0, 0xa, 0x80, 0x0,
    0x0, 0xf, 0x38, 0x4, 0xd3, 0x57, 0xb0, 0x81,
    0x0, 0xf, 0xed, 0x7b, 0xfe, 0x83, 0xf0, 0xd0,
    0x0, 0x7f, 0x61, 0xc8, 0x30, 0x0, 0xdc, 0xd0,
    0x0, 0x22, 0x0, 0x0, 0x0, 0x0, 0x4e, 0x60,

    /* U+8BED "语" */
    0x0, 0x0, 0x0, 0x0, 0x0, 0x0, 0x0, 0x0,
    0x2, 0xe2, 0x6, 0xff, 0xff, 0xff, 0xff, 0xa0,
    0x0, 0x7e, 0x20, 0x11, 0x4f, 0x11, 0x11, 0x0,
    0x0, 0x9, 0x90, 0x0, 0x6c, 0x0, 0x0, 0x0,
    0x0, 0x0, 0x0, 0xbf, 0xff, 0xff, 0xf9, 0x0,
    0x17, 0x77, 0x0, 0x1, 0xe6, 0x11, 0xa8, 0x0,
    0x29, 0x9f, 0x10, 0x2, 0xf1, 0x0, 0xb6, 0x0,
    0x0, 0xf, 0x1e, 0xff, 0xff, 0xff, 0xff, 0xf3,
    0x0, 0xf, 0x11, 0x22, 0x22, 0x22, 0x22, 0x20,
    0x0, 0xf, 0x10, 0x12, 0x22, 0x22, 0x22, 0x0,
    0x0, 0xf, 0x10, 0x9f, 0xee, 0xee, 0xef, 0x20,
    0x0, 0xf, 0x13, 0x98, 0x0, 0x0, 0xf, 0x20,
    0x0, 0xf, 0x9e, 0xb8, 0x0, 0x0, 0xf, 0x20,
    0x0, 0x4f, 0xb1, 0x9a, 0x33, 0x33, 0x4f, 0x20,
    0x0, 0x37, 0x0, 0x9e, 0xdd, 0xdd, 0xdf, 0x20,
    0x0, 0x0, 0x0, 0x0, 0x0, 0x0, 0x0, 0x0,

    /* U+8BF7 "请" */
    0x0, 0x80, 0x0, 0x0, 0x6, 0xc0, 0x0, 0x0,
    0x0, 0x9c, 0x11, 0xee, 0xef, 0xfe, 0xee, 0x80,
    0x0, 0xa, 0xa0, 0x0, 0x6, 0xc0, 0x0, 0x0,
    0x0, 0x0, 0x10, 0x9e, 0xee, 0xfe, 0xee, 0x10,
    0x3, 0x33, 0x0, 0x0, 0x6, 0xc0, 0x0, 0x0,
    0x4f, 0xff, 0x37, 0xee, 0xee, 0xee, 0xee, 0xe1,
    0x0, 0xe, 0x30, 0x13, 0x33, 0x33, 0x32, 0x0,
    0x0, 0xe, 0x30, 0x6e, 0xcc, 0xcc, 0xdd, 0x0,
    0x0, 0xe, 0x30, 0x6b, 0x0, 0x0, 0x5d, 0x0,
    0x0, 0xe, 0x30, 0x6f, 0xdd, 0xdd, 0xdd, 0x0,
    0x0, 0xe, 0x34, 0x6b, 0x0, 0x0, 0x4d, 0x0,
    0x0, 0xf, 0xdb, 0x6f, 0xdd, 0xdd, 0xed, 0x0,
    0x0, 0x5f, 0x80, 0x6b, 0x0, 0x0, 0x4d, 0x0,
    0x0, 0x34, 0x0, 0x6b, 0x0, 0x2f, 0xf8, 0x0,
    0x0, 0x0, 0x0, 0x0, 0x0, 0x0, 0x0, 0x0,

    /* U+8C03 "调" */
    0x0, 0x20, 0x0, 0x0, 0x0, 0x0, 0x0, 0x0,
    0x1e, 0x60, 0xd, 0xff, 0xff, 0xff, 0xfe, 0x0,
    0x3f, 0x60, 0xd4, 0x11, 0x11, 0x13, 0xe0, 0x0,
    0x5a, 0xd, 0x30, 0x3a, 0x0, 0x2e, 0x0, 0x0,
    0x0, 0xd3, 0xde, 0xfe, 0x72, 0xe1, 0x66, 0x60,
    0xd, 0x30, 0x3c, 0x0, 0x2e, 0x3f, 0xff, 0x20,
    0xd3, 0x4, 0xc0, 0x2, 0xe0, 0x0, 0xf2, 0xd,
    0x6d, 0xdd, 0xdd, 0x3e, 0x0, 0xf, 0x20, 0xe2,
    0x0, 0x0, 0x2, 0xe0, 0x0, 0xf2, 0xf, 0x1e,
    0xee, 0xf5, 0x2e, 0x0, 0xf, 0x21, 0xf0, 0xe0,
    0x9, 0x52, 0xe0, 0x0, 0xf2, 0x5c, 0xe, 0x0,
    0x95, 0x2e, 0x0, 0xf, 0xde, 0x80, 0xee, 0xee,
    0x42, 0xe0, 0x8, 0xf7, 0xd3, 0x6, 0x0, 0x0,
    0x3e, 0x0, 0x42, 0x2a, 0x0, 0x0, 0x5, 0xff,
    0x90, 0x0, 0x0, 0x0, 0x0, 0x0, 0x0, 0x0,

    /* U+8D08 "贈" */
    0x0, 0x0, 0x0, 0x5, 0x60, 0x0, 0x84, 0x0,
    0xef, 0xff, 0x30, 0x2f, 0x20, 0x3e, 0x10, 0xe,
    0x10, 0xc3, 0x8a, 0xeb, 0xad, 0xda, 0x50, 0xe1,
    0xc, 0x3d, 0x65, 0x5e, 0x55, 0xa8, 0xe, 0xee,
    0xf3, 0xd4, 0x90, 0xd0, 0xb8, 0x80, 0xe1, 0xc,
    0x3d, 0x2b, 0x1d, 0x2a, 0x78, 0xe, 0x10, 0xc3,
    0xd2, 0x32, 0xd3, 0x27, 0x80, 0xee, 0xef, 0x3d,
    0xdd, 0xdf, 0xdd, 0xe8, 0xe, 0x21, 0xc3, 0x12,
    0x22, 0x22, 0x22, 0x10, 0xe1, 0xc, 0x32, 0xff,
    0xff, 0xff, 0xd0, 0xd, 0xdd, 0xe3, 0x2f, 0x0,
    0x0, 0x3e, 0x0, 0x15, 0x23, 0x2, 0xfd, 0xdd,
    0xdd, 0xe0, 0x8, 0x74, 0xc0, 0x2f, 0x0, 0x0,
    0x3e, 0x0, 0xd1, 0xc, 0x42, 0xf3, 0x33, 0x35,
    0xe0, 0x38, 0x0, 0x33, 0x2f, 0xbb, 0xbb, 0xce,
    0x0, 0x0, 0x0, 0x0, 0x0, 0x0, 0x0, 0x0,

    /* U+8D34 "贴" */
    0xc, 0xff, 0xff, 0xe0, 0x0, 0xe3, 0x0, 0x0,
    0xc, 0x41, 0x13, 0xe0, 0x0, 0xe3, 0x0, 0x0,
    0xc, 0x34, 0x12, 0xe0, 0x0, 0xe5, 0x22, 0x20,
    0xc, 0x3d, 0x32, 0xe0, 0x0, 0xef, 0xff, 0xf1,
    0xc, 0x3d, 0x32, 0xe0, 0x0, 0xe3, 0x0, 0x0,
    0xc, 0x3d, 0x32, 0xe0, 0x0, 0xe3, 0x0, 0x0,
    0xc, 0x3d, 0x32, 0xe0, 0x0, 0xe3, 0x0, 0x0,
    0xc, 0x3d, 0x22, 0xe4, 0xff, 0xff, 0xff, 0xc0,
    0xc, 0x3e, 0x12, 0xe5, 0xb2, 0x22, 0x26, 0xd0,
    0x8, 0x3f, 0x1, 0x85, 0xb0, 0x0, 0x4, 0xd0,
    0x0, 0x5b, 0xa5, 0x5, 0xb0, 0x0, 0x4, 0xd0,
    0x0, 0xd5, 0x5e, 0x15, 0xb0, 0x0, 0x4, 0xd0,
    0xa, 0xc0, 0xa, 0xa5, 0xfd, 0xdd, 0xde, 0xd0,
    0x4c, 0x10, 0x1, 0x45, 0xc4, 0x44, 0x47, 0xd0,
    0x0, 0x0, 0x0, 0x0, 0x0, 0x0, 0x0, 0x0,

    /* U+8DF3 "跳" */
    0xc, 0xff, 0xfd, 0x0, 0x4d, 0xf, 0x10, 0x0,
    0xc, 0x30, 0x4d, 0x62, 0x4d, 0xf, 0x13, 0x70,
    0xc, 0x30, 0x4d, 0x8a, 0x4d, 0xf, 0x1a, 0xa0,
    0xc, 0x30, 0x4d, 0x1f, 0x6d, 0xf, 0x3f, 0x20,
    0xc, 0xff, 0xfd, 0xa, 0xbd, 0xf, 0xb8, 0x0,
    0x0, 0x1e, 0x20, 0x1, 0x4d, 0xf, 0x40, 0x0,
    0x8, 0x1e, 0x10, 0x0, 0x4d, 0xf, 0x50, 0x0,
    0xc, 0x2e, 0xfd, 0x2, 0xbc, 0xf, 0xf7, 0x0,
    0xc, 0x2e, 0x32, 0x8f, 0xcb, 0xf, 0x3d, 0x90,
    0xc, 0x2e, 0x12, 0xd3, 0x98, 0xf, 0x11, 0xb0,
    0xc, 0x2e, 0x12, 0x10, 0xd5, 0xf, 0x10, 0x0,
    0xc, 0x8f, 0xfe, 0x36, 0xe0, 0xf, 0x10, 0x91,
    0x7f, 0xb7, 0x30, 0x4f, 0x50, 0xf, 0x31, 0xe1,
    0x10, 0x0, 0x3, 0xf6, 0x0, 0xb, 0xff, 0xb0,
    0x0, 0x0, 0x0, 0x10, 0x0, 0x0, 0x0, 0x0,

    /* U+8F2F "輯" */
    0x0, 0x2, 0xe0, 0x0, 0x5f, 0xee, 0xee, 0xe0,
    0xc, 0xee, 0xfe, 0xe8, 0x5d, 0x0, 0x4, 0xe0,
    0x2, 0x24, 0xe2, 0x21, 0x5e, 0x88, 0x8a, 0xe0,
    0x1, 0x35, 0xf3, 0x31, 0x3b, 0xbb, 0xbb, 0xa0,
    0x7, 0xdb, 0xfb, 0xd7, 0x55, 0x55, 0x55, 0x53,
    0x7, 0x60, 0xd0, 0x98, 0xaf, 0x99, 0x9a, 0xf7,
    0x7, 0xed, 0xfd, 0xe5, 0x4e, 0x11, 0x15, 0xe0,
    0x7, 0x60, 0xd0, 0x95, 0x4f, 0xaa, 0xac, 0xe0,
    0x7, 0xee, 0xfe, 0xf5, 0x4e, 0x0, 0x4, 0xe0,
    0x0, 0x2, 0xe0, 0x0, 0x4f, 0xdd, 0xdd, 0xe0,
    0x1d, 0xdd, 0xfd, 0xdb, 0x4e, 0x0, 0x4, 0xe0,
    0x3, 0x35, 0xf3, 0x38, 0xaf, 0xab, 0xce, 0xfc,
    0x0, 0x2, 0xe0, 0x4, 0x76, 0x54, 0x35, 0xe0,
    0x0, 0x2, 0xe0, 0x0, 0x0, 0x0, 0x3, 0xd0,

    /* U+8F49 "轉" */
    0x0, 0xa, 0x60, 0x3, 0x44, 0xd7, 0x44, 0x40,
    0x4e, 0xef, 0xee, 0xc6, 0x88, 0xea, 0x88, 0x81,
    0x2, 0x2b, 0x72, 0x24, 0x99, 0xeb, 0x99, 0x60,
    0x3, 0x3b, 0x83, 0x27, 0xa7, 0xd9, 0x78, 0xc0,
    0xe, 0xbd, 0xcc, 0xb7, 0xb7, 0xda, 0x79, 0xc0,
    0xe, 0x19, 0x55, 0xb7, 0x82, 0xc6, 0x25, 0xc0,
    0xe, 0xbe, 0xcc, 0xb5, 0xbb, 0xed, 0xce, 0x80,
    0xe, 0x9, 0x43, 0xb3, 0x44, 0xd8, 0x6f, 0x70,
    0xe, 0xef, 0xee, 0xb7, 0x87, 0x77, 0xd8, 0xc2,
    0x0, 0xa, 0x60, 0x7, 0x77, 0x77, 0xfa, 0x72,
    0x6d, 0xdf, 0xed, 0xd7, 0xa6, 0x66, 0xf9, 0x62,
    0x13, 0x3b, 0x83, 0x30, 0xb8, 0x0, 0xf5, 0x0,
    0x0, 0xa, 0x60, 0x0, 0x1b, 0x0, 0xf5, 0x0,
    0x0, 0xa, 0x60, 0x0, 0x0, 0xef, 0xd2, 0x0,
    0x0, 0x0, 0x0, 0x0, 0x0, 0x0, 0x0, 0x0,

    /* U+8F6C "转" */
    0x0, 0x0, 0x0, 0x0, 0x0, 0x0, 0x0, 0x0,
    0x0, 0xa, 0x80, 0x0, 0x0, 0x5d, 0x0, 0x0,
    0x5, 0x5d, 0x85, 0x42, 0x44, 0xbb, 0x44, 0x30,
    0xc, 0xdf, 0xcc, 0xa7, 0xcc, 0xfd, 0xcc, 0x90,
    0x0, 0x6a, 0x30, 0x0, 0x2, 0xf0, 0x0, 0x0,
    0x0, 0xb4, 0xf3, 0x5, 0x59, 0xd5, 0x55, 0x51,
    0x2, 0xd0, 0xf3, 0xc, 0xcf, 0xdc, 0xcc, 0xc3,
    0xa, 0xd9, 0xfa, 0x80, 0x1f, 0x10, 0x0, 0x0,
    0x3, 0x43, 0xf6, 0x30, 0x7f, 0xdd, 0xdd, 0x50,
    0x0, 0x0, 0xf3, 0x0, 0x35, 0x55, 0x9e, 0x10,
    0x0, 0x25, 0xfc, 0xe2, 0x0, 0x1, 0xe4, 0x0,
    0x1f, 0xfd, 0xf8, 0x30, 0x3d, 0x4c, 0x90, 0x0,
    0x2, 0x0, 0xf3, 0x0, 0x5, 0xef, 0x10, 0x0,
    0x0, 0x0, 0xf3, 0x0, 0x0, 0x2c, 0xd2, 0x0,
    0x0, 0x0, 0xf3, 0x0, 0x0, 0x0, 0xa6, 0x0,
    0x0, 0x0, 0x0, 0x0, 0x0, 0x0, 0x0, 0x0,

    /* U+8F91 "辑" */
    0x0, 0x5, 0x20, 0x0, 0x0, 0x0, 0x0, 0x0,
    0x0, 0xd, 0x40, 0x2, 0xfe, 0xee, 0xef, 0x30,
    0x4, 0x4f, 0x54, 0x32, 0xe0, 0x0, 0xe, 0x30,
    0x1d, 0xef, 0xdd, 0x92, 0xe2, 0x22, 0x2e, 0x30,
    0x0, 0x89, 0x30, 0x1, 0x77, 0x77, 0x77, 0x10,
    0x0, 0xc3, 0xf2, 0x1c, 0xcc, 0xcc, 0xcc, 0xc2,
    0x2, 0xd0, 0xf2, 0x4, 0xf4, 0x33, 0x3f, 0x50,
    0xa, 0xd9, 0xfa, 0x50, 0xf1, 0x0, 0xf, 0x20,
    0x8, 0xa9, 0xfa, 0x50, 0xfe, 0xee, 0xef, 0x20,
    0x0, 0x0, 0xf2, 0x0, 0xf1, 0x0, 0xf, 0x20,
    0x0, 0x2, 0xf9, 0xa0, 0xfe, 0xee, 0xef, 0x20,
    0x1d, 0xfe, 0xf9, 0x50, 0xf1, 0x0, 0xf, 0x20,
    0x4, 0x10, 0xf2, 0x26, 0xf8, 0x9a, 0xbf, 0xe4,
    0x0, 0x0, 0xf2, 0x4a, 0x97, 0x65, 0x3f, 0x30,
    0x0, 0x0, 0xf2, 0x0, 0x0, 0x0, 0xf, 0x20,
    0x0, 0x0, 0x0, 0x0, 0x0, 0x0, 0x0, 0x0,

    /* U+8F93 "输" */
    0x0, 0x0, 0x0, 0x0, 0x0, 0x0, 0x0, 0x0,
    0x0, 0x5c, 0x0, 0x0, 0x0, 0xc8, 0x0, 0x0,
    0x4, 0x9b, 0x43, 0x0, 0x1c, 0xce, 0x30, 0x0,
    0x2d, 0xfe, 0xdc, 0x4, 0xec, 0x3, 0xe7, 0x0,
    0x0, 0xe3, 0x21, 0xbf, 0xd4, 0x44, 0x5e, 0xe5,
    0x2, 0xd6, 0xa0, 0x82, 0xbb, 0xbb, 0xb8, 0x32,
    0x7, 0x86, 0xa0, 0x17, 0x77, 0x70, 0x0, 0xd0,
    0xd, 0xab, 0xd7, 0x3f, 0xaa, 0xf1, 0xe0, 0xf0,
    0xa, 0x9b, 0xd8, 0x3e, 0x22, 0xe1, 0xe0, 0xf0,
    0x0, 0x6, 0xa0, 0x3f, 0xcc, 0xf1, 0xe0, 0xf0,
    0x0, 0x7, 0xc8, 0x3e, 0x0, 0xe1, 0xe0, 0xf0,
    0x1b, 0xff, 0xd5, 0x3f, 0xee, 0xf1, 0xe0, 0xf0,
    0x6, 0x26, 0xa0, 0x3e, 0x0, 0xe1, 0xa0, 0xf0,
    0x0, 0x6, 0xa0, 0x3e, 0x0, 0xe1, 0x0, 0xf0,
    0x0, 0x6, 0xa0, 0x3e, 0xe, 0xc0, 0x9e, 0x90,
    0x0, 0x0, 0x0, 0x0, 0x0, 0x0, 0x0, 0x0,

    /* U+8FD8 "还" */
    0x0, 0x0, 0x0, 0x0, 0x0, 0x0, 0x0, 0x0,
    0x4, 0xc1, 0x2, 0x33, 0x33, 0x33, 0x33, 0x30,
    0x0, 0xbc, 0x19, 0xff, 0xff, 0xff, 0xff, 0xe0,
    0x0, 0xc, 0x80, 0x0, 0x2, 0xf4, 0x0, 0x0,
    0x0, 0x1, 0x0, 0x0, 0xb, 0xb0, 0x0, 0x0,
    0x0, 0x0, 0x0, 0x0, 0x7f, 0x93, 0x0, 0x0,
    0x4f, 0xff, 0x0, 0x5, 0xfd, 0x9b, 0xb0, 0x0,
    0x2, 0x5f, 0x0, 0x6f, 0x5a, 0x90, 0xcb, 0x0,
    0x0, 0x2f, 0x9, 0xf6, 0xa, 0x90, 0x1c, 0xb0,
    0x0, 0x2f, 0x1b, 0x30, 0xa, 0x90, 0x1, 0xa0,
    0x0, 0x2f, 0x0, 0x0, 0xa, 0x90, 0x0, 0x0,
    0x0, 0x2f, 0x0, 0x0, 0xa, 0x90, 0x0, 0x0,
    0x0, 0xaf, 0x50, 0x0, 0xa, 0x90, 0x0, 0x0,
    0x1c, 0xb3, 0xcc, 0x52, 0x11, 0x11, 0x23, 0x53,
    0x4d, 0x10, 0x7, 0xcf, 0xff, 0xff, 0xff, 0xf5,
    0x1, 0x0, 0x0, 0x0, 0x1, 0x11, 0x0, 0x0,

    /* U+8FDE "连" */
    0x0, 0x20, 0x0, 0x0, 0x42, 0x0, 0x0, 0x0,
    0x5, 0xe2, 0x0, 0x0, 0xe6, 0x0, 0x0, 0x0,
    0x0, 0x8d, 0xa, 0xee, 0xfe, 0xee, 0xee, 0x90,
    0x0, 0xc, 0x42, 0x3c, 0x93, 0x33, 0x33, 0x20,
    0x0, 0x0, 0x0, 0x2f, 0x20, 0xf2, 0x0, 0x0,
    0x2, 0x22, 0x0, 0xb9, 0x0, 0xf2, 0x0, 0x0,
    0x3f, 0xff, 0x3, 0xff, 0xff, 0xff, 0xff, 0x40,
    0x0, 0x2f, 0x0, 0x32, 0x23, 0xf4, 0x22, 0x0,
    0x0, 0x2f, 0x0, 0x0, 0x0, 0xf2, 0x0, 0x0,
    0x0, 0x2f, 0x9, 0xaa, 0xaa, 0xfb, 0xaa, 0xa0,
    0x0, 0x2f, 0x7, 0x88, 0x88, 0xf9, 0x88, 0x80,
    0x0, 0x2f, 0x0, 0x0, 0x0, 0xf2, 0x0, 0x0,
    0x1, 0xbf, 0x60, 0x0, 0x0, 0xf2, 0x0, 0x0,
    0xc, 0xb3, 0xdc, 0x63, 0x11, 0x62, 0x34, 0x63,
    0x3d, 0x10, 0x7, 0xcf, 0xff, 0xff, 0xff, 0xf3,
    0x1, 0x0, 0x0, 0x0, 0x1, 0x11, 0x0, 0x0,

    /* U+9009 "选" */
    0x4, 0x20, 0x0, 0x8, 0x7, 0xc0, 0x0, 0x0,
    0x6, 0xe3, 0x0, 0x5e, 0x17, 0xc1, 0x11, 0x0,
    0x0, 0x6f, 0x20, 0xcf, 0xff, 0xff, 0xff, 0x60,
    0x0, 0x5, 0x6, 0xe0, 0x7, 0xc0, 0x0, 0x0,
    0x0, 0x0, 0x2, 0x30, 0x7, 0xc0, 0x0, 0x0,
    0x2, 0x22, 0x9, 0xaa, 0xad, 0xea, 0xaa, 0xa0,
    0xf, 0xff, 0x5, 0x67, 0xf6, 0x8f, 0x66, 0x60,
    0x0, 0x1f, 0x0, 0x5, 0xd0, 0x3f, 0x0, 0x0,
    0x0, 0x1f, 0x0, 0xb, 0x90, 0x3f, 0x0, 0x40,
    0x0, 0x1f, 0x0, 0x8e, 0x10, 0x3f, 0x0, 0xe2,
    0x0, 0x1f, 0x2d, 0xe3, 0x0, 0x2f, 0xdd, 0xe0,
    0x0, 0x4f, 0x94, 0x0, 0x0, 0x2, 0x33, 0x10,
    0x7, 0xfb, 0xcd, 0x62, 0x10, 0x1, 0x12, 0x31,
    0xe, 0x60, 0x6, 0xcf, 0xff, 0xff, 0xff, 0xf1,
    0x1, 0x0, 0x0, 0x0, 0x1, 0x10, 0x0, 0x0,

    /* U+9418 "鐘" */
    0x0, 0x3, 0x10, 0x0, 0x1, 0x50, 0x0, 0x0,
    0x0, 0xe, 0x50, 0x0, 0x0, 0xf4, 0x0, 0x0,
    0x0, 0x8b, 0xe4, 0x4f, 0xff, 0xff, 0xff, 0xf4,
    0x5, 0xe1, 0x3e, 0x30, 0xc3, 0x0, 0x9a, 0x0,
    0x3f, 0x72, 0x26, 0x30, 0x98, 0x1, 0xf5, 0x0,
    0x1a, 0xef, 0xea, 0x9f, 0xff, 0xff, 0xff, 0xf9,
    0x0, 0xc, 0x10, 0x5, 0x66, 0x66, 0x66, 0x40,
    0x9, 0x9e, 0xa9, 0x1e, 0x64, 0xe6, 0x47, 0xd0,
    0x5, 0x5d, 0x65, 0xe, 0xcc, 0xfc, 0xcd, 0xd0,
    0x8, 0xc, 0x1b, 0xe, 0x20, 0xd3, 0x3, 0xd0,
    0x8, 0x4c, 0x3b, 0xe, 0xdd, 0xfd, 0xdd, 0xd0,
    0x5, 0x7c, 0x77, 0x0, 0x0, 0xe4, 0x0, 0x0,
    0x2, 0x3c, 0x56, 0x1e, 0xee, 0xfe, 0xee, 0xe0,
    0x6, 0xaf, 0xfb, 0x10, 0x0, 0xe3, 0x0, 0x0,
    0x1b, 0x73, 0x0, 0x9e, 0xee, 0xfe, 0xee, 0xe8,

    /* U+949F "钟" */
    0x0, 0x4b, 0x0, 0x0, 0x0, 0x5d, 0x0, 0x0,
    0xd, 0xa5, 0x53, 0x0, 0x5, 0xd0, 0x0, 0x7,
    0xec, 0xcc, 0x80, 0x0, 0x5d, 0x0, 0x2, 0xf3,
    0x0, 0x0, 0xbe, 0xde, 0xfd, 0xdd, 0x4, 0xff,
    0xff, 0x5c, 0x50, 0x5d, 0x3, 0xf0, 0x1, 0xb8,
    0x10, 0xc5, 0x5, 0xd0, 0x3f, 0x0, 0xa, 0x70,
    0xc, 0x50, 0x5d, 0x3, 0xf0, 0x88, 0xdc, 0x86,
    0xc6, 0x16, 0xd1, 0x4f, 0x9, 0x9d, 0xc9, 0x6c,
    0xff, 0xff, 0xff, 0xf0, 0x0, 0xa7, 0x0, 0xc6,
    0x5, 0xd0, 0x3e, 0x0, 0xa, 0x70, 0x0, 0x0,
    0x5d, 0x0, 0x0, 0x0, 0xa8, 0x8a, 0x0, 0x5,
    0xd0, 0x0, 0x0, 0x1e, 0xf9, 0x10, 0x0, 0x5d,
    0x0, 0x0, 0x2, 0x91, 0x0, 0x0, 0x5, 0xd0,
    0x0,

    /* U+957F "长" */
    0x0, 0x0, 0xf4, 0x0, 0x0, 0x1, 0xa2, 0x0,
    0x0, 0x0, 0xf4, 0x0, 0x0, 0x3e, 0xa0, 0x0,
    0x0, 0x0, 0xf4, 0x0, 0x8, 0xf8, 0x0, 0x0,
    0x0, 0x0, 0xf4, 0x6, 0xdd, 0x30, 0x0, 0x0,
    0x0, 0x0, 0xf4, 0x4d, 0x60, 0x0, 0x0, 0x0,
    0x2, 0x22, 0xf5, 0x22, 0x22, 0x22, 0x22, 0x20,
    0xf, 0xff, 0xff, 0xff, 0xff, 0xff, 0xff, 0xf0,
    0x0, 0x0, 0xf4, 0x1, 0xf3, 0x0, 0x0, 0x0,
    0x0, 0x0, 0xf4, 0x0, 0x8c, 0x0, 0x0, 0x0,
    0x0, 0x0, 0xf4, 0x0, 0x1e, 0x80, 0x0, 0x0,
    0x0, 0x0, 0xf4, 0x0, 0x3, 0xf7, 0x0, 0x0,
    0x0, 0x0, 0xf4, 0x3, 0x70, 0x4f, 0xb2, 0x0,
    0x0, 0x2, 0xfc, 0xff, 0xb1, 0x2, 0xcf, 0xb1,
    0x0, 0x6, 0xd8, 0x40, 0x0, 0x0, 0x4, 0x80,
    0x0, 0x0, 0x0, 0x0, 0x0, 0x0, 0x0, 0x0,

    /* U+9592 "閒" */
    0x3f, 0xff, 0xff, 0x60, 0xff, 0xff, 0xf5, 0x3e,
    0x0, 0xa, 0x60, 0xf1, 0x0, 0xd5, 0x3f, 0xbb,
    0xbe, 0x60, 0xfb, 0xbb, 0xf5, 0x3f, 0x33, 0x3b,
    0x60, 0xf5, 0x33, 0xd5, 0x3e, 0x11, 0x1b, 0x60,
    0xf2, 0x11, 0xd5, 0x3f, 0xee, 0xee, 0x50, 0xee,
    0xee, 0xf5, 0x3e, 0x0, 0x3, 0x33, 0x32, 0x0,
    0xd5, 0x3e, 0x0, 0x3f, 0xbb, 0xcb, 0x0, 0xd5,
    0x3e, 0x0, 0x3e, 0x66, 0x9b, 0x0, 0xd5, 0x3e,
    0x0, 0x3e, 0x44, 0x7b, 0x0, 0xd5, 0x3e, 0x0,
    0x3f, 0xdd, 0xdb, 0x0, 0xd5, 0x3e, 0x0, 0x79,
    0x0, 0x4b, 0x0, 0xd5, 0x3e, 0x0, 0xd5, 0x2,
    0x6b, 0x11, 0xd5, 0x3e, 0x2, 0x90, 0xa, 0xc5,
    0xcf, 0xd1,

    /* U+95ED "闭" */
    0x7, 0x10, 0x0, 0x0, 0x0, 0x0, 0x0, 0x9,
    0xc0, 0x4f, 0xff, 0xff, 0xff, 0xfb, 0x0, 0xd8,
    0x1, 0x11, 0x11, 0x11, 0x7b, 0x0, 0x44, 0x0,
    0x0, 0x31, 0x0, 0x7b, 0x4e, 0x0, 0x0, 0x0,
    0xe5, 0x0, 0x7b, 0x4e, 0x2, 0x33, 0x33, 0xe7,
    0x31, 0x7b, 0x4e, 0xe, 0xff, 0xff, 0xff, 0xf9,
    0x7b, 0x4e, 0x0, 0x0, 0x1e, 0xf5, 0x0, 0x7b,
    0x4e, 0x0, 0x0, 0xba, 0xe5, 0x0, 0x7b, 0x4e,
    0x0, 0xb, 0xc0, 0xe5, 0x0, 0x7b, 0x4e, 0x2,
    0xdb, 0x0, 0xe5, 0x0, 0x7b, 0x4e, 0x4f, 0x80,
    0x0, 0xe5, 0x0, 0x7b, 0x4e, 0x2, 0x1, 0x33,
    0xf5, 0x0, 0x7b, 0x4e, 0x0, 0x1, 0xed, 0xb1,
    0x1, 0x8b, 0x4e, 0x0, 0x0, 0x0, 0x0, 0x3f,
    0xf6, 0x0, 0x0, 0x0, 0x0, 0x0, 0x0, 0x0,

    /* U+95F2 "闲" */
    0x5, 0x0, 0x0, 0x0, 0x0, 0x0, 0x0, 0xd,
    0x70, 0xbf, 0xff, 0xff, 0xff, 0xf3, 0x2, 0xf4,
    0x11, 0x11, 0x11, 0x11, 0xe3, 0x0, 0x68, 0x0,
    0x0, 0x0, 0x0, 0xe3, 0xd4, 0x0, 0x0, 0xe2,
    0x0, 0x0, 0xe3, 0xe4, 0x0, 0x0, 0xf2, 0x0,
    0x0, 0xe3, 0xe4, 0x8f, 0xff, 0xff, 0xff, 0xf1,
    0xe3, 0xe4, 0x1, 0x1b, 0xfe, 0x21, 0x10, 0xe3,
    0xe4, 0x0, 0x4d, 0xfa, 0xd1, 0x0, 0xe3, 0xe4,
    0x1, 0xe3, 0xf2, 0xac, 0x0, 0xe3, 0xe4, 0x2d,
    0x70, 0xf2, 0xc, 0x90, 0xe3, 0xe4, 0x98, 0x0,
    0xf2, 0x1, 0x50, 0xe3, 0xe4, 0x0, 0x0, 0xf2,
    0x0, 0x0, 0xe3, 0xe4, 0x0, 0x0, 0xc1, 0x1,
    0x12, 0xf3, 0xe4, 0x0, 0x0, 0x0, 0x8, 0xff,
    0xc0, 0x0, 0x0, 0x0, 0x0, 0x0, 0x0, 0x0,

    /* U+95F4 "间" */
    0x6, 0x20, 0x0, 0x0, 0x0, 0x0, 0x0, 0x8,
    0xd1, 0xf, 0xff, 0xff, 0xff, 0xfe, 0x0, 0xb8,
    0x1, 0x22, 0x22, 0x22, 0x6e, 0x0, 0x10, 0x0,
    0x0, 0x0, 0x0, 0x4e, 0x4e, 0x0, 0x0, 0x0,
    0x0, 0x0, 0x4e, 0x4e, 0x0, 0xef, 0xff, 0xff,
    0x30, 0x4e, 0x4e, 0x0, 0xe2, 0x0, 0xe, 0x30,
    0x4e, 0x4e, 0x0, 0xe2, 0x0, 0xe, 0x30, 0x4e,
    0x4e, 0x0, 0xef, 0xff, 0xff, 0x30, 0x4e, 0x4e,
    0x0, 0xe2, 0x0, 0xe, 0x30, 0x4e, 0x4e, 0x0,
    0xe2, 0x0, 0xe, 0x30, 0x4e, 0x4e, 0x0, 0xed,
    0xdd, 0xdf, 0x30, 0x4e, 0x4e, 0x0, 0x22, 0x22,
    0x22, 0x0, 0x4e, 0x4e, 0x0, 0x0, 0x0, 0x0,
    0x1, 0x5e, 0x4e, 0x0, 0x0, 0x0, 0x0, 0xf,
    0xf9, 0x0, 0x0, 0x0, 0x0, 0x0, 0x0, 0x0,

    /* U+968F "随" */
    0x0, 0x0, 0x0, 0x0, 0x7, 0x20, 0x0, 0xef,
    0xfe, 0x10, 0x0, 0xf, 0x20, 0x0, 0xe3, 0x5d,
    0xc3, 0x6d, 0xdf, 0xdd, 0xda, 0xe2, 0x88, 0x4c,
    0x13, 0xc9, 0x33, 0x32, 0xe2, 0xd4, 0xc, 0x13,
    0xf2, 0x0, 0x0, 0xe5, 0xf0, 0x0, 0xd, 0xfe,
    0xee, 0xf2, 0xe5, 0xe2, 0x33, 0xac, 0xe1, 0x0,
    0xe2, 0xe2, 0x7c, 0xbf, 0x50, 0xee, 0xee, 0xf2,
    0xe2, 0x1d, 0xc, 0x40, 0xe1, 0x0, 0xe2, 0xe2,
    0xf, 0xc, 0x40, 0xee, 0xee, 0xf2, 0xe6, 0x9d,
    0xc, 0x40, 0xe1, 0x0, 0xe2, 0xe6, 0x93, 0xc,
    0x40, 0xe1, 0x0, 0xf2, 0xe2, 0x0, 0x4f, 0x80,
    0xc1, 0x1e, 0xb0, 0xe2, 0x2, 0xe4, 0x8a, 0x31,
    0x0, 0x12, 0xe2, 0x5, 0x70, 0x4, 0xcf, 0xff,
    0xfb, 0x0, 0x0, 0x0, 0x0, 0x0, 0x0, 0x0,

    /* U+97CC "韌" */
    0x0, 0x2, 0xe0, 0x0, 0x0, 0x0, 0x0, 0x0,
    0x0, 0x5c, 0x0, 0x4, 0xff, 0xff, 0xff, 0x4,
    0xff, 0xff, 0xf7, 0x0, 0xe, 0xcc, 0xe0, 0x0,
    0xb5, 0x9, 0x70, 0x0, 0xf1, 0x2e, 0xc, 0xcf,
    0xdc, 0xee, 0x70, 0xf, 0x12, 0xe0, 0x22, 0x22,
    0x22, 0x21, 0x92, 0xf0, 0x3d, 0x3, 0xfd, 0xdd,
    0xeb, 0xf, 0x3e, 0x3, 0xd0, 0x3e, 0x0, 0x6,
    0xb3, 0xc5, 0xc0, 0x4d, 0x3, 0xfd, 0xdd, 0xeb,
    0xa7, 0x7a, 0x4, 0xc0, 0x0, 0x3, 0xf0, 0x3,
    0x1b, 0x70, 0x5b, 0xd, 0xfe, 0xef, 0xee, 0x20,
    0xf3, 0x6, 0xb0, 0x3c, 0x3, 0xf0, 0x0, 0x6d,
    0x0, 0x79, 0x7, 0xff, 0xff, 0xff, 0x6e, 0x60,
    0x9, 0x80, 0x0, 0x3, 0xf0, 0xa, 0xc0, 0x44,
    0xe5, 0x0, 0x0, 0x3f, 0x1, 0xa1, 0xa, 0xc9,
    0x0,

    /* U+9801 "頁" */
    0xe, 0xff, 0xff, 0xff, 0xff, 0xff, 0xff, 0x60,
    0x11, 0x11, 0x11, 0xf6, 0x11, 0x11, 0x10, 0x0,
    0x0, 0x0, 0x2f, 0x10, 0x0, 0x0, 0x0, 0x5,
    0xff, 0xff, 0xff, 0xff, 0xff, 0x20, 0x0, 0x5e,
    0x0, 0x0, 0x0, 0x1, 0xf2, 0x0, 0x5, 0xfd,
    0xdd, 0xdd, 0xdd, 0xdf, 0x20, 0x0, 0x5e, 0x11,
    0x11, 0x11, 0x12, 0xf2, 0x0, 0x5, 0xe0, 0x0,
    0x0, 0x0, 0x1f, 0x20, 0x0, 0x5f, 0xee, 0xee,
    0xee, 0xee, 0xf2, 0x0, 0x5, 0xe0, 0x0, 0x0,
    0x0, 0x1f, 0x20, 0x0, 0x5f, 0xee, 0xee, 0xee,
    0xee, 0xf2, 0x0, 0x0, 0x3, 0xa3, 0x0, 0x77,
    0x20, 0x0, 0x1, 0x5c, 0xf9, 0x10, 0x4, 0xaf,
    0xb4, 0x2, 0xfd, 0x71, 0x0, 0x0, 0x0, 0x18,
    0xf8, 0x0, 0x0, 0x0, 0x0, 0x0, 0x0, 0x0,
    0x0,

    /* U+9806 "順" */
    0x0, 0x20, 0x0, 0x0, 0x0, 0x0, 0x0, 0x0,
    0x4, 0xb0, 0x0, 0xf6, 0xff, 0xff, 0xff, 0xf5,
    0x4, 0xb1, 0x80, 0xf0, 0x0, 0x3f, 0x10, 0x0,
    0x4, 0xb1, 0xc0, 0xf0, 0x56, 0xae, 0x66, 0x50,
    0x4, 0xb1, 0xc0, 0xf0, 0xea, 0x99, 0x9a, 0xe0,
    0x4, 0xb1, 0xc0, 0xf0, 0xe2, 0x0, 0x3, 0xe0,
    0x4, 0xb1, 0xc0, 0xf0, 0xed, 0xdd, 0xdd, 0xe0,
    0x4, 0xb1, 0xc0, 0xf0, 0xe3, 0x0, 0x3, 0xe0,
    0x5, 0xa1, 0xc0, 0xf0, 0xe7, 0x55, 0x57, 0xe0,
    0x5, 0xa1, 0xc0, 0xf0, 0xea, 0x99, 0x9a, 0xe0,
    0x6, 0x91, 0xc0, 0xf0, 0xe2, 0x0, 0x3, 0xe0,
    0x8, 0x71, 0xc0, 0xf0, 0xec, 0xcc, 0xcc, 0xe0,
    0xa, 0x51, 0xb0, 0xf0, 0x25, 0x53, 0x45, 0x20,
    0xe, 0x10, 0x0, 0xf0, 0x6e, 0x60, 0x4e, 0x80,
    0x1a, 0x0, 0x0, 0x8a, 0xb2, 0x0, 0x1, 0xc7,
    0x0, 0x0, 0x0, 0x0, 0x0, 0x0, 0x0, 0x0,

    /* U+9810 "預" */
    0x0, 0x0, 0x0, 0x0, 0x0, 0x0, 0x0, 0x0,
    0x2f, 0xff, 0xff, 0xaf, 0xff, 0xff, 0xff, 0xf0,
    0x1, 0x11, 0x4f, 0x30, 0x0, 0xc7, 0x0, 0x0,
    0x3, 0x40, 0xc8, 0x0, 0x0, 0xe4, 0x0, 0x0,
    0x4, 0xdd, 0xb0, 0x7, 0xfe, 0xee, 0xef, 0x70,
    0x0, 0x7, 0xd3, 0x7, 0xa0, 0x0, 0xa, 0x70,
    0x6c, 0xcc, 0xed, 0xc9, 0xfd, 0xdd, 0xdf, 0x70,
    0x24, 0x4f, 0x76, 0xe7, 0xa0, 0x0, 0xa, 0x70,
    0x0, 0xe, 0x37, 0x97, 0xa0, 0x0, 0xa, 0x70,
    0x0, 0xe, 0x3c, 0x37, 0xfe, 0xee, 0xef, 0x70,
    0x0, 0xe, 0x31, 0x7, 0xa0, 0x0, 0xa, 0x70,
    0x0, 0xe, 0x30, 0x7, 0xfe, 0xee, 0xef, 0x70,
    0x0, 0xe, 0x30, 0x0, 0x37, 0x0, 0x71, 0x0,
    0x1, 0x1f, 0x30, 0x8, 0xf7, 0x0, 0x9e, 0x40,
    0xc, 0xfd, 0x10, 0xdb, 0x20, 0x0, 0x5, 0xe1,
    0x0, 0x0, 0x0, 0x0, 0x0, 0x0, 0x0, 0x0,

    /* U+984F "顏" */
    0x0, 0x2, 0xa0, 0x0, 0x0, 0x0, 0x0, 0x0,
    0x3, 0x34, 0xf6, 0x33, 0xff, 0xff, 0xff, 0xf6,
    0xe, 0xee, 0xee, 0xfc, 0x0, 0xf, 0x30, 0x0,
    0x1, 0xb6, 0xa, 0x90, 0x0, 0x2f, 0x0, 0x0,
    0x0, 0x3d, 0xfc, 0x0, 0x8f, 0xff, 0xff, 0xe0,
    0x5, 0xc9, 0x38, 0xc0, 0x89, 0x0, 0x2, 0xe0,
    0x9, 0xee, 0xee, 0xee, 0x8e, 0xdd, 0xdd, 0xe0,
    0xa, 0x71, 0x15, 0x71, 0x89, 0x11, 0x13, 0xe0,
    0xa, 0x72, 0xac, 0x20, 0x89, 0x0, 0x2, 0xe0,
    0xa, 0x7b, 0x50, 0x40, 0x8f, 0xee, 0xee, 0xe0,
    0xa, 0x60, 0x4c, 0x90, 0x89, 0x0, 0x2, 0xe0,
    0xc, 0x4a, 0x92, 0x35, 0x8f, 0xee, 0xee, 0xe0,
    0xe, 0x20, 0x3, 0xe4, 0x5, 0x60, 0x46, 0x0,
    0x4e, 0x2, 0x9e, 0x41, 0x9f, 0x50, 0x3d, 0x90,
    0x26, 0x5e, 0x70, 0xc, 0xa1, 0x0, 0x1, 0xc5,
    0x0, 0x0, 0x0, 0x0, 0x0, 0x0, 0x0, 0x0,

    /* U+9875 "页" */
    0xc, 0xff, 0xff, 0xff, 0xff, 0xff, 0xff, 0xe0,
    0x12, 0x22, 0x22, 0xe7, 0x22, 0x22, 0x21, 0x0,
    0x0, 0x0, 0x2f, 0x10, 0x0, 0x0, 0x0, 0x0,
    0x44, 0x48, 0xd4, 0x44, 0x44, 0x10, 0x0, 0x3f,
    0xdd, 0xdd, 0xdd, 0xdd, 0xf6, 0x0, 0x3, 0xf0,
    0x0, 0x11, 0x0, 0xd, 0x60, 0x0, 0x3f, 0x0,
    0x8, 0xa0, 0x0, 0xd6, 0x0, 0x3, 0xf0, 0x0,
    0x8a, 0x0, 0xd, 0x60, 0x0, 0x3f, 0x0, 0x8,
    0xa0, 0x0, 0xd6, 0x0, 0x3, 0xf0, 0x0, 0xa8,
    0x0, 0xd, 0x60, 0x0, 0x3f, 0x0, 0x1e, 0x53,
    0x0, 0xd6, 0x0, 0x0, 0x20, 0x1c, 0xc1, 0xcd,
    0x61, 0x0, 0x0, 0x3, 0x9f, 0xa0, 0x0, 0x5d,
    0xd5, 0x0, 0x9e, 0xfa, 0x30, 0x0, 0x0, 0x6,
    0xf9, 0x3, 0x30, 0x0, 0x0, 0x0, 0x0, 0x1,
    0x20,

    /* U+9879 "项" */
    0x0, 0x0, 0x0, 0xcf, 0xff, 0xff, 0xff, 0xf5,
    0x1d, 0xdd, 0xdc, 0x1, 0x14, 0xf3, 0x11, 0x10,
    0x8, 0x9f, 0x97, 0x0, 0x7, 0xc0, 0x0, 0x0,
    0x0, 0x1f, 0x10, 0x3f, 0xff, 0xff, 0xff, 0x40,
    0x0, 0x1f, 0x10, 0x3f, 0x11, 0x11, 0x1e, 0x40,
    0x0, 0x1f, 0x10, 0x3f, 0x0, 0xf2, 0xe, 0x40,
    0x0, 0x1f, 0x10, 0x3f, 0x0, 0xf2, 0xe, 0x40,
    0x0, 0x1f, 0x10, 0x3f, 0x0, 0xf2, 0xe, 0x40,
    0x0, 0x1f, 0x36, 0x4f, 0x0, 0xf2, 0xe, 0x40,
    0x3, 0x8f, 0xfb, 0x4f, 0x2, 0xf0, 0xe, 0x40,
    0x4f, 0xb6, 0x10, 0x17, 0x7, 0xc0, 0x7, 0x20,
    0x1, 0x0, 0x0, 0x0, 0x4f, 0x39, 0xc2, 0x0,
    0x0, 0x0, 0x0, 0x2a, 0xf5, 0x0, 0x7f, 0x50,
    0x0, 0x0, 0x6, 0xf9, 0x10, 0x0, 0x4, 0xe2,
    0x0, 0x0, 0x0, 0x0, 0x0, 0x0, 0x0, 0x0,

    /* U+987A "顺" */
    0x0, 0x0, 0x0, 0x0, 0x0, 0x0, 0x0, 0x0,
    0x4, 0xc0, 0x0, 0xe4, 0xff, 0xff, 0xff, 0xf8,
    0x4, 0xc0, 0x90, 0xe2, 0x0, 0x2f, 0x20, 0x0,
    0x4, 0xc1, 0xe0, 0xe2, 0x34, 0x9d, 0x44, 0x40,
    0x4, 0xc1, 0xe0, 0xe2, 0xce, 0xdd, 0xdd, 0xe0,
    0x4, 0xc1, 0xe0, 0xe2, 0xc4, 0x0, 0x3, 0xe0,
    0x4, 0xc1, 0xe0, 0xe2, 0xc4, 0xf, 0x23, 0xe0,
    0x4, 0xc1, 0xe0, 0xe2, 0xc4, 0xf, 0x23, 0xe0,
    0x4, 0xb1, 0xe0, 0xe2, 0xc4, 0xf, 0x23, 0xe0,
    0x5, 0xa1, 0xe0, 0xe2, 0xc4, 0xf, 0x23, 0xe0,
    0x6, 0xa1, 0xe0, 0xe2, 0xc4, 0xf, 0x13, 0xe0,
    0x7, 0x91, 0xe0, 0xe2, 0x72, 0x4e, 0x31, 0x70,
    0x9, 0x70, 0xd0, 0xe2, 0x0, 0xca, 0xe6, 0x0,
    0xd, 0x40, 0x0, 0xe2, 0xa, 0xc0, 0x2e, 0x70,
    0x1e, 0x0, 0x0, 0xe6, 0xea, 0x0, 0x2, 0xe4,
    0x1, 0x0, 0x0, 0x1, 0x30, 0x0, 0x0, 0x20,

    /* U+9891 "频" */
    0x0, 0x0, 0xb5, 0x0, 0xbf, 0xff, 0xff, 0xf6,
    0x1, 0xa0, 0xb7, 0x21, 0x1, 0x1c, 0x61, 0x10,
    0x1, 0xe0, 0xbe, 0xd8, 0x0, 0xf, 0x10, 0x0,
    0x1, 0xe0, 0xb5, 0x0, 0x27, 0x9f, 0x77, 0x70,
    0x14, 0xe3, 0xc7, 0x33, 0x5d, 0x66, 0x68, 0xe0,
    0x4d, 0xdd, 0xfd, 0xdd, 0x5b, 0xa, 0x22, 0xe0,
    0x0, 0x10, 0xf1, 0x0, 0x5b, 0xd, 0x22, 0xe0,
    0x1, 0xe0, 0xf1, 0x4a, 0x5b, 0xd, 0x22, 0xe0,
    0x8, 0x90, 0xf1, 0xa6, 0x5b, 0xe, 0x12, 0xe0,
    0x1f, 0x20, 0xf4, 0xf1, 0x5b, 0xf, 0x2, 0xe0,
    0x2, 0x0, 0x7d, 0x60, 0x39, 0x4c, 0x1, 0xb0,
    0x0, 0x0, 0xbb, 0x0, 0x0, 0xb9, 0xc3, 0x0,
    0x0, 0x4d, 0xa0, 0x0, 0x19, 0xc0, 0x4e, 0x70,
    0xc, 0xd5, 0x0, 0x7, 0xe9, 0x0, 0x1, 0xd6,
    0x1, 0x0, 0x0, 0x1, 0x0, 0x0, 0x0, 0x0,

    /* U+9898 "题" */
    0x0, 0x11, 0x11, 0x10, 0x0, 0x0, 0x0, 0x0,
    0x3, 0xfd, 0xdd, 0xf3, 0xff, 0xff, 0xff, 0xf0,
    0x3, 0xd0, 0x0, 0xe3, 0x0, 0x3e, 0x0, 0x0,
    0x3, 0xfa, 0xaa, 0xf3, 0x0, 0x7a, 0x0, 0x0,
    0x3, 0xe5, 0x55, 0xe3, 0x6f, 0xee, 0xef, 0x40,
    0x3, 0xf9, 0x99, 0xf3, 0x6a, 0x6, 0xd, 0x40,
    0x0, 0x33, 0x33, 0x30, 0x6a, 0xf, 0x1d, 0x40,
    0x2c, 0xcc, 0xcc, 0xcc, 0x6a, 0xf, 0xd, 0x40,
    0x2, 0x22, 0xf3, 0x22, 0x6a, 0x1e, 0xd, 0x40,
    0x0, 0xe0, 0xf1, 0x0, 0x6a, 0x4b, 0xd, 0x40,
    0x1, 0xe0, 0xfe, 0xea, 0x47, 0xa7, 0x48, 0x20,
    0x3, 0xf1, 0xf1, 0x0, 0x5, 0xe1, 0xb8, 0x0,
    0x6, 0xdc, 0xf1, 0x2, 0xad, 0x20, 0xa, 0xa0,
    0xb, 0x56, 0xf8, 0x44, 0x70, 0x0, 0x0, 0x40,
    0x3d, 0x0, 0x28, 0xce, 0xff, 0xff, 0xff, 0xd0,
    0x1, 0x0, 0x0, 0x0, 0x0, 0x0, 0x0, 0x0,

    /* U+989C "颜" */
    0x0, 0x2, 0xc0, 0x0, 0x0, 0x0, 0x0, 0x0,
    0x0, 0x0, 0xe3, 0x0, 0xbf, 0xff, 0xff, 0xf5,
    0xd, 0xff, 0xff, 0xfe, 0x0, 0xe, 0x10, 0x0,
    0x0, 0x86, 0x11, 0xb2, 0x0, 0x3c, 0x0, 0x0,
    0x0, 0x4d, 0x5, 0xb0, 0x6e, 0xef, 0xee, 0xb0,
    0x6, 0xcd, 0xce, 0xda, 0x78, 0x4, 0x2, 0xc0,
    0x8, 0xa3, 0x34, 0x94, 0x78, 0xd, 0x12, 0xc0,
    0x8, 0x80, 0x5d, 0x90, 0x78, 0xe, 0x2, 0xc0,
    0x8, 0xae, 0xb3, 0x20, 0x78, 0xe, 0x2, 0xc0,
    0x8, 0x81, 0x6, 0xe3, 0x78, 0xe, 0x2, 0xc0,
    0x9, 0x74, 0xcc, 0x20, 0x78, 0x1d, 0x2, 0xc0,
    0xa, 0xad, 0x60, 0x89, 0x56, 0x59, 0x2, 0x90,
    0xc, 0x30, 0x1a, 0xd1, 0x0, 0xd4, 0xa4, 0x0,
    0x1f, 0x38, 0xe9, 0x0, 0x2b, 0x90, 0x3e, 0x70,
    0x4b, 0x59, 0x20, 0xa, 0xe6, 0x0, 0x1, 0xd4,
    0x0, 0x0, 0x0, 0x1, 0x0, 0x0, 0x0, 0x0,

    /* U+9ED1 "黑" */
    0x0, 0x7f, 0xff, 0xff, 0xff, 0xff, 0xf7, 0x0,
    0x0, 0x7a, 0x23, 0x9, 0x90, 0x41, 0xc7, 0x0,
    0x0, 0x7a, 0x1d, 0x9, 0x90, 0xd2, 0xc7, 0x0,
    0x0, 0x7a, 0xb, 0x39, 0x95, 0xa0, 0xc7, 0x0,
    0x0, 0x7b, 0x14, 0x2a, 0x96, 0x41, 0xc7, 0x0,
    0x0, 0x6e, 0xee, 0xef, 0xfe, 0xee, 0xe6, 0x0,
    0x0, 0x0, 0x0, 0x9, 0x90, 0x0, 0x0, 0x0,
    0x0, 0xbf, 0xff, 0xff, 0xff, 0xff, 0xfb, 0x0,
    0x0, 0x0, 0x0, 0x9, 0x90, 0x0, 0x0, 0x0,
    0xd, 0xdd, 0xdd, 0xde, 0xed, 0xdd, 0xdd, 0xd1,
    0x4, 0x44, 0x44, 0x44, 0x44, 0x44, 0x44, 0x40,
    0x0, 0x9a, 0x5, 0x80, 0x1c, 0x0, 0xb9, 0x0,
    0x2, 0xf3, 0x5, 0xc0, 0xd, 0x60, 0x1e, 0x60,
    0xa, 0x90, 0x4, 0xb0, 0x7, 0x70, 0x5, 0xc0,
    0x0, 0x0, 0x0, 0x0, 0x0, 0x0, 0x0, 0x0,

    /* U+9ED8 "默" */
    0x5, 0xfd, 0xee, 0xdf, 0x0, 0xe, 0x64, 0x0,
    0x5, 0x93, 0x83, 0x4f, 0x0, 0xe, 0x4e, 0x10,
    0x5, 0x99, 0x85, 0xaf, 0x0, 0xe, 0x27, 0xa0,
    0x5, 0x9a, 0x89, 0x4f, 0x0, 0xe, 0x10, 0x20,
    0x5, 0x92, 0x86, 0xf, 0x7c, 0xcf, 0xcc, 0xc3,
    0x4, 0xdd, 0xfe, 0xdd, 0x36, 0x6f, 0x86, 0x61,
    0x0, 0x0, 0xb6, 0x0, 0x0, 0x2f, 0x60, 0x0,
    0x7, 0xff, 0xff, 0xfe, 0x0, 0x4f, 0xa0, 0x0,
    0x0, 0x0, 0xb6, 0x12, 0x0, 0x8a, 0xe0, 0x0,
    0xa, 0xef, 0xff, 0xed, 0x10, 0xd4, 0xc4, 0x0,
    0x2, 0x62, 0x1, 0x12, 0x4, 0xe0, 0x6b, 0x0,
    0x5, 0x97, 0x4c, 0x2c, 0xc, 0x70, 0xe, 0x40,
    0xc, 0x36, 0x69, 0x29, 0x7d, 0x0, 0x5, 0xe3,
    0x18, 0x4, 0x43, 0x10, 0xb3, 0x0, 0x0, 0x86,
    0x0, 0x0, 0x0, 0x0, 0x0, 0x0, 0x0, 0x0,

    /* U+AC00 "가" */
    0x0, 0x0, 0x0, 0x0, 0x0, 0x6e, 0x0, 0x0,
    0x6d, 0xdd, 0xdd, 0xd0, 0x6, 0xe0, 0x0, 0x1,
    0x33, 0x33, 0x7f, 0x0, 0x6e, 0x0, 0x0, 0x0,
    0x0, 0x6, 0xd0, 0x6, 0xe0, 0x0, 0x0, 0x0,
    0x0, 0xb9, 0x0, 0x6e, 0x0, 0x0, 0x0, 0x0,
    0x2f, 0x30, 0x6, 0xe2, 0x20, 0x0, 0x0, 0xb,
    0xc0, 0x0, 0x6f, 0xff, 0x30, 0x0, 0x6, 0xf2,
    0x0, 0x6, 0xe0, 0x0, 0x0, 0x6, 0xf6, 0x0,
    0x0, 0x6e, 0x0, 0x0, 0x19, 0xf6, 0x0, 0x0,
    0x6, 0xe0, 0x0, 0xd, 0xd3, 0x0, 0x0, 0x0,
    0x6e, 0x0, 0x0, 0x30, 0x0, 0x0, 0x0, 0x6,
    0xe0, 0x0, 0x0, 0x0, 0x0, 0x0, 0x0, 0x6e,
    0x0, 0x0, 0x0, 0x0, 0x0, 0x0, 0x6, 0xe0,
    0x0,

    /* U+AC04 "간" */
    0x0, 0x0, 0x0, 0x0, 0x0, 0x6e, 0x0, 0x0,
    0x9f, 0xff, 0xff, 0xf0, 0x6, 0xe0, 0x0, 0x0,
    0x0, 0x0, 0x7e, 0x0, 0x6e, 0x0, 0x0, 0x0,
    0x0, 0xc, 0x90, 0x6, 0xe0, 0x0, 0x0, 0x0,
    0x5, 0xf2, 0x0, 0x6f, 0xff, 0x0, 0x0, 0x4,
    0xf6, 0x0, 0x6, 0xe2, 0x20, 0x0, 0x19, 0xf7,
    0x0, 0x0, 0x6e, 0x0, 0x0, 0x9f, 0xd3, 0x0,
    0x0, 0x6, 0xe0, 0x0, 0x8, 0x40, 0x0, 0x0,
    0x0, 0x6e, 0x0, 0x0, 0x0, 0xa2, 0x0, 0x0,
    0x6, 0xe0, 0x0, 0x0, 0xf, 0x40, 0x0, 0x0,
    0x37, 0x0, 0x0, 0x0, 0xf4, 0x0, 0x0, 0x0,
    0x0, 0x0, 0x0, 0xf, 0x51, 0x11, 0x11, 0x11,
    0x0, 0x0, 0x0, 0xff, 0xff, 0xff, 0xff, 0xf9,
    0x0,

    /* U+AC15 "강" */
    0x0, 0x11, 0x11, 0x11, 0x0, 0x5f, 0x0, 0x0,
    0x8f, 0xff, 0xff, 0xf0, 0x5, 0xf0, 0x0, 0x0,
    0x0, 0x0, 0x7e, 0x0, 0x5f, 0x0, 0x0, 0x0,
    0x0, 0xc, 0x90, 0x5, 0xf3, 0x30, 0x0, 0x0,
    0x5, 0xf2, 0x0, 0x5f, 0xdd, 0x10, 0x0, 0x4,
    0xf6, 0x0, 0x5, 0xf0, 0x0, 0x0, 0x19, 0xf6,
    0x0, 0x0, 0x5f, 0x0, 0x0, 0xaf, 0xc3, 0x0,
    0x0, 0x5, 0xf0, 0x0, 0x6, 0x30, 0x0, 0x22,
    0x10, 0x38, 0x0, 0x0, 0x0, 0x2a, 0xfe, 0xde,
    0xfa, 0x10, 0x0, 0x0, 0xe, 0xa1, 0x0, 0x2,
    0xbd, 0x0, 0x0, 0x2, 0xf2, 0x0, 0x0, 0x3,
    0xf1, 0x0, 0x0, 0xc, 0xc4, 0x11, 0x15, 0xdb,
    0x0, 0x0, 0x0, 0x7, 0xcf, 0xfe, 0xc7, 0x0,
    0x0,

    /* U+AC80 "검" */
    0x2, 0x22, 0x22, 0x20, 0x0, 0x7e, 0x4f, 0xff,
    0xff, 0xf2, 0x0, 0x7e, 0x0, 0x0, 0x4, 0xf0,
    0x0, 0x7e, 0x0, 0x0, 0xa, 0xa2, 0x44, 0x9e,
    0x0, 0x0, 0x4f, 0x27, 0xdd, 0xee, 0x0, 0x6,
    0xf6, 0x0, 0x0, 0x7e, 0x4, 0xbe, 0x50, 0x0,
    0x0, 0x7e, 0xbe, 0x81, 0x0, 0x0, 0x0, 0x7e,
    0x10, 0x12, 0x22, 0x22, 0x22, 0x34, 0x0, 0x9f,
    0xee, 0xee, 0xee, 0xee, 0x0, 0x9b, 0x0, 0x0,
    0x0, 0x6e, 0x0, 0x9b, 0x0, 0x0, 0x0, 0x6e,
    0x0, 0x9b, 0x11, 0x11, 0x11, 0x7e, 0x0, 0x9f,
    0xff, 0xff, 0xff, 0xfe,

    /* U+AC8C "게" */
    0x0, 0x0, 0x0, 0x0, 0x3f, 0x3, 0xf0, 0x1,
    0x22, 0x22, 0x20, 0x3f, 0x3, 0xf0, 0x7, 0xff,
    0xff, 0xf0, 0x3f, 0x3, 0xf0, 0x0, 0x0, 0x6,
    0xe0, 0x3f, 0x3, 0xf0, 0x0, 0x0, 0x9, 0xb0,
    0x3f, 0x3, 0xf0, 0x0, 0x0, 0xe, 0x71, 0x4f,
    0x3, 0xf0, 0x0, 0x0, 0x6f, 0xff, 0xff, 0x3,
    0xf0, 0x0, 0x2, 0xe8, 0x0, 0x3f, 0x3, 0xf0,
    0x0, 0x1d, 0xb0, 0x0, 0x3f, 0x3, 0xf0, 0x4,
    0xeb, 0x0, 0x0, 0x3f, 0x3, 0xf0, 0xb, 0x70,
    0x0, 0x0, 0x3f, 0x3, 0xf0, 0x0, 0x0, 0x0,
    0x0, 0x3f, 0x3, 0xf0, 0x0, 0x0, 0x0, 0x0,
    0x3f, 0x3, 0xf0, 0x0, 0x0, 0x0, 0x0, 0x4,
    0x3, 0xf0,

    /* U+ACA8 "겨" */
    0x0, 0x0, 0x0, 0x0, 0x0, 0xe, 0x70, 0x7d,
    0xdd, 0xdd, 0xd0, 0x0, 0xe7, 0x1, 0x33, 0x33,
    0x9f, 0x0, 0xe, 0x70, 0x0, 0x0, 0xa, 0xd1,
    0x11, 0xe7, 0x0, 0x0, 0x0, 0xef, 0xff, 0xff,
    0x70, 0x0, 0x0, 0x4f, 0x30, 0x0, 0xe7, 0x0,
    0x0, 0xc, 0xc0, 0x0, 0xe, 0x70, 0x0, 0x7,
    0xf3, 0x22, 0x22, 0xe7, 0x0, 0x6, 0xf7, 0xc,
    0xee, 0xef, 0x70, 0x9, 0xf8, 0x0, 0x0, 0x0,
    0xe7, 0xd, 0xe5, 0x0, 0x0, 0x0, 0xe, 0x70,
    0x40, 0x0, 0x0, 0x0, 0x0, 0xe7, 0x0, 0x0,
    0x0, 0x0, 0x0, 0xe, 0x70, 0x0, 0x0, 0x0,
    0x0, 0x0, 0xe7,

    /* U+ACBD "경" */
    0x0, 0x0, 0x0, 0x0, 0x0, 0x7e, 0x3e, 0xee,
    0xee, 0xe3, 0x0, 0x7e, 0x3, 0x33, 0x33, 0xf7,
    0x55, 0x9e, 0x0, 0x0, 0x5, 0xfc, 0xcc, 0xde,
    0x0, 0x0, 0x1e, 0x70, 0x0, 0x7e, 0x0, 0x2,
    0xdc, 0x2c, 0xcc, 0xde, 0x2, 0x9f, 0xb0, 0x5,
    0x55, 0x9e, 0xbf, 0xd5, 0x0, 0x0, 0x0, 0x7e,
    0x43, 0x0, 0x1, 0x22, 0x10, 0x48, 0x0, 0x6,
    0xdf, 0xed, 0xfe, 0x80, 0x0, 0x6f, 0x50, 0x0,
    0x3, 0xda, 0x0, 0xab, 0x0, 0x0, 0x0, 0x7e,
    0x0, 0x4f, 0x83, 0x10, 0x26, 0xe8, 0x0, 0x3,
    0xad, 0xff, 0xeb, 0x50,

    /* U+ACE0 "고" */
    0x0, 0xbf, 0xff, 0xff, 0xff, 0xff, 0x50, 0x0,
    0x12, 0x22, 0x22, 0x22, 0x2f, 0x50, 0x0, 0x0,
    0x0, 0x0, 0x0, 0xf, 0x50, 0x0, 0x0, 0x0,
    0x0, 0x0, 0xf, 0x40, 0x0, 0x0, 0x0, 0x10,
    0x0, 0x1f, 0x30, 0x0, 0x0, 0x1, 0xf4, 0x0,
    0x2f, 0x20, 0x0, 0x0, 0x1, 0xf4, 0x0, 0x4f,
    0x10, 0x0, 0x0, 0x1, 0xf4, 0x0, 0x6e, 0x0,
    0x0, 0x0, 0x1, 0xf4, 0x0, 0x13, 0x0, 0x0,
    0x0, 0x1, 0xf4, 0x0, 0x0, 0x0, 0x1f, 0xff,
    0xff, 0xff, 0xff, 0xff, 0xfd, 0x2, 0x22, 0x22,
    0x22, 0x22, 0x22, 0x21,

    /* U+ACE1 "곡" */
    0x0, 0x9f, 0xff, 0xff, 0xff, 0xff, 0x30, 0x0,
    0x1, 0x11, 0x11, 0x11, 0x2f, 0x30, 0x0, 0x0,
    0x0, 0x0, 0x0, 0x2f, 0x30, 0x0, 0x0, 0x0,
    0x0, 0x0, 0x2f, 0x20, 0x0, 0x0, 0x0, 0xc8,
    0x0, 0x4f, 0x10, 0x0, 0x0, 0x0, 0xc8, 0x0,
    0x5c, 0x0, 0x2, 0x22, 0x22, 0xd9, 0x22, 0x22,
    0x21, 0x1f, 0xff, 0xff, 0xff, 0xff, 0xff, 0xfc,
    0x0, 0x0, 0x0, 0x0, 0x0, 0x0, 0x0, 0x0,
    0xae, 0xee, 0xee, 0xee, 0xee, 0x20, 0x0, 0x23,
    0x33, 0x33, 0x33, 0x4f, 0x30, 0x0, 0x0, 0x0,
    0x0, 0x0, 0x2f, 0x30, 0x0, 0x0, 0x0, 0x0,
    0x0, 0x2f, 0x30, 0x0, 0x0, 0x0, 0x0, 0x0,
    0x2f, 0x30,

    /* U+AD6D "국" */
    0x0, 0x7f, 0xff, 0xff, 0xff, 0xff, 0x30, 0x0,
    0x1, 0x11, 0x11, 0x11, 0x2f, 0x30, 0x0, 0x0,
    0x0, 0x0, 0x0, 0x1f, 0x30, 0x0, 0x0, 0x0,
    0x0, 0x0, 0x2f, 0x20, 0x0, 0x0, 0x0, 0x0,
    0x0, 0x3f, 0x10, 0x2, 0x22, 0x22, 0x22, 0x22,
    0x7f, 0x22, 0x1e, 0xee, 0xee, 0xff, 0xee, 0xee,
    0xed, 0x0, 0x0, 0x0, 0x4f, 0x0, 0x0, 0x0,
    0x0, 0x0, 0x0, 0x4f, 0x0, 0x0, 0x0, 0x0,
    0xae, 0xee, 0xef, 0xee, 0xee, 0x40, 0x0, 0x22,
    0x22, 0x22, 0x22, 0x2f, 0x50, 0x0, 0x0, 0x0,
    0x0, 0x0, 0xf, 0x50, 0x0, 0x0, 0x0, 0x0,
    0x0, 0xf, 0x50, 0x0, 0x0, 0x0, 0x0, 0x0,
    0xf, 0x50,

    /* U+ADF8 "그" */
    0x0, 0xae, 0xee, 0xee, 0xee, 0xed, 0x10, 0x0,
    0x23, 0x33, 0x33, 0x33, 0x5f, 0x10, 0x0, 0x0,
    0x0, 0x0, 0x0, 0x2f, 0x10, 0x0, 0x0, 0x0,
    0x0, 0x0, 0x3f, 0x10, 0x0, 0x0, 0x0, 0x0,
    0x0, 0x3f, 0x0, 0x0, 0x0, 0x0, 0x0, 0x0,
    0x5f, 0x0, 0x0, 0x0, 0x0, 0x0, 0x0, 0x6e,
    0x0, 0x0, 0x0, 0x0, 0x0, 0x0, 0x9c, 0x0,
    0x0, 0x0, 0x0, 0x0, 0x0, 0x77, 0x0, 0x0,
    0x0, 0x0, 0x0, 0x0, 0x0, 0x0, 0x1f, 0xff,
    0xff, 0xff, 0xff, 0xff, 0xfe, 0x1, 0x11, 0x11,
    0x11, 0x11, 0x11, 0x11,

    /* U+ADFC "근" */
    0x0, 0x7f, 0xff, 0xff, 0xff, 0xff, 0x30, 0x0,
    0x1, 0x11, 0x11, 0x11, 0x2f, 0x30, 0x0, 0x0,
    0x0, 0x0, 0x0, 0x2f, 0x20, 0x0, 0x0, 0x0,
    0x0, 0x0, 0x2f, 0x20, 0x0, 0x0, 0x0, 0x0,
    0x0, 0x4f, 0x10, 0x0, 0x0, 0x0, 0x0, 0x0,
    0x6e, 0x0, 0x1c, 0xcc, 0xcc, 0xcc, 0xcc, 0xef,
    0xcb, 0x4, 0x44, 0x44, 0x44, 0x44, 0x44, 0x43,
    0x0, 0x0, 0x0, 0x0, 0x0, 0x0, 0x0, 0x0,
    0x4a, 0x0, 0x0, 0x0, 0x0, 0x0, 0x0, 0x6e,
    0x0, 0x0, 0x0, 0x0, 0x0, 0x0, 0x6e, 0x0,
    0x0, 0x0, 0x0, 0x0, 0x0, 0x6e, 0x11, 0x11,
    0x11, 0x11, 0x0, 0x0, 0x6f, 0xff, 0xff, 0xff,
    0xff, 0x90,

    /* U+AE00 "글" */
    0x0, 0x7f, 0xff, 0xff, 0xff, 0xff, 0x30, 0x0,
    0x0, 0x0, 0x0, 0x0, 0x2f, 0x30, 0x0, 0x0,
    0x0, 0x0, 0x0, 0x2f, 0x20, 0x0, 0x0, 0x0,
    0x0, 0x0, 0x3f, 0x10, 0x0, 0x0, 0x0, 0x0,
    0x0, 0x5f, 0x0, 0x1f, 0xff, 0xff, 0xff, 0xff,
    0xff, 0xfe, 0x1, 0x11, 0x11, 0x11, 0x11, 0x11,
    0x11, 0x0, 0x1, 0x11, 0x11, 0x11, 0x11, 0x0,
    0x0, 0x8e, 0xee, 0xee, 0xee, 0xef, 0x40, 0x0,
    0x0, 0x0, 0x0, 0x0, 0x1f, 0x40, 0x0, 0x7e,
    0xee, 0xee, 0xee, 0xef, 0x40, 0x0, 0x8c, 0x11,
    0x11, 0x11, 0x11, 0x0, 0x0, 0x8c, 0x0, 0x0,
    0x0, 0x0, 0x0, 0x0, 0x8f, 0xff, 0xff, 0xff,
    0xff, 0x90,

    /* U+AE30 "기" */
    0x0, 0x0, 0x0, 0x0, 0x0, 0x6e, 0x1d, 0xdd,
    0xdd, 0xd8, 0x0, 0x6e, 0x3, 0x33, 0x33, 0xc8,
    0x0, 0x6e, 0x0, 0x0, 0x0, 0xe6, 0x0, 0x6e,
    0x0, 0x0, 0x2, 0xf2, 0x0, 0x6e, 0x0, 0x0,
    0x9, 0xc0, 0x0, 0x6e, 0x0, 0x0, 0x3f, 0x40,
    0x0, 0x6e, 0x0, 0x1, 0xda, 0x0, 0x0, 0x6e,
    0x0, 0x2d, 0xc0, 0x0, 0x0, 0x6e, 0x6, 0xfb,
    0x0, 0x0, 0x0, 0x6e, 0x7e, 0x60, 0x0, 0x0,
    0x0, 0x6e, 0x1, 0x0, 0x0, 0x0, 0x0, 0x6e,
    0x0, 0x0, 0x0, 0x0, 0x0, 0x6e, 0x0, 0x0,
    0x0, 0x0, 0x0, 0x6e,

    /* U+AE38 "길" */
    0x1f, 0xff, 0xff, 0xf6, 0x0, 0x6e, 0x0, 0x11,
    0x11, 0x2f, 0x40, 0x6, 0xe0, 0x0, 0x0, 0x5,
    0xf1, 0x0, 0x6e, 0x0, 0x0, 0x0, 0xd9, 0x0,
    0x6, 0xe0, 0x0, 0x0, 0xbd, 0x10, 0x0, 0x6e,
    0x0, 0x5, 0xed, 0x10, 0x0, 0x6, 0xe0, 0x7e,
    0xe7, 0x0, 0x0, 0x0, 0x6e, 0x3, 0x51, 0x11,
    0x11, 0x11, 0x13, 0x60, 0x0, 0x8f, 0xff, 0xff,
    0xff, 0xfe, 0x0, 0x0, 0x0, 0x0, 0x0, 0x6,
    0xe0, 0x0, 0x7d, 0xdd, 0xdd, 0xdd, 0xee, 0x0,
    0x8, 0xd1, 0x11, 0x11, 0x11, 0x10, 0x0, 0x8c,
    0x0, 0x0, 0x0, 0x0, 0x0, 0x8, 0xff, 0xff,
    0xff, 0xff, 0xf1,

    /* U+AE40 "김" */
    0x2, 0x22, 0x22, 0x21, 0x0, 0x6e, 0x1f, 0xff,
    0xff, 0xf7, 0x0, 0x6e, 0x0, 0x0, 0x0, 0xf5,
    0x0, 0x6e, 0x0, 0x0, 0x5, 0xe0, 0x0, 0x6e,
    0x0, 0x0, 0x1e, 0x70, 0x0, 0x6e, 0x0, 0x3,
    0xea, 0x0, 0x0, 0x6e, 0x3, 0xaf, 0x80, 0x0,
    0x0, 0x6e, 0x9f, 0xa2, 0x0, 0x0, 0x0, 0x6e,
    0x10, 0x12, 0x22, 0x22, 0x22, 0x33, 0x0, 0x7f,
    0xee, 0xee, 0xee, 0xee, 0x0, 0x7c, 0x0, 0x0,
    0x0, 0x6e, 0x0, 0x7c, 0x0, 0x0, 0x0, 0x6e,
    0x0, 0x7c, 0x11, 0x11, 0x11, 0x6e, 0x0, 0x7f,
    0xff, 0xff, 0xff, 0xfe,

    /* U+AEBC "꺼" */
    0x0, 0x0, 0x0, 0x0, 0x0, 0xe, 0x60, 0x9d,
    0xdd, 0x7d, 0xdd, 0x0, 0xe6, 0x2, 0x45, 0xf3,
    0x46, 0xf0, 0xe, 0x60, 0x0, 0x3f, 0x0, 0x5e,
    0x0, 0xe6, 0x0, 0x6, 0xd0, 0x7, 0xd0, 0xe,
    0x60, 0x0, 0xaa, 0x0, 0x9f, 0xcc, 0xf6, 0x0,
    0xe, 0x50, 0xd, 0x94, 0x4f, 0x60, 0x7, 0xe0,
    0x2, 0xf2, 0x0, 0xe6, 0x1, 0xe7, 0x0, 0x8c,
    0x0, 0xe, 0x60, 0xcc, 0x0, 0x1f, 0x50, 0x0,
    0xe6, 0x7, 0x10, 0xc, 0xc0, 0x0, 0xe, 0x60,
    0x0, 0x0, 0x62, 0x0, 0x0, 0xe6, 0x0, 0x0,
    0x0, 0x0, 0x0, 0xe, 0x60, 0x0, 0x0, 0x0,
    0x0, 0x0, 0xe6,

    /* U+AF34 "꼴" */
    0x0, 0xff, 0xff, 0x57, 0xff, 0xff, 0x60, 0x0,
    0x0, 0xf, 0x40, 0x0, 0xe, 0x60, 0x0, 0x0,
    0x1f, 0x30, 0x0, 0xf, 0x50, 0x0, 0x0, 0x4f,
    0x19, 0x20, 0x1f, 0x30, 0x0, 0x0, 0x6c, 0xf,
    0x40, 0x3e, 0x10, 0x2, 0x22, 0x22, 0x2f, 0x52,
    0x22, 0x21, 0x1e, 0xee, 0xee, 0xee, 0xee, 0xee,
    0xec, 0x0, 0x0, 0x0, 0x0, 0x0, 0x0, 0x0,
    0x0, 0x8f, 0xff, 0xff, 0xff, 0xff, 0x30, 0x0,
    0x0, 0x0, 0x0, 0x0, 0x2f, 0x30, 0x0, 0x5c,
    0xcc, 0xcc, 0xcc, 0xdf, 0x30, 0x0, 0x7d, 0x33,
    0x33, 0x33, 0x33, 0x0, 0x0, 0x7d, 0x0, 0x0,
    0x0, 0x0, 0x0, 0x0, 0x7f, 0xff, 0xff, 0xff,
    0xff, 0xb0,

    /* U+B044 "끄" */
    0x1, 0xcc, 0xcc, 0x74, 0xcc, 0xcc, 0x50, 0x0,
    0x44, 0x4c, 0x91, 0x44, 0x4e, 0x60, 0x0, 0x0,
    0xc, 0x80, 0x0, 0xe, 0x60, 0x0, 0x0, 0xd,
    0x70, 0x0, 0xf, 0x50, 0x0, 0x0, 0xf, 0x50,
    0x0, 0xf, 0x50, 0x0, 0x0, 0x1f, 0x30, 0x0,
    0x1f, 0x30, 0x0, 0x0, 0x5f, 0x0, 0x0, 0x3f,
    0x10, 0x0, 0x0, 0x8c, 0x0, 0x0, 0x6e, 0x0,
    0x0, 0x0, 0x23, 0x0, 0x0, 0x24, 0x0, 0x0,
    0x0, 0x0, 0x0, 0x0, 0x0, 0x0, 0x1f, 0xff,
    0xff, 0xff, 0xff, 0xff, 0xfe, 0x0, 0x0, 0x0,
    0x0, 0x0, 0x0, 0x0,

    /* U+B04A "끊" */
    0x0, 0xff, 0xff, 0xb5, 0xff, 0xff, 0x40, 0x0,
    0x1, 0x19, 0xa0, 0x11, 0x1f, 0x40, 0x0, 0x0,
    0xa, 0xa0, 0x0, 0xf, 0x40, 0x0, 0x0, 0xb,
    0x80, 0x0, 0x2f, 0x20, 0x0, 0x0, 0xe, 0x60,
    0x0, 0x3f, 0x0, 0x2, 0x22, 0x3f, 0x62, 0x22,
    0x8e, 0x22, 0x1e, 0xee, 0xee, 0xee, 0xee, 0xee,
    0xed, 0x0, 0x0, 0x0, 0x0, 0x7, 0x40, 0x0,
    0x0, 0x45, 0x0, 0x25, 0x5e, 0xa5, 0x50, 0x0,
    0x9a, 0x0, 0x49, 0x99, 0x99, 0x90, 0x0, 0x9a,
    0x0, 0x0, 0x8b, 0xa4, 0x0, 0x0, 0x9a, 0x0,
    0x8, 0xb3, 0x4f, 0x20, 0x0, 0x9b, 0x25, 0x6a,
    0x90, 0x1e, 0x30, 0x0, 0x9f, 0xeb, 0x51, 0xbe,
    0xe8, 0x0,

    /* U+B054 "끔" */
    0x0, 0xff, 0xff, 0xb5, 0xff, 0xff, 0x40, 0x0,
    0x11, 0x19, 0xb0, 0x11, 0x1f, 0x40, 0x0, 0x0,
    0xa, 0xa0, 0x0, 0xf, 0x30, 0x0, 0x0, 0xc,
    0x80, 0x0, 0x2f, 0x20, 0x0, 0x0, 0xe, 0x60,
    0x0, 0x4f, 0x0, 0x1, 0x11, 0x3f, 0x41, 0x11,
    0x7e, 0x11, 0x1f, 0xff, 0xff, 0xff, 0xff, 0xff,
    0xfe, 0x0, 0x0, 0x0, 0x0, 0x0, 0x0, 0x0,
    0x0, 0x1, 0x11, 0x11, 0x11, 0x11, 0x0, 0x0,
    0x8f, 0xff, 0xff, 0xff, 0xff, 0x40, 0x0, 0x8b,
    0x0, 0x0, 0x0, 0xf, 0x40, 0x0, 0x8b, 0x0,
    0x0, 0x0, 0xf, 0x40, 0x0, 0x8c, 0x11, 0x11,
    0x11, 0x1f, 0x40, 0x0, 0x8f, 0xff, 0xff, 0xff,
    0xff, 0x40,

    /* U+B05D "끝" */
    0x0, 0xff, 0xff, 0xb5, 0xff, 0xff, 0x40, 0x0,
    0x0, 0x9, 0xa0, 0x0, 0x1f, 0x30, 0x0, 0x0,
    0xb, 0x90, 0x0, 0x1f, 0x30, 0x0, 0x0, 0xd,
    0x70, 0x0, 0x3f, 0x10, 0x0, 0x0, 0xf, 0x40,
    0x0, 0x6e, 0x0, 0x1d, 0xdd, 0xef, 0xed, 0xdd,
    0xef, 0xdc, 0x3, 0x33, 0x33, 0x33, 0x33, 0x33,
    0x32, 0x0, 0x0, 0x0, 0x0, 0x0, 0x0, 0x0,
    0x0, 0x8f, 0xff, 0xff, 0xff, 0xff, 0x40, 0x0,
    0x8c, 0x0, 0x0, 0x0, 0x0, 0x0, 0x0, 0x8f,
    0xcc, 0xcc, 0xcc, 0xcb, 0x0, 0x0, 0x8d, 0x33,
    0x33, 0x33, 0x32, 0x0, 0x0, 0x8c, 0x0, 0x0,
    0x0, 0x0, 0x0, 0x0, 0x8f, 0xff, 0xff, 0xff,
    0xff, 0x60,

    /* U+B098 "나" */
    0x0, 0x0, 0x0, 0x0, 0x3, 0xf1, 0x0, 0x6e,
    0x0, 0x0, 0x0, 0x3, 0xf1, 0x0, 0x6e, 0x0,
    0x0, 0x0, 0x3, 0xf1, 0x0, 0x6e, 0x0, 0x0,
    0x0, 0x3, 0xf1, 0x0, 0x6e, 0x0, 0x0, 0x0,
    0x3, 0xf1, 0x0, 0x6e, 0x0, 0x0, 0x0, 0x3,
    0xf4, 0x31, 0x6e, 0x0, 0x0, 0x0, 0x3, 0xfd,
    0xd5, 0x6e, 0x0, 0x0, 0x0, 0x3, 0xf1, 0x0,
    0x6e, 0x0, 0x0, 0x13, 0x23, 0xf1, 0x0, 0x6f,
    0xcd, 0xdf, 0xfd, 0x63, 0xf1, 0x0, 0x15, 0x44,
    0x32, 0x0, 0x3, 0xf1, 0x0, 0x0, 0x0, 0x0,
    0x0, 0x3, 0xf1, 0x0, 0x0, 0x0, 0x0, 0x0,
    0x3, 0xf1, 0x0, 0x0, 0x0, 0x0, 0x0, 0x3,
    0xf1, 0x0,

    /* U+B0A0 "날" */
    0x6e, 0x0, 0x0, 0x0, 0x4, 0xf0, 0x0, 0x6e,
    0x0, 0x0, 0x0, 0x4, 0xf0, 0x0, 0x6e, 0x0,
    0x0, 0x0, 0x4, 0xf2, 0x20, 0x6e, 0x0, 0x0,
    0x0, 0x4, 0xff, 0xf2, 0x6e, 0x0, 0x1, 0x36,
    0x24, 0xf0, 0x0, 0x6f, 0xef, 0xff, 0xeb, 0x34,
    0xf0, 0x0, 0x13, 0x32, 0x20, 0x0, 0x4, 0xf0,
    0x0, 0x0, 0x11, 0x11, 0x11, 0x12, 0x50, 0x0,
    0x0, 0xff, 0xff, 0xff, 0xff, 0xf0, 0x0, 0x0,
    0x0, 0x0, 0x0, 0x4, 0xf0, 0x0, 0x0, 0xff,
    0xff, 0xff, 0xff, 0xf0, 0x0, 0x0, 0xf5, 0x11,
    0x11, 0x11, 0x10, 0x0, 0x0, 0xf5, 0x11, 0x11,
    0x11, 0x10, 0x0, 0x0, 0xff, 0xff, 0xff, 0xff,
    0xf8, 0x0,

    /* U+B0AE "낮" */
    0x6e, 0x0, 0x0, 0x0, 0x4, 0xf0, 0x0, 0x6e,
    0x0, 0x0, 0x0, 0x4, 0xf0, 0x0, 0x6e, 0x0,
    0x0, 0x0, 0x4, 0xf0, 0x0, 0x6e, 0x0, 0x0,
    0x0, 0x4, 0xfe, 0xe2, 0x6e, 0x0, 0x0, 0x0,
    0x4, 0xf3, 0x30, 0x6f, 0x45, 0x57, 0x9c, 0x44,
    0xf0, 0x0, 0x5d, 0xdc, 0xba, 0x85, 0x14, 0xf0,
    0x0, 0x0, 0x0, 0x0, 0x0, 0x4, 0xf0, 0x0,
    0x0, 0x11, 0x11, 0x11, 0x12, 0x40, 0x0, 0x1,
    0xff, 0xff, 0xff, 0xff, 0xf4, 0x0, 0x0, 0x0,
    0x3, 0xf7, 0x0, 0x0, 0x0, 0x0, 0x0, 0xc,
    0xce, 0x20, 0x0, 0x0, 0x0, 0x5, 0xdb, 0x8,
    0xf7, 0x10, 0x0, 0x5, 0xfd, 0x60, 0x0, 0x4c,
    0xf8, 0x0, 0x0, 0x20, 0x0, 0x0, 0x0, 0x12,
    0x0,

    /* U+B124 "네" */
    0x0, 0x0, 0x0, 0x3, 0xf0, 0x2f, 0x15, 0xc0,
    0x0, 0x0, 0x3f, 0x2, 0xf1, 0x6e, 0x0, 0x0,
    0x3, 0xf0, 0x2f, 0x16, 0xe0, 0x0, 0x0, 0x3f,
    0x2, 0xf1, 0x6e, 0x0, 0x2, 0x25, 0xf0, 0x2f,
    0x16, 0xe0, 0x5, 0xff, 0xff, 0x2, 0xf1, 0x6e,
    0x0, 0x0, 0x3, 0xf0, 0x2f, 0x16, 0xe0, 0x0,
    0x0, 0x3f, 0x2, 0xf1, 0x6e, 0x0, 0x1, 0x13,
    0xf0, 0x2f, 0x16, 0xfd, 0xde, 0xf9, 0x3f, 0x2,
    0xf1, 0x15, 0x44, 0x20, 0x3, 0xf0, 0x2f, 0x10,
    0x0, 0x0, 0x0, 0x3f, 0x2, 0xf1, 0x0, 0x0,
    0x0, 0x3, 0xf0, 0x2f, 0x10, 0x0, 0x0, 0x0,
    0x4, 0x2, 0xf1,

    /* U+B178 "노" */
    0x0, 0x11, 0x0, 0x0, 0x0, 0x0, 0x0, 0x0,
    0x8c, 0x0, 0x0, 0x0, 0x0, 0x0, 0x0, 0x8c,
    0x0, 0x0, 0x0, 0x0, 0x0, 0x0, 0x8c, 0x0,
    0x0, 0x0, 0x0, 0x0, 0x0, 0x8c, 0x0, 0x0,
    0x0, 0x0, 0x0, 0x0, 0x8c, 0x0, 0x0, 0x0,
    0x0, 0x0, 0x0, 0x8f, 0xdd, 0xdd, 0xdd, 0xdd,
    0x50, 0x0, 0x13, 0x33, 0x6f, 0x33, 0x33, 0x10,
    0x0, 0x0, 0x0, 0x4f, 0x0, 0x0, 0x0, 0x0,
    0x0, 0x0, 0x4f, 0x0, 0x0, 0x0, 0x0, 0x0,
    0x0, 0x4f, 0x0, 0x0, 0x0, 0x1f, 0xff, 0xff,
    0xff, 0xff, 0xff, 0xfe, 0x2, 0x22, 0x22, 0x22,
    0x22, 0x22, 0x21,

    /* U+B192 "높" */
    0x0, 0x5f, 0x0, 0x0, 0x0, 0x0, 0x0, 0x0,
    0x5f, 0x0, 0x0, 0x0, 0x0, 0x0, 0x0, 0x5f,
    0x0, 0x0, 0x0, 0x0, 0x0, 0x0, 0x5f, 0x44,
    0x44, 0x44, 0x44, 0x20, 0x0, 0x4c, 0xcc, 0xdf,
    0xcc, 0xcc, 0x50, 0x0, 0x0, 0x0, 0x4f, 0x0,
    0x0, 0x0, 0x1d, 0xdd, 0xdd, 0xef, 0xdd, 0xdd,
    0xdc, 0x3, 0x33, 0x33, 0x33, 0x33, 0x33, 0x32,
    0x0, 0x1, 0x11, 0x11, 0x11, 0x11, 0x0, 0x0,
    0xaf, 0xff, 0xff, 0xff, 0xff, 0x60, 0x0, 0x0,
    0x7d, 0x0, 0xf, 0x40, 0x0, 0x0, 0x0, 0x7d,
    0x0, 0xf, 0x40, 0x0, 0x0, 0x1, 0x8d, 0x11,
    0x1f, 0x41, 0x0, 0x0, 0xcf, 0xff, 0xff, 0xff,
    0xff, 0x90,

    /* U+B20C "눌" */
    0x0, 0x5f, 0x0, 0x0, 0x0, 0x0, 0x0, 0x0,
    0x5f, 0x0, 0x0, 0x0, 0x0, 0x0, 0x0, 0x5f,
    0x0, 0x0, 0x0, 0x0, 0x0, 0x0, 0x5f, 0xff,
    0xff, 0xff, 0xff, 0x50, 0x0, 0x1, 0x11, 0x11,
    0x11, 0x11, 0x0, 0x3, 0x33, 0x33, 0x33, 0x33,
    0x33, 0x33, 0x1d, 0xdd, 0xdd, 0xef, 0xdd, 0xdd,
    0xdc, 0x0, 0x0, 0x0, 0x4f, 0x0, 0x0, 0x0,
    0x0, 0x7f, 0xff, 0xff, 0xff, 0xff, 0x30, 0x0,
    0x1, 0x11, 0x11, 0x11, 0x2f, 0x30, 0x0, 0x5b,
    0xbb, 0xbb, 0xbb, 0xcf, 0x30, 0x0, 0x7e, 0x33,
    0x33, 0x33, 0x33, 0x0, 0x0, 0x7d, 0x0, 0x0,
    0x0, 0x0, 0x0, 0x0, 0x7f, 0xff, 0xff, 0xff,
    0xff, 0xb0,

    /* U+B294 "는" */
    0x0, 0x5f, 0x0, 0x0, 0x0, 0x0, 0x0, 0x0,
    0x5f, 0x0, 0x0, 0x0, 0x0, 0x0, 0x0, 0x5f,
    0x0, 0x0, 0x0, 0x0, 0x0, 0x0, 0x5f, 0x0,
    0x0, 0x0, 0x0, 0x0, 0x0, 0x5f, 0xff, 0xff,
    0xff, 0xff, 0x50, 0x0, 0x2, 0x22, 0x22, 0x22,
    0x22, 0x0, 0x0, 0x0, 0x0, 0x0, 0x0, 0x0,
    0x0, 0x1f, 0xff, 0xff, 0xff, 0xff, 0xff, 0xfe,
    0x1, 0x11, 0x11, 0x11, 0x11, 0x11, 0x11, 0x0,
    0x12, 0x0, 0x0, 0x0, 0x0, 0x0, 0x0, 0x7e,
    0x0, 0x0, 0x0, 0x0, 0x0, 0x0, 0x7e, 0x0,
    0x0, 0x0, 0x0, 0x0, 0x0, 0x7e, 0x11, 0x11,
    0x11, 0x11, 0x0, 0x0, 0x7f, 0xff, 0xff, 0xff,
    0xff, 0x70,

    /* U+B2C8 "니" */
    0x0, 0x0, 0x0, 0x0, 0x0, 0xe6, 0x4f, 0x10,
    0x0, 0x0, 0x0, 0xe6, 0x4f, 0x10, 0x0, 0x0,
    0x0, 0xe6, 0x4f, 0x10, 0x0, 0x0, 0x0, 0xe6,
    0x4f, 0x10, 0x0, 0x0, 0x0, 0xe6, 0x4f, 0x10,
    0x0, 0x0, 0x0, 0xe6, 0x4f, 0x10, 0x0, 0x0,
    0x0, 0xe6, 0x4f, 0x10, 0x0, 0x0, 0x0, 0xe6,
    0x4f, 0x10, 0x1, 0x35, 0x50, 0xe6, 0x4f, 0xef,
    0xff, 0xec, 0x70, 0xe6, 0x13, 0x32, 0x21, 0x0,
    0x0, 0xe6, 0x0, 0x0, 0x0, 0x0, 0x0, 0xe6,
    0x0, 0x0, 0x0, 0x0, 0x0, 0xe6, 0x0, 0x0,
    0x0, 0x0, 0x0, 0xe6,

    /* U+B2D0 "닐" */
    0x4f, 0x0, 0x0, 0x0, 0x0, 0xe6, 0x4, 0xf0,
    0x0, 0x0, 0x0, 0xe, 0x60, 0x4f, 0x0, 0x0,
    0x0, 0x0, 0xe6, 0x4, 0xf0, 0x0, 0x0, 0x0,
    0xe, 0x60, 0x4f, 0x0, 0x1, 0x46, 0x50, 0xe6,
    0x4, 0xff, 0xff, 0xfd, 0xa6, 0xe, 0x60, 0x2,
    0x11, 0x0, 0x0, 0x0, 0xe6, 0x0, 0x0, 0x11,
    0x11, 0x11, 0x13, 0x10, 0x0, 0xaf, 0xff, 0xff,
    0xff, 0xf6, 0x0, 0x0, 0x0, 0x0, 0x0, 0xe,
    0x60, 0x0, 0x9e, 0xee, 0xee, 0xee, 0xf6, 0x0,
    0xa, 0xa0, 0x0, 0x0, 0x0, 0x0, 0x0, 0xaa,
    0x0, 0x0, 0x0, 0x0, 0x0, 0xa, 0xff, 0xff,
    0xff, 0xff, 0xf1,

    /* U+B2E4 "다" */
    0x0, 0x0, 0x0, 0x0, 0x4, 0xf0, 0x0, 0x5f,
    0xff, 0xff, 0xf4, 0x4, 0xf0, 0x0, 0x6e, 0x22,
    0x22, 0x20, 0x4, 0xf0, 0x0, 0x6e, 0x0, 0x0,
    0x0, 0x4, 0xf0, 0x0, 0x6e, 0x0, 0x0, 0x0,
    0x4, 0xf0, 0x0, 0x6e, 0x0, 0x0, 0x0, 0x4,
    0xf5, 0x42, 0x6e, 0x0, 0x0, 0x0, 0x4, 0xfc,
    0xc5, 0x6e, 0x0, 0x0, 0x0, 0x4, 0xf0, 0x0,
    0x6e, 0x0, 0x0, 0x0, 0x4, 0xf0, 0x0, 0x6f,
    0x44, 0x56, 0x79, 0x54, 0xf0, 0x0, 0x5d, 0xdd,
    0xcb, 0xa7, 0x34, 0xf0, 0x0, 0x0, 0x0, 0x0,
    0x0, 0x4, 0xf0, 0x0, 0x0, 0x0, 0x0, 0x0,
    0x4, 0xf0, 0x0, 0x0, 0x0, 0x0, 0x0, 0x4,
    0xf0, 0x0,

    /* U+B300 "대" */
    0x0, 0x0, 0x0, 0x4, 0xf0, 0xf, 0x41, 0x33,
    0x33, 0x20, 0x4f, 0x0, 0xf4, 0x6f, 0xdd, 0xdc,
    0x4, 0xf0, 0xf, 0x46, 0xe0, 0x0, 0x0, 0x4f,
    0x0, 0xf4, 0x6e, 0x0, 0x0, 0x4, 0xf0, 0xf,
    0x46, 0xe0, 0x0, 0x0, 0x4f, 0x33, 0xf4, 0x6e,
    0x0, 0x0, 0x4, 0xfe, 0xef, 0x46, 0xe0, 0x0,
    0x0, 0x4f, 0x0, 0xf4, 0x6e, 0x0, 0x0, 0x4,
    0xf0, 0xf, 0x46, 0xe3, 0x45, 0x77, 0x4f, 0x0,
    0xf4, 0x5d, 0xdd, 0xca, 0x64, 0xf0, 0xf, 0x40,
    0x0, 0x0, 0x0, 0x4f, 0x0, 0xf4, 0x0, 0x0,
    0x0, 0x4, 0xf0, 0xf, 0x40, 0x0, 0x0, 0x0,
    0x15, 0x0, 0xf4,

    /* U+B354 "더" */
    0x0, 0x0, 0x0, 0x0, 0x0, 0x6e, 0x5f, 0xff,
    0xff, 0xf1, 0x0, 0x6e, 0x6e, 0x22, 0x22, 0x20,
    0x0, 0x6e, 0x6e, 0x0, 0x0, 0x0, 0x0, 0x6e,
    0x6e, 0x0, 0x0, 0x0, 0x0, 0x6e, 0x6e, 0x0,
    0x0, 0x7f, 0xff, 0xfe, 0x6e, 0x0, 0x0, 0x1,
    0x11, 0x7e, 0x6e, 0x0, 0x0, 0x0, 0x0, 0x6e,
    0x6e, 0x0, 0x0, 0x0, 0x0, 0x6e, 0x6f, 0x33,
    0x45, 0x79, 0x20, 0x6e, 0x5e, 0xdd, 0xdc, 0xa8,
    0x10, 0x6e, 0x0, 0x0, 0x0, 0x0, 0x0, 0x6e,
    0x0, 0x0, 0x0, 0x0, 0x0, 0x6e, 0x0, 0x0,
    0x0, 0x0, 0x0, 0x6e,

    /* U+B3C4 "도" */
    0x0, 0x0, 0x0, 0x0, 0x0, 0x0, 0x0, 0x0,
    0x7f, 0xff, 0xff, 0xff, 0xff, 0x30, 0x0, 0x7d,
    0x0, 0x0, 0x0, 0x0, 0x0, 0x0, 0x7d, 0x0,
    0x0, 0x0, 0x0, 0x0, 0x0, 0x7d, 0x0, 0x0,
    0x0, 0x0, 0x0, 0x0, 0x7d, 0x0, 0x0, 0x0,
    0x0, 0x0, 0x0, 0x7e, 0x33, 0x33, 0x33, 0x33,
    0x10, 0x0, 0x6d, 0xdd, 0xef, 0xdd, 0xdd, 0x40,
    0x0, 0x0, 0x0, 0x4f, 0x0, 0x0, 0x0, 0x0,
    0x0, 0x0, 0x4f, 0x0, 0x0, 0x0, 0x0, 0x0,
    0x0, 0x4f, 0x0, 0x0, 0x0, 0x1f, 0xff, 0xff,
    0xff, 0xff, 0xff, 0xfd, 0x2, 0x22, 0x22, 0x22,
    0x22, 0x22, 0x22,

    /* U+B3CC "돌" */
    0x0, 0x5f, 0xff, 0xff, 0xff, 0xff, 0x20, 0x0,
    0x5f, 0x0, 0x0, 0x0, 0x0, 0x0, 0x0, 0x5f,
    0x0, 0x0, 0x0, 0x0, 0x0, 0x0, 0x5f, 0x22,
    0x22, 0x22, 0x22, 0x0, 0x0, 0x5e, 0xee, 0xff,
    0xee, 0xee, 0x40, 0x0, 0x0, 0x0, 0x4f, 0x0,
    0x0, 0x0, 0x1e, 0xee, 0xee, 0xef, 0xee, 0xee,
    0xec, 0x0, 0x0, 0x0, 0x0, 0x0, 0x0, 0x0,
    0x0, 0x7e, 0xee, 0xee, 0xee, 0xee, 0x20, 0x0,
    0x1, 0x11, 0x11, 0x11, 0x3f, 0x20, 0x0, 0x13,
    0x33, 0x33, 0x33, 0x4f, 0x20, 0x0, 0x7f, 0xcc,
    0xcc, 0xcc, 0xcc, 0x10, 0x0, 0x7c, 0x0, 0x0,
    0x0, 0x0, 0x0, 0x0, 0x7f, 0xff, 0xff, 0xff,
    0xff, 0x90,

    /* U+B3D9 "동" */
    0x0, 0x7f, 0xff, 0xff, 0xff, 0xff, 0x40, 0x0,
    0x7d, 0x11, 0x11, 0x11, 0x11, 0x0, 0x0, 0x7d,
    0x0, 0x0, 0x0, 0x0, 0x0, 0x0, 0x7d, 0x0,
    0x0, 0x0, 0x0, 0x0, 0x0, 0x7f, 0xff, 0xff,
    0xff, 0xff, 0x50, 0x0, 0x1, 0x11, 0x5f, 0x21,
    0x11, 0x0, 0x1, 0x11, 0x11, 0x4f, 0x21, 0x11,
    0x11, 0x1f, 0xff, 0xff, 0xff, 0xff, 0xff, 0xfe,
    0x0, 0x0, 0x0, 0x0, 0x0, 0x0, 0x0, 0x0,
    0x2, 0x9d, 0xef, 0xec, 0x81, 0x0, 0x0, 0x3f,
    0x93, 0x10, 0x14, 0xbe, 0x10, 0x0, 0x7e, 0x0,
    0x0, 0x0, 0x1f, 0x40, 0x0, 0x3f, 0x93, 0x10,
    0x14, 0xbe, 0x10, 0x0, 0x2, 0x9d, 0xef, 0xec,
    0x81, 0x0,

    /* U+B428 "됨" */
    0x0, 0xef, 0xff, 0xff, 0xf0, 0xf, 0x50, 0xe,
    0x71, 0x11, 0x11, 0x0, 0xf5, 0x0, 0xe6, 0x0,
    0x0, 0x0, 0xf, 0x50, 0xe, 0x60, 0x0, 0x0,
    0x0, 0xf5, 0x0, 0xef, 0xff, 0xff, 0xf1, 0xf,
    0x50, 0x1, 0x13, 0xf4, 0x11, 0x0, 0xf5, 0x1,
    0x11, 0x4f, 0x54, 0x57, 0xf, 0x51, 0xff, 0xee,
    0xdc, 0xb9, 0x70, 0xf5, 0x0, 0x0, 0x0, 0x0,
    0x0, 0xa, 0x30, 0x0, 0xdf, 0xff, 0xff, 0xff,
    0xf5, 0x0, 0xe, 0x71, 0x11, 0x11, 0x1e, 0x50,
    0x0, 0xe6, 0x0, 0x0, 0x0, 0xe5, 0x0, 0xe,
    0x71, 0x11, 0x11, 0x1e, 0x50, 0x0, 0xef, 0xff,
    0xff, 0xff, 0xf5,

    /* U+B450 "두" */
    0x0, 0x5f, 0xff, 0xff, 0xff, 0xff, 0x0, 0x0,
    0x5f, 0x11, 0x11, 0x11, 0x11, 0x0, 0x0, 0x5f,
    0x0, 0x0, 0x0, 0x0, 0x0, 0x0, 0x5f, 0x0,
    0x0, 0x0, 0x0, 0x0, 0x0, 0x5f, 0x0, 0x0,
    0x0, 0x0, 0x0, 0x0, 0x5f, 0xff, 0xff, 0xff,
    0xff, 0x30, 0x0, 0x1, 0x11, 0x11, 0x11, 0x11,
    0x0, 0x0, 0x0, 0x0, 0x0, 0x0, 0x0, 0x0,
    0x1f, 0xff, 0xff, 0xff, 0xff, 0xff, 0xfe, 0x2,
    0x22, 0x22, 0x6f, 0x22, 0x22, 0x21, 0x0, 0x0,
    0x0, 0x5f, 0x0, 0x0, 0x0, 0x0, 0x0, 0x0,
    0x5f, 0x0, 0x0, 0x0, 0x0, 0x0, 0x0, 0x5f,
    0x0, 0x0, 0x0, 0x0, 0x0, 0x0, 0x5f, 0x0,
    0x0, 0x0,

    /* U+B461 "둡" */
    0x0, 0x7f, 0xff, 0xff, 0xff, 0xff, 0x40, 0x0,
    0x7d, 0x11, 0x11, 0x11, 0x11, 0x0, 0x0, 0x7d,
    0x0, 0x0, 0x0, 0x0, 0x0, 0x0, 0x7d, 0x11,
    0x11, 0x11, 0x11, 0x0, 0x0, 0x6f, 0xff, 0xff,
    0xff, 0xff, 0x60, 0x0, 0x0, 0x0, 0x0, 0x0,
    0x0, 0x0, 0x1f, 0xff, 0xff, 0xff, 0xff, 0xff,
    0xfd, 0x2, 0x22, 0x22, 0x5f, 0x22, 0x22, 0x21,
    0x0, 0x36, 0x0, 0x4f, 0x10, 0x7, 0x10, 0x0,
    0x6e, 0x0, 0x3, 0x0, 0x1f, 0x40, 0x0, 0x6f,
    0xff, 0xff, 0xff, 0xff, 0x40, 0x0, 0x6e, 0x11,
    0x11, 0x11, 0x1f, 0x40, 0x0, 0x6e, 0x11, 0x11,
    0x11, 0x1f, 0x40, 0x0, 0x6f, 0xff, 0xff, 0xff,
    0xff, 0x40,

    /* U+B4A4 "뒤" */
    0x0, 0xef, 0xff, 0xff, 0xf0, 0xe, 0x60, 0xe,
    0x71, 0x11, 0x11, 0x0, 0xe6, 0x0, 0xe6, 0x0,
    0x0, 0x0, 0xe, 0x60, 0xe, 0x60, 0x0, 0x0,
    0x0, 0xe6, 0x0, 0xe7, 0x11, 0x11, 0x10, 0xe,
    0x60, 0xe, 0xff, 0xff, 0xff, 0x20, 0xe6, 0x0,
    0x0, 0x0, 0x0, 0x0, 0xe, 0x60, 0x22, 0x22,
    0x33, 0x46, 0x71, 0xe6, 0x2f, 0xff, 0xef, 0xdc,
    0xa9, 0x1e, 0x60, 0x0, 0x1, 0xf3, 0x0, 0x0,
    0xe6, 0x0, 0x0, 0x1f, 0x30, 0x0, 0xe, 0x60,
    0x0, 0x1, 0xf3, 0x0, 0x0, 0xe6, 0x0, 0x0,
    0x1f, 0x30, 0x0, 0xe, 0x60, 0x0, 0x1, 0xf3,
    0x0, 0x0, 0xe6,

    /* U+B4DC "드" */
    0x0, 0x6f, 0xff, 0xff, 0xff, 0xff, 0x30, 0x0,
    0x7d, 0x22, 0x22, 0x22, 0x22, 0x0, 0x0, 0x7d,
    0x0, 0x0, 0x0, 0x0, 0x0, 0x0, 0x7d, 0x0,
    0x0, 0x0, 0x0, 0x0, 0x0, 0x7d, 0x0, 0x0,
    0x0, 0x0, 0x0, 0x0, 0x7d, 0x22, 0x22, 0x22,
    0x22, 0x0, 0x0, 0x6f, 0xff, 0xff, 0xff, 0xff,
    0x50, 0x0, 0x0, 0x0, 0x0, 0x0, 0x0, 0x0,
    0x0, 0x0, 0x0, 0x0, 0x0, 0x0, 0x0, 0x0,
    0x0, 0x0, 0x0, 0x0, 0x0, 0x0, 0x1f, 0xff,
    0xff, 0xff, 0xff, 0xff, 0xfe, 0x2, 0x22, 0x22,
    0x22, 0x22, 0x22, 0x22,

    /* U+B4E0 "든" */
    0x0, 0x7f, 0xff, 0xff, 0xff, 0xff, 0x30, 0x0,
    0x7d, 0x11, 0x11, 0x11, 0x11, 0x0, 0x0, 0x7d,
    0x0, 0x0, 0x0, 0x0, 0x0, 0x0, 0x7d, 0x0,
    0x0, 0x0, 0x0, 0x0, 0x0, 0x7f, 0xcc, 0xcc,
    0xcc, 0xcc, 0x40, 0x0, 0x14, 0x44, 0x44, 0x44,
    0x44, 0x10, 0x0, 0x0, 0x0, 0x0, 0x0, 0x0,
    0x0, 0x1f, 0xff, 0xff, 0xff, 0xff, 0xff, 0xfd,
    0x1, 0x11, 0x11, 0x11, 0x11, 0x11, 0x11, 0x0,
    0x12, 0x0, 0x0, 0x0, 0x0, 0x0, 0x0, 0x7e,
    0x0, 0x0, 0x0, 0x0, 0x0, 0x0, 0x7e, 0x0,
    0x0, 0x0, 0x0, 0x0, 0x0, 0x7e, 0x11, 0x11,
    0x11, 0x11, 0x0, 0x0, 0x7f, 0xff, 0xff, 0xff,
    0xff, 0x70,

    /* U+B4F1 "등" */
    0x0, 0x7f, 0xff, 0xff, 0xff, 0xff, 0x40, 0x0,
    0x7d, 0x0, 0x0, 0x0, 0x0, 0x0, 0x0, 0x7d,
    0x0, 0x0, 0x0, 0x0, 0x0, 0x0, 0x7d, 0x0,
    0x0, 0x0, 0x0, 0x0, 0x0, 0x7f, 0xff, 0xff,
    0xff, 0xff, 0x50, 0x0, 0x1, 0x11, 0x11, 0x11,
    0x11, 0x0, 0x2, 0x22, 0x22, 0x22, 0x22, 0x22,
    0x22, 0x1f, 0xff, 0xff, 0xff, 0xff, 0xff, 0xfd,
    0x0, 0x0, 0x0, 0x0, 0x0, 0x0, 0x0, 0x0,
    0x2, 0x9d, 0xff, 0xec, 0x81, 0x0, 0x0, 0x3f,
    0x93, 0x0, 0x14, 0xbe, 0x10, 0x0, 0x7e, 0x0,
    0x0, 0x0, 0x1f, 0x40, 0x0, 0x3f, 0x93, 0x10,
    0x14, 0xbe, 0x10, 0x0, 0x2, 0x9d, 0xef, 0xec,
    0x81, 0x0,

    /* U+B514 "디" */
    0x0, 0x0, 0x0, 0x0, 0x0, 0xe6, 0x3f, 0xff,
    0xff, 0xf8, 0x0, 0xe6, 0x3f, 0x32, 0x22, 0x21,
    0x0, 0xe6, 0x3f, 0x10, 0x0, 0x0, 0x0, 0xe6,
    0x3f, 0x10, 0x0, 0x0, 0x0, 0xe6, 0x3f, 0x10,
    0x0, 0x0, 0x0, 0xe6, 0x3f, 0x10, 0x0, 0x0,
    0x0, 0xe6, 0x3f, 0x10, 0x0, 0x0, 0x0, 0xe6,
    0x3f, 0x10, 0x0, 0x0, 0x0, 0xe6, 0x3f, 0x44,
    0x45, 0x69, 0x80, 0xe6, 0x3d, 0xdd, 0xdc, 0xa8,
    0x50, 0xe6, 0x0, 0x0, 0x0, 0x0, 0x0, 0xe6,
    0x0, 0x0, 0x0, 0x0, 0x0, 0xe6, 0x0, 0x0,
    0x0, 0x0, 0x0, 0xe6,

    /* U+B77C "라" */
    0x0, 0x0, 0x0, 0x0, 0x3, 0xf1, 0x0, 0x6f,
    0xff, 0xff, 0xf1, 0x3, 0xf1, 0x0, 0x2, 0x22,
    0x24, 0xf1, 0x3, 0xf1, 0x0, 0x0, 0x0, 0x3,
    0xf1, 0x3, 0xf1, 0x0, 0x0, 0x0, 0x3, 0xf1,
    0x3, 0xf1, 0x0, 0x39, 0x99, 0x9a, 0xf1, 0x3,
    0xf5, 0x41, 0x5f, 0x88, 0x88, 0x80, 0x3, 0xfd,
    0xd6, 0x5e, 0x0, 0x0, 0x0, 0x3, 0xf1, 0x0,
    0x5e, 0x0, 0x0, 0x0, 0x3, 0xf1, 0x0, 0x5e,
    0x22, 0x34, 0x58, 0x53, 0xf1, 0x0, 0x5f, 0xee,
    0xed, 0xb9, 0x53, 0xf1, 0x0, 0x0, 0x0, 0x0,
    0x0, 0x3, 0xf1, 0x0, 0x0, 0x0, 0x0, 0x0,
    0x3, 0xf1, 0x0, 0x0, 0x0, 0x0, 0x0, 0x3,
    0xf1, 0x0,

    /* U+B798 "래" */
    0x0, 0x0, 0x0, 0xe, 0x50, 0x5e, 0xcd, 0xdd,
    0xd4, 0xe, 0x50, 0x5e, 0x34, 0x44, 0xf5, 0xe,
    0x50, 0x5e, 0x0, 0x0, 0xe5, 0xe, 0x50, 0x5e,
    0x0, 0x0, 0xe5, 0xe, 0x50, 0x5e, 0xcd, 0xdd,
    0xf5, 0xe, 0xdb, 0xde, 0xe8, 0x33, 0x31, 0xe,
    0x85, 0x9e, 0xe6, 0x0, 0x0, 0xe, 0x50, 0x5e,
    0xe6, 0x0, 0x0, 0xe, 0x50, 0x5e, 0xe7, 0x33,
    0x57, 0x1e, 0x50, 0x5e, 0xde, 0xed, 0xba, 0x2e,
    0x50, 0x5e, 0x0, 0x0, 0x0, 0xe, 0x50, 0x5e,
    0x0, 0x0, 0x0, 0xe, 0x50, 0x5e, 0x0, 0x0,
    0x0, 0x4, 0x10, 0x5e,

    /* U+B799 "랙" */
    0x1, 0x11, 0x11, 0x5, 0xf0, 0x2f, 0x25, 0xff,
    0xff, 0xf0, 0x5f, 0x2, 0xf2, 0x0, 0x0, 0x3f,
    0x5, 0xf0, 0x2f, 0x20, 0x0, 0x4, 0xf0, 0x5f,
    0x45, 0xf2, 0x5f, 0xff, 0xff, 0x5, 0xfc, 0xcf,
    0x25, 0xe0, 0x0, 0x0, 0x5f, 0x2, 0xf2, 0x5e,
    0x0, 0x13, 0x55, 0xf0, 0x2f, 0x25, 0xff, 0xff,
    0xda, 0x5f, 0x2, 0xf2, 0x0, 0x0, 0x0, 0x2,
    0x80, 0x2f, 0x10, 0x2, 0x44, 0x44, 0x44, 0x44,
    0x40, 0x0, 0x6d, 0xdd, 0xdd, 0xdd, 0xdf, 0x20,
    0x0, 0x0, 0x0, 0x0, 0x3, 0xf2, 0x0, 0x0,
    0x0, 0x0, 0x0, 0x3f, 0x20, 0x0, 0x0, 0x0,
    0x0, 0x3, 0xf2,

    /* U+B7EC "러" */
    0x0, 0x0, 0x0, 0x0, 0x0, 0x6e, 0x6f, 0xff,
    0xff, 0xf0, 0x0, 0x6e, 0x2, 0x22, 0x26, 0xf0,
    0x0, 0x6e, 0x0, 0x0, 0x4, 0xf0, 0x0, 0x6e,
    0x1, 0x11, 0x15, 0xf0, 0x0, 0x6e, 0x6f, 0xff,
    0xff, 0xf1, 0xee, 0xee, 0x6e, 0x0, 0x0, 0x0,
    0x33, 0x8e, 0x6e, 0x0, 0x0, 0x0, 0x0, 0x6e,
    0x6e, 0x0, 0x0, 0x0, 0x0, 0x6e, 0x6e, 0x33,
    0x35, 0x69, 0x20, 0x6e, 0x5e, 0xed, 0xdc, 0xa8,
    0x20, 0x6e, 0x0, 0x0, 0x0, 0x0, 0x0, 0x6e,
    0x0, 0x0, 0x0, 0x0, 0x0, 0x6e, 0x0, 0x0,
    0x0, 0x0, 0x0, 0x6e,

    /* U+B7F0 "런" */
    0x1, 0x11, 0x11, 0x10, 0x0, 0x6e, 0x6, 0xff,
    0xff, 0xff, 0x0, 0x6, 0xe0, 0x0, 0x0, 0x5,
    0xf0, 0x0, 0x6e, 0x0, 0x0, 0x0, 0x5f, 0x6,
    0x6a, 0xe0, 0x5f, 0xff, 0xff, 0xf0, 0xbb, 0xde,
    0x6, 0xe0, 0x0, 0x0, 0x0, 0x6, 0xe0, 0x6e,
    0x0, 0x0, 0x2, 0x0, 0x6e, 0x6, 0xfd, 0xdd,
    0xef, 0xf3, 0x6, 0xe0, 0x14, 0x33, 0x32, 0x10,
    0x0, 0x6e, 0x0, 0x1, 0x40, 0x0, 0x0, 0x6,
    0xe0, 0x0, 0x6e, 0x0, 0x0, 0x0, 0x37, 0x0,
    0x6, 0xe0, 0x0, 0x0, 0x0, 0x0, 0x0, 0x6e,
    0x11, 0x11, 0x11, 0x11, 0x0, 0x6, 0xff, 0xff,
    0xff, 0xff, 0xf1,

    /* U+B808 "레" */
    0x0, 0x0, 0x0, 0x4, 0xe0, 0x5e, 0xcd, 0xdd,
    0xd2, 0x4, 0xe0, 0x5e, 0x34, 0x44, 0xf3, 0x4,
    0xe0, 0x5e, 0x0, 0x0, 0xf3, 0x4, 0xe0, 0x5e,
    0x0, 0x0, 0xf3, 0x37, 0xe0, 0x5e, 0xce, 0xee,
    0xf4, 0xde, 0xe0, 0x5e, 0xe7, 0x22, 0x20, 0x4,
    0xe0, 0x5e, 0xe6, 0x0, 0x0, 0x4, 0xe0, 0x5e,
    0xe6, 0x0, 0x0, 0x4, 0xe0, 0x5e, 0xe8, 0x44,
    0x68, 0x44, 0xe0, 0x5e, 0xcd, 0xdc, 0xb9, 0x44,
    0xe0, 0x5e, 0x0, 0x0, 0x0, 0x4, 0xe0, 0x5e,
    0x0, 0x0, 0x0, 0x4, 0xe0, 0x5e, 0x0, 0x0,
    0x0, 0x1, 0x30, 0x5e,

    /* U+B825 "력" */
    0x2, 0x22, 0x22, 0x10, 0x0, 0x6e, 0x6f, 0xff,
    0xff, 0xe0, 0x0, 0x6e, 0x0, 0x0, 0x5, 0xe2,
    0xdd, 0xee, 0x0, 0x0, 0x6, 0xe0, 0x33, 0x8e,
    0x5f, 0xff, 0xff, 0xe0, 0x0, 0x6e, 0x5e, 0x0,
    0x0, 0x2, 0xee, 0xee, 0x5e, 0x11, 0x12, 0x34,
    0x11, 0x7e, 0x5f, 0xff, 0xfe, 0xd8, 0x0, 0x6e,
    0x0, 0x0, 0x0, 0x0, 0x0, 0x5b, 0x0, 0x8c,
    0xcc, 0xcc, 0xcc, 0xcb, 0x0, 0x34, 0x44, 0x44,
    0x44, 0x8e, 0x0, 0x0, 0x0, 0x0, 0x0, 0x6e,
    0x0, 0x0, 0x0, 0x0, 0x0, 0x6e, 0x0, 0x0,
    0x0, 0x0, 0x0, 0x6e,

    /* U+B85C "로" */
    0x0, 0x1, 0x11, 0x11, 0x11, 0x11, 0x0, 0x0,
    0x8f, 0xff, 0xff, 0xff, 0xff, 0x40, 0x0, 0x0,
    0x0, 0x0, 0x0, 0xf, 0x40, 0x0, 0x0, 0x0,
    0x0, 0x0, 0xf, 0x40, 0x0, 0x7f, 0xff, 0xff,
    0xff, 0xff, 0x40, 0x0, 0x8d, 0x11, 0x11, 0x11,
    0x11, 0x0, 0x0, 0x8c, 0x0, 0x0, 0x0, 0x0,
    0x0, 0x0, 0x8d, 0x33, 0x33, 0x33, 0x33, 0x10,
    0x0, 0x6d, 0xdd, 0xef, 0xdd, 0xdd, 0x80, 0x0,
    0x0, 0x0, 0x4f, 0x0, 0x0, 0x0, 0x0, 0x0,
    0x0, 0x4f, 0x0, 0x0, 0x0, 0x1e, 0xee, 0xee,
    0xef, 0xee, 0xee, 0xed, 0x3, 0x33, 0x33, 0x33,
    0x33, 0x33, 0x32,

    /* U+B85D "록" */
    0x0, 0x7f, 0xff, 0xff, 0xff, 0xff, 0x40, 0x0,
    0x0, 0x0, 0x0, 0x0, 0xf, 0x40, 0x0, 0x1,
    0x11, 0x11, 0x11, 0x1f, 0x40, 0x0, 0x6f, 0xee,
    0xee, 0xee, 0xee, 0x30, 0x0, 0x6e, 0x0, 0x0,
    0x0, 0x0, 0x0, 0x0, 0x6f, 0xff, 0xff, 0xff,
    0xff, 0x80, 0x0, 0x1, 0x11, 0x4f, 0x21, 0x11,
    0x0, 0x1, 0x11, 0x11, 0x5f, 0x21, 0x11, 0x11,
    0x1f, 0xff, 0xff, 0xff, 0xff, 0xff, 0xfe, 0x0,
    0x11, 0x11, 0x11, 0x11, 0x11, 0x0, 0x0, 0x9f,
    0xff, 0xff, 0xff, 0xff, 0x50, 0x0, 0x0, 0x0,
    0x0, 0x0, 0xf, 0x50, 0x0, 0x0, 0x0, 0x0,
    0x0, 0xf, 0x50, 0x0, 0x0, 0x0, 0x0, 0x0,
    0xf, 0x50,

    /* U+B8CC "료" */
    0x0, 0x1, 0x11, 0x11, 0x11, 0x11, 0x0, 0x0,
    0x8f, 0xff, 0xff, 0xff, 0xff, 0x40, 0x0, 0x0,
    0x0, 0x0, 0x0, 0xf, 0x40, 0x0, 0x0, 0x0,
    0x0, 0x0, 0xf, 0x40, 0x0, 0x7f, 0xff, 0xff,
    0xff, 0xff, 0x40, 0x0, 0x8d, 0x11, 0x11, 0x11,
    0x11, 0x0, 0x0, 0x8c, 0x0, 0x0, 0x0, 0x0,
    0x0, 0x0, 0x8d, 0x33, 0x33, 0x33, 0x33, 0x20,
    0x0, 0x6d, 0xef, 0xdd, 0xdf, 0xed, 0x70, 0x0,
    0x0, 0x7c, 0x0, 0xf, 0x50, 0x0, 0x0, 0x0,
    0x7c, 0x0, 0xf, 0x50, 0x0, 0x1e, 0xee, 0xff,
    0xee, 0xef, 0xee, 0xed, 0x3, 0x33, 0x33, 0x33,
    0x33, 0x33, 0x32,

    /* U+B8E8 "루" */
    0x0, 0x9f, 0xff, 0xff, 0xff, 0xff, 0x40, 0x0,
    0x0, 0x0, 0x0, 0x0, 0xf, 0x40, 0x0, 0x0,
    0x0, 0x0, 0x0, 0xf, 0x40, 0x0, 0x7f, 0xff,
    0xff, 0xff, 0xff, 0x40, 0x0, 0x8c, 0x0, 0x0,
    0x0, 0x0, 0x0, 0x0, 0x8c, 0x0, 0x0, 0x0,
    0x0, 0x0, 0x0, 0x8f, 0xff, 0xff, 0xff, 0xff,
    0x90, 0x0, 0x1, 0x11, 0x11, 0x11, 0x11, 0x0,
    0x4, 0x44, 0x44, 0x44, 0x44, 0x44, 0x43, 0x1d,
    0xdd, 0xdd, 0xef, 0xdd, 0xdd, 0xdc, 0x0, 0x0,
    0x0, 0x4f, 0x0, 0x0, 0x0, 0x0, 0x0, 0x0,
    0x4f, 0x0, 0x0, 0x0, 0x0, 0x0, 0x0, 0x4f,
    0x0, 0x0, 0x0, 0x0, 0x0, 0x0, 0x4f, 0x0,
    0x0, 0x0,

    /* U+B968 "륨" */
    0x0, 0x7f, 0xff, 0xff, 0xff, 0xff, 0x30, 0x0,
    0x0, 0x0, 0x0, 0x0, 0x1f, 0x30, 0x0, 0x13,
    0x33, 0x33, 0x33, 0x4f, 0x30, 0x0, 0x7f, 0xcc,
    0xcc, 0xcc, 0xcc, 0x20, 0x0, 0x7d, 0x0, 0x0,
    0x0, 0x0, 0x0, 0x0, 0x6f, 0xff, 0xff, 0xff,
    0xff, 0x70, 0x0, 0x0, 0x0, 0x0, 0x0, 0x0,
    0x0, 0x1f, 0xff, 0xff, 0xff, 0xff, 0xff, 0xfe,
    0x1, 0x11, 0x9b, 0x11, 0x1e, 0x71, 0x11, 0x0,
    0x1, 0x9b, 0x11, 0x1e, 0x71, 0x0, 0x0, 0x5f,
    0xee, 0xee, 0xee, 0xef, 0x30, 0x0, 0x5e, 0x0,
    0x0, 0x0, 0x1f, 0x30, 0x0, 0x5e, 0x0, 0x0,
    0x0, 0x1f, 0x30, 0x0, 0x5f, 0xff, 0xff, 0xff,
    0xff, 0x30,

    /* U+B974 "르" */
    0x0, 0x1, 0x11, 0x11, 0x11, 0x11, 0x0, 0x0,
    0x8f, 0xff, 0xff, 0xff, 0xff, 0x40, 0x0, 0x0,
    0x0, 0x0, 0x0, 0xf, 0x40, 0x0, 0x0, 0x0,
    0x0, 0x0, 0xf, 0x40, 0x0, 0x7f, 0xff, 0xff,
    0xff, 0xff, 0x40, 0x0, 0x8d, 0x11, 0x11, 0x11,
    0x11, 0x0, 0x0, 0x8c, 0x0, 0x0, 0x0, 0x0,
    0x0, 0x0, 0x8d, 0x22, 0x22, 0x22, 0x22, 0x10,
    0x0, 0x7e, 0xee, 0xee, 0xee, 0xee, 0x80, 0x0,
    0x0, 0x0, 0x0, 0x0, 0x0, 0x0, 0x0, 0x0,
    0x0, 0x0, 0x0, 0x0, 0x0, 0x1f, 0xff, 0xff,
    0xff, 0xff, 0xff, 0xfd, 0x2, 0x22, 0x22, 0x22,
    0x22, 0x22, 0x22,

    /* U+B978 "른" */
    0x0, 0x7f, 0xff, 0xff, 0xff, 0xff, 0x30, 0x0,
    0x0, 0x0, 0x0, 0x0, 0x1f, 0x30, 0x0, 0x0,
    0x0, 0x0, 0x0, 0x2f, 0x30, 0x0, 0x7f, 0xee,
    0xee, 0xee, 0xee, 0x20, 0x0, 0x7d, 0x0, 0x0,
    0x0, 0x0, 0x0, 0x0, 0x7f, 0xcc, 0xcc, 0xcc,
    0xcc, 0x60, 0x0, 0x14, 0x44, 0x44, 0x44, 0x44,
    0x20, 0x2, 0x22, 0x22, 0x22, 0x22, 0x22, 0x21,
    0x1f, 0xff, 0xff, 0xff, 0xff, 0xff, 0xfe, 0x0,
    0x0, 0x0, 0x0, 0x0, 0x0, 0x0, 0x0, 0x5d,
    0x0, 0x0, 0x0, 0x0, 0x0, 0x0, 0x6e, 0x0,
    0x0, 0x0, 0x0, 0x0, 0x0, 0x6e, 0x11, 0x11,
    0x11, 0x11, 0x0, 0x0, 0x6f, 0xff, 0xff, 0xff,
    0xff, 0x80,

    /* U+B97C "를" */
    0x0, 0x6e, 0xee, 0xee, 0xee, 0xef, 0x30, 0x0,
    0x0, 0x0, 0x0, 0x0, 0x1f, 0x30, 0x0, 0x6e,
    0xee, 0xee, 0xee, 0xef, 0x30, 0x0, 0x7d, 0x0,
    0x0, 0x0, 0x0, 0x0, 0x0, 0x7f, 0xcc, 0xcc,
    0xcc, 0xcc, 0x50, 0x0, 0x13, 0x33, 0x33, 0x33,
    0x33, 0x10, 0xb, 0xbb, 0xbb, 0xbb, 0xbb, 0xbb,
    0xba, 0x4, 0x44, 0x44, 0x44, 0x44, 0x44, 0x43,
    0x0, 0x12, 0x22, 0x22, 0x22, 0x22, 0x0, 0x0,
    0x7d, 0xdd, 0xdd, 0xdd, 0xdf, 0x40, 0x0, 0x0,
    0x0, 0x0, 0x0, 0xf, 0x40, 0x0, 0x8f, 0xee,
    0xee, 0xee, 0xee, 0x30, 0x0, 0x8c, 0x0, 0x0,
    0x0, 0x0, 0x0, 0x0, 0x8f, 0xff, 0xff, 0xff,
    0xff, 0xa0,

    /* U+B9AC "리" */
    0x0, 0x0, 0x0, 0x0, 0x0, 0xe6, 0x5f, 0xff,
    0xff, 0xf4, 0x0, 0xe6, 0x2, 0x22, 0x22, 0xf4,
    0x0, 0xe6, 0x0, 0x0, 0x0, 0xf4, 0x0, 0xe6,
    0x0, 0x0, 0x0, 0xf4, 0x0, 0xe6, 0x4f, 0xff,
    0xff, 0xf4, 0x0, 0xe6, 0x5f, 0x22, 0x22, 0x20,
    0x0, 0xe6, 0x5f, 0x0, 0x0, 0x0, 0x0, 0xe6,
    0x5f, 0x0, 0x0, 0x0, 0x0, 0xe6, 0x5f, 0x23,
    0x34, 0x68, 0x90, 0xe6, 0x4f, 0xee, 0xdd, 0xb9,
    0x70, 0xe6, 0x0, 0x0, 0x0, 0x0, 0x0, 0xe6,
    0x0, 0x0, 0x0, 0x0, 0x0, 0xe6, 0x0, 0x0,
    0x0, 0x0, 0x0, 0xe6,

    /* U+B9C8 "마" */
    0x0, 0x0, 0x0, 0x0, 0x3, 0xf1, 0x0, 0x5f,
    0xff, 0xff, 0xf3, 0x3, 0xf1, 0x0, 0x5e, 0x11,
    0x12, 0xf3, 0x3, 0xf1, 0x0, 0x5e, 0x0, 0x1,
    0xf3, 0x3, 0xf1, 0x0, 0x5e, 0x0, 0x1, 0xf3,
    0x3, 0xf1, 0x0, 0x5e, 0x0, 0x1, 0xf3, 0x3,
    0xf4, 0x31, 0x5e, 0x0, 0x1, 0xf3, 0x3, 0xfe,
    0xe6, 0x5e, 0x0, 0x1, 0xf3, 0x3, 0xf1, 0x0,
    0x5e, 0x0, 0x1, 0xf3, 0x3, 0xf1, 0x0, 0x5f,
    0x55, 0x55, 0xf3, 0x3, 0xf1, 0x0, 0x4c, 0xcc,
    0xcc, 0xc2, 0x3, 0xf1, 0x0, 0x0, 0x0, 0x0,
    0x0, 0x3, 0xf1, 0x0, 0x0, 0x0, 0x0, 0x0,
    0x3, 0xf1, 0x0, 0x0, 0x0, 0x0, 0x0, 0x3,
    0xf1, 0x0,

    /* U+B9CC "만" */
    0x0, 0x0, 0x0, 0x0, 0x2, 0xf3, 0x0, 0x5f,
    0xff, 0xff, 0xf3, 0x2, 0xf3, 0x0, 0x5e, 0x11,
    0x12, 0xf3, 0x2, 0xf3, 0x0, 0x5e, 0x0, 0x0,
    0xf3, 0x2, 0xf3, 0x0, 0x5e, 0x0, 0x0, 0xf3,
    0x2, 0xff, 0xf4, 0x5e, 0x0, 0x0, 0xf3, 0x2,
    0xf4, 0x20, 0x5e, 0x11, 0x12, 0xf3, 0x2, 0xf3,
    0x0, 0x5f, 0xff, 0xff, 0xf3, 0x2, 0xf3, 0x0,
    0x0, 0x0, 0x0, 0x0, 0x2, 0xf3, 0x0, 0x0,
    0x64, 0x0, 0x0, 0x2, 0xf3, 0x0, 0x0, 0xb9,
    0x0, 0x0, 0x1, 0x81, 0x0, 0x0, 0xb9, 0x0,
    0x0, 0x0, 0x0, 0x0, 0x0, 0xb9, 0x11, 0x11,
    0x11, 0x10, 0x0, 0x0, 0xbf, 0xff, 0xff, 0xff,
    0xfa, 0x0,

    /* U+B9CE "많" */
    0x1, 0x11, 0x11, 0x10, 0x0, 0xe6, 0x0, 0x5f,
    0xff, 0xff, 0xf7, 0x0, 0xe6, 0x0, 0x5e, 0x0,
    0x0, 0xd7, 0x0, 0xe6, 0x0, 0x5e, 0x0, 0x0,
    0xd7, 0x0, 0xef, 0xf1, 0x5e, 0x0, 0x0, 0xd7,
    0x0, 0xe7, 0x20, 0x5e, 0x33, 0x33, 0xd7, 0x0,
    0xe6, 0x0, 0x4d, 0xdd, 0xdd, 0xd6, 0x0, 0xe6,
    0x0, 0x0, 0x0, 0x0, 0x0, 0x49, 0x42, 0x0,
    0x3, 0x70, 0x2, 0x66, 0xae, 0x66, 0x50, 0x7,
    0xe0, 0x3, 0x99, 0x99, 0x99, 0x70, 0x7, 0xe0,
    0x0, 0x6, 0xcd, 0xa1, 0x0, 0x7, 0xe0, 0x0,
    0x4e, 0x31, 0x9b, 0x0, 0x7, 0xe2, 0x47, 0x5e,
    0x10, 0x8c, 0x0, 0x7, 0xfe, 0xb6, 0x8, 0xee,
    0xc2, 0x0,

    /* U+BA38 "머" */
    0x0, 0x0, 0x0, 0x0, 0x0, 0x6e, 0x5f, 0xff,
    0xff, 0xf2, 0x0, 0x6e, 0x5e, 0x11, 0x13, 0xf2,
    0x0, 0x6e, 0x5e, 0x0, 0x2, 0xf2, 0x0, 0x6e,
    0x5e, 0x0, 0x2, 0xf2, 0x0, 0x6e, 0x5e, 0x0,
    0x2, 0xff, 0xff, 0xfe, 0x5e, 0x0, 0x2, 0xf4,
    0x11, 0x7e, 0x5e, 0x0, 0x2, 0xf2, 0x0, 0x6e,
    0x5e, 0x0, 0x2, 0xf2, 0x0, 0x6e, 0x5f, 0x44,
    0x45, 0xf2, 0x0, 0x6e, 0x4c, 0xcc, 0xcc, 0xc2,
    0x0, 0x6e, 0x0, 0x0, 0x0, 0x0, 0x0, 0x6e,
    0x0, 0x0, 0x0, 0x0, 0x0, 0x6e, 0x0, 0x0,
    0x0, 0x0, 0x0, 0x6e,

    /* U+BA3C "먼" */
    0x0, 0x0, 0x0, 0x0, 0x0, 0x6e, 0x5, 0xff,
    0xff, 0xff, 0x20, 0x6, 0xe0, 0x5e, 0x11, 0x12,
    0xf2, 0x0, 0x6e, 0x5, 0xe0, 0x0, 0x1f, 0x42,
    0x27, 0xe0, 0x5e, 0x0, 0x1, 0xff, 0xff, 0xfe,
    0x5, 0xe0, 0x0, 0x1f, 0x20, 0x6, 0xe0, 0x5e,
    0x11, 0x13, 0xf2, 0x0, 0x6e, 0x5, 0xff, 0xff,
    0xff, 0x20, 0x6, 0xe0, 0x0, 0x0, 0x0, 0x0,
    0x0, 0x6e, 0x0, 0x3, 0x70, 0x0, 0x0, 0x6,
    0xe0, 0x0, 0x6f, 0x0, 0x0, 0x0, 0x36, 0x0,
    0x6, 0xf0, 0x0, 0x0, 0x0, 0x0, 0x0, 0x6f,
    0x11, 0x11, 0x11, 0x11, 0x0, 0x6, 0xff, 0xff,
    0xff, 0xff, 0xf1,

    /* U+BA40 "멀" */
    0x5f, 0xff, 0xff, 0xf4, 0x0, 0x6e, 0x5, 0xe0,
    0x0, 0xf, 0x40, 0x6, 0xe0, 0x5e, 0x0, 0x0,
    0xf5, 0x11, 0x7e, 0x5, 0xe0, 0x0, 0xf, 0xff,
    0xff, 0xe0, 0x5e, 0x0, 0x0, 0xf4, 0x0, 0x6e,
    0x5, 0xfd, 0xdd, 0xdf, 0x40, 0x6, 0xe0, 0x13,
    0x33, 0x33, 0x30, 0x0, 0x6e, 0x0, 0x0, 0x11,
    0x11, 0x11, 0x13, 0x60, 0x0, 0x7f, 0xff, 0xff,
    0xff, 0xfe, 0x0, 0x0, 0x0, 0x0, 0x0, 0x6,
    0xe0, 0x0, 0x5d, 0xdd, 0xdd, 0xdd, 0xee, 0x0,
    0x7, 0xe2, 0x22, 0x22, 0x22, 0x20, 0x0, 0x7d,
    0x0, 0x0, 0x0, 0x0, 0x0, 0x7, 0xff, 0xff,
    0xff, 0xff, 0xf3,

    /* U+BA54 "메" */
    0x0, 0x0, 0x0, 0x4, 0xf0, 0x5e, 0x44, 0x44,
    0x41, 0x4, 0xf0, 0x5e, 0xdd, 0xcc, 0xf6, 0x4,
    0xf0, 0x5e, 0xd6, 0x0, 0xd6, 0x4, 0xf0, 0x5e,
    0xd6, 0x0, 0xd6, 0x4, 0xf0, 0x5e, 0xd6, 0x0,
    0xdf, 0xff, 0xf0, 0x5e, 0xd6, 0x0, 0xd7, 0x25,
    0xf0, 0x5e, 0xd6, 0x0, 0xd6, 0x4, 0xf0, 0x5e,
    0xd6, 0x0, 0xd6, 0x4, 0xf0, 0x5e, 0xdf, 0xff,
    0xf6, 0x4, 0xf0, 0x5e, 0x11, 0x11, 0x10, 0x4,
    0xf0, 0x5e, 0x0, 0x0, 0x0, 0x4, 0xf0, 0x5e,
    0x0, 0x0, 0x0, 0x4, 0xf0, 0x5e, 0x0, 0x0,
    0x0, 0x1, 0x50, 0x5e,

    /* U+BA74 "면" */
    0x0, 0x0, 0x0, 0x0, 0x0, 0x6e, 0x5, 0xee,
    0xee, 0xef, 0x20, 0x6, 0xe0, 0x5e, 0x0, 0x1,
    0xfe, 0xdd, 0xee, 0x5, 0xe0, 0x0, 0x1f, 0x53,
    0x38, 0xe0, 0x5e, 0x0, 0x1, 0xf2, 0x0, 0x6e,
    0x5, 0xe0, 0x0, 0x1f, 0xa9, 0x9b, 0xe0, 0x5e,
    0x11, 0x13, 0xfb, 0xaa, 0xce, 0x5, 0xff, 0xff,
    0xff, 0x20, 0x6, 0xe0, 0x0, 0x0, 0x0, 0x0,
    0x0, 0x6e, 0x0, 0x3, 0x70, 0x0, 0x0, 0x6,
    0xe0, 0x0, 0x7e, 0x0, 0x0, 0x0, 0x36, 0x0,
    0x7, 0xe0, 0x0, 0x0, 0x0, 0x0, 0x0, 0x7e,
    0x11, 0x11, 0x11, 0x11, 0x0, 0x7, 0xff, 0xff,
    0xff, 0xff, 0xf0,

    /* U+BAA8 "모" */
    0x0, 0x8f, 0xff, 0xff, 0xff, 0xff, 0x50, 0x0,
    0x8b, 0x11, 0x11, 0x11, 0x1f, 0x50, 0x0, 0x8b,
    0x0, 0x0, 0x0, 0xf, 0x50, 0x0, 0x8b, 0x0,
    0x0, 0x0, 0xf, 0x50, 0x0, 0x8b, 0x0, 0x0,
    0x0, 0xf, 0x50, 0x0, 0x8b, 0x11, 0x11, 0x11,
    0x1f, 0x50, 0x0, 0x8f, 0xff, 0xff, 0xff, 0xff,
    0x50, 0x0, 0x0, 0x0, 0x4f, 0x10, 0x0, 0x0,
    0x0, 0x0, 0x0, 0x4f, 0x10, 0x0, 0x0, 0x0,
    0x0, 0x0, 0x4f, 0x10, 0x0, 0x0, 0x1f, 0xff,
    0xff, 0xff, 0xff, 0xff, 0xfe, 0x2, 0x22, 0x22,
    0x22, 0x22, 0x22, 0x22,

    /* U+BAA9 "목" */
    0x0, 0x6f, 0xff, 0xff, 0xff, 0xff, 0x40, 0x0,
    0x6e, 0x0, 0x0, 0x0, 0xf, 0x40, 0x0, 0x6e,
    0x0, 0x0, 0x0, 0xf, 0x40, 0x0, 0x6e, 0x0,
    0x0, 0x0, 0xf, 0x40, 0x0, 0x6f, 0xff, 0xff,
    0xff, 0xff, 0x40, 0x0, 0x1, 0x11, 0x4f, 0x21,
    0x11, 0x0, 0x0, 0x0, 0x0, 0x3f, 0x10, 0x0,
    0x0, 0x1f, 0xff, 0xff, 0xff, 0xff, 0xff, 0xfe,
    0x1, 0x11, 0x11, 0x11, 0x11, 0x11, 0x11, 0x0,
    0x12, 0x22, 0x22, 0x22, 0x22, 0x0, 0x0, 0x8e,
    0xee, 0xee, 0xee, 0xef, 0x50, 0x0, 0x0, 0x0,
    0x0, 0x0, 0xf, 0x50, 0x0, 0x0, 0x0, 0x0,
    0x0, 0xf, 0x50, 0x0, 0x0, 0x0, 0x0, 0x0,
    0xf, 0x50,

    /* U+BBF8 "미" */
    0x0, 0x0, 0x0, 0x0, 0x0, 0xe6, 0x4f, 0xff,
    0xff, 0xf4, 0x0, 0xe6, 0x5f, 0x11, 0x11, 0xf4,
    0x0, 0xe6, 0x5f, 0x0, 0x0, 0xf4, 0x0, 0xe6,
    0x5f, 0x0, 0x0, 0xf4, 0x0, 0xe6, 0x5f, 0x0,
    0x0, 0xf4, 0x0, 0xe6, 0x5f, 0x0, 0x0, 0xf4,
    0x0, 0xe6, 0x5f, 0x0, 0x0, 0xf4, 0x0, 0xe6,
    0x5f, 0x0, 0x0, 0xf4, 0x0, 0xe6, 0x5f, 0x44,
    0x44, 0xf4, 0x0, 0xe6, 0x3c, 0xcc, 0xcc, 0xc3,
    0x0, 0xe6, 0x0, 0x0, 0x0, 0x0, 0x0, 0xe6,
    0x0, 0x0, 0x0, 0x0, 0x0, 0xe6, 0x0, 0x0,
    0x0, 0x0, 0x0, 0xe6,

    /* U+BC0F "및" */
    0x1, 0x11, 0x11, 0x10, 0x0, 0xe6, 0x5, 0xff,
    0xff, 0xff, 0x50, 0xe, 0x60, 0x5e, 0x0, 0x0,
    0xf5, 0x0, 0xe6, 0x5, 0xe0, 0x0, 0xf, 0x50,
    0xe, 0x60, 0x5e, 0x0, 0x0, 0xf5, 0x0, 0xe6,
    0x5, 0xf3, 0x33, 0x3f, 0x50, 0xe, 0x60, 0x4d,
    0xdd, 0xdd, 0xd4, 0x0, 0xe6, 0x0, 0x0, 0x0,
    0x1, 0x20, 0xe, 0x60, 0x0, 0x0, 0x0, 0x9b,
    0x0, 0x31, 0x0, 0xb, 0xff, 0xff, 0xff, 0xff,
    0xb0, 0x0, 0x0, 0x0, 0xbd, 0x0, 0x0, 0x0,
    0x0, 0x0, 0x6f, 0xd8, 0x0, 0x0, 0x0, 0x5,
    0xce, 0x42, 0xdc, 0x51, 0x0, 0x2f, 0xc7, 0x0,
    0x0, 0x6c, 0xf1, 0x0, 0x0, 0x0, 0x0, 0x0,
    0x0, 0x0,

    /* U+BC14 "바" */
    0x0, 0x0, 0x0, 0x0, 0x3, 0xf1, 0x0, 0x4a,
    0x0, 0x0, 0xb3, 0x3, 0xf1, 0x0, 0x6e, 0x0,
    0x0, 0xf4, 0x3, 0xf1, 0x0, 0x6e, 0x0, 0x0,
    0xf4, 0x3, 0xf1, 0x0, 0x6e, 0x0, 0x0, 0xf4,
    0x3, 0xf1, 0x0, 0x6f, 0xff, 0xff, 0xf4, 0x3,
    0xf6, 0x52, 0x6e, 0x11, 0x11, 0xf4, 0x3, 0xfd,
    0xc5, 0x6e, 0x0, 0x0, 0xf4, 0x3, 0xf1, 0x0,
    0x6e, 0x0, 0x0, 0xf4, 0x3, 0xf1, 0x0, 0x6e,
    0x22, 0x22, 0xf4, 0x3, 0xf1, 0x0, 0x5f, 0xff,
    0xff, 0xf4, 0x3, 0xf1, 0x0, 0x0, 0x0, 0x0,
    0x0, 0x3, 0xf1, 0x0, 0x0, 0x0, 0x0, 0x0,
    0x3, 0xf1, 0x0, 0x0, 0x0, 0x0, 0x0, 0x3,
    0xf1, 0x0,

    /* U+BC18 "반" */
    0x1, 0x0, 0x0, 0x20, 0x2, 0xf2, 0x0, 0x6e,
    0x0, 0x0, 0xf4, 0x2, 0xf2, 0x0, 0x6e, 0x0,
    0x0, 0xf4, 0x2, 0xf2, 0x0, 0x6f, 0xdd, 0xdd,
    0xf4, 0x2, 0xf2, 0x0, 0x6e, 0x22, 0x22, 0xf4,
    0x2, 0xff, 0xf4, 0x6e, 0x0, 0x0, 0xf4, 0x2,
    0xf4, 0x20, 0x6e, 0x11, 0x11, 0xf4, 0x2, 0xf2,
    0x0, 0x5f, 0xff, 0xff, 0xf4, 0x2, 0xf2, 0x0,
    0x0, 0x0, 0x0, 0x0, 0x2, 0xf2, 0x0, 0x0,
    0x64, 0x0, 0x0, 0x2, 0xf2, 0x0, 0x0, 0xc9,
    0x0, 0x0, 0x1, 0x81, 0x0, 0x0, 0xc9, 0x0,
    0x0, 0x0, 0x0, 0x0, 0x0, 0xc9, 0x11, 0x11,
    0x11, 0x10, 0x0, 0x0, 0xcf, 0xff, 0xff, 0xff,
    0xfa, 0x0,

    /* U+BC1D "밝" */
    0x6e, 0x0, 0x0, 0xf4, 0x2, 0xf2, 0x0, 0x6e,
    0x0, 0x0, 0xf4, 0x2, 0xf2, 0x0, 0x6f, 0x77,
    0x77, 0xf4, 0x2, 0xf2, 0x0, 0x6f, 0xaa, 0xaa,
    0xf4, 0x2, 0xff, 0xf4, 0x6e, 0x0, 0x0, 0xf4,
    0x2, 0xf3, 0x10, 0x6e, 0x11, 0x11, 0xf4, 0x2,
    0xf2, 0x0, 0x5f, 0xff, 0xff, 0xf4, 0x2, 0xf2,
    0x0, 0x0, 0x0, 0x0, 0x0, 0x1, 0xa1, 0x0,
    0x7, 0xff, 0xff, 0x5f, 0xff, 0xf2, 0x0, 0x0,
    0x0, 0x2f, 0x21, 0x13, 0xf2, 0x0, 0x1, 0x22,
    0x4f, 0x20, 0x2, 0xf2, 0x0, 0x7, 0xfc, 0xcc,
    0x10, 0x2, 0xf2, 0x0, 0x7, 0xc0, 0x1, 0x20,
    0x2, 0xf2, 0x0, 0x7, 0xff, 0xfe, 0xc2, 0x2,
    0xf2, 0x0, 0x0, 0x0, 0x0, 0x0, 0x0, 0x10,
    0x0,

    /* U+BC38 "밸" */
    0x5e, 0x0, 0xf, 0x43, 0xf1, 0x1f, 0x25, 0xe0,
    0x0, 0xf4, 0x3f, 0x11, 0xf2, 0x5f, 0xaa, 0xaf,
    0x43, 0xf1, 0x1f, 0x25, 0xf7, 0x77, 0xf4, 0x3f,
    0xff, 0xf2, 0x5e, 0x0, 0xf, 0x43, 0xf2, 0x3f,
    0x25, 0xe2, 0x22, 0xf4, 0x3f, 0x11, 0xf2, 0x4d,
    0xdd, 0xdd, 0x33, 0xf1, 0x1f, 0x20, 0x0, 0x0,
    0x0, 0x1, 0x1, 0x81, 0x0, 0x5f, 0xff, 0xff,
    0xff, 0xff, 0x20, 0x0, 0x0, 0x0, 0x0, 0x2,
    0xf2, 0x0, 0x3c, 0xcc, 0xcc, 0xcc, 0xdf, 0x20,
    0x4, 0xf2, 0x22, 0x22, 0x22, 0x20, 0x0, 0x4f,
    0x0, 0x0, 0x0, 0x0, 0x0, 0x4, 0xff, 0xff,
    0xff, 0xff, 0xf7,

    /* U+BC84 "버" */
    0x0, 0x0, 0x0, 0x0, 0x0, 0x6e, 0x4b, 0x0,
    0x1, 0xd2, 0x0, 0x6e, 0x6e, 0x0, 0x1, 0xf3,
    0x0, 0x6e, 0x6e, 0x0, 0x1, 0xf3, 0x0, 0x6e,
    0x6f, 0x66, 0x66, 0xf3, 0x0, 0x6e, 0x6f, 0xaa,
    0xaa, 0xff, 0xff, 0xfe, 0x6e, 0x0, 0x1, 0xf4,
    0x11, 0x7e, 0x6e, 0x0, 0x1, 0xf3, 0x0, 0x6e,
    0x6e, 0x0, 0x1, 0xf3, 0x0, 0x6e, 0x6f, 0x44,
    0x45, 0xf3, 0x0, 0x6e, 0x4c, 0xcc, 0xcc, 0xc2,
    0x0, 0x6e, 0x0, 0x0, 0x0, 0x0, 0x0, 0x6e,
    0x0, 0x0, 0x0, 0x0, 0x0, 0x6e, 0x0, 0x0,
    0x0, 0x0, 0x0, 0x6e,

    /* U+BC88 "번" */
    0x13, 0x0, 0x0, 0x30, 0x0, 0x6e, 0x6, 0xe0,
    0x0, 0x3f, 0x10, 0x6, 0xe0, 0x6e, 0x0, 0x3,
    0xf1, 0x0, 0x6e, 0x6, 0xfb, 0xbb, 0xcf, 0x32,
    0x27, 0xe0, 0x6f, 0x55, 0x57, 0xff, 0xff, 0xfe,
    0x6, 0xe0, 0x0, 0x3f, 0x10, 0x6, 0xe0, 0x6e,
    0x0, 0x4, 0xf1, 0x0, 0x6e, 0x6, 0xff, 0xff,
    0xff, 0x10, 0x6, 0xe0, 0x0, 0x0, 0x0, 0x0,
    0x0, 0x6e, 0x0, 0x3, 0x50, 0x0, 0x0, 0x6,
    0xe0, 0x0, 0x8c, 0x0, 0x0, 0x0, 0x49, 0x0,
    0x8, 0xc0, 0x0, 0x0, 0x0, 0x0, 0x0, 0x8d,
    0x11, 0x11, 0x11, 0x11, 0x0, 0x8, 0xff, 0xff,
    0xff, 0xff, 0xf0,

    /* U+BC94 "범" */
    0x0, 0x0, 0x0, 0x0, 0x0, 0x0, 0x6e, 0x0,
    0x3, 0xf1, 0x0, 0x6e, 0x6e, 0x0, 0x3, 0xf1,
    0x0, 0x6e, 0x6f, 0x66, 0x68, 0xf1, 0x0, 0x6e,
    0x6f, 0xbb, 0xbc, 0xfc, 0xcc, 0xde, 0x6e, 0x0,
    0x3, 0xf5, 0x55, 0x9e, 0x6e, 0x0, 0x3, 0xf1,
    0x0, 0x6e, 0x6f, 0xee, 0xef, 0xf1, 0x0, 0x6e,
    0x2, 0x22, 0x22, 0x20, 0x0, 0x6e, 0x0, 0x1,
    0x11, 0x11, 0x11, 0x35, 0x0, 0x9f, 0xff, 0xff,
    0xff, 0xfe, 0x0, 0x9a, 0x0, 0x0, 0x0, 0x5e,
    0x0, 0x9a, 0x0, 0x0, 0x0, 0x5e, 0x0, 0x9b,
    0x11, 0x11, 0x11, 0x6e, 0x0, 0x9f, 0xff, 0xff,
    0xff, 0xfe,

    /* U+BCC0 "변" */
    0x13, 0x0, 0x0, 0x30, 0x0, 0x6e, 0x6, 0xe0,
    0x0, 0x3f, 0x10, 0x6, 0xe0, 0x6e, 0x0, 0x3,
    0xfb, 0xbb, 0xde, 0x6, 0xfe, 0xee, 0xef, 0x55,
    0x59, 0xe0, 0x6e, 0x22, 0x25, 0xf1, 0x0, 0x6e,
    0x6, 0xe0, 0x0, 0x3f, 0x99, 0x9b, 0xe0, 0x6e,
    0x0, 0x4, 0xfa, 0x99, 0xce, 0x6, 0xff, 0xff,
    0xff, 0x10, 0x6, 0xe0, 0x0, 0x0, 0x0, 0x0,
    0x0, 0x6e, 0x0, 0x3, 0x50, 0x0, 0x0, 0x6,
    0xe0, 0x0, 0x8c, 0x0, 0x0, 0x0, 0x38, 0x0,
    0x8, 0xc0, 0x0, 0x0, 0x0, 0x0, 0x0, 0x8d,
    0x11, 0x11, 0x11, 0x11, 0x0, 0x8, 0xff, 0xff,
    0xff, 0xff, 0xf0,

    /* U+BCC4 "별" */
    0x6e, 0x0, 0x3, 0xf1, 0x0, 0x6e, 0x6, 0xe0,
    0x0, 0x3f, 0x32, 0x27, 0xe0, 0x6f, 0x33, 0x36,
    0xff, 0xff, 0xfe, 0x6, 0xfc, 0xcc, 0xdf, 0x32,
    0x27, 0xe0, 0x6e, 0x0, 0x3, 0xf5, 0x44, 0x9e,
    0x6, 0xe1, 0x11, 0x4f, 0xbb, 0xbd, 0xe0, 0x5f,
    0xff, 0xff, 0xf1, 0x0, 0x6e, 0x0, 0x0, 0x0,
    0x0, 0x0, 0x3, 0x70, 0x0, 0x8f, 0xff, 0xff,
    0xff, 0xfe, 0x0, 0x0, 0x11, 0x11, 0x11, 0x16,
    0xe0, 0x0, 0x6c, 0xcc, 0xcc, 0xcc, 0xde, 0x0,
    0x8, 0xd3, 0x33, 0x33, 0x33, 0x20, 0x0, 0x8c,
    0x0, 0x0, 0x0, 0x0, 0x0, 0x8, 0xff, 0xff,
    0xff, 0xff, 0xf3,

    /* U+BCF4 "보" */
    0x0, 0x12, 0x0, 0x0, 0x0, 0x3, 0x10, 0x0,
    0x8c, 0x0, 0x0, 0x0, 0xe, 0x50, 0x0, 0x8c,
    0x0, 0x0, 0x0, 0xe, 0x50, 0x0, 0x8f, 0xdd,
    0xdd, 0xdd, 0xdf, 0x50, 0x0, 0x8d, 0x44, 0x44,
    0x44, 0x4f, 0x50, 0x0, 0x8c, 0x0, 0x0, 0x0,
    0xe, 0x50, 0x0, 0x8c, 0x0, 0x0, 0x0, 0xe,
    0x50, 0x0, 0x8f, 0xff, 0xff, 0xff, 0xff, 0x50,
    0x0, 0x1, 0x11, 0x5f, 0x21, 0x11, 0x0, 0x0,
    0x0, 0x0, 0x4f, 0x10, 0x0, 0x0, 0x0, 0x0,
    0x0, 0x4f, 0x10, 0x0, 0x0, 0x1f, 0xff, 0xff,
    0xff, 0xff, 0xff, 0xfe, 0x2, 0x22, 0x22, 0x22,
    0x22, 0x22, 0x21,

    /* U+BCF5 "복" */
    0x0, 0x6e, 0x0, 0x0, 0x0, 0x1f, 0x30, 0x0,
    0x6e, 0x11, 0x11, 0x11, 0x2f, 0x30, 0x0, 0x6f,
    0xff, 0xff, 0xff, 0xff, 0x30, 0x0, 0x6e, 0x0,
    0x0, 0x0, 0x1f, 0x30, 0x0, 0x6e, 0x44, 0x44,
    0x44, 0x5f, 0x30, 0x0, 0x5c, 0xcc, 0xdf, 0xcc,
    0xcc, 0x20, 0x0, 0x0, 0x0, 0x4f, 0x0, 0x0,
    0x0, 0x1f, 0xff, 0xff, 0xff, 0xff, 0xff, 0xfe,
    0x2, 0x22, 0x22, 0x22, 0x22, 0x22, 0x21, 0x0,
    0x11, 0x11, 0x11, 0x11, 0x11, 0x0, 0x0, 0xaf,
    0xff, 0xff, 0xff, 0xff, 0x50, 0x0, 0x0, 0x0,
    0x0, 0x0, 0xf, 0x50, 0x0, 0x0, 0x0, 0x0,
    0x0, 0xf, 0x50, 0x0, 0x0, 0x0, 0x0, 0x0,
    0xf, 0x50,

    /* U+BCF8 "본" */
    0x0, 0x5e, 0x0, 0x0, 0x0, 0x2f, 0x20, 0x0,
    0x5e, 0x0, 0x0, 0x0, 0x2f, 0x20, 0x0, 0x5f,
    0xff, 0xff, 0xff, 0xff, 0x20, 0x0, 0x5e, 0x11,
    0x11, 0x11, 0x3f, 0x20, 0x0, 0x5e, 0x0, 0x0,
    0x0, 0x2f, 0x20, 0x0, 0x5f, 0xff, 0xff, 0xff,
    0xff, 0x20, 0x0, 0x1, 0x11, 0x5f, 0x21, 0x11,
    0x0, 0x1, 0x11, 0x11, 0x5f, 0x21, 0x11, 0x11,
    0x1f, 0xff, 0xff, 0xff, 0xff, 0xff, 0xfe, 0x0,
    0x0, 0x0, 0x0, 0x0, 0x0, 0x0, 0x0, 0x6e,
    0x0, 0x0, 0x0, 0x0, 0x0, 0x0, 0x6e, 0x0,
    0x0, 0x0, 0x0, 0x0, 0x0, 0x6e, 0x11, 0x11,
    0x11, 0x11, 0x0, 0x0, 0x6f, 0xff, 0xff, 0xff,
    0xff, 0x60,

    /* U+BCFC "볼" */
    0x0, 0x5e, 0x0, 0x0, 0x0, 0x2f, 0x20, 0x0,
    0x5f, 0xdd, 0xdd, 0xdd, 0xdf, 0x20, 0x0, 0x5e,
    0x33, 0x33, 0x33, 0x5f, 0x20, 0x0, 0x5e, 0x0,
    0x0, 0x0, 0x3f, 0x20, 0x0, 0x5f, 0xff, 0xff,
    0xff, 0xff, 0x10, 0x0, 0x0, 0x0, 0x4f, 0x0,
    0x0, 0x0, 0x1d, 0xdd, 0xdd, 0xdf, 0xdd, 0xdd,
    0xdb, 0x2, 0x22, 0x22, 0x22, 0x22, 0x22, 0x22,
    0x0, 0x6c, 0xcc, 0xcc, 0xcc, 0xcc, 0x10, 0x0,
    0x13, 0x33, 0x33, 0x33, 0x4f, 0x20, 0x0, 0x2,
    0x22, 0x22, 0x22, 0x3f, 0x20, 0x0, 0x7f, 0xdd,
    0xdd, 0xdd, 0xdd, 0x20, 0x0, 0x7c, 0x0, 0x0,
    0x0, 0x0, 0x0, 0x0, 0x7f, 0xff, 0xff, 0xff,
    0xff, 0x90,

    /* U+BD80 "부" */
    0x0, 0x7d, 0x0, 0x0, 0x0, 0xf, 0x40, 0x0,
    0x7d, 0x0, 0x0, 0x0, 0xf, 0x40, 0x0, 0x7f,
    0xdd, 0xdd, 0xdd, 0xdf, 0x40, 0x0, 0x7e, 0x33,
    0x33, 0x33, 0x3f, 0x40, 0x0, 0x7d, 0x0, 0x0,
    0x0, 0xf, 0x40, 0x0, 0x7e, 0x33, 0x33, 0x33,
    0x4f, 0x40, 0x0, 0x6d, 0xdd, 0xdd, 0xdd, 0xdd,
    0x30, 0x0, 0x0, 0x0, 0x0, 0x0, 0x0, 0x0,
    0x1e, 0xee, 0xee, 0xee, 0xee, 0xee, 0xec, 0x2,
    0x22, 0x22, 0x6f, 0x32, 0x22, 0x22, 0x0, 0x0,
    0x0, 0x4f, 0x0, 0x0, 0x0, 0x0, 0x0, 0x0,
    0x4f, 0x0, 0x0, 0x0, 0x0, 0x0, 0x0, 0x4f,
    0x0, 0x0, 0x0, 0x0, 0x0, 0x0, 0x4f, 0x0,
    0x0, 0x0,

    /* U+BD81 "북" */
    0x0, 0x6e, 0x0, 0x0, 0x0, 0x1f, 0x30, 0x0,
    0x6e, 0x11, 0x11, 0x11, 0x2f, 0x30, 0x0, 0x6f,
    0xff, 0xff, 0xff, 0xff, 0x30, 0x0, 0x6e, 0x0,
    0x0, 0x0, 0x1f, 0x30, 0x0, 0x6e, 0x44, 0x44,
    0x44, 0x5f, 0x30, 0x0, 0x5c, 0xcc, 0xcc, 0xcc,
    0xcc, 0x20, 0x1, 0x11, 0x11, 0x11, 0x11, 0x11,
    0x11, 0x1f, 0xff, 0xff, 0xff, 0xff, 0xff, 0xfe,
    0x0, 0x0, 0x0, 0x4f, 0x0, 0x0, 0x0, 0x0,
    0x12, 0x22, 0x6f, 0x32, 0x22, 0x0, 0x0, 0x9e,
    0xee, 0xee, 0xee, 0xef, 0x50, 0x0, 0x0, 0x0,
    0x0, 0x0, 0xf, 0x50, 0x0, 0x0, 0x0, 0x0,
    0x0, 0xf, 0x50, 0x0, 0x0, 0x0, 0x0, 0x0,
    0xf, 0x50,

    /* U+BD84 "분" */
    0x0, 0x6e, 0x0, 0x0, 0x0, 0x2f, 0x20, 0x0,
    0x6e, 0x0, 0x0, 0x0, 0x2f, 0x20, 0x0, 0x6f,
    0xff, 0xff, 0xff, 0xff, 0x20, 0x0, 0x6e, 0x11,
    0x11, 0x11, 0x3f, 0x20, 0x0, 0x6e, 0x0, 0x0,
    0x0, 0x2f, 0x20, 0x0, 0x6f, 0xff, 0xff, 0xff,
    0xff, 0x20, 0x0, 0x0, 0x0, 0x0, 0x0, 0x0,
    0x0, 0x1d, 0xdd, 0xdd, 0xdd, 0xdd, 0xdd, 0xdb,
    0x4, 0x44, 0x44, 0x6f, 0x54, 0x44, 0x43, 0x0,
    0x0, 0x0, 0x3f, 0x20, 0x0, 0x0, 0x0, 0x6c,
    0x0, 0x3f, 0x20, 0x0, 0x0, 0x0, 0x7d, 0x0,
    0x0, 0x0, 0x0, 0x0, 0x0, 0x7d, 0x11, 0x11,
    0x11, 0x11, 0x0, 0x0, 0x7f, 0xff, 0xff, 0xff,
    0xff, 0x60,

    /* U+BE0C "브" */
    0x0, 0x34, 0x0, 0x0, 0x0, 0x5, 0x10, 0x0,
    0x8c, 0x0, 0x0, 0x0, 0xe, 0x50, 0x0, 0x8c,
    0x0, 0x0, 0x0, 0xe, 0x50, 0x0, 0x8d, 0x44,
    0x44, 0x44, 0x4f, 0x50, 0x0, 0x8f, 0xcc, 0xcc,
    0xcc, 0xcf, 0x50, 0x0, 0x8c, 0x0, 0x0, 0x0,
    0xe, 0x50, 0x0, 0x8c, 0x0, 0x0, 0x0, 0xe,
    0x50, 0x0, 0x8f, 0xff, 0xff, 0xff, 0xff, 0x50,
    0x0, 0x12, 0x22, 0x22, 0x22, 0x22, 0x0, 0x0,
    0x0, 0x0, 0x0, 0x0, 0x0, 0x0, 0x0, 0x0,
    0x0, 0x0, 0x0, 0x0, 0x0, 0x1f, 0xff, 0xff,
    0xff, 0xff, 0xff, 0xfe, 0x2, 0x22, 0x22, 0x22,
    0x22, 0x22, 0x22,

    /* U+BE14 "블" */
    0x0, 0x5e, 0x0, 0x0, 0x0, 0x2f, 0x20, 0x0,
    0x5f, 0xcc, 0xcc, 0xcc, 0xdf, 0x20, 0x0, 0x5f,
    0x33, 0x33, 0x33, 0x5f, 0x20, 0x0, 0x5e, 0x0,
    0x0, 0x0, 0x3f, 0x20, 0x0, 0x5f, 0xff, 0xff,
    0xff, 0xff, 0x10, 0x0, 0x0, 0x0, 0x0, 0x0,
    0x0, 0x0, 0x1f, 0xff, 0xff, 0xff, 0xff, 0xff,
    0xfe, 0x1, 0x11, 0x11, 0x11, 0x11, 0x11, 0x11,
    0x0, 0x6d, 0xdd, 0xdd, 0xdd, 0xdd, 0x20, 0x0,
    0x12, 0x22, 0x22, 0x22, 0x3f, 0x20, 0x0, 0x12,
    0x22, 0x22, 0x22, 0x3f, 0x20, 0x0, 0x7f, 0xdd,
    0xdd, 0xdd, 0xdd, 0x20, 0x0, 0x7c, 0x0, 0x0,
    0x0, 0x0, 0x0, 0x0, 0x7f, 0xff, 0xff, 0xff,
    0xff, 0x90,

    /* U+BE60 "빠" */
    0x0, 0x0, 0x0, 0x0, 0x1, 0xf3, 0x0, 0x81,
    0x9, 0x19, 0x1, 0x81, 0xf3, 0x0, 0xe3, 0xf,
    0x3f, 0x3, 0xe1, 0xf3, 0x0, 0xe3, 0xf, 0x3f,
    0x3, 0xe1, 0xf3, 0x0, 0xe7, 0x5f, 0x3f, 0x57,
    0xe1, 0xf3, 0x0, 0xec, 0xbf, 0x3f, 0xbb, 0xe1,
    0xfd, 0xc1, 0xe3, 0xf, 0x3f, 0x3, 0xe1, 0xf7,
    0x50, 0xe3, 0xf, 0x3f, 0x3, 0xe1, 0xf3, 0x0,
    0xe3, 0xf, 0x3f, 0x3, 0xe1, 0xf3, 0x0, 0xe5,
    0x2f, 0x3f, 0x24, 0xe1, 0xf3, 0x0, 0xde, 0xee,
    0x2e, 0xee, 0xd1, 0xf3, 0x0, 0x0, 0x0, 0x0,
    0x0, 0x1, 0xf3, 0x0, 0x0, 0x0, 0x0, 0x0,
    0x1, 0xf3, 0x0, 0x0, 0x0, 0x0, 0x0, 0x1,
    0xf3, 0x0,

    /* U+C0AC "사" */
    0x0, 0x0, 0x0, 0x0, 0x0, 0x3f, 0x10, 0x0,
    0x0, 0x4, 0xa0, 0x0, 0x3, 0xf1, 0x0, 0x0,
    0x0, 0x6e, 0x0, 0x0, 0x3f, 0x10, 0x0, 0x0,
    0x6, 0xe0, 0x0, 0x3, 0xf1, 0x0, 0x0, 0x0,
    0x7f, 0x0, 0x0, 0x3f, 0x10, 0x0, 0x0, 0xa,
    0xf2, 0x0, 0x3, 0xf3, 0x20, 0x0, 0x1, 0xfe,
    0x80, 0x0, 0x3f, 0xff, 0x70, 0x0, 0x8d, 0x5f,
    0x20, 0x3, 0xf1, 0x0, 0x0, 0x3f, 0x50, 0xcc,
    0x0, 0x3f, 0x10, 0x0, 0x4e, 0x90, 0x1, 0xdc,
    0x23, 0xf1, 0x0, 0xc, 0x80, 0x0, 0x1, 0x91,
    0x3f, 0x10, 0x0, 0x0, 0x0, 0x0, 0x0, 0x3,
    0xf1, 0x0, 0x0, 0x0, 0x0, 0x0, 0x0, 0x3f,
    0x10, 0x0, 0x0, 0x0, 0x0, 0x0, 0x3, 0xf1,
    0x0,

    /* U+C0AD "삭" */
    0x0, 0x6, 0xe0, 0x0, 0x1, 0xf3, 0x0, 0x0,
    0x6, 0xe0, 0x0, 0x1, 0xf3, 0x0, 0x0, 0x7,
    0xf0, 0x0, 0x1, 0xf3, 0x0, 0x0, 0xb, 0xf4,
    0x0, 0x1, 0xf5, 0x20, 0x0, 0x2f, 0xec, 0x0,
    0x1, 0xff, 0xe4, 0x0, 0xcc, 0x3f, 0x90, 0x1,
    0xf3, 0x0, 0x3d, 0xe2, 0x5, 0xfd, 0x21, 0xf3,
    0x0, 0xaa, 0x10, 0x0, 0x29, 0x1, 0xf3, 0x0,
    0x0, 0x0, 0x0, 0x0, 0x1, 0xb2, 0x0, 0x2,
    0xff, 0xff, 0xff, 0xff, 0xf3, 0x0, 0x0, 0x11,
    0x11, 0x11, 0x13, 0xf3, 0x0, 0x0, 0x0, 0x0,
    0x0, 0x1, 0xf3, 0x0, 0x0, 0x0, 0x0, 0x0,
    0x1, 0xf3, 0x0, 0x0, 0x0, 0x0, 0x0, 0x1,
    0xf3, 0x0,

    /* U+C0C1 "상" */
    0x0, 0x0, 0xaa, 0x0, 0x0, 0x5f, 0x0, 0x0,
    0x0, 0xa, 0xa0, 0x0, 0x5, 0xf0, 0x0, 0x0,
    0x0, 0xbc, 0x0, 0x0, 0x5f, 0x0, 0x0, 0x0,
    0xe, 0xf0, 0x0, 0x5, 0xf3, 0x30, 0x0, 0x5,
    0xff, 0x80, 0x0, 0x5f, 0xdd, 0x10, 0x1, 0xe9,
    0x6f, 0x60, 0x5, 0xf0, 0x0, 0x3, 0xec, 0x0,
    0x9f, 0xa0, 0x5f, 0x0, 0x0, 0xea, 0x0, 0x0,
    0x47, 0x5, 0xf0, 0x0, 0x0, 0x0, 0x0, 0x0,
    0x0, 0x3a, 0x0, 0x0, 0x0, 0x29, 0xdf, 0xff,
    0xd8, 0x10, 0x0, 0x0, 0x1e, 0xa3, 0x0, 0x3,
    0xcd, 0x0, 0x0, 0x4, 0xf1, 0x0, 0x0, 0x4,
    0xf1, 0x0, 0x0, 0x1e, 0xb4, 0x10, 0x14, 0xcc,
    0x0, 0x0, 0x0, 0x18, 0xde, 0xfe, 0xc7, 0x0,
    0x0,

    /* U+C0C8 "새" */
    0x0, 0x0, 0x0, 0x0, 0x5e, 0x3, 0xf0, 0x0,
    0x1, 0xe2, 0x0, 0x5e, 0x3, 0xf0, 0x0, 0x2,
    0xf2, 0x0, 0x5e, 0x3, 0xf0, 0x0, 0x2, 0xf2,
    0x0, 0x5e, 0x3, 0xf0, 0x0, 0x2, 0xf3, 0x0,
    0x5e, 0x3, 0xf0, 0x0, 0x5, 0xf5, 0x0, 0x5e,
    0x25, 0xf0, 0x0, 0x9, 0xf9, 0x0, 0x5f, 0xee,
    0xf0, 0x0, 0xe, 0x9f, 0x10, 0x5e, 0x3, 0xf0,
    0x0, 0x9d, 0xc, 0xb0, 0x5e, 0x3, 0xf0, 0x7,
    0xf3, 0x2, 0xeb, 0x5e, 0x3, 0xf0, 0x1d, 0x50,
    0x0, 0x27, 0x5e, 0x3, 0xf0, 0x0, 0x0, 0x0,
    0x0, 0x5e, 0x3, 0xf0, 0x0, 0x0, 0x0, 0x0,
    0x5e, 0x3, 0xf0, 0x0, 0x0, 0x0, 0x0, 0x14,
    0x3, 0xf0,

    /* U+C0C9 "색" */
    0x0, 0x2, 0xf2, 0x0, 0x5e, 0x4, 0xf0, 0x0,
    0x2f, 0x20, 0x5, 0xe0, 0x4f, 0x0, 0x2, 0xf2,
    0x0, 0x5e, 0x4, 0xf0, 0x0, 0x5f, 0x50, 0x5,
    0xf3, 0x7f, 0x0, 0xb, 0xfc, 0x0, 0x5f, 0xde,
    0xf0, 0x5, 0xf7, 0xf9, 0x5, 0xe0, 0x4f, 0x6,
    0xf8, 0x6, 0xfb, 0x5e, 0x4, 0xf0, 0xa6, 0x0,
    0x3, 0x45, 0xe0, 0x4f, 0x0, 0x0, 0x0, 0x0,
    0x15, 0x3, 0xa0, 0x0, 0xae, 0xee, 0xee, 0xee,
    0xee, 0x0, 0x1, 0x22, 0x22, 0x22, 0x26, 0xf0,
    0x0, 0x0, 0x0, 0x0, 0x0, 0x5f, 0x0, 0x0,
    0x0, 0x0, 0x0, 0x5, 0xf0, 0x0, 0x0, 0x0,
    0x0, 0x0, 0x5f,

    /* U+C0DD "생" */
    0x0, 0x0, 0x50, 0x0, 0x5e, 0x4, 0xf0, 0x0,
    0x1, 0xf2, 0x0, 0x5e, 0x4, 0xf0, 0x0, 0x1,
    0xf2, 0x0, 0x5e, 0x4, 0xf0, 0x0, 0x3, 0xf4,
    0x0, 0x5e, 0x15, 0xf0, 0x0, 0x9, 0xfb, 0x0,
    0x5f, 0xff, 0xf0, 0x0, 0x4f, 0x6f, 0x70, 0x5e,
    0x4, 0xf0, 0x6, 0xf8, 0x5, 0xfb, 0x5e, 0x4,
    0xf0, 0x9, 0x60, 0x0, 0x24, 0x5e, 0x4, 0xf0,
    0x0, 0x0, 0x0, 0x0, 0x1, 0x3, 0xd0, 0x0,
    0x0, 0x29, 0xde, 0xfe, 0xb6, 0x0, 0x0, 0x3,
    0xf9, 0x31, 0x1, 0x5d, 0xb0, 0x0, 0x7, 0xd0,
    0x0, 0x0, 0x5, 0xf0, 0x0, 0x3, 0xf8, 0x31,
    0x1, 0x5d, 0xb0, 0x0, 0x0, 0x39, 0xdf, 0xfe,
    0xb6, 0x0,

    /* U+C11C "서" */
    0x0, 0x0, 0x0, 0x0, 0x0, 0x6, 0xe0, 0x0,
    0x4, 0xb0, 0x0, 0x0, 0x6e, 0x0, 0x0, 0x6e,
    0x0, 0x0, 0x6, 0xe0, 0x0, 0x6, 0xe0, 0x0,
    0x0, 0x6e, 0x0, 0x0, 0x7f, 0x0, 0x12, 0x27,
    0xe0, 0x0, 0xa, 0xf3, 0xa, 0xff, 0xfe, 0x0,
    0x1, 0xfe, 0x90, 0x0, 0x6, 0xe0, 0x0, 0x8d,
    0x4f, 0x20, 0x0, 0x6e, 0x0, 0x3f, 0x50, 0xad,
    0x10, 0x6, 0xe0, 0x4e, 0x90, 0x0, 0xce, 0x50,
    0x6e, 0xb, 0x80, 0x0, 0x0, 0x85, 0x6, 0xe0,
    0x0, 0x0, 0x0, 0x0, 0x0, 0x6e, 0x0, 0x0,
    0x0, 0x0, 0x0, 0x6, 0xe0, 0x0, 0x0, 0x0,
    0x0, 0x0, 0x6e,

    /* U+C124 "설" */
    0x0, 0x6, 0xe0, 0x0, 0x0, 0x6e, 0x0, 0x0,
    0x6e, 0x0, 0x0, 0x6, 0xe0, 0x0, 0x8, 0xf1,
    0x6, 0xcc, 0xde, 0x0, 0x0, 0xee, 0x70, 0x24,
    0x49, 0xe0, 0x0, 0x8d, 0x4f, 0x40, 0x0, 0x6e,
    0x0, 0x8f, 0x30, 0x7f, 0x70, 0x6, 0xe0, 0xce,
    0x40, 0x0, 0x5e, 0x20, 0x6e, 0x2, 0x10, 0x0,
    0x0, 0x0, 0x3, 0x60, 0x0, 0x6f, 0xff, 0xff,
    0xff, 0xfe, 0x0, 0x0, 0x0, 0x0, 0x0, 0x6,
    0xe0, 0x0, 0x4c, 0xcc, 0xcc, 0xcc, 0xde, 0x0,
    0x6, 0xe3, 0x33, 0x33, 0x33, 0x20, 0x0, 0x6e,
    0x0, 0x0, 0x0, 0x0, 0x0, 0x6, 0xff, 0xff,
    0xff, 0xff, 0xf6,

    /* U+C131 "성" */
    0x0, 0x0, 0x8d, 0x0, 0x0, 0x7, 0xe0, 0x0,
    0x8, 0xd0, 0x0, 0x0, 0x7e, 0x0, 0x0, 0x9f,
    0x0, 0x1, 0x17, 0xe0, 0x0, 0xd, 0xf3, 0x8,
    0xff, 0xfe, 0x0, 0x4, 0xfd, 0xc0, 0x0, 0x7,
    0xe0, 0x1, 0xdb, 0x3f, 0xa0, 0x0, 0x7e, 0x3,
    0xde, 0x10, 0x5f, 0xd3, 0x7, 0xe0, 0xeb, 0x10,
    0x0, 0x29, 0x0, 0x7e, 0x1, 0x0, 0x0, 0x1,
    0x20, 0x3, 0x60, 0x0, 0x7, 0xdf, 0xee, 0xfd,
    0x70, 0x0, 0x9, 0xe4, 0x0, 0x0, 0x4d, 0xa0,
    0x0, 0xc9, 0x0, 0x0, 0x0, 0x7e, 0x0, 0x7,
    0xf7, 0x21, 0x12, 0x6e, 0x80, 0x0, 0x4, 0xad,
    0xff, 0xeb, 0x50,

    /* U+C138 "세" */
    0x0, 0x0, 0x0, 0x0, 0x1f, 0x13, 0xf0, 0x0,
    0x2, 0xe1, 0x0, 0x1f, 0x13, 0xf0, 0x0, 0x2,
    0xf1, 0x0, 0x1f, 0x13, 0xf0, 0x0, 0x2, 0xf1,
    0x0, 0x1f, 0x13, 0xf0, 0x0, 0x3, 0xf2, 0x0,
    0x1f, 0x13, 0xf0, 0x0, 0x5, 0xf5, 0x7f, 0xff,
    0x13, 0xf0, 0x0, 0xa, 0xf9, 0x1, 0x2f, 0x13,
    0xf0, 0x0, 0x1f, 0x6f, 0x10, 0x1f, 0x13, 0xf0,
    0x0, 0xab, 0xb, 0xb0, 0x1f, 0x13, 0xf0, 0x9,
    0xf2, 0x2, 0xeb, 0x1f, 0x13, 0xf0, 0x1c, 0x30,
    0x0, 0x25, 0x1f, 0x13, 0xf0, 0x0, 0x0, 0x0,
    0x0, 0x1f, 0x13, 0xf0, 0x0, 0x0, 0x0, 0x0,
    0x1f, 0x13, 0xf0, 0x0, 0x0, 0x0, 0x0, 0x5,
    0x3, 0xf0,

    /* U+C154 "셔" */
    0x0, 0x0, 0x0, 0x0, 0x0, 0x6, 0xe0, 0x0,
    0x5, 0xb0, 0x0, 0x0, 0x6e, 0x0, 0x0, 0x6e,
    0x0, 0x0, 0x6, 0xe0, 0x0, 0x6, 0xe0, 0x8,
    0xff, 0xfe, 0x0, 0x0, 0x7f, 0x0, 0x0, 0x6,
    0xe0, 0x0, 0xa, 0xf3, 0x0, 0x0, 0x6e, 0x0,
    0x0, 0xfe, 0x80, 0x24, 0x48, 0xe0, 0x0, 0x7d,
    0x4f, 0x26, 0xdd, 0xee, 0x0, 0x3f, 0x50, 0xbc,
    0x10, 0x6, 0xe0, 0x3e, 0xa0, 0x1, 0xdd, 0x30,
    0x6e, 0xc, 0x90, 0x0, 0x1, 0x96, 0x6, 0xe0,
    0x0, 0x0, 0x0, 0x0, 0x0, 0x6e, 0x0, 0x0,
    0x0, 0x0, 0x0, 0x6, 0xe0, 0x0, 0x0, 0x0,
    0x0, 0x0, 0x6e,

    /* U+C158 "션" */
    0x0, 0x6, 0xf0, 0x0, 0x0, 0x6e, 0x0, 0x0,
    0x6f, 0x0, 0x0, 0x6, 0xe0, 0x0, 0x6, 0xf0,
    0x4, 0xff, 0xfe, 0x0, 0x0, 0x9f, 0x20, 0x0,
    0x6, 0xe0, 0x0, 0xe, 0xf8, 0x0, 0x11, 0x7e,
    0x0, 0x7, 0xe7, 0xf3, 0x4f, 0xff, 0xe0, 0x5,
    0xf6, 0xb, 0xe3, 0x0, 0x6e, 0x8, 0xf8, 0x0,
    0xb, 0xf3, 0x6, 0xe0, 0x55, 0x0, 0x0, 0x4,
    0x0, 0x6e, 0x0, 0x2, 0x60, 0x0, 0x0, 0x6,
    0xe0, 0x0, 0x6e, 0x0, 0x0, 0x0, 0x4a, 0x0,
    0x6, 0xe0, 0x0, 0x0, 0x0, 0x0, 0x0, 0x6e,
    0x11, 0x11, 0x11, 0x11, 0x0, 0x6, 0xff, 0xff,
    0xff, 0xff, 0xf3,

    /* U+C18C "소" */
    0x0, 0x0, 0x0, 0x26, 0x0, 0x0, 0x0, 0x0,
    0x0, 0x0, 0x5f, 0x0, 0x0, 0x0, 0x0, 0x0,
    0x0, 0x7f, 0x20, 0x0, 0x0, 0x0, 0x0, 0x0,
    0xdf, 0x90, 0x0, 0x0, 0x0, 0x0, 0x9, 0xd3,
    0xf5, 0x0, 0x0, 0x0, 0x2, 0xce, 0x20, 0x6f,
    0x90, 0x0, 0x3, 0xaf, 0xa1, 0x0, 0x3, 0xde,
    0x81, 0x2, 0x93, 0x0, 0x27, 0x0, 0x5, 0x90,
    0x0, 0x0, 0x0, 0x5f, 0x0, 0x0, 0x0, 0x0,
    0x0, 0x0, 0x5f, 0x0, 0x0, 0x0, 0x0, 0x0,
    0x0, 0x5f, 0x0, 0x0, 0x0, 0x1f, 0xff, 0xff,
    0xff, 0xff, 0xff, 0xfe, 0x2, 0x22, 0x22, 0x22,
    0x22, 0x22, 0x21,

    /* U+C18D "속" */
    0x0, 0x0, 0x0, 0x5f, 0x0, 0x0, 0x0, 0x0,
    0x0, 0x0, 0x8f, 0x30, 0x0, 0x0, 0x0, 0x0,
    0x3, 0xfc, 0xc0, 0x0, 0x0, 0x0, 0x0, 0x7f,
    0x80, 0xcd, 0x50, 0x0, 0x2, 0xae, 0xd4, 0x2,
    0x6, 0xed, 0x90, 0x0, 0x73, 0x0, 0x5f, 0x0,
    0x4, 0x60, 0x0, 0x0, 0x0, 0x5f, 0x0, 0x0,
    0x0, 0x1f, 0xff, 0xff, 0xff, 0xff, 0xff, 0xfe,
    0x1, 0x11, 0x11, 0x11, 0x11, 0x11, 0x11, 0x0,
    0x34, 0x44, 0x44, 0x44, 0x44, 0x10, 0x0, 0x8c,
    0xcc, 0xcc, 0xcc, 0xcf, 0x40, 0x0, 0x0, 0x0,
    0x0, 0x0, 0xf, 0x40, 0x0, 0x0, 0x0, 0x0,
    0x0, 0xf, 0x40, 0x0, 0x0, 0x0, 0x0, 0x0,
    0xf, 0x40,

    /* U+C218 "수" */
    0x0, 0x0, 0x0, 0x4f, 0x10, 0x0, 0x0, 0x0,
    0x0, 0x0, 0x6f, 0x30, 0x0, 0x0, 0x0, 0x0,
    0x0, 0xdf, 0xa0, 0x0, 0x0, 0x0, 0x0, 0xa,
    0xd3, 0xf8, 0x0, 0x0, 0x0, 0x16, 0xec, 0x20,
    0x3d, 0xd5, 0x0, 0x3, 0xfe, 0x70, 0x0, 0x0,
    0x8e, 0xf1, 0x0, 0x20, 0x0, 0x0, 0x0, 0x0,
    0x20, 0x1, 0x11, 0x11, 0x11, 0x11, 0x11, 0x11,
    0x1f, 0xff, 0xff, 0xff, 0xff, 0xff, 0xfe, 0x0,
    0x0, 0x0, 0x4f, 0x0, 0x0, 0x0, 0x0, 0x0,
    0x0, 0x4f, 0x0, 0x0, 0x0, 0x0, 0x0, 0x0,
    0x4f, 0x0, 0x0, 0x0, 0x0, 0x0, 0x0, 0x4f,
    0x0, 0x0, 0x0, 0x0, 0x0, 0x0, 0x4f, 0x0,
    0x0, 0x0,

    /* U+C21C "순" */
    0x0, 0x0, 0x0, 0x4f, 0x0, 0x0, 0x0, 0x0,
    0x0, 0x0, 0x7f, 0x30, 0x0, 0x0, 0x0, 0x0,
    0x1, 0xed, 0xc0, 0x0, 0x0, 0x0, 0x0, 0x4e,
    0xa0, 0xcc, 0x30, 0x0, 0x1, 0x7c, 0xf7, 0x0,
    0x8, 0xfb, 0x60, 0x0, 0xb7, 0x10, 0x0, 0x0,
    0x28, 0x80, 0x0, 0x0, 0x0, 0x0, 0x0, 0x0,
    0x0, 0x1f, 0xff, 0xff, 0xff, 0xff, 0xff, 0xfe,
    0x1, 0x11, 0x11, 0x4f, 0x31, 0x11, 0x11, 0x0,
    0x11, 0x0, 0x3f, 0x20, 0x0, 0x0, 0x0, 0x7d,
    0x0, 0x3f, 0x20, 0x0, 0x0, 0x0, 0x7d, 0x0,
    0x0, 0x0, 0x0, 0x0, 0x0, 0x7d, 0x11, 0x11,
    0x11, 0x11, 0x0, 0x0, 0x7f, 0xff, 0xff, 0xff,
    0xff, 0x60,

    /* U+C2A4 "스" */
    0x0, 0x0, 0x0, 0x14, 0x0, 0x0, 0x0, 0x0,
    0x0, 0x0, 0x5f, 0x0, 0x0, 0x0, 0x0, 0x0,
    0x0, 0x6f, 0x20, 0x0, 0x0, 0x0, 0x0, 0x0,
    0xcf, 0x70, 0x0, 0x0, 0x0, 0x0, 0x7, 0xe5,
    0xf3, 0x0, 0x0, 0x0, 0x0, 0x8f, 0x40, 0x8e,
    0x50, 0x0, 0x1, 0x6d, 0xe4, 0x0, 0x7, 0xfb,
    0x40, 0x3, 0xd7, 0x0, 0x0, 0x0, 0x29, 0xd0,
    0x0, 0x0, 0x0, 0x0, 0x0, 0x0, 0x0, 0x0,
    0x0, 0x0, 0x0, 0x0, 0x0, 0x0, 0x0, 0x0,
    0x0, 0x0, 0x0, 0x0, 0x0, 0x1f, 0xff, 0xff,
    0xff, 0xff, 0xff, 0xfe, 0x2, 0x22, 0x22, 0x22,
    0x22, 0x22, 0x22,

    /* U+C2B5 "습" */
    0x0, 0x0, 0x0, 0x3f, 0x10, 0x0, 0x0, 0x0,
    0x0, 0x0, 0x7f, 0x50, 0x0, 0x0, 0x0, 0x0,
    0x5, 0xf8, 0xe3, 0x0, 0x0, 0x0, 0x4, 0xbe,
    0x40, 0x6f, 0xa3, 0x0, 0x1, 0xfd, 0x70, 0x0,
    0x1, 0x8d, 0xe0, 0x0, 0x10, 0x0, 0x0, 0x0,
    0x0, 0x10, 0x1d, 0xdd, 0xdd, 0xdd, 0xdd, 0xdd,
    0xdc, 0x3, 0x33, 0x33, 0x33, 0x33, 0x33, 0x32,
    0x0, 0x38, 0x0, 0x0, 0x0, 0x9, 0x20, 0x0,
    0x6e, 0x0, 0x0, 0x0, 0x1f, 0x30, 0x0, 0x6f,
    0xff, 0xff, 0xff, 0xff, 0x30, 0x0, 0x6e, 0x11,
    0x11, 0x11, 0x2f, 0x30, 0x0, 0x6e, 0x11, 0x11,
    0x11, 0x2f, 0x30, 0x0, 0x6f, 0xff, 0xff, 0xff,
    0xff, 0x30,

    /* U+C2DC "시" */
    0x0, 0x0, 0x0, 0x0, 0x0, 0xe, 0x60, 0x0,
    0x4, 0xb0, 0x0, 0x0, 0xe6, 0x0, 0x0, 0x5f,
    0x0, 0x0, 0xe, 0x60, 0x0, 0x5, 0xf0, 0x0,
    0x0, 0xe6, 0x0, 0x0, 0x6f, 0x0, 0x0, 0xe,
    0x60, 0x0, 0xa, 0xf3, 0x0, 0x0, 0xe6, 0x0,
    0x1, 0xfd, 0x90, 0x0, 0xe, 0x60, 0x0, 0x8d,
    0x3f, 0x20, 0x0, 0xe6, 0x0, 0x5f, 0x40, 0xad,
    0x10, 0xe, 0x60, 0x6f, 0x80, 0x0, 0xcd, 0x30,
    0xe6, 0xc, 0x70, 0x0, 0x0, 0x82, 0xe, 0x60,
    0x0, 0x0, 0x0, 0x0, 0x0, 0xe6, 0x0, 0x0,
    0x0, 0x0, 0x0, 0xe, 0x60, 0x0, 0x0, 0x0,
    0x0, 0x0, 0xe6,

    /* U+C528 "씨" */
    0x0, 0x0, 0x0, 0x0, 0x0, 0x6, 0xe0, 0x1,
    0xc1, 0x0, 0xc2, 0x0, 0x6e, 0x0, 0x1f, 0x20,
    0xf, 0x30, 0x6, 0xe0, 0x1, 0xf2, 0x0, 0xf3,
    0x0, 0x6e, 0x0, 0x1f, 0x20, 0xf, 0x30, 0x6,
    0xe0, 0x3, 0xf3, 0x1, 0xf5, 0x0, 0x6e, 0x0,
    0x5f, 0x50, 0x4f, 0x70, 0x6, 0xe0, 0xa, 0xd9,
    0x8, 0xec, 0x0, 0x6e, 0x2, 0xf3, 0xf2, 0xe3,
    0xf4, 0x6, 0xe1, 0xda, 0xa, 0xfc, 0x8, 0xe2,
    0x6e, 0x8, 0x0, 0x1b, 0x20, 0x8, 0x16, 0xe0,
    0x0, 0x0, 0x0, 0x0, 0x0, 0x6e, 0x0, 0x0,
    0x0, 0x0, 0x0, 0x6, 0xe0, 0x0, 0x0, 0x0,
    0x0, 0x0, 0x6e,

    /* U+C544 "아" */
    0x0, 0x0, 0x0, 0x0, 0x6, 0xe0, 0x0, 0x3,
    0xcf, 0xe6, 0x0, 0x6, 0xe0, 0x0, 0x1e, 0x92,
    0x5f, 0x50, 0x6, 0xe0, 0x0, 0x8c, 0x0, 0x7,
    0xd0, 0x6, 0xe0, 0x0, 0xc7, 0x0, 0x2, 0xf2,
    0x6, 0xe0, 0x0, 0xe5, 0x0, 0x0, 0xf3, 0x6,
    0xf3, 0x31, 0xe5, 0x0, 0x0, 0xf3, 0x6, 0xfe,
    0xe4, 0xc7, 0x0, 0x2, 0xf1, 0x6, 0xe0, 0x0,
    0x7d, 0x0, 0x8, 0xd0, 0x6, 0xe0, 0x0, 0xe,
    0xb4, 0x7f, 0x40, 0x6, 0xe0, 0x0, 0x2, 0xbe,
    0xc5, 0x0, 0x6, 0xe0, 0x0, 0x0, 0x0, 0x0,
    0x0, 0x6, 0xe0, 0x0, 0x0, 0x0, 0x0, 0x0,
    0x6, 0xe0, 0x0, 0x0, 0x0, 0x0, 0x0, 0x6,
    0xe0, 0x0,

    /* U+C548 "안" */
    0x0, 0x1, 0x10, 0x0, 0x5, 0xf0, 0x0, 0x6,
    0xef, 0xfc, 0x20, 0x5, 0xf0, 0x0, 0x5f, 0x60,
    0x1b, 0xe0, 0x5, 0xf0, 0x0, 0xb9, 0x0, 0x0,
    0xe6, 0x5, 0xf0, 0x0, 0xd6, 0x0, 0x0, 0xc7,
    0x5, 0xff, 0xf1, 0xab, 0x0, 0x1, 0xf4, 0x5,
    0xf2, 0x20, 0x2f, 0xa4, 0x5d, 0xc0, 0x5, 0xf0,
    0x0, 0x2, 0xad, 0xd8, 0x0, 0x5, 0xf0, 0x0,
    0x0, 0x0, 0x0, 0x0, 0x5, 0xf0, 0x0, 0x0,
    0x82, 0x0, 0x0, 0x5, 0xf0, 0x0, 0x0, 0xf5,
    0x0, 0x0, 0x2, 0x80, 0x0, 0x0, 0xf5, 0x0,
    0x0, 0x0, 0x0, 0x0, 0x0, 0xf6, 0x11, 0x11,
    0x11, 0x10, 0x0, 0x0, 0xff, 0xff, 0xff, 0xff,
    0xfa, 0x0,

    /* U+C54A "않" */
    0x4, 0xcf, 0xe9, 0x0, 0x7, 0xd0, 0x0, 0x3f,
    0x81, 0x3d, 0xb0, 0x7, 0xd0, 0x0, 0xba, 0x0,
    0x2, 0xf3, 0x7, 0xd0, 0x0, 0xd6, 0x0, 0x0,
    0xe5, 0x7, 0xff, 0xf1, 0xb9, 0x0, 0x1, 0xf4,
    0x7, 0xe2, 0x20, 0x5f, 0x40, 0xb, 0xd0, 0x7,
    0xd0, 0x0, 0x7, 0xfe, 0xfc, 0x20, 0x7, 0xd0,
    0x0, 0x0, 0x2, 0x10, 0x0, 0xa4, 0x20, 0x0,
    0x4, 0x40, 0x5, 0x66, 0xf9, 0x66, 0x10, 0xa,
    0x90, 0x8, 0x99, 0x99, 0x99, 0x20, 0xa, 0x90,
    0x0, 0x2a, 0xdc, 0x50, 0x0, 0xa, 0x90, 0x0,
    0xd8, 0x13, 0xf3, 0x0, 0xa, 0xa2, 0x54, 0xd7,
    0x2, 0xf3, 0x0, 0xa, 0xfd, 0x92, 0x3c, 0xee,
    0x70, 0x0,

    /* U+C560 "애" */
    0x0, 0x0, 0x0, 0x5, 0xe0, 0x3f, 0x0, 0x5d,
    0xe7, 0x0, 0x5e, 0x3, 0xf0, 0x3f, 0x75, 0xf5,
    0x5, 0xe0, 0x3f, 0x9, 0xa0, 0x8, 0xc0, 0x5e,
    0x3, 0xf0, 0xd6, 0x0, 0x3f, 0x5, 0xe0, 0x3f,
    0xe, 0x40, 0x1, 0xf1, 0x5f, 0x46, 0xf0, 0xf4,
    0x0, 0x1f, 0x15, 0xfc, 0xdf, 0xd, 0x50, 0x3,
    0xf0, 0x5e, 0x3, 0xf0, 0xaa, 0x0, 0x7c, 0x5,
    0xe0, 0x3f, 0x3, 0xf6, 0x4e, 0x60, 0x5e, 0x3,
    0xf0, 0x6, 0xef, 0x80, 0x5, 0xe0, 0x3f, 0x0,
    0x0, 0x0, 0x0, 0x5e, 0x3, 0xf0, 0x0, 0x0,
    0x0, 0x5, 0xe0, 0x3f, 0x0, 0x0, 0x0, 0x0,
    0x15, 0x3, 0xf0,

    /* U+C568 "앨" */
    0x7, 0xef, 0xb2, 0x5, 0xe0, 0x4f, 0x7, 0xe3,
    0x19, 0xd0, 0x5e, 0x4, 0xf0, 0xd5, 0x0, 0xe,
    0x45, 0xe0, 0x4f, 0xf, 0x30, 0x0, 0xc6, 0x5f,
    0xff, 0xf0, 0xd6, 0x0, 0xf, 0x45, 0xe1, 0x5f,
    0x6, 0xe5, 0x3b, 0xc0, 0x5e, 0x4, 0xf0, 0x5,
    0xcd, 0x91, 0x5, 0xe0, 0x4f, 0x0, 0x0, 0x0,
    0x0, 0x1, 0x2, 0x70, 0x0, 0x6f, 0xff, 0xff,
    0xff, 0xff, 0x0, 0x0, 0x0, 0x0, 0x0, 0x5,
    0xf0, 0x0, 0x4d, 0xdd, 0xdd, 0xdd, 0xef, 0x0,
    0x5, 0xe2, 0x22, 0x22, 0x22, 0x20, 0x0, 0x5e,
    0x11, 0x11, 0x11, 0x11, 0x0, 0x5, 0xff, 0xff,
    0xff, 0xff, 0xfa,

    /* U+C57C "야" */
    0x0, 0x0, 0x0, 0x0, 0x6, 0xe0, 0x0, 0x3,
    0xcf, 0xe6, 0x0, 0x6, 0xe0, 0x0, 0x1e, 0x92,
    0x5f, 0x50, 0x6, 0xe0, 0x0, 0x8c, 0x0, 0x7,
    0xd0, 0x6, 0xfc, 0xc2, 0xc7, 0x0, 0x2, 0xf2,
    0x6, 0xf5, 0x51, 0xe5, 0x0, 0x0, 0xf3, 0x6,
    0xe0, 0x0, 0xe5, 0x0, 0x0, 0xf3, 0x6, 0xe0,
    0x0, 0xc7, 0x0, 0x2, 0xf1, 0x6, 0xf6, 0x61,
    0x7d, 0x0, 0x8, 0xd0, 0x6, 0xfc, 0xc2, 0xe,
    0xb4, 0x7f, 0x40, 0x6, 0xe0, 0x0, 0x2, 0xbe,
    0xc5, 0x0, 0x6, 0xe0, 0x0, 0x0, 0x0, 0x0,
    0x0, 0x6, 0xe0, 0x0, 0x0, 0x0, 0x0, 0x0,
    0x6, 0xe0, 0x0, 0x0, 0x0, 0x0, 0x0, 0x6,
    0xe0, 0x0,

    /* U+C591 "양" */
    0x0, 0x2, 0x20, 0x0, 0x5, 0xf0, 0x0, 0x8,
    0xfd, 0xed, 0x40, 0x5, 0xf0, 0x0, 0x7e, 0x20,
    0x7, 0xf2, 0x5, 0xff, 0xf1, 0xc7, 0x0, 0x0,
    0xd7, 0x5, 0xf0, 0x0, 0xc8, 0x0, 0x0, 0xe7,
    0x5, 0xf1, 0x10, 0x7e, 0x30, 0x8, 0xf2, 0x5,
    0xfe, 0xe1, 0x8, 0xfe, 0xfe, 0x40, 0x5, 0xf0,
    0x0, 0x0, 0x3, 0x20, 0x0, 0x5, 0xf0, 0x0,
    0x0, 0x0, 0x1, 0x21, 0x2, 0x70, 0x0, 0x0,
    0x3a, 0xfe, 0xef, 0xf9, 0x10, 0x0, 0x1, 0xf9,
    0x10, 0x0, 0x2b, 0xd0, 0x0, 0x4, 0xf1, 0x0,
    0x0, 0x4, 0xf1, 0x0, 0x0, 0xeb, 0x41, 0x12,
    0x5d, 0xc0, 0x0, 0x0, 0x17, 0xce, 0xfe, 0xc6,
    0x0, 0x0,

    /* U+C5B4 "어" */
    0x0, 0x0, 0x0, 0x0, 0x0, 0x6e, 0x2, 0xcf,
    0xe7, 0x0, 0x0, 0x6e, 0x1e, 0xa2, 0x5f, 0x60,
    0x0, 0x6e, 0x7d, 0x0, 0x7, 0xe0, 0x0, 0x6e,
    0xc8, 0x0, 0x2, 0xf2, 0x0, 0x6e, 0xd6, 0x0,
    0x0, 0xff, 0xee, 0xfe, 0xd6, 0x0, 0x0, 0xf5,
    0x22, 0x8e, 0xb8, 0x0, 0x2, 0xf1, 0x0, 0x6e,
    0x7e, 0x0, 0x8, 0xc0, 0x0, 0x6e, 0xd, 0xb4,
    0x7f, 0x40, 0x0, 0x6e, 0x1, 0xae, 0xc4, 0x0,
    0x0, 0x6e, 0x0, 0x0, 0x0, 0x0, 0x0, 0x6e,
    0x0, 0x0, 0x0, 0x0, 0x0, 0x6e, 0x0, 0x0,
    0x0, 0x0, 0x0, 0x6e,

    /* U+C5B8 "언" */
    0x0, 0x3, 0x30, 0x0, 0x0, 0x7e, 0x0, 0x7f,
    0xef, 0xe4, 0x0, 0x7, 0xe0, 0x6f, 0x50, 0x8,
    0xf2, 0x0, 0x7e, 0xc, 0x70, 0x0, 0xb, 0x92,
    0x28, 0xe0, 0xe5, 0x0, 0x0, 0x9f, 0xff, 0xfe,
    0xb, 0xa0, 0x0, 0xd, 0x70, 0x7, 0xe0, 0x2f,
    0xb5, 0x6d, 0xd0, 0x0, 0x7e, 0x0, 0x29, 0xdc,
    0x81, 0x0, 0x7, 0xe0, 0x0, 0x0, 0x0, 0x0,
    0x0, 0x7e, 0x0, 0x3, 0x70, 0x0, 0x0, 0x7,
    0xe0, 0x0, 0x6e, 0x0, 0x0, 0x0, 0x48, 0x0,
    0x6, 0xe0, 0x0, 0x0, 0x0, 0x0, 0x0, 0x6e,
    0x11, 0x11, 0x11, 0x11, 0x0, 0x6, 0xff, 0xff,
    0xff, 0xff, 0xf3,

    /* U+C5C6 "없" */
    0x4, 0xcf, 0xd7, 0x0, 0x0, 0xd8, 0x4, 0xf7,
    0x23, 0xc9, 0x0, 0xd, 0x80, 0xc9, 0x0, 0x1,
    0xf1, 0x0, 0xd8, 0xe, 0x50, 0x0, 0xd, 0xff,
    0xff, 0x80, 0xc8, 0x0, 0x0, 0xf3, 0x22, 0xd8,
    0x5, 0xf6, 0x12, 0xbb, 0x0, 0xd, 0x80, 0x5,
    0xef, 0xf9, 0x0, 0x0, 0xd8, 0x0, 0x0, 0x0,
    0x0, 0x0, 0x7, 0x40, 0x6, 0x70, 0xb, 0x30,
    0xc, 0x40, 0x0, 0x8a, 0x0, 0xe4, 0x0, 0xf6,
    0x0, 0x8, 0xff, 0xff, 0x40, 0x1f, 0x80, 0x0,
    0x8a, 0x0, 0xe4, 0x9, 0xde, 0x10, 0x8, 0xa0,
    0xe, 0x48, 0xf2, 0xbd, 0x30, 0x8f, 0xff, 0xf8,
    0xe3, 0x0, 0xaa, 0x0, 0x0, 0x0, 0x0, 0x0,
    0x0, 0x0,

    /* U+C5D0 "에" */
    0x0, 0x0, 0x0, 0x0, 0xf3, 0x3f, 0x0, 0x5d,
    0xe8, 0x0, 0xf, 0x33, 0xf0, 0x3f, 0x75, 0xf5,
    0x0, 0xf3, 0x3f, 0x9, 0xa0, 0x7, 0xd0, 0xf,
    0x33, 0xf0, 0xd6, 0x0, 0x3f, 0x0, 0xf3, 0x3f,
    0xf, 0x40, 0x1, 0xfd, 0xdf, 0x33, 0xf0, 0xf4,
    0x0, 0x1f, 0x54, 0xf3, 0x3f, 0xd, 0x50, 0x3,
    0xf0, 0xf, 0x33, 0xf0, 0xaa, 0x0, 0x7c, 0x0,
    0xf3, 0x3f, 0x3, 0xf6, 0x4e, 0x50, 0xf, 0x33,
    0xf0, 0x6, 0xef, 0x80, 0x0, 0xf3, 0x3f, 0x0,
    0x0, 0x0, 0x0, 0xf, 0x33, 0xf0, 0x0, 0x0,
    0x0, 0x0, 0xf3, 0x3f, 0x0, 0x0, 0x0, 0x0,
    0x5, 0x13, 0xf0,

    /* U+C5F0 "연" */
    0x0, 0x2, 0x10, 0x0, 0x0, 0x7e, 0x0, 0x6e,
    0xef, 0xc2, 0x0, 0x7, 0xe0, 0x5f, 0x40, 0xa,
    0xff, 0xff, 0xfe, 0xc, 0x70, 0x0, 0xe, 0x61,
    0x17, 0xe0, 0xe5, 0x0, 0x0, 0xd6, 0x0, 0x7e,
    0xb, 0xa0, 0x0, 0x2f, 0xa7, 0x7b, 0xe0, 0x3f,
    0x94, 0x5e, 0xc9, 0x99, 0xce, 0x0, 0x3b, 0xed,
    0x80, 0x0, 0x7, 0xe0, 0x0, 0x0, 0x0, 0x0,
    0x0, 0x7e, 0x0, 0x3, 0x70, 0x0, 0x0, 0x7,
    0xe0, 0x0, 0x6e, 0x0, 0x0, 0x0, 0x48, 0x0,
    0x6, 0xe0, 0x0, 0x0, 0x0, 0x0, 0x0, 0x6e,
    0x11, 0x11, 0x11, 0x11, 0x0, 0x6, 0xff, 0xff,
    0xff, 0xff, 0xf3,

    /* U+C624 "오" */
    0x0, 0x0, 0x0, 0x12, 0x10, 0x0, 0x0, 0x0,
    0x1, 0x9e, 0xee, 0xfe, 0x70, 0x0, 0x0, 0x2e,
    0xa2, 0x0, 0x3, 0xcc, 0x0, 0x0, 0xab, 0x0,
    0x0, 0x0, 0xe, 0x60, 0x0, 0xc7, 0x0, 0x0,
    0x0, 0xb, 0x80, 0x0, 0xab, 0x0, 0x0, 0x0,
    0xe, 0x60, 0x0, 0x2e, 0xa2, 0x0, 0x3, 0xcc,
    0x0, 0x0, 0x2, 0xaf, 0xed, 0xee, 0x80, 0x0,
    0x0, 0x0, 0x0, 0x6f, 0x20, 0x0, 0x0, 0x0,
    0x0, 0x0, 0x4f, 0x0, 0x0, 0x0, 0x0, 0x0,
    0x0, 0x4f, 0x0, 0x0, 0x0, 0x1f, 0xff, 0xff,
    0xff, 0xff, 0xff, 0xfe, 0x2, 0x22, 0x22, 0x22,
    0x22, 0x22, 0x22,

    /* U+C628 "온" */
    0x0, 0x1, 0x8c, 0xff, 0xec, 0x70, 0x0, 0x0,
    0x2e, 0xb4, 0x21, 0x25, 0xdc, 0x0, 0x0, 0x8d,
    0x0, 0x0, 0x0, 0x1f, 0x50, 0x0, 0x8d, 0x0,
    0x0, 0x0, 0x1f, 0x50, 0x0, 0x2e, 0xc5, 0x21,
    0x26, 0xdc, 0x0, 0x0, 0x1, 0x7c, 0xef, 0xeb,
    0x60, 0x0, 0x0, 0x0, 0x0, 0x3f, 0x10, 0x0,
    0x0, 0xc, 0xcc, 0xcc, 0xdf, 0xcc, 0xcc, 0xca,
    0x5, 0x55, 0x55, 0x55, 0x55, 0x55, 0x54, 0x0,
    0x12, 0x0, 0x0, 0x0, 0x0, 0x0, 0x0, 0x6e,
    0x0, 0x0, 0x0, 0x0, 0x0, 0x0, 0x6e, 0x0,
    0x0, 0x0, 0x0, 0x0, 0x0, 0x6e, 0x11, 0x11,
    0x11, 0x11, 0x0, 0x0, 0x6f, 0xff, 0xff, 0xff,
    0xff, 0x70,

    /* U+C635 "옵" */
    0x0, 0x2, 0x9d, 0xef, 0xec, 0x71, 0x0, 0x0,
    0x4f, 0x93, 0x10, 0x14, 0xbe, 0x10, 0x0, 0x9c,
    0x0, 0x0, 0x0, 0xf, 0x60, 0x0, 0x6f, 0x60,
    0x0, 0x1, 0x8f, 0x30, 0x0, 0x5, 0xcf, 0xdd,
    0xef, 0xb4, 0x0, 0x0, 0x0, 0x0, 0x5f, 0x20,
    0x0, 0x0, 0x2, 0x22, 0x22, 0x6f, 0x32, 0x22,
    0x22, 0x1e, 0xee, 0xee, 0xee, 0xee, 0xee, 0xec,
    0x0, 0x36, 0x0, 0x0, 0x0, 0x7, 0x10, 0x0,
    0x7d, 0x0, 0x0, 0x0, 0x1f, 0x40, 0x0, 0x7f,
    0xff, 0xff, 0xff, 0xff, 0x40, 0x0, 0x7d, 0x11,
    0x11, 0x11, 0x1f, 0x40, 0x0, 0x7d, 0x11, 0x11,
    0x11, 0x1f, 0x40, 0x0, 0x7f, 0xff, 0xff, 0xff,
    0xff, 0x40,

    /* U+C640 "와" */
    0x0, 0x0, 0x33, 0x0, 0x0, 0x6e, 0x0, 0x0,
    0x6, 0xef, 0xef, 0x70, 0x6, 0xe0, 0x0, 0x4,
    0xf5, 0x0, 0x4f, 0x50, 0x6e, 0x0, 0x0, 0xaa,
    0x0, 0x0, 0x9b, 0x6, 0xe0, 0x0, 0xb, 0x90,
    0x0, 0x8, 0xc0, 0x6e, 0x0, 0x0, 0x7e, 0x10,
    0x1, 0xe9, 0x6, 0xe2, 0x20, 0x0, 0xbf, 0xba,
    0xfd, 0x10, 0x6f, 0xff, 0x20, 0x0, 0x3a, 0xf6,
    0x0, 0x6, 0xe0, 0x0, 0x0, 0x0, 0x6e, 0x0,
    0x0, 0x6e, 0x0, 0x0, 0x0, 0x6, 0xe2, 0x34,
    0x36, 0xe0, 0x0, 0x5f, 0xff, 0xff, 0xec, 0xa6,
    0x6e, 0x0, 0x0, 0x11, 0x0, 0x0, 0x0, 0x6,
    0xe0, 0x0, 0x0, 0x0, 0x0, 0x0, 0x0, 0x6e,
    0x0, 0x0, 0x0, 0x0, 0x0, 0x0, 0x6, 0xe0,
    0x0,

    /* U+C678 "외" */
    0x0, 0x0, 0x13, 0x10, 0x0, 0xe, 0x60, 0x2,
    0xcf, 0xef, 0xc2, 0x0, 0xe6, 0x0, 0xdb, 0x10,
    0x1b, 0xd0, 0xe, 0x60, 0x3f, 0x10, 0x0, 0x1f,
    0x40, 0xe6, 0x4, 0xf0, 0x0, 0x0, 0xf4, 0xe,
    0x60, 0xf, 0x80, 0x0, 0x7f, 0x10, 0xe6, 0x0,
    0x4f, 0xca, 0xcf, 0x50, 0xe, 0x60, 0x0, 0x17,
    0xf7, 0x10, 0x0, 0xe6, 0x0, 0x0, 0x2f, 0x20,
    0x0, 0xe, 0x60, 0x0, 0x3, 0xf4, 0x34, 0x61,
    0xe6, 0xf, 0xff, 0xff, 0xed, 0xb9, 0x2e, 0x60,
    0x11, 0x10, 0x0, 0x0, 0x0, 0xe6, 0x0, 0x0,
    0x0, 0x0, 0x0, 0xe, 0x60, 0x0, 0x0, 0x0,
    0x0, 0x0, 0xe6,

    /* U+C694 "요" */
    0x0, 0x0, 0x0, 0x12, 0x10, 0x0, 0x0, 0x0,
    0x1, 0x9e, 0xee, 0xfd, 0x80, 0x0, 0x0, 0x2e,
    0xa2, 0x0, 0x3, 0xcc, 0x0, 0x0, 0xab, 0x0,
    0x0, 0x0, 0xe, 0x60, 0x0, 0xc7, 0x0, 0x0,
    0x0, 0xb, 0x80, 0x0, 0xab, 0x0, 0x0, 0x0,
    0x1e, 0x60, 0x0, 0x1e, 0xb3, 0x0, 0x4, 0xdb,
    0x0, 0x0, 0x1, 0xff, 0xff, 0xff, 0xc0, 0x0,
    0x0, 0x0, 0xe6, 0x1, 0x9, 0xb0, 0x0, 0x0,
    0x0, 0xe6, 0x0, 0x9, 0xb0, 0x0, 0x0, 0x0,
    0xe6, 0x0, 0x9, 0xb0, 0x0, 0x1f, 0xff, 0xff,
    0xff, 0xff, 0xff, 0xfe, 0x2, 0x22, 0x22, 0x22,
    0x22, 0x22, 0x22,

    /* U+C6A9 "용" */
    0x0, 0x2, 0x8d, 0xef, 0xec, 0x81, 0x0, 0x0,
    0x3f, 0x93, 0x10, 0x14, 0xbe, 0x20, 0x0, 0x9d,
    0x0, 0x0, 0x0, 0xf, 0x60, 0x0, 0x5f, 0x60,
    0x0, 0x1, 0x8f, 0x30, 0x0, 0x5, 0xff, 0xed,
    0xef, 0xe3, 0x0, 0x0, 0x0, 0xd7, 0x22, 0x29,
    0xb0, 0x0, 0x1, 0x11, 0xd7, 0x11, 0x19, 0xb1,
    0x10, 0x1f, 0xff, 0xff, 0xff, 0xff, 0xff, 0xfe,
    0x0, 0x0, 0x0, 0x0, 0x0, 0x0, 0x0, 0x0,
    0x2, 0x8c, 0xde, 0xec, 0x71, 0x0, 0x0, 0x2f,
    0xa4, 0x21, 0x25, 0xbe, 0x10, 0x0, 0x7e, 0x0,
    0x0, 0x0, 0x1f, 0x40, 0x0, 0x3f, 0x93, 0x10,
    0x14, 0xae, 0x10, 0x0, 0x3, 0x9d, 0xef, 0xfd,
    0x92, 0x0,

    /* U+C6B0 "우" */
    0x0, 0x0, 0x6c, 0xef, 0xeb, 0x50, 0x0, 0x0,
    0xc, 0xd5, 0x11, 0x27, 0xe9, 0x0, 0x0, 0x7e,
    0x10, 0x0, 0x0, 0x3f, 0x30, 0x0, 0x9c, 0x0,
    0x0, 0x0, 0xf, 0x50, 0x0, 0x6f, 0x20, 0x0,
    0x0, 0x4f, 0x20, 0x0, 0xa, 0xe8, 0x43, 0x49,
    0xf7, 0x0, 0x0, 0x0, 0x4a, 0xcd, 0xc9, 0x30,
    0x0, 0x0, 0x0, 0x0, 0x0, 0x0, 0x0, 0x0,
    0x1f, 0xff, 0xff, 0xff, 0xff, 0xff, 0xfd, 0x2,
    0x22, 0x22, 0x6f, 0x22, 0x22, 0x22, 0x0, 0x0,
    0x0, 0x4f, 0x0, 0x0, 0x0, 0x0, 0x0, 0x0,
    0x4f, 0x0, 0x0, 0x0, 0x0, 0x0, 0x0, 0x4f,
    0x0, 0x0, 0x0, 0x0, 0x0, 0x0, 0x4f, 0x0,
    0x0, 0x0,

    /* U+C6CC "워" */
    0x0, 0x8, 0xef, 0xd8, 0x0, 0xe, 0x60, 0xa,
    0xc3, 0x3, 0xd9, 0x0, 0xe6, 0x0, 0xf3, 0x0,
    0x4, 0xf0, 0xe, 0x60, 0xf, 0x30, 0x0, 0x4f,
    0x0, 0xe6, 0x0, 0xad, 0x41, 0x4d, 0x90, 0xe,
    0x60, 0x0, 0x8e, 0xfd, 0x80, 0x0, 0xe6, 0x0,
    0x0, 0x0, 0x0, 0x2, 0xe, 0x61, 0xcc, 0xcc,
    0xdd, 0xff, 0xe2, 0xe6, 0x5, 0x55, 0x7f, 0x31,
    0x0, 0xe, 0x60, 0x0, 0x4, 0xf1, 0x2, 0x22,
    0xe6, 0x0, 0x0, 0x4f, 0x11, 0xee, 0xef, 0x60,
    0x0, 0x4, 0xf1, 0x0, 0x0, 0xe6, 0x0, 0x0,
    0x4f, 0x10, 0x0, 0xe, 0x60, 0x0, 0x4, 0xf1,
    0x0, 0x0, 0xe6,

    /* U+C6D0 "원" */
    0x0, 0x19, 0xef, 0xe8, 0x0, 0xe, 0x60, 0xc,
    0xb2, 0x2, 0xca, 0x0, 0xe6, 0x0, 0xf3, 0x0,
    0x5, 0xf0, 0xe, 0x60, 0xe, 0x90, 0x0, 0xac,
    0x0, 0xe6, 0x0, 0x3c, 0xec, 0xeb, 0x20, 0xe,
    0x60, 0x0, 0x1, 0x21, 0x0, 0x10, 0xe6, 0x2c,
    0xcc, 0xcd, 0xdf, 0xfd, 0xe, 0x60, 0x55, 0x45,
    0xf5, 0x10, 0x0, 0xe6, 0x0, 0x0, 0x1f, 0x40,
    0xce, 0xef, 0x60, 0x0, 0x31, 0xf4, 0x0, 0x11,
    0xe6, 0x0, 0x3f, 0x24, 0x10, 0x0, 0xd, 0x50,
    0x3, 0xf2, 0x0, 0x0, 0x0, 0x0, 0x0, 0x3f,
    0x31, 0x11, 0x11, 0x11, 0x10, 0x3, 0xff, 0xff,
    0xff, 0xff, 0xff,

    /* U+C6E8 "웨" */
    0x0, 0x0, 0x10, 0x0, 0x1f, 0x25, 0xe0, 0xa,
    0xfe, 0xe6, 0x1, 0xf2, 0x5e, 0x8, 0xc1, 0x3,
    0xf3, 0x1f, 0x25, 0xe0, 0xb7, 0x0, 0xd, 0x61,
    0xf2, 0x5e, 0x7, 0xd2, 0x5, 0xf2, 0x1f, 0x25,
    0xe0, 0x8, 0xef, 0xd4, 0x1, 0xf2, 0x5e, 0x0,
    0x0, 0x0, 0x13, 0x1f, 0x25, 0xe5, 0xee, 0xff,
    0xed, 0xb1, 0xf2, 0x5e, 0x1, 0x16, 0xe0, 0x0,
    0x1f, 0x25, 0xe0, 0x0, 0x5e, 0xc, 0xff, 0xf2,
    0x5e, 0x0, 0x5, 0xe0, 0x11, 0x2f, 0x25, 0xe0,
    0x0, 0x5e, 0x0, 0x1, 0xf2, 0x5e, 0x0, 0x5,
    0xe0, 0x0, 0x1f, 0x25, 0xe0, 0x0, 0x0, 0x0,
    0x0, 0x40, 0x5e,

    /* U+C704 "위" */
    0x0, 0x7, 0xdf, 0xe8, 0x0, 0xe, 0x60, 0x9,
    0xe5, 0x24, 0xda, 0x0, 0xe6, 0x0, 0xf4, 0x0,
    0x3, 0xf1, 0xe, 0x60, 0xf, 0x30, 0x0, 0x2f,
    0x20, 0xe6, 0x0, 0xbc, 0x10, 0x1b, 0xd0, 0xe,
    0x60, 0x1, 0xbf, 0xef, 0xc2, 0x0, 0xe6, 0x0,
    0x0, 0x13, 0x10, 0x0, 0xe, 0x60, 0x22, 0x23,
    0x44, 0x67, 0x92, 0xe6, 0x1e, 0xee, 0xef, 0xda,
    0x96, 0x1e, 0x60, 0x0, 0x0, 0xf4, 0x0, 0x0,
    0xe6, 0x0, 0x0, 0xf, 0x40, 0x0, 0xe, 0x60,
    0x0, 0x0, 0xf4, 0x0, 0x0, 0xe6, 0x0, 0x0,
    0xf, 0x40, 0x0, 0xe, 0x60, 0x0, 0x0, 0xf4,
    0x0, 0x0, 0xe6,

    /* U+C720 "유" */
    0x0, 0x0, 0x6c, 0xef, 0xeb, 0x50, 0x0, 0x0,
    0xc, 0xd5, 0x11, 0x27, 0xe9, 0x0, 0x0, 0x7e,
    0x10, 0x0, 0x0, 0x3f, 0x30, 0x0, 0x9c, 0x0,
    0x0, 0x0, 0xf, 0x50, 0x0, 0x6f, 0x20, 0x0,
    0x0, 0x5f, 0x20, 0x0, 0xa, 0xe8, 0x43, 0x49,
    0xf7, 0x0, 0x0, 0x0, 0x4a, 0xcd, 0xc9, 0x30,
    0x0, 0x0, 0x0, 0x0, 0x0, 0x0, 0x0, 0x0,
    0x1f, 0xff, 0xff, 0xff, 0xff, 0xff, 0xfe, 0x1,
    0x11, 0xca, 0x11, 0x1d, 0x81, 0x11, 0x0, 0x0,
    0xb9, 0x0, 0xd, 0x80, 0x0, 0x0, 0x0, 0xb9,
    0x0, 0xd, 0x80, 0x0, 0x0, 0x0, 0xb9, 0x0,
    0xd, 0x80, 0x0, 0x0, 0x0, 0xb9, 0x0, 0xd,
    0x80, 0x0,

    /* U+C73C "으" */
    0x0, 0x0, 0x0, 0x23, 0x10, 0x0, 0x0, 0x0,
    0x1, 0x9e, 0xfe, 0xfd, 0x70, 0x0, 0x0, 0x1d,
    0xb3, 0x0, 0x4, 0xda, 0x0, 0x0, 0x8c, 0x0,
    0x0, 0x0, 0x1f, 0x40, 0x0, 0xc7, 0x0, 0x0,
    0x0, 0xb, 0x80, 0x0, 0xb8, 0x0, 0x0, 0x0,
    0xc, 0x70, 0x0, 0x6e, 0x20, 0x0, 0x0, 0x5f,
    0x20, 0x0, 0x9, 0xf8, 0x43, 0x5a, 0xf5, 0x0,
    0x0, 0x0, 0x39, 0xcd, 0xc8, 0x20, 0x0, 0x0,
    0x0, 0x0, 0x0, 0x0, 0x0, 0x0, 0x0, 0x0,
    0x0, 0x0, 0x0, 0x0, 0x0, 0x1f, 0xff, 0xff,
    0xff, 0xff, 0xff, 0xfe, 0x2, 0x22, 0x22, 0x22,
    0x22, 0x22, 0x22,

    /* U+C744 "을" */
    0x0, 0x3, 0x9d, 0xff, 0xfd, 0x92, 0x0, 0x0,
    0x4f, 0x83, 0x10, 0x13, 0xaf, 0x20, 0x0, 0x9d,
    0x0, 0x0, 0x0, 0xf, 0x60, 0x0, 0x4f, 0x72,
    0x0, 0x2, 0x9f, 0x20, 0x0, 0x3, 0xae, 0xff,
    0xfd, 0x92, 0x0, 0x0, 0x0, 0x0, 0x0, 0x0,
    0x0, 0x0, 0x1f, 0xff, 0xff, 0xff, 0xff, 0xff,
    0xfe, 0x1, 0x11, 0x11, 0x11, 0x11, 0x11, 0x11,
    0x0, 0x7e, 0xee, 0xee, 0xee, 0xee, 0x30, 0x0,
    0x1, 0x11, 0x11, 0x11, 0x1f, 0x40, 0x0, 0x13,
    0x33, 0x33, 0x33, 0x3f, 0x40, 0x0, 0x7f, 0xcc,
    0xcc, 0xcc, 0xcc, 0x30, 0x0, 0x7d, 0x0, 0x0,
    0x0, 0x0, 0x0, 0x0, 0x7f, 0xff, 0xff, 0xff,
    0xff, 0xb0,

    /* U+C74C "음" */
    0x0, 0x1, 0x8d, 0xef, 0xec, 0x70, 0x0, 0x0,
    0x2f, 0xb4, 0x11, 0x25, 0xdd, 0x0, 0x0, 0x9d,
    0x0, 0x0, 0x0, 0x1f, 0x50, 0x0, 0x8e, 0x0,
    0x0, 0x0, 0x2f, 0x50, 0x0, 0x1d, 0xd7, 0x44,
    0x58, 0xeb, 0x0, 0x0, 0x0, 0x59, 0xbc, 0xb9,
    0x30, 0x0, 0x1, 0x11, 0x11, 0x11, 0x11, 0x11,
    0x11, 0x1f, 0xff, 0xff, 0xff, 0xff, 0xff, 0xfd,
    0x0, 0x0, 0x0, 0x0, 0x0, 0x0, 0x0, 0x0,
    0x7f, 0xff, 0xff, 0xff, 0xff, 0x40, 0x0, 0x7d,
    0x11, 0x11, 0x11, 0x1f, 0x50, 0x0, 0x7c, 0x0,
    0x0, 0x0, 0xf, 0x50, 0x0, 0x7c, 0x11, 0x11,
    0x11, 0x1f, 0x50, 0x0, 0x7f, 0xff, 0xff, 0xff,
    0xff, 0x50,

    /* U+C774 "이" */
    0x0, 0x0, 0x0, 0x0, 0x0, 0xe6, 0x1, 0xbf,
    0xf9, 0x0, 0x0, 0xe6, 0xd, 0xb3, 0x4e, 0x90,
    0x0, 0xe6, 0x5e, 0x0, 0x4, 0xf1, 0x0, 0xe6,
    0x9a, 0x0, 0x0, 0xe5, 0x0, 0xe6, 0xb8, 0x0,
    0x0, 0xc7, 0x0, 0xe6, 0xb8, 0x0, 0x0, 0xc7,
    0x0, 0xe6, 0x9a, 0x0, 0x0, 0xf5, 0x0, 0xe6,
    0x4f, 0x10, 0x5, 0xf1, 0x0, 0xe6, 0xc, 0xc4,
    0x6e, 0x70, 0x0, 0xe6, 0x1, 0x9e, 0xd7, 0x0,
    0x0, 0xe6, 0x0, 0x0, 0x0, 0x0, 0x0, 0xe6,
    0x0, 0x0, 0x0, 0x0, 0x0, 0xe6, 0x0, 0x0,
    0x0, 0x0, 0x0, 0xe6,

    /* U+C778 "인" */
    0x0, 0x1, 0x10, 0x0, 0x0, 0xe6, 0x0, 0x5d,
    0xff, 0xd4, 0x0, 0xe, 0x60, 0x4f, 0x70, 0x8,
    0xf3, 0x0, 0xe6, 0xa, 0xa0, 0x0, 0xb, 0xa0,
    0xe, 0x60, 0xc8, 0x0, 0x0, 0x8b, 0x0, 0xe6,
    0x9, 0xc0, 0x0, 0xd, 0x80, 0xe, 0x60, 0x2e,
    0xb4, 0x4c, 0xe1, 0x0, 0xe6, 0x0, 0x2a, 0xdd,
    0x91, 0x0, 0xe, 0x60, 0x0, 0x0, 0x0, 0x0,
    0x0, 0xe6, 0x0, 0x5, 0x70, 0x0, 0x0, 0xe,
    0x60, 0x0, 0x9c, 0x0, 0x0, 0x0, 0x73, 0x0,
    0x9, 0xc0, 0x0, 0x0, 0x0, 0x0, 0x0, 0x9c,
    0x11, 0x11, 0x11, 0x11, 0x0, 0x9, 0xff, 0xff,
    0xff, 0xff, 0xf1,

    /* U+C77C "일" */
    0x4, 0xcf, 0xea, 0x10, 0x0, 0xe6, 0x3, 0xf8,
    0x23, 0xbd, 0x0, 0xe, 0x60, 0xaa, 0x0, 0x0,
    0xf5, 0x0, 0xe6, 0xc, 0x70, 0x0, 0xc, 0x70,
    0xe, 0x60, 0xab, 0x0, 0x1, 0xf5, 0x0, 0xe6,
    0x2, 0xfa, 0x34, 0xcc, 0x0, 0xe, 0x60, 0x2,
    0xad, 0xc8, 0x0, 0x0, 0xe6, 0x0, 0x1, 0x11,
    0x11, 0x11, 0x16, 0x20, 0x0, 0xaf, 0xff, 0xff,
    0xff, 0xf6, 0x0, 0x0, 0x0, 0x0, 0x0, 0xe,
    0x60, 0x0, 0x8d, 0xdd, 0xdd, 0xdd, 0xf6, 0x0,
    0xa, 0xa2, 0x22, 0x22, 0x22, 0x0, 0x0, 0xaa,
    0x0, 0x0, 0x0, 0x0, 0x0, 0xa, 0xff, 0xff,
    0xff, 0xff, 0xf1,

    /* U+C785 "입" */
    0x3, 0xbf, 0xfb, 0x20, 0x0, 0xe6, 0x2f, 0x92,
    0x29, 0xf2, 0x0, 0xe6, 0xab, 0x0, 0x0, 0xc9,
    0x0, 0xe6, 0xc8, 0x0, 0x0, 0x8b, 0x0, 0xe6,
    0xaa, 0x0, 0x0, 0xb9, 0x0, 0xe6, 0x3f, 0x70,
    0x7, 0xf3, 0x0, 0xe6, 0x5, 0xdf, 0xfd, 0x40,
    0x0, 0xe6, 0x0, 0x1, 0x10, 0x0, 0x0, 0xa4,
    0x0, 0x78, 0x0, 0x0, 0x0, 0xa4, 0x0, 0x9b,
    0x0, 0x0, 0x0, 0xe6, 0x0, 0x9f, 0xff, 0xff,
    0xff, 0xf6, 0x0, 0x9b, 0x0, 0x0, 0x0, 0xe6,
    0x0, 0x9b, 0x11, 0x11, 0x11, 0xe6, 0x0, 0x9f,
    0xff, 0xff, 0xff, 0xf6,

    /* U+C788 "있" */
    0x3, 0xbf, 0xfb, 0x20, 0x0, 0xe6, 0x2, 0xf9,
    0x22, 0xae, 0x20, 0xe, 0x60, 0xac, 0x0, 0x0,
    0xc9, 0x0, 0xe6, 0xc, 0x80, 0x0, 0x8, 0xb0,
    0xe, 0x60, 0xaa, 0x0, 0x0, 0xaa, 0x0, 0xe6,
    0x4, 0xf5, 0x0, 0x6f, 0x30, 0xe, 0x60, 0x6,
    0xef, 0xee, 0x50, 0x0, 0xe6, 0x0, 0x0, 0x22,
    0x0, 0x0, 0xe, 0x60, 0x0, 0x1, 0x20, 0x0,
    0x2, 0x21, 0x0, 0x0, 0x8c, 0x0, 0x5, 0xd0,
    0x0, 0x0, 0xb, 0xe0, 0x0, 0x7f, 0x0, 0x0,
    0x3, 0xfe, 0x50, 0xd, 0xd7, 0x0, 0x6, 0xe7,
    0x5e, 0x4a, 0xb2, 0xf8, 0x3, 0xe6, 0x0, 0x7f,
    0xd1, 0x3, 0xd6, 0x0, 0x0, 0x0, 0x10, 0x0,
    0x0, 0x0,

    /* U+C790 "자" */
    0x0, 0x0, 0x0, 0x0, 0x0, 0x6e, 0x0, 0x0,
    0xde, 0xee, 0xee, 0xec, 0x6, 0xe0, 0x0, 0x2,
    0x22, 0xbb, 0x22, 0x20, 0x6e, 0x0, 0x0, 0x0,
    0xa, 0xa0, 0x0, 0x6, 0xe0, 0x0, 0x0, 0x0,
    0xab, 0x0, 0x0, 0x6e, 0x0, 0x0, 0x0, 0xd,
    0xd0, 0x0, 0x6, 0xe2, 0x20, 0x0, 0x3, 0xff,
    0x30, 0x0, 0x6f, 0xff, 0x40, 0x0, 0xab, 0xbb,
    0x0, 0x6, 0xe0, 0x0, 0x0, 0x5f, 0x32, 0xf7,
    0x0, 0x6e, 0x0, 0x0, 0x3f, 0x80, 0x6, 0xf8,
    0x6, 0xe0, 0x0, 0x2f, 0xa0, 0x0, 0x5, 0xd1,
    0x6e, 0x0, 0x0, 0x30, 0x0, 0x0, 0x0, 0x6,
    0xe0, 0x0, 0x0, 0x0, 0x0, 0x0, 0x0, 0x6e,
    0x0, 0x0, 0x0, 0x0, 0x0, 0x0, 0x6, 0xe0,
    0x0,

    /* U+C791 "작" */
    0x1, 0x11, 0x11, 0x11, 0x10, 0x4f, 0x0, 0x0,
    0xbf, 0xff, 0xff, 0xfe, 0x4, 0xf0, 0x0, 0x0,
    0x0, 0x9c, 0x0, 0x0, 0x4f, 0x0, 0x0, 0x0,
    0xb, 0xe0, 0x0, 0x4, 0xf3, 0x20, 0x0, 0x1,
    0xff, 0x40, 0x0, 0x4f, 0xee, 0x20, 0x0, 0xac,
    0x8d, 0x10, 0x4, 0xf0, 0x0, 0x1, 0xaf, 0x20,
    0xce, 0x50, 0x4f, 0x0, 0x0, 0xed, 0x20, 0x0,
    0x8d, 0x4, 0xf0, 0x0, 0x2, 0x0, 0x0, 0x0,
    0x0, 0x2a, 0x0, 0x0, 0x4, 0xff, 0xff, 0xff,
    0xff, 0xf0, 0x0, 0x0, 0x1, 0x11, 0x11, 0x11,
    0x5f, 0x0, 0x0, 0x0, 0x0, 0x0, 0x0, 0x4,
    0xf0, 0x0, 0x0, 0x0, 0x0, 0x0, 0x0, 0x4f,
    0x0, 0x0, 0x0, 0x0, 0x0, 0x0, 0x4, 0xf0,
    0x0,

    /* U+C7A5 "장" */
    0x1, 0x11, 0x11, 0x11, 0x10, 0x4f, 0x0, 0x0,
    0xbf, 0xff, 0xff, 0xfe, 0x4, 0xf0, 0x0, 0x0,
    0x0, 0x9c, 0x0, 0x0, 0x4f, 0x0, 0x0, 0x0,
    0xb, 0xe0, 0x0, 0x4, 0xf5, 0x50, 0x0, 0x1,
    0xff, 0x40, 0x0, 0x4f, 0xcc, 0x10, 0x0, 0xad,
    0x8e, 0x20, 0x4, 0xf0, 0x0, 0x0, 0x9f, 0x30,
    0xbe, 0x60, 0x4f, 0x0, 0x0, 0xde, 0x30, 0x0,
    0x7b, 0x4, 0xf0, 0x0, 0x3, 0x0, 0x0, 0x1,
    0x0, 0x2a, 0x0, 0x0, 0x0, 0x29, 0xef, 0xef,
    0xe9, 0x10, 0x0, 0x0, 0x1e, 0xa2, 0x0, 0x2,
    0xbe, 0x0, 0x0, 0x3, 0xf2, 0x0, 0x0, 0x3,
    0xf2, 0x0, 0x0, 0xd, 0xc4, 0x11, 0x14, 0xcc,
    0x0, 0x0, 0x0, 0x17, 0xce, 0xfe, 0xc7, 0x0,
    0x0,

    /* U+C7AC "재" */
    0x0, 0x0, 0x0, 0x0, 0x4f, 0x2, 0xf1, 0x3,
    0x44, 0x44, 0x42, 0x4f, 0x2, 0xf1, 0xc, 0xdd,
    0xfd, 0xd9, 0x4f, 0x2, 0xf1, 0x0, 0x2, 0xf1,
    0x0, 0x4f, 0x2, 0xf1, 0x0, 0x3, 0xf2, 0x0,
    0x4f, 0x2, 0xf1, 0x0, 0x5, 0xf4, 0x0, 0x4f,
    0x24, 0xf1, 0x0, 0x8, 0xf8, 0x0, 0x4f, 0xee,
    0xf1, 0x0, 0xe, 0xae, 0x0, 0x4f, 0x2, 0xf1,
    0x0, 0x7e, 0xd, 0x90, 0x4f, 0x2, 0xf1, 0x5,
    0xf5, 0x3, 0xfa, 0x5f, 0x2, 0xf1, 0x1e, 0x70,
    0x0, 0x27, 0x4f, 0x2, 0xf1, 0x0, 0x0, 0x0,
    0x0, 0x4f, 0x2, 0xf1, 0x0, 0x0, 0x0, 0x0,
    0x4f, 0x2, 0xf1, 0x0, 0x0, 0x0, 0x0, 0x15,
    0x2, 0xf1,

    /* U+C800 "저" */
    0x0, 0x0, 0x0, 0x0, 0x0, 0x6, 0xe0, 0xbe,
    0xee, 0xee, 0xee, 0x10, 0x6e, 0x1, 0x22, 0x7f,
    0x22, 0x20, 0x6, 0xe0, 0x0, 0x6, 0xf0, 0x0,
    0x0, 0x6e, 0x0, 0x0, 0x7f, 0x0, 0x0, 0x6,
    0xe0, 0x0, 0xa, 0xf3, 0x7, 0xff, 0xfe, 0x0,
    0x1, 0xfe, 0x90, 0x1, 0x17, 0xe0, 0x0, 0x8d,
    0x4f, 0x20, 0x0, 0x6e, 0x0, 0x4f, 0x50, 0xbd,
    0x0, 0x6, 0xe0, 0x4f, 0x80, 0x1, 0xdc, 0x20,
    0x6e, 0x1e, 0x90, 0x0, 0x1, 0xa3, 0x6, 0xe0,
    0x0, 0x0, 0x0, 0x0, 0x0, 0x6e, 0x0, 0x0,
    0x0, 0x0, 0x0, 0x6, 0xe0, 0x0, 0x0, 0x0,
    0x0, 0x0, 0x6e,

    /* U+C801 "적" */
    0x1, 0x22, 0x22, 0x22, 0x10, 0xe, 0x70, 0xaf,
    0xff, 0xff, 0xff, 0x0, 0xe7, 0x0, 0x0, 0xb9,
    0x0, 0x0, 0xe, 0x70, 0x0, 0xd, 0xc0, 0x2,
    0x33, 0xe7, 0x0, 0x2, 0xff, 0x20, 0x9d, 0xdf,
    0x70, 0x0, 0xba, 0xad, 0x10, 0x0, 0xe7, 0x0,
    0xae, 0x10, 0xcd, 0x40, 0xe, 0x70, 0xdd, 0x20,
    0x0, 0x8c, 0x0, 0xe7, 0x2, 0x0, 0x0, 0x0,
    0x0, 0x8, 0x40, 0x2, 0xff, 0xff, 0xff, 0xff,
    0xf6, 0x0, 0x1, 0x11, 0x11, 0x11, 0x1e, 0x70,
    0x0, 0x0, 0x0, 0x0, 0x0, 0xe7, 0x0, 0x0,
    0x0, 0x0, 0x0, 0xe, 0x70, 0x0, 0x0, 0x0,
    0x0, 0x0, 0xe7,

    /* U+C804 "전" */
    0x0, 0x0, 0x0, 0x0, 0x0, 0x7, 0xe0, 0xb,
    0xff, 0xff, 0xff, 0xf0, 0x7, 0xe0, 0x0, 0x11,
    0x6f, 0x11, 0x0, 0x7, 0xe0, 0x0, 0x0, 0x7f,
    0x0, 0x2, 0x28, 0xe0, 0x0, 0x0, 0xcf, 0x60,
    0x4f, 0xff, 0xe0, 0x0, 0x5, 0xf8, 0xe1, 0x0,
    0x7, 0xe0, 0x0, 0x4f, 0x70, 0xbd, 0x30, 0x7,
    0xe0, 0xa, 0xf8, 0x0, 0xa, 0xf3, 0x7, 0xe0,
    0x5, 0x30, 0x0, 0x0, 0x20, 0x7, 0xe0, 0x0,
    0x3, 0x60, 0x0, 0x0, 0x7, 0xe0, 0x0, 0x7,
    0xe0, 0x0, 0x0, 0x3, 0x70, 0x0, 0x7, 0xe0,
    0x0, 0x0, 0x0, 0x0, 0x0, 0x7, 0xe1, 0x11,
    0x11, 0x11, 0x10, 0x0, 0x7, 0xff, 0xff, 0xff,
    0xff, 0xf1,

    /* U+C815 "정" */
    0x1, 0x11, 0x11, 0x11, 0x10, 0x7, 0xe0, 0xaf,
    0xff, 0xff, 0xff, 0x0, 0x7e, 0x0, 0x0, 0x6f,
    0x0, 0x0, 0x7, 0xe0, 0x0, 0x8, 0xf1, 0x0,
    0x33, 0x8e, 0x0, 0x0, 0xef, 0x80, 0x3d, 0xde,
    0xe0, 0x0, 0x8e, 0x5f, 0x40, 0x0, 0x7e, 0x0,
    0x8f, 0x40, 0x8f, 0x81, 0x7, 0xe0, 0xce, 0x40,
    0x0, 0x5d, 0x20, 0x7e, 0x3, 0x0, 0x0, 0x1,
    0x10, 0x3, 0x70, 0x0, 0x6, 0xcf, 0xee, 0xfd,
    0x70, 0x0, 0x8, 0xe5, 0x0, 0x0, 0x4d, 0xa0,
    0x0, 0xca, 0x0, 0x0, 0x0, 0x7e, 0x0, 0x6,
    0xf7, 0x21, 0x2, 0x6e, 0x80, 0x0, 0x4, 0xad,
    0xff, 0xeb, 0x50,

    /* U+C81C "제" */
    0x0, 0x0, 0x0, 0x0, 0x1f, 0x23, 0xf0, 0x3,
    0x44, 0x44, 0x42, 0x1f, 0x23, 0xf0, 0xb, 0xcd,
    0xfc, 0xc7, 0x1f, 0x23, 0xf0, 0x0, 0x3, 0xf1,
    0x0, 0x1f, 0x23, 0xf0, 0x0, 0x3, 0xf1, 0x0,
    0x1f, 0x23, 0xf0, 0x0, 0x5, 0xf3, 0x7f, 0xff,
    0x23, 0xf0, 0x0, 0x9, 0xf7, 0x0, 0x2f, 0x23,
    0xf0, 0x0, 0xe, 0x7d, 0x0, 0x1f, 0x23, 0xf0,
    0x0, 0x8c, 0xd, 0x80, 0x1f, 0x23, 0xf0, 0x6,
    0xf3, 0x3, 0xf8, 0x1f, 0x23, 0xf0, 0x1e, 0x50,
    0x0, 0x48, 0x1f, 0x23, 0xf0, 0x0, 0x0, 0x0,
    0x0, 0x1f, 0x23, 0xf0, 0x0, 0x0, 0x0, 0x0,
    0x1f, 0x23, 0xf0, 0x0, 0x0, 0x0, 0x0, 0x4,
    0x3, 0xf0,

    /* U+C838 "져" */
    0x0, 0x0, 0x0, 0x0, 0x0, 0x6, 0xe0, 0xae,
    0xee, 0xee, 0xee, 0x0, 0x6e, 0x1, 0x22, 0x7f,
    0x22, 0x20, 0x6, 0xe0, 0x0, 0x6, 0xf0, 0x0,
    0x22, 0x8e, 0x0, 0x0, 0x7f, 0x0, 0x4f, 0xff,
    0xe0, 0x0, 0xa, 0xf3, 0x0, 0x0, 0x6e, 0x0,
    0x1, 0xfe, 0x90, 0x1, 0x17, 0xe0, 0x0, 0x7d,
    0x3f, 0x24, 0xff, 0xfe, 0x0, 0x3f, 0x60, 0xad,
    0x0, 0x6, 0xe0, 0x3e, 0xa0, 0x0, 0xdc, 0x10,
    0x6e, 0xe, 0xb0, 0x0, 0x1, 0xb3, 0x6, 0xe0,
    0x10, 0x0, 0x0, 0x0, 0x0, 0x6e, 0x0, 0x0,
    0x0, 0x0, 0x0, 0x6, 0xe0, 0x0, 0x0, 0x0,
    0x0, 0x0, 0x6e,

    /* U+C870 "조" */
    0x0, 0xff, 0xff, 0xff, 0xff, 0xff, 0xc0, 0x0,
    0x22, 0x22, 0x6f, 0x32, 0x22, 0x10, 0x0, 0x0,
    0x0, 0x8f, 0x40, 0x0, 0x0, 0x0, 0x0, 0x2,
    0xfb, 0xd0, 0x0, 0x0, 0x0, 0x0, 0x3e, 0x90,
    0xbc, 0x20, 0x0, 0x0, 0x3a, 0xf7, 0x0, 0x8,
    0xf9, 0x40, 0x3, 0xfa, 0x20, 0x16, 0x0, 0x3a,
    0xe1, 0x0, 0x0, 0x0, 0x4f, 0x10, 0x0, 0x0,
    0x0, 0x0, 0x0, 0x4f, 0x10, 0x0, 0x0, 0x0,
    0x0, 0x0, 0x4f, 0x10, 0x0, 0x0, 0x1f, 0xff,
    0xff, 0xff, 0xff, 0xff, 0xfe, 0x2, 0x22, 0x22,
    0x22, 0x22, 0x22, 0x22,

    /* U+C871 "족" */
    0x0, 0xff, 0xff, 0xff, 0xff, 0xff, 0xb0, 0x0,
    0x1, 0x11, 0x9f, 0x51, 0x11, 0x0, 0x0, 0x0,
    0x2, 0xfd, 0xc0, 0x0, 0x0, 0x0, 0x0, 0x5e,
    0xb1, 0xdc, 0x30, 0x0, 0x2, 0x9d, 0xf8, 0x12,
    0x19, 0xfc, 0x80, 0x0, 0x85, 0x10, 0x5f, 0x0,
    0x16, 0x80, 0x0, 0x0, 0x0, 0x5f, 0x0, 0x0,
    0x0, 0x1f, 0xff, 0xff, 0xff, 0xff, 0xff, 0xfe,
    0x1, 0x11, 0x11, 0x11, 0x11, 0x11, 0x11, 0x0,
    0x24, 0x44, 0x44, 0x44, 0x44, 0x10, 0x0, 0x8c,
    0xcc, 0xcc, 0xcc, 0xcf, 0x40, 0x0, 0x0, 0x0,
    0x0, 0x0, 0xf, 0x40, 0x0, 0x0, 0x0, 0x0,
    0x0, 0xf, 0x40, 0x0, 0x0, 0x0, 0x0, 0x0,
    0xf, 0x40,

    /* U+C885 "종" */
    0x0, 0xef, 0xff, 0xff, 0xff, 0xff, 0xb0, 0x0,
    0x1, 0x11, 0x9f, 0x61, 0x11, 0x0, 0x0, 0x0,
    0x2, 0xfd, 0xd0, 0x0, 0x0, 0x0, 0x0, 0x5e,
    0xb0, 0xcd, 0x40, 0x0, 0x2, 0x9e, 0xf8, 0x1,
    0x9, 0xfd, 0x90, 0x0, 0x84, 0x0, 0x4f, 0x0,
    0x16, 0x80, 0x0, 0x0, 0x0, 0x4f, 0x0, 0x0,
    0x0, 0x1f, 0xff, 0xff, 0xff, 0xff, 0xff, 0xfe,
    0x0, 0x0, 0x0, 0x0, 0x0, 0x0, 0x0, 0x0,
    0x1, 0x7b, 0xcd, 0xca, 0x60, 0x0, 0x0, 0x2f,
    0xa5, 0x32, 0x36, 0xcd, 0x0, 0x0, 0x7e, 0x0,
    0x0, 0x0, 0x1f, 0x40, 0x0, 0x3f, 0x83, 0x10,
    0x13, 0xbe, 0x10, 0x0, 0x3, 0x9d, 0xef, 0xfd,
    0x81, 0x0,

    /* U+C911 "중" */
    0x0, 0xef, 0xff, 0xff, 0xff, 0xff, 0xb0, 0x0,
    0x1, 0x11, 0x9f, 0x61, 0x11, 0x0, 0x0, 0x0,
    0x2, 0xfd, 0xd0, 0x0, 0x0, 0x0, 0x0, 0x5e,
    0xb0, 0xdd, 0x30, 0x0, 0x1, 0x9d, 0xf8, 0x0,
    0x1a, 0xfd, 0x80, 0x0, 0x85, 0x10, 0x0, 0x0,
    0x28, 0xa0, 0x3, 0x33, 0x33, 0x33, 0x33, 0x33,
    0x33, 0x1d, 0xdd, 0xdd, 0xdf, 0xdd, 0xdd, 0xdb,
    0x0, 0x0, 0x0, 0x4f, 0x10, 0x0, 0x0, 0x0,
    0x1, 0x7b, 0xdf, 0xda, 0x60, 0x0, 0x0, 0x2f,
    0xa5, 0x22, 0x35, 0xcd, 0x0, 0x0, 0x7e, 0x0,
    0x0, 0x0, 0x1f, 0x40, 0x0, 0x3f, 0x93, 0x10,
    0x14, 0xbe, 0x10, 0x0, 0x3, 0x9d, 0xef, 0xec,
    0x81, 0x0,

    /* U+C990 "즐" */
    0x0, 0xef, 0xff, 0xff, 0xff, 0xff, 0xc0, 0x0,
    0x0, 0x0, 0x7f, 0x60, 0x0, 0x0, 0x0, 0x0,
    0x4, 0xfb, 0xe3, 0x0, 0x0, 0x0, 0x15, 0xbf,
    0x70, 0x8f, 0xa4, 0x0, 0x2, 0xfc, 0x82, 0x0,
    0x2, 0x9d, 0xf1, 0x1, 0x11, 0x11, 0x11, 0x11,
    0x11, 0x10, 0x1f, 0xff, 0xff, 0xff, 0xff, 0xff,
    0xfe, 0x0, 0x0, 0x0, 0x0, 0x0, 0x0, 0x0,
    0x0, 0x7e, 0xee, 0xee, 0xee, 0xee, 0x30, 0x0,
    0x1, 0x11, 0x11, 0x11, 0x1f, 0x40, 0x0, 0x12,
    0x22, 0x22, 0x22, 0x3f, 0x40, 0x0, 0x7f, 0xcc,
    0xcc, 0xcc, 0xcc, 0x30, 0x0, 0x7d, 0x0, 0x0,
    0x0, 0x0, 0x0, 0x0, 0x7f, 0xff, 0xff, 0xff,
    0xff, 0xb0,

    /* U+C9C0 "지" */
    0x0, 0x0, 0x0, 0x0, 0x0, 0xf, 0x60, 0xde,
    0xee, 0xee, 0xee, 0x10, 0xf6, 0x2, 0x22, 0xac,
    0x22, 0x20, 0xf, 0x60, 0x0, 0x9, 0xc0, 0x0,
    0x0, 0xf6, 0x0, 0x0, 0x9c, 0x0, 0x0, 0xf,
    0x60, 0x0, 0xc, 0xf0, 0x0, 0x0, 0xf6, 0x0,
    0x2, 0xfe, 0x60, 0x0, 0xf, 0x60, 0x0, 0xaa,
    0x7d, 0x0, 0x0, 0xf6, 0x0, 0x5f, 0x20, 0xdb,
    0x0, 0xf, 0x60, 0x6f, 0x60, 0x2, 0xec, 0x20,
    0xf6, 0x2f, 0x70, 0x0, 0x1, 0xa2, 0xf, 0x60,
    0x10, 0x0, 0x0, 0x0, 0x0, 0xf6, 0x0, 0x0,
    0x0, 0x0, 0x0, 0xf, 0x60, 0x0, 0x0, 0x0,
    0x0, 0x0, 0xf6,

    /* U+C9C1 "직" */
    0x1, 0x11, 0x11, 0x11, 0x10, 0xe, 0x60, 0xcf,
    0xff, 0xff, 0xff, 0x10, 0xe6, 0x0, 0x0, 0x8d,
    0x0, 0x0, 0xe, 0x60, 0x0, 0xa, 0xf0, 0x0,
    0x0, 0xe6, 0x0, 0x1, 0xff, 0x50, 0x0, 0xe,
    0x60, 0x0, 0xac, 0x6e, 0x20, 0x0, 0xe6, 0x1,
    0xae, 0x20, 0x9f, 0x70, 0xe, 0x60, 0xdd, 0x20,
    0x0, 0x6d, 0x20, 0xe6, 0x1, 0x0, 0x0, 0x0,
    0x0, 0xa, 0x40, 0x3, 0xff, 0xff, 0xff, 0xff,
    0xf5, 0x0, 0x1, 0x11, 0x11, 0x11, 0x1e, 0x60,
    0x0, 0x0, 0x0, 0x0, 0x0, 0xe6, 0x0, 0x0,
    0x0, 0x0, 0x0, 0xe, 0x60, 0x0, 0x0, 0x0,
    0x0, 0x0, 0xe6,

    /* U+C9D0 "짐" */
    0x1, 0x11, 0x11, 0x11, 0x10, 0xf, 0x50, 0xcf,
    0xff, 0xff, 0xff, 0x10, 0xf5, 0x0, 0x0, 0x8d,
    0x0, 0x0, 0xf, 0x50, 0x0, 0xa, 0xf0, 0x0,
    0x0, 0xf5, 0x0, 0x1, 0xfe, 0x70, 0x0, 0xf,
    0x50, 0x0, 0xbb, 0x4f, 0x40, 0x0, 0xf5, 0x3,
    0xcd, 0x10, 0x6f, 0x91, 0xf, 0x50, 0xda, 0x10,
    0x0, 0x3a, 0x10, 0xf5, 0x0, 0x0, 0x0, 0x0,
    0x0, 0x5, 0x20, 0x0, 0xdf, 0xff, 0xff, 0xff,
    0xf5, 0x0, 0xd, 0x70, 0x0, 0x0, 0xe, 0x50,
    0x0, 0xd7, 0x0, 0x0, 0x0, 0xe5, 0x0, 0xd,
    0x71, 0x11, 0x11, 0x1e, 0x50, 0x0, 0xdf, 0xff,
    0xff, 0xff, 0xf5,

    /* U+C9DC "짜" */
    0x0, 0x0, 0x0, 0x0, 0x0, 0x1f, 0x30, 0x0,
    0xdf, 0xff, 0x5f, 0xff, 0xb1, 0xf3, 0x0, 0x2,
    0x4f, 0x30, 0x4f, 0x31, 0x1f, 0x30, 0x0, 0x2,
    0xf1, 0x2, 0xf1, 0x1, 0xf3, 0x0, 0x0, 0x3f,
    0x10, 0x3f, 0x10, 0x1f, 0x30, 0x0, 0x4, 0xf2,
    0x4, 0xf2, 0x1, 0xf6, 0x40, 0x0, 0x7f, 0x50,
    0x6f, 0x50, 0x1f, 0xed, 0x20, 0xb, 0xf8, 0x9,
    0xf9, 0x1, 0xf3, 0x0, 0x1, 0xf6, 0xd0, 0xe6,
    0xf0, 0x1f, 0x30, 0x0, 0xbc, 0xe, 0xcd, 0xd,
    0xa1, 0xf3, 0x0, 0x2e, 0x20, 0x4f, 0x30, 0x3e,
    0x3f, 0x30, 0x0, 0x0, 0x0, 0x10, 0x0, 0x1,
    0xf3, 0x0, 0x0, 0x0, 0x0, 0x0, 0x0, 0x1f,
    0x30, 0x0, 0x0, 0x0, 0x0, 0x0, 0x1, 0xf3,
    0x0,

    /* U+CC28 "차" */
    0x0, 0x0, 0xba, 0x0, 0x0, 0x6e, 0x0, 0x0,
    0x0, 0xb, 0xa0, 0x0, 0x6, 0xe0, 0x0, 0xd,
    0xee, 0xff, 0xee, 0xb0, 0x6e, 0x0, 0x0, 0x22,
    0x2b, 0xa2, 0x21, 0x6, 0xe0, 0x0, 0x0, 0x0,
    0xba, 0x0, 0x0, 0x6e, 0x0, 0x0, 0x0, 0xc,
    0xc0, 0x0, 0x6, 0xe2, 0x20, 0x0, 0x1, 0xff,
    0x0, 0x0, 0x6f, 0xff, 0x40, 0x0, 0x8d, 0xd7,
    0x0, 0x6, 0xe0, 0x0, 0x0, 0x2f, 0x55, 0xf2,
    0x0, 0x6e, 0x0, 0x0, 0x2e, 0xa0, 0xa, 0xe4,
    0x6, 0xe0, 0x0, 0x1f, 0xa0, 0x0, 0x8, 0xc0,
    0x6e, 0x0, 0x0, 0x20, 0x0, 0x0, 0x0, 0x6,
    0xe0, 0x0, 0x0, 0x0, 0x0, 0x0, 0x0, 0x6e,
    0x0, 0x0, 0x0, 0x0, 0x0, 0x0, 0x6, 0xe0,
    0x0,

    /* U+CC3E "찾" */
    0x0, 0x0, 0x9c, 0x0, 0x0, 0x4e, 0x0, 0x0,
    0x57, 0x7c, 0xd7, 0x76, 0x5, 0xf0, 0x0, 0x5,
    0x77, 0xcd, 0x77, 0x60, 0x5f, 0x0, 0x0, 0x0,
    0xa, 0xd0, 0x0, 0x5, 0xfd, 0xd1, 0x0, 0x1,
    0xff, 0x40, 0x0, 0x5f, 0x44, 0x0, 0x0, 0xba,
    0x6e, 0x20, 0x5, 0xf0, 0x0, 0x3, 0xce, 0x10,
    0x9f, 0x70, 0x5f, 0x0, 0x0, 0xeb, 0x10, 0x0,
    0x5b, 0x5, 0xf0, 0x0, 0x1, 0x0, 0x0, 0x0,
    0x0, 0x27, 0x0, 0x0, 0x2, 0xff, 0xff, 0xff,
    0xff, 0xf3, 0x0, 0x0, 0x0, 0x0, 0x5f, 0x60,
    0x0, 0x0, 0x0, 0x0, 0x0, 0x2e, 0xaf, 0x30,
    0x0, 0x0, 0x0, 0x2, 0x9f, 0x70, 0x7f, 0x93,
    0x0, 0x0, 0x8, 0xea, 0x20, 0x0, 0x29, 0xe9,
    0x0, 0x0, 0x0, 0x0, 0x0, 0x0, 0x0, 0x0,
    0x0,

    /* U+CC45 "책" */
    0x0, 0x0, 0x0, 0x0, 0x0, 0x0, 0x20, 0x0,
    0x3f, 0x0, 0x4, 0xd0, 0x5e, 0x1, 0x14, 0xf1,
    0x10, 0x5e, 0x5, 0xe0, 0xef, 0xff, 0xff, 0x75,
    0xe0, 0x5e, 0x0, 0x4, 0xf0, 0x0, 0x5e, 0x16,
    0xe0, 0x0, 0x7f, 0x40, 0x5, 0xff, 0xfe, 0x0,
    0x1e, 0xbc, 0x0, 0x5e, 0x5, 0xe0, 0x1c, 0xa0,
    0xcb, 0x25, 0xe0, 0x5e, 0xe, 0xa0, 0x0, 0xa8,
    0x5e, 0x5, 0xe0, 0x10, 0x0, 0x0, 0x2, 0x80,
    0x39, 0x0, 0x9, 0xdd, 0xdd, 0xdd, 0xdd, 0xc0,
    0x0, 0x24, 0x44, 0x44, 0x44, 0x8e, 0x0, 0x0,
    0x0, 0x0, 0x0, 0x6, 0xe0, 0x0, 0x0, 0x0,
    0x0, 0x0, 0x6e, 0x0, 0x0, 0x0, 0x0, 0x0,
    0x6, 0xe0,

    /* U+CC55 "챕" */
    0x0, 0x0, 0x0, 0x0, 0x0, 0x0, 0x10, 0x0,
    0x5e, 0x0, 0x4, 0xc0, 0x5e, 0x6, 0x7a, 0xf7,
    0x73, 0x5e, 0x5, 0xe0, 0x78, 0xaf, 0x88, 0x35,
    0xe0, 0x5e, 0x0, 0x7, 0xf1, 0x0, 0x5f, 0xff,
    0xe0, 0x0, 0xdd, 0x80, 0x5, 0xe2, 0x6e, 0x0,
    0x8d, 0x2f, 0x50, 0x5e, 0x5, 0xe0, 0xaf, 0x30,
    0x5f, 0x85, 0xe0, 0x5e, 0x9, 0x20, 0x0, 0x23,
    0x4c, 0x5, 0xd0, 0x0, 0x55, 0x0, 0x0, 0x0,
    0x37, 0x0, 0xa, 0xb0, 0x0, 0x0, 0x6, 0xe0,
    0x0, 0xaf, 0xff, 0xff, 0xff, 0xfe, 0x0, 0xa,
    0xb1, 0x11, 0x11, 0x16, 0xe0, 0x0, 0xab, 0x11,
    0x11, 0x11, 0x6e, 0x0, 0xa, 0xff, 0xff, 0xff,
    0xff, 0xe0,

    /* U+CCAD "청" */
    0x0, 0x0, 0x0, 0x0, 0x0, 0x0, 0x0, 0x0,
    0x7, 0xe0, 0x0, 0x0, 0x7e, 0x2, 0x33, 0x9e,
    0x33, 0x30, 0x7, 0xe0, 0x9d, 0xde, 0xfd, 0xdc,
    0x0, 0x7e, 0x0, 0x0, 0x8f, 0x0, 0x1, 0x17,
    0xe0, 0x0, 0xc, 0xf3, 0x4, 0xff, 0xfe, 0x0,
    0x5, 0xe7, 0xd1, 0x0, 0x7, 0xe0, 0x6, 0xf5,
    0xa, 0xd5, 0x0, 0x7e, 0xc, 0xf5, 0x0, 0x6,
    0xe2, 0x7, 0xe0, 0x31, 0x0, 0x0, 0x0, 0x0,
    0x4a, 0x0, 0x0, 0x6b, 0xff, 0xff, 0xc7, 0x0,
    0x0, 0x8f, 0x61, 0x0, 0x4, 0xda, 0x0, 0xc,
    0xa0, 0x0, 0x0, 0x7, 0xe0, 0x0, 0x6f, 0x72,
    0x10, 0x26, 0xe9, 0x0, 0x0, 0x4a, 0xdf, 0xfe,
    0xb5, 0x0,

    /* U+CCB4 "체" */
    0x0, 0x0, 0x0, 0x0, 0x2, 0x0, 0x0, 0x0,
    0x4f, 0x0, 0x2, 0xf1, 0x4f, 0x0, 0x4, 0xf0,
    0x0, 0x2f, 0x14, 0xf0, 0x45, 0x7f, 0x55, 0x32,
    0xf1, 0x4f, 0xb, 0xcd, 0xfc, 0xc8, 0x2f, 0x14,
    0xf0, 0x0, 0x4f, 0x0, 0x2, 0xf1, 0x4f, 0x0,
    0x5, 0xf1, 0x14, 0x6f, 0x14, 0xf0, 0x0, 0x9f,
    0x54, 0xcd, 0xf1, 0x4f, 0x0, 0xe, 0xbc, 0x0,
    0x2f, 0x14, 0xf0, 0x8, 0xc1, 0xe6, 0x2, 0xf1,
    0x4f, 0x6, 0xf3, 0x4, 0xf7, 0x2f, 0x14, 0xf1,
    0xd4, 0x0, 0x4, 0x72, 0xf1, 0x4f, 0x0, 0x0,
    0x0, 0x0, 0x2f, 0x14, 0xf0, 0x0, 0x0, 0x0,
    0x2, 0xf1, 0x4f, 0x0, 0x0, 0x0, 0x0, 0x1,
    0x4, 0xf0,

    /* U+CD08 "초" */
    0x0, 0x0, 0x0, 0x4f, 0x10, 0x0, 0x0, 0x0,
    0x0, 0x0, 0x4f, 0x10, 0x0, 0x0, 0x0, 0xdf,
    0xff, 0xff, 0xff, 0xff, 0xa0, 0x0, 0x11, 0x11,
    0x6f, 0x31, 0x11, 0x10, 0x0, 0x0, 0x0, 0xaf,
    0x70, 0x0, 0x0, 0x0, 0x0, 0x7, 0xf7, 0xf4,
    0x0, 0x0, 0x0, 0x3, 0xbe, 0x40, 0x6f, 0x92,
    0x0, 0x2, 0xee, 0x80, 0x3, 0x2, 0xaf, 0xd0,
    0x0, 0x30, 0x0, 0x4f, 0x10, 0x0, 0x20, 0x0,
    0x0, 0x0, 0x4f, 0x10, 0x0, 0x0, 0x0, 0x0,
    0x0, 0x4f, 0x10, 0x0, 0x0, 0x1f, 0xff, 0xff,
    0xff, 0xff, 0xff, 0xfd, 0x2, 0x22, 0x22, 0x22,
    0x22, 0x22, 0x22,

    /* U+CD5C "최" */
    0x0, 0x0, 0x0, 0x0, 0x0, 0x1, 0x0, 0x0,
    0xc8, 0x0, 0x0, 0x6e, 0x1, 0x11, 0xd8, 0x11,
    0x10, 0x6e, 0x1f, 0xff, 0xff, 0xff, 0xc0, 0x6e,
    0x0, 0x0, 0xe9, 0x0, 0x0, 0x6e, 0x0, 0x3,
    0xfe, 0x10, 0x0, 0x6e, 0x0, 0x2d, 0x7b, 0xc1,
    0x0, 0x6e, 0x17, 0xf9, 0x0, 0xbe, 0x70, 0x6e,
    0x1b, 0x40, 0x74, 0x4, 0x70, 0x6e, 0x0, 0x0,
    0xc8, 0x0, 0x0, 0x6e, 0x0, 0x0, 0xc8, 0x2,
    0x33, 0x6e, 0xae, 0xee, 0xff, 0xfe, 0xc7, 0x6e,
    0x23, 0x32, 0x21, 0x0, 0x0, 0x6e, 0x0, 0x0,
    0x0, 0x0, 0x0, 0x6e, 0x0, 0x0, 0x0, 0x0,
    0x0, 0x6e,

    /* U+CD94 "추" */
    0x0, 0x0, 0x0, 0x4f, 0x0, 0x0, 0x0, 0x0,
    0x22, 0x22, 0x6f, 0x32, 0x22, 0x10, 0x0, 0xbe,
    0xee, 0xef, 0xee, 0xee, 0x80, 0x0, 0x0, 0x0,
    0x6f, 0x20, 0x0, 0x0, 0x0, 0x0, 0x1, 0xee,
    0xb0, 0x0, 0x0, 0x0, 0x0, 0x6e, 0xa1, 0xdd,
    0x40, 0x0, 0x1, 0xae, 0xe6, 0x0, 0x8, 0xfd,
    0x80, 0x0, 0x74, 0x0, 0x0, 0x0, 0x15, 0x60,
    0x4, 0x44, 0x44, 0x44, 0x44, 0x44, 0x44, 0xc,
    0xcc, 0xcc, 0xdf, 0xcc, 0xcc, 0xcb, 0x0, 0x0,
    0x0, 0x4f, 0x0, 0x0, 0x0, 0x0, 0x0, 0x0,
    0x4f, 0x0, 0x0, 0x0, 0x0, 0x0, 0x0, 0x4f,
    0x0, 0x0, 0x0, 0x0, 0x0, 0x0, 0x4f, 0x0,
    0x0, 0x0,

    /* U+CD9C "출" */
    0x0, 0x0, 0x0, 0x4f, 0x10, 0x0, 0x0, 0x0,
    0xbf, 0xff, 0xff, 0xff, 0xff, 0x80, 0x0, 0x0,
    0x0, 0x9f, 0x60, 0x0, 0x0, 0x0, 0x0, 0x29,
    0xe7, 0xf7, 0x10, 0x0, 0x3, 0xbe, 0xe9, 0x10,
    0x3a, 0xfd, 0xb0, 0x0, 0x52, 0x0, 0x0, 0x0,
    0x3, 0x40, 0x1f, 0xff, 0xff, 0xff, 0xff, 0xff,
    0xfd, 0x0, 0x0, 0x0, 0x4f, 0x10, 0x0, 0x0,
    0x0, 0x24, 0x44, 0x7f, 0x44, 0x44, 0x0, 0x0,
    0x6b, 0xbb, 0xbb, 0xbb, 0xcf, 0x30, 0x0, 0x1,
    0x11, 0x11, 0x11, 0x2f, 0x30, 0x0, 0x8f, 0xee,
    0xee, 0xee, 0xee, 0x30, 0x0, 0x8c, 0x0, 0x0,
    0x0, 0x0, 0x0, 0x0, 0x8f, 0xff, 0xff, 0xff,
    0xff, 0xa0,

    /* U+CDA9 "충" */
    0x0, 0x0, 0x0, 0x3f, 0x10, 0x0, 0x0, 0x0,
    0xbf, 0xff, 0xff, 0xff, 0xff, 0x80, 0x0, 0x11,
    0x11, 0x8f, 0x51, 0x11, 0x0, 0x0, 0x0, 0x2,
    0xed, 0xd1, 0x0, 0x0, 0x0, 0x4, 0x9f, 0x80,
    0xaf, 0x83, 0x0, 0x2, 0xfc, 0x82, 0x0, 0x3,
    0xae, 0xf0, 0x1, 0x11, 0x11, 0x11, 0x11, 0x11,
    0x21, 0x1f, 0xff, 0xff, 0xff, 0xff, 0xff, 0xfd,
    0x0, 0x0, 0x0, 0x3f, 0x10, 0x0, 0x0, 0x0,
    0x1, 0x6a, 0xdf, 0xca, 0x50, 0x0, 0x0, 0x2e,
    0xb5, 0x33, 0x36, 0xdd, 0x0, 0x0, 0x7e, 0x0,
    0x0, 0x0, 0x1f, 0x40, 0x0, 0x3f, 0x82, 0x0,
    0x3, 0xae, 0x10, 0x0, 0x3, 0xad, 0xff, 0xfd,
    0x91, 0x0,

    /* U+CDE8 "취" */
    0x0, 0x0, 0x0, 0x0, 0x0, 0x0, 0x0, 0x0,
    0x0, 0xe6, 0x0, 0x0, 0x6e, 0x0, 0xcc, 0xcf,
    0xdc, 0xc6, 0x6, 0xe0, 0x4, 0x44, 0xf9, 0x44,
    0x20, 0x6e, 0x0, 0x0, 0x3f, 0xb0, 0x0, 0x6,
    0xe0, 0x0, 0x1d, 0x9e, 0x90, 0x0, 0x6e, 0x1,
    0x8e, 0xa0, 0x2d, 0xe6, 0x6, 0xe0, 0x1b, 0x50,
    0x0, 0x6, 0x40, 0x6e, 0x1, 0x11, 0x12, 0x33,
    0x57, 0x46, 0xe0, 0xff, 0xff, 0xfe, 0xcb, 0x94,
    0x6e, 0x0, 0x0, 0xe, 0x60, 0x0, 0x6, 0xe0,
    0x0, 0x0, 0xe6, 0x0, 0x0, 0x6e, 0x0, 0x0,
    0xe, 0x60, 0x0, 0x6, 0xe0, 0x0, 0x0, 0xe6,
    0x0, 0x0, 0x6e, 0x0, 0x0, 0xe, 0x60, 0x0,
    0x6, 0xe0,

    /* U+CE58 "치" */
    0x0, 0x0, 0x6e, 0x0, 0x0, 0xf, 0x60, 0x0,
    0x6, 0xe0, 0x0, 0x0, 0xf6, 0xa, 0xee, 0xff,
    0xee, 0xe2, 0xf, 0x60, 0x12, 0x27, 0xe2, 0x22,
    0x0, 0xf6, 0x0, 0x0, 0x6e, 0x0, 0x0, 0xf,
    0x60, 0x0, 0x8, 0xf1, 0x0, 0x0, 0xf6, 0x0,
    0x0, 0xdf, 0x60, 0x0, 0xf, 0x60, 0x0, 0x4f,
    0x6e, 0x0, 0x0, 0xf6, 0x0, 0x1e, 0x70, 0xca,
    0x0, 0xf, 0x60, 0x2d, 0xb0, 0x2, 0xec, 0x20,
    0xf6, 0xd, 0xa0, 0x0, 0x1, 0xb4, 0xf, 0x60,
    0x0, 0x0, 0x0, 0x0, 0x0, 0xf6, 0x0, 0x0,
    0x0, 0x0, 0x0, 0xf, 0x60, 0x0, 0x0, 0x0,
    0x0, 0x0, 0xf6,

    /* U+CE90 "캐" */
    0x0, 0x0, 0x0, 0x0, 0x5e, 0x3, 0xf0, 0x1,
    0x33, 0x33, 0x30, 0x5e, 0x3, 0xf0, 0x4, 0xdd,
    0xdd, 0xf1, 0x5e, 0x3, 0xf0, 0x0, 0x0, 0x2,
    0xf0, 0x5e, 0x3, 0xf0, 0x0, 0x0, 0x5, 0xe0,
    0x5e, 0x3, 0xf0, 0xa, 0xbc, 0xdf, 0xa0, 0x5e,
    0x25, 0xf0, 0x6, 0x54, 0x3f, 0x40, 0x5f, 0xff,
    0xf0, 0x0, 0x0, 0xab, 0x0, 0x5e, 0x3, 0xf0,
    0x0, 0x8, 0xe2, 0x0, 0x5e, 0x3, 0xf0, 0x1,
    0xae, 0x30, 0x0, 0x5e, 0x3, 0xf0, 0xc, 0xb1,
    0x0, 0x0, 0x5e, 0x3, 0xf0, 0x0, 0x0, 0x0,
    0x0, 0x5e, 0x3, 0xf0, 0x0, 0x0, 0x0, 0x0,
    0x5e, 0x3, 0xf0, 0x0, 0x0, 0x0, 0x0, 0x14,
    0x3, 0xf0,

    /* U+CEE4 "커" */
    0x0, 0x0, 0x0, 0x0, 0x0, 0xe, 0x70, 0x5e,
    0xee, 0xee, 0xe0, 0x0, 0xe7, 0x0, 0x22, 0x22,
    0x6f, 0x0, 0xe, 0x70, 0x0, 0x0, 0x5, 0xd0,
    0x0, 0xe7, 0x0, 0x0, 0x0, 0x8a, 0x0, 0xe,
    0x70, 0x9a, 0xbc, 0xdf, 0x63, 0x33, 0xe7, 0x8,
    0x86, 0x47, 0xe3, 0xee, 0xef, 0x70, 0x0, 0x0,
    0xd6, 0x0, 0x0, 0xe7, 0x0, 0x0, 0xbb, 0x0,
    0x0, 0xe, 0x70, 0x2, 0xdc, 0x0, 0x0, 0x0,
    0xe7, 0x9, 0xf9, 0x0, 0x0, 0x0, 0xe, 0x70,
    0x73, 0x0, 0x0, 0x0, 0x0, 0xe7, 0x0, 0x0,
    0x0, 0x0, 0x0, 0xe, 0x70, 0x0, 0x0, 0x0,
    0x0, 0x0, 0xe7,

    /* U+CEEC "컬" */
    0x1f, 0xff, 0xff, 0xf3, 0x0, 0x7e, 0x0, 0x0,
    0x0, 0x3f, 0x10, 0x7, 0xe0, 0x0, 0x12, 0x28,
    0xd0, 0x0, 0x7e, 0xb, 0xfe, 0xcc, 0xf7, 0x7f,
    0xff, 0xe0, 0x0, 0x0, 0xad, 0x1, 0x22, 0x8e,
    0x0, 0x1, 0xbe, 0x20, 0x0, 0x7, 0xe0, 0x3a,
    0xf9, 0x10, 0x0, 0x0, 0x7e, 0x5, 0x83, 0x11,
    0x11, 0x11, 0x14, 0x70, 0x0, 0x8f, 0xff, 0xff,
    0xff, 0xfe, 0x0, 0x0, 0x0, 0x0, 0x0, 0x6,
    0xe0, 0x0, 0x7d, 0xdd, 0xdd, 0xdd, 0xee, 0x0,
    0x8, 0xc2, 0x22, 0x22, 0x22, 0x20, 0x0, 0x8c,
    0x0, 0x0, 0x0, 0x0, 0x0, 0x8, 0xff, 0xff,
    0xff, 0xff, 0xf2,

    /* U+CF1C "켜" */
    0x0, 0x0, 0x0, 0x0, 0x0, 0xe, 0x70, 0x5e,
    0xee, 0xee, 0xe0, 0x0, 0xe7, 0x0, 0x22, 0x22,
    0x9f, 0x0, 0xe, 0x70, 0x0, 0x0, 0x9, 0xe1,
    0x11, 0xe7, 0x0, 0x0, 0x0, 0xcf, 0xff, 0xff,
    0x70, 0xbc, 0xde, 0xff, 0x40, 0x0, 0xe7, 0x7,
    0x64, 0x39, 0xe0, 0x0, 0xe, 0x70, 0x0, 0x2,
    0xf5, 0x11, 0x11, 0xe7, 0x0, 0x1, 0xdb, 0xb,
    0xff, 0xff, 0x70, 0x2, 0xdc, 0x0, 0x0, 0x0,
    0xe7, 0x8, 0xfa, 0x0, 0x0, 0x0, 0xe, 0x70,
    0x84, 0x0, 0x0, 0x0, 0x0, 0xe7, 0x0, 0x0,
    0x0, 0x0, 0x0, 0xe, 0x70, 0x0, 0x0, 0x0,
    0x0, 0x0, 0xe7,

    /* U+CF2C "켬" */
    0x2f, 0xff, 0xff, 0xf3, 0x0, 0x7e, 0x1, 0x11,
    0x11, 0xf2, 0x0, 0x7e, 0x0, 0x0, 0x2, 0xff,
    0xff, 0xfe, 0x57, 0x89, 0xac, 0xc1, 0x11, 0x7e,
    0x57, 0x65, 0x6f, 0x40, 0x0, 0x7e, 0x0, 0x3,
    0xe8, 0x1f, 0xff, 0xfe, 0x2, 0x9f, 0x80, 0x2,
    0x22, 0x8e, 0x8f, 0xc4, 0x0, 0x0, 0x0, 0x7e,
    0x23, 0x1, 0x11, 0x11, 0x11, 0x47, 0x0, 0x8f,
    0xff, 0xff, 0xff, 0xfe, 0x0, 0x8c, 0x0, 0x0,
    0x0, 0x6e, 0x0, 0x8c, 0x0, 0x0, 0x0, 0x6e,
    0x0, 0x8c, 0x11, 0x11, 0x11, 0x7e, 0x0, 0x8f,
    0xff, 0xff, 0xff, 0xfe,

    /* U+D004 "퀄" */
    0x0, 0xdf, 0xff, 0xff, 0xc0, 0xe, 0x60, 0x0,
    0x0, 0x0, 0x7, 0xc0, 0xe, 0x60, 0x0, 0x0,
    0x1, 0x29, 0xc0, 0xe, 0x60, 0x2, 0xff, 0xed,
    0xce, 0xa0, 0xe, 0x60, 0x0, 0x0, 0x0, 0xb,
    0x70, 0xe, 0x60, 0x19, 0x99, 0xaa, 0xbf, 0xed,
    0x1e, 0x60, 0x6, 0x65, 0x8f, 0x42, 0x32, 0x2e,
    0x60, 0x0, 0x0, 0x4f, 0x0, 0x8b, 0xbf, 0x60,
    0x0, 0x0, 0x28, 0x0, 0x0, 0x6, 0x20, 0x0,
    0xf, 0xff, 0xff, 0xff, 0xff, 0x60, 0x0, 0x0,
    0x0, 0x0, 0x0, 0xe, 0x60, 0x0, 0xf, 0xee,
    0xee, 0xee, 0xee, 0x50, 0x0, 0xf, 0x50, 0x0,
    0x0, 0x0, 0x0, 0x0, 0xf, 0xff, 0xff, 0xff,
    0xff, 0xf1,

    /* U+D06C "크" */
    0x0, 0x8f, 0xff, 0xff, 0xff, 0xff, 0x40, 0x0,
    0x12, 0x22, 0x22, 0x22, 0x2f, 0x40, 0x0, 0x0,
    0x0, 0x0, 0x0, 0xf, 0x40, 0x0, 0x0, 0x0,
    0x0, 0x0, 0xf, 0x40, 0x0, 0x89, 0xab, 0xcc,
    0xde, 0xef, 0x30, 0x0, 0x67, 0x65, 0x43, 0x22,
    0x3f, 0x20, 0x0, 0x0, 0x0, 0x0, 0x0, 0x3f,
    0x0, 0x0, 0x0, 0x0, 0x0, 0x0, 0x6e, 0x0,
    0x0, 0x0, 0x0, 0x0, 0x0, 0x7b, 0x0, 0x0,
    0x0, 0x0, 0x0, 0x0, 0x0, 0x0, 0x1f, 0xff,
    0xff, 0xff, 0xff, 0xff, 0xfd, 0x2, 0x22, 0x22,
    0x22, 0x22, 0x22, 0x21,

    /* U+D0C0 "타" */
    0x0, 0x0, 0x0, 0x0, 0x4, 0xf0, 0x0, 0x5f,
    0xff, 0xff, 0xf4, 0x4, 0xf0, 0x0, 0x6e, 0x22,
    0x22, 0x20, 0x4, 0xf0, 0x0, 0x6e, 0x0, 0x0,
    0x0, 0x4, 0xf0, 0x0, 0x6e, 0x0, 0x0, 0x0,
    0x4, 0xf0, 0x0, 0x6f, 0xaa, 0xaa, 0xa0, 0x4,
    0xf3, 0x31, 0x6f, 0x77, 0x77, 0x60, 0x4, 0xfe,
    0xe5, 0x6e, 0x0, 0x0, 0x0, 0x4, 0xf0, 0x0,
    0x6e, 0x0, 0x0, 0x0, 0x4, 0xf0, 0x0, 0x6e,
    0x23, 0x34, 0x68, 0x44, 0xf0, 0x0, 0x5e, 0xed,
    0xdc, 0xb9, 0x34, 0xf0, 0x0, 0x0, 0x0, 0x0,
    0x0, 0x4, 0xf0, 0x0, 0x0, 0x0, 0x0, 0x0,
    0x4, 0xf0, 0x0, 0x0, 0x0, 0x0, 0x0, 0x4,
    0xf0, 0x0,

    /* U+D130 "터" */
    0x0, 0x0, 0x0, 0x0, 0x0, 0x6e, 0x5f, 0xff,
    0xff, 0xf3, 0x0, 0x6e, 0x6e, 0x22, 0x22, 0x20,
    0x0, 0x6e, 0x6e, 0x0, 0x0, 0x0, 0x0, 0x6e,
    0x6e, 0x0, 0x0, 0x0, 0x0, 0x6e, 0x6f, 0xff,
    0xff, 0x94, 0xee, 0xee, 0x6e, 0x11, 0x11, 0x11,
    0x33, 0x8e, 0x6e, 0x0, 0x0, 0x0, 0x0, 0x6e,
    0x6e, 0x0, 0x0, 0x0, 0x0, 0x6e, 0x6e, 0x22,
    0x34, 0x68, 0x30, 0x6e, 0x5e, 0xee, 0xdc, 0xb9,
    0x20, 0x6e, 0x0, 0x0, 0x0, 0x0, 0x0, 0x6e,
    0x0, 0x0, 0x0, 0x0, 0x0, 0x6e, 0x0, 0x0,
    0x0, 0x0, 0x0, 0x6e,

    /* U+D138 "털" */
    0x1, 0x11, 0x11, 0x10, 0x0, 0x6e, 0x6, 0xff,
    0xff, 0xff, 0x0, 0x6, 0xe0, 0x6e, 0x0, 0x0,
    0x0, 0x0, 0x6e, 0x6, 0xfc, 0xcc, 0xc8, 0x1f,
    0xff, 0xe0, 0x6f, 0x33, 0x33, 0x20, 0x11, 0x7e,
    0x6, 0xe0, 0x1, 0x23, 0x50, 0x6, 0xe0, 0x6f,
    0xff, 0xfe, 0xdb, 0x10, 0x6e, 0x0, 0x0, 0x0,
    0x0, 0x0, 0x4, 0xa0, 0x0, 0x8f, 0xff, 0xff,
    0xff, 0xfd, 0x0, 0x0, 0x11, 0x11, 0x11, 0x16,
    0xe0, 0x0, 0x13, 0x33, 0x33, 0x33, 0x8e, 0x0,
    0x8, 0xfc, 0xcc, 0xcc, 0xcc, 0xb0, 0x0, 0x8c,
    0x0, 0x0, 0x0, 0x0, 0x0, 0x8, 0xff, 0xff,
    0xff, 0xff, 0xf3,

    /* U+D14C "테" */
    0x0, 0x0, 0x0, 0x0, 0xe4, 0xf, 0x41, 0x33,
    0x33, 0x30, 0xe, 0x40, 0xf4, 0x6f, 0xdd, 0xdc,
    0x0, 0xe4, 0xf, 0x46, 0xd0, 0x0, 0x0, 0xe,
    0x40, 0xf4, 0x6d, 0x0, 0x0, 0x0, 0xe4, 0xf,
    0x46, 0xfc, 0xcc, 0x3f, 0xff, 0x40, 0xf4, 0x6e,
    0x44, 0x41, 0x22, 0xe4, 0xf, 0x46, 0xd0, 0x0,
    0x0, 0xe, 0x40, 0xf4, 0x6d, 0x0, 0x0, 0x0,
    0xe4, 0xf, 0x46, 0xe3, 0x34, 0x65, 0xe, 0x40,
    0xf4, 0x5e, 0xdd, 0xcb, 0x60, 0xe4, 0xf, 0x40,
    0x0, 0x0, 0x0, 0xe, 0x40, 0xf4, 0x0, 0x0,
    0x0, 0x0, 0xe4, 0xf, 0x40, 0x0, 0x0, 0x0,
    0x3, 0x10, 0xf4,

    /* U+D15C "템" */
    0x1, 0x11, 0x11, 0x0, 0xe5, 0x2f, 0x25, 0xff,
    0xff, 0xf1, 0xe, 0x52, 0xf2, 0x5e, 0x0, 0x0,
    0x0, 0xe5, 0x2f, 0x25, 0xfa, 0xaa, 0x5a, 0xcf,
    0x52, 0xf2, 0x5f, 0x66, 0x63, 0x34, 0xf5, 0x2f,
    0x25, 0xe0, 0x0, 0x0, 0xe, 0x52, 0xf2, 0x5f,
    0x34, 0x56, 0x60, 0xe5, 0x2f, 0x24, 0xdd, 0xcb,
    0xa6, 0xe, 0x52, 0xf2, 0x0, 0x0, 0x0, 0x0,
    0x31, 0x1a, 0x10, 0x4, 0xff, 0xff, 0xff, 0xff,
    0xf1, 0x0, 0x4f, 0x11, 0x11, 0x11, 0x3f, 0x20,
    0x4, 0xf0, 0x0, 0x0, 0x2, 0xf2, 0x0, 0x4f,
    0x11, 0x11, 0x11, 0x3f, 0x20, 0x4, 0xff, 0xff,
    0xff, 0xff, 0xf2,

    /* U+D1B5 "통" */
    0x0, 0x6f, 0xff, 0xff, 0xff, 0xff, 0x40, 0x0,
    0x6e, 0x0, 0x0, 0x0, 0x0, 0x0, 0x0, 0x6e,
    0x33, 0x33, 0x33, 0x32, 0x0, 0x0, 0x6f, 0xdd,
    0xdd, 0xdd, 0xda, 0x0, 0x0, 0x6e, 0x0, 0x0,
    0x0, 0x0, 0x0, 0x0, 0x6f, 0xff, 0xff, 0xff,
    0xff, 0x50, 0x0, 0x0, 0x0, 0x4f, 0x0, 0x0,
    0x0, 0xc, 0xcc, 0xcc, 0xdf, 0xcc, 0xcc, 0xcb,
    0x4, 0x44, 0x44, 0x44, 0x44, 0x44, 0x43, 0x0,
    0x0, 0x1, 0x23, 0x20, 0x0, 0x0, 0x0, 0x8,
    0xee, 0xcc, 0xdf, 0xd5, 0x0, 0x0, 0x6f, 0x20,
    0x0, 0x0, 0x6f, 0x20, 0x0, 0x4f, 0x61, 0x0,
    0x2, 0x9f, 0x10, 0x0, 0x4, 0xae, 0xff, 0xfd,
    0x92, 0x0,

    /* U+D22C "투" */
    0x0, 0x6f, 0xff, 0xff, 0xff, 0xff, 0x40, 0x0,
    0x6e, 0x11, 0x11, 0x11, 0x11, 0x0, 0x0, 0x6e,
    0x0, 0x0, 0x0, 0x0, 0x0, 0x0, 0x6f, 0xff,
    0xff, 0xff, 0xfd, 0x0, 0x0, 0x6e, 0x11, 0x11,
    0x11, 0x10, 0x0, 0x0, 0x6e, 0x0, 0x0, 0x0,
    0x0, 0x0, 0x0, 0x6f, 0xff, 0xff, 0xff, 0xff,
    0x60, 0x0, 0x0, 0x0, 0x0, 0x0, 0x0, 0x0,
    0x4, 0x44, 0x44, 0x44, 0x44, 0x44, 0x43, 0x1d,
    0xdd, 0xdd, 0xdf, 0xdd, 0xdd, 0xdb, 0x0, 0x0,
    0x0, 0x4f, 0x0, 0x0, 0x0, 0x0, 0x0, 0x0,
    0x4f, 0x0, 0x0, 0x0, 0x0, 0x0, 0x0, 0x4f,
    0x0, 0x0, 0x0, 0x0, 0x0, 0x0, 0x4f, 0x0,
    0x0, 0x0,

    /* U+D2B8 "트" */
    0x0, 0x6f, 0xff, 0xff, 0xff, 0xff, 0x30, 0x0,
    0x7e, 0x11, 0x11, 0x11, 0x11, 0x0, 0x0, 0x7e,
    0x0, 0x0, 0x0, 0x0, 0x0, 0x0, 0x7f, 0xff,
    0xff, 0xff, 0xfd, 0x0, 0x0, 0x7e, 0x11, 0x11,
    0x11, 0x11, 0x0, 0x0, 0x7e, 0x0, 0x0, 0x0,
    0x0, 0x0, 0x0, 0x7e, 0x33, 0x33, 0x33, 0x33,
    0x10, 0x0, 0x5d, 0xdd, 0xdd, 0xdd, 0xdd, 0x50,
    0x0, 0x0, 0x0, 0x0, 0x0, 0x0, 0x0, 0x0,
    0x0, 0x0, 0x0, 0x0, 0x0, 0x0, 0x1f, 0xff,
    0xff, 0xff, 0xff, 0xff, 0xfe, 0x2, 0x22, 0x22,
    0x22, 0x22, 0x22, 0x21,

    /* U+D2F0 "티" */
    0x0, 0x0, 0x0, 0x0, 0x0, 0xe6, 0x3f, 0xff,
    0xff, 0xfa, 0x0, 0xe6, 0x3f, 0x22, 0x22, 0x21,
    0x0, 0xe6, 0x3f, 0x10, 0x0, 0x0, 0x0, 0xe6,
    0x3f, 0x10, 0x0, 0x0, 0x0, 0xe6, 0x3f, 0xff,
    0xff, 0xf3, 0x0, 0xe6, 0x3f, 0x21, 0x11, 0x10,
    0x0, 0xe6, 0x3f, 0x10, 0x0, 0x0, 0x0, 0xe6,
    0x3f, 0x10, 0x0, 0x0, 0x0, 0xe6, 0x3f, 0x22,
    0x23, 0x57, 0x60, 0xe6, 0x3f, 0xee, 0xed, 0xca,
    0x50, 0xe6, 0x0, 0x0, 0x0, 0x0, 0x0, 0xe6,
    0x0, 0x0, 0x0, 0x0, 0x0, 0xe6, 0x0, 0x0,
    0x0, 0x0, 0x0, 0xe6,

    /* U+D305 "팅" */
    0x1, 0x11, 0x11, 0x10, 0x0, 0xc8, 0x5f, 0xff,
    0xff, 0xf7, 0x0, 0xc8, 0x5f, 0x0, 0x0, 0x0,
    0x0, 0xc8, 0x5f, 0x11, 0x11, 0x10, 0x0, 0xc8,
    0x5f, 0xff, 0xff, 0xf1, 0x0, 0xc8, 0x5f, 0x0,
    0x0, 0x0, 0x0, 0xc8, 0x5f, 0x22, 0x23, 0x46,
    0x50, 0xc8, 0x4e, 0xee, 0xed, 0xca, 0x60, 0xc8,
    0x0, 0x0, 0x0, 0x0, 0x0, 0xa7, 0x0, 0x7,
    0xcf, 0xff, 0xea, 0x40, 0x0, 0xad, 0x40, 0x0,
    0x17, 0xf4, 0x0, 0xe7, 0x0, 0x0, 0x0, 0xc8,
    0x0, 0x9e, 0x62, 0x1, 0x38, 0xf4, 0x0, 0x6,
    0xbe, 0xff, 0xd9, 0x30,

    /* U+D30C "파" */
    0x0, 0x0, 0x0, 0x0, 0x0, 0x6e, 0x0, 0x0,
    0xcd, 0xdd, 0xdd, 0xdd, 0x6, 0xe0, 0x0, 0x3,
    0x8e, 0x33, 0xd9, 0x30, 0x6e, 0x0, 0x0, 0x6,
    0xe0, 0xc, 0x80, 0x6, 0xe0, 0x0, 0x0, 0x6e,
    0x0, 0xc8, 0x0, 0x6e, 0x0, 0x0, 0x6, 0xe0,
    0xc, 0x80, 0x6, 0xf3, 0x30, 0x0, 0x6e, 0x0,
    0xc8, 0x0, 0x6f, 0xee, 0x40, 0x6, 0xe0, 0xc,
    0x80, 0x6, 0xe0, 0x0, 0x0, 0x6e, 0x0, 0xc8,
    0x0, 0x6e, 0x0, 0x1, 0x48, 0xe4, 0x5d, 0xb8,
    0x76, 0xe0, 0x0, 0x3d, 0xdc, 0xcb, 0xa9, 0x74,
    0x6e, 0x0, 0x0, 0x0, 0x0, 0x0, 0x0, 0x6,
    0xe0, 0x0, 0x0, 0x0, 0x0, 0x0, 0x0, 0x6e,
    0x0, 0x0, 0x0, 0x0, 0x0, 0x0, 0x6, 0xe0,
    0x0,

    /* U+D38C "펌" */
    0x1, 0x22, 0x22, 0x22, 0x10, 0x6, 0xe0, 0xaf,
    0xff, 0xff, 0xfe, 0x0, 0x6e, 0x0, 0x3f, 0x10,
    0xaa, 0x0, 0x6, 0xe0, 0x3, 0xf1, 0xa, 0xa0,
    0xcc, 0xde, 0x0, 0x3f, 0x10, 0xaa, 0x4, 0x49,
    0xe0, 0x3, 0xf1, 0xa, 0xa1, 0x10, 0x6e, 0xc,
    0xdf, 0xde, 0xff, 0xe8, 0x6, 0xe0, 0x44, 0x43,
    0x21, 0x0, 0x0, 0x6e, 0x0, 0x0, 0x0, 0x0,
    0x0, 0x2, 0x50, 0x0, 0x8f, 0xff, 0xff, 0xff,
    0xfe, 0x0, 0x8, 0xc0, 0x0, 0x0, 0x6, 0xe0,
    0x0, 0x8c, 0x0, 0x0, 0x0, 0x5e, 0x0, 0x8,
    0xc1, 0x11, 0x11, 0x16, 0xe0, 0x0, 0x8f, 0xff,
    0xff, 0xff, 0xfe,

    /* U+D3F4 "폴" */
    0x0, 0xdf, 0xff, 0xff, 0xff, 0xff, 0xa0, 0x0,
    0x0, 0xaa, 0x0, 0xc, 0x80, 0x0, 0x0, 0x0,
    0xaa, 0x0, 0xc, 0x80, 0x0, 0x0, 0x0, 0xaa,
    0x0, 0xc, 0x80, 0x0, 0x0, 0xcf, 0xff, 0xff,
    0xff, 0xff, 0x90, 0x0, 0x0, 0x0, 0x3f, 0x10,
    0x0, 0x0, 0x1e, 0xee, 0xee, 0xef, 0xee, 0xee,
    0xec, 0x2, 0x22, 0x22, 0x22, 0x22, 0x22, 0x22,
    0x0, 0x24, 0x44, 0x44, 0x44, 0x44, 0x10, 0x0,
    0x5b, 0xbb, 0xbb, 0xbb, 0xbf, 0x40, 0x0, 0x1,
    0x11, 0x11, 0x11, 0x1f, 0x40, 0x0, 0x7f, 0xdd,
    0xdd, 0xdd, 0xdd, 0x30, 0x0, 0x7d, 0x0, 0x0,
    0x0, 0x0, 0x0, 0x0, 0x7f, 0xff, 0xff, 0xff,
    0xff, 0xb0,

    /* U+D504 "프" */
    0x0, 0xef, 0xff, 0xff, 0xff, 0xff, 0xa0, 0x0,
    0x11, 0xba, 0x11, 0x1d, 0x81, 0x10, 0x0, 0x0,
    0xb9, 0x0, 0xd, 0x70, 0x0, 0x0, 0x0, 0xb9,
    0x0, 0xd, 0x70, 0x0, 0x0, 0x0, 0xb9, 0x0,
    0xd, 0x70, 0x0, 0x0, 0x0, 0xb9, 0x0, 0xd,
    0x70, 0x0, 0x0, 0xde, 0xff, 0xee, 0xef, 0xfe,
    0x90, 0x0, 0x22, 0x22, 0x22, 0x22, 0x22, 0x10,
    0x0, 0x0, 0x0, 0x0, 0x0, 0x0, 0x0, 0x0,
    0x0, 0x0, 0x0, 0x0, 0x0, 0x0, 0x1f, 0xff,
    0xff, 0xff, 0xff, 0xff, 0xfe, 0x2, 0x22, 0x22,
    0x22, 0x22, 0x22, 0x22,

    /* U+D50C "플" */
    0x0, 0xdf, 0xff, 0xff, 0xff, 0xff, 0xa0, 0x0,
    0x0, 0xaa, 0x0, 0xc, 0x80, 0x0, 0x0, 0x0,
    0xaa, 0x0, 0xc, 0x80, 0x0, 0x0, 0x0, 0xaa,
    0x0, 0xc, 0x80, 0x0, 0x0, 0xcf, 0xff, 0xff,
    0xff, 0xff, 0x90, 0x0, 0x0, 0x0, 0x0, 0x0,
    0x0, 0x0, 0x1f, 0xff, 0xff, 0xff, 0xff, 0xff,
    0xfe, 0x1, 0x11, 0x11, 0x11, 0x11, 0x11, 0x11,
    0x0, 0x24, 0x44, 0x44, 0x44, 0x44, 0x10, 0x0,
    0x5b, 0xbb, 0xbb, 0xbb, 0xbf, 0x40, 0x0, 0x0,
    0x0, 0x0, 0x0, 0x1f, 0x40, 0x0, 0x7f, 0xee,
    0xee, 0xee, 0xee, 0x30, 0x0, 0x7d, 0x0, 0x0,
    0x0, 0x0, 0x0, 0x0, 0x7f, 0xff, 0xff, 0xff,
    0xff, 0xb0,

    /* U+D544 "필" */
    0x1, 0x11, 0x11, 0x11, 0x0, 0xe6, 0x9, 0xff,
    0xff, 0xff, 0xf1, 0xe, 0x60, 0x3, 0xf1, 0x9,
    0xa0, 0x0, 0xe6, 0x0, 0x3f, 0x10, 0x9a, 0x0,
    0xe, 0x60, 0x3, 0xf1, 0x9, 0xa0, 0x0, 0xe6,
    0x1, 0x4f, 0x32, 0xac, 0x56, 0xe, 0x60, 0xef,
    0xfe, 0xdd, 0xba, 0x70, 0xe6, 0x0, 0x0, 0x0,
    0x0, 0x0, 0x7, 0x30, 0x0, 0xdf, 0xff, 0xff,
    0xff, 0xf6, 0x0, 0x0, 0x0, 0x0, 0x0, 0xe,
    0x60, 0x0, 0x9c, 0xcc, 0xcc, 0xcc, 0xf6, 0x0,
    0xc, 0x93, 0x33, 0x33, 0x33, 0x10, 0x0, 0xc8,
    0x0, 0x0, 0x0, 0x0, 0x0, 0xc, 0xff, 0xff,
    0xff, 0xff, 0xf3,

    /* U+D558 "하" */
    0x0, 0x0, 0x0, 0x0, 0x0, 0x2, 0x0, 0x0,
    0x0, 0x9, 0xb0, 0x0, 0x6, 0xe0, 0x0, 0x0,
    0x0, 0x9b, 0x0, 0x0, 0x6e, 0x0, 0x3, 0xff,
    0xff, 0xff, 0xff, 0x36, 0xe0, 0x0, 0x1, 0x11,
    0x11, 0x11, 0x10, 0x6e, 0x0, 0x0, 0x0, 0x48,
    0x95, 0x0, 0x6, 0xe0, 0x0, 0x0, 0x9f, 0xa9,
    0xfb, 0x0, 0x6e, 0x22, 0x0, 0x2f, 0x30, 0x2,
    0xf5, 0x6, 0xff, 0xf4, 0x5, 0xd0, 0x0, 0xb,
    0x80, 0x6e, 0x0, 0x0, 0x4f, 0x0, 0x0, 0xd6,
    0x6, 0xe0, 0x0, 0x0, 0xdb, 0x32, 0xae, 0x10,
    0x6e, 0x0, 0x0, 0x1, 0xae, 0xeb, 0x20, 0x6,
    0xe0, 0x0, 0x0, 0x0, 0x0, 0x0, 0x0, 0x6e,
    0x0, 0x0, 0x0, 0x0, 0x0, 0x0, 0x6, 0xe0,
    0x0, 0x0, 0x0, 0x0, 0x0, 0x0, 0x6e, 0x0,
    0x0,

    /* U+D55C "한" */
    0x0, 0x0, 0x8c, 0x0, 0x0, 0x5f, 0x0, 0x0,
    0x33, 0x39, 0xd3, 0x33, 0x15, 0xf0, 0x0, 0x1d,
    0xdd, 0xdd, 0xdd, 0xd4, 0x5f, 0x0, 0x0, 0x0,
    0x14, 0x42, 0x0, 0x5, 0xf0, 0x0, 0x0, 0x7f,
    0xcb, 0xfa, 0x0, 0x5f, 0x33, 0x0, 0x2f, 0x40,
    0x1, 0xe6, 0x5, 0xfe, 0xe1, 0x4, 0xf0, 0x0,
    0xc, 0x80, 0x5f, 0x0, 0x0, 0xd, 0xa3, 0x38,
    0xf3, 0x5, 0xf0, 0x0, 0x0, 0x19, 0xcd, 0xa3,
    0x0, 0x5f, 0x0, 0x0, 0x0, 0x10, 0x0, 0x0,
    0x5, 0xf0, 0x0, 0x0, 0xf, 0x60, 0x0, 0x0,
    0x3b, 0x0, 0x0, 0x0, 0xf6, 0x0, 0x0, 0x0,
    0x0, 0x0, 0x0, 0xf, 0x61, 0x11, 0x11, 0x11,
    0x0, 0x0, 0x0, 0xff, 0xff, 0xff, 0xff, 0xfa,
    0x0,

    /* U+D560 "할" */
    0x0, 0x0, 0x8c, 0x0, 0x0, 0x4e, 0x0, 0x1,
    0xcc, 0xce, 0xfc, 0xcc, 0x45, 0xf0, 0x0, 0x1,
    0x13, 0x66, 0x31, 0x10, 0x5f, 0x0, 0x0, 0x7,
    0xea, 0x9d, 0xa0, 0x5, 0xff, 0xf1, 0x2, 0xf2,
    0x0, 0xd, 0x60, 0x5f, 0x22, 0x0, 0x3f, 0x10,
    0x0, 0xc7, 0x5, 0xf0, 0x0, 0x0, 0xdc, 0x66,
    0xaf, 0x20, 0x5f, 0x0, 0x0, 0x1, 0x7b, 0xb9,
    0x20, 0x5, 0xf0, 0x0, 0x0, 0x1c, 0xcc, 0xcc,
    0xcc, 0xcc, 0x0, 0x0, 0x0, 0x33, 0x33, 0x33,
    0x37, 0xf0, 0x0, 0x0, 0x1, 0x11, 0x11, 0x11,
    0x6f, 0x0, 0x0, 0x1, 0xfe, 0xdd, 0xdd, 0xdd,
    0xd0, 0x0, 0x0, 0x1f, 0x30, 0x0, 0x0, 0x0,
    0x0, 0x0, 0x1, 0xff, 0xff, 0xff, 0xff, 0xf8,
    0x0,

    /* U+D568 "함" */
    0x0, 0x0, 0x8c, 0x0, 0x0, 0x4d, 0x0, 0x1,
    0xee, 0xef, 0xfe, 0xee, 0x55, 0xf0, 0x0, 0x3,
    0x33, 0x33, 0x33, 0x31, 0x5f, 0x0, 0x0, 0x1,
    0x8c, 0xc9, 0x20, 0x5, 0xf2, 0x20, 0x0, 0xdd,
    0x66, 0xbf, 0x20, 0x5f, 0xff, 0x10, 0x3f, 0x10,
    0x0, 0xc7, 0x5, 0xf0, 0x0, 0x2, 0xf2, 0x0,
    0xd, 0x60, 0x5f, 0x0, 0x0, 0x9, 0xe8, 0x8d,
    0xc0, 0x5, 0xf0, 0x0, 0x0, 0x3, 0x77, 0x40,
    0x0, 0x4c, 0x0, 0x0, 0x0, 0xff, 0xff, 0xff,
    0xff, 0xe0, 0x0, 0x0, 0xf, 0x51, 0x11, 0x11,
    0x6f, 0x0, 0x0, 0x0, 0xf4, 0x0, 0x0, 0x5,
    0xf0, 0x0, 0x0, 0xf, 0x41, 0x11, 0x11, 0x5f,
    0x0, 0x0, 0x0, 0xff, 0xff, 0xff, 0xff, 0xf0,
    0x0,

    /* U+D56D "항" */
    0x0, 0x0, 0x8c, 0x0, 0x0, 0x4d, 0x0, 0x1,
    0xcc, 0xce, 0xfc, 0xcc, 0x45, 0xf0, 0x0, 0x4,
    0x44, 0x44, 0x44, 0x41, 0x5f, 0x0, 0x0, 0x1,
    0x8c, 0xc9, 0x20, 0x5, 0xf2, 0x20, 0x0, 0xdc,
    0x55, 0xaf, 0x20, 0x5f, 0xff, 0x10, 0x3f, 0x10,
    0x0, 0xc7, 0x5, 0xf0, 0x0, 0x2, 0xf2, 0x0,
    0xd, 0x60, 0x5f, 0x0, 0x0, 0x9, 0xe9, 0x8d,
    0xc0, 0x5, 0xf0, 0x0, 0x0, 0x3, 0x77, 0x50,
    0x0, 0x5f, 0x0, 0x0, 0x0, 0x5, 0xac, 0xdc,
    0xa7, 0x50, 0x0, 0x0, 0xc, 0xd6, 0x32, 0x36,
    0xdb, 0x0, 0x0, 0x2, 0xf3, 0x0, 0x0, 0x3,
    0xf1, 0x0, 0x0, 0xd, 0xb4, 0x10, 0x14, 0xcd,
    0x0, 0x0, 0x0, 0x18, 0xce, 0xfe, 0xc7, 0x10,
    0x0,

    /* U+D574 "해" */
    0x0, 0x0, 0x0, 0x0, 0x1, 0x0, 0x0, 0x0,
    0x4, 0xf0, 0x0, 0x5e, 0x4, 0xf0, 0x0, 0x4,
    0xf0, 0x0, 0x5e, 0x4, 0xf0, 0x2f, 0xff, 0xff,
    0xfe, 0x5e, 0x4, 0xf0, 0x2, 0x22, 0x22, 0x21,
    0x5e, 0x4, 0xf0, 0x0, 0x2a, 0xc9, 0x10, 0x5e,
    0x4, 0xf0, 0x2, 0xfa, 0x6c, 0xd0, 0x5e, 0x25,
    0xf0, 0x8, 0xc0, 0x0, 0xe5, 0x5f, 0xff, 0xf0,
    0xa, 0x80, 0x0, 0xb7, 0x5e, 0x4, 0xf0, 0x8,
    0xb0, 0x0, 0xe5, 0x5e, 0x4, 0xf0, 0x2, 0xf8,
    0x4a, 0xd0, 0x5e, 0x4, 0xf0, 0x0, 0x3b, 0xda,
    0x10, 0x5e, 0x4, 0xf0, 0x0, 0x0, 0x0, 0x0,
    0x5e, 0x4, 0xf0, 0x0, 0x0, 0x0, 0x0, 0x5e,
    0x4, 0xf0, 0x0, 0x0, 0x0, 0x0, 0x13, 0x4,
    0xf0,

    /* U+D638 "호" */
    0x0, 0x0, 0x0, 0x4f, 0x10, 0x0, 0x0, 0x0,
    0x11, 0x11, 0x5f, 0x21, 0x11, 0x10, 0x7, 0xff,
    0xff, 0xff, 0xff, 0xff, 0xf3, 0x0, 0x0, 0x0,
    0x0, 0x0, 0x0, 0x0, 0x0, 0x1, 0x8d, 0xff,
    0xec, 0x70, 0x0, 0x0, 0xe, 0xb4, 0x10, 0x15,
    0xdb, 0x0, 0x0, 0x4f, 0x10, 0x0, 0x0, 0x5f,
    0x0, 0x0, 0x1f, 0x91, 0x0, 0x2, 0xcd, 0x0,
    0x0, 0x3, 0xbf, 0xed, 0xef, 0x91, 0x0, 0x0,
    0x0, 0x0, 0x5f, 0x20, 0x0, 0x0, 0x0, 0x0,
    0x0, 0x4f, 0x10, 0x0, 0x0, 0xc, 0xcc, 0xcc,
    0xdf, 0xcc, 0xcc, 0xcb, 0x4, 0x44, 0x44, 0x44,
    0x44, 0x44, 0x44,

    /* U+D648 "홈" */
    0x0, 0x0, 0x0, 0x3f, 0x10, 0x0, 0x0, 0x4,
    0xbb, 0xbb, 0xcf, 0xbb, 0xbb, 0xb1, 0x1, 0x44,
    0x45, 0x67, 0x65, 0x44, 0x40, 0x0, 0x6, 0xde,
    0xcc, 0xcf, 0xc4, 0x0, 0x0, 0x2f, 0x60, 0x0,
    0x0, 0x9f, 0x0, 0x0, 0xe, 0xb4, 0x22, 0x35,
    0xdc, 0x0, 0x0, 0x1, 0x6a, 0xcf, 0xb9, 0x50,
    0x0, 0x1, 0x11, 0x11, 0x4f, 0x21, 0x11, 0x11,
    0x1f, 0xff, 0xff, 0xff, 0xff, 0xff, 0xfd, 0x0,
    0x0, 0x0, 0x0, 0x0, 0x0, 0x0, 0x0, 0x7f,
    0xff, 0xff, 0xff, 0xff, 0x50, 0x0, 0x7c, 0x0,
    0x0, 0x0, 0xf, 0x50, 0x0, 0x7c, 0x0, 0x0,
    0x0, 0xf, 0x50, 0x0, 0x7f, 0xff, 0xff, 0xff,
    0xff, 0x50,

    /* U+D64D "홍" */
    0x0, 0x0, 0x0, 0x3f, 0x10, 0x0, 0x0, 0x4,
    0xaa, 0xaa, 0xbf, 0xaa, 0xaa, 0xa1, 0x2, 0x55,
    0x55, 0x67, 0x65, 0x55, 0x50, 0x0, 0x5, 0xdf,
    0xdc, 0xdf, 0xc4, 0x0, 0x0, 0x2f, 0x60, 0x0,
    0x0, 0x9f, 0x0, 0x0, 0x1e, 0xb4, 0x22, 0x35,
    0xcc, 0x0, 0x0, 0x1, 0x6a, 0xcf, 0xb9, 0x50,
    0x0, 0x1, 0x11, 0x11, 0x4f, 0x21, 0x11, 0x11,
    0x1f, 0xff, 0xff, 0xff, 0xff, 0xff, 0xfd, 0x0,
    0x0, 0x0, 0x12, 0x10, 0x0, 0x0, 0x0, 0x7,
    0xdf, 0xed, 0xef, 0xc5, 0x0, 0x0, 0x6f, 0x40,
    0x0, 0x0, 0x6f, 0x30, 0x0, 0x5f, 0x61, 0x0,
    0x2, 0x8f, 0x20, 0x0, 0x5, 0xbe, 0xff, 0xfd,
    0xa3, 0x0,

    /* U+D654 "화" */
    0x0, 0x0, 0x0, 0x0, 0x0, 0x0, 0x0, 0x0,
    0x0, 0x6, 0xe0, 0x0, 0x6, 0xe0, 0x0, 0x7,
    0x77, 0xaf, 0x77, 0x73, 0x6e, 0x0, 0x0, 0x77,
    0x77, 0x77, 0x77, 0x36, 0xe0, 0x0, 0x0, 0x6,
    0xab, 0x92, 0x0, 0x6e, 0x0, 0x0, 0xa, 0xd6,
    0x49, 0xf2, 0x6, 0xe0, 0x0, 0x1, 0xf3, 0x0,
    0xb, 0x90, 0x6e, 0x11, 0x0, 0xf, 0x30, 0x0,
    0xc8, 0x6, 0xff, 0xf2, 0x0, 0x9e, 0x76, 0xae,
    0x20, 0x6e, 0x0, 0x0, 0x0, 0x4b, 0xf7, 0x10,
    0x6, 0xe0, 0x0, 0x0, 0x0, 0x6e, 0x0, 0x1,
    0x6e, 0x0, 0x2, 0xbb, 0xcd, 0xfd, 0xef, 0xa6,
    0xe0, 0x0, 0x5, 0x55, 0x44, 0x31, 0x0, 0x6e,
    0x0, 0x0, 0x0, 0x0, 0x0, 0x0, 0x6, 0xe0,
    0x0, 0x0, 0x0, 0x0, 0x0, 0x0, 0x6e, 0x0,
    0x0,

    /* U+D6C4 "후" */
    0x0, 0x0, 0x0, 0x4f, 0x10, 0x0, 0x0, 0x3,
    0x88, 0x88, 0xaf, 0x88, 0x88, 0x81, 0x2, 0x77,
    0x77, 0x77, 0x77, 0x77, 0x70, 0x0, 0x0, 0x6a,
    0xcd, 0xca, 0x50, 0x0, 0x0, 0xd, 0xd6, 0x32,
    0x37, 0xea, 0x0, 0x0, 0x3f, 0x20, 0x0, 0x0,
    0x6f, 0x0, 0x0, 0x1e, 0xb3, 0x0, 0x14, 0xdc,
    0x0, 0x0, 0x2, 0x8d, 0xff, 0xec, 0x70, 0x0,
    0x0, 0x0, 0x0, 0x0, 0x0, 0x0, 0x0, 0x1f,
    0xff, 0xff, 0xff, 0xff, 0xff, 0xfe, 0x2, 0x22,
    0x22, 0x5f, 0x22, 0x22, 0x21, 0x0, 0x0, 0x0,
    0x4f, 0x10, 0x0, 0x0, 0x0, 0x0, 0x0, 0x4f,
    0x10, 0x0, 0x0, 0x0, 0x0, 0x0, 0x4f, 0x10,
    0x0, 0x0,

    /* U+D734 "휴" */
    0x0, 0x0, 0x0, 0x4f, 0x10, 0x0, 0x0, 0x3,
    0x88, 0x88, 0xaf, 0x88, 0x88, 0x81, 0x2, 0x66,
    0x66, 0x66, 0x66, 0x66, 0x60, 0x0, 0x0, 0x6a,
    0xcd, 0xca, 0x50, 0x0, 0x0, 0xd, 0xc6, 0x32,
    0x36, 0xea, 0x0, 0x0, 0x3f, 0x20, 0x0, 0x0,
    0x6f, 0x0, 0x0, 0x1e, 0xb4, 0x10, 0x14, 0xdc,
    0x0, 0x0, 0x2, 0x8d, 0xff, 0xec, 0x70, 0x0,
    0x0, 0x0, 0x0, 0x0, 0x0, 0x0, 0x0, 0x1f,
    0xff, 0xff, 0xff, 0xff, 0xff, 0xfe, 0x1, 0x11,
    0xba, 0x11, 0x1c, 0x81, 0x10, 0x0, 0x0, 0xb9,
    0x0, 0xc, 0x80, 0x0, 0x0, 0x0, 0xb9, 0x0,
    0xc, 0x80, 0x0, 0x0, 0x0, 0xb9, 0x0, 0xc,
    0x80, 0x0
};


/*---------------------
 *  GLYPH DESCRIPTION
 *--------------------*/

static const lv_font_fmt_txt_glyph_dsc_t glyph_dsc[] = {
    {.bitmap_index = 0, .adv_w = 0, .box_w = 0, .box_h = 0, .ofs_x = 0, .ofs_y = 0} /* id = 0 reserved */,
    {.bitmap_index = 0, .adv_w = 256, .box_w = 4, .box_h = 4, .ofs_x = 6, .ofs_y = 4},
    {.bitmap_index = 8, .adv_w = 256, .box_w = 16, .box_h = 15, .ofs_x = 0, .ofs_y = -1},
    {.bitmap_index = 128, .adv_w = 256, .box_w = 16, .box_h = 16, .ofs_x = 0, .ofs_y = -2},
    {.bitmap_index = 256, .adv_w = 256, .box_w = 16, .box_h = 16, .ofs_x = 0, .ofs_y = -2},
    {.bitmap_index = 384, .adv_w = 256, .box_w = 15, .box_h = 14, .ofs_x = 1, .ofs_y = -1},
    {.bitmap_index = 489, .adv_w = 256, .box_w = 16, .box_h = 15, .ofs_x = 0, .ofs_y = -2},
    {.bitmap_index = 609, .adv_w = 256, .box_w = 15, .box_h = 16, .ofs_x = 0, .ofs_y = -2},
    {.bitmap_index = 729, .adv_w = 256, .box_w = 16, .box_h = 16, .ofs_x = 0, .ofs_y = -2},
    {.bitmap_index = 857, .adv_w = 256, .box_w = 16, .box_h = 16, .ofs_x = 0, .ofs_y = -2},
    {.bitmap_index = 985, .adv_w = 256, .box_w = 16, .box_h = 16, .ofs_x = 0, .ofs_y = -2},
    {.bitmap_index = 1113, .adv_w = 256, .box_w = 15, .box_h = 16, .ofs_x = 0, .ofs_y = -2},
    {.bitmap_index = 1233, .adv_w = 256, .box_w = 15, .box_h = 14, .ofs_x = 1, .ofs_y = -1},
    {.bitmap_index = 1338, .adv_w = 256, .box_w = 15, .box_h = 14, .ofs_x = 1, .ofs_y = -1},
    {.bitmap_index = 1443, .adv_w = 256, .box_w = 16, .box_h = 15, .ofs_x = 0, .ofs_y = -1},
    {.bitmap_index = 1563, .adv_w = 256, .box_w = 15, .box_h = 15, .ofs_x = 0, .ofs_y = -2},
    {.bitmap_index = 1676, .adv_w = 256, .box_w = 16, .box_h = 15, .ofs_x = 0, .ofs_y = -2},
    {.bitmap_index = 1796, .adv_w = 256, .box_w = 15, .box_h = 16, .ofs_x = 0, .ofs_y = -2},
    {.bitmap_index = 1916, .adv_w = 256, .box_w = 15, .box_h = 16, .ofs_x = 0, .ofs_y = -2},
    {.bitmap_index = 2036, .adv_w = 256, .box_w = 16, .box_h = 16, .ofs_x = 0, .ofs_y = -2},
    {.bitmap_index = 2164, .adv_w = 256, .box_w = 16, .box_h = 15, .ofs_x = 0, .ofs_y = -2},
    {.bitmap_index = 2284, .adv_w = 256, .box_w = 14, .box_h = 14, .ofs_x = 1, .ofs_y = -1},
    {.bitmap_index = 2382, .adv_w = 256, .box_w = 14, .box_h = 14, .ofs_x = 1, .ofs_y = -1},
    {.bitmap_index = 2480, .adv_w = 256, .box_w = 14, .box_h = 14, .ofs_x = 1, .ofs_y = -1},
    {.bitmap_index = 2578, .adv_w = 256, .box_w = 16, .box_h = 16, .ofs_x = 0, .ofs_y = -2},
    {.bitmap_index = 2706, .adv_w = 256, .box_w = 16, .box_h = 15, .ofs_x = 0, .ofs_y = -2},
    {.bitmap_index = 2826, .adv_w = 256, .box_w = 16, .box_h = 15, .ofs_x = 0, .ofs_y = -2},
    {.bitmap_index = 2946, .adv_w = 256, .box_w = 16, .box_h = 16, .ofs_x = 0, .ofs_y = -2},
    {.bitmap_index = 3074, .adv_w = 256, .box_w = 15, .box_h = 15, .ofs_x = 1, .ofs_y = -2},
    {.bitmap_index = 3187, .adv_w = 256, .box_w = 16, .box_h = 14, .ofs_x = 0, .ofs_y = -1},
    {.bitmap_index = 3299, .adv_w = 256, .box_w = 16, .box_h = 15, .ofs_x = 0, .ofs_y = -2},
    {.bitmap_index = 3419, .adv_w = 256, .box_w = 15, .box_h = 15, .ofs_x = 0, .ofs_y = -2},
    {.bitmap_index = 3532, .adv_w = 256, .box_w = 14, .box_h = 15, .ofs_x = 1, .ofs_y = -1},
    {.bitmap_index = 3637, .adv_w = 256, .box_w = 16, .box_h = 15, .ofs_x = 0, .ofs_y = -2},
    {.bitmap_index = 3757, .adv_w = 256, .box_w = 16, .box_h = 16, .ofs_x = 0, .ofs_y = -2},
    {.bitmap_index = 3885, .adv_w = 256, .box_w = 16, .box_h = 16, .ofs_x = 0, .ofs_y = -2},
    {.bitmap_index = 4013, .adv_w = 256, .box_w = 16, .box_h = 16, .ofs_x = 0, .ofs_y = -2},
    {.bitmap_index = 4141, .adv_w = 256, .box_w = 16, .box_h = 15, .ofs_x = 0, .ofs_y = -2},
    {.bitmap_index = 4261, .adv_w = 256, .box_w = 16, .box_h = 15, .ofs_x = 0, .ofs_y = -2},
    {.bitmap_index = 4381, .adv_w = 256, .box_w = 16, .box_h = 16, .ofs_x = 0, .ofs_y = -2},
    {.bitmap_index = 4509, .adv_w = 256, .box_w = 16, .box_h = 16, .ofs_x = 0, .ofs_y = -2},
    {.bitmap_index = 4637, .adv_w = 256, .box_w = 16, .box_h = 16, .ofs_x = 0, .ofs_y = -2},
    {.bitmap_index = 4765, .adv_w = 256, .box_w = 16, .box_h = 15, .ofs_x = 0, .ofs_y = -1},
    {.bitmap_index = 4885, .adv_w = 256, .box_w = 14, .box_h = 16, .ofs_x = 0, .ofs_y = -2},
    {.bitmap_index = 4997, .adv_w = 256, .box_w = 14, .box_h = 16, .ofs_x = 0, .ofs_y = -2},
    {.bitmap_index = 5109, .adv_w = 256, .box_w = 15, .box_h = 15, .ofs_x = 0, .ofs_y = -2},
    {.bitmap_index = 5222, .adv_w = 256, .box_w = 16, .box_h = 15, .ofs_x = 0, .ofs_y = -1},
    {.bitmap_index = 5342, .adv_w = 256, .box_w = 16, .box_h = 16, .ofs_x = 0, .ofs_y = -2},
    {.bitmap_index = 5470, .adv_w = 256, .box_w = 16, .box_h = 16, .ofs_x = 0, .ofs_y = -2},
    {.bitmap_index = 5598, .adv_w = 256, .box_w = 16, .box_h = 14, .ofs_x = 0, .ofs_y = -1},
    {.bitmap_index = 5710, .adv_w = 256, .box_w = 16, .box_h = 16, .ofs_x = 0, .ofs_y = -2},
    {.bitmap_index = 5838, .adv_w = 256, .box_w = 16, .box_h = 16, .ofs_x = 0, .ofs_y = -2},
    {.bitmap_index = 5966, .adv_w = 256, .box_w = 16, .box_h = 15, .ofs_x = 0, .ofs_y = -1},
    {.bitmap_index = 6086, .adv_w = 256, .box_w = 15, .box_h = 15, .ofs_x = 1, .ofs_y = -1},
    {.bitmap_index = 6199, .adv_w = 256, .box_w = 16, .box_h = 15, .ofs_x = 0, .ofs_y = -2},
    {.bitmap_index = 6319, .adv_w = 256, .box_w = 16, .box_h = 15, .ofs_x = 0, .ofs_y = -2},
    {.bitmap_index = 6439, .adv_w = 256, .box_w = 16, .box_h = 14, .ofs_x = 0, .ofs_y = -1},
    {.bitmap_index = 6551, .adv_w = 256, .box_w = 16, .box_h = 16, .ofs_x = 0, .ofs_y = -2},
    {.bitmap_index = 6679, .adv_w = 256, .box_w = 16, .box_h = 15, .ofs_x = 0, .ofs_y = -2},
    {.bitmap_index = 6799, .adv_w = 256, .box_w = 16, .box_h = 15, .ofs_x = 0, .ofs_y = -2},
    {.bitmap_index = 6919, .adv_w = 256, .box_w = 16, .box_h = 14, .ofs_x = 0, .ofs_y = -1},
    {.bitmap_index = 7031, .adv_w = 256, .box_w = 16, .box_h = 15, .ofs_x = 0, .ofs_y = -2},
    {.bitmap_index = 7151, .adv_w = 256, .box_w = 16, .box_h = 15, .ofs_x = 0, .ofs_y = -1},
    {.bitmap_index = 7271, .adv_w = 256, .box_w = 16, .box_h = 15, .ofs_x = 0, .ofs_y = -2},
    {.bitmap_index = 7391, .adv_w = 256, .box_w = 16, .box_h = 16, .ofs_x = 0, .ofs_y = -2},
    {.bitmap_index = 7519, .adv_w = 256, .box_w = 16, .box_h = 15, .ofs_x = 0, .ofs_y = -2},
    {.bitmap_index = 7639, .adv_w = 256, .box_w = 16, .box_h = 15, .ofs_x = 0, .ofs_y = -1},
    {.bitmap_index = 7759, .adv_w = 256, .box_w = 16, .box_h = 16, .ofs_x = 0, .ofs_y = -2},
    {.bitmap_index = 7887, .adv_w = 256, .box_w = 16, .box_h = 16, .ofs_x = 0, .ofs_y = -2},
    {.bitmap_index = 8015, .adv_w = 256, .box_w = 16, .box_h = 16, .ofs_x = 0, .ofs_y = -2},
    {.bitmap_index = 8143, .adv_w = 256, .box_w = 16, .box_h = 16, .ofs_x = 0, .ofs_y = -2},
    {.bitmap_index = 8271, .adv_w = 256, .box_w = 16, .box_h = 16, .ofs_x = 0, .ofs_y = -2},
    {.bitmap_index = 8399, .adv_w = 256, .box_w = 16, .box_h = 16, .ofs_x = 0, .ofs_y = -2},
    {.bitmap_index = 8527, .adv_w = 256, .box_w = 16, .box_h = 15, .ofs_x = 0, .ofs_y = -2},
    {.bitmap_index = 8647, .adv_w = 256, .box_w = 16, .box_h = 15, .ofs_x = 0, .ofs_y = -2},
    {.bitmap_index = 8767, .adv_w = 256, .box_w = 15, .box_h = 15, .ofs_x = 0, .ofs_y = -2},
    {.bitmap_index = 8880, .adv_w = 256, .box_w = 16, .box_h = 14, .ofs_x = 0, .ofs_y = -1},
    {.bitmap_index = 8992, .adv_w = 256, .box_w = 16, .box_h = 14, .ofs_x = 0, .ofs_y = -1},
    {.bitmap_index = 9104, .adv_w = 256, .box_w = 16, .box_h = 15, .ofs_x = 0, .ofs_y = -1},
    {.bitmap_index = 9224, .adv_w = 256, .box_w = 16, .box_h = 15, .ofs_x = 0, .ofs_y = -1},
    {.bitmap_index = 9344, .adv_w = 256, .box_w = 16, .box_h = 15, .ofs_x = 0, .ofs_y = -1},
    {.bitmap_index = 9464, .adv_w = 256, .box_w = 14, .box_h = 15, .ofs_x = 1, .ofs_y = -1},
    {.bitmap_index = 9569, .adv_w = 256, .box_w = 16, .box_h = 15, .ofs_x = 0, .ofs_y = -1},
    {.bitmap_index = 9689, .adv_w = 256, .box_w = 16, .box_h = 14, .ofs_x = 0, .ofs_y = -1},
    {.bitmap_index = 9801, .adv_w = 256, .box_w = 16, .box_h = 15, .ofs_x = 0, .ofs_y = -1},
    {.bitmap_index = 9921, .adv_w = 256, .box_w = 16, .box_h = 15, .ofs_x = 0, .ofs_y = -2},
    {.bitmap_index = 10041, .adv_w = 256, .box_w = 16, .box_h = 14, .ofs_x = 0, .ofs_y = -1},
    {.bitmap_index = 10153, .adv_w = 256, .box_w = 16, .box_h = 15, .ofs_x = 0, .ofs_y = -1},
    {.bitmap_index = 10273, .adv_w = 256, .box_w = 15, .box_h = 16, .ofs_x = 0, .ofs_y = -2},
    {.bitmap_index = 10393, .adv_w = 256, .box_w = 16, .box_h = 15, .ofs_x = 0, .ofs_y = -2},
    {.bitmap_index = 10513, .adv_w = 256, .box_w = 16, .box_h = 15, .ofs_x = 0, .ofs_y = -1},
    {.bitmap_index = 10633, .adv_w = 256, .box_w = 14, .box_h = 15, .ofs_x = 1, .ofs_y = -2},
    {.bitmap_index = 10738, .adv_w = 256, .box_w = 16, .box_h = 16, .ofs_x = 0, .ofs_y = -2},
    {.bitmap_index = 10866, .adv_w = 256, .box_w = 15, .box_h = 15, .ofs_x = 0, .ofs_y = -1},
    {.bitmap_index = 10979, .adv_w = 256, .box_w = 16, .box_h = 16, .ofs_x = 0, .ofs_y = -2},
    {.bitmap_index = 11107, .adv_w = 256, .box_w = 16, .box_h = 16, .ofs_x = 0, .ofs_y = -2},
    {.bitmap_index = 11235, .adv_w = 256, .box_w = 15, .box_h = 14, .ofs_x = 1, .ofs_y = -1},
    {.bitmap_index = 11340, .adv_w = 256, .box_w = 16, .box_h = 15, .ofs_x = 0, .ofs_y = -2},
    {.bitmap_index = 11460, .adv_w = 256, .box_w = 16, .box_h = 16, .ofs_x = 0, .ofs_y = -2},
    {.bitmap_index = 11588, .adv_w = 256, .box_w = 16, .box_h = 15, .ofs_x = 0, .ofs_y = -2},
    {.bitmap_index = 11708, .adv_w = 256, .box_w = 16, .box_h = 15, .ofs_x = 0, .ofs_y = -1},
    {.bitmap_index = 11828, .adv_w = 256, .box_w = 16, .box_h = 16, .ofs_x = 0, .ofs_y = -2},
    {.bitmap_index = 11956, .adv_w = 256, .box_w = 16, .box_h = 16, .ofs_x = 0, .ofs_y = -2},
    {.bitmap_index = 12084, .adv_w = 256, .box_w = 16, .box_h = 16, .ofs_x = 0, .ofs_y = -2},
    {.bitmap_index = 12212, .adv_w = 256, .box_w = 14, .box_h = 15, .ofs_x = 1, .ofs_y = -2},
    {.bitmap_index = 12317, .adv_w = 256, .box_w = 16, .box_h = 16, .ofs_x = 0, .ofs_y = -2},
    {.bitmap_index = 12445, .adv_w = 256, .box_w = 15, .box_h = 15, .ofs_x = 0, .ofs_y = -2},
    {.bitmap_index = 12558, .adv_w = 256, .box_w = 15, .box_h = 14, .ofs_x = 0, .ofs_y = -1},
    {.bitmap_index = 12663, .adv_w = 256, .box_w = 16, .box_h = 14, .ofs_x = 0, .ofs_y = -1},
    {.bitmap_index = 12775, .adv_w = 256, .box_w = 16, .box_h = 14, .ofs_x = 0, .ofs_y = -1},
    {.bitmap_index = 12887, .adv_w = 256, .box_w = 16, .box_h = 14, .ofs_x = 0, .ofs_y = -1},
    {.bitmap_index = 12999, .adv_w = 256, .box_w = 16, .box_h = 15, .ofs_x = 0, .ofs_y = -2},
    {.bitmap_index = 13119, .adv_w = 256, .box_w = 16, .box_h = 15, .ofs_x = 0, .ofs_y = -2},
    {.bitmap_index = 13239, .adv_w = 256, .box_w = 15, .box_h = 15, .ofs_x = 0, .ofs_y = -2},
    {.bitmap_index = 13352, .adv_w = 256, .box_w = 16, .box_h = 15, .ofs_x = 0, .ofs_y = -1},
    {.bitmap_index = 13472, .adv_w = 256, .box_w = 16, .box_h = 15, .ofs_x = 0, .ofs_y = -1},
    {.bitmap_index = 13592, .adv_w = 256, .box_w = 16, .box_h = 16, .ofs_x = 0, .ofs_y = -2},
    {.bitmap_index = 13720, .adv_w = 256, .box_w = 16, .box_h = 15, .ofs_x = 0, .ofs_y = -2},
    {.bitmap_index = 13840, .adv_w = 256, .box_w = 16, .box_h = 16, .ofs_x = 0, .ofs_y = -2},
    {.bitmap_index = 13968, .adv_w = 256, .box_w = 16, .box_h = 16, .ofs_x = 0, .ofs_y = -2},
    {.bitmap_index = 14096, .adv_w = 256, .box_w = 15, .box_h = 16, .ofs_x = 0, .ofs_y = -2},
    {.bitmap_index = 14216, .adv_w = 256, .box_w = 15, .box_h = 15, .ofs_x = 1, .ofs_y = -2},
    {.bitmap_index = 14329, .adv_w = 256, .box_w = 16, .box_h = 16, .ofs_x = 0, .ofs_y = -2},
    {.bitmap_index = 14457, .adv_w = 256, .box_w = 15, .box_h = 16, .ofs_x = 0, .ofs_y = -2},
    {.bitmap_index = 14577, .adv_w = 256, .box_w = 16, .box_h = 14, .ofs_x = 0, .ofs_y = -1},
    {.bitmap_index = 14689, .adv_w = 256, .box_w = 16, .box_h = 16, .ofs_x = 0, .ofs_y = -2},
    {.bitmap_index = 14817, .adv_w = 256, .box_w = 16, .box_h = 15, .ofs_x = 0, .ofs_y = -2},
    {.bitmap_index = 14937, .adv_w = 256, .box_w = 15, .box_h = 16, .ofs_x = 0, .ofs_y = -2},
    {.bitmap_index = 15057, .adv_w = 256, .box_w = 15, .box_h = 16, .ofs_x = 0, .ofs_y = -2},
    {.bitmap_index = 15177, .adv_w = 256, .box_w = 16, .box_h = 15, .ofs_x = 0, .ofs_y = -2},
    {.bitmap_index = 15297, .adv_w = 256, .box_w = 16, .box_h = 15, .ofs_x = 0, .ofs_y = -2},
    {.bitmap_index = 15417, .adv_w = 256, .box_w = 16, .box_h = 14, .ofs_x = 0, .ofs_y = -1},
    {.bitmap_index = 15529, .adv_w = 256, .box_w = 16, .box_h = 15, .ofs_x = 0, .ofs_y = -2},
    {.bitmap_index = 15649, .adv_w = 256, .box_w = 16, .box_h = 16, .ofs_x = 0, .ofs_y = -2},
    {.bitmap_index = 15777, .adv_w = 256, .box_w = 16, .box_h = 16, .ofs_x = 0, .ofs_y = -2},
    {.bitmap_index = 15905, .adv_w = 256, .box_w = 16, .box_h = 16, .ofs_x = 0, .ofs_y = -2},
    {.bitmap_index = 16033, .adv_w = 256, .box_w = 16, .box_h = 16, .ofs_x = 0, .ofs_y = -2},
    {.bitmap_index = 16161, .adv_w = 256, .box_w = 16, .box_h = 16, .ofs_x = 0, .ofs_y = -2},
    {.bitmap_index = 16289, .adv_w = 256, .box_w = 16, .box_h = 15, .ofs_x = 0, .ofs_y = -2},
    {.bitmap_index = 16409, .adv_w = 256, .box_w = 16, .box_h = 15, .ofs_x = 0, .ofs_y = -1},
    {.bitmap_index = 16529, .adv_w = 256, .box_w = 15, .box_h = 14, .ofs_x = 0, .ofs_y = -1},
    {.bitmap_index = 16634, .adv_w = 256, .box_w = 16, .box_h = 15, .ofs_x = 0, .ofs_y = -2},
    {.bitmap_index = 16754, .adv_w = 256, .box_w = 14, .box_h = 14, .ofs_x = 1, .ofs_y = -1},
    {.bitmap_index = 16852, .adv_w = 256, .box_w = 14, .box_h = 16, .ofs_x = 1, .ofs_y = -2},
    {.bitmap_index = 16964, .adv_w = 256, .box_w = 14, .box_h = 16, .ofs_x = 1, .ofs_y = -2},
    {.bitmap_index = 17076, .adv_w = 256, .box_w = 14, .box_h = 16, .ofs_x = 1, .ofs_y = -2},
    {.bitmap_index = 17188, .adv_w = 256, .box_w = 14, .box_h = 16, .ofs_x = 1, .ofs_y = -2},
    {.bitmap_index = 17300, .adv_w = 256, .box_w = 15, .box_h = 15, .ofs_x = 0, .ofs_y = -1},
    {.bitmap_index = 17413, .adv_w = 256, .box_w = 15, .box_h = 15, .ofs_x = 0, .ofs_y = -2},
    {.bitmap_index = 17526, .adv_w = 256, .box_w = 16, .box_h = 16, .ofs_x = 0, .ofs_y = -2},
    {.bitmap_index = 17654, .adv_w = 256, .box_w = 16, .box_h = 16, .ofs_x = 0, .ofs_y = -2},
    {.bitmap_index = 17782, .adv_w = 256, .box_w = 16, .box_h = 16, .ofs_x = 0, .ofs_y = -2},
    {.bitmap_index = 17910, .adv_w = 256, .box_w = 15, .box_h = 15, .ofs_x = 0, .ofs_y = -2},
    {.bitmap_index = 18023, .adv_w = 256, .box_w = 16, .box_h = 15, .ofs_x = 0, .ofs_y = -2},
    {.bitmap_index = 18143, .adv_w = 256, .box_w = 16, .box_h = 16, .ofs_x = 0, .ofs_y = -2},
    {.bitmap_index = 18271, .adv_w = 256, .box_w = 16, .box_h = 15, .ofs_x = 0, .ofs_y = -2},
    {.bitmap_index = 18391, .adv_w = 256, .box_w = 16, .box_h = 16, .ofs_x = 0, .ofs_y = -2},
    {.bitmap_index = 18519, .adv_w = 256, .box_w = 16, .box_h = 16, .ofs_x = 0, .ofs_y = -2},
    {.bitmap_index = 18647, .adv_w = 256, .box_w = 16, .box_h = 15, .ofs_x = 0, .ofs_y = -2},
    {.bitmap_index = 18767, .adv_w = 256, .box_w = 16, .box_h = 15, .ofs_x = 0, .ofs_y = -2},
    {.bitmap_index = 18887, .adv_w = 236, .box_w = 15, .box_h = 14, .ofs_x = 0, .ofs_y = -1},
    {.bitmap_index = 18992, .adv_w = 236, .box_w = 15, .box_h = 14, .ofs_x = 0, .ofs_y = -1},
    {.bitmap_index = 19097, .adv_w = 236, .box_w = 15, .box_h = 14, .ofs_x = 0, .ofs_y = -1},
    {.bitmap_index = 19202, .adv_w = 236, .box_w = 12, .box_h = 14, .ofs_x = 1, .ofs_y = -1},
    {.bitmap_index = 19286, .adv_w = 236, .box_w = 14, .box_h = 14, .ofs_x = 0, .ofs_y = -1},
    {.bitmap_index = 19384, .adv_w = 236, .box_w = 13, .box_h = 14, .ofs_x = 0, .ofs_y = -1},
    {.bitmap_index = 19475, .adv_w = 236, .box_w = 12, .box_h = 14, .ofs_x = 1, .ofs_y = -1},
    {.bitmap_index = 19559, .adv_w = 236, .box_w = 14, .box_h = 12, .ofs_x = 0, .ofs_y = 0},
    {.bitmap_index = 19643, .adv_w = 236, .box_w = 14, .box_h = 14, .ofs_x = 0, .ofs_y = -1},
    {.bitmap_index = 19741, .adv_w = 236, .box_w = 14, .box_h = 14, .ofs_x = 0, .ofs_y = -1},
    {.bitmap_index = 19839, .adv_w = 236, .box_w = 14, .box_h = 12, .ofs_x = 0, .ofs_y = 0},
    {.bitmap_index = 19923, .adv_w = 236, .box_w = 14, .box_h = 14, .ofs_x = 0, .ofs_y = -1},
    {.bitmap_index = 20021, .adv_w = 236, .box_w = 14, .box_h = 14, .ofs_x = 0, .ofs_y = -1},
    {.bitmap_index = 20119, .adv_w = 236, .box_w = 12, .box_h = 14, .ofs_x = 1, .ofs_y = -1},
    {.bitmap_index = 20203, .adv_w = 236, .box_w = 13, .box_h = 14, .ofs_x = 1, .ofs_y = -1},
    {.bitmap_index = 20294, .adv_w = 236, .box_w = 12, .box_h = 14, .ofs_x = 1, .ofs_y = -1},
    {.bitmap_index = 20378, .adv_w = 236, .box_w = 13, .box_h = 14, .ofs_x = 0, .ofs_y = -1},
    {.bitmap_index = 20469, .adv_w = 236, .box_w = 14, .box_h = 14, .ofs_x = 0, .ofs_y = -1},
    {.bitmap_index = 20567, .adv_w = 236, .box_w = 14, .box_h = 12, .ofs_x = 0, .ofs_y = 0},
    {.bitmap_index = 20651, .adv_w = 236, .box_w = 14, .box_h = 14, .ofs_x = 0, .ofs_y = -1},
    {.bitmap_index = 20749, .adv_w = 236, .box_w = 14, .box_h = 14, .ofs_x = 0, .ofs_y = -1},
    {.bitmap_index = 20847, .adv_w = 236, .box_w = 14, .box_h = 14, .ofs_x = 0, .ofs_y = -1},
    {.bitmap_index = 20945, .adv_w = 236, .box_w = 14, .box_h = 14, .ofs_x = 1, .ofs_y = -1},
    {.bitmap_index = 21043, .adv_w = 236, .box_w = 14, .box_h = 14, .ofs_x = 1, .ofs_y = -1},
    {.bitmap_index = 21141, .adv_w = 236, .box_w = 14, .box_h = 15, .ofs_x = 1, .ofs_y = -2},
    {.bitmap_index = 21246, .adv_w = 236, .box_w = 13, .box_h = 14, .ofs_x = 1, .ofs_y = -1},
    {.bitmap_index = 21337, .adv_w = 236, .box_w = 14, .box_h = 13, .ofs_x = 0, .ofs_y = 0},
    {.bitmap_index = 21428, .adv_w = 236, .box_w = 14, .box_h = 14, .ofs_x = 0, .ofs_y = -1},
    {.bitmap_index = 21526, .adv_w = 236, .box_w = 14, .box_h = 14, .ofs_x = 0, .ofs_y = -1},
    {.bitmap_index = 21624, .adv_w = 236, .box_w = 14, .box_h = 14, .ofs_x = 0, .ofs_y = -1},
    {.bitmap_index = 21722, .adv_w = 236, .box_w = 12, .box_h = 14, .ofs_x = 1, .ofs_y = -1},
    {.bitmap_index = 21806, .adv_w = 236, .box_w = 13, .box_h = 14, .ofs_x = 1, .ofs_y = -1},
    {.bitmap_index = 21897, .adv_w = 236, .box_w = 14, .box_h = 14, .ofs_x = 1, .ofs_y = -1},
    {.bitmap_index = 21995, .adv_w = 236, .box_w = 13, .box_h = 14, .ofs_x = 1, .ofs_y = -1},
    {.bitmap_index = 22086, .adv_w = 236, .box_w = 12, .box_h = 14, .ofs_x = 1, .ofs_y = -1},
    {.bitmap_index = 22170, .adv_w = 236, .box_w = 14, .box_h = 13, .ofs_x = 0, .ofs_y = 0},
    {.bitmap_index = 22261, .adv_w = 236, .box_w = 14, .box_h = 14, .ofs_x = 0, .ofs_y = -1},
    {.bitmap_index = 22359, .adv_w = 236, .box_w = 14, .box_h = 14, .ofs_x = 0, .ofs_y = -1},
    {.bitmap_index = 22457, .adv_w = 236, .box_w = 13, .box_h = 14, .ofs_x = 0, .ofs_y = -1},
    {.bitmap_index = 22548, .adv_w = 236, .box_w = 14, .box_h = 14, .ofs_x = 0, .ofs_y = -1},
    {.bitmap_index = 22646, .adv_w = 236, .box_w = 14, .box_h = 14, .ofs_x = 0, .ofs_y = -1},
    {.bitmap_index = 22744, .adv_w = 236, .box_w = 13, .box_h = 14, .ofs_x = 0, .ofs_y = -1},
    {.bitmap_index = 22835, .adv_w = 236, .box_w = 14, .box_h = 12, .ofs_x = 0, .ofs_y = 0},
    {.bitmap_index = 22919, .adv_w = 236, .box_w = 14, .box_h = 14, .ofs_x = 0, .ofs_y = -1},
    {.bitmap_index = 23017, .adv_w = 236, .box_w = 14, .box_h = 14, .ofs_x = 0, .ofs_y = -1},
    {.bitmap_index = 23115, .adv_w = 236, .box_w = 12, .box_h = 14, .ofs_x = 1, .ofs_y = -1},
    {.bitmap_index = 23199, .adv_w = 236, .box_w = 14, .box_h = 14, .ofs_x = 1, .ofs_y = -1},
    {.bitmap_index = 23297, .adv_w = 236, .box_w = 12, .box_h = 14, .ofs_x = 1, .ofs_y = -1},
    {.bitmap_index = 23381, .adv_w = 236, .box_w = 13, .box_h = 14, .ofs_x = 1, .ofs_y = -1},
    {.bitmap_index = 23472, .adv_w = 236, .box_w = 12, .box_h = 14, .ofs_x = 1, .ofs_y = -1},
    {.bitmap_index = 23556, .adv_w = 236, .box_w = 13, .box_h = 14, .ofs_x = 1, .ofs_y = -1},
    {.bitmap_index = 23647, .adv_w = 236, .box_w = 12, .box_h = 14, .ofs_x = 1, .ofs_y = -1},
    {.bitmap_index = 23731, .adv_w = 236, .box_w = 12, .box_h = 14, .ofs_x = 1, .ofs_y = -1},
    {.bitmap_index = 23815, .adv_w = 236, .box_w = 14, .box_h = 13, .ofs_x = 0, .ofs_y = 0},
    {.bitmap_index = 23906, .adv_w = 236, .box_w = 14, .box_h = 14, .ofs_x = 0, .ofs_y = -1},
    {.bitmap_index = 24004, .adv_w = 236, .box_w = 14, .box_h = 13, .ofs_x = 0, .ofs_y = 0},
    {.bitmap_index = 24095, .adv_w = 236, .box_w = 14, .box_h = 14, .ofs_x = 0, .ofs_y = -1},
    {.bitmap_index = 24193, .adv_w = 236, .box_w = 14, .box_h = 14, .ofs_x = 0, .ofs_y = -1},
    {.bitmap_index = 24291, .adv_w = 236, .box_w = 14, .box_h = 13, .ofs_x = 0, .ofs_y = 0},
    {.bitmap_index = 24382, .adv_w = 236, .box_w = 14, .box_h = 14, .ofs_x = 0, .ofs_y = -1},
    {.bitmap_index = 24480, .adv_w = 236, .box_w = 14, .box_h = 14, .ofs_x = 0, .ofs_y = -1},
    {.bitmap_index = 24578, .adv_w = 236, .box_w = 12, .box_h = 14, .ofs_x = 1, .ofs_y = -1},
    {.bitmap_index = 24662, .adv_w = 236, .box_w = 14, .box_h = 14, .ofs_x = 1, .ofs_y = -1},
    {.bitmap_index = 24760, .adv_w = 236, .box_w = 14, .box_h = 14, .ofs_x = 1, .ofs_y = -1},
    {.bitmap_index = 24858, .adv_w = 236, .box_w = 14, .box_h = 14, .ofs_x = 1, .ofs_y = -1},
    {.bitmap_index = 24956, .adv_w = 236, .box_w = 12, .box_h = 14, .ofs_x = 1, .ofs_y = -1},
    {.bitmap_index = 25040, .adv_w = 236, .box_w = 13, .box_h = 14, .ofs_x = 1, .ofs_y = -1},
    {.bitmap_index = 25131, .adv_w = 236, .box_w = 13, .box_h = 14, .ofs_x = 1, .ofs_y = -1},
    {.bitmap_index = 25222, .adv_w = 236, .box_w = 12, .box_h = 14, .ofs_x = 1, .ofs_y = -1},
    {.bitmap_index = 25306, .adv_w = 236, .box_w = 13, .box_h = 14, .ofs_x = 1, .ofs_y = -1},
    {.bitmap_index = 25397, .adv_w = 236, .box_w = 14, .box_h = 12, .ofs_x = 0, .ofs_y = 0},
    {.bitmap_index = 25481, .adv_w = 236, .box_w = 14, .box_h = 14, .ofs_x = 0, .ofs_y = -1},
    {.bitmap_index = 25579, .adv_w = 236, .box_w = 12, .box_h = 14, .ofs_x = 1, .ofs_y = -1},
    {.bitmap_index = 25663, .adv_w = 236, .box_w = 13, .box_h = 15, .ofs_x = 1, .ofs_y = -2},
    {.bitmap_index = 25761, .adv_w = 236, .box_w = 14, .box_h = 14, .ofs_x = 1, .ofs_y = -1},
    {.bitmap_index = 25859, .adv_w = 236, .box_w = 14, .box_h = 14, .ofs_x = 1, .ofs_y = -1},
    {.bitmap_index = 25957, .adv_w = 236, .box_w = 14, .box_h = 15, .ofs_x = 1, .ofs_y = -2},
    {.bitmap_index = 26062, .adv_w = 236, .box_w = 13, .box_h = 14, .ofs_x = 1, .ofs_y = -1},
    {.bitmap_index = 26153, .adv_w = 236, .box_w = 12, .box_h = 14, .ofs_x = 1, .ofs_y = -1},
    {.bitmap_index = 26237, .adv_w = 236, .box_w = 13, .box_h = 14, .ofs_x = 1, .ofs_y = -1},
    {.bitmap_index = 26328, .adv_w = 236, .box_w = 12, .box_h = 15, .ofs_x = 1, .ofs_y = -1},
    {.bitmap_index = 26418, .adv_w = 236, .box_w = 13, .box_h = 14, .ofs_x = 1, .ofs_y = -1},
    {.bitmap_index = 26509, .adv_w = 236, .box_w = 13, .box_h = 14, .ofs_x = 1, .ofs_y = -1},
    {.bitmap_index = 26600, .adv_w = 236, .box_w = 14, .box_h = 13, .ofs_x = 0, .ofs_y = 0},
    {.bitmap_index = 26691, .adv_w = 236, .box_w = 14, .box_h = 14, .ofs_x = 0, .ofs_y = -1},
    {.bitmap_index = 26789, .adv_w = 236, .box_w = 14, .box_h = 14, .ofs_x = 0, .ofs_y = -1},
    {.bitmap_index = 26887, .adv_w = 236, .box_w = 14, .box_h = 14, .ofs_x = 0, .ofs_y = -1},
    {.bitmap_index = 26985, .adv_w = 236, .box_w = 14, .box_h = 14, .ofs_x = 0, .ofs_y = -1},
    {.bitmap_index = 27083, .adv_w = 236, .box_w = 14, .box_h = 14, .ofs_x = 0, .ofs_y = -1},
    {.bitmap_index = 27181, .adv_w = 236, .box_w = 14, .box_h = 14, .ofs_x = 0, .ofs_y = -1},
    {.bitmap_index = 27279, .adv_w = 236, .box_w = 14, .box_h = 13, .ofs_x = 0, .ofs_y = 0},
    {.bitmap_index = 27370, .adv_w = 236, .box_w = 14, .box_h = 14, .ofs_x = 0, .ofs_y = -1},
    {.bitmap_index = 27468, .adv_w = 236, .box_w = 14, .box_h = 14, .ofs_x = 1, .ofs_y = -1},
    {.bitmap_index = 27566, .adv_w = 236, .box_w = 15, .box_h = 14, .ofs_x = 0, .ofs_y = -1},
    {.bitmap_index = 27671, .adv_w = 236, .box_w = 14, .box_h = 14, .ofs_x = 1, .ofs_y = -1},
    {.bitmap_index = 27769, .adv_w = 236, .box_w = 15, .box_h = 14, .ofs_x = 0, .ofs_y = -1},
    {.bitmap_index = 27874, .adv_w = 236, .box_w = 14, .box_h = 14, .ofs_x = 0, .ofs_y = -1},
    {.bitmap_index = 27972, .adv_w = 236, .box_w = 13, .box_h = 14, .ofs_x = 0, .ofs_y = -1},
    {.bitmap_index = 28063, .adv_w = 236, .box_w = 14, .box_h = 14, .ofs_x = 0, .ofs_y = -1},
    {.bitmap_index = 28161, .adv_w = 236, .box_w = 13, .box_h = 14, .ofs_x = 0, .ofs_y = -1},
    {.bitmap_index = 28252, .adv_w = 236, .box_w = 13, .box_h = 14, .ofs_x = 1, .ofs_y = -1},
    {.bitmap_index = 28343, .adv_w = 236, .box_w = 13, .box_h = 14, .ofs_x = 0, .ofs_y = -1},
    {.bitmap_index = 28434, .adv_w = 236, .box_w = 14, .box_h = 14, .ofs_x = 0, .ofs_y = -1},
    {.bitmap_index = 28532, .adv_w = 236, .box_w = 13, .box_h = 14, .ofs_x = 0, .ofs_y = -1},
    {.bitmap_index = 28623, .adv_w = 236, .box_w = 13, .box_h = 14, .ofs_x = 1, .ofs_y = -1},
    {.bitmap_index = 28714, .adv_w = 236, .box_w = 14, .box_h = 13, .ofs_x = 0, .ofs_y = 0},
    {.bitmap_index = 28805, .adv_w = 236, .box_w = 14, .box_h = 14, .ofs_x = 0, .ofs_y = -1},
    {.bitmap_index = 28903, .adv_w = 236, .box_w = 14, .box_h = 14, .ofs_x = 0, .ofs_y = -1},
    {.bitmap_index = 29001, .adv_w = 236, .box_w = 14, .box_h = 14, .ofs_x = 0, .ofs_y = -1},
    {.bitmap_index = 29099, .adv_w = 236, .box_w = 14, .box_h = 13, .ofs_x = 0, .ofs_y = 0},
    {.bitmap_index = 29190, .adv_w = 236, .box_w = 14, .box_h = 14, .ofs_x = 0, .ofs_y = -1},
    {.bitmap_index = 29288, .adv_w = 236, .box_w = 13, .box_h = 14, .ofs_x = 0, .ofs_y = -1},
    {.bitmap_index = 29379, .adv_w = 236, .box_w = 13, .box_h = 14, .ofs_x = 0, .ofs_y = -1},
    {.bitmap_index = 29470, .adv_w = 236, .box_w = 14, .box_h = 14, .ofs_x = 1, .ofs_y = -1},
    {.bitmap_index = 29568, .adv_w = 236, .box_w = 14, .box_h = 14, .ofs_x = 1, .ofs_y = -1},
    {.bitmap_index = 29666, .adv_w = 236, .box_w = 14, .box_h = 14, .ofs_x = 1, .ofs_y = -1},
    {.bitmap_index = 29764, .adv_w = 236, .box_w = 13, .box_h = 14, .ofs_x = 1, .ofs_y = -1},
    {.bitmap_index = 29855, .adv_w = 236, .box_w = 13, .box_h = 14, .ofs_x = 1, .ofs_y = -1},
    {.bitmap_index = 29946, .adv_w = 236, .box_w = 14, .box_h = 14, .ofs_x = 1, .ofs_y = -1},
    {.bitmap_index = 30044, .adv_w = 236, .box_w = 14, .box_h = 14, .ofs_x = 1, .ofs_y = -1},
    {.bitmap_index = 30142, .adv_w = 236, .box_w = 12, .box_h = 14, .ofs_x = 1, .ofs_y = -1},
    {.bitmap_index = 30226, .adv_w = 236, .box_w = 13, .box_h = 14, .ofs_x = 1, .ofs_y = -1},
    {.bitmap_index = 30317, .adv_w = 236, .box_w = 13, .box_h = 15, .ofs_x = 1, .ofs_y = -2},
    {.bitmap_index = 30415, .adv_w = 236, .box_w = 13, .box_h = 14, .ofs_x = 1, .ofs_y = -1},
    {.bitmap_index = 30506, .adv_w = 236, .box_w = 13, .box_h = 14, .ofs_x = 1, .ofs_y = -1},
    {.bitmap_index = 30597, .adv_w = 236, .box_w = 14, .box_h = 13, .ofs_x = 0, .ofs_y = 0},
    {.bitmap_index = 30688, .adv_w = 236, .box_w = 14, .box_h = 14, .ofs_x = 0, .ofs_y = -1},
    {.bitmap_index = 30786, .adv_w = 236, .box_w = 14, .box_h = 14, .ofs_x = 0, .ofs_y = -1},
    {.bitmap_index = 30884, .adv_w = 236, .box_w = 15, .box_h = 14, .ofs_x = 0, .ofs_y = -1},
    {.bitmap_index = 30989, .adv_w = 236, .box_w = 13, .box_h = 14, .ofs_x = 0, .ofs_y = -1},
    {.bitmap_index = 31080, .adv_w = 236, .box_w = 14, .box_h = 13, .ofs_x = 0, .ofs_y = 0},
    {.bitmap_index = 31171, .adv_w = 236, .box_w = 14, .box_h = 14, .ofs_x = 0, .ofs_y = -1},
    {.bitmap_index = 31269, .adv_w = 236, .box_w = 14, .box_h = 14, .ofs_x = 0, .ofs_y = -1},
    {.bitmap_index = 31367, .adv_w = 236, .box_w = 13, .box_h = 14, .ofs_x = 0, .ofs_y = -1},
    {.bitmap_index = 31458, .adv_w = 236, .box_w = 13, .box_h = 14, .ofs_x = 0, .ofs_y = -1},
    {.bitmap_index = 31549, .adv_w = 236, .box_w = 13, .box_h = 14, .ofs_x = 0, .ofs_y = -1},
    {.bitmap_index = 31640, .adv_w = 236, .box_w = 13, .box_h = 14, .ofs_x = 0, .ofs_y = -1},
    {.bitmap_index = 31731, .adv_w = 236, .box_w = 14, .box_h = 14, .ofs_x = 0, .ofs_y = -1},
    {.bitmap_index = 31829, .adv_w = 236, .box_w = 14, .box_h = 13, .ofs_x = 0, .ofs_y = 0},
    {.bitmap_index = 31920, .adv_w = 236, .box_w = 14, .box_h = 14, .ofs_x = 0, .ofs_y = -1},
    {.bitmap_index = 32018, .adv_w = 236, .box_w = 14, .box_h = 14, .ofs_x = 0, .ofs_y = -1},
    {.bitmap_index = 32116, .adv_w = 236, .box_w = 12, .box_h = 14, .ofs_x = 1, .ofs_y = -1},
    {.bitmap_index = 32200, .adv_w = 236, .box_w = 13, .box_h = 14, .ofs_x = 1, .ofs_y = -1},
    {.bitmap_index = 32291, .adv_w = 236, .box_w = 13, .box_h = 14, .ofs_x = 1, .ofs_y = -1},
    {.bitmap_index = 32382, .adv_w = 236, .box_w = 12, .box_h = 14, .ofs_x = 1, .ofs_y = -1},
    {.bitmap_index = 32466, .adv_w = 236, .box_w = 13, .box_h = 15, .ofs_x = 1, .ofs_y = -2},
    {.bitmap_index = 32564, .adv_w = 236, .box_w = 15, .box_h = 14, .ofs_x = 0, .ofs_y = -1},
    {.bitmap_index = 32669, .adv_w = 236, .box_w = 15, .box_h = 14, .ofs_x = 0, .ofs_y = -1},
    {.bitmap_index = 32774, .adv_w = 236, .box_w = 15, .box_h = 14, .ofs_x = 0, .ofs_y = -1},
    {.bitmap_index = 32879, .adv_w = 236, .box_w = 14, .box_h = 14, .ofs_x = 0, .ofs_y = -1},
    {.bitmap_index = 32977, .adv_w = 236, .box_w = 13, .box_h = 14, .ofs_x = 0, .ofs_y = -1},
    {.bitmap_index = 33068, .adv_w = 236, .box_w = 13, .box_h = 14, .ofs_x = 0, .ofs_y = -1},
    {.bitmap_index = 33159, .adv_w = 236, .box_w = 14, .box_h = 14, .ofs_x = 0, .ofs_y = -1},
    {.bitmap_index = 33257, .adv_w = 236, .box_w = 13, .box_h = 14, .ofs_x = 0, .ofs_y = -1},
    {.bitmap_index = 33348, .adv_w = 236, .box_w = 14, .box_h = 14, .ofs_x = 0, .ofs_y = -1},
    {.bitmap_index = 33446, .adv_w = 236, .box_w = 13, .box_h = 14, .ofs_x = 0, .ofs_y = -1},
    {.bitmap_index = 33537, .adv_w = 236, .box_w = 14, .box_h = 12, .ofs_x = 0, .ofs_y = 0},
    {.bitmap_index = 33621, .adv_w = 236, .box_w = 14, .box_h = 14, .ofs_x = 0, .ofs_y = -1},
    {.bitmap_index = 33719, .adv_w = 236, .box_w = 14, .box_h = 14, .ofs_x = 0, .ofs_y = -1},
    {.bitmap_index = 33817, .adv_w = 236, .box_w = 14, .box_h = 14, .ofs_x = 0, .ofs_y = -1},
    {.bitmap_index = 33915, .adv_w = 236, .box_w = 14, .box_h = 14, .ofs_x = 0, .ofs_y = -1},
    {.bitmap_index = 34013, .adv_w = 236, .box_w = 13, .box_h = 14, .ofs_x = 0, .ofs_y = -1},
    {.bitmap_index = 34104, .adv_w = 236, .box_w = 13, .box_h = 14, .ofs_x = 0, .ofs_y = -1},
    {.bitmap_index = 34195, .adv_w = 236, .box_w = 13, .box_h = 14, .ofs_x = 0, .ofs_y = -1},
    {.bitmap_index = 34286, .adv_w = 236, .box_w = 15, .box_h = 14, .ofs_x = 0, .ofs_y = -1},
    {.bitmap_index = 34391, .adv_w = 236, .box_w = 15, .box_h = 14, .ofs_x = 0, .ofs_y = -1},
    {.bitmap_index = 34496, .adv_w = 236, .box_w = 15, .box_h = 15, .ofs_x = 0, .ofs_y = -2},
    {.bitmap_index = 34609, .adv_w = 236, .box_w = 13, .box_h = 15, .ofs_x = 0, .ofs_y = -1},
    {.bitmap_index = 34707, .adv_w = 236, .box_w = 13, .box_h = 15, .ofs_x = 0, .ofs_y = -1},
    {.bitmap_index = 34805, .adv_w = 236, .box_w = 13, .box_h = 15, .ofs_x = 0, .ofs_y = -1},
    {.bitmap_index = 34903, .adv_w = 236, .box_w = 13, .box_h = 15, .ofs_x = 0, .ofs_y = -1},
    {.bitmap_index = 35001, .adv_w = 236, .box_w = 14, .box_h = 13, .ofs_x = 0, .ofs_y = 0},
    {.bitmap_index = 35092, .adv_w = 236, .box_w = 12, .box_h = 15, .ofs_x = 1, .ofs_y = -1},
    {.bitmap_index = 35182, .adv_w = 236, .box_w = 14, .box_h = 14, .ofs_x = 0, .ofs_y = -1},
    {.bitmap_index = 35280, .adv_w = 236, .box_w = 14, .box_h = 14, .ofs_x = 0, .ofs_y = -1},
    {.bitmap_index = 35378, .adv_w = 236, .box_w = 14, .box_h = 14, .ofs_x = 0, .ofs_y = -1},
    {.bitmap_index = 35476, .adv_w = 236, .box_w = 13, .box_h = 15, .ofs_x = 0, .ofs_y = -1},
    {.bitmap_index = 35574, .adv_w = 236, .box_w = 13, .box_h = 14, .ofs_x = 0, .ofs_y = -1},
    {.bitmap_index = 35665, .adv_w = 236, .box_w = 14, .box_h = 14, .ofs_x = 0, .ofs_y = -1},
    {.bitmap_index = 35763, .adv_w = 236, .box_w = 13, .box_h = 14, .ofs_x = 0, .ofs_y = -1},
    {.bitmap_index = 35854, .adv_w = 236, .box_w = 13, .box_h = 14, .ofs_x = 1, .ofs_y = -1},
    {.bitmap_index = 35945, .adv_w = 236, .box_w = 13, .box_h = 14, .ofs_x = 0, .ofs_y = -1},
    {.bitmap_index = 36036, .adv_w = 236, .box_w = 12, .box_h = 14, .ofs_x = 1, .ofs_y = -1},
    {.bitmap_index = 36120, .adv_w = 236, .box_w = 14, .box_h = 14, .ofs_x = 0, .ofs_y = -1},
    {.bitmap_index = 36218, .adv_w = 236, .box_w = 14, .box_h = 12, .ofs_x = 0, .ofs_y = 0},
    {.bitmap_index = 36302, .adv_w = 236, .box_w = 14, .box_h = 14, .ofs_x = 1, .ofs_y = -1},
    {.bitmap_index = 36400, .adv_w = 236, .box_w = 12, .box_h = 14, .ofs_x = 1, .ofs_y = -1},
    {.bitmap_index = 36484, .adv_w = 236, .box_w = 13, .box_h = 14, .ofs_x = 1, .ofs_y = -1},
    {.bitmap_index = 36575, .adv_w = 236, .box_w = 13, .box_h = 14, .ofs_x = 1, .ofs_y = -1},
    {.bitmap_index = 36666, .adv_w = 236, .box_w = 13, .box_h = 14, .ofs_x = 1, .ofs_y = -1},
    {.bitmap_index = 36757, .adv_w = 236, .box_w = 14, .box_h = 14, .ofs_x = 0, .ofs_y = -1},
    {.bitmap_index = 36855, .adv_w = 236, .box_w = 14, .box_h = 14, .ofs_x = 0, .ofs_y = -1},
    {.bitmap_index = 36953, .adv_w = 236, .box_w = 14, .box_h = 12, .ofs_x = 0, .ofs_y = 0},
    {.bitmap_index = 37037, .adv_w = 236, .box_w = 12, .box_h = 14, .ofs_x = 1, .ofs_y = -1},
    {.bitmap_index = 37121, .adv_w = 236, .box_w = 12, .box_h = 14, .ofs_x = 1, .ofs_y = -1},
    {.bitmap_index = 37205, .adv_w = 236, .box_w = 15, .box_h = 14, .ofs_x = 0, .ofs_y = -1},
    {.bitmap_index = 37310, .adv_w = 236, .box_w = 13, .box_h = 14, .ofs_x = 0, .ofs_y = -1},
    {.bitmap_index = 37401, .adv_w = 236, .box_w = 14, .box_h = 14, .ofs_x = 0, .ofs_y = -1},
    {.bitmap_index = 37499, .adv_w = 236, .box_w = 14, .box_h = 12, .ofs_x = 0, .ofs_y = 0},
    {.bitmap_index = 37583, .adv_w = 236, .box_w = 14, .box_h = 14, .ofs_x = 0, .ofs_y = -1},
    {.bitmap_index = 37681, .adv_w = 236, .box_w = 13, .box_h = 14, .ofs_x = 1, .ofs_y = -1},
    {.bitmap_index = 37772, .adv_w = 236, .box_w = 15, .box_h = 15, .ofs_x = 0, .ofs_y = -1},
    {.bitmap_index = 37885, .adv_w = 236, .box_w = 15, .box_h = 14, .ofs_x = 0, .ofs_y = -1},
    {.bitmap_index = 37990, .adv_w = 236, .box_w = 15, .box_h = 14, .ofs_x = 0, .ofs_y = -1},
    {.bitmap_index = 38095, .adv_w = 236, .box_w = 15, .box_h = 14, .ofs_x = 0, .ofs_y = -1},
    {.bitmap_index = 38200, .adv_w = 236, .box_w = 15, .box_h = 14, .ofs_x = 0, .ofs_y = -1},
    {.bitmap_index = 38305, .adv_w = 236, .box_w = 14, .box_h = 15, .ofs_x = 0, .ofs_y = -1},
    {.bitmap_index = 38410, .adv_w = 236, .box_w = 14, .box_h = 13, .ofs_x = 0, .ofs_y = 0},
    {.bitmap_index = 38501, .adv_w = 236, .box_w = 14, .box_h = 14, .ofs_x = 0, .ofs_y = -1},
    {.bitmap_index = 38599, .adv_w = 236, .box_w = 14, .box_h = 14, .ofs_x = 0, .ofs_y = -1},
    {.bitmap_index = 38697, .adv_w = 236, .box_w = 15, .box_h = 15, .ofs_x = 0, .ofs_y = -1},
    {.bitmap_index = 38810, .adv_w = 236, .box_w = 14, .box_h = 14, .ofs_x = 0, .ofs_y = -1},
    {.bitmap_index = 38908, .adv_w = 236, .box_w = 14, .box_h = 14, .ofs_x = 0, .ofs_y = -1}
};

/*---------------------
 *  CHARACTER MAPPING
 *--------------------*/

static const uint16_t unicode_list_0[] = {
    0x0, 0x1d2f, 0x1d4e, 0x1d55, 0x1d6b, 0x1d93, 0x1db3, 0x1dca,
    0x1dd3, 0x2078, 0x2120, 0x2234, 0x223f, 0x225a, 0x2287, 0x228b,
    0x2313, 0x2334, 0x2464, 0x256d, 0x25ff, 0x2603, 0x261b, 0x2812,
    0x283e, 0x2843, 0x289b, 0x2b01, 0x2b06, 0x2b10, 0x2b54, 0x2d22,
    0x2d5a, 0x2d94, 0x2d98, 0x2d99, 0x2e05, 0x2e3f, 0x2eaf, 0x2ee1,
    0x2f67, 0x30bb, 0x313b, 0x313c, 0x3170, 0x31e4, 0x320e, 0x327c,
    0x3288, 0x32f9, 0x3321, 0x33b2, 0x343b, 0x347d, 0x34e5, 0x3543,
    0x3587, 0x35b0, 0x3601, 0x3634, 0x3686, 0x373c, 0x3999, 0x39a7,
    0x3a79, 0x3b28, 0x3b62, 0x3ba6, 0x3cff, 0x3d00, 0x3db0, 0x3dd6,
    0x3de9, 0x3f03, 0x415e, 0x42b4, 0x42e5, 0x4580, 0x45cf, 0x45dd,
    0x4666, 0x4791, 0x47a4, 0x47c6, 0x47df, 0x48d7, 0x49e5, 0x4a85,
    0x4b8e, 0x4c0a, 0x4c27, 0x4ca5, 0x4ced, 0x4d30, 0x4d46, 0x4dc4,
    0x4dd8, 0x4de1, 0x4df2, 0x4e04, 0x4e18, 0x4e1b, 0x4e22, 0x4e56,
    0x4ffb, 0x50a5, 0x517f, 0x52f4, 0x53e2, 0x54d2, 0x54d4, 0x5564,
    0x56a7, 0x5752, 0x5766, 0x58b8, 0x58c7, 0x58cb, 0x5907, 0x5963,
    0x5aa9, 0x5ac3, 0x5ad2, 0x5ada, 0x5af2, 0x5afc, 0x5b08, 0x5c0d,
    0x5c39, 0x5cf8, 0x5e34, 0x5e4e, 0x5e71, 0x5e96, 0x5e98, 0x5edd,
    0x5ee3, 0x5f0e, 0x631d, 0x63a4, 0x6484, 0x6497, 0x64f2, 0x64f7,
    0x64f9, 0x6594, 0x66d1, 0x6706, 0x670b, 0x6715, 0x6754, 0x677a,
    0x677e, 0x677f, 0x6796, 0x679d, 0x67a1, 0x6dd6, 0x6ddd, 0x7b05,
    0x7b09, 0x7b1a, 0x7b85, 0x7b91, 0x7bad, 0x7bc2, 0x7be5, 0x7be6,
    0x7c72, 0x7cfd, 0x7d01, 0x7d05, 0x7d35, 0x7d3d, 0x7d45, 0x7dc1,
    0x7e39, 0x7f49, 0x7f4f, 0x7f59, 0x7f62, 0x7f9d, 0x7fa5, 0x7fb3,
    0x8029, 0x807d, 0x8097, 0x8111, 0x8199, 0x81cd, 0x81d5, 0x81e9,
    0x8205, 0x8259, 0x82c9, 0x82d1, 0x82de, 0x832d, 0x8355, 0x8366,
    0x83a9, 0x83e1, 0x83e5, 0x83f6, 0x8419, 0x8681, 0x869d, 0x869e,
    0x86f1, 0x86f5, 0x870d, 0x872a, 0x8761, 0x8762, 0x87d1, 0x87ed,
    0x886d, 0x8879, 0x887d, 0x8881, 0x88b1, 0x88cd, 0x88d1, 0x88d3,
    0x893d, 0x8941, 0x8945, 0x8959, 0x8979, 0x89ad, 0x89ae, 0x8afd,
    0x8b14, 0x8b19, 0x8b1d, 0x8b22, 0x8b3d, 0x8b89, 0x8b8d, 0x8b99,
    0x8bc5, 0x8bc9, 0x8bf9, 0x8bfa, 0x8bfd, 0x8c01, 0x8c85, 0x8c86,
    0x8c89, 0x8d11, 0x8d19, 0x8d65, 0x8fb1, 0x8fb2, 0x8fc6, 0x8fcd,
    0x8fce, 0x8fe2, 0x9021, 0x9029, 0x9036, 0x903d, 0x9059, 0x905d,
    0x9091, 0x9092, 0x911d, 0x9121, 0x91a9, 0x91ba, 0x91e1, 0x942d,
    0x9449, 0x944d, 0x944f, 0x9465, 0x946d, 0x9481, 0x9496, 0x94b9,
    0x94bd, 0x94cb, 0x94d5, 0x94f5, 0x9529, 0x952d, 0x953a, 0x9545,
    0x957d, 0x9599, 0x95ae, 0x95b5, 0x95d1, 0x95d5, 0x95ed, 0x9609,
    0x9625, 0x9641, 0x9649, 0x9651, 0x9679, 0x967d, 0x9681, 0x968a,
    0x968d, 0x9695, 0x9696, 0x96aa, 0x96b1, 0x9705, 0x9706, 0x9709,
    0x971a, 0x9721, 0x973d, 0x9775, 0x9776, 0x978a, 0x9816, 0x9895,
    0x98c5, 0x98c6, 0x98d5, 0x98e1, 0x9b2d, 0x9b43, 0x9b4a, 0x9b5a,
    0x9bb2, 0x9bb9, 0x9c0d, 0x9c61, 0x9c99, 0x9ca1, 0x9cae, 0x9ced,
    0x9d5d, 0x9d95, 0x9de9, 0x9df1, 0x9e21, 0x9e31, 0x9f09, 0x9f71,
    0x9fc5, 0xa035, 0xa03d, 0xa051, 0xa061, 0xa0ba, 0xa131, 0xa1bd,
    0xa1f5, 0xa20a, 0xa211, 0xa291, 0xa2f9, 0xa409, 0xa411, 0xa449,
    0xa45d, 0xa461, 0xa465, 0xa46d, 0xa472, 0xa479, 0xa53d, 0xa54d,
    0xa552, 0xa559, 0xa5c9, 0xa639
};

/*Collect the unicode lists and glyph_id offsets*/
static const lv_font_fmt_txt_cmap_t cmaps[] =
{
    {
        .range_start = 12539, .range_length = 42554, .glyph_id_start = 1,
        .unicode_list = unicode_list_0, .glyph_id_ofs_list = NULL, .list_length = 372, .type = LV_FONT_FMT_TXT_CMAP_SPARSE_TINY
    }
};



/*--------------------
 *  ALL CUSTOM DATA
 *--------------------*/

#if LVGL_VERSION_MAJOR == 8
/*Store all the custom data of the font*/
static  lv_font_fmt_txt_glyph_cache_t cache;
#endif

#if LVGL_VERSION_MAJOR >= 8
static const lv_font_fmt_txt_dsc_t font_dsc = {
#else
static lv_font_fmt_txt_dsc_t font_dsc = {
#endif
    .glyph_bitmap = glyph_bitmap,
    .glyph_dsc = glyph_dsc,
    .cmaps = cmaps,
    .kern_dsc = NULL,
    .kern_scale = 0,
    .cmap_num = 1,
    .bpp = 4,
    .kern_classes = 0,
    .bitmap_format = 0,
#if LVGL_VERSION_MAJOR == 8
    .cache = &cache
#endif
};



/*-----------------
 *  PUBLIC FONT
 *----------------*/

/*Initialize a public general font descriptor*/
#if LVGL_VERSION_MAJOR >= 8
const lv_font_t font_cjk_extra_16 = {
#else
lv_font_t font_cjk_extra_16 = {
#endif
    .get_glyph_dsc = lv_font_get_glyph_dsc_fmt_txt,    /*Function pointer to get glyph's data*/
    .get_glyph_bitmap = lv_font_get_bitmap_fmt_txt,    /*Function pointer to get glyph's bitmap*/
    .line_height = 16,          /*The maximum line height required by the font*/
    .base_line = 2,             /*Baseline measured from the bottom of the line*/
#if !(LVGL_VERSION_MAJOR == 6 && LVGL_VERSION_MINOR == 0)
    .subpx = LV_FONT_SUBPX_NONE,
#endif
#if LV_VERSION_CHECK(7, 4, 0) || LVGL_VERSION_MAJOR >= 8
    .underline_position = -2,
    .underline_thickness = 1,
#endif
    .dsc = &font_dsc,          /*The custom font data. Will be accessed by `get_glyph_bitmap/dsc` */
#if LV_VERSION_CHECK(8, 2, 0) || LVGL_VERSION_MAJOR >= 9
    .fallback = NULL,
#endif
    .user_data = NULL,
};



#endif /*#if FONT_CJK_EXTRA_16*/

