/* SPDX-License-Identifier: OFL-1.1 */
/* Glyph data converted from Inter (SIL OFL 1.1); licence text: licenses/OFL-1.1-Inter.txt */
/*******************************************************************************
 * Size: 18 px
 * Bpp: 4
 * Opts: --font Inter-VF-wght600.ttf --size 18 --bpp 4 --format lvgl --range 0x20-0x7E,0xA0-0xFF,0x2018-0x201D,0x2026,0x2022 --no-compress --force-fast-kern-format --lv-font-name diskos_hifi_ui_18 -o font_hifi_ui_18.c
 ******************************************************************************/

#ifdef LV_LVGL_H_INCLUDE_SIMPLE
#include "lvgl.h"
#else
#include "lvgl/lvgl.h"
#endif

#ifndef DISKOS_HIFI_UI_18
#define DISKOS_HIFI_UI_18 1
#endif

#if DISKOS_HIFI_UI_18

/*-----------------
 *    BITMAPS
 *----------------*/

/*Store the image of the glyphs*/
static LV_ATTRIBUTE_LARGE_CONST const uint8_t glyph_bitmap[] = {
    /* U+0020 " " */

    /* U+0021 "!" */
    0x5f, 0xf1, 0x5f, 0xf1, 0x5f, 0xf1, 0x4f, 0xf1,
    0x4f, 0xf0, 0x4f, 0xf0, 0x3f, 0xf0, 0x3f, 0xf0,
    0x3f, 0xf0, 0x0, 0x0, 0x1b, 0x90, 0x7f, 0xf4,
    0x3e, 0xd1,

    /* U+0022 "\"" */
    0x2f, 0xf0, 0x9f, 0x92, 0xff, 0x9, 0xf8, 0x1f,
    0xf0, 0x8f, 0x70, 0xfe, 0x7, 0xf7, 0xf, 0xd0,
    0x7f, 0x60, 0x54, 0x2, 0x51,

    /* U+0023 "#" */
    0x0, 0x6, 0xf5, 0x0, 0xcf, 0x0, 0x0, 0x9,
    0xf3, 0x0, 0xfd, 0x0, 0x0, 0xb, 0xf0, 0x2,
    0xfa, 0x0, 0xc, 0xff, 0xff, 0xff, 0xff, 0xf4,
    0xb, 0xdf, 0xfc, 0xcf, 0xff, 0xc1, 0x0, 0x3f,
    0x80, 0xa, 0xf2, 0x0, 0x0, 0x6f, 0x60, 0xc,
    0xf0, 0x0, 0x0, 0x9f, 0x30, 0xf, 0xd0, 0x0,
    0x8f, 0xff, 0xff, 0xff, 0xff, 0x80, 0x8c, 0xff,
    0xcc, 0xff, 0xfc, 0x40, 0x0, 0xfb, 0x0, 0x7f,
    0x50, 0x0, 0x3, 0xf8, 0x0, 0xaf, 0x20, 0x0,
    0x6, 0xf6, 0x0, 0xcf, 0x0, 0x0,

    /* U+0024 "$" */
    0x0, 0x0, 0xa, 0x70, 0x0, 0x0, 0x0, 0x0,
    0xa7, 0x0, 0x0, 0x0, 0x8, 0xdf, 0xfc, 0x70,
    0x0, 0x1d, 0xff, 0xff, 0xff, 0xc0, 0x8, 0xff,
    0x5b, 0x86, 0xff, 0x60, 0xcf, 0x90, 0xa7, 0x7,
    0xb7, 0xa, 0xfd, 0x2a, 0x70, 0x0, 0x0, 0x2f,
    0xff, 0xfd, 0x20, 0x0, 0x0, 0x2a, 0xff, 0xff,
    0xd4, 0x0, 0x0, 0x0, 0xef, 0xef, 0xf3, 0x0,
    0x0, 0xa, 0x70, 0xbf, 0xc1, 0xff, 0x40, 0xa7,
    0x8, 0xfd, 0xd, 0xfe, 0x4b, 0x86, 0xff, 0x90,
    0x3f, 0xff, 0xff, 0xff, 0xe1, 0x0, 0x29, 0xdf,
    0xfd, 0x81, 0x0, 0x0, 0x0, 0xa7, 0x0, 0x0,
    0x0, 0x0, 0x5, 0x30, 0x0, 0x0,

    /* U+0025 "%" */
    0x4, 0xdf, 0xd5, 0x0, 0x0, 0xb, 0xe1, 0x0,
    0x1f, 0xe8, 0xdf, 0x10, 0x0, 0x6f, 0x50, 0x0,
    0x3f, 0x70, 0x6f, 0x40, 0x2, 0xfa, 0x0, 0x0,
    0x2f, 0xb2, 0xaf, 0x20, 0xc, 0xe0, 0x0, 0x0,
    0x9, 0xff, 0xfa, 0x0, 0x7f, 0x40, 0x0, 0x0,
    0x0, 0x24, 0x20, 0x3, 0xf8, 0x0, 0x0, 0x0,
    0x0, 0x0, 0x0, 0xd, 0xd0, 0x0, 0x10, 0x0,
    0x0, 0x0, 0x0, 0x8f, 0x30, 0x4e, 0xff, 0x60,
    0x0, 0x0, 0x4, 0xf7, 0x0, 0xfd, 0x6c, 0xf1,
    0x0, 0x0, 0xe, 0xc0, 0x2, 0xf8, 0x6, 0xf4,
    0x0, 0x0, 0xaf, 0x20, 0x2, 0xf8, 0x6, 0xf4,
    0x0, 0x5, 0xf6, 0x0, 0x0, 0xee, 0x8d, 0xf1,
    0x0, 0x1e, 0xb0, 0x0, 0x0, 0x3c, 0xfd, 0x40,

    /* U+0026 "&" */
    0x0, 0x8, 0xef, 0xc4, 0x0, 0x0, 0x0, 0x9f,
    0xff, 0xff, 0x30, 0x0, 0x0, 0xff, 0x30, 0x8f,
    0x90, 0x0, 0x0, 0xff, 0x0, 0x7f, 0x80, 0x0,
    0x0, 0xcf, 0x75, 0xff, 0x20, 0x0, 0x0, 0x3f,
    0xff, 0xe3, 0x0, 0x0, 0x0, 0x4f, 0xff, 0x30,
    0x5, 0x50, 0x5, 0xff, 0xff, 0xd1, 0x1f, 0xf0,
    0xf, 0xf5, 0xb, 0xfc, 0x6f, 0xc0, 0x3f, 0xf1,
    0x0, 0xcf, 0xff, 0x70, 0xf, 0xf9, 0x0, 0x4f,
    0xff, 0x0, 0x7, 0xff, 0xfe, 0xff, 0xff, 0x70,
    0x0, 0x5c, 0xff, 0xc7, 0x3f, 0xf5,

    /* U+0027 "'" */
    0x2f, 0xf0, 0x2f, 0xf0, 0x1f, 0xf0, 0xf, 0xe0,
    0xf, 0xd0, 0x5, 0x40,

    /* U+0028 "(" */
    0x0, 0x17, 0x60, 0x0, 0x9f, 0xa0, 0x1, 0xff,
    0x40, 0x6, 0xfe, 0x0, 0xa, 0xfa, 0x0, 0xe,
    0xf6, 0x0, 0x2f, 0xf3, 0x0, 0x4f, 0xf1, 0x0,
    0x5f, 0xf0, 0x0, 0x5f, 0xf0, 0x0, 0x4f, 0xf1,
    0x0, 0x2f, 0xf3, 0x0, 0xe, 0xf6, 0x0, 0xa,
    0xfb, 0x0, 0x4, 0xff, 0x0, 0x0, 0xdf, 0x60,
    0x0, 0x5f, 0xd0,

    /* U+0029 ")" */
    0x17, 0x60, 0x0, 0xe, 0xf4, 0x0, 0x9, 0xfb,
    0x0, 0x3, 0xff, 0x10, 0x0, 0xef, 0x50, 0x0,
    0xbf, 0x90, 0x0, 0x7f, 0xd0, 0x0, 0x6f, 0xf0,
    0x0, 0x4f, 0xf0, 0x0, 0x4f, 0xf0, 0x0, 0x5f,
    0xf0, 0x0, 0x7f, 0xd0, 0x0, 0xaf, 0xa0, 0x0,
    0xff, 0x50, 0x5, 0xff, 0x0, 0xb, 0xf9, 0x0,
    0x2f, 0xf1, 0x0,

    /* U+002A "*" */
    0x0, 0xe, 0x90, 0x0, 0x28, 0xd, 0x81, 0x90,
    0x7f, 0xde, 0xcf, 0xf3, 0x2, 0xdf, 0xfa, 0x10,
    0x3b, 0xff, 0xff, 0x91, 0x5e, 0x4c, 0x87, 0xe1,
    0x0, 0xd, 0x90, 0x0, 0x0, 0x5, 0x30, 0x0,

    /* U+002B "+" */
    0x0, 0x0, 0xff, 0x0, 0x0, 0x0, 0x0, 0xff,
    0x0, 0x0, 0x0, 0x0, 0xff, 0x0, 0x0, 0x5e,
    0xee, 0xff, 0xee, 0xe6, 0x5f, 0xff, 0xff, 0xff,
    0xf7, 0x0, 0x0, 0xff, 0x0, 0x0, 0x0, 0x0,
    0xff, 0x0, 0x0, 0x0, 0x0, 0xff, 0x0, 0x0,
    0x0, 0x0, 0xff, 0x0, 0x0,

    /* U+002C "," */
    0x5, 0x50, 0x4f, 0xf0, 0x6f, 0xa0, 0x8f, 0x60,
    0xbf, 0x10, 0xdd, 0x0,

    /* U+002D "-" */
    0xae, 0xee, 0xee, 0x1c, 0xff, 0xff, 0xf2,

    /* U+002E "." */
    0x2b, 0x90, 0x7f, 0xf3, 0x3e, 0xc0,

    /* U+002F "/" */
    0x0, 0x0, 0x9f, 0x60, 0x0, 0xe, 0xf1, 0x0,
    0x2, 0xfd, 0x0, 0x0, 0x6f, 0x90, 0x0, 0xa,
    0xf5, 0x0, 0x0, 0xef, 0x10, 0x0, 0x3f, 0xc0,
    0x0, 0x7, 0xf8, 0x0, 0x0, 0xbf, 0x40, 0x0,
    0xf, 0xf0, 0x0, 0x4, 0xfb, 0x0, 0x0, 0x8f,
    0x70, 0x0, 0xc, 0xf3, 0x0, 0x0, 0xff, 0x0,
    0x0, 0x4f, 0xb0, 0x0, 0x9, 0xf6, 0x0, 0x0,

    /* U+0030 "0" */
    0x0, 0x5, 0xcf, 0xeb, 0x40, 0x0, 0x8, 0xff,
    0xff, 0xff, 0x60, 0x3, 0xff, 0x80, 0x1a, 0xff,
    0x10, 0xaf, 0xc0, 0x0, 0xe, 0xf8, 0xe, 0xf7,
    0x0, 0x0, 0x9f, 0xc0, 0xff, 0x50, 0x0, 0x7,
    0xfe, 0x1f, 0xf4, 0x0, 0x0, 0x6f, 0xf0, 0xff,
    0x50, 0x0, 0x7, 0xfe, 0xe, 0xf7, 0x0, 0x0,
    0x9f, 0xc0, 0xaf, 0xc0, 0x0, 0xe, 0xf8, 0x3,
    0xff, 0x80, 0x1a, 0xff, 0x20, 0x8, 0xff, 0xff,
    0xff, 0x60, 0x0, 0x5, 0xcf, 0xeb, 0x40, 0x0,

    /* U+0031 "1" */
    0x0, 0x2d, 0xff, 0x40, 0x6f, 0xff, 0xf4, 0x2f,
    0xf6, 0xff, 0x42, 0xc1, 0xf, 0xf4, 0x0, 0x0,
    0xff, 0x40, 0x0, 0xf, 0xf4, 0x0, 0x0, 0xff,
    0x40, 0x0, 0xf, 0xf4, 0x0, 0x0, 0xff, 0x40,
    0x0, 0xf, 0xf4, 0x0, 0x0, 0xff, 0x40, 0x0,
    0xf, 0xf4, 0x0, 0x0, 0xff, 0x40,

    /* U+0032 "2" */
    0x1, 0x9e, 0xfe, 0x92, 0x0, 0x1e, 0xff, 0xff,
    0xff, 0x20, 0x9f, 0xe2, 0x2, 0xdf, 0xb0, 0xdf,
    0x60, 0x0, 0x6f, 0xe0, 0x0, 0x0, 0x0, 0x7f,
    0xd0, 0x0, 0x0, 0x1, 0xef, 0x70, 0x0, 0x0,
    0xc, 0xfc, 0x0, 0x0, 0x1, 0xcf, 0xd1, 0x0,
    0x0, 0x1c, 0xfd, 0x10, 0x0, 0x1, 0xdf, 0xd1,
    0x0, 0x0, 0x2d, 0xfd, 0x10, 0x0, 0x0, 0xcf,
    0xff, 0xff, 0xff, 0xf2, 0xdf, 0xff, 0xff, 0xff,
    0xf2,

    /* U+0033 "3" */
    0x0, 0x18, 0xdf, 0xeb, 0x40, 0x0, 0x1d, 0xff,
    0xff, 0xff, 0x50, 0x9, 0xfd, 0x30, 0x1b, 0xfe,
    0x0, 0x57, 0x30, 0x0, 0x4f, 0xf0, 0x0, 0x0,
    0x0, 0xa, 0xfc, 0x0, 0x0, 0x8, 0xdf, 0xfa,
    0x10, 0x0, 0x0, 0xaf, 0xff, 0xb3, 0x0, 0x0,
    0x0, 0x2, 0xaf, 0xf1, 0x0, 0x0, 0x0, 0x0,
    0xff, 0x70, 0xbb, 0x40, 0x0, 0xf, 0xf7, 0xc,
    0xfe, 0x40, 0x2a, 0xff, 0x30, 0x3e, 0xff, 0xff,
    0xff, 0x90, 0x0, 0x19, 0xdf, 0xeb, 0x50, 0x0,

    /* U+0034 "4" */
    0x0, 0x0, 0x0, 0xcf, 0xf6, 0x0, 0x0, 0x0,
    0x6, 0xff, 0xf6, 0x0, 0x0, 0x0, 0x1e, 0xff,
    0xf6, 0x0, 0x0, 0x0, 0xaf, 0x9c, 0xf6, 0x0,
    0x0, 0x4, 0xff, 0x1c, 0xf6, 0x0, 0x0, 0xd,
    0xf6, 0xc, 0xf6, 0x0, 0x0, 0x7f, 0xd0, 0xc,
    0xf6, 0x0, 0x1, 0xff, 0x30, 0xc, 0xf6, 0x0,
    0xb, 0xfa, 0x0, 0xc, 0xf6, 0x0, 0xf, 0xff,
    0xff, 0xff, 0xff, 0xf1, 0xf, 0xff, 0xff, 0xff,
    0xff, 0xf1, 0x0, 0x0, 0x0, 0xd, 0xf6, 0x0,
    0x0, 0x0, 0x0, 0xd, 0xf6, 0x0,

    /* U+0035 "5" */
    0x3, 0xff, 0xff, 0xff, 0xf7, 0x0, 0x4f, 0xff,
    0xff, 0xff, 0x60, 0x6, 0xfb, 0x0, 0x0, 0x0,
    0x0, 0x8f, 0x90, 0x0, 0x0, 0x0, 0x9, 0xf8,
    0x8c, 0xc8, 0x10, 0x0, 0xbf, 0xff, 0xff, 0xfe,
    0x10, 0x6, 0xaa, 0x20, 0x4e, 0xfa, 0x0, 0x0,
    0x0, 0x0, 0x6f, 0xf0, 0x0, 0x0, 0x0, 0x2,
    0xff, 0x10, 0xbb, 0x30, 0x0, 0x5f, 0xf0, 0xc,
    0xfc, 0x20, 0x3e, 0xfa, 0x0, 0x3f, 0xff, 0xff,
    0xfe, 0x10, 0x0, 0x2a, 0xef, 0xd8, 0x10, 0x0,

    /* U+0036 "6" */
    0x0, 0x4, 0xbf, 0xfc, 0x50, 0x0, 0x6, 0xff,
    0xff, 0xff, 0x90, 0x2, 0xff, 0x91, 0x18, 0xff,
    0x30, 0x8f, 0xb0, 0x0, 0x5, 0x62, 0xd, 0xf5,
    0x3a, 0xca, 0x40, 0x0, 0xff, 0x8f, 0xff, 0xff,
    0x70, 0x1f, 0xff, 0x81, 0x1b, 0xff, 0x20, 0xff,
    0xb0, 0x0, 0xe, 0xf7, 0xf, 0xf7, 0x0, 0x0,
    0xbf, 0x90, 0xbf, 0xa0, 0x0, 0xd, 0xf7, 0x5,
    0xff, 0x70, 0xa, 0xff, 0x20, 0xa, 0xff, 0xff,
    0xff, 0x70, 0x0, 0x6, 0xcf, 0xeb, 0x40, 0x0,

    /* U+0037 "7" */
    0x4f, 0xff, 0xff, 0xff, 0xfa, 0x4f, 0xff, 0xff,
    0xff, 0xfa, 0x0, 0x0, 0x0, 0x1f, 0xf6, 0x0,
    0x0, 0x0, 0x8f, 0xd0, 0x0, 0x0, 0x1, 0xff,
    0x60, 0x0, 0x0, 0x9, 0xfd, 0x0, 0x0, 0x0,
    0x1f, 0xf5, 0x0, 0x0, 0x0, 0x9f, 0xd0, 0x0,
    0x0, 0x1, 0xff, 0x50, 0x0, 0x0, 0x9, 0xfd,
    0x0, 0x0, 0x0, 0x2f, 0xf5, 0x0, 0x0, 0x0,
    0x9f, 0xd0, 0x0, 0x0, 0x2, 0xff, 0x50, 0x0,
    0x0,

    /* U+0038 "8" */
    0x0, 0x18, 0xdf, 0xeb, 0x40, 0x0, 0x1d, 0xff,
    0xef, 0xff, 0x70, 0x7, 0xff, 0x30, 0xa, 0xff,
    0x0, 0x9f, 0xb0, 0x0, 0x3f, 0xf1, 0x4, 0xfe,
    0x20, 0x9, 0xfc, 0x0, 0x6, 0xef, 0xde, 0xfb,
    0x10, 0x0, 0x7e, 0xff, 0xff, 0xb2, 0x0, 0x7f,
    0xf5, 0x1, 0xbf, 0xe1, 0xf, 0xf7, 0x0, 0x0,
    0xef, 0x70, 0xff, 0x50, 0x0, 0xe, 0xf9, 0xd,
    0xfd, 0x20, 0x7, 0xff, 0x50, 0x3f, 0xff, 0xdf,
    0xff, 0xb0, 0x0, 0x29, 0xdf, 0xfc, 0x60, 0x0,

    /* U+0039 "9" */
    0x0, 0x19, 0xdf, 0xea, 0x20, 0x0, 0x2e, 0xff,
    0xff, 0xff, 0x30, 0xb, 0xfe, 0x30, 0x1c, 0xfd,
    0x0, 0xff, 0x50, 0x0, 0x1f, 0xf3, 0xf, 0xf4,
    0x0, 0x0, 0xff, 0x70, 0xdf, 0xc1, 0x0, 0xaf,
    0xf9, 0x4, 0xff, 0xfd, 0xfe, 0xcf, 0x90, 0x3,
    0xbf, 0xea, 0x2c, 0xf8, 0x0, 0x0, 0x0, 0x0,
    0xff, 0x50, 0xce, 0x70, 0x0, 0x5f, 0xf1, 0x8,
    0xff, 0x51, 0x4e, 0xfa, 0x0, 0xd, 0xff, 0xff,
    0xfd, 0x10, 0x0, 0x8, 0xef, 0xd8, 0x0, 0x0,

    /* U+003A ":" */
    0x1b, 0x90, 0x7f, 0xf3, 0x3e, 0xc0, 0x0, 0x0,
    0x0, 0x0, 0x0, 0x0, 0x0, 0x0, 0x2b, 0x90,
    0x7f, 0xf3, 0x3e, 0xc0,

    /* U+003B ";" */
    0xa, 0xb1, 0x4f, 0xf6, 0x1d, 0xe2, 0x0, 0x0,
    0x0, 0x0, 0x0, 0x0, 0x0, 0x0, 0x5, 0x50,
    0x4f, 0xf0, 0x6f, 0xa0, 0x8f, 0x60, 0xbf, 0x10,
    0xdd, 0x0,

    /* U+003C "<" */
    0x0, 0x0, 0x0, 0x0, 0x0, 0x0, 0x0, 0x0,
    0x6, 0xd3, 0x0, 0x0, 0x7, 0xef, 0xf3, 0x0,
    0x18, 0xff, 0xfd, 0x60, 0x29, 0xff, 0xfb, 0x40,
    0x0, 0x8f, 0xf9, 0x20, 0x0, 0x0, 0x6f, 0xfe,
    0x81, 0x0, 0x0, 0x2, 0xaf, 0xff, 0xa3, 0x0,
    0x0, 0x1, 0x9f, 0xff, 0xc1, 0x0, 0x0, 0x1,
    0x7e, 0xf3, 0x0, 0x0, 0x0, 0x0, 0x62,

    /* U+003D "=" */
    0x3f, 0xff, 0xff, 0xff, 0xf4, 0x2f, 0xff, 0xff,
    0xff, 0xf4, 0x0, 0x0, 0x0, 0x0, 0x0, 0x0,
    0x0, 0x0, 0x0, 0x0, 0x2f, 0xff, 0xff, 0xff,
    0xf4, 0x3f, 0xff, 0xff, 0xff, 0xf4,

    /* U+003E ">" */
    0x0, 0x0, 0x0, 0x0, 0x0, 0x1e, 0x70, 0x0,
    0x0, 0x0, 0x1f, 0xfe, 0x81, 0x0, 0x0, 0x5,
    0xcf, 0xff, 0x92, 0x0, 0x0, 0x3, 0xaf, 0xff,
    0xa2, 0x0, 0x0, 0x1, 0x8f, 0xfa, 0x0, 0x0,
    0x17, 0xef, 0xf8, 0x0, 0x39, 0xff, 0xfa, 0x30,
    0xc, 0xff, 0xf9, 0x20, 0x0, 0x1f, 0xf8, 0x10,
    0x0, 0x0, 0x17, 0x10, 0x0, 0x0, 0x0,

    /* U+003F "?" */
    0x0, 0x6d, 0xfe, 0xb4, 0x0, 0x9f, 0xff, 0xff,
    0xf4, 0x1f, 0xf7, 0x1, 0xdf, 0xc2, 0x99, 0x0,
    0x7, 0xfd, 0x0, 0x0, 0x0, 0xcf, 0xa0, 0x0,
    0x2, 0xdf, 0xe2, 0x0, 0x2, 0xff, 0xb1, 0x0,
    0x0, 0x7f, 0xc0, 0x0, 0x0, 0x8, 0xe8, 0x0,
    0x0, 0x0, 0x0, 0x0, 0x0, 0x0, 0x5, 0xb5,
    0x0, 0x0, 0x0, 0xef, 0xd0, 0x0, 0x0, 0x8,
    0xf8, 0x0, 0x0,

    /* U+0040 "@" */
    0x0, 0x0, 0x4, 0xad, 0xff, 0xeb, 0x60, 0x0,
    0x0, 0x0, 0x2, 0xcf, 0xff, 0xdc, 0xef, 0xfd,
    0x30, 0x0, 0x0, 0x2e, 0xfc, 0x40, 0x0, 0x1,
    0x8f, 0xf3, 0x0, 0x0, 0xcf, 0xa0, 0x0, 0x0,
    0x0, 0x5, 0xfe, 0x0, 0x4, 0xfd, 0x0, 0x18,
    0xba, 0x3b, 0x90, 0x9f, 0x70, 0xa, 0xf6, 0x2,
    0xef, 0xff, 0xff, 0xc0, 0x2f, 0xc0, 0xe, 0xf1,
    0xa, 0xf8, 0x2, 0xaf, 0xc0, 0xe, 0xf0, 0xf,
    0xf0, 0xf, 0xe0, 0x0, 0x1f, 0xc0, 0xd, 0xf0,
    0x1f, 0xe0, 0xf, 0xb0, 0x0, 0xf, 0xc0, 0xd,
    0xf0, 0xf, 0xf0, 0xf, 0xd0, 0x0, 0xf, 0xc0,
    0xe, 0xe0, 0xe, 0xf1, 0xc, 0xf3, 0x0, 0x6f,
    0xd0, 0x2f, 0xa0, 0xb, 0xf5, 0x4, 0xfe, 0x9a,
    0xfd, 0xfa, 0xdf, 0x30, 0x5, 0xfd, 0x0, 0x5d,
    0xfd, 0x63, 0xcf, 0xd5, 0x0, 0x0, 0xdf, 0x90,
    0x0, 0x0, 0x0, 0x0, 0x0, 0x0, 0x0, 0x2f,
    0xfc, 0x40, 0x0, 0x1, 0x50, 0x0, 0x0, 0x0,
    0x2, 0xdf, 0xff, 0xdc, 0xdf, 0xf3, 0x0, 0x0,
    0x0, 0x0, 0x5, 0xad, 0xff, 0xec, 0x81, 0x0,
    0x0,

    /* U+0041 "A" */
    0x0, 0x0, 0x2f, 0xff, 0x20, 0x0, 0x0, 0x0,
    0x8, 0xff, 0xf8, 0x0, 0x0, 0x0, 0x0, 0xdf,
    0xaf, 0xe0, 0x0, 0x0, 0x0, 0x3f, 0xf1, 0xff,
    0x30, 0x0, 0x0, 0x9, 0xfc, 0xc, 0xf9, 0x0,
    0x0, 0x0, 0xef, 0x70, 0x7f, 0xe0, 0x0, 0x0,
    0x4f, 0xf2, 0x2, 0xff, 0x50, 0x0, 0xa, 0xfd,
    0x0, 0xc, 0xfb, 0x0, 0x0, 0xff, 0xff, 0xff,
    0xff, 0xf1, 0x0, 0x5f, 0xff, 0xee, 0xef, 0xff,
    0x60, 0xa, 0xfd, 0x0, 0x0, 0xc, 0xfc, 0x1,
    0xff, 0x80, 0x0, 0x0, 0x6f, 0xf2, 0x6f, 0xf2,
    0x0, 0x0, 0x1, 0xff, 0x70,

    /* U+0042 "B" */
    0xbf, 0xff, 0xff, 0xe9, 0x10, 0xb, 0xff, 0xff,
    0xff, 0xfe, 0x10, 0xbf, 0xa0, 0x0, 0x5f, 0xf7,
    0xb, 0xfa, 0x0, 0x0, 0xdf, 0x80, 0xbf, 0xa0,
    0x0, 0x3f, 0xf3, 0xb, 0xfe, 0xbb, 0xcf, 0xd4,
    0x0, 0xbf, 0xff, 0xff, 0xfe, 0x80, 0xb, 0xfa,
    0x0, 0x4, 0xff, 0x80, 0xbf, 0xa0, 0x0, 0x7,
    0xff, 0xb, 0xfa, 0x0, 0x0, 0x6f, 0xf0, 0xbf,
    0xa0, 0x0, 0x3d, 0xfd, 0xb, 0xff, 0xff, 0xff,
    0xff, 0x50, 0xbf, 0xff, 0xff, 0xeb, 0x40, 0x0,

    /* U+0043 "C" */
    0x0, 0x1, 0x7d, 0xff, 0xc7, 0x0, 0x0, 0x3,
    0xef, 0xff, 0xff, 0xfd, 0x10, 0x1, 0xef, 0xe6,
    0x23, 0x7f, 0xfb, 0x0, 0x7f, 0xf2, 0x0, 0x0,
    0x5f, 0xf2, 0xd, 0xf9, 0x0, 0x0, 0x0, 0x66,
    0x20, 0xff, 0x50, 0x0, 0x0, 0x0, 0x0, 0x1f,
    0xf4, 0x0, 0x0, 0x0, 0x0, 0x0, 0xff, 0x50,
    0x0, 0x0, 0x0, 0x0, 0xd, 0xf9, 0x0, 0x0,
    0x0, 0x66, 0x20, 0x7f, 0xf2, 0x0, 0x0, 0x5f,
    0xf2, 0x1, 0xef, 0xe6, 0x23, 0x7f, 0xfb, 0x0,
    0x3, 0xef, 0xff, 0xff, 0xfc, 0x10, 0x0, 0x1,
    0x8d, 0xff, 0xc6, 0x0, 0x0,

    /* U+0044 "D" */
    0xbf, 0xff, 0xfe, 0xc7, 0x10, 0x0, 0xbf, 0xff,
    0xff, 0xff, 0xe3, 0x0, 0xbf, 0xb0, 0x1, 0x5e,
    0xfe, 0x10, 0xbf, 0xa0, 0x0, 0x1, 0xef, 0x70,
    0xbf, 0xa0, 0x0, 0x0, 0x8f, 0xd0, 0xbf, 0xa0,
    0x0, 0x0, 0x4f, 0xf0, 0xbf, 0xa0, 0x0, 0x0,
    0x3f, 0xf0, 0xbf, 0xa0, 0x0, 0x0, 0x4f, 0xf0,
    0xbf, 0xa0, 0x0, 0x0, 0x8f, 0xd0, 0xbf, 0xa0,
    0x0, 0x1, 0xef, 0x70, 0xbf, 0xb0, 0x2, 0x6e,
    0xfe, 0x10, 0xbf, 0xff, 0xff, 0xff, 0xe3, 0x0,
    0xbf, 0xff, 0xfe, 0xc7, 0x10, 0x0,

    /* U+0045 "E" */
    0xbf, 0xff, 0xff, 0xff, 0xdb, 0xff, 0xff, 0xff,
    0xfd, 0xbf, 0xa0, 0x0, 0x0, 0xb, 0xfa, 0x0,
    0x0, 0x0, 0xbf, 0xa0, 0x0, 0x0, 0xb, 0xff,
    0xff, 0xff, 0xf5, 0xbf, 0xff, 0xff, 0xff, 0x6b,
    0xfa, 0x0, 0x0, 0x0, 0xbf, 0xa0, 0x0, 0x0,
    0xb, 0xfa, 0x0, 0x0, 0x0, 0xbf, 0xa0, 0x0,
    0x0, 0xb, 0xff, 0xff, 0xff, 0xfd, 0xbf, 0xff,
    0xff, 0xff, 0xd0,

    /* U+0046 "F" */
    0xbf, 0xff, 0xff, 0xff, 0xbb, 0xff, 0xff, 0xff,
    0xfb, 0xbf, 0xa0, 0x0, 0x0, 0xb, 0xfa, 0x0,
    0x0, 0x0, 0xbf, 0xa0, 0x0, 0x0, 0xb, 0xfa,
    0x0, 0x0, 0x0, 0xbf, 0xff, 0xff, 0xff, 0x1b,
    0xff, 0xff, 0xff, 0xf1, 0xbf, 0xa0, 0x0, 0x0,
    0xb, 0xfa, 0x0, 0x0, 0x0, 0xbf, 0xa0, 0x0,
    0x0, 0xb, 0xfa, 0x0, 0x0, 0x0, 0xbf, 0xa0,
    0x0, 0x0, 0x0,

    /* U+0047 "G" */
    0x0, 0x1, 0x7d, 0xff, 0xc7, 0x0, 0x0, 0x3,
    0xef, 0xff, 0xff, 0xfd, 0x10, 0x1, 0xef, 0xe6,
    0x22, 0x7f, 0xfc, 0x0, 0x7f, 0xf2, 0x0, 0x0,
    0x5f, 0xf3, 0xd, 0xf9, 0x0, 0x0, 0x0, 0x22,
    0x0, 0xff, 0x50, 0x0, 0x0, 0x0, 0x0, 0x1f,
    0xf4, 0x0, 0xc, 0xff, 0xff, 0x80, 0xff, 0x50,
    0x0, 0xad, 0xdf, 0xf8, 0xd, 0xf9, 0x0, 0x0,
    0x0, 0xdf, 0x60, 0x7f, 0xf2, 0x0, 0x0, 0x4f,
    0xf3, 0x1, 0xef, 0xe6, 0x22, 0x6f, 0xfc, 0x0,
    0x3, 0xef, 0xff, 0xff, 0xfd, 0x10, 0x0, 0x1,
    0x8d, 0xff, 0xc7, 0x0, 0x0,

    /* U+0048 "H" */
    0xbf, 0xa0, 0x0, 0x0, 0x4f, 0xf1, 0xbf, 0xa0,
    0x0, 0x0, 0x4f, 0xf1, 0xbf, 0xa0, 0x0, 0x0,
    0x4f, 0xf1, 0xbf, 0xa0, 0x0, 0x0, 0x4f, 0xf1,
    0xbf, 0xa0, 0x0, 0x0, 0x4f, 0xf1, 0xbf, 0xff,
    0xff, 0xff, 0xff, 0xf1, 0xbf, 0xff, 0xff, 0xff,
    0xff, 0xf1, 0xbf, 0xa0, 0x0, 0x0, 0x4f, 0xf1,
    0xbf, 0xa0, 0x0, 0x0, 0x4f, 0xf1, 0xbf, 0xa0,
    0x0, 0x0, 0x4f, 0xf1, 0xbf, 0xa0, 0x0, 0x0,
    0x4f, 0xf1, 0xbf, 0xa0, 0x0, 0x0, 0x4f, 0xf1,
    0xbf, 0xa0, 0x0, 0x0, 0x4f, 0xf1,

    /* U+0049 "I" */
    0xbf, 0xab, 0xfa, 0xbf, 0xab, 0xfa, 0xbf, 0xab,
    0xfa, 0xbf, 0xab, 0xfa, 0xbf, 0xab, 0xfa, 0xbf,
    0xab, 0xfa, 0xbf, 0xa0,

    /* U+004A "J" */
    0x0, 0x0, 0x0, 0x3f, 0xf2, 0x0, 0x0, 0x0,
    0x3f, 0xf2, 0x0, 0x0, 0x0, 0x3f, 0xf2, 0x0,
    0x0, 0x0, 0x3f, 0xf2, 0x0, 0x0, 0x0, 0x3f,
    0xf2, 0x0, 0x0, 0x0, 0x3f, 0xf2, 0x0, 0x0,
    0x0, 0x3f, 0xf2, 0x0, 0x0, 0x0, 0x3f, 0xf2,
    0x3b, 0xb0, 0x0, 0x3f, 0xf2, 0x4f, 0xf1, 0x0,
    0x4f, 0xf1, 0x1f, 0xf9, 0x1, 0xbf, 0xe0, 0x8,
    0xff, 0xff, 0xff, 0x50, 0x0, 0x6d, 0xff, 0xc4,
    0x0,

    /* U+004B "K" */
    0xbf, 0xa0, 0x0, 0x4, 0xff, 0xa0, 0xbf, 0xa0,
    0x0, 0x3f, 0xfb, 0x0, 0xbf, 0xa0, 0x1, 0xef,
    0xd0, 0x0, 0xbf, 0xa0, 0x1d, 0xfe, 0x10, 0x0,
    0xbf, 0xa0, 0xbf, 0xe2, 0x0, 0x0, 0xbf, 0xa9,
    0xff, 0x40, 0x0, 0x0, 0xbf, 0xef, 0xff, 0xa0,
    0x0, 0x0, 0xbf, 0xff, 0x8f, 0xf6, 0x0, 0x0,
    0xbf, 0xf3, 0xa, 0xff, 0x10, 0x0, 0xbf, 0xf0,
    0x1, 0xef, 0xc0, 0x0, 0xbf, 0xa0, 0x0, 0x4f,
    0xf7, 0x0, 0xbf, 0xa0, 0x0, 0x9, 0xff, 0x20,
    0xbf, 0xa0, 0x0, 0x0, 0xdf, 0xd0,

    /* U+004C "L" */
    0xbf, 0xa0, 0x0, 0x0, 0xb, 0xfa, 0x0, 0x0,
    0x0, 0xbf, 0xa0, 0x0, 0x0, 0xb, 0xfa, 0x0,
    0x0, 0x0, 0xbf, 0xa0, 0x0, 0x0, 0xb, 0xfa,
    0x0, 0x0, 0x0, 0xbf, 0xa0, 0x0, 0x0, 0xb,
    0xfa, 0x0, 0x0, 0x0, 0xbf, 0xa0, 0x0, 0x0,
    0xb, 0xfa, 0x0, 0x0, 0x0, 0xbf, 0xa0, 0x0,
    0x0, 0xb, 0xff, 0xff, 0xff, 0xf7, 0xbf, 0xff,
    0xff, 0xff, 0x70,

    /* U+004D "M" */
    0xbf, 0xff, 0x10, 0x0, 0x0, 0x7f, 0xff, 0x4b,
    0xff, 0xf6, 0x0, 0x0, 0xc, 0xff, 0xf4, 0xbf,
    0xef, 0xc0, 0x0, 0x2, 0xfe, 0xff, 0x4b, 0xfa,
    0xff, 0x20, 0x0, 0x8f, 0x9f, 0xf4, 0xbf, 0x9b,
    0xf8, 0x0, 0xe, 0xf5, 0xff, 0x4b, 0xf9, 0x7f,
    0xe0, 0x4, 0xff, 0x1f, 0xf4, 0xbf, 0x91, 0xff,
    0x40, 0xaf, 0xa0, 0xff, 0x4b, 0xfa, 0xb, 0xf9,
    0xf, 0xf4, 0xf, 0xf4, 0xbf, 0xa0, 0x5f, 0xd3,
    0xfe, 0x0, 0xff, 0x4b, 0xfa, 0x0, 0xff, 0x9f,
    0x90, 0xf, 0xf4, 0xbf, 0xa0, 0x9, 0xff, 0xf3,
    0x0, 0xff, 0x4b, 0xfa, 0x0, 0x4f, 0xfd, 0x0,
    0xf, 0xf4, 0xbf, 0xa0, 0x0, 0xef, 0x70, 0x0,
    0xff, 0x40,

    /* U+004E "N" */
    0xbf, 0xf4, 0x0, 0x0, 0xf, 0xf5, 0xbf, 0xfd,
    0x0, 0x0, 0xf, 0xf5, 0xbf, 0xff, 0x80, 0x0,
    0xf, 0xf5, 0xbf, 0xaf, 0xf2, 0x0, 0xf, 0xf5,
    0xbf, 0xa8, 0xfc, 0x0, 0xf, 0xf5, 0xbf, 0xa0,
    0xef, 0x60, 0xf, 0xf5, 0xbf, 0xb0, 0x6f, 0xe1,
    0xf, 0xf5, 0xbf, 0xb0, 0xc, 0xfa, 0xf, 0xf5,
    0xbf, 0xb0, 0x2, 0xff, 0x3f, 0xf5, 0xbf, 0xb0,
    0x0, 0x8f, 0xbf, 0xf5, 0xbf, 0xb0, 0x0, 0xd,
    0xff, 0xf5, 0xbf, 0xb0, 0x0, 0x4, 0xff, 0xf5,
    0xbf, 0xb0, 0x0, 0x0, 0xaf, 0xf5,

    /* U+004F "O" */
    0x0, 0x1, 0x7d, 0xfe, 0xc6, 0x0, 0x0, 0x3,
    0xef, 0xff, 0xff, 0xfc, 0x10, 0x1, 0xef, 0xe6,
    0x22, 0x7f, 0xfc, 0x0, 0x7f, 0xf2, 0x0, 0x0,
    0x4f, 0xf5, 0xd, 0xf9, 0x0, 0x0, 0x0, 0xcf,
    0xa0, 0xff, 0x50, 0x0, 0x0, 0x8, 0xfd, 0x1f,
    0xf4, 0x0, 0x0, 0x0, 0x7f, 0xe0, 0xff, 0x50,
    0x0, 0x0, 0x8, 0xfd, 0xd, 0xf9, 0x0, 0x0,
    0x0, 0xcf, 0xa0, 0x7f, 0xf2, 0x0, 0x0, 0x4f,
    0xf5, 0x1, 0xef, 0xe6, 0x22, 0x7f, 0xfc, 0x0,
    0x3, 0xef, 0xff, 0xff, 0xfd, 0x10, 0x0, 0x1,
    0x7d, 0xfe, 0xc6, 0x0, 0x0,

    /* U+0050 "P" */
    0xbf, 0xff, 0xff, 0xd8, 0x0, 0xbf, 0xff, 0xff,
    0xff, 0xc0, 0xbf, 0xa0, 0x0, 0x7f, 0xf6, 0xbf,
    0xa0, 0x0, 0xb, 0xfb, 0xbf, 0xa0, 0x0, 0x9,
    0xfc, 0xbf, 0xa0, 0x0, 0xc, 0xfb, 0xbf, 0xa0,
    0x1, 0x7f, 0xf6, 0xbf, 0xff, 0xff, 0xff, 0xb0,
    0xbf, 0xff, 0xfe, 0xc6, 0x0, 0xbf, 0xa0, 0x0,
    0x0, 0x0, 0xbf, 0xa0, 0x0, 0x0, 0x0, 0xbf,
    0xa0, 0x0, 0x0, 0x0, 0xbf, 0xa0, 0x0, 0x0,
    0x0,

    /* U+0051 "Q" */
    0x0, 0x1, 0x7d, 0xfe, 0xc6, 0x0, 0x0, 0x3,
    0xef, 0xff, 0xff, 0xfc, 0x10, 0x1, 0xef, 0xe6,
    0x22, 0x7f, 0xfc, 0x0, 0x7f, 0xf2, 0x0, 0x0,
    0x4f, 0xf5, 0xd, 0xf9, 0x0, 0x0, 0x0, 0xcf,
    0xa0, 0xff, 0x50, 0x0, 0x0, 0x8, 0xfd, 0x1f,
    0xf4, 0x0, 0x0, 0x0, 0x7f, 0xe0, 0xff, 0x50,
    0x0, 0x0, 0x8, 0xfd, 0xd, 0xf9, 0x0, 0x47,
    0x30, 0xcf, 0xa0, 0x7f, 0xf2, 0x2, 0xfe, 0x6f,
    0xf5, 0x1, 0xef, 0xe6, 0x28, 0xff, 0xfc, 0x0,
    0x3, 0xef, 0xff, 0xff, 0xff, 0x10, 0x0, 0x1,
    0x7d, 0xfe, 0xdf, 0xf7, 0x0, 0x0, 0x0, 0x0,
    0x0, 0x1e, 0xf3,

    /* U+0052 "R" */
    0xbf, 0xff, 0xff, 0xd8, 0x10, 0xb, 0xff, 0xff,
    0xff, 0xfd, 0x10, 0xbf, 0xa0, 0x0, 0x5f, 0xf8,
    0xb, 0xfa, 0x0, 0x0, 0xaf, 0xc0, 0xbf, 0xa0,
    0x0, 0xa, 0xfc, 0xb, 0xfa, 0x0, 0x5, 0xff,
    0x80, 0xbf, 0xff, 0xff, 0xff, 0xe1, 0xb, 0xff,
    0xff, 0xff, 0xf1, 0x0, 0xbf, 0xa0, 0xa, 0xfe,
    0x0, 0xb, 0xfa, 0x0, 0x2f, 0xf7, 0x0, 0xbf,
    0xa0, 0x0, 0x9f, 0xe0, 0xb, 0xfa, 0x0, 0x1,
    0xff, 0x80, 0xbf, 0xa0, 0x0, 0x9, 0xff, 0x10,

    /* U+0053 "S" */
    0x0, 0x8, 0xdf, 0xfc, 0x70, 0x0, 0x1d, 0xff,
    0xff, 0xff, 0xc0, 0x8, 0xff, 0x51, 0x16, 0xff,
    0x60, 0xcf, 0x90, 0x0, 0x7, 0xb7, 0xa, 0xfd,
    0x20, 0x0, 0x0, 0x0, 0x2f, 0xff, 0xb6, 0x20,
    0x0, 0x0, 0x2a, 0xff, 0xff, 0xd4, 0x0, 0x0,
    0x0, 0x48, 0xef, 0xf3, 0x0, 0x0, 0x0, 0x0,
    0xbf, 0xc1, 0xff, 0x40, 0x0, 0x8, 0xfd, 0xd,
    0xfe, 0x41, 0x16, 0xff, 0x90, 0x3f, 0xff, 0xff,
    0xff, 0xe1, 0x0, 0x29, 0xdf, 0xfd, 0x81, 0x0,

    /* U+0054 "T" */
    0x4f, 0xff, 0xff, 0xff, 0xff, 0xf2, 0x4f, 0xff,
    0xff, 0xff, 0xff, 0xf2, 0x0, 0x0, 0x3f, 0xf2,
    0x0, 0x0, 0x0, 0x0, 0x3f, 0xf2, 0x0, 0x0,
    0x0, 0x0, 0x3f, 0xf2, 0x0, 0x0, 0x0, 0x0,
    0x3f, 0xf2, 0x0, 0x0, 0x0, 0x0, 0x3f, 0xf2,
    0x0, 0x0, 0x0, 0x0, 0x3f, 0xf2, 0x0, 0x0,
    0x0, 0x0, 0x3f, 0xf2, 0x0, 0x0, 0x0, 0x0,
    0x3f, 0xf2, 0x0, 0x0, 0x0, 0x0, 0x3f, 0xf2,
    0x0, 0x0, 0x0, 0x0, 0x3f, 0xf2, 0x0, 0x0,
    0x0, 0x0, 0x3f, 0xf2, 0x0, 0x0,

    /* U+0055 "U" */
    0xbf, 0xa0, 0x0, 0x0, 0x6f, 0xfb, 0xfa, 0x0,
    0x0, 0x6, 0xff, 0xbf, 0xa0, 0x0, 0x0, 0x6f,
    0xfb, 0xfa, 0x0, 0x0, 0x6, 0xff, 0xbf, 0xa0,
    0x0, 0x0, 0x6f, 0xfb, 0xfa, 0x0, 0x0, 0x6,
    0xff, 0xbf, 0xa0, 0x0, 0x0, 0x6f, 0xfb, 0xfa,
    0x0, 0x0, 0x6, 0xff, 0xaf, 0xb0, 0x0, 0x0,
    0x7f, 0xe8, 0xff, 0x10, 0x0, 0xc, 0xfc, 0x2f,
    0xfd, 0x42, 0x3b, 0xff, 0x60, 0x6f, 0xff, 0xff,
    0xff, 0xa0, 0x0, 0x3a, 0xef, 0xeb, 0x50, 0x0,

    /* U+0056 "V" */
    0x6f, 0xf2, 0x0, 0x0, 0x1, 0xff, 0x70, 0xff,
    0x80, 0x0, 0x0, 0x6f, 0xf2, 0xa, 0xfd, 0x0,
    0x0, 0xb, 0xfc, 0x0, 0x4f, 0xf3, 0x0, 0x1,
    0xff, 0x60, 0x0, 0xef, 0x80, 0x0, 0x6f, 0xf1,
    0x0, 0x9, 0xfe, 0x0, 0xb, 0xfb, 0x0, 0x0,
    0x3f, 0xf3, 0x1, 0xff, 0x50, 0x0, 0x0, 0xdf,
    0x80, 0x6f, 0xf0, 0x0, 0x0, 0x8, 0xfd, 0xa,
    0xfa, 0x0, 0x0, 0x0, 0x2f, 0xf2, 0xff, 0x50,
    0x0, 0x0, 0x0, 0xcf, 0xaf, 0xe0, 0x0, 0x0,
    0x0, 0x6, 0xff, 0xf9, 0x0, 0x0, 0x0, 0x0,
    0x1f, 0xff, 0x40, 0x0, 0x0,

    /* U+0057 "W" */
    0x6f, 0xf1, 0x0, 0x3, 0xff, 0x80, 0x0, 0xb,
    0xfc, 0x2f, 0xf5, 0x0, 0x7, 0xff, 0xc0, 0x0,
    0xf, 0xf8, 0xe, 0xf9, 0x0, 0xb, 0xff, 0xf1,
    0x0, 0x3f, 0xf3, 0x9, 0xfd, 0x0, 0xf, 0xfc,
    0xf5, 0x0, 0x7f, 0xf0, 0x5, 0xff, 0x10, 0x3f,
    0xd8, 0xf9, 0x0, 0xbf, 0xb0, 0x1, 0xff, 0x50,
    0x7f, 0xa4, 0xfd, 0x0, 0xff, 0x60, 0x0, 0xcf,
    0x90, 0xbf, 0x60, 0xff, 0x13, 0xff, 0x20, 0x0,
    0x8f, 0xc0, 0xff, 0x10, 0xcf, 0x56, 0xfe, 0x0,
    0x0, 0x4f, 0xf3, 0xfd, 0x0, 0x8f, 0x8a, 0xf9,
    0x0, 0x0, 0xf, 0xf9, 0xf9, 0x0, 0x3f, 0xbd,
    0xf5, 0x0, 0x0, 0xb, 0xfe, 0xf5, 0x0, 0xf,
    0xff, 0xf1, 0x0, 0x0, 0x7, 0xff, 0xf1, 0x0,
    0xb, 0xff, 0xc0, 0x0, 0x0, 0x2, 0xff, 0xc0,
    0x0, 0x7, 0xff, 0x80, 0x0,

    /* U+0058 "X" */
    0xc, 0xfd, 0x0, 0x0, 0xd, 0xfc, 0x0, 0x2f,
    0xf9, 0x0, 0x8, 0xff, 0x20, 0x0, 0x7f, 0xf3,
    0x3, 0xff, 0x60, 0x0, 0x0, 0xcf, 0xd0, 0xcf,
    0xb0, 0x0, 0x0, 0x2, 0xff, 0xbf, 0xf1, 0x0,
    0x0, 0x0, 0x6, 0xff, 0xf6, 0x0, 0x0, 0x0,
    0x0, 0xf, 0xff, 0x10, 0x0, 0x0, 0x0, 0xa,
    0xff, 0xfa, 0x0, 0x0, 0x0, 0x5, 0xff, 0x6f,
    0xf6, 0x0, 0x0, 0x1, 0xef, 0x90, 0x9f, 0xf1,
    0x0, 0x0, 0xcf, 0xd0, 0x1, 0xef, 0xc0, 0x0,
    0x7f, 0xf3, 0x0, 0x4, 0xff, 0x70, 0x3f, 0xf8,
    0x0, 0x0, 0x9, 0xff, 0x20,

    /* U+0059 "Y" */
    0x4f, 0xf7, 0x0, 0x0, 0x9, 0xff, 0x20, 0xaf,
    0xf1, 0x0, 0x2, 0xff, 0x80, 0x1, 0xff, 0x90,
    0x0, 0xbf, 0xd0, 0x0, 0x7, 0xff, 0x20, 0x4f,
    0xf4, 0x0, 0x0, 0xd, 0xfb, 0xc, 0xfb, 0x0,
    0x0, 0x0, 0x3f, 0xf8, 0xff, 0x20, 0x0, 0x0,
    0x0, 0x9f, 0xff, 0x80, 0x0, 0x0, 0x0, 0x1,
    0xef, 0xd0, 0x0, 0x0, 0x0, 0x0, 0xb, 0xfa,
    0x0, 0x0, 0x0, 0x0, 0x0, 0xbf, 0xa0, 0x0,
    0x0, 0x0, 0x0, 0xb, 0xfa, 0x0, 0x0, 0x0,
    0x0, 0x0, 0xbf, 0xa0, 0x0, 0x0, 0x0, 0x0,
    0xb, 0xfa, 0x0, 0x0, 0x0,

    /* U+005A "Z" */
    0xff, 0xff, 0xff, 0xff, 0xfb, 0xff, 0xff, 0xff,
    0xff, 0xf9, 0x0, 0x0, 0x0, 0x8f, 0xe1, 0x0,
    0x0, 0x4, 0xff, 0x40, 0x0, 0x0, 0x1e, 0xf9,
    0x0, 0x0, 0x0, 0xbf, 0xd0, 0x0, 0x0, 0x6,
    0xff, 0x30, 0x0, 0x0, 0x2f, 0xf7, 0x0, 0x0,
    0x0, 0xcf, 0xc0, 0x0, 0x0, 0x8, 0xfe, 0x10,
    0x0, 0x0, 0x3f, 0xf4, 0x0, 0x0, 0x0, 0xdf,
    0xff, 0xff, 0xff, 0xfb, 0xff, 0xff, 0xff, 0xff,
    0xfb,

    /* U+005B "[" */
    0x3c, 0xcc, 0x94, 0xff, 0xfc, 0x4f, 0xe0, 0x4,
    0xfe, 0x0, 0x4f, 0xe0, 0x4, 0xfe, 0x0, 0x4f,
    0xe0, 0x4, 0xfe, 0x0, 0x4f, 0xe0, 0x4, 0xfe,
    0x0, 0x4f, 0xe0, 0x4, 0xfe, 0x0, 0x4f, 0xe0,
    0x4, 0xfe, 0x0, 0x4f, 0xe0, 0x4, 0xff, 0xc9,
    0x4f, 0xff, 0xc0,

    /* U+005C "\\" */
    0x9f, 0x60, 0x0, 0x4, 0xfb, 0x0, 0x0, 0xf,
    0xf0, 0x0, 0x0, 0xcf, 0x30, 0x0, 0x8, 0xf7,
    0x0, 0x0, 0x4f, 0xb0, 0x0, 0x0, 0xff, 0x0,
    0x0, 0xb, 0xf4, 0x0, 0x0, 0x7f, 0x80, 0x0,
    0x3, 0xfc, 0x0, 0x0, 0xe, 0xf1, 0x0, 0x0,
    0xaf, 0x50, 0x0, 0x6, 0xf9, 0x0, 0x0, 0x2f,
    0xd0, 0x0, 0x0, 0xef, 0x10, 0x0, 0x9, 0xf6,

    /* U+005D "]" */
    0xc, 0xcc, 0xc0, 0xff, 0xff, 0x0, 0x3f, 0xf0,
    0x3, 0xff, 0x0, 0x3f, 0xf0, 0x3, 0xff, 0x0,
    0x3f, 0xf0, 0x3, 0xff, 0x0, 0x3f, 0xf0, 0x3,
    0xff, 0x0, 0x3f, 0xf0, 0x3, 0xff, 0x0, 0x3f,
    0xf0, 0x3, 0xff, 0x0, 0x3f, 0xf0, 0xcd, 0xff,
    0xf, 0xff, 0xf0,

    /* U+005E "^" */
    0x0, 0xb, 0xd7, 0x0, 0x0, 0x4, 0xff, 0xe0,
    0x0, 0x0, 0xce, 0x6f, 0x70, 0x0, 0x4f, 0x80,
    0xde, 0x0, 0xb, 0xf1, 0x7, 0xf6, 0x2, 0xd9,
    0x0, 0xd, 0xb0,

    /* U+005F "_" */
    0xdd, 0xdd, 0xdd, 0xdd, 0x6f, 0xff, 0xff, 0xff,
    0xf7,

    /* U+0060 "`" */
    0x4b, 0x80, 0xd, 0xf2, 0x3, 0xf9,

    /* U+0061 "a" */
    0x0, 0x5c, 0xff, 0xc6, 0x0, 0x7, 0xff, 0xed,
    0xff, 0x80, 0x9, 0xd7, 0x0, 0x7f, 0xf0, 0x0,
    0x0, 0x0, 0x5f, 0xf1, 0x0, 0x6a, 0xdf, 0xff,
    0xf2, 0xb, 0xff, 0xb8, 0x7f, 0xf2, 0x3f, 0xf2,
    0x0, 0x2f, 0xf2, 0x4f, 0xf1, 0x0, 0xaf, 0xf2,
    0xe, 0xfe, 0xbe, 0xdf, 0xf2, 0x2, 0xbf, 0xea,
    0x2f, 0xf2,

    /* U+0062 "b" */
    0xcf, 0x80, 0x0, 0x0, 0x0, 0xcf, 0x80, 0x0,
    0x0, 0x0, 0xcf, 0x80, 0x0, 0x0, 0x0, 0xcf,
    0x85, 0xdf, 0xc5, 0x0, 0xcf, 0xbf, 0xef, 0xff,
    0x60, 0xcf, 0xf5, 0x1, 0xbf, 0xf0, 0xcf, 0xb0,
    0x0, 0x2f, 0xf4, 0xcf, 0x70, 0x0, 0xe, 0xf6,
    0xcf, 0x70, 0x0, 0xe, 0xf6, 0xcf, 0xb0, 0x0,
    0x2f, 0xf4, 0xcf, 0xf5, 0x1, 0xbf, 0xf0, 0xcf,
    0xbf, 0xef, 0xff, 0x60, 0xcf, 0x75, 0xdf, 0xd5,
    0x0,

    /* U+0063 "c" */
    0x0, 0x19, 0xef, 0xd8, 0x10, 0x1, 0xef, 0xfe,
    0xff, 0xd1, 0xa, 0xfd, 0x20, 0x2e, 0xf7, 0xf,
    0xf5, 0x0, 0x3, 0x51, 0x2f, 0xf2, 0x0, 0x0,
    0x0, 0x2f, 0xf2, 0x0, 0x0, 0x0, 0xf, 0xf5,
    0x0, 0x4, 0x62, 0xa, 0xfd, 0x10, 0x2e, 0xf7,
    0x1, 0xef, 0xfe, 0xff, 0xd1, 0x0, 0x19, 0xef,
    0xd8, 0x10,

    /* U+0064 "d" */
    0x0, 0x0, 0x0, 0x4, 0xff, 0x0, 0x0, 0x0,
    0x0, 0x4f, 0xf0, 0x0, 0x0, 0x0, 0x4, 0xff,
    0x0, 0x3, 0xbf, 0xe8, 0x4f, 0xf0, 0x3, 0xff,
    0xfe, 0xfb, 0xff, 0x0, 0xcf, 0xd2, 0x3, 0xef,
    0xf0, 0x1f, 0xf6, 0x0, 0x7, 0xff, 0x2, 0xff,
    0x30, 0x0, 0x4f, 0xf0, 0x2f, 0xf3, 0x0, 0x4,
    0xff, 0x1, 0xff, 0x60, 0x0, 0x7f, 0xf0, 0xb,
    0xfd, 0x20, 0x3e, 0xff, 0x0, 0x3f, 0xff, 0xef,
    0xbf, 0xf0, 0x0, 0x3b, 0xfe, 0x83, 0xff, 0x0,

    /* U+0065 "e" */
    0x0, 0x19, 0xef, 0xd8, 0x0, 0x1, 0xef, 0xfd,
    0xff, 0xc0, 0xa, 0xfc, 0x0, 0x1e, 0xf6, 0xf,
    0xf3, 0x0, 0x7, 0xfb, 0x2f, 0xff, 0xff, 0xff,
    0xfd, 0x2f, 0xfa, 0x99, 0x99, 0x98, 0xf, 0xf3,
    0x0, 0x0, 0x0, 0xa, 0xfc, 0x10, 0xb, 0xd7,
    0x1, 0xef, 0xfd, 0xff, 0xf2, 0x0, 0x19, 0xef,
    0xea, 0x20,

    /* U+0066 "f" */
    0x0, 0x2, 0x77, 0x30, 0x5, 0xff, 0xf9, 0x0,
    0xdf, 0xc7, 0x30, 0xf, 0xf4, 0x0, 0xdf, 0xff,
    0xff, 0x6a, 0xdf, 0xff, 0xc4, 0x0, 0xff, 0x40,
    0x0, 0xf, 0xf4, 0x0, 0x0, 0xff, 0x40, 0x0,
    0xf, 0xf4, 0x0, 0x0, 0xff, 0x40, 0x0, 0xf,
    0xf4, 0x0, 0x0, 0xff, 0x40, 0x0, 0xf, 0xf4,
    0x0,

    /* U+0067 "g" */
    0x0, 0x3b, 0xfe, 0x83, 0xff, 0x0, 0x2f, 0xff,
    0xef, 0xbf, 0xf0, 0xb, 0xfe, 0x20, 0x3e, 0xff,
    0x0, 0xff, 0x60, 0x0, 0x7f, 0xf0, 0x2f, 0xf3,
    0x0, 0x4, 0xff, 0x2, 0xff, 0x20, 0x0, 0x3f,
    0xf0, 0x1f, 0xf5, 0x0, 0x6, 0xff, 0x0, 0xcf,
    0xd1, 0x1, 0xdf, 0xf0, 0x3, 0xff, 0xfd, 0xfc,
    0xff, 0x0, 0x3, 0xcf, 0xe8, 0x3f, 0xf0, 0x0,
    0x0, 0x0, 0x4, 0xff, 0x0, 0x5b, 0x70, 0x0,
    0xaf, 0xc0, 0x5, 0xff, 0xec, 0xef, 0xf3, 0x0,
    0x4, 0xbe, 0xfe, 0xa2, 0x0,

    /* U+0068 "h" */
    0xcf, 0x70, 0x0, 0x0, 0xc, 0xf7, 0x0, 0x0,
    0x0, 0xcf, 0x70, 0x0, 0x0, 0xc, 0xf7, 0x4d,
    0xfd, 0x50, 0xcf, 0xaf, 0xff, 0xff, 0x3c, 0xff,
    0x40, 0x3e, 0xfa, 0xcf, 0x90, 0x0, 0x9f, 0xcc,
    0xf8, 0x0, 0x7, 0xfd, 0xcf, 0x80, 0x0, 0x7f,
    0xdc, 0xf8, 0x0, 0x7, 0xfd, 0xcf, 0x80, 0x0,
    0x7f, 0xdc, 0xf8, 0x0, 0x7, 0xfd, 0xcf, 0x80,
    0x0, 0x7f, 0xd0,

    /* U+0069 "i" */
    0x27, 0x1e, 0xf9, 0x9f, 0x50, 0x0, 0xcf, 0x8c,
    0xf8, 0xcf, 0x8c, 0xf8, 0xcf, 0x8c, 0xf8, 0xcf,
    0x8c, 0xf8, 0xcf, 0x8c, 0xf8,

    /* U+006A "j" */
    0x0, 0x37, 0x10, 0xe, 0xf9, 0x0, 0x9f, 0x50,
    0x0, 0x0, 0x0, 0xcf, 0x80, 0xc, 0xf8, 0x0,
    0xcf, 0x80, 0xc, 0xf8, 0x0, 0xcf, 0x80, 0xc,
    0xf8, 0x0, 0xcf, 0x80, 0xc, 0xf8, 0x0, 0xcf,
    0x80, 0xc, 0xf8, 0x0, 0xcf, 0x70, 0xe, 0xf6,
    0x5f, 0xff, 0x26, 0xfc, 0x40,

    /* U+006B "k" */
    0xcf, 0x80, 0x0, 0x0, 0x0, 0xcf, 0x80, 0x0,
    0x0, 0x0, 0xcf, 0x80, 0x0, 0x0, 0x0, 0xcf,
    0x80, 0x3, 0xff, 0x70, 0xcf, 0x80, 0x2e, 0xf9,
    0x0, 0xcf, 0x81, 0xdf, 0xb0, 0x0, 0xcf, 0x8c,
    0xfc, 0x0, 0x0, 0xcf, 0xff, 0xf4, 0x0, 0x0,
    0xcf, 0xff, 0xfd, 0x0, 0x0, 0xcf, 0xd2, 0xff,
    0x90, 0x0, 0xcf, 0x80, 0x6f, 0xf4, 0x0, 0xcf,
    0x80, 0xb, 0xfe, 0x10, 0xcf, 0x80, 0x1, 0xef,
    0xb0,

    /* U+006C "l" */
    0xcf, 0x8c, 0xf8, 0xcf, 0x8c, 0xf8, 0xcf, 0x8c,
    0xf8, 0xcf, 0x8c, 0xf8, 0xcf, 0x8c, 0xf8, 0xcf,
    0x8c, 0xf8, 0xcf, 0x80,

    /* U+006D "m" */
    0xcf, 0x68, 0xef, 0xa0, 0x2b, 0xfe, 0x80, 0xcf,
    0xcf, 0xdf, 0xf8, 0xee, 0xef, 0xf8, 0xcf, 0xe1,
    0x5, 0xff, 0xa0, 0xa, 0xfe, 0xcf, 0x90, 0x0,
    0xff, 0x40, 0x5, 0xff, 0xcf, 0x80, 0x0, 0xff,
    0x30, 0x4, 0xff, 0xcf, 0x80, 0x0, 0xff, 0x30,
    0x4, 0xff, 0xcf, 0x80, 0x0, 0xff, 0x30, 0x4,
    0xff, 0xcf, 0x80, 0x0, 0xff, 0x30, 0x4, 0xff,
    0xcf, 0x80, 0x0, 0xff, 0x30, 0x4, 0xff, 0xcf,
    0x80, 0x0, 0xff, 0x30, 0x4, 0xff,

    /* U+006E "n" */
    0xcf, 0x65, 0xdf, 0xd5, 0xc, 0xfb, 0xfd, 0xff,
    0xf3, 0xcf, 0xf3, 0x1, 0xef, 0xac, 0xf9, 0x0,
    0x8, 0xfc, 0xcf, 0x80, 0x0, 0x7f, 0xcc, 0xf8,
    0x0, 0x7, 0xfc, 0xcf, 0x80, 0x0, 0x7f, 0xcc,
    0xf8, 0x0, 0x7, 0xfc, 0xcf, 0x80, 0x0, 0x7f,
    0xcc, 0xf8, 0x0, 0x7, 0xfc,

    /* U+006F "o" */
    0x0, 0x19, 0xef, 0xe9, 0x10, 0x0, 0x1e, 0xff,
    0xef, 0xfd, 0x10, 0xa, 0xfd, 0x10, 0x2e, 0xf9,
    0x0, 0xff, 0x50, 0x0, 0x6f, 0xf0, 0x2f, 0xf3,
    0x0, 0x2, 0xff, 0x12, 0xff, 0x20, 0x0, 0x2f,
    0xf1, 0xf, 0xf5, 0x0, 0x6, 0xff, 0x0, 0xaf,
    0xd1, 0x2, 0xef, 0x90, 0x1, 0xef, 0xfe, 0xff,
    0xd1, 0x0, 0x1, 0x9e, 0xfe, 0x91, 0x0,

    /* U+0070 "p" */
    0xcf, 0x75, 0xdf, 0xc5, 0x0, 0xcf, 0xcf, 0xde,
    0xff, 0x60, 0xcf, 0xf3, 0x0, 0xaf, 0xf0, 0xcf,
    0xa0, 0x0, 0x1f, 0xf4, 0xcf, 0x70, 0x0, 0xe,
    0xf6, 0xcf, 0x70, 0x0, 0xf, 0xf6, 0xcf, 0xb0,
    0x0, 0x2f, 0xf4, 0xcf, 0xf5, 0x1, 0xbf, 0xf0,
    0xcf, 0xcf, 0xef, 0xff, 0x60, 0xcf, 0x85, 0xdf,
    0xd5, 0x0, 0xcf, 0x80, 0x0, 0x0, 0x0, 0xcf,
    0x80, 0x0, 0x0, 0x0, 0xcf, 0x80, 0x0, 0x0,
    0x0, 0xcf, 0x80, 0x0, 0x0, 0x0,

    /* U+0071 "q" */
    0x0, 0x3b, 0xfe, 0x83, 0xff, 0x0, 0x3f, 0xff,
    0xef, 0xbf, 0xf0, 0xc, 0xfd, 0x20, 0x3e, 0xff,
    0x1, 0xff, 0x60, 0x0, 0x7f, 0xf0, 0x2f, 0xf3,
    0x0, 0x4, 0xff, 0x2, 0xff, 0x30, 0x0, 0x4f,
    0xf0, 0x1f, 0xf6, 0x0, 0x7, 0xff, 0x0, 0xbf,
    0xd2, 0x3, 0xef, 0xf0, 0x3, 0xff, 0xfe, 0xfb,
    0xff, 0x0, 0x3, 0xbf, 0xe8, 0x4f, 0xf0, 0x0,
    0x0, 0x0, 0x4, 0xff, 0x0, 0x0, 0x0, 0x0,
    0x4f, 0xf0, 0x0, 0x0, 0x0, 0x4, 0xff, 0x0,
    0x0, 0x0, 0x0, 0x4f, 0xf0,

    /* U+0072 "r" */
    0x0, 0x0, 0x0, 0xcf, 0x68, 0xec, 0xcf, 0xdf,
    0xfc, 0xcf, 0xf5, 0x0, 0xcf, 0x90, 0x0, 0xcf,
    0x80, 0x0, 0xcf, 0x80, 0x0, 0xcf, 0x80, 0x0,
    0xcf, 0x80, 0x0, 0xcf, 0x80, 0x0, 0xcf, 0x80,
    0x0,

    /* U+0073 "s" */
    0x0, 0x6c, 0xff, 0xc5, 0x0, 0x7, 0xff, 0xcc,
    0xff, 0x60, 0xe, 0xf7, 0x0, 0x6c, 0x80, 0xd,
    0xfa, 0x10, 0x0, 0x0, 0x5, 0xff, 0xfe, 0xa5,
    0x0, 0x0, 0x28, 0xcf, 0xff, 0x90, 0x0, 0x10,
    0x0, 0x8f, 0xf1, 0x1e, 0xf4, 0x0, 0x6f, 0xf1,
    0xa, 0xff, 0xcd, 0xff, 0x90, 0x0, 0x7d, 0xff,
    0xc6, 0x0,

    /* U+0074 "t" */
    0x3, 0x86, 0x0, 0x0, 0x6f, 0xd0, 0x0, 0x6,
    0xfd, 0x0, 0xd, 0xff, 0xff, 0xc0, 0xaf, 0xff,
    0xc9, 0x0, 0x6f, 0xd0, 0x0, 0x6, 0xfd, 0x0,
    0x0, 0x6f, 0xd0, 0x0, 0x6, 0xfd, 0x0, 0x0,
    0x6f, 0xd0, 0x0, 0x6, 0xfe, 0x0, 0x0, 0x2f,
    0xfe, 0xb0, 0x0, 0x5d, 0xfd, 0x0,

    /* U+0075 "u" */
    0xcf, 0x80, 0x0, 0x7f, 0xdc, 0xf8, 0x0, 0x7,
    0xfd, 0xcf, 0x80, 0x0, 0x7f, 0xdc, 0xf8, 0x0,
    0x7, 0xfd, 0xcf, 0x80, 0x0, 0x7f, 0xdc, 0xf8,
    0x0, 0x7, 0xfd, 0xcf, 0x90, 0x0, 0x9f, 0xda,
    0xff, 0x30, 0x4f, 0xfd, 0x3f, 0xff, 0xff, 0xaf,
    0xd0, 0x5d, 0xfd, 0x55, 0xfd,

    /* U+0076 "v" */
    0x7f, 0xe0, 0x0, 0x5, 0xff, 0x11, 0xff, 0x40,
    0x0, 0xaf, 0xa0, 0xb, 0xf9, 0x0, 0xf, 0xf5,
    0x0, 0x6f, 0xe0, 0x5, 0xfe, 0x0, 0x0, 0xff,
    0x40, 0xaf, 0x90, 0x0, 0xa, 0xf9, 0xf, 0xf3,
    0x0, 0x0, 0x4f, 0xe4, 0xfd, 0x0, 0x0, 0x0,
    0xef, 0xbf, 0x70, 0x0, 0x0, 0x8, 0xff, 0xf1,
    0x0, 0x0, 0x0, 0x2f, 0xfb, 0x0, 0x0,

    /* U+0077 "w" */
    0x7f, 0xe0, 0x0, 0xaf, 0xc0, 0x0, 0xdf, 0x92,
    0xff, 0x20, 0xe, 0xff, 0x0, 0x1f, 0xf4, 0xe,
    0xf6, 0x2, 0xff, 0xf4, 0x5, 0xff, 0x0, 0x9f,
    0xa0, 0x6f, 0xaf, 0x80, 0x9f, 0xb0, 0x4, 0xfe,
    0xa, 0xf3, 0xfc, 0xc, 0xf6, 0x0, 0xf, 0xf1,
    0xee, 0xc, 0xf1, 0xff, 0x10, 0x0, 0xbf, 0x7f,
    0x90, 0x8f, 0x7f, 0xc0, 0x0, 0x6, 0xfd, 0xf5,
    0x3, 0xfd, 0xf8, 0x0, 0x0, 0x2f, 0xff, 0x10,
    0xe, 0xff, 0x30, 0x0, 0x0, 0xdf, 0xc0, 0x0,
    0xaf, 0xe0, 0x0,

    /* U+0078 "x" */
    0x1f, 0xf6, 0x0, 0x2f, 0xf5, 0x6, 0xff, 0x10,
    0xbf, 0xb0, 0x0, 0xcf, 0x94, 0xff, 0x10, 0x0,
    0x2f, 0xfe, 0xf7, 0x0, 0x0, 0xa, 0xff, 0xf0,
    0x0, 0x0, 0xb, 0xff, 0xf0, 0x0, 0x0, 0x5f,
    0xdb, 0xf8, 0x0, 0x1, 0xef, 0x52, 0xff, 0x30,
    0x9, 0xfc, 0x0, 0x9f, 0xd0, 0x3f, 0xf3, 0x0,
    0x1e, 0xf7,

    /* U+0079 "y" */
    0x7f, 0xe0, 0x0, 0x5, 0xff, 0x11, 0xff, 0x40,
    0x0, 0xaf, 0xb0, 0xb, 0xf9, 0x0, 0xf, 0xf5,
    0x0, 0x6f, 0xe0, 0x5, 0xfe, 0x0, 0x0, 0xff,
    0x30, 0xaf, 0x90, 0x0, 0xa, 0xf9, 0xf, 0xf3,
    0x0, 0x0, 0x4f, 0xd4, 0xfd, 0x0, 0x0, 0x0,
    0xef, 0xaf, 0x70, 0x0, 0x0, 0x9, 0xff, 0xf1,
    0x0, 0x0, 0x0, 0x3f, 0xfb, 0x0, 0x0, 0x0,
    0x0, 0xff, 0x60, 0x0, 0x0, 0x0, 0x6f, 0xe0,
    0x0, 0x0, 0x8, 0xff, 0xf7, 0x0, 0x0, 0x0,
    0xbf, 0xe7, 0x0, 0x0, 0x0,

    /* U+007A "z" */
    0xcf, 0xff, 0xff, 0xff, 0xb, 0xff, 0xff, 0xff,
    0xe0, 0x0, 0x0, 0x4f, 0xf4, 0x0, 0x0, 0x1e,
    0xf8, 0x0, 0x0, 0xc, 0xfc, 0x0, 0x0, 0x9,
    0xfe, 0x10, 0x0, 0x5, 0xff, 0x40, 0x0, 0x2,
    0xff, 0x80, 0x0, 0x0, 0xdf, 0xff, 0xff, 0xff,
    0x1e, 0xff, 0xff, 0xff, 0xf1,

    /* U+007B "{" */
    0x0, 0x0, 0x46, 0x10, 0x1, 0xdf, 0xf3, 0x0,
    0x9f, 0xe6, 0x10, 0xc, 0xf6, 0x0, 0x0, 0xcf,
    0x40, 0x0, 0xd, 0xf4, 0x0, 0x0, 0xef, 0x30,
    0x3, 0x9f, 0xd0, 0x0, 0xff, 0xf1, 0x0, 0xf,
    0xff, 0xc0, 0x0, 0x5, 0xff, 0x30, 0x0, 0xd,
    0xf4, 0x0, 0x0, 0xdf, 0x40, 0x0, 0xc, 0xf5,
    0x0, 0x0, 0xbf, 0x90, 0x0, 0x6, 0xff, 0xe2,
    0x0, 0x6, 0xce, 0x30,

    /* U+007C "|" */
    0x68, 0x2d, 0xf4, 0xdf, 0x4d, 0xf4, 0xdf, 0x4d,
    0xf4, 0xdf, 0x4d, 0xf4, 0xdf, 0x4d, 0xf4, 0xdf,
    0x4d, 0xf4, 0xdf, 0x4d, 0xf4, 0xdf, 0x4d, 0xf4,
    0xdf, 0x4d, 0xf4, 0xdf, 0x4d, 0xf4, 0xdf, 0x4d,
    0xf4,

    /* U+007D "}" */
    0x7, 0x50, 0x0, 0x0, 0xff, 0xe3, 0x0, 0x5,
    0xcf, 0xb0, 0x0, 0x3, 0xff, 0x0, 0x0, 0x1f,
    0xf0, 0x0, 0x1, 0xff, 0x0, 0x0, 0x1f, 0xf1,
    0x0, 0x0, 0xbf, 0xb4, 0x0, 0x0, 0xbf, 0xf0,
    0x0, 0xaf, 0xff, 0x0, 0xf, 0xf8, 0x0, 0x1,
    0xff, 0x0, 0x0, 0x1f, 0xf0, 0x0, 0x2, 0xff,
    0x0, 0x0, 0x7f, 0xe0, 0x0, 0xdf, 0xf9, 0x0,
    0xf, 0xd7, 0x0, 0x0,

    /* U+007E "~" */
    0x5, 0xde, 0x80, 0x1, 0xa6, 0x2f, 0xff, 0xfb,
    0x17, 0xf9, 0x7f, 0x91, 0xaf, 0xff, 0xf4, 0x5a,
    0x30, 0x7, 0xee, 0x70,

    /* U+00A0 " " */

    /* U+00A1 "¡" */
    0x3e, 0xd1, 0x7f, 0xf4, 0x1b, 0x90, 0x0, 0x0,
    0x3f, 0xf0, 0x3f, 0xf0, 0x3f, 0xf0, 0x4f, 0xf0,
    0x4f, 0xf0, 0x4f, 0xf1, 0x4f, 0xf1, 0x5f, 0xf1,
    0x5f, 0xf2,

    /* U+00A2 "¢" */
    0x0, 0x0, 0x1f, 0x0, 0x0, 0x0, 0x6, 0xdf,
    0xb6, 0x0, 0x0, 0xbf, 0xff, 0xff, 0xb0, 0x8,
    0xff, 0x6f, 0x4f, 0xf5, 0xe, 0xf7, 0x1f, 0x7,
    0x94, 0x1f, 0xf3, 0x1f, 0x0, 0x0, 0x3f, 0xf2,
    0x1f, 0x0, 0x0, 0x2f, 0xf3, 0x1f, 0x0, 0x0,
    0xe, 0xf7, 0x1f, 0x7, 0xb5, 0x8, 0xff, 0x5f,
    0x4f, 0xf6, 0x0, 0xcf, 0xff, 0xff, 0xb0, 0x0,
    0x6, 0xdf, 0xb6, 0x0, 0x0, 0x0, 0x1f, 0x0,
    0x0,

    /* U+00A3 "£" */
    0x0, 0x2, 0xae, 0xfd, 0x70, 0x0, 0x2, 0xef,
    0xff, 0xff, 0x90, 0x0, 0x9f, 0xd2, 0x5, 0xff,
    0x30, 0xd, 0xf6, 0x0, 0x6, 0x61, 0x0, 0xef,
    0x50, 0x0, 0x0, 0x1, 0x9f, 0xfe, 0x99, 0x90,
    0x0, 0x2f, 0xff, 0xff, 0xff, 0x10, 0x0, 0xc,
    0xf6, 0x0, 0x0, 0x0, 0x0, 0xbf, 0x70, 0x0,
    0x0, 0x0, 0xa, 0xf7, 0x0, 0x0, 0x10, 0x1,
    0xed, 0x20, 0x0, 0xbf, 0x72, 0xff, 0xff, 0xff,
    0xff, 0xf4, 0x2f, 0xff, 0xff, 0xff, 0xe8, 0x0,

    /* U+00A4 "¤" */
    0x0, 0x0, 0x0, 0x0, 0x0, 0x0, 0x6e, 0x27,
    0xdf, 0xea, 0x38, 0xd1, 0x5f, 0xff, 0xc9, 0xaf,
    0xff, 0xc0, 0xf, 0xf5, 0x0, 0x1, 0xdf, 0x40,
    0x3f, 0x70, 0x0, 0x0, 0x1f, 0xa0, 0x7f, 0x10,
    0x0, 0x0, 0xa, 0xf0, 0x9f, 0x0, 0x0, 0x0,
    0x8, 0xf0, 0x7f, 0x10, 0x0, 0x0, 0xa, 0xf0,
    0x3f, 0x80, 0x0, 0x0, 0x1f, 0xa0, 0xf, 0xf5,
    0x0, 0x1, 0xef, 0x50, 0x8f, 0xff, 0xc9, 0xbf,
    0xff, 0xe1, 0x3b, 0x17, 0xdf, 0xea, 0x35, 0xa0,
    0x0, 0x0, 0x0, 0x0, 0x0, 0x0,

    /* U+00A5 "¥" */
    0x7f, 0xe0, 0x0, 0xc, 0xfa, 0x1f, 0xf6, 0x0,
    0x3f, 0xf2, 0x8, 0xfd, 0x0, 0xaf, 0xa0, 0x1,
    0xff, 0x41, 0xff, 0x30, 0x0, 0x8f, 0xb8, 0xfb,
    0x0, 0x0, 0x1f, 0xff, 0xf3, 0x0, 0xe, 0xff,
    0xff, 0xff, 0xe0, 0x9, 0xae, 0xff, 0xfa, 0x90,
    0x1, 0x23, 0xff, 0x52, 0x10, 0xe, 0xff, 0xff,
    0xff, 0xe0, 0x4, 0x56, 0xff, 0x85, 0x40, 0x0,
    0x1, 0xff, 0x30, 0x0, 0x0, 0x1, 0xff, 0x30,
    0x0,

    /* U+00A6 "¦" */
    0x3f, 0xe3, 0xfe, 0x3f, 0xe3, 0xfe, 0x3f, 0xe3,
    0xfe, 0x1, 0x0, 0x0, 0x0, 0x0, 0x11, 0x3f,
    0xe3, 0xfe, 0x3f, 0xe3, 0xfe, 0x3f, 0xe3, 0xfe,

    /* U+00A7 "§" */
    0x0, 0x2b, 0xef, 0xc3, 0x0, 0x1, 0xef, 0xee,
    0xff, 0x20, 0x5, 0xfc, 0x0, 0x9f, 0x80, 0x5,
    0xfc, 0x0, 0x12, 0x0, 0x1, 0xef, 0xa2, 0x0,
    0x0, 0x0, 0x8f, 0xff, 0xb3, 0x0, 0xb, 0xf3,
    0x5d, 0xff, 0x60, 0xf, 0xc0, 0x0, 0x5f, 0xf1,
    0xd, 0xf6, 0x0, 0x9, 0xf4, 0x4, 0xff, 0xd6,
    0x2d, 0xd0, 0x0, 0x1a, 0xff, 0xfa, 0x10, 0x0,
    0x0, 0x19, 0xff, 0x30, 0x0, 0x21, 0x0, 0x9f,
    0x90, 0x9, 0xf9, 0x0, 0x9f, 0x90, 0x3, 0xff,
    0xee, 0xff, 0x30, 0x0, 0x3c, 0xff, 0xc4, 0x0,

    /* U+00A8 "¨" */
    0x5, 0x10, 0x15, 0x8, 0xfb, 0xb, 0xf8, 0x5f,
    0x70, 0x7f, 0x50,

    /* U+00A9 "©" */
    0x0, 0x0, 0x4a, 0xdd, 0xc7, 0x10, 0x0, 0x0,
    0xb, 0xff, 0xff, 0xff, 0xe4, 0x0, 0x0, 0xcf,
    0xd5, 0x10, 0x39, 0xff, 0x40, 0x8, 0xfc, 0x2,
    0x9a, 0x70, 0x6f, 0xe1, 0xf, 0xf1, 0x5f, 0xff,
    0xfd, 0x9, 0xf7, 0x5f, 0xa0, 0xfe, 0x30, 0x8f,
    0x82, 0xfc, 0x7f, 0x64, 0xf6, 0x0, 0x5, 0x30,
    0xfe, 0x7f, 0x65, 0xf5, 0x0, 0x0, 0x0, 0xff,
    0x5f, 0x92, 0xfc, 0x0, 0x5f, 0x82, 0xfc, 0x1f,
    0xf1, 0x9f, 0xec, 0xff, 0x29, 0xf8, 0x9, 0xfb,
    0x7, 0xef, 0xc3, 0x4f, 0xf1, 0x1, 0xdf, 0xc4,
    0x0, 0x18, 0xff, 0x50, 0x0, 0x1c, 0xff, 0xfe,
    0xff, 0xf6, 0x0, 0x0, 0x0, 0x6b, 0xef, 0xd9,
    0x20, 0x0,

    /* U+00AA "ª" */
    0x1, 0xae, 0xfb, 0x30, 0xd, 0xf9, 0x8f, 0xe1,
    0x3, 0x30, 0x9, 0xf4, 0x1, 0x7b, 0xdf, 0xf5,
    0x2f, 0xfa, 0x7a, 0xf5, 0x7f, 0x60, 0xa, 0xf5,
    0x5f, 0xd7, 0xaf, 0xf5, 0x8, 0xef, 0xa8, 0xf5,

    /* U+00AB "«" */
    0x0, 0x2, 0xef, 0x63, 0xff, 0x50, 0x1, 0xdf,
    0x91, 0xef, 0x80, 0x0, 0xcf, 0xb0, 0xcf, 0xa0,
    0x0, 0x9f, 0xd1, 0xaf, 0xc0, 0x0, 0xd, 0xfa,
    0x1e, 0xf9, 0x0, 0x0, 0x2e, 0xf7, 0x2f, 0xf6,
    0x0, 0x0, 0x3f, 0xf4, 0x4f, 0xf3, 0x0, 0x0,
    0x6f, 0xf2, 0x6f, 0xe2, 0x0, 0x0, 0x45, 0x30,
    0x45, 0x30,

    /* U+00AC "¬" */
    0x1e, 0xee, 0xee, 0xee, 0x91, 0xff, 0xff, 0xff,
    0xfa, 0x0, 0x0, 0x0, 0x5f, 0xa0, 0x0, 0x0,
    0x5, 0xfa, 0x0, 0x0, 0x0, 0x28, 0x50,

    /* U+00AE "®" */
    0x0, 0x0, 0x0, 0x0, 0x0, 0x0, 0x0, 0x6,
    0xdf, 0xfc, 0x50, 0x0, 0x0, 0xaf, 0x94, 0x59,
    0xf9, 0x0, 0x6, 0xf3, 0x0, 0x0, 0x4f, 0x50,
    0xd, 0x80, 0xcd, 0xd8, 0x9, 0xc0, 0x1f, 0x30,
    0xd4, 0x4f, 0x4, 0xf0, 0x1f, 0x30, 0xfe, 0xfa,
    0x4, 0xf0, 0xe, 0x70, 0xd4, 0x8c, 0x8, 0xd0,
    0x8, 0xe1, 0x52, 0x16, 0x3f, 0x70, 0x0, 0xce,
    0x61, 0x26, 0xec, 0x0, 0x0, 0x9, 0xff, 0xff,
    0x80, 0x0, 0x0, 0x0, 0x3, 0x30, 0x0, 0x0,

    /* U+00AF "¯" */
    0x38, 0x88, 0x85, 0x7f, 0xff, 0xf9,

    /* U+00B0 "°" */
    0x8, 0xef, 0xa1, 0x7, 0xfd, 0xbf, 0xb0, 0xdd,
    0x0, 0x9f, 0x1d, 0xd0, 0x9, 0xf1, 0x7f, 0xdb,
    0xfb, 0x0, 0x8e, 0xfa, 0x10,

    /* U+00B1 "±" */
    0x0, 0x0, 0xef, 0x0, 0x0, 0x0, 0x0, 0xef,
    0x0, 0x0, 0x4e, 0xee, 0xff, 0xee, 0xe5, 0x5f,
    0xff, 0xff, 0xff, 0xf6, 0x0, 0x0, 0xef, 0x0,
    0x0, 0x0, 0x0, 0xef, 0x0, 0x0, 0x0, 0x0,
    0xbc, 0x0, 0x0, 0x0, 0x0, 0x0, 0x0, 0x0,
    0x5f, 0xff, 0xff, 0xff, 0xf6, 0x4e, 0xee, 0xee,
    0xee, 0xe6,

    /* U+00B2 "²" */
    0x2, 0xbf, 0xeb, 0x20, 0xd, 0xf9, 0x9f, 0xd0,
    0x6, 0x40, 0xd, 0xf0, 0x0, 0x0, 0x5f, 0xc0,
    0x0, 0x7, 0xfe, 0x20, 0x0, 0xaf, 0xb1, 0x0,
    0xc, 0xff, 0x99, 0x92, 0xf, 0xff, 0xff, 0xf4,

    /* U+00B3 "³" */
    0x1, 0xae, 0xfc, 0x40, 0xc, 0xfa, 0x9f, 0xf1,
    0x2, 0x20, 0x1c, 0xf1, 0x0, 0xc, 0xfe, 0x40,
    0x0, 0x2, 0x4d, 0xf3, 0x8, 0x60, 0x8, 0xf7,
    0xd, 0xfc, 0xaf, 0xf3, 0x1, 0xae, 0xfc, 0x40,

    /* U+00B4 "´" */
    0x5, 0xb7, 0xd, 0xf2, 0x4f, 0x70,

    /* U+00B5 "µ" */
    0xcf, 0x70, 0x0, 0x7f, 0xd0, 0xcf, 0x70, 0x0,
    0x7f, 0xd0, 0xcf, 0x70, 0x0, 0x7f, 0xd0, 0xcf,
    0x70, 0x0, 0x7f, 0xd0, 0xcf, 0x70, 0x0, 0x7f,
    0xd0, 0xcf, 0x70, 0x0, 0x7f, 0xd0, 0xcf, 0x80,
    0x0, 0x8f, 0xd0, 0xcf, 0xf1, 0x1, 0xff, 0xd0,
    0xcf, 0xff, 0xcf, 0xff, 0xfc, 0xcf, 0x9b, 0xfc,
    0x28, 0xef, 0xcf, 0x70, 0x0, 0x0, 0x0, 0xcf,
    0x70, 0x0, 0x0, 0x0, 0xcf, 0x70, 0x0, 0x0,
    0x0, 0xcf, 0x70, 0x0, 0x0, 0x0,

    /* U+00B6 "¶" */
    0x0, 0x4b, 0xef, 0xff, 0xfd, 0x5, 0xff, 0xff,
    0xdf, 0xfc, 0xe, 0xff, 0xff, 0x7, 0xf7, 0x2f,
    0xff, 0xff, 0x7, 0xf7, 0x2f, 0xff, 0xff, 0x7,
    0xf7, 0xf, 0xff, 0xff, 0x7, 0xf7, 0x7, 0xff,
    0xff, 0x7, 0xf7, 0x0, 0x7e, 0xff, 0x7, 0xf7,
    0x0, 0x0, 0x12, 0x7, 0xf7, 0x0, 0x0, 0x0,
    0x7, 0xf7, 0x0, 0x0, 0x0, 0x7, 0xf7, 0x0,
    0x0, 0x0, 0x7, 0xf7, 0x0, 0x0, 0x0, 0x7,
    0xf7,

    /* U+00B7 "·" */
    0x1b, 0x90, 0x7f, 0xf3, 0x3e, 0xc0,

    /* U+00B8 "¸" */
    0xa, 0x60, 0x0, 0xbe, 0x80, 0x0, 0x6f, 0x2,
    0xff, 0x90,

    /* U+00B9 "¹" */
    0x2, 0xcf, 0xc0, 0xfe, 0xfc, 0x9, 0x2f, 0xc0,
    0x1, 0xfc, 0x0, 0x1f, 0xc0, 0x1, 0xfc, 0x0,
    0x1f, 0xc0, 0x1, 0xfc,

    /* U+00BA "º" */
    0x0, 0x8e, 0xfd, 0x50, 0x0, 0xaf, 0xd9, 0xef,
    0x60, 0x2f, 0xe0, 0x2, 0xfe, 0x5, 0xf9, 0x0,
    0xd, 0xf1, 0x5f, 0x90, 0x0, 0xdf, 0x12, 0xfe,
    0x0, 0x2f, 0xe0, 0xa, 0xfc, 0x9e, 0xf6, 0x0,
    0x8, 0xef, 0xd6, 0x0,

    /* U+00BB "»" */
    0x1d, 0xf8, 0x1e, 0xf7, 0x0, 0x0, 0x2e, 0xf6,
    0x3f, 0xf5, 0x0, 0x0, 0x4f, 0xf4, 0x5f, 0xf3,
    0x0, 0x0, 0x6f, 0xe2, 0x7f, 0xe1, 0x0, 0x3,
    0xff, 0x53, 0xff, 0x40, 0x1, 0xef, 0x81, 0xef,
    0x70, 0x0, 0xcf, 0xa0, 0xdf, 0xa0, 0x0, 0xaf,
    0xc0, 0xaf, 0xc0, 0x0, 0x15, 0x51, 0x15, 0x51,
    0x0, 0x0,

    /* U+00BC "¼" */
    0x7, 0xff, 0x10, 0x0, 0x0, 0x8f, 0x30, 0x4,
    0xfd, 0xf1, 0x0, 0x0, 0x3f, 0x70, 0x0, 0x32,
    0x9f, 0x10, 0x0, 0xd, 0xc0, 0x0, 0x0, 0x9,
    0xf1, 0x0, 0x9, 0xf2, 0x0, 0x0, 0x0, 0x9f,
    0x10, 0x4, 0xf7, 0x0, 0x0, 0x0, 0x9, 0xf1,
    0x0, 0xdc, 0x0, 0x0, 0x0, 0x0, 0x9f, 0x10,
    0x9f, 0x20, 0xd, 0xf7, 0x0, 0x2, 0x40, 0x4f,
    0x70, 0x7, 0xff, 0x70, 0x0, 0x0, 0xe, 0xc0,
    0x1, 0xe9, 0xf7, 0x0, 0x0, 0xa, 0xf2, 0x0,
    0x9e, 0x2f, 0x70, 0x0, 0x4, 0xf6, 0x0, 0x2f,
    0x82, 0xf9, 0x0, 0x1, 0xeb, 0x0, 0x7, 0xff,
    0xff, 0xf5, 0x0, 0xaf, 0x10, 0x0, 0x24, 0x46,
    0xfc, 0x10, 0x4, 0x30, 0x0, 0x0, 0x0, 0x5,
    0x20,

    /* U+00BD "½" */
    0x7, 0xff, 0x10, 0x0, 0x0, 0x8f, 0x30, 0x4,
    0xfd, 0xf1, 0x0, 0x0, 0x3f, 0x80, 0x0, 0x22,
    0x9f, 0x10, 0x0, 0xd, 0xd0, 0x0, 0x0, 0x9,
    0xf1, 0x0, 0x8, 0xf3, 0x0, 0x0, 0x0, 0x9f,
    0x10, 0x3, 0xf7, 0x0, 0x0, 0x0, 0x9, 0xf1,
    0x0, 0xdc, 0x0, 0x1, 0x0, 0x0, 0x9f, 0x10,
    0x9f, 0x20, 0x8f, 0xfd, 0x20, 0x2, 0x50, 0x4f,
    0x70, 0x3f, 0xa6, 0xfb, 0x0, 0x0, 0xe, 0xc0,
    0x0, 0x0, 0xe, 0xb0, 0x0, 0xa, 0xf2, 0x0,
    0x0, 0x8, 0xf3, 0x0, 0x4, 0xf6, 0x0, 0x0,
    0x8, 0xf6, 0x0, 0x1, 0xeb, 0x0, 0x0, 0x8,
    0xf9, 0x11, 0x0, 0xaf, 0x10, 0x0, 0x2, 0xff,
    0xff, 0xf0, 0x4, 0x20, 0x0, 0x0, 0x4, 0x44,
    0x44,

    /* U+00BE "¾" */
    0x0, 0x0, 0x0, 0x0, 0x0, 0x0, 0x11, 0x0,
    0x4, 0xdf, 0xe4, 0x0, 0x0, 0x3, 0xf7, 0x0,
    0xd, 0xb5, 0xde, 0x0, 0x0, 0xd, 0xc0, 0x0,
    0x0, 0x0, 0xce, 0x0, 0x0, 0x9f, 0x20, 0x0,
    0x0, 0x6f, 0xf4, 0x0, 0x3, 0xf7, 0x0, 0x0,
    0x0, 0x13, 0xcf, 0x10, 0xd, 0xc0, 0x0, 0x0,
    0x16, 0x30, 0x9f, 0x40, 0x9f, 0x20, 0x0, 0x0,
    0xd, 0xff, 0xfc, 0x4, 0xf7, 0x0, 0x7f, 0xb0,
    0x0, 0x57, 0x50, 0xd, 0xc0, 0x1, 0xff, 0xd0,
    0x0, 0x0, 0x0, 0x9f, 0x20, 0xa, 0xeb, 0xd0,
    0x0, 0x0, 0x4, 0xf6, 0x0, 0x3f, 0x5b, 0xd0,
    0x0, 0x0, 0xe, 0xc0, 0x0, 0xcd, 0x1d, 0xf1,
    0x0, 0x0, 0x9f, 0x20, 0x1, 0xff, 0xff, 0xfb,
    0x0, 0x4, 0xf6, 0x0, 0x0, 0x44, 0x4f, 0xf3,
    0x0, 0x3, 0x40, 0x0, 0x0, 0x0, 0x3, 0x40,

    /* U+00BF "¿" */
    0x0, 0x0, 0xbf, 0x50, 0x0, 0x0, 0x1, 0xff,
    0xb0, 0x0, 0x0, 0x0, 0x7b, 0x30, 0x0, 0x0,
    0x0, 0x0, 0x0, 0x0, 0x0, 0x0, 0x8c, 0x40,
    0x0, 0x0, 0x0, 0xef, 0x40, 0x0, 0x0, 0x9,
    0xff, 0x10, 0x0, 0x1, 0xcf, 0xf6, 0x0, 0x0,
    0xa, 0xff, 0x40, 0x0, 0x0, 0xf, 0xf6, 0x0,
    0x0, 0x0, 0x1f, 0xf4, 0x0, 0x3c, 0xc0, 0xe,
    0xfb, 0x0, 0xbf, 0xd0, 0x6, 0xff, 0xff, 0xff,
    0x40, 0x0, 0x5c, 0xff, 0xb4, 0x0,

    /* U+00C0 "À" */
    0x0, 0x0, 0xbf, 0x60, 0x0, 0x0, 0x0, 0x0,
    0x1, 0xfd, 0x0, 0x0, 0x0, 0x0, 0x0, 0x5,
    0xb2, 0x0, 0x0, 0x0, 0x0, 0x0, 0x0, 0x0,
    0x0, 0x0, 0x0, 0x0, 0x2f, 0xff, 0x20, 0x0,
    0x0, 0x0, 0x8, 0xff, 0xf8, 0x0, 0x0, 0x0,
    0x0, 0xdf, 0xaf, 0xe0, 0x0, 0x0, 0x0, 0x3f,
    0xf1, 0xff, 0x30, 0x0, 0x0, 0x9, 0xfc, 0xc,
    0xf9, 0x0, 0x0, 0x0, 0xef, 0x70, 0x7f, 0xe0,
    0x0, 0x0, 0x4f, 0xf2, 0x2, 0xff, 0x50, 0x0,
    0xa, 0xfd, 0x0, 0xc, 0xfb, 0x0, 0x0, 0xff,
    0xff, 0xff, 0xff, 0xf1, 0x0, 0x5f, 0xff, 0xee,
    0xef, 0xff, 0x60, 0xa, 0xfd, 0x0, 0x0, 0xc,
    0xfc, 0x1, 0xff, 0x80, 0x0, 0x0, 0x6f, 0xf2,
    0x6f, 0xf2, 0x0, 0x0, 0x1, 0xff, 0x70,

    /* U+00C1 "Á" */
    0x0, 0x0, 0x0, 0x5f, 0xc0, 0x0, 0x0, 0x0,
    0x0, 0xc, 0xf2, 0x0, 0x0, 0x0, 0x0, 0x1,
    0xb6, 0x0, 0x0, 0x0, 0x0, 0x0, 0x0, 0x0,
    0x0, 0x0, 0x0, 0x0, 0x2f, 0xff, 0x20, 0x0,
    0x0, 0x0, 0x8, 0xff, 0xf8, 0x0, 0x0, 0x0,
    0x0, 0xdf, 0xaf, 0xe0, 0x0, 0x0, 0x0, 0x3f,
    0xf1, 0xff, 0x30, 0x0, 0x0, 0x9, 0xfc, 0xc,
    0xf9, 0x0, 0x0, 0x0, 0xef, 0x70, 0x7f, 0xe0,
    0x0, 0x0, 0x4f, 0xf2, 0x2, 0xff, 0x50, 0x0,
    0xa, 0xfd, 0x0, 0xc, 0xfb, 0x0, 0x0, 0xff,
    0xff, 0xff, 0xff, 0xf1, 0x0, 0x5f, 0xff, 0xee,
    0xef, 0xff, 0x60, 0xa, 0xfd, 0x0, 0x0, 0xc,
    0xfc, 0x1, 0xff, 0x80, 0x0, 0x0, 0x6f, 0xf2,
    0x6f, 0xf2, 0x0, 0x0, 0x1, 0xff, 0x70,

    /* U+00C2 "Â" */
    0x0, 0x0, 0x1c, 0xfd, 0x10, 0x0, 0x0, 0x0,
    0x1c, 0xf5, 0xec, 0x10, 0x0, 0x0, 0x4, 0x83,
    0x3, 0x84, 0x0, 0x0, 0x0, 0x0, 0x0, 0x0,
    0x0, 0x0, 0x0, 0x0, 0x2f, 0xff, 0x20, 0x0,
    0x0, 0x0, 0x8, 0xff, 0xf8, 0x0, 0x0, 0x0,
    0x0, 0xdf, 0xaf, 0xe0, 0x0, 0x0, 0x0, 0x3f,
    0xf1, 0xff, 0x30, 0x0, 0x0, 0x9, 0xfc, 0xc,
    0xf9, 0x0, 0x0, 0x0, 0xef, 0x70, 0x7f, 0xe0,
    0x0, 0x0, 0x4f, 0xf2, 0x2, 0xff, 0x50, 0x0,
    0xa, 0xfd, 0x0, 0xc, 0xfb, 0x0, 0x0, 0xff,
    0xff, 0xff, 0xff, 0xf1, 0x0, 0x5f, 0xff, 0xee,
    0xef, 0xff, 0x60, 0xa, 0xfd, 0x0, 0x0, 0xc,
    0xfc, 0x1, 0xff, 0x80, 0x0, 0x0, 0x6f, 0xf2,
    0x6f, 0xf2, 0x0, 0x0, 0x1, 0xff, 0x70,

    /* U+00C3 "Ã" */
    0x0, 0x0, 0x0, 0x0, 0x10, 0x0, 0x0, 0x0,
    0xb, 0xfa, 0x3f, 0x50, 0x0, 0x0, 0x3, 0xf6,
    0xcf, 0xe0, 0x0, 0x0, 0x0, 0x14, 0x0, 0x31,
    0x0, 0x0, 0x0, 0x0, 0x0, 0x0, 0x0, 0x0,
    0x0, 0x0, 0x2, 0xff, 0xf2, 0x0, 0x0, 0x0,
    0x0, 0x8f, 0xff, 0x80, 0x0, 0x0, 0x0, 0xd,
    0xfa, 0xfe, 0x0, 0x0, 0x0, 0x3, 0xff, 0x1f,
    0xf3, 0x0, 0x0, 0x0, 0x9f, 0xc0, 0xcf, 0x90,
    0x0, 0x0, 0xe, 0xf7, 0x7, 0xfe, 0x0, 0x0,
    0x4, 0xff, 0x20, 0x2f, 0xf5, 0x0, 0x0, 0xaf,
    0xd0, 0x0, 0xcf, 0xb0, 0x0, 0xf, 0xff, 0xff,
    0xff, 0xff, 0x10, 0x5, 0xff, 0xfe, 0xee, 0xff,
    0xf6, 0x0, 0xaf, 0xd0, 0x0, 0x0, 0xcf, 0xc0,
    0x1f, 0xf8, 0x0, 0x0, 0x6, 0xff, 0x26, 0xff,
    0x20, 0x0, 0x0, 0x1f, 0xf7,

    /* U+00C4 "Ä" */
    0x0, 0x4, 0xf8, 0x7, 0xf5, 0x0, 0x0, 0x0,
    0x8f, 0xc0, 0xbf, 0x90, 0x0, 0x0, 0x0, 0x51,
    0x1, 0x50, 0x0, 0x0, 0x0, 0x0, 0x0, 0x0,
    0x0, 0x0, 0x0, 0x0, 0x2f, 0xff, 0x20, 0x0,
    0x0, 0x0, 0x8, 0xff, 0xf8, 0x0, 0x0, 0x0,
    0x0, 0xdf, 0xaf, 0xe0, 0x0, 0x0, 0x0, 0x3f,
    0xf1, 0xff, 0x30, 0x0, 0x0, 0x9, 0xfc, 0xc,
    0xf9, 0x0, 0x0, 0x0, 0xef, 0x70, 0x7f, 0xe0,
    0x0, 0x0, 0x4f, 0xf2, 0x2, 0xff, 0x50, 0x0,
    0xa, 0xfd, 0x0, 0xc, 0xfb, 0x0, 0x0, 0xff,
    0xff, 0xff, 0xff, 0xf1, 0x0, 0x5f, 0xff, 0xee,
    0xef, 0xff, 0x60, 0xa, 0xfd, 0x0, 0x0, 0xc,
    0xfc, 0x1, 0xff, 0x80, 0x0, 0x0, 0x6f, 0xf2,
    0x6f, 0xf2, 0x0, 0x0, 0x1, 0xff, 0x70,

    /* U+00C5 "Å" */
    0x0, 0x0, 0x1b, 0xfc, 0x20, 0x0, 0x0, 0x0,
    0xb, 0xc3, 0xbc, 0x0, 0x0, 0x0, 0x0, 0xca,
    0x9, 0xd0, 0x0, 0x0, 0x0, 0x3, 0xef, 0xe4,
    0x0, 0x0, 0x0, 0x0, 0x0, 0x20, 0x0, 0x0,
    0x0, 0x0, 0x2, 0xff, 0xf2, 0x0, 0x0, 0x0,
    0x0, 0x8f, 0xff, 0x80, 0x0, 0x0, 0x0, 0xd,
    0xfa, 0xfe, 0x0, 0x0, 0x0, 0x3, 0xff, 0x1f,
    0xf3, 0x0, 0x0, 0x0, 0x9f, 0xc0, 0xcf, 0x90,
    0x0, 0x0, 0xe, 0xf7, 0x7, 0xfe, 0x0, 0x0,
    0x4, 0xff, 0x20, 0x2f, 0xf5, 0x0, 0x0, 0xaf,
    0xd0, 0x0, 0xcf, 0xb0, 0x0, 0xf, 0xff, 0xff,
    0xff, 0xff, 0x10, 0x5, 0xff, 0xfe, 0xee, 0xff,
    0xf6, 0x0, 0xaf, 0xd0, 0x0, 0x0, 0xcf, 0xc0,
    0x1f, 0xf8, 0x0, 0x0, 0x6, 0xff, 0x26, 0xff,
    0x20, 0x0, 0x0, 0x1f, 0xf7,

    /* U+00C6 "Æ" */
    0x0, 0x0, 0x0, 0xef, 0xff, 0xff, 0xff, 0xff,
    0xf2, 0x0, 0x0, 0x5, 0xff, 0xaf, 0xff, 0xff,
    0xff, 0xf2, 0x0, 0x0, 0xd, 0xf9, 0x4f, 0xf0,
    0x0, 0x0, 0x0, 0x0, 0x0, 0x4f, 0xf2, 0x4f,
    0xf0, 0x0, 0x0, 0x0, 0x0, 0x0, 0xbf, 0xb0,
    0x4f, 0xf0, 0x0, 0x0, 0x0, 0x0, 0x2, 0xff,
    0x40, 0x4f, 0xff, 0xff, 0xff, 0xa0, 0x0, 0xa,
    0xfd, 0x0, 0x4f, 0xff, 0xff, 0xff, 0xb0, 0x0,
    0x1f, 0xf6, 0x0, 0x4f, 0xf0, 0x0, 0x0, 0x0,
    0x0, 0x8f, 0xff, 0xff, 0xff, 0xf0, 0x0, 0x0,
    0x0, 0x0, 0xef, 0xfc, 0xcc, 0xff, 0xf0, 0x0,
    0x0, 0x0, 0x6, 0xff, 0x20, 0x0, 0x4f, 0xf0,
    0x0, 0x0, 0x0, 0xd, 0xfa, 0x0, 0x0, 0x4f,
    0xff, 0xff, 0xff, 0xf3, 0x5f, 0xf3, 0x0, 0x0,
    0x4f, 0xff, 0xff, 0xff, 0xf3,

    /* U+00C7 "Ç" */
    0x0, 0x1, 0x7d, 0xff, 0xc7, 0x0, 0x0, 0x3,
    0xef, 0xff, 0xff, 0xfd, 0x10, 0x1, 0xef, 0xe6,
    0x23, 0x7f, 0xfb, 0x0, 0x7f, 0xf2, 0x0, 0x0,
    0x5f, 0xf2, 0xd, 0xf9, 0x0, 0x0, 0x0, 0x66,
    0x20, 0xff, 0x50, 0x0, 0x0, 0x0, 0x0, 0x1f,
    0xf4, 0x0, 0x0, 0x0, 0x0, 0x0, 0xff, 0x50,
    0x0, 0x0, 0x0, 0x0, 0xd, 0xf9, 0x0, 0x0,
    0x0, 0x66, 0x20, 0x7f, 0xf2, 0x0, 0x0, 0x5f,
    0xf2, 0x1, 0xef, 0xe6, 0x23, 0x7f, 0xfb, 0x0,
    0x3, 0xef, 0xff, 0xff, 0xfc, 0x10, 0x0, 0x1,
    0x8d, 0xff, 0xc6, 0x0, 0x0, 0x0, 0x0, 0xb,
    0x70, 0x0, 0x0, 0x0, 0x0, 0x0, 0x9d, 0xc0,
    0x0, 0x0, 0x0, 0x0, 0x0, 0x7f, 0x0, 0x0,
    0x0, 0x0, 0x3, 0xff, 0x80, 0x0, 0x0,

    /* U+00C8 "È" */
    0x0, 0xaf, 0x70, 0x0, 0x0, 0x1, 0xee, 0x0,
    0x0, 0x0, 0x5, 0xb3, 0x0, 0x0, 0x0, 0x0,
    0x0, 0x0, 0xbf, 0xff, 0xff, 0xff, 0xdb, 0xff,
    0xff, 0xff, 0xfd, 0xbf, 0xa0, 0x0, 0x0, 0xb,
    0xfa, 0x0, 0x0, 0x0, 0xbf, 0xa0, 0x0, 0x0,
    0xb, 0xff, 0xff, 0xff, 0xf5, 0xbf, 0xff, 0xff,
    0xff, 0x6b, 0xfa, 0x0, 0x0, 0x0, 0xbf, 0xa0,
    0x0, 0x0, 0xb, 0xfa, 0x0, 0x0, 0x0, 0xbf,
    0xa0, 0x0, 0x0, 0xb, 0xff, 0xff, 0xff, 0xfd,
    0xbf, 0xff, 0xff, 0xff, 0xd0,

    /* U+00C9 "É" */
    0x0, 0x0, 0x4f, 0xd0, 0x0, 0x0, 0xb, 0xf3,
    0x0, 0x0, 0x1, 0xb6, 0x0, 0x0, 0x0, 0x0,
    0x0, 0x0, 0xbf, 0xff, 0xff, 0xff, 0xdb, 0xff,
    0xff, 0xff, 0xfd, 0xbf, 0xa0, 0x0, 0x0, 0xb,
    0xfa, 0x0, 0x0, 0x0, 0xbf, 0xa0, 0x0, 0x0,
    0xb, 0xff, 0xff, 0xff, 0xf5, 0xbf, 0xff, 0xff,
    0xff, 0x6b, 0xfa, 0x0, 0x0, 0x0, 0xbf, 0xa0,
    0x0, 0x0, 0xb, 0xfa, 0x0, 0x0, 0x0, 0xbf,
    0xa0, 0x0, 0x0, 0xb, 0xff, 0xff, 0xff, 0xfd,
    0xbf, 0xff, 0xff, 0xff, 0xd0,

    /* U+00CA "Ê" */
    0x0, 0xc, 0xfe, 0x10, 0x0, 0xc, 0xf5, 0xed,
    0x10, 0x4, 0x84, 0x2, 0x85, 0x0, 0x0, 0x0,
    0x0, 0x0, 0xbf, 0xff, 0xff, 0xff, 0xdb, 0xff,
    0xff, 0xff, 0xfd, 0xbf, 0xa0, 0x0, 0x0, 0xb,
    0xfa, 0x0, 0x0, 0x0, 0xbf, 0xa0, 0x0, 0x0,
    0xb, 0xff, 0xff, 0xff, 0xf5, 0xbf, 0xff, 0xff,
    0xff, 0x6b, 0xfa, 0x0, 0x0, 0x0, 0xbf, 0xa0,
    0x0, 0x0, 0xb, 0xfa, 0x0, 0x0, 0x0, 0xbf,
    0xa0, 0x0, 0x0, 0xb, 0xff, 0xff, 0xff, 0xfd,
    0xbf, 0xff, 0xff, 0xff, 0xd0,

    /* U+00CB "Ë" */
    0x4, 0xe9, 0x6, 0xf6, 0x0, 0x7f, 0xd0, 0xaf,
    0xa0, 0x0, 0x52, 0x1, 0x51, 0x0, 0x0, 0x0,
    0x0, 0x0, 0xbf, 0xff, 0xff, 0xff, 0xdb, 0xff,
    0xff, 0xff, 0xfd, 0xbf, 0xa0, 0x0, 0x0, 0xb,
    0xfa, 0x0, 0x0, 0x0, 0xbf, 0xa0, 0x0, 0x0,
    0xb, 0xff, 0xff, 0xff, 0xf5, 0xbf, 0xff, 0xff,
    0xff, 0x6b, 0xfa, 0x0, 0x0, 0x0, 0xbf, 0xa0,
    0x0, 0x0, 0xb, 0xfa, 0x0, 0x0, 0x0, 0xbf,
    0xa0, 0x0, 0x0, 0xb, 0xff, 0xff, 0xff, 0xfd,
    0xbf, 0xff, 0xff, 0xff, 0xd0,

    /* U+00CC "Ì" */
    0xc, 0xf5, 0x0, 0x2f, 0xd0, 0x0, 0x6b, 0x20,
    0x0, 0x0, 0x0, 0xbf, 0xa0, 0xb, 0xfa, 0x0,
    0xbf, 0xa0, 0xb, 0xfa, 0x0, 0xbf, 0xa0, 0xb,
    0xfa, 0x0, 0xbf, 0xa0, 0xb, 0xfa, 0x0, 0xbf,
    0xa0, 0xb, 0xfa, 0x0, 0xbf, 0xa0, 0xb, 0xfa,
    0x0, 0xbf, 0xa0,

    /* U+00CD "Í" */
    0x6, 0xfb, 0x0, 0xdf, 0x10, 0x2b, 0x50, 0x0,
    0x0, 0x0, 0xbf, 0xa0, 0xb, 0xfa, 0x0, 0xbf,
    0xa0, 0xb, 0xfa, 0x0, 0xbf, 0xa0, 0xb, 0xfa,
    0x0, 0xbf, 0xa0, 0xb, 0xfa, 0x0, 0xbf, 0xa0,
    0xb, 0xfa, 0x0, 0xbf, 0xa0, 0xb, 0xfa, 0x0,
    0xbf, 0xa0, 0x0,

    /* U+00CE "Î" */
    0x1, 0xdf, 0xd1, 0x1, 0xde, 0x5f, 0xc0, 0x58,
    0x30, 0x38, 0x40, 0x0, 0x0, 0x0, 0x0, 0xbf,
    0xa0, 0x0, 0xb, 0xfa, 0x0, 0x0, 0xbf, 0xa0,
    0x0, 0xb, 0xfa, 0x0, 0x0, 0xbf, 0xa0, 0x0,
    0xb, 0xfa, 0x0, 0x0, 0xbf, 0xa0, 0x0, 0xb,
    0xfa, 0x0, 0x0, 0xbf, 0xa0, 0x0, 0xb, 0xfa,
    0x0, 0x0, 0xbf, 0xa0, 0x0, 0xb, 0xfa, 0x0,
    0x0, 0xbf, 0xa0, 0x0,

    /* U+00CF "Ï" */
    0x5f, 0x70, 0x7f, 0x58, 0xfb, 0xb, 0xf8, 0x5,
    0x10, 0x15, 0x0, 0x0, 0x0, 0x0, 0x0, 0xbf,
    0xa0, 0x0, 0xb, 0xfa, 0x0, 0x0, 0xbf, 0xa0,
    0x0, 0xb, 0xfa, 0x0, 0x0, 0xbf, 0xa0, 0x0,
    0xb, 0xfa, 0x0, 0x0, 0xbf, 0xa0, 0x0, 0xb,
    0xfa, 0x0, 0x0, 0xbf, 0xa0, 0x0, 0xb, 0xfa,
    0x0, 0x0, 0xbf, 0xa0, 0x0, 0xb, 0xfa, 0x0,
    0x0, 0xbf, 0xa0, 0x0,

    /* U+00D0 "Ð" */
    0x2, 0xff, 0xff, 0xfe, 0xa4, 0x0, 0x0, 0x2f,
    0xff, 0xff, 0xff, 0xf9, 0x0, 0x2, 0xff, 0x30,
    0x13, 0x9f, 0xf7, 0x0, 0x2f, 0xf3, 0x0, 0x0,
    0x8f, 0xf0, 0x2, 0xff, 0x30, 0x0, 0x0, 0xff,
    0x58, 0xdf, 0xfd, 0xaa, 0x20, 0xc, 0xf8, 0xdf,
    0xff, 0xff, 0xf3, 0x0, 0xbf, 0x90, 0x2f, 0xf3,
    0x0, 0x0, 0xc, 0xf8, 0x2, 0xff, 0x30, 0x0,
    0x0, 0xff, 0x50, 0x2f, 0xf3, 0x0, 0x0, 0x8f,
    0xf0, 0x2, 0xff, 0x30, 0x13, 0x9f, 0xf7, 0x0,
    0x2f, 0xff, 0xff, 0xff, 0xf9, 0x0, 0x2, 0xff,
    0xff, 0xfd, 0xa4, 0x0, 0x0,

    /* U+00D1 "Ñ" */
    0x0, 0x0, 0x0, 0x0, 0x0, 0x0, 0x0, 0x7,
    0xfc, 0x3b, 0xa0, 0x0, 0x0, 0xe, 0x99, 0xff,
    0x40, 0x0, 0x0, 0x4, 0x10, 0x22, 0x0, 0x0,
    0x0, 0x0, 0x0, 0x0, 0x0, 0x0, 0xbf, 0xf4,
    0x0, 0x0, 0xf, 0xf5, 0xbf, 0xfd, 0x0, 0x0,
    0xf, 0xf5, 0xbf, 0xff, 0x80, 0x0, 0xf, 0xf5,
    0xbf, 0xaf, 0xf2, 0x0, 0xf, 0xf5, 0xbf, 0xa8,
    0xfc, 0x0, 0xf, 0xf5, 0xbf, 0xa0, 0xef, 0x60,
    0xf, 0xf5, 0xbf, 0xb0, 0x6f, 0xe1, 0xf, 0xf5,
    0xbf, 0xb0, 0xc, 0xfa, 0xf, 0xf5, 0xbf, 0xb0,
    0x2, 0xff, 0x3f, 0xf5, 0xbf, 0xb0, 0x0, 0x8f,
    0xbf, 0xf5, 0xbf, 0xb0, 0x0, 0xd, 0xff, 0xf5,
    0xbf, 0xb0, 0x0, 0x4, 0xff, 0xf5, 0xbf, 0xb0,
    0x0, 0x0, 0xaf, 0xf5,

    /* U+00D2 "Ò" */
    0x0, 0x0, 0x5f, 0xc0, 0x0, 0x0, 0x0, 0x0,
    0x0, 0xaf, 0x30, 0x0, 0x0, 0x0, 0x0, 0x1,
    0xb6, 0x0, 0x0, 0x0, 0x0, 0x0, 0x0, 0x0,
    0x0, 0x0, 0x0, 0x1, 0x7d, 0xfe, 0xc6, 0x0,
    0x0, 0x3, 0xef, 0xff, 0xff, 0xfc, 0x10, 0x1,
    0xef, 0xe6, 0x22, 0x7f, 0xfc, 0x0, 0x7f, 0xf2,
    0x0, 0x0, 0x4f, 0xf5, 0xd, 0xf9, 0x0, 0x0,
    0x0, 0xcf, 0xa0, 0xff, 0x50, 0x0, 0x0, 0x8,
    0xfd, 0x1f, 0xf4, 0x0, 0x0, 0x0, 0x7f, 0xe0,
    0xff, 0x50, 0x0, 0x0, 0x8, 0xfd, 0xd, 0xf9,
    0x0, 0x0, 0x0, 0xcf, 0xa0, 0x7f, 0xf2, 0x0,
    0x0, 0x4f, 0xf5, 0x1, 0xef, 0xe6, 0x22, 0x7f,
    0xfc, 0x0, 0x3, 0xef, 0xff, 0xff, 0xfd, 0x10,
    0x0, 0x1, 0x7d, 0xfe, 0xc6, 0x0, 0x0,

    /* U+00D3 "Ó" */
    0x0, 0x0, 0x0, 0xe, 0xf3, 0x0, 0x0, 0x0,
    0x0, 0x6, 0xf8, 0x0, 0x0, 0x0, 0x0, 0x0,
    0x8a, 0x0, 0x0, 0x0, 0x0, 0x0, 0x0, 0x0,
    0x0, 0x0, 0x0, 0x1, 0x7d, 0xfe, 0xc6, 0x0,
    0x0, 0x3, 0xef, 0xff, 0xff, 0xfc, 0x10, 0x1,
    0xef, 0xe6, 0x22, 0x7f, 0xfc, 0x0, 0x7f, 0xf2,
    0x0, 0x0, 0x4f, 0xf5, 0xd, 0xf9, 0x0, 0x0,
    0x0, 0xcf, 0xa0, 0xff, 0x50, 0x0, 0x0, 0x8,
    0xfd, 0x1f, 0xf4, 0x0, 0x0, 0x0, 0x7f, 0xe0,
    0xff, 0x50, 0x0, 0x0, 0x8, 0xfd, 0xd, 0xf9,
    0x0, 0x0, 0x0, 0xcf, 0xa0, 0x7f, 0xf2, 0x0,
    0x0, 0x4f, 0xf5, 0x1, 0xef, 0xe6, 0x22, 0x7f,
    0xfc, 0x0, 0x3, 0xef, 0xff, 0xff, 0xfd, 0x10,
    0x0, 0x1, 0x7d, 0xfe, 0xc6, 0x0, 0x0,

    /* U+00D4 "Ô" */
    0x0, 0x0, 0x1, 0x87, 0x0, 0x0, 0x0, 0x0,
    0x0, 0xcf, 0xfa, 0x0, 0x0, 0x0, 0x0, 0xaf,
    0x68, 0xf6, 0x0, 0x0, 0x0, 0x18, 0x60, 0x7,
    0x70, 0x0, 0x0, 0x0, 0x0, 0x0, 0x0, 0x0,
    0x0, 0x0, 0x17, 0xdf, 0xec, 0x60, 0x0, 0x0,
    0x3e, 0xff, 0xff, 0xff, 0xc1, 0x0, 0x1e, 0xfe,
    0x62, 0x27, 0xff, 0xc0, 0x7, 0xff, 0x20, 0x0,
    0x4, 0xff, 0x50, 0xdf, 0x90, 0x0, 0x0, 0xc,
    0xfa, 0xf, 0xf5, 0x0, 0x0, 0x0, 0x8f, 0xd1,
    0xff, 0x40, 0x0, 0x0, 0x7, 0xfe, 0xf, 0xf5,
    0x0, 0x0, 0x0, 0x8f, 0xd0, 0xdf, 0x90, 0x0,
    0x0, 0xc, 0xfa, 0x7, 0xff, 0x20, 0x0, 0x4,
    0xff, 0x50, 0x1e, 0xfe, 0x62, 0x27, 0xff, 0xc0,
    0x0, 0x3e, 0xff, 0xff, 0xff, 0xd1, 0x0, 0x0,
    0x17, 0xdf, 0xec, 0x60, 0x0,

    /* U+00D5 "Õ" */
    0x0, 0x0, 0x0, 0x0, 0x1, 0x0, 0x0, 0x0,
    0x6, 0xfd, 0x4a, 0xb0, 0x0, 0x0, 0x0, 0xda,
    0x9f, 0xf5, 0x0, 0x0, 0x0, 0x4, 0x10, 0x22,
    0x0, 0x0, 0x0, 0x0, 0x0, 0x0, 0x0, 0x0,
    0x0, 0x0, 0x17, 0xdf, 0xec, 0x60, 0x0, 0x0,
    0x3e, 0xff, 0xff, 0xff, 0xc1, 0x0, 0x1e, 0xfe,
    0x62, 0x27, 0xff, 0xc0, 0x7, 0xff, 0x20, 0x0,
    0x4, 0xff, 0x50, 0xdf, 0x90, 0x0, 0x0, 0xc,
    0xfa, 0xf, 0xf5, 0x0, 0x0, 0x0, 0x8f, 0xd1,
    0xff, 0x40, 0x0, 0x0, 0x7, 0xfe, 0xf, 0xf5,
    0x0, 0x0, 0x0, 0x8f, 0xd0, 0xdf, 0x90, 0x0,
    0x0, 0xc, 0xfa, 0x7, 0xff, 0x20, 0x0, 0x4,
    0xff, 0x50, 0x1e, 0xfe, 0x62, 0x27, 0xff, 0xc0,
    0x0, 0x3e, 0xff, 0xff, 0xff, 0xd1, 0x0, 0x0,
    0x17, 0xdf, 0xec, 0x60, 0x0,

    /* U+00D6 "Ö" */
    0x0, 0x0, 0xdd, 0x2, 0xeb, 0x0, 0x0, 0x0,
    0x2f, 0xf2, 0x4f, 0xf0, 0x0, 0x0, 0x0, 0x34,
    0x0, 0x42, 0x0, 0x0, 0x0, 0x0, 0x0, 0x0,
    0x0, 0x0, 0x0, 0x1, 0x7d, 0xfe, 0xc6, 0x0,
    0x0, 0x3, 0xef, 0xff, 0xff, 0xfc, 0x10, 0x1,
    0xef, 0xe6, 0x22, 0x7f, 0xfc, 0x0, 0x7f, 0xf2,
    0x0, 0x0, 0x4f, 0xf5, 0xd, 0xf9, 0x0, 0x0,
    0x0, 0xcf, 0xa0, 0xff, 0x50, 0x0, 0x0, 0x8,
    0xfd, 0x1f, 0xf4, 0x0, 0x0, 0x0, 0x7f, 0xe0,
    0xff, 0x50, 0x0, 0x0, 0x8, 0xfd, 0xd, 0xf9,
    0x0, 0x0, 0x0, 0xcf, 0xa0, 0x7f, 0xf2, 0x0,
    0x0, 0x4f, 0xf5, 0x1, 0xef, 0xe6, 0x22, 0x7f,
    0xfc, 0x0, 0x3, 0xef, 0xff, 0xff, 0xfd, 0x10,
    0x0, 0x1, 0x7d, 0xfe, 0xc6, 0x0, 0x0,

    /* U+00D7 "×" */
    0x3, 0x40, 0x0, 0x2, 0x40, 0x2e, 0xf4, 0x0,
    0x2e, 0xf3, 0x9, 0xff, 0x42, 0xef, 0xb0, 0x0,
    0xaf, 0xff, 0xfb, 0x0, 0x0, 0xc, 0xff, 0xf0,
    0x0, 0x0, 0x2e, 0xff, 0xf3, 0x0, 0x2, 0xef,
    0xca, 0xff, 0x30, 0x1e, 0xfc, 0x0, 0xaf, 0xf3,
    0xb, 0xc0, 0x0, 0xa, 0xc1, 0x0, 0x0, 0x0,
    0x0, 0x0,

    /* U+00D8 "Ø" */
    0x0, 0x0, 0x0, 0x0, 0x0, 0x0, 0x0, 0x0,
    0x17, 0xdf, 0xec, 0x6b, 0xd0, 0x0, 0x3e, 0xff,
    0xff, 0xff, 0xf9, 0x0, 0x1e, 0xfe, 0x62, 0x2a,
    0xff, 0xc0, 0x7, 0xff, 0x20, 0x0, 0xcf, 0xff,
    0x50, 0xdf, 0x90, 0x0, 0x9f, 0x5c, 0xfa, 0xf,
    0xf5, 0x0, 0x4f, 0x90, 0x8f, 0xd1, 0xff, 0x40,
    0x1e, 0xd0, 0x7, 0xfe, 0xf, 0xf5, 0xb, 0xf2,
    0x0, 0x8f, 0xd0, 0xdf, 0x97, 0xf6, 0x0, 0xc,
    0xfa, 0x7, 0xff, 0xfb, 0x0, 0x4, 0xff, 0x50,
    0x1e, 0xff, 0x72, 0x27, 0xff, 0xc0, 0x0, 0xdf,
    0xff, 0xff, 0xff, 0xd1, 0x0, 0x1f, 0x97, 0xdf,
    0xec, 0x60, 0x0, 0x0, 0x10, 0x0, 0x0, 0x0,
    0x0, 0x0,

    /* U+00D9 "Ù" */
    0x0, 0xa, 0xf7, 0x0, 0x0, 0x0, 0x0, 0x1e,
    0xe0, 0x0, 0x0, 0x0, 0x0, 0x4b, 0x30, 0x0,
    0x0, 0x0, 0x0, 0x0, 0x0, 0x0, 0xbf, 0xa0,
    0x0, 0x0, 0x6f, 0xfb, 0xfa, 0x0, 0x0, 0x6,
    0xff, 0xbf, 0xa0, 0x0, 0x0, 0x6f, 0xfb, 0xfa,
    0x0, 0x0, 0x6, 0xff, 0xbf, 0xa0, 0x0, 0x0,
    0x6f, 0xfb, 0xfa, 0x0, 0x0, 0x6, 0xff, 0xbf,
    0xa0, 0x0, 0x0, 0x6f, 0xfb, 0xfa, 0x0, 0x0,
    0x6, 0xff, 0xaf, 0xb0, 0x0, 0x0, 0x7f, 0xe8,
    0xff, 0x10, 0x0, 0xc, 0xfc, 0x2f, 0xfd, 0x42,
    0x3b, 0xff, 0x60, 0x6f, 0xff, 0xff, 0xff, 0xa0,
    0x0, 0x3a, 0xef, 0xeb, 0x50, 0x0,

    /* U+00DA "Ú" */
    0x0, 0x0, 0x3, 0xfd, 0x0, 0x0, 0x0, 0x0,
    0xbf, 0x30, 0x0, 0x0, 0x0, 0x1b, 0x70, 0x0,
    0x0, 0x0, 0x0, 0x0, 0x0, 0x0, 0xbf, 0xa0,
    0x0, 0x0, 0x6f, 0xfb, 0xfa, 0x0, 0x0, 0x6,
    0xff, 0xbf, 0xa0, 0x0, 0x0, 0x6f, 0xfb, 0xfa,
    0x0, 0x0, 0x6, 0xff, 0xbf, 0xa0, 0x0, 0x0,
    0x6f, 0xfb, 0xfa, 0x0, 0x0, 0x6, 0xff, 0xbf,
    0xa0, 0x0, 0x0, 0x6f, 0xfb, 0xfa, 0x0, 0x0,
    0x6, 0xff, 0xaf, 0xb0, 0x0, 0x0, 0x7f, 0xe8,
    0xff, 0x10, 0x0, 0xc, 0xfc, 0x2f, 0xfd, 0x42,
    0x3b, 0xff, 0x60, 0x6f, 0xff, 0xff, 0xff, 0xa0,
    0x0, 0x3a, 0xef, 0xeb, 0x50, 0x0,

    /* U+00DB "Û" */
    0x0, 0x0, 0x48, 0x50, 0x0, 0x0, 0x0, 0x2f,
    0xff, 0x50, 0x0, 0x0, 0x1d, 0xf2, 0xdf, 0x20,
    0x0, 0x4, 0x84, 0x2, 0x85, 0x0, 0x0, 0x0,
    0x0, 0x0, 0x0, 0xb, 0xfa, 0x0, 0x0, 0x6,
    0xff, 0xbf, 0xa0, 0x0, 0x0, 0x6f, 0xfb, 0xfa,
    0x0, 0x0, 0x6, 0xff, 0xbf, 0xa0, 0x0, 0x0,
    0x6f, 0xfb, 0xfa, 0x0, 0x0, 0x6, 0xff, 0xbf,
    0xa0, 0x0, 0x0, 0x6f, 0xfb, 0xfa, 0x0, 0x0,
    0x6, 0xff, 0xbf, 0xa0, 0x0, 0x0, 0x6f, 0xfa,
    0xfb, 0x0, 0x0, 0x7, 0xfe, 0x8f, 0xf1, 0x0,
    0x0, 0xcf, 0xc2, 0xff, 0xd4, 0x23, 0xbf, 0xf6,
    0x6, 0xff, 0xff, 0xff, 0xfa, 0x0, 0x3, 0xae,
    0xfe, 0xb5, 0x0,

    /* U+00DC "Ü" */
    0x0, 0x3e, 0x90, 0x5f, 0x70, 0x0, 0x6, 0xfd,
    0x9, 0xfa, 0x0, 0x0, 0x5, 0x20, 0x5, 0x10,
    0x0, 0x0, 0x0, 0x0, 0x0, 0x0, 0xbf, 0xa0,
    0x0, 0x0, 0x6f, 0xfb, 0xfa, 0x0, 0x0, 0x6,
    0xff, 0xbf, 0xa0, 0x0, 0x0, 0x6f, 0xfb, 0xfa,
    0x0, 0x0, 0x6, 0xff, 0xbf, 0xa0, 0x0, 0x0,
    0x6f, 0xfb, 0xfa, 0x0, 0x0, 0x6, 0xff, 0xbf,
    0xa0, 0x0, 0x0, 0x6f, 0xfb, 0xfa, 0x0, 0x0,
    0x6, 0xff, 0xaf, 0xb0, 0x0, 0x0, 0x7f, 0xe8,
    0xff, 0x10, 0x0, 0xc, 0xfc, 0x2f, 0xfd, 0x42,
    0x3b, 0xff, 0x60, 0x6f, 0xff, 0xff, 0xff, 0xa0,
    0x0, 0x3a, 0xef, 0xeb, 0x50, 0x0,

    /* U+00DD "Ý" */
    0x0, 0x0, 0x0, 0x7f, 0xa0, 0x0, 0x0, 0x0,
    0x0, 0xe, 0xe1, 0x0, 0x0, 0x0, 0x0, 0x3,
    0xb5, 0x0, 0x0, 0x0, 0x0, 0x0, 0x0, 0x0,
    0x0, 0x0, 0x4f, 0xf7, 0x0, 0x0, 0x9, 0xff,
    0x20, 0xaf, 0xf1, 0x0, 0x2, 0xff, 0x80, 0x1,
    0xff, 0x90, 0x0, 0xbf, 0xd0, 0x0, 0x7, 0xff,
    0x20, 0x4f, 0xf4, 0x0, 0x0, 0xd, 0xfb, 0xc,
    0xfb, 0x0, 0x0, 0x0, 0x3f, 0xf8, 0xff, 0x20,
    0x0, 0x0, 0x0, 0x9f, 0xff, 0x80, 0x0, 0x0,
    0x0, 0x1, 0xef, 0xd0, 0x0, 0x0, 0x0, 0x0,
    0xb, 0xfa, 0x0, 0x0, 0x0, 0x0, 0x0, 0xbf,
    0xa0, 0x0, 0x0, 0x0, 0x0, 0xb, 0xfa, 0x0,
    0x0, 0x0, 0x0, 0x0, 0xbf, 0xa0, 0x0, 0x0,
    0x0, 0x0, 0xb, 0xfa, 0x0, 0x0, 0x0,

    /* U+00DE "Þ" */
    0xcf, 0xa0, 0x0, 0x0, 0x0, 0xcf, 0xa0, 0x0,
    0x0, 0x0, 0xcf, 0xfe, 0xdc, 0x93, 0x0, 0xcf,
    0xff, 0xff, 0xff, 0x60, 0xcf, 0xa0, 0x1, 0x9f,
    0xf1, 0xcf, 0xa0, 0x0, 0xe, 0xf5, 0xcf, 0xa0,
    0x0, 0xd, 0xf6, 0xcf, 0xa0, 0x0, 0x6f, 0xf2,
    0xcf, 0xfe, 0xef, 0xff, 0x80, 0xcf, 0xff, 0xfe,
    0xc5, 0x0, 0xcf, 0xa0, 0x0, 0x0, 0x0, 0xcf,
    0xa0, 0x0, 0x0, 0x0, 0xcf, 0xa0, 0x0, 0x0,
    0x0,

    /* U+00DF "ß" */
    0x1, 0x9e, 0xfe, 0xb3, 0x0, 0x1e, 0xff, 0xff,
    0xff, 0x50, 0x8f, 0xf4, 0x2, 0xdf, 0xd0, 0xaf,
    0xa0, 0x0, 0x7f, 0xe0, 0xbf, 0x90, 0x1, 0xcf,
    0x80, 0xbf, 0x90, 0xcf, 0xf8, 0x0, 0xbf, 0x90,
    0xdf, 0xff, 0x80, 0xbf, 0x90, 0x0, 0x5f, 0xf5,
    0xbf, 0x90, 0x0, 0xa, 0xfa, 0xbf, 0x90, 0x0,
    0x9, 0xfb, 0xbf, 0x90, 0x0, 0x3f, 0xf8, 0xbf,
    0x90, 0xdf, 0xff, 0xe1, 0xbf, 0x90, 0xef, 0xea,
    0x20,

    /* U+00E0 "à" */
    0x0, 0x3f, 0xe0, 0x0, 0x0, 0x0, 0x8, 0xf6,
    0x0, 0x0, 0x0, 0x0, 0xa8, 0x0, 0x0, 0x0,
    0x0, 0x0, 0x0, 0x0, 0x0, 0x5c, 0xff, 0xc6,
    0x0, 0x7, 0xff, 0xed, 0xff, 0x80, 0x9, 0xd7,
    0x0, 0x7f, 0xf0, 0x0, 0x0, 0x0, 0x5f, 0xf1,
    0x0, 0x6a, 0xdf, 0xff, 0xf2, 0xb, 0xff, 0xb8,
    0x7f, 0xf2, 0x3f, 0xf2, 0x0, 0x2f, 0xf2, 0x4f,
    0xf1, 0x0, 0xaf, 0xf2, 0xe, 0xfe, 0xbe, 0xdf,
    0xf2, 0x2, 0xbf, 0xea, 0x2f, 0xf2,

    /* U+00E1 "á" */
    0x0, 0x0, 0xc, 0xf5, 0x0, 0x0, 0x0, 0x3f,
    0xa0, 0x0, 0x0, 0x0, 0x7b, 0x10, 0x0, 0x0,
    0x0, 0x0, 0x0, 0x0, 0x0, 0x5c, 0xff, 0xc6,
    0x0, 0x7, 0xff, 0xed, 0xff, 0x80, 0x9, 0xd7,
    0x0, 0x7f, 0xf0, 0x0, 0x0, 0x0, 0x5f, 0xf1,
    0x0, 0x6a, 0xdf, 0xff, 0xf2, 0xb, 0xff, 0xb8,
    0x7f, 0xf2, 0x3f, 0xf2, 0x0, 0x2f, 0xf2, 0x4f,
    0xf1, 0x0, 0xaf, 0xf2, 0xe, 0xfe, 0xbe, 0xdf,
    0xf2, 0x2, 0xbf, 0xea, 0x2f, 0xf2,

    /* U+00E2 "â" */
    0x0, 0x5, 0xff, 0x70, 0x0, 0x0, 0x5f, 0xb8,
    0xf7, 0x0, 0x0, 0x77, 0x0, 0x67, 0x10, 0x0,
    0x0, 0x0, 0x0, 0x0, 0x0, 0x5c, 0xff, 0xc6,
    0x0, 0x7, 0xff, 0xed, 0xff, 0x80, 0x9, 0xd7,
    0x0, 0x7f, 0xf0, 0x0, 0x0, 0x0, 0x5f, 0xf1,
    0x0, 0x6a, 0xdf, 0xff, 0xf2, 0xb, 0xff, 0xb8,
    0x7f, 0xf2, 0x3f, 0xf2, 0x0, 0x2f, 0xf2, 0x4f,
    0xf1, 0x0, 0xaf, 0xf2, 0xe, 0xfe, 0xbe, 0xdf,
    0xf2, 0x2, 0xbf, 0xea, 0x2f, 0xf2,

    /* U+00E3 "ã" */
    0x0, 0x6, 0x62, 0x37, 0x0, 0x0, 0x9f, 0xff,
    0xfb, 0x0, 0x0, 0x43, 0x4, 0x50, 0x0, 0x0,
    0x0, 0x0, 0x0, 0x0, 0x0, 0x5c, 0xff, 0xc6,
    0x0, 0x7, 0xff, 0xed, 0xff, 0x80, 0x9, 0xd7,
    0x0, 0x7f, 0xf0, 0x0, 0x0, 0x0, 0x5f, 0xf1,
    0x0, 0x6a, 0xdf, 0xff, 0xf2, 0xb, 0xff, 0xb8,
    0x7f, 0xf2, 0x3f, 0xf2, 0x0, 0x2f, 0xf2, 0x4f,
    0xf1, 0x0, 0xaf, 0xf2, 0xe, 0xfe, 0xbe, 0xdf,
    0xf2, 0x2, 0xbf, 0xea, 0x2f, 0xf2,

    /* U+00E4 "ä" */
    0x0, 0x36, 0x0, 0x55, 0x0, 0x0, 0xff, 0x52,
    0xff, 0x20, 0x0, 0xac, 0x10, 0xbb, 0x0, 0x0,
    0x0, 0x0, 0x0, 0x0, 0x0, 0x5c, 0xff, 0xc6,
    0x0, 0x7, 0xff, 0xed, 0xff, 0x80, 0x9, 0xd7,
    0x0, 0x7f, 0xf0, 0x0, 0x0, 0x0, 0x5f, 0xf1,
    0x0, 0x6a, 0xdf, 0xff, 0xf2, 0xb, 0xff, 0xb8,
    0x7f, 0xf2, 0x3f, 0xf2, 0x0, 0x2f, 0xf2, 0x4f,
    0xf1, 0x0, 0xaf, 0xf2, 0xe, 0xfe, 0xbe, 0xdf,
    0xf2, 0x2, 0xbf, 0xea, 0x2f, 0xf2,

    /* U+00E5 "å" */
    0x0, 0x5, 0xee, 0x70, 0x0, 0x0, 0x2f, 0x64,
    0xf5, 0x0, 0x0, 0x3f, 0x31, 0xf6, 0x0, 0x0,
    0x8, 0xff, 0xa0, 0x0, 0x0, 0x0, 0x11, 0x0,
    0x0, 0x0, 0x5c, 0xff, 0xc6, 0x0, 0x7, 0xff,
    0xed, 0xff, 0x80, 0x9, 0xd7, 0x0, 0x7f, 0xf0,
    0x0, 0x0, 0x0, 0x5f, 0xf1, 0x0, 0x6a, 0xdf,
    0xff, 0xf2, 0xb, 0xff, 0xb8, 0x7f, 0xf2, 0x3f,
    0xf2, 0x0, 0x2f, 0xf2, 0x4f, 0xf1, 0x0, 0xaf,
    0xf2, 0xe, 0xfe, 0xbe, 0xdf, 0xf2, 0x2, 0xbf,
    0xea, 0x2f, 0xf2,

    /* U+00E6 "æ" */
    0x0, 0x5c, 0xfe, 0xc4, 0x1a, 0xef, 0xc6, 0x0,
    0x7, 0xff, 0xee, 0xff, 0xff, 0xed, 0xff, 0x90,
    0x9, 0xd7, 0x0, 0x7f, 0xf9, 0x0, 0x3f, 0xf3,
    0x0, 0x0, 0x0, 0x2f, 0xf0, 0x0, 0xa, 0xf8,
    0x0, 0x7d, 0xff, 0xff, 0xff, 0xff, 0xff, 0xfa,
    0xc, 0xfe, 0xa9, 0xbf, 0xf9, 0x99, 0x99, 0x96,
    0x4f, 0xf1, 0x0, 0x3f, 0xf0, 0x0, 0x0, 0x0,
    0x4f, 0xf1, 0x0, 0xbf, 0xf9, 0x0, 0x2e, 0xf5,
    0xe, 0xff, 0xdf, 0xfb, 0xff, 0xed, 0xff, 0xd0,
    0x2, 0xbf, 0xfc, 0x50, 0x2a, 0xef, 0xd8, 0x10,

    /* U+00E7 "ç" */
    0x0, 0x19, 0xef, 0xd8, 0x10, 0x1, 0xef, 0xfe,
    0xff, 0xd1, 0xa, 0xfd, 0x20, 0x2e, 0xf7, 0xf,
    0xf5, 0x0, 0x3, 0x51, 0x2f, 0xf2, 0x0, 0x0,
    0x0, 0x2f, 0xf2, 0x0, 0x0, 0x0, 0xf, 0xf5,
    0x0, 0x4, 0x62, 0xa, 0xfd, 0x10, 0x2e, 0xf7,
    0x1, 0xef, 0xfe, 0xff, 0xd1, 0x0, 0x19, 0xef,
    0xd8, 0x10, 0x0, 0x0, 0x2f, 0x30, 0x0, 0x0,
    0x0, 0x2a, 0xf6, 0x0, 0x0, 0x0, 0x0, 0xd9,
    0x0, 0x0, 0x0, 0x9f, 0xd3, 0x0,

    /* U+00E8 "è" */
    0x0, 0xd, 0xf3, 0x0, 0x0, 0x0, 0x4, 0xfa,
    0x0, 0x0, 0x0, 0x0, 0x7b, 0x0, 0x0, 0x0,
    0x0, 0x0, 0x0, 0x0, 0x0, 0x19, 0xef, 0xd8,
    0x0, 0x1, 0xef, 0xfd, 0xff, 0xc0, 0xa, 0xfc,
    0x0, 0x1e, 0xf6, 0xf, 0xf3, 0x0, 0x7, 0xfb,
    0x2f, 0xff, 0xff, 0xff, 0xfd, 0x2f, 0xfa, 0x99,
    0x99, 0x98, 0xf, 0xf3, 0x0, 0x0, 0x0, 0xa,
    0xfc, 0x10, 0xb, 0xd7, 0x1, 0xef, 0xfd, 0xff,
    0xf2, 0x0, 0x19, 0xef, 0xea, 0x20,

    /* U+00E9 "é" */
    0x0, 0x0, 0x8, 0xf9, 0x0, 0x0, 0x0, 0xe,
    0xe0, 0x0, 0x0, 0x0, 0x3b, 0x40, 0x0, 0x0,
    0x0, 0x0, 0x0, 0x0, 0x0, 0x19, 0xef, 0xd8,
    0x0, 0x1, 0xef, 0xfd, 0xff, 0xc0, 0xa, 0xfc,
    0x0, 0x1e, 0xf6, 0xf, 0xf3, 0x0, 0x7, 0xfb,
    0x2f, 0xff, 0xff, 0xff, 0xfd, 0x2f, 0xfa, 0x99,
    0x99, 0x98, 0xf, 0xf3, 0x0, 0x0, 0x0, 0xa,
    0xfc, 0x10, 0xb, 0xd7, 0x1, 0xef, 0xfd, 0xff,
    0xf2, 0x0, 0x19, 0xef, 0xea, 0x20,

    /* U+00EA "ê" */
    0x0, 0x2, 0xef, 0xb0, 0x0, 0x0, 0x2e, 0xe5,
    0xfb, 0x0, 0x0, 0x68, 0x20, 0x48, 0x30, 0x0,
    0x0, 0x0, 0x0, 0x0, 0x0, 0x19, 0xef, 0xd8,
    0x0, 0x1, 0xef, 0xfd, 0xff, 0xc0, 0xa, 0xfc,
    0x0, 0x1e, 0xf6, 0xf, 0xf3, 0x0, 0x7, 0xfb,
    0x2f, 0xff, 0xff, 0xff, 0xfd, 0x2f, 0xfa, 0x99,
    0x99, 0x98, 0xf, 0xf3, 0x0, 0x0, 0x0, 0xa,
    0xfc, 0x10, 0xb, 0xd7, 0x1, 0xef, 0xfd, 0xff,
    0xf2, 0x0, 0x19, 0xef, 0xea, 0x20,

    /* U+00EB "ë" */
    0x0, 0x27, 0x10, 0x36, 0x0, 0x0, 0xbf, 0x90,
    0xef, 0x60, 0x0, 0x6d, 0x40, 0x8d, 0x20, 0x0,
    0x0, 0x0, 0x0, 0x0, 0x0, 0x19, 0xef, 0xd8,
    0x0, 0x1, 0xef, 0xfd, 0xff, 0xc0, 0xa, 0xfc,
    0x0, 0x1e, 0xf6, 0xf, 0xf3, 0x0, 0x7, 0xfb,
    0x2f, 0xff, 0xff, 0xff, 0xfd, 0x2f, 0xfa, 0x99,
    0x99, 0x98, 0xf, 0xf3, 0x0, 0x0, 0x0, 0xa,
    0xfc, 0x10, 0xb, 0xd7, 0x1, 0xef, 0xfd, 0xff,
    0xf2, 0x0, 0x19, 0xef, 0xea, 0x20,

    /* U+00EC "ì" */
    0xa, 0xb1, 0x0, 0x7f, 0x80, 0x0, 0xcf, 0x0,
    0x0, 0x0, 0x0, 0xcf, 0x80, 0xc, 0xf8, 0x0,
    0xcf, 0x80, 0xc, 0xf8, 0x0, 0xcf, 0x80, 0xc,
    0xf8, 0x0, 0xcf, 0x80, 0xc, 0xf8, 0x0, 0xcf,
    0x80, 0xc, 0xf8,

    /* U+00ED "í" */
    0x4, 0xb7, 0xd, 0xf2, 0x4f, 0x70, 0x0, 0x0,
    0xcf, 0x80, 0xcf, 0x80, 0xcf, 0x80, 0xcf, 0x80,
    0xcf, 0x80, 0xcf, 0x80, 0xcf, 0x80, 0xcf, 0x80,
    0xcf, 0x80, 0xcf, 0x80,

    /* U+00EE "î" */
    0x1, 0xef, 0xa0, 0x0, 0xcf, 0x9f, 0x70, 0x9f,
    0x70, 0xbf, 0x40, 0x0, 0x0, 0x0, 0x0, 0xcf,
    0x80, 0x0, 0xc, 0xf8, 0x0, 0x0, 0xcf, 0x80,
    0x0, 0xc, 0xf8, 0x0, 0x0, 0xcf, 0x80, 0x0,
    0xc, 0xf8, 0x0, 0x0, 0xcf, 0x80, 0x0, 0xc,
    0xf8, 0x0, 0x0, 0xcf, 0x80, 0x0, 0xc, 0xf8,
    0x0,

    /* U+00EF "ï" */
    0x27, 0x10, 0x36, 0xb, 0xf9, 0xe, 0xf6, 0x6d,
    0x40, 0x8d, 0x20, 0x0, 0x0, 0x0, 0x0, 0xcf,
    0x80, 0x0, 0xc, 0xf8, 0x0, 0x0, 0xcf, 0x80,
    0x0, 0xc, 0xf8, 0x0, 0x0, 0xcf, 0x80, 0x0,
    0xc, 0xf8, 0x0, 0x0, 0xcf, 0x80, 0x0, 0xc,
    0xf8, 0x0, 0x0, 0xcf, 0x80, 0x0, 0xc, 0xf8,
    0x0,

    /* U+00F0 "ð" */
    0x0, 0x1, 0x0, 0x0, 0x0, 0x0, 0x5f, 0x91,
    0x29, 0x30, 0x0, 0x19, 0xff, 0xfa, 0x20, 0x0,
    0x19, 0xff, 0xf5, 0x0, 0x0, 0x7a, 0x22, 0xef,
    0x20, 0x0, 0x4, 0x86, 0x4f, 0xc0, 0x0, 0xbf,
    0xff, 0xed, 0xf4, 0x8, 0xfd, 0x30, 0x5f, 0xf9,
    0xe, 0xf4, 0x0, 0x9, 0xfc, 0x2f, 0xf1, 0x0,
    0x5, 0xfe, 0x2f, 0xf1, 0x0, 0x4, 0xfd, 0x1f,
    0xf4, 0x0, 0x7, 0xfa, 0xb, 0xfc, 0x10, 0x2e,
    0xf5, 0x2, 0xef, 0xfe, 0xff, 0xa0, 0x0, 0x2a,
    0xef, 0xd7, 0x0,

    /* U+00F1 "ñ" */
    0x0, 0x47, 0x40, 0x72, 0x0, 0x2f, 0xef, 0xff,
    0x20, 0x2, 0x50, 0x25, 0x20, 0x0, 0x0, 0x0,
    0x0, 0x0, 0xcf, 0x65, 0xdf, 0xd5, 0xc, 0xfb,
    0xfd, 0xff, 0xf3, 0xcf, 0xf3, 0x1, 0xef, 0xac,
    0xf9, 0x0, 0x8, 0xfc, 0xcf, 0x80, 0x0, 0x7f,
    0xcc, 0xf8, 0x0, 0x7, 0xfc, 0xcf, 0x80, 0x0,
    0x7f, 0xcc, 0xf8, 0x0, 0x7, 0xfc, 0xcf, 0x80,
    0x0, 0x7f, 0xcc, 0xf8, 0x0, 0x7, 0xfc,

    /* U+00F2 "ò" */
    0x0, 0xc, 0xf5, 0x0, 0x0, 0x0, 0x0, 0x2f,
    0xc0, 0x0, 0x0, 0x0, 0x0, 0x6b, 0x10, 0x0,
    0x0, 0x0, 0x0, 0x0, 0x0, 0x0, 0x0, 0x19,
    0xef, 0xe9, 0x10, 0x0, 0x1e, 0xff, 0xef, 0xfd,
    0x10, 0xa, 0xfd, 0x10, 0x2e, 0xf9, 0x0, 0xff,
    0x50, 0x0, 0x6f, 0xf0, 0x2f, 0xf3, 0x0, 0x2,
    0xff, 0x12, 0xff, 0x20, 0x0, 0x2f, 0xf1, 0xf,
    0xf5, 0x0, 0x6, 0xff, 0x0, 0xaf, 0xd1, 0x2,
    0xef, 0x90, 0x1, 0xef, 0xfe, 0xff, 0xd1, 0x0,
    0x1, 0x9e, 0xfe, 0x91, 0x0,

    /* U+00F3 "ó" */
    0x0, 0x0, 0x6, 0xfb, 0x0, 0x0, 0x0, 0x0,
    0xdf, 0x10, 0x0, 0x0, 0x0, 0x2b, 0x50, 0x0,
    0x0, 0x0, 0x0, 0x0, 0x0, 0x0, 0x0, 0x19,
    0xef, 0xe9, 0x10, 0x0, 0x1e, 0xff, 0xef, 0xfd,
    0x10, 0xa, 0xfd, 0x10, 0x2e, 0xf9, 0x0, 0xff,
    0x50, 0x0, 0x6f, 0xf0, 0x2f, 0xf3, 0x0, 0x2,
    0xff, 0x12, 0xff, 0x20, 0x0, 0x2f, 0xf1, 0xf,
    0xf5, 0x0, 0x6, 0xff, 0x0, 0xaf, 0xd1, 0x2,
    0xef, 0x90, 0x1, 0xef, 0xfe, 0xff, 0xd1, 0x0,
    0x1, 0x9e, 0xfe, 0x91, 0x0,

    /* U+00F4 "ô" */
    0x0, 0x1, 0xdf, 0xc1, 0x0, 0x0, 0x1, 0xde,
    0x5f, 0xc0, 0x0, 0x0, 0x58, 0x30, 0x38, 0x40,
    0x0, 0x0, 0x0, 0x0, 0x0, 0x0, 0x0, 0x19,
    0xef, 0xe9, 0x10, 0x0, 0x1e, 0xff, 0xef, 0xfd,
    0x10, 0xa, 0xfd, 0x10, 0x2e, 0xf9, 0x0, 0xff,
    0x50, 0x0, 0x6f, 0xf0, 0x2f, 0xf3, 0x0, 0x2,
    0xff, 0x12, 0xff, 0x20, 0x0, 0x2f, 0xf1, 0xf,
    0xf5, 0x0, 0x6, 0xff, 0x0, 0xaf, 0xd1, 0x2,
    0xef, 0x90, 0x1, 0xef, 0xfe, 0xff, 0xd1, 0x0,
    0x1, 0x9e, 0xfe, 0x91, 0x0,

    /* U+00F5 "õ" */
    0x0, 0x4, 0x74, 0x17, 0x20, 0x0, 0x3, 0xfe,
    0xff, 0xf1, 0x0, 0x0, 0x25, 0x2, 0x52, 0x0,
    0x0, 0x0, 0x0, 0x0, 0x0, 0x0, 0x0, 0x19,
    0xef, 0xe9, 0x10, 0x0, 0x1e, 0xff, 0xef, 0xfd,
    0x10, 0xa, 0xfd, 0x10, 0x2e, 0xf9, 0x0, 0xff,
    0x50, 0x0, 0x6f, 0xf0, 0x2f, 0xf3, 0x0, 0x2,
    0xff, 0x12, 0xff, 0x20, 0x0, 0x2f, 0xf1, 0xf,
    0xf5, 0x0, 0x6, 0xff, 0x0, 0xaf, 0xd1, 0x2,
    0xef, 0x90, 0x1, 0xef, 0xfe, 0xff, 0xd1, 0x0,
    0x1, 0x9e, 0xfe, 0x91, 0x0,

    /* U+00F6 "ö" */
    0x0, 0x17, 0x20, 0x27, 0x10, 0x0, 0x9, 0xfb,
    0xc, 0xf8, 0x0, 0x0, 0x4d, 0x60, 0x7d, 0x40,
    0x0, 0x0, 0x0, 0x0, 0x0, 0x0, 0x0, 0x19,
    0xef, 0xe9, 0x10, 0x0, 0x1e, 0xff, 0xef, 0xfd,
    0x10, 0xa, 0xfd, 0x10, 0x2e, 0xf9, 0x0, 0xff,
    0x50, 0x0, 0x6f, 0xf0, 0x2f, 0xf3, 0x0, 0x2,
    0xff, 0x12, 0xff, 0x20, 0x0, 0x2f, 0xf1, 0xf,
    0xf5, 0x0, 0x6, 0xff, 0x0, 0xaf, 0xd1, 0x2,
    0xef, 0x90, 0x1, 0xef, 0xfe, 0xff, 0xd1, 0x0,
    0x1, 0x9e, 0xfe, 0x91, 0x0,

    /* U+00F7 "÷" */
    0x0, 0x1, 0xdd, 0x20, 0x0, 0x0, 0x4, 0xff,
    0x60, 0x0, 0x0, 0x0, 0xaa, 0x10, 0x0, 0x0,
    0x0, 0x0, 0x0, 0x0, 0x4f, 0xff, 0xff, 0xff,
    0xf5, 0x4f, 0xff, 0xff, 0xff, 0xf6, 0x0, 0x0,
    0x0, 0x0, 0x0, 0x0, 0x0, 0xaa, 0x10, 0x0,
    0x0, 0x4, 0xff, 0x60, 0x0, 0x0, 0x1, 0xdd,
    0x20, 0x0,

    /* U+00F8 "ø" */
    0x0, 0x0, 0x0, 0x0, 0x1, 0x0, 0x1, 0x9e,
    0xfe, 0x97, 0xe0, 0x1, 0xef, 0xfe, 0xff, 0xf7,
    0x0, 0xaf, 0xd1, 0x5, 0xff, 0x90, 0xf, 0xf5,
    0x1, 0xef, 0xff, 0x2, 0xff, 0x30, 0xcc, 0x3f,
    0xf1, 0x2f, 0xf3, 0xbd, 0x12, 0xff, 0x10, 0xff,
    0xfe, 0x20, 0x6f, 0xf0, 0xa, 0xff, 0x50, 0x2e,
    0xf9, 0x0, 0x7f, 0xff, 0xef, 0xfd, 0x10, 0x1f,
    0x89, 0xef, 0xe9, 0x10, 0x0, 0x20, 0x0, 0x0,
    0x0, 0x0,

    /* U+00F9 "ù" */
    0x0, 0xbf, 0x60, 0x0, 0x0, 0x2, 0xfd, 0x0,
    0x0, 0x0, 0x5, 0xb2, 0x0, 0x0, 0x0, 0x0,
    0x0, 0x0, 0xcf, 0x80, 0x0, 0x7f, 0xdc, 0xf8,
    0x0, 0x7, 0xfd, 0xcf, 0x80, 0x0, 0x7f, 0xdc,
    0xf8, 0x0, 0x7, 0xfd, 0xcf, 0x80, 0x0, 0x7f,
    0xdc, 0xf8, 0x0, 0x7, 0xfd, 0xcf, 0x90, 0x0,
    0x9f, 0xda, 0xff, 0x30, 0x4f, 0xfd, 0x3f, 0xff,
    0xff, 0xaf, 0xd0, 0x5d, 0xfd, 0x55, 0xfd,

    /* U+00FA "ú" */
    0x0, 0x0, 0x5f, 0xb0, 0x0, 0x0, 0xd, 0xf2,
    0x0, 0x0, 0x2, 0xb5, 0x0, 0x0, 0x0, 0x0,
    0x0, 0x0, 0xcf, 0x80, 0x0, 0x7f, 0xdc, 0xf8,
    0x0, 0x7, 0xfd, 0xcf, 0x80, 0x0, 0x7f, 0xdc,
    0xf8, 0x0, 0x7, 0xfd, 0xcf, 0x80, 0x0, 0x7f,
    0xdc, 0xf8, 0x0, 0x7, 0xfd, 0xcf, 0x90, 0x0,
    0x9f, 0xda, 0xff, 0x30, 0x4f, 0xfd, 0x3f, 0xff,
    0xff, 0xaf, 0xd0, 0x5d, 0xfd, 0x55, 0xfd,

    /* U+00FB "û" */
    0x0, 0x1d, 0xfd, 0x10, 0x0, 0x1d, 0xf5, 0xec,
    0x0, 0x4, 0x83, 0x3, 0x84, 0x0, 0x0, 0x0,
    0x0, 0x0, 0xcf, 0x80, 0x0, 0x7f, 0xdc, 0xf8,
    0x0, 0x7, 0xfd, 0xcf, 0x80, 0x0, 0x7f, 0xdc,
    0xf8, 0x0, 0x7, 0xfd, 0xcf, 0x80, 0x0, 0x7f,
    0xdc, 0xf8, 0x0, 0x7, 0xfd, 0xcf, 0x90, 0x0,
    0x9f, 0xda, 0xff, 0x30, 0x4f, 0xfd, 0x3f, 0xff,
    0xff, 0xaf, 0xd0, 0x5d, 0xfd, 0x55, 0xfd,

    /* U+00FC "ü" */
    0x1, 0x72, 0x2, 0x71, 0x0, 0x8f, 0xb0, 0xbf,
    0x90, 0x4, 0xd6, 0x6, 0xd4, 0x0, 0x0, 0x0,
    0x0, 0x0, 0xcf, 0x80, 0x0, 0x7f, 0xdc, 0xf8,
    0x0, 0x7, 0xfd, 0xcf, 0x80, 0x0, 0x7f, 0xdc,
    0xf8, 0x0, 0x7, 0xfd, 0xcf, 0x80, 0x0, 0x7f,
    0xdc, 0xf8, 0x0, 0x7, 0xfd, 0xcf, 0x90, 0x0,
    0x9f, 0xda, 0xff, 0x30, 0x4f, 0xfd, 0x3f, 0xff,
    0xff, 0xaf, 0xd0, 0x5d, 0xfd, 0x55, 0xfd,

    /* U+00FD "ý" */
    0x0, 0x0, 0x5, 0xb7, 0x0, 0x0, 0x0, 0x0,
    0xdf, 0x20, 0x0, 0x0, 0x0, 0x5f, 0x70, 0x0,
    0x0, 0x0, 0x0, 0x0, 0x0, 0x0, 0x7f, 0xe0,
    0x0, 0x5, 0xff, 0x11, 0xff, 0x40, 0x0, 0xaf,
    0xb0, 0xb, 0xf9, 0x0, 0xf, 0xf5, 0x0, 0x6f,
    0xe0, 0x5, 0xfe, 0x0, 0x0, 0xff, 0x30, 0xaf,
    0x90, 0x0, 0xa, 0xf9, 0xf, 0xf3, 0x0, 0x0,
    0x4f, 0xd4, 0xfd, 0x0, 0x0, 0x0, 0xef, 0xaf,
    0x70, 0x0, 0x0, 0x9, 0xff, 0xf1, 0x0, 0x0,
    0x0, 0x3f, 0xfb, 0x0, 0x0, 0x0, 0x0, 0xff,
    0x60, 0x0, 0x0, 0x0, 0x6f, 0xe0, 0x0, 0x0,
    0x8, 0xff, 0xf7, 0x0, 0x0, 0x0, 0xbf, 0xe7,
    0x0, 0x0, 0x0,

    /* U+00FE "þ" */
    0xcf, 0x80, 0x0, 0x0, 0x0, 0xcf, 0x80, 0x0,
    0x0, 0x0, 0xcf, 0x80, 0x0, 0x0, 0x0, 0xcf,
    0x85, 0xdf, 0xc5, 0x0, 0xcf, 0xbf, 0xef, 0xff,
    0x60, 0xcf, 0xf5, 0x1, 0xbf, 0xf0, 0xcf, 0xb0,
    0x0, 0x2f, 0xf4, 0xcf, 0x70, 0x0, 0xe, 0xf6,
    0xcf, 0x70, 0x0, 0xe, 0xf6, 0xcf, 0xb0, 0x0,
    0x2f, 0xf4, 0xcf, 0xf5, 0x1, 0xbf, 0xf0, 0xcf,
    0xcf, 0xef, 0xff, 0x60, 0xcf, 0x85, 0xdf, 0xd5,
    0x0, 0xcf, 0x80, 0x0, 0x0, 0x0, 0xcf, 0x80,
    0x0, 0x0, 0x0, 0xcf, 0x80, 0x0, 0x0, 0x0,
    0xcf, 0x80, 0x0, 0x0, 0x0,

    /* U+00FF "ÿ" */
    0x0, 0x27, 0x10, 0x36, 0x0, 0x0, 0xb, 0xf8,
    0xe, 0xf6, 0x0, 0x0, 0x6d, 0x40, 0x9d, 0x20,
    0x0, 0x0, 0x0, 0x0, 0x0, 0x0, 0x7f, 0xe0,
    0x0, 0x5, 0xff, 0x11, 0xff, 0x40, 0x0, 0xaf,
    0xb0, 0xb, 0xf9, 0x0, 0xf, 0xf5, 0x0, 0x6f,
    0xe0, 0x5, 0xfe, 0x0, 0x0, 0xff, 0x30, 0xaf,
    0x90, 0x0, 0xa, 0xf9, 0xf, 0xf3, 0x0, 0x0,
    0x4f, 0xd4, 0xfd, 0x0, 0x0, 0x0, 0xef, 0xaf,
    0x70, 0x0, 0x0, 0x9, 0xff, 0xf1, 0x0, 0x0,
    0x0, 0x3f, 0xfb, 0x0, 0x0, 0x0, 0x0, 0xff,
    0x60, 0x0, 0x0, 0x0, 0x6f, 0xe0, 0x0, 0x0,
    0x8, 0xff, 0xf7, 0x0, 0x0, 0x0, 0xbf, 0xe7,
    0x0, 0x0, 0x0,

    /* U+2018 "‘" */
    0x2, 0xf8, 0x7, 0xf5, 0xc, 0xf3, 0xf, 0xf1,
    0x5f, 0xe0, 0x25, 0x40,

    /* U+2019 "’" */
    0x4, 0x52, 0xe, 0xf5, 0xf, 0xf1, 0x3f, 0xc0,
    0x5f, 0x70, 0x7f, 0x30,

    /* U+201A "‚" */
    0x5, 0x50, 0x4f, 0xe0, 0x6f, 0xa0, 0x9f, 0x60,
    0xbf, 0x10, 0xdc, 0x0,

    /* U+201B "‛" */
    0x2f, 0xf2, 0xd, 0xf4, 0x8, 0xf6, 0x4, 0xf9,
    0x0, 0xfb, 0x0, 0x44,

    /* U+201C "“" */
    0x2, 0xf8, 0x5, 0xf5, 0x7, 0xf5, 0xa, 0xf2,
    0xc, 0xf3, 0xe, 0xf0, 0xf, 0xf1, 0x3f, 0xe0,
    0x5f, 0xe0, 0x7f, 0xb0, 0x25, 0x40, 0x35, 0x30,

    /* U+201D "”" */
    0x4, 0x52, 0x5, 0x51, 0xe, 0xf5, 0x2f, 0xf1,
    0xf, 0xf1, 0x5f, 0xc0, 0x3f, 0xc0, 0x7f, 0x70,
    0x5f, 0x70, 0x9f, 0x30, 0x7f, 0x30, 0xce, 0x0,

    /* U+2022 "•" */
    0x0, 0x69, 0x70, 0x0, 0xbf, 0xff, 0xc0, 0x2f,
    0xff, 0xff, 0x33, 0xff, 0xff, 0xf4, 0xe, 0xff,
    0xfe, 0x0, 0x2c, 0xfc, 0x30,

    /* U+2026 "…" */
    0x2b, 0x90, 0x0, 0x4c, 0x60, 0x0, 0x7c, 0x37,
    0xff, 0x30, 0xb, 0xff, 0x0, 0xf, 0xfb, 0x3e,
    0xc0, 0x0, 0x6f, 0x90, 0x0, 0xaf, 0x50
};


/*---------------------
 *  GLYPH DESCRIPTION
 *--------------------*/

static const lv_font_fmt_txt_glyph_dsc_t glyph_dsc[] = {
    {.bitmap_index = 0, .adv_w = 0, .box_w = 0, .box_h = 0, .ofs_x = 0, .ofs_y = 0} /* id = 0 reserved */,
    {.bitmap_index = 0, .adv_w = 73, .box_w = 0, .box_h = 0, .ofs_x = 0, .ofs_y = 0},
    {.bitmap_index = 0, .adv_w = 93, .box_w = 4, .box_h = 13, .ofs_x = 1, .ofs_y = 0},
    {.bitmap_index = 26, .adv_w = 151, .box_w = 7, .box_h = 6, .ofs_x = 1, .ofs_y = 7},
    {.bitmap_index = 47, .adv_w = 185, .box_w = 12, .box_h = 13, .ofs_x = 0, .ofs_y = 0},
    {.bitmap_index = 125, .adv_w = 187, .box_w = 11, .box_h = 17, .ofs_x = 0, .ofs_y = -2},
    {.bitmap_index = 219, .adv_w = 289, .box_w = 16, .box_h = 13, .ofs_x = 1, .ofs_y = 0},
    {.bitmap_index = 323, .adv_w = 191, .box_w = 12, .box_h = 13, .ofs_x = 0, .ofs_y = 0},
    {.bitmap_index = 401, .adv_w = 94, .box_w = 4, .box_h = 6, .ofs_x = 1, .ofs_y = 7},
    {.bitmap_index = 413, .adv_w = 107, .box_w = 6, .box_h = 17, .ofs_x = 1, .ofs_y = -2},
    {.bitmap_index = 464, .adv_w = 107, .box_w = 6, .box_h = 17, .ofs_x = 0, .ofs_y = -2},
    {.bitmap_index = 515, .adv_w = 155, .box_w = 8, .box_h = 8, .ofs_x = 1, .ofs_y = 5},
    {.bitmap_index = 547, .adv_w = 194, .box_w = 10, .box_h = 9, .ofs_x = 1, .ofs_y = 1},
    {.bitmap_index = 592, .adv_w = 92, .box_w = 4, .box_h = 6, .ofs_x = 1, .ofs_y = -4},
    {.bitmap_index = 604, .adv_w = 134, .box_w = 7, .box_h = 2, .ofs_x = 1, .ofs_y = 5},
    {.bitmap_index = 611, .adv_w = 92, .box_w = 4, .box_h = 3, .ofs_x = 1, .ofs_y = 0},
    {.bitmap_index = 617, .adv_w = 109, .box_w = 7, .box_h = 16, .ofs_x = 0, .ofs_y = -2},
    {.bitmap_index = 673, .adv_w = 190, .box_w = 11, .box_h = 13, .ofs_x = 0, .ofs_y = 0},
    {.bitmap_index = 745, .adv_w = 122, .box_w = 7, .box_h = 13, .ofs_x = 0, .ofs_y = 0},
    {.bitmap_index = 791, .adv_w = 179, .box_w = 10, .box_h = 13, .ofs_x = 1, .ofs_y = 0},
    {.bitmap_index = 856, .adv_w = 183, .box_w = 11, .box_h = 13, .ofs_x = 0, .ofs_y = 0},
    {.bitmap_index = 928, .adv_w = 192, .box_w = 12, .box_h = 13, .ofs_x = 0, .ofs_y = 0},
    {.bitmap_index = 1006, .adv_w = 176, .box_w = 11, .box_h = 13, .ofs_x = 0, .ofs_y = 0},
    {.bitmap_index = 1078, .adv_w = 184, .box_w = 11, .box_h = 13, .ofs_x = 0, .ofs_y = 0},
    {.bitmap_index = 1150, .adv_w = 166, .box_w = 10, .box_h = 13, .ofs_x = 0, .ofs_y = 0},
    {.bitmap_index = 1215, .adv_w = 184, .box_w = 11, .box_h = 13, .ofs_x = 0, .ofs_y = 0},
    {.bitmap_index = 1287, .adv_w = 184, .box_w = 11, .box_h = 13, .ofs_x = 0, .ofs_y = 0},
    {.bitmap_index = 1359, .adv_w = 92, .box_w = 4, .box_h = 10, .ofs_x = 1, .ofs_y = 0},
    {.bitmap_index = 1379, .adv_w = 95, .box_w = 4, .box_h = 13, .ofs_x = 1, .ofs_y = -4},
    {.bitmap_index = 1405, .adv_w = 194, .box_w = 10, .box_h = 11, .ofs_x = 1, .ofs_y = 0},
    {.bitmap_index = 1460, .adv_w = 194, .box_w = 10, .box_h = 6, .ofs_x = 1, .ofs_y = 2},
    {.bitmap_index = 1490, .adv_w = 194, .box_w = 10, .box_h = 11, .ofs_x = 1, .ofs_y = 0},
    {.bitmap_index = 1545, .adv_w = 157, .box_w = 9, .box_h = 13, .ofs_x = 0, .ofs_y = 0},
    {.bitmap_index = 1604, .adv_w = 288, .box_w = 18, .box_h = 17, .ofs_x = 0, .ofs_y = -4},
    {.bitmap_index = 1757, .adv_w = 210, .box_w = 13, .box_h = 13, .ofs_x = 0, .ofs_y = 0},
    {.bitmap_index = 1842, .adv_w = 190, .box_w = 11, .box_h = 13, .ofs_x = 1, .ofs_y = 0},
    {.bitmap_index = 1914, .adv_w = 212, .box_w = 13, .box_h = 13, .ofs_x = 0, .ofs_y = 0},
    {.bitmap_index = 1999, .adv_w = 208, .box_w = 12, .box_h = 13, .ofs_x = 1, .ofs_y = 0},
    {.bitmap_index = 2077, .adv_w = 174, .box_w = 9, .box_h = 13, .ofs_x = 1, .ofs_y = 0},
    {.bitmap_index = 2136, .adv_w = 169, .box_w = 9, .box_h = 13, .ofs_x = 1, .ofs_y = 0},
    {.bitmap_index = 2195, .adv_w = 216, .box_w = 13, .box_h = 13, .ofs_x = 0, .ofs_y = 0},
    {.bitmap_index = 2280, .adv_w = 215, .box_w = 12, .box_h = 13, .ofs_x = 1, .ofs_y = 0},
    {.bitmap_index = 2358, .adv_w = 80, .box_w = 3, .box_h = 13, .ofs_x = 1, .ofs_y = 0},
    {.bitmap_index = 2378, .adv_w = 167, .box_w = 10, .box_h = 13, .ofs_x = 0, .ofs_y = 0},
    {.bitmap_index = 2443, .adv_w = 203, .box_w = 12, .box_h = 13, .ofs_x = 1, .ofs_y = 0},
    {.bitmap_index = 2521, .adv_w = 163, .box_w = 9, .box_h = 13, .ofs_x = 1, .ofs_y = 0},
    {.bitmap_index = 2580, .adv_w = 266, .box_w = 15, .box_h = 13, .ofs_x = 1, .ofs_y = 0},
    {.bitmap_index = 2678, .adv_w = 219, .box_w = 12, .box_h = 13, .ofs_x = 1, .ofs_y = 0},
    {.bitmap_index = 2756, .adv_w = 221, .box_w = 13, .box_h = 13, .ofs_x = 0, .ofs_y = 0},
    {.bitmap_index = 2841, .adv_w = 186, .box_w = 10, .box_h = 13, .ofs_x = 1, .ofs_y = 0},
    {.bitmap_index = 2906, .adv_w = 223, .box_w = 13, .box_h = 14, .ofs_x = 0, .ofs_y = -1},
    {.bitmap_index = 2997, .adv_w = 188, .box_w = 11, .box_h = 13, .ofs_x = 1, .ofs_y = 0},
    {.bitmap_index = 3069, .adv_w = 187, .box_w = 11, .box_h = 13, .ofs_x = 0, .ofs_y = 0},
    {.bitmap_index = 3141, .adv_w = 190, .box_w = 12, .box_h = 13, .ofs_x = 0, .ofs_y = 0},
    {.bitmap_index = 3219, .adv_w = 212, .box_w = 11, .box_h = 13, .ofs_x = 1, .ofs_y = 0},
    {.bitmap_index = 3291, .adv_w = 210, .box_w = 13, .box_h = 13, .ofs_x = 0, .ofs_y = 0},
    {.bitmap_index = 3376, .adv_w = 294, .box_w = 18, .box_h = 13, .ofs_x = 0, .ofs_y = 0},
    {.bitmap_index = 3493, .adv_w = 207, .box_w = 13, .box_h = 13, .ofs_x = 0, .ofs_y = 0},
    {.bitmap_index = 3578, .adv_w = 205, .box_w = 13, .box_h = 13, .ofs_x = 0, .ofs_y = 0},
    {.bitmap_index = 3663, .adv_w = 188, .box_w = 10, .box_h = 13, .ofs_x = 1, .ofs_y = 0},
    {.bitmap_index = 3728, .adv_w = 107, .box_w = 5, .box_h = 17, .ofs_x = 1, .ofs_y = -2},
    {.bitmap_index = 3771, .adv_w = 109, .box_w = 7, .box_h = 16, .ofs_x = 0, .ofs_y = -2},
    {.bitmap_index = 3827, .adv_w = 107, .box_w = 5, .box_h = 17, .ofs_x = 0, .ofs_y = -2},
    {.bitmap_index = 3870, .adv_w = 139, .box_w = 9, .box_h = 6, .ofs_x = 0, .ofs_y = 7},
    {.bitmap_index = 3897, .adv_w = 135, .box_w = 9, .box_h = 2, .ofs_x = 0, .ofs_y = -2},
    {.bitmap_index = 3906, .adv_w = 101, .box_w = 4, .box_h = 3, .ofs_x = 1, .ofs_y = 11},
    {.bitmap_index = 3912, .adv_w = 165, .box_w = 10, .box_h = 10, .ofs_x = 0, .ofs_y = 0},
    {.bitmap_index = 3962, .adv_w = 180, .box_w = 10, .box_h = 13, .ofs_x = 1, .ofs_y = 0},
    {.bitmap_index = 4027, .adv_w = 168, .box_w = 10, .box_h = 10, .ofs_x = 0, .ofs_y = 0},
    {.bitmap_index = 4077, .adv_w = 180, .box_w = 11, .box_h = 13, .ofs_x = 0, .ofs_y = 0},
    {.bitmap_index = 4149, .adv_w = 170, .box_w = 10, .box_h = 10, .ofs_x = 0, .ofs_y = 0},
    {.bitmap_index = 4199, .adv_w = 112, .box_w = 7, .box_h = 14, .ofs_x = 0, .ofs_y = 0},
    {.bitmap_index = 4248, .adv_w = 180, .box_w = 11, .box_h = 14, .ofs_x = 0, .ofs_y = -4},
    {.bitmap_index = 4325, .adv_w = 176, .box_w = 9, .box_h = 13, .ofs_x = 1, .ofs_y = 0},
    {.bitmap_index = 4384, .adv_w = 75, .box_w = 3, .box_h = 14, .ofs_x = 1, .ofs_y = 0},
    {.bitmap_index = 4405, .adv_w = 75, .box_w = 5, .box_h = 18, .ofs_x = -1, .ofs_y = -4},
    {.bitmap_index = 4450, .adv_w = 164, .box_w = 10, .box_h = 13, .ofs_x = 1, .ofs_y = 0},
    {.bitmap_index = 4515, .adv_w = 75, .box_w = 3, .box_h = 13, .ofs_x = 1, .ofs_y = 0},
    {.bitmap_index = 4535, .adv_w = 259, .box_w = 14, .box_h = 10, .ofs_x = 1, .ofs_y = 0},
    {.bitmap_index = 4605, .adv_w = 176, .box_w = 9, .box_h = 10, .ofs_x = 1, .ofs_y = 0},
    {.bitmap_index = 4650, .adv_w = 175, .box_w = 11, .box_h = 10, .ofs_x = 0, .ofs_y = 0},
    {.bitmap_index = 4705, .adv_w = 180, .box_w = 10, .box_h = 14, .ofs_x = 1, .ofs_y = -4},
    {.bitmap_index = 4775, .adv_w = 180, .box_w = 11, .box_h = 14, .ofs_x = 0, .ofs_y = -4},
    {.bitmap_index = 4852, .adv_w = 114, .box_w = 6, .box_h = 11, .ofs_x = 1, .ofs_y = 0},
    {.bitmap_index = 4885, .adv_w = 158, .box_w = 10, .box_h = 10, .ofs_x = 0, .ofs_y = 0},
    {.bitmap_index = 4935, .adv_w = 102, .box_w = 7, .box_h = 13, .ofs_x = 0, .ofs_y = 0},
    {.bitmap_index = 4981, .adv_w = 176, .box_w = 9, .box_h = 10, .ofs_x = 1, .ofs_y = 0},
    {.bitmap_index = 5026, .adv_w = 169, .box_w = 11, .box_h = 10, .ofs_x = 0, .ofs_y = 0},
    {.bitmap_index = 5081, .adv_w = 242, .box_w = 15, .box_h = 10, .ofs_x = 0, .ofs_y = 0},
    {.bitmap_index = 5156, .adv_w = 164, .box_w = 10, .box_h = 10, .ofs_x = 0, .ofs_y = 0},
    {.bitmap_index = 5206, .adv_w = 169, .box_w = 11, .box_h = 14, .ofs_x = 0, .ofs_y = -4},
    {.bitmap_index = 5283, .adv_w = 163, .box_w = 9, .box_h = 10, .ofs_x = 1, .ofs_y = 0},
    {.bitmap_index = 5328, .adv_w = 131, .box_w = 7, .box_h = 17, .ofs_x = 1, .ofs_y = -3},
    {.bitmap_index = 5388, .adv_w = 103, .box_w = 3, .box_h = 22, .ofs_x = 2, .ofs_y = -4},
    {.bitmap_index = 5421, .adv_w = 131, .box_w = 7, .box_h = 17, .ofs_x = 0, .ofs_y = -3},
    {.bitmap_index = 5481, .adv_w = 194, .box_w = 10, .box_h = 4, .ofs_x = 1, .ofs_y = 3},
    {.bitmap_index = 5501, .adv_w = 73, .box_w = 0, .box_h = 0, .ofs_x = 0, .ofs_y = 0},
    {.bitmap_index = 5501, .adv_w = 93, .box_w = 4, .box_h = 13, .ofs_x = 1, .ofs_y = -3},
    {.bitmap_index = 5527, .adv_w = 168, .box_w = 10, .box_h = 13, .ofs_x = 0, .ofs_y = 0},
    {.bitmap_index = 5592, .adv_w = 181, .box_w = 11, .box_h = 13, .ofs_x = 0, .ofs_y = 0},
    {.bitmap_index = 5664, .adv_w = 216, .box_w = 12, .box_h = 13, .ofs_x = 1, .ofs_y = -1},
    {.bitmap_index = 5742, .adv_w = 162, .box_w = 10, .box_h = 13, .ofs_x = 0, .ofs_y = 0},
    {.bitmap_index = 5807, .adv_w = 91, .box_w = 3, .box_h = 16, .ofs_x = 1, .ofs_y = -3},
    {.bitmap_index = 5831, .adv_w = 164, .box_w = 10, .box_h = 16, .ofs_x = 0, .ofs_y = -3},
    {.bitmap_index = 5911, .adv_w = 176, .box_w = 7, .box_h = 3, .ofs_x = 2, .ofs_y = 11},
    {.bitmap_index = 5922, .adv_w = 263, .box_w = 14, .box_h = 14, .ofs_x = 1, .ofs_y = 0},
    {.bitmap_index = 6020, .adv_w = 133, .box_w = 8, .box_h = 8, .ofs_x = 0, .ofs_y = 6},
    {.bitmap_index = 6052, .adv_w = 183, .box_w = 11, .box_h = 9, .ofs_x = 0, .ofs_y = 1},
    {.bitmap_index = 6102, .adv_w = 194, .box_w = 9, .box_h = 5, .ofs_x = 1, .ofs_y = 2},
    {.bitmap_index = 6125, .adv_w = 191, .box_w = 12, .box_h = 12, .ofs_x = 0, .ofs_y = 2},
    {.bitmap_index = 6197, .adv_w = 130, .box_w = 6, .box_h = 2, .ofs_x = 1, .ofs_y = 12},
    {.bitmap_index = 6203, .adv_w = 132, .box_w = 7, .box_h = 6, .ofs_x = 1, .ofs_y = 7},
    {.bitmap_index = 6224, .adv_w = 194, .box_w = 10, .box_h = 10, .ofs_x = 1, .ofs_y = 0},
    {.bitmap_index = 6274, .adv_w = 131, .box_w = 8, .box_h = 8, .ofs_x = 0, .ofs_y = 8},
    {.bitmap_index = 6306, .adv_w = 133, .box_w = 8, .box_h = 8, .ofs_x = 0, .ofs_y = 8},
    {.bitmap_index = 6338, .adv_w = 101, .box_w = 4, .box_h = 3, .ofs_x = 1, .ofs_y = 11},
    {.bitmap_index = 6344, .adv_w = 177, .box_w = 10, .box_h = 14, .ofs_x = 1, .ofs_y = -4},
    {.bitmap_index = 6414, .adv_w = 173, .box_w = 10, .box_h = 13, .ofs_x = 0, .ofs_y = 0},
    {.bitmap_index = 6479, .adv_w = 92, .box_w = 4, .box_h = 3, .ofs_x = 1, .ofs_y = 5},
    {.bitmap_index = 6485, .adv_w = 96, .box_w = 5, .box_h = 4, .ofs_x = 1, .ofs_y = -4},
    {.bitmap_index = 6495, .adv_w = 93, .box_w = 5, .box_h = 8, .ofs_x = 0, .ofs_y = 8},
    {.bitmap_index = 6515, .adv_w = 140, .box_w = 9, .box_h = 8, .ofs_x = 0, .ofs_y = 6},
    {.bitmap_index = 6551, .adv_w = 183, .box_w = 11, .box_h = 9, .ofs_x = 0, .ofs_y = 1},
    {.bitmap_index = 6601, .adv_w = 239, .box_w = 15, .box_h = 14, .ofs_x = 0, .ofs_y = -1},
    {.bitmap_index = 6706, .adv_w = 250, .box_w = 15, .box_h = 14, .ofs_x = 0, .ofs_y = -1},
    {.bitmap_index = 6811, .adv_w = 261, .box_w = 16, .box_h = 15, .ofs_x = 0, .ofs_y = -1},
    {.bitmap_index = 6931, .adv_w = 157, .box_w = 10, .box_h = 14, .ofs_x = 0, .ofs_y = -4},
    {.bitmap_index = 7001, .adv_w = 210, .box_w = 13, .box_h = 17, .ofs_x = 0, .ofs_y = 0},
    {.bitmap_index = 7112, .adv_w = 210, .box_w = 13, .box_h = 17, .ofs_x = 0, .ofs_y = 0},
    {.bitmap_index = 7223, .adv_w = 210, .box_w = 13, .box_h = 17, .ofs_x = 0, .ofs_y = 0},
    {.bitmap_index = 7334, .adv_w = 210, .box_w = 13, .box_h = 18, .ofs_x = 0, .ofs_y = 0},
    {.bitmap_index = 7451, .adv_w = 210, .box_w = 13, .box_h = 17, .ofs_x = 0, .ofs_y = 0},
    {.bitmap_index = 7562, .adv_w = 210, .box_w = 13, .box_h = 18, .ofs_x = 0, .ofs_y = 0},
    {.bitmap_index = 7679, .adv_w = 292, .box_w = 18, .box_h = 13, .ofs_x = 0, .ofs_y = 0},
    {.bitmap_index = 7796, .adv_w = 212, .box_w = 13, .box_h = 17, .ofs_x = 0, .ofs_y = -4},
    {.bitmap_index = 7907, .adv_w = 174, .box_w = 9, .box_h = 17, .ofs_x = 1, .ofs_y = 0},
    {.bitmap_index = 7984, .adv_w = 174, .box_w = 9, .box_h = 17, .ofs_x = 1, .ofs_y = 0},
    {.bitmap_index = 8061, .adv_w = 174, .box_w = 9, .box_h = 17, .ofs_x = 1, .ofs_y = 0},
    {.bitmap_index = 8138, .adv_w = 174, .box_w = 9, .box_h = 17, .ofs_x = 1, .ofs_y = 0},
    {.bitmap_index = 8215, .adv_w = 80, .box_w = 5, .box_h = 17, .ofs_x = -1, .ofs_y = 0},
    {.bitmap_index = 8258, .adv_w = 80, .box_w = 5, .box_h = 17, .ofs_x = 1, .ofs_y = 0},
    {.bitmap_index = 8301, .adv_w = 80, .box_w = 7, .box_h = 17, .ofs_x = -1, .ofs_y = 0},
    {.bitmap_index = 8361, .adv_w = 80, .box_w = 7, .box_h = 17, .ofs_x = -1, .ofs_y = 0},
    {.bitmap_index = 8421, .adv_w = 216, .box_w = 13, .box_h = 13, .ofs_x = 0, .ofs_y = 0},
    {.bitmap_index = 8506, .adv_w = 219, .box_w = 12, .box_h = 18, .ofs_x = 1, .ofs_y = 0},
    {.bitmap_index = 8614, .adv_w = 221, .box_w = 13, .box_h = 17, .ofs_x = 0, .ofs_y = 0},
    {.bitmap_index = 8725, .adv_w = 221, .box_w = 13, .box_h = 17, .ofs_x = 0, .ofs_y = 0},
    {.bitmap_index = 8836, .adv_w = 221, .box_w = 13, .box_h = 18, .ofs_x = 0, .ofs_y = 0},
    {.bitmap_index = 8953, .adv_w = 221, .box_w = 13, .box_h = 18, .ofs_x = 0, .ofs_y = 0},
    {.bitmap_index = 9070, .adv_w = 221, .box_w = 13, .box_h = 17, .ofs_x = 0, .ofs_y = 0},
    {.bitmap_index = 9181, .adv_w = 194, .box_w = 10, .box_h = 10, .ofs_x = 1, .ofs_y = 0},
    {.bitmap_index = 9231, .adv_w = 221, .box_w = 13, .box_h = 15, .ofs_x = 0, .ofs_y = -1},
    {.bitmap_index = 9329, .adv_w = 212, .box_w = 11, .box_h = 17, .ofs_x = 1, .ofs_y = 0},
    {.bitmap_index = 9423, .adv_w = 212, .box_w = 11, .box_h = 17, .ofs_x = 1, .ofs_y = 0},
    {.bitmap_index = 9517, .adv_w = 212, .box_w = 11, .box_h = 18, .ofs_x = 1, .ofs_y = 0},
    {.bitmap_index = 9616, .adv_w = 212, .box_w = 11, .box_h = 17, .ofs_x = 1, .ofs_y = 0},
    {.bitmap_index = 9710, .adv_w = 205, .box_w = 13, .box_h = 17, .ofs_x = 0, .ofs_y = 0},
    {.bitmap_index = 9821, .adv_w = 189, .box_w = 10, .box_h = 13, .ofs_x = 1, .ofs_y = 0},
    {.bitmap_index = 9886, .adv_w = 185, .box_w = 10, .box_h = 13, .ofs_x = 1, .ofs_y = 0},
    {.bitmap_index = 9951, .adv_w = 165, .box_w = 10, .box_h = 14, .ofs_x = 0, .ofs_y = 0},
    {.bitmap_index = 10021, .adv_w = 165, .box_w = 10, .box_h = 14, .ofs_x = 0, .ofs_y = 0},
    {.bitmap_index = 10091, .adv_w = 165, .box_w = 10, .box_h = 14, .ofs_x = 0, .ofs_y = 0},
    {.bitmap_index = 10161, .adv_w = 165, .box_w = 10, .box_h = 14, .ofs_x = 0, .ofs_y = 0},
    {.bitmap_index = 10231, .adv_w = 165, .box_w = 10, .box_h = 14, .ofs_x = 0, .ofs_y = 0},
    {.bitmap_index = 10301, .adv_w = 165, .box_w = 10, .box_h = 15, .ofs_x = 0, .ofs_y = 0},
    {.bitmap_index = 10376, .adv_w = 263, .box_w = 16, .box_h = 10, .ofs_x = 0, .ofs_y = 0},
    {.bitmap_index = 10456, .adv_w = 168, .box_w = 10, .box_h = 14, .ofs_x = 0, .ofs_y = -4},
    {.bitmap_index = 10526, .adv_w = 170, .box_w = 10, .box_h = 14, .ofs_x = 0, .ofs_y = 0},
    {.bitmap_index = 10596, .adv_w = 170, .box_w = 10, .box_h = 14, .ofs_x = 0, .ofs_y = 0},
    {.bitmap_index = 10666, .adv_w = 170, .box_w = 10, .box_h = 14, .ofs_x = 0, .ofs_y = 0},
    {.bitmap_index = 10736, .adv_w = 170, .box_w = 10, .box_h = 14, .ofs_x = 0, .ofs_y = 0},
    {.bitmap_index = 10806, .adv_w = 75, .box_w = 5, .box_h = 14, .ofs_x = -1, .ofs_y = 0},
    {.bitmap_index = 10841, .adv_w = 75, .box_w = 4, .box_h = 14, .ofs_x = 1, .ofs_y = 0},
    {.bitmap_index = 10869, .adv_w = 75, .box_w = 7, .box_h = 14, .ofs_x = -1, .ofs_y = 0},
    {.bitmap_index = 10918, .adv_w = 75, .box_w = 7, .box_h = 14, .ofs_x = -1, .ofs_y = 0},
    {.bitmap_index = 10967, .adv_w = 171, .box_w = 10, .box_h = 15, .ofs_x = 0, .ofs_y = 0},
    {.bitmap_index = 11042, .adv_w = 176, .box_w = 9, .box_h = 14, .ofs_x = 1, .ofs_y = 0},
    {.bitmap_index = 11105, .adv_w = 175, .box_w = 11, .box_h = 14, .ofs_x = 0, .ofs_y = 0},
    {.bitmap_index = 11182, .adv_w = 175, .box_w = 11, .box_h = 14, .ofs_x = 0, .ofs_y = 0},
    {.bitmap_index = 11259, .adv_w = 175, .box_w = 11, .box_h = 14, .ofs_x = 0, .ofs_y = 0},
    {.bitmap_index = 11336, .adv_w = 175, .box_w = 11, .box_h = 14, .ofs_x = 0, .ofs_y = 0},
    {.bitmap_index = 11413, .adv_w = 175, .box_w = 11, .box_h = 14, .ofs_x = 0, .ofs_y = 0},
    {.bitmap_index = 11490, .adv_w = 194, .box_w = 10, .box_h = 10, .ofs_x = 1, .ofs_y = 0},
    {.bitmap_index = 11540, .adv_w = 175, .box_w = 11, .box_h = 12, .ofs_x = 0, .ofs_y = -1},
    {.bitmap_index = 11606, .adv_w = 176, .box_w = 9, .box_h = 14, .ofs_x = 1, .ofs_y = 0},
    {.bitmap_index = 11669, .adv_w = 176, .box_w = 9, .box_h = 14, .ofs_x = 1, .ofs_y = 0},
    {.bitmap_index = 11732, .adv_w = 176, .box_w = 9, .box_h = 14, .ofs_x = 1, .ofs_y = 0},
    {.bitmap_index = 11795, .adv_w = 176, .box_w = 9, .box_h = 14, .ofs_x = 1, .ofs_y = 0},
    {.bitmap_index = 11858, .adv_w = 169, .box_w = 11, .box_h = 18, .ofs_x = 0, .ofs_y = -4},
    {.bitmap_index = 11957, .adv_w = 180, .box_w = 10, .box_h = 17, .ofs_x = 1, .ofs_y = -4},
    {.bitmap_index = 12042, .adv_w = 169, .box_w = 11, .box_h = 18, .ofs_x = 0, .ofs_y = -4},
    {.bitmap_index = 12141, .adv_w = 85, .box_w = 4, .box_h = 6, .ofs_x = 1, .ofs_y = 7},
    {.bitmap_index = 12153, .adv_w = 85, .box_w = 4, .box_h = 6, .ofs_x = 1, .ofs_y = 8},
    {.bitmap_index = 12165, .adv_w = 78, .box_w = 4, .box_h = 6, .ofs_x = 1, .ofs_y = -4},
    {.bitmap_index = 12177, .adv_w = 85, .box_w = 4, .box_h = 6, .ofs_x = 0, .ofs_y = 7},
    {.bitmap_index = 12189, .adv_w = 146, .box_w = 8, .box_h = 6, .ofs_x = 1, .ofs_y = 7},
    {.bitmap_index = 12213, .adv_w = 144, .box_w = 8, .box_h = 6, .ofs_x = 1, .ofs_y = 8},
    {.bitmap_index = 12237, .adv_w = 145, .box_w = 7, .box_h = 6, .ofs_x = 1, .ofs_y = 2},
    {.bitmap_index = 12258, .adv_w = 275, .box_w = 15, .box_h = 3, .ofs_x = 1, .ofs_y = 0}
};

/*---------------------
 *  CHARACTER MAPPING
 *--------------------*/

static const uint8_t glyph_id_ofs_list_3[] = {
    0, 1, 2, 3, 4, 5, 0, 0,
    0, 0, 6, 0, 0, 0, 7
};

/*Collect the unicode lists and glyph_id offsets*/
static const lv_font_fmt_txt_cmap_t cmaps[] =
{
    {
        .range_start = 32, .range_length = 95, .glyph_id_start = 1,
        .unicode_list = NULL, .glyph_id_ofs_list = NULL, .list_length = 0, .type = LV_FONT_FMT_TXT_CMAP_FORMAT0_TINY
    },
    {
        .range_start = 160, .range_length = 13, .glyph_id_start = 96,
        .unicode_list = NULL, .glyph_id_ofs_list = NULL, .list_length = 0, .type = LV_FONT_FMT_TXT_CMAP_FORMAT0_TINY
    },
    {
        .range_start = 174, .range_length = 82, .glyph_id_start = 109,
        .unicode_list = NULL, .glyph_id_ofs_list = NULL, .list_length = 0, .type = LV_FONT_FMT_TXT_CMAP_FORMAT0_TINY
    },
    {
        .range_start = 8216, .range_length = 15, .glyph_id_start = 191,
        .unicode_list = NULL, .glyph_id_ofs_list = glyph_id_ofs_list_3, .list_length = 15, .type = LV_FONT_FMT_TXT_CMAP_FORMAT0_FULL
    }
};



/*--------------------
 *  ALL CUSTOM DATA
 *--------------------*/

#if LVGL_VERSION_MAJOR == 8
/*Store all the custom data of the font*/
static  lv_font_fmt_txt_glyph_cache_t cache;
#endif

#if LVGL_VERSION_MAJOR >= 8
static const lv_font_fmt_txt_dsc_t font_dsc = {
#else
static lv_font_fmt_txt_dsc_t font_dsc = {
#endif
    .glyph_bitmap = glyph_bitmap,
    .glyph_dsc = glyph_dsc,
    .cmaps = cmaps,
    .kern_dsc = NULL,
    .kern_scale = 0,
    .cmap_num = 4,
    .bpp = 4,
    .kern_classes = 0,
    .bitmap_format = 0,
#if LVGL_VERSION_MAJOR == 8
    .cache = &cache
#endif
};



/*-----------------
 *  PUBLIC FONT
 *----------------*/

/*Initialize a public general font descriptor*/
#if LVGL_VERSION_MAJOR >= 8
const lv_font_t diskos_hifi_ui_18 = {
#else
lv_font_t diskos_hifi_ui_18 = {
#endif
    .get_glyph_dsc = lv_font_get_glyph_dsc_fmt_txt,    /*Function pointer to get glyph's data*/
    .get_glyph_bitmap = lv_font_get_bitmap_fmt_txt,    /*Function pointer to get glyph's bitmap*/
    .line_height = 22,          /*The maximum line height required by the font*/
    .base_line = 4,             /*Baseline measured from the bottom of the line*/
#if !(LVGL_VERSION_MAJOR == 6 && LVGL_VERSION_MINOR == 0)
    .subpx = LV_FONT_SUBPX_NONE,
#endif
#if LV_VERSION_CHECK(7, 4, 0) || LVGL_VERSION_MAJOR >= 8
    .underline_position = -3,
    .underline_thickness = 2,
#endif
    .dsc = &font_dsc,          /*The custom font data. Will be accessed by `get_glyph_bitmap/dsc` */
#if LV_VERSION_CHECK(8, 2, 0) || LVGL_VERSION_MAJOR >= 9
    .fallback = NULL,
#endif
    .user_data = NULL,
};



#endif /*#if DISKOS_HIFI_UI_18*/

