/*******************************************************************************
 * Size: 30 px
 * Bpp: 4
 * Opts: --font fonts/nowplaying/Inter-VF.ttf --size 30 --bpp 4 --format lvgl --range 0x20-0x7E,0xA0-0xFF,0x2018-0x201D,0x2026,0x2022 --no-compress --force-fast-kern-format --lv-font-name font_np_inter_30 -o font_np_inter_30.c
 ******************************************************************************/

#ifdef LV_LVGL_H_INCLUDE_SIMPLE
#include "lvgl.h"
#else
#include "lvgl/lvgl.h"
#endif

#ifndef FONT_NP_INTER_30
#define FONT_NP_INTER_30 1
#endif

#if FONT_NP_INTER_30

/*-----------------
 *    BITMAPS
 *----------------*/

/*Store the image of the glyphs*/
static LV_ATTRIBUTE_LARGE_CONST const uint8_t glyph_bitmap[] = {
    /* U+0020 " " */

    /* U+0021 "!" */
    0x4f, 0xff, 0xe0, 0x3f, 0xff, 0xd0, 0x3f, 0xff,
    0xd0, 0x3f, 0xff, 0xd0, 0x3f, 0xff, 0xc0, 0x2f,
    0xff, 0xc0, 0x2f, 0xff, 0xc0, 0x2f, 0xff, 0xc0,
    0x1f, 0xff, 0xb0, 0x1f, 0xff, 0xb0, 0x1f, 0xff,
    0xb0, 0x1f, 0xff, 0xa0, 0xf, 0xff, 0xa0, 0xf,
    0xff, 0xa0, 0xf, 0xff, 0x90, 0x4, 0x44, 0x20,
    0x0, 0x0, 0x0, 0x5, 0xa9, 0x20, 0x4f, 0xff,
    0xe0, 0x8f, 0xff, 0xf2, 0x6f, 0xff, 0xf1, 0x9,
    0xfe, 0x50,

    /* U+0022 "\"" */
    0xff, 0xfb, 0x0, 0xff, 0xfa, 0xef, 0xfb, 0x0,
    0xff, 0xf9, 0xef, 0xfa, 0x0, 0xff, 0xf9, 0xdf,
    0xf9, 0x0, 0xef, 0xf8, 0xcf, 0xf9, 0x0, 0xef,
    0xf7, 0xcf, 0xf8, 0x0, 0xdf, 0xf7, 0xbf, 0xf7,
    0x0, 0xcf, 0xf6, 0xaf, 0xf7, 0x0, 0xcf, 0xf5,
    0x9f, 0xf6, 0x0, 0xbf, 0xf5, 0x0, 0x0, 0x0,
    0x0, 0x0,

    /* U+0023 "#" */
    0x0, 0x0, 0x0, 0xff, 0xf0, 0x0, 0x4, 0xff,
    0xa0, 0x0, 0x0, 0x0, 0x1f, 0xfd, 0x0, 0x0,
    0x7f, 0xf8, 0x0, 0x0, 0x0, 0x4, 0xff, 0xa0,
    0x0, 0x9, 0xff, 0x50, 0x0, 0x0, 0x0, 0x7f,
    0xf8, 0x0, 0x0, 0xcf, 0xf3, 0x0, 0x0, 0x0,
    0x9, 0xff, 0x50, 0x0, 0xf, 0xff, 0x0, 0x0,
    0xe, 0xff, 0xff, 0xff, 0xff, 0xff, 0xff, 0xff,
    0xfd, 0x1, 0xff, 0xff, 0xff, 0xff, 0xff, 0xff,
    0xff, 0xff, 0xa0, 0x4f, 0xff, 0xff, 0xff, 0xff,
    0xff, 0xff, 0xff, 0xf8, 0x0, 0x0, 0x4f, 0xfb,
    0x0, 0x0, 0x9f, 0xf6, 0x0, 0x0, 0x0, 0x6,
    0xff, 0x80, 0x0, 0xc, 0xff, 0x30, 0x0, 0x0,
    0x0, 0x9f, 0xf6, 0x0, 0x0, 0xef, 0xf0, 0x0,
    0x0, 0x0, 0xb, 0xff, 0x30, 0x0, 0x1f, 0xfe,
    0x0, 0x0, 0x0, 0x0, 0xef, 0xf0, 0x0, 0x3,
    0xff, 0xb0, 0x0, 0x3, 0xff, 0xff, 0xff, 0xff,
    0xff, 0xff, 0xff, 0xff, 0x90, 0x6f, 0xff, 0xff,
    0xff, 0xff, 0xff, 0xff, 0xff, 0xf6, 0x8, 0xff,
    0xff, 0xff, 0xff, 0xff, 0xff, 0xff, 0xff, 0x40,
    0x0, 0x9, 0xff, 0x60, 0x0, 0xe, 0xff, 0x10,
    0x0, 0x0, 0x0, 0xbf, 0xf3, 0x0, 0x1, 0xff,
    0xe0, 0x0, 0x0, 0x0, 0xe, 0xff, 0x10, 0x0,
    0x3f, 0xfb, 0x0, 0x0, 0x0, 0x0, 0xff, 0xe0,
    0x0, 0x6, 0xff, 0x90, 0x0, 0x0, 0x0, 0x3f,
    0xfc, 0x0, 0x0, 0x8f, 0xf6, 0x0, 0x0, 0x0,
    0x6, 0xff, 0x90, 0x0, 0xb, 0xff, 0x40, 0x0,
    0x0,

    /* U+0024 "$" */
    0x0, 0x0, 0x0, 0x0, 0xfb, 0x0, 0x0, 0x0,
    0x0, 0x0, 0x0, 0x0, 0x0, 0xfb, 0x0, 0x0,
    0x0, 0x0, 0x0, 0x0, 0x0, 0x0, 0xfb, 0x0,
    0x0, 0x0, 0x0, 0x0, 0x0, 0x0, 0x0, 0xfb,
    0x0, 0x0, 0x0, 0x0, 0x0, 0x0, 0x17, 0xbe,
    0xff, 0xeb, 0x60, 0x0, 0x0, 0x0, 0x7, 0xff,
    0xff, 0xff, 0xff, 0xfe, 0x50, 0x0, 0x0, 0x8f,
    0xff, 0xff, 0xff, 0xff, 0xff, 0xf5, 0x0, 0x4,
    0xff, 0xff, 0xe9, 0xfd, 0x9f, 0xff, 0xff, 0x10,
    0xb, 0xff, 0xfa, 0x0, 0xfb, 0x1, 0xcf, 0xff,
    0x80, 0xf, 0xff, 0xf1, 0x0, 0xfb, 0x0, 0x2f,
    0xff, 0xb0, 0xf, 0xff, 0xf0, 0x0, 0xfb, 0x0,
    0x3, 0x44, 0x30, 0xd, 0xff, 0xf6, 0x0, 0xfb,
    0x0, 0x0, 0x0, 0x0, 0x8, 0xff, 0xff, 0xa4,
    0xfb, 0x0, 0x0, 0x0, 0x0, 0x0, 0xcf, 0xff,
    0xff, 0xfe, 0x62, 0x0, 0x0, 0x0, 0x0, 0x9,
    0xff, 0xff, 0xff, 0xff, 0xd6, 0x0, 0x0, 0x0,
    0x0, 0x29, 0xdf, 0xff, 0xff, 0xff, 0xd2, 0x0,
    0x0, 0x0, 0x0, 0x2, 0xfe, 0xef, 0xff, 0xfe,
    0x10, 0x0, 0x0, 0x0, 0x0, 0xfb, 0x5, 0xdf,
    0xff, 0xa0, 0x0, 0x0, 0x0, 0x0, 0xfb, 0x0,
    0x1f, 0xff, 0xf0, 0x6b, 0xbb, 0x30, 0x0, 0xfb,
    0x0, 0xd, 0xff, 0xf1, 0x7f, 0xff, 0x90, 0x0,
    0xfb, 0x0, 0xf, 0xff, 0xf1, 0x2f, 0xff, 0xf6,
    0x0, 0xfb, 0x0, 0xbf, 0xff, 0xd0, 0xb, 0xff,
    0xff, 0xd9, 0xfd, 0x9e, 0xff, 0xff, 0x60, 0x1,
    0xdf, 0xff, 0xff, 0xff, 0xff, 0xff, 0xfb, 0x0,
    0x0, 0x1b, 0xff, 0xff, 0xff, 0xff, 0xff, 0x90,
    0x0, 0x0, 0x0, 0x38, 0xcf, 0xff, 0xec, 0x72,
    0x0, 0x0, 0x0, 0x0, 0x0, 0x0, 0xfb, 0x0,
    0x0, 0x0, 0x0, 0x0, 0x0, 0x0, 0x0, 0xfb,
    0x0, 0x0, 0x0, 0x0, 0x0, 0x0, 0x0, 0x0,
    0x85, 0x0, 0x0, 0x0, 0x0,

    /* U+0025 "%" */
    0x0, 0x19, 0xef, 0xea, 0x20, 0x0, 0x0, 0x0,
    0x0, 0x4f, 0xf9, 0x0, 0x0, 0x2, 0xef, 0xff,
    0xff, 0xf3, 0x0, 0x0, 0x0, 0x1, 0xef, 0xd0,
    0x0, 0x0, 0xb, 0xff, 0xc8, 0xbf, 0xfc, 0x0,
    0x0, 0x0, 0xa, 0xff, 0x30, 0x0, 0x0, 0xf,
    0xfe, 0x0, 0xd, 0xff, 0x0, 0x0, 0x0, 0x5f,
    0xf8, 0x0, 0x0, 0x0, 0x1f, 0xfb, 0x0, 0xa,
    0xff, 0x20, 0x0, 0x1, 0xef, 0xd0, 0x0, 0x0,
    0x0, 0xf, 0xfc, 0x0, 0xb, 0xff, 0x10, 0x0,
    0xb, 0xff, 0x30, 0x0, 0x0, 0x0, 0xd, 0xff,
    0x40, 0x3f, 0xfe, 0x0, 0x0, 0x5f, 0xf7, 0x0,
    0x0, 0x0, 0x0, 0x6, 0xff, 0xff, 0xff, 0xf8,
    0x0, 0x1, 0xff, 0xc0, 0x0, 0x0, 0x0, 0x0,
    0x0, 0x8f, 0xff, 0xff, 0x90, 0x0, 0xb, 0xff,
    0x20, 0x0, 0x0, 0x0, 0x0, 0x0, 0x2, 0x67,
    0x62, 0x0, 0x0, 0x6f, 0xf7, 0x0, 0x0, 0x0,
    0x0, 0x0, 0x0, 0x0, 0x0, 0x0, 0x0, 0x2,
    0xff, 0xc0, 0x0, 0x0, 0x0, 0x0, 0x0, 0x0,
    0x0, 0x0, 0x0, 0x0, 0xc, 0xff, 0x20, 0x0,
    0x8e, 0xfe, 0xa1, 0x0, 0x0, 0x0, 0x0, 0x0,
    0x0, 0x7f, 0xf6, 0x0, 0xc, 0xff, 0xff, 0xfe,
    0x10, 0x0, 0x0, 0x0, 0x0, 0x2, 0xff, 0xb0,
    0x0, 0x7f, 0xfd, 0x8b, 0xff, 0xa0, 0x0, 0x0,
    0x0, 0x0, 0xc, 0xfe, 0x10, 0x0, 0xdf, 0xf1,
    0x0, 0xdf, 0xf0, 0x0, 0x0, 0x0, 0x0, 0x8f,
    0xf5, 0x0, 0x0, 0xff, 0xc0, 0x0, 0xaf, 0xf2,
    0x0, 0x0, 0x0, 0x3, 0xff, 0xa0, 0x0, 0x0,
    0xff, 0xc0, 0x0, 0x9f, 0xf3, 0x0, 0x0, 0x0,
    0xd, 0xfe, 0x10, 0x0, 0x0, 0xff, 0xc0, 0x0,
    0xaf, 0xf2, 0x0, 0x0, 0x0, 0x8f, 0xf5, 0x0,
    0x0, 0x0, 0xdf, 0xf1, 0x0, 0xdf, 0xf0, 0x0,
    0x0, 0x3, 0xff, 0xa0, 0x0, 0x0, 0x0, 0x7f,
    0xfd, 0x8c, 0xff, 0xa0, 0x0, 0x0, 0xd, 0xfe,
    0x0, 0x0, 0x0, 0x0, 0xc, 0xff, 0xff, 0xfe,
    0x10, 0x0, 0x0, 0x9f, 0xf4, 0x0, 0x0, 0x0,
    0x0, 0x0, 0x8e, 0xfe, 0xa1, 0x0,

    /* U+0026 "&" */
    0x0, 0x0, 0x19, 0xdf, 0xfc, 0x70, 0x0, 0x0,
    0x0, 0x0, 0x0, 0x4f, 0xff, 0xff, 0xff, 0xd1,
    0x0, 0x0, 0x0, 0x0, 0x1f, 0xff, 0xff, 0xff,
    0xff, 0xc0, 0x0, 0x0, 0x0, 0x8, 0xff, 0xfa,
    0x44, 0xbf, 0xff, 0x30, 0x0, 0x0, 0x0, 0xcf,
    0xfc, 0x0, 0x0, 0xff, 0xf6, 0x0, 0x0, 0x0,
    0xd, 0xff, 0x90, 0x0, 0xe, 0xff, 0x50, 0x0,
    0x0, 0x0, 0xbf, 0xfc, 0x0, 0x5, 0xff, 0xf2,
    0x0, 0x0, 0x0, 0x6, 0xff, 0xf5, 0x5, 0xff,
    0xfa, 0x0, 0x0, 0x0, 0x0, 0xe, 0xff, 0xeb,
    0xff, 0xfc, 0x0, 0x0, 0x0, 0x0, 0x0, 0x4f,
    0xff, 0xff, 0xfa, 0x0, 0x0, 0x0, 0x0, 0x0,
    0x1, 0xdf, 0xff, 0xf6, 0x0, 0x0, 0x0, 0x0,
    0x0, 0x3, 0xef, 0xff, 0xff, 0x90, 0x0, 0x7,
    0x88, 0x20, 0x3, 0xff, 0xff, 0xef, 0xff, 0x70,
    0x0, 0xff, 0xf4, 0x1, 0xef, 0xff, 0x41, 0xdf,
    0xff, 0x50, 0x3f, 0xff, 0x30, 0x7f, 0xff, 0x70,
    0x2, 0xef, 0xff, 0x38, 0xff, 0xf0, 0xa, 0xff,
    0xf1, 0x0, 0x3, 0xff, 0xfe, 0xff, 0xfb, 0x0,
    0xaf, 0xff, 0x20, 0x0, 0x5, 0xff, 0xff, 0xff,
    0x50, 0x8, 0xff, 0xf9, 0x0, 0x0, 0x8, 0xff,
    0xff, 0xc0, 0x0, 0x2f, 0xff, 0xfb, 0x53, 0x49,
    0xff, 0xff, 0xfa, 0x0, 0x0, 0x8f, 0xff, 0xff,
    0xff, 0xff, 0xff, 0xff, 0xf7, 0x0, 0x0, 0x7f,
    0xff, 0xff, 0xff, 0xff, 0x8c, 0xff, 0xf5, 0x0,
    0x0, 0x28, 0xcf, 0xfe, 0xc8, 0x20, 0x1d, 0xff,
    0xf3,

    /* U+0027 "'" */
    0xff, 0xfb, 0xef, 0xfb, 0xef, 0xfa, 0xdf, 0xf9,
    0xcf, 0xf9, 0xcf, 0xf8, 0xbf, 0xf7, 0xaf, 0xf7,
    0x9f, 0xf6, 0x0, 0x0,

    /* U+0028 "(" */
    0x0, 0x0, 0xbf, 0xfc, 0x0, 0x0, 0x4f, 0xff,
    0x70, 0x0, 0xb, 0xff, 0xf1, 0x0, 0x2, 0xff,
    0xfb, 0x0, 0x0, 0x8f, 0xff, 0x50, 0x0, 0xd,
    0xff, 0xf1, 0x0, 0x1, 0xff, 0xfc, 0x0, 0x0,
    0x5f, 0xff, 0x80, 0x0, 0x9, 0xff, 0xf4, 0x0,
    0x0, 0xcf, 0xff, 0x10, 0x0, 0xf, 0xff, 0xe0,
    0x0, 0x1, 0xff, 0xfc, 0x0, 0x0, 0x2f, 0xff,
    0xb0, 0x0, 0x4, 0xff, 0xfa, 0x0, 0x0, 0x4f,
    0xff, 0x90, 0x0, 0x4, 0xff, 0xf9, 0x0, 0x0,
    0x3f, 0xff, 0xa0, 0x0, 0x1, 0xff, 0xfc, 0x0,
    0x0, 0xf, 0xff, 0xe0, 0x0, 0x0, 0xcf, 0xff,
    0x10, 0x0, 0x8, 0xff, 0xf5, 0x0, 0x0, 0x4f,
    0xff, 0xa0, 0x0, 0x0, 0xff, 0xfe, 0x0, 0x0,
    0xa, 0xff, 0xf4, 0x0, 0x0, 0x3f, 0xff, 0xa0,
    0x0, 0x0, 0xcf, 0xff, 0x0, 0x0, 0x4, 0xff,
    0xf6, 0x0, 0x0, 0xc, 0xff, 0xd0,

    /* U+0029 ")" */
    0xaf, 0xfd, 0x0, 0x0, 0x4f, 0xff, 0x70, 0x0,
    0xd, 0xff, 0xe0, 0x0, 0x7, 0xff, 0xf5, 0x0,
    0x2, 0xff, 0xfb, 0x0, 0x0, 0xdf, 0xff, 0x0,
    0x0, 0x9f, 0xff, 0x40, 0x0, 0x5f, 0xff, 0x80,
    0x0, 0x1f, 0xff, 0xc0, 0x0, 0xe, 0xff, 0xf0,
    0x0, 0xb, 0xff, 0xf2, 0x0, 0x9, 0xff, 0xf4,
    0x0, 0x8, 0xff, 0xf5, 0x0, 0x7, 0xff, 0xf7,
    0x0, 0x6, 0xff, 0xf7, 0x0, 0x6, 0xff, 0xf7,
    0x0, 0x7, 0xff, 0xf6, 0x0, 0x9, 0xff, 0xf4,
    0x0, 0xb, 0xff, 0xf2, 0x0, 0xe, 0xff, 0xf0,
    0x0, 0x2f, 0xff, 0xb0, 0x0, 0x7f, 0xff, 0x70,
    0x0, 0xbf, 0xff, 0x20, 0x1, 0xff, 0xfd, 0x0,
    0x7, 0xff, 0xf6, 0x0, 0xd, 0xff, 0xe0, 0x0,
    0x3f, 0xff, 0x70, 0x0, 0xaf, 0xfe, 0x0, 0x0,

    /* U+002A "*" */
    0x0, 0x0, 0x2f, 0xf5, 0x0, 0x0, 0x0, 0x0,
    0x1, 0xff, 0x40, 0x0, 0x0, 0xb, 0x40, 0x1f,
    0xf3, 0x2, 0xc1, 0x6, 0xff, 0x91, 0xff, 0x37,
    0xff, 0x90, 0x7f, 0xff, 0xef, 0xfd, 0xff, 0xf9,
    0x0, 0x18, 0xff, 0xff, 0xff, 0xa2, 0x0, 0x0,
    0x8, 0xff, 0xff, 0xa1, 0x0, 0x0, 0x6e, 0xff,
    0xff, 0xff, 0xf8, 0x10, 0xaf, 0xff, 0x8f, 0xf8,
    0xff, 0xfd, 0x3, 0xfd, 0x30, 0xff, 0x31, 0xbf,
    0x60, 0x5, 0x0, 0x1f, 0xf4, 0x0, 0x50, 0x0,
    0x0, 0x2, 0xff, 0x50, 0x0, 0x0, 0x0, 0x0,
    0x19, 0x93, 0x0, 0x0, 0x0,

    /* U+002B "+" */
    0x0, 0x0, 0x0, 0x9f, 0xfc, 0x0, 0x0, 0x0,
    0x0, 0x0, 0x0, 0x9f, 0xfc, 0x0, 0x0, 0x0,
    0x0, 0x0, 0x0, 0x9f, 0xfc, 0x0, 0x0, 0x0,
    0x0, 0x0, 0x0, 0x9f, 0xfc, 0x0, 0x0, 0x0,
    0x0, 0x0, 0x0, 0x9f, 0xfc, 0x0, 0x0, 0x0,
    0x0, 0x0, 0x0, 0x9f, 0xfc, 0x0, 0x0, 0x0,
    0x4f, 0xff, 0xff, 0xff, 0xff, 0xff, 0xff, 0xf7,
    0x4f, 0xff, 0xff, 0xff, 0xff, 0xff, 0xff, 0xf7,
    0x4f, 0xff, 0xff, 0xff, 0xff, 0xff, 0xff, 0xf7,
    0x3, 0x33, 0x33, 0xaf, 0xfc, 0x33, 0x33, 0x31,
    0x0, 0x0, 0x0, 0x9f, 0xfc, 0x0, 0x0, 0x0,
    0x0, 0x0, 0x0, 0x9f, 0xfc, 0x0, 0x0, 0x0,
    0x0, 0x0, 0x0, 0x9f, 0xfc, 0x0, 0x0, 0x0,
    0x0, 0x0, 0x0, 0x9f, 0xfc, 0x0, 0x0, 0x0,
    0x0, 0x0, 0x0, 0x9f, 0xfc, 0x0, 0x0, 0x0,

    /* U+002C "," */
    0x0, 0x1, 0x11, 0x0, 0xf, 0xff, 0xd0, 0x2,
    0xff, 0xf9, 0x0, 0x4f, 0xff, 0x40, 0x6, 0xff,
    0xf0, 0x0, 0x8f, 0xfb, 0x0, 0xb, 0xff, 0x70,
    0x0, 0xdf, 0xf2, 0x0, 0xf, 0xfe, 0x0, 0x2,
    0xff, 0x90, 0x0,

    /* U+002D "-" */
    0x33, 0x33, 0x33, 0x33, 0x33, 0xff, 0xff, 0xff,
    0xff, 0xfe, 0xff, 0xff, 0xff, 0xff, 0xfe, 0xff,
    0xff, 0xff, 0xff, 0xfe,

    /* U+002E "." */
    0x5, 0xba, 0x20, 0x4f, 0xff, 0xd0, 0x8f, 0xff,
    0xf1, 0x6f, 0xff, 0xe0, 0x9, 0xfd, 0x40,

    /* U+002F "/" */
    0x0, 0x0, 0x0, 0x9, 0xff, 0xb0, 0x0, 0x0,
    0x0, 0xdf, 0xf7, 0x0, 0x0, 0x0, 0x1f, 0xff,
    0x30, 0x0, 0x0, 0x6, 0xff, 0xf0, 0x0, 0x0,
    0x0, 0xaf, 0xfb, 0x0, 0x0, 0x0, 0xe, 0xff,
    0x70, 0x0, 0x0, 0x2, 0xff, 0xf2, 0x0, 0x0,
    0x0, 0x6f, 0xfe, 0x0, 0x0, 0x0, 0xa, 0xff,
    0xa0, 0x0, 0x0, 0x0, 0xef, 0xf6, 0x0, 0x0,
    0x0, 0x3f, 0xff, 0x20, 0x0, 0x0, 0x7, 0xff,
    0xe0, 0x0, 0x0, 0x0, 0xbf, 0xf9, 0x0, 0x0,
    0x0, 0xf, 0xff, 0x50, 0x0, 0x0, 0x3, 0xff,
    0xf1, 0x0, 0x0, 0x0, 0x8f, 0xfd, 0x0, 0x0,
    0x0, 0xc, 0xff, 0x90, 0x0, 0x0, 0x0, 0xff,
    0xf5, 0x0, 0x0, 0x0, 0x4f, 0xff, 0x10, 0x0,
    0x0, 0x8, 0xff, 0xc0, 0x0, 0x0, 0x0, 0xcf,
    0xf8, 0x0, 0x0, 0x0, 0x1f, 0xff, 0x40, 0x0,
    0x0, 0x5, 0xff, 0xf0, 0x0, 0x0, 0x0, 0x9f,
    0xfc, 0x0, 0x0, 0x0, 0xd, 0xff, 0x70, 0x0,
    0x0, 0x1, 0xff, 0xf3, 0x0, 0x0, 0x0, 0x5f,
    0xff, 0x0, 0x0, 0x0, 0x0,

    /* U+0030 "0" */
    0x0, 0x0, 0x4, 0xae, 0xff, 0xd9, 0x30, 0x0,
    0x0, 0x0, 0x1, 0xbf, 0xff, 0xff, 0xff, 0xf9,
    0x0, 0x0, 0x0, 0x1d, 0xff, 0xff, 0xff, 0xff,
    0xff, 0xb0, 0x0, 0x0, 0xaf, 0xff, 0xfa, 0x66,
    0xbf, 0xff, 0xf7, 0x0, 0x3, 0xff, 0xff, 0x40,
    0x0, 0x7, 0xff, 0xff, 0x10, 0xa, 0xff, 0xf8,
    0x0, 0x0, 0x0, 0xcf, 0xff, 0x70, 0xf, 0xff,
    0xf1, 0x0, 0x0, 0x0, 0x5f, 0xff, 0xb0, 0x2f,
    0xff, 0xd0, 0x0, 0x0, 0x0, 0xf, 0xff, 0xf0,
    0x5f, 0xff, 0xa0, 0x0, 0x0, 0x0, 0xd, 0xff,
    0xf2, 0x6f, 0xff, 0x80, 0x0, 0x0, 0x0, 0xb,
    0xff, 0xf3, 0x7f, 0xff, 0x70, 0x0, 0x0, 0x0,
    0xa, 0xff, 0xf4, 0x7f, 0xff, 0x70, 0x0, 0x0,
    0x0, 0xa, 0xff, 0xf4, 0x6f, 0xff, 0x80, 0x0,
    0x0, 0x0, 0xb, 0xff, 0xf3, 0x5f, 0xff, 0x90,
    0x0, 0x0, 0x0, 0xd, 0xff, 0xf2, 0x2f, 0xff,
    0xc0, 0x0, 0x0, 0x0, 0xf, 0xff, 0xf0, 0xf,
    0xff, 0xf1, 0x0, 0x0, 0x0, 0x5f, 0xff, 0xc0,
    0xa, 0xff, 0xf8, 0x0, 0x0, 0x0, 0xcf, 0xff,
    0x70, 0x3, 0xff, 0xff, 0x40, 0x0, 0x7, 0xff,
    0xff, 0x10, 0x0, 0xbf, 0xff, 0xfa, 0x66, 0xbf,
    0xff, 0xf7, 0x0, 0x0, 0x1d, 0xff, 0xff, 0xff,
    0xff, 0xff, 0xb0, 0x0, 0x0, 0x1, 0xcf, 0xff,
    0xff, 0xff, 0xfa, 0x0, 0x0, 0x0, 0x0, 0x5,
    0xae, 0xff, 0xd9, 0x30, 0x0, 0x0,

    /* U+0031 "1" */
    0x0, 0x0, 0x8f, 0xff, 0xf8, 0x0, 0x2c, 0xff,
    0xff, 0xf8, 0x5, 0xff, 0xff, 0xff, 0xf8, 0x7f,
    0xff, 0xfc, 0xff, 0xf8, 0xaf, 0xfe, 0x36, 0xff,
    0xf8, 0xaf, 0xa1, 0x6, 0xff, 0xf8, 0x96, 0x0,
    0x6, 0xff, 0xf8, 0x0, 0x0, 0x6, 0xff, 0xf8,
    0x0, 0x0, 0x6, 0xff, 0xf8, 0x0, 0x0, 0x6,
    0xff, 0xf8, 0x0, 0x0, 0x6, 0xff, 0xf8, 0x0,
    0x0, 0x6, 0xff, 0xf8, 0x0, 0x0, 0x6, 0xff,
    0xf8, 0x0, 0x0, 0x6, 0xff, 0xf8, 0x0, 0x0,
    0x6, 0xff, 0xf8, 0x0, 0x0, 0x6, 0xff, 0xf8,
    0x0, 0x0, 0x6, 0xff, 0xf8, 0x0, 0x0, 0x6,
    0xff, 0xf8, 0x0, 0x0, 0x6, 0xff, 0xf8, 0x0,
    0x0, 0x6, 0xff, 0xf8, 0x0, 0x0, 0x6, 0xff,
    0xf8, 0x0, 0x0, 0x6, 0xff, 0xf8,

    /* U+0032 "2" */
    0x0, 0x0, 0x39, 0xdf, 0xfe, 0xb6, 0x0, 0x0,
    0x0, 0x9, 0xff, 0xff, 0xff, 0xff, 0xe3, 0x0,
    0x0, 0xaf, 0xff, 0xff, 0xff, 0xff, 0xff, 0x30,
    0x5, 0xff, 0xff, 0xa5, 0x47, 0xef, 0xff, 0xd0,
    0xc, 0xff, 0xf5, 0x0, 0x0, 0x1d, 0xff, 0xf4,
    0xf, 0xff, 0xc0, 0x0, 0x0, 0x6, 0xff, 0xf8,
    0x1d, 0xdd, 0x80, 0x0, 0x0, 0x3, 0xff, 0xf8,
    0x0, 0x0, 0x0, 0x0, 0x0, 0x5, 0xff, 0xf7,
    0x0, 0x0, 0x0, 0x0, 0x0, 0xb, 0xff, 0xf2,
    0x0, 0x0, 0x0, 0x0, 0x0, 0x5f, 0xff, 0xb0,
    0x0, 0x0, 0x0, 0x0, 0x4, 0xff, 0xfe, 0x10,
    0x0, 0x0, 0x0, 0x0, 0x3f, 0xff, 0xf4, 0x0,
    0x0, 0x0, 0x0, 0x3, 0xff, 0xff, 0x60, 0x0,
    0x0, 0x0, 0x0, 0x4f, 0xff, 0xf6, 0x0, 0x0,
    0x0, 0x0, 0x4, 0xff, 0xff, 0x60, 0x0, 0x0,
    0x0, 0x0, 0x5f, 0xff, 0xf6, 0x0, 0x0, 0x0,
    0x0, 0x5, 0xff, 0xff, 0x60, 0x0, 0x0, 0x0,
    0x0, 0x5f, 0xff, 0xf7, 0x0, 0x0, 0x0, 0x0,
    0x6, 0xff, 0xff, 0xd6, 0x66, 0x66, 0x66, 0x66,
    0xf, 0xff, 0xff, 0xff, 0xff, 0xff, 0xff, 0xfe,
    0xf, 0xff, 0xff, 0xff, 0xff, 0xff, 0xff, 0xfe,
    0xf, 0xff, 0xff, 0xff, 0xff, 0xff, 0xff, 0xfe,

    /* U+0033 "3" */
    0x0, 0x0, 0x17, 0xce, 0xff, 0xd9, 0x20, 0x0,
    0x0, 0x0, 0x7f, 0xff, 0xff, 0xff, 0xff, 0x80,
    0x0, 0x0, 0x9f, 0xff, 0xff, 0xff, 0xff, 0xff,
    0x90, 0x0, 0x5f, 0xff, 0xfb, 0x64, 0x6b, 0xff,
    0xff, 0x30, 0xb, 0xff, 0xf6, 0x0, 0x0, 0x8,
    0xff, 0xf9, 0x0, 0xef, 0xfd, 0x0, 0x0, 0x0,
    0x1f, 0xff, 0xc0, 0x0, 0x0, 0x0, 0x0, 0x0,
    0x1, 0xff, 0xfb, 0x0, 0x0, 0x0, 0x0, 0x0,
    0x0, 0x8f, 0xff, 0x70, 0x0, 0x0, 0x0, 0x11,
    0x14, 0xaf, 0xff, 0xc0, 0x0, 0x0, 0x0, 0xc,
    0xff, 0xff, 0xff, 0x91, 0x0, 0x0, 0x0, 0x0,
    0xcf, 0xff, 0xff, 0x82, 0x0, 0x0, 0x0, 0x0,
    0xc, 0xff, 0xff, 0xff, 0xf9, 0x0, 0x0, 0x0,
    0x0, 0x0, 0x2, 0x7e, 0xff, 0xfa, 0x0, 0x0,
    0x0, 0x0, 0x0, 0x0, 0x2f, 0xff, 0xf2, 0x0,
    0x0, 0x0, 0x0, 0x0, 0x0, 0x9f, 0xff, 0x71,
    0x44, 0x42, 0x0, 0x0, 0x0, 0x7, 0xff, 0xf9,
    0x5f, 0xff, 0xb0, 0x0, 0x0, 0x0, 0xaf, 0xff,
    0x81, 0xff, 0xff, 0x50, 0x0, 0x0, 0x6f, 0xff,
    0xf4, 0xa, 0xff, 0xff, 0xb7, 0x57, 0xbf, 0xff,
    0xfc, 0x0, 0x1d, 0xff, 0xff, 0xff, 0xff, 0xff,
    0xfe, 0x20, 0x0, 0x1a, 0xff, 0xff, 0xff, 0xff,
    0xfb, 0x10, 0x0, 0x0, 0x3, 0x9d, 0xff, 0xfd,
    0x93, 0x0, 0x0,

    /* U+0034 "4" */
    0x0, 0x0, 0x0, 0x0, 0x7, 0xff, 0xff, 0xb0,
    0x0, 0x0, 0x0, 0x0, 0x0, 0x2f, 0xff, 0xff,
    0xb0, 0x0, 0x0, 0x0, 0x0, 0x0, 0xbf, 0xff,
    0xff, 0xb0, 0x0, 0x0, 0x0, 0x0, 0x5, 0xff,
    0xff, 0xff, 0xb0, 0x0, 0x0, 0x0, 0x0, 0x1e,
    0xff, 0xdf, 0xff, 0xb0, 0x0, 0x0, 0x0, 0x0,
    0x9f, 0xff, 0x4f, 0xff, 0xb0, 0x0, 0x0, 0x0,
    0x3, 0xff, 0xfa, 0xf, 0xff, 0xb0, 0x0, 0x0,
    0x0, 0xd, 0xff, 0xe1, 0xf, 0xff, 0xb0, 0x0,
    0x0, 0x0, 0x7f, 0xff, 0x60, 0xf, 0xff, 0xb0,
    0x0, 0x0, 0x2, 0xff, 0xfb, 0x0, 0xf, 0xff,
    0xb0, 0x0, 0x0, 0xb, 0xff, 0xf2, 0x0, 0xf,
    0xff, 0xb0, 0x0, 0x0, 0x6f, 0xff, 0x80, 0x0,
    0xf, 0xff, 0xb0, 0x0, 0x1, 0xef, 0xfd, 0x0,
    0x0, 0xf, 0xff, 0xb0, 0x0, 0xa, 0xff, 0xf4,
    0x0, 0x0, 0xf, 0xff, 0xb0, 0x0, 0x3f, 0xff,
    0xd6, 0x66, 0x66, 0x6f, 0xff, 0xd6, 0x63, 0x7f,
    0xff, 0xff, 0xff, 0xff, 0xff, 0xff, 0xff, 0xf8,
    0x7f, 0xff, 0xff, 0xff, 0xff, 0xff, 0xff, 0xff,
    0xf8, 0x7f, 0xff, 0xff, 0xff, 0xff, 0xff, 0xff,
    0xff, 0xf8, 0x0, 0x0, 0x0, 0x0, 0x0, 0xf,
    0xff, 0xb0, 0x0, 0x0, 0x0, 0x0, 0x0, 0x0,
    0xf, 0xff, 0xb0, 0x0, 0x0, 0x0, 0x0, 0x0,
    0x0, 0xf, 0xff, 0xb0, 0x0, 0x0, 0x0, 0x0,
    0x0, 0x0, 0xf, 0xff, 0xb0, 0x0,

    /* U+0035 "5" */
    0x0, 0xff, 0xff, 0xff, 0xff, 0xff, 0xff, 0xb0,
    0x1, 0xff, 0xff, 0xff, 0xff, 0xff, 0xff, 0xb0,
    0x2, 0xff, 0xff, 0xff, 0xff, 0xff, 0xff, 0xb0,
    0x4, 0xff, 0xf8, 0x55, 0x55, 0x55, 0x55, 0x40,
    0x6, 0xff, 0xf3, 0x0, 0x0, 0x0, 0x0, 0x0,
    0x7, 0xff, 0xf1, 0x0, 0x0, 0x0, 0x0, 0x0,
    0x9, 0xff, 0xf0, 0x0, 0x0, 0x0, 0x0, 0x0,
    0xb, 0xff, 0xd0, 0x7d, 0xff, 0xd8, 0x10, 0x0,
    0xc, 0xff, 0xdd, 0xff, 0xff, 0xff, 0xf4, 0x0,
    0xe, 0xff, 0xff, 0xff, 0xff, 0xff, 0xff, 0x40,
    0xf, 0xff, 0xfb, 0x52, 0x26, 0xef, 0xff, 0xe0,
    0x0, 0x25, 0x50, 0x0, 0x0, 0x1e, 0xff, 0xf5,
    0x0, 0x0, 0x0, 0x0, 0x0, 0x5, 0xff, 0xfa,
    0x0, 0x0, 0x0, 0x0, 0x0, 0x0, 0xff, 0xfc,
    0x0, 0x0, 0x0, 0x0, 0x0, 0x0, 0xff, 0xfd,
    0x25, 0x55, 0x20, 0x0, 0x0, 0x0, 0xff, 0xfc,
    0x5f, 0xff, 0x80, 0x0, 0x0, 0x6, 0xff, 0xf9,
    0x1f, 0xff, 0xf3, 0x0, 0x0, 0x2e, 0xff, 0xf3,
    0xa, 0xff, 0xff, 0x84, 0x48, 0xff, 0xff, 0xb0,
    0x1, 0xdf, 0xff, 0xff, 0xff, 0xff, 0xfe, 0x10,
    0x0, 0x1b, 0xff, 0xff, 0xff, 0xff, 0xc1, 0x0,
    0x0, 0x0, 0x4a, 0xdf, 0xfe, 0xa4, 0x0, 0x0,

    /* U+0036 "6" */
    0x0, 0x0, 0x3, 0x9d, 0xff, 0xea, 0x50, 0x0,
    0x0, 0x0, 0x9, 0xff, 0xff, 0xff, 0xff, 0xc2,
    0x0, 0x0, 0xa, 0xff, 0xff, 0xff, 0xff, 0xff,
    0xe1, 0x0, 0x7, 0xff, 0xff, 0xb8, 0x7a, 0xff,
    0xff, 0xb0, 0x1, 0xff, 0xff, 0x40, 0x0, 0x3,
    0xef, 0xff, 0x20, 0x7f, 0xff, 0x60, 0x0, 0x0,
    0x5, 0xbb, 0xb4, 0xd, 0xff, 0xe0, 0x0, 0x0,
    0x0, 0x0, 0x0, 0x1, 0xff, 0xf9, 0x1, 0x8d,
    0xff, 0xc7, 0x0, 0x0, 0x4f, 0xff, 0x64, 0xff,
    0xff, 0xff, 0xfe, 0x30, 0x6, 0xff, 0xf8, 0xff,
    0xff, 0xff, 0xff, 0xff, 0x20, 0x7f, 0xff, 0xff,
    0xd5, 0x12, 0x7e, 0xff, 0xfc, 0x7, 0xff, 0xff,
    0xc0, 0x0, 0x0, 0x2f, 0xff, 0xf3, 0x7f, 0xff,
    0xf3, 0x0, 0x0, 0x0, 0x8f, 0xff, 0x76, 0xff,
    0xfd, 0x0, 0x0, 0x0, 0x3, 0xff, 0xfa, 0x4f,
    0xff, 0xc0, 0x0, 0x0, 0x0, 0x2f, 0xff, 0xa1,
    0xff, 0xfe, 0x0, 0x0, 0x0, 0x4, 0xff, 0xf9,
    0xc, 0xff, 0xf4, 0x0, 0x0, 0x0, 0x9f, 0xff,
    0x60, 0x6f, 0xff, 0xd1, 0x0, 0x0, 0x5f, 0xff,
    0xf1, 0x0, 0xdf, 0xff, 0xe7, 0x45, 0xaf, 0xff,
    0xf8, 0x0, 0x2, 0xef, 0xff, 0xff, 0xff, 0xff,
    0xfc, 0x0, 0x0, 0x2, 0xdf, 0xff, 0xff, 0xff,
    0xf9, 0x0, 0x0, 0x0, 0x0, 0x5a, 0xef, 0xfd,
    0x93, 0x0, 0x0,

    /* U+0037 "7" */
    0xcf, 0xff, 0xff, 0xff, 0xff, 0xff, 0xff, 0xf1,
    0xcf, 0xff, 0xff, 0xff, 0xff, 0xff, 0xff, 0xf1,
    0xcf, 0xff, 0xff, 0xff, 0xff, 0xff, 0xff, 0xf1,
    0x57, 0x77, 0x77, 0x77, 0x77, 0x8f, 0xff, 0xf0,
    0x0, 0x0, 0x0, 0x0, 0x0, 0x8f, 0xff, 0x80,
    0x0, 0x0, 0x0, 0x0, 0x1, 0xff, 0xff, 0x10,
    0x0, 0x0, 0x0, 0x0, 0x8, 0xff, 0xf8, 0x0,
    0x0, 0x0, 0x0, 0x0, 0x1f, 0xff, 0xf1, 0x0,
    0x0, 0x0, 0x0, 0x0, 0x8f, 0xff, 0x80, 0x0,
    0x0, 0x0, 0x0, 0x1, 0xff, 0xff, 0x10, 0x0,
    0x0, 0x0, 0x0, 0x8, 0xff, 0xf8, 0x0, 0x0,
    0x0, 0x0, 0x0, 0x1f, 0xff, 0xf1, 0x0, 0x0,
    0x0, 0x0, 0x0, 0x8f, 0xff, 0x80, 0x0, 0x0,
    0x0, 0x0, 0x1, 0xff, 0xff, 0x10, 0x0, 0x0,
    0x0, 0x0, 0x8, 0xff, 0xf8, 0x0, 0x0, 0x0,
    0x0, 0x0, 0x1f, 0xff, 0xf1, 0x0, 0x0, 0x0,
    0x0, 0x0, 0x8f, 0xff, 0x80, 0x0, 0x0, 0x0,
    0x0, 0x1, 0xff, 0xff, 0x10, 0x0, 0x0, 0x0,
    0x0, 0x8, 0xff, 0xf8, 0x0, 0x0, 0x0, 0x0,
    0x0, 0x1f, 0xff, 0xf1, 0x0, 0x0, 0x0, 0x0,
    0x0, 0x8f, 0xff, 0x80, 0x0, 0x0, 0x0, 0x0,
    0x1, 0xff, 0xff, 0x10, 0x0, 0x0, 0x0, 0x0,

    /* U+0038 "8" */
    0x0, 0x0, 0x28, 0xce, 0xff, 0xd9, 0x30, 0x0,
    0x0, 0x0, 0x7f, 0xff, 0xff, 0xff, 0xff, 0x90,
    0x0, 0x0, 0x9f, 0xff, 0xff, 0xff, 0xff, 0xff,
    0xb0, 0x0, 0x3f, 0xff, 0xfa, 0x42, 0x49, 0xff,
    0xff, 0x60, 0x9, 0xff, 0xf9, 0x0, 0x0, 0x6,
    0xff, 0xfb, 0x0, 0xbf, 0xff, 0x30, 0x0, 0x0,
    0xf, 0xff, 0xe0, 0x9, 0xff, 0xf2, 0x0, 0x0,
    0x0, 0xff, 0xfc, 0x0, 0x4f, 0xff, 0x90, 0x0,
    0x0, 0x6f, 0xff, 0x70, 0x0, 0xbf, 0xff, 0x92,
    0x2, 0x7f, 0xff, 0xd0, 0x0, 0x0, 0x9f, 0xff,
    0xff, 0xff, 0xff, 0xb1, 0x0, 0x0, 0x1, 0x9f,
    0xff, 0xff, 0xff, 0xa3, 0x0, 0x0, 0x6, 0xff,
    0xff, 0xff, 0xff, 0xff, 0xf9, 0x0, 0x5, 0xff,
    0xff, 0x72, 0x1, 0x6e, 0xff, 0xf9, 0x0, 0xef,
    0xff, 0x30, 0x0, 0x0, 0x2e, 0xff, 0xf2, 0x5f,
    0xff, 0xb0, 0x0, 0x0, 0x0, 0x8f, 0xff, 0x87,
    0xff, 0xf8, 0x0, 0x0, 0x0, 0x5, 0xff, 0xfa,
    0x6f, 0xff, 0xa0, 0x0, 0x0, 0x0, 0x8f, 0xff,
    0xa3, 0xff, 0xff, 0x30, 0x0, 0x0, 0x1e, 0xff,
    0xf7, 0xc, 0xff, 0xff, 0x83, 0x12, 0x6e, 0xff,
    0xfe, 0x10, 0x2e, 0xff, 0xff, 0xff, 0xff, 0xff,
    0xff, 0x40, 0x0, 0x1b, 0xff, 0xff, 0xff, 0xff,
    0xfd, 0x30, 0x0, 0x0, 0x3, 0x9c, 0xff, 0xfd,
    0xa4, 0x0, 0x0,

    /* U+0039 "9" */
    0x0, 0x0, 0x28, 0xdf, 0xfe, 0xb6, 0x0, 0x0,
    0x0, 0x0, 0x9f, 0xff, 0xff, 0xff, 0xfe, 0x40,
    0x0, 0x0, 0xbf, 0xff, 0xff, 0xff, 0xff, 0xff,
    0x40, 0x0, 0x7f, 0xff, 0xfb, 0x65, 0x7d, 0xff,
    0xff, 0x10, 0xe, 0xff, 0xf7, 0x0, 0x0, 0xa,
    0xff, 0xf9, 0x4, 0xff, 0xfb, 0x0, 0x0, 0x0,
    0xe, 0xff, 0xf0, 0x7f, 0xff, 0x60, 0x0, 0x0,
    0x0, 0x9f, 0xff, 0x47, 0xff, 0xf5, 0x0, 0x0,
    0x0, 0x9, 0xff, 0xf7, 0x5f, 0xff, 0x90, 0x0,
    0x0, 0x0, 0xdf, 0xff, 0x91, 0xff, 0xff, 0x30,
    0x0, 0x0, 0x8f, 0xff, 0xfa, 0xb, 0xff, 0xff,
    0x72, 0x13, 0xaf, 0xff, 0xff, 0xa0, 0x1e, 0xff,
    0xff, 0xff, 0xff, 0xf7, 0xff, 0xfa, 0x0, 0x2d,
    0xff, 0xff, 0xff, 0xf7, 0x3f, 0xff, 0x90, 0x0,
    0x6, 0xcf, 0xfe, 0x92, 0x5, 0xff, 0xf7, 0x0,
    0x0, 0x0, 0x0, 0x0, 0x0, 0x8f, 0xff, 0x41,
    0x55, 0x53, 0x0, 0x0, 0x0, 0xd, 0xff, 0xf0,
    0x1f, 0xff, 0xd0, 0x0, 0x0, 0x5, 0xff, 0xfa,
    0x0, 0xcf, 0xff, 0x90, 0x0, 0x3, 0xff, 0xff,
    0x30, 0x4, 0xff, 0xff, 0xd8, 0x7b, 0xff, 0xff,
    0xa0, 0x0, 0x9, 0xff, 0xff, 0xff, 0xff, 0xff,
    0xd1, 0x0, 0x0, 0x8, 0xff, 0xff, 0xff, 0xff,
    0xb1, 0x0, 0x0, 0x0, 0x2, 0x9d, 0xff, 0xea,
    0x40, 0x0, 0x0,

    /* U+003A ":" */
    0x9, 0xfd, 0x40, 0x6f, 0xff, 0xe0, 0x8f, 0xff,
    0xf1, 0x4f, 0xff, 0xd0, 0x6, 0xca, 0x20, 0x0,
    0x0, 0x0, 0x0, 0x0, 0x0, 0x0, 0x0, 0x0,
    0x0, 0x0, 0x0, 0x0, 0x0, 0x0, 0x0, 0x0,
    0x0, 0x5, 0xba, 0x20, 0x4f, 0xff, 0xd0, 0x8f,
    0xff, 0xf1, 0x6f, 0xff, 0xe0, 0x9, 0xfd, 0x40,

    /* U+003B ";" */
    0x0, 0x3b, 0xb4, 0x0, 0xe, 0xff, 0xf2, 0x3,
    0xff, 0xff, 0x60, 0x1f, 0xff, 0xf4, 0x0, 0x5e,
    0xf8, 0x0, 0x0, 0x0, 0x0, 0x0, 0x0, 0x0,
    0x0, 0x0, 0x0, 0x0, 0x0, 0x0, 0x0, 0x0,
    0x0, 0x0, 0x0, 0x0, 0x0, 0x0, 0x0, 0x0,
    0x0, 0x0, 0x0, 0x1, 0x11, 0x0, 0xf, 0xff,
    0xd0, 0x2, 0xff, 0xf9, 0x0, 0x4f, 0xff, 0x40,
    0x6, 0xff, 0xf0, 0x0, 0x8f, 0xfb, 0x0, 0xb,
    0xff, 0x70, 0x0, 0xdf, 0xf2, 0x0, 0xf, 0xfe,
    0x0, 0x2, 0xff, 0x90, 0x0,

    /* U+003C "<" */
    0x0, 0x0, 0x0, 0x0, 0x0, 0x0, 0x0, 0x10,
    0x0, 0x0, 0x0, 0x0, 0x0, 0x0, 0x29, 0xf0,
    0x0, 0x0, 0x0, 0x0, 0x0, 0x3a, 0xff, 0xf0,
    0x0, 0x0, 0x0, 0x0, 0x3b, 0xff, 0xff, 0xf0,
    0x0, 0x0, 0x0, 0x4c, 0xff, 0xff, 0xff, 0xc0,
    0x0, 0x0, 0x5d, 0xff, 0xff, 0xff, 0xa3, 0x0,
    0x0, 0x6d, 0xff, 0xff, 0xfe, 0x81, 0x0, 0x0,
    0x4e, 0xff, 0xff, 0xfd, 0x60, 0x0, 0x0, 0x0,
    0x8f, 0xff, 0xfb, 0x40, 0x0, 0x0, 0x0, 0x0,
    0x8f, 0xff, 0xf7, 0x0, 0x0, 0x0, 0x0, 0x0,
    0x6f, 0xff, 0xff, 0xf9, 0x20, 0x0, 0x0, 0x0,
    0x2, 0xaf, 0xff, 0xff, 0xfb, 0x30, 0x0, 0x0,
    0x0, 0x2, 0x9f, 0xff, 0xff, 0xfc, 0x50, 0x0,
    0x0, 0x0, 0x1, 0x8f, 0xff, 0xff, 0xfe, 0x70,
    0x0, 0x0, 0x0, 0x1, 0x7e, 0xff, 0xff, 0xf0,
    0x0, 0x0, 0x0, 0x0, 0x0, 0x7e, 0xff, 0xf0,
    0x0, 0x0, 0x0, 0x0, 0x0, 0x0, 0x6d, 0xf0,
    0x0, 0x0, 0x0, 0x0, 0x0, 0x0, 0x0, 0x50,

    /* U+003D "=" */
    0x55, 0x55, 0x55, 0x55, 0x55, 0x55, 0x55, 0xf,
    0xff, 0xff, 0xff, 0xff, 0xff, 0xff, 0xf2, 0xff,
    0xff, 0xff, 0xff, 0xff, 0xff, 0xff, 0x2f, 0xff,
    0xff, 0xff, 0xff, 0xff, 0xff, 0xf2, 0x0, 0x0,
    0x0, 0x0, 0x0, 0x0, 0x0, 0x0, 0x0, 0x0,
    0x0, 0x0, 0x0, 0x0, 0x0, 0x0, 0x0, 0x0,
    0x0, 0x0, 0x0, 0x0, 0x5, 0x66, 0x66, 0x66,
    0x66, 0x66, 0x66, 0x61, 0xff, 0xff, 0xff, 0xff,
    0xff, 0xff, 0xff, 0x2f, 0xff, 0xff, 0xff, 0xff,
    0xff, 0xff, 0xf2, 0xff, 0xff, 0xff, 0xff, 0xff,
    0xff, 0xff, 0x20,

    /* U+003E ">" */
    0x10, 0x0, 0x0, 0x0, 0x0, 0x0, 0x0, 0xd,
    0xb3, 0x0, 0x0, 0x0, 0x0, 0x0, 0x0, 0xdf,
    0xfc, 0x40, 0x0, 0x0, 0x0, 0x0, 0xd, 0xff,
    0xff, 0xc5, 0x0, 0x0, 0x0, 0x0, 0x9f, 0xff,
    0xff, 0xfd, 0x60, 0x0, 0x0, 0x0, 0x28, 0xff,
    0xff, 0xff, 0xe6, 0x0, 0x0, 0x0, 0x0, 0x7d,
    0xff, 0xff, 0xfe, 0x70, 0x0, 0x0, 0x0, 0x5,
    0xcf, 0xff, 0xff, 0xf6, 0x0, 0x0, 0x0, 0x0,
    0x3a, 0xff, 0xff, 0xb0, 0x0, 0x0, 0x0, 0x0,
    0x5e, 0xff, 0xfb, 0x0, 0x0, 0x0, 0x17, 0xef,
    0xff, 0xff, 0x90, 0x0, 0x2, 0x9f, 0xff, 0xff,
    0xfb, 0x30, 0x0, 0x4b, 0xff, 0xff, 0xff, 0xa3,
    0x0, 0x5, 0xdf, 0xff, 0xff, 0xfa, 0x20, 0x0,
    0x0, 0xdf, 0xff, 0xff, 0x91, 0x0, 0x0, 0x0,
    0xd, 0xff, 0xf8, 0x10, 0x0, 0x0, 0x0, 0x0,
    0xde, 0x71, 0x0, 0x0, 0x0, 0x0, 0x0, 0x5,
    0x0, 0x0, 0x0, 0x0, 0x0, 0x0, 0x0,

    /* U+003F "?" */
    0x0, 0x3, 0xad, 0xff, 0xea, 0x50, 0x0, 0x0,
    0xaf, 0xff, 0xff, 0xff, 0xfc, 0x10, 0xa, 0xff,
    0xff, 0xff, 0xff, 0xff, 0xd0, 0x4f, 0xff, 0xf9,
    0x44, 0x9f, 0xff, 0xf6, 0x9f, 0xff, 0x60, 0x0,
    0x7, 0xff, 0xfb, 0xcf, 0xff, 0x0, 0x0, 0x1,
    0xff, 0xfd, 0x1, 0x10, 0x0, 0x0, 0x2, 0xff,
    0xfc, 0x0, 0x0, 0x0, 0x0, 0x8, 0xff, 0xf9,
    0x0, 0x0, 0x0, 0x0, 0x8f, 0xff, 0xf2, 0x0,
    0x0, 0x0, 0x2c, 0xff, 0xff, 0x50, 0x0, 0x0,
    0x3, 0xff, 0xff, 0xd3, 0x0, 0x0, 0x0, 0xc,
    0xff, 0xfa, 0x0, 0x0, 0x0, 0x0, 0x1f, 0xff,
    0xb0, 0x0, 0x0, 0x0, 0x0, 0x4f, 0xff, 0x50,
    0x0, 0x0, 0x0, 0x0, 0x4f, 0xff, 0x30, 0x0,
    0x0, 0x0, 0x0, 0x1, 0x11, 0x0, 0x0, 0x0,
    0x0, 0x0, 0x0, 0x0, 0x0, 0x0, 0x0, 0x0,
    0x0, 0x8, 0xb7, 0x0, 0x0, 0x0, 0x0, 0x0,
    0xaf, 0xff, 0x80, 0x0, 0x0, 0x0, 0x0, 0xef,
    0xff, 0xd0, 0x0, 0x0, 0x0, 0x0, 0xcf, 0xff,
    0xa0, 0x0, 0x0, 0x0, 0x0, 0x2c, 0xfc, 0x10,
    0x0, 0x0,

    /* U+0040 "@" */
    0x0, 0x0, 0x0, 0x0, 0x5, 0x9c, 0xef, 0xff,
    0xdb, 0x72, 0x0, 0x0, 0x0, 0x0, 0x0, 0x0,
    0x0, 0x19, 0xff, 0xff, 0xff, 0xff, 0xff, 0xff,
    0xb3, 0x0, 0x0, 0x0, 0x0, 0x0, 0x6, 0xff,
    0xff, 0xff, 0xff, 0xff, 0xff, 0xff, 0xff, 0x80,
    0x0, 0x0, 0x0, 0x0, 0x8f, 0xff, 0xfe, 0x84,
    0x20, 0x0, 0x25, 0xaf, 0xff, 0xfb, 0x0, 0x0,
    0x0, 0x7, 0xff, 0xff, 0x60, 0x0, 0x0, 0x0,
    0x0, 0x1, 0xbf, 0xff, 0xa0, 0x0, 0x0, 0x3f,
    0xff, 0xd2, 0x0, 0x0, 0x0, 0x0, 0x0, 0x0,
    0x8, 0xff, 0xf5, 0x0, 0x0, 0xcf, 0xff, 0x20,
    0x0, 0x2a, 0xef, 0xea, 0x25, 0xaa, 0x20, 0xaf,
    0xfe, 0x0, 0x4, 0xff, 0xf6, 0x0, 0x5, 0xff,
    0xff, 0xff, 0xfb, 0xff, 0x40, 0x1e, 0xff, 0x60,
    0xa, 0xff, 0xd0, 0x0, 0x3f, 0xff, 0xff, 0xff,
    0xff, 0xff, 0x40, 0x8, 0xff, 0xc0, 0xe, 0xff,
    0x70, 0x0, 0xdf, 0xfd, 0x41, 0x16, 0xff, 0xff,
    0x40, 0x2, 0xff, 0xf1, 0x2f, 0xff, 0x30, 0x3,
    0xff, 0xf1, 0x0, 0x0, 0x5f, 0xff, 0x40, 0x0,
    0xef, 0xf4, 0x5f, 0xff, 0x0, 0x8, 0xff, 0x80,
    0x0, 0x0, 0xe, 0xff, 0x40, 0x0, 0xcf, 0xf6,
    0x6f, 0xfe, 0x0, 0xb, 0xff, 0x40, 0x0, 0x0,
    0xb, 0xff, 0x40, 0x0, 0xbf, 0xf7, 0x7f, 0xfd,
    0x0, 0xc, 0xff, 0x20, 0x0, 0x0, 0xa, 0xff,
    0x40, 0x0, 0xbf, 0xf7, 0x7f, 0xfd, 0x0, 0xc,
    0xff, 0x20, 0x0, 0x0, 0xa, 0xff, 0x40, 0x0,
    0xbf, 0xf6, 0x6f, 0xfe, 0x0, 0xb, 0xff, 0x40,
    0x0, 0x0, 0xb, 0xff, 0x40, 0x0, 0xcf, 0xf4,
    0x5f, 0xff, 0x0, 0x8, 0xff, 0x70, 0x0, 0x0,
    0xe, 0xff, 0x40, 0x0, 0xef, 0xf2, 0x3f, 0xff,
    0x20, 0x4, 0xff, 0xd0, 0x0, 0x0, 0x4f, 0xff,
    0x40, 0x2, 0xff, 0xe0, 0xf, 0xff, 0x70, 0x0,
    0xef, 0xf9, 0x0, 0x2, 0xef, 0xff, 0x80, 0x9,
    0xff, 0x90, 0xb, 0xff, 0xd0, 0x0, 0x5f, 0xff,
    0xeb, 0xcf, 0xfd, 0xff, 0xfb, 0xdf, 0xff, 0x20,
    0x5, 0xff, 0xf5, 0x0, 0x8, 0xff, 0xff, 0xff,
    0xe2, 0xcf, 0xff, 0xff, 0xf5, 0x0, 0x0, 0xdf,
    0xfe, 0x20, 0x0, 0x4b, 0xff, 0xe9, 0x10, 0x8,
    0xdf, 0xfb, 0x30, 0x0, 0x0, 0x5f, 0xff, 0xd2,
    0x0, 0x0, 0x0, 0x0, 0x0, 0x0, 0x0, 0x0,
    0x0, 0x0, 0x0, 0x9, 0xff, 0xff, 0x70, 0x0,
    0x0, 0x0, 0x0, 0x0, 0x0, 0x0, 0x0, 0x0,
    0x0, 0x0, 0xaf, 0xff, 0xfe, 0x95, 0x21, 0x0,
    0x24, 0x7b, 0x90, 0x0, 0x0, 0x0, 0x0, 0x0,
    0x7, 0xff, 0xff, 0xff, 0xff, 0xff, 0xff, 0xff,
    0xf1, 0x0, 0x0, 0x0, 0x0, 0x0, 0x0, 0x2a,
    0xff, 0xff, 0xff, 0xff, 0xff, 0xff, 0xf4, 0x0,
    0x0, 0x0, 0x0, 0x0, 0x0, 0x0, 0x15, 0x9c,
    0xef, 0xff, 0xeb, 0x84, 0x0, 0x0, 0x0, 0x0,

    /* U+0041 "A" */
    0x0, 0x0, 0x0, 0x0, 0xdf, 0xff, 0xf7, 0x0,
    0x0, 0x0, 0x0, 0x0, 0x0, 0x0, 0x2, 0xff,
    0xff, 0xfd, 0x0, 0x0, 0x0, 0x0, 0x0, 0x0,
    0x0, 0x8, 0xff, 0xff, 0xff, 0x30, 0x0, 0x0,
    0x0, 0x0, 0x0, 0x0, 0xd, 0xff, 0xbf, 0xff,
    0x80, 0x0, 0x0, 0x0, 0x0, 0x0, 0x0, 0x3f,
    0xff, 0x6c, 0xff, 0xe0, 0x0, 0x0, 0x0, 0x0,
    0x0, 0x0, 0x8f, 0xff, 0x28, 0xff, 0xf4, 0x0,
    0x0, 0x0, 0x0, 0x0, 0x0, 0xef, 0xfe, 0x4,
    0xff, 0xf9, 0x0, 0x0, 0x0, 0x0, 0x0, 0x4,
    0xff, 0xfa, 0x0, 0xff, 0xff, 0x0, 0x0, 0x0,
    0x0, 0x0, 0x9, 0xff, 0xf5, 0x0, 0xbf, 0xff,
    0x50, 0x0, 0x0, 0x0, 0x0, 0xe, 0xff, 0xf1,
    0x0, 0x6f, 0xff, 0xa0, 0x0, 0x0, 0x0, 0x0,
    0x4f, 0xff, 0xc0, 0x0, 0x1f, 0xff, 0xf1, 0x0,
    0x0, 0x0, 0x0, 0xaf, 0xff, 0x70, 0x0, 0xb,
    0xff, 0xf6, 0x0, 0x0, 0x0, 0x0, 0xff, 0xff,
    0x20, 0x0, 0x6, 0xff, 0xfb, 0x0, 0x0, 0x0,
    0x5, 0xff, 0xff, 0xff, 0xff, 0xff, 0xff, 0xff,
    0x10, 0x0, 0x0, 0xa, 0xff, 0xff, 0xff, 0xff,
    0xff, 0xff, 0xff, 0x70, 0x0, 0x0, 0xf, 0xff,
    0xff, 0xff, 0xff, 0xff, 0xff, 0xff, 0xc0, 0x0,
    0x0, 0x5f, 0xff, 0xd3, 0x33, 0x33, 0x33, 0x4f,
    0xff, 0xf2, 0x0, 0x0, 0xbf, 0xff, 0x70, 0x0,
    0x0, 0x0, 0xb, 0xff, 0xf8, 0x0, 0x1, 0xff,
    0xff, 0x20, 0x0, 0x0, 0x0, 0x6, 0xff, 0xfd,
    0x0, 0x6, 0xff, 0xfd, 0x0, 0x0, 0x0, 0x0,
    0x0, 0xff, 0xff, 0x30, 0xc, 0xff, 0xf8, 0x0,
    0x0, 0x0, 0x0, 0x0, 0xbf, 0xff, 0x90, 0x1f,
    0xff, 0xf2, 0x0, 0x0, 0x0, 0x0, 0x0, 0x5f,
    0xff, 0xe0,

    /* U+0042 "B" */
    0xcf, 0xff, 0xff, 0xff, 0xff, 0xd9, 0x30, 0x0,
    0xc, 0xff, 0xff, 0xff, 0xff, 0xff, 0xff, 0xa0,
    0x0, 0xcf, 0xff, 0xff, 0xff, 0xff, 0xff, 0xff,
    0xa0, 0xc, 0xff, 0xf6, 0x55, 0x55, 0x8e, 0xff,
    0xff, 0x30, 0xcf, 0xff, 0x10, 0x0, 0x0, 0xd,
    0xff, 0xf7, 0xc, 0xff, 0xf1, 0x0, 0x0, 0x0,
    0x6f, 0xff, 0x90, 0xcf, 0xff, 0x10, 0x0, 0x0,
    0x5, 0xff, 0xf8, 0xc, 0xff, 0xf1, 0x0, 0x0,
    0x0, 0xbf, 0xff, 0x30, 0xcf, 0xff, 0x10, 0x0,
    0x2, 0x9f, 0xff, 0x90, 0xc, 0xff, 0xfe, 0xee,
    0xee, 0xff, 0xfe, 0x60, 0x0, 0xcf, 0xff, 0xff,
    0xff, 0xff, 0xff, 0x82, 0x0, 0xc, 0xff, 0xff,
    0xff, 0xff, 0xff, 0xff, 0xf8, 0x0, 0xcf, 0xff,
    0x10, 0x0, 0x1, 0x6f, 0xff, 0xf7, 0xc, 0xff,
    0xf1, 0x0, 0x0, 0x0, 0x3f, 0xff, 0xf0, 0xcf,
    0xff, 0x10, 0x0, 0x0, 0x0, 0xbf, 0xff, 0x4c,
    0xff, 0xf1, 0x0, 0x0, 0x0, 0x8, 0xff, 0xf6,
    0xcf, 0xff, 0x10, 0x0, 0x0, 0x0, 0xbf, 0xff,
    0x6c, 0xff, 0xf1, 0x0, 0x0, 0x0, 0x4f, 0xff,
    0xf3, 0xcf, 0xff, 0x65, 0x55, 0x56, 0xaf, 0xff,
    0xfd, 0xc, 0xff, 0xff, 0xff, 0xff, 0xff, 0xff,
    0xff, 0x40, 0xcf, 0xff, 0xff, 0xff, 0xff, 0xff,
    0xfe, 0x40, 0xc, 0xff, 0xff, 0xff, 0xff, 0xfe,
    0xb7, 0x10, 0x0,

    /* U+0043 "C" */
    0x0, 0x0, 0x0, 0x39, 0xdf, 0xff, 0xd9, 0x30,
    0x0, 0x0, 0x0, 0x0, 0x2b, 0xff, 0xff, 0xff,
    0xff, 0xfc, 0x20, 0x0, 0x0, 0x4, 0xff, 0xff,
    0xff, 0xff, 0xff, 0xff, 0xf4, 0x0, 0x0, 0x2f,
    0xff, 0xff, 0xeb, 0x9a, 0xef, 0xff, 0xff, 0x20,
    0x0, 0xdf, 0xff, 0xf6, 0x0, 0x0, 0x5, 0xff,
    0xff, 0xb0, 0x6, 0xff, 0xff, 0x30, 0x0, 0x0,
    0x0, 0x3f, 0xff, 0xf2, 0xc, 0xff, 0xf7, 0x0,
    0x0, 0x0, 0x0, 0x9, 0xff, 0xf7, 0x1f, 0xff,
    0xf0, 0x0, 0x0, 0x0, 0x0, 0x2, 0x88, 0x85,
    0x4f, 0xff, 0xb0, 0x0, 0x0, 0x0, 0x0, 0x0,
    0x0, 0x0, 0x6f, 0xff, 0x80, 0x0, 0x0, 0x0,
    0x0, 0x0, 0x0, 0x0, 0x7f, 0xff, 0x70, 0x0,
    0x0, 0x0, 0x0, 0x0, 0x0, 0x0, 0x7f, 0xff,
    0x70, 0x0, 0x0, 0x0, 0x0, 0x0, 0x0, 0x0,
    0x6f, 0xff, 0x80, 0x0, 0x0, 0x0, 0x0, 0x0,
    0x0, 0x0, 0x4f, 0xff, 0xb0, 0x0, 0x0, 0x0,
    0x0, 0x0, 0x0, 0x0, 0x1f, 0xff, 0xf0, 0x0,
    0x0, 0x0, 0x0, 0x2, 0x77, 0x75, 0xc, 0xff,
    0xf7, 0x0, 0x0, 0x0, 0x0, 0x8, 0xff, 0xf8,
    0x6, 0xff, 0xff, 0x30, 0x0, 0x0, 0x0, 0x2f,
    0xff, 0xf2, 0x0, 0xdf, 0xff, 0xf6, 0x0, 0x0,
    0x5, 0xef, 0xff, 0xb0, 0x0, 0x3f, 0xff, 0xff,
    0xeb, 0x9a, 0xef, 0xff, 0xfe, 0x10, 0x0, 0x4,
    0xff, 0xff, 0xff, 0xff, 0xff, 0xff, 0xe3, 0x0,
    0x0, 0x0, 0x2c, 0xff, 0xff, 0xff, 0xff, 0xfb,
    0x20, 0x0, 0x0, 0x0, 0x0, 0x39, 0xdf, 0xff,
    0xd9, 0x30, 0x0, 0x0,

    /* U+0044 "D" */
    0xcf, 0xff, 0xff, 0xff, 0xfe, 0xb7, 0x10, 0x0,
    0x0, 0xc, 0xff, 0xff, 0xff, 0xff, 0xff, 0xff,
    0x90, 0x0, 0x0, 0xcf, 0xff, 0xff, 0xff, 0xff,
    0xff, 0xff, 0xd1, 0x0, 0xc, 0xff, 0xf8, 0x77,
    0x78, 0xaf, 0xff, 0xff, 0xd0, 0x0, 0xcf, 0xff,
    0x10, 0x0, 0x0, 0x7, 0xff, 0xff, 0x80, 0xc,
    0xff, 0xf1, 0x0, 0x0, 0x0, 0x5, 0xff, 0xff,
    0x10, 0xcf, 0xff, 0x10, 0x0, 0x0, 0x0, 0xa,
    0xff, 0xf7, 0xc, 0xff, 0xf1, 0x0, 0x0, 0x0,
    0x0, 0x3f, 0xff, 0xc0, 0xcf, 0xff, 0x10, 0x0,
    0x0, 0x0, 0x0, 0xff, 0xff, 0xc, 0xff, 0xf1,
    0x0, 0x0, 0x0, 0x0, 0xc, 0xff, 0xf1, 0xcf,
    0xff, 0x10, 0x0, 0x0, 0x0, 0x0, 0xbf, 0xff,
    0x2c, 0xff, 0xf1, 0x0, 0x0, 0x0, 0x0, 0xb,
    0xff, 0xf2, 0xcf, 0xff, 0x10, 0x0, 0x0, 0x0,
    0x0, 0xcf, 0xff, 0x1c, 0xff, 0xf1, 0x0, 0x0,
    0x0, 0x0, 0xf, 0xff, 0xf0, 0xcf, 0xff, 0x10,
    0x0, 0x0, 0x0, 0x3, 0xff, 0xfb, 0xc, 0xff,
    0xf1, 0x0, 0x0, 0x0, 0x0, 0xaf, 0xff, 0x70,
    0xcf, 0xff, 0x10, 0x0, 0x0, 0x0, 0x5f, 0xff,
    0xf1, 0xc, 0xff, 0xf1, 0x0, 0x0, 0x0, 0x8f,
    0xff, 0xf8, 0x0, 0xcf, 0xff, 0x87, 0x77, 0x8b,
    0xff, 0xff, 0xfc, 0x0, 0xc, 0xff, 0xff, 0xff,
    0xff, 0xff, 0xff, 0xfc, 0x10, 0x0, 0xcf, 0xff,
    0xff, 0xff, 0xff, 0xff, 0xf8, 0x0, 0x0, 0xc,
    0xff, 0xff, 0xff, 0xff, 0xeb, 0x61, 0x0, 0x0,
    0x0,

    /* U+0045 "E" */
    0xcf, 0xff, 0xff, 0xff, 0xff, 0xff, 0xff, 0x6c,
    0xff, 0xff, 0xff, 0xff, 0xff, 0xff, 0xf6, 0xcf,
    0xff, 0xff, 0xff, 0xff, 0xff, 0xff, 0x6c, 0xff,
    0xf7, 0x66, 0x66, 0x66, 0x66, 0x62, 0xcf, 0xff,
    0x10, 0x0, 0x0, 0x0, 0x0, 0xc, 0xff, 0xf1,
    0x0, 0x0, 0x0, 0x0, 0x0, 0xcf, 0xff, 0x10,
    0x0, 0x0, 0x0, 0x0, 0xc, 0xff, 0xf1, 0x0,
    0x0, 0x0, 0x0, 0x0, 0xcf, 0xff, 0x10, 0x0,
    0x0, 0x0, 0x0, 0xc, 0xff, 0xff, 0xff, 0xff,
    0xff, 0xff, 0x90, 0xcf, 0xff, 0xff, 0xff, 0xff,
    0xff, 0xf9, 0xc, 0xff, 0xff, 0xff, 0xff, 0xff,
    0xff, 0x90, 0xcf, 0xff, 0x65, 0x55, 0x55, 0x55,
    0x53, 0xc, 0xff, 0xf1, 0x0, 0x0, 0x0, 0x0,
    0x0, 0xcf, 0xff, 0x10, 0x0, 0x0, 0x0, 0x0,
    0xc, 0xff, 0xf1, 0x0, 0x0, 0x0, 0x0, 0x0,
    0xcf, 0xff, 0x10, 0x0, 0x0, 0x0, 0x0, 0xc,
    0xff, 0xf1, 0x0, 0x0, 0x0, 0x0, 0x0, 0xcf,
    0xff, 0x76, 0x66, 0x66, 0x66, 0x66, 0x2c, 0xff,
    0xff, 0xff, 0xff, 0xff, 0xff, 0xf7, 0xcf, 0xff,
    0xff, 0xff, 0xff, 0xff, 0xff, 0x7c, 0xff, 0xff,
    0xff, 0xff, 0xff, 0xff, 0xf7,

    /* U+0046 "F" */
    0xcf, 0xff, 0xff, 0xff, 0xff, 0xff, 0xff, 0x2c,
    0xff, 0xff, 0xff, 0xff, 0xff, 0xff, 0xf2, 0xcf,
    0xff, 0xff, 0xff, 0xff, 0xff, 0xff, 0x2c, 0xff,
    0xf7, 0x66, 0x66, 0x66, 0x66, 0x61, 0xcf, 0xff,
    0x10, 0x0, 0x0, 0x0, 0x0, 0xc, 0xff, 0xf1,
    0x0, 0x0, 0x0, 0x0, 0x0, 0xcf, 0xff, 0x10,
    0x0, 0x0, 0x0, 0x0, 0xc, 0xff, 0xf1, 0x0,
    0x0, 0x0, 0x0, 0x0, 0xcf, 0xff, 0x10, 0x0,
    0x0, 0x0, 0x0, 0xc, 0xff, 0xf6, 0x55, 0x55,
    0x55, 0x55, 0x10, 0xcf, 0xff, 0xff, 0xff, 0xff,
    0xff, 0xf3, 0xc, 0xff, 0xff, 0xff, 0xff, 0xff,
    0xff, 0x30, 0xcf, 0xff, 0xff, 0xff, 0xff, 0xff,
    0xf3, 0xc, 0xff, 0xf1, 0x0, 0x0, 0x0, 0x0,
    0x0, 0xcf, 0xff, 0x10, 0x0, 0x0, 0x0, 0x0,
    0xc, 0xff, 0xf1, 0x0, 0x0, 0x0, 0x0, 0x0,
    0xcf, 0xff, 0x10, 0x0, 0x0, 0x0, 0x0, 0xc,
    0xff, 0xf1, 0x0, 0x0, 0x0, 0x0, 0x0, 0xcf,
    0xff, 0x10, 0x0, 0x0, 0x0, 0x0, 0xc, 0xff,
    0xf1, 0x0, 0x0, 0x0, 0x0, 0x0, 0xcf, 0xff,
    0x10, 0x0, 0x0, 0x0, 0x0, 0xc, 0xff, 0xf1,
    0x0, 0x0, 0x0, 0x0, 0x0,

    /* U+0047 "G" */
    0x0, 0x0, 0x0, 0x39, 0xdf, 0xff, 0xd9, 0x30,
    0x0, 0x0, 0x0, 0x0, 0x2b, 0xff, 0xff, 0xff,
    0xff, 0xfc, 0x30, 0x0, 0x0, 0x4, 0xff, 0xff,
    0xff, 0xff, 0xff, 0xff, 0xf5, 0x0, 0x0, 0x2f,
    0xff, 0xff, 0xeb, 0x9a, 0xef, 0xff, 0xff, 0x30,
    0x0, 0xdf, 0xff, 0xf6, 0x0, 0x0, 0x4, 0xef,
    0xff, 0xd0, 0x5, 0xff, 0xff, 0x30, 0x0, 0x0,
    0x0, 0x2f, 0xff, 0xf4, 0xc, 0xff, 0xf7, 0x0,
    0x0, 0x0, 0x0, 0x7, 0xff, 0xf8, 0x1f, 0xff,
    0xf0, 0x0, 0x0, 0x0, 0x0, 0x0, 0x0, 0x0,
    0x4f, 0xff, 0xb0, 0x0, 0x0, 0x0, 0x0, 0x0,
    0x0, 0x0, 0x6f, 0xff, 0x80, 0x0, 0x0, 0x0,
    0x0, 0x0, 0x0, 0x0, 0x7f, 0xff, 0x70, 0x0,
    0x0, 0xf, 0xff, 0xff, 0xff, 0xfe, 0x7f, 0xff,
    0x70, 0x0, 0x0, 0xf, 0xff, 0xff, 0xff, 0xfe,
    0x6f, 0xff, 0x80, 0x0, 0x0, 0xf, 0xff, 0xff,
    0xff, 0xfe, 0x4f, 0xff, 0xb0, 0x0, 0x0, 0x2,
    0x22, 0x22, 0xff, 0xfd, 0x1f, 0xff, 0xf1, 0x0,
    0x0, 0x0, 0x0, 0x1, 0xff, 0xfb, 0xc, 0xff,
    0xf8, 0x0, 0x0, 0x0, 0x0, 0x6, 0xff, 0xf8,
    0x6, 0xff, 0xff, 0x40, 0x0, 0x0, 0x0, 0x1e,
    0xff, 0xf3, 0x0, 0xdf, 0xff, 0xf6, 0x0, 0x0,
    0x4, 0xdf, 0xff, 0xc0, 0x0, 0x3f, 0xff, 0xff,
    0xeb, 0x9a, 0xdf, 0xff, 0xff, 0x20, 0x0, 0x4,
    0xff, 0xff, 0xff, 0xff, 0xff, 0xff, 0xf4, 0x0,
    0x0, 0x0, 0x2c, 0xff, 0xff, 0xff, 0xff, 0xfc,
    0x30, 0x0, 0x0, 0x0, 0x0, 0x39, 0xdf, 0xff,
    0xd9, 0x40, 0x0, 0x0,

    /* U+0048 "H" */
    0xcf, 0xff, 0x10, 0x0, 0x0, 0x0, 0x0, 0xbf,
    0xff, 0x2c, 0xff, 0xf1, 0x0, 0x0, 0x0, 0x0,
    0xb, 0xff, 0xf2, 0xcf, 0xff, 0x10, 0x0, 0x0,
    0x0, 0x0, 0xbf, 0xff, 0x2c, 0xff, 0xf1, 0x0,
    0x0, 0x0, 0x0, 0xb, 0xff, 0xf2, 0xcf, 0xff,
    0x10, 0x0, 0x0, 0x0, 0x0, 0xbf, 0xff, 0x2c,
    0xff, 0xf1, 0x0, 0x0, 0x0, 0x0, 0xb, 0xff,
    0xf2, 0xcf, 0xff, 0x10, 0x0, 0x0, 0x0, 0x0,
    0xbf, 0xff, 0x2c, 0xff, 0xf1, 0x0, 0x0, 0x0,
    0x0, 0xb, 0xff, 0xf2, 0xcf, 0xff, 0x10, 0x0,
    0x0, 0x0, 0x0, 0xbf, 0xff, 0x2c, 0xff, 0xff,
    0xff, 0xff, 0xff, 0xff, 0xff, 0xff, 0xf2, 0xcf,
    0xff, 0xff, 0xff, 0xff, 0xff, 0xff, 0xff, 0xff,
    0x2c, 0xff, 0xff, 0xff, 0xff, 0xff, 0xff, 0xff,
    0xff, 0xf2, 0xcf, 0xff, 0x76, 0x66, 0x66, 0x66,
    0x66, 0xdf, 0xff, 0x2c, 0xff, 0xf1, 0x0, 0x0,
    0x0, 0x0, 0xb, 0xff, 0xf2, 0xcf, 0xff, 0x10,
    0x0, 0x0, 0x0, 0x0, 0xbf, 0xff, 0x2c, 0xff,
    0xf1, 0x0, 0x0, 0x0, 0x0, 0xb, 0xff, 0xf2,
    0xcf, 0xff, 0x10, 0x0, 0x0, 0x0, 0x0, 0xbf,
    0xff, 0x2c, 0xff, 0xf1, 0x0, 0x0, 0x0, 0x0,
    0xb, 0xff, 0xf2, 0xcf, 0xff, 0x10, 0x0, 0x0,
    0x0, 0x0, 0xbf, 0xff, 0x2c, 0xff, 0xf1, 0x0,
    0x0, 0x0, 0x0, 0xb, 0xff, 0xf2, 0xcf, 0xff,
    0x10, 0x0, 0x0, 0x0, 0x0, 0xbf, 0xff, 0x2c,
    0xff, 0xf1, 0x0, 0x0, 0x0, 0x0, 0xb, 0xff,
    0xf2,

    /* U+0049 "I" */
    0xcf, 0xff, 0x1c, 0xff, 0xf1, 0xcf, 0xff, 0x1c,
    0xff, 0xf1, 0xcf, 0xff, 0x1c, 0xff, 0xf1, 0xcf,
    0xff, 0x1c, 0xff, 0xf1, 0xcf, 0xff, 0x1c, 0xff,
    0xf1, 0xcf, 0xff, 0x1c, 0xff, 0xf1, 0xcf, 0xff,
    0x1c, 0xff, 0xf1, 0xcf, 0xff, 0x1c, 0xff, 0xf1,
    0xcf, 0xff, 0x1c, 0xff, 0xf1, 0xcf, 0xff, 0x1c,
    0xff, 0xf1, 0xcf, 0xff, 0x1c, 0xff, 0xf1,

    /* U+004A "J" */
    0x0, 0x0, 0x0, 0x0, 0x0, 0xaf, 0xff, 0x30,
    0x0, 0x0, 0x0, 0x0, 0xa, 0xff, 0xf3, 0x0,
    0x0, 0x0, 0x0, 0x0, 0xaf, 0xff, 0x30, 0x0,
    0x0, 0x0, 0x0, 0xa, 0xff, 0xf3, 0x0, 0x0,
    0x0, 0x0, 0x0, 0xaf, 0xff, 0x30, 0x0, 0x0,
    0x0, 0x0, 0xa, 0xff, 0xf3, 0x0, 0x0, 0x0,
    0x0, 0x0, 0xaf, 0xff, 0x30, 0x0, 0x0, 0x0,
    0x0, 0xa, 0xff, 0xf3, 0x0, 0x0, 0x0, 0x0,
    0x0, 0xaf, 0xff, 0x30, 0x0, 0x0, 0x0, 0x0,
    0xa, 0xff, 0xf3, 0x0, 0x0, 0x0, 0x0, 0x0,
    0xaf, 0xff, 0x30, 0x0, 0x0, 0x0, 0x0, 0xa,
    0xff, 0xf3, 0x0, 0x0, 0x0, 0x0, 0x0, 0xaf,
    0xff, 0x30, 0x0, 0x0, 0x0, 0x0, 0xa, 0xff,
    0xf3, 0xdf, 0xff, 0x0, 0x0, 0x0, 0xaf, 0xff,
    0x3d, 0xff, 0xf1, 0x0, 0x0, 0xb, 0xff, 0xf3,
    0xcf, 0xff, 0x30, 0x0, 0x0, 0xdf, 0xff, 0x19,
    0xff, 0xfa, 0x0, 0x0, 0x4f, 0xff, 0xe0, 0x3f,
    0xff, 0xfb, 0x65, 0x8f, 0xff, 0xf8, 0x0, 0x9f,
    0xff, 0xff, 0xff, 0xff, 0xfe, 0x10, 0x0, 0x9f,
    0xff, 0xff, 0xff, 0xfd, 0x20, 0x0, 0x0, 0x39,
    0xdf, 0xfe, 0xb6, 0x0, 0x0,

    /* U+004B "K" */
    0xcf, 0xff, 0x10, 0x0, 0x0, 0x0, 0x2f, 0xff,
    0xfb, 0xc, 0xff, 0xf1, 0x0, 0x0, 0x0, 0x1e,
    0xff, 0xfc, 0x0, 0xcf, 0xff, 0x10, 0x0, 0x0,
    0xd, 0xff, 0xfe, 0x10, 0xc, 0xff, 0xf1, 0x0,
    0x0, 0xb, 0xff, 0xfe, 0x20, 0x0, 0xcf, 0xff,
    0x10, 0x0, 0x9, 0xff, 0xff, 0x30, 0x0, 0xc,
    0xff, 0xf1, 0x0, 0x7, 0xff, 0xff, 0x50, 0x0,
    0x0, 0xcf, 0xff, 0x10, 0x5, 0xff, 0xff, 0x70,
    0x0, 0x0, 0xc, 0xff, 0xf1, 0x3, 0xff, 0xff,
    0x90, 0x0, 0x0, 0x0, 0xcf, 0xff, 0x11, 0xef,
    0xff, 0xa0, 0x0, 0x0, 0x0, 0xc, 0xff, 0xf1,
    0xcf, 0xff, 0xf0, 0x0, 0x0, 0x0, 0x0, 0xcf,
    0xff, 0x8f, 0xff, 0xff, 0x70, 0x0, 0x0, 0x0,
    0xc, 0xff, 0xff, 0xff, 0xff, 0xff, 0x20, 0x0,
    0x0, 0x0, 0xcf, 0xff, 0xff, 0xbb, 0xff, 0xfc,
    0x0, 0x0, 0x0, 0xc, 0xff, 0xff, 0xc0, 0x1e,
    0xff, 0xf8, 0x0, 0x0, 0x0, 0xcf, 0xff, 0xd1,
    0x0, 0x5f, 0xff, 0xf3, 0x0, 0x0, 0xc, 0xff,
    0xf3, 0x0, 0x0, 0xaf, 0xff, 0xd0, 0x0, 0x0,
    0xcf, 0xff, 0x10, 0x0, 0x1, 0xef, 0xff, 0x80,
    0x0, 0xc, 0xff, 0xf1, 0x0, 0x0, 0x5, 0xff,
    0xff, 0x30, 0x0, 0xcf, 0xff, 0x10, 0x0, 0x0,
    0xa, 0xff, 0xfd, 0x0, 0xc, 0xff, 0xf1, 0x0,
    0x0, 0x0, 0x1e, 0xff, 0xf9, 0x0, 0xcf, 0xff,
    0x10, 0x0, 0x0, 0x0, 0x5f, 0xff, 0xf4, 0xc,
    0xff, 0xf1, 0x0, 0x0, 0x0, 0x0, 0xaf, 0xff,
    0xe1,

    /* U+004C "L" */
    0xcf, 0xff, 0x10, 0x0, 0x0, 0x0, 0x0, 0xcf,
    0xff, 0x10, 0x0, 0x0, 0x0, 0x0, 0xcf, 0xff,
    0x10, 0x0, 0x0, 0x0, 0x0, 0xcf, 0xff, 0x10,
    0x0, 0x0, 0x0, 0x0, 0xcf, 0xff, 0x10, 0x0,
    0x0, 0x0, 0x0, 0xcf, 0xff, 0x10, 0x0, 0x0,
    0x0, 0x0, 0xcf, 0xff, 0x10, 0x0, 0x0, 0x0,
    0x0, 0xcf, 0xff, 0x10, 0x0, 0x0, 0x0, 0x0,
    0xcf, 0xff, 0x10, 0x0, 0x0, 0x0, 0x0, 0xcf,
    0xff, 0x10, 0x0, 0x0, 0x0, 0x0, 0xcf, 0xff,
    0x10, 0x0, 0x0, 0x0, 0x0, 0xcf, 0xff, 0x10,
    0x0, 0x0, 0x0, 0x0, 0xcf, 0xff, 0x10, 0x0,
    0x0, 0x0, 0x0, 0xcf, 0xff, 0x10, 0x0, 0x0,
    0x0, 0x0, 0xcf, 0xff, 0x10, 0x0, 0x0, 0x0,
    0x0, 0xcf, 0xff, 0x10, 0x0, 0x0, 0x0, 0x0,
    0xcf, 0xff, 0x10, 0x0, 0x0, 0x0, 0x0, 0xcf,
    0xff, 0x10, 0x0, 0x0, 0x0, 0x0, 0xcf, 0xff,
    0x76, 0x66, 0x66, 0x66, 0x64, 0xcf, 0xff, 0xff,
    0xff, 0xff, 0xff, 0xfc, 0xcf, 0xff, 0xff, 0xff,
    0xff, 0xff, 0xfc, 0xcf, 0xff, 0xff, 0xff, 0xff,
    0xff, 0xfc,

    /* U+004D "M" */
    0xcf, 0xff, 0xff, 0x40, 0x0, 0x0, 0x0, 0x0,
    0x9, 0xff, 0xff, 0xf7, 0xcf, 0xff, 0xff, 0xa0,
    0x0, 0x0, 0x0, 0x0, 0xf, 0xff, 0xff, 0xf7,
    0xcf, 0xff, 0xff, 0xf0, 0x0, 0x0, 0x0, 0x0,
    0x5f, 0xff, 0xff, 0xf7, 0xcf, 0xff, 0xff, 0xf6,
    0x0, 0x0, 0x0, 0x0, 0xbf, 0xfe, 0xff, 0xf7,
    0xcf, 0xfe, 0xcf, 0xfb, 0x0, 0x0, 0x0, 0x1,
    0xff, 0xfa, 0xff, 0xf7, 0xcf, 0xff, 0x8f, 0xff,
    0x10, 0x0, 0x0, 0x6, 0xff, 0xf6, 0xff, 0xf7,
    0xcf, 0xff, 0x3f, 0xff, 0x70, 0x0, 0x0, 0xc,
    0xff, 0xd5, 0xff, 0xf7, 0xcf, 0xff, 0xe, 0xff,
    0xd0, 0x0, 0x0, 0x2f, 0xff, 0x86, 0xff, 0xf7,
    0xcf, 0xff, 0xa, 0xff, 0xf3, 0x0, 0x0, 0x8f,
    0xff, 0x36, 0xff, 0xf7, 0xcf, 0xff, 0x5, 0xff,
    0xf9, 0x0, 0x0, 0xdf, 0xfe, 0x6, 0xff, 0xf7,
    0xcf, 0xff, 0x0, 0xff, 0xfe, 0x0, 0x3, 0xff,
    0xf9, 0x6, 0xff, 0xf7, 0xcf, 0xff, 0x0, 0x9f,
    0xff, 0x40, 0x9, 0xff, 0xf3, 0x6, 0xff, 0xf7,
    0xcf, 0xff, 0x0, 0x4f, 0xff, 0x90, 0xe, 0xff,
    0xe0, 0x6, 0xff, 0xf7, 0xcf, 0xff, 0x0, 0xe,
    0xff, 0xd0, 0x2f, 0xff, 0x80, 0x6, 0xff, 0xf7,
    0xcf, 0xff, 0x0, 0x8, 0xff, 0xf2, 0x6f, 0xff,
    0x20, 0x6, 0xff, 0xf7, 0xcf, 0xff, 0x0, 0x2,
    0xff, 0xf6, 0xaf, 0xfd, 0x0, 0x6, 0xff, 0xf7,
    0xcf, 0xff, 0x0, 0x0, 0xdf, 0xf9, 0xef, 0xf7,
    0x0, 0x6, 0xff, 0xf7, 0xcf, 0xff, 0x0, 0x0,
    0x7f, 0xfe, 0xff, 0xf1, 0x0, 0x6, 0xff, 0xf7,
    0xcf, 0xff, 0x0, 0x0, 0x1f, 0xff, 0xff, 0xb0,
    0x0, 0x6, 0xff, 0xf7, 0xcf, 0xff, 0x0, 0x0,
    0xb, 0xff, 0xff, 0x60, 0x0, 0x6, 0xff, 0xf7,
    0xcf, 0xff, 0x0, 0x0, 0x5, 0xff, 0xff, 0x10,
    0x0, 0x6, 0xff, 0xf7, 0xcf, 0xff, 0x0, 0x0,
    0x0, 0xff, 0xfa, 0x0, 0x0, 0x6, 0xff, 0xf7,

    /* U+004E "N" */
    0xcf, 0xff, 0xe0, 0x0, 0x0, 0x0, 0x0, 0x6f,
    0xff, 0x9c, 0xff, 0xff, 0x80, 0x0, 0x0, 0x0,
    0x6, 0xff, 0xf9, 0xcf, 0xff, 0xff, 0x20, 0x0,
    0x0, 0x0, 0x6f, 0xff, 0x9c, 0xff, 0xff, 0xfc,
    0x0, 0x0, 0x0, 0x6, 0xff, 0xf9, 0xcf, 0xff,
    0xff, 0xf6, 0x0, 0x0, 0x0, 0x6f, 0xff, 0x9c,
    0xff, 0xf9, 0xff, 0xe1, 0x0, 0x0, 0x6, 0xff,
    0xf9, 0xcf, 0xff, 0x2f, 0xff, 0x90, 0x0, 0x0,
    0x6f, 0xff, 0x9c, 0xff, 0xf0, 0x9f, 0xff, 0x30,
    0x0, 0x6, 0xff, 0xf9, 0xcf, 0xff, 0x11, 0xff,
    0xfd, 0x0, 0x0, 0x6f, 0xff, 0x9c, 0xff, 0xf2,
    0x7, 0xff, 0xf7, 0x0, 0x6, 0xff, 0xf9, 0xcf,
    0xff, 0x20, 0xe, 0xff, 0xf1, 0x0, 0x6f, 0xff,
    0x9c, 0xff, 0xf3, 0x0, 0x5f, 0xff, 0xa0, 0x6,
    0xff, 0xf9, 0xcf, 0xff, 0x30, 0x0, 0xbf, 0xff,
    0x40, 0x6f, 0xff, 0x9c, 0xff, 0xf3, 0x0, 0x1,
    0xff, 0xfd, 0x5, 0xff, 0xf9, 0xcf, 0xff, 0x30,
    0x0, 0x7, 0xff, 0xf6, 0x5f, 0xff, 0x9c, 0xff,
    0xf3, 0x0, 0x0, 0xd, 0xff, 0xe4, 0xff, 0xf9,
    0xcf, 0xff, 0x30, 0x0, 0x0, 0x3f, 0xff, 0x9f,
    0xff, 0x9c, 0xff, 0xf3, 0x0, 0x0, 0x0, 0xaf,
    0xff, 0xff, 0xf9, 0xcf, 0xff, 0x30, 0x0, 0x0,
    0x1, 0xef, 0xff, 0xff, 0x9c, 0xff, 0xf3, 0x0,
    0x0, 0x0, 0x6, 0xff, 0xff, 0xf9, 0xcf, 0xff,
    0x30, 0x0, 0x0, 0x0, 0xc, 0xff, 0xff, 0x9c,
    0xff, 0xf3, 0x0, 0x0, 0x0, 0x0, 0x2f, 0xff,
    0xf9,

    /* U+004F "O" */
    0x0, 0x0, 0x0, 0x39, 0xdf, 0xff, 0xd9, 0x40,
    0x0, 0x0, 0x0, 0x0, 0x2, 0xbf, 0xff, 0xff,
    0xff, 0xff, 0xc2, 0x0, 0x0, 0x0, 0x4, 0xff,
    0xff, 0xff, 0xff, 0xff, 0xff, 0xf4, 0x0, 0x0,
    0x2, 0xff, 0xff, 0xfe, 0xb9, 0xae, 0xff, 0xff,
    0xf3, 0x0, 0x0, 0xdf, 0xff, 0xf6, 0x0, 0x0,
    0x5, 0xef, 0xff, 0xd0, 0x0, 0x6f, 0xff, 0xf3,
    0x0, 0x0, 0x0, 0x2, 0xff, 0xff, 0x60, 0xc,
    0xff, 0xf7, 0x0, 0x0, 0x0, 0x0, 0x6, 0xff,
    0xfd, 0x1, 0xff, 0xff, 0x0, 0x0, 0x0, 0x0,
    0x0, 0xe, 0xff, 0xf2, 0x4f, 0xff, 0xb0, 0x0,
    0x0, 0x0, 0x0, 0x0, 0xaf, 0xff, 0x56, 0xff,
    0xf8, 0x0, 0x0, 0x0, 0x0, 0x0, 0x7, 0xff,
    0xf7, 0x7f, 0xff, 0x70, 0x0, 0x0, 0x0, 0x0,
    0x0, 0x6f, 0xff, 0x87, 0xff, 0xf7, 0x0, 0x0,
    0x0, 0x0, 0x0, 0x6, 0xff, 0xf8, 0x6f, 0xff,
    0x80, 0x0, 0x0, 0x0, 0x0, 0x0, 0x7f, 0xff,
    0x74, 0xff, 0xfb, 0x0, 0x0, 0x0, 0x0, 0x0,
    0xa, 0xff, 0xf5, 0x1f, 0xff, 0xf0, 0x0, 0x0,
    0x0, 0x0, 0x0, 0xef, 0xff, 0x20, 0xcf, 0xff,
    0x70, 0x0, 0x0, 0x0, 0x0, 0x6f, 0xff, 0xd0,
    0x6, 0xff, 0xff, 0x30, 0x0, 0x0, 0x0, 0x2f,
    0xff, 0xf6, 0x0, 0xd, 0xff, 0xff, 0x60, 0x0,
    0x0, 0x5e, 0xff, 0xfd, 0x0, 0x0, 0x2f, 0xff,
    0xff, 0xeb, 0x9a, 0xef, 0xff, 0xff, 0x30, 0x0,
    0x0, 0x4f, 0xff, 0xff, 0xff, 0xff, 0xff, 0xff,
    0x40, 0x0, 0x0, 0x0, 0x2b, 0xff, 0xff, 0xff,
    0xff, 0xfc, 0x20, 0x0, 0x0, 0x0, 0x0, 0x3,
    0x9d, 0xff, 0xfd, 0x94, 0x0, 0x0, 0x0,

    /* U+0050 "P" */
    0xcf, 0xff, 0xff, 0xff, 0xff, 0xc8, 0x10, 0x0,
    0xc, 0xff, 0xff, 0xff, 0xff, 0xff, 0xff, 0x70,
    0x0, 0xcf, 0xff, 0xff, 0xff, 0xff, 0xff, 0xff,
    0x70, 0xc, 0xff, 0xf6, 0x55, 0x56, 0x9f, 0xff,
    0xff, 0x20, 0xcf, 0xff, 0x10, 0x0, 0x0, 0x1d,
    0xff, 0xf9, 0xc, 0xff, 0xf1, 0x0, 0x0, 0x0,
    0x4f, 0xff, 0xe0, 0xcf, 0xff, 0x10, 0x0, 0x0,
    0x0, 0xff, 0xff, 0xc, 0xff, 0xf1, 0x0, 0x0,
    0x0, 0xf, 0xff, 0xf0, 0xcf, 0xff, 0x10, 0x0,
    0x0, 0x2, 0xff, 0xfe, 0xc, 0xff, 0xf1, 0x0,
    0x0, 0x0, 0xaf, 0xff, 0xb0, 0xcf, 0xff, 0x10,
    0x0, 0x3, 0xaf, 0xff, 0xf5, 0xc, 0xff, 0xff,
    0xff, 0xff, 0xff, 0xff, 0xfb, 0x0, 0xcf, 0xff,
    0xff, 0xff, 0xff, 0xff, 0xfb, 0x0, 0xc, 0xff,
    0xff, 0xff, 0xff, 0xff, 0xc5, 0x0, 0x0, 0xcf,
    0xff, 0x64, 0x44, 0x43, 0x10, 0x0, 0x0, 0xc,
    0xff, 0xf1, 0x0, 0x0, 0x0, 0x0, 0x0, 0x0,
    0xcf, 0xff, 0x10, 0x0, 0x0, 0x0, 0x0, 0x0,
    0xc, 0xff, 0xf1, 0x0, 0x0, 0x0, 0x0, 0x0,
    0x0, 0xcf, 0xff, 0x10, 0x0, 0x0, 0x0, 0x0,
    0x0, 0xc, 0xff, 0xf1, 0x0, 0x0, 0x0, 0x0,
    0x0, 0x0, 0xcf, 0xff, 0x10, 0x0, 0x0, 0x0,
    0x0, 0x0, 0xc, 0xff, 0xf1, 0x0, 0x0, 0x0,
    0x0, 0x0, 0x0,

    /* U+0051 "Q" */
    0x0, 0x0, 0x0, 0x39, 0xdf, 0xff, 0xd9, 0x40,
    0x0, 0x0, 0x0, 0x0, 0x2, 0xbf, 0xff, 0xff,
    0xff, 0xff, 0xc2, 0x0, 0x0, 0x0, 0x4, 0xff,
    0xff, 0xff, 0xff, 0xff, 0xff, 0xf4, 0x0, 0x0,
    0x2, 0xff, 0xff, 0xfe, 0xb9, 0xae, 0xff, 0xff,
    0xf3, 0x0, 0x0, 0xdf, 0xff, 0xf6, 0x0, 0x0,
    0x5, 0xef, 0xff, 0xd0, 0x0, 0x6f, 0xff, 0xf3,
    0x0, 0x0, 0x0, 0x2, 0xff, 0xff, 0x60, 0xc,
    0xff, 0xf7, 0x0, 0x0, 0x0, 0x0, 0x6, 0xff,
    0xfd, 0x1, 0xff, 0xff, 0x0, 0x0, 0x0, 0x0,
    0x0, 0xe, 0xff, 0xf2, 0x4f, 0xff, 0xb0, 0x0,
    0x0, 0x0, 0x0, 0x0, 0xaf, 0xff, 0x56, 0xff,
    0xf8, 0x0, 0x0, 0x0, 0x0, 0x0, 0x7, 0xff,
    0xf7, 0x7f, 0xff, 0x70, 0x0, 0x0, 0x0, 0x0,
    0x0, 0x6f, 0xff, 0x87, 0xff, 0xf7, 0x0, 0x0,
    0x0, 0x0, 0x0, 0x6, 0xff, 0xf8, 0x6f, 0xff,
    0x80, 0x0, 0x0, 0x0, 0x0, 0x0, 0x7f, 0xff,
    0x74, 0xff, 0xfb, 0x0, 0x0, 0x0, 0x0, 0x0,
    0xa, 0xff, 0xf5, 0x1f, 0xff, 0xf0, 0x0, 0x4,
    0x88, 0x70, 0x0, 0xef, 0xff, 0x20, 0xcf, 0xff,
    0x70, 0x0, 0xd, 0xff, 0x90, 0x6f, 0xff, 0xd0,
    0x6, 0xff, 0xff, 0x30, 0x0, 0x2f, 0xff, 0x8f,
    0xff, 0xf6, 0x0, 0xd, 0xff, 0xff, 0x60, 0x0,
    0x5f, 0xff, 0xff, 0xfd, 0x0, 0x0, 0x2f, 0xff,
    0xff, 0xeb, 0x9a, 0xff, 0xff, 0xff, 0x30, 0x0,
    0x0, 0x4f, 0xff, 0xff, 0xff, 0xff, 0xff, 0xff,
    0x50, 0x0, 0x0, 0x0, 0x2b, 0xff, 0xff, 0xff,
    0xff, 0xff, 0xfa, 0x0, 0x0, 0x0, 0x0, 0x3,
    0x9d, 0xff, 0xfd, 0x97, 0xff, 0xf7, 0x0, 0x0,
    0x0, 0x0, 0x0, 0x0, 0x0, 0x0, 0x8, 0xff,
    0xf4, 0x0, 0x0, 0x0, 0x0, 0x0, 0x0, 0x0,
    0x0, 0x7, 0x88, 0x60,

    /* U+0052 "R" */
    0xcf, 0xff, 0xff, 0xff, 0xff, 0xc8, 0x20, 0x0,
    0xc, 0xff, 0xff, 0xff, 0xff, 0xff, 0xff, 0x80,
    0x0, 0xcf, 0xff, 0xff, 0xff, 0xff, 0xff, 0xff,
    0x80, 0xc, 0xff, 0xf6, 0x55, 0x56, 0x9e, 0xff,
    0xff, 0x30, 0xcf, 0xff, 0x10, 0x0, 0x0, 0x1c,
    0xff, 0xfa, 0xc, 0xff, 0xf1, 0x0, 0x0, 0x0,
    0x3f, 0xff, 0xe0, 0xcf, 0xff, 0x10, 0x0, 0x0,
    0x0, 0xff, 0xff, 0xc, 0xff, 0xf1, 0x0, 0x0,
    0x0, 0xf, 0xff, 0xf0, 0xcf, 0xff, 0x10, 0x0,
    0x0, 0x3, 0xff, 0xfe, 0xc, 0xff, 0xf1, 0x0,
    0x0, 0x0, 0xbf, 0xff, 0xa0, 0xcf, 0xff, 0x65,
    0x55, 0x58, 0xdf, 0xff, 0xf4, 0xc, 0xff, 0xff,
    0xff, 0xff, 0xff, 0xff, 0xf9, 0x0, 0xcf, 0xff,
    0xff, 0xff, 0xff, 0xff, 0xf9, 0x0, 0xc, 0xff,
    0xff, 0xff, 0xff, 0xff, 0xf6, 0x0, 0x0, 0xcf,
    0xff, 0x10, 0x0, 0x8f, 0xff, 0xc0, 0x0, 0xc,
    0xff, 0xf1, 0x0, 0x1, 0xef, 0xff, 0x50, 0x0,
    0xcf, 0xff, 0x10, 0x0, 0x7, 0xff, 0xfd, 0x0,
    0xc, 0xff, 0xf1, 0x0, 0x0, 0xe, 0xff, 0xf6,
    0x0, 0xcf, 0xff, 0x10, 0x0, 0x0, 0x6f, 0xff,
    0xe0, 0xc, 0xff, 0xf1, 0x0, 0x0, 0x0, 0xdf,
    0xff, 0x80, 0xcf, 0xff, 0x10, 0x0, 0x0, 0x5,
    0xff, 0xff, 0x1c, 0xff, 0xf1, 0x0, 0x0, 0x0,
    0xc, 0xff, 0xf9,

    /* U+0053 "S" */
    0x0, 0x0, 0x17, 0xbe, 0xff, 0xeb, 0x60, 0x0,
    0x0, 0x0, 0x7, 0xff, 0xff, 0xff, 0xff, 0xfe,
    0x50, 0x0, 0x0, 0x8f, 0xff, 0xff, 0xff, 0xff,
    0xff, 0xf5, 0x0, 0x4, 0xff, 0xff, 0xe9, 0x77,
    0x9f, 0xff, 0xff, 0x10, 0xb, 0xff, 0xfa, 0x0,
    0x0, 0x1, 0xcf, 0xff, 0x80, 0xf, 0xff, 0xf1,
    0x0, 0x0, 0x0, 0x2f, 0xff, 0xb0, 0xf, 0xff,
    0xf0, 0x0, 0x0, 0x0, 0x3, 0x44, 0x30, 0xd,
    0xff, 0xf6, 0x0, 0x0, 0x0, 0x0, 0x0, 0x0,
    0x8, 0xff, 0xff, 0xa3, 0x0, 0x0, 0x0, 0x0,
    0x0, 0x0, 0xcf, 0xff, 0xff, 0xea, 0x62, 0x0,
    0x0, 0x0, 0x0, 0x9, 0xff, 0xff, 0xff, 0xff,
    0xd6, 0x0, 0x0, 0x0, 0x0, 0x29, 0xdf, 0xff,
    0xff, 0xff, 0xd2, 0x0, 0x0, 0x0, 0x0, 0x2,
    0x6a, 0xef, 0xff, 0xfe, 0x10, 0x0, 0x0, 0x0,
    0x0, 0x0, 0x5, 0xdf, 0xff, 0xa0, 0x0, 0x0,
    0x0, 0x0, 0x0, 0x0, 0x1f, 0xff, 0xf0, 0x6b,
    0xbb, 0x30, 0x0, 0x0, 0x0, 0xd, 0xff, 0xf1,
    0x7f, 0xff, 0x90, 0x0, 0x0, 0x0, 0xf, 0xff,
    0xf1, 0x2f, 0xff, 0xf6, 0x0, 0x0, 0x0, 0xbf,
    0xff, 0xd0, 0xb, 0xff, 0xff, 0xd8, 0x67, 0x9e,
    0xff, 0xff, 0x60, 0x1, 0xdf, 0xff, 0xff, 0xff,
    0xff, 0xff, 0xfb, 0x0, 0x0, 0x1b, 0xff, 0xff,
    0xff, 0xff, 0xff, 0x90, 0x0, 0x0, 0x0, 0x38,
    0xce, 0xff, 0xec, 0x72, 0x0, 0x0,

    /* U+0054 "T" */
    0xcf, 0xff, 0xff, 0xff, 0xff, 0xff, 0xff, 0xff,
    0xf9, 0xcf, 0xff, 0xff, 0xff, 0xff, 0xff, 0xff,
    0xff, 0xf9, 0xcf, 0xff, 0xff, 0xff, 0xff, 0xff,
    0xff, 0xff, 0xf9, 0x46, 0x66, 0x66, 0x6f, 0xff,
    0xe6, 0x66, 0x66, 0x63, 0x0, 0x0, 0x0, 0xf,
    0xff, 0xd0, 0x0, 0x0, 0x0, 0x0, 0x0, 0x0,
    0xf, 0xff, 0xd0, 0x0, 0x0, 0x0, 0x0, 0x0,
    0x0, 0xf, 0xff, 0xd0, 0x0, 0x0, 0x0, 0x0,
    0x0, 0x0, 0xf, 0xff, 0xd0, 0x0, 0x0, 0x0,
    0x0, 0x0, 0x0, 0xf, 0xff, 0xd0, 0x0, 0x0,
    0x0, 0x0, 0x0, 0x0, 0xf, 0xff, 0xd0, 0x0,
    0x0, 0x0, 0x0, 0x0, 0x0, 0xf, 0xff, 0xd0,
    0x0, 0x0, 0x0, 0x0, 0x0, 0x0, 0xf, 0xff,
    0xd0, 0x0, 0x0, 0x0, 0x0, 0x0, 0x0, 0xf,
    0xff, 0xd0, 0x0, 0x0, 0x0, 0x0, 0x0, 0x0,
    0xf, 0xff, 0xd0, 0x0, 0x0, 0x0, 0x0, 0x0,
    0x0, 0xf, 0xff, 0xd0, 0x0, 0x0, 0x0, 0x0,
    0x0, 0x0, 0xf, 0xff, 0xd0, 0x0, 0x0, 0x0,
    0x0, 0x0, 0x0, 0xf, 0xff, 0xd0, 0x0, 0x0,
    0x0, 0x0, 0x0, 0x0, 0xf, 0xff, 0xd0, 0x0,
    0x0, 0x0, 0x0, 0x0, 0x0, 0xf, 0xff, 0xd0,
    0x0, 0x0, 0x0, 0x0, 0x0, 0x0, 0xf, 0xff,
    0xd0, 0x0, 0x0, 0x0, 0x0, 0x0, 0x0, 0xf,
    0xff, 0xd0, 0x0, 0x0, 0x0, 0x0, 0x0, 0x0,
    0xf, 0xff, 0xd0, 0x0, 0x0, 0x0,

    /* U+0055 "U" */
    0xcf, 0xff, 0x10, 0x0, 0x0, 0x0, 0x0, 0xff,
    0xfe, 0xcf, 0xff, 0x10, 0x0, 0x0, 0x0, 0x0,
    0xff, 0xfe, 0xcf, 0xff, 0x10, 0x0, 0x0, 0x0,
    0x0, 0xff, 0xfe, 0xcf, 0xff, 0x10, 0x0, 0x0,
    0x0, 0x0, 0xff, 0xfe, 0xcf, 0xff, 0x10, 0x0,
    0x0, 0x0, 0x0, 0xff, 0xfe, 0xcf, 0xff, 0x10,
    0x0, 0x0, 0x0, 0x0, 0xff, 0xfe, 0xcf, 0xff,
    0x10, 0x0, 0x0, 0x0, 0x0, 0xff, 0xfe, 0xcf,
    0xff, 0x10, 0x0, 0x0, 0x0, 0x0, 0xff, 0xfe,
    0xcf, 0xff, 0x10, 0x0, 0x0, 0x0, 0x0, 0xff,
    0xfe, 0xcf, 0xff, 0x10, 0x0, 0x0, 0x0, 0x0,
    0xff, 0xfe, 0xcf, 0xff, 0x10, 0x0, 0x0, 0x0,
    0x0, 0xff, 0xfe, 0xcf, 0xff, 0x10, 0x0, 0x0,
    0x0, 0x0, 0xff, 0xfe, 0xcf, 0xff, 0x10, 0x0,
    0x0, 0x0, 0x0, 0xff, 0xfe, 0xcf, 0xff, 0x10,
    0x0, 0x0, 0x0, 0x0, 0xff, 0xfe, 0xcf, 0xff,
    0x20, 0x0, 0x0, 0x0, 0x1, 0xff, 0xfe, 0xbf,
    0xff, 0x60, 0x0, 0x0, 0x0, 0x5, 0xff, 0xfc,
    0x7f, 0xff, 0xe1, 0x0, 0x0, 0x0, 0xd, 0xff,
    0xf8, 0x1f, 0xff, 0xfd, 0x20, 0x0, 0x2, 0xcf,
    0xff, 0xf2, 0x8, 0xff, 0xff, 0xfc, 0xa9, 0xcf,
    0xff, 0xff, 0x90, 0x0, 0xaf, 0xff, 0xff, 0xff,
    0xff, 0xff, 0xfb, 0x0, 0x0, 0x7, 0xff, 0xff,
    0xff, 0xff, 0xff, 0x80, 0x0, 0x0, 0x0, 0x17,
    0xbe, 0xff, 0xeb, 0x71, 0x0, 0x0,

    /* U+0056 "V" */
    0x1f, 0xff, 0xf3, 0x0, 0x0, 0x0, 0x0, 0x0,
    0x5f, 0xff, 0xe0, 0xb, 0xff, 0xf8, 0x0, 0x0,
    0x0, 0x0, 0x0, 0xaf, 0xff, 0x90, 0x6, 0xff,
    0xfd, 0x0, 0x0, 0x0, 0x0, 0x0, 0xff, 0xff,
    0x30, 0x0, 0xff, 0xff, 0x30, 0x0, 0x0, 0x0,
    0x5, 0xff, 0xfe, 0x0, 0x0, 0xaf, 0xff, 0x80,
    0x0, 0x0, 0x0, 0xa, 0xff, 0xf8, 0x0, 0x0,
    0x5f, 0xff, 0xe0, 0x0, 0x0, 0x0, 0xf, 0xff,
    0xf3, 0x0, 0x0, 0xf, 0xff, 0xf3, 0x0, 0x0,
    0x0, 0x4f, 0xff, 0xd0, 0x0, 0x0, 0x9, 0xff,
    0xf9, 0x0, 0x0, 0x0, 0xaf, 0xff, 0x80, 0x0,
    0x0, 0x4, 0xff, 0xfe, 0x0, 0x0, 0x0, 0xff,
    0xff, 0x20, 0x0, 0x0, 0x0, 0xef, 0xff, 0x30,
    0x0, 0x4, 0xff, 0xfc, 0x0, 0x0, 0x0, 0x0,
    0x8f, 0xff, 0x90, 0x0, 0x9, 0xff, 0xf7, 0x0,
    0x0, 0x0, 0x0, 0x3f, 0xff, 0xe0, 0x0, 0xe,
    0xff, 0xf1, 0x0, 0x0, 0x0, 0x0, 0xd, 0xff,
    0xf3, 0x0, 0x3f, 0xff, 0xc0, 0x0, 0x0, 0x0,
    0x0, 0x7, 0xff, 0xf8, 0x0, 0x8f, 0xff, 0x60,
    0x0, 0x0, 0x0, 0x0, 0x2, 0xff, 0xfd, 0x0,
    0xdf, 0xff, 0x10, 0x0, 0x0, 0x0, 0x0, 0x0,
    0xcf, 0xff, 0x11, 0xff, 0xfb, 0x0, 0x0, 0x0,
    0x0, 0x0, 0x0, 0x6f, 0xff, 0x55, 0xff, 0xf6,
    0x0, 0x0, 0x0, 0x0, 0x0, 0x0, 0x1f, 0xff,
    0xaa, 0xff, 0xf0, 0x0, 0x0, 0x0, 0x0, 0x0,
    0x0, 0xb, 0xff, 0xee, 0xff, 0xa0, 0x0, 0x0,
    0x0, 0x0, 0x0, 0x0, 0x5, 0xff, 0xff, 0xff,
    0x50, 0x0, 0x0, 0x0, 0x0, 0x0, 0x0, 0x0,
    0xff, 0xff, 0xff, 0x0, 0x0, 0x0, 0x0, 0x0,
    0x0, 0x0, 0x0, 0xaf, 0xff, 0xfa, 0x0, 0x0,
    0x0, 0x0,

    /* U+0057 "W" */
    0x2f, 0xff, 0xf1, 0x0, 0x0, 0x0, 0xe, 0xff,
    0xf8, 0x0, 0x0, 0x0, 0x7, 0xff, 0xfb, 0xd,
    0xff, 0xf4, 0x0, 0x0, 0x0, 0x2f, 0xff, 0xfc,
    0x0, 0x0, 0x0, 0xb, 0xff, 0xf7, 0x9, 0xff,
    0xf8, 0x0, 0x0, 0x0, 0x6f, 0xff, 0xff, 0x0,
    0x0, 0x0, 0xf, 0xff, 0xf3, 0x5, 0xff, 0xfc,
    0x0, 0x0, 0x0, 0xaf, 0xff, 0xff, 0x40, 0x0,
    0x0, 0x3f, 0xff, 0xe0, 0x1, 0xff, 0xff, 0x0,
    0x0, 0x0, 0xef, 0xff, 0xff, 0x80, 0x0, 0x0,
    0x6f, 0xff, 0xa0, 0x0, 0xcf, 0xff, 0x40, 0x0,
    0x2, 0xff, 0xfb, 0xff, 0xc0, 0x0, 0x0, 0xaf,
    0xff, 0x60, 0x0, 0x8f, 0xff, 0x80, 0x0, 0x6,
    0xff, 0xf6, 0xff, 0xf0, 0x0, 0x0, 0xef, 0xff,
    0x20, 0x0, 0x4f, 0xff, 0xc0, 0x0, 0xa, 0xff,
    0xc3, 0xff, 0xf4, 0x0, 0x2, 0xff, 0xfd, 0x0,
    0x0, 0xf, 0xff, 0xf0, 0x0, 0xe, 0xff, 0x90,
    0xff, 0xf8, 0x0, 0x6, 0xff, 0xf9, 0x0, 0x0,
    0xb, 0xff, 0xf4, 0x0, 0x2f, 0xff, 0x50, 0xcf,
    0xfc, 0x0, 0xa, 0xff, 0xf5, 0x0, 0x0, 0x7,
    0xff, 0xf7, 0x0, 0x6f, 0xff, 0x10, 0x8f, 0xff,
    0x0, 0xe, 0xff, 0xf1, 0x0, 0x0, 0x3, 0xff,
    0xfb, 0x0, 0xaf, 0xfd, 0x0, 0x4f, 0xff, 0x40,
    0x1f, 0xff, 0xc0, 0x0, 0x0, 0x0, 0xef, 0xff,
    0x0, 0xef, 0xf9, 0x0, 0xf, 0xff, 0x80, 0x5f,
    0xff, 0x80, 0x0, 0x0, 0x0, 0xaf, 0xff, 0x22,
    0xff, 0xf5, 0x0, 0xb, 0xff, 0xb0, 0x8f, 0xff,
    0x40, 0x0, 0x0, 0x0, 0x6f, 0xff, 0x55, 0xff,
    0xf1, 0x0, 0x7, 0xff, 0xe0, 0xcf, 0xff, 0x0,
    0x0, 0x0, 0x0, 0x1f, 0xff, 0x88, 0xff, 0xc0,
    0x0, 0x3, 0xff, 0xf1, 0xff, 0xfb, 0x0, 0x0,
    0x0, 0x0, 0xd, 0xff, 0xbb, 0xff, 0x80, 0x0,
    0x0, 0xff, 0xf6, 0xff, 0xf7, 0x0, 0x0, 0x0,
    0x0, 0x9, 0xff, 0xde, 0xff, 0x40, 0x0, 0x0,
    0xbf, 0xfc, 0xff, 0xf2, 0x0, 0x0, 0x0, 0x0,
    0x5, 0xff, 0xff, 0xff, 0x0, 0x0, 0x0, 0x6f,
    0xff, 0xff, 0xe0, 0x0, 0x0, 0x0, 0x0, 0x0,
    0xff, 0xff, 0xfc, 0x0, 0x0, 0x0, 0x2f, 0xff,
    0xff, 0xa0, 0x0, 0x0, 0x0, 0x0, 0x0, 0xcf,
    0xff, 0xf8, 0x0, 0x0, 0x0, 0xe, 0xff, 0xff,
    0x50, 0x0, 0x0, 0x0, 0x0, 0x0, 0x8f, 0xff,
    0xf3, 0x0, 0x0, 0x0, 0xa, 0xff, 0xff, 0x10,
    0x0, 0x0,

    /* U+0058 "X" */
    0x4, 0xff, 0xff, 0x40, 0x0, 0x0, 0x0, 0x8,
    0xff, 0xfd, 0x0, 0x9, 0xff, 0xfe, 0x0, 0x0,
    0x0, 0x3, 0xff, 0xff, 0x30, 0x0, 0xd, 0xff,
    0xf9, 0x0, 0x0, 0x0, 0xdf, 0xff, 0x90, 0x0,
    0x0, 0x4f, 0xff, 0xf3, 0x0, 0x0, 0x8f, 0xff,
    0xd0, 0x0, 0x0, 0x0, 0x9f, 0xff, 0xd0, 0x0,
    0x3f, 0xff, 0xf3, 0x0, 0x0, 0x0, 0x0, 0xdf,
    0xff, 0x80, 0xc, 0xff, 0xf8, 0x0, 0x0, 0x0,
    0x0, 0x3, 0xff, 0xff, 0x15, 0xff, 0xfd, 0x0,
    0x0, 0x0, 0x0, 0x0, 0x9, 0xff, 0xf9, 0xdf,
    0xff, 0x30, 0x0, 0x0, 0x0, 0x0, 0x0, 0xd,
    0xff, 0xff, 0xff, 0x80, 0x0, 0x0, 0x0, 0x0,
    0x0, 0x0, 0x3f, 0xff, 0xff, 0xd0, 0x0, 0x0,
    0x0, 0x0, 0x0, 0x0, 0x0, 0x9f, 0xff, 0xf4,
    0x0, 0x0, 0x0, 0x0, 0x0, 0x0, 0x0, 0xd,
    0xff, 0xff, 0xa0, 0x0, 0x0, 0x0, 0x0, 0x0,
    0x0, 0x9, 0xff, 0xff, 0xff, 0x50, 0x0, 0x0,
    0x0, 0x0, 0x0, 0x4, 0xff, 0xfd, 0xff, 0xff,
    0x10, 0x0, 0x0, 0x0, 0x0, 0x1, 0xef, 0xff,
    0x3a, 0xff, 0xfb, 0x0, 0x0, 0x0, 0x0, 0x0,
    0xbf, 0xff, 0xa0, 0x1f, 0xff, 0xf6, 0x0, 0x0,
    0x0, 0x0, 0x6f, 0xff, 0xe1, 0x0, 0x7f, 0xff,
    0xf2, 0x0, 0x0, 0x0, 0x2f, 0xff, 0xf5, 0x0,
    0x0, 0xcf, 0xff, 0xc0, 0x0, 0x0, 0xc, 0xff,
    0xfa, 0x0, 0x0, 0x2, 0xff, 0xff, 0x60, 0x0,
    0x7, 0xff, 0xfe, 0x10, 0x0, 0x0, 0x7, 0xff,
    0xff, 0x20, 0x3, 0xff, 0xff, 0x40, 0x0, 0x0,
    0x0, 0xc, 0xff, 0xfc, 0x0, 0xdf, 0xff, 0x90,
    0x0, 0x0, 0x0, 0x0, 0x2f, 0xff, 0xf7,

    /* U+0059 "Y" */
    0xe, 0xff, 0xf9, 0x0, 0x0, 0x0, 0x0, 0x2,
    0xff, 0xff, 0x60, 0x5f, 0xff, 0xf2, 0x0, 0x0,
    0x0, 0x0, 0xbf, 0xff, 0xc0, 0x0, 0xcf, 0xff,
    0xb0, 0x0, 0x0, 0x0, 0x4f, 0xff, 0xf3, 0x0,
    0x2, 0xff, 0xff, 0x40, 0x0, 0x0, 0xc, 0xff,
    0xf9, 0x0, 0x0, 0x9, 0xff, 0xfd, 0x0, 0x0,
    0x5, 0xff, 0xfe, 0x10, 0x0, 0x0, 0x1e, 0xff,
    0xf6, 0x0, 0x0, 0xef, 0xff, 0x60, 0x0, 0x0,
    0x0, 0x6f, 0xff, 0xe0, 0x0, 0x7f, 0xff, 0xd0,
    0x0, 0x0, 0x0, 0x0, 0xcf, 0xff, 0x80, 0x1e,
    0xff, 0xf3, 0x0, 0x0, 0x0, 0x0, 0x3, 0xff,
    0xff, 0x18, 0xff, 0xfa, 0x0, 0x0, 0x0, 0x0,
    0x0, 0x9, 0xff, 0xf8, 0xef, 0xff, 0x10, 0x0,
    0x0, 0x0, 0x0, 0x0, 0x1e, 0xff, 0xff, 0xff,
    0x70, 0x0, 0x0, 0x0, 0x0, 0x0, 0x0, 0x6f,
    0xff, 0xff, 0xd0, 0x0, 0x0, 0x0, 0x0, 0x0,
    0x0, 0x0, 0xcf, 0xff, 0xf4, 0x0, 0x0, 0x0,
    0x0, 0x0, 0x0, 0x0, 0x4, 0xff, 0xfc, 0x0,
    0x0, 0x0, 0x0, 0x0, 0x0, 0x0, 0x0, 0x3f,
    0xff, 0xb0, 0x0, 0x0, 0x0, 0x0, 0x0, 0x0,
    0x0, 0x3, 0xff, 0xfb, 0x0, 0x0, 0x0, 0x0,
    0x0, 0x0, 0x0, 0x0, 0x3f, 0xff, 0xb0, 0x0,
    0x0, 0x0, 0x0, 0x0, 0x0, 0x0, 0x3, 0xff,
    0xfb, 0x0, 0x0, 0x0, 0x0, 0x0, 0x0, 0x0,
    0x0, 0x3f, 0xff, 0xb0, 0x0, 0x0, 0x0, 0x0,
    0x0, 0x0, 0x0, 0x3, 0xff, 0xfb, 0x0, 0x0,
    0x0, 0x0, 0x0, 0x0, 0x0, 0x0, 0x3f, 0xff,
    0xb0, 0x0, 0x0, 0x0, 0x0, 0x0, 0x0, 0x0,
    0x3, 0xff, 0xfb, 0x0, 0x0, 0x0, 0x0,

    /* U+005A "Z" */
    0x4f, 0xff, 0xff, 0xff, 0xff, 0xff, 0xff, 0xff,
    0xd4, 0xff, 0xff, 0xff, 0xff, 0xff, 0xff, 0xff,
    0xfd, 0x4f, 0xff, 0xff, 0xff, 0xff, 0xff, 0xff,
    0xff, 0xb1, 0x55, 0x55, 0x55, 0x55, 0x55, 0x6f,
    0xff, 0xf2, 0x0, 0x0, 0x0, 0x0, 0x0, 0xb,
    0xff, 0xf6, 0x0, 0x0, 0x0, 0x0, 0x0, 0x8,
    0xff, 0xfb, 0x0, 0x0, 0x0, 0x0, 0x0, 0x4,
    0xff, 0xff, 0x10, 0x0, 0x0, 0x0, 0x0, 0x1,
    0xef, 0xff, 0x50, 0x0, 0x0, 0x0, 0x0, 0x0,
    0xaf, 0xff, 0xa0, 0x0, 0x0, 0x0, 0x0, 0x0,
    0x5f, 0xff, 0xe1, 0x0, 0x0, 0x0, 0x0, 0x0,
    0x1e, 0xff, 0xf4, 0x0, 0x0, 0x0, 0x0, 0x0,
    0xb, 0xff, 0xf9, 0x0, 0x0, 0x0, 0x0, 0x0,
    0x6, 0xff, 0xfd, 0x0, 0x0, 0x0, 0x0, 0x0,
    0x2, 0xff, 0xff, 0x30, 0x0, 0x0, 0x0, 0x0,
    0x0, 0xcf, 0xff, 0x80, 0x0, 0x0, 0x0, 0x0,
    0x0, 0x7f, 0xff, 0xc0, 0x0, 0x0, 0x0, 0x0,
    0x0, 0x2f, 0xff, 0xf2, 0x0, 0x0, 0x0, 0x0,
    0x0, 0xd, 0xff, 0xf5, 0x0, 0x0, 0x0, 0x0,
    0x0, 0x8, 0xff, 0xfc, 0x55, 0x55, 0x55, 0x55,
    0x55, 0x42, 0xff, 0xff, 0xff, 0xff, 0xff, 0xff,
    0xff, 0xfe, 0x3f, 0xff, 0xff, 0xff, 0xff, 0xff,
    0xff, 0xff, 0xe3, 0xff, 0xff, 0xff, 0xff, 0xff,
    0xff, 0xff, 0xfe,

    /* U+005B "[" */
    0x2f, 0xff, 0xff, 0xf9, 0x2f, 0xff, 0xff, 0xf9,
    0x2f, 0xff, 0xff, 0xf9, 0x2f, 0xff, 0x90, 0x0,
    0x2f, 0xff, 0x80, 0x0, 0x2f, 0xff, 0x80, 0x0,
    0x2f, 0xff, 0x80, 0x0, 0x2f, 0xff, 0x80, 0x0,
    0x2f, 0xff, 0x80, 0x0, 0x2f, 0xff, 0x80, 0x0,
    0x2f, 0xff, 0x80, 0x0, 0x2f, 0xff, 0x80, 0x0,
    0x2f, 0xff, 0x80, 0x0, 0x2f, 0xff, 0x80, 0x0,
    0x2f, 0xff, 0x80, 0x0, 0x2f, 0xff, 0x80, 0x0,
    0x2f, 0xff, 0x80, 0x0, 0x2f, 0xff, 0x80, 0x0,
    0x2f, 0xff, 0x80, 0x0, 0x2f, 0xff, 0x80, 0x0,
    0x2f, 0xff, 0x80, 0x0, 0x2f, 0xff, 0x80, 0x0,
    0x2f, 0xff, 0x80, 0x0, 0x2f, 0xff, 0x80, 0x0,
    0x2f, 0xff, 0x90, 0x0, 0x2f, 0xff, 0xff, 0xf9,
    0x2f, 0xff, 0xff, 0xf9, 0x2f, 0xff, 0xff, 0xf9,

    /* U+005C "\\" */
    0x6f, 0xff, 0x0, 0x0, 0x0, 0x1, 0xff, 0xf3,
    0x0, 0x0, 0x0, 0xd, 0xff, 0x70, 0x0, 0x0,
    0x0, 0x9f, 0xfc, 0x0, 0x0, 0x0, 0x5, 0xff,
    0xf0, 0x0, 0x0, 0x0, 0x1f, 0xff, 0x40, 0x0,
    0x0, 0x0, 0xcf, 0xf8, 0x0, 0x0, 0x0, 0x8,
    0xff, 0xc0, 0x0, 0x0, 0x0, 0x4f, 0xff, 0x10,
    0x0, 0x0, 0x0, 0xff, 0xf5, 0x0, 0x0, 0x0,
    0xc, 0xff, 0x90, 0x0, 0x0, 0x0, 0x8f, 0xfd,
    0x0, 0x0, 0x0, 0x3, 0xff, 0xf1, 0x0, 0x0,
    0x0, 0xf, 0xff, 0x50, 0x0, 0x0, 0x0, 0xbf,
    0xf9, 0x0, 0x0, 0x0, 0x7, 0xff, 0xe0, 0x0,
    0x0, 0x0, 0x3f, 0xff, 0x20, 0x0, 0x0, 0x0,
    0xef, 0xf6, 0x0, 0x0, 0x0, 0xa, 0xff, 0xa0,
    0x0, 0x0, 0x0, 0x6f, 0xfe, 0x0, 0x0, 0x0,
    0x2, 0xff, 0xf2, 0x0, 0x0, 0x0, 0xe, 0xff,
    0x70, 0x0, 0x0, 0x0, 0xaf, 0xfb, 0x0, 0x0,
    0x0, 0x6, 0xff, 0xf0, 0x0, 0x0, 0x0, 0x2f,
    0xff, 0x30, 0x0, 0x0, 0x0, 0xdf, 0xf7, 0x0,
    0x0, 0x0, 0x9, 0xff, 0xb0,

    /* U+005D "]" */
    0x6f, 0xff, 0xff, 0xf5, 0x6f, 0xff, 0xff, 0xf5,
    0x6f, 0xff, 0xff, 0xf5, 0x0, 0x6, 0xff, 0xf5,
    0x0, 0x5, 0xff, 0xf5, 0x0, 0x5, 0xff, 0xf5,
    0x0, 0x5, 0xff, 0xf5, 0x0, 0x5, 0xff, 0xf5,
    0x0, 0x5, 0xff, 0xf5, 0x0, 0x5, 0xff, 0xf5,
    0x0, 0x5, 0xff, 0xf5, 0x0, 0x5, 0xff, 0xf5,
    0x0, 0x5, 0xff, 0xf5, 0x0, 0x5, 0xff, 0xf5,
    0x0, 0x5, 0xff, 0xf5, 0x0, 0x5, 0xff, 0xf5,
    0x0, 0x5, 0xff, 0xf5, 0x0, 0x5, 0xff, 0xf5,
    0x0, 0x5, 0xff, 0xf5, 0x0, 0x5, 0xff, 0xf5,
    0x0, 0x5, 0xff, 0xf5, 0x0, 0x5, 0xff, 0xf5,
    0x0, 0x5, 0xff, 0xf5, 0x0, 0x5, 0xff, 0xf5,
    0x0, 0x6, 0xff, 0xf5, 0x6f, 0xff, 0xff, 0xf5,
    0x6f, 0xff, 0xff, 0xf5, 0x6f, 0xff, 0xff, 0xf5,

    /* U+005E "^" */
    0x0, 0x0, 0x8d, 0xdc, 0x10, 0x0, 0x0, 0x0,
    0x1f, 0xff, 0xf8, 0x0, 0x0, 0x0, 0x8, 0xff,
    0xff, 0xf0, 0x0, 0x0, 0x1, 0xff, 0xe9, 0xff,
    0x70, 0x0, 0x0, 0x8f, 0xf8, 0x1f, 0xfe, 0x0,
    0x0, 0xe, 0xff, 0x10, 0xaf, 0xf6, 0x0, 0x6,
    0xff, 0xa0, 0x3, 0xff, 0xd0, 0x0, 0xef, 0xf3,
    0x0, 0xb, 0xff, 0x50, 0x6f, 0xfb, 0x0, 0x0,
    0x4f, 0xfd, 0x8, 0xbb, 0x30, 0x0, 0x0, 0x9b,
    0xb2,

    /* U+005F "_" */
    0x22, 0x22, 0x22, 0x22, 0x22, 0x22, 0x22, 0xf,
    0xff, 0xff, 0xff, 0xff, 0xff, 0xff, 0xf1, 0xff,
    0xff, 0xff, 0xff, 0xff, 0xff, 0xff, 0x1f, 0xff,
    0xff, 0xff, 0xff, 0xff, 0xff, 0xf1,

    /* U+0060 "`" */
    0x49, 0x99, 0x10, 0x1, 0xef, 0xf7, 0x0, 0x5,
    0xff, 0xe0, 0x0, 0xb, 0xff, 0x60, 0x0, 0x1f,
    0xfd, 0x0,

    /* U+0061 "a" */
    0x0, 0x1, 0x8c, 0xff, 0xfc, 0x82, 0x0, 0x0,
    0x6, 0xff, 0xff, 0xff, 0xff, 0xf6, 0x0, 0x6,
    0xff, 0xff, 0xff, 0xff, 0xff, 0xf4, 0x1, 0xff,
    0xff, 0x81, 0x1, 0x9f, 0xff, 0xd0, 0x28, 0xbe,
    0x60, 0x0, 0x0, 0xcf, 0xff, 0x10, 0x0, 0x0,
    0x0, 0x0, 0xa, 0xff, 0xf3, 0x0, 0x0, 0x0,
    0x0, 0x26, 0xef, 0xff, 0x30, 0x0, 0x59, 0xce,
    0xff, 0xff, 0xff, 0xf3, 0x4, 0xef, 0xff, 0xff,
    0xff, 0xff, 0xff, 0x33, 0xff, 0xff, 0xea, 0x85,
    0x29, 0xff, 0xf3, 0xaf, 0xff, 0x70, 0x0, 0x0,
    0x9f, 0xff, 0x3d, 0xff, 0xe0, 0x0, 0x0, 0xb,
    0xff, 0xf3, 0xdf, 0xfe, 0x0, 0x0, 0x2, 0xff,
    0xff, 0x3b, 0xff, 0xf8, 0x10, 0x5, 0xef, 0xff,
    0xf3, 0x4f, 0xff, 0xff, 0xef, 0xff, 0xcf, 0xff,
    0x30, 0x8f, 0xff, 0xff, 0xff, 0x87, 0xff, 0xf3,
    0x0, 0x4b, 0xef, 0xfb, 0x40, 0x7f, 0xff, 0x30,

    /* U+0062 "b" */
    0xff, 0xfd, 0x0, 0x0, 0x0, 0x0, 0x0, 0x0,
    0xff, 0xfd, 0x0, 0x0, 0x0, 0x0, 0x0, 0x0,
    0xff, 0xfd, 0x0, 0x0, 0x0, 0x0, 0x0, 0x0,
    0xff, 0xfd, 0x0, 0x0, 0x0, 0x0, 0x0, 0x0,
    0xff, 0xfd, 0x0, 0x0, 0x0, 0x0, 0x0, 0x0,
    0xff, 0xfd, 0x1, 0x9e, 0xfe, 0xb5, 0x0, 0x0,
    0xff, 0xfd, 0x1d, 0xff, 0xff, 0xff, 0xb0, 0x0,
    0xff, 0xfd, 0xbf, 0xff, 0xff, 0xff, 0xfb, 0x0,
    0xff, 0xff, 0xfd, 0x63, 0x5b, 0xff, 0xff, 0x50,
    0xff, 0xff, 0xd1, 0x0, 0x0, 0xaf, 0xff, 0xc0,
    0xff, 0xff, 0x40, 0x0, 0x0, 0x1f, 0xff, 0xf1,
    0xff, 0xff, 0x0, 0x0, 0x0, 0xb, 0xff, 0xf4,
    0xff, 0xfc, 0x0, 0x0, 0x0, 0x8, 0xff, 0xf6,
    0xff, 0xfc, 0x0, 0x0, 0x0, 0x7, 0xff, 0xf6,
    0xff, 0xfd, 0x0, 0x0, 0x0, 0x8, 0xff, 0xf6,
    0xff, 0xff, 0x0, 0x0, 0x0, 0xb, 0xff, 0xf4,
    0xff, 0xff, 0x50, 0x0, 0x0, 0x1f, 0xff, 0xf1,
    0xff, 0xff, 0xd1, 0x0, 0x0, 0xaf, 0xff, 0xc0,
    0xff, 0xff, 0xfd, 0x63, 0x5b, 0xff, 0xff, 0x50,
    0xff, 0xfc, 0xcf, 0xff, 0xff, 0xff, 0xfb, 0x0,
    0xff, 0xfc, 0x1e, 0xff, 0xff, 0xff, 0xb0, 0x0,
    0xff, 0xfc, 0x1, 0x9e, 0xff, 0xb5, 0x0, 0x0,

    /* U+0063 "c" */
    0x0, 0x0, 0x39, 0xdf, 0xfe, 0xa5, 0x0, 0x0,
    0x0, 0x9, 0xff, 0xff, 0xff, 0xff, 0xc1, 0x0,
    0x0, 0xbf, 0xff, 0xff, 0xff, 0xff, 0xfd, 0x0,
    0x6, 0xff, 0xff, 0x83, 0x36, 0xef, 0xff, 0x90,
    0xe, 0xff, 0xf5, 0x0, 0x0, 0x2f, 0xff, 0xf0,
    0x4f, 0xff, 0xc0, 0x0, 0x0, 0x8, 0xc8, 0x50,
    0x8f, 0xff, 0x60, 0x0, 0x0, 0x0, 0x0, 0x0,
    0xaf, 0xff, 0x30, 0x0, 0x0, 0x0, 0x0, 0x0,
    0xbf, 0xff, 0x30, 0x0, 0x0, 0x0, 0x0, 0x0,
    0xaf, 0xff, 0x40, 0x0, 0x0, 0x0, 0x0, 0x0,
    0x8f, 0xff, 0x60, 0x0, 0x0, 0x0, 0x0, 0x0,
    0x4f, 0xff, 0xc0, 0x0, 0x0, 0x8, 0xeb, 0x71,
    0xe, 0xff, 0xf5, 0x0, 0x0, 0x2f, 0xff, 0xf0,
    0x6, 0xff, 0xff, 0x83, 0x36, 0xef, 0xff, 0x90,
    0x0, 0xbf, 0xff, 0xff, 0xff, 0xff, 0xfd, 0x0,
    0x0, 0x9, 0xff, 0xff, 0xff, 0xff, 0xc1, 0x0,
    0x0, 0x0, 0x39, 0xdf, 0xfe, 0xa4, 0x0, 0x0,

    /* U+0064 "d" */
    0x0, 0x0, 0x0, 0x0, 0x0, 0x1, 0xff, 0xfb,
    0x0, 0x0, 0x0, 0x0, 0x0, 0x1, 0xff, 0xfb,
    0x0, 0x0, 0x0, 0x0, 0x0, 0x1, 0xff, 0xfb,
    0x0, 0x0, 0x0, 0x0, 0x0, 0x1, 0xff, 0xfb,
    0x0, 0x0, 0x0, 0x0, 0x0, 0x1, 0xff, 0xfb,
    0x0, 0x0, 0x7c, 0xff, 0xd7, 0x1, 0xff, 0xfb,
    0x0, 0x2d, 0xff, 0xff, 0xff, 0xb1, 0xff, 0xfb,
    0x1, 0xef, 0xff, 0xff, 0xff, 0xf9, 0xff, 0xfb,
    0x9, 0xff, 0xff, 0x94, 0x37, 0xff, 0xff, 0xfb,
    0x1f, 0xff, 0xf5, 0x0, 0x0, 0x3f, 0xff, 0xfb,
    0x5f, 0xff, 0xc0, 0x0, 0x0, 0x9, 0xff, 0xfb,
    0x8f, 0xff, 0x60, 0x0, 0x0, 0x3, 0xff, 0xfb,
    0xaf, 0xff, 0x40, 0x0, 0x0, 0x1, 0xff, 0xfb,
    0xbf, 0xff, 0x30, 0x0, 0x0, 0x0, 0xff, 0xfb,
    0xaf, 0xff, 0x40, 0x0, 0x0, 0x1, 0xff, 0xfb,
    0x8f, 0xff, 0x70, 0x0, 0x0, 0x3, 0xff, 0xfb,
    0x5f, 0xff, 0xc0, 0x0, 0x0, 0x9, 0xff, 0xfb,
    0x1f, 0xff, 0xf6, 0x0, 0x0, 0x3f, 0xff, 0xfb,
    0x9, 0xff, 0xff, 0x94, 0x48, 0xff, 0xff, 0xfb,
    0x1, 0xef, 0xff, 0xff, 0xff, 0xf8, 0xff, 0xfb,
    0x0, 0x2d, 0xff, 0xff, 0xff, 0xb0, 0xff, 0xfb,
    0x0, 0x0, 0x7c, 0xff, 0xd7, 0x0, 0xff, 0xfb,

    /* U+0065 "e" */
    0x0, 0x0, 0x3a, 0xdf, 0xfd, 0x93, 0x0, 0x0,
    0x0, 0x9, 0xff, 0xff, 0xff, 0xff, 0x90, 0x0,
    0x0, 0xbf, 0xff, 0xff, 0xff, 0xff, 0xfa, 0x0,
    0x6, 0xff, 0xfe, 0x51, 0x15, 0xef, 0xff, 0x50,
    0xe, 0xff, 0xe1, 0x0, 0x0, 0x2f, 0xff, 0xd0,
    0x4f, 0xff, 0x70, 0x0, 0x0, 0x8, 0xff, 0xf2,
    0x8f, 0xff, 0x20, 0x0, 0x0, 0x4, 0xff, 0xf5,
    0xaf, 0xff, 0xff, 0xff, 0xff, 0xff, 0xff, 0xf7,
    0xbf, 0xff, 0xff, 0xff, 0xff, 0xff, 0xff, 0xf7,
    0xaf, 0xff, 0xba, 0xaa, 0xaa, 0xaa, 0xaa, 0xa5,
    0x8f, 0xff, 0x30, 0x0, 0x0, 0x0, 0x0, 0x0,
    0x5f, 0xff, 0x70, 0x0, 0x0, 0x0, 0x0, 0x0,
    0xe, 0xff, 0xf2, 0x0, 0x0, 0x9, 0xfc, 0x81,
    0x7, 0xff, 0xfe, 0x62, 0x13, 0xaf, 0xff, 0xd0,
    0x0, 0xbf, 0xff, 0xff, 0xff, 0xff, 0xff, 0x30,
    0x0, 0x9, 0xff, 0xff, 0xff, 0xff, 0xe4, 0x0,
    0x0, 0x0, 0x39, 0xdf, 0xfe, 0xb7, 0x0, 0x0,

    /* U+0066 "f" */
    0x0, 0x0, 0x0, 0x3, 0x43, 0x0, 0x0, 0x0,
    0x8, 0xff, 0xff, 0xf2, 0x0, 0x0, 0xaf, 0xff,
    0xff, 0xf0, 0x0, 0x4, 0xff, 0xff, 0xff, 0xb0,
    0x0, 0x9, 0xff, 0xfa, 0x10, 0x10, 0x0, 0xb,
    0xff, 0xf2, 0x0, 0x0, 0x0, 0xb, 0xff, 0xf1,
    0x0, 0x0, 0xbf, 0xff, 0xff, 0xff, 0xff, 0xa0,
    0xbf, 0xff, 0xff, 0xff, 0xff, 0xa0, 0xbf, 0xff,
    0xff, 0xff, 0xff, 0xa0, 0x1, 0x1b, 0xff, 0xf2,
    0x11, 0x0, 0x0, 0xb, 0xff, 0xf1, 0x0, 0x0,
    0x0, 0xb, 0xff, 0xf1, 0x0, 0x0, 0x0, 0xb,
    0xff, 0xf1, 0x0, 0x0, 0x0, 0xb, 0xff, 0xf1,
    0x0, 0x0, 0x0, 0xb, 0xff, 0xf1, 0x0, 0x0,
    0x0, 0xb, 0xff, 0xf1, 0x0, 0x0, 0x0, 0xb,
    0xff, 0xf1, 0x0, 0x0, 0x0, 0xb, 0xff, 0xf1,
    0x0, 0x0, 0x0, 0xb, 0xff, 0xf1, 0x0, 0x0,
    0x0, 0xb, 0xff, 0xf1, 0x0, 0x0, 0x0, 0xb,
    0xff, 0xf1, 0x0, 0x0, 0x0, 0xb, 0xff, 0xf1,
    0x0, 0x0, 0x0, 0xb, 0xff, 0xf1, 0x0, 0x0,

    /* U+0067 "g" */
    0x0, 0x0, 0x6c, 0xff, 0xd7, 0x0, 0xff, 0xfc,
    0x0, 0x1d, 0xff, 0xff, 0xff, 0xb0, 0xff, 0xfc,
    0x0, 0xdf, 0xff, 0xff, 0xff, 0xf8, 0xff, 0xfc,
    0x8, 0xff, 0xff, 0x94, 0x37, 0xff, 0xff, 0xfc,
    0xf, 0xff, 0xf6, 0x0, 0x0, 0x3f, 0xff, 0xfc,
    0x5f, 0xff, 0xc0, 0x0, 0x0, 0x9, 0xff, 0xfc,
    0x8f, 0xff, 0x70, 0x0, 0x0, 0x4, 0xff, 0xfc,
    0xaf, 0xff, 0x40, 0x0, 0x0, 0x1, 0xff, 0xfc,
    0xbf, 0xff, 0x30, 0x0, 0x0, 0x0, 0xff, 0xfc,
    0xaf, 0xff, 0x30, 0x0, 0x0, 0x0, 0xff, 0xfc,
    0x9f, 0xff, 0x60, 0x0, 0x0, 0x2, 0xff, 0xfc,
    0x6f, 0xff, 0xb0, 0x0, 0x0, 0x7, 0xff, 0xfc,
    0x1f, 0xff, 0xf4, 0x0, 0x0, 0x1e, 0xff, 0xfc,
    0xa, 0xff, 0xff, 0x72, 0x15, 0xdf, 0xff, 0xfc,
    0x1, 0xef, 0xff, 0xff, 0xff, 0xf9, 0xff, 0xfc,
    0x0, 0x3e, 0xff, 0xff, 0xff, 0xc0, 0xff, 0xfc,
    0x0, 0x1, 0x7d, 0xff, 0xd7, 0x0, 0xff, 0xfb,
    0x0, 0x0, 0x0, 0x0, 0x0, 0x0, 0xff, 0xfa,
    0x0, 0x16, 0x40, 0x0, 0x0, 0x6, 0xff, 0xf7,
    0xc, 0xff, 0xf7, 0x20, 0x2, 0x7f, 0xff, 0xf2,
    0x6, 0xff, 0xff, 0xff, 0xff, 0xff, 0xff, 0x70,
    0x0, 0x6f, 0xff, 0xff, 0xff, 0xff, 0xf7, 0x0,
    0x0, 0x1, 0x7b, 0xef, 0xfe, 0xc7, 0x10, 0x0,

    /* U+0068 "h" */
    0xff, 0xfc, 0x0, 0x0, 0x0, 0x0, 0x0, 0xf,
    0xff, 0xc0, 0x0, 0x0, 0x0, 0x0, 0x0, 0xff,
    0xfc, 0x0, 0x0, 0x0, 0x0, 0x0, 0xf, 0xff,
    0xc0, 0x0, 0x0, 0x0, 0x0, 0x0, 0xff, 0xfc,
    0x0, 0x0, 0x0, 0x0, 0x0, 0xf, 0xff, 0xc0,
    0x8, 0xdf, 0xfc, 0x50, 0x0, 0xff, 0xfc, 0x1d,
    0xff, 0xff, 0xff, 0xa0, 0xf, 0xff, 0xca, 0xff,
    0xff, 0xff, 0xff, 0x60, 0xff, 0xfe, 0xfc, 0x65,
    0x8f, 0xff, 0xfe, 0xf, 0xff, 0xfb, 0x0, 0x0,
    0x3f, 0xff, 0xf2, 0xff, 0xff, 0x10, 0x0, 0x0,
    0xaf, 0xff, 0x4f, 0xff, 0xe0, 0x0, 0x0, 0x7,
    0xff, 0xf5, 0xff, 0xfd, 0x0, 0x0, 0x0, 0x7f,
    0xff, 0x5f, 0xff, 0xd0, 0x0, 0x0, 0x7, 0xff,
    0xf5, 0xff, 0xfd, 0x0, 0x0, 0x0, 0x7f, 0xff,
    0x5f, 0xff, 0xd0, 0x0, 0x0, 0x7, 0xff, 0xf5,
    0xff, 0xfd, 0x0, 0x0, 0x0, 0x7f, 0xff, 0x5f,
    0xff, 0xd0, 0x0, 0x0, 0x7, 0xff, 0xf5, 0xff,
    0xfd, 0x0, 0x0, 0x0, 0x7f, 0xff, 0x5f, 0xff,
    0xd0, 0x0, 0x0, 0x7, 0xff, 0xf5, 0xff, 0xfd,
    0x0, 0x0, 0x0, 0x7f, 0xff, 0x5f, 0xff, 0xd0,
    0x0, 0x0, 0x7, 0xff, 0xf5,

    /* U+0069 "i" */
    0x0, 0x33, 0x0, 0xb, 0xff, 0x90, 0x3f, 0xff,
    0xf1, 0x2f, 0xff, 0xf0, 0x7, 0xfe, 0x50, 0x0,
    0x0, 0x0, 0x0, 0x0, 0x0, 0xf, 0xff, 0xd0,
    0xf, 0xff, 0xd0, 0xf, 0xff, 0xd0, 0xf, 0xff,
    0xd0, 0xf, 0xff, 0xd0, 0xf, 0xff, 0xd0, 0xf,
    0xff, 0xd0, 0xf, 0xff, 0xd0, 0xf, 0xff, 0xd0,
    0xf, 0xff, 0xd0, 0xf, 0xff, 0xd0, 0xf, 0xff,
    0xd0, 0xf, 0xff, 0xd0, 0xf, 0xff, 0xd0, 0xf,
    0xff, 0xd0, 0xf, 0xff, 0xd0, 0xf, 0xff, 0xd0,

    /* U+006A "j" */
    0x0, 0x7, 0xfe, 0x50, 0x0, 0x2f, 0xff, 0xf0,
    0x0, 0x3f, 0xff, 0xf1, 0x0, 0xb, 0xff, 0x90,
    0x0, 0x0, 0x32, 0x0, 0x0, 0x0, 0x0, 0x0,
    0x0, 0x0, 0x0, 0x0, 0x0, 0xf, 0xff, 0xd0,
    0x0, 0xf, 0xff, 0xd0, 0x0, 0xf, 0xff, 0xd0,
    0x0, 0xf, 0xff, 0xd0, 0x0, 0xf, 0xff, 0xd0,
    0x0, 0xf, 0xff, 0xd0, 0x0, 0xf, 0xff, 0xd0,
    0x0, 0xf, 0xff, 0xd0, 0x0, 0xf, 0xff, 0xd0,
    0x0, 0xf, 0xff, 0xd0, 0x0, 0xf, 0xff, 0xd0,
    0x0, 0xf, 0xff, 0xd0, 0x0, 0xf, 0xff, 0xd0,
    0x0, 0xf, 0xff, 0xd0, 0x0, 0xf, 0xff, 0xd0,
    0x0, 0xf, 0xff, 0xd0, 0x0, 0xf, 0xff, 0xd0,
    0x0, 0xf, 0xff, 0xd0, 0x0, 0x2f, 0xff, 0xc0,
    0x24, 0xbf, 0xff, 0x90, 0x9f, 0xff, 0xff, 0x30,
    0x9f, 0xff, 0xf8, 0x0, 0x9f, 0xea, 0x40, 0x0,

    /* U+006B "k" */
    0xff, 0xfd, 0x0, 0x0, 0x0, 0x0, 0x0, 0xf,
    0xff, 0xd0, 0x0, 0x0, 0x0, 0x0, 0x0, 0xff,
    0xfd, 0x0, 0x0, 0x0, 0x0, 0x0, 0xf, 0xff,
    0xd0, 0x0, 0x0, 0x0, 0x0, 0x0, 0xff, 0xfd,
    0x0, 0x0, 0x0, 0x0, 0x0, 0xf, 0xff, 0xd0,
    0x0, 0x0, 0x6f, 0xff, 0xe2, 0xff, 0xfd, 0x0,
    0x0, 0x4f, 0xff, 0xf3, 0xf, 0xff, 0xd0, 0x0,
    0x2f, 0xff, 0xf5, 0x0, 0xff, 0xfd, 0x0, 0x1d,
    0xff, 0xf8, 0x0, 0xf, 0xff, 0xd0, 0xc, 0xff,
    0xfa, 0x0, 0x0, 0xff, 0xfd, 0xa, 0xff, 0xfc,
    0x0, 0x0, 0xf, 0xff, 0xd7, 0xff, 0xfd, 0x10,
    0x0, 0x0, 0xff, 0xff, 0xff, 0xff, 0x50, 0x0,
    0x0, 0xf, 0xff, 0xff, 0xff, 0xfd, 0x0, 0x0,
    0x0, 0xff, 0xff, 0xff, 0xff, 0xf9, 0x0, 0x0,
    0xf, 0xff, 0xf9, 0x4f, 0xff, 0xf4, 0x0, 0x0,
    0xff, 0xfe, 0x0, 0x9f, 0xff, 0xe1, 0x0, 0xf,
    0xff, 0xd0, 0x0, 0xdf, 0xff, 0xa0, 0x0, 0xff,
    0xfd, 0x0, 0x3, 0xff, 0xff, 0x60, 0xf, 0xff,
    0xd0, 0x0, 0x7, 0xff, 0xff, 0x20, 0xff, 0xfd,
    0x0, 0x0, 0xb, 0xff, 0xfc, 0xf, 0xff, 0xd0,
    0x0, 0x0, 0x1f, 0xff, 0xf8,

    /* U+006C "l" */
    0xff, 0xfd, 0xff, 0xfd, 0xff, 0xfd, 0xff, 0xfd,
    0xff, 0xfd, 0xff, 0xfd, 0xff, 0xfd, 0xff, 0xfd,
    0xff, 0xfd, 0xff, 0xfd, 0xff, 0xfd, 0xff, 0xfd,
    0xff, 0xfd, 0xff, 0xfd, 0xff, 0xfd, 0xff, 0xfd,
    0xff, 0xfd, 0xff, 0xfd, 0xff, 0xfd, 0xff, 0xfd,
    0xff, 0xfd, 0xff, 0xfd,

    /* U+006D "m" */
    0xff, 0xf9, 0x4, 0xbf, 0xfd, 0x60, 0x0, 0x18,
    0xdf, 0xfb, 0x40, 0xf, 0xff, 0xa5, 0xff, 0xff,
    0xff, 0x80, 0x2e, 0xff, 0xff, 0xff, 0x70, 0xff,
    0xfb, 0xef, 0xff, 0xff, 0xff, 0x2d, 0xff, 0xff,
    0xff, 0xff, 0x3f, 0xff, 0xff, 0xa5, 0x6c, 0xff,
    0xfd, 0xfd, 0x75, 0x9f, 0xff, 0xfa, 0xff, 0xff,
    0x80, 0x0, 0xd, 0xff, 0xfe, 0x10, 0x0, 0x5f,
    0xff, 0xef, 0xff, 0xf0, 0x0, 0x0, 0x7f, 0xff,
    0x70, 0x0, 0x0, 0xef, 0xff, 0xff, 0xfd, 0x0,
    0x0, 0x5, 0xff, 0xf5, 0x0, 0x0, 0xd, 0xff,
    0xff, 0xff, 0xd0, 0x0, 0x0, 0x5f, 0xff, 0x50,
    0x0, 0x0, 0xdf, 0xff, 0xff, 0xfd, 0x0, 0x0,
    0x5, 0xff, 0xf5, 0x0, 0x0, 0xd, 0xff, 0xff,
    0xff, 0xd0, 0x0, 0x0, 0x5f, 0xff, 0x50, 0x0,
    0x0, 0xdf, 0xff, 0xff, 0xfd, 0x0, 0x0, 0x5,
    0xff, 0xf5, 0x0, 0x0, 0xd, 0xff, 0xff, 0xff,
    0xd0, 0x0, 0x0, 0x5f, 0xff, 0x50, 0x0, 0x0,
    0xdf, 0xff, 0xff, 0xfd, 0x0, 0x0, 0x5, 0xff,
    0xf5, 0x0, 0x0, 0xd, 0xff, 0xff, 0xff, 0xd0,
    0x0, 0x0, 0x5f, 0xff, 0x50, 0x0, 0x0, 0xdf,
    0xff, 0xff, 0xfd, 0x0, 0x0, 0x5, 0xff, 0xf5,
    0x0, 0x0, 0xd, 0xff, 0xff, 0xff, 0xd0, 0x0,
    0x0, 0x5f, 0xff, 0x50, 0x0, 0x0, 0xdf, 0xff,
    0xff, 0xfd, 0x0, 0x0, 0x5, 0xff, 0xf5, 0x0,
    0x0, 0xd, 0xff, 0xf0,

    /* U+006E "n" */
    0xff, 0xfa, 0x1, 0x9e, 0xff, 0xc5, 0x0, 0xf,
    0xff, 0xa2, 0xef, 0xff, 0xff, 0xfa, 0x0, 0xff,
    0xfb, 0xdf, 0xff, 0xff, 0xff, 0xf6, 0xf, 0xff,
    0xff, 0x93, 0x25, 0xdf, 0xff, 0xd0, 0xff, 0xff,
    0x80, 0x0, 0x1, 0xff, 0xff, 0x2f, 0xff, 0xf1,
    0x0, 0x0, 0xa, 0xff, 0xf4, 0xff, 0xfd, 0x0,
    0x0, 0x0, 0x7f, 0xff, 0x5f, 0xff, 0xd0, 0x0,
    0x0, 0x7, 0xff, 0xf5, 0xff, 0xfd, 0x0, 0x0,
    0x0, 0x7f, 0xff, 0x5f, 0xff, 0xd0, 0x0, 0x0,
    0x7, 0xff, 0xf5, 0xff, 0xfd, 0x0, 0x0, 0x0,
    0x7f, 0xff, 0x5f, 0xff, 0xd0, 0x0, 0x0, 0x7,
    0xff, 0xf5, 0xff, 0xfd, 0x0, 0x0, 0x0, 0x7f,
    0xff, 0x5f, 0xff, 0xd0, 0x0, 0x0, 0x7, 0xff,
    0xf5, 0xff, 0xfd, 0x0, 0x0, 0x0, 0x7f, 0xff,
    0x5f, 0xff, 0xd0, 0x0, 0x0, 0x7, 0xff, 0xf5,
    0xff, 0xfd, 0x0, 0x0, 0x0, 0x7f, 0xff, 0x50,

    /* U+006F "o" */
    0x0, 0x0, 0x39, 0xdf, 0xfe, 0xb5, 0x0, 0x0,
    0x0, 0x9, 0xff, 0xff, 0xff, 0xff, 0xc1, 0x0,
    0x0, 0xbf, 0xff, 0xff, 0xff, 0xff, 0xfe, 0x10,
    0x6, 0xff, 0xff, 0x83, 0x36, 0xef, 0xff, 0xb0,
    0xe, 0xff, 0xf5, 0x0, 0x0, 0x2f, 0xff, 0xf3,
    0x4f, 0xff, 0xc0, 0x0, 0x0, 0x7, 0xff, 0xf8,
    0x8f, 0xff, 0x60, 0x0, 0x0, 0x2, 0xff, 0xfc,
    0xaf, 0xff, 0x30, 0x0, 0x0, 0x0, 0xff, 0xfe,
    0xbf, 0xff, 0x30, 0x0, 0x0, 0x0, 0xef, 0xff,
    0xaf, 0xff, 0x40, 0x0, 0x0, 0x0, 0xff, 0xfe,
    0x8f, 0xff, 0x60, 0x0, 0x0, 0x2, 0xff, 0xfc,
    0x4f, 0xff, 0xc0, 0x0, 0x0, 0x7, 0xff, 0xf9,
    0xe, 0xff, 0xf5, 0x0, 0x0, 0x2f, 0xff, 0xf3,
    0x6, 0xff, 0xff, 0x83, 0x36, 0xef, 0xff, 0xb0,
    0x0, 0xbf, 0xff, 0xff, 0xff, 0xff, 0xfe, 0x10,
    0x0, 0x9, 0xff, 0xff, 0xff, 0xff, 0xc1, 0x0,
    0x0, 0x0, 0x39, 0xdf, 0xfe, 0xb5, 0x0, 0x0,

    /* U+0070 "p" */
    0xff, 0xfc, 0x1, 0x9e, 0xfe, 0xb5, 0x0, 0x0,
    0xff, 0xfc, 0x2e, 0xff, 0xff, 0xff, 0xb0, 0x0,
    0xff, 0xfc, 0xdf, 0xff, 0xff, 0xff, 0xfb, 0x0,
    0xff, 0xff, 0xfb, 0x20, 0x18, 0xff, 0xff, 0x50,
    0xff, 0xff, 0xc0, 0x0, 0x0, 0x7f, 0xff, 0xc0,
    0xff, 0xff, 0x30, 0x0, 0x0, 0xe, 0xff, 0xf1,
    0xff, 0xfe, 0x0, 0x0, 0x0, 0xa, 0xff, 0xf4,
    0xff, 0xfc, 0x0, 0x0, 0x0, 0x8, 0xff, 0xf6,
    0xff, 0xfc, 0x0, 0x0, 0x0, 0x7, 0xff, 0xf6,
    0xff, 0xfd, 0x0, 0x0, 0x0, 0x8, 0xff, 0xf6,
    0xff, 0xff, 0x0, 0x0, 0x0, 0xb, 0xff, 0xf4,
    0xff, 0xff, 0x50, 0x0, 0x0, 0x1f, 0xff, 0xf1,
    0xff, 0xff, 0xd1, 0x0, 0x0, 0xaf, 0xff, 0xc0,
    0xff, 0xff, 0xfd, 0x63, 0x5c, 0xff, 0xff, 0x50,
    0xff, 0xfd, 0xbf, 0xff, 0xff, 0xff, 0xfb, 0x0,
    0xff, 0xfd, 0x1e, 0xff, 0xff, 0xff, 0xb0, 0x0,
    0xff, 0xfd, 0x1, 0x9e, 0xff, 0xb5, 0x0, 0x0,
    0xff, 0xfd, 0x0, 0x0, 0x0, 0x0, 0x0, 0x0,
    0xff, 0xfd, 0x0, 0x0, 0x0, 0x0, 0x0, 0x0,
    0xff, 0xfd, 0x0, 0x0, 0x0, 0x0, 0x0, 0x0,
    0xff, 0xfd, 0x0, 0x0, 0x0, 0x0, 0x0, 0x0,
    0xff, 0xfd, 0x0, 0x0, 0x0, 0x0, 0x0, 0x0,
    0xff, 0xfd, 0x0, 0x0, 0x0, 0x0, 0x0, 0x0,

    /* U+0071 "q" */
    0x0, 0x0, 0x7c, 0xff, 0xd7, 0x0, 0xff, 0xfb,
    0x0, 0x2d, 0xff, 0xff, 0xff, 0xb0, 0xff, 0xfb,
    0x1, 0xef, 0xff, 0xff, 0xff, 0xf7, 0xff, 0xfb,
    0x9, 0xff, 0xff, 0x94, 0x37, 0xff, 0xff, 0xfb,
    0x1f, 0xff, 0xf5, 0x0, 0x0, 0x3f, 0xff, 0xfb,
    0x5f, 0xff, 0xc0, 0x0, 0x0, 0x9, 0xff, 0xfb,
    0x8f, 0xff, 0x60, 0x0, 0x0, 0x3, 0xff, 0xfb,
    0xaf, 0xff, 0x40, 0x0, 0x0, 0x1, 0xff, 0xfb,
    0xbf, 0xff, 0x30, 0x0, 0x0, 0x0, 0xff, 0xfb,
    0xaf, 0xff, 0x40, 0x0, 0x0, 0x1, 0xff, 0xfb,
    0x8f, 0xff, 0x70, 0x0, 0x0, 0x3, 0xff, 0xfb,
    0x5f, 0xff, 0xc0, 0x0, 0x0, 0x9, 0xff, 0xfb,
    0x1f, 0xff, 0xf6, 0x0, 0x0, 0x3f, 0xff, 0xfb,
    0x9, 0xff, 0xff, 0x94, 0x48, 0xff, 0xff, 0xfb,
    0x1, 0xef, 0xff, 0xff, 0xff, 0xf9, 0xff, 0xfb,
    0x0, 0x2d, 0xff, 0xff, 0xff, 0xb1, 0xff, 0xfb,
    0x0, 0x0, 0x7c, 0xff, 0xd7, 0x1, 0xff, 0xfb,
    0x0, 0x0, 0x0, 0x0, 0x0, 0x1, 0xff, 0xfb,
    0x0, 0x0, 0x0, 0x0, 0x0, 0x1, 0xff, 0xfb,
    0x0, 0x0, 0x0, 0x0, 0x0, 0x1, 0xff, 0xfb,
    0x0, 0x0, 0x0, 0x0, 0x0, 0x1, 0xff, 0xfb,
    0x0, 0x0, 0x0, 0x0, 0x0, 0x1, 0xff, 0xfb,
    0x0, 0x0, 0x0, 0x0, 0x0, 0x1, 0xff, 0xfb,

    /* U+0072 "r" */
    0x0, 0x0, 0x0, 0x0, 0x0, 0xff, 0xfb, 0x4,
    0xcf, 0xf5, 0xff, 0xfb, 0x6f, 0xff, 0xf5, 0xff,
    0xfc, 0xff, 0xff, 0xf5, 0xff, 0xff, 0xfd, 0x64,
    0x52, 0xff, 0xff, 0xb0, 0x0, 0x0, 0xff, 0xff,
    0x10, 0x0, 0x0, 0xff, 0xfd, 0x0, 0x0, 0x0,
    0xff, 0xfd, 0x0, 0x0, 0x0, 0xff, 0xfd, 0x0,
    0x0, 0x0, 0xff, 0xfd, 0x0, 0x0, 0x0, 0xff,
    0xfd, 0x0, 0x0, 0x0, 0xff, 0xfd, 0x0, 0x0,
    0x0, 0xff, 0xfd, 0x0, 0x0, 0x0, 0xff, 0xfd,
    0x0, 0x0, 0x0, 0xff, 0xfd, 0x0, 0x0, 0x0,
    0xff, 0xfd, 0x0, 0x0, 0x0, 0xff, 0xfd, 0x0,
    0x0, 0x0,

    /* U+0073 "s" */
    0x0, 0x3, 0x9d, 0xff, 0xec, 0x71, 0x0, 0x0,
    0x9, 0xff, 0xff, 0xff, 0xff, 0xe3, 0x0, 0x8,
    0xff, 0xff, 0xfe, 0xff, 0xff, 0xf1, 0x0, 0xff,
    0xff, 0x60, 0x1, 0x9f, 0xff, 0x90, 0x3f, 0xff,
    0x90, 0x0, 0x0, 0xbc, 0x84, 0x3, 0xff, 0xfb,
    0x0, 0x0, 0x0, 0x0, 0x0, 0xf, 0xff, 0xfc,
    0x52, 0x0, 0x0, 0x0, 0x0, 0x7f, 0xff, 0xff,
    0xfe, 0xb7, 0x20, 0x0, 0x0, 0x6f, 0xff, 0xff,
    0xff, 0xff, 0x90, 0x0, 0x0, 0x5, 0x9d, 0xff,
    0xff, 0xff, 0x90, 0x0, 0x0, 0x0, 0x0, 0x4b,
    0xff, 0xff, 0x10, 0x1, 0x40, 0x0, 0x0, 0xc,
    0xff, 0xf3, 0x7e, 0xff, 0x30, 0x0, 0x0, 0xcf,
    0xff, 0x25, 0xff, 0xfe, 0x50, 0x2, 0x9f, 0xff,
    0xe0, 0xc, 0xff, 0xff, 0xff, 0xff, 0xff, 0xf5,
    0x0, 0x1b, 0xff, 0xff, 0xff, 0xff, 0xf5, 0x0,
    0x0, 0x4, 0xad, 0xff, 0xec, 0x71, 0x0, 0x0,

    /* U+0074 "t" */
    0x0, 0x6f, 0xff, 0x70, 0x0, 0x0, 0x6, 0xff,
    0xf7, 0x0, 0x0, 0x0, 0x6f, 0xff, 0x70, 0x0,
    0x0, 0x6, 0xff, 0xf7, 0x0, 0x0, 0xbf, 0xff,
    0xff, 0xff, 0xf9, 0xb, 0xff, 0xff, 0xff, 0xff,
    0x90, 0xbf, 0xff, 0xff, 0xff, 0xf9, 0x0, 0x16,
    0xff, 0xf7, 0x11, 0x0, 0x0, 0x6f, 0xff, 0x70,
    0x0, 0x0, 0x6, 0xff, 0xf7, 0x0, 0x0, 0x0,
    0x6f, 0xff, 0x70, 0x0, 0x0, 0x6, 0xff, 0xf7,
    0x0, 0x0, 0x0, 0x6f, 0xff, 0x70, 0x0, 0x0,
    0x6, 0xff, 0xf7, 0x0, 0x0, 0x0, 0x6f, 0xff,
    0x70, 0x0, 0x0, 0x6, 0xff, 0xf7, 0x0, 0x0,
    0x0, 0x5f, 0xff, 0x70, 0x0, 0x0, 0x4, 0xff,
    0xfd, 0x43, 0x20, 0x0, 0xf, 0xff, 0xff, 0xf9,
    0x0, 0x0, 0x5f, 0xff, 0xff, 0xd0, 0x0, 0x0,
    0x4b, 0xef, 0xfc, 0x0,

    /* U+0075 "u" */
    0xff, 0xfd, 0x0, 0x0, 0x0, 0x7f, 0xff, 0x5f,
    0xff, 0xd0, 0x0, 0x0, 0x7, 0xff, 0xf5, 0xff,
    0xfd, 0x0, 0x0, 0x0, 0x7f, 0xff, 0x5f, 0xff,
    0xd0, 0x0, 0x0, 0x7, 0xff, 0xf5, 0xff, 0xfd,
    0x0, 0x0, 0x0, 0x7f, 0xff, 0x5f, 0xff, 0xd0,
    0x0, 0x0, 0x7, 0xff, 0xf5, 0xff, 0xfd, 0x0,
    0x0, 0x0, 0x7f, 0xff, 0x5f, 0xff, 0xd0, 0x0,
    0x0, 0x7, 0xff, 0xf5, 0xff, 0xfd, 0x0, 0x0,
    0x0, 0x7f, 0xff, 0x5f, 0xff, 0xd0, 0x0, 0x0,
    0x7, 0xff, 0xf5, 0xff, 0xfd, 0x0, 0x0, 0x0,
    0x8f, 0xff, 0x5f, 0xff, 0xf0, 0x0, 0x0, 0xc,
    0xff, 0xf5, 0xcf, 0xff, 0x80, 0x0, 0x5, 0xff,
    0xff, 0x58, 0xff, 0xff, 0xa5, 0x59, 0xfe, 0xff,
    0xf5, 0x1f, 0xff, 0xff, 0xff, 0xff, 0x7f, 0xff,
    0x50, 0x4f, 0xff, 0xff, 0xff, 0x64, 0xff, 0xf5,
    0x0, 0x2a, 0xef, 0xeb, 0x30, 0x4f, 0xff, 0x50,

    /* U+0076 "v" */
    0x3f, 0xff, 0xc0, 0x0, 0x0, 0x0, 0x2f, 0xff,
    0xd0, 0xe, 0xff, 0xf2, 0x0, 0x0, 0x0, 0x7f,
    0xff, 0x80, 0x8, 0xff, 0xf7, 0x0, 0x0, 0x0,
    0xcf, 0xff, 0x20, 0x2, 0xff, 0xfc, 0x0, 0x0,
    0x1, 0xff, 0xfc, 0x0, 0x0, 0xcf, 0xff, 0x10,
    0x0, 0x6, 0xff, 0xf6, 0x0, 0x0, 0x7f, 0xff,
    0x60, 0x0, 0xc, 0xff, 0xf1, 0x0, 0x0, 0x1f,
    0xff, 0xb0, 0x0, 0x1f, 0xff, 0xb0, 0x0, 0x0,
    0xb, 0xff, 0xf1, 0x0, 0x6f, 0xff, 0x50, 0x0,
    0x0, 0x6, 0xff, 0xf6, 0x0, 0xbf, 0xff, 0x0,
    0x0, 0x0, 0x0, 0xff, 0xfb, 0x1, 0xff, 0xfa,
    0x0, 0x0, 0x0, 0x0, 0xaf, 0xff, 0x5, 0xff,
    0xf4, 0x0, 0x0, 0x0, 0x0, 0x4f, 0xff, 0x49,
    0xff, 0xe0, 0x0, 0x0, 0x0, 0x0, 0xe, 0xff,
    0x8d, 0xff, 0x80, 0x0, 0x0, 0x0, 0x0, 0x9,
    0xff, 0xdf, 0xff, 0x20, 0x0, 0x0, 0x0, 0x0,
    0x3, 0xff, 0xff, 0xfd, 0x0, 0x0, 0x0, 0x0,
    0x0, 0x0, 0xdf, 0xff, 0xf7, 0x0, 0x0, 0x0,
    0x0, 0x0, 0x0, 0x8f, 0xff, 0xf1, 0x0, 0x0,
    0x0,

    /* U+0077 "w" */
    0x3f, 0xff, 0xc0, 0x0, 0x0, 0x5f, 0xff, 0x80,
    0x0, 0x0, 0xaf, 0xff, 0x60, 0xef, 0xff, 0x0,
    0x0, 0x9, 0xff, 0xfc, 0x0, 0x0, 0xd, 0xff,
    0xf1, 0xa, 0xff, 0xf4, 0x0, 0x0, 0xdf, 0xff,
    0xf0, 0x0, 0x1, 0xff, 0xfd, 0x0, 0x5f, 0xff,
    0x80, 0x0, 0x1f, 0xff, 0xff, 0x40, 0x0, 0x5f,
    0xff, 0x80, 0x1, 0xff, 0xfb, 0x0, 0x5, 0xff,
    0xff, 0xf8, 0x0, 0x9, 0xff, 0xf3, 0x0, 0xc,
    0xff, 0xf0, 0x0, 0x9f, 0xf9, 0xff, 0xc0, 0x0,
    0xdf, 0xfe, 0x0, 0x0, 0x7f, 0xff, 0x30, 0xd,
    0xff, 0x2f, 0xff, 0x0, 0x1f, 0xff, 0xa0, 0x0,
    0x3, 0xff, 0xf7, 0x1, 0xff, 0xe0, 0xcf, 0xf3,
    0x5, 0xff, 0xf6, 0x0, 0x0, 0xe, 0xff, 0xa0,
    0x4f, 0xfb, 0x8, 0xff, 0x70, 0x8f, 0xff, 0x10,
    0x0, 0x0, 0xaf, 0xfe, 0x8, 0xff, 0x70, 0x4f,
    0xfb, 0xc, 0xff, 0xc0, 0x0, 0x0, 0x5, 0xff,
    0xf2, 0xcf, 0xf2, 0x0, 0xff, 0xe0, 0xff, 0xf8,
    0x0, 0x0, 0x0, 0x1f, 0xff, 0x5f, 0xfe, 0x0,
    0xb, 0xff, 0x5f, 0xff, 0x30, 0x0, 0x0, 0x0,
    0xcf, 0xfb, 0xff, 0xa0, 0x0, 0x7f, 0xfb, 0xff,
    0xe0, 0x0, 0x0, 0x0, 0x7, 0xff, 0xff, 0xf5,
    0x0, 0x2, 0xff, 0xff, 0xfa, 0x0, 0x0, 0x0,
    0x0, 0x3f, 0xff, 0xff, 0x10, 0x0, 0xe, 0xff,
    0xff, 0x50, 0x0, 0x0, 0x0, 0x0, 0xef, 0xff,
    0xc0, 0x0, 0x0, 0x9f, 0xff, 0xf1, 0x0, 0x0,
    0x0, 0x0, 0xa, 0xff, 0xf8, 0x0, 0x0, 0x5,
    0xff, 0xfc, 0x0, 0x0, 0x0,

    /* U+0078 "x" */
    0xa, 0xff, 0xf8, 0x0, 0x0, 0x5, 0xff, 0xfc,
    0x0, 0x1e, 0xff, 0xf2, 0x0, 0x0, 0xef, 0xff,
    0x20, 0x0, 0x6f, 0xff, 0xb0, 0x0, 0x8f, 0xff,
    0x80, 0x0, 0x0, 0xcf, 0xff, 0x40, 0x1f, 0xff,
    0xd0, 0x0, 0x0, 0x3, 0xff, 0xfc, 0x9, 0xff,
    0xf4, 0x0, 0x0, 0x0, 0x9, 0xff, 0xf5, 0xff,
    0xfa, 0x0, 0x0, 0x0, 0x0, 0xe, 0xff, 0xff,
    0xff, 0x10, 0x0, 0x0, 0x0, 0x0, 0x5f, 0xff,
    0xff, 0x70, 0x0, 0x0, 0x0, 0x0, 0x1, 0xff,
    0xff, 0xf1, 0x0, 0x0, 0x0, 0x0, 0x0, 0x9f,
    0xff, 0xff, 0x90, 0x0, 0x0, 0x0, 0x0, 0x3f,
    0xff, 0xcf, 0xff, 0x40, 0x0, 0x0, 0x0, 0xd,
    0xff, 0xe1, 0xef, 0xfd, 0x0, 0x0, 0x0, 0x7,
    0xff, 0xf7, 0x7, 0xff, 0xf8, 0x0, 0x0, 0x2,
    0xff, 0xfe, 0x0, 0xd, 0xff, 0xf2, 0x0, 0x0,
    0xbf, 0xff, 0x50, 0x0, 0x5f, 0xff, 0xc0, 0x0,
    0x5f, 0xff, 0xb0, 0x0, 0x0, 0xbf, 0xff, 0x60,
    0xe, 0xff, 0xf2, 0x0, 0x0, 0x2, 0xff, 0xfe,
    0x10,

    /* U+0079 "y" */
    0x3f, 0xff, 0xc0, 0x0, 0x0, 0x0, 0x2f, 0xff,
    0xe0, 0xd, 0xff, 0xf2, 0x0, 0x0, 0x0, 0x7f,
    0xff, 0x80, 0x8, 0xff, 0xf7, 0x0, 0x0, 0x0,
    0xcf, 0xff, 0x20, 0x2, 0xff, 0xfc, 0x0, 0x0,
    0x2, 0xff, 0xfc, 0x0, 0x0, 0xcf, 0xff, 0x20,
    0x0, 0x7, 0xff, 0xf6, 0x0, 0x0, 0x6f, 0xff,
    0x70, 0x0, 0xd, 0xff, 0xf0, 0x0, 0x0, 0xf,
    0xff, 0xc0, 0x0, 0x2f, 0xff, 0xa0, 0x0, 0x0,
    0xa, 0xff, 0xf1, 0x0, 0x8f, 0xff, 0x40, 0x0,
    0x0, 0x4, 0xff, 0xf7, 0x0, 0xdf, 0xfe, 0x0,
    0x0, 0x0, 0x0, 0xef, 0xfc, 0x2, 0xff, 0xf8,
    0x0, 0x0, 0x0, 0x0, 0x8f, 0xff, 0x17, 0xff,
    0xf2, 0x0, 0x0, 0x0, 0x0, 0x2f, 0xff, 0x5c,
    0xff, 0xc0, 0x0, 0x0, 0x0, 0x0, 0xc, 0xff,
    0x9f, 0xff, 0x60, 0x0, 0x0, 0x0, 0x0, 0x6,
    0xff, 0xff, 0xff, 0x10, 0x0, 0x0, 0x0, 0x0,
    0x1, 0xff, 0xff, 0xfa, 0x0, 0x0, 0x0, 0x0,
    0x0, 0x0, 0xbf, 0xff, 0xf4, 0x0, 0x0, 0x0,
    0x0, 0x0, 0x0, 0x5f, 0xff, 0xe0, 0x0, 0x0,
    0x0, 0x0, 0x0, 0x0, 0x6f, 0xff, 0x80, 0x0,
    0x0, 0x0, 0x0, 0x0, 0x0, 0xbf, 0xff, 0x20,
    0x0, 0x0, 0x0, 0x0, 0x23, 0x27, 0xff, 0xfb,
    0x0, 0x0, 0x0, 0x0, 0x0, 0x8f, 0xff, 0xff,
    0xf3, 0x0, 0x0, 0x0, 0x0, 0x0, 0xdf, 0xff,
    0xff, 0x60, 0x0, 0x0, 0x0, 0x0, 0x0, 0xcf,
    0xfe, 0xa3, 0x0, 0x0, 0x0, 0x0, 0x0,

    /* U+007A "z" */
    0xf, 0xff, 0xff, 0xff, 0xff, 0xff, 0xfe, 0x0,
    0xff, 0xff, 0xff, 0xff, 0xff, 0xff, 0xe0, 0xf,
    0xff, 0xff, 0xff, 0xff, 0xff, 0xfe, 0x0, 0x55,
    0x55, 0x55, 0x56, 0xff, 0xff, 0x50, 0x0, 0x0,
    0x0, 0x0, 0xaf, 0xff, 0x90, 0x0, 0x0, 0x0,
    0x0, 0x6f, 0xff, 0xd0, 0x0, 0x0, 0x0, 0x0,
    0x2f, 0xff, 0xf2, 0x0, 0x0, 0x0, 0x0, 0xd,
    0xff, 0xf6, 0x0, 0x0, 0x0, 0x0, 0xa, 0xff,
    0xfa, 0x0, 0x0, 0x0, 0x0, 0x6, 0xff, 0xfd,
    0x0, 0x0, 0x0, 0x0, 0x3, 0xff, 0xff, 0x30,
    0x0, 0x0, 0x0, 0x1, 0xdf, 0xff, 0x70, 0x0,
    0x0, 0x0, 0x0, 0xbf, 0xff, 0xb0, 0x0, 0x0,
    0x0, 0x0, 0x7f, 0xff, 0xf6, 0x55, 0x55, 0x55,
    0x50, 0x2f, 0xff, 0xff, 0xff, 0xff, 0xff, 0xff,
    0x33, 0xff, 0xff, 0xff, 0xff, 0xff, 0xff, 0xf3,
    0x3f, 0xff, 0xff, 0xff, 0xff, 0xff, 0xff, 0x30,

    /* U+007B "{" */
    0x0, 0x0, 0x1, 0x8c, 0xef, 0x0, 0x0, 0x4,
    0xff, 0xff, 0xf0, 0x0, 0x0, 0xef, 0xff, 0xff,
    0x0, 0x0, 0x5f, 0xff, 0xd4, 0x0, 0x0, 0x9,
    0xff, 0xf2, 0x0, 0x0, 0x0, 0xaf, 0xfe, 0x0,
    0x0, 0x0, 0xb, 0xff, 0xd0, 0x0, 0x0, 0x0,
    0xbf, 0xfd, 0x0, 0x0, 0x0, 0xb, 0xff, 0xd0,
    0x0, 0x0, 0x0, 0xbf, 0xfd, 0x0, 0x0, 0x0,
    0xe, 0xff, 0xc0, 0x0, 0x0, 0x5, 0xff, 0xfa,
    0x0, 0x0, 0xbc, 0xff, 0xff, 0x40, 0x0, 0xf,
    0xff, 0xff, 0x60, 0x0, 0x0, 0xff, 0xfc, 0x10,
    0x0, 0x0, 0xf, 0xff, 0xff, 0x80, 0x0, 0x0,
    0x2, 0xbf, 0xff, 0x60, 0x0, 0x0, 0x0, 0xff,
    0xfb, 0x0, 0x0, 0x0, 0xc, 0xff, 0xd0, 0x0,
    0x0, 0x0, 0xbf, 0xfd, 0x0, 0x0, 0x0, 0xb,
    0xff, 0xd0, 0x0, 0x0, 0x0, 0xbf, 0xfd, 0x0,
    0x0, 0x0, 0xb, 0xff, 0xe0, 0x0, 0x0, 0x0,
    0x9f, 0xff, 0x10, 0x0, 0x0, 0x6, 0xff, 0xfc,
    0x30, 0x0, 0x0, 0x1f, 0xff, 0xff, 0xf0, 0x0,
    0x0, 0x4f, 0xff, 0xff, 0x0, 0x0, 0x0, 0x28,
    0xce, 0xf0,

    /* U+007C "|" */
    0x6f, 0xff, 0x26, 0xff, 0xf2, 0x6f, 0xff, 0x26,
    0xff, 0xf2, 0x6f, 0xff, 0x26, 0xff, 0xf2, 0x6f,
    0xff, 0x26, 0xff, 0xf2, 0x6f, 0xff, 0x26, 0xff,
    0xf2, 0x6f, 0xff, 0x26, 0xff, 0xf2, 0x6f, 0xff,
    0x26, 0xff, 0xf2, 0x6f, 0xff, 0x26, 0xff, 0xf2,
    0x6f, 0xff, 0x26, 0xff, 0xf2, 0x6f, 0xff, 0x26,
    0xff, 0xf2, 0x6f, 0xff, 0x26, 0xff, 0xf2, 0x6f,
    0xff, 0x26, 0xff, 0xf2, 0x6f, 0xff, 0x26, 0xff,
    0xf2, 0x6f, 0xff, 0x26, 0xff, 0xf2, 0x6f, 0xff,
    0x26, 0xff, 0xf2, 0x6f, 0xff, 0x26, 0xff, 0xf2,
    0x6f, 0xff, 0x26, 0xff, 0xf2, 0x6f, 0xff, 0x26,
    0xff, 0xf2, 0x6f, 0xff, 0x20,

    /* U+007D "}" */
    0x6f, 0xeb, 0x60, 0x0, 0x0, 0x6, 0xff, 0xff,
    0xc1, 0x0, 0x0, 0x6f, 0xff, 0xff, 0x90, 0x0,
    0x0, 0x16, 0xff, 0xff, 0x0, 0x0, 0x0, 0x8,
    0xff, 0xf3, 0x0, 0x0, 0x0, 0x4f, 0xff, 0x40,
    0x0, 0x0, 0x3, 0xff, 0xf5, 0x0, 0x0, 0x0,
    0x3f, 0xff, 0x50, 0x0, 0x0, 0x3, 0xff, 0xf5,
    0x0, 0x0, 0x0, 0x3f, 0xff, 0x50, 0x0, 0x0,
    0x2, 0xff, 0xf8, 0x0, 0x0, 0x0, 0xf, 0xff,
    0xe1, 0x0, 0x0, 0x0, 0xaf, 0xff, 0xfc, 0x70,
    0x0, 0x0, 0xaf, 0xff, 0xfa, 0x0, 0x0, 0x0,
    0x4f, 0xff, 0xa0, 0x0, 0x1, 0xbf, 0xff, 0xfa,
    0x0, 0x0, 0xcf, 0xff, 0x71, 0x0, 0x0, 0x1f,
    0xff, 0x90, 0x0, 0x0, 0x2, 0xff, 0xf6, 0x0,
    0x0, 0x0, 0x3f, 0xff, 0x50, 0x0, 0x0, 0x3,
    0xff, 0xf5, 0x0, 0x0, 0x0, 0x3f, 0xff, 0x50,
    0x0, 0x0, 0x3, 0xff, 0xf5, 0x0, 0x0, 0x0,
    0x7f, 0xff, 0x30, 0x0, 0x1, 0x5f, 0xff, 0xf0,
    0x0, 0x6, 0xff, 0xff, 0xfa, 0x0, 0x0, 0x6f,
    0xff, 0xfd, 0x10, 0x0, 0x6, 0xfe, 0xb6, 0x0,
    0x0, 0x0,

    /* U+007E "~" */
    0x0, 0x2, 0x54, 0x0, 0x0, 0x0, 0x0, 0x0,
    0x0, 0xbf, 0xff, 0xf7, 0x0, 0x0, 0x3d, 0xda,
    0xb, 0xff, 0xff, 0xff, 0xb1, 0x0, 0x7f, 0xfc,
    0x3f, 0xff, 0xff, 0xff, 0xfe, 0x67, 0xff, 0xf9,
    0x7f, 0xfe, 0x30, 0x7f, 0xff, 0xff, 0xff, 0xf3,
    0x9f, 0xf8, 0x0, 0x4, 0xef, 0xff, 0xff, 0x90,
    0x47, 0x73, 0x0, 0x0, 0x19, 0xef, 0xd7, 0x0,

    /* U+00A0 " " */

    /* U+00A1 "¡" */
    0x9, 0xfe, 0x50, 0x6f, 0xff, 0xf1, 0x8f, 0xff,
    0xf2, 0x4f, 0xff, 0xe0, 0x5, 0xb9, 0x20, 0x0,
    0x0, 0x0, 0x0, 0x0, 0x0, 0x4, 0x44, 0x20,
    0xf, 0xff, 0xa0, 0xf, 0xff, 0xa0, 0xf, 0xff,
    0xa0, 0xf, 0xff, 0xb0, 0xf, 0xff, 0xb0, 0x1f,
    0xff, 0xb0, 0x1f, 0xff, 0xc0, 0x1f, 0xff, 0xc0,
    0x2f, 0xff, 0xc0, 0x2f, 0xff, 0xc0, 0x2f, 0xff,
    0xd0, 0x2f, 0xff, 0xd0, 0x3f, 0xff, 0xd0, 0x3f,
    0xff, 0xe0, 0x3f, 0xff, 0xe0,

    /* U+00A2 "¢" */
    0x0, 0x0, 0x0, 0xd, 0xe0, 0x0, 0x0, 0x0,
    0x0, 0x0, 0x0, 0xd, 0xe0, 0x0, 0x0, 0x0,
    0x0, 0x0, 0x39, 0xdf, 0xfe, 0xa4, 0x0, 0x0,
    0x0, 0x9, 0xff, 0xff, 0xff, 0xff, 0xc1, 0x0,
    0x0, 0xaf, 0xff, 0xff, 0xff, 0xff, 0xfd, 0x0,
    0x6, 0xff, 0xff, 0x8e, 0xe6, 0xef, 0xff, 0x80,
    0xe, 0xff, 0xf5, 0xd, 0xe0, 0x2f, 0xff, 0xf0,
    0x4f, 0xff, 0xc0, 0xd, 0xe0, 0x8, 0xd9, 0x60,
    0x8f, 0xff, 0x60, 0xd, 0xe0, 0x0, 0x0, 0x0,
    0xaf, 0xff, 0x40, 0xd, 0xe0, 0x0, 0x0, 0x0,
    0xbf, 0xff, 0x30, 0xd, 0xe0, 0x0, 0x0, 0x0,
    0xaf, 0xff, 0x30, 0xd, 0xe0, 0x0, 0x0, 0x0,
    0x8f, 0xff, 0x60, 0xd, 0xe0, 0x0, 0x0, 0x0,
    0x5f, 0xff, 0xb0, 0xd, 0xe0, 0x6, 0xc8, 0x50,
    0xf, 0xff, 0xf4, 0xd, 0xe0, 0x1e, 0xff, 0xf1,
    0x8, 0xff, 0xff, 0x6d, 0xe4, 0xcf, 0xff, 0xa0,
    0x0, 0xcf, 0xff, 0xff, 0xff, 0xff, 0xfe, 0x10,
    0x0, 0x1b, 0xff, 0xff, 0xff, 0xff, 0xd2, 0x0,
    0x0, 0x0, 0x5c, 0xff, 0xff, 0xd7, 0x0, 0x0,
    0x0, 0x0, 0x0, 0xd, 0xe0, 0x0, 0x0, 0x0,
    0x0, 0x0, 0x0, 0xd, 0xe0, 0x0, 0x0, 0x0,
    0x0, 0x0, 0x0, 0xd, 0xe0, 0x0, 0x0, 0x0,

    /* U+00A3 "£" */
    0x0, 0x0, 0x0, 0x7c, 0xef, 0xec, 0x60, 0x0,
    0x0, 0x0, 0x3, 0xef, 0xff, 0xff, 0xff, 0xd3,
    0x0, 0x0, 0x2, 0xff, 0xff, 0xff, 0xff, 0xff,
    0xe2, 0x0, 0x0, 0xcf, 0xff, 0xe8, 0x68, 0xef,
    0xff, 0xb0, 0x0, 0x2f, 0xff, 0xd1, 0x0, 0x1,
    0xdf, 0xff, 0x20, 0x6, 0xff, 0xf6, 0x0, 0x0,
    0x5, 0xfd, 0xb3, 0x0, 0x7f, 0xff, 0x30, 0x0,
    0x0, 0x0, 0x0, 0x0, 0x7, 0xff, 0xf3, 0x0,
    0x0, 0x0, 0x0, 0x0, 0x0, 0x7f, 0xff, 0x30,
    0x0, 0x0, 0x0, 0x0, 0x5, 0xad, 0xff, 0xfc,
    0xaa, 0xaa, 0xa5, 0x0, 0x0, 0x8f, 0xff, 0xff,
    0xff, 0xff, 0xff, 0x70, 0x0, 0x8, 0xff, 0xff,
    0xff, 0xff, 0xff, 0xf7, 0x0, 0x0, 0x0, 0x4f,
    0xff, 0x60, 0x0, 0x0, 0x0, 0x0, 0x0, 0x3,
    0xff, 0xf6, 0x0, 0x0, 0x0, 0x0, 0x0, 0x0,
    0x2f, 0xff, 0x70, 0x0, 0x0, 0x0, 0x0, 0x0,
    0x2, 0xff, 0xf7, 0x0, 0x0, 0x0, 0x0, 0x0,
    0x0, 0x2f, 0xff, 0x60, 0x0, 0x0, 0x4, 0x44,
    0x20, 0x5, 0xff, 0xe1, 0x0, 0x0, 0x1, 0xff,
    0xf7, 0x49, 0xff, 0xf8, 0x66, 0x66, 0x66, 0x9f,
    0xff, 0x68, 0xff, 0xff, 0xff, 0xff, 0xff, 0xff,
    0xff, 0xf2, 0x8f, 0xff, 0xff, 0xff, 0xff, 0xff,
    0xff, 0xfa, 0x8, 0xff, 0xff, 0xff, 0xff, 0xff,
    0xff, 0xd7, 0x0,

    /* U+00A4 "¤" */
    0x0, 0x20, 0x0, 0x0, 0x0, 0x0, 0x0, 0x0,
    0x2, 0x0, 0x2, 0xeb, 0x0, 0x28, 0xdf, 0xfe,
    0xa5, 0x0, 0x4f, 0x80, 0xd, 0xff, 0xa9, 0xff,
    0xff, 0xff, 0xff, 0xd6, 0xff, 0xf5, 0x4, 0xff,
    0xff, 0xff, 0xeb, 0xac, 0xff, 0xff, 0xff, 0xb0,
    0x0, 0x5f, 0xff, 0xe5, 0x0, 0x0, 0x2a, 0xff,
    0xfc, 0x0, 0x0, 0x6f, 0xfd, 0x10, 0x0, 0x0,
    0x0, 0x8f, 0xfc, 0x0, 0x0, 0xdf, 0xf2, 0x0,
    0x0, 0x0, 0x0, 0xb, 0xff, 0x40, 0x3, 0xff,
    0x80, 0x0, 0x0, 0x0, 0x0, 0x2, 0xff, 0xa0,
    0x7, 0xff, 0x30, 0x0, 0x0, 0x0, 0x0, 0x0,
    0xcf, 0xe0, 0x9, 0xff, 0x0, 0x0, 0x0, 0x0,
    0x0, 0x0, 0x9f, 0xf0, 0xa, 0xfe, 0x0, 0x0,
    0x0, 0x0, 0x0, 0x0, 0x8f, 0xf1, 0x9, 0xff,
    0x0, 0x0, 0x0, 0x0, 0x0, 0x0, 0x9f, 0xf0,
    0x7, 0xff, 0x30, 0x0, 0x0, 0x0, 0x0, 0x0,
    0xdf, 0xe0, 0x3, 0xff, 0x90, 0x0, 0x0, 0x0,
    0x0, 0x2, 0xff, 0xa0, 0x0, 0xdf, 0xf2, 0x0,
    0x0, 0x0, 0x0, 0xb, 0xff, 0x40, 0x0, 0x6f,
    0xfd, 0x10, 0x0, 0x0, 0x0, 0x8f, 0xfc, 0x0,
    0x0, 0xaf, 0xff, 0xe5, 0x0, 0x0, 0x2b, 0xff,
    0xff, 0x30, 0xa, 0xff, 0xff, 0xff, 0xeb, 0xbd,
    0xff, 0xff, 0xff, 0xf3, 0x9, 0xff, 0x59, 0xff,
    0xff, 0xff, 0xff, 0xd3, 0xcf, 0xe2, 0x0, 0xa5,
    0x0, 0x28, 0xdf, 0xfe, 0xa5, 0x0, 0xb, 0x30,
    0x0, 0x0, 0x0, 0x0, 0x0, 0x0, 0x0, 0x0,
    0x0, 0x0,

    /* U+00A5 "¥" */
    0x5f, 0xff, 0xb0, 0x0, 0x0, 0x0, 0xdf, 0xff,
    0x40, 0xdf, 0xff, 0x20, 0x0, 0x0, 0x4f, 0xff,
    0xc0, 0x6, 0xff, 0xf9, 0x0, 0x0, 0xb, 0xff,
    0xf4, 0x0, 0xe, 0xff, 0xf1, 0x0, 0x2, 0xff,
    0xfd, 0x0, 0x0, 0x6f, 0xff, 0x70, 0x0, 0x8f,
    0xff, 0x50, 0x0, 0x0, 0xef, 0xfe, 0x0, 0xe,
    0xff, 0xd0, 0x0, 0x0, 0x7, 0xff, 0xf5, 0x6,
    0xff, 0xf6, 0x0, 0x0, 0x0, 0xf, 0xff, 0xc0,
    0xdf, 0xfe, 0x0, 0x0, 0x0, 0x0, 0x8f, 0xff,
    0x7f, 0xff, 0x70, 0x0, 0x0, 0x0, 0x1, 0xff,
    0xff, 0xff, 0xe0, 0x0, 0x0, 0x1, 0x77, 0x7d,
    0xff, 0xff, 0xfc, 0x77, 0x60, 0x0, 0x3f, 0xff,
    0xff, 0xff, 0xff, 0xff, 0xfd, 0x0, 0x3, 0xff,
    0xff, 0xff, 0xff, 0xff, 0xff, 0xd0, 0x0, 0x0,
    0x0, 0x8, 0xff, 0xf5, 0x0, 0x0, 0x0, 0x0,
    0x0, 0x0, 0x8f, 0xff, 0x50, 0x0, 0x0, 0x0,
    0x3f, 0xff, 0xff, 0xff, 0xff, 0xff, 0xfd, 0x0,
    0x3, 0xff, 0xff, 0xff, 0xff, 0xff, 0xff, 0xd0,
    0x0, 0x17, 0x77, 0x7b, 0xff, 0xfa, 0x77, 0x76,
    0x0, 0x0, 0x0, 0x0, 0x8f, 0xff, 0x50, 0x0,
    0x0, 0x0, 0x0, 0x0, 0x8, 0xff, 0xf5, 0x0,
    0x0, 0x0, 0x0, 0x0, 0x0, 0x8f, 0xff, 0x50,
    0x0, 0x0, 0x0, 0x0, 0x0, 0x8, 0xff, 0xf5,
    0x0, 0x0, 0x0,

    /* U+00A6 "¦" */
    0xff, 0xf7, 0xff, 0xf7, 0xff, 0xf7, 0xff, 0xf7,
    0xff, 0xf7, 0xff, 0xf7, 0xff, 0xf7, 0xff, 0xf7,
    0xff, 0xf7, 0xff, 0xf7, 0x45, 0x52, 0x0, 0x0,
    0x0, 0x0, 0x0, 0x0, 0x0, 0x0, 0x0, 0x0,
    0xff, 0xf7, 0xff, 0xf7, 0xff, 0xf7, 0xff, 0xf7,
    0xff, 0xf7, 0xff, 0xf7, 0xff, 0xf7, 0xff, 0xf7,
    0xff, 0xf7, 0xff, 0xf7, 0x56, 0x62,

    /* U+00A7 "§" */
    0x0, 0x0, 0x6c, 0xff, 0xfc, 0x60, 0x0, 0x0,
    0x1, 0xdf, 0xff, 0xff, 0xff, 0xb0, 0x0, 0x0,
    0xbf, 0xff, 0xff, 0xff, 0xff, 0x80, 0x0, 0x2f,
    0xff, 0xc4, 0x13, 0xcf, 0xff, 0x10, 0x5, 0xff,
    0xf2, 0x0, 0x1, 0xff, 0xf6, 0x0, 0x6f, 0xff,
    0x10, 0x0, 0x6, 0x52, 0x0, 0x3, 0xff, 0xf8,
    0x0, 0x0, 0x0, 0x0, 0x0, 0xc, 0xff, 0xfa,
    0x20, 0x0, 0x0, 0x0, 0x0, 0x1d, 0xff, 0xff,
    0xa3, 0x0, 0x0, 0x0, 0x4, 0x9f, 0xff, 0xff,
    0xfb, 0x30, 0x0, 0x8, 0xff, 0x95, 0xbf, 0xff,
    0xff, 0x90, 0x3, 0xff, 0xc0, 0x0, 0x3b, 0xff,
    0xff, 0x90, 0x7f, 0xf9, 0x0, 0x0, 0x3, 0xcf,
    0xff, 0x26, 0xff, 0xd0, 0x0, 0x0, 0x0, 0xef,
    0xf7, 0x2f, 0xff, 0xa0, 0x0, 0x0, 0x9, 0xff,
    0x80, 0xaf, 0xff, 0xe7, 0x10, 0x0, 0xaf, 0xf4,
    0x0, 0xaf, 0xff, 0xff, 0x82, 0x7f, 0xfa, 0x0,
    0x0, 0x5d, 0xff, 0xff, 0xff, 0xb6, 0x0, 0x0,
    0x0, 0x5, 0xcf, 0xff, 0xfd, 0x10, 0x0, 0x0,
    0x0, 0x0, 0x4c, 0xff, 0xfc, 0x0, 0x0, 0x0,
    0x0, 0x0, 0x9, 0xff, 0xf3, 0x0, 0x1, 0x53,
    0x0, 0x0, 0x1f, 0xff, 0x70, 0xc, 0xff, 0xb0,
    0x0, 0x1, 0xff, 0xf7, 0x0, 0x8f, 0xff, 0x81,
    0x2, 0xbf, 0xff, 0x40, 0x1, 0xef, 0xff, 0xff,
    0xff, 0xff, 0xd0, 0x0, 0x4, 0xff, 0xff, 0xff,
    0xff, 0xe2, 0x0, 0x0, 0x2, 0x9e, 0xff, 0xfd,
    0x81, 0x0, 0x0, 0x0, 0x0, 0x1, 0x10, 0x0,
    0x0, 0x0,

    /* U+00A8 "¨" */
    0x0, 0x0, 0x0, 0x0, 0x1, 0x0, 0x6, 0xff,
    0x60, 0x2, 0xdf, 0xb0, 0xf, 0xff, 0xf0, 0x9,
    0xff, 0xf5, 0xf, 0xff, 0xe0, 0x9, 0xff, 0xf5,
    0x5, 0xee, 0x50, 0x1, 0xcf, 0xa0,

    /* U+00A9 "©" */
    0x0, 0x0, 0x0, 0x2, 0x8c, 0xef, 0xfd, 0xa5,
    0x0, 0x0, 0x0, 0x0, 0x0, 0x0, 0x1a, 0xff,
    0xff, 0xff, 0xff, 0xfd, 0x50, 0x0, 0x0, 0x0,
    0x0, 0x4f, 0xff, 0xff, 0xff, 0xff, 0xff, 0xff,
    0xa0, 0x0, 0x0, 0x0, 0x5f, 0xff, 0xfe, 0x95,
    0x44, 0x7c, 0xff, 0xff, 0xb0, 0x0, 0x0, 0x3f,
    0xff, 0xf7, 0x0, 0x0, 0x0, 0x3, 0xdf, 0xff,
    0x90, 0x0, 0xd, 0xff, 0xf3, 0x0, 0x6b, 0xdd,
    0xa3, 0x0, 0xbf, 0xff, 0x40, 0x6, 0xff, 0xf4,
    0x2, 0xdf, 0xff, 0xff, 0xf8, 0x0, 0xdf, 0xfd,
    0x0, 0xdf, 0xfa, 0x1, 0xdf, 0xff, 0xff, 0xff,
    0xf8, 0x3, 0xff, 0xf4, 0x2f, 0xff, 0x20, 0x9f,
    0xfe, 0x40, 0x18, 0xff, 0xf2, 0xc, 0xff, 0x95,
    0xff, 0xe0, 0xf, 0xff, 0x20, 0x0, 0x9, 0xff,
    0x70, 0x7f, 0xfc, 0x7f, 0xfb, 0x3, 0xff, 0x90,
    0x0, 0x0, 0x13, 0x31, 0x4, 0xff, 0xe8, 0xff,
    0xa0, 0x5f, 0xf7, 0x0, 0x0, 0x0, 0x0, 0x0,
    0x3f, 0xff, 0x7f, 0xfb, 0x3, 0xff, 0xa0, 0x0,
    0x0, 0x13, 0x31, 0x4, 0xff, 0xe5, 0xff, 0xd0,
    0xf, 0xff, 0x20, 0x0, 0xb, 0xff, 0x50, 0x7f,
    0xfc, 0x2f, 0xff, 0x20, 0x9f, 0xfe, 0x40, 0x19,
    0xff, 0xf0, 0xc, 0xff, 0x90, 0xdf, 0xfa, 0x1,
    0xef, 0xff, 0xff, 0xff, 0xf6, 0x3, 0xff, 0xf4,
    0x6, 0xff, 0xf4, 0x2, 0xdf, 0xff, 0xff, 0xf8,
    0x0, 0xdf, 0xfd, 0x0, 0xd, 0xff, 0xf3, 0x0,
    0x6b, 0xdd, 0xa3, 0x0, 0xbf, 0xff, 0x40, 0x0,
    0x3f, 0xff, 0xf7, 0x0, 0x0, 0x0, 0x3, 0xdf,
    0xff, 0xa0, 0x0, 0x0, 0x5f, 0xff, 0xfe, 0x95,
    0x44, 0x7c, 0xff, 0xff, 0xb0, 0x0, 0x0, 0x0,
    0x5f, 0xff, 0xff, 0xff, 0xff, 0xff, 0xff, 0xa0,
    0x0, 0x0, 0x0, 0x0, 0x2a, 0xff, 0xff, 0xff,
    0xff, 0xfe, 0x50, 0x0, 0x0, 0x0, 0x0, 0x0,
    0x2, 0x8c, 0xef, 0xfd, 0xa5, 0x0, 0x0, 0x0,
    0x0,

    /* U+00AA "ª" */
    0x0, 0x3, 0xae, 0xff, 0xc7, 0x10, 0x0, 0x7,
    0xff, 0xff, 0xff, 0xfe, 0x20, 0x5, 0xff, 0xfa,
    0x67, 0xdf, 0xfc, 0x0, 0x59, 0xc6, 0x0, 0x1,
    0xff, 0xf2, 0x0, 0x0, 0x0, 0x0, 0x1f, 0xff,
    0x30, 0x0, 0x26, 0x9b, 0xcf, 0xff, 0xf3, 0x1,
    0xbf, 0xff, 0xff, 0xff, 0xff, 0x30, 0xbf, 0xfe,
    0x96, 0x30, 0xef, 0xf3, 0x1f, 0xff, 0x20, 0x0,
    0xe, 0xff, 0x31, 0xff, 0xf0, 0x0, 0x5, 0xff,
    0xf3, 0xe, 0xff, 0xb5, 0x59, 0xff, 0xff, 0x30,
    0x5f, 0xff, 0xff, 0xfc, 0xcf, 0xf3, 0x0, 0x4b,
    0xff, 0xd8, 0xc, 0xff, 0x30,

    /* U+00AB "«" */
    0x0, 0x0, 0x3, 0xff, 0xfd, 0x10, 0x9f, 0xff,
    0x80, 0x0, 0x1, 0xef, 0xff, 0x20, 0x7f, 0xff,
    0xb0, 0x0, 0x0, 0xcf, 0xff, 0x50, 0x4f, 0xff,
    0xd0, 0x0, 0x0, 0xaf, 0xff, 0x80, 0x2f, 0xff,
    0xe2, 0x0, 0x0, 0x7f, 0xff, 0xa0, 0x1d, 0xff,
    0xf4, 0x0, 0x0, 0x5f, 0xff, 0xd0, 0xb, 0xff,
    0xf7, 0x0, 0x0, 0x3f, 0xff, 0xe2, 0x9, 0xff,
    0xfa, 0x0, 0x0, 0x4, 0xff, 0xfd, 0x10, 0xbf,
    0xff, 0x70, 0x0, 0x0, 0x7, 0xff, 0xfb, 0x1,
    0xdf, 0xff, 0x40, 0x0, 0x0, 0xa, 0xff, 0xf8,
    0x2, 0xff, 0xff, 0x20, 0x0, 0x0, 0xc, 0xff,
    0xf5, 0x4, 0xff, 0xfd, 0x10, 0x0, 0x0, 0x1e,
    0xff, 0xf3, 0x6, 0xff, 0xfb, 0x0, 0x0, 0x0,
    0x3f, 0xff, 0xe1, 0x9, 0xff, 0xf8, 0x0, 0x0,
    0x0, 0x5f, 0xff, 0xc0, 0xc, 0xff, 0xf5, 0x0,
    0x0, 0x0, 0x23, 0x33, 0x0, 0x3, 0x33, 0x20,

    /* U+00AC "¬" */
    0x23, 0x33, 0x33, 0x33, 0x33, 0x33, 0x30, 0xdf,
    0xff, 0xff, 0xff, 0xff, 0xff, 0xf1, 0xdf, 0xff,
    0xff, 0xff, 0xff, 0xff, 0xf1, 0xdf, 0xff, 0xff,
    0xff, 0xff, 0xff, 0xf1, 0x0, 0x0, 0x0, 0x0,
    0x3, 0xff, 0xf1, 0x0, 0x0, 0x0, 0x0, 0x3,
    0xff, 0xf1, 0x0, 0x0, 0x0, 0x0, 0x3, 0xff,
    0xf1, 0x0, 0x0, 0x0, 0x0, 0x3, 0xff, 0xf1,

    /* U+00AE "®" */
    0x0, 0x0, 0x0, 0x1, 0x33, 0x10, 0x0, 0x0,
    0x0, 0x0, 0x0, 0x7, 0xef, 0xff, 0xfd, 0x70,
    0x0, 0x0, 0x0, 0x3, 0xef, 0xff, 0xff, 0xff,
    0xfd, 0x30, 0x0, 0x0, 0x4f, 0xff, 0x82, 0x0,
    0x38, 0xff, 0xf3, 0x0, 0x1, 0xef, 0xc1, 0x22,
    0x22, 0x0, 0x2d, 0xfe, 0x10, 0xa, 0xfd, 0x11,
    0xff, 0xff, 0xf7, 0x1, 0xef, 0x80, 0x1f, 0xf4,
    0x1, 0xfe, 0x56, 0xef, 0x30, 0x6f, 0xf0, 0x5f,
    0xe0, 0x1, 0xfd, 0x0, 0xaf, 0x60, 0xf, 0xf4,
    0x8f, 0xa0, 0x1, 0xfd, 0x12, 0xef, 0x40, 0xc,
    0xf6, 0x8f, 0xa0, 0x1, 0xff, 0xff, 0xf9, 0x0,
    0xb, 0xf7, 0x7f, 0xb0, 0x1, 0xfe, 0x4b, 0xf7,
    0x0, 0xc, 0xf6, 0x4f, 0xf0, 0x1, 0xfd, 0x2,
    0xfe, 0x0, 0x1f, 0xf3, 0xf, 0xf6, 0x1, 0xfd,
    0x0, 0xbf, 0x60, 0x8f, 0xe0, 0x8, 0xff, 0x20,
    0x21, 0x0, 0x2, 0x13, 0xff, 0x60, 0x0, 0xdf,
    0xe4, 0x0, 0x0, 0x0, 0x5f, 0xfc, 0x0, 0x0,
    0x2e, 0xff, 0xb6, 0x44, 0x6c, 0xff, 0xd1, 0x0,
    0x0, 0x1, 0xbf, 0xff, 0xff, 0xff, 0xfa, 0x10,
    0x0, 0x0, 0x0, 0x4, 0xad, 0xff, 0xd9, 0x30,
    0x0, 0x0,

    /* U+00AF "¯" */
    0x4a, 0xaa, 0xaa, 0xaa, 0x96, 0xff, 0xff, 0xff,
    0xff, 0x6f, 0xff, 0xff, 0xff, 0xf0,

    /* U+00B0 "°" */
    0x0, 0x2, 0x9c, 0xb8, 0x10, 0x0, 0x6, 0xff,
    0xff, 0xfe, 0x30, 0x4, 0xff, 0xff, 0xff, 0xfe,
    0x10, 0xdf, 0xf8, 0x1, 0xbf, 0xf9, 0x1f, 0xfb,
    0x0, 0x0, 0xef, 0xd3, 0xff, 0x80, 0x0, 0xb,
    0xff, 0x2f, 0xfa, 0x0, 0x0, 0xdf, 0xe0, 0xef,
    0xf4, 0x0, 0x8f, 0xfa, 0x6, 0xff, 0xfd, 0xef,
    0xff, 0x30, 0x9, 0xff, 0xff, 0xff, 0x60, 0x0,
    0x5, 0xcf, 0xfb, 0x30, 0x0,

    /* U+00B1 "±" */
    0x0, 0x0, 0x0, 0x8f, 0xfc, 0x0, 0x0, 0x0,
    0x0, 0x0, 0x0, 0x8f, 0xfc, 0x0, 0x0, 0x0,
    0x0, 0x0, 0x0, 0x8f, 0xfc, 0x0, 0x0, 0x0,
    0x0, 0x0, 0x0, 0x8f, 0xfc, 0x0, 0x0, 0x0,
    0x3f, 0xff, 0xff, 0xff, 0xff, 0xff, 0xff, 0xf6,
    0x3f, 0xff, 0xff, 0xff, 0xff, 0xff, 0xff, 0xf6,
    0x3f, 0xff, 0xff, 0xff, 0xff, 0xff, 0xff, 0xf6,
    0x2, 0x22, 0x22, 0xaf, 0xfc, 0x22, 0x22, 0x21,
    0x0, 0x0, 0x0, 0x8f, 0xfc, 0x0, 0x0, 0x0,
    0x0, 0x0, 0x0, 0x8f, 0xfc, 0x0, 0x0, 0x0,
    0x0, 0x0, 0x0, 0x8f, 0xfc, 0x0, 0x0, 0x0,
    0x0, 0x0, 0x0, 0x24, 0x43, 0x0, 0x0, 0x0,
    0x0, 0x0, 0x0, 0x0, 0x0, 0x0, 0x0, 0x0,
    0x3f, 0xff, 0xff, 0xff, 0xff, 0xff, 0xff, 0xf6,
    0x3f, 0xff, 0xff, 0xff, 0xff, 0xff, 0xff, 0xf6,
    0x3f, 0xff, 0xff, 0xff, 0xff, 0xff, 0xff, 0xf6,
    0x4, 0x44, 0x44, 0x44, 0x44, 0x44, 0x44, 0x41,

    /* U+00B2 "²" */
    0x0, 0x4b, 0xef, 0xfc, 0x60, 0x0, 0x8, 0xff,
    0xff, 0xff, 0xfc, 0x0, 0x3f, 0xff, 0xa7, 0x9f,
    0xff, 0x70, 0x7f, 0xf9, 0x0, 0x7, 0xff, 0xc0,
    0x0, 0x0, 0x0, 0x5, 0xff, 0xb0, 0x0, 0x0,
    0x0, 0x1e, 0xff, 0x70, 0x0, 0x0, 0x3, 0xef,
    0xfd, 0x0, 0x0, 0x0, 0x5f, 0xff, 0xd1, 0x0,
    0x0, 0x8, 0xff, 0xf9, 0x0, 0x0, 0x1, 0xbf,
    0xfe, 0x40, 0x0, 0x0, 0x2d, 0xff, 0xfb, 0x99,
    0x99, 0x91, 0x5f, 0xff, 0xff, 0xff, 0xff, 0xf1,
    0x5f, 0xff, 0xff, 0xff, 0xff, 0xf1,

    /* U+00B3 "³" */
    0x0, 0x18, 0xdf, 0xfd, 0x70, 0x0, 0x3, 0xef,
    0xff, 0xff, 0xfd, 0x10, 0xe, 0xff, 0xd8, 0x9e,
    0xff, 0xa0, 0x3f, 0xfe, 0x0, 0x3, 0xff, 0xe0,
    0x1, 0x10, 0x0, 0x1, 0xff, 0xe0, 0x0, 0x0,
    0x0, 0x2b, 0xff, 0x80, 0x0, 0x0, 0xaf, 0xff,
    0xc6, 0x0, 0x0, 0x0, 0xaf, 0xff, 0xfc, 0x50,
    0x0, 0x0, 0x0, 0x5, 0xff, 0xf4, 0x59, 0x97,
    0x0, 0x0, 0xef, 0xf8, 0x4f, 0xff, 0xc9, 0x9e,
    0xff, 0xf5, 0x8, 0xff, 0xff, 0xff, 0xff, 0x90,
    0x0, 0x3a, 0xef, 0xfe, 0xa4, 0x0,

    /* U+00B4 "´" */
    0x0, 0x59, 0x99, 0x0, 0xe, 0xff, 0x80, 0x6,
    0xff, 0xd0, 0x0, 0xdf, 0xf3, 0x0, 0x4f, 0xf9,
    0x0, 0x0,

    /* U+00B5 "µ" */
    0xff, 0xfd, 0x0, 0x0, 0x0, 0x7f, 0xff, 0x50,
    0xf, 0xff, 0xd0, 0x0, 0x0, 0x7, 0xff, 0xf5,
    0x0, 0xff, 0xfd, 0x0, 0x0, 0x0, 0x7f, 0xff,
    0x50, 0xf, 0xff, 0xd0, 0x0, 0x0, 0x7, 0xff,
    0xf5, 0x0, 0xff, 0xfd, 0x0, 0x0, 0x0, 0x7f,
    0xff, 0x50, 0xf, 0xff, 0xd0, 0x0, 0x0, 0x7,
    0xff, 0xf5, 0x0, 0xff, 0xfd, 0x0, 0x0, 0x0,
    0x7f, 0xff, 0x50, 0xf, 0xff, 0xd0, 0x0, 0x0,
    0x7, 0xff, 0xf5, 0x0, 0xff, 0xfd, 0x0, 0x0,
    0x0, 0x7f, 0xff, 0x50, 0xf, 0xff, 0xd0, 0x0,
    0x0, 0x7, 0xff, 0xf5, 0x0, 0xff, 0xfd, 0x0,
    0x0, 0x0, 0x7f, 0xff, 0x50, 0xf, 0xff, 0xf0,
    0x0, 0x0, 0x9, 0xff, 0xf5, 0x0, 0xff, 0xff,
    0x60, 0x0, 0x1, 0xef, 0xff, 0x50, 0xf, 0xff,
    0xff, 0x61, 0x3, 0xcf, 0xff, 0xf9, 0x0, 0xff,
    0xff, 0xff, 0xff, 0xff, 0xdf, 0xff, 0xff, 0x4f,
    0xff, 0xda, 0xff, 0xff, 0xf3, 0x8f, 0xff, 0xf4,
    0xff, 0xfd, 0x7, 0xef, 0xc3, 0x0, 0x7d, 0xff,
    0x4f, 0xff, 0xd0, 0x0, 0x0, 0x0, 0x0, 0x0,
    0x0, 0xff, 0xfd, 0x0, 0x0, 0x0, 0x0, 0x0,
    0x0, 0xf, 0xff, 0xd0, 0x0, 0x0, 0x0, 0x0,
    0x0, 0x0, 0xff, 0xfd, 0x0, 0x0, 0x0, 0x0,
    0x0, 0x0, 0xf, 0xff, 0xd0, 0x0, 0x0, 0x0,
    0x0, 0x0, 0x0, 0xff, 0xfd, 0x0, 0x0, 0x0,
    0x0, 0x0, 0x0, 0x0,

    /* U+00B6 "¶" */
    0x0, 0x1, 0x7c, 0xef, 0xff, 0xff, 0xff, 0xd0,
    0x4, 0xef, 0xff, 0xff, 0xff, 0xff, 0xfd, 0x4,
    0xff, 0xff, 0xff, 0xff, 0xff, 0xff, 0xd0, 0xef,
    0xff, 0xff, 0xfe, 0x22, 0x8f, 0xfd, 0x5f, 0xff,
    0xff, 0xff, 0xe0, 0x7, 0xff, 0xd9, 0xff, 0xff,
    0xff, 0xfe, 0x0, 0x7f, 0xfd, 0xaf, 0xff, 0xff,
    0xff, 0xe0, 0x7, 0xff, 0xda, 0xff, 0xff, 0xff,
    0xfe, 0x0, 0x7f, 0xfd, 0x8f, 0xff, 0xff, 0xff,
    0xe0, 0x7, 0xff, 0xd4, 0xff, 0xff, 0xff, 0xfe,
    0x0, 0x7f, 0xfd, 0xd, 0xff, 0xff, 0xff, 0xe0,
    0x7, 0xff, 0xd0, 0x3f, 0xff, 0xff, 0xfe, 0x0,
    0x7f, 0xfd, 0x0, 0x3d, 0xff, 0xff, 0xe0, 0x7,
    0xff, 0xd0, 0x0, 0x5, 0xac, 0xdc, 0x0, 0x7f,
    0xfd, 0x0, 0x0, 0x0, 0x0, 0x0, 0x7, 0xff,
    0xd0, 0x0, 0x0, 0x0, 0x0, 0x0, 0x7f, 0xfd,
    0x0, 0x0, 0x0, 0x0, 0x0, 0x7, 0xff, 0xd0,
    0x0, 0x0, 0x0, 0x0, 0x0, 0x7f, 0xfd, 0x0,
    0x0, 0x0, 0x0, 0x0, 0x7, 0xff, 0xd0, 0x0,
    0x0, 0x0, 0x0, 0x0, 0x7f, 0xfd, 0x0, 0x0,
    0x0, 0x0, 0x0, 0x7, 0xff, 0xd0, 0x0, 0x0,
    0x0, 0x0, 0x0, 0x7f, 0xfd,

    /* U+00B7 "·" */
    0x6, 0xca, 0x20, 0x4f, 0xff, 0xd0, 0x8f, 0xff,
    0xf1, 0x6f, 0xff, 0xe0, 0x9, 0xfd, 0x40,

    /* U+00B8 "¸" */
    0xf, 0xa0, 0x0, 0x2f, 0xa0, 0x0, 0x4f, 0xfe,
    0x80, 0x25, 0x6f, 0xf5, 0x0, 0xd, 0xf7, 0xab,
    0xcf, 0xf4, 0xff, 0xfd, 0x70,

    /* U+00B9 "¹" */
    0x0, 0x4e, 0xff, 0xf1, 0xaf, 0xff, 0xff, 0x7f,
    0xff, 0xff, 0xf7, 0xf9, 0x3f, 0xff, 0x43, 0x2,
    0xff, 0xf0, 0x0, 0x2f, 0xff, 0x0, 0x2, 0xff,
    0xf0, 0x0, 0x2f, 0xff, 0x0, 0x2, 0xff, 0xf0,
    0x0, 0x2f, 0xff, 0x0, 0x2, 0xff, 0xf0, 0x0,
    0x2f, 0xff, 0x0, 0x2, 0xff, 0xf0,

    /* U+00BA "º" */
    0x0, 0x6, 0xcf, 0xfe, 0xa3, 0x0, 0x0, 0x1d,
    0xff, 0xff, 0xff, 0xf9, 0x0, 0xd, 0xff, 0xfa,
    0x9c, 0xff, 0xf7, 0x6, 0xff, 0xf3, 0x0, 0x8,
    0xff, 0xf0, 0xbf, 0xf9, 0x0, 0x0, 0xe, 0xff,
    0x5e, 0xff, 0x40, 0x0, 0x0, 0xaf, 0xf8, 0xff,
    0xf3, 0x0, 0x0, 0x9, 0xff, 0x9e, 0xff, 0x40,
    0x0, 0x0, 0xaf, 0xf8, 0xbf, 0xf9, 0x0, 0x0,
    0xe, 0xff, 0x56, 0xff, 0xf3, 0x0, 0x8, 0xff,
    0xf0, 0xc, 0xff, 0xfa, 0x9c, 0xff, 0xf7, 0x0,
    0x1d, 0xff, 0xff, 0xff, 0xf9, 0x0, 0x0, 0x6,
    0xcf, 0xfe, 0xa3, 0x0, 0x0,

    /* U+00BB "»" */
    0x7f, 0xff, 0xa0, 0x1d, 0xff, 0xf3, 0x0, 0x0,
    0x0, 0xaf, 0xff, 0x70, 0x2f, 0xff, 0xe1, 0x0,
    0x0, 0x0, 0xdf, 0xff, 0x40, 0x4f, 0xff, 0xd0,
    0x0, 0x0, 0x1, 0xef, 0xff, 0x20, 0x7f, 0xff,
    0xb0, 0x0, 0x0, 0x3, 0xff, 0xfe, 0x10, 0xaf,
    0xff, 0x80, 0x0, 0x0, 0x6, 0xff, 0xfc, 0x0,
    0xcf, 0xff, 0x50, 0x0, 0x0, 0x9, 0xff, 0xf9,
    0x1, 0xef, 0xff, 0x30, 0x0, 0x0, 0x7f, 0xff,
    0xc0, 0xd, 0xff, 0xf5, 0x0, 0x0, 0x4f, 0xff,
    0xd1, 0xa, 0xff, 0xf8, 0x0, 0x0, 0x2e, 0xff,
    0xf2, 0x8, 0xff, 0xfa, 0x0, 0x0, 0xd, 0xff,
    0xf4, 0x5, 0xff, 0xfc, 0x0, 0x0, 0xb, 0xff,
    0xf7, 0x2, 0xff, 0xfe, 0x10, 0x0, 0x8, 0xff,
    0xfa, 0x1, 0xdf, 0xff, 0x30, 0x0, 0x5, 0xff,
    0xfc, 0x0, 0xcf, 0xff, 0x50, 0x0, 0x0, 0x23,
    0x33, 0x0, 0x3, 0x33, 0x20, 0x0, 0x0, 0x0,

    /* U+00BC "¼" */
    0x0, 0x35, 0x54, 0x0, 0x0, 0x0, 0x0, 0x0,
    0x5, 0x54, 0x0, 0x0, 0x8f, 0xff, 0xc0, 0x0,
    0x0, 0x0, 0x0, 0x9, 0xff, 0x40, 0x0, 0xaf,
    0xff, 0xfc, 0x0, 0x0, 0x0, 0x0, 0x4, 0xff,
    0x90, 0x0, 0xd, 0xf5, 0xff, 0xc0, 0x0, 0x0,
    0x0, 0x1, 0xef, 0xd0, 0x0, 0x0, 0xb2, 0xf,
    0xfc, 0x0, 0x0, 0x0, 0x0, 0xaf, 0xf3, 0x0,
    0x0, 0x0, 0x0, 0xff, 0xc0, 0x0, 0x0, 0x0,
    0x5f, 0xf8, 0x0, 0x0, 0x0, 0x0, 0xf, 0xfc,
    0x0, 0x0, 0x0, 0x1e, 0xfd, 0x0, 0x0, 0x0,
    0x0, 0x0, 0xff, 0xc0, 0x0, 0x0, 0xb, 0xff,
    0x20, 0x0, 0x0, 0x0, 0x0, 0xf, 0xfc, 0x0,
    0x0, 0x6, 0xff, 0x70, 0x0, 0x0, 0x0, 0x0,
    0x0, 0xff, 0xc0, 0x0, 0x2, 0xff, 0xc0, 0x0,
    0x0, 0x0, 0x0, 0x0, 0xf, 0xfc, 0x0, 0x0,
    0xcf, 0xf2, 0x0, 0x0, 0x45, 0x42, 0x0, 0x0,
    0xff, 0xc0, 0x0, 0x7f, 0xf6, 0x0, 0x0, 0x7f,
    0xff, 0x70, 0x0, 0xf, 0xfc, 0x0, 0x2f, 0xfb,
    0x0, 0x0, 0x1f, 0xff, 0xf7, 0x0, 0x0, 0x0,
    0x0, 0xc, 0xfe, 0x10, 0x0, 0xa, 0xff, 0xff,
    0x70, 0x0, 0x0, 0x0, 0x8, 0xff, 0x50, 0x0,
    0x4, 0xff, 0x8f, 0xf7, 0x0, 0x0, 0x0, 0x3,
    0xff, 0xa0, 0x0, 0x0, 0xdf, 0xd2, 0xff, 0x70,
    0x0, 0x0, 0x0, 0xdf, 0xe1, 0x0, 0x0, 0x6f,
    0xf4, 0x1f, 0xf7, 0x0, 0x0, 0x0, 0x9f, 0xf4,
    0x0, 0x0, 0x1e, 0xfb, 0x1, 0xff, 0x70, 0x0,
    0x0, 0x4f, 0xf9, 0x0, 0x0, 0x9, 0xff, 0x86,
    0x7f, 0xfa, 0x50, 0x0, 0xe, 0xfd, 0x0, 0x0,
    0x0, 0xcf, 0xff, 0xff, 0xff, 0xfe, 0x0, 0xa,
    0xff, 0x30, 0x0, 0x0, 0xc, 0xff, 0xff, 0xff,
    0xff, 0xe0, 0x5, 0xff, 0x80, 0x0, 0x0, 0x0,
    0x0, 0x0, 0x3, 0xff, 0x70, 0x0, 0x68, 0x70,
    0x0, 0x0, 0x0, 0x0, 0x0, 0x0, 0x18, 0x83,
    0x0,

    /* U+00BD "½" */
    0x0, 0x35, 0x54, 0x0, 0x0, 0x0, 0x0, 0x0,
    0x5, 0x54, 0x0, 0x0, 0x7, 0xff, 0xfc, 0x0,
    0x0, 0x0, 0x0, 0x0, 0x9f, 0xf4, 0x0, 0x0,
    0xaf, 0xff, 0xfc, 0x0, 0x0, 0x0, 0x0, 0x4,
    0xff, 0x90, 0x0, 0x0, 0xdf, 0x6f, 0xfc, 0x0,
    0x0, 0x0, 0x0, 0xd, 0xfe, 0x0, 0x0, 0x0,
    0xb3, 0xf, 0xfc, 0x0, 0x0, 0x0, 0x0, 0x9f,
    0xf4, 0x0, 0x0, 0x0, 0x0, 0xf, 0xfc, 0x0,
    0x0, 0x0, 0x4, 0xff, 0x90, 0x0, 0x0, 0x0,
    0x0, 0xf, 0xfc, 0x0, 0x0, 0x0, 0xe, 0xfe,
    0x0, 0x0, 0x0, 0x0, 0x0, 0xf, 0xfc, 0x0,
    0x0, 0x0, 0x9f, 0xf4, 0x0, 0x0, 0x0, 0x0,
    0x0, 0xf, 0xfc, 0x0, 0x0, 0x4, 0xff, 0x90,
    0x0, 0x0, 0x0, 0x0, 0x0, 0xf, 0xfc, 0x0,
    0x0, 0xe, 0xfd, 0x0, 0x0, 0x0, 0x0, 0x0,
    0x0, 0xf, 0xfc, 0x0, 0x0, 0x9f, 0xf4, 0x0,
    0x0, 0x23, 0x10, 0x0, 0x0, 0xf, 0xfc, 0x0,
    0x4, 0xff, 0x90, 0x0, 0x6e, 0xff, 0xfd, 0x40,
    0x0, 0xf, 0xfc, 0x0, 0x1e, 0xfd, 0x0, 0x5,
    0xff, 0xff, 0xff, 0xf3, 0x0, 0x0, 0x0, 0x0,
    0xaf, 0xf3, 0x0, 0xc, 0xff, 0x30, 0x6f, 0xfa,
    0x0, 0x0, 0x0, 0x4, 0xff, 0x90, 0x0, 0x2,
    0x32, 0x0, 0xf, 0xfb, 0x0, 0x0, 0x0, 0x1e,
    0xfd, 0x0, 0x0, 0x0, 0x0, 0x0, 0x4f, 0xf7,
    0x0, 0x0, 0x0, 0xaf, 0xf3, 0x0, 0x0, 0x0,
    0x0, 0x2, 0xef, 0xd0, 0x0, 0x0, 0x5, 0xff,
    0x80, 0x0, 0x0, 0x0, 0x0, 0x2e, 0xff, 0x20,
    0x0, 0x0, 0x1e, 0xfd, 0x0, 0x0, 0x0, 0x0,
    0x2, 0xef, 0xf3, 0x0, 0x0, 0x0, 0xaf, 0xf3,
    0x0, 0x0, 0x0, 0x0, 0x2e, 0xff, 0x40, 0x0,
    0x0, 0x5, 0xff, 0x80, 0x0, 0x0, 0x0, 0x3,
    0xef, 0xfa, 0x66, 0x65, 0x0, 0x1e, 0xfd, 0x0,
    0x0, 0x0, 0x0, 0xa, 0xff, 0xff, 0xff, 0xfe,
    0x0, 0xaf, 0xf3, 0x0, 0x0, 0x0, 0x0, 0xa,
    0xff, 0xff, 0xff, 0xfe,

    /* U+00BE "¾" */
    0x0, 0x7d, 0xff, 0xc4, 0x0, 0x0, 0x0, 0x0,
    0x0, 0x1f, 0xfc, 0x0, 0x0, 0xc, 0xff, 0xff,
    0xff, 0x50, 0x0, 0x0, 0x0, 0x0, 0xbf, 0xf2,
    0x0, 0x0, 0x6f, 0xfb, 0x56, 0xff, 0xd0, 0x0,
    0x0, 0x0, 0x6, 0xff, 0x70, 0x0, 0x0, 0x24,
    0x40, 0x0, 0xbf, 0xf0, 0x0, 0x0, 0x0, 0x1f,
    0xfc, 0x0, 0x0, 0x0, 0x0, 0x0, 0x3, 0xff,
    0xc0, 0x0, 0x0, 0x0, 0xbf, 0xf2, 0x0, 0x0,
    0x0, 0x0, 0xa, 0xff, 0xfb, 0x10, 0x0, 0x0,
    0x6, 0xff, 0x70, 0x0, 0x0, 0x0, 0x0, 0xa,
    0xff, 0xfc, 0x40, 0x0, 0x0, 0x1f, 0xfc, 0x0,
    0x0, 0x0, 0x0, 0x0, 0x0, 0x14, 0xef, 0xf2,
    0x0, 0x0, 0xbf, 0xf2, 0x0, 0x0, 0x0, 0x0,
    0x0, 0x0, 0x0, 0x8f, 0xf7, 0x0, 0x6, 0xff,
    0x70, 0x0, 0x0, 0x0, 0x0, 0x12, 0x20, 0x0,
    0x7f, 0xf7, 0x0, 0x1f, 0xfc, 0x0, 0x0, 0x0,
    0x0, 0x0, 0xaf, 0xf9, 0x35, 0xef, 0xf4, 0x0,
    0xbf, 0xf2, 0x0, 0x0, 0x24, 0x32, 0x0, 0x3f,
    0xff, 0xff, 0xff, 0xb0, 0x6, 0xff, 0x70, 0x0,
    0x2, 0xff, 0xfb, 0x0, 0x3, 0xbf, 0xff, 0xe8,
    0x0, 0x1f, 0xfc, 0x0, 0x0, 0xc, 0xff, 0xfb,
    0x0, 0x0, 0x0, 0x22, 0x0, 0x0, 0xbf, 0xf2,
    0x0, 0x0, 0x5f, 0xff, 0xfb, 0x0, 0x0, 0x0,
    0x0, 0x0, 0x6, 0xff, 0x70, 0x0, 0x0, 0xef,
    0xbd, 0xfb, 0x0, 0x0, 0x0, 0x0, 0x0, 0x1f,
    0xfc, 0x0, 0x0, 0x8, 0xff, 0x2d, 0xfb, 0x0,
    0x0, 0x0, 0x0, 0x0, 0xbf, 0xf2, 0x0, 0x0,
    0x2f, 0xf8, 0xd, 0xfb, 0x0, 0x0, 0x0, 0x0,
    0x6, 0xff, 0x70, 0x0, 0x0, 0xbf, 0xe0, 0xd,
    0xfb, 0x0, 0x0, 0x0, 0x0, 0x1f, 0xfc, 0x0,
    0x0, 0x4, 0xff, 0xa6, 0x6e, 0xfd, 0x60, 0x0,
    0x0, 0x0, 0xbf, 0xf2, 0x0, 0x0, 0x7, 0xff,
    0xff, 0xff, 0xff, 0xf2, 0x0, 0x0, 0x6, 0xff,
    0x70, 0x0, 0x0, 0x7, 0xff, 0xff, 0xff, 0xff,
    0xf2, 0x0, 0x0, 0x1f, 0xfc, 0x0, 0x0, 0x0,
    0x0, 0x0, 0x0, 0xe, 0xfb, 0x0, 0x0, 0x0,
    0x48, 0x82, 0x0, 0x0, 0x0, 0x0, 0x0, 0x0,
    0x7, 0x85, 0x0,

    /* U+00BF "¿" */
    0x0, 0x0, 0x0, 0x9f, 0xe5, 0x0, 0x0, 0x0,
    0x0, 0x0, 0x6f, 0xff, 0xf1, 0x0, 0x0, 0x0,
    0x0, 0x8, 0xff, 0xff, 0x30, 0x0, 0x0, 0x0,
    0x0, 0x3f, 0xff, 0xe0, 0x0, 0x0, 0x0, 0x0,
    0x0, 0x5b, 0xa2, 0x0, 0x0, 0x0, 0x0, 0x0,
    0x0, 0x0, 0x0, 0x0, 0x0, 0x0, 0x0, 0x0,
    0x0, 0x0, 0x0, 0x0, 0x0, 0x0, 0x0, 0xc,
    0xee, 0x90, 0x0, 0x0, 0x0, 0x0, 0x0, 0xff,
    0xf9, 0x0, 0x0, 0x0, 0x0, 0x0, 0x3f, 0xff,
    0x70, 0x0, 0x0, 0x0, 0x0, 0x1d, 0xff, 0xf4,
    0x0, 0x0, 0x0, 0x0, 0x4e, 0xff, 0xfc, 0x0,
    0x0, 0x0, 0x0, 0x8f, 0xff, 0xfd, 0x10, 0x0,
    0x0, 0x0, 0x7f, 0xff, 0xf9, 0x0, 0x0, 0x0,
    0x0, 0x1f, 0xff, 0xf6, 0x0, 0x0, 0x0, 0x0,
    0x6, 0xff, 0xfa, 0x0, 0x0, 0x0, 0x0, 0x0,
    0x8f, 0xff, 0x60, 0x0, 0x0, 0x24, 0x44, 0x8,
    0xff, 0xf6, 0x0, 0x0, 0xb, 0xff, 0xf1, 0x6f,
    0xff, 0xc0, 0x0, 0x3, 0xff, 0xfe, 0x1, 0xff,
    0xff, 0xc5, 0x37, 0xef, 0xff, 0x80, 0x7, 0xff,
    0xff, 0xff, 0xff, 0xff, 0xd1, 0x0, 0x7, 0xff,
    0xff, 0xff, 0xff, 0xd2, 0x0, 0x0, 0x2, 0x9d,
    0xff, 0xeb, 0x50, 0x0, 0x0,

    /* U+00C0 "À" */
    0x0, 0x0, 0x0, 0x2f, 0xff, 0x80, 0x0, 0x0,
    0x0, 0x0, 0x0, 0x0, 0x0, 0x0, 0x7, 0xff,
    0xe0, 0x0, 0x0, 0x0, 0x0, 0x0, 0x0, 0x0,
    0x0, 0x0, 0xcf, 0xf6, 0x0, 0x0, 0x0, 0x0,
    0x0, 0x0, 0x0, 0x0, 0x0, 0x3f, 0xfd, 0x0,
    0x0, 0x0, 0x0, 0x0, 0x0, 0x0, 0x0, 0x0,
    0x6, 0x99, 0x10, 0x0, 0x0, 0x0, 0x0, 0x0,
    0x0, 0x0, 0x0, 0x0, 0x0, 0x0, 0x0, 0x0,
    0x0, 0x0, 0x0, 0x0, 0x0, 0x0, 0x0, 0x0,
    0x0, 0x0, 0x0, 0x0, 0x0, 0x0, 0x0, 0x0,
    0x0, 0xdf, 0xff, 0xf7, 0x0, 0x0, 0x0, 0x0,
    0x0, 0x0, 0x0, 0x2, 0xff, 0xff, 0xfd, 0x0,
    0x0, 0x0, 0x0, 0x0, 0x0, 0x0, 0x8, 0xff,
    0xff, 0xff, 0x30, 0x0, 0x0, 0x0, 0x0, 0x0,
    0x0, 0xd, 0xff, 0xbf, 0xff, 0x80, 0x0, 0x0,
    0x0, 0x0, 0x0, 0x0, 0x3f, 0xff, 0x6c, 0xff,
    0xe0, 0x0, 0x0, 0x0, 0x0, 0x0, 0x0, 0x8f,
    0xff, 0x28, 0xff, 0xf4, 0x0, 0x0, 0x0, 0x0,
    0x0, 0x0, 0xef, 0xfe, 0x4, 0xff, 0xf9, 0x0,
    0x0, 0x0, 0x0, 0x0, 0x4, 0xff, 0xfa, 0x0,
    0xff, 0xff, 0x0, 0x0, 0x0, 0x0, 0x0, 0x9,
    0xff, 0xf5, 0x0, 0xbf, 0xff, 0x50, 0x0, 0x0,
    0x0, 0x0, 0xe, 0xff, 0xf1, 0x0, 0x6f, 0xff,
    0xa0, 0x0, 0x0, 0x0, 0x0, 0x4f, 0xff, 0xc0,
    0x0, 0x1f, 0xff, 0xf1, 0x0, 0x0, 0x0, 0x0,
    0xaf, 0xff, 0x70, 0x0, 0xb, 0xff, 0xf6, 0x0,
    0x0, 0x0, 0x0, 0xff, 0xff, 0x20, 0x0, 0x6,
    0xff, 0xfb, 0x0, 0x0, 0x0, 0x5, 0xff, 0xff,
    0xff, 0xff, 0xff, 0xff, 0xff, 0x10, 0x0, 0x0,
    0xa, 0xff, 0xff, 0xff, 0xff, 0xff, 0xff, 0xff,
    0x70, 0x0, 0x0, 0xf, 0xff, 0xff, 0xff, 0xff,
    0xff, 0xff, 0xff, 0xc0, 0x0, 0x0, 0x5f, 0xff,
    0xd3, 0x33, 0x33, 0x33, 0x4f, 0xff, 0xf2, 0x0,
    0x0, 0xbf, 0xff, 0x70, 0x0, 0x0, 0x0, 0xb,
    0xff, 0xf8, 0x0, 0x1, 0xff, 0xff, 0x20, 0x0,
    0x0, 0x0, 0x6, 0xff, 0xfd, 0x0, 0x6, 0xff,
    0xfd, 0x0, 0x0, 0x0, 0x0, 0x0, 0xff, 0xff,
    0x30, 0xc, 0xff, 0xf8, 0x0, 0x0, 0x0, 0x0,
    0x0, 0xbf, 0xff, 0x90, 0x1f, 0xff, 0xf2, 0x0,
    0x0, 0x0, 0x0, 0x0, 0x5f, 0xff, 0xe0,

    /* U+00C1 "Á" */
    0x0, 0x0, 0x0, 0x0, 0x0, 0xb, 0xff, 0xd0,
    0x0, 0x0, 0x0, 0x0, 0x0, 0x0, 0x0, 0x0,
    0x2f, 0xff, 0x30, 0x0, 0x0, 0x0, 0x0, 0x0,
    0x0, 0x0, 0x0, 0x9f, 0xf9, 0x0, 0x0, 0x0,
    0x0, 0x0, 0x0, 0x0, 0x0, 0x1, 0xff, 0xe0,
    0x0, 0x0, 0x0, 0x0, 0x0, 0x0, 0x0, 0x0,
    0x4, 0x99, 0x30, 0x0, 0x0, 0x0, 0x0, 0x0,
    0x0, 0x0, 0x0, 0x0, 0x0, 0x0, 0x0, 0x0,
    0x0, 0x0, 0x0, 0x0, 0x0, 0x0, 0x0, 0x0,
    0x0, 0x0, 0x0, 0x0, 0x0, 0x0, 0x0, 0x0,
    0x0, 0xdf, 0xff, 0xf7, 0x0, 0x0, 0x0, 0x0,
    0x0, 0x0, 0x0, 0x2, 0xff, 0xff, 0xfd, 0x0,
    0x0, 0x0, 0x0, 0x0, 0x0, 0x0, 0x8, 0xff,
    0xff, 0xff, 0x30, 0x0, 0x0, 0x0, 0x0, 0x0,
    0x0, 0xd, 0xff, 0xbf, 0xff, 0x80, 0x0, 0x0,
    0x0, 0x0, 0x0, 0x0, 0x3f, 0xff, 0x6c, 0xff,
    0xe0, 0x0, 0x0, 0x0, 0x0, 0x0, 0x0, 0x8f,
    0xff, 0x28, 0xff, 0xf4, 0x0, 0x0, 0x0, 0x0,
    0x0, 0x0, 0xef, 0xfe, 0x4, 0xff, 0xf9, 0x0,
    0x0, 0x0, 0x0, 0x0, 0x4, 0xff, 0xfa, 0x0,
    0xff, 0xff, 0x0, 0x0, 0x0, 0x0, 0x0, 0x9,
    0xff, 0xf5, 0x0, 0xbf, 0xff, 0x50, 0x0, 0x0,
    0x0, 0x0, 0xe, 0xff, 0xf1, 0x0, 0x6f, 0xff,
    0xa0, 0x0, 0x0, 0x0, 0x0, 0x4f, 0xff, 0xc0,
    0x0, 0x1f, 0xff, 0xf1, 0x0, 0x0, 0x0, 0x0,
    0xaf, 0xff, 0x70, 0x0, 0xb, 0xff, 0xf6, 0x0,
    0x0, 0x0, 0x0, 0xff, 0xff, 0x20, 0x0, 0x6,
    0xff, 0xfb, 0x0, 0x0, 0x0, 0x5, 0xff, 0xff,
    0xff, 0xff, 0xff, 0xff, 0xff, 0x10, 0x0, 0x0,
    0xa, 0xff, 0xff, 0xff, 0xff, 0xff, 0xff, 0xff,
    0x70, 0x0, 0x0, 0xf, 0xff, 0xff, 0xff, 0xff,
    0xff, 0xff, 0xff, 0xc0, 0x0, 0x0, 0x5f, 0xff,
    0xd3, 0x33, 0x33, 0x33, 0x4f, 0xff, 0xf2, 0x0,
    0x0, 0xbf, 0xff, 0x70, 0x0, 0x0, 0x0, 0xb,
    0xff, 0xf8, 0x0, 0x1, 0xff, 0xff, 0x20, 0x0,
    0x0, 0x0, 0x6, 0xff, 0xfd, 0x0, 0x6, 0xff,
    0xfd, 0x0, 0x0, 0x0, 0x0, 0x0, 0xff, 0xff,
    0x30, 0xc, 0xff, 0xf8, 0x0, 0x0, 0x0, 0x0,
    0x0, 0xbf, 0xff, 0x90, 0x1f, 0xff, 0xf2, 0x0,
    0x0, 0x0, 0x0, 0x0, 0x5f, 0xff, 0xe0,

    /* U+00C2 "Â" */
    0x0, 0x0, 0x0, 0x0, 0x2f, 0xff, 0xc0, 0x0,
    0x0, 0x0, 0x0, 0x0, 0x0, 0x0, 0x1, 0xef,
    0xff, 0xfb, 0x0, 0x0, 0x0, 0x0, 0x0, 0x0,
    0x0, 0x1d, 0xff, 0x69, 0xff, 0xa0, 0x0, 0x0,
    0x0, 0x0, 0x0, 0x0, 0xcf, 0xf9, 0x0, 0xcf,
    0xf8, 0x0, 0x0, 0x0, 0x0, 0x0, 0x3, 0x88,
    0x70, 0x0, 0x18, 0x88, 0x10, 0x0, 0x0, 0x0,
    0x0, 0x0, 0x0, 0x0, 0x0, 0x0, 0x0, 0x0,
    0x0, 0x0, 0x0, 0x0, 0x0, 0x0, 0x0, 0x0,
    0x0, 0x0, 0x0, 0x0, 0x0, 0x0, 0x0, 0x0,
    0x0, 0xdf, 0xff, 0xf7, 0x0, 0x0, 0x0, 0x0,
    0x0, 0x0, 0x0, 0x2, 0xff, 0xff, 0xfd, 0x0,
    0x0, 0x0, 0x0, 0x0, 0x0, 0x0, 0x8, 0xff,
    0xff, 0xff, 0x30, 0x0, 0x0, 0x0, 0x0, 0x0,
    0x0, 0xd, 0xff, 0xbf, 0xff, 0x80, 0x0, 0x0,
    0x0, 0x0, 0x0, 0x0, 0x3f, 0xff, 0x6c, 0xff,
    0xe0, 0x0, 0x0, 0x0, 0x0, 0x0, 0x0, 0x8f,
    0xff, 0x28, 0xff, 0xf4, 0x0, 0x0, 0x0, 0x0,
    0x0, 0x0, 0xef, 0xfe, 0x4, 0xff, 0xf9, 0x0,
    0x0, 0x0, 0x0, 0x0, 0x4, 0xff, 0xfa, 0x0,
    0xff, 0xff, 0x0, 0x0, 0x0, 0x0, 0x0, 0x9,
    0xff, 0xf5, 0x0, 0xbf, 0xff, 0x50, 0x0, 0x0,
    0x0, 0x0, 0xe, 0xff, 0xf1, 0x0, 0x6f, 0xff,
    0xa0, 0x0, 0x0, 0x0, 0x0, 0x4f, 0xff, 0xc0,
    0x0, 0x1f, 0xff, 0xf1, 0x0, 0x0, 0x0, 0x0,
    0xaf, 0xff, 0x70, 0x0, 0xb, 0xff, 0xf6, 0x0,
    0x0, 0x0, 0x0, 0xff, 0xff, 0x20, 0x0, 0x6,
    0xff, 0xfb, 0x0, 0x0, 0x0, 0x5, 0xff, 0xff,
    0xff, 0xff, 0xff, 0xff, 0xff, 0x10, 0x0, 0x0,
    0xa, 0xff, 0xff, 0xff, 0xff, 0xff, 0xff, 0xff,
    0x70, 0x0, 0x0, 0xf, 0xff, 0xff, 0xff, 0xff,
    0xff, 0xff, 0xff, 0xc0, 0x0, 0x0, 0x5f, 0xff,
    0xd3, 0x33, 0x33, 0x33, 0x4f, 0xff, 0xf2, 0x0,
    0x0, 0xbf, 0xff, 0x70, 0x0, 0x0, 0x0, 0xb,
    0xff, 0xf8, 0x0, 0x1, 0xff, 0xff, 0x20, 0x0,
    0x0, 0x0, 0x6, 0xff, 0xfd, 0x0, 0x6, 0xff,
    0xfd, 0x0, 0x0, 0x0, 0x0, 0x0, 0xff, 0xff,
    0x30, 0xc, 0xff, 0xf8, 0x0, 0x0, 0x0, 0x0,
    0x0, 0xbf, 0xff, 0x90, 0x1f, 0xff, 0xf2, 0x0,
    0x0, 0x0, 0x0, 0x0, 0x5f, 0xff, 0xe0,

    /* U+00C3 "Ã" */
    0x0, 0x0, 0x0, 0x8, 0xfe, 0x80, 0x8, 0xfa,
    0x0, 0x0, 0x0, 0x0, 0x0, 0x0, 0x5f, 0xff,
    0xfc, 0x6e, 0xf8, 0x0, 0x0, 0x0, 0x0, 0x0,
    0x0, 0xbf, 0xc6, 0xef, 0xff, 0xf2, 0x0, 0x0,
    0x0, 0x0, 0x0, 0x0, 0xef, 0x50, 0x1a, 0xfe,
    0x50, 0x0, 0x0, 0x0, 0x0, 0x0, 0x0, 0x0,
    0x0, 0x0, 0x0, 0x0, 0x0, 0x0, 0x0, 0x0,
    0x0, 0x0, 0x0, 0x0, 0x0, 0x0, 0x0, 0x0,
    0x0, 0x0, 0x0, 0x0, 0x0, 0x0, 0x0, 0x0,
    0x0, 0x0, 0x0, 0x0, 0x0, 0x0, 0x0, 0x0,
    0x0, 0xdf, 0xff, 0xf7, 0x0, 0x0, 0x0, 0x0,
    0x0, 0x0, 0x0, 0x2, 0xff, 0xff, 0xfd, 0x0,
    0x0, 0x0, 0x0, 0x0, 0x0, 0x0, 0x8, 0xff,
    0xff, 0xff, 0x30, 0x0, 0x0, 0x0, 0x0, 0x0,
    0x0, 0xd, 0xff, 0xbf, 0xff, 0x80, 0x0, 0x0,
    0x0, 0x0, 0x0, 0x0, 0x3f, 0xff, 0x6c, 0xff,
    0xe0, 0x0, 0x0, 0x0, 0x0, 0x0, 0x0, 0x8f,
    0xff, 0x28, 0xff, 0xf4, 0x0, 0x0, 0x0, 0x0,
    0x0, 0x0, 0xef, 0xfe, 0x4, 0xff, 0xf9, 0x0,
    0x0, 0x0, 0x0, 0x0, 0x4, 0xff, 0xfa, 0x0,
    0xff, 0xff, 0x0, 0x0, 0x0, 0x0, 0x0, 0x9,
    0xff, 0xf5, 0x0, 0xbf, 0xff, 0x50, 0x0, 0x0,
    0x0, 0x0, 0xe, 0xff, 0xf1, 0x0, 0x6f, 0xff,
    0xa0, 0x0, 0x0, 0x0, 0x0, 0x4f, 0xff, 0xc0,
    0x0, 0x1f, 0xff, 0xf1, 0x0, 0x0, 0x0, 0x0,
    0xaf, 0xff, 0x70, 0x0, 0xb, 0xff, 0xf6, 0x0,
    0x0, 0x0, 0x0, 0xff, 0xff, 0x20, 0x0, 0x6,
    0xff, 0xfb, 0x0, 0x0, 0x0, 0x5, 0xff, 0xff,
    0xff, 0xff, 0xff, 0xff, 0xff, 0x10, 0x0, 0x0,
    0xa, 0xff, 0xff, 0xff, 0xff, 0xff, 0xff, 0xff,
    0x70, 0x0, 0x0, 0xf, 0xff, 0xff, 0xff, 0xff,
    0xff, 0xff, 0xff, 0xc0, 0x0, 0x0, 0x5f, 0xff,
    0xd3, 0x33, 0x33, 0x33, 0x4f, 0xff, 0xf2, 0x0,
    0x0, 0xbf, 0xff, 0x70, 0x0, 0x0, 0x0, 0xb,
    0xff, 0xf8, 0x0, 0x1, 0xff, 0xff, 0x20, 0x0,
    0x0, 0x0, 0x6, 0xff, 0xfd, 0x0, 0x6, 0xff,
    0xfd, 0x0, 0x0, 0x0, 0x0, 0x0, 0xff, 0xff,
    0x30, 0xc, 0xff, 0xf8, 0x0, 0x0, 0x0, 0x0,
    0x0, 0xbf, 0xff, 0x90, 0x1f, 0xff, 0xf2, 0x0,
    0x0, 0x0, 0x0, 0x0, 0x5f, 0xff, 0xe0,

    /* U+00C4 "Ä" */
    0x0, 0x0, 0x0, 0x8f, 0xd2, 0x0, 0x4e, 0xe6,
    0x0, 0x0, 0x0, 0x0, 0x0, 0x3, 0xff, 0xfa,
    0x0, 0xdf, 0xff, 0x0, 0x0, 0x0, 0x0, 0x0,
    0x4, 0xff, 0xfa, 0x0, 0xef, 0xff, 0x0, 0x0,
    0x0, 0x0, 0x0, 0x0, 0xaf, 0xe3, 0x0, 0x5f,
    0xf7, 0x0, 0x0, 0x0, 0x0, 0x0, 0x0, 0x1,
    0x0, 0x0, 0x0, 0x0, 0x0, 0x0, 0x0, 0x0,
    0x0, 0x0, 0x0, 0x0, 0x0, 0x0, 0x0, 0x0,
    0x0, 0x0, 0x0, 0x0, 0x0, 0x0, 0x0, 0x0,
    0x0, 0x0, 0x0, 0x0, 0x0, 0x0, 0x0, 0x0,
    0x0, 0xdf, 0xff, 0xf7, 0x0, 0x0, 0x0, 0x0,
    0x0, 0x0, 0x0, 0x2, 0xff, 0xff, 0xfd, 0x0,
    0x0, 0x0, 0x0, 0x0, 0x0, 0x0, 0x8, 0xff,
    0xff, 0xff, 0x30, 0x0, 0x0, 0x0, 0x0, 0x0,
    0x0, 0xd, 0xff, 0xbf, 0xff, 0x80, 0x0, 0x0,
    0x0, 0x0, 0x0, 0x0, 0x3f, 0xff, 0x6c, 0xff,
    0xe0, 0x0, 0x0, 0x0, 0x0, 0x0, 0x0, 0x8f,
    0xff, 0x28, 0xff, 0xf4, 0x0, 0x0, 0x0, 0x0,
    0x0, 0x0, 0xef, 0xfe, 0x4, 0xff, 0xf9, 0x0,
    0x0, 0x0, 0x0, 0x0, 0x4, 0xff, 0xfa, 0x0,
    0xff, 0xff, 0x0, 0x0, 0x0, 0x0, 0x0, 0x9,
    0xff, 0xf5, 0x0, 0xbf, 0xff, 0x50, 0x0, 0x0,
    0x0, 0x0, 0xe, 0xff, 0xf1, 0x0, 0x6f, 0xff,
    0xa0, 0x0, 0x0, 0x0, 0x0, 0x4f, 0xff, 0xc0,
    0x0, 0x1f, 0xff, 0xf1, 0x0, 0x0, 0x0, 0x0,
    0xaf, 0xff, 0x70, 0x0, 0xb, 0xff, 0xf6, 0x0,
    0x0, 0x0, 0x0, 0xff, 0xff, 0x20, 0x0, 0x6,
    0xff, 0xfb, 0x0, 0x0, 0x0, 0x5, 0xff, 0xff,
    0xff, 0xff, 0xff, 0xff, 0xff, 0x10, 0x0, 0x0,
    0xa, 0xff, 0xff, 0xff, 0xff, 0xff, 0xff, 0xff,
    0x70, 0x0, 0x0, 0xf, 0xff, 0xff, 0xff, 0xff,
    0xff, 0xff, 0xff, 0xc0, 0x0, 0x0, 0x5f, 0xff,
    0xd3, 0x33, 0x33, 0x33, 0x4f, 0xff, 0xf2, 0x0,
    0x0, 0xbf, 0xff, 0x70, 0x0, 0x0, 0x0, 0xb,
    0xff, 0xf8, 0x0, 0x1, 0xff, 0xff, 0x20, 0x0,
    0x0, 0x0, 0x6, 0xff, 0xfd, 0x0, 0x6, 0xff,
    0xfd, 0x0, 0x0, 0x0, 0x0, 0x0, 0xff, 0xff,
    0x30, 0xc, 0xff, 0xf8, 0x0, 0x0, 0x0, 0x0,
    0x0, 0xbf, 0xff, 0x90, 0x1f, 0xff, 0xf2, 0x0,
    0x0, 0x0, 0x0, 0x0, 0x5f, 0xff, 0xe0,

    /* U+00C5 "Å" */
    0x0, 0x0, 0x0, 0x0, 0x3b, 0xee, 0x91, 0x0,
    0x0, 0x0, 0x0, 0x0, 0x0, 0x0, 0x3, 0xff,
    0xff, 0xfe, 0x10, 0x0, 0x0, 0x0, 0x0, 0x0,
    0x0, 0xc, 0xfb, 0x12, 0xdf, 0x90, 0x0, 0x0,
    0x0, 0x0, 0x0, 0x0, 0xf, 0xf3, 0x0, 0x6f,
    0xd0, 0x0, 0x0, 0x0, 0x0, 0x0, 0x0, 0xf,
    0xf3, 0x0, 0x6f, 0xd0, 0x0, 0x0, 0x0, 0x0,
    0x0, 0x0, 0xc, 0xfb, 0x12, 0xdf, 0x90, 0x0,
    0x0, 0x0, 0x0, 0x0, 0x0, 0x3, 0xff, 0xff,
    0xfe, 0x10, 0x0, 0x0, 0x0, 0x0, 0x0, 0x0,
    0x0, 0x3b, 0xee, 0x91, 0x0, 0x0, 0x0, 0x0,
    0x0, 0x0, 0x0, 0x0, 0x0, 0x0, 0x0, 0x0,
    0x0, 0x0, 0x0, 0x0, 0x0, 0x0, 0x0, 0xdf,
    0xff, 0xf7, 0x0, 0x0, 0x0, 0x0, 0x0, 0x0,
    0x0, 0x2, 0xff, 0xff, 0xfd, 0x0, 0x0, 0x0,
    0x0, 0x0, 0x0, 0x0, 0x8, 0xff, 0xff, 0xff,
    0x30, 0x0, 0x0, 0x0, 0x0, 0x0, 0x0, 0xd,
    0xff, 0xbf, 0xff, 0x80, 0x0, 0x0, 0x0, 0x0,
    0x0, 0x0, 0x3f, 0xff, 0x6c, 0xff, 0xe0, 0x0,
    0x0, 0x0, 0x0, 0x0, 0x0, 0x8f, 0xff, 0x28,
    0xff, 0xf4, 0x0, 0x0, 0x0, 0x0, 0x0, 0x0,
    0xef, 0xfe, 0x4, 0xff, 0xf9, 0x0, 0x0, 0x0,
    0x0, 0x0, 0x4, 0xff, 0xfa, 0x0, 0xff, 0xff,
    0x0, 0x0, 0x0, 0x0, 0x0, 0x9, 0xff, 0xf5,
    0x0, 0xbf, 0xff, 0x50, 0x0, 0x0, 0x0, 0x0,
    0xe, 0xff, 0xf1, 0x0, 0x6f, 0xff, 0xa0, 0x0,
    0x0, 0x0, 0x0, 0x4f, 0xff, 0xc0, 0x0, 0x1f,
    0xff, 0xf1, 0x0, 0x0, 0x0, 0x0, 0xaf, 0xff,
    0x70, 0x0, 0xb, 0xff, 0xf6, 0x0, 0x0, 0x0,
    0x0, 0xff, 0xff, 0x20, 0x0, 0x6, 0xff, 0xfb,
    0x0, 0x0, 0x0, 0x5, 0xff, 0xff, 0xff, 0xff,
    0xff, 0xff, 0xff, 0x10, 0x0, 0x0, 0xa, 0xff,
    0xff, 0xff, 0xff, 0xff, 0xff, 0xff, 0x70, 0x0,
    0x0, 0xf, 0xff, 0xff, 0xff, 0xff, 0xff, 0xff,
    0xff, 0xc0, 0x0, 0x0, 0x5f, 0xff, 0xd3, 0x33,
    0x33, 0x33, 0x4f, 0xff, 0xf2, 0x0, 0x0, 0xbf,
    0xff, 0x70, 0x0, 0x0, 0x0, 0xb, 0xff, 0xf8,
    0x0, 0x1, 0xff, 0xff, 0x20, 0x0, 0x0, 0x0,
    0x6, 0xff, 0xfd, 0x0, 0x6, 0xff, 0xfd, 0x0,
    0x0, 0x0, 0x0, 0x0, 0xff, 0xff, 0x30, 0xc,
    0xff, 0xf8, 0x0, 0x0, 0x0, 0x0, 0x0, 0xbf,
    0xff, 0x90, 0x1f, 0xff, 0xf2, 0x0, 0x0, 0x0,
    0x0, 0x0, 0x5f, 0xff, 0xe0,

    /* U+00C6 "Æ" */
    0x0, 0x0, 0x0, 0x0, 0x0, 0xbf, 0xff, 0xff,
    0xff, 0xff, 0xff, 0xff, 0xff, 0xff, 0x90, 0x0,
    0x0, 0x0, 0x0, 0x2f, 0xff, 0xff, 0xff, 0xff,
    0xff, 0xff, 0xff, 0xff, 0xf9, 0x0, 0x0, 0x0,
    0x0, 0x9, 0xff, 0xfa, 0xbf, 0xff, 0xff, 0xff,
    0xff, 0xff, 0xff, 0x90, 0x0, 0x0, 0x0, 0x1,
    0xff, 0xff, 0x6, 0xff, 0xf9, 0x66, 0x66, 0x66,
    0x66, 0x63, 0x0, 0x0, 0x0, 0x0, 0x7f, 0xff,
    0x80, 0x6f, 0xff, 0x50, 0x0, 0x0, 0x0, 0x0,
    0x0, 0x0, 0x0, 0x0, 0xe, 0xff, 0xf2, 0x6,
    0xff, 0xf5, 0x0, 0x0, 0x0, 0x0, 0x0, 0x0,
    0x0, 0x0, 0x6, 0xff, 0xfb, 0x0, 0x6f, 0xff,
    0x50, 0x0, 0x0, 0x0, 0x0, 0x0, 0x0, 0x0,
    0x0, 0xdf, 0xff, 0x40, 0x6, 0xff, 0xf5, 0x0,
    0x0, 0x0, 0x0, 0x0, 0x0, 0x0, 0x0, 0x4f,
    0xff, 0xd0, 0x0, 0x6f, 0xff, 0x50, 0x0, 0x0,
    0x0, 0x0, 0x0, 0x0, 0x0, 0xb, 0xff, 0xf6,
    0x0, 0x6, 0xff, 0xff, 0xff, 0xff, 0xff, 0xff,
    0xd0, 0x0, 0x0, 0x2, 0xff, 0xfe, 0x0, 0x0,
    0x6f, 0xff, 0xff, 0xff, 0xff, 0xff, 0xfd, 0x0,
    0x0, 0x0, 0x9f, 0xff, 0x80, 0x0, 0x6, 0xff,
    0xff, 0xff, 0xff, 0xff, 0xff, 0xd0, 0x0, 0x0,
    0x1f, 0xff, 0xf2, 0x0, 0x0, 0x6f, 0xff, 0x95,
    0x55, 0x55, 0x55, 0x54, 0x0, 0x0, 0x7, 0xff,
    0xff, 0xff, 0xff, 0xff, 0xff, 0xf5, 0x0, 0x0,
    0x0, 0x0, 0x0, 0x0, 0x0, 0xef, 0xff, 0xff,
    0xff, 0xff, 0xff, 0xff, 0x50, 0x0, 0x0, 0x0,
    0x0, 0x0, 0x0, 0x6f, 0xff, 0xff, 0xff, 0xff,
    0xff, 0xff, 0xf5, 0x0, 0x0, 0x0, 0x0, 0x0,
    0x0, 0xd, 0xff, 0xf6, 0x0, 0x0, 0x0, 0x6f,
    0xff, 0x50, 0x0, 0x0, 0x0, 0x0, 0x0, 0x4,
    0xff, 0xfe, 0x0, 0x0, 0x0, 0x6, 0xff, 0xf5,
    0x0, 0x0, 0x0, 0x0, 0x0, 0x0, 0xbf, 0xff,
    0x80, 0x0, 0x0, 0x0, 0x6f, 0xff, 0x96, 0x66,
    0x66, 0x66, 0x66, 0x40, 0x2f, 0xff, 0xf2, 0x0,
    0x0, 0x0, 0x6, 0xff, 0xff, 0xff, 0xff, 0xff,
    0xff, 0xfa, 0x9, 0xff, 0xfb, 0x0, 0x0, 0x0,
    0x0, 0x6f, 0xff, 0xff, 0xff, 0xff, 0xff, 0xff,
    0xa1, 0xff, 0xff, 0x40, 0x0, 0x0, 0x0, 0x6,
    0xff, 0xff, 0xff, 0xff, 0xff, 0xff, 0xfa,

    /* U+00C7 "Ç" */
    0x0, 0x0, 0x0, 0x39, 0xdf, 0xff, 0xd9, 0x30,
    0x0, 0x0, 0x0, 0x0, 0x2b, 0xff, 0xff, 0xff,
    0xff, 0xfc, 0x20, 0x0, 0x0, 0x4, 0xff, 0xff,
    0xff, 0xff, 0xff, 0xff, 0xf4, 0x0, 0x0, 0x2f,
    0xff, 0xff, 0xeb, 0x9a, 0xef, 0xff, 0xff, 0x20,
    0x0, 0xdf, 0xff, 0xf6, 0x0, 0x0, 0x5, 0xff,
    0xff, 0xb0, 0x6, 0xff, 0xff, 0x30, 0x0, 0x0,
    0x0, 0x3f, 0xff, 0xf2, 0xc, 0xff, 0xf7, 0x0,
    0x0, 0x0, 0x0, 0x9, 0xff, 0xf7, 0x1f, 0xff,
    0xf0, 0x0, 0x0, 0x0, 0x0, 0x2, 0x88, 0x85,
    0x4f, 0xff, 0xb0, 0x0, 0x0, 0x0, 0x0, 0x0,
    0x0, 0x0, 0x6f, 0xff, 0x80, 0x0, 0x0, 0x0,
    0x0, 0x0, 0x0, 0x0, 0x7f, 0xff, 0x70, 0x0,
    0x0, 0x0, 0x0, 0x0, 0x0, 0x0, 0x7f, 0xff,
    0x70, 0x0, 0x0, 0x0, 0x0, 0x0, 0x0, 0x0,
    0x6f, 0xff, 0x80, 0x0, 0x0, 0x0, 0x0, 0x0,
    0x0, 0x0, 0x4f, 0xff, 0xb0, 0x0, 0x0, 0x0,
    0x0, 0x0, 0x0, 0x0, 0x1f, 0xff, 0xf0, 0x0,
    0x0, 0x0, 0x0, 0x2, 0x77, 0x75, 0xc, 0xff,
    0xf7, 0x0, 0x0, 0x0, 0x0, 0x8, 0xff, 0xf8,
    0x6, 0xff, 0xff, 0x30, 0x0, 0x0, 0x0, 0x2f,
    0xff, 0xf2, 0x0, 0xdf, 0xff, 0xf6, 0x0, 0x0,
    0x5, 0xef, 0xff, 0xb0, 0x0, 0x3f, 0xff, 0xff,
    0xeb, 0x9a, 0xef, 0xff, 0xfe, 0x10, 0x0, 0x4,
    0xff, 0xff, 0xff, 0xff, 0xff, 0xff, 0xe3, 0x0,
    0x0, 0x0, 0x2c, 0xff, 0xff, 0xff, 0xff, 0xfb,
    0x20, 0x0, 0x0, 0x0, 0x0, 0x39, 0xdf, 0xff,
    0xd9, 0x30, 0x0, 0x0, 0x0, 0x0, 0x0, 0x0,
    0x8, 0xf3, 0x0, 0x0, 0x0, 0x0, 0x0, 0x0,
    0x0, 0x0, 0xa, 0xfe, 0xc3, 0x0, 0x0, 0x0,
    0x0, 0x0, 0x0, 0x0, 0x5, 0x6b, 0xfe, 0x0,
    0x0, 0x0, 0x0, 0x0, 0x0, 0x0, 0x0, 0x3,
    0xff, 0x0, 0x0, 0x0, 0x0, 0x0, 0x0, 0x0,
    0x3b, 0xbe, 0xfd, 0x0, 0x0, 0x0, 0x0, 0x0,
    0x0, 0x0, 0x5f, 0xff, 0xb3, 0x0, 0x0, 0x0,

    /* U+00C8 "È" */
    0x0, 0xa, 0xff, 0xe0, 0x0, 0x0, 0x0, 0x0,
    0x0, 0x1e, 0xff, 0x60, 0x0, 0x0, 0x0, 0x0,
    0x0, 0x6f, 0xfd, 0x0, 0x0, 0x0, 0x0, 0x0,
    0x0, 0xbf, 0xf4, 0x0, 0x0, 0x0, 0x0, 0x0,
    0x2, 0x99, 0x50, 0x0, 0x0, 0x0, 0x0, 0x0,
    0x0, 0x0, 0x0, 0x0, 0x0, 0x0, 0x0, 0x0,
    0x0, 0x0, 0x0, 0x0, 0xc, 0xff, 0xff, 0xff,
    0xff, 0xff, 0xff, 0xf6, 0xcf, 0xff, 0xff, 0xff,
    0xff, 0xff, 0xff, 0x6c, 0xff, 0xff, 0xff, 0xff,
    0xff, 0xff, 0xf6, 0xcf, 0xff, 0x76, 0x66, 0x66,
    0x66, 0x66, 0x2c, 0xff, 0xf1, 0x0, 0x0, 0x0,
    0x0, 0x0, 0xcf, 0xff, 0x10, 0x0, 0x0, 0x0,
    0x0, 0xc, 0xff, 0xf1, 0x0, 0x0, 0x0, 0x0,
    0x0, 0xcf, 0xff, 0x10, 0x0, 0x0, 0x0, 0x0,
    0xc, 0xff, 0xf1, 0x0, 0x0, 0x0, 0x0, 0x0,
    0xcf, 0xff, 0xff, 0xff, 0xff, 0xff, 0xf9, 0xc,
    0xff, 0xff, 0xff, 0xff, 0xff, 0xff, 0x90, 0xcf,
    0xff, 0xff, 0xff, 0xff, 0xff, 0xf9, 0xc, 0xff,
    0xf6, 0x55, 0x55, 0x55, 0x55, 0x30, 0xcf, 0xff,
    0x10, 0x0, 0x0, 0x0, 0x0, 0xc, 0xff, 0xf1,
    0x0, 0x0, 0x0, 0x0, 0x0, 0xcf, 0xff, 0x10,
    0x0, 0x0, 0x0, 0x0, 0xc, 0xff, 0xf1, 0x0,
    0x0, 0x0, 0x0, 0x0, 0xcf, 0xff, 0x10, 0x0,
    0x0, 0x0, 0x0, 0xc, 0xff, 0xf7, 0x66, 0x66,
    0x66, 0x66, 0x62, 0xcf, 0xff, 0xff, 0xff, 0xff,
    0xff, 0xff, 0x7c, 0xff, 0xff, 0xff, 0xff, 0xff,
    0xff, 0xf7, 0xcf, 0xff, 0xff, 0xff, 0xff, 0xff,
    0xff, 0x70,

    /* U+00C9 "É" */
    0x0, 0x0, 0x0, 0x4, 0xff, 0xf4, 0x0, 0x0,
    0x0, 0x0, 0x0, 0xbf, 0xfa, 0x0, 0x0, 0x0,
    0x0, 0x0, 0x3f, 0xfe, 0x10, 0x0, 0x0, 0x0,
    0x0, 0xa, 0xff, 0x50, 0x0, 0x0, 0x0, 0x0,
    0x0, 0x99, 0x80, 0x0, 0x0, 0x0, 0x0, 0x0,
    0x0, 0x0, 0x0, 0x0, 0x0, 0x0, 0x0, 0x0,
    0x0, 0x0, 0x0, 0x0, 0xc, 0xff, 0xff, 0xff,
    0xff, 0xff, 0xff, 0xf6, 0xcf, 0xff, 0xff, 0xff,
    0xff, 0xff, 0xff, 0x6c, 0xff, 0xff, 0xff, 0xff,
    0xff, 0xff, 0xf6, 0xcf, 0xff, 0x76, 0x66, 0x66,
    0x66, 0x66, 0x2c, 0xff, 0xf1, 0x0, 0x0, 0x0,
    0x0, 0x0, 0xcf, 0xff, 0x10, 0x0, 0x0, 0x0,
    0x0, 0xc, 0xff, 0xf1, 0x0, 0x0, 0x0, 0x0,
    0x0, 0xcf, 0xff, 0x10, 0x0, 0x0, 0x0, 0x0,
    0xc, 0xff, 0xf1, 0x0, 0x0, 0x0, 0x0, 0x0,
    0xcf, 0xff, 0xff, 0xff, 0xff, 0xff, 0xf9, 0xc,
    0xff, 0xff, 0xff, 0xff, 0xff, 0xff, 0x90, 0xcf,
    0xff, 0xff, 0xff, 0xff, 0xff, 0xf9, 0xc, 0xff,
    0xf6, 0x55, 0x55, 0x55, 0x55, 0x30, 0xcf, 0xff,
    0x10, 0x0, 0x0, 0x0, 0x0, 0xc, 0xff, 0xf1,
    0x0, 0x0, 0x0, 0x0, 0x0, 0xcf, 0xff, 0x10,
    0x0, 0x0, 0x0, 0x0, 0xc, 0xff, 0xf1, 0x0,
    0x0, 0x0, 0x0, 0x0, 0xcf, 0xff, 0x10, 0x0,
    0x0, 0x0, 0x0, 0xc, 0xff, 0xf7, 0x66, 0x66,
    0x66, 0x66, 0x62, 0xcf, 0xff, 0xff, 0xff, 0xff,
    0xff, 0xff, 0x7c, 0xff, 0xff, 0xff, 0xff, 0xff,
    0xff, 0xf7, 0xcf, 0xff, 0xff, 0xff, 0xff, 0xff,
    0xff, 0x70,

    /* U+00CA "Ê" */
    0x0, 0x0, 0xa, 0xff, 0xf5, 0x0, 0x0, 0x0,
    0x0, 0x9, 0xff, 0xff, 0xf3, 0x0, 0x0, 0x0,
    0x7, 0xff, 0xc3, 0xff, 0xe2, 0x0, 0x0, 0x6,
    0xff, 0xe1, 0x6, 0xff, 0xd1, 0x0, 0x0, 0x78,
    0x83, 0x0, 0x6, 0x88, 0x50, 0x0, 0x0, 0x0,
    0x0, 0x0, 0x0, 0x0, 0x0, 0x0, 0x0, 0x0,
    0x0, 0x0, 0x0, 0x0, 0xc, 0xff, 0xff, 0xff,
    0xff, 0xff, 0xff, 0xf6, 0xcf, 0xff, 0xff, 0xff,
    0xff, 0xff, 0xff, 0x6c, 0xff, 0xff, 0xff, 0xff,
    0xff, 0xff, 0xf6, 0xcf, 0xff, 0x76, 0x66, 0x66,
    0x66, 0x66, 0x2c, 0xff, 0xf1, 0x0, 0x0, 0x0,
    0x0, 0x0, 0xcf, 0xff, 0x10, 0x0, 0x0, 0x0,
    0x0, 0xc, 0xff, 0xf1, 0x0, 0x0, 0x0, 0x0,
    0x0, 0xcf, 0xff, 0x10, 0x0, 0x0, 0x0, 0x0,
    0xc, 0xff, 0xf1, 0x0, 0x0, 0x0, 0x0, 0x0,
    0xcf, 0xff, 0xff, 0xff, 0xff, 0xff, 0xf9, 0xc,
    0xff, 0xff, 0xff, 0xff, 0xff, 0xff, 0x90, 0xcf,
    0xff, 0xff, 0xff, 0xff, 0xff, 0xf9, 0xc, 0xff,
    0xf6, 0x55, 0x55, 0x55, 0x55, 0x30, 0xcf, 0xff,
    0x10, 0x0, 0x0, 0x0, 0x0, 0xc, 0xff, 0xf1,
    0x0, 0x0, 0x0, 0x0, 0x0, 0xcf, 0xff, 0x10,
    0x0, 0x0, 0x0, 0x0, 0xc, 0xff, 0xf1, 0x0,
    0x0, 0x0, 0x0, 0x0, 0xcf, 0xff, 0x10, 0x0,
    0x0, 0x0, 0x0, 0xc, 0xff, 0xf7, 0x66, 0x66,
    0x66, 0x66, 0x62, 0xcf, 0xff, 0xff, 0xff, 0xff,
    0xff, 0xff, 0x7c, 0xff, 0xff, 0xff, 0xff, 0xff,
    0xff, 0xf7, 0xcf, 0xff, 0xff, 0xff, 0xff, 0xff,
    0xff, 0x70,

    /* U+00CB "Ë" */
    0x0, 0x3d, 0xf6, 0x0, 0xb, 0xfb, 0x0, 0x0,
    0xc, 0xff, 0xf1, 0x6, 0xff, 0xf7, 0x0, 0x0,
    0xdf, 0xff, 0x10, 0x7f, 0xff, 0x70, 0x0, 0x4,
    0xff, 0x80, 0x1, 0xcf, 0xd1, 0x0, 0x0, 0x0,
    0x10, 0x0, 0x0, 0x10, 0x0, 0x0, 0x0, 0x0,
    0x0, 0x0, 0x0, 0x0, 0x0, 0x0, 0x0, 0x0,
    0x0, 0x0, 0x0, 0x0, 0xc, 0xff, 0xff, 0xff,
    0xff, 0xff, 0xff, 0xf6, 0xcf, 0xff, 0xff, 0xff,
    0xff, 0xff, 0xff, 0x6c, 0xff, 0xff, 0xff, 0xff,
    0xff, 0xff, 0xf6, 0xcf, 0xff, 0x76, 0x66, 0x66,
    0x66, 0x66, 0x2c, 0xff, 0xf1, 0x0, 0x0, 0x0,
    0x0, 0x0, 0xcf, 0xff, 0x10, 0x0, 0x0, 0x0,
    0x0, 0xc, 0xff, 0xf1, 0x0, 0x0, 0x0, 0x0,
    0x0, 0xcf, 0xff, 0x10, 0x0, 0x0, 0x0, 0x0,
    0xc, 0xff, 0xf1, 0x0, 0x0, 0x0, 0x0, 0x0,
    0xcf, 0xff, 0xff, 0xff, 0xff, 0xff, 0xf9, 0xc,
    0xff, 0xff, 0xff, 0xff, 0xff, 0xff, 0x90, 0xcf,
    0xff, 0xff, 0xff, 0xff, 0xff, 0xf9, 0xc, 0xff,
    0xf6, 0x55, 0x55, 0x55, 0x55, 0x30, 0xcf, 0xff,
    0x10, 0x0, 0x0, 0x0, 0x0, 0xc, 0xff, 0xf1,
    0x0, 0x0, 0x0, 0x0, 0x0, 0xcf, 0xff, 0x10,
    0x0, 0x0, 0x0, 0x0, 0xc, 0xff, 0xf1, 0x0,
    0x0, 0x0, 0x0, 0x0, 0xcf, 0xff, 0x10, 0x0,
    0x0, 0x0, 0x0, 0xc, 0xff, 0xf7, 0x66, 0x66,
    0x66, 0x66, 0x62, 0xcf, 0xff, 0xff, 0xff, 0xff,
    0xff, 0xff, 0x7c, 0xff, 0xff, 0xff, 0xff, 0xff,
    0xff, 0xf7, 0xcf, 0xff, 0xff, 0xff, 0xff, 0xff,
    0xff, 0x70,

    /* U+00CC "Ì" */
    0xc, 0xff, 0xc0, 0x0, 0x3, 0xff, 0xf3, 0x0,
    0x0, 0x8f, 0xfa, 0x0, 0x0, 0xd, 0xff, 0x20,
    0x0, 0x3, 0x99, 0x40, 0x0, 0x0, 0x0, 0x0,
    0x0, 0x0, 0x0, 0x0, 0x0, 0xc, 0xff, 0xf1,
    0x0, 0xc, 0xff, 0xf1, 0x0, 0xc, 0xff, 0xf1,
    0x0, 0xc, 0xff, 0xf1, 0x0, 0xc, 0xff, 0xf1,
    0x0, 0xc, 0xff, 0xf1, 0x0, 0xc, 0xff, 0xf1,
    0x0, 0xc, 0xff, 0xf1, 0x0, 0xc, 0xff, 0xf1,
    0x0, 0xc, 0xff, 0xf1, 0x0, 0xc, 0xff, 0xf1,
    0x0, 0xc, 0xff, 0xf1, 0x0, 0xc, 0xff, 0xf1,
    0x0, 0xc, 0xff, 0xf1, 0x0, 0xc, 0xff, 0xf1,
    0x0, 0xc, 0xff, 0xf1, 0x0, 0xc, 0xff, 0xf1,
    0x0, 0xc, 0xff, 0xf1, 0x0, 0xc, 0xff, 0xf1,
    0x0, 0xc, 0xff, 0xf1, 0x0, 0xc, 0xff, 0xf1,
    0x0, 0xc, 0xff, 0xf1,

    /* U+00CD "Í" */
    0x0, 0x7f, 0xff, 0x20, 0xe, 0xff, 0x70, 0x5,
    0xff, 0xd0, 0x0, 0xcf, 0xf3, 0x0, 0x19, 0x96,
    0x0, 0x0, 0x0, 0x0, 0x0, 0x0, 0x0, 0x0,
    0xc, 0xff, 0xf1, 0x0, 0xcf, 0xff, 0x10, 0xc,
    0xff, 0xf1, 0x0, 0xcf, 0xff, 0x10, 0xc, 0xff,
    0xf1, 0x0, 0xcf, 0xff, 0x10, 0xc, 0xff, 0xf1,
    0x0, 0xcf, 0xff, 0x10, 0xc, 0xff, 0xf1, 0x0,
    0xcf, 0xff, 0x10, 0xc, 0xff, 0xf1, 0x0, 0xcf,
    0xff, 0x10, 0xc, 0xff, 0xf1, 0x0, 0xcf, 0xff,
    0x10, 0xc, 0xff, 0xf1, 0x0, 0xcf, 0xff, 0x10,
    0xc, 0xff, 0xf1, 0x0, 0xcf, 0xff, 0x10, 0xc,
    0xff, 0xf1, 0x0, 0xcf, 0xff, 0x10, 0xc, 0xff,
    0xf1, 0x0, 0xcf, 0xff, 0x10, 0x0,

    /* U+00CE "Î" */
    0x0, 0x0, 0xcf, 0xff, 0x30, 0x0, 0x0, 0xb,
    0xff, 0xff, 0xe2, 0x0, 0x0, 0xaf, 0xfa, 0x5f,
    0xfd, 0x10, 0x8, 0xff, 0xd0, 0x9, 0xff, 0xc0,
    0x18, 0x88, 0x20, 0x0, 0x78, 0x83, 0x0, 0x0,
    0x0, 0x0, 0x0, 0x0, 0x0, 0x0, 0x0, 0x0,
    0x0, 0x0, 0x0, 0x0, 0xcf, 0xff, 0x10, 0x0,
    0x0, 0x0, 0xcf, 0xff, 0x10, 0x0, 0x0, 0x0,
    0xcf, 0xff, 0x10, 0x0, 0x0, 0x0, 0xcf, 0xff,
    0x10, 0x0, 0x0, 0x0, 0xcf, 0xff, 0x10, 0x0,
    0x0, 0x0, 0xcf, 0xff, 0x10, 0x0, 0x0, 0x0,
    0xcf, 0xff, 0x10, 0x0, 0x0, 0x0, 0xcf, 0xff,
    0x10, 0x0, 0x0, 0x0, 0xcf, 0xff, 0x10, 0x0,
    0x0, 0x0, 0xcf, 0xff, 0x10, 0x0, 0x0, 0x0,
    0xcf, 0xff, 0x10, 0x0, 0x0, 0x0, 0xcf, 0xff,
    0x10, 0x0, 0x0, 0x0, 0xcf, 0xff, 0x10, 0x0,
    0x0, 0x0, 0xcf, 0xff, 0x10, 0x0, 0x0, 0x0,
    0xcf, 0xff, 0x10, 0x0, 0x0, 0x0, 0xcf, 0xff,
    0x10, 0x0, 0x0, 0x0, 0xcf, 0xff, 0x10, 0x0,
    0x0, 0x0, 0xcf, 0xff, 0x10, 0x0, 0x0, 0x0,
    0xcf, 0xff, 0x10, 0x0, 0x0, 0x0, 0xcf, 0xff,
    0x10, 0x0, 0x0, 0x0, 0xcf, 0xff, 0x10, 0x0,
    0x0, 0x0, 0xcf, 0xff, 0x10, 0x0,

    /* U+00CF "Ï" */
    0x5, 0xee, 0x40, 0x1, 0xcf, 0x90, 0xf, 0xff,
    0xe0, 0x9, 0xff, 0xf4, 0xf, 0xff, 0xe0, 0xa,
    0xff, 0xf5, 0x6, 0xff, 0x60, 0x2, 0xef, 0xb0,
    0x0, 0x0, 0x0, 0x0, 0x1, 0x0, 0x0, 0x0,
    0x0, 0x0, 0x0, 0x0, 0x0, 0x0, 0x0, 0x0,
    0x0, 0x0, 0x0, 0x0, 0xcf, 0xff, 0x10, 0x0,
    0x0, 0x0, 0xcf, 0xff, 0x10, 0x0, 0x0, 0x0,
    0xcf, 0xff, 0x10, 0x0, 0x0, 0x0, 0xcf, 0xff,
    0x10, 0x0, 0x0, 0x0, 0xcf, 0xff, 0x10, 0x0,
    0x0, 0x0, 0xcf, 0xff, 0x10, 0x0, 0x0, 0x0,
    0xcf, 0xff, 0x10, 0x0, 0x0, 0x0, 0xcf, 0xff,
    0x10, 0x0, 0x0, 0x0, 0xcf, 0xff, 0x10, 0x0,
    0x0, 0x0, 0xcf, 0xff, 0x10, 0x0, 0x0, 0x0,
    0xcf, 0xff, 0x10, 0x0, 0x0, 0x0, 0xcf, 0xff,
    0x10, 0x0, 0x0, 0x0, 0xcf, 0xff, 0x10, 0x0,
    0x0, 0x0, 0xcf, 0xff, 0x10, 0x0, 0x0, 0x0,
    0xcf, 0xff, 0x10, 0x0, 0x0, 0x0, 0xcf, 0xff,
    0x10, 0x0, 0x0, 0x0, 0xcf, 0xff, 0x10, 0x0,
    0x0, 0x0, 0xcf, 0xff, 0x10, 0x0, 0x0, 0x0,
    0xcf, 0xff, 0x10, 0x0, 0x0, 0x0, 0xcf, 0xff,
    0x10, 0x0, 0x0, 0x0, 0xcf, 0xff, 0x10, 0x0,
    0x0, 0x0, 0xcf, 0xff, 0x10, 0x0,

    /* U+00D0 "Ð" */
    0x0, 0xe, 0xff, 0xff, 0xff, 0xff, 0xdb, 0x61,
    0x0, 0x0, 0x0, 0x0, 0xe, 0xff, 0xff, 0xff,
    0xff, 0xff, 0xff, 0x70, 0x0, 0x0, 0x0, 0xe,
    0xff, 0xff, 0xff, 0xff, 0xff, 0xff, 0xfc, 0x0,
    0x0, 0x0, 0xe, 0xff, 0xf7, 0x77, 0x78, 0xbf,
    0xff, 0xff, 0xb0, 0x0, 0x0, 0xe, 0xff, 0xf0,
    0x0, 0x0, 0x1, 0x9f, 0xff, 0xf6, 0x0, 0x0,
    0xe, 0xff, 0xf0, 0x0, 0x0, 0x0, 0x7, 0xff,
    0xfe, 0x0, 0x0, 0xe, 0xff, 0xf0, 0x0, 0x0,
    0x0, 0x0, 0xcf, 0xff, 0x50, 0x0, 0xe, 0xff,
    0xf0, 0x0, 0x0, 0x0, 0x0, 0x5f, 0xff, 0xa0,
    0x0, 0xe, 0xff, 0xf0, 0x0, 0x0, 0x0, 0x0,
    0x1f, 0xff, 0xd0, 0x9d, 0xdf, 0xff, 0xfd, 0xdd,
    0xdd, 0x0, 0x0, 0xe, 0xff, 0xf0, 0xbf, 0xff,
    0xff, 0xff, 0xff, 0xff, 0x0, 0x0, 0xd, 0xff,
    0xf0, 0xbf, 0xff, 0xff, 0xff, 0xff, 0xff, 0x0,
    0x0, 0xd, 0xff, 0xf0, 0x0, 0xe, 0xff, 0xf0,
    0x0, 0x0, 0x0, 0x0, 0xe, 0xff, 0xf0, 0x0,
    0xe, 0xff, 0xf0, 0x0, 0x0, 0x0, 0x0, 0x1f,
    0xff, 0xd0, 0x0, 0xe, 0xff, 0xf0, 0x0, 0x0,
    0x0, 0x0, 0x5f, 0xff, 0x90, 0x0, 0xe, 0xff,
    0xf0, 0x0, 0x0, 0x0, 0x0, 0xcf, 0xff, 0x50,
    0x0, 0xe, 0xff, 0xf0, 0x0, 0x0, 0x0, 0x7,
    0xff, 0xfe, 0x0, 0x0, 0xe, 0xff, 0xf0, 0x0,
    0x0, 0x1, 0x9f, 0xff, 0xf6, 0x0, 0x0, 0xe,
    0xff, 0xf7, 0x77, 0x78, 0xbf, 0xff, 0xff, 0xb0,
    0x0, 0x0, 0xe, 0xff, 0xff, 0xff, 0xff, 0xff,
    0xff, 0xfb, 0x0, 0x0, 0x0, 0xe, 0xff, 0xff,
    0xff, 0xff, 0xff, 0xff, 0x70, 0x0, 0x0, 0x0,
    0xe, 0xff, 0xff, 0xff, 0xff, 0xda, 0x60, 0x0,
    0x0, 0x0,

    /* U+00D1 "Ñ" */
    0x0, 0x0, 0x3, 0xdf, 0xc3, 0x0, 0xff, 0x20,
    0x0, 0x0, 0x0, 0x0, 0xdf, 0xff, 0xf8, 0x8f,
    0xf0, 0x0, 0x0, 0x0, 0x0, 0x3f, 0xf7, 0xaf,
    0xff, 0xfa, 0x0, 0x0, 0x0, 0x0, 0x6, 0xfd,
    0x0, 0x5d, 0xfb, 0x10, 0x0, 0x0, 0x0, 0x0,
    0x0, 0x0, 0x0, 0x0, 0x0, 0x0, 0x0, 0x0,
    0x0, 0x0, 0x0, 0x0, 0x0, 0x0, 0x0, 0x0,
    0x0, 0x0, 0x0, 0x0, 0x0, 0x0, 0x0, 0x0,
    0x0, 0x0, 0xc, 0xff, 0xfe, 0x0, 0x0, 0x0,
    0x0, 0x6, 0xff, 0xf9, 0xcf, 0xff, 0xf8, 0x0,
    0x0, 0x0, 0x0, 0x6f, 0xff, 0x9c, 0xff, 0xff,
    0xf2, 0x0, 0x0, 0x0, 0x6, 0xff, 0xf9, 0xcf,
    0xff, 0xff, 0xc0, 0x0, 0x0, 0x0, 0x6f, 0xff,
    0x9c, 0xff, 0xff, 0xff, 0x60, 0x0, 0x0, 0x6,
    0xff, 0xf9, 0xcf, 0xff, 0x9f, 0xfe, 0x10, 0x0,
    0x0, 0x6f, 0xff, 0x9c, 0xff, 0xf2, 0xff, 0xf9,
    0x0, 0x0, 0x6, 0xff, 0xf9, 0xcf, 0xff, 0x9,
    0xff, 0xf3, 0x0, 0x0, 0x6f, 0xff, 0x9c, 0xff,
    0xf1, 0x1f, 0xff, 0xd0, 0x0, 0x6, 0xff, 0xf9,
    0xcf, 0xff, 0x20, 0x7f, 0xff, 0x70, 0x0, 0x6f,
    0xff, 0x9c, 0xff, 0xf2, 0x0, 0xef, 0xff, 0x10,
    0x6, 0xff, 0xf9, 0xcf, 0xff, 0x30, 0x5, 0xff,
    0xfa, 0x0, 0x6f, 0xff, 0x9c, 0xff, 0xf3, 0x0,
    0xb, 0xff, 0xf4, 0x6, 0xff, 0xf9, 0xcf, 0xff,
    0x30, 0x0, 0x1f, 0xff, 0xd0, 0x5f, 0xff, 0x9c,
    0xff, 0xf3, 0x0, 0x0, 0x7f, 0xff, 0x65, 0xff,
    0xf9, 0xcf, 0xff, 0x30, 0x0, 0x0, 0xdf, 0xfe,
    0x4f, 0xff, 0x9c, 0xff, 0xf3, 0x0, 0x0, 0x3,
    0xff, 0xf9, 0xff, 0xf9, 0xcf, 0xff, 0x30, 0x0,
    0x0, 0xa, 0xff, 0xff, 0xff, 0x9c, 0xff, 0xf3,
    0x0, 0x0, 0x0, 0x1e, 0xff, 0xff, 0xf9, 0xcf,
    0xff, 0x30, 0x0, 0x0, 0x0, 0x6f, 0xff, 0xff,
    0x9c, 0xff, 0xf3, 0x0, 0x0, 0x0, 0x0, 0xcf,
    0xff, 0xf9, 0xcf, 0xff, 0x30, 0x0, 0x0, 0x0,
    0x2, 0xff, 0xff, 0x90,

    /* U+00D2 "Ò" */
    0x0, 0x0, 0x0, 0x59, 0x99, 0x0, 0x0, 0x0,
    0x0, 0x0, 0x0, 0x0, 0x0, 0x1, 0xff, 0xf6,
    0x0, 0x0, 0x0, 0x0, 0x0, 0x0, 0x0, 0x0,
    0x6, 0xff, 0xd0, 0x0, 0x0, 0x0, 0x0, 0x0,
    0x0, 0x0, 0x0, 0xc, 0xff, 0x40, 0x0, 0x0,
    0x0, 0x0, 0x0, 0x0, 0x0, 0x0, 0x2f, 0xfb,
    0x0, 0x0, 0x0, 0x0, 0x0, 0x0, 0x0, 0x0,
    0x0, 0x0, 0x0, 0x0, 0x0, 0x0, 0x0, 0x0,
    0x0, 0x0, 0x0, 0x0, 0x0, 0x0, 0x0, 0x0,
    0x0, 0x0, 0x0, 0x0, 0x0, 0x0, 0x0, 0x0,
    0x0, 0x0, 0x0, 0x0, 0x0, 0x0, 0x0, 0x39,
    0xdf, 0xff, 0xd9, 0x40, 0x0, 0x0, 0x0, 0x0,
    0x2, 0xbf, 0xff, 0xff, 0xff, 0xff, 0xc2, 0x0,
    0x0, 0x0, 0x4, 0xff, 0xff, 0xff, 0xff, 0xff,
    0xff, 0xf4, 0x0, 0x0, 0x2, 0xff, 0xff, 0xfe,
    0xb9, 0xae, 0xff, 0xff, 0xf3, 0x0, 0x0, 0xdf,
    0xff, 0xf6, 0x0, 0x0, 0x5, 0xef, 0xff, 0xd0,
    0x0, 0x6f, 0xff, 0xf3, 0x0, 0x0, 0x0, 0x2,
    0xff, 0xff, 0x60, 0xc, 0xff, 0xf7, 0x0, 0x0,
    0x0, 0x0, 0x6, 0xff, 0xfd, 0x1, 0xff, 0xff,
    0x0, 0x0, 0x0, 0x0, 0x0, 0xe, 0xff, 0xf2,
    0x4f, 0xff, 0xb0, 0x0, 0x0, 0x0, 0x0, 0x0,
    0xaf, 0xff, 0x56, 0xff, 0xf8, 0x0, 0x0, 0x0,
    0x0, 0x0, 0x7, 0xff, 0xf7, 0x7f, 0xff, 0x70,
    0x0, 0x0, 0x0, 0x0, 0x0, 0x6f, 0xff, 0x87,
    0xff, 0xf7, 0x0, 0x0, 0x0, 0x0, 0x0, 0x6,
    0xff, 0xf8, 0x6f, 0xff, 0x80, 0x0, 0x0, 0x0,
    0x0, 0x0, 0x7f, 0xff, 0x74, 0xff, 0xfb, 0x0,
    0x0, 0x0, 0x0, 0x0, 0xa, 0xff, 0xf5, 0x1f,
    0xff, 0xf0, 0x0, 0x0, 0x0, 0x0, 0x0, 0xef,
    0xff, 0x20, 0xcf, 0xff, 0x70, 0x0, 0x0, 0x0,
    0x0, 0x6f, 0xff, 0xd0, 0x6, 0xff, 0xff, 0x30,
    0x0, 0x0, 0x0, 0x2f, 0xff, 0xf6, 0x0, 0xd,
    0xff, 0xff, 0x60, 0x0, 0x0, 0x5e, 0xff, 0xfd,
    0x0, 0x0, 0x2f, 0xff, 0xff, 0xeb, 0x9a, 0xef,
    0xff, 0xff, 0x30, 0x0, 0x0, 0x4f, 0xff, 0xff,
    0xff, 0xff, 0xff, 0xff, 0x40, 0x0, 0x0, 0x0,
    0x2b, 0xff, 0xff, 0xff, 0xff, 0xfc, 0x20, 0x0,
    0x0, 0x0, 0x0, 0x3, 0x9d, 0xff, 0xfd, 0x94,
    0x0, 0x0, 0x0,

    /* U+00D3 "Ó" */
    0x0, 0x0, 0x0, 0x0, 0x0, 0x9, 0x99, 0x60,
    0x0, 0x0, 0x0, 0x0, 0x0, 0x0, 0x0, 0x5,
    0xff, 0xf2, 0x0, 0x0, 0x0, 0x0, 0x0, 0x0,
    0x0, 0x0, 0xcf, 0xf7, 0x0, 0x0, 0x0, 0x0,
    0x0, 0x0, 0x0, 0x0, 0x3f, 0xfd, 0x0, 0x0,
    0x0, 0x0, 0x0, 0x0, 0x0, 0x0, 0xb, 0xff,
    0x30, 0x0, 0x0, 0x0, 0x0, 0x0, 0x0, 0x0,
    0x0, 0x0, 0x0, 0x0, 0x0, 0x0, 0x0, 0x0,
    0x0, 0x0, 0x0, 0x0, 0x0, 0x0, 0x0, 0x0,
    0x0, 0x0, 0x0, 0x0, 0x0, 0x0, 0x0, 0x0,
    0x0, 0x0, 0x0, 0x0, 0x0, 0x0, 0x0, 0x39,
    0xdf, 0xff, 0xd9, 0x40, 0x0, 0x0, 0x0, 0x0,
    0x2, 0xbf, 0xff, 0xff, 0xff, 0xff, 0xc2, 0x0,
    0x0, 0x0, 0x4, 0xff, 0xff, 0xff, 0xff, 0xff,
    0xff, 0xf4, 0x0, 0x0, 0x2, 0xff, 0xff, 0xfe,
    0xb9, 0xae, 0xff, 0xff, 0xf3, 0x0, 0x0, 0xdf,
    0xff, 0xf6, 0x0, 0x0, 0x5, 0xef, 0xff, 0xd0,
    0x0, 0x6f, 0xff, 0xf3, 0x0, 0x0, 0x0, 0x2,
    0xff, 0xff, 0x60, 0xc, 0xff, 0xf7, 0x0, 0x0,
    0x0, 0x0, 0x6, 0xff, 0xfd, 0x1, 0xff, 0xff,
    0x0, 0x0, 0x0, 0x0, 0x0, 0xe, 0xff, 0xf2,
    0x4f, 0xff, 0xb0, 0x0, 0x0, 0x0, 0x0, 0x0,
    0xaf, 0xff, 0x56, 0xff, 0xf8, 0x0, 0x0, 0x0,
    0x0, 0x0, 0x7, 0xff, 0xf7, 0x7f, 0xff, 0x70,
    0x0, 0x0, 0x0, 0x0, 0x0, 0x6f, 0xff, 0x87,
    0xff, 0xf7, 0x0, 0x0, 0x0, 0x0, 0x0, 0x6,
    0xff, 0xf8, 0x6f, 0xff, 0x80, 0x0, 0x0, 0x0,
    0x0, 0x0, 0x7f, 0xff, 0x74, 0xff, 0xfb, 0x0,
    0x0, 0x0, 0x0, 0x0, 0xa, 0xff, 0xf5, 0x1f,
    0xff, 0xf0, 0x0, 0x0, 0x0, 0x0, 0x0, 0xef,
    0xff, 0x20, 0xcf, 0xff, 0x70, 0x0, 0x0, 0x0,
    0x0, 0x6f, 0xff, 0xd0, 0x6, 0xff, 0xff, 0x30,
    0x0, 0x0, 0x0, 0x2f, 0xff, 0xf6, 0x0, 0xd,
    0xff, 0xff, 0x60, 0x0, 0x0, 0x5e, 0xff, 0xfd,
    0x0, 0x0, 0x2f, 0xff, 0xff, 0xeb, 0x9a, 0xef,
    0xff, 0xff, 0x30, 0x0, 0x0, 0x4f, 0xff, 0xff,
    0xff, 0xff, 0xff, 0xff, 0x40, 0x0, 0x0, 0x0,
    0x2b, 0xff, 0xff, 0xff, 0xff, 0xfc, 0x20, 0x0,
    0x0, 0x0, 0x0, 0x3, 0x9d, 0xff, 0xfd, 0x94,
    0x0, 0x0, 0x0,

    /* U+00D4 "Ô" */
    0x0, 0x0, 0x0, 0x0, 0x18, 0x88, 0x20, 0x0,
    0x0, 0x0, 0x0, 0x0, 0x0, 0x0, 0x1d, 0xff,
    0xfd, 0x10, 0x0, 0x0, 0x0, 0x0, 0x0, 0x0,
    0xc, 0xff, 0xbf, 0xfc, 0x0, 0x0, 0x0, 0x0,
    0x0, 0x0, 0xb, 0xff, 0xa0, 0x9f, 0xfb, 0x0,
    0x0, 0x0, 0x0, 0x0, 0x9, 0xff, 0xd0, 0x0,
    0xcf, 0xf9, 0x0, 0x0, 0x0, 0x0, 0x0, 0x0,
    0x0, 0x0, 0x0, 0x0, 0x0, 0x0, 0x0, 0x0,
    0x0, 0x0, 0x0, 0x0, 0x0, 0x0, 0x0, 0x0,
    0x0, 0x0, 0x0, 0x0, 0x0, 0x0, 0x0, 0x0,
    0x0, 0x0, 0x0, 0x0, 0x0, 0x0, 0x0, 0x39,
    0xdf, 0xff, 0xd9, 0x40, 0x0, 0x0, 0x0, 0x0,
    0x2, 0xbf, 0xff, 0xff, 0xff, 0xff, 0xc2, 0x0,
    0x0, 0x0, 0x4, 0xff, 0xff, 0xff, 0xff, 0xff,
    0xff, 0xf4, 0x0, 0x0, 0x2, 0xff, 0xff, 0xfe,
    0xb9, 0xae, 0xff, 0xff, 0xf3, 0x0, 0x0, 0xdf,
    0xff, 0xf6, 0x0, 0x0, 0x5, 0xef, 0xff, 0xd0,
    0x0, 0x6f, 0xff, 0xf3, 0x0, 0x0, 0x0, 0x2,
    0xff, 0xff, 0x60, 0xc, 0xff, 0xf7, 0x0, 0x0,
    0x0, 0x0, 0x6, 0xff, 0xfd, 0x1, 0xff, 0xff,
    0x0, 0x0, 0x0, 0x0, 0x0, 0xe, 0xff, 0xf2,
    0x4f, 0xff, 0xb0, 0x0, 0x0, 0x0, 0x0, 0x0,
    0xaf, 0xff, 0x56, 0xff, 0xf8, 0x0, 0x0, 0x0,
    0x0, 0x0, 0x7, 0xff, 0xf7, 0x7f, 0xff, 0x70,
    0x0, 0x0, 0x0, 0x0, 0x0, 0x6f, 0xff, 0x87,
    0xff, 0xf7, 0x0, 0x0, 0x0, 0x0, 0x0, 0x6,
    0xff, 0xf8, 0x6f, 0xff, 0x80, 0x0, 0x0, 0x0,
    0x0, 0x0, 0x7f, 0xff, 0x74, 0xff, 0xfb, 0x0,
    0x0, 0x0, 0x0, 0x0, 0xa, 0xff, 0xf5, 0x1f,
    0xff, 0xf0, 0x0, 0x0, 0x0, 0x0, 0x0, 0xef,
    0xff, 0x20, 0xcf, 0xff, 0x70, 0x0, 0x0, 0x0,
    0x0, 0x6f, 0xff, 0xd0, 0x6, 0xff, 0xff, 0x30,
    0x0, 0x0, 0x0, 0x2f, 0xff, 0xf6, 0x0, 0xd,
    0xff, 0xff, 0x60, 0x0, 0x0, 0x5e, 0xff, 0xfd,
    0x0, 0x0, 0x2f, 0xff, 0xff, 0xeb, 0x9a, 0xef,
    0xff, 0xff, 0x30, 0x0, 0x0, 0x4f, 0xff, 0xff,
    0xff, 0xff, 0xff, 0xff, 0x40, 0x0, 0x0, 0x0,
    0x2b, 0xff, 0xff, 0xff, 0xff, 0xfc, 0x20, 0x0,
    0x0, 0x0, 0x0, 0x3, 0x9d, 0xff, 0xfd, 0x94,
    0x0, 0x0, 0x0,

    /* U+00D5 "Õ" */
    0x0, 0x0, 0x0, 0x1c, 0xfd, 0x40, 0xe, 0xf4,
    0x0, 0x0, 0x0, 0x0, 0x0, 0xb, 0xff, 0xff,
    0x97, 0xff, 0x20, 0x0, 0x0, 0x0, 0x0, 0x1,
    0xff, 0x89, 0xff, 0xff, 0xc0, 0x0, 0x0, 0x0,
    0x0, 0x0, 0x4f, 0xf0, 0x4, 0xcf, 0xc2, 0x0,
    0x0, 0x0, 0x0, 0x0, 0x0, 0x0, 0x0, 0x0,
    0x0, 0x0, 0x0, 0x0, 0x0, 0x0, 0x0, 0x0,
    0x0, 0x0, 0x0, 0x0, 0x0, 0x0, 0x0, 0x0,
    0x0, 0x0, 0x0, 0x0, 0x0, 0x0, 0x0, 0x0,
    0x0, 0x0, 0x0, 0x0, 0x3, 0x9d, 0xff, 0xfd,
    0x94, 0x0, 0x0, 0x0, 0x0, 0x0, 0x2b, 0xff,
    0xff, 0xff, 0xff, 0xfc, 0x20, 0x0, 0x0, 0x0,
    0x4f, 0xff, 0xff, 0xff, 0xff, 0xff, 0xff, 0x40,
    0x0, 0x0, 0x2f, 0xff, 0xff, 0xeb, 0x9a, 0xef,
    0xff, 0xff, 0x30, 0x0, 0xd, 0xff, 0xff, 0x60,
    0x0, 0x0, 0x5e, 0xff, 0xfd, 0x0, 0x6, 0xff,
    0xff, 0x30, 0x0, 0x0, 0x0, 0x2f, 0xff, 0xf6,
    0x0, 0xcf, 0xff, 0x70, 0x0, 0x0, 0x0, 0x0,
    0x6f, 0xff, 0xd0, 0x1f, 0xff, 0xf0, 0x0, 0x0,
    0x0, 0x0, 0x0, 0xef, 0xff, 0x24, 0xff, 0xfb,
    0x0, 0x0, 0x0, 0x0, 0x0, 0xa, 0xff, 0xf5,
    0x6f, 0xff, 0x80, 0x0, 0x0, 0x0, 0x0, 0x0,
    0x7f, 0xff, 0x77, 0xff, 0xf7, 0x0, 0x0, 0x0,
    0x0, 0x0, 0x6, 0xff, 0xf8, 0x7f, 0xff, 0x70,
    0x0, 0x0, 0x0, 0x0, 0x0, 0x6f, 0xff, 0x86,
    0xff, 0xf8, 0x0, 0x0, 0x0, 0x0, 0x0, 0x7,
    0xff, 0xf7, 0x4f, 0xff, 0xb0, 0x0, 0x0, 0x0,
    0x0, 0x0, 0xaf, 0xff, 0x51, 0xff, 0xff, 0x0,
    0x0, 0x0, 0x0, 0x0, 0xe, 0xff, 0xf2, 0xc,
    0xff, 0xf7, 0x0, 0x0, 0x0, 0x0, 0x6, 0xff,
    0xfd, 0x0, 0x6f, 0xff, 0xf3, 0x0, 0x0, 0x0,
    0x2, 0xff, 0xff, 0x60, 0x0, 0xdf, 0xff, 0xf6,
    0x0, 0x0, 0x5, 0xef, 0xff, 0xd0, 0x0, 0x2,
    0xff, 0xff, 0xfe, 0xb9, 0xae, 0xff, 0xff, 0xf3,
    0x0, 0x0, 0x4, 0xff, 0xff, 0xff, 0xff, 0xff,
    0xff, 0xf4, 0x0, 0x0, 0x0, 0x2, 0xbf, 0xff,
    0xff, 0xff, 0xff, 0xc2, 0x0, 0x0, 0x0, 0x0,
    0x0, 0x39, 0xdf, 0xff, 0xd9, 0x40, 0x0, 0x0,
    0x0,

    /* U+00D6 "Ö" */
    0x0, 0x0, 0x0, 0x1, 0x0, 0x0, 0x1, 0x0,
    0x0, 0x0, 0x0, 0x0, 0x0, 0x2e, 0xfb, 0x0,
    0xa, 0xfe, 0x30, 0x0, 0x0, 0x0, 0x0, 0x9,
    0xff, 0xf5, 0x3, 0xff, 0xfb, 0x0, 0x0, 0x0,
    0x0, 0x0, 0x9f, 0xff, 0x40, 0x3f, 0xff, 0xa0,
    0x0, 0x0, 0x0, 0x0, 0x1, 0xcf, 0x90, 0x0,
    0x8f, 0xd2, 0x0, 0x0, 0x0, 0x0, 0x0, 0x0,
    0x0, 0x0, 0x0, 0x0, 0x0, 0x0, 0x0, 0x0,
    0x0, 0x0, 0x0, 0x0, 0x0, 0x0, 0x0, 0x0,
    0x0, 0x0, 0x0, 0x0, 0x0, 0x0, 0x0, 0x0,
    0x0, 0x0, 0x0, 0x0, 0x0, 0x0, 0x0, 0x39,
    0xdf, 0xff, 0xd9, 0x40, 0x0, 0x0, 0x0, 0x0,
    0x2, 0xbf, 0xff, 0xff, 0xff, 0xff, 0xc2, 0x0,
    0x0, 0x0, 0x4, 0xff, 0xff, 0xff, 0xff, 0xff,
    0xff, 0xf4, 0x0, 0x0, 0x2, 0xff, 0xff, 0xfe,
    0xb9, 0xae, 0xff, 0xff, 0xf3, 0x0, 0x0, 0xdf,
    0xff, 0xf6, 0x0, 0x0, 0x5, 0xef, 0xff, 0xd0,
    0x0, 0x6f, 0xff, 0xf3, 0x0, 0x0, 0x0, 0x2,
    0xff, 0xff, 0x60, 0xc, 0xff, 0xf7, 0x0, 0x0,
    0x0, 0x0, 0x6, 0xff, 0xfd, 0x1, 0xff, 0xff,
    0x0, 0x0, 0x0, 0x0, 0x0, 0xe, 0xff, 0xf2,
    0x4f, 0xff, 0xb0, 0x0, 0x0, 0x0, 0x0, 0x0,
    0xaf, 0xff, 0x56, 0xff, 0xf8, 0x0, 0x0, 0x0,
    0x0, 0x0, 0x7, 0xff, 0xf7, 0x7f, 0xff, 0x70,
    0x0, 0x0, 0x0, 0x0, 0x0, 0x6f, 0xff, 0x87,
    0xff, 0xf7, 0x0, 0x0, 0x0, 0x0, 0x0, 0x6,
    0xff, 0xf8, 0x6f, 0xff, 0x80, 0x0, 0x0, 0x0,
    0x0, 0x0, 0x7f, 0xff, 0x74, 0xff, 0xfb, 0x0,
    0x0, 0x0, 0x0, 0x0, 0xa, 0xff, 0xf5, 0x1f,
    0xff, 0xf0, 0x0, 0x0, 0x0, 0x0, 0x0, 0xef,
    0xff, 0x20, 0xcf, 0xff, 0x70, 0x0, 0x0, 0x0,
    0x0, 0x6f, 0xff, 0xd0, 0x6, 0xff, 0xff, 0x30,
    0x0, 0x0, 0x0, 0x2f, 0xff, 0xf6, 0x0, 0xd,
    0xff, 0xff, 0x60, 0x0, 0x0, 0x5e, 0xff, 0xfd,
    0x0, 0x0, 0x2f, 0xff, 0xff, 0xeb, 0x9a, 0xef,
    0xff, 0xff, 0x30, 0x0, 0x0, 0x4f, 0xff, 0xff,
    0xff, 0xff, 0xff, 0xff, 0x40, 0x0, 0x0, 0x0,
    0x2b, 0xff, 0xff, 0xff, 0xff, 0xfc, 0x20, 0x0,
    0x0, 0x0, 0x0, 0x3, 0x9d, 0xff, 0xfd, 0x94,
    0x0, 0x0, 0x0,

    /* U+00D7 "×" */
    0x0, 0x12, 0x0, 0x0, 0x0, 0x0, 0x3, 0x0,
    0x1, 0xde, 0x20, 0x0, 0x0, 0x0, 0xcf, 0x30,
    0xc, 0xff, 0xe2, 0x0, 0x0, 0xb, 0xff, 0xe2,
    0xb, 0xff, 0xfe, 0x20, 0x0, 0xbf, 0xff, 0xe2,
    0x0, 0xcf, 0xff, 0xd1, 0xb, 0xff, 0xfe, 0x20,
    0x0, 0xc, 0xff, 0xfd, 0xbf, 0xff, 0xe2, 0x0,
    0x0, 0x0, 0xcf, 0xff, 0xff, 0xfe, 0x20, 0x0,
    0x0, 0x0, 0x1c, 0xff, 0xff, 0xe3, 0x0, 0x0,
    0x0, 0x0, 0xa, 0xff, 0xff, 0xd1, 0x0, 0x0,
    0x0, 0x0, 0x9f, 0xff, 0xff, 0xfc, 0x0, 0x0,
    0x0, 0x9, 0xff, 0xff, 0xef, 0xff, 0xc0, 0x0,
    0x0, 0x8f, 0xff, 0xf4, 0x1d, 0xff, 0xfb, 0x0,
    0x8, 0xff, 0xff, 0x40, 0x1, 0xef, 0xff, 0xb0,
    0x1e, 0xff, 0xf4, 0x0, 0x0, 0x2e, 0xff, 0xf4,
    0x3, 0xff, 0x50, 0x0, 0x0, 0x2, 0xef, 0x60,
    0x0, 0x35, 0x0, 0x0, 0x0, 0x0, 0x26, 0x0,

    /* U+00D8 "Ø" */
    0x0, 0x0, 0x0, 0x0, 0x0, 0x0, 0x0, 0x0,
    0x4, 0x0, 0x0, 0x0, 0x0, 0x3, 0x9d, 0xff,
    0xfd, 0x94, 0x8, 0xfa, 0x0, 0x0, 0x0, 0x2b,
    0xff, 0xff, 0xff, 0xff, 0xfc, 0xff, 0xd0, 0x0,
    0x0, 0x4f, 0xff, 0xff, 0xff, 0xff, 0xff, 0xff,
    0xf3, 0x0, 0x0, 0x2f, 0xff, 0xff, 0xeb, 0x9a,
    0xef, 0xff, 0xff, 0x30, 0x0, 0xd, 0xff, 0xff,
    0x60, 0x0, 0x0, 0x9f, 0xff, 0xfd, 0x0, 0x6,
    0xff, 0xff, 0x30, 0x0, 0x0, 0x2f, 0xff, 0xff,
    0xf6, 0x0, 0xcf, 0xff, 0x70, 0x0, 0x0, 0xc,
    0xff, 0xaf, 0xff, 0xd0, 0x1f, 0xff, 0xf0, 0x0,
    0x0, 0x8, 0xff, 0x90, 0xef, 0xff, 0x24, 0xff,
    0xfb, 0x0, 0x0, 0x3, 0xff, 0xd0, 0xa, 0xff,
    0xf5, 0x6f, 0xff, 0x80, 0x0, 0x1, 0xef, 0xf3,
    0x0, 0x7f, 0xff, 0x77, 0xff, 0xf7, 0x0, 0x0,
    0xaf, 0xf7, 0x0, 0x6, 0xff, 0xf8, 0x7f, 0xff,
    0x70, 0x0, 0x6f, 0xfb, 0x0, 0x0, 0x6f, 0xff,
    0x86, 0xff, 0xf8, 0x0, 0x2f, 0xfe, 0x10, 0x0,
    0x7, 0xff, 0xf7, 0x4f, 0xff, 0xb0, 0xc, 0xff,
    0x50, 0x0, 0x0, 0xaf, 0xff, 0x51, 0xff, 0xff,
    0x8, 0xff, 0x90, 0x0, 0x0, 0xe, 0xff, 0xf2,
    0xc, 0xff, 0xfa, 0xff, 0xd0, 0x0, 0x0, 0x6,
    0xff, 0xfd, 0x0, 0x6f, 0xff, 0xff, 0xf3, 0x0,
    0x0, 0x2, 0xff, 0xff, 0x60, 0x0, 0xdf, 0xff,
    0xfb, 0x0, 0x0, 0x5, 0xef, 0xff, 0xd0, 0x0,
    0x2, 0xff, 0xff, 0xfe, 0xb9, 0xae, 0xff, 0xff,
    0xf3, 0x0, 0x0, 0x2f, 0xff, 0xff, 0xff, 0xff,
    0xff, 0xff, 0xf4, 0x0, 0x0, 0xc, 0xff, 0xcf,
    0xff, 0xff, 0xff, 0xff, 0xc2, 0x0, 0x0, 0x0,
    0x9f, 0x90, 0x39, 0xdf, 0xff, 0xd9, 0x40, 0x0,
    0x0, 0x0, 0x0, 0x40, 0x0, 0x0, 0x0, 0x0,
    0x0, 0x0, 0x0, 0x0,

    /* U+00D9 "Ù" */
    0x0, 0x0, 0x9, 0x99, 0x50, 0x0, 0x0, 0x0,
    0x0, 0x0, 0x0, 0x8, 0xff, 0xe0, 0x0, 0x0,
    0x0, 0x0, 0x0, 0x0, 0x0, 0xdf, 0xf5, 0x0,
    0x0, 0x0, 0x0, 0x0, 0x0, 0x0, 0x4f, 0xfd,
    0x0, 0x0, 0x0, 0x0, 0x0, 0x0, 0x0, 0x9,
    0xff, 0x40, 0x0, 0x0, 0x0, 0x0, 0x0, 0x0,
    0x0, 0x0, 0x0, 0x0, 0x0, 0x0, 0x0, 0x0,
    0x0, 0x0, 0x0, 0x0, 0x0, 0x0, 0x0, 0x0,
    0x0, 0x0, 0x0, 0x0, 0x0, 0x0, 0x0, 0x0,
    0xcf, 0xff, 0x10, 0x0, 0x0, 0x0, 0x0, 0xff,
    0xfe, 0xcf, 0xff, 0x10, 0x0, 0x0, 0x0, 0x0,
    0xff, 0xfe, 0xcf, 0xff, 0x10, 0x0, 0x0, 0x0,
    0x0, 0xff, 0xfe, 0xcf, 0xff, 0x10, 0x0, 0x0,
    0x0, 0x0, 0xff, 0xfe, 0xcf, 0xff, 0x10, 0x0,
    0x0, 0x0, 0x0, 0xff, 0xfe, 0xcf, 0xff, 0x10,
    0x0, 0x0, 0x0, 0x0, 0xff, 0xfe, 0xcf, 0xff,
    0x10, 0x0, 0x0, 0x0, 0x0, 0xff, 0xfe, 0xcf,
    0xff, 0x10, 0x0, 0x0, 0x0, 0x0, 0xff, 0xfe,
    0xcf, 0xff, 0x10, 0x0, 0x0, 0x0, 0x0, 0xff,
    0xfe, 0xcf, 0xff, 0x10, 0x0, 0x0, 0x0, 0x0,
    0xff, 0xfe, 0xcf, 0xff, 0x10, 0x0, 0x0, 0x0,
    0x0, 0xff, 0xfe, 0xcf, 0xff, 0x10, 0x0, 0x0,
    0x0, 0x0, 0xff, 0xfe, 0xcf, 0xff, 0x10, 0x0,
    0x0, 0x0, 0x0, 0xff, 0xfe, 0xcf, 0xff, 0x10,
    0x0, 0x0, 0x0, 0x0, 0xff, 0xfe, 0xcf, 0xff,
    0x20, 0x0, 0x0, 0x0, 0x1, 0xff, 0xfe, 0xbf,
    0xff, 0x60, 0x0, 0x0, 0x0, 0x5, 0xff, 0xfc,
    0x7f, 0xff, 0xe1, 0x0, 0x0, 0x0, 0xd, 0xff,
    0xf8, 0x1f, 0xff, 0xfd, 0x20, 0x0, 0x2, 0xcf,
    0xff, 0xf2, 0x8, 0xff, 0xff, 0xfc, 0xa9, 0xcf,
    0xff, 0xff, 0x90, 0x0, 0xaf, 0xff, 0xff, 0xff,
    0xff, 0xff, 0xfb, 0x0, 0x0, 0x7, 0xff, 0xff,
    0xff, 0xff, 0xff, 0x80, 0x0, 0x0, 0x0, 0x17,
    0xbe, 0xff, 0xeb, 0x71, 0x0, 0x0,

    /* U+00DA "Ú" */
    0x0, 0x0, 0x0, 0x0, 0x4, 0x99, 0x91, 0x0,
    0x0, 0x0, 0x0, 0x0, 0x0, 0xd, 0xff, 0x90,
    0x0, 0x0, 0x0, 0x0, 0x0, 0x0, 0x4f, 0xfe,
    0x10, 0x0, 0x0, 0x0, 0x0, 0x0, 0x0, 0xbf,
    0xf5, 0x0, 0x0, 0x0, 0x0, 0x0, 0x0, 0x3,
    0xff, 0xa0, 0x0, 0x0, 0x0, 0x0, 0x0, 0x0,
    0x0, 0x0, 0x0, 0x0, 0x0, 0x0, 0x0, 0x0,
    0x0, 0x0, 0x0, 0x0, 0x0, 0x0, 0x0, 0x0,
    0x0, 0x0, 0x0, 0x0, 0x0, 0x0, 0x0, 0x0,
    0xcf, 0xff, 0x10, 0x0, 0x0, 0x0, 0x0, 0xff,
    0xfe, 0xcf, 0xff, 0x10, 0x0, 0x0, 0x0, 0x0,
    0xff, 0xfe, 0xcf, 0xff, 0x10, 0x0, 0x0, 0x0,
    0x0, 0xff, 0xfe, 0xcf, 0xff, 0x10, 0x0, 0x0,
    0x0, 0x0, 0xff, 0xfe, 0xcf, 0xff, 0x10, 0x0,
    0x0, 0x0, 0x0, 0xff, 0xfe, 0xcf, 0xff, 0x10,
    0x0, 0x0, 0x0, 0x0, 0xff, 0xfe, 0xcf, 0xff,
    0x10, 0x0, 0x0, 0x0, 0x0, 0xff, 0xfe, 0xcf,
    0xff, 0x10, 0x0, 0x0, 0x0, 0x0, 0xff, 0xfe,
    0xcf, 0xff, 0x10, 0x0, 0x0, 0x0, 0x0, 0xff,
    0xfe, 0xcf, 0xff, 0x10, 0x0, 0x0, 0x0, 0x0,
    0xff, 0xfe, 0xcf, 0xff, 0x10, 0x0, 0x0, 0x0,
    0x0, 0xff, 0xfe, 0xcf, 0xff, 0x10, 0x0, 0x0,
    0x0, 0x0, 0xff, 0xfe, 0xcf, 0xff, 0x10, 0x0,
    0x0, 0x0, 0x0, 0xff, 0xfe, 0xcf, 0xff, 0x10,
    0x0, 0x0, 0x0, 0x0, 0xff, 0xfe, 0xcf, 0xff,
    0x20, 0x0, 0x0, 0x0, 0x1, 0xff, 0xfe, 0xbf,
    0xff, 0x60, 0x0, 0x0, 0x0, 0x5, 0xff, 0xfc,
    0x7f, 0xff, 0xe1, 0x0, 0x0, 0x0, 0xd, 0xff,
    0xf8, 0x1f, 0xff, 0xfd, 0x20, 0x0, 0x2, 0xcf,
    0xff, 0xf2, 0x8, 0xff, 0xff, 0xfc, 0xa9, 0xcf,
    0xff, 0xff, 0x90, 0x0, 0xaf, 0xff, 0xff, 0xff,
    0xff, 0xff, 0xfb, 0x0, 0x0, 0x7, 0xff, 0xff,
    0xff, 0xff, 0xff, 0x80, 0x0, 0x0, 0x0, 0x17,
    0xbe, 0xff, 0xeb, 0x71, 0x0, 0x0,

    /* U+00DB "Û" */
    0x0, 0x0, 0x0, 0x5, 0x88, 0x60, 0x0, 0x0,
    0x0, 0x0, 0x0, 0x0, 0x6f, 0xff, 0xf7, 0x0,
    0x0, 0x0, 0x0, 0x0, 0x5, 0xff, 0xdd, 0xff,
    0x50, 0x0, 0x0, 0x0, 0x0, 0x4f, 0xff, 0x32,
    0xef, 0xf4, 0x0, 0x0, 0x0, 0x2, 0xff, 0xf5,
    0x0, 0x4f, 0xff, 0x20, 0x0, 0x0, 0x0, 0x0,
    0x0, 0x0, 0x0, 0x0, 0x0, 0x0, 0x0, 0x0,
    0x0, 0x0, 0x0, 0x0, 0x0, 0x0, 0x0, 0x0,
    0x0, 0x0, 0x0, 0x0, 0x0, 0x0, 0x0, 0x0,
    0xcf, 0xff, 0x10, 0x0, 0x0, 0x0, 0x0, 0xff,
    0xfe, 0xcf, 0xff, 0x10, 0x0, 0x0, 0x0, 0x0,
    0xff, 0xfe, 0xcf, 0xff, 0x10, 0x0, 0x0, 0x0,
    0x0, 0xff, 0xfe, 0xcf, 0xff, 0x10, 0x0, 0x0,
    0x0, 0x0, 0xff, 0xfe, 0xcf, 0xff, 0x10, 0x0,
    0x0, 0x0, 0x0, 0xff, 0xfe, 0xcf, 0xff, 0x10,
    0x0, 0x0, 0x0, 0x0, 0xff, 0xfe, 0xcf, 0xff,
    0x10, 0x0, 0x0, 0x0, 0x0, 0xff, 0xfe, 0xcf,
    0xff, 0x10, 0x0, 0x0, 0x0, 0x0, 0xff, 0xfe,
    0xcf, 0xff, 0x10, 0x0, 0x0, 0x0, 0x0, 0xff,
    0xfe, 0xcf, 0xff, 0x10, 0x0, 0x0, 0x0, 0x0,
    0xff, 0xfe, 0xcf, 0xff, 0x10, 0x0, 0x0, 0x0,
    0x0, 0xff, 0xfe, 0xcf, 0xff, 0x10, 0x0, 0x0,
    0x0, 0x0, 0xff, 0xfe, 0xcf, 0xff, 0x10, 0x0,
    0x0, 0x0, 0x0, 0xff, 0xfe, 0xcf, 0xff, 0x10,
    0x0, 0x0, 0x0, 0x0, 0xff, 0xfe, 0xcf, 0xff,
    0x20, 0x0, 0x0, 0x0, 0x1, 0xff, 0xfe, 0xbf,
    0xff, 0x60, 0x0, 0x0, 0x0, 0x5, 0xff, 0xfc,
    0x7f, 0xff, 0xe1, 0x0, 0x0, 0x0, 0xd, 0xff,
    0xf8, 0x1f, 0xff, 0xfd, 0x20, 0x0, 0x2, 0xcf,
    0xff, 0xf2, 0x8, 0xff, 0xff, 0xfc, 0xa9, 0xcf,
    0xff, 0xff, 0x90, 0x0, 0xaf, 0xff, 0xff, 0xff,
    0xff, 0xff, 0xfb, 0x0, 0x0, 0x7, 0xff, 0xff,
    0xff, 0xff, 0xff, 0x80, 0x0, 0x0, 0x0, 0x17,
    0xbe, 0xff, 0xeb, 0x71, 0x0, 0x0,

    /* U+00DC "Ü" */
    0x0, 0x0, 0x1, 0x0, 0x0, 0x0, 0x10, 0x0,
    0x0, 0x0, 0x0, 0x8f, 0xf4, 0x0, 0x3e, 0xf9,
    0x0, 0x0, 0x0, 0x1, 0xff, 0xfd, 0x0, 0xbf,
    0xff, 0x30, 0x0, 0x0, 0x1, 0xff, 0xfc, 0x0,
    0xbf, 0xff, 0x20, 0x0, 0x0, 0x0, 0x7f, 0xd3,
    0x0, 0x2d, 0xf8, 0x0, 0x0, 0x0, 0x0, 0x0,
    0x0, 0x0, 0x0, 0x0, 0x0, 0x0, 0x0, 0x0,
    0x0, 0x0, 0x0, 0x0, 0x0, 0x0, 0x0, 0x0,
    0x0, 0x0, 0x0, 0x0, 0x0, 0x0, 0x0, 0x0,
    0xcf, 0xff, 0x10, 0x0, 0x0, 0x0, 0x0, 0xff,
    0xfe, 0xcf, 0xff, 0x10, 0x0, 0x0, 0x0, 0x0,
    0xff, 0xfe, 0xcf, 0xff, 0x10, 0x0, 0x0, 0x0,
    0x0, 0xff, 0xfe, 0xcf, 0xff, 0x10, 0x0, 0x0,
    0x0, 0x0, 0xff, 0xfe, 0xcf, 0xff, 0x10, 0x0,
    0x0, 0x0, 0x0, 0xff, 0xfe, 0xcf, 0xff, 0x10,
    0x0, 0x0, 0x0, 0x0, 0xff, 0xfe, 0xcf, 0xff,
    0x10, 0x0, 0x0, 0x0, 0x0, 0xff, 0xfe, 0xcf,
    0xff, 0x10, 0x0, 0x0, 0x0, 0x0, 0xff, 0xfe,
    0xcf, 0xff, 0x10, 0x0, 0x0, 0x0, 0x0, 0xff,
    0xfe, 0xcf, 0xff, 0x10, 0x0, 0x0, 0x0, 0x0,
    0xff, 0xfe, 0xcf, 0xff, 0x10, 0x0, 0x0, 0x0,
    0x0, 0xff, 0xfe, 0xcf, 0xff, 0x10, 0x0, 0x0,
    0x0, 0x0, 0xff, 0xfe, 0xcf, 0xff, 0x10, 0x0,
    0x0, 0x0, 0x0, 0xff, 0xfe, 0xcf, 0xff, 0x10,
    0x0, 0x0, 0x0, 0x0, 0xff, 0xfe, 0xcf, 0xff,
    0x20, 0x0, 0x0, 0x0, 0x1, 0xff, 0xfe, 0xbf,
    0xff, 0x60, 0x0, 0x0, 0x0, 0x5, 0xff, 0xfc,
    0x7f, 0xff, 0xe1, 0x0, 0x0, 0x0, 0xd, 0xff,
    0xf8, 0x1f, 0xff, 0xfd, 0x20, 0x0, 0x2, 0xcf,
    0xff, 0xf2, 0x8, 0xff, 0xff, 0xfc, 0xa9, 0xcf,
    0xff, 0xff, 0x90, 0x0, 0xaf, 0xff, 0xff, 0xff,
    0xff, 0xff, 0xfb, 0x0, 0x0, 0x7, 0xff, 0xff,
    0xff, 0xff, 0xff, 0x80, 0x0, 0x0, 0x0, 0x17,
    0xbe, 0xff, 0xeb, 0x71, 0x0, 0x0,

    /* U+00DD "Ý" */
    0x0, 0x0, 0x0, 0x0, 0x0, 0xe, 0xff, 0xa0,
    0x0, 0x0, 0x0, 0x0, 0x0, 0x0, 0x0, 0x5,
    0xff, 0xe1, 0x0, 0x0, 0x0, 0x0, 0x0, 0x0,
    0x0, 0x0, 0xcf, 0xf6, 0x0, 0x0, 0x0, 0x0,
    0x0, 0x0, 0x0, 0x0, 0x4f, 0xfb, 0x0, 0x0,
    0x0, 0x0, 0x0, 0x0, 0x0, 0x0, 0x5, 0x99,
    0x20, 0x0, 0x0, 0x0, 0x0, 0x0, 0x0, 0x0,
    0x0, 0x0, 0x0, 0x0, 0x0, 0x0, 0x0, 0x0,
    0x0, 0x0, 0x0, 0x0, 0x0, 0x0, 0x0, 0x0,
    0x0, 0x0, 0xef, 0xff, 0x90, 0x0, 0x0, 0x0,
    0x0, 0x2f, 0xff, 0xf6, 0x5, 0xff, 0xff, 0x20,
    0x0, 0x0, 0x0, 0xb, 0xff, 0xfc, 0x0, 0xc,
    0xff, 0xfb, 0x0, 0x0, 0x0, 0x4, 0xff, 0xff,
    0x30, 0x0, 0x2f, 0xff, 0xf4, 0x0, 0x0, 0x0,
    0xcf, 0xff, 0x90, 0x0, 0x0, 0x9f, 0xff, 0xd0,
    0x0, 0x0, 0x5f, 0xff, 0xe1, 0x0, 0x0, 0x1,
    0xef, 0xff, 0x60, 0x0, 0xe, 0xff, 0xf6, 0x0,
    0x0, 0x0, 0x6, 0xff, 0xfe, 0x0, 0x7, 0xff,
    0xfd, 0x0, 0x0, 0x0, 0x0, 0xc, 0xff, 0xf8,
    0x1, 0xef, 0xff, 0x30, 0x0, 0x0, 0x0, 0x0,
    0x3f, 0xff, 0xf1, 0x8f, 0xff, 0xa0, 0x0, 0x0,
    0x0, 0x0, 0x0, 0x9f, 0xff, 0x8e, 0xff, 0xf1,
    0x0, 0x0, 0x0, 0x0, 0x0, 0x1, 0xef, 0xff,
    0xff, 0xf7, 0x0, 0x0, 0x0, 0x0, 0x0, 0x0,
    0x6, 0xff, 0xff, 0xfd, 0x0, 0x0, 0x0, 0x0,
    0x0, 0x0, 0x0, 0xc, 0xff, 0xff, 0x40, 0x0,
    0x0, 0x0, 0x0, 0x0, 0x0, 0x0, 0x4f, 0xff,
    0xc0, 0x0, 0x0, 0x0, 0x0, 0x0, 0x0, 0x0,
    0x3, 0xff, 0xfb, 0x0, 0x0, 0x0, 0x0, 0x0,
    0x0, 0x0, 0x0, 0x3f, 0xff, 0xb0, 0x0, 0x0,
    0x0, 0x0, 0x0, 0x0, 0x0, 0x3, 0xff, 0xfb,
    0x0, 0x0, 0x0, 0x0, 0x0, 0x0, 0x0, 0x0,
    0x3f, 0xff, 0xb0, 0x0, 0x0, 0x0, 0x0, 0x0,
    0x0, 0x0, 0x3, 0xff, 0xfb, 0x0, 0x0, 0x0,
    0x0, 0x0, 0x0, 0x0, 0x0, 0x3f, 0xff, 0xb0,
    0x0, 0x0, 0x0, 0x0, 0x0, 0x0, 0x0, 0x3,
    0xff, 0xfb, 0x0, 0x0, 0x0, 0x0, 0x0, 0x0,
    0x0, 0x0, 0x3f, 0xff, 0xb0, 0x0, 0x0, 0x0,
    0x0,

    /* U+00DE "Þ" */
    0xef, 0xff, 0x0, 0x0, 0x0, 0x0, 0x0, 0x0,
    0xef, 0xff, 0x0, 0x0, 0x0, 0x0, 0x0, 0x0,
    0xef, 0xff, 0x0, 0x0, 0x0, 0x0, 0x0, 0x0,
    0xef, 0xff, 0x0, 0x0, 0x0, 0x0, 0x0, 0x0,
    0xef, 0xff, 0xff, 0xff, 0xfd, 0x94, 0x0, 0x0,
    0xef, 0xff, 0xff, 0xff, 0xff, 0xff, 0xb1, 0x0,
    0xef, 0xff, 0xff, 0xff, 0xff, 0xff, 0xfd, 0x10,
    0xef, 0xff, 0x33, 0x33, 0x48, 0xff, 0xff, 0x90,
    0xef, 0xff, 0x0, 0x0, 0x0, 0x2f, 0xff, 0xf1,
    0xef, 0xff, 0x0, 0x0, 0x0, 0x8, 0xff, 0xf4,
    0xef, 0xff, 0x0, 0x0, 0x0, 0x5, 0xff, 0xf6,
    0xef, 0xff, 0x0, 0x0, 0x0, 0x7, 0xff, 0xf5,
    0xef, 0xff, 0x0, 0x0, 0x0, 0xd, 0xff, 0xf1,
    0xef, 0xff, 0x0, 0x0, 0x14, 0xcf, 0xff, 0xb0,
    0xef, 0xff, 0xff, 0xff, 0xff, 0xff, 0xff, 0x20,
    0xef, 0xff, 0xff, 0xff, 0xff, 0xff, 0xe3, 0x0,
    0xef, 0xff, 0xff, 0xff, 0xff, 0xd7, 0x0, 0x0,
    0xef, 0xff, 0x33, 0x33, 0x20, 0x0, 0x0, 0x0,
    0xef, 0xff, 0x0, 0x0, 0x0, 0x0, 0x0, 0x0,
    0xef, 0xff, 0x0, 0x0, 0x0, 0x0, 0x0, 0x0,
    0xef, 0xff, 0x0, 0x0, 0x0, 0x0, 0x0, 0x0,
    0xef, 0xff, 0x0, 0x0, 0x0, 0x0, 0x0, 0x0,

    /* U+00DF "ß" */
    0x0, 0x3, 0x9d, 0xff, 0xec, 0x81, 0x0, 0x0,
    0x0, 0xaf, 0xff, 0xff, 0xff, 0xff, 0x70, 0x0,
    0xb, 0xff, 0xff, 0xff, 0xff, 0xff, 0xf8, 0x0,
    0x4f, 0xff, 0xfd, 0x76, 0x8e, 0xff, 0xff, 0x20,
    0xaf, 0xff, 0xb0, 0x0, 0x1, 0xdf, 0xff, 0x70,
    0xcf, 0xff, 0x20, 0x0, 0x0, 0x6f, 0xff, 0x80,
    0xcf, 0xff, 0x0, 0x0, 0x0, 0x5f, 0xff, 0x70,
    0xcf, 0xff, 0x0, 0x0, 0x0, 0xaf, 0xff, 0x20,
    0xcf, 0xff, 0x0, 0x0, 0x18, 0xff, 0xf8, 0x0,
    0xcf, 0xff, 0x0, 0x7f, 0xff, 0xfe, 0x60, 0x0,
    0xcf, 0xff, 0x0, 0x7f, 0xff, 0xfd, 0x82, 0x0,
    0xcf, 0xff, 0x0, 0x7f, 0xff, 0xff, 0xff, 0x40,
    0xcf, 0xff, 0x0, 0x13, 0x35, 0xbf, 0xff, 0xf2,
    0xcf, 0xff, 0x0, 0x0, 0x0, 0x9, 0xff, 0xf9,
    0xcf, 0xff, 0x0, 0x0, 0x0, 0x1, 0xff, 0xfd,
    0xcf, 0xff, 0x0, 0x0, 0x0, 0x0, 0xef, 0xff,
    0xcf, 0xff, 0x0, 0x0, 0x0, 0x0, 0xff, 0xfe,
    0xcf, 0xff, 0x0, 0x0, 0x0, 0x9, 0xff, 0xfc,
    0xcf, 0xff, 0x0, 0x25, 0x56, 0xbf, 0xff, 0xf6,
    0xcf, 0xff, 0x0, 0x8f, 0xff, 0xff, 0xff, 0xc0,
    0xcf, 0xff, 0x0, 0x8f, 0xff, 0xff, 0xfc, 0x10,
    0xcf, 0xff, 0x0, 0x8f, 0xff, 0xeb, 0x50, 0x0,

    /* U+00E0 "à" */
    0x0, 0x8, 0xff, 0xf1, 0x0, 0x0, 0x0, 0x0,
    0x0, 0xd, 0xff, 0x80, 0x0, 0x0, 0x0, 0x0,
    0x0, 0x3f, 0xfe, 0x0, 0x0, 0x0, 0x0, 0x0,
    0x0, 0x9f, 0xf6, 0x0, 0x0, 0x0, 0x0, 0x0,
    0x0, 0x99, 0x70, 0x0, 0x0, 0x0, 0x0, 0x0,
    0x0, 0x0, 0x0, 0x0, 0x0, 0x0, 0x0, 0x0,
    0x0, 0x0, 0x0, 0x0, 0x0, 0x0, 0x18, 0xcf,
    0xff, 0xc8, 0x20, 0x0, 0x0, 0x6f, 0xff, 0xff,
    0xff, 0xff, 0x60, 0x0, 0x6f, 0xff, 0xff, 0xff,
    0xff, 0xff, 0x40, 0x1f, 0xff, 0xf8, 0x10, 0x19,
    0xff, 0xfd, 0x2, 0x8b, 0xe6, 0x0, 0x0, 0xc,
    0xff, 0xf1, 0x0, 0x0, 0x0, 0x0, 0x0, 0xaf,
    0xff, 0x30, 0x0, 0x0, 0x0, 0x2, 0x6e, 0xff,
    0xf3, 0x0, 0x5, 0x9c, 0xef, 0xff, 0xff, 0xff,
    0x30, 0x4e, 0xff, 0xff, 0xff, 0xff, 0xff, 0xf3,
    0x3f, 0xff, 0xfe, 0xa8, 0x52, 0x9f, 0xff, 0x3a,
    0xff, 0xf7, 0x0, 0x0, 0x9, 0xff, 0xf3, 0xdf,
    0xfe, 0x0, 0x0, 0x0, 0xbf, 0xff, 0x3d, 0xff,
    0xe0, 0x0, 0x0, 0x2f, 0xff, 0xf3, 0xbf, 0xff,
    0x81, 0x0, 0x5e, 0xff, 0xff, 0x34, 0xff, 0xff,
    0xfe, 0xff, 0xfc, 0xff, 0xf3, 0x8, 0xff, 0xff,
    0xff, 0xf8, 0x7f, 0xff, 0x30, 0x4, 0xbe, 0xff,
    0xb4, 0x7, 0xff, 0xf3,

    /* U+00E1 "á" */
    0x0, 0x0, 0x0, 0x2, 0xff, 0xf7, 0x0, 0x0,
    0x0, 0x0, 0x0, 0x9f, 0xfc, 0x0, 0x0, 0x0,
    0x0, 0x0, 0x1f, 0xff, 0x20, 0x0, 0x0, 0x0,
    0x0, 0x7, 0xff, 0x80, 0x0, 0x0, 0x0, 0x0,
    0x0, 0x79, 0x90, 0x0, 0x0, 0x0, 0x0, 0x0,
    0x0, 0x0, 0x0, 0x0, 0x0, 0x0, 0x0, 0x0,
    0x0, 0x0, 0x0, 0x0, 0x0, 0x0, 0x18, 0xcf,
    0xff, 0xc8, 0x20, 0x0, 0x0, 0x6f, 0xff, 0xff,
    0xff, 0xff, 0x60, 0x0, 0x6f, 0xff, 0xff, 0xff,
    0xff, 0xff, 0x40, 0x1f, 0xff, 0xf8, 0x10, 0x19,
    0xff, 0xfd, 0x2, 0x8b, 0xe6, 0x0, 0x0, 0xc,
    0xff, 0xf1, 0x0, 0x0, 0x0, 0x0, 0x0, 0xaf,
    0xff, 0x30, 0x0, 0x0, 0x0, 0x2, 0x6e, 0xff,
    0xf3, 0x0, 0x5, 0x9c, 0xef, 0xff, 0xff, 0xff,
    0x30, 0x4e, 0xff, 0xff, 0xff, 0xff, 0xff, 0xf3,
    0x3f, 0xff, 0xfe, 0xa8, 0x52, 0x9f, 0xff, 0x3a,
    0xff, 0xf7, 0x0, 0x0, 0x9, 0xff, 0xf3, 0xdf,
    0xfe, 0x0, 0x0, 0x0, 0xbf, 0xff, 0x3d, 0xff,
    0xe0, 0x0, 0x0, 0x2f, 0xff, 0xf3, 0xbf, 0xff,
    0x81, 0x0, 0x5e, 0xff, 0xff, 0x34, 0xff, 0xff,
    0xfe, 0xff, 0xfc, 0xff, 0xf3, 0x8, 0xff, 0xff,
    0xff, 0xf8, 0x7f, 0xff, 0x30, 0x4, 0xbe, 0xff,
    0xb4, 0x7, 0xff, 0xf3,

    /* U+00E2 "â" */
    0x0, 0x0, 0x8, 0xff, 0xf7, 0x0, 0x0, 0x0,
    0x0, 0x6, 0xff, 0xff, 0xf5, 0x0, 0x0, 0x0,
    0x5, 0xff, 0xe3, 0xef, 0xf3, 0x0, 0x0, 0x4,
    0xff, 0xf3, 0x3, 0xff, 0xf2, 0x0, 0x0, 0x78,
    0x84, 0x0, 0x5, 0x88, 0x60, 0x0, 0x0, 0x0,
    0x0, 0x0, 0x0, 0x0, 0x0, 0x0, 0x0, 0x0,
    0x0, 0x0, 0x0, 0x0, 0x0, 0x0, 0x18, 0xcf,
    0xff, 0xc8, 0x20, 0x0, 0x0, 0x6f, 0xff, 0xff,
    0xff, 0xff, 0x60, 0x0, 0x6f, 0xff, 0xff, 0xff,
    0xff, 0xff, 0x40, 0x1f, 0xff, 0xf8, 0x10, 0x19,
    0xff, 0xfd, 0x2, 0x8b, 0xe6, 0x0, 0x0, 0xc,
    0xff, 0xf1, 0x0, 0x0, 0x0, 0x0, 0x0, 0xaf,
    0xff, 0x30, 0x0, 0x0, 0x0, 0x2, 0x6e, 0xff,
    0xf3, 0x0, 0x5, 0x9c, 0xef, 0xff, 0xff, 0xff,
    0x30, 0x4e, 0xff, 0xff, 0xff, 0xff, 0xff, 0xf3,
    0x3f, 0xff, 0xfe, 0xa8, 0x52, 0x9f, 0xff, 0x3a,
    0xff, 0xf7, 0x0, 0x0, 0x9, 0xff, 0xf3, 0xdf,
    0xfe, 0x0, 0x0, 0x0, 0xbf, 0xff, 0x3d, 0xff,
    0xe0, 0x0, 0x0, 0x2f, 0xff, 0xf3, 0xbf, 0xff,
    0x81, 0x0, 0x5e, 0xff, 0xff, 0x34, 0xff, 0xff,
    0xfe, 0xff, 0xfc, 0xff, 0xf3, 0x8, 0xff, 0xff,
    0xff, 0xf8, 0x7f, 0xff, 0x30, 0x4, 0xbe, 0xff,
    0xb4, 0x7, 0xff, 0xf3,

    /* U+00E3 "ã" */
    0x0, 0x0, 0x14, 0x20, 0x0, 0x45, 0x10, 0x0,
    0x0, 0x5f, 0xff, 0xb3, 0x2f, 0xf3, 0x0, 0x0,
    0xf, 0xff, 0xff, 0xff, 0xfe, 0x0, 0x0, 0x4,
    0xff, 0x23, 0xcf, 0xff, 0x50, 0x0, 0x0, 0x15,
    0x40, 0x0, 0x24, 0x10, 0x0, 0x0, 0x0, 0x0,
    0x0, 0x0, 0x0, 0x0, 0x0, 0x0, 0x0, 0x0,
    0x0, 0x0, 0x0, 0x0, 0x0, 0x0, 0x18, 0xcf,
    0xff, 0xc8, 0x20, 0x0, 0x0, 0x6f, 0xff, 0xff,
    0xff, 0xff, 0x60, 0x0, 0x6f, 0xff, 0xff, 0xff,
    0xff, 0xff, 0x40, 0x1f, 0xff, 0xf8, 0x10, 0x19,
    0xff, 0xfd, 0x2, 0x8b, 0xe6, 0x0, 0x0, 0xc,
    0xff, 0xf1, 0x0, 0x0, 0x0, 0x0, 0x0, 0xaf,
    0xff, 0x30, 0x0, 0x0, 0x0, 0x2, 0x6e, 0xff,
    0xf3, 0x0, 0x5, 0x9c, 0xef, 0xff, 0xff, 0xff,
    0x30, 0x4e, 0xff, 0xff, 0xff, 0xff, 0xff, 0xf3,
    0x3f, 0xff, 0xfe, 0xa8, 0x52, 0x9f, 0xff, 0x3a,
    0xff, 0xf7, 0x0, 0x0, 0x9, 0xff, 0xf3, 0xdf,
    0xfe, 0x0, 0x0, 0x0, 0xbf, 0xff, 0x3d, 0xff,
    0xe0, 0x0, 0x0, 0x2f, 0xff, 0xf3, 0xbf, 0xff,
    0x81, 0x0, 0x5e, 0xff, 0xff, 0x34, 0xff, 0xff,
    0xfe, 0xff, 0xfc, 0xff, 0xf3, 0x8, 0xff, 0xff,
    0xff, 0xf8, 0x7f, 0xff, 0x30, 0x4, 0xbe, 0xff,
    0xb4, 0x7, 0xff, 0xf3,

    /* U+00E4 "ä" */
    0x0, 0x2d, 0xf8, 0x0, 0x9, 0xfc, 0x10, 0x0,
    0xa, 0xff, 0xf3, 0x4, 0xff, 0xf9, 0x0, 0x0,
    0xaf, 0xff, 0x40, 0x4f, 0xff, 0xa0, 0x0, 0x3,
    0xef, 0xa0, 0x0, 0xbf, 0xe2, 0x0, 0x0, 0x0,
    0x10, 0x0, 0x0, 0x10, 0x0, 0x0, 0x0, 0x0,
    0x0, 0x0, 0x0, 0x0, 0x0, 0x0, 0x0, 0x0,
    0x0, 0x0, 0x0, 0x0, 0x0, 0x0, 0x18, 0xcf,
    0xff, 0xc8, 0x20, 0x0, 0x0, 0x6f, 0xff, 0xff,
    0xff, 0xff, 0x60, 0x0, 0x6f, 0xff, 0xff, 0xff,
    0xff, 0xff, 0x40, 0x1f, 0xff, 0xf8, 0x10, 0x19,
    0xff, 0xfd, 0x2, 0x8b, 0xe6, 0x0, 0x0, 0xc,
    0xff, 0xf1, 0x0, 0x0, 0x0, 0x0, 0x0, 0xaf,
    0xff, 0x30, 0x0, 0x0, 0x0, 0x2, 0x6e, 0xff,
    0xf3, 0x0, 0x5, 0x9c, 0xef, 0xff, 0xff, 0xff,
    0x30, 0x4e, 0xff, 0xff, 0xff, 0xff, 0xff, 0xf3,
    0x3f, 0xff, 0xfe, 0xa8, 0x52, 0x9f, 0xff, 0x3a,
    0xff, 0xf7, 0x0, 0x0, 0x9, 0xff, 0xf3, 0xdf,
    0xfe, 0x0, 0x0, 0x0, 0xbf, 0xff, 0x3d, 0xff,
    0xe0, 0x0, 0x0, 0x2f, 0xff, 0xf3, 0xbf, 0xff,
    0x81, 0x0, 0x5e, 0xff, 0xff, 0x34, 0xff, 0xff,
    0xfe, 0xff, 0xfc, 0xff, 0xf3, 0x8, 0xff, 0xff,
    0xff, 0xf8, 0x7f, 0xff, 0x30, 0x4, 0xbe, 0xff,
    0xb4, 0x7, 0xff, 0xf3,

    /* U+00E5 "å" */
    0x0, 0x0, 0x7, 0xdf, 0xd6, 0x0, 0x0, 0x0,
    0x0, 0x9, 0xff, 0xff, 0xf8, 0x0, 0x0, 0x0,
    0x3, 0xff, 0x50, 0x6f, 0xf2, 0x0, 0x0, 0x0,
    0x7f, 0xc0, 0x0, 0xdf, 0x60, 0x0, 0x0, 0x7,
    0xfc, 0x0, 0xd, 0xf6, 0x0, 0x0, 0x0, 0x3f,
    0xf6, 0x6, 0xff, 0x20, 0x0, 0x0, 0x0, 0x9f,
    0xff, 0xff, 0x80, 0x0, 0x0, 0x0, 0x0, 0x7d,
    0xfd, 0x60, 0x0, 0x0, 0x0, 0x0, 0x0, 0x0,
    0x0, 0x0, 0x0, 0x0, 0x0, 0x18, 0xcf, 0xff,
    0xc8, 0x20, 0x0, 0x0, 0x6f, 0xff, 0xff, 0xff,
    0xff, 0x60, 0x0, 0x6f, 0xff, 0xff, 0xff, 0xff,
    0xff, 0x40, 0x1f, 0xff, 0xf8, 0x10, 0x19, 0xff,
    0xfd, 0x2, 0x8b, 0xe6, 0x0, 0x0, 0xc, 0xff,
    0xf1, 0x0, 0x0, 0x0, 0x0, 0x0, 0xaf, 0xff,
    0x30, 0x0, 0x0, 0x0, 0x2, 0x6e, 0xff, 0xf3,
    0x0, 0x5, 0x9c, 0xef, 0xff, 0xff, 0xff, 0x30,
    0x4e, 0xff, 0xff, 0xff, 0xff, 0xff, 0xf3, 0x3f,
    0xff, 0xfe, 0xa8, 0x52, 0x9f, 0xff, 0x3a, 0xff,
    0xf7, 0x0, 0x0, 0x9, 0xff, 0xf3, 0xdf, 0xfe,
    0x0, 0x0, 0x0, 0xbf, 0xff, 0x3d, 0xff, 0xe0,
    0x0, 0x0, 0x2f, 0xff, 0xf3, 0xbf, 0xff, 0x81,
    0x0, 0x5e, 0xff, 0xff, 0x34, 0xff, 0xff, 0xfe,
    0xff, 0xfc, 0xff, 0xf3, 0x8, 0xff, 0xff, 0xff,
    0xf8, 0x7f, 0xff, 0x30, 0x4, 0xbe, 0xff, 0xb4,
    0x7, 0xff, 0xf3,

    /* U+00E6 "æ" */
    0x0, 0x1, 0x8c, 0xff, 0xfc, 0x60, 0x0, 0x5b,
    0xef, 0xfc, 0x71, 0x0, 0x0, 0x0, 0x6f, 0xff,
    0xff, 0xff, 0xfc, 0x2b, 0xff, 0xff, 0xff, 0xff,
    0x50, 0x0, 0x6, 0xff, 0xff, 0xff, 0xff, 0xff,
    0xff, 0xff, 0xff, 0xff, 0xff, 0xf5, 0x0, 0x1f,
    0xff, 0xf8, 0x21, 0x29, 0xff, 0xff, 0xfb, 0x31,
    0x28, 0xff, 0xfe, 0x10, 0x29, 0xcf, 0x70, 0x0,
    0x0, 0xcf, 0xff, 0xa0, 0x0, 0x0, 0x6f, 0xff,
    0x70, 0x0, 0x0, 0x0, 0x0, 0x0, 0x9f, 0xff,
    0x10, 0x0, 0x0, 0xd, 0xff, 0xc0, 0x0, 0x0,
    0x0, 0x0, 0x0, 0x9f, 0xfc, 0x0, 0x0, 0x0,
    0xa, 0xff, 0xf0, 0x0, 0x6, 0xad, 0xff, 0xff,
    0xff, 0xff, 0xff, 0xff, 0xff, 0xff, 0xff, 0xf1,
    0x3, 0xef, 0xff, 0xff, 0xff, 0xff, 0xff, 0xff,
    0xff, 0xff, 0xff, 0xff, 0xf2, 0x2f, 0xff, 0xfe,
    0xba, 0xaa, 0xef, 0xfe, 0xaa, 0xaa, 0xaa, 0xaa,
    0xaa, 0xa1, 0xaf, 0xff, 0x80, 0x0, 0x0, 0x9f,
    0xfd, 0x0, 0x0, 0x0, 0x0, 0x0, 0x0, 0xdf,
    0xfe, 0x0, 0x0, 0x0, 0xcf, 0xff, 0x20, 0x0,
    0x0, 0x1, 0x0, 0x0, 0xdf, 0xfe, 0x0, 0x0,
    0x4, 0xff, 0xff, 0xb0, 0x0, 0x0, 0x1e, 0xfe,
    0xa0, 0xbf, 0xff, 0xa3, 0x12, 0x7f, 0xff, 0xff,
    0xfc, 0x41, 0x15, 0xdf, 0xff, 0x70, 0x5f, 0xff,
    0xff, 0xff, 0xff, 0xfa, 0xef, 0xff, 0xff, 0xff,
    0xff, 0xfd, 0x0, 0x8, 0xff, 0xff, 0xff, 0xff,
    0x80, 0x2c, 0xff, 0xff, 0xff, 0xff, 0xb1, 0x0,
    0x0, 0x4a, 0xef, 0xfd, 0x82, 0x0, 0x0, 0x5b,
    0xef, 0xfd, 0xa4, 0x0, 0x0,

    /* U+00E7 "ç" */
    0x0, 0x0, 0x39, 0xdf, 0xfe, 0xa5, 0x0, 0x0,
    0x0, 0x9, 0xff, 0xff, 0xff, 0xff, 0xc1, 0x0,
    0x0, 0xbf, 0xff, 0xff, 0xff, 0xff, 0xfd, 0x0,
    0x6, 0xff, 0xff, 0x83, 0x36, 0xef, 0xff, 0x90,
    0xe, 0xff, 0xf5, 0x0, 0x0, 0x2f, 0xff, 0xf0,
    0x4f, 0xff, 0xc0, 0x0, 0x0, 0x8, 0xc8, 0x50,
    0x8f, 0xff, 0x60, 0x0, 0x0, 0x0, 0x0, 0x0,
    0xaf, 0xff, 0x30, 0x0, 0x0, 0x0, 0x0, 0x0,
    0xbf, 0xff, 0x30, 0x0, 0x0, 0x0, 0x0, 0x0,
    0xaf, 0xff, 0x40, 0x0, 0x0, 0x0, 0x0, 0x0,
    0x8f, 0xff, 0x60, 0x0, 0x0, 0x0, 0x0, 0x0,
    0x4f, 0xff, 0xc0, 0x0, 0x0, 0x8, 0xeb, 0x71,
    0xe, 0xff, 0xf5, 0x0, 0x0, 0x2f, 0xff, 0xf0,
    0x6, 0xff, 0xff, 0x83, 0x36, 0xef, 0xff, 0x90,
    0x0, 0xbf, 0xff, 0xff, 0xff, 0xff, 0xfd, 0x0,
    0x0, 0x9, 0xff, 0xff, 0xff, 0xff, 0xc1, 0x0,
    0x0, 0x0, 0x39, 0xdf, 0xfe, 0xa4, 0x0, 0x0,
    0x0, 0x0, 0x0, 0xe, 0xe0, 0x0, 0x0, 0x0,
    0x0, 0x0, 0x0, 0xf, 0xff, 0xb1, 0x0, 0x0,
    0x0, 0x0, 0x0, 0x5, 0x6d, 0xf9, 0x0, 0x0,
    0x0, 0x0, 0x0, 0x0, 0x9, 0xfb, 0x0, 0x0,
    0x0, 0x0, 0x0, 0x7b, 0xcf, 0xf8, 0x0, 0x0,
    0x0, 0x0, 0x0, 0xaf, 0xfe, 0x90, 0x0, 0x0,

    /* U+00E8 "è" */
    0x0, 0x1, 0xff, 0xf8, 0x0, 0x0, 0x0, 0x0,
    0x0, 0x0, 0x6f, 0xff, 0x0, 0x0, 0x0, 0x0,
    0x0, 0x0, 0xc, 0xff, 0x70, 0x0, 0x0, 0x0,
    0x0, 0x0, 0x2, 0xff, 0xd0, 0x0, 0x0, 0x0,
    0x0, 0x0, 0x0, 0x59, 0x92, 0x0, 0x0, 0x0,
    0x0, 0x0, 0x0, 0x0, 0x0, 0x0, 0x0, 0x0,
    0x0, 0x0, 0x0, 0x0, 0x0, 0x0, 0x0, 0x0,
    0x0, 0x0, 0x3a, 0xdf, 0xfd, 0x93, 0x0, 0x0,
    0x0, 0x9, 0xff, 0xff, 0xff, 0xff, 0x90, 0x0,
    0x0, 0xbf, 0xff, 0xff, 0xff, 0xff, 0xfa, 0x0,
    0x6, 0xff, 0xfe, 0x51, 0x15, 0xef, 0xff, 0x50,
    0xe, 0xff, 0xe1, 0x0, 0x0, 0x2f, 0xff, 0xd0,
    0x4f, 0xff, 0x70, 0x0, 0x0, 0x8, 0xff, 0xf2,
    0x8f, 0xff, 0x20, 0x0, 0x0, 0x4, 0xff, 0xf5,
    0xaf, 0xff, 0xff, 0xff, 0xff, 0xff, 0xff, 0xf7,
    0xbf, 0xff, 0xff, 0xff, 0xff, 0xff, 0xff, 0xf7,
    0xaf, 0xff, 0xba, 0xaa, 0xaa, 0xaa, 0xaa, 0xa5,
    0x8f, 0xff, 0x30, 0x0, 0x0, 0x0, 0x0, 0x0,
    0x5f, 0xff, 0x70, 0x0, 0x0, 0x0, 0x0, 0x0,
    0xe, 0xff, 0xf2, 0x0, 0x0, 0x9, 0xfc, 0x81,
    0x7, 0xff, 0xfe, 0x62, 0x13, 0xaf, 0xff, 0xd0,
    0x0, 0xbf, 0xff, 0xff, 0xff, 0xff, 0xff, 0x30,
    0x0, 0x9, 0xff, 0xff, 0xff, 0xff, 0xe4, 0x0,
    0x0, 0x0, 0x39, 0xdf, 0xfe, 0xb7, 0x0, 0x0,

    /* U+00E9 "é" */
    0x0, 0x0, 0x0, 0x0, 0xbf, 0xfd, 0x0, 0x0,
    0x0, 0x0, 0x0, 0x2, 0xff, 0xf4, 0x0, 0x0,
    0x0, 0x0, 0x0, 0x9, 0xff, 0x90, 0x0, 0x0,
    0x0, 0x0, 0x0, 0x1f, 0xfe, 0x10, 0x0, 0x0,
    0x0, 0x0, 0x0, 0x39, 0x94, 0x0, 0x0, 0x0,
    0x0, 0x0, 0x0, 0x0, 0x0, 0x0, 0x0, 0x0,
    0x0, 0x0, 0x0, 0x0, 0x0, 0x0, 0x0, 0x0,
    0x0, 0x0, 0x3a, 0xdf, 0xfd, 0x93, 0x0, 0x0,
    0x0, 0x9, 0xff, 0xff, 0xff, 0xff, 0x90, 0x0,
    0x0, 0xbf, 0xff, 0xff, 0xff, 0xff, 0xfa, 0x0,
    0x6, 0xff, 0xfe, 0x51, 0x15, 0xef, 0xff, 0x50,
    0xe, 0xff, 0xe1, 0x0, 0x0, 0x2f, 0xff, 0xd0,
    0x4f, 0xff, 0x70, 0x0, 0x0, 0x8, 0xff, 0xf2,
    0x8f, 0xff, 0x20, 0x0, 0x0, 0x4, 0xff, 0xf5,
    0xaf, 0xff, 0xff, 0xff, 0xff, 0xff, 0xff, 0xf7,
    0xbf, 0xff, 0xff, 0xff, 0xff, 0xff, 0xff, 0xf7,
    0xaf, 0xff, 0xba, 0xaa, 0xaa, 0xaa, 0xaa, 0xa5,
    0x8f, 0xff, 0x30, 0x0, 0x0, 0x0, 0x0, 0x0,
    0x5f, 0xff, 0x70, 0x0, 0x0, 0x0, 0x0, 0x0,
    0xe, 0xff, 0xf2, 0x0, 0x0, 0x9, 0xfc, 0x81,
    0x7, 0xff, 0xfe, 0x62, 0x13, 0xaf, 0xff, 0xd0,
    0x0, 0xbf, 0xff, 0xff, 0xff, 0xff, 0xff, 0x30,
    0x0, 0x9, 0xff, 0xff, 0xff, 0xff, 0xe4, 0x0,
    0x0, 0x0, 0x39, 0xdf, 0xfe, 0xb7, 0x0, 0x0,

    /* U+00EA "ê" */
    0x0, 0x0, 0x2, 0xef, 0xfd, 0x10, 0x0, 0x0,
    0x0, 0x0, 0x1d, 0xff, 0xff, 0xc0, 0x0, 0x0,
    0x0, 0x1, 0xdf, 0xf7, 0x9f, 0xfa, 0x0, 0x0,
    0x0, 0xc, 0xff, 0xa0, 0xc, 0xff, 0x80, 0x0,
    0x0, 0x38, 0x87, 0x0, 0x1, 0x88, 0x81, 0x0,
    0x0, 0x0, 0x0, 0x0, 0x0, 0x0, 0x0, 0x0,
    0x0, 0x0, 0x0, 0x0, 0x0, 0x0, 0x0, 0x0,
    0x0, 0x0, 0x3a, 0xdf, 0xfd, 0x93, 0x0, 0x0,
    0x0, 0x9, 0xff, 0xff, 0xff, 0xff, 0x90, 0x0,
    0x0, 0xbf, 0xff, 0xff, 0xff, 0xff, 0xfa, 0x0,
    0x6, 0xff, 0xfe, 0x51, 0x15, 0xef, 0xff, 0x50,
    0xe, 0xff, 0xe1, 0x0, 0x0, 0x2f, 0xff, 0xd0,
    0x4f, 0xff, 0x70, 0x0, 0x0, 0x8, 0xff, 0xf2,
    0x8f, 0xff, 0x20, 0x0, 0x0, 0x4, 0xff, 0xf5,
    0xaf, 0xff, 0xff, 0xff, 0xff, 0xff, 0xff, 0xf7,
    0xbf, 0xff, 0xff, 0xff, 0xff, 0xff, 0xff, 0xf7,
    0xaf, 0xff, 0xba, 0xaa, 0xaa, 0xaa, 0xaa, 0xa5,
    0x8f, 0xff, 0x30, 0x0, 0x0, 0x0, 0x0, 0x0,
    0x5f, 0xff, 0x70, 0x0, 0x0, 0x0, 0x0, 0x0,
    0xe, 0xff, 0xf2, 0x0, 0x0, 0x9, 0xfc, 0x81,
    0x7, 0xff, 0xfe, 0x62, 0x13, 0xaf, 0xff, 0xd0,
    0x0, 0xbf, 0xff, 0xff, 0xff, 0xff, 0xff, 0x30,
    0x0, 0x9, 0xff, 0xff, 0xff, 0xff, 0xe4, 0x0,
    0x0, 0x0, 0x39, 0xdf, 0xfe, 0xb7, 0x0, 0x0,

    /* U+00EB "ë" */
    0x0, 0x8, 0xfd, 0x20, 0x3, 0xef, 0x60, 0x0,
    0x0, 0x3f, 0xff, 0xa0, 0xd, 0xff, 0xf1, 0x0,
    0x0, 0x3f, 0xff, 0xb0, 0xd, 0xff, 0xf1, 0x0,
    0x0, 0xa, 0xfe, 0x30, 0x4, 0xff, 0x80, 0x0,
    0x0, 0x0, 0x10, 0x0, 0x0, 0x1, 0x0, 0x0,
    0x0, 0x0, 0x0, 0x0, 0x0, 0x0, 0x0, 0x0,
    0x0, 0x0, 0x0, 0x0, 0x0, 0x0, 0x0, 0x0,
    0x0, 0x0, 0x3a, 0xdf, 0xfd, 0x93, 0x0, 0x0,
    0x0, 0x9, 0xff, 0xff, 0xff, 0xff, 0x90, 0x0,
    0x0, 0xbf, 0xff, 0xff, 0xff, 0xff, 0xfa, 0x0,
    0x6, 0xff, 0xfe, 0x51, 0x15, 0xef, 0xff, 0x50,
    0xe, 0xff, 0xe1, 0x0, 0x0, 0x2f, 0xff, 0xd0,
    0x4f, 0xff, 0x70, 0x0, 0x0, 0x8, 0xff, 0xf2,
    0x8f, 0xff, 0x20, 0x0, 0x0, 0x4, 0xff, 0xf5,
    0xaf, 0xff, 0xff, 0xff, 0xff, 0xff, 0xff, 0xf7,
    0xbf, 0xff, 0xff, 0xff, 0xff, 0xff, 0xff, 0xf7,
    0xaf, 0xff, 0xba, 0xaa, 0xaa, 0xaa, 0xaa, 0xa5,
    0x8f, 0xff, 0x30, 0x0, 0x0, 0x0, 0x0, 0x0,
    0x5f, 0xff, 0x70, 0x0, 0x0, 0x0, 0x0, 0x0,
    0xe, 0xff, 0xf2, 0x0, 0x0, 0x9, 0xfc, 0x81,
    0x7, 0xff, 0xfe, 0x62, 0x13, 0xaf, 0xff, 0xd0,
    0x0, 0xbf, 0xff, 0xff, 0xff, 0xff, 0xff, 0x30,
    0x0, 0x9, 0xff, 0xff, 0xff, 0xff, 0xe4, 0x0,
    0x0, 0x0, 0x39, 0xdf, 0xfe, 0xb7, 0x0, 0x0,

    /* U+00EC "ì" */
    0x19, 0x99, 0x40, 0x0, 0xaf, 0xfc, 0x0, 0x1,
    0xff, 0xf4, 0x0, 0x6, 0xff, 0xb0, 0x0, 0xb,
    0xff, 0x20, 0x0, 0x0, 0x0, 0x0, 0x0, 0x0,
    0x0, 0x0, 0xff, 0xfd, 0x0, 0xf, 0xff, 0xd0,
    0x0, 0xff, 0xfd, 0x0, 0xf, 0xff, 0xd0, 0x0,
    0xff, 0xfd, 0x0, 0xf, 0xff, 0xd0, 0x0, 0xff,
    0xfd, 0x0, 0xf, 0xff, 0xd0, 0x0, 0xff, 0xfd,
    0x0, 0xf, 0xff, 0xd0, 0x0, 0xff, 0xfd, 0x0,
    0xf, 0xff, 0xd0, 0x0, 0xff, 0xfd, 0x0, 0xf,
    0xff, 0xd0, 0x0, 0xff, 0xfd, 0x0, 0xf, 0xff,
    0xd0, 0x0, 0xff, 0xfd,

    /* U+00ED "í" */
    0x0, 0x59, 0x99, 0x0, 0xe, 0xff, 0x80, 0x6,
    0xff, 0xd0, 0x0, 0xdf, 0xf3, 0x0, 0x4f, 0xf9,
    0x0, 0x0, 0x0, 0x0, 0x0, 0x0, 0x0, 0x0,
    0xf, 0xff, 0xd0, 0x0, 0xff, 0xfd, 0x0, 0xf,
    0xff, 0xd0, 0x0, 0xff, 0xfd, 0x0, 0xf, 0xff,
    0xd0, 0x0, 0xff, 0xfd, 0x0, 0xf, 0xff, 0xd0,
    0x0, 0xff, 0xfd, 0x0, 0xf, 0xff, 0xd0, 0x0,
    0xff, 0xfd, 0x0, 0xf, 0xff, 0xd0, 0x0, 0xff,
    0xfd, 0x0, 0xf, 0xff, 0xd0, 0x0, 0xff, 0xfd,
    0x0, 0xf, 0xff, 0xd0, 0x0, 0xff, 0xfd, 0x0,
    0xf, 0xff, 0xd0, 0x0,

    /* U+00EE "î" */
    0x0, 0x0, 0x68, 0x85, 0x0, 0x0, 0x0, 0x8,
    0xff, 0xff, 0x50, 0x0, 0x0, 0x6f, 0xfc, 0xef,
    0xf4, 0x0, 0x5, 0xff, 0xe1, 0x3f, 0xff, 0x20,
    0x4f, 0xff, 0x30, 0x6, 0xff, 0xe1, 0x0, 0x0,
    0x0, 0x0, 0x0, 0x0, 0x0, 0x0, 0x0, 0x0,
    0x0, 0x0, 0x0, 0x0, 0xff, 0xfd, 0x0, 0x0,
    0x0, 0x0, 0xff, 0xfd, 0x0, 0x0, 0x0, 0x0,
    0xff, 0xfd, 0x0, 0x0, 0x0, 0x0, 0xff, 0xfd,
    0x0, 0x0, 0x0, 0x0, 0xff, 0xfd, 0x0, 0x0,
    0x0, 0x0, 0xff, 0xfd, 0x0, 0x0, 0x0, 0x0,
    0xff, 0xfd, 0x0, 0x0, 0x0, 0x0, 0xff, 0xfd,
    0x0, 0x0, 0x0, 0x0, 0xff, 0xfd, 0x0, 0x0,
    0x0, 0x0, 0xff, 0xfd, 0x0, 0x0, 0x0, 0x0,
    0xff, 0xfd, 0x0, 0x0, 0x0, 0x0, 0xff, 0xfd,
    0x0, 0x0, 0x0, 0x0, 0xff, 0xfd, 0x0, 0x0,
    0x0, 0x0, 0xff, 0xfd, 0x0, 0x0, 0x0, 0x0,
    0xff, 0xfd, 0x0, 0x0, 0x0, 0x0, 0xff, 0xfd,
    0x0, 0x0, 0x0, 0x0, 0xff, 0xfd, 0x0, 0x0,

    /* U+00EF "ï" */
    0x0, 0x10, 0x0, 0x0, 0x0, 0x0, 0xa, 0xfe,
    0x30, 0x5, 0xff, 0x70, 0x3f, 0xff, 0xb0, 0xd,
    0xff, 0xf1, 0x3f, 0xff, 0xa0, 0xd, 0xff, 0xf1,
    0x8, 0xfd, 0x20, 0x3, 0xef, 0x60, 0x0, 0x0,
    0x0, 0x0, 0x0, 0x0, 0x0, 0x0, 0x0, 0x0,
    0x0, 0x0, 0x0, 0x0, 0xff, 0xfd, 0x0, 0x0,
    0x0, 0x0, 0xff, 0xfd, 0x0, 0x0, 0x0, 0x0,
    0xff, 0xfd, 0x0, 0x0, 0x0, 0x0, 0xff, 0xfd,
    0x0, 0x0, 0x0, 0x0, 0xff, 0xfd, 0x0, 0x0,
    0x0, 0x0, 0xff, 0xfd, 0x0, 0x0, 0x0, 0x0,
    0xff, 0xfd, 0x0, 0x0, 0x0, 0x0, 0xff, 0xfd,
    0x0, 0x0, 0x0, 0x0, 0xff, 0xfd, 0x0, 0x0,
    0x0, 0x0, 0xff, 0xfd, 0x0, 0x0, 0x0, 0x0,
    0xff, 0xfd, 0x0, 0x0, 0x0, 0x0, 0xff, 0xfd,
    0x0, 0x0, 0x0, 0x0, 0xff, 0xfd, 0x0, 0x0,
    0x0, 0x0, 0xff, 0xfd, 0x0, 0x0, 0x0, 0x0,
    0xff, 0xfd, 0x0, 0x0, 0x0, 0x0, 0xff, 0xfd,
    0x0, 0x0, 0x0, 0x0, 0xff, 0xfd, 0x0, 0x0,

    /* U+00F0 "ð" */
    0x0, 0x0, 0x0, 0x0, 0x0, 0x0, 0x0, 0x0,
    0x0, 0x5, 0xc6, 0x0, 0x0, 0x0, 0x30, 0x0,
    0x0, 0xa, 0xff, 0xe5, 0x0, 0x6e, 0xc0, 0x0,
    0x0, 0x5, 0xdf, 0xff, 0xbd, 0xff, 0xb0, 0x0,
    0x0, 0x0, 0x8, 0xff, 0xff, 0xd4, 0x0, 0x0,
    0x0, 0x0, 0x5d, 0xff, 0xff, 0xe2, 0x0, 0x0,
    0x0, 0xb, 0xff, 0xd5, 0xdf, 0xfe, 0x10, 0x0,
    0x0, 0xb, 0xd5, 0x0, 0x1d, 0xff, 0xc0, 0x0,
    0x0, 0x2, 0x0, 0x0, 0x2, 0xff, 0xf6, 0x0,
    0x0, 0x1, 0x8d, 0xff, 0xc5, 0x6f, 0xfe, 0x0,
    0x0, 0x2e, 0xff, 0xff, 0xff, 0x9d, 0xff, 0x60,
    0x1, 0xef, 0xff, 0xea, 0xbe, 0xfe, 0xff, 0xc0,
    0xa, 0xff, 0xf9, 0x0, 0x0, 0xaf, 0xff, 0xf1,
    0x1f, 0xff, 0xc0, 0x0, 0x0, 0xd, 0xff, 0xf4,
    0x6f, 0xff, 0x50, 0x0, 0x0, 0x7, 0xff, 0xf6,
    0x9f, 0xff, 0x10, 0x0, 0x0, 0x3, 0xff, 0xf7,
    0xaf, 0xff, 0x0, 0x0, 0x0, 0x1, 0xff, 0xf8,
    0xaf, 0xff, 0x0, 0x0, 0x0, 0x1, 0xff, 0xf7,
    0x9f, 0xff, 0x30, 0x0, 0x0, 0x4, 0xff, 0xf4,
    0x5f, 0xff, 0x80, 0x0, 0x0, 0x9, 0xff, 0xf1,
    0x1f, 0xff, 0xf2, 0x0, 0x0, 0x3f, 0xff, 0xb0,
    0x8, 0xff, 0xfe, 0x62, 0x27, 0xff, 0xff, 0x30,
    0x0, 0xcf, 0xff, 0xff, 0xff, 0xff, 0xf8, 0x0,
    0x0, 0xb, 0xff, 0xff, 0xff, 0xff, 0x80, 0x0,
    0x0, 0x0, 0x4a, 0xef, 0xfd, 0x92, 0x0, 0x0,

    /* U+00F1 "ñ" */
    0x0, 0x0, 0x34, 0x10, 0x1, 0x54, 0x0, 0x0,
    0x0, 0xaf, 0xff, 0x81, 0x6f, 0xe0, 0x0, 0x0,
    0x4f, 0xff, 0xff, 0xff, 0xfa, 0x0, 0x0, 0x9,
    0xfc, 0x6, 0xef, 0xfe, 0x10, 0x0, 0x0, 0x35,
    0x30, 0x0, 0x34, 0x0, 0x0, 0x0, 0x0, 0x0,
    0x0, 0x0, 0x0, 0x0, 0x0, 0x0, 0x0, 0x0,
    0x0, 0x0, 0x0, 0x0, 0xf, 0xff, 0xa0, 0x19,
    0xef, 0xfc, 0x50, 0x0, 0xff, 0xfa, 0x2e, 0xff,
    0xff, 0xff, 0xa0, 0xf, 0xff, 0xbd, 0xff, 0xff,
    0xff, 0xff, 0x60, 0xff, 0xff, 0xf9, 0x32, 0x5d,
    0xff, 0xfd, 0xf, 0xff, 0xf8, 0x0, 0x0, 0x1f,
    0xff, 0xf2, 0xff, 0xff, 0x10, 0x0, 0x0, 0xaf,
    0xff, 0x4f, 0xff, 0xd0, 0x0, 0x0, 0x7, 0xff,
    0xf5, 0xff, 0xfd, 0x0, 0x0, 0x0, 0x7f, 0xff,
    0x5f, 0xff, 0xd0, 0x0, 0x0, 0x7, 0xff, 0xf5,
    0xff, 0xfd, 0x0, 0x0, 0x0, 0x7f, 0xff, 0x5f,
    0xff, 0xd0, 0x0, 0x0, 0x7, 0xff, 0xf5, 0xff,
    0xfd, 0x0, 0x0, 0x0, 0x7f, 0xff, 0x5f, 0xff,
    0xd0, 0x0, 0x0, 0x7, 0xff, 0xf5, 0xff, 0xfd,
    0x0, 0x0, 0x0, 0x7f, 0xff, 0x5f, 0xff, 0xd0,
    0x0, 0x0, 0x7, 0xff, 0xf5, 0xff, 0xfd, 0x0,
    0x0, 0x0, 0x7f, 0xff, 0x5f, 0xff, 0xd0, 0x0,
    0x0, 0x7, 0xff, 0xf5,

    /* U+00F2 "ò" */
    0x0, 0x0, 0xdf, 0xfb, 0x0, 0x0, 0x0, 0x0,
    0x0, 0x0, 0x3f, 0xff, 0x20, 0x0, 0x0, 0x0,
    0x0, 0x0, 0x9, 0xff, 0x90, 0x0, 0x0, 0x0,
    0x0, 0x0, 0x0, 0xef, 0xf1, 0x0, 0x0, 0x0,
    0x0, 0x0, 0x0, 0x49, 0x94, 0x0, 0x0, 0x0,
    0x0, 0x0, 0x0, 0x0, 0x0, 0x0, 0x0, 0x0,
    0x0, 0x0, 0x0, 0x0, 0x0, 0x0, 0x0, 0x0,
    0x0, 0x0, 0x39, 0xdf, 0xfe, 0xb5, 0x0, 0x0,
    0x0, 0x9, 0xff, 0xff, 0xff, 0xff, 0xc1, 0x0,
    0x0, 0xbf, 0xff, 0xff, 0xff, 0xff, 0xfe, 0x10,
    0x6, 0xff, 0xff, 0x83, 0x36, 0xef, 0xff, 0xb0,
    0xe, 0xff, 0xf5, 0x0, 0x0, 0x2f, 0xff, 0xf3,
    0x4f, 0xff, 0xc0, 0x0, 0x0, 0x7, 0xff, 0xf8,
    0x8f, 0xff, 0x60, 0x0, 0x0, 0x2, 0xff, 0xfc,
    0xaf, 0xff, 0x30, 0x0, 0x0, 0x0, 0xff, 0xfe,
    0xbf, 0xff, 0x30, 0x0, 0x0, 0x0, 0xef, 0xff,
    0xaf, 0xff, 0x40, 0x0, 0x0, 0x0, 0xff, 0xfe,
    0x8f, 0xff, 0x60, 0x0, 0x0, 0x2, 0xff, 0xfc,
    0x4f, 0xff, 0xc0, 0x0, 0x0, 0x7, 0xff, 0xf9,
    0xe, 0xff, 0xf5, 0x0, 0x0, 0x2f, 0xff, 0xf3,
    0x6, 0xff, 0xff, 0x83, 0x36, 0xef, 0xff, 0xb0,
    0x0, 0xbf, 0xff, 0xff, 0xff, 0xff, 0xfe, 0x10,
    0x0, 0x9, 0xff, 0xff, 0xff, 0xff, 0xc1, 0x0,
    0x0, 0x0, 0x39, 0xdf, 0xfe, 0xb5, 0x0, 0x0,

    /* U+00F3 "ó" */
    0x0, 0x0, 0x0, 0x0, 0x8f, 0xff, 0x20, 0x0,
    0x0, 0x0, 0x0, 0x0, 0xef, 0xf6, 0x0, 0x0,
    0x0, 0x0, 0x0, 0x6, 0xff, 0xc0, 0x0, 0x0,
    0x0, 0x0, 0x0, 0xd, 0xff, 0x20, 0x0, 0x0,
    0x0, 0x0, 0x0, 0x19, 0x95, 0x0, 0x0, 0x0,
    0x0, 0x0, 0x0, 0x0, 0x0, 0x0, 0x0, 0x0,
    0x0, 0x0, 0x0, 0x0, 0x0, 0x0, 0x0, 0x0,
    0x0, 0x0, 0x39, 0xdf, 0xfe, 0xb5, 0x0, 0x0,
    0x0, 0x9, 0xff, 0xff, 0xff, 0xff, 0xc1, 0x0,
    0x0, 0xbf, 0xff, 0xff, 0xff, 0xff, 0xfe, 0x10,
    0x6, 0xff, 0xff, 0x83, 0x36, 0xef, 0xff, 0xb0,
    0xe, 0xff, 0xf5, 0x0, 0x0, 0x2f, 0xff, 0xf3,
    0x4f, 0xff, 0xc0, 0x0, 0x0, 0x7, 0xff, 0xf8,
    0x8f, 0xff, 0x60, 0x0, 0x0, 0x2, 0xff, 0xfc,
    0xaf, 0xff, 0x30, 0x0, 0x0, 0x0, 0xff, 0xfe,
    0xbf, 0xff, 0x30, 0x0, 0x0, 0x0, 0xef, 0xff,
    0xaf, 0xff, 0x40, 0x0, 0x0, 0x0, 0xff, 0xfe,
    0x8f, 0xff, 0x60, 0x0, 0x0, 0x2, 0xff, 0xfc,
    0x4f, 0xff, 0xc0, 0x0, 0x0, 0x7, 0xff, 0xf9,
    0xe, 0xff, 0xf5, 0x0, 0x0, 0x2f, 0xff, 0xf3,
    0x6, 0xff, 0xff, 0x83, 0x36, 0xef, 0xff, 0xb0,
    0x0, 0xbf, 0xff, 0xff, 0xff, 0xff, 0xfe, 0x10,
    0x0, 0x9, 0xff, 0xff, 0xff, 0xff, 0xc1, 0x0,
    0x0, 0x0, 0x39, 0xdf, 0xfe, 0xb5, 0x0, 0x0,

    /* U+00F4 "ô" */
    0x0, 0x0, 0x0, 0xcf, 0xff, 0x20, 0x0, 0x0,
    0x0, 0x0, 0xb, 0xff, 0xff, 0xe1, 0x0, 0x0,
    0x0, 0x0, 0xaf, 0xfa, 0x6f, 0xfd, 0x0, 0x0,
    0x0, 0x9, 0xff, 0xc0, 0x9, 0xff, 0xb0, 0x0,
    0x0, 0x18, 0x88, 0x10, 0x0, 0x78, 0x83, 0x0,
    0x0, 0x0, 0x0, 0x0, 0x0, 0x0, 0x0, 0x0,
    0x0, 0x0, 0x0, 0x0, 0x0, 0x0, 0x0, 0x0,
    0x0, 0x0, 0x39, 0xdf, 0xfe, 0xb5, 0x0, 0x0,
    0x0, 0x9, 0xff, 0xff, 0xff, 0xff, 0xc1, 0x0,
    0x0, 0xbf, 0xff, 0xff, 0xff, 0xff, 0xfe, 0x10,
    0x6, 0xff, 0xff, 0x83, 0x36, 0xef, 0xff, 0xb0,
    0xe, 0xff, 0xf5, 0x0, 0x0, 0x2f, 0xff, 0xf3,
    0x4f, 0xff, 0xc0, 0x0, 0x0, 0x7, 0xff, 0xf8,
    0x8f, 0xff, 0x60, 0x0, 0x0, 0x2, 0xff, 0xfc,
    0xaf, 0xff, 0x30, 0x0, 0x0, 0x0, 0xff, 0xfe,
    0xbf, 0xff, 0x30, 0x0, 0x0, 0x0, 0xef, 0xff,
    0xaf, 0xff, 0x40, 0x0, 0x0, 0x0, 0xff, 0xfe,
    0x8f, 0xff, 0x60, 0x0, 0x0, 0x2, 0xff, 0xfc,
    0x4f, 0xff, 0xc0, 0x0, 0x0, 0x7, 0xff, 0xf9,
    0xe, 0xff, 0xf5, 0x0, 0x0, 0x2f, 0xff, 0xf3,
    0x6, 0xff, 0xff, 0x83, 0x36, 0xef, 0xff, 0xb0,
    0x0, 0xbf, 0xff, 0xff, 0xff, 0xff, 0xfe, 0x10,
    0x0, 0x9, 0xff, 0xff, 0xff, 0xff, 0xc1, 0x0,
    0x0, 0x0, 0x39, 0xdf, 0xfe, 0xb5, 0x0, 0x0,

    /* U+00F5 "õ" */
    0x0, 0x0, 0x3, 0x41, 0x0, 0x15, 0x40, 0x0,
    0x0, 0x0, 0xbf, 0xff, 0x81, 0x7f, 0xd0, 0x0,
    0x0, 0x5, 0xff, 0xff, 0xff, 0xff, 0x90, 0x0,
    0x0, 0x9, 0xfc, 0x6, 0xef, 0xfd, 0x10, 0x0,
    0x0, 0x3, 0x52, 0x0, 0x4, 0x40, 0x0, 0x0,
    0x0, 0x0, 0x0, 0x0, 0x0, 0x0, 0x0, 0x0,
    0x0, 0x0, 0x0, 0x0, 0x0, 0x0, 0x0, 0x0,
    0x0, 0x0, 0x39, 0xdf, 0xfe, 0xb5, 0x0, 0x0,
    0x0, 0x9, 0xff, 0xff, 0xff, 0xff, 0xc1, 0x0,
    0x0, 0xbf, 0xff, 0xff, 0xff, 0xff, 0xfe, 0x10,
    0x6, 0xff, 0xff, 0x83, 0x36, 0xef, 0xff, 0xb0,
    0xe, 0xff, 0xf5, 0x0, 0x0, 0x2f, 0xff, 0xf3,
    0x4f, 0xff, 0xc0, 0x0, 0x0, 0x7, 0xff, 0xf8,
    0x8f, 0xff, 0x60, 0x0, 0x0, 0x2, 0xff, 0xfc,
    0xaf, 0xff, 0x30, 0x0, 0x0, 0x0, 0xff, 0xfe,
    0xbf, 0xff, 0x30, 0x0, 0x0, 0x0, 0xef, 0xff,
    0xaf, 0xff, 0x40, 0x0, 0x0, 0x0, 0xff, 0xfe,
    0x8f, 0xff, 0x60, 0x0, 0x0, 0x2, 0xff, 0xfc,
    0x4f, 0xff, 0xc0, 0x0, 0x0, 0x7, 0xff, 0xf9,
    0xe, 0xff, 0xf5, 0x0, 0x0, 0x2f, 0xff, 0xf3,
    0x6, 0xff, 0xff, 0x83, 0x36, 0xef, 0xff, 0xb0,
    0x0, 0xbf, 0xff, 0xff, 0xff, 0xff, 0xfe, 0x10,
    0x0, 0x9, 0xff, 0xff, 0xff, 0xff, 0xc1, 0x0,
    0x0, 0x0, 0x39, 0xdf, 0xfe, 0xb5, 0x0, 0x0,

    /* U+00F6 "ö" */
    0x0, 0x6, 0xee, 0x40, 0x2, 0xcf, 0x90, 0x0,
    0x0, 0xf, 0xff, 0xd0, 0xa, 0xff, 0xf4, 0x0,
    0x0, 0xf, 0xff, 0xe0, 0xa, 0xff, 0xf4, 0x0,
    0x0, 0x7, 0xff, 0x50, 0x2, 0xef, 0xb0, 0x0,
    0x0, 0x0, 0x0, 0x0, 0x0, 0x1, 0x0, 0x0,
    0x0, 0x0, 0x0, 0x0, 0x0, 0x0, 0x0, 0x0,
    0x0, 0x0, 0x0, 0x0, 0x0, 0x0, 0x0, 0x0,
    0x0, 0x0, 0x39, 0xdf, 0xfe, 0xb5, 0x0, 0x0,
    0x0, 0x9, 0xff, 0xff, 0xff, 0xff, 0xc1, 0x0,
    0x0, 0xbf, 0xff, 0xff, 0xff, 0xff, 0xfe, 0x10,
    0x6, 0xff, 0xff, 0x83, 0x36, 0xef, 0xff, 0xb0,
    0xe, 0xff, 0xf5, 0x0, 0x0, 0x2f, 0xff, 0xf3,
    0x4f, 0xff, 0xc0, 0x0, 0x0, 0x7, 0xff, 0xf8,
    0x8f, 0xff, 0x60, 0x0, 0x0, 0x2, 0xff, 0xfc,
    0xaf, 0xff, 0x30, 0x0, 0x0, 0x0, 0xff, 0xfe,
    0xbf, 0xff, 0x30, 0x0, 0x0, 0x0, 0xef, 0xff,
    0xaf, 0xff, 0x40, 0x0, 0x0, 0x0, 0xff, 0xfe,
    0x8f, 0xff, 0x60, 0x0, 0x0, 0x2, 0xff, 0xfc,
    0x4f, 0xff, 0xc0, 0x0, 0x0, 0x7, 0xff, 0xf9,
    0xe, 0xff, 0xf5, 0x0, 0x0, 0x2f, 0xff, 0xf3,
    0x6, 0xff, 0xff, 0x83, 0x36, 0xef, 0xff, 0xb0,
    0x0, 0xbf, 0xff, 0xff, 0xff, 0xff, 0xfe, 0x10,
    0x0, 0x9, 0xff, 0xff, 0xff, 0xff, 0xc1, 0x0,
    0x0, 0x0, 0x39, 0xdf, 0xfe, 0xb5, 0x0, 0x0,

    /* U+00F7 "÷" */
    0x0, 0x0, 0x0, 0x5e, 0xf7, 0x0, 0x0, 0x0,
    0x0, 0x0, 0x1, 0xff, 0xff, 0x30, 0x0, 0x0,
    0x0, 0x0, 0x3, 0xff, 0xff, 0x60, 0x0, 0x0,
    0x0, 0x0, 0x0, 0xef, 0xff, 0x20, 0x0, 0x0,
    0x0, 0x0, 0x0, 0x2a, 0xb4, 0x0, 0x0, 0x0,
    0x0, 0x0, 0x0, 0x0, 0x0, 0x0, 0x0, 0x0,
    0x4, 0x44, 0x44, 0x44, 0x44, 0x44, 0x44, 0x41,
    0x2f, 0xff, 0xff, 0xff, 0xff, 0xff, 0xff, 0xf5,
    0x2f, 0xff, 0xff, 0xff, 0xff, 0xff, 0xff, 0xf5,
    0x2f, 0xff, 0xff, 0xff, 0xff, 0xff, 0xff, 0xf5,
    0x0, 0x0, 0x0, 0x0, 0x0, 0x0, 0x0, 0x0,
    0x0, 0x0, 0x0, 0x0, 0x0, 0x0, 0x0, 0x0,
    0x0, 0x0, 0x0, 0x5e, 0xf7, 0x0, 0x0, 0x0,
    0x0, 0x0, 0x1, 0xff, 0xff, 0x30, 0x0, 0x0,
    0x0, 0x0, 0x3, 0xff, 0xff, 0x60, 0x0, 0x0,
    0x0, 0x0, 0x0, 0xef, 0xff, 0x20, 0x0, 0x0,
    0x0, 0x0, 0x0, 0x2a, 0xb3, 0x0, 0x0, 0x0,

    /* U+00F8 "ø" */
    0x0, 0x0, 0x0, 0x0, 0x0, 0x0, 0x0, 0x30,
    0x0, 0x0, 0x3, 0x9d, 0xff, 0xeb, 0x50, 0x5f,
    0x90, 0x0, 0x9, 0xff, 0xff, 0xff, 0xff, 0xcf,
    0xf8, 0x0, 0xb, 0xff, 0xff, 0xff, 0xff, 0xff,
    0xfa, 0x0, 0x6, 0xff, 0xff, 0x83, 0x36, 0xef,
    0xff, 0xb0, 0x0, 0xef, 0xff, 0x50, 0x0, 0xb,
    0xff, 0xff, 0x30, 0x4f, 0xff, 0xc0, 0x0, 0x9,
    0xff, 0xff, 0xf8, 0x8, 0xff, 0xf6, 0x0, 0x7,
    0xff, 0x6f, 0xff, 0xc0, 0xaf, 0xff, 0x30, 0x4,
    0xff, 0x60, 0xff, 0xfe, 0xb, 0xff, 0xf3, 0x3,
    0xff, 0x90, 0xe, 0xff, 0xf0, 0xaf, 0xff, 0x41,
    0xef, 0xb0, 0x0, 0xff, 0xfe, 0x8, 0xff, 0xf7,
    0xcf, 0xc0, 0x0, 0x2f, 0xff, 0xc0, 0x4f, 0xff,
    0xff, 0xe1, 0x0, 0x7, 0xff, 0xf9, 0x0, 0xef,
    0xff, 0xf3, 0x0, 0x2, 0xff, 0xff, 0x30, 0x6,
    0xff, 0xff, 0x83, 0x36, 0xef, 0xff, 0xb0, 0x0,
    0x4f, 0xff, 0xff, 0xff, 0xff, 0xff, 0xe1, 0x0,
    0x2f, 0xfd, 0xff, 0xff, 0xff, 0xff, 0xc1, 0x0,
    0x7, 0xfb, 0x3, 0x9d, 0xff, 0xeb, 0x50, 0x0,
    0x0, 0x6, 0x10, 0x0, 0x0, 0x0, 0x0, 0x0,
    0x0, 0x0,

    /* U+00F9 "ù" */
    0x0, 0x8, 0x99, 0x60, 0x0, 0x0, 0x0, 0x0,
    0x0, 0x6f, 0xff, 0x10, 0x0, 0x0, 0x0, 0x0,
    0x0, 0xcf, 0xf8, 0x0, 0x0, 0x0, 0x0, 0x0,
    0x2, 0xff, 0xe0, 0x0, 0x0, 0x0, 0x0, 0x0,
    0x7, 0xff, 0x60, 0x0, 0x0, 0x0, 0x0, 0x0,
    0x0, 0x0, 0x0, 0x0, 0x0, 0x0, 0x0, 0x0,
    0x0, 0x0, 0x0, 0x0, 0xf, 0xff, 0xd0, 0x0,
    0x0, 0x7, 0xff, 0xf5, 0xff, 0xfd, 0x0, 0x0,
    0x0, 0x7f, 0xff, 0x5f, 0xff, 0xd0, 0x0, 0x0,
    0x7, 0xff, 0xf5, 0xff, 0xfd, 0x0, 0x0, 0x0,
    0x7f, 0xff, 0x5f, 0xff, 0xd0, 0x0, 0x0, 0x7,
    0xff, 0xf5, 0xff, 0xfd, 0x0, 0x0, 0x0, 0x7f,
    0xff, 0x5f, 0xff, 0xd0, 0x0, 0x0, 0x7, 0xff,
    0xf5, 0xff, 0xfd, 0x0, 0x0, 0x0, 0x7f, 0xff,
    0x5f, 0xff, 0xd0, 0x0, 0x0, 0x7, 0xff, 0xf5,
    0xff, 0xfd, 0x0, 0x0, 0x0, 0x7f, 0xff, 0x5f,
    0xff, 0xd0, 0x0, 0x0, 0x8, 0xff, 0xf5, 0xff,
    0xff, 0x0, 0x0, 0x0, 0xcf, 0xff, 0x5c, 0xff,
    0xf8, 0x0, 0x0, 0x5f, 0xff, 0xf5, 0x8f, 0xff,
    0xfa, 0x55, 0x9f, 0xef, 0xff, 0x51, 0xff, 0xff,
    0xff, 0xff, 0xf7, 0xff, 0xf5, 0x4, 0xff, 0xff,
    0xff, 0xf6, 0x4f, 0xff, 0x50, 0x2, 0xae, 0xfe,
    0xb3, 0x4, 0xff, 0xf5,

    /* U+00FA "ú" */
    0x0, 0x0, 0x0, 0x3, 0x99, 0x92, 0x0, 0x0,
    0x0, 0x0, 0x0, 0xbf, 0xfc, 0x0, 0x0, 0x0,
    0x0, 0x0, 0x2f, 0xff, 0x20, 0x0, 0x0, 0x0,
    0x0, 0x9, 0xff, 0x70, 0x0, 0x0, 0x0, 0x0,
    0x1, 0xff, 0xc0, 0x0, 0x0, 0x0, 0x0, 0x0,
    0x0, 0x0, 0x0, 0x0, 0x0, 0x0, 0x0, 0x0,
    0x0, 0x0, 0x0, 0x0, 0xf, 0xff, 0xd0, 0x0,
    0x0, 0x7, 0xff, 0xf5, 0xff, 0xfd, 0x0, 0x0,
    0x0, 0x7f, 0xff, 0x5f, 0xff, 0xd0, 0x0, 0x0,
    0x7, 0xff, 0xf5, 0xff, 0xfd, 0x0, 0x0, 0x0,
    0x7f, 0xff, 0x5f, 0xff, 0xd0, 0x0, 0x0, 0x7,
    0xff, 0xf5, 0xff, 0xfd, 0x0, 0x0, 0x0, 0x7f,
    0xff, 0x5f, 0xff, 0xd0, 0x0, 0x0, 0x7, 0xff,
    0xf5, 0xff, 0xfd, 0x0, 0x0, 0x0, 0x7f, 0xff,
    0x5f, 0xff, 0xd0, 0x0, 0x0, 0x7, 0xff, 0xf5,
    0xff, 0xfd, 0x0, 0x0, 0x0, 0x7f, 0xff, 0x5f,
    0xff, 0xd0, 0x0, 0x0, 0x8, 0xff, 0xf5, 0xff,
    0xff, 0x0, 0x0, 0x0, 0xcf, 0xff, 0x5c, 0xff,
    0xf8, 0x0, 0x0, 0x5f, 0xff, 0xf5, 0x8f, 0xff,
    0xfa, 0x55, 0x9f, 0xef, 0xff, 0x51, 0xff, 0xff,
    0xff, 0xff, 0xf7, 0xff, 0xf5, 0x4, 0xff, 0xff,
    0xff, 0xf6, 0x4f, 0xff, 0x50, 0x2, 0xae, 0xfe,
    0xb3, 0x4, 0xff, 0xf5,

    /* U+00FB "û" */
    0x0, 0x0, 0x5, 0x88, 0x70, 0x0, 0x0, 0x0,
    0x0, 0x6, 0xff, 0xff, 0xb0, 0x0, 0x0, 0x0,
    0x6, 0xff, 0xd8, 0xff, 0xa0, 0x0, 0x0, 0x6,
    0xff, 0xe1, 0x9, 0xff, 0xa0, 0x0, 0x1, 0x78,
    0x82, 0x0, 0x7, 0x88, 0x30, 0x0, 0x0, 0x0,
    0x0, 0x0, 0x0, 0x0, 0x0, 0x0, 0x0, 0x0,
    0x0, 0x0, 0x0, 0x0, 0xf, 0xff, 0xd0, 0x0,
    0x0, 0x7, 0xff, 0xf5, 0xff, 0xfd, 0x0, 0x0,
    0x0, 0x7f, 0xff, 0x5f, 0xff, 0xd0, 0x0, 0x0,
    0x7, 0xff, 0xf5, 0xff, 0xfd, 0x0, 0x0, 0x0,
    0x7f, 0xff, 0x5f, 0xff, 0xd0, 0x0, 0x0, 0x7,
    0xff, 0xf5, 0xff, 0xfd, 0x0, 0x0, 0x0, 0x7f,
    0xff, 0x5f, 0xff, 0xd0, 0x0, 0x0, 0x7, 0xff,
    0xf5, 0xff, 0xfd, 0x0, 0x0, 0x0, 0x7f, 0xff,
    0x5f, 0xff, 0xd0, 0x0, 0x0, 0x7, 0xff, 0xf5,
    0xff, 0xfd, 0x0, 0x0, 0x0, 0x7f, 0xff, 0x5f,
    0xff, 0xd0, 0x0, 0x0, 0x8, 0xff, 0xf5, 0xff,
    0xff, 0x0, 0x0, 0x0, 0xcf, 0xff, 0x5c, 0xff,
    0xf8, 0x0, 0x0, 0x5f, 0xff, 0xf5, 0x8f, 0xff,
    0xfa, 0x55, 0x9f, 0xef, 0xff, 0x51, 0xff, 0xff,
    0xff, 0xff, 0xf7, 0xff, 0xf5, 0x4, 0xff, 0xff,
    0xff, 0xf6, 0x4f, 0xff, 0x50, 0x2, 0xae, 0xfe,
    0xb3, 0x4, 0xff, 0xf5,

    /* U+00FC "ü" */
    0x0, 0x5e, 0xe5, 0x0, 0x1c, 0xfa, 0x0, 0x0,
    0xf, 0xff, 0xe0, 0x9, 0xff, 0xf5, 0x0, 0x0,
    0xff, 0xff, 0x0, 0x9f, 0xff, 0x50, 0x0, 0x6,
    0xff, 0x60, 0x2, 0xdf, 0xb0, 0x0, 0x0, 0x0,
    0x0, 0x0, 0x0, 0x10, 0x0, 0x0, 0x0, 0x0,
    0x0, 0x0, 0x0, 0x0, 0x0, 0x0, 0x0, 0x0,
    0x0, 0x0, 0x0, 0x0, 0xf, 0xff, 0xd0, 0x0,
    0x0, 0x7, 0xff, 0xf5, 0xff, 0xfd, 0x0, 0x0,
    0x0, 0x7f, 0xff, 0x5f, 0xff, 0xd0, 0x0, 0x0,
    0x7, 0xff, 0xf5, 0xff, 0xfd, 0x0, 0x0, 0x0,
    0x7f, 0xff, 0x5f, 0xff, 0xd0, 0x0, 0x0, 0x7,
    0xff, 0xf5, 0xff, 0xfd, 0x0, 0x0, 0x0, 0x7f,
    0xff, 0x5f, 0xff, 0xd0, 0x0, 0x0, 0x7, 0xff,
    0xf5, 0xff, 0xfd, 0x0, 0x0, 0x0, 0x7f, 0xff,
    0x5f, 0xff, 0xd0, 0x0, 0x0, 0x7, 0xff, 0xf5,
    0xff, 0xfd, 0x0, 0x0, 0x0, 0x7f, 0xff, 0x5f,
    0xff, 0xd0, 0x0, 0x0, 0x8, 0xff, 0xf5, 0xff,
    0xff, 0x0, 0x0, 0x0, 0xcf, 0xff, 0x5c, 0xff,
    0xf8, 0x0, 0x0, 0x5f, 0xff, 0xf5, 0x8f, 0xff,
    0xfa, 0x55, 0x9f, 0xef, 0xff, 0x51, 0xff, 0xff,
    0xff, 0xff, 0xf7, 0xff, 0xf5, 0x4, 0xff, 0xff,
    0xff, 0xf6, 0x4f, 0xff, 0x50, 0x2, 0xae, 0xfe,
    0xb3, 0x4, 0xff, 0xf5,

    /* U+00FD "ý" */
    0x0, 0x0, 0x0, 0x0, 0xc, 0xff, 0xc0, 0x0,
    0x0, 0x0, 0x0, 0x0, 0x0, 0x3f, 0xff, 0x30,
    0x0, 0x0, 0x0, 0x0, 0x0, 0x0, 0xaf, 0xf8,
    0x0, 0x0, 0x0, 0x0, 0x0, 0x0, 0x1, 0xff,
    0xd0, 0x0, 0x0, 0x0, 0x0, 0x0, 0x0, 0x4,
    0x99, 0x30, 0x0, 0x0, 0x0, 0x0, 0x0, 0x0,
    0x0, 0x0, 0x0, 0x0, 0x0, 0x0, 0x0, 0x0,
    0x0, 0x0, 0x0, 0x0, 0x0, 0x0, 0x0, 0x3f,
    0xff, 0xc0, 0x0, 0x0, 0x0, 0x2f, 0xff, 0xe0,
    0xd, 0xff, 0xf2, 0x0, 0x0, 0x0, 0x7f, 0xff,
    0x80, 0x8, 0xff, 0xf7, 0x0, 0x0, 0x0, 0xcf,
    0xff, 0x20, 0x2, 0xff, 0xfc, 0x0, 0x0, 0x2,
    0xff, 0xfc, 0x0, 0x0, 0xcf, 0xff, 0x20, 0x0,
    0x7, 0xff, 0xf6, 0x0, 0x0, 0x6f, 0xff, 0x70,
    0x0, 0xd, 0xff, 0xf0, 0x0, 0x0, 0xf, 0xff,
    0xc0, 0x0, 0x2f, 0xff, 0xa0, 0x0, 0x0, 0xa,
    0xff, 0xf1, 0x0, 0x8f, 0xff, 0x40, 0x0, 0x0,
    0x4, 0xff, 0xf7, 0x0, 0xdf, 0xfe, 0x0, 0x0,
    0x0, 0x0, 0xef, 0xfc, 0x2, 0xff, 0xf8, 0x0,
    0x0, 0x0, 0x0, 0x8f, 0xff, 0x17, 0xff, 0xf2,
    0x0, 0x0, 0x0, 0x0, 0x2f, 0xff, 0x5c, 0xff,
    0xc0, 0x0, 0x0, 0x0, 0x0, 0xc, 0xff, 0x9f,
    0xff, 0x60, 0x0, 0x0, 0x0, 0x0, 0x6, 0xff,
    0xff, 0xff, 0x10, 0x0, 0x0, 0x0, 0x0, 0x1,
    0xff, 0xff, 0xfa, 0x0, 0x0, 0x0, 0x0, 0x0,
    0x0, 0xbf, 0xff, 0xf4, 0x0, 0x0, 0x0, 0x0,
    0x0, 0x0, 0x5f, 0xff, 0xe0, 0x0, 0x0, 0x0,
    0x0, 0x0, 0x0, 0x6f, 0xff, 0x80, 0x0, 0x0,
    0x0, 0x0, 0x0, 0x0, 0xbf, 0xff, 0x20, 0x0,
    0x0, 0x0, 0x0, 0x23, 0x27, 0xff, 0xfb, 0x0,
    0x0, 0x0, 0x0, 0x0, 0x8f, 0xff, 0xff, 0xf3,
    0x0, 0x0, 0x0, 0x0, 0x0, 0xdf, 0xff, 0xff,
    0x60, 0x0, 0x0, 0x0, 0x0, 0x0, 0xcf, 0xfe,
    0xa3, 0x0, 0x0, 0x0, 0x0, 0x0,

    /* U+00FE "þ" */
    0xff, 0xfd, 0x0, 0x0, 0x0, 0x0, 0x0, 0x0,
    0xff, 0xfd, 0x0, 0x0, 0x0, 0x0, 0x0, 0x0,
    0xff, 0xfd, 0x0, 0x0, 0x0, 0x0, 0x0, 0x0,
    0xff, 0xfd, 0x0, 0x0, 0x0, 0x0, 0x0, 0x0,
    0xff, 0xfd, 0x0, 0x0, 0x0, 0x0, 0x0, 0x0,
    0xff, 0xfd, 0x1, 0x9e, 0xfe, 0xb5, 0x0, 0x0,
    0xff, 0xfd, 0x1d, 0xff, 0xff, 0xff, 0xb0, 0x0,
    0xff, 0xfd, 0xbf, 0xff, 0xff, 0xff, 0xfb, 0x0,
    0xff, 0xff, 0xfd, 0x63, 0x5b, 0xff, 0xff, 0x50,
    0xff, 0xff, 0xd1, 0x0, 0x0, 0xaf, 0xff, 0xc0,
    0xff, 0xff, 0x40, 0x0, 0x0, 0x1f, 0xff, 0xf1,
    0xff, 0xff, 0x0, 0x0, 0x0, 0xb, 0xff, 0xf4,
    0xff, 0xfc, 0x0, 0x0, 0x0, 0x8, 0xff, 0xf6,
    0xff, 0xfc, 0x0, 0x0, 0x0, 0x7, 0xff, 0xf6,
    0xff, 0xfd, 0x0, 0x0, 0x0, 0x8, 0xff, 0xf6,
    0xff, 0xff, 0x0, 0x0, 0x0, 0xb, 0xff, 0xf4,
    0xff, 0xff, 0x50, 0x0, 0x0, 0x1f, 0xff, 0xf1,
    0xff, 0xff, 0xd1, 0x0, 0x0, 0xaf, 0xff, 0xc0,
    0xff, 0xff, 0xfd, 0x63, 0x5b, 0xff, 0xff, 0x50,
    0xff, 0xfd, 0xbf, 0xff, 0xff, 0xff, 0xfb, 0x0,
    0xff, 0xfd, 0x1e, 0xff, 0xff, 0xff, 0xb0, 0x0,
    0xff, 0xfd, 0x1, 0x9e, 0xff, 0xb5, 0x0, 0x0,
    0xff, 0xfd, 0x0, 0x0, 0x0, 0x0, 0x0, 0x0,
    0xff, 0xfd, 0x0, 0x0, 0x0, 0x0, 0x0, 0x0,
    0xff, 0xfd, 0x0, 0x0, 0x0, 0x0, 0x0, 0x0,
    0xff, 0xfd, 0x0, 0x0, 0x0, 0x0, 0x0, 0x0,
    0xff, 0xfd, 0x0, 0x0, 0x0, 0x0, 0x0, 0x0,
    0xff, 0xfd, 0x0, 0x0, 0x0, 0x0, 0x0, 0x0,

    /* U+00FF "ÿ" */
    0x0, 0x0, 0x9f, 0xc1, 0x0, 0x4e, 0xe5, 0x0,
    0x0, 0x0, 0x4, 0xff, 0xf9, 0x0, 0xef, 0xff,
    0x0, 0x0, 0x0, 0x4, 0xff, 0xfa, 0x0, 0xef,
    0xff, 0x0, 0x0, 0x0, 0x0, 0xbf, 0xe2, 0x0,
    0x5f, 0xf7, 0x0, 0x0, 0x0, 0x0, 0x1, 0x0,
    0x0, 0x0, 0x0, 0x0, 0x0, 0x0, 0x0, 0x0,
    0x0, 0x0, 0x0, 0x0, 0x0, 0x0, 0x0, 0x0,
    0x0, 0x0, 0x0, 0x0, 0x0, 0x0, 0x0, 0x3f,
    0xff, 0xc0, 0x0, 0x0, 0x0, 0x2f, 0xff, 0xe0,
    0xd, 0xff, 0xf2, 0x0, 0x0, 0x0, 0x7f, 0xff,
    0x80, 0x8, 0xff, 0xf7, 0x0, 0x0, 0x0, 0xcf,
    0xff, 0x20, 0x2, 0xff, 0xfc, 0x0, 0x0, 0x2,
    0xff, 0xfc, 0x0, 0x0, 0xcf, 0xff, 0x20, 0x0,
    0x7, 0xff, 0xf6, 0x0, 0x0, 0x6f, 0xff, 0x70,
    0x0, 0xd, 0xff, 0xf0, 0x0, 0x0, 0xf, 0xff,
    0xc0, 0x0, 0x2f, 0xff, 0xa0, 0x0, 0x0, 0xa,
    0xff, 0xf1, 0x0, 0x8f, 0xff, 0x40, 0x0, 0x0,
    0x4, 0xff, 0xf7, 0x0, 0xdf, 0xfe, 0x0, 0x0,
    0x0, 0x0, 0xef, 0xfc, 0x2, 0xff, 0xf8, 0x0,
    0x0, 0x0, 0x0, 0x8f, 0xff, 0x17, 0xff, 0xf2,
    0x0, 0x0, 0x0, 0x0, 0x2f, 0xff, 0x5c, 0xff,
    0xc0, 0x0, 0x0, 0x0, 0x0, 0xc, 0xff, 0x9f,
    0xff, 0x60, 0x0, 0x0, 0x0, 0x0, 0x6, 0xff,
    0xff, 0xff, 0x10, 0x0, 0x0, 0x0, 0x0, 0x1,
    0xff, 0xff, 0xfa, 0x0, 0x0, 0x0, 0x0, 0x0,
    0x0, 0xbf, 0xff, 0xf4, 0x0, 0x0, 0x0, 0x0,
    0x0, 0x0, 0x5f, 0xff, 0xe0, 0x0, 0x0, 0x0,
    0x0, 0x0, 0x0, 0x6f, 0xff, 0x80, 0x0, 0x0,
    0x0, 0x0, 0x0, 0x0, 0xbf, 0xff, 0x20, 0x0,
    0x0, 0x0, 0x0, 0x23, 0x27, 0xff, 0xfb, 0x0,
    0x0, 0x0, 0x0, 0x0, 0x8f, 0xff, 0xff, 0xf3,
    0x0, 0x0, 0x0, 0x0, 0x0, 0xdf, 0xff, 0xff,
    0x60, 0x0, 0x0, 0x0, 0x0, 0x0, 0xcf, 0xfe,
    0xa3, 0x0, 0x0, 0x0, 0x0, 0x0,

    /* U+2018 "‘" */
    0x0, 0x3f, 0xf8, 0x0, 0x7f, 0xf6, 0x0, 0xcf,
    0xf4, 0x0, 0xff, 0xf1, 0x5, 0xff, 0xf0, 0x9,
    0xff, 0xd0, 0xe, 0xff, 0xb0, 0x2f, 0xff, 0x80,
    0x7f, 0xff, 0x60, 0x0, 0x0, 0x0,

    /* U+2019 "’" */
    0x0, 0x0, 0x0, 0x6, 0xff, 0xf7, 0x8, 0xff,
    0xf3, 0xa, 0xff, 0xe0, 0xd, 0xff, 0x90, 0xf,
    0xff, 0x50, 0x1f, 0xff, 0x10, 0x3f, 0xfc, 0x0,
    0x6f, 0xf7, 0x0, 0x8f, 0xf3, 0x0,

    /* U+201A "‚" */
    0x0, 0x1, 0x10, 0x0, 0xff, 0xfd, 0x2, 0xff,
    0xf8, 0x5, 0xff, 0xf4, 0x7, 0xff, 0xf0, 0x9,
    0xff, 0xb0, 0xb, 0xff, 0x60, 0xe, 0xff, 0x20,
    0xf, 0xfd, 0x0, 0x2f, 0xf9, 0x0,

    /* U+201B "‛" */
    0xaf, 0xff, 0x30, 0x6f, 0xff, 0x50, 0x1f, 0xff,
    0x70, 0xc, 0xff, 0xa0, 0x8, 0xff, 0xc0, 0x3,
    0xff, 0xe0, 0x0, 0xff, 0xf0, 0x0, 0xaf, 0xf3,
    0x0, 0x6f, 0xf5, 0x0, 0x0, 0x0,

    /* U+201C "“" */
    0x0, 0x3f, 0xf8, 0x0, 0xc, 0xfe, 0x0, 0x7f,
    0xf6, 0x0, 0x1f, 0xfc, 0x0, 0xcf, 0xf4, 0x0,
    0x5f, 0xfa, 0x0, 0xff, 0xf1, 0x0, 0xaf, 0xf8,
    0x5, 0xff, 0xf0, 0x0, 0xef, 0xf5, 0x9, 0xff,
    0xd0, 0x3, 0xff, 0xf3, 0xe, 0xff, 0xb0, 0x7,
    0xff, 0xf1, 0x2f, 0xff, 0x80, 0xc, 0xff, 0xf0,
    0x7f, 0xff, 0x60, 0x1f, 0xff, 0xc0, 0x0, 0x0,
    0x0, 0x0, 0x0, 0x0,

    /* U+201D "”" */
    0x0, 0x0, 0x0, 0x0, 0x0, 0x0, 0x6, 0xff,
    0xf7, 0x2, 0xff, 0xfb, 0x8, 0xff, 0xf3, 0x4,
    0xff, 0xf6, 0xa, 0xff, 0xe0, 0x7, 0xff, 0xf2,
    0xd, 0xff, 0x90, 0x9, 0xff, 0xd0, 0xf, 0xff,
    0x50, 0xb, 0xff, 0x90, 0x1f, 0xff, 0x10, 0xd,
    0xff, 0x40, 0x3f, 0xfc, 0x0, 0xf, 0xff, 0x0,
    0x6f, 0xf7, 0x0, 0x2f, 0xfb, 0x0, 0x8f, 0xf3,
    0x0, 0x4f, 0xf7, 0x0,

    /* U+2022 "•" */
    0x0, 0x2, 0x79, 0x82, 0x0, 0x0, 0x7, 0xff,
    0xff, 0xf8, 0x0, 0x5, 0xff, 0xff, 0xff, 0xf6,
    0x0, 0xdf, 0xff, 0xff, 0xff, 0xe0, 0x1f, 0xff,
    0xff, 0xff, 0xff, 0x31, 0xff, 0xff, 0xff, 0xff,
    0xf3, 0xe, 0xff, 0xff, 0xff, 0xff, 0x10, 0x8f,
    0xff, 0xff, 0xff, 0xa0, 0x0, 0xcf, 0xff, 0xff,
    0xd1, 0x0, 0x0, 0x8d, 0xfe, 0x81, 0x0,

    /* U+2026 "…" */
    0x5, 0xba, 0x20, 0x0, 0x0, 0x19, 0xc7, 0x0,
    0x0, 0x0, 0x4b, 0xa3, 0x4, 0xff, 0xfd, 0x0,
    0x0, 0xb, 0xff, 0xf6, 0x0, 0x0, 0x2f, 0xff,
    0xe0, 0x8f, 0xff, 0xf1, 0x0, 0x0, 0xff, 0xff,
    0xa0, 0x0, 0x6, 0xff, 0xff, 0x36, 0xff, 0xfe,
    0x0, 0x0, 0xd, 0xff, 0xf8, 0x0, 0x0, 0x4f,
    0xff, 0xf1, 0x9, 0xfd, 0x40, 0x0, 0x0, 0x2d,
    0xfa, 0x0, 0x0, 0x0, 0x8f, 0xe5, 0x0
};


/*---------------------
 *  GLYPH DESCRIPTION
 *--------------------*/

static const lv_font_fmt_txt_glyph_dsc_t glyph_dsc[] = {
    {.bitmap_index = 0, .adv_w = 0, .box_w = 0, .box_h = 0, .ofs_x = 0, .ofs_y = 0} /* id = 0 reserved */,
    {.bitmap_index = 0, .adv_w = 121, .box_w = 0, .box_h = 0, .ofs_x = 0, .ofs_y = 0},
    {.bitmap_index = 0, .adv_w = 154, .box_w = 6, .box_h = 22, .ofs_x = 2, .ofs_y = 0},
    {.bitmap_index = 66, .adv_w = 251, .box_w = 10, .box_h = 10, .ofs_x = 3, .ofs_y = 12},
    {.bitmap_index = 116, .adv_w = 309, .box_w = 19, .box_h = 22, .ofs_x = 0, .ofs_y = 0},
    {.bitmap_index = 325, .adv_w = 312, .box_w = 18, .box_h = 29, .ofs_x = 1, .ofs_y = -3},
    {.bitmap_index = 586, .adv_w = 482, .box_w = 26, .box_h = 22, .ofs_x = 2, .ofs_y = 0},
    {.bitmap_index = 872, .adv_w = 318, .box_w = 19, .box_h = 22, .ofs_x = 1, .ofs_y = 0},
    {.bitmap_index = 1081, .adv_w = 156, .box_w = 4, .box_h = 10, .ofs_x = 3, .ofs_y = 12},
    {.bitmap_index = 1101, .adv_w = 179, .box_w = 9, .box_h = 28, .ofs_x = 2, .ofs_y = -4},
    {.bitmap_index = 1227, .adv_w = 179, .box_w = 8, .box_h = 28, .ofs_x = 1, .ofs_y = -4},
    {.bitmap_index = 1339, .adv_w = 259, .box_w = 13, .box_h = 13, .ofs_x = 2, .ofs_y = 9},
    {.bitmap_index = 1424, .adv_w = 323, .box_w = 16, .box_h = 15, .ofs_x = 2, .ofs_y = 2},
    {.bitmap_index = 1544, .adv_w = 153, .box_w = 7, .box_h = 10, .ofs_x = 1, .ofs_y = -6},
    {.bitmap_index = 1579, .adv_w = 223, .box_w = 10, .box_h = 4, .ofs_x = 2, .ofs_y = 8},
    {.bitmap_index = 1599, .adv_w = 153, .box_w = 6, .box_h = 5, .ofs_x = 2, .ofs_y = 0},
    {.bitmap_index = 1614, .adv_w = 182, .box_w = 11, .box_h = 27, .ofs_x = 0, .ofs_y = -3},
    {.bitmap_index = 1763, .adv_w = 317, .box_w = 18, .box_h = 22, .ofs_x = 1, .ofs_y = 0},
    {.bitmap_index = 1961, .adv_w = 203, .box_w = 10, .box_h = 22, .ofs_x = 1, .ofs_y = 0},
    {.bitmap_index = 2071, .adv_w = 299, .box_w = 16, .box_h = 22, .ofs_x = 1, .ofs_y = 0},
    {.bitmap_index = 2247, .adv_w = 305, .box_w = 17, .box_h = 22, .ofs_x = 1, .ofs_y = 0},
    {.bitmap_index = 2434, .adv_w = 320, .box_w = 18, .box_h = 22, .ofs_x = 1, .ofs_y = 0},
    {.bitmap_index = 2632, .adv_w = 294, .box_w = 16, .box_h = 22, .ofs_x = 1, .ofs_y = 0},
    {.bitmap_index = 2808, .adv_w = 307, .box_w = 17, .box_h = 22, .ofs_x = 1, .ofs_y = 0},
    {.bitmap_index = 2995, .adv_w = 277, .box_w = 16, .box_h = 22, .ofs_x = 1, .ofs_y = 0},
    {.bitmap_index = 3171, .adv_w = 307, .box_w = 17, .box_h = 22, .ofs_x = 1, .ofs_y = 0},
    {.bitmap_index = 3358, .adv_w = 307, .box_w = 17, .box_h = 22, .ofs_x = 1, .ofs_y = 0},
    {.bitmap_index = 3545, .adv_w = 153, .box_w = 6, .box_h = 16, .ofs_x = 2, .ofs_y = 0},
    {.bitmap_index = 3593, .adv_w = 158, .box_w = 7, .box_h = 22, .ofs_x = 1, .ofs_y = -6},
    {.bitmap_index = 3670, .adv_w = 323, .box_w = 16, .box_h = 18, .ofs_x = 2, .ofs_y = 0},
    {.bitmap_index = 3814, .adv_w = 323, .box_w = 15, .box_h = 11, .ofs_x = 3, .ofs_y = 4},
    {.bitmap_index = 3897, .adv_w = 323, .box_w = 15, .box_h = 18, .ofs_x = 3, .ofs_y = 0},
    {.bitmap_index = 4032, .adv_w = 261, .box_w = 14, .box_h = 22, .ofs_x = 1, .ofs_y = 0},
    {.bitmap_index = 4186, .adv_w = 480, .box_w = 28, .box_h = 28, .ofs_x = 1, .ofs_y = -6},
    {.bitmap_index = 4578, .adv_w = 349, .box_w = 22, .box_h = 22, .ofs_x = 0, .ofs_y = 0},
    {.bitmap_index = 4820, .adv_w = 316, .box_w = 17, .box_h = 22, .ofs_x = 2, .ofs_y = 0},
    {.bitmap_index = 5007, .adv_w = 354, .box_w = 20, .box_h = 22, .ofs_x = 1, .ofs_y = 0},
    {.bitmap_index = 5227, .adv_w = 347, .box_w = 19, .box_h = 22, .ofs_x = 2, .ofs_y = 0},
    {.bitmap_index = 5436, .adv_w = 291, .box_w = 15, .box_h = 22, .ofs_x = 2, .ofs_y = 0},
    {.bitmap_index = 5601, .adv_w = 282, .box_w = 15, .box_h = 22, .ofs_x = 2, .ofs_y = 0},
    {.bitmap_index = 5766, .adv_w = 360, .box_w = 20, .box_h = 22, .ofs_x = 1, .ofs_y = 0},
    {.bitmap_index = 5986, .adv_w = 358, .box_w = 19, .box_h = 22, .ofs_x = 2, .ofs_y = 0},
    {.bitmap_index = 6195, .adv_w = 133, .box_w = 5, .box_h = 22, .ofs_x = 2, .ofs_y = 0},
    {.bitmap_index = 6250, .adv_w = 278, .box_w = 15, .box_h = 22, .ofs_x = 1, .ofs_y = 0},
    {.bitmap_index = 6415, .adv_w = 338, .box_w = 19, .box_h = 22, .ofs_x = 2, .ofs_y = 0},
    {.bitmap_index = 6624, .adv_w = 271, .box_w = 14, .box_h = 22, .ofs_x = 2, .ofs_y = 0},
    {.bitmap_index = 6778, .adv_w = 443, .box_w = 24, .box_h = 22, .ofs_x = 2, .ofs_y = 0},
    {.bitmap_index = 7042, .adv_w = 364, .box_w = 19, .box_h = 22, .ofs_x = 2, .ofs_y = 0},
    {.bitmap_index = 7251, .adv_w = 369, .box_w = 21, .box_h = 22, .ofs_x = 1, .ofs_y = 0},
    {.bitmap_index = 7482, .adv_w = 310, .box_w = 17, .box_h = 22, .ofs_x = 2, .ofs_y = 0},
    {.bitmap_index = 7669, .adv_w = 371, .box_w = 21, .box_h = 24, .ofs_x = 1, .ofs_y = -2},
    {.bitmap_index = 7921, .adv_w = 313, .box_w = 17, .box_h = 22, .ofs_x = 2, .ofs_y = 0},
    {.bitmap_index = 8108, .adv_w = 312, .box_w = 18, .box_h = 22, .ofs_x = 1, .ofs_y = 0},
    {.bitmap_index = 8306, .adv_w = 317, .box_w = 18, .box_h = 22, .ofs_x = 1, .ofs_y = 0},
    {.bitmap_index = 8504, .adv_w = 353, .box_w = 18, .box_h = 22, .ofs_x = 2, .ofs_y = 0},
    {.bitmap_index = 8702, .adv_w = 349, .box_w = 22, .box_h = 22, .ofs_x = 0, .ofs_y = 0},
    {.bitmap_index = 8944, .adv_w = 490, .box_w = 30, .box_h = 22, .ofs_x = 0, .ofs_y = 0},
    {.bitmap_index = 9274, .adv_w = 345, .box_w = 21, .box_h = 22, .ofs_x = 0, .ofs_y = 0},
    {.bitmap_index = 9505, .adv_w = 342, .box_w = 21, .box_h = 22, .ofs_x = 0, .ofs_y = 0},
    {.bitmap_index = 9736, .adv_w = 313, .box_w = 17, .box_h = 22, .ofs_x = 1, .ofs_y = 0},
    {.bitmap_index = 9923, .adv_w = 179, .box_w = 8, .box_h = 28, .ofs_x = 2, .ofs_y = -4},
    {.bitmap_index = 10035, .adv_w = 182, .box_w = 11, .box_h = 27, .ofs_x = 0, .ofs_y = -3},
    {.bitmap_index = 10184, .adv_w = 179, .box_w = 8, .box_h = 28, .ofs_x = 1, .ofs_y = -4},
    {.bitmap_index = 10296, .adv_w = 231, .box_w = 13, .box_h = 10, .ofs_x = 1, .ofs_y = 12},
    {.bitmap_index = 10361, .adv_w = 225, .box_w = 15, .box_h = 4, .ofs_x = 0, .ofs_y = -3},
    {.bitmap_index = 10391, .adv_w = 169, .box_w = 7, .box_h = 5, .ofs_x = 2, .ofs_y = 19},
    {.bitmap_index = 10409, .adv_w = 276, .box_w = 15, .box_h = 17, .ofs_x = 1, .ofs_y = 0},
    {.bitmap_index = 10537, .adv_w = 300, .box_w = 16, .box_h = 22, .ofs_x = 2, .ofs_y = 0},
    {.bitmap_index = 10713, .adv_w = 280, .box_w = 16, .box_h = 17, .ofs_x = 1, .ofs_y = 0},
    {.bitmap_index = 10849, .adv_w = 300, .box_w = 16, .box_h = 22, .ofs_x = 1, .ofs_y = 0},
    {.bitmap_index = 11025, .adv_w = 284, .box_w = 16, .box_h = 17, .ofs_x = 1, .ofs_y = 0},
    {.bitmap_index = 11161, .adv_w = 187, .box_w = 12, .box_h = 24, .ofs_x = 0, .ofs_y = 0},
    {.bitmap_index = 11305, .adv_w = 300, .box_w = 16, .box_h = 23, .ofs_x = 1, .ofs_y = -6},
    {.bitmap_index = 11489, .adv_w = 294, .box_w = 15, .box_h = 22, .ofs_x = 2, .ofs_y = 0},
    {.bitmap_index = 11654, .adv_w = 126, .box_w = 6, .box_h = 24, .ofs_x = 1, .ofs_y = 0},
    {.bitmap_index = 11726, .adv_w = 126, .box_w = 8, .box_h = 30, .ofs_x = -1, .ofs_y = -6},
    {.bitmap_index = 11846, .adv_w = 273, .box_w = 15, .box_h = 22, .ofs_x = 2, .ofs_y = 0},
    {.bitmap_index = 12011, .adv_w = 126, .box_w = 4, .box_h = 22, .ofs_x = 2, .ofs_y = 0},
    {.bitmap_index = 12055, .adv_w = 432, .box_w = 23, .box_h = 17, .ofs_x = 2, .ofs_y = 0},
    {.bitmap_index = 12251, .adv_w = 294, .box_w = 15, .box_h = 17, .ofs_x = 2, .ofs_y = 0},
    {.bitmap_index = 12379, .adv_w = 292, .box_w = 16, .box_h = 17, .ofs_x = 1, .ofs_y = 0},
    {.bitmap_index = 12515, .adv_w = 300, .box_w = 16, .box_h = 23, .ofs_x = 2, .ofs_y = -6},
    {.bitmap_index = 12699, .adv_w = 300, .box_w = 16, .box_h = 23, .ofs_x = 1, .ofs_y = -6},
    {.bitmap_index = 12883, .adv_w = 191, .box_w = 10, .box_h = 18, .ofs_x = 2, .ofs_y = 0},
    {.bitmap_index = 12973, .adv_w = 264, .box_w = 15, .box_h = 17, .ofs_x = 1, .ofs_y = 0},
    {.bitmap_index = 13101, .adv_w = 169, .box_w = 11, .box_h = 21, .ofs_x = 0, .ofs_y = 0},
    {.bitmap_index = 13217, .adv_w = 294, .box_w = 15, .box_h = 17, .ofs_x = 2, .ofs_y = 0},
    {.bitmap_index = 13345, .adv_w = 282, .box_w = 18, .box_h = 17, .ofs_x = 0, .ofs_y = 0},
    {.bitmap_index = 13498, .adv_w = 403, .box_w = 25, .box_h = 17, .ofs_x = 0, .ofs_y = 0},
    {.bitmap_index = 13711, .adv_w = 273, .box_w = 17, .box_h = 17, .ofs_x = 0, .ofs_y = 0},
    {.bitmap_index = 13856, .adv_w = 282, .box_w = 18, .box_h = 23, .ofs_x = 0, .ofs_y = -6},
    {.bitmap_index = 14063, .adv_w = 272, .box_w = 15, .box_h = 17, .ofs_x = 1, .ofs_y = 0},
    {.bitmap_index = 14191, .adv_w = 218, .box_w = 11, .box_h = 28, .ofs_x = 2, .ofs_y = -4},
    {.bitmap_index = 14345, .adv_w = 172, .box_w = 5, .box_h = 37, .ofs_x = 3, .ofs_y = -7},
    {.bitmap_index = 14438, .adv_w = 218, .box_w = 11, .box_h = 28, .ofs_x = 1, .ofs_y = -4},
    {.bitmap_index = 14592, .adv_w = 323, .box_w = 16, .box_h = 7, .ofs_x = 2, .ofs_y = 6},
    {.bitmap_index = 14648, .adv_w = 121, .box_w = 0, .box_h = 0, .ofs_x = 0, .ofs_y = 0},
    {.bitmap_index = 14648, .adv_w = 154, .box_w = 6, .box_h = 23, .ofs_x = 2, .ofs_y = -6},
    {.bitmap_index = 14717, .adv_w = 280, .box_w = 16, .box_h = 22, .ofs_x = 1, .ofs_y = 0},
    {.bitmap_index = 14893, .adv_w = 302, .box_w = 17, .box_h = 22, .ofs_x = 1, .ofs_y = 0},
    {.bitmap_index = 15080, .adv_w = 360, .box_w = 20, .box_h = 21, .ofs_x = 1, .ofs_y = -1},
    {.bitmap_index = 15290, .adv_w = 270, .box_w = 17, .box_h = 22, .ofs_x = 0, .ofs_y = 0},
    {.bitmap_index = 15477, .adv_w = 152, .box_w = 4, .box_h = 27, .ofs_x = 3, .ofs_y = -5},
    {.bitmap_index = 15531, .adv_w = 273, .box_w = 15, .box_h = 28, .ofs_x = 1, .ofs_y = -6},
    {.bitmap_index = 15741, .adv_w = 294, .box_w = 12, .box_h = 5, .ofs_x = 3, .ofs_y = 19},
    {.bitmap_index = 15771, .adv_w = 439, .box_w = 23, .box_h = 23, .ofs_x = 2, .ofs_y = 0},
    {.bitmap_index = 16036, .adv_w = 221, .box_w = 13, .box_h = 13, .ofs_x = 0, .ofs_y = 10},
    {.bitmap_index = 16121, .adv_w = 304, .box_w = 17, .box_h = 15, .ofs_x = 1, .ofs_y = 2},
    {.bitmap_index = 16249, .adv_w = 323, .box_w = 14, .box_h = 8, .ofs_x = 3, .ofs_y = 4},
    {.bitmap_index = 16305, .adv_w = 319, .box_w = 18, .box_h = 18, .ofs_x = 1, .ofs_y = 5},
    {.bitmap_index = 16467, .adv_w = 217, .box_w = 9, .box_h = 3, .ofs_x = 2, .ofs_y = 20},
    {.bitmap_index = 16481, .adv_w = 220, .box_w = 11, .box_h = 11, .ofs_x = 1, .ofs_y = 12},
    {.bitmap_index = 16542, .adv_w = 323, .box_w = 16, .box_h = 17, .ofs_x = 2, .ofs_y = 0},
    {.bitmap_index = 16678, .adv_w = 218, .box_w = 12, .box_h = 13, .ofs_x = 1, .ofs_y = 13},
    {.bitmap_index = 16756, .adv_w = 222, .box_w = 12, .box_h = 13, .ofs_x = 1, .ofs_y = 13},
    {.bitmap_index = 16834, .adv_w = 169, .box_w = 7, .box_h = 5, .ofs_x = 2, .ofs_y = 19},
    {.bitmap_index = 16852, .adv_w = 295, .box_w = 17, .box_h = 23, .ofs_x = 2, .ofs_y = -6},
    {.bitmap_index = 17048, .adv_w = 288, .box_w = 15, .box_h = 22, .ofs_x = 1, .ofs_y = 0},
    {.bitmap_index = 17213, .adv_w = 153, .box_w = 6, .box_h = 5, .ofs_x = 2, .ofs_y = 8},
    {.bitmap_index = 17228, .adv_w = 159, .box_w = 6, .box_h = 7, .ofs_x = 3, .ofs_y = -6},
    {.bitmap_index = 17249, .adv_w = 155, .box_w = 7, .box_h = 13, .ofs_x = 1, .ofs_y = 13},
    {.bitmap_index = 17295, .adv_w = 234, .box_w = 13, .box_h = 13, .ofs_x = 1, .ofs_y = 10},
    {.bitmap_index = 17380, .adv_w = 304, .box_w = 17, .box_h = 15, .ofs_x = 1, .ofs_y = 2},
    {.bitmap_index = 17508, .adv_w = 399, .box_w = 23, .box_h = 23, .ofs_x = 1, .ofs_y = 0},
    {.bitmap_index = 17773, .adv_w = 417, .box_w = 24, .box_h = 23, .ofs_x = 1, .ofs_y = 0},
    {.bitmap_index = 18049, .adv_w = 435, .box_w = 26, .box_h = 23, .ofs_x = 1, .ofs_y = 0},
    {.bitmap_index = 18348, .adv_w = 261, .box_w = 15, .box_h = 23, .ofs_x = 1, .ofs_y = -6},
    {.bitmap_index = 18521, .adv_w = 349, .box_w = 22, .box_h = 29, .ofs_x = 0, .ofs_y = 0},
    {.bitmap_index = 18840, .adv_w = 349, .box_w = 22, .box_h = 29, .ofs_x = 0, .ofs_y = 0},
    {.bitmap_index = 19159, .adv_w = 349, .box_w = 22, .box_h = 29, .ofs_x = 0, .ofs_y = 0},
    {.bitmap_index = 19478, .adv_w = 349, .box_w = 22, .box_h = 29, .ofs_x = 0, .ofs_y = 0},
    {.bitmap_index = 19797, .adv_w = 349, .box_w = 22, .box_h = 29, .ofs_x = 0, .ofs_y = 0},
    {.bitmap_index = 20116, .adv_w = 349, .box_w = 22, .box_h = 31, .ofs_x = 0, .ofs_y = 0},
    {.bitmap_index = 20457, .adv_w = 486, .box_w = 29, .box_h = 22, .ofs_x = 0, .ofs_y = 0},
    {.bitmap_index = 20776, .adv_w = 354, .box_w = 20, .box_h = 28, .ofs_x = 1, .ofs_y = -6},
    {.bitmap_index = 21056, .adv_w = 291, .box_w = 15, .box_h = 29, .ofs_x = 2, .ofs_y = 0},
    {.bitmap_index = 21274, .adv_w = 291, .box_w = 15, .box_h = 29, .ofs_x = 2, .ofs_y = 0},
    {.bitmap_index = 21492, .adv_w = 291, .box_w = 15, .box_h = 29, .ofs_x = 2, .ofs_y = 0},
    {.bitmap_index = 21710, .adv_w = 291, .box_w = 15, .box_h = 29, .ofs_x = 2, .ofs_y = 0},
    {.bitmap_index = 21928, .adv_w = 133, .box_w = 8, .box_h = 29, .ofs_x = -1, .ofs_y = 0},
    {.bitmap_index = 22044, .adv_w = 133, .box_w = 7, .box_h = 29, .ofs_x = 2, .ofs_y = 0},
    {.bitmap_index = 22146, .adv_w = 133, .box_w = 12, .box_h = 29, .ofs_x = -2, .ofs_y = 0},
    {.bitmap_index = 22320, .adv_w = 133, .box_w = 12, .box_h = 29, .ofs_x = -2, .ofs_y = 0},
    {.bitmap_index = 22494, .adv_w = 361, .box_w = 22, .box_h = 22, .ofs_x = 0, .ofs_y = 0},
    {.bitmap_index = 22736, .adv_w = 364, .box_w = 19, .box_h = 29, .ofs_x = 2, .ofs_y = 0},
    {.bitmap_index = 23012, .adv_w = 369, .box_w = 21, .box_h = 30, .ofs_x = 1, .ofs_y = 0},
    {.bitmap_index = 23327, .adv_w = 369, .box_w = 21, .box_h = 30, .ofs_x = 1, .ofs_y = 0},
    {.bitmap_index = 23642, .adv_w = 369, .box_w = 21, .box_h = 30, .ofs_x = 1, .ofs_y = 0},
    {.bitmap_index = 23957, .adv_w = 369, .box_w = 21, .box_h = 29, .ofs_x = 1, .ofs_y = 0},
    {.bitmap_index = 24262, .adv_w = 369, .box_w = 21, .box_h = 30, .ofs_x = 1, .ofs_y = 0},
    {.bitmap_index = 24577, .adv_w = 323, .box_w = 16, .box_h = 16, .ofs_x = 2, .ofs_y = 1},
    {.bitmap_index = 24705, .adv_w = 369, .box_w = 21, .box_h = 24, .ofs_x = 1, .ofs_y = -1},
    {.bitmap_index = 24957, .adv_w = 353, .box_w = 18, .box_h = 30, .ofs_x = 2, .ofs_y = 0},
    {.bitmap_index = 25227, .adv_w = 353, .box_w = 18, .box_h = 30, .ofs_x = 2, .ofs_y = 0},
    {.bitmap_index = 25497, .adv_w = 353, .box_w = 18, .box_h = 30, .ofs_x = 2, .ofs_y = 0},
    {.bitmap_index = 25767, .adv_w = 353, .box_w = 18, .box_h = 30, .ofs_x = 2, .ofs_y = 0},
    {.bitmap_index = 26037, .adv_w = 342, .box_w = 21, .box_h = 29, .ofs_x = 0, .ofs_y = 0},
    {.bitmap_index = 26342, .adv_w = 316, .box_w = 16, .box_h = 22, .ofs_x = 2, .ofs_y = 0},
    {.bitmap_index = 26518, .adv_w = 309, .box_w = 16, .box_h = 22, .ofs_x = 2, .ofs_y = 0},
    {.bitmap_index = 26694, .adv_w = 276, .box_w = 15, .box_h = 24, .ofs_x = 1, .ofs_y = 0},
    {.bitmap_index = 26874, .adv_w = 276, .box_w = 15, .box_h = 24, .ofs_x = 1, .ofs_y = 0},
    {.bitmap_index = 27054, .adv_w = 276, .box_w = 15, .box_h = 24, .ofs_x = 1, .ofs_y = 0},
    {.bitmap_index = 27234, .adv_w = 276, .box_w = 15, .box_h = 24, .ofs_x = 1, .ofs_y = 0},
    {.bitmap_index = 27414, .adv_w = 276, .box_w = 15, .box_h = 24, .ofs_x = 1, .ofs_y = 0},
    {.bitmap_index = 27594, .adv_w = 276, .box_w = 15, .box_h = 26, .ofs_x = 1, .ofs_y = 0},
    {.bitmap_index = 27789, .adv_w = 438, .box_w = 26, .box_h = 17, .ofs_x = 1, .ofs_y = 0},
    {.bitmap_index = 28010, .adv_w = 280, .box_w = 16, .box_h = 23, .ofs_x = 1, .ofs_y = -6},
    {.bitmap_index = 28194, .adv_w = 284, .box_w = 16, .box_h = 24, .ofs_x = 1, .ofs_y = 0},
    {.bitmap_index = 28386, .adv_w = 284, .box_w = 16, .box_h = 24, .ofs_x = 1, .ofs_y = 0},
    {.bitmap_index = 28578, .adv_w = 284, .box_w = 16, .box_h = 24, .ofs_x = 1, .ofs_y = 0},
    {.bitmap_index = 28770, .adv_w = 284, .box_w = 16, .box_h = 24, .ofs_x = 1, .ofs_y = 0},
    {.bitmap_index = 28962, .adv_w = 126, .box_w = 7, .box_h = 24, .ofs_x = -1, .ofs_y = 0},
    {.bitmap_index = 29046, .adv_w = 126, .box_w = 7, .box_h = 24, .ofs_x = 2, .ofs_y = 0},
    {.bitmap_index = 29130, .adv_w = 126, .box_w = 12, .box_h = 24, .ofs_x = -2, .ofs_y = 0},
    {.bitmap_index = 29274, .adv_w = 126, .box_w = 12, .box_h = 24, .ofs_x = -2, .ofs_y = 0},
    {.bitmap_index = 29418, .adv_w = 285, .box_w = 16, .box_h = 25, .ofs_x = 1, .ofs_y = 0},
    {.bitmap_index = 29618, .adv_w = 294, .box_w = 15, .box_h = 24, .ofs_x = 2, .ofs_y = 0},
    {.bitmap_index = 29798, .adv_w = 292, .box_w = 16, .box_h = 24, .ofs_x = 1, .ofs_y = 0},
    {.bitmap_index = 29990, .adv_w = 292, .box_w = 16, .box_h = 24, .ofs_x = 1, .ofs_y = 0},
    {.bitmap_index = 30182, .adv_w = 292, .box_w = 16, .box_h = 24, .ofs_x = 1, .ofs_y = 0},
    {.bitmap_index = 30374, .adv_w = 292, .box_w = 16, .box_h = 24, .ofs_x = 1, .ofs_y = 0},
    {.bitmap_index = 30566, .adv_w = 292, .box_w = 16, .box_h = 24, .ofs_x = 1, .ofs_y = 0},
    {.bitmap_index = 30758, .adv_w = 323, .box_w = 16, .box_h = 17, .ofs_x = 2, .ofs_y = 0},
    {.bitmap_index = 30894, .adv_w = 292, .box_w = 17, .box_h = 19, .ofs_x = 1, .ofs_y = -1},
    {.bitmap_index = 31056, .adv_w = 294, .box_w = 15, .box_h = 24, .ofs_x = 2, .ofs_y = 0},
    {.bitmap_index = 31236, .adv_w = 294, .box_w = 15, .box_h = 24, .ofs_x = 2, .ofs_y = 0},
    {.bitmap_index = 31416, .adv_w = 294, .box_w = 15, .box_h = 24, .ofs_x = 2, .ofs_y = 0},
    {.bitmap_index = 31596, .adv_w = 294, .box_w = 15, .box_h = 24, .ofs_x = 2, .ofs_y = 0},
    {.bitmap_index = 31776, .adv_w = 282, .box_w = 18, .box_h = 30, .ofs_x = 0, .ofs_y = -6},
    {.bitmap_index = 32046, .adv_w = 300, .box_w = 16, .box_h = 28, .ofs_x = 2, .ofs_y = -6},
    {.bitmap_index = 32270, .adv_w = 282, .box_w = 18, .box_h = 30, .ofs_x = 0, .ofs_y = -6},
    {.bitmap_index = 32540, .adv_w = 141, .box_w = 6, .box_h = 10, .ofs_x = 2, .ofs_y = 12},
    {.bitmap_index = 32570, .adv_w = 141, .box_w = 6, .box_h = 10, .ofs_x = 2, .ofs_y = 13},
    {.bitmap_index = 32600, .adv_w = 131, .box_w = 6, .box_h = 10, .ofs_x = 1, .ofs_y = -6},
    {.bitmap_index = 32630, .adv_w = 141, .box_w = 6, .box_h = 10, .ofs_x = 1, .ofs_y = 12},
    {.bitmap_index = 32660, .adv_w = 243, .box_w = 12, .box_h = 10, .ofs_x = 2, .ofs_y = 12},
    {.bitmap_index = 32720, .adv_w = 241, .box_w = 12, .box_h = 10, .ofs_x = 2, .ofs_y = 13},
    {.bitmap_index = 32780, .adv_w = 242, .box_w = 11, .box_h = 10, .ofs_x = 2, .ofs_y = 4},
    {.bitmap_index = 32835, .adv_w = 459, .box_w = 25, .box_h = 5, .ofs_x = 2, .ofs_y = 0}
};

/*---------------------
 *  CHARACTER MAPPING
 *--------------------*/

static const uint8_t glyph_id_ofs_list_3[] = {
    0, 1, 2, 3, 4, 5, 0, 0,
    0, 0, 6, 0, 0, 0, 7
};

/*Collect the unicode lists and glyph_id offsets*/
static const lv_font_fmt_txt_cmap_t cmaps[] =
{
    {
        .range_start = 32, .range_length = 95, .glyph_id_start = 1,
        .unicode_list = NULL, .glyph_id_ofs_list = NULL, .list_length = 0, .type = LV_FONT_FMT_TXT_CMAP_FORMAT0_TINY
    },
    {
        .range_start = 160, .range_length = 13, .glyph_id_start = 96,
        .unicode_list = NULL, .glyph_id_ofs_list = NULL, .list_length = 0, .type = LV_FONT_FMT_TXT_CMAP_FORMAT0_TINY
    },
    {
        .range_start = 174, .range_length = 82, .glyph_id_start = 109,
        .unicode_list = NULL, .glyph_id_ofs_list = NULL, .list_length = 0, .type = LV_FONT_FMT_TXT_CMAP_FORMAT0_TINY
    },
    {
        .range_start = 8216, .range_length = 15, .glyph_id_start = 191,
        .unicode_list = NULL, .glyph_id_ofs_list = glyph_id_ofs_list_3, .list_length = 15, .type = LV_FONT_FMT_TXT_CMAP_FORMAT0_FULL
    }
};

/*-----------------
 *    KERNING
 *----------------*/


/*Map glyph_ids to kern left classes*/
static const uint8_t kern_left_class_mapping[] =
{
    0, 0, 0, 1, 0, 2, 0, 3,
    1, 4, 0, 5, 6, 7, 6, 7,
    8, 9, 10, 0, 11, 0, 0, 0,
    12, 11, 9, 13, 13, 0, 14, 15,
    16, 17, 18, 19, 20, 21, 22, 23,
    24, 25, 25, 26, 27, 28, 25, 25,
    21, 29, 21, 30, 2, 31, 26, 32,
    33, 34, 35, 36, 4, 37, 0, 5,
    38, 0, 39, 40, 40, 25, 40, 41,
    42, 39, 43, 43, 44, 25, 39, 39,
    40, 40, 42, 45, 46, 47, 48, 49,
    50, 51, 49, 52, 4, 10, 0, 6,
    0, 53, 54, 0, 0, 55, 0, 0,
    0, 17, 56, 57, 58, 59, 0, 5,
    14, 0, 0, 0, 60, 10, 61, 0,
    0, 56, 62, 0, 0, 0, 63, 18,
    18, 18, 18, 18, 18, 22, 20, 22,
    22, 22, 22, 25, 25, 64, 64, 21,
    25, 21, 21, 21, 21, 21, 65, 21,
    26, 26, 26, 26, 35, 66, 67, 39,
    39, 39, 39, 39, 39, 68, 40, 40,
    40, 40, 40, 43, 43, 69, 70, 40,
    71, 40, 40, 40, 72, 72, 6, 40,
    48, 48, 48, 48, 49, 40, 49, 73,
    74, 75, 0, 73, 74, 76, 7
};

/*Map glyph_ids to kern right classes*/
static const uint8_t kern_right_class_mapping[] =
{
    0, 0, 0, 1, 0, 2, 0, 3,
    1, 0, 4, 5, 6, 7, 8, 9,
    10, 11, 12, 0, 13, 14, 0, 11,
    15, 13, 0, 16, 16, 17, 18, 0,
    19, 20, 21, 22, 23, 22, 22, 22,
    23, 22, 22, 24, 22, 22, 22, 22,
    23, 22, 23, 22, 25, 26, 27, 28,
    29, 30, 31, 32, 0, 33, 4, 34,
    35, 0, 36, 22, 37, 37, 37, 38,
    37, 22, 39, 40, 22, 22, 41, 41,
    37, 41, 37, 41, 42, 43, 44, 45,
    46, 47, 45, 48, 0, 49, 4, 50,
    0, 0, 51, 0, 0, 0, 0, 0,
    0, 52, 53, 54, 55, 56, 0, 57,
    18, 0, 0, 0, 58, 59, 60, 0,
    0, 53, 61, 0, 0, 0, 62, 21,
    21, 21, 21, 21, 21, 21, 23, 22,
    22, 22, 22, 22, 22, 63, 63, 64,
    22, 23, 23, 23, 23, 23, 65, 23,
    27, 27, 27, 27, 31, 22, 22, 36,
    36, 36, 66, 67, 36, 36, 37, 37,
    37, 37, 68, 69, 70, 69, 71, 37,
    41, 37, 37, 37, 72, 68, 6, 37,
    44, 44, 44, 73, 45, 22, 74, 75,
    76, 77, 78, 75, 76, 79, 80
};

/*Kern values between classes*/
static const int8_t kern_class_values[] =
{
    0, 0, 0, 0, 0, 0, 0, 0,
    0, 0, 0, 0, 0, 0, 0, 0,
    0, 0, 0, 0, -38, 0, 0, -79,
    0, 0, 0, 0, 0, 0, 0, 0,
    0, 0, 0, 0, -9, 0, 0, 0,
    0, -3, 0, 0, 0, 0, 0, 0,
    0, 0, 0, 0, 0, 0, 0, 0,
    0, 0, 0, 0, 0, 0, 0, 0,
    0, 0, 0, -9, 0, 0, 0, -9,
    0, 0, 0, 0, 0, 0, 0, 0,
    0, 0, 0, 0, 0, 0, 0, 0,
    0, 0, 0, 0, 0, 0, 0, 0,
    0, 0, 0, 0, -5, 0, 0, 0,
    0, -3, 0, 0, 0, -6, 0, 0,
    0, 0, 0, 0, 0, 0, 0, 0,
    0, 0, 0, 0, 0, 0, 0, 0,
    0, 0, 0, 0, 0, 0, 0, 0,
    0, 0, 0, 0, 0, 0, 0, 0,
    0, 0, 0, 0, 0, 0, 22, 0,
    0, 0, 0, 0, 0, 0, 0, 0,
    0, 0, 0, 0, 0, 0, 0, 0,
    0, 0, 0, 0, 0, 0, 0, 0,
    0, 0, 0, 0, 0, 0, 0, 0,
    0, -27, 0, -30, -19, 0, -35, 0,
    0, 0, 0, 0, 0, 0, 0, 0,
    0, 0, 0, 0, -16, -16, 0, 0,
    0, 0, 0, 0, -19, 0, 0, 0,
    0, 0, 0, 0, 0, 0, 0, 0,
    0, 0, 0, 0, 0, 0, 0, 0,
    0, -16, 0, 0, 0, 0, 0, 0,
    0, 0, 0, 0, 0, 0, 0, 0,
    0, 0, 0, 0, 0, 0, 0, 0,
    0, 0, 0, 0, 0, 6, 0, 0,
    0, 0, 0, 0, 0, 0, 0, 0,
    0, 0, 0, 0, -4, 0, 0, 9,
    6, 0, 0, 0, 0, 0, 0, 0,
    0, 0, 0, 0, 0, 0, 0, 0,
    0, 0, 0, 0, 0, 0, 0, 0,
    0, 0, 0, -4, 0, 0, 0, -4,
    0, 0, 0, 0, 0, 0, 0, 0,
    0, 0, 0, 0, 0, 0, 0, 0,
    0, 0, 0, 0, 0, 0, 0, 0,
    0, 0, 0, 0, -43, 0, -7, -46,
    0, 0, 0, 0, 0, 0, 0, 0,
    0, 0, 0, 0, 0, 0, 0, 0,
    0, 0, 0, 0, 0, 0, 0, 0,
    0, 0, 0, 0, 0, 0, 0, 0,
    0, 0, 0, 0, 0, 0, 0, 6,
    0, 0, 0, 0, 0, 0, 0, 0,
    0, 0, 0, 0, 0, 0, 0, 0,
    0, 0, 0, 0, 0, 0, 0, 0,
    0, 0, 0, 0, 0, 0, 0, 0,
    0, 0, 0, 0, -16, 0, 0, -22,
    0, -36, 0, -22, -16, -18, -33, 0,
    0, 0, 0, 0, 0, 0, 0, 0,
    0, 0, 0, 0, 0, 0, -11, 0,
    0, 0, 0, 0, 0, 0, 0, 0,
    0, 0, 0, 0, 0, 0, 0, 0,
    0, 0, 0, 0, 0, 0, 0, 0,
    0, 0, 0, 0, 0, 0, 0, 0,
    0, 0, 0, 0, 0, 0, 0, 0,
    0, 0, 0, 0, 0, 0, 0, 0,
    0, 0, 0, 0, 0, 0, -21, 0,
    0, -16, 0, 0, 0, 0, -26, 0,
    0, 0, 0, 0, 0, 0, 0, 0,
    0, 0, 0, 0, 0, 0, 0, 0,
    0, 0, 0, 0, 0, 0, 0, 0,
    0, 0, 0, 0, 0, 0, 0, 0,
    0, 0, 0, 0, 0, 0, 0, 0,
    0, 0, 0, 0, 0, 0, 0, 0,
    0, 0, 0, 0, 0, 0, 0, 0,
    0, 0, 0, 0, 0, 0, 0, 0,
    0, 0, 0, 0, -12, 0, 0, -30,
    0, 0, 0, 2, 2, 0, 0, 0,
    0, 0, 0, 0, 0, 0, 0, 0,
    0, 0, 0, 0, 0, 0, 0, 0,
    0, 0, 0, 0, 0, 0, 0, 0,
    0, 0, 0, 0, 0, 0, 0, 0,
    0, 0, 0, 0, 0, 0, 0, 0,
    0, 0, 0, 0, 0, 0, 0, 0,
    0, 0, 0, 0, 0, 0, 0, 0,
    0, 0, 0, 0, 0, 0, 0, 0,
    0, 0, 0, 0, 0, 0, 0, 0,
    0, 0, 0, -10, 0, -17, -16, 0,
    0, 0, 0, 0, 0, 0, 0, 0,
    0, 0, 8, 0, 0, 0, 0, 0,
    0, 0, 0, 0, 0, 0, 0, 0,
    0, 0, 0, 0, 0, 0, 0, 0,
    0, 0, 0, 0, 0, 0, 0, 0,
    0, 0, 0, 0, 0, 0, 0, 0,
    0, 0, 0, 0, 0, 0, 0, 0,
    0, 0, 0, 0, 0, 0, 0, 0,
    0, 0, 0, 0, 0, 0, 0, 0,
    0, 0, 0, 0, 0, 0, 0, 0,
    0, 0, 0, 0, 0, 0, 0, 0,
    0, 0, 7, 0, 4, 0, 0, 0,
    0, 0, 0, 0, 0, 0, 0, 0,
    0, 0, 0, 0, 0, 0, 0, 16,
    0, 0, 0, 0, 0, 0, 30, 0,
    0, 4, 0, 0, 0, 0, 0, 0,
    0, 0, 0, 0, 0, 0, 0, 0,
    0, 0, 0, 0, 0, 0, 0, 0,
    0, 0, 0, 0, 0, 0, 0, 0,
    0, 0, 0, 0, 0, -10, 0, 0,
    0, 0, 0, 0, 0, 0, 0, 0,
    0, 0, 0, 0, 0, 0, 0, 0,
    0, 0, 0, 0, 0, 0, 0, 0,
    0, 0, 0, 0, 0, 0, 0, 0,
    0, 0, 0, 0, 0, 0, 0, 0,
    0, 0, 0, 0, 0, 0, 0, 0,
    0, 0, 0, 0, 0, 0, 0, 0,
    0, 0, 0, 0, 0, 0, 0, 0,
    0, 0, 0, 0, -52, 0, 0, -46,
    0, 0, 0, 0, 0, 0, 0, 0,
    0, 0, 0, -22, -24, 0, 0, 0,
    -24, -19, 0, 0, 0, 0, 0, 0,
    0, 0, 0, 0, 0, 0, 0, 0,
    0, 0, 0, 0, 0, 0, 0, 0,
    0, -22, -22, -24, 0, 0, 44, -24,
    0, 0, 0, 0, 0, 0, 0, 0,
    0, 0, 0, 0, 0, 0, 0, 0,
    0, 0, 0, 0, 0, 0, 0, 0,
    0, 0, 0, 0, 0, 0, 0, 0,
    0, -16, 0, -30, 0, 0, 0, 0,
    0, 0, 0, 0, 0, 0, 0, 0,
    0, 0, 0, 0, 0, 0, 0, 0,
    0, 0, 0, 0, 0, 0, 0, 0,
    0, 0, 0, 0, 0, 0, 0, 0,
    0, 0, 0, 0, 0, 0, 0, 0,
    0, 0, 0, 0, 0, 0, 0, 0,
    0, 0, 0, 0, 0, 0, 0, 0,
    0, 0, 0, 0, 0, 0, 0, 0,
    0, 0, 0, 0, -24, 0, 0, 0,
    0, -22, 0, -33, -30, -24, -46, 0,
    0, 0, 0, 0, 0, 0, 0, 0,
    0, 0, 0, 0, -19, 0, -16, 0,
    0, 0, 0, 0, 0, 0, 0, 0,
    0, 0, 0, 0, 0, 0, 0, 0,
    0, 0, 0, 0, 0, 0, 0, 0,
    0, -19, 0, 0, 0, 0, 0, 0,
    0, 0, 0, 0, 0, 0, 0, 0,
    0, 0, 0, 0, 0, 0, 0, 0,
    0, 0, 0, 0, -12, 0, 0, 0,
    0, -38, 0, -35, -35, -27, -44, -30,
    0, 0, 0, 0, 0, 0, 0, 0,
    0, 0, 0, 0, 0, 0, 0, 0,
    0, 0, 0, 0, 0, 0, 0, 0,
    0, 0, 0, 0, 0, 0, 0, 0,
    0, 0, 0, 0, 0, 0, 0, 0,
    0, 0, 0, 0, 0, 0, 0, 0,
    0, 0, 0, 0, 0, 0, 0, 0,
    0, 0, 0, 0, 0, 0, 0, 0,
    0, 0, 0, 0, -30, 0, 0, 0,
    0, 0, 0, 0, 0, 0, 0, 0,
    0, 0, 0, 0, 0, 0, 0, 0,
    0, 0, 0, 0, 0, 0, 0, 0,
    0, 0, 0, 0, 0, 0, 0, 0,
    0, 0, 0, 0, 0, 0, 0, 0,
    0, 0, 0, 0, 0, 0, 0, 0,
    0, 0, 0, 0, 0, 0, 0, 0,
    0, 0, 0, 0, 0, 0, 0, 0,
    0, 0, 0, 0, 0, 0, 0, 0,
    0, 0, 0, 0, -19, 0, 0, 0,
    0, -15, 0, -18, -8, -22, -19, 0,
    0, 0, 0, 0, 0, 0, 0, 0,
    0, 0, 0, 0, 0, 0, 0, 0,
    0, 0, 0, 0, 0, 0, 0, 0,
    0, 0, 0, 0, 0, 0, 0, 0,
    0, 0, 0, 0, 0, 0, 0, 0,
    0, 0, 0, 0, 0, 0, 0, 0,
    -38, -5, 0, 0, -43, -16, 0, -16,
    0, 7, 0, -21, 0, 0, 0, 0,
    -12, -24, -30, -19, 7, 0, -19, 0,
    -5, -42, -9, -36, -32, 0, -37, 0,
    -36, -43, 0, 0, -7, -3, 2, 0,
    0, -4, -12, 0, -33, -33, 0, 0,
    0, -16, -7, -19, -35, -16, -16, -34,
    -43, 0, -24, -16, -16, 0, 0, 0,
    -16, 0, 0, -7, 2, 2, 0, -7,
    0, -33, -63, -49, 0, 0, -16, 0,
    0, 0, 0, 0, 0, 0, 0, 0,
    0, 0, 0, 0, 0, 0, 0, 0,
    0, 0, 0, 0, 0, 0, 0, 0,
    0, -27, 0, 0, 0, 0, 0, 0,
    0, 0, 0, 0, 0, 0, 0, 0,
    0, 0, 0, 0, 0, 0, 0, 0,
    0, 0, 0, 0, 0, 0, 0, 0,
    0, 0, 0, 0, 0, 0, 0, 0,
    0, 0, 0, 0, 0, 0, 16, 0,
    0, 0, -30, 0, 0, 0, 0, 0,
    0, 0, 0, 0, 0, 0, 0, 0,
    0, 0, 0, 0, 0, 0, 0, 0,
    0, 0, 0, 0, -12, 0, 0, 0,
    0, 0, 0, 0, 0, -6, 0, 0,
    0, 0, -19, 0, 0, 0, 0, 0,
    0, 0, 0, 0, 2, 0, 0, 0,
    0, 0, 0, 0, 0, 0, 0, 0,
    0, 0, 0, 0, 0, 0, 0, 0,
    0, 0, 0, 0, 0, 0, 16, 0,
    0, 2, 0, 0, 0, 0, 0, 0,
    0, 0, 0, 0, 0, 0, -21, 0,
    -21, -19, 0, 0, 0, 0, 0, 0,
    0, 0, 0, 0, -19, 0, 0, 0,
    0, -15, 0, -18, -8, -22, -19, 0,
    -18, 0, -19, 0, 0, 0, 0, 0,
    0, 0, 0, 0, 0, 0, 0, 0,
    0, 0, 0, 0, 0, 0, 0, -3,
    0, 0, 0, 0, 0, 0, 0, 0,
    0, 0, 0, 0, 0, 0, 0, 0,
    0, 0, -16, 0, -19, 0, 0, -21,
    0, 0, 0, 0, 0, 0, 0, 0,
    0, 0, 0, 0, 0, 0, 0, 0,
    0, 0, 0, 0, 0, 0, 0, 0,
    0, 0, 0, 0, 0, 0, 0, 0,
    0, 0, 0, 0, 0, 0, 0, 0,
    0, 0, 0, 0, 0, 0, 0, 0,
    0, 0, 0, 0, 0, 0, 0, 0,
    0, 0, 0, 0, 0, 0, 0, 0,
    0, 0, 0, 0, 0, 0, 35, 0,
    0, 0, 0, 0, 0, 0, 0, 0,
    0, 0, 0, 0, 0, 0, -19, 0,
    -16, 0, 0, 0, 0, 0, 0, 0,
    0, 0, 0, 0, -44, 0, 0, -33,
    0, 0, 0, 0, 0, 0, 0, 0,
    0, 0, -16, -9, -15, 0, 0, 0,
    -11, 0, 0, -16, -16, 0, 0, -16,
    0, 0, -15, 0, 0, 0, 0, 0,
    0, -16, 0, 0, 0, 0, 0, 0,
    0, -9, -9, -15, 0, 0, 0, -15,
    -16, -16, 0, 0, -57, 0, 0, -41,
    0, 0, 0, 0, 0, 0, 0, 0,
    0, 0, 0, 0, 0, 0, 0, 0,
    0, 0, 0, 0, -14, 0, 0, 0,
    0, -15, 0, -11, 0, -6, -13, 0,
    -11, 0, 0, 0, 0, 0, 0, 0,
    0, 0, 0, 0, 0, 0, 0, 0,
    0, 0, 0, 0, 0, 0, 0, 0,
    0, 0, 0, 0, 0, 0, 0, 0,
    0, 0, 0, 0, 0, 0, 16, 0,
    0, 0, 0, 0, 0, 0, 0, 0,
    0, 0, 0, 6, 0, 0, 0, 0,
    0, 0, 0, 0, 0, 0, 0, 0,
    0, 0, 0, 0, 0, 0, 0, 0,
    0, 0, 0, 0, 0, 0, 0, 0,
    0, 0, 6, 0, 0, 0, 0, 0,
    0, 0, 7, 0, 4, 0, 0, 0,
    0, 0, 0, 0, 0, 0, 0, 0,
    0, 0, 0, 0, 0, 0, 0, 16,
    0, 0, 0, 0, 0, 0, 30, 0,
    0, 4, 0, 0, 0, 0, 0, 0,
    0, 0, 0, 0, 0, 0, -16, 0,
    -16, -27, 0, 0, 0, 0, 0, 0,
    0, 0, 0, 0, -9, 0, 0, 0,
    0, 0, 0, 0, 0, 0, 0, 0,
    0, 0, -24, 0, 0, 0, 0, 0,
    0, 0, 0, 0, 0, 0, 0, 0,
    0, 0, 0, 0, 0, 0, 0, 0,
    0, 0, 0, 0, 0, 0, 0, 0,
    0, 0, 0, 0, 0, 0, 0, 0,
    0, 0, 0, 0, -38, 0, 0, -16,
    0, -5, 0, 0, 0, -42, 0, -42,
    0, 0, 0, 0, 0, 0, 0, 0,
    -33, -16, 0, -18, 0, 0, -18, 0,
    -5, 0, 0, 0, 0, 0, 0, 0,
    0, 0, 0, 0, -19, 0, 5, 0,
    0, 0, 0, -16, -19, -30, 0, 0,
    0, -42, -19, -18, 0, -24, -24, -7,
    0, -16, 0, -22, 0, 0, 0, 0,
    -16, 0, 0, -19, 5, 5, 41, -19,
    -16, -19, 0, 0, 0, 0, -16, 0,
    -44, 0, 0, 0, -19, -35, 0, -24,
    0, 0, 0, -22, 0, 0, 0, 0,
    0, 0, 0, -14, 0, 0, -14, 0,
    0, -45, 0, -36, -12, 0, -33, 0,
    -36, -63, 0, 0, 0, 0, 0, 0,
    0, 0, -11, 0, -33, 0, 0, 0,
    0, -19, 0, -14, -46, -30, -63, -39,
    -22, 0, -39, -30, 0, 0, 0, 0,
    -16, 0, 0, 0, 0, 0, 0, 0,
    0, -33, -41, -36, 0, -22, -16, 0,
    0, 0, -16, 0, 0, -14, -19, -14,
    -16, 0, 0, 0, 0, 0, 0, 0,
    0, 0, 0, 0, -38, 0, 0, -46,
    0, 0, 0, 0, 0, 0, 0, 0,
    0, 0, 0, -4, -4, 0, 0, 0,
    0, 0, 0, 0, 0, 0, 0, 0,
    0, -14, -4, 0, 0, 0, -14, 0,
    0, 0, 0, -14, 0, 0, 0, 0,
    0, -4, -4, -4, 0, 0, 0, -4,
    0, 0, 0, 0, -68, 0, 0, -46,
    0, 0, 0, 0, 0, 0, 0, 0,
    0, 0, 0, 0, 0, 0, 0, 0,
    0, 0, 0, 0, 0, 0, 0, 0,
    0, 0, 0, -9, 0, 0, -13, 0,
    -9, 0, 0, -2, -6, 0, 0, 0,
    0, 0, 0, 0, 0, 0, 0, 0,
    0, 0, -6, 0, 0, 0, 0, 0,
    0, 0, 0, 0, 0, 0, 0, 0,
    0, -2, -2, -6, 0, 0, 22, -6,
    0, 0, 0, 0, 0, 0, 0, 0,
    0, -2, -16, 0, 0, -28, -16, -28,
    -16, -24, -16, 0, 0, -33, -38, -16,
    -38, -16, 0, -15, -42, 0, -15, -44,
    -2, 0, 0, 0, 0, 0, 6, 0,
    0, 0, -27, -35, -37, 0, 0, 0,
    -27, -35, -49, -35, -30, -30, -20, -22,
    0, -28, -37, -15, 0, -63, -28, 0,
    0, -49, 0, -38, -24, 0, 0, 0,
    -16, -19, -19, -24, 0, 0, 44, -24,
    -24, -16, 0, 0, -57, 0, -16, -41,
    0, 0, -24, 0, 0, -26, -46, -26,
    -46, -23, -10, 0, 0, -16, 0, -30,
    -35, -30, 0, -16, -36, 0, -18, -46,
    0, 0, 0, 7, 0, 0, 0, 0,
    7, 0, -38, -27, -28, 0, 0, 0,
    -3, -22, 0, 0, 0, 0, 0, 0,
    0, -26, -28, -18, 0, -27, -30, 0,
    0, 0, 0, -19, 0, -10, 0, 0,
    -19, -27, -19, -28, 0, 0, 41, -22,
    0, 0, 0, 0, -54, 0, -19, -46,
    0, -2, -24, 0, 0, -21, -46, -21,
    -46, -10, 0, 0, 0, -16, 0, -24,
    -35, -30, 0, -8, -32, 0, -8, -30,
    -2, 0, 0, 2, 11, 0, 0, 0,
    2, 0, 0, -26, -24, 0, 0, 0,
    -16, -16, 0, 0, 0, 0, 0, 0,
    0, -21, -24, -8, 0, -27, -21, 0,
    0, 0, 0, -16, 0, -10, 0, 0,
    0, -26, -26, -24, 0, 0, 0, -24,
    0, 0, 0, 0, -52, 0, 0, -46,
    0, -6, 0, 0, 0, -18, 0, -18,
    0, 0, -17, 0, -10, -19, 0, 0,
    -27, -24, 0, -22, 0, 0, -22, 0,
    -6, -19, 0, 0, 0, 0, 0, 0,
    0, 0, 0, -27, -14, 0, 0, 0,
    0, 0, 0, 0, 0, 0, 0, 0,
    0, -16, -14, -22, 0, -19, -24, -3,
    0, 0, 0, -22, 0, 0, 0, 0,
    -22, -27, -27, -14, 0, 0, 0, -14,
    0, 0, 0, 0, 0, 0, -22, 0,
    0, 0, -30, 0, 0, -33, -26, -33,
    -26, 0, 0, 0, 0, -33, 0, -30,
    -49, -46, 0, -19, -37, 0, -19, -16,
    0, 6, 0, 0, 0, 0, 0, 0,
    0, 0, 0, -44, -47, 0, -11, 0,
    -19, -33, 0, -19, 0, 0, 0, 0,
    0, -33, -47, -19, 0, -44, -24, -4,
    0, -19, 0, -24, -30, 0, 0, 0,
    -22, -33, -24, -47, -11, -16, 0, -47,
    -19, 0, 0, 0, -52, 0, -19, -46,
    0, 0, 0, 0, 0, -18, 0, -18,
    0, 0, 0, 0, 0, 0, 0, 0,
    -30, 0, 0, -16, 0, 0, -16, 0,
    0, 0, 0, 0, 0, 0, 0, 0,
    0, 0, 0, 0, 0, 0, 0, 0,
    0, 0, 0, 0, 0, 0, 0, 0,
    0, -18, 0, -16, 0, -16, -18, 0,
    0, 0, 0, -16, 0, 0, 0, 0,
    0, 0, 0, 0, 0, 0, 41, 0,
    0, 0, 0, 0, 0, 0, 0, 0,
    0, 0, 0, 0, 0, 0, 0, 0,
    0, 0, 0, 0, 0, 0, 0, 0,
    0, 0, 0, 0, 7, 0, -19, 0,
    -5, -19, -9, -23, -27, 0, -37, 0,
    0, 0, 0, 0, -7, -3, 2, 0,
    0, -4, -12, 0, -24, -33, 0, 0,
    0, 0, 0, 0, -35, 0, 0, 0,
    0, 0, 0, 0, 0, 0, 0, 0,
    0, 0, 0, -7, 2, 2, 0, -7,
    0, -24, 0, 0, 0, 0, 0, 0,
    0, 0, 0, 0, 0, 0, 0, 0,
    0, 0, 0, 0, 0, 0, 0, 0,
    0, 0, 0, 0, 0, 16, -19, 0,
    0, -27, -19, -38, 0, 0, 0, 0,
    0, 0, 0, 0, 0, 0, 10, 46,
    16, 0, 0, 0, -38, 0, 0, 0,
    0, 0, 0, 0, 0, 0, 0, 0,
    0, 0, 0, 0, 0, 0, 0, 0,
    0, 0, 0, 0, 10, 10, 0, 0,
    0, -38, 0, 0, 0, 0, 0, 0,
    -7, 0, 0, 0, 0, 0, 0, 0,
    0, 0, 0, -19, 0, 0, 0, 0,
    0, 0, 0, 0, 0, 0, 0, 0,
    0, -34, 0, -24, -24, 0, -43, 0,
    -24, 0, 0, 0, 0, 0, 0, 0,
    0, 0, 0, 0, -8, 0, 0, 0,
    0, 0, 0, 0, 0, 0, 0, -4,
    0, 0, 0, 0, 0, 0, 0, 0,
    0, 0, 0, 0, 0, 0, 0, 0,
    0, -8, -22, -11, 0, 0, 0, 0,
    -9, 0, 0, -6, 0, 0, 0, 0,
    0, 0, 0, -16, 0, 0, 0, 0,
    0, 0, 0, 0, -16, 0, 0, 0,
    0, -37, 0, -28, -24, -14, -50, 0,
    -28, 0, 0, 5, 0, 0, 0, 0,
    0, 0, 0, 0, -9, -7, -10, -9,
    0, 0, 0, 0, -16, 0, 0, -5,
    0, 0, 0, 0, 0, 0, 0, 0,
    0, 5, 5, 0, 0, 0, 0, 0,
    0, -9, -30, -11, 0, 0, 0, 0,
    0, 0, 0, 0, 0, -11, -27, -11,
    -27, -9, 0, 0, 0, -30, 0, 0,
    0, 0, 0, 0, -16, 0, 0, -30,
    0, 0, 0, 0, 0, 0, 3, 0,
    0, 0, -7, -9, -11, -20, 3, 2,
    0, -9, -18, 0, 0, 9, 0, 0,
    0, -11, -11, 0, 0, -19, -11, 0,
    0, 0, 0, -11, 0, 0, 0, 0,
    -9, -9, -9, -11, 3, 3, 49, -11,
    0, 0, 0, 0, -44, 0, -9, -27,
    0, 0, 0, 0, 0, 0, 0, 0,
    0, 0, 0, 0, 0, 0, 0, 0,
    0, 0, 0, 0, 0, 0, 0, 0,
    0, -24, 0, 0, 0, 0, 0, 0,
    0, 0, 0, 0, 0, 0, 0, 3,
    0, 0, 0, 0, 0, 0, 0, 0,
    0, 0, 0, 0, 0, 0, 0, 0,
    0, 0, 0, 0, 0, 0, 0, 0,
    0, 0, 0, 0, 0, 0, 0, 0,
    0, 0, 0, 0, 0, 0, 0, 0,
    0, 0, 0, 0, 0, 0, 0, 0,
    0, 0, 0, 0, 0, 0, 0, 0,
    0, 0, 0, 0, 0, 0, 0, 0,
    0, 0, 0, 0, 0, 0, 0, 0,
    0, 0, 0, 0, 0, 0, 0, 0,
    0, 0, 0, 0, 0, 0, 0, 0,
    0, 0, 0, 0, 0, 0, 0, 0,
    0, 0, 0, 0, 0, 0, 0, 0,
    0, 0, 0, 0, 0, 0, 30, 0,
    0, 0, 0, 0, 0, 0, 0, 0,
    0, 0, 0, 0, 0, -26, 0, -26,
    0, 0, 0, 0, 0, -22, 0, 0,
    -41, 0, 0, 0, 0, 0, 0, 0,
    0, -27, 0, 0, 0, 0, 0, 0,
    0, 0, 0, 0, -11, 0, 0, 0,
    0, 0, 0, 0, 2, 0, 0, 0,
    0, -26, -11, 0, 0, -24, -33, 0,
    0, 0, 0, -26, 0, 0, 0, 0,
    0, 0, 0, -11, 0, 0, 0, -11,
    0, 2, 0, 0, 0, 0, 0, 0,
    0, 0, 0, 0, 0, -18, -30, -18,
    -30, -15, 0, 0, 0, 0, 0, 0,
    -19, 0, 0, 0, -19, 8, 0, -27,
    0, -27, 0, 0, 0, 0, 0, -16,
    0, 0, 0, -4, -11, 9, 3, 7,
    5, 0, 9, 0, 8, 4, 8, 0,
    8, -18, -11, 0, 0, 0, -16, 0,
    0, 0, 0, -18, 0, 0, 0, 0,
    0, -4, -4, -11, 3, 3, 10, -11,
    0, 8, -19, 8, -38, 0, 0, -30,
    -3, 0, 0, 0, 0, 0, 0, 0,
    0, 0, 0, 0, 0, 0, 0, 0,
    0, 0, 0, 0, 0, 0, 0, 0,
    0, -35, 0, -22, -16, 0, -35, 0,
    -22, 0, 0, 0, 0, 0, 0, 0,
    0, 0, 0, 0, 0, 0, 0, 0,
    0, 0, 0, 0, 0, 0, 0, -4,
    0, 0, 0, 0, 0, 0, 0, 0,
    0, 0, 0, 0, 0, 0, 0, 0,
    0, 0, -24, 0, -4, 0, 0, 0,
    0, 0, 0, 0, 0, -8, 0, -8,
    0, 0, 0, 0, 0, -4, 0, 0,
    -14, 0, 0, 0, 0, 1, 0, 0,
    0, -16, 0, -3, -3, 0, -5, 0,
    -3, 0, 0, 2, -5, -14, 0, 4,
    0, -4, -3, 0, 10, 9, 0, 0,
    1, -8, -5, 0, 0, 0, -8, 0,
    0, 0, 0, -8, 0, 0, 0, 0,
    -4, 2, 2, -5, 0, 0, 0, -5,
    0, 10, -19, 4, 0, 0, -4, 0,
    0, 0, 0, 0, 0, -18, 0, -18,
    0, -16, 0, 0, 0, 0, 0, 0,
    -19, 0, 0, 0, 0, 0, 0, 0,
    0, -24, 0, 0, 0, 0, -27, 0,
    0, 0, -16, 0, 0, 0, 0, 0,
    0, 0, 0, 0, 0, 0, 0, 0,
    0, -18, 0, 0, 0, 0, -16, 0,
    0, 0, 0, -18, 0, 0, 0, 0,
    0, 0, 0, 0, 0, 0, 0, 0,
    0, 0, -19, 7, 0, 0, 0, 0,
    0, 0, 0, 0, 0, -19, -19, -19,
    -19, -27, 0, 0, 0, 0, 0, 0,
    -16, -19, 0, 0, -33, 1, 0, -30,
    0, -16, 0, 0, 0, 0, -16, 0,
    0, 0, -38, -4, -9, 7, 0, 0,
    0, 0, 8, 0, 0, 0, 0, 0,
    1, -19, -9, 0, 0, -19, -19, 0,
    0, 0, 0, -19, 0, 0, 0, 0,
    0, -4, -4, -9, 0, 0, 8, -9,
    0, 0, 0, 0, -38, 0, 0, -35,
    0, 0, -16, 0, 0, 0, -35, 0,
    -35, 0, 0, 0, 0, 0, 0, 0,
    0, 0, 0, 0, -33, 0, 0, -27,
    0, -24, 0, 0, 0, 0, 0, -16,
    0, 0, 0, -1, -7, 0, 0, 0,
    0, 0, 0, 0, 0, 0, 0, 0,
    0, 0, -7, 0, 0, -16, 0, 0,
    0, 0, 0, 0, 0, 0, 0, 0,
    0, -1, -1, -7, 0, 0, 0, -7,
    0, 0, 0, 0, -38, 0, 0, -35,
    0, 0, 0, 0, 0, -11, 0, -11,
    0, 0, 0, 0, 0, 0, 0, 0,
    0, -16, 0, 0, 0, 0, 0, 0,
    0, -20, 0, 0, 0, 0, 0, 0,
    0, 0, 0, -1, -10, 8, 0, 0,
    0, 0, 8, 0, 0, 0, 0, 0,
    0, -11, -10, 0, 0, -16, -11, 0,
    0, 0, 0, -11, 0, 0, 0, 0,
    0, -1, -1, -10, 0, 0, 0, -10,
    0, 0, 0, 0, 0, 0, 0, 0,
    0, 0, 0, 0, 0, 0, 0, 0,
    0, 0, 0, 0, 0, 0, 0, 0,
    0, 0, 0, 0, 0, 0, 0, 0,
    0, -16, 0, 0, 0, 0, 0, 0,
    0, 0, 0, 0, -9, 0, 0, 0,
    0, 0, 0, 0, 0, 0, 0, 0,
    0, 0, -9, 0, 0, 0, 0, 0,
    0, 0, 0, 0, 0, 0, 0, 0,
    0, 0, 0, -9, 0, 0, 0, -9,
    0, 0, 0, 0, 0, 0, 0, 0,
    0, 0, 0, 0, 0, 0, 0, 0,
    0, 0, 0, 0, 0, 0, 0, 0,
    0, 0, 0, 0, 0, 0, 0, 0,
    0, -33, 0, -16, 0, 0, -33, 0,
    0, 0, 0, 0, 0, 0, 0, 0,
    0, 0, 0, 0, 0, 0, 0, 0,
    0, 0, 0, 0, 0, 0, 0, 0,
    0, 0, 0, 0, 0, 0, 0, 0,
    0, 0, 0, 0, 0, 0, 0, 0,
    0, 0, 0, 0, 0, 0, 0, 0,
    0, 0, 0, 0, 0, 0, 0, 0,
    0, 0, 0, 0, 0, 0, 0, 0,
    0, 0, 0, 0, -16, 0, 0, 0,
    0, -37, 0, -28, -24, -14, -50, 0,
    0, 0, 0, 5, 0, 0, 0, 0,
    0, 0, 0, 0, -9, -7, -10, -9,
    0, 0, 0, 0, -16, 0, 0, 0,
    0, 0, 0, 0, 0, 0, 0, 0,
    0, 5, 5, 0, 0, 0, 0, 0,
    0, -9, 0, 0, 0, 0, 0, 0,
    0, 0, 0, 0, 0, 0, 0, 0,
    0, 0, 0, 0, 0, 0, 0, 0,
    0, 0, 0, 0, 0, 0, 0, 0,
    0, 0, 0, 0, 0, 0, 0, 0,
    0, 0, 0, 0, 0, 0, 16, 0,
    0, 0, 0, 0, 0, 0, 0, 0,
    0, 0, 0, 0, 0, 0, 0, 0,
    0, 0, 0, 0, 0, 0, 0, 0,
    0, 0, 0, 0, 16, 16, 0, 0,
    0, 0, 0, 0, 0, 0, 0, 0,
    0, 0, -19, 0, 0, 0, 0, 0,
    0, 0, 0, 0, 0, 0, 0, 0,
    0, 0, 0, 0, -35, 0, 0, -35,
    0, 0, 0, 0, 0, 0, 0, 0,
    0, 0, 0, 0, -16, 0, 0, 0,
    0, 0, 0, 0, 0, 0, 0, 0,
    0, 0, -16, 0, 0, 0, 0, 0,
    0, 0, 0, 0, 0, 0, 0, 0,
    0, 0, 0, -16, 0, 0, 0, -16,
    0, 0, 0, 0, 0, 0, 0, 0,
    0, 0, 0, 0, 0, 0, 0, 0,
    0, 0, 0, 0, 0, 0, 0, 0,
    0, 0, 0, 0, -16, 0, 0, 0,
    0, -24, 0, 0, 0, 0, -30, 0,
    0, 0, 0, 0, 0, 0, 0, 0,
    0, 0, 0, 0, 0, 0, 0, 0,
    0, 0, 0, 0, 0, 0, 0, 0,
    0, 0, 0, 0, 0, 0, 0, 0,
    0, 0, 0, 0, 0, 0, 0, 0,
    0, 0, 0, 0, 0, 0, 0, 0,
    0, 0, 0, 0, 0, 0, 0, 0,
    0, 0, 0, 0, 0, 0, 0, 0,
    0, 0, 0, 0, 0, 0, 0, 0,
    0, -24, 0, 0, 0, 0, 0, 0,
    0, 0, 0, 0, 0, 0, 0, 0,
    0, 0, 0, 0, 0, 0, 0, 0,
    0, 0, 0, 0, 0, 0, 0, 0,
    0, 0, 0, 0, 0, 0, 0, 0,
    0, 0, 0, 0, 0, 0, 0, 0,
    0, 0, 0, 0, 0, 0, 0, 0,
    0, 0, 0, 0, 0, 0, 0, 0,
    0, 0, 0, 0, 0, 0, 0, 0,
    0, 0, 0, 0, -34, 0, -3, -34,
    0, 0, 0, 0, 0, -3, -4, 0,
    0, 0, 0, -5, -14, 0, 0, 0,
    0, -5, 0, 0, 0, 0, 0, 0,
    0, 0, 0, 0, 0, 0, 0, 0,
    0, 0, 0, 0, 0, 0, 0, 0,
    0, -5, -5, -14, 0, 0, 0, -14,
    0, 0, 0, 0, 0, 0, 0, 0,
    0, 0, 0, 0, 0, 0, 0, 0,
    0, 0, 0, 0, 0, 0, 0, 0,
    0, 0, 0, 0, 0, 0, 0, 0,
    0, -24, 0, 0, 0, 0, -27, 0,
    0, 0, 0, 0, 0, 0, 0, 0,
    0, 0, 0, 0, 0, 0, 0, 0,
    0, 0, 0, 0, 0, 0, 0, 0,
    0, 0, 0, 0, 0, 0, 0, 0,
    0, 0, 0, 0, 0, 0, 0, 0,
    0, 0, 0, 0, 0, 0, 0, 0,
    0, 0, 0, 0, 0, 0, 0, 0,
    0, 0, 0, 0, 0, 0, 0, 0,
    0, 0, 0, 0, -16, 0, 0, -22,
    0, -38, 0, -19, -16, -22, -24, 0,
    0, 0, 0, 0, 0, 0, 0, 0,
    0, 0, 0, 0, 0, 0, -11, 0,
    0, 0, 0, 0, 0, 0, 0, 0,
    0, 0, 0, 0, 0, 0, 0, 0,
    0, 0, 0, 0, 0, 0, 0, 0,
    0, 0, 0, 0, 0, 0, 0, 0,
    0, 0, 0, 0, 0, 0, 0, 0,
    0, 0, 0, 0, 0, 0, 0, 0,
    0, 0, 0, 0, -16, 0, 0, 0,
    0, -63, 0, -30, -27, -19, -44, -16,
    0, 0, 0, 0, 0, 0, 0, 0,
    0, 0, 0, 0, -16, -16, -16, 0,
    0, 0, 0, 0, 0, 0, 0, 0,
    0, 0, 0, 0, 0, 0, 0, 0,
    0, 0, 0, 0, 0, 0, 0, 0,
    0, -16, 0, 0, 0, 0, 0, 0,
    0, 0, 0, 0, 0, 0, 0, 0,
    0, 0, 0, 0, 0, 0, 0, 0,
    0, 0, 0, 0, 0, 0, 0, 0,
    0, -33, 0, -50, -43, 0, 0, 0,
    0, 0, 0, 0, 0, 0, 0, 0,
    0, 0, 0, 0, 0, 0, 0, 0,
    0, 0, 0, 0, 0, 0, 0, 0,
    0, 0, 0, 0, 0, 0, 0, 0,
    0, 0, 0, 0, 0, 0, 0, 0,
    0, 0, 0, 0, 0, 0, 0, 0,
    0, 0, 0, 0, 0, 0, 0, 0,
    0, 0, 0, 0, 0, 0, 0, 0,
    0, 0, 0, 0, 0, 0, 0, 0,
    0, 0, 0, 0, 0, 0, 0, 0,
    0, 0, 0, 0, 0, 0, 0, 0,
    0, 0, 0, 0, 0, 0, 0, 0,
    0, 0, 0, 0, 0, 0, 0, 0,
    0, 0, 0, 0, 0, 0, 0, 0,
    0, 0, 0, 0, 0, 0, 15, 0,
    0, 0, 0, 0, 0, 0, 0, 0,
    0, 0, 0, 0, 0, 0, 0, 0,
    0, 0, 0, 0, 0, 0, 0, 0,
    0, 0, 0, 0, -16, 0, 0, 0,
    0, -27, 0, -19, 0, -22, -22, 0,
    0, 0, 0, 0, 0, 0, 0, 0,
    0, 0, 0, 0, 0, 0, 0, 0,
    0, 0, 0, 0, 0, 0, 0, 0,
    0, 0, 0, 0, 0, 0, 0, 0,
    0, 0, 0, 0, 0, 0, 0, 0,
    0, 0, 0, 0, 0, 0, 0, 0,
    0, 0, 0, 0, 0, 0, -49, 0,
    -49, 0, 0, 0, 0, 0, 0, 0,
    0, 0, 0, 0, -19, 0, 0, -19,
    0, -27, 0, -24, 0, 0, 0, -19,
    -24, 0, 0, 0, 0, 0, 0, 0,
    0, 0, 0, 0, 0, 0, 0, 0,
    0, 0, 0, 0, 0, 0, 0, 0,
    0, 0, 0, 0, 0, 0, 0, 0,
    0, 0, 0, 0, 0, 0, 0, 0,
    0, 0, -27, 0, -60, 0, 0, -49,
    0, 0, 0, 0, 0, 0, 0, 0,
    0, 0, 0, 0, 0, 0, 0, 0,
    0, 0, 0, 0, 0, 0, 0, 0,
    0, -27, 0, 0, 0, 0, 0, 0,
    0, 0, 0, 0, 0, 0, 0, 0,
    0, 0, 0, 0, 0, 0, 0, 0,
    0, 0, 0, 0, 0, 0, 0, 0,
    0, 0, 0, 0, 0, 0, 0, 0,
    0, 0, 0, 0, 0, 0, 16, 0,
    0, 0, -33, 0, 0, 0, 0, 0,
    0, 0, 0, 0, 0, 0, 0, 0,
    0, 0, 0, 0, 0, 0, 0, 0,
    0, 0, 0, 0, 0, 0, 0, 0,
    0, -38, 0, 0, 0, 0, 0, 0,
    0, 0, 0, 0, 0, 0, 0, 0,
    0, 0, 0, 0, 0, 0, 0, 0,
    0, 0, 0, 0, 0, 0, 0, 0,
    0, 0, 0, 0, 0, 0, 0, 0,
    0, 0, 0, 0, 0, 0, 0, 0,
    0, 0, 0, 0, 0, 0, 0, 0,
    0, 0, 0, 0, 0, 0, 0, 0,
    0, 0, 0, 0, 0, 0, 0, 0,
    0, 0, 0, 0, 0, 0, 0, 0,
    0, 0, 0, 0, 0, 0, 0, 0,
    0, 0, 0, 0, 0, 0, 0, 0,
    0, 0, 0, 0, 0, 0, 0, 0,
    0, 0, 0, 0, 0, 0, 0, 0,
    0, 0, 0, 0, 0, 0, 0, 0,
    0, 0, 0, 0, 0, 0, 16, 0,
    0, 0, 0, 0, 0, 0, 0, 0,
    0, 0, 0, 0, 0, 0, 0, 0,
    0, 0, 0, 22, 0, 0, 44, 0,
    0, 0, 0, 0, 0, 30, 0, 0,
    0, 44, 0, 41, 0, 0, 0, 44,
    41, 0, 0, 0, 0, 19, 30, 30,
    10, 0, 24, 0, 0, 0, 0, 0,
    30, 0, 0, 0, 0, 0, 0, 0,
    0, 0, 0, 0, 0, 0, 15, 0,
    0, 0, 0, 0, 16, 30, 77, 0,
    0, 0, 0, 0, 0, 0, 0, 0,
    -7, 0, 0, 0, 0, 0, 0, 0,
    0, 0, 0, -19, 0, 0, 0, 0,
    0, 0, 0, 0, 0, 0, 0, 0,
    0, -24, 0, -24, -24, 0, -43, 0,
    -24, 0, 0, 0, 0, 0, 0, 0,
    0, 0, 0, 0, -8, 0, 0, 0,
    0, 0, 0, 0, 0, 0, 0, -4,
    0, 0, 0, 0, 0, 0, 0, 0,
    0, 0, 0, 0, 0, 0, 0, 0,
    0, -8, -22, -11, 0, 0, 0, 0,
    -9, 0, 0, -6, 0, 0, 0, 0,
    0, 0, 0, -16, 0, 0, 0, 0,
    0, 0, 0, 0, -16, 0, 0, 0,
    0, -24, 0, -28, -24, -14, -50, 0,
    -28, 0, 0, 5, 0, 0, 0, 0,
    0, 0, 0, 0, -9, -7, -10, -9,
    0, 0, 0, 0, -16, 0, 0, -5,
    0, 0, 0, 0, 0, 0, 0, 0,
    0, 5, 5, 0, 0, 0, 0, 0,
    0, -9, -30, -11, 0, 0, 0, 0,
    0, 0, 0, 0, 0, 0, 0, 0,
    0, 0, 0, 0, 0, 0, 0, 0,
    0, 0, 0, 0, -46, 0, 0, -71,
    0, 0, 0, 0, 0, 0, 0, 0,
    0, 0, 0, 0, -19, 0, 0, 0,
    0, -8, 0, 0, 0, 0, 0, 0,
    0, 0, 0, 0, 0, 0, 0, 0,
    0, 0, 0, 0, 0, 0, 0, 0,
    0, 0, 0, -19, 0, 0, 0, -19,
    0, 0, 0, 0, 0, 0, 0, 0,
    0, 0, 0, 0, 0, 0, 0, 0,
    0, 0, 0, 0, 0, 0, 0, 0,
    0, 0, 0, 0, -66, 0, -27, -60,
    0, 0, 0, 0, 0, 0, 0, 0,
    0, 0, 0, -27, -30, 0, 0, 0,
    -12, -34, 4, -19, 4, 0, 0, 0,
    0, 0, 0, 0, 0, 0, 0, 0,
    0, 0, 0, 0, 0, 0, 0, 0,
    0, -27, -27, -30, 0, 0, 0, -30,
    -19, 4, 0, 0, 0, 0, 0, 0,
    0, 0, 0, 0, 0, 0, 0, 0,
    0, 0, 0, 0, 0, 0, 0, 0,
    0, 0, 0, 0, 0, 0, 0, 0,
    0, -46, 0, -44, -30, 0, -52, 0,
    0, 0, 0, -16, 0, 0, 0, 0,
    0, 0, 0, 0, -24, 0, 0, 0,
    0, 0, 0, 0, 0, 0, 0, 0,
    0, 0, 0, 0, 0, 0, 0, 0,
    0, -16, -16, 0, 0, 0, 0, 0,
    0, -24, 0, 0, 0, 0, 0, 0,
    0, 0, 0, 0, 0, 0, 0, 0,
    0, 0, 0, 0, 0, 0, 0, 0,
    0, 0, 0, 0, -16, 0, 0, 0,
    0, -16, 0, -19, 0, -22, -22, 0,
    0, 0, 0, 0, 0, 0, 0, 0,
    0, 0, 0, 0, 0, 0, 0, 0,
    0, 0, 0, 0, 0, 0, 0, 0,
    0, 0, 0, 0, 0, 0, 0, 0,
    0, 0, 0, 0, 0, 0, 0, 0,
    0, 0, 0, 0, 0, 0, 0, 0
};


/*Collect the kern class' data in one place*/
static const lv_font_fmt_txt_kern_classes_t kern_classes =
{
    .class_pair_values   = kern_class_values,
    .left_class_mapping  = kern_left_class_mapping,
    .right_class_mapping = kern_right_class_mapping,
    .left_class_cnt      = 76,
    .right_class_cnt     = 80,
};

/*--------------------
 *  ALL CUSTOM DATA
 *--------------------*/

#if LVGL_VERSION_MAJOR == 8
/*Store all the custom data of the font*/
static  lv_font_fmt_txt_glyph_cache_t cache;
#endif

#if LVGL_VERSION_MAJOR >= 8
static const lv_font_fmt_txt_dsc_t font_dsc = {
#else
static lv_font_fmt_txt_dsc_t font_dsc = {
#endif
    .glyph_bitmap = glyph_bitmap,
    .glyph_dsc = glyph_dsc,
    .cmaps = cmaps,
    .kern_dsc = &kern_classes,
    .kern_scale = 16,
    .cmap_num = 4,
    .bpp = 4,
    .kern_classes = 1,
    .bitmap_format = 0,
#if LVGL_VERSION_MAJOR == 8
    .cache = &cache
#endif
};



/*-----------------
 *  PUBLIC FONT
 *----------------*/

/*Initialize a public general font descriptor*/
#if LVGL_VERSION_MAJOR >= 8
const lv_font_t font_np_inter_30 = {
#else
lv_font_t font_np_inter_30 = {
#endif
    .get_glyph_dsc = lv_font_get_glyph_dsc_fmt_txt,    /*Function pointer to get glyph's data*/
    .get_glyph_bitmap = lv_font_get_bitmap_fmt_txt,    /*Function pointer to get glyph's bitmap*/
    .line_height = 38,          /*The maximum line height required by the font*/
    .base_line = 7,             /*Baseline measured from the bottom of the line*/
#if !(LVGL_VERSION_MAJOR == 6 && LVGL_VERSION_MINOR == 0)
    .subpx = LV_FONT_SUBPX_NONE,
#endif
#if LV_VERSION_CHECK(7, 4, 0) || LVGL_VERSION_MAJOR >= 8
    .underline_position = -5,
    .underline_thickness = 3,
#endif
    .dsc = &font_dsc,          /*The custom font data. Will be accessed by `get_glyph_bitmap/dsc` */
#if LV_VERSION_CHECK(8, 2, 0) || LVGL_VERSION_MAJOR >= 9
    .fallback = NULL,
#endif
    .user_data = NULL,
};



#endif /*#if FONT_NP_INTER_30*/
