/*******************************************************************************
 * Size: 30 px
 * Bpp: 4
 * Opts: --font fonts/nowplaying/Nunito-VF.ttf --size 30 --bpp 4 --format lvgl --range 0x20-0x7E,0xA0-0xFF,0x2018-0x201D,0x2026,0x2022 --no-compress --force-fast-kern-format --lv-font-name font_np_nunito_30 -o font_np_nunito_30.c
 ******************************************************************************/

#ifdef LV_LVGL_H_INCLUDE_SIMPLE
#include "lvgl.h"
#else
#include "lvgl/lvgl.h"
#endif

#ifndef FONT_NP_NUNITO_30
#define FONT_NP_NUNITO_30 1
#endif

#if FONT_NP_NUNITO_30

/*-----------------
 *    BITMAPS
 *----------------*/

/*Store the image of the glyphs*/
static LV_ATTRIBUTE_LARGE_CONST const uint8_t glyph_bitmap[] = {
    /* U+0020 " " */

    /* U+0021 "!" */
    0xa, 0xfd, 0x35, 0xff, 0xfc, 0x6f, 0xff, 0xd5,
    0xff, 0xfc, 0x4f, 0xff, 0xb2, 0xff, 0xf9, 0x1f,
    0xff, 0x80, 0xff, 0xf7, 0xf, 0xff, 0x60, 0xdf,
    0xf4, 0xc, 0xff, 0x30, 0xbf, 0xf2, 0xa, 0xff,
    0x10, 0x8f, 0xf0, 0x5, 0xfd, 0x0, 0x4, 0x10,
    0x2, 0x65, 0x2, 0xff, 0xf9, 0x7f, 0xff, 0xe5,
    0xff, 0xfd, 0xa, 0xfe, 0x40,

    /* U+0022 "\"" */
    0x9, 0xfc, 0x10, 0x7, 0xfd, 0x23, 0xff, 0xf8,
    0x1, 0xff, 0xfb, 0x4f, 0xff, 0x90, 0x2f, 0xff,
    0xb2, 0xff, 0xf7, 0x0, 0xff, 0xfa, 0x1f, 0xff,
    0x60, 0xe, 0xff, 0x80, 0xff, 0xf4, 0x0, 0xdf,
    0xf6, 0xe, 0xff, 0x20, 0xb, 0xff, 0x50, 0xcf,
    0xf1, 0x0, 0x9f, 0xf3, 0x7, 0xfc, 0x0, 0x5,
    0xfe, 0x0, 0x2, 0x0, 0x0, 0x2, 0x0,

    /* U+0023 "#" */
    0x0, 0x0, 0x5, 0xfb, 0x0, 0x1, 0xdf, 0x20,
    0x0, 0x0, 0xc, 0xfd, 0x0, 0x5, 0xff, 0x30,
    0x0, 0x0, 0xf, 0xf9, 0x0, 0x9, 0xff, 0x0,
    0x0, 0x0, 0x3f, 0xf6, 0x0, 0xd, 0xfc, 0x0,
    0x4, 0x66, 0xaf, 0xf8, 0x66, 0x6f, 0xfc, 0x61,
    0x2f, 0xff, 0xff, 0xff, 0xff, 0xff, 0xff, 0xfc,
    0xd, 0xff, 0xff, 0xff, 0xff, 0xff, 0xff, 0xf8,
    0x0, 0x0, 0xff, 0xa0, 0x0, 0x9f, 0xf0, 0x0,
    0x0, 0x2, 0xff, 0x60, 0x0, 0xdf, 0xc0, 0x0,
    0x0, 0x6, 0xff, 0x30, 0x0, 0xff, 0x90, 0x0,
    0x0, 0x9, 0xff, 0x0, 0x3, 0xff, 0x60, 0x0,
    0x0, 0xc, 0xfd, 0x0, 0x6, 0xff, 0x20, 0x0,
    0x0, 0xf, 0xf9, 0x0, 0xa, 0xff, 0x0, 0x0,
    0x8f, 0xff, 0xff, 0xff, 0xff, 0xff, 0xff, 0xd0,
    0xcf, 0xff, 0xff, 0xff, 0xff, 0xff, 0xff, 0xf2,
    0x16, 0xcf, 0xf6, 0x66, 0x8f, 0xfa, 0x66, 0x30,
    0x0, 0xcf, 0xd0, 0x0, 0x5f, 0xf4, 0x0, 0x0,
    0x0, 0xff, 0xa0, 0x0, 0x9f, 0xf0, 0x0, 0x0,
    0x2, 0xff, 0x70, 0x0, 0xcf, 0xd0, 0x0, 0x0,
    0x4, 0xff, 0x40, 0x0, 0xef, 0xa0, 0x0, 0x0,
    0x2, 0xfc, 0x0, 0x0, 0xbf, 0x40, 0x0, 0x0,

    /* U+0024 "$" */
    0x0, 0x0, 0x0, 0xb, 0xf5, 0x0, 0x0, 0x0,
    0x0, 0x0, 0x0, 0x2, 0xff, 0xc0, 0x0, 0x0,
    0x0, 0x0, 0x0, 0x0, 0x3f, 0xfc, 0x0, 0x0,
    0x0, 0x0, 0x0, 0x0, 0x3, 0xff, 0xc0, 0x0,
    0x0, 0x0, 0x0, 0x0, 0x5b, 0xef, 0xff, 0xea,
    0x50, 0x0, 0x0, 0x3, 0xdf, 0xff, 0xff, 0xff,
    0xff, 0xe4, 0x0, 0x3, 0xff, 0xff, 0xff, 0xff,
    0xff, 0xff, 0xf2, 0x0, 0xdf, 0xff, 0xe7, 0x43,
    0x36, 0xbf, 0xff, 0x40, 0x4f, 0xff, 0xd0, 0x0,
    0x0, 0x0, 0x29, 0x70, 0x8, 0xff, 0xf5, 0x0,
    0x0, 0x0, 0x0, 0x0, 0x0, 0x8f, 0xff, 0x40,
    0x0, 0x0, 0x0, 0x0, 0x0, 0x6, 0xff, 0xfb,
    0x0, 0x0, 0x0, 0x0, 0x0, 0x0, 0x2f, 0xff,
    0xfd, 0x62, 0x0, 0x0, 0x0, 0x0, 0x0, 0x7f,
    0xff, 0xff, 0xff, 0xc8, 0x40, 0x0, 0x0, 0x0,
    0x6f, 0xff, 0xff, 0xff, 0xff, 0xe7, 0x0, 0x0,
    0x0, 0x16, 0xbe, 0xff, 0xff, 0xff, 0xfb, 0x0,
    0x0, 0x0, 0x0, 0x2, 0x59, 0xef, 0xff, 0xf7,
    0x0, 0x0, 0x0, 0x0, 0x0, 0x0, 0x8f, 0xff,
    0xd0, 0x0, 0x0, 0x0, 0x0, 0x0, 0x0, 0xef,
    0xff, 0x0, 0x0, 0x0, 0x0, 0x0, 0x0, 0xd,
    0xff, 0xf0, 0x4c, 0x81, 0x0, 0x0, 0x0, 0x4,
    0xff, 0xfc, 0xc, 0xff, 0xfb, 0x74, 0x33, 0x5a,
    0xff, 0xff, 0x50, 0xaf, 0xff, 0xff, 0xff, 0xff,
    0xff, 0xff, 0xa0, 0x1, 0x9f, 0xff, 0xff, 0xff,
    0xff, 0xff, 0x80, 0x0, 0x0, 0x16, 0xad, 0xff,
    0xff, 0xc7, 0x10, 0x0, 0x0, 0x0, 0x0, 0x3,
    0xff, 0xc0, 0x0, 0x0, 0x0, 0x0, 0x0, 0x0,
    0x3f, 0xfc, 0x0, 0x0, 0x0, 0x0, 0x0, 0x0,
    0x1, 0xff, 0xa0, 0x0, 0x0, 0x0, 0x0, 0x0,
    0x0, 0x4, 0x71, 0x0, 0x0, 0x0, 0x0,

    /* U+0025 "%" */
    0x0, 0x0, 0x0, 0x0, 0x0, 0x0, 0x0, 0x0,
    0x2, 0xb7, 0x0, 0x0, 0x0, 0x0, 0x1, 0x9e,
    0xff, 0xb4, 0x0, 0x0, 0x0, 0x0, 0xcf, 0xf2,
    0x0, 0x0, 0x0, 0x3, 0xff, 0xff, 0xff, 0xf7,
    0x0, 0x0, 0x0, 0x5f, 0xfe, 0x0, 0x0, 0x0,
    0x0, 0xdf, 0xfd, 0x8b, 0xff, 0xf3, 0x0, 0x0,
    0xe, 0xff, 0x50, 0x0, 0x0, 0x0, 0x5f, 0xfe,
    0x0, 0xa, 0xff, 0xa0, 0x0, 0x7, 0xff, 0xc0,
    0x0, 0x0, 0x0, 0x8, 0xff, 0x80, 0x0, 0x3f,
    0xfe, 0x0, 0x1, 0xff, 0xf3, 0x0, 0x0, 0x0,
    0x0, 0xaf, 0xf6, 0x0, 0x1, 0xff, 0xf0, 0x0,
    0xaf, 0xfa, 0x0, 0x0, 0x0, 0x0, 0xa, 0xff,
    0x60, 0x0, 0x1f, 0xff, 0x0, 0x3f, 0xff, 0x10,
    0x0, 0x0, 0x0, 0x0, 0x9f, 0xf8, 0x0, 0x3,
    0xff, 0xd0, 0xc, 0xff, 0x70, 0x0, 0x0, 0x0,
    0x0, 0x5, 0xff, 0xe0, 0x0, 0x9f, 0xfa, 0x5,
    0xff, 0xe0, 0x18, 0xdf, 0xfb, 0x40, 0x0, 0xd,
    0xff, 0xd8, 0xbf, 0xff, 0x30, 0xef, 0xf5, 0x1d,
    0xff, 0xff, 0xff, 0x60, 0x0, 0x3f, 0xff, 0xff,
    0xff, 0x70, 0x8f, 0xfc, 0xb, 0xff, 0xe9, 0xbf,
    0xff, 0x20, 0x0, 0x29, 0xef, 0xeb, 0x40, 0x2f,
    0xff, 0x32, 0xff, 0xf1, 0x0, 0xaf, 0xf9, 0x0,
    0x0, 0x0, 0x0, 0x0, 0xa, 0xff, 0x90, 0x6f,
    0xfa, 0x0, 0x3, 0xff, 0xe0, 0x0, 0x0, 0x0,
    0x0, 0x3, 0xff, 0xf1, 0x9, 0xff, 0x70, 0x0,
    0xf, 0xff, 0x0, 0x0, 0x0, 0x0, 0x0, 0xdf,
    0xf7, 0x0, 0x9f, 0xf7, 0x0, 0x0, 0xff, 0xf0,
    0x0, 0x0, 0x0, 0x0, 0x6f, 0xfd, 0x0, 0x9,
    0xff, 0x70, 0x0, 0xf, 0xff, 0x0, 0x0, 0x0,
    0x0, 0xe, 0xff, 0x50, 0x0, 0x6f, 0xfa, 0x0,
    0x3, 0xff, 0xd0, 0x0, 0x0, 0x0, 0x8, 0xff,
    0xb0, 0x0, 0x2, 0xff, 0xf1, 0x0, 0x9f, 0xf9,
    0x0, 0x0, 0x0, 0x2, 0xff, 0xf3, 0x0, 0x0,
    0xb, 0xff, 0xe8, 0xbf, 0xff, 0x20, 0x0, 0x0,
    0x0, 0xaf, 0xf9, 0x0, 0x0, 0x0, 0x1d, 0xff,
    0xff, 0xff, 0x60, 0x0, 0x0, 0x0, 0xc, 0xff,
    0x10, 0x0, 0x0, 0x0, 0x18, 0xef, 0xfb, 0x40,
    0x0, 0x0, 0x0, 0x0, 0x28, 0x30, 0x0, 0x0,
    0x0, 0x0, 0x0, 0x0, 0x0, 0x0, 0x0,

    /* U+0026 "&" */
    0x0, 0x0, 0x4, 0xae, 0xff, 0xd8, 0x10, 0x0,
    0x0, 0x0, 0x0, 0x0, 0x9f, 0xff, 0xff, 0xff,
    0xe2, 0x0, 0x0, 0x0, 0x0, 0x7, 0xff, 0xff,
    0xbc, 0xff, 0xfc, 0x0, 0x0, 0x0, 0x0, 0xd,
    0xff, 0xd1, 0x0, 0x5f, 0xff, 0x10, 0x0, 0x0,
    0x0, 0xf, 0xff, 0x70, 0x0, 0xf, 0xff, 0x20,
    0x0, 0x0, 0x0, 0xe, 0xff, 0x90, 0x0, 0x4f,
    0xff, 0x0, 0x0, 0x0, 0x0, 0x9, 0xff, 0xf4,
    0x5, 0xff, 0xf9, 0x0, 0x0, 0x0, 0x0, 0x1,
    0xef, 0xff, 0xcf, 0xff, 0xd0, 0x0, 0x23, 0x0,
    0x0, 0x0, 0x4f, 0xff, 0xff, 0xfb, 0x10, 0x3,
    0xff, 0x70, 0x0, 0x1, 0xaf, 0xff, 0xff, 0x90,
    0x0, 0x8, 0xff, 0x90, 0x0, 0x2e, 0xff, 0xff,
    0xff, 0xf3, 0x0, 0xa, 0xff, 0x70, 0x1, 0xef,
    0xff, 0x85, 0xff, 0xff, 0x30, 0xe, 0xff, 0x40,
    0xa, 0xff, 0xf5, 0x0, 0x5f, 0xff, 0xe2, 0x3f,
    0xff, 0x0, 0xf, 0xff, 0xb0, 0x0, 0x6, 0xff,
    0xfe, 0xbf, 0xfa, 0x0, 0x3f, 0xff, 0x70, 0x0,
    0x0, 0x6f, 0xff, 0xff, 0xf4, 0x0, 0x4f, 0xff,
    0x80, 0x0, 0x0, 0x7, 0xff, 0xff, 0xc0, 0x0,
    0x2f, 0xff, 0xd0, 0x0, 0x0, 0x1, 0xef, 0xff,
    0xd1, 0x0, 0xd, 0xff, 0xfc, 0x41, 0x2, 0x7e,
    0xff, 0xff, 0xfd, 0x10, 0x3, 0xff, 0xff, 0xff,
    0xff, 0xff, 0xff, 0xaf, 0xff, 0xd1, 0x0, 0x4e,
    0xff, 0xff, 0xff, 0xff, 0xc3, 0x8, 0xff, 0xf7,
    0x0, 0x0, 0x6b, 0xef, 0xfe, 0xa4, 0x0, 0x0,
    0x7f, 0xe3,

    /* U+0027 "'" */
    0x9, 0xfc, 0x13, 0xff, 0xf8, 0x4f, 0xff, 0x92,
    0xff, 0xf7, 0x1f, 0xff, 0x60, 0xff, 0xf4, 0xe,
    0xff, 0x20, 0xcf, 0xf1, 0x7, 0xfc, 0x0, 0x2,
    0x0,

    /* U+0028 "(" */
    0x0, 0x0, 0x64, 0x0, 0x0, 0x9f, 0xf2, 0x0,
    0x3f, 0xff, 0x30, 0xb, 0xff, 0xe0, 0x2, 0xff,
    0xf8, 0x0, 0x8f, 0xff, 0x40, 0xe, 0xff, 0xf0,
    0x2, 0xff, 0xfb, 0x0, 0x6f, 0xff, 0x80, 0x9,
    0xff, 0xf5, 0x0, 0xcf, 0xff, 0x30, 0xd, 0xff,
    0xf2, 0x0, 0xff, 0xff, 0x10, 0xf, 0xff, 0xf0,
    0x0, 0xff, 0xff, 0x0, 0xf, 0xff, 0xf1, 0x0,
    0xef, 0xff, 0x20, 0xc, 0xff, 0xf3, 0x0, 0xaf,
    0xff, 0x50, 0x7, 0xff, 0xf8, 0x0, 0x3f, 0xff,
    0xb0, 0x0, 0xef, 0xff, 0x0, 0x9, 0xff, 0xf3,
    0x0, 0x3f, 0xff, 0x80, 0x0, 0xcf, 0xfd, 0x0,
    0x4, 0xff, 0xf2, 0x0, 0xb, 0xff, 0x30, 0x0,
    0x19, 0x70,

    /* U+0029 ")" */
    0x5, 0x40, 0x0, 0x6, 0xff, 0x50, 0x0, 0x7f,
    0xfe, 0x0, 0x2, 0xff, 0xf6, 0x0, 0xd, 0xff,
    0xe0, 0x0, 0x8f, 0xff, 0x40, 0x4, 0xff, 0xf9,
    0x0, 0xf, 0xff, 0xe0, 0x0, 0xdf, 0xff, 0x20,
    0xa, 0xff, 0xf5, 0x0, 0x8f, 0xff, 0x70, 0x6,
    0xff, 0xf9, 0x0, 0x5f, 0xff, 0xa0, 0x4, 0xff,
    0xfb, 0x0, 0x4f, 0xff, 0xb0, 0x5, 0xff, 0xfb,
    0x0, 0x6f, 0xff, 0x90, 0x7, 0xff, 0xf8, 0x0,
    0x9f, 0xff, 0x50, 0xc, 0xff, 0xf2, 0x0, 0xff,
    0xfe, 0x0, 0x2f, 0xff, 0xa0, 0x6, 0xff, 0xf5,
    0x0, 0xbf, 0xfe, 0x0, 0x1f, 0xff, 0x80, 0x6,
    0xff, 0xf1, 0x0, 0x7f, 0xf7, 0x0, 0x0, 0x87,
    0x0, 0x0,

    /* U+002A "*" */
    0x0, 0x6, 0xc3, 0x0, 0x8c, 0x10, 0x0, 0x0,
    0xcf, 0xd0, 0x3f, 0xf6, 0x0, 0x0, 0x5, 0xff,
    0x4b, 0xfe, 0x10, 0x0, 0x0, 0xc, 0xfd, 0xff,
    0x60, 0x0, 0x1, 0x44, 0x7f, 0xff, 0xe4, 0x43,
    0x1, 0xff, 0xff, 0xff, 0xff, 0xff, 0xf9, 0xc,
    0xff, 0xff, 0xff, 0xff, 0xff, 0x70, 0x0, 0xa,
    0xfd, 0xff, 0x30, 0x0, 0x0, 0x5, 0xff, 0x4b,
    0xfd, 0x0, 0x0, 0x0, 0xdf, 0xc0, 0x3f, 0xf6,
    0x0, 0x0, 0x6, 0xc3, 0x0, 0x8c, 0x10, 0x0,

    /* U+002B "+" */
    0x0, 0x0, 0x0, 0x1, 0x10, 0x0, 0x0, 0x0,
    0x0, 0x0, 0x0, 0x3f, 0xf3, 0x0, 0x0, 0x0,
    0x0, 0x0, 0x0, 0x6f, 0xf6, 0x0, 0x0, 0x0,
    0x0, 0x0, 0x0, 0x6f, 0xf6, 0x0, 0x0, 0x0,
    0x0, 0x0, 0x0, 0x6f, 0xf6, 0x0, 0x0, 0x0,
    0x0, 0x0, 0x0, 0x6f, 0xf6, 0x0, 0x0, 0x0,
    0x0, 0x0, 0x0, 0x6f, 0xf6, 0x0, 0x0, 0x0,
    0x4f, 0xff, 0xff, 0xff, 0xff, 0xff, 0xff, 0xf4,
    0x8f, 0xff, 0xff, 0xff, 0xff, 0xff, 0xff, 0xf8,
    0x19, 0xaa, 0xaa, 0xcf, 0xfc, 0xaa, 0xaa, 0x91,
    0x0, 0x0, 0x0, 0x6f, 0xf6, 0x0, 0x0, 0x0,
    0x0, 0x0, 0x0, 0x6f, 0xf6, 0x0, 0x0, 0x0,
    0x0, 0x0, 0x0, 0x6f, 0xf6, 0x0, 0x0, 0x0,
    0x0, 0x0, 0x0, 0x6f, 0xf6, 0x0, 0x0, 0x0,
    0x0, 0x0, 0x0, 0x5f, 0xf5, 0x0, 0x0, 0x0,
    0x0, 0x0, 0x0, 0x2e, 0xe2, 0x0, 0x0, 0x0,

    /* U+002C "," */
    0x2, 0x64, 0x2, 0xff, 0xf8, 0x7f, 0xff, 0xe5,
    0xff, 0xff, 0x9, 0xff, 0xd0, 0x9, 0xfa, 0x2,
    0xff, 0x40, 0xaf, 0xa0, 0x4, 0x90, 0x0,

    /* U+002D "-" */
    0x0, 0x0, 0x0, 0x0, 0x0, 0x0, 0xbf, 0xff,
    0xff, 0xff, 0xc0, 0x2f, 0xff, 0xff, 0xff, 0xff,
    0x30, 0xbf, 0xff, 0xff, 0xff, 0xb0,

    /* U+002E "." */
    0x2, 0x65, 0x2, 0xff, 0xf9, 0x7f, 0xff, 0xe5,
    0xff, 0xfd, 0xa, 0xfe, 0x40,

    /* U+002F "/" */
    0x0, 0x0, 0x0, 0x0, 0x46, 0x0, 0x0, 0x0,
    0x0, 0x3f, 0xf9, 0x0, 0x0, 0x0, 0x8, 0xff,
    0x80, 0x0, 0x0, 0x0, 0xdf, 0xf3, 0x0, 0x0,
    0x0, 0x2f, 0xfe, 0x0, 0x0, 0x0, 0x8, 0xff,
    0x90, 0x0, 0x0, 0x0, 0xdf, 0xf4, 0x0, 0x0,
    0x0, 0x2f, 0xfe, 0x0, 0x0, 0x0, 0x7, 0xff,
    0x90, 0x0, 0x0, 0x0, 0xcf, 0xf4, 0x0, 0x0,
    0x0, 0x2f, 0xff, 0x0, 0x0, 0x0, 0x7, 0xff,
    0xa0, 0x0, 0x0, 0x0, 0xcf, 0xf5, 0x0, 0x0,
    0x0, 0x1f, 0xff, 0x0, 0x0, 0x0, 0x6, 0xff,
    0xa0, 0x0, 0x0, 0x0, 0xbf, 0xf5, 0x0, 0x0,
    0x0, 0x1f, 0xff, 0x0, 0x0, 0x0, 0x6, 0xff,
    0xb0, 0x0, 0x0, 0x0, 0xbf, 0xf6, 0x0, 0x0,
    0x0, 0x1f, 0xff, 0x10, 0x0, 0x0, 0x5, 0xff,
    0xb0, 0x0, 0x0, 0x0, 0xaf, 0xf6, 0x0, 0x0,
    0x0, 0xf, 0xff, 0x10, 0x0, 0x0, 0x3, 0xff,
    0xc0, 0x0, 0x0, 0x0, 0xc, 0xf4, 0x0, 0x0,
    0x0, 0x0,

    /* U+0030 "0" */
    0x0, 0x0, 0x3a, 0xdf, 0xfd, 0xa3, 0x0, 0x0,
    0x0, 0x9, 0xff, 0xff, 0xff, 0xff, 0x90, 0x0,
    0x0, 0x9f, 0xff, 0xff, 0xff, 0xff, 0xf9, 0x0,
    0x4, 0xff, 0xff, 0x73, 0x37, 0xff, 0xff, 0x40,
    0xb, 0xff, 0xf4, 0x0, 0x0, 0x4f, 0xff, 0xb0,
    0x1f, 0xff, 0xb0, 0x0, 0x0, 0xb, 0xff, 0xf1,
    0x5f, 0xff, 0x60, 0x0, 0x0, 0x6, 0xff, 0xf5,
    0x8f, 0xff, 0x30, 0x0, 0x0, 0x3, 0xff, 0xf8,
    0x9f, 0xff, 0x10, 0x0, 0x0, 0x1, 0xff, 0xf9,
    0xaf, 0xff, 0x0, 0x0, 0x0, 0x0, 0xff, 0xfa,
    0xbf, 0xff, 0x0, 0x0, 0x0, 0x0, 0xff, 0xfb,
    0xaf, 0xff, 0x0, 0x0, 0x0, 0x0, 0xff, 0xfa,
    0x9f, 0xff, 0x10, 0x0, 0x0, 0x1, 0xff, 0xf9,
    0x7f, 0xff, 0x30, 0x0, 0x0, 0x3, 0xff, 0xf7,
    0x4f, 0xff, 0x60, 0x0, 0x0, 0x6, 0xff, 0xf4,
    0x1f, 0xff, 0xc0, 0x0, 0x0, 0xb, 0xff, 0xf0,
    0xb, 0xff, 0xf5, 0x0, 0x0, 0x4f, 0xff, 0xb0,
    0x3, 0xff, 0xff, 0x73, 0x37, 0xff, 0xff, 0x30,
    0x0, 0x8f, 0xff, 0xff, 0xff, 0xff, 0xf8, 0x0,
    0x0, 0x8, 0xff, 0xff, 0xff, 0xff, 0x80, 0x0,
    0x0, 0x0, 0x3a, 0xdf, 0xfd, 0xa3, 0x0, 0x0,

    /* U+0031 "1" */
    0x0, 0x0, 0x5, 0xcf, 0x80, 0x0, 0x0, 0x0,
    0x3, 0xcf, 0xff, 0xd0, 0x0, 0x0, 0x1, 0x9f,
    0xff, 0xff, 0xe0, 0x0, 0x0, 0x5f, 0xff, 0xff,
    0xff, 0xe0, 0x0, 0x0, 0xef, 0xff, 0xdf, 0xff,
    0xe0, 0x0, 0x0, 0xaf, 0xf7, 0xf, 0xff, 0xe0,
    0x0, 0x0, 0x5, 0x10, 0xf, 0xff, 0xe0, 0x0,
    0x0, 0x0, 0x0, 0xf, 0xff, 0xe0, 0x0, 0x0,
    0x0, 0x0, 0xf, 0xff, 0xe0, 0x0, 0x0, 0x0,
    0x0, 0xf, 0xff, 0xe0, 0x0, 0x0, 0x0, 0x0,
    0xf, 0xff, 0xe0, 0x0, 0x0, 0x0, 0x0, 0xf,
    0xff, 0xe0, 0x0, 0x0, 0x0, 0x0, 0xf, 0xff,
    0xe0, 0x0, 0x0, 0x0, 0x0, 0xf, 0xff, 0xe0,
    0x0, 0x0, 0x0, 0x0, 0xf, 0xff, 0xe0, 0x0,
    0x0, 0x0, 0x0, 0xf, 0xff, 0xe0, 0x0, 0x0,
    0x0, 0x0, 0xf, 0xff, 0xe0, 0x0, 0x0, 0x2,
    0x33, 0x3f, 0xff, 0xe3, 0x33, 0x10, 0xbf, 0xff,
    0xff, 0xff, 0xff, 0xff, 0xf5, 0xff, 0xff, 0xff,
    0xff, 0xff, 0xff, 0xf9, 0x8f, 0xff, 0xff, 0xff,
    0xff, 0xff, 0xe3,

    /* U+0032 "2" */
    0x0, 0x3, 0x9c, 0xff, 0xfd, 0xa4, 0x0, 0x0,
    0x3, 0xcf, 0xff, 0xff, 0xff, 0xff, 0xb0, 0x0,
    0x2f, 0xff, 0xff, 0xff, 0xff, 0xff, 0xfb, 0x0,
    0x3f, 0xff, 0xc7, 0x44, 0x6c, 0xff, 0xff, 0x30,
    0x9, 0xb3, 0x0, 0x0, 0x0, 0xbf, 0xff, 0x80,
    0x0, 0x0, 0x0, 0x0, 0x0, 0x4f, 0xff, 0x90,
    0x0, 0x0, 0x0, 0x0, 0x0, 0x3f, 0xff, 0x90,
    0x0, 0x0, 0x0, 0x0, 0x0, 0x6f, 0xff, 0x60,
    0x0, 0x0, 0x0, 0x0, 0x0, 0xcf, 0xff, 0x10,
    0x0, 0x0, 0x0, 0x0, 0x6, 0xff, 0xf9, 0x0,
    0x0, 0x0, 0x0, 0x0, 0x3f, 0xff, 0xe1, 0x0,
    0x0, 0x0, 0x0, 0x3, 0xef, 0xff, 0x40, 0x0,
    0x0, 0x0, 0x0, 0x2e, 0xff, 0xf6, 0x0, 0x0,
    0x0, 0x0, 0x2, 0xef, 0xff, 0x70, 0x0, 0x0,
    0x0, 0x0, 0x2e, 0xff, 0xf7, 0x0, 0x0, 0x0,
    0x0, 0x1, 0xef, 0xff, 0x70, 0x0, 0x0, 0x0,
    0x0, 0x1d, 0xff, 0xf7, 0x0, 0x0, 0x0, 0x0,
    0x1, 0xdf, 0xff, 0xa3, 0x33, 0x33, 0x33, 0x10,
    0x9, 0xff, 0xff, 0xff, 0xff, 0xff, 0xff, 0xf6,
    0xd, 0xff, 0xff, 0xff, 0xff, 0xff, 0xff, 0xfa,
    0x6, 0xff, 0xff, 0xff, 0xff, 0xff, 0xff, 0xe4,

    /* U+0033 "3" */
    0x0, 0x3, 0x9c, 0xff, 0xfd, 0xa5, 0x0, 0x0,
    0x3, 0xcf, 0xff, 0xff, 0xff, 0xff, 0xc2, 0x0,
    0x1f, 0xff, 0xff, 0xff, 0xff, 0xff, 0xfd, 0x0,
    0x3f, 0xff, 0xc7, 0x44, 0x59, 0xff, 0xff, 0x50,
    0x7, 0xa3, 0x0, 0x0, 0x0, 0x6f, 0xff, 0x80,
    0x0, 0x0, 0x0, 0x0, 0x0, 0x2f, 0xff, 0x80,
    0x0, 0x0, 0x0, 0x0, 0x0, 0x6f, 0xff, 0x50,
    0x0, 0x0, 0x0, 0x0, 0x27, 0xff, 0xfc, 0x0,
    0x0, 0x0, 0x9f, 0xff, 0xff, 0xff, 0xc1, 0x0,
    0x0, 0x0, 0xff, 0xff, 0xff, 0xfd, 0x40, 0x0,
    0x0, 0x0, 0xcf, 0xff, 0xff, 0xff, 0xf8, 0x0,
    0x0, 0x0, 0x2, 0x33, 0x47, 0xef, 0xff, 0x60,
    0x0, 0x0, 0x0, 0x0, 0x0, 0x1e, 0xff, 0xd0,
    0x0, 0x0, 0x0, 0x0, 0x0, 0x9, 0xff, 0xf2,
    0x0, 0x0, 0x0, 0x0, 0x0, 0x8, 0xff, 0xf3,
    0x0, 0x0, 0x0, 0x0, 0x0, 0xa, 0xff, 0xf2,
    0x2b, 0x91, 0x0, 0x0, 0x0, 0x3f, 0xff, 0xf0,
    0xbf, 0xff, 0xb7, 0x44, 0x59, 0xff, 0xff, 0x90,
    0x8f, 0xff, 0xff, 0xff, 0xff, 0xff, 0xfe, 0x10,
    0x7, 0xff, 0xff, 0xff, 0xff, 0xff, 0xc1, 0x0,
    0x0, 0x5, 0xad, 0xff, 0xfd, 0xa4, 0x0, 0x0,

    /* U+0034 "4" */
    0x0, 0x0, 0x0, 0x0, 0x1, 0xbf, 0xb0, 0x0,
    0x0, 0x0, 0x0, 0x0, 0x0, 0xbf, 0xff, 0x40,
    0x0, 0x0, 0x0, 0x0, 0x0, 0x7f, 0xff, 0xf5,
    0x0, 0x0, 0x0, 0x0, 0x0, 0x3f, 0xff, 0xff,
    0x50, 0x0, 0x0, 0x0, 0x0, 0xd, 0xff, 0xff,
    0xf5, 0x0, 0x0, 0x0, 0x0, 0x9, 0xff, 0xff,
    0xff, 0x50, 0x0, 0x0, 0x0, 0x4, 0xff, 0xfa,
    0xff, 0xf5, 0x0, 0x0, 0x0, 0x1, 0xef, 0xf6,
    0x8f, 0xff, 0x50, 0x0, 0x0, 0x0, 0xbf, 0xfb,
    0x8, 0xff, 0xf5, 0x0, 0x0, 0x0, 0x6f, 0xfe,
    0x10, 0x8f, 0xff, 0x50, 0x0, 0x0, 0x2f, 0xff,
    0x40, 0x8, 0xff, 0xf5, 0x0, 0x0, 0xc, 0xff,
    0x90, 0x0, 0x8f, 0xff, 0x50, 0x0, 0x8, 0xff,
    0xd0, 0x0, 0x8, 0xff, 0xf5, 0x0, 0x3, 0xff,
    0xf6, 0x33, 0x33, 0x9f, 0xff, 0x73, 0x10, 0xcf,
    0xff, 0xff, 0xff, 0xff, 0xff, 0xff, 0xff, 0x4f,
    0xff, 0xff, 0xff, 0xff, 0xff, 0xff, 0xff, 0xf7,
    0x7f, 0xff, 0xff, 0xff, 0xff, 0xff, 0xff, 0xfe,
    0x20, 0x0, 0x0, 0x0, 0x0, 0x8f, 0xff, 0x50,
    0x0, 0x0, 0x0, 0x0, 0x0, 0x8, 0xff, 0xf5,
    0x0, 0x0, 0x0, 0x0, 0x0, 0x0, 0x7f, 0xff,
    0x40, 0x0, 0x0, 0x0, 0x0, 0x0, 0x2, 0xdf,
    0xb0, 0x0, 0x0,

    /* U+0035 "5" */
    0x1, 0xdf, 0xff, 0xff, 0xff, 0xff, 0xff, 0x60,
    0x6, 0xff, 0xff, 0xff, 0xff, 0xff, 0xff, 0xc0,
    0x6, 0xff, 0xff, 0xff, 0xff, 0xff, 0xff, 0x80,
    0x6, 0xff, 0xf7, 0x33, 0x33, 0x33, 0x32, 0x0,
    0x6, 0xff, 0xf5, 0x0, 0x0, 0x0, 0x0, 0x0,
    0x6, 0xff, 0xf5, 0x0, 0x0, 0x0, 0x0, 0x0,
    0x6, 0xff, 0xf5, 0x0, 0x0, 0x0, 0x0, 0x0,
    0x6, 0xff, 0xf5, 0x7c, 0xff, 0xea, 0x30, 0x0,
    0x6, 0xff, 0xff, 0xff, 0xff, 0xff, 0xf8, 0x0,
    0x6, 0xff, 0xff, 0xff, 0xff, 0xff, 0xff, 0x80,
    0x6, 0xff, 0xfe, 0x73, 0x24, 0xbf, 0xff, 0xf2,
    0x4, 0xff, 0xb1, 0x0, 0x0, 0xa, 0xff, 0xf8,
    0x0, 0x34, 0x0, 0x0, 0x0, 0x1, 0xff, 0xfb,
    0x0, 0x0, 0x0, 0x0, 0x0, 0x0, 0xef, 0xfd,
    0x0, 0x0, 0x0, 0x0, 0x0, 0x0, 0xef, 0xfd,
    0x0, 0x0, 0x0, 0x0, 0x0, 0x2, 0xff, 0xfb,
    0x5, 0xc7, 0x0, 0x0, 0x0, 0xb, 0xff, 0xf6,
    0xe, 0xff, 0xfa, 0x64, 0x46, 0xdf, 0xff, 0xe0,
    0xc, 0xff, 0xff, 0xff, 0xff, 0xff, 0xff, 0x40,
    0x1, 0xaf, 0xff, 0xff, 0xff, 0xff, 0xe4, 0x0,
    0x0, 0x1, 0x7b, 0xef, 0xfe, 0xb6, 0x0, 0x0,

    /* U+0036 "6" */
    0x0, 0x0, 0x2, 0x8c, 0xef, 0xfc, 0x82, 0x0,
    0x0, 0x0, 0x8f, 0xff, 0xff, 0xff, 0xff, 0x90,
    0x0, 0xb, 0xff, 0xff, 0xff, 0xff, 0xff, 0xf8,
    0x0, 0x8f, 0xff, 0xf9, 0x54, 0x58, 0xef, 0xf8,
    0x2, 0xff, 0xfe, 0x20, 0x0, 0x0, 0x6, 0x80,
    0x8, 0xff, 0xf3, 0x0, 0x0, 0x0, 0x0, 0x0,
    0xe, 0xff, 0xb0, 0x0, 0x0, 0x0, 0x0, 0x0,
    0x2f, 0xff, 0x70, 0x3a, 0xef, 0xea, 0x30, 0x0,
    0x4f, 0xff, 0x47, 0xff, 0xff, 0xff, 0xf8, 0x0,
    0x6f, 0xff, 0x8f, 0xff, 0xff, 0xff, 0xff, 0x70,
    0x6f, 0xff, 0xff, 0xb3, 0x12, 0x9f, 0xff, 0xf1,
    0x6f, 0xff, 0xfb, 0x0, 0x0, 0x8, 0xff, 0xf6,
    0x5f, 0xff, 0xf2, 0x0, 0x0, 0x0, 0xff, 0xfa,
    0x3f, 0xff, 0xf0, 0x0, 0x0, 0x0, 0xdf, 0xfb,
    0xf, 0xff, 0xf0, 0x0, 0x0, 0x0, 0xdf, 0xfb,
    0xc, 0xff, 0xf3, 0x0, 0x0, 0x0, 0xff, 0xf9,
    0x6, 0xff, 0xfb, 0x0, 0x0, 0x8, 0xff, 0xf5,
    0x0, 0xdf, 0xff, 0xb3, 0x12, 0x9f, 0xff, 0xd0,
    0x0, 0x3f, 0xff, 0xff, 0xff, 0xff, 0xff, 0x30,
    0x0, 0x3, 0xdf, 0xff, 0xff, 0xff, 0xe4, 0x0,
    0x0, 0x0, 0x6, 0xbe, 0xff, 0xc8, 0x10, 0x0,

    /* U+0037 "7" */
    0x3e, 0xff, 0xff, 0xff, 0xff, 0xff, 0xff, 0xd2,
    0x9f, 0xff, 0xff, 0xff, 0xff, 0xff, 0xff, 0xf8,
    0x5f, 0xff, 0xff, 0xff, 0xff, 0xff, 0xff, 0xf6,
    0x1, 0x33, 0x33, 0x33, 0x33, 0x4f, 0xff, 0xf1,
    0x0, 0x0, 0x0, 0x0, 0x0, 0x9f, 0xff, 0x70,
    0x0, 0x0, 0x0, 0x0, 0x2, 0xff, 0xfe, 0x0,
    0x0, 0x0, 0x0, 0x0, 0xb, 0xff, 0xf6, 0x0,
    0x0, 0x0, 0x0, 0x0, 0x3f, 0xff, 0xd0, 0x0,
    0x0, 0x0, 0x0, 0x0, 0xcf, 0xff, 0x50, 0x0,
    0x0, 0x0, 0x0, 0x5, 0xff, 0xfd, 0x0, 0x0,
    0x0, 0x0, 0x0, 0xd, 0xff, 0xf4, 0x0, 0x0,
    0x0, 0x0, 0x0, 0x6f, 0xff, 0xc0, 0x0, 0x0,
    0x0, 0x0, 0x0, 0xef, 0xff, 0x30, 0x0, 0x0,
    0x0, 0x0, 0x7, 0xff, 0xfb, 0x0, 0x0, 0x0,
    0x0, 0x0, 0x1f, 0xff, 0xf2, 0x0, 0x0, 0x0,
    0x0, 0x0, 0x9f, 0xff, 0xa0, 0x0, 0x0, 0x0,
    0x0, 0x2, 0xff, 0xff, 0x10, 0x0, 0x0, 0x0,
    0x0, 0xa, 0xff, 0xf8, 0x0, 0x0, 0x0, 0x0,
    0x0, 0x3f, 0xff, 0xf1, 0x0, 0x0, 0x0, 0x0,
    0x0, 0x8f, 0xff, 0x70, 0x0, 0x0, 0x0, 0x0,
    0x0, 0x3e, 0xfa, 0x0, 0x0, 0x0, 0x0, 0x0,

    /* U+0038 "8" */
    0x0, 0x2, 0x8c, 0xef, 0xfe, 0xc8, 0x20, 0x0,
    0x0, 0x8f, 0xff, 0xff, 0xff, 0xff, 0xf8, 0x0,
    0x8, 0xff, 0xff, 0xff, 0xff, 0xff, 0xff, 0x80,
    0x1f, 0xff, 0xf8, 0x30, 0x3, 0x8f, 0xff, 0xf1,
    0x4f, 0xff, 0x80, 0x0, 0x0, 0x8, 0xff, 0xf4,
    0x4f, 0xff, 0x40, 0x0, 0x0, 0x4, 0xff, 0xf5,
    0x1f, 0xff, 0x80, 0x0, 0x0, 0x7, 0xff, 0xf1,
    0x9, 0xff, 0xf8, 0x20, 0x2, 0x8f, 0xff, 0xa0,
    0x0, 0xaf, 0xff, 0xff, 0xff, 0xff, 0xfb, 0x0,
    0x0, 0x1c, 0xff, 0xff, 0xff, 0xff, 0xc1, 0x0,
    0x3, 0xef, 0xff, 0xff, 0xff, 0xff, 0xfe, 0x30,
    0xe, 0xff, 0xf7, 0x20, 0x2, 0x7f, 0xff, 0xe1,
    0x7f, 0xff, 0x40, 0x0, 0x0, 0x4, 0xff, 0xf7,
    0xbf, 0xfd, 0x0, 0x0, 0x0, 0x0, 0xdf, 0xfc,
    0xdf, 0xfb, 0x0, 0x0, 0x0, 0x0, 0xbf, 0xfd,
    0xcf, 0xfd, 0x0, 0x0, 0x0, 0x0, 0xdf, 0xfc,
    0xaf, 0xff, 0x40, 0x0, 0x0, 0x4, 0xff, 0xfa,
    0x4f, 0xff, 0xf7, 0x20, 0x2, 0x7f, 0xff, 0xf3,
    0x9, 0xff, 0xff, 0xff, 0xff, 0xff, 0xff, 0x90,
    0x0, 0x8f, 0xff, 0xff, 0xff, 0xff, 0xf8, 0x0,
    0x0, 0x2, 0x8c, 0xef, 0xfe, 0xc8, 0x20, 0x0,

    /* U+0039 "9" */
    0x0, 0x1, 0x8d, 0xff, 0xeb, 0x60, 0x0, 0x0,
    0x0, 0x5f, 0xff, 0xff, 0xff, 0xfe, 0x30, 0x0,
    0x5, 0xff, 0xff, 0xff, 0xff, 0xff, 0xf3, 0x0,
    0x1f, 0xff, 0xf8, 0x20, 0x29, 0xff, 0xfd, 0x0,
    0x6f, 0xff, 0x70, 0x0, 0x0, 0x8f, 0xff, 0x60,
    0xaf, 0xff, 0x0, 0x0, 0x0, 0x1f, 0xff, 0xc0,
    0xcf, 0xfd, 0x0, 0x0, 0x0, 0xe, 0xff, 0xf0,
    0xbf, 0xff, 0x0, 0x0, 0x0, 0xf, 0xff, 0xf3,
    0x8f, 0xff, 0x70, 0x0, 0x0, 0x8f, 0xff, 0xf5,
    0x2f, 0xff, 0xf8, 0x10, 0x28, 0xff, 0xff, 0xf6,
    0x9, 0xff, 0xff, 0xff, 0xff, 0xf9, 0xff, 0xf6,
    0x0, 0xbf, 0xff, 0xff, 0xff, 0x94, 0xff, 0xf6,
    0x0, 0x5, 0xcf, 0xff, 0xc5, 0x5, 0xff, 0xf4,
    0x0, 0x0, 0x0, 0x0, 0x0, 0x8, 0xff, 0xf2,
    0x0, 0x0, 0x0, 0x0, 0x0, 0xd, 0xff, 0xe0,
    0x0, 0x0, 0x0, 0x0, 0x0, 0x5f, 0xff, 0x80,
    0x8, 0x60, 0x0, 0x0, 0x3, 0xef, 0xff, 0x20,
    0x8f, 0xfe, 0x85, 0x45, 0xaf, 0xff, 0xf8, 0x0,
    0x8f, 0xff, 0xff, 0xff, 0xff, 0xff, 0xb0, 0x0,
    0x9, 0xff, 0xff, 0xff, 0xff, 0xf8, 0x0, 0x0,
    0x0, 0x28, 0xcf, 0xfe, 0xc8, 0x20, 0x0, 0x0,

    /* U+003A ":" */
    0xa, 0xfe, 0x46, 0xff, 0xfd, 0x7f, 0xff, 0xe2,
    0xff, 0xf9, 0x1, 0x64, 0x0, 0x0, 0x0, 0x0,
    0x0, 0x0, 0x0, 0x0, 0x0, 0x0, 0x0, 0x0,
    0x0, 0x2, 0x65, 0x2, 0xff, 0xf9, 0x7f, 0xff,
    0xe5, 0xff, 0xfd, 0xa, 0xfe, 0x40,

    /* U+003B ";" */
    0xa, 0xfe, 0x46, 0xff, 0xfd, 0x7f, 0xff, 0xe2,
    0xff, 0xf9, 0x1, 0x64, 0x0, 0x0, 0x0, 0x0,
    0x0, 0x0, 0x0, 0x0, 0x0, 0x0, 0x0, 0x0,
    0x0, 0x2, 0x64, 0x2, 0xff, 0xf8, 0x7f, 0xff,
    0xe5, 0xff, 0xff, 0x9, 0xff, 0xd0, 0x9, 0xfa,
    0x2, 0xff, 0x40, 0xaf, 0xa0, 0x4, 0x90, 0x0,

    /* U+003C "<" */
    0x0, 0x0, 0x0, 0x0, 0x0, 0x0, 0x18, 0xc4,
    0x0, 0x0, 0x0, 0x0, 0x0, 0x3a, 0xff, 0xfb,
    0x0, 0x0, 0x0, 0x0, 0x5c, 0xff, 0xff, 0xe5,
    0x0, 0x0, 0x1, 0x8e, 0xff, 0xff, 0xc6, 0x0,
    0x0, 0x3, 0xaf, 0xff, 0xff, 0xa3, 0x0, 0x0,
    0x5, 0xdf, 0xff, 0xfe, 0x71, 0x0, 0x0, 0x0,
    0x3f, 0xff, 0xfc, 0x50, 0x0, 0x0, 0x0, 0x0,
    0x6f, 0xff, 0x90, 0x0, 0x0, 0x0, 0x0, 0x0,
    0x2f, 0xff, 0xff, 0x92, 0x0, 0x0, 0x0, 0x0,
    0x2, 0x9f, 0xff, 0xff, 0xc5, 0x0, 0x0, 0x0,
    0x0, 0x0, 0x6d, 0xff, 0xff, 0xe7, 0x10, 0x0,
    0x0, 0x0, 0x0, 0x4a, 0xff, 0xff, 0xfa, 0x30,
    0x0, 0x0, 0x0, 0x0, 0x18, 0xef, 0xff, 0xf8,
    0x0, 0x0, 0x0, 0x0, 0x0, 0x6, 0xcf, 0xfb,
    0x0, 0x0, 0x0, 0x0, 0x0, 0x0, 0x3, 0x72,

    /* U+003D "=" */
    0x19, 0xaa, 0xaa, 0xaa, 0xaa, 0xaa, 0xaa, 0x91,
    0x8f, 0xff, 0xff, 0xff, 0xff, 0xff, 0xff, 0xf8,
    0x4f, 0xff, 0xff, 0xff, 0xff, 0xff, 0xff, 0xf4,
    0x0, 0x0, 0x0, 0x0, 0x0, 0x0, 0x0, 0x0,
    0x0, 0x0, 0x0, 0x0, 0x0, 0x0, 0x0, 0x0,
    0x0, 0x0, 0x0, 0x0, 0x0, 0x0, 0x0, 0x0,
    0x18, 0x99, 0x99, 0x99, 0x99, 0x99, 0x99, 0x91,
    0x8f, 0xff, 0xff, 0xff, 0xff, 0xff, 0xff, 0xf8,
    0x4f, 0xff, 0xff, 0xff, 0xff, 0xff, 0xff, 0xf4,

    /* U+003E ">" */
    0x4c, 0x81, 0x0, 0x0, 0x0, 0x0, 0x0, 0x0,
    0xbf, 0xff, 0xa3, 0x0, 0x0, 0x0, 0x0, 0x0,
    0x4e, 0xff, 0xff, 0xc6, 0x0, 0x0, 0x0, 0x0,
    0x0, 0x6c, 0xff, 0xff, 0xe8, 0x10, 0x0, 0x0,
    0x0, 0x0, 0x3a, 0xff, 0xff, 0xfa, 0x40, 0x0,
    0x0, 0x0, 0x0, 0x17, 0xef, 0xff, 0xfd, 0x50,
    0x0, 0x0, 0x0, 0x0, 0x5, 0xbf, 0xff, 0xf4,
    0x0, 0x0, 0x0, 0x0, 0x0, 0x9, 0xff, 0xf7,
    0x0, 0x0, 0x0, 0x0, 0x29, 0xff, 0xff, 0xf2,
    0x0, 0x0, 0x0, 0x5b, 0xff, 0xff, 0xf9, 0x20,
    0x0, 0x1, 0x7e, 0xff, 0xff, 0xd6, 0x0, 0x0,
    0x3, 0xaf, 0xff, 0xff, 0xb4, 0x0, 0x0, 0x0,
    0x7f, 0xff, 0xfe, 0x82, 0x0, 0x0, 0x0, 0x0,
    0xaf, 0xfc, 0x60, 0x0, 0x0, 0x0, 0x0, 0x0,
    0x17, 0x30, 0x0, 0x0, 0x0, 0x0, 0x0, 0x0,

    /* U+003F "?" */
    0x0, 0x16, 0xae, 0xff, 0xea, 0x40, 0x0, 0x8,
    0xff, 0xff, 0xff, 0xff, 0xfb, 0x0, 0x9f, 0xff,
    0xff, 0xff, 0xff, 0xff, 0xa0, 0xdf, 0xff, 0x95,
    0x45, 0xaf, 0xff, 0xf1, 0x5c, 0x81, 0x0, 0x0,
    0xa, 0xff, 0xf4, 0x0, 0x0, 0x0, 0x0, 0x8,
    0xff, 0xf4, 0x0, 0x0, 0x0, 0x0, 0xc, 0xff,
    0xf1, 0x0, 0x0, 0x0, 0x0, 0x5f, 0xff, 0x90,
    0x0, 0x0, 0x0, 0x3, 0xff, 0xfc, 0x0, 0x0,
    0x0, 0x0, 0x1e, 0xff, 0xc1, 0x0, 0x0, 0x0,
    0x0, 0xbf, 0xfb, 0x0, 0x0, 0x0, 0x0, 0x2,
    0xff, 0xd0, 0x0, 0x0, 0x0, 0x0, 0x6, 0xff,
    0x40, 0x0, 0x0, 0x0, 0x0, 0x7, 0xff, 0x0,
    0x0, 0x0, 0x0, 0x0, 0x2, 0xc7, 0x0, 0x0,
    0x0, 0x0, 0x0, 0x0, 0x0, 0x0, 0x0, 0x0,
    0x0, 0x0, 0x2, 0x64, 0x0, 0x0, 0x0, 0x0,
    0x0, 0x4f, 0xff, 0x70, 0x0, 0x0, 0x0, 0x0,
    0x9f, 0xff, 0xc0, 0x0, 0x0, 0x0, 0x0, 0x7f,
    0xff, 0xb0, 0x0, 0x0, 0x0, 0x0, 0xb, 0xfd,
    0x20, 0x0, 0x0,

    /* U+0040 "@" */
    0x0, 0x0, 0x0, 0x0, 0x5, 0x9c, 0xef, 0xff,
    0xda, 0x50, 0x0, 0x0, 0x0, 0x0, 0x0, 0x0,
    0x18, 0xff, 0xff, 0xff, 0xff, 0xff, 0xff, 0x80,
    0x0, 0x0, 0x0, 0x0, 0x5, 0xef, 0xff, 0xc8,
    0x65, 0x56, 0x8c, 0xff, 0xfd, 0x20, 0x0, 0x0,
    0x0, 0x7f, 0xff, 0x92, 0x0, 0x0, 0x0, 0x0,
    0x19, 0xff, 0xf3, 0x0, 0x0, 0x7, 0xff, 0xe3,
    0x0, 0x0, 0x0, 0x0, 0x0, 0x0, 0x3e, 0xfe,
    0x10, 0x0, 0x3f, 0xfe, 0x10, 0x0, 0x0, 0x0,
    0x0, 0x0, 0x0, 0x3, 0xff, 0x90, 0x0, 0xcf,
    0xf3, 0x0, 0x0, 0x4b, 0xef, 0xd7, 0x7, 0xfa,
    0x0, 0x8f, 0xf1, 0x4, 0xff, 0x90, 0x0, 0x9,
    0xff, 0xff, 0xff, 0x9e, 0xfe, 0x0, 0x1f, 0xf6,
    0xa, 0xff, 0x10, 0x0, 0x8f, 0xff, 0xb7, 0x7d,
    0xff, 0xfb, 0x0, 0xb, 0xfa, 0xe, 0xfb, 0x0,
    0x2, 0xff, 0xf5, 0x0, 0x1, 0xff, 0xf8, 0x0,
    0x8, 0xfc, 0x2f, 0xf7, 0x0, 0x9, 0xff, 0x90,
    0x0, 0x0, 0xaf, 0xf5, 0x0, 0x7, 0xfd, 0x4f,
    0xf5, 0x0, 0xd, 0xff, 0x20, 0x0, 0x0, 0x9f,
    0xf3, 0x0, 0x7, 0xfd, 0x5f, 0xf4, 0x0, 0xf,
    0xff, 0x0, 0x0, 0x0, 0xaf, 0xf0, 0x0, 0x8,
    0xfc, 0x5f, 0xf3, 0x0, 0x1f, 0xfd, 0x0, 0x0,
    0x0, 0xdf, 0xd0, 0x0, 0xb, 0xfa, 0x5f, 0xf4,
    0x0, 0xf, 0xfe, 0x0, 0x0, 0x3, 0xff, 0xb0,
    0x0, 0xf, 0xf6, 0x3f, 0xf6, 0x0, 0xd, 0xff,
    0x30, 0x0, 0xc, 0xff, 0xb0, 0x0, 0x7f, 0xf1,
    0xf, 0xf9, 0x0, 0x8, 0xff, 0xd3, 0x2, 0xbf,
    0xff, 0xf2, 0x6, 0xff, 0x80, 0xc, 0xfe, 0x0,
    0x0, 0xdf, 0xff, 0xff, 0xfb, 0x4f, 0xff, 0xff,
    0xfc, 0x0, 0x6, 0xff, 0x50, 0x0, 0x1a, 0xff,
    0xfe, 0x70, 0x6, 0xff, 0xff, 0x90, 0x0, 0x0,
    0xef, 0xd0, 0x0, 0x0, 0x3, 0x20, 0x0, 0x0,
    0x2, 0x30, 0x0, 0x0, 0x0, 0x6f, 0xfa, 0x0,
    0x0, 0x0, 0x0, 0x0, 0x0, 0x0, 0x0, 0x0,
    0x0, 0x0, 0xa, 0xff, 0xa0, 0x0, 0x0, 0x0,
    0x0, 0x0, 0x0, 0x53, 0x0, 0x0, 0x0, 0x0,
    0xbf, 0xfe, 0x60, 0x0, 0x0, 0x0, 0x0, 0x4c,
    0xfe, 0x0, 0x0, 0x0, 0x0, 0x9, 0xff, 0xfe,
    0xa7, 0x55, 0x57, 0x9e, 0xff, 0xf9, 0x0, 0x0,
    0x0, 0x0, 0x0, 0x3b, 0xff, 0xff, 0xff, 0xff,
    0xff, 0xfd, 0x50, 0x0, 0x0, 0x0, 0x0, 0x0,
    0x0, 0x27, 0xbd, 0xff, 0xfe, 0xb8, 0x30, 0x0,
    0x0, 0x0,

    /* U+0041 "A" */
    0x0, 0x0, 0x0, 0x0, 0x4, 0xef, 0x80, 0x0,
    0x0, 0x0, 0x0, 0x0, 0x0, 0x0, 0x0, 0xe,
    0xff, 0xf5, 0x0, 0x0, 0x0, 0x0, 0x0, 0x0,
    0x0, 0x0, 0x7f, 0xff, 0xfc, 0x0, 0x0, 0x0,
    0x0, 0x0, 0x0, 0x0, 0x0, 0xef, 0xff, 0xff,
    0x40, 0x0, 0x0, 0x0, 0x0, 0x0, 0x0, 0x6,
    0xff, 0xd8, 0xff, 0xb0, 0x0, 0x0, 0x0, 0x0,
    0x0, 0x0, 0xd, 0xff, 0x72, 0xff, 0xf3, 0x0,
    0x0, 0x0, 0x0, 0x0, 0x0, 0x5f, 0xff, 0x10,
    0xbf, 0xfa, 0x0, 0x0, 0x0, 0x0, 0x0, 0x0,
    0xcf, 0xf9, 0x0, 0x4f, 0xff, 0x20, 0x0, 0x0,
    0x0, 0x0, 0x4, 0xff, 0xf3, 0x0, 0xd, 0xff,
    0x90, 0x0, 0x0, 0x0, 0x0, 0xb, 0xff, 0xc0,
    0x0, 0x7, 0xff, 0xf1, 0x0, 0x0, 0x0, 0x0,
    0x3f, 0xff, 0x50, 0x0, 0x0, 0xff, 0xf8, 0x0,
    0x0, 0x0, 0x0, 0xaf, 0xfe, 0x0, 0x0, 0x0,
    0x9f, 0xff, 0x0, 0x0, 0x0, 0x2, 0xff, 0xf9,
    0x11, 0x11, 0x11, 0x3f, 0xff, 0x70, 0x0, 0x0,
    0x9, 0xff, 0xff, 0xff, 0xff, 0xff, 0xff, 0xff,
    0xe0, 0x0, 0x0, 0x1f, 0xff, 0xff, 0xff, 0xff,
    0xff, 0xff, 0xff, 0xf6, 0x0, 0x0, 0x8f, 0xff,
    0xff, 0xff, 0xff, 0xff, 0xff, 0xff, 0xfd, 0x0,
    0x0, 0xef, 0xfc, 0x0, 0x0, 0x0, 0x0, 0x0,
    0x7f, 0xff, 0x50, 0x6, 0xff, 0xf5, 0x0, 0x0,
    0x0, 0x0, 0x0, 0xf, 0xff, 0xc0, 0xe, 0xff,
    0xe0, 0x0, 0x0, 0x0, 0x0, 0x0, 0x9, 0xff,
    0xf4, 0x2f, 0xff, 0x70, 0x0, 0x0, 0x0, 0x0,
    0x0, 0x2, 0xff, 0xf8, 0xb, 0xfb, 0x0, 0x0,
    0x0, 0x0, 0x0, 0x0, 0x0, 0x6f, 0xe3,

    /* U+0042 "B" */
    0x2d, 0xff, 0xff, 0xff, 0xff, 0xfd, 0x94, 0x0,
    0x0, 0x9f, 0xff, 0xff, 0xff, 0xff, 0xff, 0xff,
    0xa0, 0x0, 0xbf, 0xff, 0xee, 0xee, 0xee, 0xff,
    0xff, 0xfa, 0x0, 0xbf, 0xff, 0x0, 0x0, 0x0,
    0x17, 0xff, 0xff, 0x30, 0xbf, 0xff, 0x0, 0x0,
    0x0, 0x0, 0x8f, 0xff, 0x70, 0xbf, 0xff, 0x0,
    0x0, 0x0, 0x0, 0x3f, 0xff, 0x80, 0xbf, 0xff,
    0x0, 0x0, 0x0, 0x0, 0x3f, 0xff, 0x70, 0xbf,
    0xff, 0x0, 0x0, 0x0, 0x0, 0x9f, 0xff, 0x20,
    0xbf, 0xff, 0x0, 0x0, 0x0, 0x29, 0xff, 0xf9,
    0x0, 0xbf, 0xff, 0xff, 0xff, 0xff, 0xff, 0xff,
    0x90, 0x0, 0xbf, 0xff, 0xff, 0xff, 0xff, 0xff,
    0xfc, 0x40, 0x0, 0xbf, 0xff, 0xee, 0xee, 0xee,
    0xff, 0xff, 0xf9, 0x0, 0xbf, 0xff, 0x0, 0x0,
    0x0, 0x3, 0xcf, 0xff, 0x60, 0xbf, 0xff, 0x0,
    0x0, 0x0, 0x0, 0xe, 0xff, 0xd0, 0xbf, 0xff,
    0x0, 0x0, 0x0, 0x0, 0xb, 0xff, 0xf0, 0xbf,
    0xff, 0x0, 0x0, 0x0, 0x0, 0xb, 0xff, 0xf1,
    0xbf, 0xff, 0x0, 0x0, 0x0, 0x0, 0xe, 0xff,
    0xf0, 0xbf, 0xff, 0x0, 0x0, 0x0, 0x3, 0xcf,
    0xff, 0xa0, 0xbf, 0xff, 0xee, 0xee, 0xee, 0xff,
    0xff, 0xff, 0x20, 0x9f, 0xff, 0xff, 0xff, 0xff,
    0xff, 0xff, 0xe3, 0x0, 0x2d, 0xff, 0xff, 0xff,
    0xff, 0xfe, 0xb6, 0x0, 0x0,

    /* U+0043 "C" */
    0x0, 0x0, 0x0, 0x28, 0xce, 0xff, 0xec, 0x83,
    0x0, 0x0, 0x0, 0x2, 0xbf, 0xff, 0xff, 0xff,
    0xff, 0xfc, 0x20, 0x0, 0x4, 0xff, 0xff, 0xff,
    0xff, 0xff, 0xff, 0xfe, 0x0, 0x3, 0xff, 0xff,
    0xfe, 0x97, 0x78, 0xbf, 0xff, 0xf1, 0x0, 0xdf,
    0xff, 0xf6, 0x0, 0x0, 0x0, 0x19, 0xe9, 0x0,
    0x5f, 0xff, 0xf3, 0x0, 0x0, 0x0, 0x0, 0x0,
    0x0, 0xc, 0xff, 0xf8, 0x0, 0x0, 0x0, 0x0,
    0x0, 0x0, 0x0, 0xff, 0xff, 0x20, 0x0, 0x0,
    0x0, 0x0, 0x0, 0x0, 0x3f, 0xff, 0xe0, 0x0,
    0x0, 0x0, 0x0, 0x0, 0x0, 0x5, 0xff, 0xfc,
    0x0, 0x0, 0x0, 0x0, 0x0, 0x0, 0x0, 0x5f,
    0xff, 0xb0, 0x0, 0x0, 0x0, 0x0, 0x0, 0x0,
    0x5, 0xff, 0xfc, 0x0, 0x0, 0x0, 0x0, 0x0,
    0x0, 0x0, 0x3f, 0xff, 0xe0, 0x0, 0x0, 0x0,
    0x0, 0x0, 0x0, 0x1, 0xff, 0xff, 0x20, 0x0,
    0x0, 0x0, 0x0, 0x0, 0x0, 0xc, 0xff, 0xf8,
    0x0, 0x0, 0x0, 0x0, 0x0, 0x0, 0x0, 0x6f,
    0xff, 0xf3, 0x0, 0x0, 0x0, 0x0, 0x0, 0x0,
    0x0, 0xdf, 0xff, 0xf6, 0x0, 0x0, 0x0, 0x18,
    0xea, 0x0, 0x3, 0xff, 0xff, 0xfe, 0x97, 0x68,
    0xbf, 0xff, 0xf2, 0x0, 0x4, 0xff, 0xff, 0xff,
    0xff, 0xff, 0xff, 0xfe, 0x0, 0x0, 0x2, 0xbf,
    0xff, 0xff, 0xff, 0xff, 0xfc, 0x20, 0x0, 0x0,
    0x0, 0x28, 0xce, 0xff, 0xec, 0x83, 0x0, 0x0,

    /* U+0044 "D" */
    0x2d, 0xff, 0xff, 0xff, 0xff, 0xda, 0x61, 0x0,
    0x0, 0x0, 0x9f, 0xff, 0xff, 0xff, 0xff, 0xff,
    0xff, 0x91, 0x0, 0x0, 0xbf, 0xff, 0xff, 0xff,
    0xff, 0xff, 0xff, 0xfe, 0x30, 0x0, 0xbf, 0xff,
    0x53, 0x33, 0x34, 0x7c, 0xff, 0xff, 0xe2, 0x0,
    0xbf, 0xff, 0x20, 0x0, 0x0, 0x0, 0x4e, 0xff,
    0xfc, 0x0, 0xbf, 0xff, 0x20, 0x0, 0x0, 0x0,
    0x3, 0xff, 0xff, 0x50, 0xbf, 0xff, 0x20, 0x0,
    0x0, 0x0, 0x0, 0x8f, 0xff, 0xb0, 0xbf, 0xff,
    0x20, 0x0, 0x0, 0x0, 0x0, 0x2f, 0xff, 0xf0,
    0xbf, 0xff, 0x20, 0x0, 0x0, 0x0, 0x0, 0xe,
    0xff, 0xf2, 0xbf, 0xff, 0x20, 0x0, 0x0, 0x0,
    0x0, 0xc, 0xff, 0xf3, 0xbf, 0xff, 0x20, 0x0,
    0x0, 0x0, 0x0, 0xc, 0xff, 0xf4, 0xbf, 0xff,
    0x20, 0x0, 0x0, 0x0, 0x0, 0xc, 0xff, 0xf3,
    0xbf, 0xff, 0x20, 0x0, 0x0, 0x0, 0x0, 0xe,
    0xff, 0xf2, 0xbf, 0xff, 0x20, 0x0, 0x0, 0x0,
    0x0, 0x2f, 0xff, 0xf0, 0xbf, 0xff, 0x20, 0x0,
    0x0, 0x0, 0x0, 0x8f, 0xff, 0xa0, 0xbf, 0xff,
    0x20, 0x0, 0x0, 0x0, 0x3, 0xff, 0xff, 0x40,
    0xbf, 0xff, 0x20, 0x0, 0x0, 0x0, 0x4e, 0xff,
    0xfc, 0x0, 0xbf, 0xff, 0x53, 0x33, 0x34, 0x7c,
    0xff, 0xff, 0xe2, 0x0, 0xbf, 0xff, 0xff, 0xff,
    0xff, 0xff, 0xff, 0xfe, 0x30, 0x0, 0x9f, 0xff,
    0xff, 0xff, 0xff, 0xff, 0xff, 0x91, 0x0, 0x0,
    0x2d, 0xff, 0xff, 0xff, 0xff, 0xda, 0x61, 0x0,
    0x0, 0x0,

    /* U+0045 "E" */
    0x2d, 0xff, 0xff, 0xff, 0xff, 0xff, 0xfe, 0x49,
    0xff, 0xff, 0xff, 0xff, 0xff, 0xff, 0xf9, 0xbf,
    0xff, 0xff, 0xff, 0xff, 0xff, 0xff, 0x4b, 0xff,
    0xf1, 0x11, 0x11, 0x11, 0x11, 0x0, 0xbf, 0xff,
    0x0, 0x0, 0x0, 0x0, 0x0, 0xb, 0xff, 0xf0,
    0x0, 0x0, 0x0, 0x0, 0x0, 0xbf, 0xff, 0x0,
    0x0, 0x0, 0x0, 0x0, 0xb, 0xff, 0xf0, 0x0,
    0x0, 0x0, 0x0, 0x0, 0xbf, 0xff, 0x11, 0x11,
    0x11, 0x11, 0x0, 0xb, 0xff, 0xff, 0xff, 0xff,
    0xff, 0xff, 0xa0, 0xbf, 0xff, 0xff, 0xff, 0xff,
    0xff, 0xfe, 0xb, 0xff, 0xff, 0xff, 0xff, 0xff,
    0xff, 0x90, 0xbf, 0xff, 0x0, 0x0, 0x0, 0x0,
    0x0, 0xb, 0xff, 0xf0, 0x0, 0x0, 0x0, 0x0,
    0x0, 0xbf, 0xff, 0x0, 0x0, 0x0, 0x0, 0x0,
    0xb, 0xff, 0xf0, 0x0, 0x0, 0x0, 0x0, 0x0,
    0xbf, 0xff, 0x0, 0x0, 0x0, 0x0, 0x0, 0xb,
    0xff, 0xf1, 0x11, 0x11, 0x11, 0x11, 0x0, 0xbf,
    0xff, 0xff, 0xff, 0xff, 0xff, 0xff, 0x49, 0xff,
    0xff, 0xff, 0xff, 0xff, 0xff, 0xf9, 0x2d, 0xff,
    0xff, 0xff, 0xff, 0xff, 0xfe, 0x40,

    /* U+0046 "F" */
    0x2d, 0xff, 0xff, 0xff, 0xff, 0xff, 0xfd, 0x1a,
    0xff, 0xff, 0xff, 0xff, 0xff, 0xff, 0xf5, 0xbf,
    0xff, 0xff, 0xff, 0xff, 0xff, 0xfe, 0x1b, 0xff,
    0xf3, 0x11, 0x11, 0x11, 0x11, 0x0, 0xbf, 0xff,
    0x20, 0x0, 0x0, 0x0, 0x0, 0xb, 0xff, 0xf2,
    0x0, 0x0, 0x0, 0x0, 0x0, 0xbf, 0xff, 0x20,
    0x0, 0x0, 0x0, 0x0, 0xb, 0xff, 0xf2, 0x0,
    0x0, 0x0, 0x0, 0x0, 0xbf, 0xff, 0x31, 0x11,
    0x11, 0x11, 0x0, 0xb, 0xff, 0xff, 0xff, 0xff,
    0xff, 0xff, 0x60, 0xbf, 0xff, 0xff, 0xff, 0xff,
    0xff, 0xfb, 0xb, 0xff, 0xff, 0xff, 0xff, 0xff,
    0xff, 0x50, 0xbf, 0xff, 0x20, 0x0, 0x0, 0x0,
    0x0, 0xb, 0xff, 0xf2, 0x0, 0x0, 0x0, 0x0,
    0x0, 0xbf, 0xff, 0x20, 0x0, 0x0, 0x0, 0x0,
    0xb, 0xff, 0xf2, 0x0, 0x0, 0x0, 0x0, 0x0,
    0xbf, 0xff, 0x20, 0x0, 0x0, 0x0, 0x0, 0xb,
    0xff, 0xf2, 0x0, 0x0, 0x0, 0x0, 0x0, 0xbf,
    0xff, 0x20, 0x0, 0x0, 0x0, 0x0, 0xa, 0xff,
    0xf1, 0x0, 0x0, 0x0, 0x0, 0x0, 0x2d, 0xf9,
    0x0, 0x0, 0x0, 0x0, 0x0, 0x0,

    /* U+0047 "G" */
    0x0, 0x0, 0x0, 0x17, 0xbe, 0xff, 0xfd, 0xa6,
    0x10, 0x0, 0x0, 0x1, 0xaf, 0xff, 0xff, 0xff,
    0xff, 0xff, 0x80, 0x0, 0x3, 0xef, 0xff, 0xff,
    0xff, 0xff, 0xff, 0xff, 0x90, 0x2, 0xef, 0xff,
    0xfd, 0x96, 0x66, 0x8c, 0xff, 0xfb, 0x0, 0xcf,
    0xff, 0xf5, 0x0, 0x0, 0x0, 0x3, 0xad, 0x30,
    0x5f, 0xff, 0xf3, 0x0, 0x0, 0x0, 0x0, 0x0,
    0x0, 0xb, 0xff, 0xf8, 0x0, 0x0, 0x0, 0x0,
    0x0, 0x0, 0x0, 0xff, 0xff, 0x10, 0x0, 0x0,
    0x0, 0x0, 0x0, 0x0, 0x3f, 0xff, 0xd0, 0x0,
    0x0, 0x0, 0x0, 0x0, 0x0, 0x5, 0xff, 0xfb,
    0x0, 0x0, 0x0, 0x9d, 0xdd, 0xdd, 0xd6, 0x5f,
    0xff, 0xa0, 0x0, 0x0, 0x1f, 0xff, 0xff, 0xff,
    0xe5, 0xff, 0xfa, 0x0, 0x0, 0x0, 0xbf, 0xff,
    0xff, 0xff, 0x3f, 0xff, 0xc0, 0x0, 0x0, 0x0,
    0x0, 0x4, 0xff, 0xf1, 0xff, 0xff, 0x10, 0x0,
    0x0, 0x0, 0x0, 0x4f, 0xff, 0xc, 0xff, 0xf7,
    0x0, 0x0, 0x0, 0x0, 0x4, 0xff, 0xf0, 0x6f,
    0xff, 0xf2, 0x0, 0x0, 0x0, 0x0, 0x4f, 0xff,
    0x0, 0xdf, 0xff, 0xe4, 0x0, 0x0, 0x0, 0x4,
    0xff, 0xf0, 0x3, 0xff, 0xff, 0xfc, 0x85, 0x45,
    0x7a, 0xef, 0xff, 0x0, 0x4, 0xff, 0xff, 0xff,
    0xff, 0xff, 0xff, 0xff, 0xe0, 0x0, 0x2, 0xaf,
    0xff, 0xff, 0xff, 0xff, 0xff, 0xf6, 0x0, 0x0,
    0x0, 0x27, 0xbe, 0xff, 0xfe, 0xb8, 0x40, 0x0,

    /* U+0048 "H" */
    0x3d, 0xf9, 0x0, 0x0, 0x0, 0x0, 0x0, 0x6,
    0xfe, 0x5a, 0xff, 0xf1, 0x0, 0x0, 0x0, 0x0,
    0x0, 0xef, 0xfd, 0xbf, 0xff, 0x20, 0x0, 0x0,
    0x0, 0x0, 0xf, 0xff, 0xeb, 0xff, 0xf2, 0x0,
    0x0, 0x0, 0x0, 0x0, 0xff, 0xfe, 0xbf, 0xff,
    0x20, 0x0, 0x0, 0x0, 0x0, 0xf, 0xff, 0xeb,
    0xff, 0xf2, 0x0, 0x0, 0x0, 0x0, 0x0, 0xff,
    0xfe, 0xbf, 0xff, 0x20, 0x0, 0x0, 0x0, 0x0,
    0xf, 0xff, 0xeb, 0xff, 0xf2, 0x0, 0x0, 0x0,
    0x0, 0x0, 0xff, 0xfe, 0xbf, 0xff, 0x53, 0x33,
    0x33, 0x33, 0x33, 0x3f, 0xff, 0xeb, 0xff, 0xff,
    0xff, 0xff, 0xff, 0xff, 0xff, 0xff, 0xfe, 0xbf,
    0xff, 0xff, 0xff, 0xff, 0xff, 0xff, 0xff, 0xff,
    0xeb, 0xff, 0xff, 0xff, 0xff, 0xff, 0xff, 0xff,
    0xff, 0xfe, 0xbf, 0xff, 0x20, 0x0, 0x0, 0x0,
    0x0, 0xf, 0xff, 0xeb, 0xff, 0xf2, 0x0, 0x0,
    0x0, 0x0, 0x0, 0xff, 0xfe, 0xbf, 0xff, 0x20,
    0x0, 0x0, 0x0, 0x0, 0xf, 0xff, 0xeb, 0xff,
    0xf2, 0x0, 0x0, 0x0, 0x0, 0x0, 0xff, 0xfe,
    0xbf, 0xff, 0x20, 0x0, 0x0, 0x0, 0x0, 0xf,
    0xff, 0xeb, 0xff, 0xf2, 0x0, 0x0, 0x0, 0x0,
    0x0, 0xff, 0xfe, 0xbf, 0xff, 0x20, 0x0, 0x0,
    0x0, 0x0, 0xf, 0xff, 0xea, 0xff, 0xf1, 0x0,
    0x0, 0x0, 0x0, 0x0, 0xef, 0xfd, 0x3d, 0xf9,
    0x0, 0x0, 0x0, 0x0, 0x0, 0x6, 0xfe, 0x50,

    /* U+0049 "I" */
    0x3d, 0xf9, 0xa, 0xff, 0xf1, 0xbf, 0xff, 0x2b,
    0xff, 0xf2, 0xbf, 0xff, 0x2b, 0xff, 0xf2, 0xbf,
    0xff, 0x2b, 0xff, 0xf2, 0xbf, 0xff, 0x2b, 0xff,
    0xf2, 0xbf, 0xff, 0x2b, 0xff, 0xf2, 0xbf, 0xff,
    0x2b, 0xff, 0xf2, 0xbf, 0xff, 0x2b, 0xff, 0xf2,
    0xbf, 0xff, 0x2b, 0xff, 0xf2, 0xbf, 0xff, 0x2a,
    0xff, 0xf1, 0x3d, 0xf9, 0x0,

    /* U+004A "J" */
    0x0, 0x0, 0x1, 0xcf, 0xb0, 0x0, 0x0, 0x7,
    0xff, 0xf4, 0x0, 0x0, 0x8, 0xff, 0xf5, 0x0,
    0x0, 0x8, 0xff, 0xf5, 0x0, 0x0, 0x8, 0xff,
    0xf5, 0x0, 0x0, 0x8, 0xff, 0xf5, 0x0, 0x0,
    0x8, 0xff, 0xf5, 0x0, 0x0, 0x8, 0xff, 0xf5,
    0x0, 0x0, 0x8, 0xff, 0xf5, 0x0, 0x0, 0x8,
    0xff, 0xf5, 0x0, 0x0, 0x8, 0xff, 0xf5, 0x0,
    0x0, 0x8, 0xff, 0xf5, 0x0, 0x0, 0x8, 0xff,
    0xf5, 0x0, 0x0, 0x8, 0xff, 0xf5, 0x0, 0x0,
    0x8, 0xff, 0xf5, 0x0, 0x0, 0x8, 0xff, 0xf5,
    0x0, 0x0, 0xc, 0xff, 0xf3, 0x1, 0x23, 0xaf,
    0xff, 0xf0, 0x3f, 0xff, 0xff, 0xff, 0x80, 0x6f,
    0xff, 0xff, 0xfa, 0x0, 0x1c, 0xff, 0xeb, 0x50,
    0x0,

    /* U+004B "K" */
    0x3e, 0xf9, 0x0, 0x0, 0x0, 0x0, 0x9, 0xfe,
    0x2a, 0xff, 0xf1, 0x0, 0x0, 0x0, 0xb, 0xff,
    0xf5, 0xbf, 0xff, 0x20, 0x0, 0x0, 0xb, 0xff,
    0xfc, 0xb, 0xff, 0xf2, 0x0, 0x0, 0xc, 0xff,
    0xfc, 0x0, 0xbf, 0xff, 0x20, 0x0, 0xc, 0xff,
    0xfb, 0x0, 0xb, 0xff, 0xf2, 0x0, 0x1c, 0xff,
    0xfb, 0x0, 0x0, 0xbf, 0xff, 0x20, 0x1d, 0xff,
    0xfa, 0x0, 0x0, 0xb, 0xff, 0xf2, 0x1d, 0xff,
    0xfa, 0x0, 0x0, 0x0, 0xbf, 0xff, 0x4d, 0xff,
    0xf9, 0x0, 0x0, 0x0, 0xb, 0xff, 0xfe, 0xff,
    0xf9, 0x0, 0x0, 0x0, 0x0, 0xbf, 0xff, 0xff,
    0xff, 0x50, 0x0, 0x0, 0x0, 0xb, 0xff, 0xfb,
    0xff, 0xff, 0x50, 0x0, 0x0, 0x0, 0xbf, 0xff,
    0x28, 0xff, 0xff, 0x60, 0x0, 0x0, 0xb, 0xff,
    0xf2, 0x7, 0xff, 0xff, 0x60, 0x0, 0x0, 0xbf,
    0xff, 0x20, 0x7, 0xff, 0xff, 0x60, 0x0, 0xb,
    0xff, 0xf2, 0x0, 0x6, 0xff, 0xff, 0x60, 0x0,
    0xbf, 0xff, 0x20, 0x0, 0x6, 0xff, 0xff, 0x60,
    0xb, 0xff, 0xf2, 0x0, 0x0, 0x6, 0xff, 0xff,
    0x60, 0xbf, 0xff, 0x20, 0x0, 0x0, 0x5, 0xff,
    0xff, 0x6a, 0xff, 0xf1, 0x0, 0x0, 0x0, 0x5,
    0xff, 0xfd, 0x3d, 0xf9, 0x0, 0x0, 0x0, 0x0,
    0x4, 0xef, 0x80,

    /* U+004C "L" */
    0x3e, 0xf9, 0x0, 0x0, 0x0, 0x0, 0x0, 0xa,
    0xff, 0xf1, 0x0, 0x0, 0x0, 0x0, 0x0, 0xbf,
    0xff, 0x20, 0x0, 0x0, 0x0, 0x0, 0xb, 0xff,
    0xf2, 0x0, 0x0, 0x0, 0x0, 0x0, 0xbf, 0xff,
    0x20, 0x0, 0x0, 0x0, 0x0, 0xb, 0xff, 0xf2,
    0x0, 0x0, 0x0, 0x0, 0x0, 0xbf, 0xff, 0x20,
    0x0, 0x0, 0x0, 0x0, 0xb, 0xff, 0xf2, 0x0,
    0x0, 0x0, 0x0, 0x0, 0xbf, 0xff, 0x20, 0x0,
    0x0, 0x0, 0x0, 0xb, 0xff, 0xf2, 0x0, 0x0,
    0x0, 0x0, 0x0, 0xbf, 0xff, 0x20, 0x0, 0x0,
    0x0, 0x0, 0xb, 0xff, 0xf2, 0x0, 0x0, 0x0,
    0x0, 0x0, 0xbf, 0xff, 0x20, 0x0, 0x0, 0x0,
    0x0, 0xb, 0xff, 0xf2, 0x0, 0x0, 0x0, 0x0,
    0x0, 0xbf, 0xff, 0x20, 0x0, 0x0, 0x0, 0x0,
    0xb, 0xff, 0xf2, 0x0, 0x0, 0x0, 0x0, 0x0,
    0xbf, 0xff, 0x20, 0x0, 0x0, 0x0, 0x0, 0xb,
    0xff, 0xf6, 0x44, 0x44, 0x44, 0x44, 0x20, 0xbf,
    0xff, 0xff, 0xff, 0xff, 0xff, 0xff, 0x4a, 0xff,
    0xff, 0xff, 0xff, 0xff, 0xff, 0xf8, 0x3d, 0xff,
    0xff, 0xff, 0xff, 0xff, 0xfe, 0x20,

    /* U+004D "M" */
    0x3e, 0xf9, 0x0, 0x0, 0x0, 0x0, 0x0, 0x0,
    0x0, 0x6f, 0xe4, 0x9f, 0xff, 0x40, 0x0, 0x0,
    0x0, 0x0, 0x0, 0x2, 0xff, 0xfa, 0xaf, 0xff,
    0xd0, 0x0, 0x0, 0x0, 0x0, 0x0, 0xb, 0xff,
    0xfb, 0xaf, 0xff, 0xf6, 0x0, 0x0, 0x0, 0x0,
    0x0, 0x4f, 0xff, 0xfb, 0xaf, 0xff, 0xfe, 0x0,
    0x0, 0x0, 0x0, 0x0, 0xcf, 0xff, 0xfb, 0xaf,
    0xff, 0xff, 0x80, 0x0, 0x0, 0x0, 0x5, 0xff,
    0xff, 0xfb, 0xaf, 0xff, 0xff, 0xf1, 0x0, 0x0,
    0x0, 0xe, 0xff, 0xff, 0xfb, 0xaf, 0xfd, 0xdf,
    0xfa, 0x0, 0x0, 0x0, 0x7f, 0xfd, 0xcf, 0xfb,
    0xaf, 0xfd, 0x5f, 0xff, 0x30, 0x0, 0x1, 0xff,
    0xf5, 0xcf, 0xfb, 0xaf, 0xfd, 0xb, 0xff, 0xc0,
    0x0, 0x9, 0xff, 0xc0, 0xcf, 0xfb, 0xaf, 0xfd,
    0x3, 0xff, 0xf5, 0x0, 0x2f, 0xff, 0x30, 0xcf,
    0xfb, 0xaf, 0xfd, 0x0, 0x9f, 0xfd, 0x0, 0xbf,
    0xfa, 0x0, 0xcf, 0xfb, 0xaf, 0xfd, 0x0, 0x1f,
    0xff, 0x64, 0xff, 0xf1, 0x0, 0xcf, 0xfb, 0xaf,
    0xfd, 0x0, 0x7, 0xff, 0xed, 0xff, 0x80, 0x0,
    0xcf, 0xfb, 0xaf, 0xfd, 0x0, 0x0, 0xdf, 0xff,
    0xfe, 0x0, 0x0, 0xcf, 0xfb, 0xaf, 0xfd, 0x0,
    0x0, 0x5f, 0xff, 0xf6, 0x0, 0x0, 0xcf, 0xfb,
    0xaf, 0xfd, 0x0, 0x0, 0xc, 0xff, 0xd0, 0x0,
    0x0, 0xcf, 0xfb, 0xaf, 0xfd, 0x0, 0x0, 0x2,
    0xcc, 0x20, 0x0, 0x0, 0xcf, 0xfb, 0xaf, 0xfd,
    0x0, 0x0, 0x0, 0x0, 0x0, 0x0, 0x0, 0xcf,
    0xfb, 0x9f, 0xfd, 0x0, 0x0, 0x0, 0x0, 0x0,
    0x0, 0x0, 0xcf, 0xfa, 0x3e, 0xf6, 0x0, 0x0,
    0x0, 0x0, 0x0, 0x0, 0x0, 0x5e, 0xe4,

    /* U+004E "N" */
    0x3e, 0xe5, 0x0, 0x0, 0x0, 0x0, 0x0, 0x1c,
    0xf9, 0xa, 0xff, 0xf3, 0x0, 0x0, 0x0, 0x0,
    0x6, 0xff, 0xf1, 0xbf, 0xff, 0xe1, 0x0, 0x0,
    0x0, 0x0, 0x7f, 0xff, 0x2b, 0xff, 0xff, 0xc0,
    0x0, 0x0, 0x0, 0x7, 0xff, 0xf2, 0xbf, 0xff,
    0xff, 0x90, 0x0, 0x0, 0x0, 0x7f, 0xff, 0x2b,
    0xff, 0xff, 0xff, 0x50, 0x0, 0x0, 0x7, 0xff,
    0xf2, 0xbf, 0xff, 0xef, 0xff, 0x30, 0x0, 0x0,
    0x7f, 0xff, 0x2b, 0xff, 0xe3, 0xff, 0xfd, 0x10,
    0x0, 0x7, 0xff, 0xf2, 0xbf, 0xfe, 0x7, 0xff,
    0xfb, 0x0, 0x0, 0x7f, 0xff, 0x2b, 0xff, 0xe0,
    0xa, 0xff, 0xf8, 0x0, 0x7, 0xff, 0xf2, 0xbf,
    0xfe, 0x0, 0xd, 0xff, 0xf5, 0x0, 0x7f, 0xff,
    0x2b, 0xff, 0xe0, 0x0, 0x2e, 0xff, 0xf2, 0x7,
    0xff, 0xf2, 0xbf, 0xfe, 0x0, 0x0, 0x4f, 0xff,
    0xd1, 0x7f, 0xff, 0x2b, 0xff, 0xe0, 0x0, 0x0,
    0x7f, 0xff, 0xb7, 0xff, 0xf2, 0xbf, 0xfe, 0x0,
    0x0, 0x0, 0xaf, 0xff, 0xdf, 0xff, 0x2b, 0xff,
    0xe0, 0x0, 0x0, 0x0, 0xdf, 0xff, 0xff, 0xf2,
    0xbf, 0xfe, 0x0, 0x0, 0x0, 0x2, 0xff, 0xff,
    0xff, 0x2b, 0xff, 0xe0, 0x0, 0x0, 0x0, 0x4,
    0xff, 0xff, 0xf2, 0xbf, 0xfe, 0x0, 0x0, 0x0,
    0x0, 0x8, 0xff, 0xff, 0x2a, 0xff, 0xd0, 0x0,
    0x0, 0x0, 0x0, 0xb, 0xff, 0xf1, 0x3e, 0xf6,
    0x0, 0x0, 0x0, 0x0, 0x0, 0xb, 0xfa, 0x0,

    /* U+004F "O" */
    0x0, 0x0, 0x0, 0x38, 0xce, 0xff, 0xeb, 0x61,
    0x0, 0x0, 0x0, 0x0, 0x2, 0xbf, 0xff, 0xff,
    0xff, 0xff, 0xf7, 0x0, 0x0, 0x0, 0x4, 0xff,
    0xff, 0xff, 0xff, 0xff, 0xff, 0xfb, 0x0, 0x0,
    0x3, 0xff, 0xff, 0xfb, 0x65, 0x58, 0xdf, 0xff,
    0xfb, 0x0, 0x0, 0xdf, 0xff, 0xd2, 0x0, 0x0,
    0x0, 0x6f, 0xff, 0xf7, 0x0, 0x5f, 0xff, 0xe1,
    0x0, 0x0, 0x0, 0x0, 0x7f, 0xff, 0xe0, 0xc,
    0xff, 0xf7, 0x0, 0x0, 0x0, 0x0, 0x0, 0xdf,
    0xff, 0x50, 0xff, 0xff, 0x10, 0x0, 0x0, 0x0,
    0x0, 0x7, 0xff, 0xfa, 0x3f, 0xff, 0xd0, 0x0,
    0x0, 0x0, 0x0, 0x0, 0x3f, 0xff, 0xd5, 0xff,
    0xfb, 0x0, 0x0, 0x0, 0x0, 0x0, 0x1, 0xff,
    0xfe, 0x5f, 0xff, 0xa0, 0x0, 0x0, 0x0, 0x0,
    0x0, 0x1f, 0xff, 0xf5, 0xff, 0xfa, 0x0, 0x0,
    0x0, 0x0, 0x0, 0x1, 0xff, 0xfe, 0x3f, 0xff,
    0xc0, 0x0, 0x0, 0x0, 0x0, 0x0, 0x3f, 0xff,
    0xc0, 0xff, 0xff, 0x10, 0x0, 0x0, 0x0, 0x0,
    0x7, 0xff, 0xf9, 0xc, 0xff, 0xf7, 0x0, 0x0,
    0x0, 0x0, 0x0, 0xdf, 0xff, 0x50, 0x5f, 0xff,
    0xe1, 0x0, 0x0, 0x0, 0x0, 0x7f, 0xff, 0xe0,
    0x0, 0xdf, 0xff, 0xd2, 0x0, 0x0, 0x0, 0x7f,
    0xff, 0xf6, 0x0, 0x2, 0xff, 0xff, 0xfa, 0x64,
    0x58, 0xdf, 0xff, 0xfb, 0x0, 0x0, 0x4, 0xff,
    0xff, 0xff, 0xff, 0xff, 0xff, 0xfb, 0x0, 0x0,
    0x0, 0x2, 0xbf, 0xff, 0xff, 0xff, 0xff, 0xf7,
    0x0, 0x0, 0x0, 0x0, 0x0, 0x38, 0xce, 0xff,
    0xeb, 0x61, 0x0, 0x0, 0x0,

    /* U+0050 "P" */
    0x3d, 0xff, 0xff, 0xff, 0xff, 0xfd, 0x93, 0x0,
    0xa, 0xff, 0xff, 0xff, 0xff, 0xff, 0xff, 0xf9,
    0x0, 0xbf, 0xff, 0xff, 0xff, 0xff, 0xff, 0xff,
    0xf8, 0xb, 0xff, 0xf2, 0x0, 0x0, 0x13, 0x9f,
    0xff, 0xf2, 0xbf, 0xff, 0x20, 0x0, 0x0, 0x0,
    0x8f, 0xff, 0x8b, 0xff, 0xf2, 0x0, 0x0, 0x0,
    0x1, 0xff, 0xfa, 0xbf, 0xff, 0x20, 0x0, 0x0,
    0x0, 0xf, 0xff, 0xbb, 0xff, 0xf2, 0x0, 0x0,
    0x0, 0x1, 0xff, 0xfa, 0xbf, 0xff, 0x20, 0x0,
    0x0, 0x0, 0x8f, 0xff, 0x7b, 0xff, 0xf2, 0x0,
    0x0, 0x13, 0x9f, 0xff, 0xf2, 0xbf, 0xff, 0xff,
    0xff, 0xff, 0xff, 0xff, 0xf8, 0xb, 0xff, 0xff,
    0xff, 0xff, 0xff, 0xff, 0xf8, 0x0, 0xbf, 0xff,
    0xff, 0xff, 0xff, 0xfd, 0x93, 0x0, 0xb, 0xff,
    0xf2, 0x0, 0x0, 0x0, 0x0, 0x0, 0x0, 0xbf,
    0xff, 0x20, 0x0, 0x0, 0x0, 0x0, 0x0, 0xb,
    0xff, 0xf2, 0x0, 0x0, 0x0, 0x0, 0x0, 0x0,
    0xbf, 0xff, 0x20, 0x0, 0x0, 0x0, 0x0, 0x0,
    0xb, 0xff, 0xf2, 0x0, 0x0, 0x0, 0x0, 0x0,
    0x0, 0xbf, 0xff, 0x20, 0x0, 0x0, 0x0, 0x0,
    0x0, 0xa, 0xff, 0xf1, 0x0, 0x0, 0x0, 0x0,
    0x0, 0x0, 0x3d, 0xf9, 0x0, 0x0, 0x0, 0x0,
    0x0, 0x0, 0x0,

    /* U+0051 "Q" */
    0x0, 0x0, 0x0, 0x38, 0xce, 0xff, 0xeb, 0x61,
    0x0, 0x0, 0x0, 0x0, 0x2, 0xbf, 0xff, 0xff,
    0xff, 0xff, 0xf7, 0x0, 0x0, 0x0, 0x4, 0xff,
    0xff, 0xff, 0xff, 0xff, 0xff, 0xfb, 0x0, 0x0,
    0x3, 0xff, 0xff, 0xfb, 0x65, 0x58, 0xdf, 0xff,
    0xfb, 0x0, 0x0, 0xdf, 0xff, 0xd2, 0x0, 0x0,
    0x0, 0x6f, 0xff, 0xf7, 0x0, 0x5f, 0xff, 0xe1,
    0x0, 0x0, 0x0, 0x0, 0x7f, 0xff, 0xe0, 0xc,
    0xff, 0xf7, 0x0, 0x0, 0x0, 0x0, 0x0, 0xdf,
    0xff, 0x50, 0xff, 0xff, 0x10, 0x0, 0x0, 0x0,
    0x0, 0x7, 0xff, 0xfa, 0x3f, 0xff, 0xd0, 0x0,
    0x0, 0x0, 0x0, 0x0, 0x3f, 0xff, 0xd5, 0xff,
    0xfb, 0x0, 0x0, 0x0, 0x0, 0x0, 0x1, 0xff,
    0xfe, 0x5f, 0xff, 0xa0, 0x0, 0x0, 0x0, 0x0,
    0x0, 0x1f, 0xff, 0xf5, 0xff, 0xfa, 0x0, 0x0,
    0x0, 0x0, 0x0, 0x1, 0xff, 0xfe, 0x3f, 0xff,
    0xc0, 0x0, 0x0, 0x0, 0x0, 0x0, 0x3f, 0xff,
    0xc0, 0xff, 0xff, 0x10, 0x0, 0x0, 0x0, 0x0,
    0x7, 0xff, 0xf9, 0xc, 0xff, 0xf7, 0x0, 0x0,
    0x0, 0x0, 0x0, 0xdf, 0xff, 0x50, 0x5f, 0xff,
    0xe1, 0x0, 0x0, 0x0, 0x0, 0x7f, 0xff, 0xe0,
    0x0, 0xdf, 0xff, 0xd2, 0x0, 0x0, 0x0, 0x7f,
    0xff, 0xf6, 0x0, 0x2, 0xff, 0xff, 0xfa, 0x64,
    0x58, 0xdf, 0xff, 0xfb, 0x0, 0x0, 0x4, 0xff,
    0xff, 0xff, 0xff, 0xff, 0xff, 0xfb, 0x0, 0x0,
    0x0, 0x2, 0xbf, 0xff, 0xff, 0xff, 0xff, 0xf7,
    0x0, 0x0, 0x0, 0x0, 0x0, 0x38, 0xce, 0xff,
    0xff, 0xfe, 0x40, 0x0, 0x0, 0x0, 0x0, 0x0,
    0x0, 0x0, 0x16, 0xff, 0xff, 0x30, 0x0, 0x0,
    0x0, 0x0, 0x0, 0x0, 0x0, 0x5, 0xff, 0xfd,
    0x0, 0x0, 0x0, 0x0, 0x0, 0x0, 0x0, 0x0,
    0xb, 0xff, 0xf8, 0x0, 0x0, 0x0, 0x0, 0x0,
    0x0, 0x0, 0x0, 0x1f, 0xff, 0xf1, 0x0, 0x0,
    0x0, 0x0, 0x0, 0x0, 0x0, 0x0, 0x7f, 0xff,
    0x20, 0x0, 0x0, 0x0, 0x0, 0x0, 0x0, 0x0,
    0x0, 0x7b, 0x50, 0x0,

    /* U+0052 "R" */
    0x3d, 0xff, 0xff, 0xff, 0xff, 0xfd, 0x94, 0x0,
    0x0, 0xaf, 0xff, 0xff, 0xff, 0xff, 0xff, 0xff,
    0xb0, 0x0, 0xbf, 0xff, 0xff, 0xff, 0xff, 0xff,
    0xff, 0xfb, 0x0, 0xbf, 0xff, 0x20, 0x0, 0x1,
    0x38, 0xff, 0xff, 0x40, 0xbf, 0xff, 0x20, 0x0,
    0x0, 0x0, 0x5f, 0xff, 0x90, 0xbf, 0xff, 0x20,
    0x0, 0x0, 0x0, 0xf, 0xff, 0xb0, 0xbf, 0xff,
    0x20, 0x0, 0x0, 0x0, 0xf, 0xff, 0xb0, 0xbf,
    0xff, 0x20, 0x0, 0x0, 0x0, 0x6f, 0xff, 0x80,
    0xbf, 0xff, 0x30, 0x0, 0x1, 0x38, 0xff, 0xff,
    0x20, 0xbf, 0xff, 0xff, 0xff, 0xff, 0xff, 0xff,
    0xf7, 0x0, 0xbf, 0xff, 0xff, 0xff, 0xff, 0xff,
    0xfe, 0x60, 0x0, 0xbf, 0xff, 0xcb, 0xbc, 0xef,
    0xff, 0xa0, 0x0, 0x0, 0xbf, 0xff, 0x20, 0x0,
    0x9, 0xff, 0xf8, 0x0, 0x0, 0xbf, 0xff, 0x20,
    0x0, 0x0, 0xdf, 0xff, 0x40, 0x0, 0xbf, 0xff,
    0x20, 0x0, 0x0, 0x5f, 0xff, 0xc0, 0x0, 0xbf,
    0xff, 0x20, 0x0, 0x0, 0xd, 0xff, 0xf5, 0x0,
    0xbf, 0xff, 0x20, 0x0, 0x0, 0x5, 0xff, 0xfd,
    0x0, 0xbf, 0xff, 0x20, 0x0, 0x0, 0x0, 0xdf,
    0xff, 0x50, 0xbf, 0xff, 0x20, 0x0, 0x0, 0x0,
    0x5f, 0xff, 0xd0, 0xaf, 0xff, 0x10, 0x0, 0x0,
    0x0, 0xc, 0xff, 0xf0, 0x3d, 0xf8, 0x0, 0x0,
    0x0, 0x0, 0x2, 0xdf, 0xa0,

    /* U+0053 "S" */
    0x0, 0x0, 0x17, 0xbe, 0xff, 0xec, 0x83, 0x0,
    0x0, 0x0, 0x8f, 0xff, 0xff, 0xff, 0xff, 0xfb,
    0x20, 0x0, 0xbf, 0xff, 0xff, 0xff, 0xff, 0xff,
    0xfe, 0x0, 0x7f, 0xff, 0xfb, 0x64, 0x45, 0x8d,
    0xff, 0xf1, 0xe, 0xff, 0xf5, 0x0, 0x0, 0x0,
    0x4, 0xa6, 0x2, 0xff, 0xfb, 0x0, 0x0, 0x0,
    0x0, 0x0, 0x0, 0x3f, 0xff, 0xa0, 0x0, 0x0,
    0x0, 0x0, 0x0, 0x1, 0xff, 0xfe, 0x10, 0x0,
    0x0, 0x0, 0x0, 0x0, 0xc, 0xff, 0xfe, 0x72,
    0x0, 0x0, 0x0, 0x0, 0x0, 0x3f, 0xff, 0xff,
    0xff, 0xc9, 0x51, 0x0, 0x0, 0x0, 0x3d, 0xff,
    0xff, 0xff, 0xff, 0xfb, 0x30, 0x0, 0x0, 0x4,
    0x9d, 0xff, 0xff, 0xff, 0xff, 0x80, 0x0, 0x0,
    0x0, 0x0, 0x37, 0xaf, 0xff, 0xff, 0x50, 0x0,
    0x0, 0x0, 0x0, 0x0, 0x9, 0xff, 0xfb, 0x0,
    0x0, 0x0, 0x0, 0x0, 0x0, 0xf, 0xff, 0xe0,
    0x0, 0x0, 0x0, 0x0, 0x0, 0x0, 0xef, 0xfe,
    0x2e, 0xd5, 0x0, 0x0, 0x0, 0x0, 0x7f, 0xff,
    0xb8, 0xff, 0xfe, 0xa6, 0x44, 0x46, 0xbf, 0xff,
    0xf4, 0x4f, 0xff, 0xff, 0xff, 0xff, 0xff, 0xff,
    0xf9, 0x0, 0x4c, 0xff, 0xff, 0xff, 0xff, 0xff,
    0xf7, 0x0, 0x0, 0x3, 0x8b, 0xdf, 0xff, 0xdb,
    0x61, 0x0, 0x0,

    /* U+0054 "T" */
    0xa, 0xff, 0xff, 0xff, 0xff, 0xff, 0xff, 0xff,
    0xff, 0xf5, 0x1f, 0xff, 0xff, 0xff, 0xff, 0xff,
    0xff, 0xff, 0xff, 0xfb, 0xc, 0xff, 0xff, 0xff,
    0xff, 0xff, 0xff, 0xff, 0xff, 0xf7, 0x0, 0x33,
    0x33, 0x33, 0xaf, 0xff, 0x63, 0x33, 0x33, 0x20,
    0x0, 0x0, 0x0, 0x0, 0x9f, 0xff, 0x40, 0x0,
    0x0, 0x0, 0x0, 0x0, 0x0, 0x0, 0x9f, 0xff,
    0x40, 0x0, 0x0, 0x0, 0x0, 0x0, 0x0, 0x0,
    0x9f, 0xff, 0x40, 0x0, 0x0, 0x0, 0x0, 0x0,
    0x0, 0x0, 0x9f, 0xff, 0x40, 0x0, 0x0, 0x0,
    0x0, 0x0, 0x0, 0x0, 0x9f, 0xff, 0x40, 0x0,
    0x0, 0x0, 0x0, 0x0, 0x0, 0x0, 0x9f, 0xff,
    0x40, 0x0, 0x0, 0x0, 0x0, 0x0, 0x0, 0x0,
    0x9f, 0xff, 0x40, 0x0, 0x0, 0x0, 0x0, 0x0,
    0x0, 0x0, 0x9f, 0xff, 0x40, 0x0, 0x0, 0x0,
    0x0, 0x0, 0x0, 0x0, 0x9f, 0xff, 0x40, 0x0,
    0x0, 0x0, 0x0, 0x0, 0x0, 0x0, 0x9f, 0xff,
    0x40, 0x0, 0x0, 0x0, 0x0, 0x0, 0x0, 0x0,
    0x9f, 0xff, 0x40, 0x0, 0x0, 0x0, 0x0, 0x0,
    0x0, 0x0, 0x9f, 0xff, 0x40, 0x0, 0x0, 0x0,
    0x0, 0x0, 0x0, 0x0, 0x9f, 0xff, 0x40, 0x0,
    0x0, 0x0, 0x0, 0x0, 0x0, 0x0, 0x9f, 0xff,
    0x40, 0x0, 0x0, 0x0, 0x0, 0x0, 0x0, 0x0,
    0x9f, 0xff, 0x40, 0x0, 0x0, 0x0, 0x0, 0x0,
    0x0, 0x0, 0x8f, 0xff, 0x30, 0x0, 0x0, 0x0,
    0x0, 0x0, 0x0, 0x0, 0x2d, 0xfa, 0x0, 0x0,
    0x0, 0x0,

    /* U+0055 "U" */
    0x5e, 0xf7, 0x0, 0x0, 0x0, 0x0, 0x0, 0x5e,
    0xf7, 0xcf, 0xff, 0x0, 0x0, 0x0, 0x0, 0x0,
    0xcf, 0xff, 0xdf, 0xff, 0x0, 0x0, 0x0, 0x0,
    0x0, 0xdf, 0xff, 0xdf, 0xff, 0x0, 0x0, 0x0,
    0x0, 0x0, 0xdf, 0xff, 0xdf, 0xff, 0x0, 0x0,
    0x0, 0x0, 0x0, 0xdf, 0xff, 0xdf, 0xff, 0x0,
    0x0, 0x0, 0x0, 0x0, 0xdf, 0xff, 0xdf, 0xff,
    0x0, 0x0, 0x0, 0x0, 0x0, 0xdf, 0xff, 0xdf,
    0xff, 0x0, 0x0, 0x0, 0x0, 0x0, 0xdf, 0xff,
    0xdf, 0xff, 0x0, 0x0, 0x0, 0x0, 0x0, 0xdf,
    0xff, 0xdf, 0xff, 0x0, 0x0, 0x0, 0x0, 0x0,
    0xdf, 0xff, 0xdf, 0xff, 0x0, 0x0, 0x0, 0x0,
    0x0, 0xdf, 0xff, 0xdf, 0xff, 0x0, 0x0, 0x0,
    0x0, 0x0, 0xdf, 0xff, 0xdf, 0xff, 0x0, 0x0,
    0x0, 0x0, 0x0, 0xdf, 0xff, 0xcf, 0xff, 0x10,
    0x0, 0x0, 0x0, 0x0, 0xef, 0xfe, 0xaf, 0xff,
    0x40, 0x0, 0x0, 0x0, 0x2, 0xff, 0xfc, 0x7f,
    0xff, 0xb0, 0x0, 0x0, 0x0, 0x8, 0xff, 0xf9,
    0x1f, 0xff, 0xf8, 0x0, 0x0, 0x0, 0x5f, 0xff,
    0xf3, 0x9, 0xff, 0xff, 0xd7, 0x55, 0x6b, 0xff,
    0xff, 0xb0, 0x0, 0xcf, 0xff, 0xff, 0xff, 0xff,
    0xff, 0xfe, 0x10, 0x0, 0x9, 0xff, 0xff, 0xff,
    0xff, 0xff, 0xb1, 0x0, 0x0, 0x0, 0x28, 0xce,
    0xff, 0xec, 0x93, 0x0, 0x0,

    /* U+0056 "V" */
    0x2d, 0xfa, 0x0, 0x0, 0x0, 0x0, 0x0, 0x0,
    0x3, 0xdf, 0x70, 0x8f, 0xff, 0x50, 0x0, 0x0,
    0x0, 0x0, 0x0, 0xc, 0xff, 0xe0, 0x4f, 0xff,
    0xc0, 0x0, 0x0, 0x0, 0x0, 0x0, 0x4f, 0xff,
    0xb0, 0xd, 0xff, 0xf3, 0x0, 0x0, 0x0, 0x0,
    0x0, 0xbf, 0xff, 0x30, 0x6, 0xff, 0xfa, 0x0,
    0x0, 0x0, 0x0, 0x2, 0xff, 0xfc, 0x0, 0x0,
    0xef, 0xff, 0x20, 0x0, 0x0, 0x0, 0x9, 0xff,
    0xf5, 0x0, 0x0, 0x7f, 0xff, 0x80, 0x0, 0x0,
    0x0, 0x1f, 0xff, 0xd0, 0x0, 0x0, 0x1f, 0xff,
    0xf0, 0x0, 0x0, 0x0, 0x7f, 0xff, 0x60, 0x0,
    0x0, 0x8, 0xff, 0xf7, 0x0, 0x0, 0x0, 0xef,
    0xfe, 0x0, 0x0, 0x0, 0x1, 0xff, 0xfe, 0x0,
    0x0, 0x5, 0xff, 0xf7, 0x0, 0x0, 0x0, 0x0,
    0xaf, 0xff, 0x50, 0x0, 0xc, 0xff, 0xf1, 0x0,
    0x0, 0x0, 0x0, 0x2f, 0xff, 0xc0, 0x0, 0x3f,
    0xff, 0x90, 0x0, 0x0, 0x0, 0x0, 0xb, 0xff,
    0xf3, 0x0, 0xaf, 0xff, 0x20, 0x0, 0x0, 0x0,
    0x0, 0x4, 0xff, 0xfa, 0x2, 0xff, 0xfa, 0x0,
    0x0, 0x0, 0x0, 0x0, 0x0, 0xcf, 0xff, 0x28,
    0xff, 0xf3, 0x0, 0x0, 0x0, 0x0, 0x0, 0x0,
    0x5f, 0xff, 0x9f, 0xff, 0xb0, 0x0, 0x0, 0x0,
    0x0, 0x0, 0x0, 0xd, 0xff, 0xff, 0xff, 0x40,
    0x0, 0x0, 0x0, 0x0, 0x0, 0x0, 0x6, 0xff,
    0xff, 0xfd, 0x0, 0x0, 0x0, 0x0, 0x0, 0x0,
    0x0, 0x0, 0xef, 0xff, 0xf5, 0x0, 0x0, 0x0,
    0x0, 0x0, 0x0, 0x0, 0x0, 0x7f, 0xff, 0xd0,
    0x0, 0x0, 0x0, 0x0, 0x0, 0x0, 0x0, 0x0,
    0xa, 0xfd, 0x30, 0x0, 0x0, 0x0, 0x0,

    /* U+0057 "W" */
    0x5e, 0xf6, 0x0, 0x0, 0x0, 0x0, 0x0, 0x6f,
    0xd2, 0x0, 0x0, 0x0, 0x0, 0x0, 0xbf, 0xb0,
    0xbf, 0xff, 0x10, 0x0, 0x0, 0x0, 0x1, 0xff,
    0xfa, 0x0, 0x0, 0x0, 0x0, 0x6, 0xff, 0xf2,
    0x8f, 0xff, 0x60, 0x0, 0x0, 0x0, 0x7, 0xff,
    0xff, 0x0, 0x0, 0x0, 0x0, 0xc, 0xff, 0xe0,
    0x2f, 0xff, 0xc0, 0x0, 0x0, 0x0, 0xc, 0xff,
    0xff, 0x50, 0x0, 0x0, 0x0, 0x1f, 0xff, 0x90,
    0xc, 0xff, 0xf1, 0x0, 0x0, 0x0, 0x2f, 0xff,
    0xff, 0xb0, 0x0, 0x0, 0x0, 0x7f, 0xff, 0x30,
    0x6, 0xff, 0xf7, 0x0, 0x0, 0x0, 0x8f, 0xff,
    0xff, 0xf1, 0x0, 0x0, 0x0, 0xdf, 0xfd, 0x0,
    0x1, 0xff, 0xfc, 0x0, 0x0, 0x0, 0xef, 0xf9,
    0xff, 0xf6, 0x0, 0x0, 0x2, 0xff, 0xf7, 0x0,
    0x0, 0xbf, 0xff, 0x20, 0x0, 0x4, 0xff, 0xf2,
    0xbf, 0xfc, 0x0, 0x0, 0x8, 0xff, 0xf2, 0x0,
    0x0, 0x5f, 0xff, 0x70, 0x0, 0x9, 0xff, 0xc0,
    0x5f, 0xff, 0x20, 0x0, 0xd, 0xff, 0xc0, 0x0,
    0x0, 0xf, 0xff, 0xd0, 0x0, 0xf, 0xff, 0x60,
    0xf, 0xff, 0x70, 0x0, 0x3f, 0xff, 0x60, 0x0,
    0x0, 0x9, 0xff, 0xf2, 0x0, 0x5f, 0xff, 0x10,
    0xa, 0xff, 0xd0, 0x0, 0x9f, 0xff, 0x0, 0x0,
    0x0, 0x3, 0xff, 0xf8, 0x0, 0xbf, 0xfb, 0x0,
    0x4, 0xff, 0xf3, 0x0, 0xef, 0xfa, 0x0, 0x0,
    0x0, 0x0, 0xdf, 0xfe, 0x1, 0xff, 0xf5, 0x0,
    0x0, 0xef, 0xf8, 0x4, 0xff, 0xf4, 0x0, 0x0,
    0x0, 0x0, 0x8f, 0xff, 0x37, 0xff, 0xf0, 0x0,
    0x0, 0x8f, 0xfe, 0xa, 0xff, 0xe0, 0x0, 0x0,
    0x0, 0x0, 0x2f, 0xff, 0x9c, 0xff, 0x90, 0x0,
    0x0, 0x3f, 0xff, 0x4f, 0xff, 0x80, 0x0, 0x0,
    0x0, 0x0, 0xc, 0xff, 0xff, 0xff, 0x30, 0x0,
    0x0, 0xd, 0xff, 0xef, 0xff, 0x20, 0x0, 0x0,
    0x0, 0x0, 0x6, 0xff, 0xff, 0xfd, 0x0, 0x0,
    0x0, 0x7, 0xff, 0xff, 0xfd, 0x0, 0x0, 0x0,
    0x0, 0x0, 0x1, 0xff, 0xff, 0xf8, 0x0, 0x0,
    0x0, 0x1, 0xff, 0xff, 0xf7, 0x0, 0x0, 0x0,
    0x0, 0x0, 0x0, 0xaf, 0xff, 0xf2, 0x0, 0x0,
    0x0, 0x0, 0xbf, 0xff, 0xf1, 0x0, 0x0, 0x0,
    0x0, 0x0, 0x0, 0x4f, 0xff, 0xc0, 0x0, 0x0,
    0x0, 0x0, 0x5f, 0xff, 0xb0, 0x0, 0x0, 0x0,
    0x0, 0x0, 0x0, 0x9, 0xfd, 0x30, 0x0, 0x0,
    0x0, 0x0, 0xa, 0xfd, 0x20, 0x0, 0x0, 0x0,

    /* U+0058 "X" */
    0x1d, 0xf9, 0x0, 0x0, 0x0, 0x0, 0x0, 0x7f,
    0xe4, 0x6f, 0xff, 0x80, 0x0, 0x0, 0x0, 0x6,
    0xff, 0xfa, 0x2f, 0xff, 0xf4, 0x0, 0x0, 0x0,
    0x2f, 0xff, 0xf4, 0x5, 0xff, 0xfe, 0x10, 0x0,
    0x0, 0xdf, 0xff, 0x80, 0x0, 0x9f, 0xff, 0xc0,
    0x0, 0x9, 0xff, 0xfc, 0x0, 0x0, 0xc, 0xff,
    0xf8, 0x0, 0x5f, 0xff, 0xe1, 0x0, 0x0, 0x1,
    0xef, 0xff, 0x42, 0xff, 0xff, 0x30, 0x0, 0x0,
    0x0, 0x4f, 0xff, 0xed, 0xff, 0xf7, 0x0, 0x0,
    0x0, 0x0, 0x8, 0xff, 0xff, 0xff, 0xb0, 0x0,
    0x0, 0x0, 0x0, 0x0, 0xbf, 0xff, 0xfd, 0x0,
    0x0, 0x0, 0x0, 0x0, 0x0, 0x5f, 0xff, 0xf8,
    0x0, 0x0, 0x0, 0x0, 0x0, 0x1, 0xef, 0xff,
    0xff, 0x30, 0x0, 0x0, 0x0, 0x0, 0xc, 0xff,
    0xff, 0xff, 0xe1, 0x0, 0x0, 0x0, 0x0, 0x8f,
    0xff, 0xc9, 0xff, 0xfb, 0x0, 0x0, 0x0, 0x5,
    0xff, 0xfe, 0x10, 0xdf, 0xff, 0x80, 0x0, 0x0,
    0x2f, 0xff, 0xf4, 0x0, 0x2f, 0xff, 0xf4, 0x0,
    0x0, 0xdf, 0xff, 0x80, 0x0, 0x5, 0xff, 0xfe,
    0x10, 0xa, 0xff, 0xfc, 0x0, 0x0, 0x0, 0x9f,
    0xff, 0xc0, 0x6f, 0xff, 0xe1, 0x0, 0x0, 0x0,
    0xc, 0xff, 0xf8, 0xbf, 0xff, 0x40, 0x0, 0x0,
    0x0, 0x2, 0xff, 0xfe, 0x4e, 0xe6, 0x0, 0x0,
    0x0, 0x0, 0x0, 0x3d, 0xf7,

    /* U+0059 "Y" */
    0x1c, 0xfa, 0x0, 0x0, 0x0, 0x0, 0x0, 0x2d,
    0xf9, 0x6, 0xff, 0xf9, 0x0, 0x0, 0x0, 0x0,
    0xd, 0xff, 0xf0, 0x2f, 0xff, 0xf5, 0x0, 0x0,
    0x0, 0xa, 0xff, 0xf9, 0x0, 0x6f, 0xff, 0xe1,
    0x0, 0x0, 0x6, 0xff, 0xfd, 0x0, 0x0, 0xaf,
    0xff, 0xc0, 0x0, 0x2, 0xff, 0xff, 0x30, 0x0,
    0x0, 0xdf, 0xff, 0x80, 0x0, 0xcf, 0xff, 0x70,
    0x0, 0x0, 0x3, 0xff, 0xff, 0x30, 0x9f, 0xff,
    0xb0, 0x0, 0x0, 0x0, 0x7, 0xff, 0xfe, 0x5f,
    0xff, 0xe1, 0x0, 0x0, 0x0, 0x0, 0xb, 0xff,
    0xff, 0xff, 0xf4, 0x0, 0x0, 0x0, 0x0, 0x0,
    0x1e, 0xff, 0xff, 0xf8, 0x0, 0x0, 0x0, 0x0,
    0x0, 0x0, 0x4f, 0xff, 0xfc, 0x0, 0x0, 0x0,
    0x0, 0x0, 0x0, 0x0, 0xbf, 0xff, 0x40, 0x0,
    0x0, 0x0, 0x0, 0x0, 0x0, 0xa, 0xff, 0xf3,
    0x0, 0x0, 0x0, 0x0, 0x0, 0x0, 0x0, 0xaf,
    0xff, 0x30, 0x0, 0x0, 0x0, 0x0, 0x0, 0x0,
    0xa, 0xff, 0xf3, 0x0, 0x0, 0x0, 0x0, 0x0,
    0x0, 0x0, 0xaf, 0xff, 0x30, 0x0, 0x0, 0x0,
    0x0, 0x0, 0x0, 0xa, 0xff, 0xf3, 0x0, 0x0,
    0x0, 0x0, 0x0, 0x0, 0x0, 0xaf, 0xff, 0x30,
    0x0, 0x0, 0x0, 0x0, 0x0, 0x0, 0xa, 0xff,
    0xf3, 0x0, 0x0, 0x0, 0x0, 0x0, 0x0, 0x0,
    0x9f, 0xff, 0x20, 0x0, 0x0, 0x0, 0x0, 0x0,
    0x0, 0x2, 0xdf, 0x90, 0x0, 0x0, 0x0, 0x0,

    /* U+005A "Z" */
    0x6f, 0xff, 0xff, 0xff, 0xff, 0xff, 0xff, 0xfa,
    0xc, 0xff, 0xff, 0xff, 0xff, 0xff, 0xff, 0xff,
    0xf3, 0x8f, 0xff, 0xff, 0xff, 0xff, 0xff, 0xff,
    0xff, 0x10, 0x23, 0x33, 0x33, 0x33, 0x33, 0xcf,
    0xff, 0x80, 0x0, 0x0, 0x0, 0x0, 0x0, 0x6f,
    0xff, 0xc0, 0x0, 0x0, 0x0, 0x0, 0x0, 0x2f,
    0xff, 0xe1, 0x0, 0x0, 0x0, 0x0, 0x0, 0xd,
    0xff, 0xf4, 0x0, 0x0, 0x0, 0x0, 0x0, 0xa,
    0xff, 0xf9, 0x0, 0x0, 0x0, 0x0, 0x0, 0x6,
    0xff, 0xfc, 0x0, 0x0, 0x0, 0x0, 0x0, 0x2,
    0xff, 0xff, 0x20, 0x0, 0x0, 0x0, 0x0, 0x0,
    0xdf, 0xff, 0x50, 0x0, 0x0, 0x0, 0x0, 0x0,
    0x9f, 0xff, 0x90, 0x0, 0x0, 0x0, 0x0, 0x0,
    0x5f, 0xff, 0xc0, 0x0, 0x0, 0x0, 0x0, 0x0,
    0x2f, 0xff, 0xf2, 0x0, 0x0, 0x0, 0x0, 0x0,
    0xc, 0xff, 0xf5, 0x0, 0x0, 0x0, 0x0, 0x0,
    0x9, 0xff, 0xf9, 0x0, 0x0, 0x0, 0x0, 0x0,
    0x5, 0xff, 0xfd, 0x0, 0x0, 0x0, 0x0, 0x0,
    0x1, 0xff, 0xff, 0x63, 0x33, 0x33, 0x33, 0x33,
    0x20, 0x9f, 0xff, 0xff, 0xff, 0xff, 0xff, 0xff,
    0xff, 0x8b, 0xff, 0xff, 0xff, 0xff, 0xff, 0xff,
    0xff, 0xfb, 0x4e, 0xff, 0xff, 0xff, 0xff, 0xff,
    0xff, 0xff, 0x50,

    /* U+005B "[" */
    0x5f, 0xff, 0xff, 0xe3, 0xcf, 0xff, 0xff, 0xf7,
    0xdf, 0xff, 0xdd, 0xb1, 0xdf, 0xff, 0x0, 0x0,
    0xdf, 0xff, 0x0, 0x0, 0xdf, 0xff, 0x0, 0x0,
    0xdf, 0xff, 0x0, 0x0, 0xdf, 0xff, 0x0, 0x0,
    0xdf, 0xff, 0x0, 0x0, 0xdf, 0xff, 0x0, 0x0,
    0xdf, 0xff, 0x0, 0x0, 0xdf, 0xff, 0x0, 0x0,
    0xdf, 0xff, 0x0, 0x0, 0xdf, 0xff, 0x0, 0x0,
    0xdf, 0xff, 0x0, 0x0, 0xdf, 0xff, 0x0, 0x0,
    0xdf, 0xff, 0x0, 0x0, 0xdf, 0xff, 0x0, 0x0,
    0xdf, 0xff, 0x0, 0x0, 0xdf, 0xff, 0x0, 0x0,
    0xdf, 0xff, 0x0, 0x0, 0xdf, 0xff, 0x0, 0x0,
    0xdf, 0xff, 0x0, 0x0, 0xdf, 0xff, 0x0, 0x0,
    0xdf, 0xff, 0xdd, 0xb1, 0xcf, 0xff, 0xff, 0xf7,
    0x5f, 0xff, 0xff, 0xe3,

    /* U+005C "\\" */
    0x4, 0x60, 0x0, 0x0, 0x0, 0x2, 0xff, 0x90,
    0x0, 0x0, 0x0, 0x2f, 0xfe, 0x0, 0x0, 0x0,
    0x0, 0xdf, 0xf4, 0x0, 0x0, 0x0, 0x8, 0xff,
    0x90, 0x0, 0x0, 0x0, 0x3f, 0xfe, 0x0, 0x0,
    0x0, 0x0, 0xdf, 0xf3, 0x0, 0x0, 0x0, 0x8,
    0xff, 0x80, 0x0, 0x0, 0x0, 0x3f, 0xfd, 0x0,
    0x0, 0x0, 0x0, 0xef, 0xf2, 0x0, 0x0, 0x0,
    0x9, 0xff, 0x80, 0x0, 0x0, 0x0, 0x4f, 0xfd,
    0x0, 0x0, 0x0, 0x0, 0xef, 0xf2, 0x0, 0x0,
    0x0, 0x9, 0xff, 0x70, 0x0, 0x0, 0x0, 0x4f,
    0xfc, 0x0, 0x0, 0x0, 0x0, 0xff, 0xf1, 0x0,
    0x0, 0x0, 0xa, 0xff, 0x70, 0x0, 0x0, 0x0,
    0x5f, 0xfc, 0x0, 0x0, 0x0, 0x0, 0xff, 0xf1,
    0x0, 0x0, 0x0, 0xa, 0xff, 0x60, 0x0, 0x0,
    0x0, 0x5f, 0xfb, 0x0, 0x0, 0x0, 0x0, 0xff,
    0xf1, 0x0, 0x0, 0x0, 0xb, 0xff, 0x60, 0x0,
    0x0, 0x0, 0x6f, 0xfa, 0x0, 0x0, 0x0, 0x0,
    0xce, 0x40,

    /* U+005D "]" */
    0x7f, 0xff, 0xff, 0xd1, 0xdf, 0xff, 0xff, 0xf6,
    0x5c, 0xdd, 0xff, 0xf7, 0x0, 0x5, 0xff, 0xf7,
    0x0, 0x5, 0xff, 0xf7, 0x0, 0x5, 0xff, 0xf7,
    0x0, 0x5, 0xff, 0xf7, 0x0, 0x5, 0xff, 0xf7,
    0x0, 0x5, 0xff, 0xf7, 0x0, 0x5, 0xff, 0xf7,
    0x0, 0x5, 0xff, 0xf7, 0x0, 0x5, 0xff, 0xf7,
    0x0, 0x5, 0xff, 0xf7, 0x0, 0x5, 0xff, 0xf7,
    0x0, 0x5, 0xff, 0xf7, 0x0, 0x5, 0xff, 0xf7,
    0x0, 0x5, 0xff, 0xf7, 0x0, 0x5, 0xff, 0xf7,
    0x0, 0x5, 0xff, 0xf7, 0x0, 0x5, 0xff, 0xf7,
    0x0, 0x5, 0xff, 0xf7, 0x0, 0x5, 0xff, 0xf7,
    0x0, 0x5, 0xff, 0xf7, 0x0, 0x5, 0xff, 0xf7,
    0x5c, 0xde, 0xff, 0xf7, 0xdf, 0xff, 0xff, 0xf6,
    0x7f, 0xff, 0xff, 0xd1,

    /* U+005E "^" */
    0x0, 0x0, 0x0, 0x5e, 0xe5, 0x0, 0x0, 0x0,
    0x0, 0x0, 0x0, 0xef, 0xfe, 0x0, 0x0, 0x0,
    0x0, 0x0, 0x6, 0xff, 0xff, 0x60, 0x0, 0x0,
    0x0, 0x0, 0xc, 0xfe, 0xdf, 0xc0, 0x0, 0x0,
    0x0, 0x0, 0x3f, 0xf7, 0x7f, 0xf3, 0x0, 0x0,
    0x0, 0x0, 0xaf, 0xf1, 0x1f, 0xfa, 0x0, 0x0,
    0x0, 0x1, 0xff, 0xa0, 0xa, 0xff, 0x10, 0x0,
    0x0, 0x8, 0xff, 0x40, 0x3, 0xff, 0x80, 0x0,
    0x0, 0xe, 0xfd, 0x0, 0x0, 0xdf, 0xe0, 0x0,
    0x0, 0x6f, 0xf6, 0x0, 0x0, 0x6f, 0xf6, 0x0,
    0x0, 0xcf, 0xf0, 0x0, 0x0, 0xf, 0xfc, 0x0,
    0x3, 0xff, 0x90, 0x0, 0x0, 0x9, 0xff, 0x30,
    0xa, 0xff, 0x20, 0x0, 0x0, 0x2, 0xff, 0xa0,
    0xf, 0xfc, 0x0, 0x0, 0x0, 0x0, 0xcf, 0xf1,
    0xd, 0xf4, 0x0, 0x0, 0x0, 0x0, 0x3f, 0xd0,

    /* U+005F "_" */
    0x3, 0x44, 0x44, 0x44, 0x44, 0x44, 0x43, 0x8,
    0xff, 0xff, 0xff, 0xff, 0xff, 0xff, 0xf8, 0x6f,
    0xff, 0xff, 0xff, 0xff, 0xff, 0xff, 0x60,

    /* U+0060 "`" */
    0x0, 0x41, 0x0, 0x0, 0xbf, 0xd0, 0x0, 0xe,
    0xff, 0x60, 0x0, 0x5f, 0xfd, 0x0, 0x0, 0xaf,
    0xf6, 0x0, 0x1, 0xef, 0xd0, 0x0, 0x4, 0xff,
    0x40, 0x0, 0x6, 0x80,

    /* U+0061 "a" */
    0x0, 0x16, 0xad, 0xff, 0xec, 0x70, 0x0, 0x5,
    0xff, 0xff, 0xff, 0xff, 0xfd, 0x10, 0xc, 0xff,
    0xff, 0xdd, 0xff, 0xff, 0xc0, 0x6, 0xe9, 0x30,
    0x0, 0xb, 0xff, 0xf3, 0x0, 0x0, 0x0, 0x0,
    0x2, 0xff, 0xf6, 0x0, 0x0, 0x0, 0x0, 0x0,
    0xff, 0xf8, 0x0, 0x27, 0xbd, 0xef, 0xff, 0xff,
    0xf8, 0x8, 0xff, 0xff, 0xff, 0xff, 0xff, 0xf8,
    0x4f, 0xff, 0xd7, 0x43, 0x23, 0xff, 0xf8, 0x9f,
    0xff, 0x10, 0x0, 0x1, 0xff, 0xf8, 0xbf, 0xff,
    0x0, 0x0, 0x5, 0xff, 0xf8, 0x8f, 0xff, 0x60,
    0x0, 0x3e, 0xff, 0xf8, 0x2f, 0xff, 0xfc, 0x9b,
    0xff, 0xff, 0xf8, 0x5, 0xff, 0xff, 0xff, 0xf6,
    0xef, 0xf8, 0x0, 0x29, 0xef, 0xfc, 0x40, 0x6f,
    0xd2,

    /* U+0062 "b" */
    0x8, 0xfe, 0x30, 0x0, 0x0, 0x0, 0x0, 0x0,
    0xf, 0xff, 0xa0, 0x0, 0x0, 0x0, 0x0, 0x0,
    0xf, 0xff, 0xb0, 0x0, 0x0, 0x0, 0x0, 0x0,
    0xf, 0xff, 0xb0, 0x0, 0x0, 0x0, 0x0, 0x0,
    0xf, 0xff, 0xb0, 0x0, 0x0, 0x0, 0x0, 0x0,
    0xf, 0xff, 0xb0, 0x0, 0x0, 0x0, 0x0, 0x0,
    0xf, 0xff, 0xb0, 0x4b, 0xef, 0xea, 0x30, 0x0,
    0xf, 0xff, 0xb8, 0xff, 0xff, 0xff, 0xf8, 0x0,
    0xf, 0xff, 0xef, 0xff, 0xef, 0xff, 0xff, 0x60,
    0xf, 0xff, 0xff, 0x50, 0x0, 0x8f, 0xff, 0xf1,
    0xf, 0xff, 0xf5, 0x0, 0x0, 0x9, 0xff, 0xf6,
    0xf, 0xff, 0xe0, 0x0, 0x0, 0x2, 0xff, 0xfa,
    0xf, 0xff, 0xb0, 0x0, 0x0, 0x0, 0xff, 0xfc,
    0xf, 0xff, 0xa0, 0x0, 0x0, 0x0, 0xef, 0xfd,
    0xf, 0xff, 0xb0, 0x0, 0x0, 0x0, 0xff, 0xfc,
    0xf, 0xff, 0xe0, 0x0, 0x0, 0x3, 0xff, 0xfa,
    0xf, 0xff, 0xf5, 0x0, 0x0, 0xa, 0xff, 0xf6,
    0xf, 0xff, 0xff, 0x50, 0x0, 0x8f, 0xff, 0xf1,
    0xf, 0xff, 0xef, 0xff, 0xef, 0xff, 0xff, 0x60,
    0xf, 0xff, 0x98, 0xff, 0xff, 0xff, 0xf8, 0x0,
    0x8, 0xfe, 0x20, 0x4b, 0xef, 0xea, 0x30, 0x0,

    /* U+0063 "c" */
    0x0, 0x0, 0x7b, 0xef, 0xfc, 0x82, 0x0, 0x4,
    0xef, 0xff, 0xff, 0xff, 0xf6, 0x4, 0xff, 0xff,
    0xff, 0xff, 0xff, 0xb0, 0xef, 0xff, 0xb2, 0x0,
    0x29, 0xd5, 0x6f, 0xff, 0xb0, 0x0, 0x0, 0x0,
    0xa, 0xff, 0xf4, 0x0, 0x0, 0x0, 0x0, 0xcf,
    0xff, 0x0, 0x0, 0x0, 0x0, 0xd, 0xff, 0xf0,
    0x0, 0x0, 0x0, 0x0, 0xcf, 0xff, 0x10, 0x0,
    0x0, 0x0, 0xa, 0xff, 0xf4, 0x0, 0x0, 0x0,
    0x0, 0x5f, 0xff, 0xc0, 0x0, 0x0, 0x0, 0x0,
    0xdf, 0xff, 0xb2, 0x0, 0x28, 0xd3, 0x3, 0xff,
    0xff, 0xff, 0xff, 0xff, 0x90, 0x3, 0xef, 0xff,
    0xff, 0xff, 0xf4, 0x0, 0x0, 0x6b, 0xef, 0xfc,
    0x81, 0x0,

    /* U+0064 "d" */
    0x0, 0x0, 0x0, 0x0, 0x0, 0x3, 0xef, 0x80,
    0x0, 0x0, 0x0, 0x0, 0x0, 0xa, 0xff, 0xf0,
    0x0, 0x0, 0x0, 0x0, 0x0, 0xb, 0xff, 0xf0,
    0x0, 0x0, 0x0, 0x0, 0x0, 0xb, 0xff, 0xf0,
    0x0, 0x0, 0x0, 0x0, 0x0, 0xb, 0xff, 0xf0,
    0x0, 0x0, 0x0, 0x0, 0x0, 0xb, 0xff, 0xf0,
    0x0, 0x3, 0xae, 0xfe, 0xb4, 0xb, 0xff, 0xf0,
    0x0, 0x8f, 0xff, 0xff, 0xff, 0x8b, 0xff, 0xf0,
    0x6, 0xff, 0xff, 0xfe, 0xff, 0xfe, 0xff, 0xf0,
    0x1f, 0xff, 0xf8, 0x0, 0x5, 0xff, 0xff, 0xf0,
    0x6f, 0xff, 0x90, 0x0, 0x0, 0x5f, 0xff, 0xf0,
    0xaf, 0xff, 0x30, 0x0, 0x0, 0xe, 0xff, 0xf0,
    0xcf, 0xff, 0x0, 0x0, 0x0, 0xb, 0xff, 0xf0,
    0xdf, 0xfe, 0x0, 0x0, 0x0, 0xa, 0xff, 0xf0,
    0xcf, 0xff, 0x0, 0x0, 0x0, 0xb, 0xff, 0xf0,
    0xaf, 0xff, 0x20, 0x0, 0x0, 0xe, 0xff, 0xf0,
    0x6f, 0xff, 0x90, 0x0, 0x0, 0x5f, 0xff, 0xf0,
    0x1f, 0xff, 0xf8, 0x0, 0x5, 0xff, 0xff, 0xf0,
    0x6, 0xff, 0xff, 0xfe, 0xff, 0xfe, 0xff, 0xf0,
    0x0, 0x8f, 0xff, 0xff, 0xff, 0x79, 0xff, 0xf0,
    0x0, 0x3, 0xae, 0xfe, 0xb4, 0x3, 0xef, 0x80,

    /* U+0065 "e" */
    0x0, 0x0, 0x6b, 0xef, 0xec, 0x60, 0x0, 0x0,
    0x3, 0xdf, 0xff, 0xff, 0xff, 0xd2, 0x0, 0x2,
    0xff, 0xff, 0xb9, 0xae, 0xff, 0xd0, 0x0, 0xdf,
    0xfe, 0x20, 0x0, 0x1c, 0xff, 0x80, 0x5f, 0xff,
    0x40, 0x0, 0x0, 0x3f, 0xfe, 0xa, 0xff, 0xe0,
    0x0, 0x0, 0x0, 0xff, 0xf1, 0xcf, 0xff, 0xff,
    0xff, 0xff, 0xff, 0xff, 0x3d, 0xff, 0xff, 0xff,
    0xff, 0xff, 0xff, 0xf2, 0xcf, 0xfd, 0x22, 0x22,
    0x22, 0x22, 0x21, 0xa, 0xff, 0xf0, 0x0, 0x0,
    0x0, 0x0, 0x0, 0x5f, 0xff, 0x70, 0x0, 0x0,
    0x0, 0x0, 0x0, 0xdf, 0xff, 0x81, 0x0, 0x2,
    0x8f, 0xc0, 0x3, 0xff, 0xff, 0xfe, 0xdf, 0xff,
    0xff, 0x0, 0x2, 0xdf, 0xff, 0xff, 0xff, 0xff,
    0x60, 0x0, 0x0, 0x5a, 0xdf, 0xfe, 0xb7, 0x10,
    0x0,

    /* U+0066 "f" */
    0x0, 0x0, 0x0, 0x16, 0x9b, 0xb2, 0x0, 0x0,
    0x9, 0xff, 0xff, 0xf7, 0x0, 0x0, 0xcf, 0xff,
    0xff, 0xf3, 0x0, 0x6, 0xff, 0xfc, 0x30, 0x0,
    0x0, 0xc, 0xff, 0xf1, 0x0, 0x0, 0x0, 0xf,
    0xff, 0xc0, 0x0, 0x0, 0x0, 0xf, 0xff, 0xb0,
    0x0, 0x0, 0x9f, 0xff, 0xff, 0xff, 0xff, 0x60,
    0xef, 0xff, 0xff, 0xff, 0xff, 0xb0, 0x6d, 0xdf,
    0xff, 0xfd, 0xdc, 0x40, 0x0, 0x1f, 0xff, 0xb0,
    0x0, 0x0, 0x0, 0x1f, 0xff, 0xb0, 0x0, 0x0,
    0x0, 0x1f, 0xff, 0xb0, 0x0, 0x0, 0x0, 0x1f,
    0xff, 0xb0, 0x0, 0x0, 0x0, 0x1f, 0xff, 0xb0,
    0x0, 0x0, 0x0, 0x1f, 0xff, 0xb0, 0x0, 0x0,
    0x0, 0x1f, 0xff, 0xb0, 0x0, 0x0, 0x0, 0x1f,
    0xff, 0xb0, 0x0, 0x0, 0x0, 0x1f, 0xff, 0xb0,
    0x0, 0x0, 0x0, 0x1f, 0xff, 0xb0, 0x0, 0x0,
    0x0, 0xf, 0xff, 0xa0, 0x0, 0x0, 0x0, 0x7,
    0xfe, 0x30, 0x0, 0x0,

    /* U+0067 "g" */
    0x0, 0x3, 0xae, 0xff, 0xb5, 0x1, 0xdf, 0x90,
    0x0, 0x7f, 0xff, 0xff, 0xff, 0x98, 0xff, 0xf2,
    0x6, 0xff, 0xff, 0xfe, 0xff, 0xfe, 0xff, 0xf2,
    0x1f, 0xff, 0xf9, 0x10, 0x5, 0xef, 0xff, 0xf2,
    0x6f, 0xff, 0xa0, 0x0, 0x0, 0x4f, 0xff, 0xf2,
    0xaf, 0xff, 0x30, 0x0, 0x0, 0xc, 0xff, 0xf2,
    0xcf, 0xff, 0x0, 0x0, 0x0, 0x9, 0xff, 0xf2,
    0xdf, 0xfe, 0x0, 0x0, 0x0, 0x8, 0xff, 0xf2,
    0xcf, 0xff, 0x0, 0x0, 0x0, 0x9, 0xff, 0xf2,
    0xaf, 0xff, 0x30, 0x0, 0x0, 0xd, 0xff, 0xf2,
    0x6f, 0xff, 0xa0, 0x0, 0x0, 0x4f, 0xff, 0xf2,
    0xe, 0xff, 0xf9, 0x10, 0x5, 0xef, 0xff, 0xf2,
    0x6, 0xff, 0xff, 0xfe, 0xff, 0xfd, 0xff, 0xf2,
    0x0, 0x7f, 0xff, 0xff, 0xff, 0x97, 0xff, 0xf2,
    0x0, 0x3, 0xae, 0xfe, 0xb4, 0x8, 0xff, 0xf2,
    0x0, 0x0, 0x0, 0x0, 0x0, 0xa, 0xff, 0xf0,
    0x0, 0x0, 0x0, 0x0, 0x0, 0x1f, 0xff, 0xc0,
    0x9, 0xfa, 0x40, 0x0, 0x3, 0xcf, 0xff, 0x60,
    0xf, 0xff, 0xff, 0xee, 0xff, 0xff, 0xfc, 0x0,
    0x6, 0xff, 0xff, 0xff, 0xff, 0xff, 0xc1, 0x0,
    0x0, 0x16, 0xad, 0xff, 0xfd, 0xa5, 0x0, 0x0,

    /* U+0068 "h" */
    0x8, 0xfe, 0x30, 0x0, 0x0, 0x0, 0x0, 0x0,
    0xff, 0xfa, 0x0, 0x0, 0x0, 0x0, 0x0, 0xf,
    0xff, 0xb0, 0x0, 0x0, 0x0, 0x0, 0x0, 0xff,
    0xfb, 0x0, 0x0, 0x0, 0x0, 0x0, 0xf, 0xff,
    0xb0, 0x0, 0x0, 0x0, 0x0, 0x0, 0xff, 0xfb,
    0x0, 0x0, 0x0, 0x0, 0x0, 0xf, 0xff, 0xb0,
    0x3a, 0xef, 0xeb, 0x40, 0x0, 0xff, 0xfb, 0x8f,
    0xff, 0xff, 0xff, 0x60, 0xf, 0xff, 0xff, 0xff,
    0xff, 0xff, 0xff, 0x10, 0xff, 0xff, 0xf5, 0x0,
    0x2d, 0xff, 0xf6, 0xf, 0xff, 0xf4, 0x0, 0x0,
    0x4f, 0xff, 0x90, 0xff, 0xfd, 0x0, 0x0, 0x1,
    0xff, 0xfa, 0xf, 0xff, 0xb0, 0x0, 0x0, 0x1f,
    0xff, 0xb0, 0xff, 0xfb, 0x0, 0x0, 0x1, 0xff,
    0xfb, 0xf, 0xff, 0xb0, 0x0, 0x0, 0x1f, 0xff,
    0xb0, 0xff, 0xfb, 0x0, 0x0, 0x1, 0xff, 0xfb,
    0xf, 0xff, 0xb0, 0x0, 0x0, 0x1f, 0xff, 0xb0,
    0xff, 0xfb, 0x0, 0x0, 0x1, 0xff, 0xfb, 0xf,
    0xff, 0xb0, 0x0, 0x0, 0x1f, 0xff, 0xb0, 0xff,
    0xfa, 0x0, 0x0, 0x0, 0xff, 0xfa, 0x8, 0xfe,
    0x30, 0x0, 0x0, 0x7, 0xfe, 0x30,

    /* U+0069 "i" */
    0xa, 0xfe, 0x60, 0x5f, 0xff, 0xf0, 0x5f, 0xff,
    0xf0, 0xa, 0xfe, 0x50, 0x0, 0x0, 0x0, 0x0,
    0x0, 0x0, 0x7, 0xfd, 0x30, 0xf, 0xff, 0xa0,
    0xf, 0xff, 0xb0, 0xf, 0xff, 0xb0, 0xf, 0xff,
    0xb0, 0xf, 0xff, 0xb0, 0xf, 0xff, 0xb0, 0xf,
    0xff, 0xb0, 0xf, 0xff, 0xb0, 0xf, 0xff, 0xb0,
    0xf, 0xff, 0xb0, 0xf, 0xff, 0xb0, 0xf, 0xff,
    0xb0, 0xf, 0xff, 0xa0, 0x7, 0xfe, 0x30,

    /* U+006A "j" */
    0x0, 0x0, 0x9f, 0xf7, 0x0, 0x0, 0x3f, 0xff,
    0xf1, 0x0, 0x3, 0xff, 0xff, 0x10, 0x0, 0x8,
    0xee, 0x70, 0x0, 0x0, 0x0, 0x0, 0x0, 0x0,
    0x0, 0x0, 0x0, 0x0, 0x0, 0x6f, 0xe5, 0x0,
    0x0, 0xe, 0xff, 0xc0, 0x0, 0x0, 0xff, 0xfd,
    0x0, 0x0, 0xf, 0xff, 0xd0, 0x0, 0x0, 0xff,
    0xfd, 0x0, 0x0, 0xf, 0xff, 0xd0, 0x0, 0x0,
    0xff, 0xfd, 0x0, 0x0, 0xf, 0xff, 0xd0, 0x0,
    0x0, 0xff, 0xfd, 0x0, 0x0, 0xf, 0xff, 0xd0,
    0x0, 0x0, 0xff, 0xfd, 0x0, 0x0, 0xf, 0xff,
    0xd0, 0x0, 0x0, 0xff, 0xfd, 0x0, 0x0, 0xf,
    0xff, 0xd0, 0x0, 0x0, 0xff, 0xfd, 0x0, 0x0,
    0xf, 0xff, 0xc0, 0x0, 0x2, 0xff, 0xfa, 0x0,
    0x3, 0xcf, 0xff, 0x60, 0x5f, 0xff, 0xff, 0xe0,
    0x9, 0xff, 0xff, 0xd2, 0x0, 0x1a, 0xa8, 0x40,
    0x0, 0x0,

    /* U+006B "k" */
    0x8, 0xfe, 0x30, 0x0, 0x0, 0x0, 0x0, 0x0,
    0xff, 0xfa, 0x0, 0x0, 0x0, 0x0, 0x0, 0xf,
    0xff, 0xb0, 0x0, 0x0, 0x0, 0x0, 0x0, 0xff,
    0xfb, 0x0, 0x0, 0x0, 0x0, 0x0, 0xf, 0xff,
    0xb0, 0x0, 0x0, 0x0, 0x0, 0x0, 0xff, 0xfb,
    0x0, 0x0, 0x0, 0x0, 0x0, 0xf, 0xff, 0xb0,
    0x0, 0x0, 0x7f, 0xe3, 0x0, 0xff, 0xfb, 0x0,
    0x0, 0x8f, 0xff, 0x80, 0xf, 0xff, 0xb0, 0x0,
    0x7f, 0xff, 0xe1, 0x0, 0xff, 0xfb, 0x0, 0x7f,
    0xff, 0xe2, 0x0, 0xf, 0xff, 0xb0, 0x6f, 0xff,
    0xe3, 0x0, 0x0, 0xff, 0xfb, 0x5f, 0xff, 0xf3,
    0x0, 0x0, 0xf, 0xff, 0xef, 0xff, 0xf3, 0x0,
    0x0, 0x0, 0xff, 0xff, 0xff, 0xfd, 0x0, 0x0,
    0x0, 0xf, 0xff, 0xde, 0xff, 0xfb, 0x0, 0x0,
    0x0, 0xff, 0xfb, 0x2e, 0xff, 0xfa, 0x0, 0x0,
    0xf, 0xff, 0xb0, 0x2e, 0xff, 0xfa, 0x0, 0x0,
    0xff, 0xfb, 0x0, 0x3f, 0xff, 0xf9, 0x0, 0xf,
    0xff, 0xb0, 0x0, 0x3f, 0xff, 0xf7, 0x0, 0xff,
    0xfa, 0x0, 0x0, 0x4f, 0xff, 0xf0, 0x8, 0xfe,
    0x30, 0x0, 0x0, 0x3d, 0xf9, 0x0,

    /* U+006C "l" */
    0x8, 0xfe, 0x30, 0x0, 0x0, 0xff, 0xfa, 0x0,
    0x0, 0xf, 0xff, 0xb0, 0x0, 0x0, 0xff, 0xfb,
    0x0, 0x0, 0xf, 0xff, 0xb0, 0x0, 0x0, 0xff,
    0xfb, 0x0, 0x0, 0xf, 0xff, 0xb0, 0x0, 0x0,
    0xff, 0xfb, 0x0, 0x0, 0xf, 0xff, 0xb0, 0x0,
    0x0, 0xff, 0xfb, 0x0, 0x0, 0xf, 0xff, 0xb0,
    0x0, 0x0, 0xff, 0xfb, 0x0, 0x0, 0xf, 0xff,
    0xb0, 0x0, 0x0, 0xff, 0xfb, 0x0, 0x0, 0xf,
    0xff, 0xb0, 0x0, 0x0, 0xff, 0xfb, 0x0, 0x0,
    0xf, 0xff, 0xe0, 0x0, 0x0, 0xdf, 0xff, 0x92,
    0x10, 0x7, 0xff, 0xff, 0xff, 0x70, 0xd, 0xff,
    0xff, 0xf8, 0x0, 0x8, 0xdf, 0xfd, 0x20,

    /* U+006D "m" */
    0x7f, 0xe3, 0x5, 0xbf, 0xfd, 0x80, 0x0, 0x3a,
    0xef, 0xea, 0x20, 0xf, 0xff, 0xa8, 0xff, 0xff,
    0xff, 0xc0, 0x7f, 0xff, 0xff, 0xff, 0x30, 0xff,
    0xfe, 0xff, 0xef, 0xff, 0xff, 0xaf, 0xff, 0xef,
    0xff, 0xfc, 0xf, 0xff, 0xfd, 0x30, 0x7, 0xff,
    0xff, 0xf6, 0x0, 0x3e, 0xff, 0xf1, 0xff, 0xff,
    0x40, 0x0, 0xe, 0xff, 0xf8, 0x0, 0x0, 0x9f,
    0xff, 0x4f, 0xff, 0xe0, 0x0, 0x0, 0xbf, 0xff,
    0x30, 0x0, 0x6, 0xff, 0xf6, 0xff, 0xfc, 0x0,
    0x0, 0xb, 0xff, 0xf1, 0x0, 0x0, 0x5f, 0xff,
    0x6f, 0xff, 0xc0, 0x0, 0x0, 0xbf, 0xff, 0x10,
    0x0, 0x5, 0xff, 0xf6, 0xff, 0xfc, 0x0, 0x0,
    0xb, 0xff, 0xf1, 0x0, 0x0, 0x5f, 0xff, 0x6f,
    0xff, 0xc0, 0x0, 0x0, 0xbf, 0xff, 0x10, 0x0,
    0x5, 0xff, 0xf6, 0xff, 0xfc, 0x0, 0x0, 0xb,
    0xff, 0xf1, 0x0, 0x0, 0x5f, 0xff, 0x6f, 0xff,
    0xc0, 0x0, 0x0, 0xbf, 0xff, 0x10, 0x0, 0x5,
    0xff, 0xf6, 0xff, 0xfc, 0x0, 0x0, 0xb, 0xff,
    0xf1, 0x0, 0x0, 0x5f, 0xff, 0x6f, 0xff, 0xb0,
    0x0, 0x0, 0xaf, 0xff, 0x0, 0x0, 0x5, 0xff,
    0xf5, 0x7f, 0xe4, 0x0, 0x0, 0x3, 0xef, 0x80,
    0x0, 0x0, 0xb, 0xfc, 0x0,

    /* U+006E "n" */
    0x8, 0xfd, 0x20, 0x4b, 0xef, 0xeb, 0x40, 0x0,
    0xff, 0xf9, 0x8f, 0xff, 0xff, 0xff, 0x60, 0xf,
    0xff, 0xef, 0xff, 0xef, 0xff, 0xff, 0x10, 0xff,
    0xff, 0xe4, 0x0, 0x2d, 0xff, 0xf6, 0xf, 0xff,
    0xf4, 0x0, 0x0, 0x4f, 0xff, 0x90, 0xff, 0xfd,
    0x0, 0x0, 0x1, 0xff, 0xfa, 0xf, 0xff, 0xb0,
    0x0, 0x0, 0x1f, 0xff, 0xb0, 0xff, 0xfb, 0x0,
    0x0, 0x1, 0xff, 0xfb, 0xf, 0xff, 0xb0, 0x0,
    0x0, 0x1f, 0xff, 0xb0, 0xff, 0xfb, 0x0, 0x0,
    0x1, 0xff, 0xfb, 0xf, 0xff, 0xb0, 0x0, 0x0,
    0x1f, 0xff, 0xb0, 0xff, 0xfb, 0x0, 0x0, 0x1,
    0xff, 0xfb, 0xf, 0xff, 0xb0, 0x0, 0x0, 0x1f,
    0xff, 0xb0, 0xff, 0xfa, 0x0, 0x0, 0x0, 0xff,
    0xfa, 0x8, 0xfe, 0x30, 0x0, 0x0, 0x7, 0xfe,
    0x30,

    /* U+006F "o" */
    0x0, 0x0, 0x7c, 0xef, 0xfd, 0x82, 0x0, 0x0,
    0x0, 0x4e, 0xff, 0xff, 0xff, 0xff, 0x70, 0x0,
    0x4, 0xff, 0xff, 0xfe, 0xff, 0xff, 0xf8, 0x0,
    0xe, 0xff, 0xf8, 0x0, 0x5, 0xff, 0xff, 0x30,
    0x5f, 0xff, 0x90, 0x0, 0x0, 0x5f, 0xff, 0xa0,
    0xaf, 0xff, 0x30, 0x0, 0x0, 0xe, 0xff, 0xe0,
    0xcf, 0xff, 0x0, 0x0, 0x0, 0xb, 0xff, 0xf1,
    0xdf, 0xfe, 0x0, 0x0, 0x0, 0xa, 0xff, 0xf2,
    0xcf, 0xff, 0x0, 0x0, 0x0, 0xb, 0xff, 0xf1,
    0xaf, 0xff, 0x20, 0x0, 0x0, 0xe, 0xff, 0xe0,
    0x5f, 0xff, 0x90, 0x0, 0x0, 0x5f, 0xff, 0xa0,
    0xd, 0xff, 0xf8, 0x0, 0x5, 0xff, 0xff, 0x30,
    0x3, 0xff, 0xff, 0xfe, 0xff, 0xff, 0xf8, 0x0,
    0x0, 0x4e, 0xff, 0xff, 0xff, 0xff, 0x70, 0x0,
    0x0, 0x0, 0x7c, 0xef, 0xfd, 0x82, 0x0, 0x0,

    /* U+0070 "p" */
    0x8, 0xfd, 0x30, 0x4b, 0xef, 0xea, 0x30, 0x0,
    0xf, 0xff, 0x98, 0xff, 0xff, 0xff, 0xf8, 0x0,
    0xf, 0xff, 0xef, 0xfe, 0xdf, 0xff, 0xff, 0x60,
    0xf, 0xff, 0xfe, 0x40, 0x0, 0x7f, 0xff, 0xf1,
    0xf, 0xff, 0xf4, 0x0, 0x0, 0x9, 0xff, 0xf6,
    0xf, 0xff, 0xe0, 0x0, 0x0, 0x2, 0xff, 0xfa,
    0xf, 0xff, 0xb0, 0x0, 0x0, 0x0, 0xff, 0xfc,
    0xf, 0xff, 0xa0, 0x0, 0x0, 0x0, 0xef, 0xfd,
    0xf, 0xff, 0xb0, 0x0, 0x0, 0x0, 0xff, 0xfc,
    0xf, 0xff, 0xe0, 0x0, 0x0, 0x3, 0xff, 0xfa,
    0xf, 0xff, 0xf5, 0x0, 0x0, 0xa, 0xff, 0xf6,
    0xf, 0xff, 0xff, 0x50, 0x0, 0x8f, 0xff, 0xf1,
    0xf, 0xff, 0xef, 0xff, 0xef, 0xff, 0xff, 0x60,
    0xf, 0xff, 0xb8, 0xff, 0xff, 0xff, 0xf8, 0x0,
    0xf, 0xff, 0xb0, 0x4b, 0xef, 0xea, 0x30, 0x0,
    0xf, 0xff, 0xb0, 0x0, 0x0, 0x0, 0x0, 0x0,
    0xf, 0xff, 0xb0, 0x0, 0x0, 0x0, 0x0, 0x0,
    0xf, 0xff, 0xb0, 0x0, 0x0, 0x0, 0x0, 0x0,
    0xf, 0xff, 0xb0, 0x0, 0x0, 0x0, 0x0, 0x0,
    0xf, 0xff, 0xa0, 0x0, 0x0, 0x0, 0x0, 0x0,
    0x8, 0xfe, 0x30, 0x0, 0x0, 0x0, 0x0, 0x0,

    /* U+0071 "q" */
    0x0, 0x3, 0xae, 0xfe, 0xb4, 0x3, 0xef, 0x80,
    0x0, 0x8f, 0xff, 0xff, 0xff, 0x7a, 0xff, 0xf0,
    0x6, 0xff, 0xff, 0xfe, 0xff, 0xfe, 0xff, 0xf0,
    0x1f, 0xff, 0xf8, 0x0, 0x5, 0xff, 0xff, 0xf0,
    0x6f, 0xff, 0x90, 0x0, 0x0, 0x5f, 0xff, 0xf0,
    0xaf, 0xff, 0x30, 0x0, 0x0, 0xe, 0xff, 0xf0,
    0xcf, 0xff, 0x0, 0x0, 0x0, 0xb, 0xff, 0xf0,
    0xdf, 0xfe, 0x0, 0x0, 0x0, 0xa, 0xff, 0xf0,
    0xcf, 0xff, 0x0, 0x0, 0x0, 0xb, 0xff, 0xf0,
    0xaf, 0xff, 0x20, 0x0, 0x0, 0xe, 0xff, 0xf0,
    0x6f, 0xff, 0x90, 0x0, 0x0, 0x5f, 0xff, 0xf0,
    0x1f, 0xff, 0xf8, 0x0, 0x5, 0xff, 0xff, 0xf0,
    0x6, 0xff, 0xff, 0xfe, 0xff, 0xfe, 0xff, 0xf0,
    0x0, 0x8f, 0xff, 0xff, 0xff, 0x7b, 0xff, 0xf0,
    0x0, 0x3, 0xae, 0xfe, 0xb4, 0xb, 0xff, 0xf0,
    0x0, 0x0, 0x0, 0x0, 0x0, 0xb, 0xff, 0xf0,
    0x0, 0x0, 0x0, 0x0, 0x0, 0xb, 0xff, 0xf0,
    0x0, 0x0, 0x0, 0x0, 0x0, 0xb, 0xff, 0xf0,
    0x0, 0x0, 0x0, 0x0, 0x0, 0xb, 0xff, 0xf0,
    0x0, 0x0, 0x0, 0x0, 0x0, 0xa, 0xff, 0xf0,
    0x0, 0x0, 0x0, 0x0, 0x0, 0x3, 0xef, 0x70,

    /* U+0072 "r" */
    0x0, 0x0, 0x0, 0x0, 0x1, 0x0, 0x8f, 0xd2,
    0x5, 0xcf, 0xf6, 0xf, 0xff, 0x98, 0xff, 0xff,
    0xa0, 0xff, 0xfd, 0xff, 0xff, 0xf5, 0xf, 0xff,
    0xff, 0xc6, 0x31, 0x0, 0xff, 0xff, 0x90, 0x0,
    0x0, 0xf, 0xff, 0xf0, 0x0, 0x0, 0x0, 0xff,
    0xfc, 0x0, 0x0, 0x0, 0xf, 0xff, 0xc0, 0x0,
    0x0, 0x0, 0xff, 0xfc, 0x0, 0x0, 0x0, 0xf,
    0xff, 0xc0, 0x0, 0x0, 0x0, 0xff, 0xfc, 0x0,
    0x0, 0x0, 0xf, 0xff, 0xc0, 0x0, 0x0, 0x0,
    0xff, 0xfc, 0x0, 0x0, 0x0, 0xf, 0xff, 0xb0,
    0x0, 0x0, 0x0, 0x7f, 0xe4, 0x0, 0x0, 0x0,

    /* U+0073 "s" */
    0x0, 0x6, 0xbe, 0xff, 0xda, 0x40, 0x0, 0x2d,
    0xff, 0xff, 0xff, 0xff, 0xc0, 0xd, 0xff, 0xfc,
    0xab, 0xef, 0xff, 0x25, 0xff, 0xf5, 0x0, 0x0,
    0x3a, 0x80, 0x7f, 0xff, 0x0, 0x0, 0x0, 0x0,
    0x5, 0xff, 0xf7, 0x0, 0x0, 0x0, 0x0, 0xe,
    0xff, 0xff, 0xc9, 0x62, 0x0, 0x0, 0x2d, 0xff,
    0xff, 0xff, 0xfc, 0x30, 0x0, 0x3, 0x7a, 0xdf,
    0xff, 0xff, 0x10, 0x0, 0x0, 0x0, 0x17, 0xff,
    0xf7, 0x0, 0x0, 0x0, 0x0, 0xd, 0xff, 0x95,
    0xc7, 0x10, 0x0, 0x3, 0xff, 0xf7, 0xcf, 0xff,
    0xdb, 0xac, 0xff, 0xff, 0x15, 0xff, 0xff, 0xff,
    0xff, 0xff, 0x40, 0x1, 0x7b, 0xef, 0xfe, 0xc7,
    0x10, 0x0,

    /* U+0074 "t" */
    0x0, 0x0, 0x27, 0x50, 0x0, 0x0, 0x0, 0x0,
    0xe, 0xff, 0x60, 0x0, 0x0, 0x0, 0x2, 0xff,
    0xf9, 0x0, 0x0, 0x0, 0x0, 0x2f, 0xff, 0x90,
    0x0, 0x0, 0x0, 0x2, 0xff, 0xf9, 0x0, 0x0,
    0x0, 0xcf, 0xff, 0xff, 0xff, 0xff, 0xd1, 0x2f,
    0xff, 0xff, 0xff, 0xff, 0xff, 0x40, 0x9d, 0xdf,
    0xff, 0xed, 0xdd, 0xa0, 0x0, 0x2, 0xff, 0xf9,
    0x0, 0x0, 0x0, 0x0, 0x2f, 0xff, 0x90, 0x0,
    0x0, 0x0, 0x2, 0xff, 0xf9, 0x0, 0x0, 0x0,
    0x0, 0x2f, 0xff, 0x90, 0x0, 0x0, 0x0, 0x2,
    0xff, 0xf9, 0x0, 0x0, 0x0, 0x0, 0x2f, 0xff,
    0x90, 0x0, 0x0, 0x0, 0x2, 0xff, 0xfa, 0x0,
    0x0, 0x0, 0x0, 0x1f, 0xff, 0xd0, 0x0, 0x0,
    0x0, 0x0, 0xdf, 0xff, 0x92, 0x13, 0x10, 0x0,
    0x7, 0xff, 0xff, 0xff, 0xfa, 0x0, 0x0, 0xb,
    0xff, 0xff, 0xff, 0xa0, 0x0, 0x0, 0x5, 0xbe,
    0xfe, 0xb3,

    /* U+0075 "u" */
    0x9, 0xfd, 0x20, 0x0, 0x0, 0xb, 0xfc, 0x11,
    0xff, 0xf9, 0x0, 0x0, 0x4, 0xff, 0xf6, 0x2f,
    0xff, 0x90, 0x0, 0x0, 0x5f, 0xff, 0x62, 0xff,
    0xf9, 0x0, 0x0, 0x5, 0xff, 0xf6, 0x2f, 0xff,
    0x90, 0x0, 0x0, 0x5f, 0xff, 0x62, 0xff, 0xf9,
    0x0, 0x0, 0x5, 0xff, 0xf6, 0x2f, 0xff, 0x90,
    0x0, 0x0, 0x5f, 0xff, 0x62, 0xff, 0xf9, 0x0,
    0x0, 0x5, 0xff, 0xf6, 0x2f, 0xff, 0x90, 0x0,
    0x0, 0x5f, 0xff, 0x62, 0xff, 0xfa, 0x0, 0x0,
    0x7, 0xff, 0xf6, 0xf, 0xff, 0xd0, 0x0, 0x0,
    0xdf, 0xff, 0x60, 0xdf, 0xff, 0x70, 0x2, 0xbf,
    0xff, 0xf6, 0x7, 0xff, 0xff, 0xff, 0xff, 0xef,
    0xff, 0x60, 0xc, 0xff, 0xff, 0xff, 0xe4, 0xff,
    0xf6, 0x0, 0x7, 0xcf, 0xfd, 0x81, 0xa, 0xfc,
    0x10,

    /* U+0076 "v" */
    0xc, 0xfb, 0x0, 0x0, 0x0, 0x0, 0xaf, 0xc0,
    0x4f, 0xff, 0x60, 0x0, 0x0, 0x5, 0xff, 0xf2,
    0x1f, 0xff, 0xc0, 0x0, 0x0, 0xb, 0xff, 0xe0,
    0xa, 0xff, 0xf3, 0x0, 0x0, 0x2f, 0xff, 0x70,
    0x3, 0xff, 0xf9, 0x0, 0x0, 0x8f, 0xff, 0x10,
    0x0, 0xcf, 0xff, 0x0, 0x0, 0xff, 0xf9, 0x0,
    0x0, 0x5f, 0xff, 0x60, 0x6, 0xff, 0xf2, 0x0,
    0x0, 0xe, 0xff, 0xd0, 0xc, 0xff, 0xb0, 0x0,
    0x0, 0x7, 0xff, 0xf3, 0x3f, 0xff, 0x40, 0x0,
    0x0, 0x1, 0xff, 0xfa, 0xaf, 0xfd, 0x0, 0x0,
    0x0, 0x0, 0x9f, 0xff, 0xff, 0xf6, 0x0, 0x0,
    0x0, 0x0, 0x2f, 0xff, 0xff, 0xe0, 0x0, 0x0,
    0x0, 0x0, 0xb, 0xff, 0xff, 0x80, 0x0, 0x0,
    0x0, 0x0, 0x4, 0xff, 0xff, 0x10, 0x0, 0x0,
    0x0, 0x0, 0x0, 0x8f, 0xe5, 0x0, 0x0, 0x0,

    /* U+0077 "w" */
    0x9, 0xfc, 0x10, 0x0, 0x0, 0x5, 0xfe, 0x30,
    0x0, 0x0, 0x2, 0xdf, 0x50, 0xff, 0xf8, 0x0,
    0x0, 0x0, 0xef, 0xfb, 0x0, 0x0, 0x0, 0xbf,
    0xfa, 0xd, 0xff, 0xd0, 0x0, 0x0, 0x4f, 0xff,
    0xf1, 0x0, 0x0, 0x1f, 0xff, 0x70, 0x7f, 0xff,
    0x30, 0x0, 0xa, 0xff, 0xff, 0x60, 0x0, 0x7,
    0xff, 0xf1, 0x1, 0xff, 0xf9, 0x0, 0x0, 0xff,
    0xff, 0xfc, 0x0, 0x0, 0xdf, 0xfa, 0x0, 0xb,
    0xff, 0xf0, 0x0, 0x6f, 0xfe, 0xff, 0xf2, 0x0,
    0x2f, 0xff, 0x40, 0x0, 0x4f, 0xff, 0x50, 0xc,
    0xff, 0x6d, 0xff, 0x80, 0x8, 0xff, 0xe0, 0x0,
    0x0, 0xef, 0xfb, 0x2, 0xff, 0xf0, 0x7f, 0xfe,
    0x0, 0xef, 0xf7, 0x0, 0x0, 0x8, 0xff, 0xf1,
    0x8f, 0xfa, 0x1, 0xff, 0xf3, 0x4f, 0xff, 0x10,
    0x0, 0x0, 0x1f, 0xff, 0x6d, 0xff, 0x40, 0xa,
    0xff, 0x9a, 0xff, 0xb0, 0x0, 0x0, 0x0, 0xbf,
    0xfe, 0xff, 0xd0, 0x0, 0x4f, 0xff, 0xff, 0xf5,
    0x0, 0x0, 0x0, 0x5, 0xff, 0xff, 0xf8, 0x0,
    0x0, 0xef, 0xff, 0xfe, 0x0, 0x0, 0x0, 0x0,
    0xe, 0xff, 0xff, 0x20, 0x0, 0x8, 0xff, 0xff,
    0x80, 0x0, 0x0, 0x0, 0x0, 0x8f, 0xff, 0xb0,
    0x0, 0x0, 0x2f, 0xff, 0xf2, 0x0, 0x0, 0x0,
    0x0, 0x0, 0xbf, 0xd2, 0x0, 0x0, 0x0, 0x6e,
    0xe6, 0x0, 0x0, 0x0,

    /* U+0078 "x" */
    0xc, 0xfa, 0x0, 0x0, 0x0, 0x5e, 0xf5, 0x4,
    0xff, 0xfa, 0x0, 0x0, 0x3f, 0xff, 0xa0, 0xd,
    0xff, 0xf7, 0x0, 0x1e, 0xff, 0xf4, 0x0, 0x1e,
    0xff, 0xf4, 0xc, 0xff, 0xf7, 0x0, 0x0, 0x3f,
    0xff, 0xea, 0xff, 0xfa, 0x0, 0x0, 0x0, 0x6f,
    0xff, 0xff, 0xfc, 0x0, 0x0, 0x0, 0x0, 0x9f,
    0xff, 0xfe, 0x10, 0x0, 0x0, 0x0, 0x2, 0xff,
    0xff, 0x90, 0x0, 0x0, 0x0, 0x1, 0xdf, 0xff,
    0xff, 0x50, 0x0, 0x0, 0x0, 0xbf, 0xff, 0xff,
    0xff, 0x20, 0x0, 0x0, 0x8f, 0xff, 0xb5, 0xff,
    0xfe, 0x10, 0x0, 0x5f, 0xff, 0xd1, 0x8, 0xff,
    0xfc, 0x0, 0x2f, 0xff, 0xf2, 0x0, 0xb, 0xff,
    0xf9, 0x8, 0xff, 0xf5, 0x0, 0x0, 0x1d, 0xff,
    0xf0, 0x3e, 0xe6, 0x0, 0x0, 0x0, 0x2c, 0xf9,
    0x0,

    /* U+0079 "y" */
    0xc, 0xfb, 0x0, 0x0, 0x0, 0x0, 0xaf, 0xb0,
    0x4f, 0xff, 0x50, 0x0, 0x0, 0x5, 0xff, 0xf2,
    0x2f, 0xff, 0xc0, 0x0, 0x0, 0xb, 0xff, 0xe0,
    0xb, 0xff, 0xf2, 0x0, 0x0, 0x2f, 0xff, 0x80,
    0x4, 0xff, 0xf8, 0x0, 0x0, 0x8f, 0xff, 0x20,
    0x0, 0xdf, 0xfe, 0x0, 0x0, 0xef, 0xfb, 0x0,
    0x0, 0x7f, 0xff, 0x50, 0x5, 0xff, 0xf4, 0x0,
    0x0, 0x1f, 0xff, 0xb0, 0xb, 0xff, 0xd0, 0x0,
    0x0, 0x9, 0xff, 0xf2, 0x2f, 0xff, 0x60, 0x0,
    0x0, 0x2, 0xff, 0xf8, 0x8f, 0xfe, 0x0, 0x0,
    0x0, 0x0, 0xcf, 0xfe, 0xef, 0xf8, 0x0, 0x0,
    0x0, 0x0, 0x5f, 0xff, 0xff, 0xf2, 0x0, 0x0,
    0x0, 0x0, 0xe, 0xff, 0xff, 0xb0, 0x0, 0x0,
    0x0, 0x0, 0x7, 0xff, 0xff, 0x40, 0x0, 0x0,
    0x0, 0x0, 0x2, 0xff, 0xfd, 0x0, 0x0, 0x0,
    0x0, 0x0, 0x6, 0xff, 0xf6, 0x0, 0x0, 0x0,
    0x0, 0x0, 0xd, 0xff, 0xe0, 0x0, 0x0, 0x0,
    0x0, 0x0, 0x4f, 0xff, 0x80, 0x0, 0x0, 0x0,
    0x0, 0x0, 0xbf, 0xff, 0x20, 0x0, 0x0, 0x0,
    0x0, 0x0, 0xef, 0xfa, 0x0, 0x0, 0x0, 0x0,
    0x0, 0x0, 0x7f, 0xd2, 0x0, 0x0, 0x0, 0x0,

    /* U+007A "z" */
    0x6f, 0xff, 0xff, 0xff, 0xff, 0xfb, 0xb, 0xff,
    0xff, 0xff, 0xff, 0xff, 0xf3, 0x4c, 0xdd, 0xdd,
    0xdd, 0xff, 0xfe, 0x10, 0x0, 0x0, 0x0, 0x7f,
    0xff, 0x40, 0x0, 0x0, 0x0, 0x4f, 0xff, 0x70,
    0x0, 0x0, 0x0, 0x1e, 0xff, 0xb0, 0x0, 0x0,
    0x0, 0xc, 0xff, 0xd1, 0x0, 0x0, 0x0, 0x9,
    0xff, 0xf3, 0x0, 0x0, 0x0, 0x5, 0xff, 0xf6,
    0x0, 0x0, 0x0, 0x2, 0xff, 0xf9, 0x0, 0x0,
    0x0, 0x0, 0xdf, 0xfc, 0x0, 0x0, 0x0, 0x0,
    0xaf, 0xfe, 0x10, 0x0, 0x0, 0x0, 0x6f, 0xff,
    0xed, 0xdd, 0xdd, 0xdc, 0x49, 0xff, 0xff, 0xff,
    0xff, 0xff, 0xfa, 0x4f, 0xff, 0xff, 0xff, 0xff,
    0xff, 0x50,

    /* U+007B "{" */
    0x0, 0x0, 0x3c, 0xff, 0xfe, 0x30, 0x0, 0x2f,
    0xff, 0xff, 0xf9, 0x0, 0x8, 0xff, 0xff, 0xdc,
    0x20, 0x0, 0xbf, 0xff, 0x30, 0x0, 0x0, 0xb,
    0xff, 0xf0, 0x0, 0x0, 0x0, 0xbf, 0xff, 0x0,
    0x0, 0x0, 0xb, 0xff, 0xf0, 0x0, 0x0, 0x0,
    0xbf, 0xff, 0x0, 0x0, 0x0, 0xb, 0xff, 0xf0,
    0x0, 0x0, 0x0, 0xbf, 0xff, 0x0, 0x0, 0x0,
    0xc, 0xff, 0xf0, 0x0, 0x0, 0x3, 0xff, 0xfc,
    0x0, 0x0, 0x8e, 0xff, 0xff, 0x30, 0x0, 0xe,
    0xff, 0xff, 0x50, 0x0, 0x0, 0x9f, 0xff, 0xff,
    0x30, 0x0, 0x0, 0x5, 0xff, 0xfc, 0x0, 0x0,
    0x0, 0xc, 0xff, 0xf0, 0x0, 0x0, 0x0, 0xbf,
    0xff, 0x0, 0x0, 0x0, 0xb, 0xff, 0xf0, 0x0,
    0x0, 0x0, 0xbf, 0xff, 0x0, 0x0, 0x0, 0xb,
    0xff, 0xf0, 0x0, 0x0, 0x0, 0xbf, 0xff, 0x0,
    0x0, 0x0, 0xb, 0xff, 0xf0, 0x0, 0x0, 0x0,
    0xbf, 0xff, 0x30, 0x0, 0x0, 0x8, 0xff, 0xff,
    0xdc, 0x30, 0x0, 0x2f, 0xff, 0xff, 0xf9, 0x0,
    0x0, 0x4c, 0xff, 0xfe, 0x30,

    /* U+007C "|" */
    0x2d, 0xfa, 0x8, 0xff, 0xf2, 0x8f, 0xff, 0x38,
    0xff, 0xf3, 0x8f, 0xff, 0x38, 0xff, 0xf3, 0x8f,
    0xff, 0x38, 0xff, 0xf3, 0x8f, 0xff, 0x38, 0xff,
    0xf3, 0x8f, 0xff, 0x38, 0xff, 0xf3, 0x8f, 0xff,
    0x38, 0xff, 0xf3, 0x8f, 0xff, 0x38, 0xff, 0xf3,
    0x8f, 0xff, 0x38, 0xff, 0xf3, 0x8f, 0xff, 0x38,
    0xff, 0xf3, 0x8f, 0xff, 0x38, 0xff, 0xf3, 0x8f,
    0xff, 0x38, 0xff, 0xf3, 0x8f, 0xff, 0x38, 0xff,
    0xf2, 0x2d, 0xfa, 0x0,

    /* U+007D "}" */
    0x7f, 0xff, 0xfb, 0x20, 0x0, 0xd, 0xff, 0xff,
    0xfd, 0x0, 0x0, 0x5c, 0xdf, 0xff, 0xf4, 0x0,
    0x0, 0x0, 0x7f, 0xff, 0x60, 0x0, 0x0, 0x5,
    0xff, 0xf7, 0x0, 0x0, 0x0, 0x5f, 0xff, 0x70,
    0x0, 0x0, 0x5, 0xff, 0xf7, 0x0, 0x0, 0x0,
    0x5f, 0xff, 0x70, 0x0, 0x0, 0x5, 0xff, 0xf7,
    0x0, 0x0, 0x0, 0x5f, 0xff, 0x70, 0x0, 0x0,
    0x4, 0xff, 0xf8, 0x0, 0x0, 0x0, 0x1f, 0xff,
    0xd1, 0x0, 0x0, 0x0, 0x7f, 0xff, 0xfe, 0x40,
    0x0, 0x0, 0x8f, 0xff, 0xfa, 0x0, 0x0, 0x6f,
    0xff, 0xff, 0x50, 0x0, 0xf, 0xff, 0xe2, 0x0,
    0x0, 0x4, 0xff, 0xf8, 0x0, 0x0, 0x0, 0x5f,
    0xff, 0x70, 0x0, 0x0, 0x5, 0xff, 0xf7, 0x0,
    0x0, 0x0, 0x5f, 0xff, 0x70, 0x0, 0x0, 0x5,
    0xff, 0xf7, 0x0, 0x0, 0x0, 0x5f, 0xff, 0x70,
    0x0, 0x0, 0x5, 0xff, 0xf7, 0x0, 0x0, 0x0,
    0x7f, 0xff, 0x60, 0x0, 0x6d, 0xdf, 0xff, 0xf4,
    0x0, 0xd, 0xff, 0xff, 0xfd, 0x0, 0x0, 0x7f,
    0xff, 0xfa, 0x10, 0x0, 0x0,

    /* U+007E "~" */
    0x0, 0x4, 0x77, 0x30, 0x0, 0x0, 0x1, 0x0,
    0x1, 0xcf, 0xff, 0xfd, 0x60, 0x0, 0x2e, 0xe0,
    0xb, 0xff, 0xff, 0xff, 0xfe, 0x99, 0xef, 0xf1,
    0xf, 0xf8, 0x1, 0x6d, 0xff, 0xff, 0xff, 0x60,
    0x6, 0x70, 0x0, 0x0, 0x4a, 0xef, 0xc4, 0x0,

    /* U+00A0 " " */

    /* U+00A1 "¡" */
    0xa, 0xfe, 0x46, 0xff, 0xfd, 0x7f, 0xff, 0xe2,
    0xff, 0xf9, 0x1, 0x64, 0x0, 0x0, 0x0, 0x0,
    0x31, 0x0, 0x5f, 0xd0, 0x8, 0xff, 0x0, 0xaf,
    0xf1, 0xb, 0xff, 0x20, 0xcf, 0xf4, 0xe, 0xff,
    0x50, 0xff, 0xf6, 0x1f, 0xff, 0x72, 0xff, 0xf9,
    0x3f, 0xff, 0xa5, 0xff, 0xfb, 0x6f, 0xff, 0xc5,
    0xff, 0xfb, 0xa, 0xfd, 0x30,

    /* U+00A2 "¢" */
    0x0, 0x0, 0x0, 0x6f, 0xa0, 0x0, 0x0, 0x0,
    0x0, 0x0, 0xdf, 0xf1, 0x0, 0x0, 0x0, 0x0,
    0x0, 0xef, 0xf2, 0x0, 0x0, 0x0, 0x0, 0x0,
    0xef, 0xf2, 0x0, 0x0, 0x0, 0x0, 0x39, 0xff,
    0xfe, 0xb6, 0x0, 0x0, 0x9, 0xff, 0xff, 0xff,
    0xff, 0xe2, 0x0, 0xbf, 0xff, 0xff, 0xef, 0xff,
    0xf6, 0x7, 0xff, 0xfe, 0x50, 0x0, 0x4b, 0xd1,
    0xf, 0xff, 0xf3, 0x0, 0x0, 0x0, 0x0, 0x4f,
    0xff, 0xa0, 0x0, 0x0, 0x0, 0x0, 0x7f, 0xff,
    0x60, 0x0, 0x0, 0x0, 0x0, 0x8f, 0xff, 0x40,
    0x0, 0x0, 0x0, 0x0, 0x7f, 0xff, 0x60, 0x0,
    0x0, 0x0, 0x0, 0x4f, 0xff, 0xa0, 0x0, 0x0,
    0x0, 0x0, 0xf, 0xff, 0xf4, 0x0, 0x0, 0x0,
    0x0, 0x8, 0xff, 0xff, 0x72, 0x2, 0x6d, 0xf2,
    0x0, 0xcf, 0xff, 0xff, 0xff, 0xff, 0xf5, 0x0,
    0xa, 0xff, 0xff, 0xff, 0xff, 0xc1, 0x0, 0x0,
    0x39, 0xff, 0xfe, 0xa5, 0x0, 0x0, 0x0, 0x0,
    0xef, 0xf2, 0x0, 0x0, 0x0, 0x0, 0x0, 0xef,
    0xf2, 0x0, 0x0, 0x0, 0x0, 0x0, 0xbf, 0xf0,
    0x0, 0x0, 0x0, 0x0, 0x0, 0x17, 0x30, 0x0,
    0x0,

    /* U+00A3 "£" */
    0x0, 0x0, 0x0, 0x6b, 0xef, 0xfd, 0xa6, 0x0,
    0x0, 0x0, 0x3, 0xef, 0xff, 0xff, 0xff, 0xfe,
    0x60, 0x0, 0x2, 0xff, 0xff, 0xff, 0xff, 0xff,
    0xff, 0x30, 0x0, 0xaf, 0xff, 0xd5, 0x22, 0x37,
    0xdf, 0xf2, 0x0, 0xf, 0xff, 0xf1, 0x0, 0x0,
    0x0, 0x53, 0x0, 0x1, 0xff, 0xfc, 0x0, 0x0,
    0x0, 0x0, 0x0, 0x0, 0x2f, 0xff, 0xb0, 0x0,
    0x0, 0x0, 0x0, 0x0, 0x2, 0xff, 0xfb, 0x0,
    0x0, 0x0, 0x0, 0x0, 0x0, 0x2f, 0xff, 0xb0,
    0x0, 0x0, 0x0, 0x0, 0x8, 0xff, 0xff, 0xff,
    0xff, 0xff, 0x80, 0x0, 0x0, 0xef, 0xff, 0xff,
    0xff, 0xff, 0xfd, 0x0, 0x0, 0x4, 0xab, 0xff,
    0xfe, 0xaa, 0xaa, 0x40, 0x0, 0x0, 0x0, 0x2f,
    0xff, 0xb0, 0x0, 0x0, 0x0, 0x0, 0x0, 0x2,
    0xff, 0xfb, 0x0, 0x0, 0x0, 0x0, 0x0, 0x0,
    0x2f, 0xff, 0xb0, 0x0, 0x0, 0x0, 0x0, 0x0,
    0x2, 0xff, 0xfb, 0x0, 0x0, 0x0, 0x0, 0x0,
    0x0, 0x2f, 0xff, 0xb0, 0x0, 0x0, 0x0, 0x0,
    0x0, 0x24, 0xff, 0xfb, 0x22, 0x22, 0x22, 0x22,
    0x0, 0x9f, 0xff, 0xff, 0xff, 0xff, 0xff, 0xff,
    0xfb, 0xe, 0xff, 0xff, 0xff, 0xff, 0xff, 0xff,
    0xff, 0xf0, 0x6f, 0xff, 0xff, 0xff, 0xff, 0xff,
    0xff, 0xf9, 0x0,

    /* U+00A4 "¤" */
    0xae, 0x60, 0x18, 0xdf, 0xfd, 0x81, 0x8, 0xf9,
    0x8f, 0xfc, 0xff, 0xff, 0xff, 0xff, 0xcf, 0xf8,
    0x7, 0xff, 0xff, 0xff, 0xff, 0xff, 0xff, 0x70,
    0x3, 0xff, 0xfd, 0x50, 0x15, 0xef, 0xff, 0x20,
    0xb, 0xff, 0xd1, 0x0, 0x0, 0x1e, 0xff, 0xa0,
    0xf, 0xff, 0x30, 0x0, 0x0, 0x5, 0xff, 0xf0,
    0x3f, 0xfe, 0x0, 0x0, 0x0, 0x0, 0xff, 0xf2,
    0x4f, 0xfc, 0x0, 0x0, 0x0, 0x0, 0xef, 0xf3,
    0x3f, 0xfe, 0x0, 0x0, 0x0, 0x0, 0xff, 0xf2,
    0xf, 0xff, 0x40, 0x0, 0x0, 0x5, 0xff, 0xf0,
    0xb, 0xff, 0xd1, 0x0, 0x0, 0x1e, 0xff, 0x90,
    0x3, 0xff, 0xfd, 0x51, 0x16, 0xef, 0xff, 0x20,
    0x7, 0xff, 0xff, 0xff, 0xff, 0xff, 0xff, 0x60,
    0x8f, 0xfc, 0xff, 0xff, 0xff, 0xff, 0xbf, 0xf7,
    0xae, 0x60, 0x18, 0xdf, 0xfd, 0x81, 0x6, 0xf9,

    /* U+00A5 "¥" */
    0xb, 0xfb, 0x0, 0x0, 0x0, 0x0, 0x0, 0xbf,
    0xc0, 0x2f, 0xff, 0xa0, 0x0, 0x0, 0x0, 0xa,
    0xff, 0xf3, 0xb, 0xff, 0xf6, 0x0, 0x0, 0x0,
    0x6f, 0xff, 0xb0, 0x1, 0xef, 0xff, 0x20, 0x0,
    0x2, 0xff, 0xfe, 0x10, 0x0, 0x3f, 0xff, 0xd0,
    0x0, 0xd, 0xff, 0xf3, 0x0, 0x0, 0x6, 0xff,
    0xfa, 0x0, 0xaf, 0xff, 0x70, 0x0, 0x0, 0x0,
    0xaf, 0xff, 0x66, 0xff, 0xfb, 0x0, 0x0, 0x0,
    0x0, 0xd, 0xff, 0xff, 0xff, 0xd1, 0x0, 0x0,
    0x0, 0x7a, 0xac, 0xff, 0xff, 0xff, 0xca, 0xa7,
    0x0, 0x2, 0xff, 0xff, 0xff, 0xff, 0xff, 0xff,
    0xff, 0x20, 0x0, 0xdf, 0xff, 0xff, 0xff, 0xff,
    0xff, 0xfd, 0x0, 0x0, 0x0, 0x0, 0xe, 0xff,
    0xe0, 0x0, 0x0, 0x0, 0x0, 0x0, 0x0, 0xe,
    0xff, 0xe0, 0x0, 0x0, 0x0, 0x0, 0x7a, 0xaa,
    0xaf, 0xff, 0xfa, 0xaa, 0xa7, 0x0, 0x2, 0xff,
    0xff, 0xff, 0xff, 0xff, 0xff, 0xff, 0x20, 0x0,
    0xdf, 0xff, 0xff, 0xff, 0xff, 0xff, 0xfd, 0x0,
    0x0, 0x0, 0x0, 0xe, 0xff, 0xe0, 0x0, 0x0,
    0x0, 0x0, 0x0, 0x0, 0xe, 0xff, 0xe0, 0x0,
    0x0, 0x0, 0x0, 0x0, 0x0, 0xe, 0xff, 0xe0,
    0x0, 0x0, 0x0, 0x0, 0x0, 0x0, 0xd, 0xff,
    0xd0, 0x0, 0x0, 0x0, 0x0, 0x0, 0x0, 0x5,
    0xee, 0x60, 0x0, 0x0, 0x0,

    /* U+00A6 "¦" */
    0x2d, 0xfa, 0x8, 0xff, 0xf2, 0x8f, 0xff, 0x38,
    0xff, 0xf3, 0x8f, 0xff, 0x38, 0xff, 0xf3, 0x8f,
    0xff, 0x38, 0xff, 0xf3, 0x8f, 0xff, 0x35, 0xff,
    0xf1, 0x5, 0x73, 0x0, 0x0, 0x0, 0x0, 0x0,
    0x0, 0x0, 0x0, 0x0, 0x0, 0x0, 0x0, 0x0,
    0x5, 0x83, 0x5, 0xff, 0xf1, 0x8f, 0xff, 0x38,
    0xff, 0xf3, 0x8f, 0xff, 0x38, 0xff, 0xf3, 0x8f,
    0xff, 0x38, 0xff, 0xf3, 0x8f, 0xff, 0x38, 0xff,
    0xf2, 0x2d, 0xfa, 0x0,

    /* U+00A7 "§" */
    0x0, 0x0, 0x4a, 0xdf, 0xfe, 0xc8, 0x30, 0x0,
    0x0, 0x1b, 0xff, 0xff, 0xff, 0xff, 0xfb, 0x0,
    0x0, 0xcf, 0xff, 0xfb, 0xbc, 0xff, 0xff, 0x20,
    0x5, 0xff, 0xfa, 0x0, 0x0, 0x5, 0xcb, 0x0,
    0x9, 0xff, 0xf0, 0x0, 0x0, 0x0, 0x0, 0x0,
    0xb, 0xff, 0xe0, 0x0, 0x0, 0x0, 0x0, 0x0,
    0xa, 0xff, 0xf3, 0x0, 0x0, 0x0, 0x0, 0x0,
    0x4, 0xff, 0xfe, 0x50, 0x0, 0x0, 0x0, 0x0,
    0x6, 0xff, 0xff, 0xfd, 0x50, 0x0, 0x0, 0x0,
    0x3f, 0xff, 0xff, 0xff, 0xfe, 0x71, 0x0, 0x0,
    0xaf, 0xf9, 0x3c, 0xff, 0xff, 0xff, 0x60, 0x0,
    0xef, 0xf6, 0x0, 0x3b, 0xff, 0xff, 0xfa, 0x0,
    0xef, 0xf9, 0x0, 0x0, 0x29, 0xff, 0xff, 0x70,
    0xcf, 0xff, 0x50, 0x0, 0x0, 0x3f, 0xff, 0xd0,
    0x5f, 0xff, 0xfb, 0x30, 0x0, 0x7, 0xff, 0xf0,
    0x9, 0xff, 0xff, 0xfb, 0x40, 0x4, 0xff, 0xf0,
    0x0, 0x5e, 0xff, 0xff, 0xfd, 0x47, 0xff, 0xc0,
    0x0, 0x0, 0x7d, 0xff, 0xff, 0xff, 0xff, 0x40,
    0x0, 0x0, 0x0, 0x5c, 0xff, 0xff, 0xf8, 0x0,
    0x0, 0x0, 0x0, 0x0, 0x4d, 0xff, 0xf6, 0x0,
    0x0, 0x0, 0x0, 0x0, 0x2, 0xff, 0xfb, 0x0,
    0x0, 0x0, 0x0, 0x0, 0x0, 0xdf, 0xfc, 0x0,
    0x0, 0x0, 0x0, 0x0, 0x0, 0xef, 0xfb, 0x0,
    0xb, 0xb5, 0x0, 0x0, 0x9, 0xff, 0xf6, 0x0,
    0x4f, 0xff, 0xfc, 0xbb, 0xef, 0xff, 0xd0, 0x0,
    0xc, 0xff, 0xff, 0xff, 0xff, 0xfc, 0x10, 0x0,
    0x0, 0x49, 0xce, 0xff, 0xda, 0x50, 0x0, 0x0,

    /* U+00A8 "¨" */
    0x3a, 0x91, 0x0, 0x6a, 0x70, 0xef, 0xf9, 0x3,
    0xff, 0xf4, 0xff, 0xfa, 0x4, 0xff, 0xf5, 0x7f,
    0xe3, 0x0, 0xbf, 0xc0,

    /* U+00A9 "©" */
    0x0, 0x0, 0x0, 0x5, 0xad, 0xff, 0xec, 0x82,
    0x0, 0x0, 0x0, 0x0, 0x0, 0x0, 0x6e, 0xff,
    0xca, 0x9a, 0xdf, 0xfa, 0x20, 0x0, 0x0, 0x0,
    0x0, 0xbf, 0xd5, 0x0, 0x0, 0x0, 0x29, 0xff,
    0x40, 0x0, 0x0, 0x0, 0xcf, 0x80, 0x0, 0x0,
    0x0, 0x0, 0x3, 0xef, 0x40, 0x0, 0x0, 0xaf,
    0x70, 0x0, 0x3, 0x68, 0x75, 0x0, 0x1, 0xef,
    0x20, 0x0, 0x4f, 0xa0, 0x0, 0x3d, 0xff, 0xff,
    0xff, 0x70, 0x3, 0xfb, 0x0, 0xc, 0xf1, 0x0,
    0x4f, 0xff, 0xff, 0xff, 0xff, 0x0, 0xa, 0xf3,
    0x2, 0xfa, 0x0, 0xe, 0xff, 0xd4, 0x0, 0x4a,
    0xa0, 0x0, 0x3f, 0x90, 0x6f, 0x50, 0x6, 0xff,
    0xf2, 0x0, 0x0, 0x0, 0x0, 0x0, 0xed, 0x8,
    0xf2, 0x0, 0x9f, 0xfa, 0x0, 0x0, 0x0, 0x0,
    0x0, 0xb, 0xf0, 0xaf, 0x0, 0xb, 0xff, 0x70,
    0x0, 0x0, 0x0, 0x0, 0x0, 0x9f, 0x1a, 0xf0,
    0x0, 0xbf, 0xf7, 0x0, 0x0, 0x0, 0x0, 0x0,
    0x9, 0xf1, 0x8f, 0x20, 0x9, 0xff, 0xa0, 0x0,
    0x0, 0x0, 0x0, 0x0, 0xbf, 0x6, 0xf5, 0x0,
    0x5f, 0xff, 0x20, 0x0, 0x0, 0x0, 0x0, 0xe,
    0xd0, 0x1f, 0xa0, 0x0, 0xdf, 0xfe, 0x50, 0x3,
    0xa9, 0x0, 0x3, 0xf8, 0x0, 0xbf, 0x10, 0x3,
    0xff, 0xff, 0xff, 0xff, 0xf0, 0x0, 0xaf, 0x30,
    0x3, 0xfb, 0x0, 0x3, 0xcf, 0xff, 0xff, 0xf7,
    0x0, 0x3f, 0xb0, 0x0, 0x9, 0xf7, 0x0, 0x0,
    0x36, 0x87, 0x40, 0x0, 0x2e, 0xf2, 0x0, 0x0,
    0xc, 0xf8, 0x0, 0x0, 0x0, 0x0, 0x0, 0x3e,
    0xf4, 0x0, 0x0, 0x0, 0xb, 0xfd, 0x50, 0x0,
    0x0, 0x2, 0x9f, 0xf4, 0x0, 0x0, 0x0, 0x0,
    0x6, 0xef, 0xfc, 0xa9, 0xad, 0xff, 0xa2, 0x0,
    0x0, 0x0, 0x0, 0x0, 0x0, 0x5a, 0xdf, 0xfe,
    0xc8, 0x20, 0x0, 0x0, 0x0,

    /* U+00AA "ª" */
    0x2, 0x9d, 0xff, 0xd8, 0x0, 0xb, 0xff, 0xde,
    0xff, 0xb0, 0x2, 0x40, 0x0, 0x7f, 0xf1, 0x0,
    0x0, 0x1, 0x3f, 0xf3, 0x4, 0xbe, 0xff, 0xff,
    0xf3, 0x2f, 0xfa, 0x54, 0x6f, 0xf3, 0x5f, 0xf2,
    0x0, 0xaf, 0xf3, 0x1e, 0xfe, 0xad, 0xbf, 0xf3,
    0x2, 0xbf, 0xfa, 0x1c, 0xe1,

    /* U+00AB "«" */
    0x0, 0x3, 0x93, 0x0, 0x1, 0x95, 0x0, 0x0,
    0xef, 0xe0, 0x0, 0xbf, 0xf2, 0x0, 0x9f, 0xfc,
    0x0, 0x5f, 0xff, 0x0, 0x3f, 0xff, 0x50, 0x1e,
    0xff, 0x80, 0xc, 0xff, 0xd0, 0x9, 0xff, 0xf1,
    0x4, 0xff, 0xf6, 0x1, 0xff, 0xf9, 0x0, 0x4f,
    0xff, 0x60, 0x1f, 0xff, 0x90, 0x0, 0xcf, 0xfd,
    0x0, 0x9f, 0xff, 0x10, 0x3, 0xff, 0xf5, 0x0,
    0xef, 0xf8, 0x0, 0x8, 0xff, 0xc0, 0x5, 0xff,
    0xf0, 0x0, 0xe, 0xfe, 0x0, 0xb, 0xff, 0x20,
    0x0, 0x29, 0x40, 0x0, 0x19, 0x60,

    /* U+00AC "¬" */
    0x19, 0xaa, 0xaa, 0xaa, 0xaa, 0xaa, 0xaa, 0x80,
    0x8f, 0xff, 0xff, 0xff, 0xff, 0xff, 0xff, 0xf4,
    0x4f, 0xff, 0xff, 0xff, 0xff, 0xff, 0xff, 0xf5,
    0x0, 0x0, 0x0, 0x0, 0x0, 0x0, 0x7f, 0xf5,
    0x0, 0x0, 0x0, 0x0, 0x0, 0x0, 0x7f, 0xf5,
    0x0, 0x0, 0x0, 0x0, 0x0, 0x0, 0x7f, 0xf5,
    0x0, 0x0, 0x0, 0x0, 0x0, 0x0, 0x7f, 0xf5,
    0x0, 0x0, 0x0, 0x0, 0x0, 0x0, 0x7f, 0xf5,
    0x0, 0x0, 0x0, 0x0, 0x0, 0x0, 0x5f, 0xf3,
    0x0, 0x0, 0x0, 0x0, 0x0, 0x0, 0x6, 0x60,

    /* U+00AD "­" */
    0x0, 0x0, 0x0, 0x0, 0x0, 0x0, 0xbf, 0xff,
    0xff, 0xff, 0xc0, 0x2f, 0xff, 0xff, 0xff, 0xff,
    0x30, 0xbf, 0xff, 0xff, 0xff, 0xb0,

    /* U+00AE "®" */
    0x0, 0x0, 0x0, 0x5, 0xad, 0xff, 0xec, 0x82,
    0x0, 0x0, 0x0, 0x0, 0x0, 0x0, 0x6e, 0xff,
    0xca, 0x9a, 0xdf, 0xfa, 0x20, 0x0, 0x0, 0x0,
    0x0, 0xbf, 0xd5, 0x0, 0x0, 0x0, 0x29, 0xff,
    0x40, 0x0, 0x0, 0x0, 0xcf, 0x80, 0x0, 0x0,
    0x0, 0x0, 0x3, 0xef, 0x40, 0x0, 0x0, 0xaf,
    0x70, 0x0, 0x22, 0x22, 0x20, 0x0, 0x1, 0xef,
    0x20, 0x0, 0x4f, 0xa0, 0x2, 0xef, 0xff, 0xff,
    0xfa, 0x10, 0x3, 0xfb, 0x0, 0xc, 0xf1, 0x0,
    0x6f, 0xff, 0xff, 0xff, 0xfd, 0x0, 0xa, 0xf3,
    0x2, 0xfa, 0x0, 0x6, 0xff, 0x70, 0x1, 0xaf,
    0xf5, 0x0, 0x3f, 0x90, 0x6f, 0x50, 0x0, 0x6f,
    0xf7, 0x0, 0x4, 0xff, 0x70, 0x0, 0xed, 0x8,
    0xf2, 0x0, 0x6, 0xff, 0x70, 0x1, 0xaf, 0xf4,
    0x0, 0xb, 0xf0, 0xaf, 0x0, 0x0, 0x6f, 0xff,
    0xff, 0xff, 0xfa, 0x0, 0x0, 0x9f, 0x1a, 0xf0,
    0x0, 0x6, 0xff, 0xff, 0xff, 0xf7, 0x0, 0x0,
    0x9, 0xf1, 0x8f, 0x20, 0x0, 0x6f, 0xf8, 0x24,
    0xef, 0xe0, 0x0, 0x0, 0xbf, 0x6, 0xf5, 0x0,
    0x6, 0xff, 0x70, 0x7, 0xff, 0x60, 0x0, 0xe,
    0xd0, 0x1f, 0xa0, 0x0, 0x6f, 0xf7, 0x0, 0x2f,
    0xfb, 0x0, 0x3, 0xf8, 0x0, 0xbf, 0x10, 0x6,
    0xff, 0x70, 0x0, 0xdf, 0xf0, 0x0, 0xaf, 0x30,
    0x3, 0xfb, 0x0, 0x5f, 0xf5, 0x0, 0x8, 0xff,
    0x20, 0x3f, 0xb0, 0x0, 0x9, 0xf7, 0x0, 0x56,
    0x0, 0x0, 0x6, 0x40, 0x2e, 0xf2, 0x0, 0x0,
    0xc, 0xf8, 0x0, 0x0, 0x0, 0x0, 0x0, 0x3e,
    0xf4, 0x0, 0x0, 0x0, 0xb, 0xfd, 0x50, 0x0,
    0x0, 0x2, 0x9f, 0xf4, 0x0, 0x0, 0x0, 0x0,
    0x6, 0xef, 0xfc, 0xa9, 0xad, 0xff, 0xa2, 0x0,
    0x0, 0x0, 0x0, 0x0, 0x0, 0x5a, 0xdf, 0xfe,
    0xc8, 0x20, 0x0, 0x0, 0x0,

    /* U+00AF "¯" */
    0x13, 0x33, 0x33, 0x33, 0x30, 0xef, 0xff, 0xff,
    0xff, 0xfa, 0xcf, 0xff, 0xff, 0xff, 0xf8,

    /* U+00B0 "°" */
    0x0, 0x0, 0x2, 0x10, 0x0, 0x0, 0x1, 0xaf,
    0xff, 0xc4, 0x0, 0x1, 0xdf, 0xff, 0xff, 0xf5,
    0x0, 0x9f, 0xf5, 0x2, 0xcf, 0xe0, 0xe, 0xf7,
    0x0, 0x2, 0xff, 0x40, 0xff, 0x50, 0x0, 0xf,
    0xf5, 0xe, 0xf8, 0x0, 0x2, 0xff, 0x30, 0x8f,
    0xf7, 0x24, 0xdf, 0xd0, 0x0, 0xcf, 0xff, 0xff,
    0xf3, 0x0, 0x0, 0x7d, 0xfe, 0xa2, 0x0,

    /* U+00B1 "±" */
    0x0, 0x0, 0x0, 0x2, 0x20, 0x0, 0x0, 0x0,
    0x0, 0x0, 0x0, 0x3f, 0xf3, 0x0, 0x0, 0x0,
    0x0, 0x0, 0x0, 0x6f, 0xf6, 0x0, 0x0, 0x0,
    0x0, 0x0, 0x0, 0x6f, 0xf6, 0x0, 0x0, 0x0,
    0x0, 0x0, 0x0, 0x6f, 0xf6, 0x0, 0x0, 0x0,
    0x19, 0xaa, 0xaa, 0xcf, 0xfc, 0xaa, 0xaa, 0x91,
    0x8f, 0xff, 0xff, 0xff, 0xff, 0xff, 0xff, 0xf8,
    0x4f, 0xff, 0xff, 0xff, 0xff, 0xff, 0xff, 0xf4,
    0x0, 0x0, 0x0, 0x6f, 0xf6, 0x0, 0x0, 0x0,
    0x0, 0x0, 0x0, 0x6f, 0xf6, 0x0, 0x0, 0x0,
    0x0, 0x0, 0x0, 0x6f, 0xf6, 0x0, 0x0, 0x0,
    0x0, 0x0, 0x0, 0x5f, 0xf5, 0x0, 0x0, 0x0,
    0x0, 0x0, 0x0, 0x1e, 0xe2, 0x0, 0x0, 0x0,
    0x0, 0x0, 0x0, 0x0, 0x0, 0x0, 0x0, 0x0,
    0x19, 0xaa, 0xaa, 0xaa, 0xaa, 0xaa, 0xaa, 0x91,
    0x8f, 0xff, 0xff, 0xff, 0xff, 0xff, 0xff, 0xf8,
    0x4f, 0xff, 0xff, 0xff, 0xff, 0xff, 0xff, 0xf4,

    /* U+00B2 "²" */
    0x0, 0x6b, 0xef, 0xea, 0x20, 0x0, 0xcf, 0xff,
    0xff, 0xfe, 0x20, 0xe, 0xfb, 0x89, 0xff, 0xf9,
    0x0, 0x12, 0x0, 0x9, 0xff, 0xc0, 0x0, 0x0,
    0x0, 0x8f, 0xfb, 0x0, 0x0, 0x0, 0xd, 0xff,
    0x50, 0x0, 0x0, 0x9, 0xff, 0xc0, 0x0, 0x0,
    0x8, 0xff, 0xd1, 0x0, 0x0, 0x7, 0xff, 0xe1,
    0x0, 0x0, 0x6, 0xff, 0xe2, 0x0, 0x0, 0x4,
    0xff, 0xfb, 0x88, 0x87, 0x10, 0xaf, 0xff, 0xff,
    0xff, 0xf8, 0x5, 0xff, 0xff, 0xff, 0xff, 0x40,

    /* U+00B3 "³" */
    0x0, 0x6b, 0xef, 0xeb, 0x40, 0x0, 0xcf, 0xff,
    0xff, 0xff, 0x50, 0xe, 0xfc, 0x88, 0xdf, 0xfc,
    0x0, 0x12, 0x0, 0x2, 0xff, 0xe0, 0x0, 0x0,
    0x0, 0x6f, 0xf9, 0x0, 0x1, 0xef, 0xff, 0xfb,
    0x10, 0x0, 0x4f, 0xff, 0xff, 0xb1, 0x0, 0x0,
    0x68, 0x8b, 0xff, 0xd0, 0x0, 0x0, 0x0, 0xc,
    0xff, 0x20, 0x22, 0x0, 0x0, 0xdf, 0xf3, 0x1f,
    0xfb, 0x88, 0xcf, 0xff, 0x10, 0xef, 0xff, 0xff,
    0xff, 0x60, 0x0, 0x7c, 0xef, 0xeb, 0x40, 0x0,

    /* U+00B4 "´" */
    0x0, 0x0, 0x41, 0x0, 0x0, 0x8f, 0xf1, 0x0,
    0x1f, 0xff, 0x30, 0x9, 0xff, 0xa0, 0x2, 0xff,
    0xe1, 0x0, 0x9f, 0xf4, 0x0, 0xf, 0xf9, 0x0,
    0x0, 0x69, 0x0, 0x0,

    /* U+00B5 "µ" */
    0x4e, 0xf7, 0x0, 0x0, 0x0, 0x6f, 0xe5, 0xbf,
    0xff, 0x0, 0x0, 0x0, 0xef, 0xfc, 0xcf, 0xff,
    0x0, 0x0, 0x0, 0xff, 0xfd, 0xcf, 0xff, 0x0,
    0x0, 0x0, 0xff, 0xfd, 0xcf, 0xff, 0x0, 0x0,
    0x0, 0xff, 0xfd, 0xcf, 0xff, 0x0, 0x0, 0x0,
    0xff, 0xfd, 0xcf, 0xff, 0x0, 0x0, 0x0, 0xff,
    0xfd, 0xcf, 0xff, 0x0, 0x0, 0x0, 0xff, 0xfd,
    0xcf, 0xff, 0x0, 0x0, 0x0, 0xff, 0xfd, 0xcf,
    0xff, 0x0, 0x0, 0x1, 0xff, 0xfd, 0xcf, 0xff,
    0x30, 0x0, 0x8, 0xff, 0xfd, 0xcf, 0xff, 0xc2,
    0x1, 0x7f, 0xff, 0xfd, 0xcf, 0xff, 0xff, 0xff,
    0xff, 0xef, 0xfd, 0xcf, 0xff, 0xff, 0xff, 0xf7,
    0xdf, 0xfc, 0xcf, 0xfc, 0x7e, 0xfd, 0x60, 0x5e,
    0xe5, 0xcf, 0xfc, 0x0, 0x0, 0x0, 0x0, 0x0,
    0xcf, 0xfd, 0x0, 0x0, 0x0, 0x0, 0x0, 0xcf,
    0xfd, 0x0, 0x0, 0x0, 0x0, 0x0, 0xcf, 0xfe,
    0x0, 0x0, 0x0, 0x0, 0x0, 0xbf, 0xfd, 0x0,
    0x0, 0x0, 0x0, 0x0, 0x4e, 0xf6, 0x0, 0x0,
    0x0, 0x0, 0x0,

    /* U+00B6 "¶" */
    0x0, 0x5, 0xbe, 0xff, 0xff, 0xff, 0xff, 0xc1,
    0x1, 0xcf, 0xff, 0xff, 0xff, 0xff, 0xff, 0xf6,
    0xc, 0xff, 0xff, 0xff, 0xfb, 0xaa, 0xcf, 0xf7,
    0x5f, 0xff, 0xff, 0xff, 0xf3, 0x0, 0x4f, 0xf7,
    0xbf, 0xff, 0xff, 0xff, 0xf3, 0x0, 0x4f, 0xf7,
    0xdf, 0xff, 0xff, 0xff, 0xf3, 0x0, 0x4f, 0xf7,
    0xef, 0xff, 0xff, 0xff, 0xf3, 0x0, 0x4f, 0xf7,
    0xdf, 0xff, 0xff, 0xff, 0xf3, 0x0, 0x4f, 0xf7,
    0x9f, 0xff, 0xff, 0xff, 0xf3, 0x0, 0x4f, 0xf7,
    0x3f, 0xff, 0xff, 0xff, 0xf3, 0x0, 0x4f, 0xf7,
    0x9, 0xff, 0xff, 0xff, 0xf3, 0x0, 0x4f, 0xf7,
    0x0, 0x8f, 0xff, 0xff, 0xf3, 0x0, 0x4f, 0xf7,
    0x0, 0x2, 0x8b, 0xef, 0xf3, 0x0, 0x4f, 0xf7,
    0x0, 0x0, 0x0, 0x8f, 0xf3, 0x0, 0x4f, 0xf7,
    0x0, 0x0, 0x0, 0x8f, 0xf3, 0x0, 0x4f, 0xf7,
    0x0, 0x0, 0x0, 0x8f, 0xf3, 0x0, 0x4f, 0xf7,
    0x0, 0x0, 0x0, 0x8f, 0xf3, 0x0, 0x4f, 0xf7,
    0x0, 0x0, 0x0, 0x8f, 0xf3, 0x0, 0x4f, 0xf7,
    0x0, 0x0, 0x0, 0x8f, 0xf3, 0x0, 0x4f, 0xf7,
    0x0, 0x0, 0x0, 0x8f, 0xf3, 0x0, 0x4f, 0xf7,
    0x0, 0x0, 0x0, 0x8f, 0xf3, 0x0, 0x4f, 0xf7,
    0x0, 0x0, 0x0, 0x8f, 0xf3, 0x0, 0x4f, 0xf7,
    0x0, 0x0, 0x0, 0x8f, 0xf3, 0x0, 0x4f, 0xf7,
    0x0, 0x0, 0x0, 0x8f, 0xf3, 0x0, 0x4f, 0xf7,
    0x0, 0x0, 0x0, 0x8f, 0xf3, 0x0, 0x4f, 0xf7,
    0x0, 0x0, 0x0, 0x8f, 0xf3, 0x0, 0x4f, 0xf6,
    0x0, 0x0, 0x0, 0x4f, 0xd0, 0x0, 0x1d, 0xe3,

    /* U+00B7 "·" */
    0x1, 0x64, 0x2, 0xff, 0xf9, 0x7f, 0xff, 0xe6,
    0xff, 0xfd, 0xa, 0xfe, 0x40,

    /* U+00B8 "¸" */
    0x0, 0x1, 0x10, 0x0, 0x0, 0x3f, 0xc0, 0x0,
    0x0, 0x5f, 0xc5, 0x10, 0x0, 0x7f, 0xff, 0xf3,
    0x0, 0x0, 0xc, 0xf9, 0xe, 0xfd, 0xdf, 0xf6,
    0x8, 0xdf, 0xfd, 0x60,

    /* U+00B9 "¹" */
    0x0, 0x2, 0xbf, 0xa0, 0x0, 0x1, 0x9f, 0xff,
    0xf0, 0x0, 0x1e, 0xff, 0xff, 0xf0, 0x0, 0x2f,
    0xfd, 0xff, 0xf0, 0x0, 0x5, 0x50, 0xff, 0xf0,
    0x0, 0x0, 0x0, 0xff, 0xf0, 0x0, 0x0, 0x0,
    0xff, 0xf0, 0x0, 0x0, 0x0, 0xff, 0xf0, 0x0,
    0x0, 0x0, 0xff, 0xf0, 0x0, 0x0, 0x0, 0xff,
    0xf0, 0x0, 0x5, 0x88, 0xff, 0xf8, 0x71, 0x2f,
    0xff, 0xff, 0xff, 0xf7, 0xd, 0xff, 0xff, 0xff,
    0xf3,

    /* U+00BA "º" */
    0x0, 0x3b, 0xef, 0xd8, 0x10, 0x0, 0x5f, 0xff,
    0xef, 0xfd, 0x10, 0x1f, 0xfb, 0x0, 0x3f, 0xf9,
    0x5, 0xff, 0x30, 0x0, 0x9f, 0xe0, 0x6f, 0xf1,
    0x0, 0x7, 0xff, 0x5, 0xff, 0x30, 0x0, 0x9f,
    0xe0, 0xf, 0xfb, 0x10, 0x4f, 0xf9, 0x0, 0x5f,
    0xff, 0xef, 0xfd, 0x10, 0x0, 0x3b, 0xef, 0xd8,
    0x0, 0x0,

    /* U+00BB "»" */
    0x7, 0x80, 0x0, 0x5, 0x92, 0x0, 0x4, 0xff,
    0x90, 0x1, 0xff, 0xc0, 0x0, 0x2f, 0xff, 0x30,
    0xe, 0xff, 0x60, 0x0, 0xbf, 0xfc, 0x0, 0x8f,
    0xfe, 0x10, 0x3, 0xff, 0xf6, 0x1, 0xff, 0xf9,
    0x0, 0xc, 0xff, 0xd0, 0x8, 0xff, 0xf1, 0x0,
    0xcf, 0xfd, 0x0, 0x8f, 0xff, 0x10, 0x3f, 0xff,
    0x60, 0x1f, 0xff, 0x90, 0xb, 0xff, 0xc0, 0x8,
    0xff, 0xe1, 0x2, 0xff, 0xf3, 0x0, 0xef, 0xf6,
    0x0, 0x5f, 0xf8, 0x0, 0x1f, 0xfc, 0x0, 0x0,
    0x78, 0x0, 0x0, 0x69, 0x10, 0x0,

    /* U+00BC "¼" */
    0x0, 0x0, 0x27, 0x30, 0x0, 0x0, 0x0, 0x0,
    0x0, 0x8a, 0x10, 0x0, 0x0, 0x0, 0x1, 0x9f,
    0xfe, 0x0, 0x0, 0x0, 0x0, 0x0, 0x5f, 0xf7,
    0x0, 0x0, 0x0, 0x5, 0xef, 0xff, 0xf0, 0x0,
    0x0, 0x0, 0x0, 0xe, 0xff, 0x40, 0x0, 0x0,
    0x2, 0xff, 0xff, 0xff, 0x0, 0x0, 0x0, 0x0,
    0x8, 0xff, 0xb0, 0x0, 0x0, 0x0, 0x1e, 0xf7,
    0xff, 0xf0, 0x0, 0x0, 0x0, 0x2, 0xff, 0xf2,
    0x0, 0x0, 0x0, 0x0, 0x0, 0xf, 0xff, 0x0,
    0x0, 0x0, 0x0, 0xaf, 0xf8, 0x0, 0x0, 0x0,
    0x0, 0x0, 0x0, 0xff, 0xf0, 0x0, 0x0, 0x0,
    0x3f, 0xfe, 0x0, 0x0, 0x0, 0x0, 0x0, 0x0,
    0xf, 0xff, 0x0, 0x0, 0x0, 0xd, 0xff, 0x60,
    0x0, 0x0, 0x0, 0x0, 0x0, 0x0, 0xff, 0xf0,
    0x0, 0x0, 0x6, 0xff, 0xd0, 0x0, 0x0, 0x0,
    0x0, 0x0, 0x0, 0xf, 0xff, 0x0, 0x0, 0x1,
    0xef, 0xf3, 0x0, 0x0, 0x9f, 0xc0, 0x0, 0x0,
    0x0, 0xff, 0xf0, 0x0, 0x0, 0x9f, 0xfa, 0x0,
    0x0, 0x6f, 0xff, 0x40, 0x0, 0xdf, 0xff, 0xff,
    0xff, 0x40, 0x2f, 0xff, 0x20, 0x0, 0x2f, 0xff,
    0xf4, 0x0, 0x2f, 0xff, 0xff, 0xff, 0xf7, 0xb,
    0xff, 0x80, 0x0, 0xd, 0xff, 0xff, 0x40, 0x0,
    0x58, 0x88, 0x88, 0x87, 0x4, 0xff, 0xe0, 0x0,
    0x8, 0xff, 0xdf, 0xf4, 0x0, 0x0, 0x0, 0x0,
    0x0, 0x0, 0xdf, 0xf5, 0x0, 0x4, 0xff, 0x6b,
    0xff, 0x40, 0x0, 0x0, 0x0, 0x0, 0x0, 0x7f,
    0xfc, 0x0, 0x1, 0xef, 0xb0, 0xbf, 0xf4, 0x0,
    0x0, 0x0, 0x0, 0x0, 0x1f, 0xff, 0x30, 0x0,
    0xaf, 0xe1, 0xb, 0xff, 0x40, 0x0, 0x0, 0x0,
    0x0, 0x9, 0xff, 0xa0, 0x0, 0x3f, 0xff, 0xff,
    0xff, 0xff, 0xc0, 0x0, 0x0, 0x0, 0x3, 0xff,
    0xf1, 0x0, 0x5, 0xff, 0xff, 0xff, 0xff, 0xff,
    0x0, 0x0, 0x0, 0x0, 0xcf, 0xf7, 0x0, 0x0,
    0x6, 0x88, 0x88, 0xdf, 0xfa, 0x50, 0x0, 0x0,
    0x0, 0x4f, 0xfd, 0x0, 0x0, 0x0, 0x0, 0x0,
    0xb, 0xff, 0x40, 0x0, 0x0, 0x0, 0x5, 0xff,
    0x50, 0x0, 0x0, 0x0, 0x0, 0x0, 0x5f, 0xd1,
    0x0, 0x0, 0x0, 0x0, 0x6, 0x50, 0x0, 0x0,
    0x0, 0x0, 0x0, 0x0, 0x0, 0x0, 0x0,

    /* U+00BD "½" */
    0x0, 0x0, 0x27, 0x30, 0x0, 0x0, 0x0, 0x0,
    0x0, 0x8a, 0x10, 0x0, 0x0, 0x0, 0x1, 0x9f,
    0xfe, 0x0, 0x0, 0x0, 0x0, 0x0, 0x5f, 0xf7,
    0x0, 0x0, 0x0, 0x5, 0xef, 0xff, 0xf0, 0x0,
    0x0, 0x0, 0x0, 0xe, 0xff, 0x40, 0x0, 0x0,
    0x2, 0xff, 0xff, 0xff, 0x0, 0x0, 0x0, 0x0,
    0x8, 0xff, 0xb0, 0x0, 0x0, 0x0, 0x1e, 0xf7,
    0xff, 0xf0, 0x0, 0x0, 0x0, 0x2, 0xff, 0xf2,
    0x0, 0x0, 0x0, 0x0, 0x0, 0xf, 0xff, 0x0,
    0x0, 0x0, 0x0, 0xaf, 0xf8, 0x0, 0x0, 0x0,
    0x0, 0x0, 0x0, 0xff, 0xf0, 0x0, 0x0, 0x0,
    0x3f, 0xfe, 0x0, 0x0, 0x0, 0x0, 0x0, 0x0,
    0xf, 0xff, 0x0, 0x0, 0x0, 0xd, 0xff, 0x60,
    0x0, 0x0, 0x0, 0x0, 0x0, 0x0, 0xff, 0xf0,
    0x0, 0x0, 0x6, 0xff, 0xd0, 0x0, 0x0, 0x0,
    0x0, 0x0, 0x0, 0xf, 0xff, 0x0, 0x0, 0x1,
    0xef, 0xf3, 0x3, 0x9d, 0xff, 0xc5, 0x0, 0x0,
    0x0, 0xff, 0xf0, 0x0, 0x0, 0x9f, 0xfa, 0x6,
    0xff, 0xff, 0xff, 0xf7, 0x0, 0xdf, 0xff, 0xff,
    0xff, 0x40, 0x2f, 0xff, 0x20, 0x8f, 0xe9, 0x8d,
    0xff, 0xf0, 0x2f, 0xff, 0xff, 0xff, 0xf7, 0xb,
    0xff, 0x80, 0x0, 0x40, 0x0, 0x2f, 0xff, 0x20,
    0x58, 0x88, 0x88, 0x87, 0x4, 0xff, 0xe0, 0x0,
    0x0, 0x0, 0x1, 0xff, 0xf1, 0x0, 0x0, 0x0,
    0x0, 0x0, 0xdf, 0xf5, 0x0, 0x0, 0x0, 0x0,
    0x7f, 0xfc, 0x0, 0x0, 0x0, 0x0, 0x0, 0x7f,
    0xfc, 0x0, 0x0, 0x0, 0x0, 0x3f, 0xff, 0x30,
    0x0, 0x0, 0x0, 0x0, 0x1f, 0xff, 0x30, 0x0,
    0x0, 0x0, 0x2e, 0xff, 0x50, 0x0, 0x0, 0x0,
    0x0, 0x9, 0xff, 0xa0, 0x0, 0x0, 0x0, 0x2e,
    0xff, 0x60, 0x0, 0x0, 0x0, 0x0, 0x3, 0xff,
    0xf1, 0x0, 0x0, 0x0, 0x1d, 0xff, 0x70, 0x0,
    0x0, 0x0, 0x0, 0x0, 0xcf, 0xf7, 0x0, 0x0,
    0x0, 0xd, 0xff, 0xe8, 0x88, 0x84, 0x0, 0x0,
    0x0, 0x4f, 0xfd, 0x0, 0x0, 0x0, 0x3, 0xff,
    0xff, 0xff, 0xff, 0xe0, 0x0, 0x0, 0x5, 0xff,
    0x50, 0x0, 0x0, 0x0, 0xc, 0xff, 0xff, 0xff,
    0xfa, 0x0, 0x0, 0x0, 0x6, 0x50, 0x0, 0x0,
    0x0, 0x0, 0x0, 0x0, 0x0, 0x0, 0x0,

    /* U+00BE "¾" */
    0x0, 0x3, 0x67, 0x63, 0x0, 0x0, 0x0, 0x0,
    0x0, 0x8, 0xa1, 0x0, 0x0, 0x0, 0x5, 0xef,
    0xff, 0xff, 0xc1, 0x0, 0x0, 0x0, 0x0, 0x5f,
    0xf7, 0x0, 0x0, 0x0, 0xf, 0xff, 0xff, 0xff,
    0xfa, 0x0, 0x0, 0x0, 0x0, 0xef, 0xf4, 0x0,
    0x0, 0x0, 0x7, 0xa4, 0x0, 0x7f, 0xfe, 0x0,
    0x0, 0x0, 0x8, 0xff, 0xb0, 0x0, 0x0, 0x0,
    0x0, 0x0, 0x0, 0x1f, 0xfc, 0x0, 0x0, 0x0,
    0x2f, 0xff, 0x20, 0x0, 0x0, 0x0, 0x0, 0x6,
    0x88, 0xdf, 0xf4, 0x0, 0x0, 0x0, 0xaf, 0xf8,
    0x0, 0x0, 0x0, 0x0, 0x0, 0x4f, 0xff, 0xff,
    0x70, 0x0, 0x0, 0x3, 0xff, 0xe0, 0x0, 0x0,
    0x0, 0x0, 0x0, 0x1e, 0xff, 0xff, 0xf7, 0x0,
    0x0, 0xd, 0xff, 0x60, 0x0, 0x0, 0x0, 0x0,
    0x0, 0x0, 0x0, 0x3e, 0xff, 0x10, 0x0, 0x6f,
    0xfd, 0x0, 0x0, 0x0, 0x0, 0x0, 0x0, 0x0,
    0x0, 0xb, 0xff, 0x30, 0x1, 0xef, 0xf3, 0x0,
    0x0, 0x9f, 0xc0, 0x0, 0xa, 0xa4, 0x0, 0x4f,
    0xff, 0x20, 0x9, 0xff, 0xa0, 0x0, 0x6, 0xff,
    0xf4, 0x0, 0x1f, 0xff, 0xff, 0xff, 0xfc, 0x0,
    0x2f, 0xff, 0x20, 0x0, 0x2f, 0xff, 0xf4, 0x0,
    0x6, 0xef, 0xff, 0xff, 0xc1, 0x0, 0xbf, 0xf8,
    0x0, 0x0, 0xdf, 0xff, 0xf4, 0x0, 0x0, 0x4,
    0x67, 0x63, 0x0, 0x4, 0xff, 0xe0, 0x0, 0x8,
    0xff, 0xdf, 0xf4, 0x0, 0x0, 0x0, 0x0, 0x0,
    0x0, 0xd, 0xff, 0x50, 0x0, 0x4f, 0xf5, 0xbf,
    0xf4, 0x0, 0x0, 0x0, 0x0, 0x0, 0x0, 0x7f,
    0xfc, 0x0, 0x1, 0xef, 0xa0, 0xbf, 0xf4, 0x0,
    0x0, 0x0, 0x0, 0x0, 0x1, 0xff, 0xf3, 0x0,
    0xa, 0xfe, 0x10, 0xbf, 0xf4, 0x0, 0x0, 0x0,
    0x0, 0x0, 0x9, 0xff, 0xa0, 0x0, 0x3f, 0xff,
    0xff, 0xff, 0xff, 0xc0, 0x0, 0x0, 0x0, 0x0,
    0x3f, 0xff, 0x10, 0x0, 0x5f, 0xff, 0xff, 0xff,
    0xff, 0xf0, 0x0, 0x0, 0x0, 0x0, 0xcf, 0xf7,
    0x0, 0x0, 0x6, 0x88, 0x88, 0xdf, 0xfa, 0x50,
    0x0, 0x0, 0x0, 0x4, 0xff, 0xd0, 0x0, 0x0,
    0x0, 0x0, 0x0, 0xbf, 0xf4, 0x0, 0x0, 0x0,
    0x0, 0x5, 0xff, 0x50, 0x0, 0x0, 0x0, 0x0,
    0x0, 0x5f, 0xd1, 0x0, 0x0, 0x0, 0x0, 0x0,
    0x65, 0x0, 0x0, 0x0, 0x0, 0x0, 0x0, 0x0,
    0x0, 0x0,

    /* U+00BF "¿" */
    0x0, 0x0, 0x5, 0xef, 0x90, 0x0, 0x0, 0x0,
    0x0, 0xf, 0xff, 0xf4, 0x0, 0x0, 0x0, 0x0,
    0xf, 0xff, 0xf5, 0x0, 0x0, 0x0, 0x0, 0xb,
    0xff, 0xe1, 0x0, 0x0, 0x0, 0x0, 0x0, 0x56,
    0x10, 0x0, 0x0, 0x0, 0x0, 0x0, 0x0, 0x0,
    0x0, 0x0, 0x0, 0x0, 0x0, 0x78, 0x0, 0x0,
    0x0, 0x0, 0x0, 0x2, 0xff, 0x30, 0x0, 0x0,
    0x0, 0x0, 0x8, 0xff, 0x30, 0x0, 0x0, 0x0,
    0x0, 0x2f, 0xff, 0x0, 0x0, 0x0, 0x0, 0x1,
    0xdf, 0xf8, 0x0, 0x0, 0x0, 0x0, 0x2e, 0xff,
    0xd0, 0x0, 0x0, 0x0, 0x2, 0xef, 0xfe, 0x20,
    0x0, 0x0, 0x0, 0xc, 0xff, 0xf2, 0x0, 0x0,
    0x0, 0x0, 0x3f, 0xff, 0x80, 0x0, 0x0, 0x0,
    0x0, 0x7f, 0xff, 0x50, 0x0, 0x0, 0x0, 0x0,
    0x7f, 0xff, 0x80, 0x0, 0x0, 0x17, 0x91, 0x4f,
    0xff, 0xf8, 0x44, 0x6a, 0xff, 0xf9, 0xd, 0xff,
    0xff, 0xff, 0xff, 0xff, 0xf8, 0x1, 0xdf, 0xff,
    0xff, 0xff, 0xff, 0x70, 0x0, 0x6, 0xbe, 0xff,
    0xda, 0x60, 0x0,

    /* U+00C0 "À" */
    0x0, 0x0, 0x0, 0x1a, 0xb0, 0x0, 0x0, 0x0,
    0x0, 0x0, 0x0, 0x0, 0x0, 0x0, 0x7f, 0xfa,
    0x0, 0x0, 0x0, 0x0, 0x0, 0x0, 0x0, 0x0,
    0x0, 0x2f, 0xff, 0x50, 0x0, 0x0, 0x0, 0x0,
    0x0, 0x0, 0x0, 0x0, 0x4, 0xff, 0xe1, 0x0,
    0x0, 0x0, 0x0, 0x0, 0x0, 0x0, 0x0, 0x0,
    0x5f, 0xf9, 0x0, 0x0, 0x0, 0x0, 0x0, 0x0,
    0x0, 0x0, 0x0, 0x6, 0xf7, 0x0, 0x0, 0x0,
    0x0, 0x0, 0x0, 0x0, 0x0, 0x0, 0x0, 0x0,
    0x0, 0x0, 0x0, 0x0, 0x0, 0x0, 0x0, 0x0,
    0x0, 0x0, 0x0, 0x0, 0x0, 0x0, 0x0, 0x0,
    0x0, 0x0, 0x0, 0x0, 0x4, 0xef, 0x80, 0x0,
    0x0, 0x0, 0x0, 0x0, 0x0, 0x0, 0x0, 0xe,
    0xff, 0xf5, 0x0, 0x0, 0x0, 0x0, 0x0, 0x0,
    0x0, 0x0, 0x7f, 0xff, 0xfc, 0x0, 0x0, 0x0,
    0x0, 0x0, 0x0, 0x0, 0x0, 0xef, 0xff, 0xff,
    0x40, 0x0, 0x0, 0x0, 0x0, 0x0, 0x0, 0x6,
    0xff, 0xd8, 0xff, 0xb0, 0x0, 0x0, 0x0, 0x0,
    0x0, 0x0, 0xd, 0xff, 0x72, 0xff, 0xf3, 0x0,
    0x0, 0x0, 0x0, 0x0, 0x0, 0x5f, 0xff, 0x10,
    0xbf, 0xfa, 0x0, 0x0, 0x0, 0x0, 0x0, 0x0,
    0xcf, 0xf9, 0x0, 0x4f, 0xff, 0x20, 0x0, 0x0,
    0x0, 0x0, 0x4, 0xff, 0xf3, 0x0, 0xd, 0xff,
    0x90, 0x0, 0x0, 0x0, 0x0, 0xb, 0xff, 0xc0,
    0x0, 0x7, 0xff, 0xf1, 0x0, 0x0, 0x0, 0x0,
    0x3f, 0xff, 0x50, 0x0, 0x0, 0xff, 0xf8, 0x0,
    0x0, 0x0, 0x0, 0xaf, 0xfe, 0x0, 0x0, 0x0,
    0x9f, 0xff, 0x0, 0x0, 0x0, 0x2, 0xff, 0xf9,
    0x11, 0x11, 0x11, 0x3f, 0xff, 0x70, 0x0, 0x0,
    0x9, 0xff, 0xff, 0xff, 0xff, 0xff, 0xff, 0xff,
    0xe0, 0x0, 0x0, 0x1f, 0xff, 0xff, 0xff, 0xff,
    0xff, 0xff, 0xff, 0xf6, 0x0, 0x0, 0x8f, 0xff,
    0xff, 0xff, 0xff, 0xff, 0xff, 0xff, 0xfd, 0x0,
    0x0, 0xef, 0xfc, 0x0, 0x0, 0x0, 0x0, 0x0,
    0x7f, 0xff, 0x50, 0x6, 0xff, 0xf5, 0x0, 0x0,
    0x0, 0x0, 0x0, 0xf, 0xff, 0xc0, 0xe, 0xff,
    0xe0, 0x0, 0x0, 0x0, 0x0, 0x0, 0x9, 0xff,
    0xf4, 0x2f, 0xff, 0x70, 0x0, 0x0, 0x0, 0x0,
    0x0, 0x2, 0xff, 0xf8, 0xb, 0xfb, 0x0, 0x0,
    0x0, 0x0, 0x0, 0x0, 0x0, 0x6f, 0xe3,

    /* U+00C1 "Á" */
    0x0, 0x0, 0x0, 0x0, 0x0, 0x0, 0x6, 0xc4,
    0x0, 0x0, 0x0, 0x0, 0x0, 0x0, 0x0, 0x0,
    0x0, 0x3f, 0xfe, 0x0, 0x0, 0x0, 0x0, 0x0,
    0x0, 0x0, 0x0, 0x0, 0xdf, 0xf8, 0x0, 0x0,
    0x0, 0x0, 0x0, 0x0, 0x0, 0x0, 0x9, 0xff,
    0xa0, 0x0, 0x0, 0x0, 0x0, 0x0, 0x0, 0x0,
    0x0, 0x3f, 0xfb, 0x0, 0x0, 0x0, 0x0, 0x0,
    0x0, 0x0, 0x0, 0x0, 0x2e, 0xb0, 0x0, 0x0,
    0x0, 0x0, 0x0, 0x0, 0x0, 0x0, 0x0, 0x0,
    0x0, 0x0, 0x0, 0x0, 0x0, 0x0, 0x0, 0x0,
    0x0, 0x0, 0x0, 0x0, 0x0, 0x0, 0x0, 0x0,
    0x0, 0x0, 0x0, 0x0, 0x4, 0xef, 0x80, 0x0,
    0x0, 0x0, 0x0, 0x0, 0x0, 0x0, 0x0, 0xe,
    0xff, 0xf5, 0x0, 0x0, 0x0, 0x0, 0x0, 0x0,
    0x0, 0x0, 0x7f, 0xff, 0xfc, 0x0, 0x0, 0x0,
    0x0, 0x0, 0x0, 0x0, 0x0, 0xef, 0xff, 0xff,
    0x40, 0x0, 0x0, 0x0, 0x0, 0x0, 0x0, 0x6,
    0xff, 0xd8, 0xff, 0xb0, 0x0, 0x0, 0x0, 0x0,
    0x0, 0x0, 0xd, 0xff, 0x72, 0xff, 0xf3, 0x0,
    0x0, 0x0, 0x0, 0x0, 0x0, 0x5f, 0xff, 0x10,
    0xbf, 0xfa, 0x0, 0x0, 0x0, 0x0, 0x0, 0x0,
    0xcf, 0xf9, 0x0, 0x4f, 0xff, 0x20, 0x0, 0x0,
    0x0, 0x0, 0x4, 0xff, 0xf3, 0x0, 0xd, 0xff,
    0x90, 0x0, 0x0, 0x0, 0x0, 0xb, 0xff, 0xc0,
    0x0, 0x7, 0xff, 0xf1, 0x0, 0x0, 0x0, 0x0,
    0x3f, 0xff, 0x50, 0x0, 0x0, 0xff, 0xf8, 0x0,
    0x0, 0x0, 0x0, 0xaf, 0xfe, 0x0, 0x0, 0x0,
    0x9f, 0xff, 0x0, 0x0, 0x0, 0x2, 0xff, 0xf9,
    0x11, 0x11, 0x11, 0x3f, 0xff, 0x70, 0x0, 0x0,
    0x9, 0xff, 0xff, 0xff, 0xff, 0xff, 0xff, 0xff,
    0xe0, 0x0, 0x0, 0x1f, 0xff, 0xff, 0xff, 0xff,
    0xff, 0xff, 0xff, 0xf6, 0x0, 0x0, 0x8f, 0xff,
    0xff, 0xff, 0xff, 0xff, 0xff, 0xff, 0xfd, 0x0,
    0x0, 0xef, 0xfc, 0x0, 0x0, 0x0, 0x0, 0x0,
    0x7f, 0xff, 0x50, 0x6, 0xff, 0xf5, 0x0, 0x0,
    0x0, 0x0, 0x0, 0xf, 0xff, 0xc0, 0xe, 0xff,
    0xe0, 0x0, 0x0, 0x0, 0x0, 0x0, 0x9, 0xff,
    0xf4, 0x2f, 0xff, 0x70, 0x0, 0x0, 0x0, 0x0,
    0x0, 0x2, 0xff, 0xf8, 0xb, 0xfb, 0x0, 0x0,
    0x0, 0x0, 0x0, 0x0, 0x0, 0x6f, 0xe3,

    /* U+00C2 "Â" */
    0x0, 0x0, 0x0, 0x0, 0x5, 0xef, 0x90, 0x0,
    0x0, 0x0, 0x0, 0x0, 0x0, 0x0, 0x0, 0x3f,
    0xff, 0xf9, 0x0, 0x0, 0x0, 0x0, 0x0, 0x0,
    0x0, 0x0, 0xdf, 0xfd, 0xff, 0x40, 0x0, 0x0,
    0x0, 0x0, 0x0, 0x0, 0x9, 0xff, 0x61, 0xef,
    0xe1, 0x0, 0x0, 0x0, 0x0, 0x0, 0x0, 0x3f,
    0xf9, 0x0, 0x3f, 0xfa, 0x0, 0x0, 0x0, 0x0,
    0x0, 0x0, 0x3e, 0xb0, 0x0, 0x5, 0xf8, 0x0,
    0x0, 0x0, 0x0, 0x0, 0x0, 0x0, 0x0, 0x0,
    0x0, 0x0, 0x0, 0x0, 0x0, 0x0, 0x0, 0x0,
    0x0, 0x0, 0x0, 0x0, 0x0, 0x0, 0x0, 0x0,
    0x0, 0x0, 0x0, 0x0, 0x4, 0xef, 0x80, 0x0,
    0x0, 0x0, 0x0, 0x0, 0x0, 0x0, 0x0, 0xe,
    0xff, 0xf5, 0x0, 0x0, 0x0, 0x0, 0x0, 0x0,
    0x0, 0x0, 0x7f, 0xff, 0xfc, 0x0, 0x0, 0x0,
    0x0, 0x0, 0x0, 0x0, 0x0, 0xef, 0xff, 0xff,
    0x40, 0x0, 0x0, 0x0, 0x0, 0x0, 0x0, 0x6,
    0xff, 0xd8, 0xff, 0xb0, 0x0, 0x0, 0x0, 0x0,
    0x0, 0x0, 0xd, 0xff, 0x72, 0xff, 0xf3, 0x0,
    0x0, 0x0, 0x0, 0x0, 0x0, 0x5f, 0xff, 0x10,
    0xbf, 0xfa, 0x0, 0x0, 0x0, 0x0, 0x0, 0x0,
    0xcf, 0xf9, 0x0, 0x4f, 0xff, 0x20, 0x0, 0x0,
    0x0, 0x0, 0x4, 0xff, 0xf3, 0x0, 0xd, 0xff,
    0x90, 0x0, 0x0, 0x0, 0x0, 0xb, 0xff, 0xc0,
    0x0, 0x7, 0xff, 0xf1, 0x0, 0x0, 0x0, 0x0,
    0x3f, 0xff, 0x50, 0x0, 0x0, 0xff, 0xf8, 0x0,
    0x0, 0x0, 0x0, 0xaf, 0xfe, 0x0, 0x0, 0x0,
    0x9f, 0xff, 0x0, 0x0, 0x0, 0x2, 0xff, 0xf9,
    0x11, 0x11, 0x11, 0x3f, 0xff, 0x70, 0x0, 0x0,
    0x9, 0xff, 0xff, 0xff, 0xff, 0xff, 0xff, 0xff,
    0xe0, 0x0, 0x0, 0x1f, 0xff, 0xff, 0xff, 0xff,
    0xff, 0xff, 0xff, 0xf6, 0x0, 0x0, 0x8f, 0xff,
    0xff, 0xff, 0xff, 0xff, 0xff, 0xff, 0xfd, 0x0,
    0x0, 0xef, 0xfc, 0x0, 0x0, 0x0, 0x0, 0x0,
    0x7f, 0xff, 0x50, 0x6, 0xff, 0xf5, 0x0, 0x0,
    0x0, 0x0, 0x0, 0xf, 0xff, 0xc0, 0xe, 0xff,
    0xe0, 0x0, 0x0, 0x0, 0x0, 0x0, 0x9, 0xff,
    0xf4, 0x2f, 0xff, 0x70, 0x0, 0x0, 0x0, 0x0,
    0x0, 0x2, 0xff, 0xf8, 0xb, 0xfb, 0x0, 0x0,
    0x0, 0x0, 0x0, 0x0, 0x0, 0x6f, 0xe3,

    /* U+00C3 "Ã" */
    0x0, 0x0, 0x0, 0x0, 0x0, 0x0, 0x0, 0x0,
    0x0, 0x0, 0x0, 0x0, 0x0, 0x0, 0x6d, 0xfd,
    0x70, 0x0, 0x1, 0xea, 0x0, 0x0, 0x0, 0x0,
    0x7, 0xff, 0xff, 0xfe, 0x61, 0x1b, 0xfa, 0x0,
    0x0, 0x0, 0x0, 0x1f, 0xfb, 0x7b, 0xff, 0xff,
    0xff, 0xf4, 0x0, 0x0, 0x0, 0x0, 0x5f, 0xb0,
    0x0, 0x4e, 0xff, 0xff, 0x90, 0x0, 0x0, 0x0,
    0x0, 0x2a, 0x30, 0x0, 0x0, 0x6a, 0x95, 0x0,
    0x0, 0x0, 0x0, 0x0, 0x0, 0x0, 0x0, 0x0,
    0x0, 0x0, 0x0, 0x0, 0x0, 0x0, 0x0, 0x0,
    0x0, 0x0, 0x0, 0x0, 0x0, 0x0, 0x0, 0x0,
    0x0, 0x0, 0x0, 0x0, 0x4, 0xef, 0x80, 0x0,
    0x0, 0x0, 0x0, 0x0, 0x0, 0x0, 0x0, 0xe,
    0xff, 0xf5, 0x0, 0x0, 0x0, 0x0, 0x0, 0x0,
    0x0, 0x0, 0x7f, 0xff, 0xfc, 0x0, 0x0, 0x0,
    0x0, 0x0, 0x0, 0x0, 0x0, 0xef, 0xff, 0xff,
    0x40, 0x0, 0x0, 0x0, 0x0, 0x0, 0x0, 0x6,
    0xff, 0xd8, 0xff, 0xb0, 0x0, 0x0, 0x0, 0x0,
    0x0, 0x0, 0xd, 0xff, 0x72, 0xff, 0xf3, 0x0,
    0x0, 0x0, 0x0, 0x0, 0x0, 0x5f, 0xff, 0x10,
    0xbf, 0xfa, 0x0, 0x0, 0x0, 0x0, 0x0, 0x0,
    0xcf, 0xf9, 0x0, 0x4f, 0xff, 0x20, 0x0, 0x0,
    0x0, 0x0, 0x4, 0xff, 0xf3, 0x0, 0xd, 0xff,
    0x90, 0x0, 0x0, 0x0, 0x0, 0xb, 0xff, 0xc0,
    0x0, 0x7, 0xff, 0xf1, 0x0, 0x0, 0x0, 0x0,
    0x3f, 0xff, 0x50, 0x0, 0x0, 0xff, 0xf8, 0x0,
    0x0, 0x0, 0x0, 0xaf, 0xfe, 0x0, 0x0, 0x0,
    0x9f, 0xff, 0x0, 0x0, 0x0, 0x2, 0xff, 0xf9,
    0x11, 0x11, 0x11, 0x3f, 0xff, 0x70, 0x0, 0x0,
    0x9, 0xff, 0xff, 0xff, 0xff, 0xff, 0xff, 0xff,
    0xe0, 0x0, 0x0, 0x1f, 0xff, 0xff, 0xff, 0xff,
    0xff, 0xff, 0xff, 0xf6, 0x0, 0x0, 0x8f, 0xff,
    0xff, 0xff, 0xff, 0xff, 0xff, 0xff, 0xfd, 0x0,
    0x0, 0xef, 0xfc, 0x0, 0x0, 0x0, 0x0, 0x0,
    0x7f, 0xff, 0x50, 0x6, 0xff, 0xf5, 0x0, 0x0,
    0x0, 0x0, 0x0, 0xf, 0xff, 0xc0, 0xe, 0xff,
    0xe0, 0x0, 0x0, 0x0, 0x0, 0x0, 0x9, 0xff,
    0xf4, 0x2f, 0xff, 0x70, 0x0, 0x0, 0x0, 0x0,
    0x0, 0x2, 0xff, 0xf8, 0xb, 0xfb, 0x0, 0x0,
    0x0, 0x0, 0x0, 0x0, 0x0, 0x6f, 0xe3,

    /* U+00C4 "Ä" */
    0x0, 0x0, 0x0, 0x8, 0xa5, 0x0, 0x2a, 0xa2,
    0x0, 0x0, 0x0, 0x0, 0x0, 0x0, 0x6f, 0xff,
    0x20, 0xbf, 0xfc, 0x0, 0x0, 0x0, 0x0, 0x0,
    0x0, 0x7f, 0xff, 0x30, 0xcf, 0xfd, 0x0, 0x0,
    0x0, 0x0, 0x0, 0x0, 0x1c, 0xfa, 0x0, 0x4e,
    0xf5, 0x0, 0x0, 0x0, 0x0, 0x0, 0x0, 0x0,
    0x0, 0x0, 0x0, 0x0, 0x0, 0x0, 0x0, 0x0,
    0x0, 0x0, 0x0, 0x0, 0x0, 0x0, 0x0, 0x0,
    0x0, 0x0, 0x0, 0x0, 0x0, 0x0, 0x0, 0x0,
    0x0, 0x0, 0x0, 0x0, 0x0, 0x0, 0x0, 0x0,
    0x0, 0x4, 0xef, 0x80, 0x0, 0x0, 0x0, 0x0,
    0x0, 0x0, 0x0, 0x0, 0xe, 0xff, 0xf5, 0x0,
    0x0, 0x0, 0x0, 0x0, 0x0, 0x0, 0x0, 0x7f,
    0xff, 0xfc, 0x0, 0x0, 0x0, 0x0, 0x0, 0x0,
    0x0, 0x0, 0xef, 0xff, 0xff, 0x40, 0x0, 0x0,
    0x0, 0x0, 0x0, 0x0, 0x6, 0xff, 0xd8, 0xff,
    0xb0, 0x0, 0x0, 0x0, 0x0, 0x0, 0x0, 0xd,
    0xff, 0x72, 0xff, 0xf3, 0x0, 0x0, 0x0, 0x0,
    0x0, 0x0, 0x5f, 0xff, 0x10, 0xbf, 0xfa, 0x0,
    0x0, 0x0, 0x0, 0x0, 0x0, 0xcf, 0xf9, 0x0,
    0x4f, 0xff, 0x20, 0x0, 0x0, 0x0, 0x0, 0x4,
    0xff, 0xf3, 0x0, 0xd, 0xff, 0x90, 0x0, 0x0,
    0x0, 0x0, 0xb, 0xff, 0xc0, 0x0, 0x7, 0xff,
    0xf1, 0x0, 0x0, 0x0, 0x0, 0x3f, 0xff, 0x50,
    0x0, 0x0, 0xff, 0xf8, 0x0, 0x0, 0x0, 0x0,
    0xaf, 0xfe, 0x0, 0x0, 0x0, 0x9f, 0xff, 0x0,
    0x0, 0x0, 0x2, 0xff, 0xf9, 0x11, 0x11, 0x11,
    0x3f, 0xff, 0x70, 0x0, 0x0, 0x9, 0xff, 0xff,
    0xff, 0xff, 0xff, 0xff, 0xff, 0xe0, 0x0, 0x0,
    0x1f, 0xff, 0xff, 0xff, 0xff, 0xff, 0xff, 0xff,
    0xf6, 0x0, 0x0, 0x8f, 0xff, 0xff, 0xff, 0xff,
    0xff, 0xff, 0xff, 0xfd, 0x0, 0x0, 0xef, 0xfc,
    0x0, 0x0, 0x0, 0x0, 0x0, 0x7f, 0xff, 0x50,
    0x6, 0xff, 0xf5, 0x0, 0x0, 0x0, 0x0, 0x0,
    0xf, 0xff, 0xc0, 0xe, 0xff, 0xe0, 0x0, 0x0,
    0x0, 0x0, 0x0, 0x9, 0xff, 0xf4, 0x2f, 0xff,
    0x70, 0x0, 0x0, 0x0, 0x0, 0x0, 0x2, 0xff,
    0xf8, 0xb, 0xfb, 0x0, 0x0, 0x0, 0x0, 0x0,
    0x0, 0x0, 0x6f, 0xe3,

    /* U+00C5 "Å" */
    0x0, 0x0, 0x0, 0x0, 0x1a, 0xef, 0xc4, 0x0,
    0x0, 0x0, 0x0, 0x0, 0x0, 0x0, 0x0, 0xdf,
    0xdc, 0xff, 0x50, 0x0, 0x0, 0x0, 0x0, 0x0,
    0x0, 0x6, 0xf9, 0x0, 0x3f, 0xc0, 0x0, 0x0,
    0x0, 0x0, 0x0, 0x0, 0x9, 0xf4, 0x0, 0xe,
    0xf0, 0x0, 0x0, 0x0, 0x0, 0x0, 0x0, 0x6,
    0xf9, 0x0, 0x3f, 0xc0, 0x0, 0x0, 0x0, 0x0,
    0x0, 0x0, 0x0, 0xdf, 0xdb, 0xff, 0x40, 0x0,
    0x0, 0x0, 0x0, 0x0, 0x0, 0x0, 0x19, 0xef,
    0xc4, 0x0, 0x0, 0x0, 0x0, 0x0, 0x0, 0x0,
    0x0, 0x0, 0x0, 0x0, 0x0, 0x0, 0x0, 0x0,
    0x0, 0x0, 0x0, 0x0, 0x0, 0x0, 0x0, 0x0,
    0x0, 0x0, 0x0, 0x0, 0x0, 0x0, 0x0, 0x4,
    0xef, 0x80, 0x0, 0x0, 0x0, 0x0, 0x0, 0x0,
    0x0, 0x0, 0xe, 0xff, 0xf5, 0x0, 0x0, 0x0,
    0x0, 0x0, 0x0, 0x0, 0x0, 0x7f, 0xff, 0xfc,
    0x0, 0x0, 0x0, 0x0, 0x0, 0x0, 0x0, 0x0,
    0xef, 0xff, 0xff, 0x40, 0x0, 0x0, 0x0, 0x0,
    0x0, 0x0, 0x6, 0xff, 0xd8, 0xff, 0xb0, 0x0,
    0x0, 0x0, 0x0, 0x0, 0x0, 0xd, 0xff, 0x72,
    0xff, 0xf3, 0x0, 0x0, 0x0, 0x0, 0x0, 0x0,
    0x5f, 0xff, 0x10, 0xbf, 0xfa, 0x0, 0x0, 0x0,
    0x0, 0x0, 0x0, 0xcf, 0xf9, 0x0, 0x4f, 0xff,
    0x20, 0x0, 0x0, 0x0, 0x0, 0x4, 0xff, 0xf3,
    0x0, 0xd, 0xff, 0x90, 0x0, 0x0, 0x0, 0x0,
    0xb, 0xff, 0xc0, 0x0, 0x7, 0xff, 0xf1, 0x0,
    0x0, 0x0, 0x0, 0x3f, 0xff, 0x50, 0x0, 0x0,
    0xff, 0xf8, 0x0, 0x0, 0x0, 0x0, 0xaf, 0xfe,
    0x0, 0x0, 0x0, 0x9f, 0xff, 0x0, 0x0, 0x0,
    0x2, 0xff, 0xf9, 0x11, 0x11, 0x11, 0x3f, 0xff,
    0x70, 0x0, 0x0, 0x9, 0xff, 0xff, 0xff, 0xff,
    0xff, 0xff, 0xff, 0xe0, 0x0, 0x0, 0x1f, 0xff,
    0xff, 0xff, 0xff, 0xff, 0xff, 0xff, 0xf6, 0x0,
    0x0, 0x8f, 0xff, 0xff, 0xff, 0xff, 0xff, 0xff,
    0xff, 0xfd, 0x0, 0x0, 0xef, 0xfc, 0x0, 0x0,
    0x0, 0x0, 0x0, 0x7f, 0xff, 0x50, 0x6, 0xff,
    0xf5, 0x0, 0x0, 0x0, 0x0, 0x0, 0xf, 0xff,
    0xc0, 0xe, 0xff, 0xe0, 0x0, 0x0, 0x0, 0x0,
    0x0, 0x9, 0xff, 0xf4, 0x2f, 0xff, 0x70, 0x0,
    0x0, 0x0, 0x0, 0x0, 0x2, 0xff, 0xf8, 0xb,
    0xfb, 0x0, 0x0, 0x0, 0x0, 0x0, 0x0, 0x0,
    0x6f, 0xe3,

    /* U+00C6 "Æ" */
    0x0, 0x0, 0x0, 0x0, 0x0, 0x0, 0x3d, 0xff,
    0xff, 0xff, 0xff, 0xff, 0xff, 0xff, 0xe2, 0x0,
    0x0, 0x0, 0x0, 0x0, 0x0, 0xdf, 0xff, 0xff,
    0xff, 0xff, 0xff, 0xff, 0xff, 0xf7, 0x0, 0x0,
    0x0, 0x0, 0x0, 0x8, 0xff, 0xff, 0xff, 0xff,
    0xff, 0xff, 0xff, 0xff, 0xe2, 0x0, 0x0, 0x0,
    0x0, 0x0, 0x2f, 0xff, 0xff, 0xf6, 0x11, 0x11,
    0x11, 0x11, 0x11, 0x0, 0x0, 0x0, 0x0, 0x0,
    0x0, 0xcf, 0xfb, 0xdf, 0xf9, 0x0, 0x0, 0x0,
    0x0, 0x0, 0x0, 0x0, 0x0, 0x0, 0x0, 0x6,
    0xff, 0xf2, 0xaf, 0xfd, 0x0, 0x0, 0x0, 0x0,
    0x0, 0x0, 0x0, 0x0, 0x0, 0x0, 0x1f, 0xff,
    0x80, 0x6f, 0xff, 0x10, 0x0, 0x0, 0x0, 0x0,
    0x0, 0x0, 0x0, 0x0, 0x0, 0xbf, 0xfe, 0x0,
    0x3f, 0xff, 0x50, 0x0, 0x0, 0x0, 0x0, 0x0,
    0x0, 0x0, 0x0, 0x5, 0xff, 0xf5, 0x0, 0xf,
    0xff, 0xff, 0xff, 0xff, 0xff, 0xff, 0x70, 0x0,
    0x0, 0x0, 0xe, 0xff, 0xb0, 0x0, 0xc, 0xff,
    0xff, 0xff, 0xff, 0xff, 0xff, 0xd0, 0x0, 0x0,
    0x0, 0x9f, 0xff, 0x20, 0x0, 0x8, 0xff, 0xff,
    0xff, 0xff, 0xff, 0xff, 0x80, 0x0, 0x0, 0x3,
    0xff, 0xf8, 0x0, 0x0, 0x5, 0xff, 0xf4, 0x11,
    0x11, 0x11, 0x10, 0x0, 0x0, 0x0, 0xd, 0xff,
    0xe1, 0x11, 0x11, 0x12, 0xff, 0xf6, 0x0, 0x0,
    0x0, 0x0, 0x0, 0x0, 0x0, 0x7f, 0xff, 0xff,
    0xff, 0xff, 0xff, 0xff, 0xf9, 0x0, 0x0, 0x0,
    0x0, 0x0, 0x0, 0x2, 0xff, 0xff, 0xff, 0xff,
    0xff, 0xff, 0xff, 0xfc, 0x0, 0x0, 0x0, 0x0,
    0x0, 0x0, 0xb, 0xff, 0xff, 0xff, 0xff, 0xff,
    0xff, 0xff, 0xff, 0x0, 0x0, 0x0, 0x0, 0x0,
    0x0, 0x6f, 0xff, 0x90, 0x0, 0x0, 0x0, 0x0,
    0x4f, 0xff, 0x30, 0x0, 0x0, 0x0, 0x0, 0x1,
    0xef, 0xfe, 0x10, 0x0, 0x0, 0x0, 0x0, 0x1f,
    0xff, 0x61, 0x11, 0x11, 0x11, 0x0, 0xa, 0xff,
    0xf5, 0x0, 0x0, 0x0, 0x0, 0x0, 0xd, 0xff,
    0xff, 0xff, 0xff, 0xff, 0xf3, 0xf, 0xff, 0xc0,
    0x0, 0x0, 0x0, 0x0, 0x0, 0xa, 0xff, 0xff,
    0xff, 0xff, 0xff, 0xf7, 0xb, 0xfc, 0x10, 0x0,
    0x0, 0x0, 0x0, 0x0, 0x3, 0xef, 0xff, 0xff,
    0xff, 0xff, 0xe2,

    /* U+00C7 "Ç" */
    0x0, 0x0, 0x0, 0x28, 0xce, 0xff, 0xec, 0x83,
    0x0, 0x0, 0x0, 0x2, 0xbf, 0xff, 0xff, 0xff,
    0xff, 0xfc, 0x20, 0x0, 0x4, 0xff, 0xff, 0xff,
    0xff, 0xff, 0xff, 0xfe, 0x0, 0x3, 0xff, 0xff,
    0xfe, 0x97, 0x78, 0xbf, 0xff, 0xf1, 0x0, 0xdf,
    0xff, 0xf6, 0x0, 0x0, 0x0, 0x19, 0xe9, 0x0,
    0x5f, 0xff, 0xf3, 0x0, 0x0, 0x0, 0x0, 0x0,
    0x0, 0xc, 0xff, 0xf8, 0x0, 0x0, 0x0, 0x0,
    0x0, 0x0, 0x0, 0xff, 0xff, 0x20, 0x0, 0x0,
    0x0, 0x0, 0x0, 0x0, 0x3f, 0xff, 0xe0, 0x0,
    0x0, 0x0, 0x0, 0x0, 0x0, 0x5, 0xff, 0xfc,
    0x0, 0x0, 0x0, 0x0, 0x0, 0x0, 0x0, 0x5f,
    0xff, 0xb0, 0x0, 0x0, 0x0, 0x0, 0x0, 0x0,
    0x5, 0xff, 0xfc, 0x0, 0x0, 0x0, 0x0, 0x0,
    0x0, 0x0, 0x3f, 0xff, 0xe0, 0x0, 0x0, 0x0,
    0x0, 0x0, 0x0, 0x1, 0xff, 0xff, 0x20, 0x0,
    0x0, 0x0, 0x0, 0x0, 0x0, 0xc, 0xff, 0xf8,
    0x0, 0x0, 0x0, 0x0, 0x0, 0x0, 0x0, 0x6f,
    0xff, 0xf3, 0x0, 0x0, 0x0, 0x0, 0x0, 0x0,
    0x0, 0xdf, 0xff, 0xf6, 0x0, 0x0, 0x0, 0x18,
    0xea, 0x0, 0x3, 0xff, 0xff, 0xfe, 0x97, 0x68,
    0xbf, 0xff, 0xf2, 0x0, 0x4, 0xff, 0xff, 0xff,
    0xff, 0xff, 0xff, 0xfe, 0x0, 0x0, 0x2, 0xbf,
    0xff, 0xff, 0xff, 0xff, 0xfc, 0x20, 0x0, 0x0,
    0x0, 0x28, 0xcf, 0xff, 0xec, 0x83, 0x0, 0x0,
    0x0, 0x0, 0x0, 0x0, 0xaf, 0x60, 0x0, 0x0,
    0x0, 0x0, 0x0, 0x0, 0x0, 0xb, 0xff, 0xf7,
    0x0, 0x0, 0x0, 0x0, 0x0, 0x0, 0x0, 0x57,
    0x8f, 0xf3, 0x0, 0x0, 0x0, 0x0, 0x0, 0x0,
    0x10, 0x1, 0xff, 0x40, 0x0, 0x0, 0x0, 0x0,
    0x0, 0x3f, 0xed, 0xff, 0xe0, 0x0, 0x0, 0x0,
    0x0, 0x0, 0x1, 0xae, 0xff, 0xb2, 0x0, 0x0,
    0x0,

    /* U+00C8 "È" */
    0x0, 0x4, 0xc7, 0x0, 0x0, 0x0, 0x0, 0x0,
    0x0, 0xdf, 0xf4, 0x0, 0x0, 0x0, 0x0, 0x0,
    0x7, 0xff, 0xe1, 0x0, 0x0, 0x0, 0x0, 0x0,
    0x9, 0xff, 0xa0, 0x0, 0x0, 0x0, 0x0, 0x0,
    0xa, 0xff, 0x40, 0x0, 0x0, 0x0, 0x0, 0x0,
    0xb, 0xe2, 0x0, 0x0, 0x0, 0x0, 0x0, 0x0,
    0x0, 0x0, 0x0, 0x0, 0x0, 0x0, 0x0, 0x0,
    0x0, 0x0, 0x0, 0x0, 0x2d, 0xff, 0xff, 0xff,
    0xff, 0xff, 0xfe, 0x49, 0xff, 0xff, 0xff, 0xff,
    0xff, 0xff, 0xf9, 0xbf, 0xff, 0xff, 0xff, 0xff,
    0xff, 0xff, 0x4b, 0xff, 0xf1, 0x11, 0x11, 0x11,
    0x11, 0x0, 0xbf, 0xff, 0x0, 0x0, 0x0, 0x0,
    0x0, 0xb, 0xff, 0xf0, 0x0, 0x0, 0x0, 0x0,
    0x0, 0xbf, 0xff, 0x0, 0x0, 0x0, 0x0, 0x0,
    0xb, 0xff, 0xf0, 0x0, 0x0, 0x0, 0x0, 0x0,
    0xbf, 0xff, 0x11, 0x11, 0x11, 0x11, 0x0, 0xb,
    0xff, 0xff, 0xff, 0xff, 0xff, 0xff, 0xa0, 0xbf,
    0xff, 0xff, 0xff, 0xff, 0xff, 0xfe, 0xb, 0xff,
    0xff, 0xff, 0xff, 0xff, 0xff, 0x90, 0xbf, 0xff,
    0x0, 0x0, 0x0, 0x0, 0x0, 0xb, 0xff, 0xf0,
    0x0, 0x0, 0x0, 0x0, 0x0, 0xbf, 0xff, 0x0,
    0x0, 0x0, 0x0, 0x0, 0xb, 0xff, 0xf0, 0x0,
    0x0, 0x0, 0x0, 0x0, 0xbf, 0xff, 0x0, 0x0,
    0x0, 0x0, 0x0, 0xb, 0xff, 0xf1, 0x11, 0x11,
    0x11, 0x11, 0x0, 0xbf, 0xff, 0xff, 0xff, 0xff,
    0xff, 0xff, 0x49, 0xff, 0xff, 0xff, 0xff, 0xff,
    0xff, 0xf9, 0x2d, 0xff, 0xff, 0xff, 0xff, 0xff,
    0xfe, 0x40,

    /* U+00C9 "É" */
    0x0, 0x0, 0x0, 0x0, 0x0, 0xab, 0x10, 0x0,
    0x0, 0x0, 0x0, 0x0, 0x9f, 0xf8, 0x0, 0x0,
    0x0, 0x0, 0x0, 0x4f, 0xff, 0x30, 0x0, 0x0,
    0x0, 0x0, 0xe, 0xff, 0x40, 0x0, 0x0, 0x0,
    0x0, 0x8, 0xff, 0x60, 0x0, 0x0, 0x0, 0x0,
    0x0, 0x6f, 0x70, 0x0, 0x0, 0x0, 0x0, 0x0,
    0x0, 0x0, 0x0, 0x0, 0x0, 0x0, 0x0, 0x0,
    0x0, 0x0, 0x0, 0x0, 0x2d, 0xff, 0xff, 0xff,
    0xff, 0xff, 0xfe, 0x49, 0xff, 0xff, 0xff, 0xff,
    0xff, 0xff, 0xf9, 0xbf, 0xff, 0xff, 0xff, 0xff,
    0xff, 0xff, 0x4b, 0xff, 0xf1, 0x11, 0x11, 0x11,
    0x11, 0x0, 0xbf, 0xff, 0x0, 0x0, 0x0, 0x0,
    0x0, 0xb, 0xff, 0xf0, 0x0, 0x0, 0x0, 0x0,
    0x0, 0xbf, 0xff, 0x0, 0x0, 0x0, 0x0, 0x0,
    0xb, 0xff, 0xf0, 0x0, 0x0, 0x0, 0x0, 0x0,
    0xbf, 0xff, 0x11, 0x11, 0x11, 0x11, 0x0, 0xb,
    0xff, 0xff, 0xff, 0xff, 0xff, 0xff, 0xa0, 0xbf,
    0xff, 0xff, 0xff, 0xff, 0xff, 0xfe, 0xb, 0xff,
    0xff, 0xff, 0xff, 0xff, 0xff, 0x90, 0xbf, 0xff,
    0x0, 0x0, 0x0, 0x0, 0x0, 0xb, 0xff, 0xf0,
    0x0, 0x0, 0x0, 0x0, 0x0, 0xbf, 0xff, 0x0,
    0x0, 0x0, 0x0, 0x0, 0xb, 0xff, 0xf0, 0x0,
    0x0, 0x0, 0x0, 0x0, 0xbf, 0xff, 0x0, 0x0,
    0x0, 0x0, 0x0, 0xb, 0xff, 0xf1, 0x11, 0x11,
    0x11, 0x11, 0x0, 0xbf, 0xff, 0xff, 0xff, 0xff,
    0xff, 0xff, 0x49, 0xff, 0xff, 0xff, 0xff, 0xff,
    0xff, 0xf9, 0x2d, 0xff, 0xff, 0xff, 0xff, 0xff,
    0xfe, 0x40,

    /* U+00CA "Ê" */
    0x0, 0x0, 0x0, 0x27, 0x60, 0x0, 0x0, 0x0,
    0x0, 0x0, 0x4f, 0xff, 0xd1, 0x0, 0x0, 0x0,
    0x0, 0x1e, 0xff, 0xff, 0xb0, 0x0, 0x0, 0x0,
    0xc, 0xff, 0x48, 0xff, 0x70, 0x0, 0x0, 0x8,
    0xff, 0x50, 0xa, 0xff, 0x30, 0x0, 0x0, 0x8f,
    0x60, 0x0, 0xa, 0xf4, 0x0, 0x0, 0x0, 0x0,
    0x0, 0x0, 0x0, 0x0, 0x0, 0x0, 0x0, 0x0,
    0x0, 0x0, 0x0, 0x0, 0x2d, 0xff, 0xff, 0xff,
    0xff, 0xff, 0xfe, 0x49, 0xff, 0xff, 0xff, 0xff,
    0xff, 0xff, 0xf9, 0xbf, 0xff, 0xff, 0xff, 0xff,
    0xff, 0xff, 0x4b, 0xff, 0xf1, 0x11, 0x11, 0x11,
    0x11, 0x0, 0xbf, 0xff, 0x0, 0x0, 0x0, 0x0,
    0x0, 0xb, 0xff, 0xf0, 0x0, 0x0, 0x0, 0x0,
    0x0, 0xbf, 0xff, 0x0, 0x0, 0x0, 0x0, 0x0,
    0xb, 0xff, 0xf0, 0x0, 0x0, 0x0, 0x0, 0x0,
    0xbf, 0xff, 0x11, 0x11, 0x11, 0x11, 0x0, 0xb,
    0xff, 0xff, 0xff, 0xff, 0xff, 0xff, 0xa0, 0xbf,
    0xff, 0xff, 0xff, 0xff, 0xff, 0xfe, 0xb, 0xff,
    0xff, 0xff, 0xff, 0xff, 0xff, 0x90, 0xbf, 0xff,
    0x0, 0x0, 0x0, 0x0, 0x0, 0xb, 0xff, 0xf0,
    0x0, 0x0, 0x0, 0x0, 0x0, 0xbf, 0xff, 0x0,
    0x0, 0x0, 0x0, 0x0, 0xb, 0xff, 0xf0, 0x0,
    0x0, 0x0, 0x0, 0x0, 0xbf, 0xff, 0x0, 0x0,
    0x0, 0x0, 0x0, 0xb, 0xff, 0xf1, 0x11, 0x11,
    0x11, 0x11, 0x0, 0xbf, 0xff, 0xff, 0xff, 0xff,
    0xff, 0xff, 0x49, 0xff, 0xff, 0xff, 0xff, 0xff,
    0xff, 0xf9, 0x2d, 0xff, 0xff, 0xff, 0xff, 0xff,
    0xfe, 0x40,

    /* U+00CB "Ë" */
    0x0, 0x5, 0xee, 0x50, 0x9, 0xfd, 0x10, 0x0,
    0x0, 0xcf, 0xfd, 0x2, 0xff, 0xf7, 0x0, 0x0,
    0xb, 0xff, 0xc0, 0x1f, 0xff, 0x60, 0x0, 0x0,
    0x2a, 0xa2, 0x0, 0x5a, 0x80, 0x0, 0x0, 0x0,
    0x0, 0x0, 0x0, 0x0, 0x0, 0x0, 0x0, 0x0,
    0x0, 0x0, 0x0, 0x0, 0x0, 0x2d, 0xff, 0xff,
    0xff, 0xff, 0xff, 0xfe, 0x49, 0xff, 0xff, 0xff,
    0xff, 0xff, 0xff, 0xf9, 0xbf, 0xff, 0xff, 0xff,
    0xff, 0xff, 0xff, 0x4b, 0xff, 0xf1, 0x11, 0x11,
    0x11, 0x11, 0x0, 0xbf, 0xff, 0x0, 0x0, 0x0,
    0x0, 0x0, 0xb, 0xff, 0xf0, 0x0, 0x0, 0x0,
    0x0, 0x0, 0xbf, 0xff, 0x0, 0x0, 0x0, 0x0,
    0x0, 0xb, 0xff, 0xf0, 0x0, 0x0, 0x0, 0x0,
    0x0, 0xbf, 0xff, 0x11, 0x11, 0x11, 0x11, 0x0,
    0xb, 0xff, 0xff, 0xff, 0xff, 0xff, 0xff, 0xa0,
    0xbf, 0xff, 0xff, 0xff, 0xff, 0xff, 0xfe, 0xb,
    0xff, 0xff, 0xff, 0xff, 0xff, 0xff, 0x90, 0xbf,
    0xff, 0x0, 0x0, 0x0, 0x0, 0x0, 0xb, 0xff,
    0xf0, 0x0, 0x0, 0x0, 0x0, 0x0, 0xbf, 0xff,
    0x0, 0x0, 0x0, 0x0, 0x0, 0xb, 0xff, 0xf0,
    0x0, 0x0, 0x0, 0x0, 0x0, 0xbf, 0xff, 0x0,
    0x0, 0x0, 0x0, 0x0, 0xb, 0xff, 0xf1, 0x11,
    0x11, 0x11, 0x11, 0x0, 0xbf, 0xff, 0xff, 0xff,
    0xff, 0xff, 0xff, 0x49, 0xff, 0xff, 0xff, 0xff,
    0xff, 0xff, 0xf9, 0x2d, 0xff, 0xff, 0xff, 0xff,
    0xff, 0xfe, 0x40,

    /* U+00CC "Ì" */
    0x1a, 0xb1, 0x0, 0x0, 0x7f, 0xfa, 0x0, 0x0,
    0x2f, 0xff, 0x50, 0x0, 0x3, 0xff, 0xf1, 0x0,
    0x0, 0x4f, 0xfa, 0x0, 0x0, 0x5, 0xf7, 0x0,
    0x0, 0x0, 0x0, 0x0, 0x0, 0x0, 0x0, 0x0,
    0x0, 0x3, 0xdf, 0x90, 0x0, 0xa, 0xff, 0xf1,
    0x0, 0xb, 0xff, 0xf2, 0x0, 0xb, 0xff, 0xf2,
    0x0, 0xb, 0xff, 0xf2, 0x0, 0xb, 0xff, 0xf2,
    0x0, 0xb, 0xff, 0xf2, 0x0, 0xb, 0xff, 0xf2,
    0x0, 0xb, 0xff, 0xf2, 0x0, 0xb, 0xff, 0xf2,
    0x0, 0xb, 0xff, 0xf2, 0x0, 0xb, 0xff, 0xf2,
    0x0, 0xb, 0xff, 0xf2, 0x0, 0xb, 0xff, 0xf2,
    0x0, 0xb, 0xff, 0xf2, 0x0, 0xb, 0xff, 0xf2,
    0x0, 0xb, 0xff, 0xf2, 0x0, 0xb, 0xff, 0xf2,
    0x0, 0xb, 0xff, 0xf2, 0x0, 0xa, 0xff, 0xf1,
    0x0, 0x3, 0xdf, 0x90,

    /* U+00CD "Í" */
    0x0, 0x0, 0x6c, 0x50, 0x0, 0x3, 0xff, 0xf0,
    0x0, 0xd, 0xff, 0x90, 0x0, 0x8f, 0xfa, 0x0,
    0x2, 0xff, 0xb0, 0x0, 0x1, 0xdc, 0x0, 0x0,
    0x0, 0x0, 0x0, 0x0, 0x0, 0x0, 0x0, 0x0,
    0x3d, 0xf9, 0x0, 0x0, 0xaf, 0xff, 0x10, 0x0,
    0xbf, 0xff, 0x20, 0x0, 0xbf, 0xff, 0x20, 0x0,
    0xbf, 0xff, 0x20, 0x0, 0xbf, 0xff, 0x20, 0x0,
    0xbf, 0xff, 0x20, 0x0, 0xbf, 0xff, 0x20, 0x0,
    0xbf, 0xff, 0x20, 0x0, 0xbf, 0xff, 0x20, 0x0,
    0xbf, 0xff, 0x20, 0x0, 0xbf, 0xff, 0x20, 0x0,
    0xbf, 0xff, 0x20, 0x0, 0xbf, 0xff, 0x20, 0x0,
    0xbf, 0xff, 0x20, 0x0, 0xbf, 0xff, 0x20, 0x0,
    0xbf, 0xff, 0x20, 0x0, 0xbf, 0xff, 0x20, 0x0,
    0xbf, 0xff, 0x20, 0x0, 0xaf, 0xff, 0x10, 0x0,
    0x3d, 0xf9, 0x0, 0x0,

    /* U+00CE "Î" */
    0x0, 0x5, 0xef, 0xa0, 0x0, 0x0, 0x2f, 0xff,
    0xfa, 0x0, 0x0, 0xdf, 0xfd, 0xff, 0x50, 0x8,
    0xff, 0x61, 0xef, 0xe1, 0x3f, 0xf9, 0x0, 0x2f,
    0xfa, 0x2e, 0xb0, 0x0, 0x4, 0xf9, 0x0, 0x0,
    0x0, 0x0, 0x0, 0x0, 0x0, 0x0, 0x0, 0x0,
    0x0, 0x3, 0xdf, 0x90, 0x0, 0x0, 0xa, 0xff,
    0xf1, 0x0, 0x0, 0xb, 0xff, 0xf2, 0x0, 0x0,
    0xb, 0xff, 0xf2, 0x0, 0x0, 0xb, 0xff, 0xf2,
    0x0, 0x0, 0xb, 0xff, 0xf2, 0x0, 0x0, 0xb,
    0xff, 0xf2, 0x0, 0x0, 0xb, 0xff, 0xf2, 0x0,
    0x0, 0xb, 0xff, 0xf2, 0x0, 0x0, 0xb, 0xff,
    0xf2, 0x0, 0x0, 0xb, 0xff, 0xf2, 0x0, 0x0,
    0xb, 0xff, 0xf2, 0x0, 0x0, 0xb, 0xff, 0xf2,
    0x0, 0x0, 0xb, 0xff, 0xf2, 0x0, 0x0, 0xb,
    0xff, 0xf2, 0x0, 0x0, 0xb, 0xff, 0xf2, 0x0,
    0x0, 0xb, 0xff, 0xf2, 0x0, 0x0, 0xb, 0xff,
    0xf2, 0x0, 0x0, 0xb, 0xff, 0xf2, 0x0, 0x0,
    0xa, 0xff, 0xf1, 0x0, 0x0, 0x3, 0xdf, 0x90,
    0x0,

    /* U+00CF "Ï" */
    0x7, 0xa6, 0x0, 0x19, 0xa2, 0x5f, 0xff, 0x20,
    0xaf, 0xfc, 0x6f, 0xff, 0x30, 0xbf, 0xfd, 0x1c,
    0xfa, 0x0, 0x4e, 0xf6, 0x0, 0x0, 0x0, 0x0,
    0x0, 0x0, 0x0, 0x0, 0x0, 0x0, 0x0, 0x0,
    0x0, 0x0, 0x0, 0x0, 0x3, 0xdf, 0x90, 0x0,
    0x0, 0xa, 0xff, 0xf1, 0x0, 0x0, 0xb, 0xff,
    0xf2, 0x0, 0x0, 0xb, 0xff, 0xf2, 0x0, 0x0,
    0xb, 0xff, 0xf2, 0x0, 0x0, 0xb, 0xff, 0xf2,
    0x0, 0x0, 0xb, 0xff, 0xf2, 0x0, 0x0, 0xb,
    0xff, 0xf2, 0x0, 0x0, 0xb, 0xff, 0xf2, 0x0,
    0x0, 0xb, 0xff, 0xf2, 0x0, 0x0, 0xb, 0xff,
    0xf2, 0x0, 0x0, 0xb, 0xff, 0xf2, 0x0, 0x0,
    0xb, 0xff, 0xf2, 0x0, 0x0, 0xb, 0xff, 0xf2,
    0x0, 0x0, 0xb, 0xff, 0xf2, 0x0, 0x0, 0xb,
    0xff, 0xf2, 0x0, 0x0, 0xb, 0xff, 0xf2, 0x0,
    0x0, 0xb, 0xff, 0xf2, 0x0, 0x0, 0xb, 0xff,
    0xf2, 0x0, 0x0, 0xa, 0xff, 0xf1, 0x0, 0x0,
    0x3, 0xdf, 0x90, 0x0,

    /* U+00D0 "Ð" */
    0x0, 0x2, 0xdf, 0xff, 0xff, 0xff, 0xfd, 0xa6,
    0x10, 0x0, 0x0, 0x0, 0x0, 0x9f, 0xff, 0xff,
    0xff, 0xff, 0xff, 0xff, 0x91, 0x0, 0x0, 0x0,
    0xb, 0xff, 0xff, 0xff, 0xff, 0xff, 0xff, 0xff,
    0xe3, 0x0, 0x0, 0x0, 0xbf, 0xff, 0x53, 0x33,
    0x34, 0x7c, 0xff, 0xff, 0xe2, 0x0, 0x0, 0xb,
    0xff, 0xf2, 0x0, 0x0, 0x0, 0x4, 0xef, 0xff,
    0xc0, 0x0, 0x0, 0xbf, 0xff, 0x20, 0x0, 0x0,
    0x0, 0x3, 0xff, 0xff, 0x50, 0x0, 0xb, 0xff,
    0xf2, 0x0, 0x0, 0x0, 0x0, 0x8, 0xff, 0xfb,
    0x0, 0x0, 0xbf, 0xff, 0x20, 0x0, 0x0, 0x0,
    0x0, 0x2f, 0xff, 0xf0, 0x0, 0xb, 0xff, 0xf2,
    0x0, 0x0, 0x0, 0x0, 0x0, 0xef, 0xff, 0x23,
    0xef, 0xff, 0xff, 0xff, 0xff, 0xfc, 0x0, 0x0,
    0xc, 0xff, 0xf3, 0x7f, 0xff, 0xff, 0xff, 0xff,
    0xff, 0xf1, 0x0, 0x0, 0xcf, 0xff, 0x42, 0xcd,
    0xff, 0xff, 0xdd, 0xdd, 0xd8, 0x0, 0x0, 0xc,
    0xff, 0xf3, 0x0, 0xb, 0xff, 0xf2, 0x0, 0x0,
    0x0, 0x0, 0x0, 0xef, 0xff, 0x20, 0x0, 0xbf,
    0xff, 0x20, 0x0, 0x0, 0x0, 0x0, 0x2f, 0xff,
    0xf0, 0x0, 0xb, 0xff, 0xf2, 0x0, 0x0, 0x0,
    0x0, 0x8, 0xff, 0xfa, 0x0, 0x0, 0xbf, 0xff,
    0x20, 0x0, 0x0, 0x0, 0x3, 0xff, 0xff, 0x40,
    0x0, 0xb, 0xff, 0xf2, 0x0, 0x0, 0x0, 0x4,
    0xef, 0xff, 0xc0, 0x0, 0x0, 0xbf, 0xff, 0x53,
    0x33, 0x34, 0x7c, 0xff, 0xff, 0xe2, 0x0, 0x0,
    0xb, 0xff, 0xff, 0xff, 0xff, 0xff, 0xff, 0xff,
    0xe3, 0x0, 0x0, 0x0, 0x9f, 0xff, 0xff, 0xff,
    0xff, 0xff, 0xff, 0x91, 0x0, 0x0, 0x0, 0x2,
    0xdf, 0xff, 0xff, 0xff, 0xfd, 0xa6, 0x10, 0x0,
    0x0, 0x0,

    /* U+00D1 "Ñ" */
    0x0, 0x0, 0x0, 0x0, 0x0, 0x0, 0x0, 0x0,
    0x0, 0x0, 0x0, 0x6, 0xdf, 0xe8, 0x10, 0x0,
    0x1e, 0xa0, 0x0, 0x0, 0x7, 0xff, 0xff, 0xfe,
    0x71, 0x1a, 0xfb, 0x0, 0x0, 0x0, 0xff, 0xb7,
    0xbf, 0xff, 0xff, 0xff, 0x50, 0x0, 0x0, 0x5f,
    0xc0, 0x0, 0x4d, 0xff, 0xff, 0xa0, 0x0, 0x0,
    0x2, 0xa3, 0x0, 0x0, 0x6, 0xa9, 0x50, 0x0,
    0x0, 0x0, 0x0, 0x0, 0x0, 0x0, 0x0, 0x0,
    0x0, 0x0, 0x0, 0x0, 0x0, 0x0, 0x0, 0x0,
    0x0, 0x0, 0x0, 0x0, 0x3e, 0xe5, 0x0, 0x0,
    0x0, 0x0, 0x0, 0x1d, 0xf9, 0xa, 0xff, 0xf3,
    0x0, 0x0, 0x0, 0x0, 0x6, 0xff, 0xf1, 0xbf,
    0xff, 0xe1, 0x0, 0x0, 0x0, 0x0, 0x7f, 0xff,
    0x2b, 0xff, 0xff, 0xc0, 0x0, 0x0, 0x0, 0x7,
    0xff, 0xf2, 0xbf, 0xff, 0xff, 0x90, 0x0, 0x0,
    0x0, 0x7f, 0xff, 0x2b, 0xff, 0xff, 0xff, 0x60,
    0x0, 0x0, 0x7, 0xff, 0xf2, 0xbf, 0xfe, 0xef,
    0xff, 0x30, 0x0, 0x0, 0x7f, 0xff, 0x2b, 0xff,
    0xe3, 0xff, 0xfe, 0x10, 0x0, 0x7, 0xff, 0xf2,
    0xbf, 0xfe, 0x6, 0xff, 0xfc, 0x0, 0x0, 0x7f,
    0xff, 0x2b, 0xff, 0xe0, 0x9, 0xff, 0xf9, 0x0,
    0x7, 0xff, 0xf2, 0xbf, 0xfe, 0x0, 0xc, 0xff,
    0xf6, 0x0, 0x7f, 0xff, 0x2b, 0xff, 0xe0, 0x0,
    0x1e, 0xff, 0xf3, 0x7, 0xff, 0xf2, 0xbf, 0xfe,
    0x0, 0x0, 0x4f, 0xff, 0xe1, 0x7f, 0xff, 0x2b,
    0xff, 0xe0, 0x0, 0x0, 0x7f, 0xff, 0xc7, 0xff,
    0xf2, 0xbf, 0xfe, 0x0, 0x0, 0x0, 0xaf, 0xff,
    0xef, 0xff, 0x2b, 0xff, 0xe0, 0x0, 0x0, 0x0,
    0xdf, 0xff, 0xff, 0xf2, 0xbf, 0xfe, 0x0, 0x0,
    0x0, 0x2, 0xff, 0xff, 0xff, 0x2b, 0xff, 0xe0,
    0x0, 0x0, 0x0, 0x4, 0xff, 0xff, 0xf2, 0xbf,
    0xfe, 0x0, 0x0, 0x0, 0x0, 0x8, 0xff, 0xff,
    0x2a, 0xff, 0xd0, 0x0, 0x0, 0x0, 0x0, 0xb,
    0xff, 0xf1, 0x3e, 0xf6, 0x0, 0x0, 0x0, 0x0,
    0x0, 0xb, 0xfa, 0x0,

    /* U+00D2 "Ò" */
    0x0, 0x0, 0x0, 0x5c, 0x60, 0x0, 0x0, 0x0,
    0x0, 0x0, 0x0, 0x0, 0x0, 0xf, 0xff, 0x30,
    0x0, 0x0, 0x0, 0x0, 0x0, 0x0, 0x0, 0x0,
    0x9f, 0xfd, 0x0, 0x0, 0x0, 0x0, 0x0, 0x0,
    0x0, 0x0, 0x0, 0xaf, 0xf9, 0x0, 0x0, 0x0,
    0x0, 0x0, 0x0, 0x0, 0x0, 0x0, 0xbf, 0xf3,
    0x0, 0x0, 0x0, 0x0, 0x0, 0x0, 0x0, 0x0,
    0x0, 0xce, 0x10, 0x0, 0x0, 0x0, 0x0, 0x0,
    0x0, 0x0, 0x0, 0x0, 0x0, 0x0, 0x0, 0x0,
    0x0, 0x0, 0x0, 0x0, 0x0, 0x0, 0x0, 0x0,
    0x0, 0x0, 0x0, 0x0, 0x0, 0x0, 0x0, 0x38,
    0xce, 0xff, 0xeb, 0x61, 0x0, 0x0, 0x0, 0x0,
    0x2, 0xbf, 0xff, 0xff, 0xff, 0xff, 0xf7, 0x0,
    0x0, 0x0, 0x4, 0xff, 0xff, 0xff, 0xff, 0xff,
    0xff, 0xfb, 0x0, 0x0, 0x3, 0xff, 0xff, 0xfb,
    0x65, 0x58, 0xdf, 0xff, 0xfb, 0x0, 0x0, 0xdf,
    0xff, 0xd2, 0x0, 0x0, 0x0, 0x6f, 0xff, 0xf7,
    0x0, 0x5f, 0xff, 0xe1, 0x0, 0x0, 0x0, 0x0,
    0x7f, 0xff, 0xe0, 0xc, 0xff, 0xf7, 0x0, 0x0,
    0x0, 0x0, 0x0, 0xdf, 0xff, 0x50, 0xff, 0xff,
    0x10, 0x0, 0x0, 0x0, 0x0, 0x7, 0xff, 0xfa,
    0x3f, 0xff, 0xd0, 0x0, 0x0, 0x0, 0x0, 0x0,
    0x3f, 0xff, 0xd5, 0xff, 0xfb, 0x0, 0x0, 0x0,
    0x0, 0x0, 0x1, 0xff, 0xfe, 0x5f, 0xff, 0xa0,
    0x0, 0x0, 0x0, 0x0, 0x0, 0x1f, 0xff, 0xf5,
    0xff, 0xfa, 0x0, 0x0, 0x0, 0x0, 0x0, 0x1,
    0xff, 0xfe, 0x3f, 0xff, 0xc0, 0x0, 0x0, 0x0,
    0x0, 0x0, 0x3f, 0xff, 0xc0, 0xff, 0xff, 0x10,
    0x0, 0x0, 0x0, 0x0, 0x7, 0xff, 0xf9, 0xc,
    0xff, 0xf7, 0x0, 0x0, 0x0, 0x0, 0x0, 0xdf,
    0xff, 0x50, 0x5f, 0xff, 0xe1, 0x0, 0x0, 0x0,
    0x0, 0x7f, 0xff, 0xe0, 0x0, 0xdf, 0xff, 0xd2,
    0x0, 0x0, 0x0, 0x7f, 0xff, 0xf6, 0x0, 0x2,
    0xff, 0xff, 0xfa, 0x64, 0x58, 0xdf, 0xff, 0xfb,
    0x0, 0x0, 0x4, 0xff, 0xff, 0xff, 0xff, 0xff,
    0xff, 0xfb, 0x0, 0x0, 0x0, 0x2, 0xbf, 0xff,
    0xff, 0xff, 0xff, 0xf7, 0x0, 0x0, 0x0, 0x0,
    0x0, 0x38, 0xce, 0xff, 0xeb, 0x61, 0x0, 0x0,
    0x0,

    /* U+00D3 "Ó" */
    0x0, 0x0, 0x0, 0x0, 0x0, 0x0, 0x1b, 0xa1,
    0x0, 0x0, 0x0, 0x0, 0x0, 0x0, 0x0, 0x0,
    0xa, 0xff, 0x70, 0x0, 0x0, 0x0, 0x0, 0x0,
    0x0, 0x0, 0x5, 0xff, 0xf2, 0x0, 0x0, 0x0,
    0x0, 0x0, 0x0, 0x0, 0x1, 0xef, 0xf4, 0x0,
    0x0, 0x0, 0x0, 0x0, 0x0, 0x0, 0x0, 0xaf,
    0xf5, 0x0, 0x0, 0x0, 0x0, 0x0, 0x0, 0x0,
    0x0, 0x7, 0xf6, 0x0, 0x0, 0x0, 0x0, 0x0,
    0x0, 0x0, 0x0, 0x0, 0x0, 0x0, 0x0, 0x0,
    0x0, 0x0, 0x0, 0x0, 0x0, 0x0, 0x0, 0x0,
    0x0, 0x0, 0x0, 0x0, 0x0, 0x0, 0x0, 0x38,
    0xce, 0xff, 0xeb, 0x61, 0x0, 0x0, 0x0, 0x0,
    0x2, 0xbf, 0xff, 0xff, 0xff, 0xff, 0xf7, 0x0,
    0x0, 0x0, 0x4, 0xff, 0xff, 0xff, 0xff, 0xff,
    0xff, 0xfb, 0x0, 0x0, 0x3, 0xff, 0xff, 0xfb,
    0x65, 0x58, 0xdf, 0xff, 0xfb, 0x0, 0x0, 0xdf,
    0xff, 0xd2, 0x0, 0x0, 0x0, 0x6f, 0xff, 0xf7,
    0x0, 0x5f, 0xff, 0xe1, 0x0, 0x0, 0x0, 0x0,
    0x7f, 0xff, 0xe0, 0xc, 0xff, 0xf7, 0x0, 0x0,
    0x0, 0x0, 0x0, 0xdf, 0xff, 0x50, 0xff, 0xff,
    0x10, 0x0, 0x0, 0x0, 0x0, 0x7, 0xff, 0xfa,
    0x3f, 0xff, 0xd0, 0x0, 0x0, 0x0, 0x0, 0x0,
    0x3f, 0xff, 0xd5, 0xff, 0xfb, 0x0, 0x0, 0x0,
    0x0, 0x0, 0x1, 0xff, 0xfe, 0x5f, 0xff, 0xa0,
    0x0, 0x0, 0x0, 0x0, 0x0, 0x1f, 0xff, 0xf5,
    0xff, 0xfa, 0x0, 0x0, 0x0, 0x0, 0x0, 0x1,
    0xff, 0xfe, 0x3f, 0xff, 0xc0, 0x0, 0x0, 0x0,
    0x0, 0x0, 0x3f, 0xff, 0xc0, 0xff, 0xff, 0x10,
    0x0, 0x0, 0x0, 0x0, 0x7, 0xff, 0xf9, 0xc,
    0xff, 0xf7, 0x0, 0x0, 0x0, 0x0, 0x0, 0xdf,
    0xff, 0x50, 0x5f, 0xff, 0xe1, 0x0, 0x0, 0x0,
    0x0, 0x7f, 0xff, 0xe0, 0x0, 0xdf, 0xff, 0xd2,
    0x0, 0x0, 0x0, 0x7f, 0xff, 0xf6, 0x0, 0x2,
    0xff, 0xff, 0xfa, 0x64, 0x58, 0xdf, 0xff, 0xfb,
    0x0, 0x0, 0x4, 0xff, 0xff, 0xff, 0xff, 0xff,
    0xff, 0xfb, 0x0, 0x0, 0x0, 0x2, 0xbf, 0xff,
    0xff, 0xff, 0xff, 0xf7, 0x0, 0x0, 0x0, 0x0,
    0x0, 0x38, 0xce, 0xff, 0xeb, 0x61, 0x0, 0x0,
    0x0,

    /* U+00D4 "Ô" */
    0x0, 0x0, 0x0, 0x0, 0xa, 0xfe, 0x40, 0x0,
    0x0, 0x0, 0x0, 0x0, 0x0, 0x0, 0xa, 0xff,
    0xff, 0x30, 0x0, 0x0, 0x0, 0x0, 0x0, 0x0,
    0x5, 0xff, 0xdf, 0xfd, 0x0, 0x0, 0x0, 0x0,
    0x0, 0x0, 0x1, 0xef, 0xe1, 0x6f, 0xf8, 0x0,
    0x0, 0x0, 0x0, 0x0, 0x0, 0xaf, 0xf2, 0x0,
    0x9f, 0xf3, 0x0, 0x0, 0x0, 0x0, 0x0, 0x8,
    0xf5, 0x0, 0x0, 0xbe, 0x20, 0x0, 0x0, 0x0,
    0x0, 0x0, 0x0, 0x0, 0x0, 0x0, 0x0, 0x0,
    0x0, 0x0, 0x0, 0x0, 0x0, 0x0, 0x0, 0x0,
    0x0, 0x0, 0x0, 0x0, 0x0, 0x0, 0x0, 0x38,
    0xce, 0xff, 0xeb, 0x61, 0x0, 0x0, 0x0, 0x0,
    0x2, 0xbf, 0xff, 0xff, 0xff, 0xff, 0xf7, 0x0,
    0x0, 0x0, 0x4, 0xff, 0xff, 0xff, 0xff, 0xff,
    0xff, 0xfb, 0x0, 0x0, 0x3, 0xff, 0xff, 0xfb,
    0x65, 0x58, 0xdf, 0xff, 0xfb, 0x0, 0x0, 0xdf,
    0xff, 0xd2, 0x0, 0x0, 0x0, 0x6f, 0xff, 0xf7,
    0x0, 0x5f, 0xff, 0xe1, 0x0, 0x0, 0x0, 0x0,
    0x7f, 0xff, 0xe0, 0xc, 0xff, 0xf7, 0x0, 0x0,
    0x0, 0x0, 0x0, 0xdf, 0xff, 0x50, 0xff, 0xff,
    0x10, 0x0, 0x0, 0x0, 0x0, 0x7, 0xff, 0xfa,
    0x3f, 0xff, 0xd0, 0x0, 0x0, 0x0, 0x0, 0x0,
    0x3f, 0xff, 0xd5, 0xff, 0xfb, 0x0, 0x0, 0x0,
    0x0, 0x0, 0x1, 0xff, 0xfe, 0x5f, 0xff, 0xa0,
    0x0, 0x0, 0x0, 0x0, 0x0, 0x1f, 0xff, 0xf5,
    0xff, 0xfa, 0x0, 0x0, 0x0, 0x0, 0x0, 0x1,
    0xff, 0xfe, 0x3f, 0xff, 0xc0, 0x0, 0x0, 0x0,
    0x0, 0x0, 0x3f, 0xff, 0xc0, 0xff, 0xff, 0x10,
    0x0, 0x0, 0x0, 0x0, 0x7, 0xff, 0xf9, 0xc,
    0xff, 0xf7, 0x0, 0x0, 0x0, 0x0, 0x0, 0xdf,
    0xff, 0x50, 0x5f, 0xff, 0xe1, 0x0, 0x0, 0x0,
    0x0, 0x7f, 0xff, 0xe0, 0x0, 0xdf, 0xff, 0xd2,
    0x0, 0x0, 0x0, 0x7f, 0xff, 0xf6, 0x0, 0x2,
    0xff, 0xff, 0xfa, 0x64, 0x58, 0xdf, 0xff, 0xfb,
    0x0, 0x0, 0x4, 0xff, 0xff, 0xff, 0xff, 0xff,
    0xff, 0xfb, 0x0, 0x0, 0x0, 0x2, 0xbf, 0xff,
    0xff, 0xff, 0xff, 0xf7, 0x0, 0x0, 0x0, 0x0,
    0x0, 0x38, 0xce, 0xff, 0xeb, 0x61, 0x0, 0x0,
    0x0,

    /* U+00D5 "Õ" */
    0x0, 0x0, 0x0, 0x0, 0x0, 0x0, 0x0, 0x0,
    0x0, 0x0, 0x0, 0x0, 0x0, 0x1a, 0xff, 0xb4,
    0x0, 0x0, 0x7f, 0x30, 0x0, 0x0, 0x0, 0xd,
    0xff, 0xff, 0xfb, 0x30, 0x4f, 0xf3, 0x0, 0x0,
    0x0, 0x7, 0xff, 0x88, 0xef, 0xff, 0xff, 0xfd,
    0x0, 0x0, 0x0, 0x0, 0xcf, 0x50, 0x0, 0x9f,
    0xff, 0xff, 0x30, 0x0, 0x0, 0x0, 0x6, 0x90,
    0x0, 0x0, 0x28, 0xa8, 0x20, 0x0, 0x0, 0x0,
    0x0, 0x0, 0x0, 0x0, 0x0, 0x0, 0x0, 0x0,
    0x0, 0x0, 0x0, 0x0, 0x0, 0x0, 0x0, 0x0,
    0x0, 0x0, 0x0, 0x0, 0x0, 0x0, 0x0, 0x38,
    0xce, 0xff, 0xeb, 0x61, 0x0, 0x0, 0x0, 0x0,
    0x2, 0xbf, 0xff, 0xff, 0xff, 0xff, 0xf7, 0x0,
    0x0, 0x0, 0x4, 0xff, 0xff, 0xff, 0xff, 0xff,
    0xff, 0xfb, 0x0, 0x0, 0x3, 0xff, 0xff, 0xfb,
    0x65, 0x58, 0xdf, 0xff, 0xfb, 0x0, 0x0, 0xdf,
    0xff, 0xd2, 0x0, 0x0, 0x0, 0x6f, 0xff, 0xf7,
    0x0, 0x5f, 0xff, 0xe1, 0x0, 0x0, 0x0, 0x0,
    0x7f, 0xff, 0xe0, 0xc, 0xff, 0xf7, 0x0, 0x0,
    0x0, 0x0, 0x0, 0xdf, 0xff, 0x50, 0xff, 0xff,
    0x10, 0x0, 0x0, 0x0, 0x0, 0x7, 0xff, 0xfa,
    0x3f, 0xff, 0xd0, 0x0, 0x0, 0x0, 0x0, 0x0,
    0x3f, 0xff, 0xd5, 0xff, 0xfb, 0x0, 0x0, 0x0,
    0x0, 0x0, 0x1, 0xff, 0xfe, 0x5f, 0xff, 0xa0,
    0x0, 0x0, 0x0, 0x0, 0x0, 0x1f, 0xff, 0xf5,
    0xff, 0xfa, 0x0, 0x0, 0x0, 0x0, 0x0, 0x1,
    0xff, 0xfe, 0x3f, 0xff, 0xc0, 0x0, 0x0, 0x0,
    0x0, 0x0, 0x3f, 0xff, 0xc0, 0xff, 0xff, 0x10,
    0x0, 0x0, 0x0, 0x0, 0x7, 0xff, 0xf9, 0xc,
    0xff, 0xf7, 0x0, 0x0, 0x0, 0x0, 0x0, 0xdf,
    0xff, 0x50, 0x5f, 0xff, 0xe1, 0x0, 0x0, 0x0,
    0x0, 0x7f, 0xff, 0xe0, 0x0, 0xdf, 0xff, 0xd2,
    0x0, 0x0, 0x0, 0x7f, 0xff, 0xf6, 0x0, 0x2,
    0xff, 0xff, 0xfa, 0x64, 0x58, 0xdf, 0xff, 0xfb,
    0x0, 0x0, 0x4, 0xff, 0xff, 0xff, 0xff, 0xff,
    0xff, 0xfb, 0x0, 0x0, 0x0, 0x2, 0xbf, 0xff,
    0xff, 0xff, 0xff, 0xf7, 0x0, 0x0, 0x0, 0x0,
    0x0, 0x38, 0xce, 0xff, 0xeb, 0x61, 0x0, 0x0,
    0x0,

    /* U+00D6 "Ö" */
    0x0, 0x0, 0x0, 0x2a, 0x92, 0x0, 0x6a, 0x70,
    0x0, 0x0, 0x0, 0x0, 0x0, 0xd, 0xff, 0xb0,
    0x2f, 0xff, 0x50, 0x0, 0x0, 0x0, 0x0, 0x0,
    0xef, 0xfc, 0x3, 0xff, 0xf6, 0x0, 0x0, 0x0,
    0x0, 0x0, 0x6, 0xfe, 0x40, 0xa, 0xfc, 0x10,
    0x0, 0x0, 0x0, 0x0, 0x0, 0x0, 0x0, 0x0,
    0x0, 0x0, 0x0, 0x0, 0x0, 0x0, 0x0, 0x0,
    0x0, 0x0, 0x0, 0x0, 0x0, 0x0, 0x0, 0x0,
    0x0, 0x0, 0x0, 0x0, 0x0, 0x0, 0x0, 0x0,
    0x0, 0x0, 0x0, 0x0, 0x3, 0x8c, 0xef, 0xfe,
    0xb6, 0x10, 0x0, 0x0, 0x0, 0x0, 0x2b, 0xff,
    0xff, 0xff, 0xff, 0xff, 0x70, 0x0, 0x0, 0x0,
    0x4f, 0xff, 0xff, 0xff, 0xff, 0xff, 0xff, 0xb0,
    0x0, 0x0, 0x3f, 0xff, 0xff, 0xb6, 0x55, 0x8d,
    0xff, 0xff, 0xb0, 0x0, 0xd, 0xff, 0xfd, 0x20,
    0x0, 0x0, 0x6, 0xff, 0xff, 0x70, 0x5, 0xff,
    0xfe, 0x10, 0x0, 0x0, 0x0, 0x7, 0xff, 0xfe,
    0x0, 0xcf, 0xff, 0x70, 0x0, 0x0, 0x0, 0x0,
    0xd, 0xff, 0xf5, 0xf, 0xff, 0xf1, 0x0, 0x0,
    0x0, 0x0, 0x0, 0x7f, 0xff, 0xa3, 0xff, 0xfd,
    0x0, 0x0, 0x0, 0x0, 0x0, 0x3, 0xff, 0xfd,
    0x5f, 0xff, 0xb0, 0x0, 0x0, 0x0, 0x0, 0x0,
    0x1f, 0xff, 0xe5, 0xff, 0xfa, 0x0, 0x0, 0x0,
    0x0, 0x0, 0x1, 0xff, 0xff, 0x5f, 0xff, 0xa0,
    0x0, 0x0, 0x0, 0x0, 0x0, 0x1f, 0xff, 0xe3,
    0xff, 0xfc, 0x0, 0x0, 0x0, 0x0, 0x0, 0x3,
    0xff, 0xfc, 0xf, 0xff, 0xf1, 0x0, 0x0, 0x0,
    0x0, 0x0, 0x7f, 0xff, 0x90, 0xcf, 0xff, 0x70,
    0x0, 0x0, 0x0, 0x0, 0xd, 0xff, 0xf5, 0x5,
    0xff, 0xfe, 0x10, 0x0, 0x0, 0x0, 0x7, 0xff,
    0xfe, 0x0, 0xd, 0xff, 0xfd, 0x20, 0x0, 0x0,
    0x7, 0xff, 0xff, 0x60, 0x0, 0x2f, 0xff, 0xff,
    0xa6, 0x45, 0x8d, 0xff, 0xff, 0xb0, 0x0, 0x0,
    0x4f, 0xff, 0xff, 0xff, 0xff, 0xff, 0xff, 0xb0,
    0x0, 0x0, 0x0, 0x2b, 0xff, 0xff, 0xff, 0xff,
    0xff, 0x70, 0x0, 0x0, 0x0, 0x0, 0x3, 0x8c,
    0xef, 0xfe, 0xb6, 0x10, 0x0, 0x0,

    /* U+00D7 "×" */
    0x0, 0x0, 0x0, 0x0, 0x0, 0x0, 0x0, 0x5f,
    0x90, 0x0, 0x0, 0x0, 0x9, 0xf6, 0xbf, 0xf9,
    0x0, 0x0, 0x0, 0x9f, 0xfb, 0x3f, 0xff, 0x90,
    0x0, 0x9, 0xff, 0xe2, 0x3, 0xff, 0xf9, 0x0,
    0x9f, 0xfe, 0x20, 0x0, 0x3f, 0xff, 0x99, 0xff,
    0xe3, 0x0, 0x0, 0x3, 0xff, 0xff, 0xff, 0x30,
    0x0, 0x0, 0x0, 0x3f, 0xff, 0xf3, 0x0, 0x0,
    0x0, 0x0, 0x8f, 0xff, 0xf8, 0x0, 0x0, 0x0,
    0x8, 0xff, 0xef, 0xff, 0x80, 0x0, 0x0, 0x8f,
    0xfe, 0x33, 0xff, 0xf8, 0x0, 0x8, 0xff, 0xe3,
    0x0, 0x3f, 0xff, 0x80, 0x6f, 0xfe, 0x30, 0x0,
    0x3, 0xff, 0xf6, 0x9f, 0xe3, 0x0, 0x0, 0x0,
    0x3f, 0xf9, 0x17, 0x20, 0x0, 0x0, 0x0, 0x2,
    0x60,

    /* U+00D8 "Ø" */
    0x0, 0x0, 0x0, 0x0, 0x0, 0x0, 0x0, 0x0,
    0xaa, 0x10, 0x0, 0x0, 0x0, 0x0, 0x0, 0x0,
    0x0, 0x0, 0x9f, 0xf7, 0x0, 0x0, 0x0, 0x0,
    0x38, 0xce, 0xff, 0xeb, 0x7f, 0xff, 0x30, 0x0,
    0x0, 0x2, 0xbf, 0xff, 0xff, 0xff, 0xff, 0xff,
    0xa0, 0x0, 0x0, 0x4, 0xff, 0xff, 0xff, 0xff,
    0xff, 0xff, 0xfc, 0x0, 0x0, 0x3, 0xff, 0xff,
    0xfb, 0x65, 0x58, 0xff, 0xff, 0xfb, 0x0, 0x0,
    0xdf, 0xff, 0xd2, 0x0, 0x0, 0x6f, 0xff, 0xff,
    0xf7, 0x0, 0x5f, 0xff, 0xe1, 0x0, 0x0, 0x1e,
    0xff, 0xaf, 0xff, 0xe0, 0xc, 0xff, 0xf7, 0x0,
    0x0, 0x9, 0xff, 0xb0, 0xdf, 0xff, 0x50, 0xff,
    0xff, 0x10, 0x0, 0x2, 0xff, 0xf2, 0x7, 0xff,
    0xfa, 0x3f, 0xff, 0xd0, 0x0, 0x0, 0xbf, 0xf8,
    0x0, 0x3f, 0xff, 0xd5, 0xff, 0xfb, 0x0, 0x0,
    0x5f, 0xfe, 0x0, 0x1, 0xff, 0xfe, 0x5f, 0xff,
    0xa0, 0x0, 0xd, 0xff, 0x50, 0x0, 0x1f, 0xff,
    0xf5, 0xff, 0xfa, 0x0, 0x7, 0xff, 0xc0, 0x0,
    0x1, 0xff, 0xfe, 0x3f, 0xff, 0xc0, 0x1, 0xff,
    0xf3, 0x0, 0x0, 0x3f, 0xff, 0xc0, 0xff, 0xff,
    0x10, 0xaf, 0xf9, 0x0, 0x0, 0x7, 0xff, 0xf9,
    0xc, 0xff, 0xf7, 0x3f, 0xff, 0x10, 0x0, 0x0,
    0xdf, 0xff, 0x50, 0x5f, 0xff, 0xed, 0xff, 0x70,
    0x0, 0x0, 0x7f, 0xff, 0xe0, 0x0, 0xdf, 0xff,
    0xff, 0xd0, 0x0, 0x0, 0x7f, 0xff, 0xf6, 0x0,
    0x2, 0xff, 0xff, 0xfc, 0x64, 0x58, 0xdf, 0xff,
    0xfb, 0x0, 0x0, 0x4, 0xff, 0xff, 0xff, 0xff,
    0xff, 0xff, 0xfb, 0x0, 0x0, 0x0, 0x3f, 0xff,
    0xff, 0xff, 0xff, 0xff, 0xf7, 0x0, 0x0, 0x0,
    0xc, 0xff, 0xa8, 0xce, 0xff, 0xeb, 0x61, 0x0,
    0x0, 0x0, 0x0, 0xdf, 0xf1, 0x0, 0x0, 0x0,
    0x0, 0x0, 0x0, 0x0, 0x0, 0x2, 0x94, 0x0,
    0x0, 0x0, 0x0, 0x0, 0x0, 0x0, 0x0,

    /* U+00D9 "Ù" */
    0x0, 0x0, 0x1b, 0xa0, 0x0, 0x0, 0x0, 0x0,
    0x0, 0x0, 0x0, 0x9f, 0xf9, 0x0, 0x0, 0x0,
    0x0, 0x0, 0x0, 0x0, 0x3f, 0xff, 0x30, 0x0,
    0x0, 0x0, 0x0, 0x0, 0x0, 0x5, 0xff, 0xd0,
    0x0, 0x0, 0x0, 0x0, 0x0, 0x0, 0x0, 0x6f,
    0xf8, 0x0, 0x0, 0x0, 0x0, 0x0, 0x0, 0x0,
    0x7, 0xf5, 0x0, 0x0, 0x0, 0x0, 0x0, 0x0,
    0x0, 0x0, 0x0, 0x0, 0x0, 0x0, 0x0, 0x0,
    0x0, 0x0, 0x0, 0x0, 0x0, 0x0, 0x0, 0x0,
    0x5e, 0xf7, 0x0, 0x0, 0x0, 0x0, 0x0, 0x5e,
    0xf7, 0xcf, 0xff, 0x0, 0x0, 0x0, 0x0, 0x0,
    0xcf, 0xff, 0xdf, 0xff, 0x0, 0x0, 0x0, 0x0,
    0x0, 0xdf, 0xff, 0xdf, 0xff, 0x0, 0x0, 0x0,
    0x0, 0x0, 0xdf, 0xff, 0xdf, 0xff, 0x0, 0x0,
    0x0, 0x0, 0x0, 0xdf, 0xff, 0xdf, 0xff, 0x0,
    0x0, 0x0, 0x0, 0x0, 0xdf, 0xff, 0xdf, 0xff,
    0x0, 0x0, 0x0, 0x0, 0x0, 0xdf, 0xff, 0xdf,
    0xff, 0x0, 0x0, 0x0, 0x0, 0x0, 0xdf, 0xff,
    0xdf, 0xff, 0x0, 0x0, 0x0, 0x0, 0x0, 0xdf,
    0xff, 0xdf, 0xff, 0x0, 0x0, 0x0, 0x0, 0x0,
    0xdf, 0xff, 0xdf, 0xff, 0x0, 0x0, 0x0, 0x0,
    0x0, 0xdf, 0xff, 0xdf, 0xff, 0x0, 0x0, 0x0,
    0x0, 0x0, 0xdf, 0xff, 0xdf, 0xff, 0x0, 0x0,
    0x0, 0x0, 0x0, 0xdf, 0xff, 0xcf, 0xff, 0x10,
    0x0, 0x0, 0x0, 0x0, 0xef, 0xfe, 0xaf, 0xff,
    0x40, 0x0, 0x0, 0x0, 0x2, 0xff, 0xfc, 0x7f,
    0xff, 0xb0, 0x0, 0x0, 0x0, 0x8, 0xff, 0xf9,
    0x1f, 0xff, 0xf8, 0x0, 0x0, 0x0, 0x5f, 0xff,
    0xf3, 0x9, 0xff, 0xff, 0xd7, 0x55, 0x6b, 0xff,
    0xff, 0xb0, 0x0, 0xcf, 0xff, 0xff, 0xff, 0xff,
    0xff, 0xfe, 0x10, 0x0, 0x9, 0xff, 0xff, 0xff,
    0xff, 0xff, 0xb1, 0x0, 0x0, 0x0, 0x28, 0xce,
    0xff, 0xec, 0x93, 0x0, 0x0,

    /* U+00DA "Ú" */
    0x0, 0x0, 0x0, 0x0, 0x0, 0x8, 0xc4, 0x0,
    0x0, 0x0, 0x0, 0x0, 0x0, 0x0, 0x5f, 0xfd,
    0x0, 0x0, 0x0, 0x0, 0x0, 0x0, 0x1, 0xef,
    0xf7, 0x0, 0x0, 0x0, 0x0, 0x0, 0x0, 0xa,
    0xff, 0x80, 0x0, 0x0, 0x0, 0x0, 0x0, 0x0,
    0x4f, 0xfa, 0x0, 0x0, 0x0, 0x0, 0x0, 0x0,
    0x0, 0x3e, 0xa0, 0x0, 0x0, 0x0, 0x0, 0x0,
    0x0, 0x0, 0x0, 0x0, 0x0, 0x0, 0x0, 0x0,
    0x0, 0x0, 0x0, 0x0, 0x0, 0x0, 0x0, 0x0,
    0x5e, 0xf7, 0x0, 0x0, 0x0, 0x0, 0x0, 0x5e,
    0xf7, 0xcf, 0xff, 0x0, 0x0, 0x0, 0x0, 0x0,
    0xcf, 0xff, 0xdf, 0xff, 0x0, 0x0, 0x0, 0x0,
    0x0, 0xdf, 0xff, 0xdf, 0xff, 0x0, 0x0, 0x0,
    0x0, 0x0, 0xdf, 0xff, 0xdf, 0xff, 0x0, 0x0,
    0x0, 0x0, 0x0, 0xdf, 0xff, 0xdf, 0xff, 0x0,
    0x0, 0x0, 0x0, 0x0, 0xdf, 0xff, 0xdf, 0xff,
    0x0, 0x0, 0x0, 0x0, 0x0, 0xdf, 0xff, 0xdf,
    0xff, 0x0, 0x0, 0x0, 0x0, 0x0, 0xdf, 0xff,
    0xdf, 0xff, 0x0, 0x0, 0x0, 0x0, 0x0, 0xdf,
    0xff, 0xdf, 0xff, 0x0, 0x0, 0x0, 0x0, 0x0,
    0xdf, 0xff, 0xdf, 0xff, 0x0, 0x0, 0x0, 0x0,
    0x0, 0xdf, 0xff, 0xdf, 0xff, 0x0, 0x0, 0x0,
    0x0, 0x0, 0xdf, 0xff, 0xdf, 0xff, 0x0, 0x0,
    0x0, 0x0, 0x0, 0xdf, 0xff, 0xcf, 0xff, 0x10,
    0x0, 0x0, 0x0, 0x0, 0xef, 0xfe, 0xaf, 0xff,
    0x40, 0x0, 0x0, 0x0, 0x2, 0xff, 0xfc, 0x7f,
    0xff, 0xb0, 0x0, 0x0, 0x0, 0x8, 0xff, 0xf9,
    0x1f, 0xff, 0xf8, 0x0, 0x0, 0x0, 0x5f, 0xff,
    0xf3, 0x9, 0xff, 0xff, 0xd7, 0x55, 0x6b, 0xff,
    0xff, 0xb0, 0x0, 0xcf, 0xff, 0xff, 0xff, 0xff,
    0xff, 0xfe, 0x10, 0x0, 0x9, 0xff, 0xff, 0xff,
    0xff, 0xff, 0xb1, 0x0, 0x0, 0x0, 0x28, 0xce,
    0xff, 0xec, 0x93, 0x0, 0x0,

    /* U+00DB "Û" */
    0x0, 0x0, 0x0, 0x6, 0xef, 0x90, 0x0, 0x0,
    0x0, 0x0, 0x0, 0x0, 0x4f, 0xff, 0xf7, 0x0,
    0x0, 0x0, 0x0, 0x0, 0x1, 0xef, 0xfd, 0xff,
    0x30, 0x0, 0x0, 0x0, 0x0, 0xa, 0xff, 0x42,
    0xff, 0xd0, 0x0, 0x0, 0x0, 0x0, 0x5f, 0xf7,
    0x0, 0x4f, 0xf8, 0x0, 0x0, 0x0, 0x0, 0x4f,
    0x90, 0x0, 0x6, 0xf7, 0x0, 0x0, 0x0, 0x0,
    0x0, 0x0, 0x0, 0x0, 0x0, 0x0, 0x0, 0x0,
    0x0, 0x0, 0x0, 0x0, 0x0, 0x0, 0x0, 0x0,
    0x5e, 0xf7, 0x0, 0x0, 0x0, 0x0, 0x0, 0x5e,
    0xf7, 0xcf, 0xff, 0x0, 0x0, 0x0, 0x0, 0x0,
    0xcf, 0xff, 0xdf, 0xff, 0x0, 0x0, 0x0, 0x0,
    0x0, 0xdf, 0xff, 0xdf, 0xff, 0x0, 0x0, 0x0,
    0x0, 0x0, 0xdf, 0xff, 0xdf, 0xff, 0x0, 0x0,
    0x0, 0x0, 0x0, 0xdf, 0xff, 0xdf, 0xff, 0x0,
    0x0, 0x0, 0x0, 0x0, 0xdf, 0xff, 0xdf, 0xff,
    0x0, 0x0, 0x0, 0x0, 0x0, 0xdf, 0xff, 0xdf,
    0xff, 0x0, 0x0, 0x0, 0x0, 0x0, 0xdf, 0xff,
    0xdf, 0xff, 0x0, 0x0, 0x0, 0x0, 0x0, 0xdf,
    0xff, 0xdf, 0xff, 0x0, 0x0, 0x0, 0x0, 0x0,
    0xdf, 0xff, 0xdf, 0xff, 0x0, 0x0, 0x0, 0x0,
    0x0, 0xdf, 0xff, 0xdf, 0xff, 0x0, 0x0, 0x0,
    0x0, 0x0, 0xdf, 0xff, 0xdf, 0xff, 0x0, 0x0,
    0x0, 0x0, 0x0, 0xdf, 0xff, 0xcf, 0xff, 0x10,
    0x0, 0x0, 0x0, 0x0, 0xef, 0xfe, 0xaf, 0xff,
    0x40, 0x0, 0x0, 0x0, 0x2, 0xff, 0xfc, 0x7f,
    0xff, 0xb0, 0x0, 0x0, 0x0, 0x8, 0xff, 0xf9,
    0x1f, 0xff, 0xf8, 0x0, 0x0, 0x0, 0x5f, 0xff,
    0xf3, 0x9, 0xff, 0xff, 0xd7, 0x55, 0x6b, 0xff,
    0xff, 0xb0, 0x0, 0xcf, 0xff, 0xff, 0xff, 0xff,
    0xff, 0xfe, 0x10, 0x0, 0x9, 0xff, 0xff, 0xff,
    0xff, 0xff, 0xb1, 0x0, 0x0, 0x0, 0x28, 0xce,
    0xff, 0xec, 0x93, 0x0, 0x0,

    /* U+00DC "Ü" */
    0x0, 0x0, 0x8, 0xa5, 0x0, 0x2a, 0x91, 0x0,
    0x0, 0x0, 0x0, 0x7f, 0xff, 0x10, 0xcf, 0xfa,
    0x0, 0x0, 0x0, 0x0, 0x8f, 0xff, 0x10, 0xdf,
    0xfb, 0x0, 0x0, 0x0, 0x0, 0x2d, 0xf9, 0x0,
    0x6f, 0xe4, 0x0, 0x0, 0x0, 0x0, 0x0, 0x0,
    0x0, 0x0, 0x0, 0x0, 0x0, 0x0, 0x0, 0x0,
    0x0, 0x0, 0x0, 0x0, 0x0, 0x0, 0x0, 0x0,
    0x0, 0x0, 0x0, 0x0, 0x0, 0x0, 0x0, 0x5e,
    0xf7, 0x0, 0x0, 0x0, 0x0, 0x0, 0x5e, 0xf7,
    0xcf, 0xff, 0x0, 0x0, 0x0, 0x0, 0x0, 0xcf,
    0xff, 0xdf, 0xff, 0x0, 0x0, 0x0, 0x0, 0x0,
    0xdf, 0xff, 0xdf, 0xff, 0x0, 0x0, 0x0, 0x0,
    0x0, 0xdf, 0xff, 0xdf, 0xff, 0x0, 0x0, 0x0,
    0x0, 0x0, 0xdf, 0xff, 0xdf, 0xff, 0x0, 0x0,
    0x0, 0x0, 0x0, 0xdf, 0xff, 0xdf, 0xff, 0x0,
    0x0, 0x0, 0x0, 0x0, 0xdf, 0xff, 0xdf, 0xff,
    0x0, 0x0, 0x0, 0x0, 0x0, 0xdf, 0xff, 0xdf,
    0xff, 0x0, 0x0, 0x0, 0x0, 0x0, 0xdf, 0xff,
    0xdf, 0xff, 0x0, 0x0, 0x0, 0x0, 0x0, 0xdf,
    0xff, 0xdf, 0xff, 0x0, 0x0, 0x0, 0x0, 0x0,
    0xdf, 0xff, 0xdf, 0xff, 0x0, 0x0, 0x0, 0x0,
    0x0, 0xdf, 0xff, 0xdf, 0xff, 0x0, 0x0, 0x0,
    0x0, 0x0, 0xdf, 0xff, 0xcf, 0xff, 0x10, 0x0,
    0x0, 0x0, 0x0, 0xef, 0xfe, 0xaf, 0xff, 0x40,
    0x0, 0x0, 0x0, 0x2, 0xff, 0xfc, 0x7f, 0xff,
    0xb0, 0x0, 0x0, 0x0, 0x8, 0xff, 0xf9, 0x1f,
    0xff, 0xf8, 0x0, 0x0, 0x0, 0x5f, 0xff, 0xf3,
    0x9, 0xff, 0xff, 0xd7, 0x55, 0x6b, 0xff, 0xff,
    0xb0, 0x0, 0xcf, 0xff, 0xff, 0xff, 0xff, 0xff,
    0xfe, 0x10, 0x0, 0x9, 0xff, 0xff, 0xff, 0xff,
    0xff, 0xb1, 0x0, 0x0, 0x0, 0x28, 0xce, 0xff,
    0xec, 0x93, 0x0, 0x0,

    /* U+00DD "Ý" */
    0x0, 0x0, 0x0, 0x0, 0x0, 0x6, 0xc5, 0x0,
    0x0, 0x0, 0x0, 0x0, 0x0, 0x0, 0x2, 0xff,
    0xf0, 0x0, 0x0, 0x0, 0x0, 0x0, 0x0, 0x0,
    0xdf, 0xf9, 0x0, 0x0, 0x0, 0x0, 0x0, 0x0,
    0x0, 0x8f, 0xfb, 0x0, 0x0, 0x0, 0x0, 0x0,
    0x0, 0x0, 0x2f, 0xfc, 0x0, 0x0, 0x0, 0x0,
    0x0, 0x0, 0x0, 0x1, 0xdc, 0x10, 0x0, 0x0,
    0x0, 0x0, 0x0, 0x0, 0x0, 0x0, 0x0, 0x0,
    0x0, 0x0, 0x0, 0x0, 0x0, 0x0, 0x0, 0x0,
    0x0, 0x0, 0x0, 0x0, 0x1c, 0xfa, 0x0, 0x0,
    0x0, 0x0, 0x0, 0x2d, 0xf9, 0x6, 0xff, 0xf9,
    0x0, 0x0, 0x0, 0x0, 0xd, 0xff, 0xf0, 0x2f,
    0xff, 0xf5, 0x0, 0x0, 0x0, 0xa, 0xff, 0xf9,
    0x0, 0x6f, 0xff, 0xe1, 0x0, 0x0, 0x6, 0xff,
    0xfd, 0x0, 0x0, 0xaf, 0xff, 0xc0, 0x0, 0x2,
    0xff, 0xff, 0x30, 0x0, 0x0, 0xdf, 0xff, 0x80,
    0x0, 0xcf, 0xff, 0x70, 0x0, 0x0, 0x3, 0xff,
    0xff, 0x30, 0x9f, 0xff, 0xb0, 0x0, 0x0, 0x0,
    0x7, 0xff, 0xfe, 0x5f, 0xff, 0xe1, 0x0, 0x0,
    0x0, 0x0, 0xb, 0xff, 0xff, 0xff, 0xf4, 0x0,
    0x0, 0x0, 0x0, 0x0, 0x1e, 0xff, 0xff, 0xf8,
    0x0, 0x0, 0x0, 0x0, 0x0, 0x0, 0x4f, 0xff,
    0xfc, 0x0, 0x0, 0x0, 0x0, 0x0, 0x0, 0x0,
    0xbf, 0xff, 0x40, 0x0, 0x0, 0x0, 0x0, 0x0,
    0x0, 0xa, 0xff, 0xf3, 0x0, 0x0, 0x0, 0x0,
    0x0, 0x0, 0x0, 0xaf, 0xff, 0x30, 0x0, 0x0,
    0x0, 0x0, 0x0, 0x0, 0xa, 0xff, 0xf3, 0x0,
    0x0, 0x0, 0x0, 0x0, 0x0, 0x0, 0xaf, 0xff,
    0x30, 0x0, 0x0, 0x0, 0x0, 0x0, 0x0, 0xa,
    0xff, 0xf3, 0x0, 0x0, 0x0, 0x0, 0x0, 0x0,
    0x0, 0xaf, 0xff, 0x30, 0x0, 0x0, 0x0, 0x0,
    0x0, 0x0, 0xa, 0xff, 0xf3, 0x0, 0x0, 0x0,
    0x0, 0x0, 0x0, 0x0, 0x9f, 0xff, 0x20, 0x0,
    0x0, 0x0, 0x0, 0x0, 0x0, 0x2, 0xdf, 0x90,
    0x0, 0x0, 0x0, 0x0,

    /* U+00DE "Þ" */
    0x3d, 0xfa, 0x0, 0x0, 0x0, 0x0, 0x0, 0x0,
    0xa, 0xff, 0xf2, 0x0, 0x0, 0x0, 0x0, 0x0,
    0x0, 0xbf, 0xff, 0x20, 0x0, 0x0, 0x0, 0x0,
    0x0, 0xb, 0xff, 0xff, 0xff, 0xff, 0xff, 0xd9,
    0x30, 0x0, 0xbf, 0xff, 0xff, 0xff, 0xff, 0xff,
    0xff, 0x90, 0xb, 0xff, 0xff, 0xff, 0xff, 0xff,
    0xff, 0xff, 0x90, 0xbf, 0xff, 0x20, 0x0, 0x1,
    0x39, 0xff, 0xff, 0x3b, 0xff, 0xf2, 0x0, 0x0,
    0x0, 0x7, 0xff, 0xf9, 0xbf, 0xff, 0x20, 0x0,
    0x0, 0x0, 0xf, 0xff, 0xbb, 0xff, 0xf2, 0x0,
    0x0, 0x0, 0x0, 0xef, 0xfc, 0xbf, 0xff, 0x20,
    0x0, 0x0, 0x0, 0xf, 0xff, 0xbb, 0xff, 0xf2,
    0x0, 0x0, 0x0, 0x7, 0xff, 0xf9, 0xbf, 0xff,
    0x20, 0x0, 0x0, 0x29, 0xff, 0xff, 0x3b, 0xff,
    0xff, 0xff, 0xff, 0xff, 0xff, 0xff, 0xa0, 0xbf,
    0xff, 0xff, 0xff, 0xff, 0xff, 0xff, 0xa0, 0xb,
    0xff, 0xff, 0xff, 0xff, 0xff, 0xda, 0x30, 0x0,
    0xbf, 0xff, 0x20, 0x0, 0x0, 0x0, 0x0, 0x0,
    0xb, 0xff, 0xf2, 0x0, 0x0, 0x0, 0x0, 0x0,
    0x0, 0xbf, 0xff, 0x20, 0x0, 0x0, 0x0, 0x0,
    0x0, 0xa, 0xff, 0xf1, 0x0, 0x0, 0x0, 0x0,
    0x0, 0x0, 0x3d, 0xf8, 0x0, 0x0, 0x0, 0x0,
    0x0, 0x0, 0x0,

    /* U+00DF "ß" */
    0x0, 0x0, 0x28, 0xcf, 0xff, 0xd9, 0x20, 0x0,
    0x0, 0x0, 0x8, 0xff, 0xff, 0xff, 0xff, 0xf6,
    0x0, 0x0, 0x0, 0x8f, 0xff, 0xfd, 0xbd, 0xff,
    0xff, 0x20, 0x0, 0x3, 0xff, 0xfe, 0x30, 0x0,
    0x6f, 0xff, 0x60, 0x0, 0x9, 0xff, 0xf4, 0x0,
    0x0, 0x1f, 0xff, 0x70, 0x0, 0xd, 0xff, 0xe0,
    0x0, 0x0, 0x5f, 0xff, 0x30, 0x0, 0xf, 0xff,
    0xb0, 0x0, 0x3, 0xff, 0xfa, 0x0, 0x0, 0xf,
    0xff, 0xb0, 0x0, 0x3f, 0xff, 0xb0, 0x0, 0x0,
    0xf, 0xff, 0xb0, 0x1, 0xef, 0xfb, 0x0, 0x0,
    0x0, 0xf, 0xff, 0xb0, 0x7, 0xff, 0xe0, 0x0,
    0x0, 0x0, 0xf, 0xff, 0xb0, 0x9, 0xff, 0xe0,
    0x0, 0x0, 0x0, 0xf, 0xff, 0xb0, 0x7, 0xff,
    0xfc, 0x40, 0x0, 0x0, 0xf, 0xff, 0xb0, 0x1,
    0xef, 0xff, 0xff, 0xa3, 0x0, 0xf, 0xff, 0xb0,
    0x0, 0x1a, 0xff, 0xff, 0xff, 0x90, 0xf, 0xff,
    0xb0, 0x0, 0x0, 0x27, 0xcf, 0xff, 0xf7, 0xf,
    0xff, 0xb0, 0x0, 0x0, 0x0, 0x3, 0xef, 0xfd,
    0xf, 0xff, 0xb0, 0x0, 0x0, 0x0, 0x0, 0x8f,
    0xfe, 0xf, 0xff, 0xb0, 0x7f, 0xb4, 0x0, 0x1,
    0xdf, 0xfc, 0xf, 0xff, 0xb0, 0xbf, 0xff, 0xfd,
    0xdf, 0xff, 0xf6, 0xf, 0xff, 0xa0, 0x4e, 0xff,
    0xff, 0xff, 0xff, 0x90, 0x8, 0xfe, 0x30, 0x0,
    0x6a, 0xdf, 0xfe, 0xa3, 0x0,

    /* U+00E0 "à" */
    0x0, 0x0, 0x40, 0x0, 0x0, 0x0, 0x0, 0x0,
    0xe, 0xfa, 0x0, 0x0, 0x0, 0x0, 0x0, 0x1f,
    0xff, 0x30, 0x0, 0x0, 0x0, 0x0, 0x8, 0xff,
    0xb0, 0x0, 0x0, 0x0, 0x0, 0x0, 0xdf, 0xf3,
    0x0, 0x0, 0x0, 0x0, 0x0, 0x3f, 0xfb, 0x0,
    0x0, 0x0, 0x0, 0x0, 0x7, 0xff, 0x10, 0x0,
    0x0, 0x0, 0x0, 0x0, 0x87, 0x0, 0x0, 0x0,
    0x0, 0x0, 0x0, 0x0, 0x0, 0x0, 0x0, 0x0,
    0x16, 0xad, 0xff, 0xec, 0x70, 0x0, 0x5, 0xff,
    0xff, 0xff, 0xff, 0xfd, 0x10, 0xc, 0xff, 0xff,
    0xdd, 0xff, 0xff, 0xc0, 0x6, 0xe9, 0x30, 0x0,
    0xb, 0xff, 0xf3, 0x0, 0x0, 0x0, 0x0, 0x2,
    0xff, 0xf6, 0x0, 0x0, 0x0, 0x0, 0x0, 0xff,
    0xf8, 0x0, 0x27, 0xbd, 0xef, 0xff, 0xff, 0xf8,
    0x8, 0xff, 0xff, 0xff, 0xff, 0xff, 0xf8, 0x4f,
    0xff, 0xd7, 0x43, 0x23, 0xff, 0xf8, 0x9f, 0xff,
    0x10, 0x0, 0x1, 0xff, 0xf8, 0xbf, 0xff, 0x0,
    0x0, 0x5, 0xff, 0xf8, 0x8f, 0xff, 0x60, 0x0,
    0x3e, 0xff, 0xf8, 0x2f, 0xff, 0xfc, 0x9b, 0xff,
    0xff, 0xf8, 0x5, 0xff, 0xff, 0xff, 0xf6, 0xef,
    0xf8, 0x0, 0x29, 0xef, 0xfc, 0x40, 0x6f, 0xd2,

    /* U+00E1 "á" */
    0x0, 0x0, 0x0, 0x0, 0x1, 0x40, 0x0, 0x0,
    0x0, 0x0, 0x0, 0xe, 0xfb, 0x0, 0x0, 0x0,
    0x0, 0x0, 0x7f, 0xfd, 0x0, 0x0, 0x0, 0x0,
    0x0, 0xef, 0xf5, 0x0, 0x0, 0x0, 0x0, 0x7,
    0xff, 0x90, 0x0, 0x0, 0x0, 0x0, 0xe, 0xfe,
    0x0, 0x0, 0x0, 0x0, 0x0, 0x5f, 0xf4, 0x0,
    0x0, 0x0, 0x0, 0x0, 0x8, 0x60, 0x0, 0x0,
    0x0, 0x0, 0x0, 0x0, 0x0, 0x0, 0x0, 0x0,
    0x16, 0xad, 0xff, 0xec, 0x70, 0x0, 0x5, 0xff,
    0xff, 0xff, 0xff, 0xfd, 0x10, 0xc, 0xff, 0xff,
    0xdd, 0xff, 0xff, 0xc0, 0x6, 0xe9, 0x30, 0x0,
    0xb, 0xff, 0xf3, 0x0, 0x0, 0x0, 0x0, 0x2,
    0xff, 0xf6, 0x0, 0x0, 0x0, 0x0, 0x0, 0xff,
    0xf8, 0x0, 0x27, 0xbd, 0xef, 0xff, 0xff, 0xf8,
    0x8, 0xff, 0xff, 0xff, 0xff, 0xff, 0xf8, 0x4f,
    0xff, 0xd7, 0x43, 0x23, 0xff, 0xf8, 0x9f, 0xff,
    0x10, 0x0, 0x1, 0xff, 0xf8, 0xbf, 0xff, 0x0,
    0x0, 0x5, 0xff, 0xf8, 0x8f, 0xff, 0x60, 0x0,
    0x3e, 0xff, 0xf8, 0x2f, 0xff, 0xfc, 0x9b, 0xff,
    0xff, 0xf8, 0x5, 0xff, 0xff, 0xff, 0xf6, 0xef,
    0xf8, 0x0, 0x29, 0xef, 0xfc, 0x40, 0x6f, 0xd2,

    /* U+00E2 "â" */
    0x0, 0x0, 0x0, 0x47, 0x30, 0x0, 0x0, 0x0,
    0x0, 0x7, 0xff, 0xf4, 0x0, 0x0, 0x0, 0x0,
    0x1f, 0xff, 0xfd, 0x0, 0x0, 0x0, 0x0, 0x9f,
    0xf9, 0xff, 0x50, 0x0, 0x0, 0x2, 0xff, 0x80,
    0xcf, 0xd0, 0x0, 0x0, 0xa, 0xfd, 0x0, 0x3f,
    0xf6, 0x0, 0x0, 0xf, 0xf4, 0x0, 0x8, 0xfc,
    0x0, 0x0, 0x4, 0x50, 0x0, 0x0, 0x72, 0x0,
    0x0, 0x0, 0x0, 0x0, 0x0, 0x0, 0x0, 0x0,
    0x16, 0xad, 0xff, 0xec, 0x70, 0x0, 0x5, 0xff,
    0xff, 0xff, 0xff, 0xfd, 0x10, 0xc, 0xff, 0xff,
    0xdd, 0xff, 0xff, 0xc0, 0x6, 0xe9, 0x30, 0x0,
    0xb, 0xff, 0xf3, 0x0, 0x0, 0x0, 0x0, 0x2,
    0xff, 0xf6, 0x0, 0x0, 0x0, 0x0, 0x0, 0xff,
    0xf8, 0x0, 0x27, 0xbd, 0xef, 0xff, 0xff, 0xf8,
    0x8, 0xff, 0xff, 0xff, 0xff, 0xff, 0xf8, 0x4f,
    0xff, 0xd7, 0x43, 0x23, 0xff, 0xf8, 0x9f, 0xff,
    0x10, 0x0, 0x1, 0xff, 0xf8, 0xbf, 0xff, 0x0,
    0x0, 0x5, 0xff, 0xf8, 0x8f, 0xff, 0x60, 0x0,
    0x3e, 0xff, 0xf8, 0x2f, 0xff, 0xfc, 0x9b, 0xff,
    0xff, 0xf8, 0x5, 0xff, 0xff, 0xff, 0xf6, 0xef,
    0xf8, 0x0, 0x29, 0xef, 0xfc, 0x40, 0x6f, 0xd2,

    /* U+00E3 "ã" */
    0x0, 0x1, 0x67, 0x20, 0x0, 0x3, 0x60, 0x0,
    0x3e, 0xff, 0xf9, 0x0, 0x1e, 0xf1, 0x0, 0xdf,
    0xff, 0xff, 0xeb, 0xef, 0xc0, 0x3, 0xfe, 0x30,
    0x7f, 0xff, 0xff, 0x40, 0x4, 0xf6, 0x0, 0x3,
    0xcf, 0xd5, 0x0, 0x0, 0x0, 0x0, 0x0, 0x0,
    0x0, 0x0, 0x0, 0x0, 0x0, 0x0, 0x0, 0x0,
    0x0, 0x0, 0x0, 0x0, 0x0, 0x0, 0x0, 0x0,
    0x0, 0x16, 0xad, 0xff, 0xec, 0x70, 0x0, 0x5,
    0xff, 0xff, 0xff, 0xff, 0xfd, 0x10, 0xc, 0xff,
    0xff, 0xdd, 0xff, 0xff, 0xc0, 0x6, 0xe9, 0x30,
    0x0, 0xb, 0xff, 0xf3, 0x0, 0x0, 0x0, 0x0,
    0x2, 0xff, 0xf6, 0x0, 0x0, 0x0, 0x0, 0x0,
    0xff, 0xf8, 0x0, 0x27, 0xbd, 0xef, 0xff, 0xff,
    0xf8, 0x8, 0xff, 0xff, 0xff, 0xff, 0xff, 0xf8,
    0x4f, 0xff, 0xd7, 0x43, 0x23, 0xff, 0xf8, 0x9f,
    0xff, 0x10, 0x0, 0x1, 0xff, 0xf8, 0xbf, 0xff,
    0x0, 0x0, 0x5, 0xff, 0xf8, 0x8f, 0xff, 0x60,
    0x0, 0x3e, 0xff, 0xf8, 0x2f, 0xff, 0xfc, 0x9b,
    0xff, 0xff, 0xf8, 0x5, 0xff, 0xff, 0xff, 0xf6,
    0xef, 0xf8, 0x0, 0x29, 0xef, 0xfc, 0x40, 0x6f,
    0xd2,

    /* U+00E4 "ä" */
    0x0, 0xb, 0xfc, 0x10, 0x3d, 0xf8, 0x0, 0x0,
    0x4f, 0xff, 0x50, 0x9f, 0xff, 0x0, 0x0, 0x3f,
    0xff, 0x40, 0x8f, 0xfe, 0x0, 0x0, 0x6, 0xb7,
    0x0, 0x19, 0xa4, 0x0, 0x0, 0x0, 0x0, 0x0,
    0x0, 0x0, 0x0, 0x0, 0x0, 0x0, 0x0, 0x0,
    0x0, 0x0, 0x0, 0x16, 0xad, 0xff, 0xec, 0x70,
    0x0, 0x5, 0xff, 0xff, 0xff, 0xff, 0xfd, 0x10,
    0xc, 0xff, 0xff, 0xdd, 0xff, 0xff, 0xc0, 0x6,
    0xe9, 0x30, 0x0, 0xb, 0xff, 0xf3, 0x0, 0x0,
    0x0, 0x0, 0x2, 0xff, 0xf6, 0x0, 0x0, 0x0,
    0x0, 0x0, 0xff, 0xf8, 0x0, 0x27, 0xbd, 0xef,
    0xff, 0xff, 0xf8, 0x8, 0xff, 0xff, 0xff, 0xff,
    0xff, 0xf8, 0x4f, 0xff, 0xd7, 0x43, 0x23, 0xff,
    0xf8, 0x9f, 0xff, 0x10, 0x0, 0x1, 0xff, 0xf8,
    0xbf, 0xff, 0x0, 0x0, 0x5, 0xff, 0xf8, 0x8f,
    0xff, 0x60, 0x0, 0x3e, 0xff, 0xf8, 0x2f, 0xff,
    0xfc, 0x9b, 0xff, 0xff, 0xf8, 0x5, 0xff, 0xff,
    0xff, 0xf6, 0xef, 0xf8, 0x0, 0x29, 0xef, 0xfc,
    0x40, 0x6f, 0xd2,

    /* U+00E5 "å" */
    0x0, 0x0, 0x8, 0xef, 0xd6, 0x0, 0x0, 0x0,
    0x0, 0xbf, 0xeb, 0xff, 0x70, 0x0, 0x0, 0x3,
    0xfc, 0x0, 0x1e, 0xf0, 0x0, 0x0, 0x6, 0xf7,
    0x0, 0xb, 0xf2, 0x0, 0x0, 0x3, 0xfc, 0x0,
    0x1e, 0xf0, 0x0, 0x0, 0x0, 0xbf, 0xeb, 0xff,
    0x70, 0x0, 0x0, 0x0, 0x8, 0xef, 0xd6, 0x0,
    0x0, 0x0, 0x0, 0x0, 0x0, 0x0, 0x0, 0x0,
    0x0, 0x0, 0x0, 0x0, 0x0, 0x0, 0x0, 0x0,
    0x16, 0xad, 0xff, 0xec, 0x70, 0x0, 0x5, 0xff,
    0xff, 0xff, 0xff, 0xfd, 0x10, 0xc, 0xff, 0xff,
    0xdd, 0xff, 0xff, 0xc0, 0x6, 0xe9, 0x30, 0x0,
    0xb, 0xff, 0xf3, 0x0, 0x0, 0x0, 0x0, 0x2,
    0xff, 0xf6, 0x0, 0x0, 0x0, 0x0, 0x0, 0xff,
    0xf8, 0x0, 0x27, 0xbd, 0xef, 0xff, 0xff, 0xf8,
    0x8, 0xff, 0xff, 0xff, 0xff, 0xff, 0xf8, 0x4f,
    0xff, 0xd7, 0x43, 0x23, 0xff, 0xf8, 0x9f, 0xff,
    0x10, 0x0, 0x1, 0xff, 0xf8, 0xbf, 0xff, 0x0,
    0x0, 0x5, 0xff, 0xf8, 0x8f, 0xff, 0x60, 0x0,
    0x3e, 0xff, 0xf8, 0x2f, 0xff, 0xfc, 0x9b, 0xff,
    0xff, 0xf8, 0x5, 0xff, 0xff, 0xff, 0xf6, 0xef,
    0xf8, 0x0, 0x29, 0xef, 0xfc, 0x40, 0x6f, 0xd2,

    /* U+00E6 "æ" */
    0x0, 0x16, 0xad, 0xff, 0xeb, 0x50, 0x0, 0x6c,
    0xff, 0xea, 0x40, 0x0, 0x5, 0xff, 0xff, 0xff,
    0xff, 0xfa, 0x2d, 0xff, 0xff, 0xff, 0xfa, 0x0,
    0xb, 0xff, 0xff, 0xdd, 0xff, 0xff, 0xef, 0xff,
    0xa9, 0xbf, 0xff, 0x90, 0x6, 0xe9, 0x30, 0x0,
    0xb, 0xff, 0xff, 0xc1, 0x0, 0x3, 0xff, 0xf3,
    0x0, 0x0, 0x0, 0x0, 0x2, 0xff, 0xff, 0x20,
    0x0, 0x0, 0x8f, 0xf9, 0x0, 0x0, 0x0, 0x0,
    0x0, 0xff, 0xfc, 0x0, 0x0, 0x0, 0x4f, 0xfc,
    0x0, 0x27, 0xbd, 0xef, 0xff, 0xff, 0xff, 0xff,
    0xff, 0xff, 0xff, 0xfe, 0x8, 0xff, 0xff, 0xff,
    0xff, 0xff, 0xff, 0xff, 0xff, 0xff, 0xff, 0xfd,
    0x4f, 0xff, 0xd7, 0x43, 0x23, 0xff, 0xfb, 0x22,
    0x22, 0x22, 0x22, 0x20, 0x9f, 0xff, 0x10, 0x0,
    0x1, 0xff, 0xfd, 0x0, 0x0, 0x0, 0x0, 0x0,
    0xbf, 0xff, 0x0, 0x0, 0x6, 0xff, 0xff, 0x50,
    0x0, 0x0, 0x0, 0x0, 0x8f, 0xff, 0x60, 0x0,
    0x3e, 0xff, 0xff, 0xf6, 0x0, 0x0, 0x4a, 0xf8,
    0x2f, 0xff, 0xfc, 0x9b, 0xff, 0xf3, 0xef, 0xff,
    0xfe, 0xef, 0xff, 0xfc, 0x4, 0xff, 0xff, 0xff,
    0xff, 0x40, 0x2d, 0xff, 0xff, 0xff, 0xff, 0xe3,
    0x0, 0x18, 0xdf, 0xfd, 0x92, 0x0, 0x0, 0x6b,
    0xef, 0xfd, 0xa5, 0x0,

    /* U+00E7 "ç" */
    0x0, 0x0, 0x7b, 0xef, 0xfc, 0x82, 0x0, 0x4,
    0xef, 0xff, 0xff, 0xff, 0xf6, 0x4, 0xff, 0xff,
    0xff, 0xff, 0xff, 0xb0, 0xef, 0xff, 0xb2, 0x0,
    0x29, 0xd5, 0x6f, 0xff, 0xb0, 0x0, 0x0, 0x0,
    0xa, 0xff, 0xf4, 0x0, 0x0, 0x0, 0x0, 0xcf,
    0xff, 0x0, 0x0, 0x0, 0x0, 0xd, 0xff, 0xf0,
    0x0, 0x0, 0x0, 0x0, 0xcf, 0xff, 0x10, 0x0,
    0x0, 0x0, 0xa, 0xff, 0xf4, 0x0, 0x0, 0x0,
    0x0, 0x5f, 0xff, 0xc0, 0x0, 0x0, 0x0, 0x0,
    0xdf, 0xff, 0xb2, 0x0, 0x28, 0xd3, 0x3, 0xff,
    0xff, 0xff, 0xff, 0xff, 0x90, 0x3, 0xef, 0xff,
    0xff, 0xff, 0xf4, 0x0, 0x0, 0x6b, 0xff, 0xfc,
    0x81, 0x0, 0x0, 0x0, 0xd, 0xf3, 0x0, 0x0,
    0x0, 0x0, 0x0, 0xff, 0xfe, 0x50, 0x0, 0x0,
    0x0, 0x7, 0x7a, 0xff, 0x0, 0x0, 0x0, 0x1,
    0x0, 0x3f, 0xf1, 0x0, 0x0, 0x6, 0xfd, 0xdf,
    0xfc, 0x0, 0x0, 0x0, 0x2c, 0xff, 0xe9, 0x10,
    0x0,

    /* U+00E8 "è" */
    0x0, 0x0, 0x41, 0x0, 0x0, 0x0, 0x0, 0x0,
    0x0, 0xcf, 0xd0, 0x0, 0x0, 0x0, 0x0, 0x0,
    0xf, 0xff, 0x50, 0x0, 0x0, 0x0, 0x0, 0x0,
    0x6f, 0xfd, 0x0, 0x0, 0x0, 0x0, 0x0, 0x0,
    0xbf, 0xf5, 0x0, 0x0, 0x0, 0x0, 0x0, 0x1,
    0xef, 0xd0, 0x0, 0x0, 0x0, 0x0, 0x0, 0x5,
    0xff, 0x30, 0x0, 0x0, 0x0, 0x0, 0x0, 0x7,
    0x80, 0x0, 0x0, 0x0, 0x0, 0x0, 0x0, 0x0,
    0x0, 0x0, 0x0, 0x0, 0x0, 0x6, 0xbe, 0xfe,
    0xc6, 0x0, 0x0, 0x0, 0x3d, 0xff, 0xff, 0xff,
    0xfd, 0x20, 0x0, 0x2f, 0xff, 0xfb, 0x9a, 0xef,
    0xfd, 0x0, 0xd, 0xff, 0xe2, 0x0, 0x1, 0xcf,
    0xf8, 0x5, 0xff, 0xf4, 0x0, 0x0, 0x3, 0xff,
    0xe0, 0xaf, 0xfe, 0x0, 0x0, 0x0, 0xf, 0xff,
    0x1c, 0xff, 0xff, 0xff, 0xff, 0xff, 0xff, 0xf3,
    0xdf, 0xff, 0xff, 0xff, 0xff, 0xff, 0xff, 0x2c,
    0xff, 0xd2, 0x22, 0x22, 0x22, 0x22, 0x10, 0xaf,
    0xff, 0x0, 0x0, 0x0, 0x0, 0x0, 0x5, 0xff,
    0xf7, 0x0, 0x0, 0x0, 0x0, 0x0, 0xd, 0xff,
    0xf8, 0x10, 0x0, 0x28, 0xfc, 0x0, 0x3f, 0xff,
    0xff, 0xed, 0xff, 0xff, 0xf0, 0x0, 0x2d, 0xff,
    0xff, 0xff, 0xff, 0xf6, 0x0, 0x0, 0x5, 0xad,
    0xff, 0xeb, 0x71, 0x0,

    /* U+00E9 "é" */
    0x0, 0x0, 0x0, 0x0, 0x0, 0x40, 0x0, 0x0,
    0x0, 0x0, 0x0, 0x0, 0xcf, 0xd0, 0x0, 0x0,
    0x0, 0x0, 0x0, 0x4f, 0xff, 0x0, 0x0, 0x0,
    0x0, 0x0, 0xc, 0xff, 0x70, 0x0, 0x0, 0x0,
    0x0, 0x4, 0xff, 0xc0, 0x0, 0x0, 0x0, 0x0,
    0x0, 0xcf, 0xf2, 0x0, 0x0, 0x0, 0x0, 0x0,
    0x2f, 0xf6, 0x0, 0x0, 0x0, 0x0, 0x0, 0x0,
    0x77, 0x0, 0x0, 0x0, 0x0, 0x0, 0x0, 0x0,
    0x0, 0x0, 0x0, 0x0, 0x0, 0x6, 0xbe, 0xfe,
    0xc6, 0x0, 0x0, 0x0, 0x3d, 0xff, 0xff, 0xff,
    0xfd, 0x20, 0x0, 0x2f, 0xff, 0xfb, 0x9a, 0xef,
    0xfd, 0x0, 0xd, 0xff, 0xe2, 0x0, 0x1, 0xcf,
    0xf8, 0x5, 0xff, 0xf4, 0x0, 0x0, 0x3, 0xff,
    0xe0, 0xaf, 0xfe, 0x0, 0x0, 0x0, 0xf, 0xff,
    0x1c, 0xff, 0xff, 0xff, 0xff, 0xff, 0xff, 0xf3,
    0xdf, 0xff, 0xff, 0xff, 0xff, 0xff, 0xff, 0x2c,
    0xff, 0xd2, 0x22, 0x22, 0x22, 0x22, 0x10, 0xaf,
    0xff, 0x0, 0x0, 0x0, 0x0, 0x0, 0x5, 0xff,
    0xf7, 0x0, 0x0, 0x0, 0x0, 0x0, 0xd, 0xff,
    0xf8, 0x10, 0x0, 0x28, 0xfc, 0x0, 0x3f, 0xff,
    0xff, 0xed, 0xff, 0xff, 0xf0, 0x0, 0x2d, 0xff,
    0xff, 0xff, 0xff, 0xf6, 0x0, 0x0, 0x5, 0xad,
    0xff, 0xeb, 0x71, 0x0,

    /* U+00EA "ê" */
    0x0, 0x0, 0x0, 0x37, 0x40, 0x0, 0x0, 0x0,
    0x0, 0x0, 0x5f, 0xff, 0x60, 0x0, 0x0, 0x0,
    0x0, 0xe, 0xff, 0xfe, 0x0, 0x0, 0x0, 0x0,
    0x7, 0xff, 0x9f, 0xf8, 0x0, 0x0, 0x0, 0x0,
    0xef, 0xb0, 0xaf, 0xf1, 0x0, 0x0, 0x0, 0x8f,
    0xf1, 0x1, 0xef, 0x90, 0x0, 0x0, 0xd, 0xf6,
    0x0, 0x6, 0xfe, 0x0, 0x0, 0x0, 0x36, 0x0,
    0x0, 0x6, 0x30, 0x0, 0x0, 0x0, 0x0, 0x0,
    0x0, 0x0, 0x0, 0x0, 0x0, 0x6, 0xbe, 0xfe,
    0xc6, 0x0, 0x0, 0x0, 0x3d, 0xff, 0xff, 0xff,
    0xfd, 0x20, 0x0, 0x2f, 0xff, 0xfb, 0x9a, 0xef,
    0xfd, 0x0, 0xd, 0xff, 0xe2, 0x0, 0x1, 0xcf,
    0xf8, 0x5, 0xff, 0xf4, 0x0, 0x0, 0x3, 0xff,
    0xe0, 0xaf, 0xfe, 0x0, 0x0, 0x0, 0xf, 0xff,
    0x1c, 0xff, 0xff, 0xff, 0xff, 0xff, 0xff, 0xf3,
    0xdf, 0xff, 0xff, 0xff, 0xff, 0xff, 0xff, 0x2c,
    0xff, 0xd2, 0x22, 0x22, 0x22, 0x22, 0x10, 0xaf,
    0xff, 0x0, 0x0, 0x0, 0x0, 0x0, 0x5, 0xff,
    0xf7, 0x0, 0x0, 0x0, 0x0, 0x0, 0xd, 0xff,
    0xf8, 0x10, 0x0, 0x28, 0xfc, 0x0, 0x3f, 0xff,
    0xff, 0xed, 0xff, 0xff, 0xf0, 0x0, 0x2d, 0xff,
    0xff, 0xff, 0xff, 0xf6, 0x0, 0x0, 0x5, 0xad,
    0xff, 0xeb, 0x71, 0x0,

    /* U+00EB "ë" */
    0x0, 0x9, 0xfd, 0x20, 0x1d, 0xfa, 0x0, 0x0,
    0x1, 0xff, 0xf8, 0x7, 0xff, 0xf2, 0x0, 0x0,
    0x1f, 0xff, 0x70, 0x6f, 0xff, 0x10, 0x0, 0x0,
    0x5a, 0x80, 0x0, 0x8a, 0x50, 0x0, 0x0, 0x0,
    0x0, 0x0, 0x0, 0x0, 0x0, 0x0, 0x0, 0x0,
    0x0, 0x0, 0x0, 0x0, 0x0, 0x0, 0x0, 0x6b,
    0xef, 0xec, 0x60, 0x0, 0x0, 0x3, 0xdf, 0xff,
    0xff, 0xff, 0xd2, 0x0, 0x2, 0xff, 0xff, 0xb9,
    0xae, 0xff, 0xd0, 0x0, 0xdf, 0xfe, 0x20, 0x0,
    0x1c, 0xff, 0x80, 0x5f, 0xff, 0x40, 0x0, 0x0,
    0x3f, 0xfe, 0xa, 0xff, 0xe0, 0x0, 0x0, 0x0,
    0xff, 0xf1, 0xcf, 0xff, 0xff, 0xff, 0xff, 0xff,
    0xff, 0x3d, 0xff, 0xff, 0xff, 0xff, 0xff, 0xff,
    0xf2, 0xcf, 0xfd, 0x22, 0x22, 0x22, 0x22, 0x21,
    0xa, 0xff, 0xf0, 0x0, 0x0, 0x0, 0x0, 0x0,
    0x5f, 0xff, 0x70, 0x0, 0x0, 0x0, 0x0, 0x0,
    0xdf, 0xff, 0x81, 0x0, 0x2, 0x8f, 0xc0, 0x3,
    0xff, 0xff, 0xfe, 0xdf, 0xff, 0xff, 0x0, 0x2,
    0xdf, 0xff, 0xff, 0xff, 0xff, 0x60, 0x0, 0x0,
    0x5a, 0xdf, 0xfe, 0xb7, 0x10, 0x0,

    /* U+00EC "ì" */
    0x3, 0x20, 0x0, 0x7, 0xff, 0x20, 0x0, 0xaf,
    0xfa, 0x0, 0x2, 0xff, 0xf2, 0x0, 0x6, 0xff,
    0xa0, 0x0, 0xb, 0xff, 0x20, 0x0, 0x1e, 0xf8,
    0x0, 0x0, 0x49, 0x10, 0x0, 0x0, 0x0, 0x0,
    0x0, 0x7f, 0xd3, 0x0, 0xf, 0xff, 0xa0, 0x0,
    0xff, 0xfb, 0x0, 0xf, 0xff, 0xb0, 0x0, 0xff,
    0xfb, 0x0, 0xf, 0xff, 0xb0, 0x0, 0xff, 0xfb,
    0x0, 0xf, 0xff, 0xb0, 0x0, 0xff, 0xfb, 0x0,
    0xf, 0xff, 0xb0, 0x0, 0xff, 0xfb, 0x0, 0xf,
    0xff, 0xb0, 0x0, 0xff, 0xfb, 0x0, 0xf, 0xff,
    0xa0, 0x0, 0x7f, 0xe3,

    /* U+00ED "í" */
    0x0, 0x0, 0x3, 0x10, 0x0, 0x0, 0x7f, 0xf2,
    0x0, 0x1, 0xff, 0xf4, 0x0, 0x8, 0xff, 0xb0,
    0x0, 0x1f, 0xff, 0x10, 0x0, 0x8f, 0xf5, 0x0,
    0x0, 0xef, 0xa0, 0x0, 0x0, 0x59, 0x10, 0x0,
    0x0, 0x0, 0x0, 0x0, 0x7, 0xfd, 0x30, 0x0,
    0xf, 0xff, 0xa0, 0x0, 0xf, 0xff, 0xb0, 0x0,
    0xf, 0xff, 0xb0, 0x0, 0xf, 0xff, 0xb0, 0x0,
    0xf, 0xff, 0xb0, 0x0, 0xf, 0xff, 0xb0, 0x0,
    0xf, 0xff, 0xb0, 0x0, 0xf, 0xff, 0xb0, 0x0,
    0xf, 0xff, 0xb0, 0x0, 0xf, 0xff, 0xb0, 0x0,
    0xf, 0xff, 0xb0, 0x0, 0xf, 0xff, 0xb0, 0x0,
    0xf, 0xff, 0xa0, 0x0, 0x7, 0xfe, 0x30, 0x0,

    /* U+00EE "î" */
    0x0, 0x2, 0x76, 0x0, 0x0, 0x0, 0x1e, 0xff,
    0xa0, 0x0, 0x0, 0xaf, 0xff, 0xf4, 0x0, 0x2,
    0xff, 0xae, 0xfc, 0x0, 0xb, 0xfe, 0x15, 0xff,
    0x50, 0x4f, 0xf5, 0x0, 0xbf, 0xd0, 0x9f, 0xa0,
    0x0, 0x1f, 0xf2, 0x16, 0x10, 0x0, 0x3, 0x50,
    0x0, 0x0, 0x0, 0x0, 0x0, 0x0, 0x7, 0xfd,
    0x30, 0x0, 0x0, 0xf, 0xff, 0xa0, 0x0, 0x0,
    0xf, 0xff, 0xb0, 0x0, 0x0, 0xf, 0xff, 0xb0,
    0x0, 0x0, 0xf, 0xff, 0xb0, 0x0, 0x0, 0xf,
    0xff, 0xb0, 0x0, 0x0, 0xf, 0xff, 0xb0, 0x0,
    0x0, 0xf, 0xff, 0xb0, 0x0, 0x0, 0xf, 0xff,
    0xb0, 0x0, 0x0, 0xf, 0xff, 0xb0, 0x0, 0x0,
    0xf, 0xff, 0xb0, 0x0, 0x0, 0xf, 0xff, 0xb0,
    0x0, 0x0, 0xf, 0xff, 0xb0, 0x0, 0x0, 0xf,
    0xff, 0xa0, 0x0, 0x0, 0x7, 0xfe, 0x30, 0x0,

    /* U+00EF "ï" */
    0x5e, 0xe5, 0x0, 0xaf, 0xd1, 0xdf, 0xfc, 0x2,
    0xff, 0xf7, 0xcf, 0xfb, 0x1, 0xff, 0xf6, 0x2a,
    0xa2, 0x0, 0x5a, 0x80, 0x0, 0x0, 0x0, 0x0,
    0x0, 0x0, 0x0, 0x0, 0x0, 0x0, 0x0, 0x7,
    0xfd, 0x30, 0x0, 0x0, 0xf, 0xff, 0xa0, 0x0,
    0x0, 0xf, 0xff, 0xb0, 0x0, 0x0, 0xf, 0xff,
    0xb0, 0x0, 0x0, 0xf, 0xff, 0xb0, 0x0, 0x0,
    0xf, 0xff, 0xb0, 0x0, 0x0, 0xf, 0xff, 0xb0,
    0x0, 0x0, 0xf, 0xff, 0xb0, 0x0, 0x0, 0xf,
    0xff, 0xb0, 0x0, 0x0, 0xf, 0xff, 0xb0, 0x0,
    0x0, 0xf, 0xff, 0xb0, 0x0, 0x0, 0xf, 0xff,
    0xb0, 0x0, 0x0, 0xf, 0xff, 0xb0, 0x0, 0x0,
    0xf, 0xff, 0xa0, 0x0, 0x0, 0x7, 0xfe, 0x30,
    0x0,

    /* U+00F0 "ð" */
    0x0, 0x5, 0x62, 0x0, 0x0, 0x0, 0x52, 0x0,
    0x0, 0x3f, 0xff, 0xd6, 0x1, 0x8e, 0xfe, 0x0,
    0x0, 0x1d, 0xff, 0xff, 0xef, 0xff, 0xf9, 0x0,
    0x0, 0x0, 0x4d, 0xff, 0xff, 0xfa, 0x20, 0x0,
    0x0, 0x5, 0xcf, 0xff, 0xff, 0xfc, 0x0, 0x0,
    0x0, 0x9f, 0xff, 0xe7, 0x7f, 0xff, 0xb0, 0x0,
    0x0, 0xaf, 0xd5, 0x0, 0x6, 0xff, 0xf6, 0x0,
    0x0, 0x2, 0x0, 0x0, 0x0, 0x9f, 0xfe, 0x0,
    0x0, 0x0, 0x5a, 0xcd, 0xb7, 0x2f, 0xff, 0x60,
    0x0, 0x4e, 0xff, 0xff, 0xff, 0xed, 0xff, 0xc0,
    0x4, 0xff, 0xff, 0xff, 0xff, 0xff, 0xff, 0xf0,
    0xe, 0xff, 0xf9, 0x20, 0x17, 0xff, 0xff, 0xf3,
    0x6f, 0xff, 0xa0, 0x0, 0x0, 0x5f, 0xff, 0xf4,
    0xbf, 0xff, 0x20, 0x0, 0x0, 0xe, 0xff, 0xf4,
    0xdf, 0xff, 0x0, 0x0, 0x0, 0xb, 0xff, 0xf3,
    0xdf, 0xff, 0x0, 0x0, 0x0, 0xb, 0xff, 0xf1,
    0xbf, 0xff, 0x10, 0x0, 0x0, 0xd, 0xff, 0xe0,
    0x7f, 0xff, 0x80, 0x0, 0x0, 0x4f, 0xff, 0x80,
    0x1f, 0xff, 0xf7, 0x0, 0x5, 0xef, 0xff, 0x10,
    0x5, 0xff, 0xff, 0xfe, 0xff, 0xff, 0xf6, 0x0,
    0x0, 0x5f, 0xff, 0xff, 0xff, 0xff, 0x60, 0x0,
    0x0, 0x1, 0x7c, 0xff, 0xfc, 0x81, 0x0, 0x0,

    /* U+00F1 "ñ" */
    0x0, 0x0, 0x47, 0x50, 0x0, 0x1, 0x62, 0x0,
    0x0, 0xaf, 0xff, 0xd3, 0x0, 0x8f, 0x80, 0x0,
    0x6f, 0xff, 0xff, 0xfb, 0xcf, 0xf4, 0x0, 0xc,
    0xf8, 0x3, 0xdf, 0xff, 0xfb, 0x0, 0x0, 0xcd,
    0x0, 0x0, 0x8e, 0xfa, 0x0, 0x0, 0x0, 0x0,
    0x0, 0x0, 0x0, 0x0, 0x0, 0x0, 0x0, 0x0,
    0x0, 0x0, 0x0, 0x0, 0x0, 0x0, 0x0, 0x0,
    0x0, 0x0, 0x0, 0x0, 0x8, 0xfd, 0x20, 0x4b,
    0xef, 0xeb, 0x40, 0x0, 0xff, 0xf9, 0x8f, 0xff,
    0xff, 0xff, 0x60, 0xf, 0xff, 0xef, 0xff, 0xef,
    0xff, 0xff, 0x10, 0xff, 0xff, 0xe4, 0x0, 0x2d,
    0xff, 0xf6, 0xf, 0xff, 0xf4, 0x0, 0x0, 0x4f,
    0xff, 0x90, 0xff, 0xfd, 0x0, 0x0, 0x1, 0xff,
    0xfa, 0xf, 0xff, 0xb0, 0x0, 0x0, 0x1f, 0xff,
    0xb0, 0xff, 0xfb, 0x0, 0x0, 0x1, 0xff, 0xfb,
    0xf, 0xff, 0xb0, 0x0, 0x0, 0x1f, 0xff, 0xb0,
    0xff, 0xfb, 0x0, 0x0, 0x1, 0xff, 0xfb, 0xf,
    0xff, 0xb0, 0x0, 0x0, 0x1f, 0xff, 0xb0, 0xff,
    0xfb, 0x0, 0x0, 0x1, 0xff, 0xfb, 0xf, 0xff,
    0xb0, 0x0, 0x0, 0x1f, 0xff, 0xb0, 0xff, 0xfa,
    0x0, 0x0, 0x0, 0xff, 0xfa, 0x8, 0xfe, 0x30,
    0x0, 0x0, 0x7, 0xfe, 0x30,

    /* U+00F2 "ò" */
    0x0, 0x0, 0x31, 0x0, 0x0, 0x0, 0x0, 0x0,
    0x0, 0xa, 0xfe, 0x0, 0x0, 0x0, 0x0, 0x0,
    0x0, 0xd, 0xff, 0x70, 0x0, 0x0, 0x0, 0x0,
    0x0, 0x4, 0xff, 0xe0, 0x0, 0x0, 0x0, 0x0,
    0x0, 0x0, 0x9f, 0xf7, 0x0, 0x0, 0x0, 0x0,
    0x0, 0x0, 0xd, 0xfe, 0x0, 0x0, 0x0, 0x0,
    0x0, 0x0, 0x3, 0xff, 0x50, 0x0, 0x0, 0x0,
    0x0, 0x0, 0x0, 0x59, 0x0, 0x0, 0x0, 0x0,
    0x0, 0x0, 0x0, 0x0, 0x0, 0x0, 0x0, 0x0,
    0x0, 0x0, 0x7c, 0xef, 0xfd, 0x82, 0x0, 0x0,
    0x0, 0x4e, 0xff, 0xff, 0xff, 0xff, 0x70, 0x0,
    0x4, 0xff, 0xff, 0xfe, 0xff, 0xff, 0xf8, 0x0,
    0xe, 0xff, 0xf8, 0x0, 0x5, 0xff, 0xff, 0x30,
    0x5f, 0xff, 0x90, 0x0, 0x0, 0x5f, 0xff, 0xa0,
    0xaf, 0xff, 0x30, 0x0, 0x0, 0xe, 0xff, 0xe0,
    0xcf, 0xff, 0x0, 0x0, 0x0, 0xb, 0xff, 0xf1,
    0xdf, 0xfe, 0x0, 0x0, 0x0, 0xa, 0xff, 0xf2,
    0xcf, 0xff, 0x0, 0x0, 0x0, 0xb, 0xff, 0xf1,
    0xaf, 0xff, 0x20, 0x0, 0x0, 0xe, 0xff, 0xe0,
    0x5f, 0xff, 0x90, 0x0, 0x0, 0x5f, 0xff, 0xa0,
    0xd, 0xff, 0xf8, 0x0, 0x5, 0xff, 0xff, 0x30,
    0x3, 0xff, 0xff, 0xfe, 0xff, 0xff, 0xf8, 0x0,
    0x0, 0x4e, 0xff, 0xff, 0xff, 0xff, 0x70, 0x0,
    0x0, 0x0, 0x7c, 0xef, 0xfd, 0x82, 0x0, 0x0,

    /* U+00F3 "ó" */
    0x0, 0x0, 0x0, 0x0, 0x0, 0x41, 0x0, 0x0,
    0x0, 0x0, 0x0, 0x0, 0xa, 0xfe, 0x10, 0x0,
    0x0, 0x0, 0x0, 0x0, 0x2f, 0xff, 0x20, 0x0,
    0x0, 0x0, 0x0, 0x0, 0xaf, 0xf9, 0x0, 0x0,
    0x0, 0x0, 0x0, 0x3, 0xff, 0xd0, 0x0, 0x0,
    0x0, 0x0, 0x0, 0xb, 0xff, 0x30, 0x0, 0x0,
    0x0, 0x0, 0x0, 0xf, 0xf8, 0x0, 0x0, 0x0,
    0x0, 0x0, 0x0, 0x6, 0x80, 0x0, 0x0, 0x0,
    0x0, 0x0, 0x0, 0x0, 0x0, 0x0, 0x0, 0x0,
    0x0, 0x0, 0x7c, 0xef, 0xfd, 0x82, 0x0, 0x0,
    0x0, 0x4e, 0xff, 0xff, 0xff, 0xff, 0x70, 0x0,
    0x4, 0xff, 0xff, 0xfe, 0xff, 0xff, 0xf8, 0x0,
    0xe, 0xff, 0xf8, 0x0, 0x5, 0xff, 0xff, 0x30,
    0x5f, 0xff, 0x90, 0x0, 0x0, 0x5f, 0xff, 0xa0,
    0xaf, 0xff, 0x30, 0x0, 0x0, 0xe, 0xff, 0xe0,
    0xcf, 0xff, 0x0, 0x0, 0x0, 0xb, 0xff, 0xf1,
    0xdf, 0xfe, 0x0, 0x0, 0x0, 0xa, 0xff, 0xf2,
    0xcf, 0xff, 0x0, 0x0, 0x0, 0xb, 0xff, 0xf1,
    0xaf, 0xff, 0x20, 0x0, 0x0, 0xe, 0xff, 0xe0,
    0x5f, 0xff, 0x90, 0x0, 0x0, 0x5f, 0xff, 0xa0,
    0xd, 0xff, 0xf8, 0x0, 0x5, 0xff, 0xff, 0x30,
    0x3, 0xff, 0xff, 0xfe, 0xff, 0xff, 0xf8, 0x0,
    0x0, 0x4e, 0xff, 0xff, 0xff, 0xff, 0x70, 0x0,
    0x0, 0x0, 0x7c, 0xef, 0xfd, 0x82, 0x0, 0x0,

    /* U+00F4 "ô" */
    0x0, 0x0, 0x0, 0x37, 0x50, 0x0, 0x0, 0x0,
    0x0, 0x0, 0x3, 0xff, 0xf8, 0x0, 0x0, 0x0,
    0x0, 0x0, 0xc, 0xff, 0xff, 0x10, 0x0, 0x0,
    0x0, 0x0, 0x5f, 0xfa, 0xff, 0xa0, 0x0, 0x0,
    0x0, 0x0, 0xdf, 0xc0, 0x8f, 0xf2, 0x0, 0x0,
    0x0, 0x6, 0xff, 0x30, 0xd, 0xfb, 0x0, 0x0,
    0x0, 0xb, 0xf8, 0x0, 0x4, 0xff, 0x0, 0x0,
    0x0, 0x2, 0x70, 0x0, 0x0, 0x54, 0x0, 0x0,
    0x0, 0x0, 0x0, 0x0, 0x0, 0x0, 0x0, 0x0,
    0x0, 0x0, 0x7c, 0xef, 0xfd, 0x82, 0x0, 0x0,
    0x0, 0x4e, 0xff, 0xff, 0xff, 0xff, 0x70, 0x0,
    0x4, 0xff, 0xff, 0xfe, 0xff, 0xff, 0xf8, 0x0,
    0xe, 0xff, 0xf8, 0x0, 0x5, 0xff, 0xff, 0x30,
    0x5f, 0xff, 0x90, 0x0, 0x0, 0x5f, 0xff, 0xa0,
    0xaf, 0xff, 0x30, 0x0, 0x0, 0xe, 0xff, 0xe0,
    0xcf, 0xff, 0x0, 0x0, 0x0, 0xb, 0xff, 0xf1,
    0xdf, 0xfe, 0x0, 0x0, 0x0, 0xa, 0xff, 0xf2,
    0xcf, 0xff, 0x0, 0x0, 0x0, 0xb, 0xff, 0xf1,
    0xaf, 0xff, 0x20, 0x0, 0x0, 0xe, 0xff, 0xe0,
    0x5f, 0xff, 0x90, 0x0, 0x0, 0x5f, 0xff, 0xa0,
    0xd, 0xff, 0xf8, 0x0, 0x5, 0xff, 0xff, 0x30,
    0x3, 0xff, 0xff, 0xfe, 0xff, 0xff, 0xf8, 0x0,
    0x0, 0x4e, 0xff, 0xff, 0xff, 0xff, 0x70, 0x0,
    0x0, 0x0, 0x7c, 0xef, 0xfd, 0x82, 0x0, 0x0,

    /* U+00F5 "õ" */
    0x0, 0x0, 0x57, 0x40, 0x0, 0x2, 0x71, 0x0,
    0x0, 0xc, 0xff, 0xfc, 0x20, 0xb, 0xf5, 0x0,
    0x0, 0x9f, 0xff, 0xff, 0xfb, 0xdf, 0xf1, 0x0,
    0x0, 0xef, 0x50, 0x5e, 0xff, 0xff, 0x80, 0x0,
    0x0, 0xea, 0x0, 0x1, 0xaf, 0xe8, 0x0, 0x0,
    0x0, 0x0, 0x0, 0x0, 0x0, 0x0, 0x0, 0x0,
    0x0, 0x0, 0x0, 0x0, 0x0, 0x0, 0x0, 0x0,
    0x0, 0x0, 0x0, 0x0, 0x0, 0x0, 0x0, 0x0,
    0x0, 0x0, 0x7c, 0xef, 0xfd, 0x82, 0x0, 0x0,
    0x0, 0x4e, 0xff, 0xff, 0xff, 0xff, 0x70, 0x0,
    0x4, 0xff, 0xff, 0xfe, 0xff, 0xff, 0xf8, 0x0,
    0xe, 0xff, 0xf8, 0x0, 0x5, 0xff, 0xff, 0x30,
    0x5f, 0xff, 0x90, 0x0, 0x0, 0x5f, 0xff, 0xa0,
    0xaf, 0xff, 0x30, 0x0, 0x0, 0xe, 0xff, 0xe0,
    0xcf, 0xff, 0x0, 0x0, 0x0, 0xb, 0xff, 0xf1,
    0xdf, 0xfe, 0x0, 0x0, 0x0, 0xa, 0xff, 0xf2,
    0xcf, 0xff, 0x0, 0x0, 0x0, 0xb, 0xff, 0xf1,
    0xaf, 0xff, 0x20, 0x0, 0x0, 0xe, 0xff, 0xe0,
    0x5f, 0xff, 0x90, 0x0, 0x0, 0x5f, 0xff, 0xa0,
    0xd, 0xff, 0xf8, 0x0, 0x5, 0xff, 0xff, 0x30,
    0x3, 0xff, 0xff, 0xfe, 0xff, 0xff, 0xf8, 0x0,
    0x0, 0x4e, 0xff, 0xff, 0xff, 0xff, 0x70, 0x0,
    0x0, 0x0, 0x7c, 0xef, 0xfd, 0x82, 0x0, 0x0,

    /* U+00F6 "ö" */
    0x0, 0x7, 0xfe, 0x30, 0xc, 0xfb, 0x0, 0x0,
    0x0, 0xf, 0xff, 0xa0, 0x5f, 0xff, 0x40, 0x0,
    0x0, 0xe, 0xff, 0x90, 0x4f, 0xff, 0x30, 0x0,
    0x0, 0x3, 0xa9, 0x10, 0x7, 0xa6, 0x0, 0x0,
    0x0, 0x0, 0x0, 0x0, 0x0, 0x0, 0x0, 0x0,
    0x0, 0x0, 0x0, 0x0, 0x0, 0x0, 0x0, 0x0,
    0x0, 0x0, 0x7c, 0xef, 0xfd, 0x82, 0x0, 0x0,
    0x0, 0x4e, 0xff, 0xff, 0xff, 0xff, 0x70, 0x0,
    0x4, 0xff, 0xff, 0xfe, 0xff, 0xff, 0xf8, 0x0,
    0xe, 0xff, 0xf8, 0x0, 0x5, 0xff, 0xff, 0x30,
    0x5f, 0xff, 0x90, 0x0, 0x0, 0x5f, 0xff, 0xa0,
    0xaf, 0xff, 0x30, 0x0, 0x0, 0xe, 0xff, 0xe0,
    0xcf, 0xff, 0x0, 0x0, 0x0, 0xb, 0xff, 0xf1,
    0xdf, 0xfe, 0x0, 0x0, 0x0, 0xa, 0xff, 0xf2,
    0xcf, 0xff, 0x0, 0x0, 0x0, 0xb, 0xff, 0xf1,
    0xaf, 0xff, 0x20, 0x0, 0x0, 0xe, 0xff, 0xe0,
    0x5f, 0xff, 0x90, 0x0, 0x0, 0x5f, 0xff, 0xa0,
    0xd, 0xff, 0xf8, 0x0, 0x5, 0xff, 0xff, 0x30,
    0x3, 0xff, 0xff, 0xfe, 0xff, 0xff, 0xf8, 0x0,
    0x0, 0x4e, 0xff, 0xff, 0xff, 0xff, 0x70, 0x0,
    0x0, 0x0, 0x7c, 0xef, 0xfd, 0x82, 0x0, 0x0,

    /* U+00F7 "÷" */
    0x0, 0x0, 0x0, 0x6f, 0xd2, 0x0, 0x0, 0x0,
    0x0, 0x0, 0x0, 0xcf, 0xf7, 0x0, 0x0, 0x0,
    0x0, 0x0, 0x0, 0x9f, 0xf4, 0x0, 0x0, 0x0,
    0x0, 0x0, 0x0, 0x4, 0x20, 0x0, 0x0, 0x0,
    0x0, 0x0, 0x0, 0x0, 0x0, 0x0, 0x0, 0x0,
    0x0, 0x0, 0x0, 0x0, 0x0, 0x0, 0x0, 0x0,
    0x4f, 0xff, 0xff, 0xff, 0xff, 0xff, 0xff, 0xf4,
    0x8f, 0xff, 0xff, 0xff, 0xff, 0xff, 0xff, 0xf8,
    0x19, 0xaa, 0xaa, 0xaa, 0xaa, 0xaa, 0xaa, 0x91,
    0x0, 0x0, 0x0, 0x0, 0x0, 0x0, 0x0, 0x0,
    0x0, 0x0, 0x0, 0x0, 0x0, 0x0, 0x0, 0x0,
    0x0, 0x0, 0x0, 0x4, 0x20, 0x0, 0x0, 0x0,
    0x0, 0x0, 0x0, 0x9f, 0xf4, 0x0, 0x0, 0x0,
    0x0, 0x0, 0x0, 0xcf, 0xf7, 0x0, 0x0, 0x0,
    0x0, 0x0, 0x0, 0x6f, 0xd2, 0x0, 0x0, 0x0,

    /* U+00F8 "ø" */
    0x0, 0x0, 0x0, 0x0, 0x0, 0x2, 0x30, 0x0,
    0x0, 0x0, 0x0, 0x0, 0x0, 0xe, 0xf4, 0x0,
    0x0, 0x0, 0x7c, 0xef, 0xfd, 0xcf, 0xf3, 0x0,
    0x0, 0x4e, 0xff, 0xff, 0xff, 0xff, 0xd0, 0x0,
    0x4, 0xff, 0xff, 0xfe, 0xff, 0xff, 0xf8, 0x0,
    0xe, 0xff, 0xf8, 0x0, 0x4f, 0xff, 0xff, 0x30,
    0x5f, 0xff, 0x90, 0x0, 0xdf, 0xff, 0xff, 0xa0,
    0xaf, 0xff, 0x30, 0x7, 0xff, 0x5e, 0xff, 0xe0,
    0xcf, 0xff, 0x0, 0x1f, 0xfb, 0xb, 0xff, 0xf1,
    0xdf, 0xfe, 0x0, 0xaf, 0xf2, 0xa, 0xff, 0xf2,
    0xcf, 0xff, 0x3, 0xff, 0x80, 0xb, 0xff, 0xf1,
    0xaf, 0xff, 0x3c, 0xfe, 0x0, 0xe, 0xff, 0xe0,
    0x5f, 0xff, 0xdf, 0xf5, 0x0, 0x5f, 0xff, 0xa0,
    0xd, 0xff, 0xff, 0xc0, 0x5, 0xff, 0xff, 0x30,
    0x3, 0xff, 0xff, 0xfe, 0xff, 0xff, 0xf8, 0x0,
    0x0, 0x6f, 0xff, 0xff, 0xff, 0xff, 0x70, 0x0,
    0x0, 0xbf, 0xfc, 0xef, 0xfd, 0x82, 0x0, 0x0,
    0x0, 0xff, 0x60, 0x0, 0x0, 0x0, 0x0, 0x0,
    0x0, 0x68, 0x0, 0x0, 0x0, 0x0, 0x0, 0x0,

    /* U+00F9 "ù" */
    0x0, 0x0, 0x41, 0x0, 0x0, 0x0, 0x0, 0x0,
    0x0, 0xaf, 0xe1, 0x0, 0x0, 0x0, 0x0, 0x0,
    0xc, 0xff, 0x80, 0x0, 0x0, 0x0, 0x0, 0x0,
    0x3f, 0xff, 0x10, 0x0, 0x0, 0x0, 0x0, 0x0,
    0x8f, 0xf8, 0x0, 0x0, 0x0, 0x0, 0x0, 0x0,
    0xdf, 0xf1, 0x0, 0x0, 0x0, 0x0, 0x0, 0x2,
    0xff, 0x50, 0x0, 0x0, 0x0, 0x0, 0x0, 0x5,
    0x80, 0x0, 0x0, 0x0, 0x0, 0x0, 0x0, 0x0,
    0x0, 0x0, 0x0, 0x0, 0x9f, 0xd2, 0x0, 0x0,
    0x0, 0xbf, 0xc1, 0x1f, 0xff, 0x90, 0x0, 0x0,
    0x4f, 0xff, 0x62, 0xff, 0xf9, 0x0, 0x0, 0x5,
    0xff, 0xf6, 0x2f, 0xff, 0x90, 0x0, 0x0, 0x5f,
    0xff, 0x62, 0xff, 0xf9, 0x0, 0x0, 0x5, 0xff,
    0xf6, 0x2f, 0xff, 0x90, 0x0, 0x0, 0x5f, 0xff,
    0x62, 0xff, 0xf9, 0x0, 0x0, 0x5, 0xff, 0xf6,
    0x2f, 0xff, 0x90, 0x0, 0x0, 0x5f, 0xff, 0x62,
    0xff, 0xf9, 0x0, 0x0, 0x5, 0xff, 0xf6, 0x2f,
    0xff, 0xa0, 0x0, 0x0, 0x7f, 0xff, 0x60, 0xff,
    0xfd, 0x0, 0x0, 0xd, 0xff, 0xf6, 0xd, 0xff,
    0xf7, 0x0, 0x2b, 0xff, 0xff, 0x60, 0x7f, 0xff,
    0xff, 0xff, 0xfe, 0xff, 0xf6, 0x0, 0xcf, 0xff,
    0xff, 0xfe, 0x4f, 0xff, 0x60, 0x0, 0x7c, 0xff,
    0xd8, 0x10, 0xaf, 0xc1,

    /* U+00FA "ú" */
    0x0, 0x0, 0x0, 0x0, 0x0, 0x41, 0x0, 0x0,
    0x0, 0x0, 0x0, 0x0, 0xaf, 0xe1, 0x0, 0x0,
    0x0, 0x0, 0x0, 0x2f, 0xff, 0x20, 0x0, 0x0,
    0x0, 0x0, 0xa, 0xff, 0x90, 0x0, 0x0, 0x0,
    0x0, 0x2, 0xff, 0xd0, 0x0, 0x0, 0x0, 0x0,
    0x0, 0xbf, 0xf3, 0x0, 0x0, 0x0, 0x0, 0x0,
    0xf, 0xf8, 0x0, 0x0, 0x0, 0x0, 0x0, 0x0,
    0x68, 0x0, 0x0, 0x0, 0x0, 0x0, 0x0, 0x0,
    0x0, 0x0, 0x0, 0x0, 0x9f, 0xd2, 0x0, 0x0,
    0x0, 0xbf, 0xc1, 0x1f, 0xff, 0x90, 0x0, 0x0,
    0x4f, 0xff, 0x62, 0xff, 0xf9, 0x0, 0x0, 0x5,
    0xff, 0xf6, 0x2f, 0xff, 0x90, 0x0, 0x0, 0x5f,
    0xff, 0x62, 0xff, 0xf9, 0x0, 0x0, 0x5, 0xff,
    0xf6, 0x2f, 0xff, 0x90, 0x0, 0x0, 0x5f, 0xff,
    0x62, 0xff, 0xf9, 0x0, 0x0, 0x5, 0xff, 0xf6,
    0x2f, 0xff, 0x90, 0x0, 0x0, 0x5f, 0xff, 0x62,
    0xff, 0xf9, 0x0, 0x0, 0x5, 0xff, 0xf6, 0x2f,
    0xff, 0xa0, 0x0, 0x0, 0x7f, 0xff, 0x60, 0xff,
    0xfd, 0x0, 0x0, 0xd, 0xff, 0xf6, 0xd, 0xff,
    0xf7, 0x0, 0x2b, 0xff, 0xff, 0x60, 0x7f, 0xff,
    0xff, 0xff, 0xfe, 0xff, 0xf6, 0x0, 0xcf, 0xff,
    0xff, 0xfe, 0x4f, 0xff, 0x60, 0x0, 0x7c, 0xff,
    0xd8, 0x10, 0xaf, 0xc1,

    /* U+00FB "û" */
    0x0, 0x0, 0x0, 0x27, 0x50, 0x0, 0x0, 0x0,
    0x0, 0x0, 0x3f, 0xff, 0x80, 0x0, 0x0, 0x0,
    0x0, 0xc, 0xff, 0xff, 0x20, 0x0, 0x0, 0x0,
    0x5, 0xff, 0x9f, 0xfa, 0x0, 0x0, 0x0, 0x0,
    0xdf, 0xd0, 0x7f, 0xf3, 0x0, 0x0, 0x0, 0x6f,
    0xf3, 0x0, 0xdf, 0xb0, 0x0, 0x0, 0xb, 0xf8,
    0x0, 0x3, 0xff, 0x0, 0x0, 0x0, 0x26, 0x0,
    0x0, 0x4, 0x40, 0x0, 0x0, 0x0, 0x0, 0x0,
    0x0, 0x0, 0x0, 0x0, 0x9f, 0xd2, 0x0, 0x0,
    0x0, 0xbf, 0xc1, 0x1f, 0xff, 0x90, 0x0, 0x0,
    0x4f, 0xff, 0x62, 0xff, 0xf9, 0x0, 0x0, 0x5,
    0xff, 0xf6, 0x2f, 0xff, 0x90, 0x0, 0x0, 0x5f,
    0xff, 0x62, 0xff, 0xf9, 0x0, 0x0, 0x5, 0xff,
    0xf6, 0x2f, 0xff, 0x90, 0x0, 0x0, 0x5f, 0xff,
    0x62, 0xff, 0xf9, 0x0, 0x0, 0x5, 0xff, 0xf6,
    0x2f, 0xff, 0x90, 0x0, 0x0, 0x5f, 0xff, 0x62,
    0xff, 0xf9, 0x0, 0x0, 0x5, 0xff, 0xf6, 0x2f,
    0xff, 0xa0, 0x0, 0x0, 0x7f, 0xff, 0x60, 0xff,
    0xfd, 0x0, 0x0, 0xd, 0xff, 0xf6, 0xd, 0xff,
    0xf7, 0x0, 0x2b, 0xff, 0xff, 0x60, 0x7f, 0xff,
    0xff, 0xff, 0xfe, 0xff, 0xf6, 0x0, 0xcf, 0xff,
    0xff, 0xfe, 0x4f, 0xff, 0x60, 0x0, 0x7c, 0xff,
    0xd8, 0x10, 0xaf, 0xc1,

    /* U+00FC "ü" */
    0x0, 0x7, 0xfe, 0x30, 0xb, 0xfb, 0x0, 0x0,
    0x0, 0xff, 0xfa, 0x4, 0xff, 0xf4, 0x0, 0x0,
    0xe, 0xff, 0x90, 0x3f, 0xff, 0x30, 0x0, 0x0,
    0x3a, 0x91, 0x0, 0x7a, 0x70, 0x0, 0x0, 0x0,
    0x0, 0x0, 0x0, 0x0, 0x0, 0x0, 0x0, 0x0,
    0x0, 0x0, 0x0, 0x0, 0x0, 0x9, 0xfd, 0x20,
    0x0, 0x0, 0xb, 0xfc, 0x11, 0xff, 0xf9, 0x0,
    0x0, 0x4, 0xff, 0xf6, 0x2f, 0xff, 0x90, 0x0,
    0x0, 0x5f, 0xff, 0x62, 0xff, 0xf9, 0x0, 0x0,
    0x5, 0xff, 0xf6, 0x2f, 0xff, 0x90, 0x0, 0x0,
    0x5f, 0xff, 0x62, 0xff, 0xf9, 0x0, 0x0, 0x5,
    0xff, 0xf6, 0x2f, 0xff, 0x90, 0x0, 0x0, 0x5f,
    0xff, 0x62, 0xff, 0xf9, 0x0, 0x0, 0x5, 0xff,
    0xf6, 0x2f, 0xff, 0x90, 0x0, 0x0, 0x5f, 0xff,
    0x62, 0xff, 0xfa, 0x0, 0x0, 0x7, 0xff, 0xf6,
    0xf, 0xff, 0xd0, 0x0, 0x0, 0xdf, 0xff, 0x60,
    0xdf, 0xff, 0x70, 0x2, 0xbf, 0xff, 0xf6, 0x7,
    0xff, 0xff, 0xff, 0xff, 0xef, 0xff, 0x60, 0xc,
    0xff, 0xff, 0xff, 0xe4, 0xff, 0xf6, 0x0, 0x7,
    0xcf, 0xfd, 0x81, 0xa, 0xfc, 0x10,

    /* U+00FD "ý" */
    0x0, 0x0, 0x0, 0x0, 0x0, 0x32, 0x0, 0x0,
    0x0, 0x0, 0x0, 0x0, 0x5, 0xff, 0x40, 0x0,
    0x0, 0x0, 0x0, 0x0, 0xd, 0xff, 0x60, 0x0,
    0x0, 0x0, 0x0, 0x0, 0x6f, 0xfd, 0x0, 0x0,
    0x0, 0x0, 0x0, 0x0, 0xef, 0xf3, 0x0, 0x0,
    0x0, 0x0, 0x0, 0x6, 0xff, 0x70, 0x0, 0x0,
    0x0, 0x0, 0x0, 0xc, 0xfc, 0x0, 0x0, 0x0,
    0x0, 0x0, 0x0, 0x4, 0x92, 0x0, 0x0, 0x0,
    0x0, 0x0, 0x0, 0x0, 0x0, 0x0, 0x0, 0x0,
    0xc, 0xfb, 0x0, 0x0, 0x0, 0x0, 0xaf, 0xb0,
    0x4f, 0xff, 0x50, 0x0, 0x0, 0x5, 0xff, 0xf2,
    0x2f, 0xff, 0xc0, 0x0, 0x0, 0xb, 0xff, 0xe0,
    0xb, 0xff, 0xf2, 0x0, 0x0, 0x2f, 0xff, 0x80,
    0x4, 0xff, 0xf8, 0x0, 0x0, 0x8f, 0xff, 0x20,
    0x0, 0xdf, 0xfe, 0x0, 0x0, 0xef, 0xfb, 0x0,
    0x0, 0x7f, 0xff, 0x50, 0x5, 0xff, 0xf4, 0x0,
    0x0, 0x1f, 0xff, 0xb0, 0xb, 0xff, 0xd0, 0x0,
    0x0, 0x9, 0xff, 0xf2, 0x2f, 0xff, 0x60, 0x0,
    0x0, 0x2, 0xff, 0xf8, 0x8f, 0xfe, 0x0, 0x0,
    0x0, 0x0, 0xcf, 0xfe, 0xef, 0xf8, 0x0, 0x0,
    0x0, 0x0, 0x5f, 0xff, 0xff, 0xf2, 0x0, 0x0,
    0x0, 0x0, 0xe, 0xff, 0xff, 0xb0, 0x0, 0x0,
    0x0, 0x0, 0x7, 0xff, 0xff, 0x40, 0x0, 0x0,
    0x0, 0x0, 0x2, 0xff, 0xfd, 0x0, 0x0, 0x0,
    0x0, 0x0, 0x6, 0xff, 0xf6, 0x0, 0x0, 0x0,
    0x0, 0x0, 0xd, 0xff, 0xe0, 0x0, 0x0, 0x0,
    0x0, 0x0, 0x4f, 0xff, 0x80, 0x0, 0x0, 0x0,
    0x0, 0x0, 0xbf, 0xff, 0x20, 0x0, 0x0, 0x0,
    0x0, 0x0, 0xef, 0xfa, 0x0, 0x0, 0x0, 0x0,
    0x0, 0x0, 0x7f, 0xd2, 0x0, 0x0, 0x0, 0x0,

    /* U+00FE "þ" */
    0x7, 0xfe, 0x30, 0x0, 0x0, 0x0, 0x0, 0x0,
    0xf, 0xff, 0xa0, 0x0, 0x0, 0x0, 0x0, 0x0,
    0xf, 0xff, 0xb0, 0x0, 0x0, 0x0, 0x0, 0x0,
    0xf, 0xff, 0xb0, 0x0, 0x0, 0x0, 0x0, 0x0,
    0xf, 0xff, 0xb0, 0x0, 0x0, 0x0, 0x0, 0x0,
    0xf, 0xff, 0xb0, 0x0, 0x0, 0x0, 0x0, 0x0,
    0xf, 0xff, 0xb0, 0x4b, 0xef, 0xea, 0x30, 0x0,
    0xf, 0xff, 0xb8, 0xff, 0xff, 0xff, 0xf8, 0x0,
    0xf, 0xff, 0xef, 0xff, 0xef, 0xff, 0xff, 0x60,
    0xf, 0xff, 0xff, 0x50, 0x0, 0x8f, 0xff, 0xf1,
    0xf, 0xff, 0xf5, 0x0, 0x0, 0x9, 0xff, 0xf6,
    0xf, 0xff, 0xe0, 0x0, 0x0, 0x2, 0xff, 0xfa,
    0xf, 0xff, 0xb0, 0x0, 0x0, 0x0, 0xff, 0xfc,
    0xf, 0xff, 0xa0, 0x0, 0x0, 0x0, 0xef, 0xfd,
    0xf, 0xff, 0xb0, 0x0, 0x0, 0x0, 0xff, 0xfc,
    0xf, 0xff, 0xe0, 0x0, 0x0, 0x3, 0xff, 0xfa,
    0xf, 0xff, 0xf5, 0x0, 0x0, 0xa, 0xff, 0xf6,
    0xf, 0xff, 0xff, 0x50, 0x0, 0x8f, 0xff, 0xf1,
    0xf, 0xff, 0xef, 0xff, 0xef, 0xff, 0xff, 0x60,
    0xf, 0xff, 0xb8, 0xff, 0xff, 0xff, 0xf8, 0x0,
    0xf, 0xff, 0xb0, 0x4b, 0xef, 0xea, 0x30, 0x0,
    0xf, 0xff, 0xb0, 0x0, 0x0, 0x0, 0x0, 0x0,
    0xf, 0xff, 0xb0, 0x0, 0x0, 0x0, 0x0, 0x0,
    0xf, 0xff, 0xb0, 0x0, 0x0, 0x0, 0x0, 0x0,
    0xf, 0xff, 0xb0, 0x0, 0x0, 0x0, 0x0, 0x0,
    0xf, 0xff, 0xa0, 0x0, 0x0, 0x0, 0x0, 0x0,
    0x8, 0xfe, 0x30, 0x0, 0x0, 0x0, 0x0, 0x0,

    /* U+00FF "ÿ" */
    0x0, 0x4, 0xef, 0x60, 0x8, 0xfd, 0x20, 0x0,
    0x0, 0xb, 0xff, 0xe0, 0xf, 0xff, 0x80, 0x0,
    0x0, 0xa, 0xff, 0xd0, 0xf, 0xff, 0x70, 0x0,
    0x0, 0x1, 0x9a, 0x30, 0x4, 0xa9, 0x0, 0x0,
    0x0, 0x0, 0x0, 0x0, 0x0, 0x0, 0x0, 0x0,
    0x0, 0x0, 0x0, 0x0, 0x0, 0x0, 0x0, 0x0,
    0xc, 0xfb, 0x0, 0x0, 0x0, 0x0, 0xaf, 0xb0,
    0x4f, 0xff, 0x50, 0x0, 0x0, 0x5, 0xff, 0xf2,
    0x2f, 0xff, 0xc0, 0x0, 0x0, 0xb, 0xff, 0xe0,
    0xb, 0xff, 0xf2, 0x0, 0x0, 0x2f, 0xff, 0x80,
    0x4, 0xff, 0xf8, 0x0, 0x0, 0x8f, 0xff, 0x20,
    0x0, 0xdf, 0xfe, 0x0, 0x0, 0xef, 0xfb, 0x0,
    0x0, 0x7f, 0xff, 0x50, 0x5, 0xff, 0xf4, 0x0,
    0x0, 0x1f, 0xff, 0xb0, 0xb, 0xff, 0xd0, 0x0,
    0x0, 0x9, 0xff, 0xf2, 0x2f, 0xff, 0x60, 0x0,
    0x0, 0x2, 0xff, 0xf8, 0x8f, 0xfe, 0x0, 0x0,
    0x0, 0x0, 0xcf, 0xfe, 0xef, 0xf8, 0x0, 0x0,
    0x0, 0x0, 0x5f, 0xff, 0xff, 0xf2, 0x0, 0x0,
    0x0, 0x0, 0xe, 0xff, 0xff, 0xb0, 0x0, 0x0,
    0x0, 0x0, 0x7, 0xff, 0xff, 0x40, 0x0, 0x0,
    0x0, 0x0, 0x2, 0xff, 0xfd, 0x0, 0x0, 0x0,
    0x0, 0x0, 0x6, 0xff, 0xf6, 0x0, 0x0, 0x0,
    0x0, 0x0, 0xd, 0xff, 0xe0, 0x0, 0x0, 0x0,
    0x0, 0x0, 0x4f, 0xff, 0x80, 0x0, 0x0, 0x0,
    0x0, 0x0, 0xbf, 0xff, 0x20, 0x0, 0x0, 0x0,
    0x0, 0x0, 0xef, 0xfa, 0x0, 0x0, 0x0, 0x0,
    0x0, 0x0, 0x7f, 0xd2, 0x0, 0x0, 0x0, 0x0,

    /* U+2018 "‘" */
    0x0, 0x0, 0x0, 0xb, 0xf1, 0x7, 0xfe, 0x0,
    0xef, 0x40, 0x4f, 0xf4, 0x7, 0xff, 0xf8, 0x7f,
    0xff, 0xe4, 0xff, 0xfd, 0x9, 0xfe, 0x40,

    /* U+2019 "’" */
    0xa, 0xfd, 0x36, 0xff, 0xfc, 0x7f, 0xff, 0xf2,
    0xff, 0xfe, 0x2, 0xbf, 0xc0, 0xd, 0xf7, 0x7,
    0xfe, 0x0, 0x9f, 0x40, 0x0, 0x0, 0x0,

    /* U+201A "‚" */
    0x2, 0x64, 0x2, 0xff, 0xf8, 0x7f, 0xff, 0xe5,
    0xff, 0xff, 0x9, 0xff, 0xd0, 0x9, 0xfa, 0x2,
    0xff, 0x40, 0xaf, 0xa0, 0x4, 0x90, 0x0,

    /* U+201C "“" */
    0x0, 0x0, 0x0, 0x0, 0x0, 0x0, 0xb, 0xf1,
    0x0, 0xd, 0xe0, 0x7, 0xfe, 0x0, 0x9, 0xfc,
    0x0, 0xef, 0x40, 0x1, 0xff, 0x20, 0x4f, 0xf4,
    0x0, 0x7f, 0xe3, 0x7, 0xff, 0xf8, 0x9, 0xff,
    0xf6, 0x7f, 0xff, 0xe0, 0xaf, 0xff, 0xc4, 0xff,
    0xfd, 0x7, 0xff, 0xfb, 0x9, 0xfe, 0x40, 0xb,
    0xfd, 0x20,

    /* U+201D "”" */
    0xa, 0xfd, 0x30, 0x1b, 0xfc, 0x16, 0xff, 0xfc,
    0x8, 0xff, 0xfa, 0x7f, 0xff, 0xf0, 0x9f, 0xff,
    0xc2, 0xff, 0xfe, 0x4, 0xff, 0xfc, 0x2, 0xbf,
    0xc0, 0x2, 0xcf, 0x90, 0xd, 0xf7, 0x0, 0xe,
    0xf4, 0x7, 0xfe, 0x0, 0x9, 0xfc, 0x0, 0x9f,
    0x40, 0x0, 0xce, 0x20, 0x0, 0x0, 0x0, 0x0,
    0x0, 0x0,

    /* U+2022 "•" */
    0x0, 0x2, 0x7a, 0x96, 0x10, 0x0, 0x0, 0x7f,
    0xff, 0xff, 0xe4, 0x0, 0x7, 0xff, 0xff, 0xff,
    0xff, 0x40, 0x1f, 0xff, 0xff, 0xff, 0xff, 0xd0,
    0x6f, 0xff, 0xff, 0xff, 0xff, 0xf2, 0x8f, 0xff,
    0xff, 0xff, 0xff, 0xf4, 0x7f, 0xff, 0xff, 0xff,
    0xff, 0xf3, 0x3f, 0xff, 0xff, 0xff, 0xff, 0xe0,
    0xb, 0xff, 0xff, 0xff, 0xff, 0x60, 0x1, 0xcf,
    0xff, 0xff, 0xf9, 0x0, 0x0, 0x7, 0xdf, 0xfb,
    0x40, 0x0,

    /* U+2026 "…" */
    0x2, 0x65, 0x0, 0x0, 0x5, 0x62, 0x0, 0x0,
    0x26, 0x40, 0x2f, 0xff, 0x90, 0x0, 0xaf, 0xff,
    0x10, 0x3, 0xff, 0xf8, 0x7f, 0xff, 0xe0, 0x0,
    0xff, 0xff, 0x60, 0x8, 0xff, 0xfd, 0x5f, 0xff,
    0xd0, 0x0, 0xef, 0xff, 0x50, 0x7, 0xff, 0xfb,
    0xa, 0xfe, 0x40, 0x0, 0x4e, 0xf9, 0x0, 0x0,
    0xaf, 0xd3
};


/*---------------------
 *  GLYPH DESCRIPTION
 *--------------------*/

static const lv_font_fmt_txt_glyph_dsc_t glyph_dsc[] = {
    {.bitmap_index = 0, .adv_w = 0, .box_w = 0, .box_h = 0, .ofs_x = 0, .ofs_y = 0} /* id = 0 reserved */,
    {.bitmap_index = 0, .adv_w = 130, .box_w = 0, .box_h = 0, .ofs_x = 0, .ofs_y = 0},
    {.bitmap_index = 0, .adv_w = 119, .box_w = 5, .box_h = 21, .ofs_x = 1, .ofs_y = 0},
    {.bitmap_index = 53, .adv_w = 215, .box_w = 11, .box_h = 10, .ofs_x = 1, .ofs_y = 11},
    {.bitmap_index = 108, .adv_w = 288, .box_w = 16, .box_h = 21, .ofs_x = 1, .ofs_y = 0},
    {.bitmap_index = 276, .adv_w = 288, .box_w = 17, .box_h = 29, .ofs_x = 1, .ofs_y = -4},
    {.bitmap_index = 523, .adv_w = 454, .box_w = 27, .box_h = 23, .ofs_x = 1, .ofs_y = -1},
    {.bitmap_index = 834, .adv_w = 348, .box_w = 20, .box_h = 21, .ofs_x = 1, .ofs_y = 0},
    {.bitmap_index = 1044, .adv_w = 117, .box_w = 5, .box_h = 10, .ofs_x = 1, .ofs_y = 11},
    {.bitmap_index = 1069, .adv_w = 172, .box_w = 7, .box_h = 28, .ofs_x = 3, .ofs_y = -6},
    {.bitmap_index = 1167, .adv_w = 172, .box_w = 7, .box_h = 28, .ofs_x = 1, .ofs_y = -6},
    {.bitmap_index = 1265, .adv_w = 217, .box_w = 13, .box_h = 11, .ofs_x = 0, .ofs_y = 11},
    {.bitmap_index = 1337, .adv_w = 288, .box_w = 16, .box_h = 16, .ofs_x = 1, .ofs_y = 1},
    {.bitmap_index = 1465, .adv_w = 119, .box_w = 5, .box_h = 9, .ofs_x = 1, .ofs_y = -4},
    {.bitmap_index = 1488, .adv_w = 208, .box_w = 11, .box_h = 4, .ofs_x = 1, .ofs_y = 7},
    {.bitmap_index = 1510, .adv_w = 119, .box_w = 5, .box_h = 5, .ofs_x = 1, .ofs_y = 0},
    {.bitmap_index = 1523, .adv_w = 150, .box_w = 11, .box_h = 25, .ofs_x = -1, .ofs_y = -2},
    {.bitmap_index = 1661, .adv_w = 288, .box_w = 16, .box_h = 21, .ofs_x = 1, .ofs_y = 0},
    {.bitmap_index = 1829, .adv_w = 288, .box_w = 14, .box_h = 21, .ofs_x = 3, .ofs_y = 0},
    {.bitmap_index = 1976, .adv_w = 288, .box_w = 16, .box_h = 21, .ofs_x = 1, .ofs_y = 0},
    {.bitmap_index = 2144, .adv_w = 288, .box_w = 16, .box_h = 21, .ofs_x = 1, .ofs_y = 0},
    {.bitmap_index = 2312, .adv_w = 288, .box_w = 17, .box_h = 21, .ofs_x = 1, .ofs_y = 0},
    {.bitmap_index = 2491, .adv_w = 288, .box_w = 16, .box_h = 21, .ofs_x = 1, .ofs_y = 0},
    {.bitmap_index = 2659, .adv_w = 288, .box_w = 16, .box_h = 21, .ofs_x = 1, .ofs_y = 0},
    {.bitmap_index = 2827, .adv_w = 288, .box_w = 16, .box_h = 21, .ofs_x = 1, .ofs_y = 0},
    {.bitmap_index = 2995, .adv_w = 288, .box_w = 16, .box_h = 21, .ofs_x = 1, .ofs_y = 0},
    {.bitmap_index = 3163, .adv_w = 288, .box_w = 16, .box_h = 21, .ofs_x = 1, .ofs_y = 0},
    {.bitmap_index = 3331, .adv_w = 119, .box_w = 5, .box_h = 15, .ofs_x = 1, .ofs_y = 0},
    {.bitmap_index = 3369, .adv_w = 119, .box_w = 5, .box_h = 19, .ofs_x = 1, .ofs_y = -4},
    {.bitmap_index = 3417, .adv_w = 288, .box_w = 16, .box_h = 15, .ofs_x = 1, .ofs_y = 1},
    {.bitmap_index = 3537, .adv_w = 288, .box_w = 16, .box_h = 9, .ofs_x = 1, .ofs_y = 4},
    {.bitmap_index = 3609, .adv_w = 288, .box_w = 16, .box_h = 15, .ofs_x = 1, .ofs_y = 1},
    {.bitmap_index = 3729, .adv_w = 220, .box_w = 14, .box_h = 21, .ofs_x = 0, .ofs_y = 0},
    {.bitmap_index = 3876, .adv_w = 456, .box_w = 26, .box_h = 26, .ofs_x = 1, .ofs_y = -5},
    {.bitmap_index = 4214, .adv_w = 357, .box_w = 22, .box_h = 21, .ofs_x = 0, .ofs_y = 0},
    {.bitmap_index = 4445, .adv_w = 330, .box_w = 18, .box_h = 21, .ofs_x = 2, .ofs_y = 0},
    {.bitmap_index = 4634, .adv_w = 326, .box_w = 19, .box_h = 21, .ofs_x = 1, .ofs_y = 0},
    {.bitmap_index = 4834, .adv_w = 366, .box_w = 20, .box_h = 21, .ofs_x = 2, .ofs_y = 0},
    {.bitmap_index = 5044, .adv_w = 287, .box_w = 15, .box_h = 21, .ofs_x = 2, .ofs_y = 0},
    {.bitmap_index = 5202, .adv_w = 270, .box_w = 15, .box_h = 21, .ofs_x = 2, .ofs_y = 0},
    {.bitmap_index = 5360, .adv_w = 353, .box_w = 19, .box_h = 21, .ofs_x = 1, .ofs_y = 0},
    {.bitmap_index = 5560, .adv_w = 371, .box_w = 19, .box_h = 21, .ofs_x = 2, .ofs_y = 0},
    {.bitmap_index = 5760, .adv_w = 135, .box_w = 5, .box_h = 21, .ofs_x = 2, .ofs_y = 0},
    {.bitmap_index = 5813, .adv_w = 170, .box_w = 10, .box_h = 21, .ofs_x = -1, .ofs_y = 0},
    {.bitmap_index = 5918, .adv_w = 319, .box_w = 17, .box_h = 21, .ofs_x = 2, .ofs_y = 0},
    {.bitmap_index = 6097, .adv_w = 270, .box_w = 15, .box_h = 21, .ofs_x = 2, .ofs_y = 0},
    {.bitmap_index = 6255, .adv_w = 417, .box_w = 22, .box_h = 21, .ofs_x = 2, .ofs_y = 0},
    {.bitmap_index = 6486, .adv_w = 359, .box_w = 19, .box_h = 21, .ofs_x = 2, .ofs_y = 0},
    {.bitmap_index = 6686, .adv_w = 377, .box_w = 21, .box_h = 21, .ofs_x = 1, .ofs_y = 0},
    {.bitmap_index = 6907, .adv_w = 313, .box_w = 17, .box_h = 21, .ofs_x = 2, .ofs_y = 0},
    {.bitmap_index = 7086, .adv_w = 377, .box_w = 21, .box_h = 27, .ofs_x = 1, .ofs_y = -6},
    {.bitmap_index = 7370, .adv_w = 329, .box_w = 18, .box_h = 21, .ofs_x = 2, .ofs_y = 0},
    {.bitmap_index = 7559, .adv_w = 303, .box_w = 17, .box_h = 21, .ofs_x = 1, .ofs_y = 0},
    {.bitmap_index = 7738, .adv_w = 298, .box_w = 20, .box_h = 21, .ofs_x = -1, .ofs_y = 0},
    {.bitmap_index = 7948, .adv_w = 354, .box_w = 18, .box_h = 21, .ofs_x = 2, .ofs_y = 0},
    {.bitmap_index = 8137, .adv_w = 342, .box_w = 22, .box_h = 21, .ofs_x = 0, .ofs_y = 0},
    {.bitmap_index = 8368, .adv_w = 534, .box_w = 32, .box_h = 21, .ofs_x = 1, .ofs_y = 0},
    {.bitmap_index = 8704, .adv_w = 323, .box_w = 18, .box_h = 21, .ofs_x = 1, .ofs_y = 0},
    {.bitmap_index = 8893, .adv_w = 297, .box_w = 19, .box_h = 21, .ofs_x = 0, .ofs_y = 0},
    {.bitmap_index = 9093, .adv_w = 290, .box_w = 17, .box_h = 21, .ofs_x = 1, .ofs_y = 0},
    {.bitmap_index = 9272, .adv_w = 170, .box_w = 8, .box_h = 27, .ofs_x = 3, .ofs_y = -6},
    {.bitmap_index = 9380, .adv_w = 150, .box_w = 11, .box_h = 25, .ofs_x = -1, .ofs_y = -2},
    {.bitmap_index = 9518, .adv_w = 170, .box_w = 8, .box_h = 27, .ofs_x = 0, .ofs_y = -6},
    {.bitmap_index = 9626, .adv_w = 288, .box_w = 16, .box_h = 15, .ofs_x = 1, .ofs_y = 4},
    {.bitmap_index = 9746, .adv_w = 240, .box_w = 15, .box_h = 3, .ofs_x = 0, .ofs_y = -2},
    {.bitmap_index = 9769, .adv_w = 181, .box_w = 7, .box_h = 8, .ofs_x = 2, .ofs_y = 16},
    {.bitmap_index = 9797, .adv_w = 263, .box_w = 14, .box_h = 15, .ofs_x = 1, .ofs_y = 0},
    {.bitmap_index = 9902, .adv_w = 288, .box_w = 16, .box_h = 21, .ofs_x = 1, .ofs_y = 0},
    {.bitmap_index = 10070, .adv_w = 227, .box_w = 13, .box_h = 15, .ofs_x = 1, .ofs_y = 0},
    {.bitmap_index = 10168, .adv_w = 288, .box_w = 16, .box_h = 21, .ofs_x = 1, .ofs_y = 0},
    {.bitmap_index = 10336, .adv_w = 260, .box_w = 15, .box_h = 15, .ofs_x = 1, .ofs_y = 0},
    {.bitmap_index = 10449, .adv_w = 175, .box_w = 12, .box_h = 22, .ofs_x = 0, .ofs_y = 0},
    {.bitmap_index = 10581, .adv_w = 290, .box_w = 16, .box_h = 21, .ofs_x = 1, .ofs_y = -6},
    {.bitmap_index = 10749, .adv_w = 281, .box_w = 15, .box_h = 21, .ofs_x = 1, .ofs_y = 0},
    {.bitmap_index = 10907, .adv_w = 122, .box_w = 6, .box_h = 21, .ofs_x = 1, .ofs_y = 0},
    {.bitmap_index = 10970, .adv_w = 124, .box_w = 9, .box_h = 27, .ofs_x = -2, .ofs_y = -6},
    {.bitmap_index = 11092, .adv_w = 257, .box_w = 15, .box_h = 21, .ofs_x = 1, .ofs_y = 0},
    {.bitmap_index = 11250, .adv_w = 153, .box_w = 9, .box_h = 21, .ofs_x = 1, .ofs_y = 0},
    {.bitmap_index = 11345, .adv_w = 421, .box_w = 23, .box_h = 15, .ofs_x = 2, .ofs_y = 0},
    {.bitmap_index = 11518, .adv_w = 281, .box_w = 15, .box_h = 15, .ofs_x = 1, .ofs_y = 0},
    {.bitmap_index = 11631, .adv_w = 276, .box_w = 16, .box_h = 15, .ofs_x = 1, .ofs_y = 0},
    {.bitmap_index = 11751, .adv_w = 288, .box_w = 16, .box_h = 21, .ofs_x = 1, .ofs_y = -6},
    {.bitmap_index = 11919, .adv_w = 288, .box_w = 16, .box_h = 21, .ofs_x = 1, .ofs_y = -6},
    {.bitmap_index = 12087, .adv_w = 188, .box_w = 11, .box_h = 16, .ofs_x = 1, .ofs_y = 0},
    {.bitmap_index = 12175, .adv_w = 234, .box_w = 13, .box_h = 15, .ofs_x = 1, .ofs_y = 0},
    {.bitmap_index = 12273, .adv_w = 184, .box_w = 13, .box_h = 20, .ofs_x = -1, .ofs_y = 0},
    {.bitmap_index = 12403, .adv_w = 278, .box_w = 15, .box_h = 15, .ofs_x = 1, .ofs_y = 0},
    {.bitmap_index = 12516, .adv_w = 253, .box_w = 16, .box_h = 15, .ofs_x = 0, .ofs_y = 0},
    {.bitmap_index = 12636, .adv_w = 409, .box_w = 25, .box_h = 15, .ofs_x = 0, .ofs_y = 0},
    {.bitmap_index = 12824, .adv_w = 262, .box_w = 15, .box_h = 15, .ofs_x = 1, .ofs_y = 0},
    {.bitmap_index = 12937, .adv_w = 252, .box_w = 16, .box_h = 21, .ofs_x = 0, .ofs_y = -6},
    {.bitmap_index = 13105, .adv_w = 228, .box_w = 13, .box_h = 15, .ofs_x = 1, .ofs_y = 0},
    {.bitmap_index = 13203, .adv_w = 188, .box_w = 11, .box_h = 27, .ofs_x = 1, .ofs_y = -6},
    {.bitmap_index = 13352, .adv_w = 138, .box_w = 5, .box_h = 27, .ofs_x = 2, .ofs_y = -6},
    {.bitmap_index = 13420, .adv_w = 188, .box_w = 11, .box_h = 27, .ofs_x = 0, .ofs_y = -6},
    {.bitmap_index = 13569, .adv_w = 288, .box_w = 16, .box_h = 5, .ofs_x = 1, .ofs_y = 6},
    {.bitmap_index = 13609, .adv_w = 130, .box_w = 0, .box_h = 0, .ofs_x = 0, .ofs_y = 0},
    {.bitmap_index = 13609, .adv_w = 119, .box_w = 5, .box_h = 21, .ofs_x = 1, .ofs_y = -6},
    {.bitmap_index = 13662, .adv_w = 288, .box_w = 14, .box_h = 23, .ofs_x = 2, .ofs_y = -4},
    {.bitmap_index = 13823, .adv_w = 288, .box_w = 17, .box_h = 21, .ofs_x = 1, .ofs_y = 0},
    {.bitmap_index = 14002, .adv_w = 288, .box_w = 16, .box_h = 15, .ofs_x = 1, .ofs_y = 0},
    {.bitmap_index = 14122, .adv_w = 288, .box_w = 18, .box_h = 21, .ofs_x = 0, .ofs_y = 0},
    {.bitmap_index = 14311, .adv_w = 138, .box_w = 5, .box_h = 27, .ofs_x = 2, .ofs_y = -6},
    {.bitmap_index = 14379, .adv_w = 274, .box_w = 16, .box_h = 27, .ofs_x = 1, .ofs_y = -6},
    {.bitmap_index = 14595, .adv_w = 246, .box_w = 10, .box_h = 4, .ofs_x = 3, .ofs_y = 18},
    {.bitmap_index = 14615, .adv_w = 391, .box_w = 23, .box_h = 22, .ofs_x = 1, .ofs_y = 0},
    {.bitmap_index = 14868, .adv_w = 163, .box_w = 10, .box_h = 9, .ofs_x = 0, .ofs_y = 12},
    {.bitmap_index = 14913, .adv_w = 237, .box_w = 13, .box_h = 12, .ofs_x = 1, .ofs_y = 2},
    {.bitmap_index = 14991, .adv_w = 288, .box_w = 16, .box_h = 10, .ofs_x = 1, .ofs_y = 3},
    {.bitmap_index = 15071, .adv_w = 208, .box_w = 11, .box_h = 4, .ofs_x = 1, .ofs_y = 7},
    {.bitmap_index = 15093, .adv_w = 391, .box_w = 23, .box_h = 22, .ofs_x = 1, .ofs_y = 0},
    {.bitmap_index = 15346, .adv_w = 252, .box_w = 10, .box_h = 3, .ofs_x = 3, .ofs_y = 19},
    {.bitmap_index = 15361, .adv_w = 182, .box_w = 11, .box_h = 10, .ofs_x = 0, .ofs_y = 12},
    {.bitmap_index = 15416, .adv_w = 288, .box_w = 16, .box_h = 17, .ofs_x = 1, .ofs_y = 0},
    {.bitmap_index = 15552, .adv_w = 182, .box_w = 11, .box_h = 13, .ofs_x = 0, .ofs_y = 8},
    {.bitmap_index = 15624, .adv_w = 182, .box_w = 11, .box_h = 13, .ofs_x = 0, .ofs_y = 8},
    {.bitmap_index = 15696, .adv_w = 181, .box_w = 7, .box_h = 8, .ofs_x = 2, .ofs_y = 16},
    {.bitmap_index = 15724, .adv_w = 288, .box_w = 14, .box_h = 21, .ofs_x = 2, .ofs_y = -6},
    {.bitmap_index = 15871, .adv_w = 300, .box_w = 16, .box_h = 27, .ofs_x = 1, .ofs_y = -6},
    {.bitmap_index = 16087, .adv_w = 119, .box_w = 5, .box_h = 5, .ofs_x = 1, .ofs_y = 6},
    {.bitmap_index = 16100, .adv_w = 202, .box_w = 8, .box_h = 7, .ofs_x = 2, .ofs_y = -6},
    {.bitmap_index = 16128, .adv_w = 182, .box_w = 10, .box_h = 13, .ofs_x = 1, .ofs_y = 8},
    {.bitmap_index = 16193, .adv_w = 169, .box_w = 11, .box_h = 9, .ofs_x = 0, .ofs_y = 12},
    {.bitmap_index = 16243, .adv_w = 237, .box_w = 13, .box_h = 12, .ofs_x = 1, .ofs_y = 2},
    {.bitmap_index = 16321, .adv_w = 438, .box_w = 27, .box_h = 23, .ofs_x = 1, .ofs_y = -1},
    {.bitmap_index = 16632, .adv_w = 461, .box_w = 27, .box_h = 23, .ofs_x = 1, .ofs_y = -1},
    {.bitmap_index = 16943, .adv_w = 438, .box_w = 28, .box_h = 23, .ofs_x = 0, .ofs_y = -1},
    {.bitmap_index = 17265, .adv_w = 220, .box_w = 14, .box_h = 21, .ofs_x = 0, .ofs_y = -6},
    {.bitmap_index = 17412, .adv_w = 357, .box_w = 22, .box_h = 29, .ofs_x = 0, .ofs_y = 0},
    {.bitmap_index = 17731, .adv_w = 357, .box_w = 22, .box_h = 29, .ofs_x = 0, .ofs_y = 0},
    {.bitmap_index = 18050, .adv_w = 357, .box_w = 22, .box_h = 29, .ofs_x = 0, .ofs_y = 0},
    {.bitmap_index = 18369, .adv_w = 357, .box_w = 22, .box_h = 29, .ofs_x = 0, .ofs_y = 0},
    {.bitmap_index = 18688, .adv_w = 357, .box_w = 22, .box_h = 28, .ofs_x = 0, .ofs_y = 0},
    {.bitmap_index = 18996, .adv_w = 357, .box_w = 22, .box_h = 30, .ofs_x = 0, .ofs_y = 0},
    {.bitmap_index = 19326, .adv_w = 477, .box_w = 30, .box_h = 21, .ofs_x = -1, .ofs_y = 0},
    {.bitmap_index = 19641, .adv_w = 326, .box_w = 19, .box_h = 27, .ofs_x = 1, .ofs_y = -6},
    {.bitmap_index = 19898, .adv_w = 287, .box_w = 15, .box_h = 29, .ofs_x = 2, .ofs_y = 0},
    {.bitmap_index = 20116, .adv_w = 287, .box_w = 15, .box_h = 29, .ofs_x = 2, .ofs_y = 0},
    {.bitmap_index = 20334, .adv_w = 287, .box_w = 15, .box_h = 29, .ofs_x = 2, .ofs_y = 0},
    {.bitmap_index = 20552, .adv_w = 287, .box_w = 15, .box_h = 27, .ofs_x = 2, .ofs_y = 0},
    {.bitmap_index = 20755, .adv_w = 135, .box_w = 8, .box_h = 29, .ofs_x = -1, .ofs_y = 0},
    {.bitmap_index = 20871, .adv_w = 135, .box_w = 8, .box_h = 29, .ofs_x = 2, .ofs_y = 0},
    {.bitmap_index = 20987, .adv_w = 135, .box_w = 10, .box_h = 29, .ofs_x = -1, .ofs_y = 0},
    {.bitmap_index = 21132, .adv_w = 135, .box_w = 10, .box_h = 28, .ofs_x = -1, .ofs_y = 0},
    {.bitmap_index = 21272, .adv_w = 366, .box_w = 23, .box_h = 21, .ofs_x = -1, .ofs_y = 0},
    {.bitmap_index = 21514, .adv_w = 359, .box_w = 19, .box_h = 29, .ofs_x = 2, .ofs_y = 0},
    {.bitmap_index = 21790, .adv_w = 377, .box_w = 21, .box_h = 29, .ofs_x = 1, .ofs_y = 0},
    {.bitmap_index = 22095, .adv_w = 377, .box_w = 21, .box_h = 29, .ofs_x = 1, .ofs_y = 0},
    {.bitmap_index = 22400, .adv_w = 377, .box_w = 21, .box_h = 29, .ofs_x = 1, .ofs_y = 0},
    {.bitmap_index = 22705, .adv_w = 377, .box_w = 21, .box_h = 29, .ofs_x = 1, .ofs_y = 0},
    {.bitmap_index = 23010, .adv_w = 377, .box_w = 21, .box_h = 28, .ofs_x = 1, .ofs_y = 0},
    {.bitmap_index = 23304, .adv_w = 288, .box_w = 14, .box_h = 15, .ofs_x = 2, .ofs_y = 1},
    {.bitmap_index = 23409, .adv_w = 377, .box_w = 21, .box_h = 25, .ofs_x = 1, .ofs_y = -2},
    {.bitmap_index = 23672, .adv_w = 354, .box_w = 18, .box_h = 29, .ofs_x = 2, .ofs_y = 0},
    {.bitmap_index = 23933, .adv_w = 354, .box_w = 18, .box_h = 29, .ofs_x = 2, .ofs_y = 0},
    {.bitmap_index = 24194, .adv_w = 354, .box_w = 18, .box_h = 29, .ofs_x = 2, .ofs_y = 0},
    {.bitmap_index = 24455, .adv_w = 354, .box_w = 18, .box_h = 28, .ofs_x = 2, .ofs_y = 0},
    {.bitmap_index = 24707, .adv_w = 297, .box_w = 19, .box_h = 29, .ofs_x = 0, .ofs_y = 0},
    {.bitmap_index = 24983, .adv_w = 314, .box_w = 17, .box_h = 21, .ofs_x = 2, .ofs_y = 0},
    {.bitmap_index = 25162, .adv_w = 313, .box_w = 18, .box_h = 21, .ofs_x = 1, .ofs_y = 0},
    {.bitmap_index = 25351, .adv_w = 263, .box_w = 14, .box_h = 24, .ofs_x = 1, .ofs_y = 0},
    {.bitmap_index = 25519, .adv_w = 263, .box_w = 14, .box_h = 24, .ofs_x = 1, .ofs_y = 0},
    {.bitmap_index = 25687, .adv_w = 263, .box_w = 14, .box_h = 24, .ofs_x = 1, .ofs_y = 0},
    {.bitmap_index = 25855, .adv_w = 263, .box_w = 14, .box_h = 23, .ofs_x = 1, .ofs_y = 0},
    {.bitmap_index = 26016, .adv_w = 263, .box_w = 14, .box_h = 21, .ofs_x = 1, .ofs_y = 0},
    {.bitmap_index = 26163, .adv_w = 263, .box_w = 14, .box_h = 24, .ofs_x = 1, .ofs_y = 0},
    {.bitmap_index = 26331, .adv_w = 415, .box_w = 24, .box_h = 15, .ofs_x = 1, .ofs_y = 0},
    {.bitmap_index = 26511, .adv_w = 227, .box_w = 13, .box_h = 21, .ofs_x = 1, .ofs_y = -6},
    {.bitmap_index = 26648, .adv_w = 260, .box_w = 15, .box_h = 24, .ofs_x = 1, .ofs_y = 0},
    {.bitmap_index = 26828, .adv_w = 260, .box_w = 15, .box_h = 24, .ofs_x = 1, .ofs_y = 0},
    {.bitmap_index = 27008, .adv_w = 260, .box_w = 15, .box_h = 24, .ofs_x = 1, .ofs_y = 0},
    {.bitmap_index = 27188, .adv_w = 260, .box_w = 15, .box_h = 21, .ofs_x = 1, .ofs_y = 0},
    {.bitmap_index = 27346, .adv_w = 122, .box_w = 7, .box_h = 24, .ofs_x = -1, .ofs_y = 0},
    {.bitmap_index = 27430, .adv_w = 122, .box_w = 8, .box_h = 24, .ofs_x = 1, .ofs_y = 0},
    {.bitmap_index = 27526, .adv_w = 122, .box_w = 10, .box_h = 24, .ofs_x = -1, .ofs_y = 0},
    {.bitmap_index = 27646, .adv_w = 122, .box_w = 10, .box_h = 21, .ofs_x = -1, .ofs_y = 0},
    {.bitmap_index = 27751, .adv_w = 279, .box_w = 16, .box_h = 22, .ofs_x = 1, .ofs_y = 0},
    {.bitmap_index = 27927, .adv_w = 281, .box_w = 15, .box_h = 23, .ofs_x = 1, .ofs_y = 0},
    {.bitmap_index = 28100, .adv_w = 276, .box_w = 16, .box_h = 24, .ofs_x = 1, .ofs_y = 0},
    {.bitmap_index = 28292, .adv_w = 276, .box_w = 16, .box_h = 24, .ofs_x = 1, .ofs_y = 0},
    {.bitmap_index = 28484, .adv_w = 276, .box_w = 16, .box_h = 24, .ofs_x = 1, .ofs_y = 0},
    {.bitmap_index = 28676, .adv_w = 276, .box_w = 16, .box_h = 23, .ofs_x = 1, .ofs_y = 0},
    {.bitmap_index = 28860, .adv_w = 276, .box_w = 16, .box_h = 21, .ofs_x = 1, .ofs_y = 0},
    {.bitmap_index = 29028, .adv_w = 288, .box_w = 16, .box_h = 15, .ofs_x = 1, .ofs_y = 1},
    {.bitmap_index = 29148, .adv_w = 276, .box_w = 16, .box_h = 19, .ofs_x = 1, .ofs_y = -2},
    {.bitmap_index = 29300, .adv_w = 278, .box_w = 15, .box_h = 24, .ofs_x = 1, .ofs_y = 0},
    {.bitmap_index = 29480, .adv_w = 278, .box_w = 15, .box_h = 24, .ofs_x = 1, .ofs_y = 0},
    {.bitmap_index = 29660, .adv_w = 278, .box_w = 15, .box_h = 24, .ofs_x = 1, .ofs_y = 0},
    {.bitmap_index = 29840, .adv_w = 278, .box_w = 15, .box_h = 21, .ofs_x = 1, .ofs_y = 0},
    {.bitmap_index = 29998, .adv_w = 252, .box_w = 16, .box_h = 30, .ofs_x = 0, .ofs_y = -6},
    {.bitmap_index = 30238, .adv_w = 288, .box_w = 16, .box_h = 27, .ofs_x = 1, .ofs_y = -6},
    {.bitmap_index = 30454, .adv_w = 252, .box_w = 16, .box_h = 27, .ofs_x = 0, .ofs_y = -6},
    {.bitmap_index = 30670, .adv_w = 119, .box_w = 5, .box_h = 9, .ofs_x = 1, .ofs_y = 13},
    {.bitmap_index = 30693, .adv_w = 119, .box_w = 5, .box_h = 9, .ofs_x = 1, .ofs_y = 12},
    {.bitmap_index = 30716, .adv_w = 119, .box_w = 5, .box_h = 9, .ofs_x = 1, .ofs_y = -4},
    {.bitmap_index = 30739, .adv_w = 213, .box_w = 11, .box_h = 9, .ofs_x = 1, .ofs_y = 13},
    {.bitmap_index = 30789, .adv_w = 213, .box_w = 11, .box_h = 9, .ofs_x = 1, .ofs_y = 12},
    {.bitmap_index = 30839, .adv_w = 252, .box_w = 12, .box_h = 11, .ofs_x = 2, .ofs_y = 3},
    {.bitmap_index = 30905, .adv_w = 358, .box_w = 20, .box_h = 5, .ofs_x = 1, .ofs_y = 0}
};

/*---------------------
 *  CHARACTER MAPPING
 *--------------------*/

static const uint16_t unicode_list_2[] = {
    0x0, 0x1, 0x2, 0x4, 0x5, 0xa, 0xe
};

/*Collect the unicode lists and glyph_id offsets*/
static const lv_font_fmt_txt_cmap_t cmaps[] =
{
    {
        .range_start = 32, .range_length = 95, .glyph_id_start = 1,
        .unicode_list = NULL, .glyph_id_ofs_list = NULL, .list_length = 0, .type = LV_FONT_FMT_TXT_CMAP_FORMAT0_TINY
    },
    {
        .range_start = 160, .range_length = 96, .glyph_id_start = 96,
        .unicode_list = NULL, .glyph_id_ofs_list = NULL, .list_length = 0, .type = LV_FONT_FMT_TXT_CMAP_FORMAT0_TINY
    },
    {
        .range_start = 8216, .range_length = 15, .glyph_id_start = 192,
        .unicode_list = unicode_list_2, .glyph_id_ofs_list = NULL, .list_length = 7, .type = LV_FONT_FMT_TXT_CMAP_SPARSE_TINY
    }
};

/*-----------------
 *    KERNING
 *----------------*/


/*Map glyph_ids to kern left classes*/
static const uint8_t kern_left_class_mapping[] =
{
    0, 0, 1, 0, 0, 0, 0, 2,
    0, 3, 0, 4, 0, 5, 6, 5,
    7, 0, 0, 0, 0, 0, 0, 0,
    0, 0, 0, 8, 8, 0, 0, 0,
    9, 10, 11, 12, 13, 10, 14, 15,
    16, 0, 0, 17, 18, 19, 0, 0,
    10, 20, 10, 21, 22, 23, 24, 25,
    25, 26, 27, 28, 3, 0, 0, 0,
    5, 0, 29, 30, 31, 32, 33, 34,
    35, 29, 32, 32, 36, 37, 29, 29,
    30, 30, 38, 39, 40, 41, 35, 42,
    42, 43, 42, 44, 3, 0, 6, 0,
    0, 45, 0, 0, 0, 0, 0, 0,
    0, 10, 46, 47, 0, 6, 10, 0,
    48, 0, 0, 0, 0, 35, 0, 6,
    0, 0, 46, 49, 0, 0, 0, 50,
    11, 11, 11, 11, 11, 11, 14, 13,
    14, 14, 14, 14, 0, 0, 0, 0,
    10, 0, 10, 10, 10, 10, 10, 0,
    10, 24, 24, 24, 24, 27, 51, 52,
    0, 0, 0, 0, 0, 0, 33, 31,
    33, 33, 33, 33, 32, 53, 54, 55,
    30, 29, 30, 30, 30, 30, 30, 0,
    30, 35, 35, 35, 35, 42, 30, 42,
    56, 56, 5, 56, 56, 6, 5
};

/*Map glyph_ids to kern right classes*/
static const uint8_t kern_right_class_mapping[] =
{
    0, 0, 1, 2, 0, 0, 3, 4,
    2, 5, 6, 7, 0, 8, 9, 8,
    10, 0, 0, 0, 0, 0, 0, 0,
    0, 0, 0, 11, 11, 0, 0, 0,
    12, 13, 14, 15, 13, 15, 15, 15,
    13, 15, 15, 16, 15, 15, 15, 15,
    13, 15, 13, 15, 17, 18, 19, 20,
    20, 21, 22, 23, 5, 24, 6, 0,
    8, 0, 25, 26, 27, 27, 27, 28,
    27, 26, 26, 29, 26, 26, 30, 30,
    27, 30, 27, 30, 31, 32, 33, 34,
    34, 35, 34, 36, 9, 15, 6, 0,
    0, 37, 0, 0, 0, 0, 15, 38,
    0, 13, 39, 40, 0, 9, 13, 0,
    41, 0, 0, 0, 0, 30, 42, 9,
    0, 0, 39, 43, 0, 0, 0, 44,
    14, 14, 14, 14, 14, 14, 14, 13,
    15, 15, 15, 15, 15, 15, 15, 15,
    15, 15, 13, 13, 13, 13, 13, 0,
    13, 19, 19, 19, 19, 22, 15, 26,
    0, 0, 0, 0, 0, 0, 25, 27,
    27, 27, 27, 27, 26, 26, 26, 26,
    27, 30, 27, 27, 27, 27, 27, 0,
    27, 33, 33, 33, 33, 34, 26, 34,
    45, 45, 8, 45, 45, 9, 8
};

/*Kern values between classes*/
static const int8_t kern_class_values[] =
{
    0, 0, 0, 0, 0, 2, -5, 0,
    -5, 5, 0, -2, 0, 0, 0, 14,
    0, -5, 0, -5, 0, -5, 0, 0,
    0, 0, 0, 0, 0, 0, 0, 0,
    0, 0, 0, 0, 0, 0, 0, 0,
    0, 0, 0, 2, 0, 0, 0, 0,
    0, 0, 0, 0, 0, 0, 0, 0,
    0, 0, 0, 0, 14, 0, -12, 0,
    -17, -6, -14, 0, 0, 2, 0, -6,
    0, 0, 0, 7, 0, 0, -7, 0,
    0, 0, 0, 0, 0, 0, 0, 0,
    0, 0, 2, 0, 0, 0, 0, 19,
    0, 0, 0, 19, 0, 14, -4, 0,
    0, 0, 0, 19, 0, 14, 5, 17,
    10, 0, 0, 0, -5, 0, 38, 0,
    0, 0, 0, 0, 0, 0, 2, 0,
    5, 0, 2, 0, 0, 10, 5, -5,
    0, 0, 0, 0, 0, 0, -24, -31,
    -53, -5, 5, 0, -35, 0, -26, 0,
    7, 0, 5, -6, 10, -2, 0, 0,
    12, -11, 12, 0, 0, -2, 12, 0,
    10, 6, 0, -5, 0, 10, -22, 0,
    0, -7, -24, 0, 0, 0, 0, 0,
    0, 0, -26, 0, -22, 31, 0, -35,
    -18, 10, 0, 17, 5, -31, -10, -26,
    5, -33, 5, 0, -1, 0, -9, -10,
    10, 0, 1, -14, -2, -23, 7, 0,
    0, 0, -26, -14, -31, 0, 5, 0,
    -26, -5, 0, 0, 0, 0, 0, -31,
    -22, 0, 0, -9, -18, 0, -9, 0,
    -13, -10, -23, 0, -24, -12, -25, 0,
    0, 0, 0, 7, 0, 0, 0, 2,
    0, 0, -9, -12, -5, -5, 0, -24,
    0, -26, 0, -11, -24, -22, 0, 0,
    0, 0, 0, 19, 0, -50, -31, -22,
    -10, 24, -5, -10, 0, -19, 0, 19,
    0, 19, 5, 17, 7, 0, -29, 0,
    -29, 0, 0, -29, -29, -5, -29, -14,
    -24, -29, -29, 0, 10, -31, 1, 0,
    -24, -29, 6, 0, 0, 0, 0, 0,
    0, -5, 0, -9, 26, 0, -5, 0,
    0, 0, 10, 0, -14, 0, -14, 0,
    -19, 0, 0, 0, 0, 0, 2, 10,
    0, 0, 0, 0, 0, 0, 0, 0,
    0, 0, 0, 0, 0, 0, 0, -6,
    0, 0, 0, 0, 0, 4, 2, -41,
    -4, -5, 0, 6, 0, 0, 0, 0,
    0, 0, 0, 0, 0, 0, 0, 0,
    0, 0, 0, 0, 0, 0, 0, 0,
    0, 0, 0, 0, 0, 0, 12, 1,
    7, 0, 1, -9, 2, 0, 0, 0,
    0, 0, -4, 0, -18, 0, -5, 0,
    -4, 0, -7, 0, -16, 0, -21, 0,
    -9, -13, -21, -7, 0, 0, 0, 0,
    0, 10, 0, 0, 0, 0, 0, 0,
    0, 0, 0, 0, -2, -5, 0, 0,
    0, -2, 0, 0, 0, 0, 0, 0,
    -35, 10, -9, 14, 0, -26, -7, 0,
    0, 10, -4, -37, -2, -29, -7, -31,
    -5, 0, 0, 0, -2, -5, 0, 0,
    -4, -7, 0, -13, -11, -1, 0, 0,
    -42, -9, -41, 0, -2, 0, -28, 0,
    0, 0, 0, 0, 0, 0, -4, 1,
    0, 0, 0, 0, -2, 0, -2, 0,
    -5, 0, -5, -5, -6, 0, 0, 0,
    0, 0, 0, 0, 0, 0, 0, 0,
    0, 0, 0, 0, 0, 2, 0, 2,
    0, 0, 0, -1, 0, 0, 0, -11,
    0, 0, 0, 5, -16, 9, 0, 10,
    -11, -7, 0, -1, -7, -5, 0, -9,
    -7, -7, -4, 0, -9, 0, -17, -11,
    0, 0, -5, -11, -6, -12, -5, -9,
    0, 0, 2, -11, 0, 0, 0, 0,
    0, 0, 0, 0, 0, 0, 2, 0,
    5, -1, 16, 0, 3, 0, -6, 0,
    5, -5, -2, 0, -1, -2, -1, 0,
    0, -2, 0, -1, -2, 0, 0, -2,
    -2, 0, -4, 0, 0, 0, 0, 0,
    -6, 4, 0, 0, 0, 0, 2, 0,
    0, 0, 0, 7, 0, -14, -4, -12,
    0, 5, -6, -26, 0, -25, -10, 4,
    0, 3, -6, 0, -5, 0, -10, 19,
    -9, 0, 0, -5, -7, 0, -6, -2,
    -6, -17, 0, 0, 7, -13, 6, 0,
    -7, 0, 5, 0, 0, 0, 0, 0,
    -1, 0, 0, 0, 1, 0, 0, 0,
    0, 0, 0, 0, -6, 0, -5, -2,
    -7, 0, 0, 0, 0, 0, 0, 0,
    0, 0, 0, 0, 0, 0, 0, 0,
    0, -4, 0, -2, 0, 0, 0, -5,
    0, 0, 0, 0, 0, 0, 0, -7,
    0, 0, 0, 0, 0, 0, 0, -10,
    0, 0, 0, 0, 0, 0, 0, 0,
    0, 0, 0, 0, 0, 0, 0, 0,
    0, 0, 0, 0, 0, 0, 0, 0,
    0, 0, 0, 0, 0, 12, 0, 0,
    0, 0, 3, -9, 7, -16, 17, 0,
    5, -13, -12, 0, 14, -11, -17, -5,
    -10, -5, -11, 1, 0, 0, 12, -6,
    -6, 0, 0, -5, -9, -5, -14, -18,
    -7, 0, 0, -1, -21, 0, 0, -5,
    0, -2, 0, 0, 0, 0, 0, 0,
    -28, 6, -17, 21, 1, -37, -18, -7,
    0, 19, -7, -62, -13, -49, -10, -57,
    0, 0, 0, 0, -2, -7, 0, 0,
    -1, -14, -5, -22, -10, 0, 0, 0,
    -31, -10, -36, 0, 0, 0, -31, 4,
    0, 0, -7, 0, -5, 2, -25, -13,
    -28, -2, 2, -2, -35, 0, -31, 0,
    -9, 0, 0, -14, -1, -10, 0, -11,
    0, -12, 0, 0, -5, -11, 7, -4,
    2, -7, -10, 0, 0, 11, -18, 18,
    0, -7, 0, 10, 0, 0, 0, 0,
    0, 0, 0, 1, -9, 11, 0, 0,
    -2, -6, 0, 2, -1, -10, 0, -6,
    -5, -4, -1, 0, -2, 0, -6, 0,
    0, 0, -5, 0, 0, -1, -4, -3,
    0, 0, 0, -9, 5, 0, -6, 0,
    0, 0, 0, 0, 0, 0, 0, -8,
    -5, 2, 2, 0, 1, 0, -2, 0,
    -4, 0, -7, 0, -6, -5, -9, -4,
    0, 0, 0, 0, -2, 0, 0, -1,
    -2, 0, -4, -1, -1, 0, 0, -1,
    0, -1, 0, 0, 0, -10, 2, 0,
    0, -12, 0, 19, 7, -31, -23, -24,
    -14, 10, -21, -37, 0, -28, -11, 6,
    0, 7, 0, 6, -1, 0, -37, 26,
    -37, -16, 0, -37, -37, -17, -36, -36,
    -37, -37, 0, 0, 10, -30, 7, 0,
    -29, 0, 6, 0, 0, 0, 0, 0,
    0, 0, -10, 0, -5, 0, 0, 0,
    -2, 0, -12, 0, 0, 0, 0, -4,
    0, 0, 0, 0, 0, 0, 0, 0,
    0, 0, 0, 0, 0, 0, 0, 0,
    0, 0, 0, 0, 0, 0, 0, 0,
    5, 0, 0, -17, 0, 14, 5, -26,
    -24, -10, -17, 7, -9, -29, 0, -28,
    -6, 7, 0, 0, -7, 2, 0, 0,
    -29, 24, -30, -9, 0, -28, -30, -7,
    -24, -14, -28, -26, 0, 0, 10, -34,
    7, 0, -24, 0, 5, 9, 0, 0,
    0, 0, 5, -6, 5, -12, 10, 0,
    2, -13, -7, 0, 10, -5, 0, -4,
    -7, 0, -1, 0, 0, 0, 10, -4,
    -10, 0, 0, -4, -11, 0, -13, -12,
    -9, 0, 0, 2, -19, 0, 0, -5,
    0, 0, 20, 0, 0, -5, 0, 17,
    10, -33, -25, -12, -19, 16, -21, -31,
    17, -22, -11, 9, 0, 2, 0, 2,
    0, 0, -37, 0, -40, -16, 0, -37,
    -38, -18, -36, -35, -38, -38, 0, 0,
    16, -36, 9, 0, -29, 0, 5, 0,
    0, 0, 0, 0, 10, -2, 5, -10,
    12, 0, 2, -7, -5, 0, 10, -4,
    0, 0, -5, 0, 0, 0, 0, -5,
    0, -7, -5, 0, 0, -5, -9, -5,
    -14, -7, -11, 0, 0, 0, -25, -1,
    0, -5, 0, 2, 0, 0, 0, 0,
    0, 0, -7, 0, 0, 0, 0, -6,
    0, 0, 0, 0, 0, 0, 0, 0,
    0, 0, 0, 0, 0, 0, 0, 0,
    0, 0, 0, 0, 0, -2, 0, 0,
    0, 0, -10, 0, -13, 0, 0, 0,
    -9, 0, 0, 0, 0, 0, -5, -11,
    -9, 7, 0, 0, -11, 0, 0, 0,
    0, 0, 0, 0, 0, 0, 0, 0,
    0, 0, 0, 0, -2, 0, 0, 0,
    -2, 0, -5, -6, -4, 0, 0, -13,
    3, -16, 0, 5, 0, -17, 0, 0,
    0, 0, 0, 5, 0, 5, -5, 4,
    2, 0, 0, 0, 0, 0, 0, 0,
    0, 0, 0, 0, 0, 0, -1, 0,
    -5, 1, 0, 0, 0, 1, 0, 4,
    7, 0, 0, 0, 6, -2, 1, 0,
    1, 0, 2, 0, 0, 0, 0, 0,
    0, 12, 0, 0, 0, 0, 0, 0,
    0, 0, 0, 0, 0, 0, 0, 0,
    0, 0, 0, 0, 0, 0, 0, 0,
    0, 0, 0, 0, 0, 0, 0, 0,
    0, 0, 0, 0, 0, 0, 0, 17,
    0, 0, 0, 0, 0, -5, -9, 0,
    6, 4, 0, -5, 0, 0, 0, 0,
    0, 0, 0, 0, 0, 0, 0, 0,
    0, 0, 0, -1, 0, 0, 0, -1,
    0, -4, -1, -3, 0, 0, -9, 3,
    -13, 0, 2, 0, -13, 11, 0, 0,
    -4, 0, 25, 16, -12, -4, 0, 2,
    24, 0, 0, 0, 0, 0, 0, 0,
    0, 0, 0, 0, 0, -2, 0, -6,
    -11, 0, 0, -2, -13, 0, -5, -10,
    -5, 0, 0, 34, -7, 24, 0, -5,
    0, 24, 0, 0, 0, 0, 0, 0,
    0, 0, 0, 0, 0, -5, 0, 0,
    0, 0, 0, 0, 0, 0, 0, 0,
    0, 0, 0, 0, 0, 0, 0, 0,
    0, 0, 0, 0, 0, 0, 0, 0,
    0, 0, 0, 0, 0, 0, 0, 0,
    0, 0, 0, 0, 0, 1, 6, -13,
    10, 0, -7, 0, 0, 0, 0, 0,
    0, 0, 0, 0, 0, 0, 0, -2,
    0, -5, 0, 0, 0, -4, -7, 0,
    -9, -10, -2, 0, 0, 9, -10, 0,
    0, -4, 0, 2, 0, -22, -10, -1,
    -5, 31, -17, 5, -2, 16, 0, -10,
    -4, 0, 0, 0, 0, 0, 0, 0,
    0, 0, 0, -7, 0, 0, -2, -5,
    0, 0, -2, -6, 0, -6, 0, 0,
    0, -4, 0, -2, -21, -6, 0, 5,
    -24, 0, 0, 0, 0, 0, 0, 0,
    0, 0, 0, 0, -1, 0, 0, 0,
    0, 0, 0, 0, 0, 0, 0, 0,
    0, 0, 0, 0, 0, 5, 0, 0,
    0, 0, 0, 0, 0, 0, 0, 0,
    0, 0, 0, 0, 0, 0, 5, 0,
    0, -7, 0, 7, 18, -11, -10, -7,
    7, 0, 0, 0, 0, 0, 0, 0,
    0, 0, 0, 0, 0, 0, -2, 0,
    -4, 13, 0, 0, -2, 13, 0, 14,
    2, 2, 0, 0, 18, -10, 17, 0,
    0, 0, 16, 0, 0, 0, 0, 0,
    0, -2, -2, 0, 0, 0, -5, 0,
    0, 0, 0, 0, 0, 0, 0, 0,
    0, 0, 0, 0, 0, 0, 0, 0,
    0, 0, -2, 0, -5, -2, -2, 0,
    0, -3, 0, -5, 0, 0, 0, -13,
    1, 0, 0, 0, 0, 38, 11, 9,
    -2, 24, 1, 2, 0, 0, 0, 0,
    0, 0, 0, 0, 0, 0, 0, 0,
    0, 6, -2, -1, 0, 0, 0, -13,
    0, 4, 5, 1, 0, 0, 13, -7,
    0, 0, 0, 0, 0, 0, 0, 0,
    -5, 0, 0, 10, -23, -9, -12, 0,
    -9, 0, 0, 0, 0, 0, 0, 0,
    0, 0, 0, 0, 0, -5, 0, -5,
    4, 0, 0, -5, 7, 0, 19, -5,
    -4, 0, 0, 10, -9, 5, 0, -5,
    0, 5, 0, 0, 0, 0, 0, 0,
    6, 7, -12, 7, 0, -12, 0, 0,
    0, 0, 0, 0, 0, 0, 0, 0,
    0, 0, -1, 0, -6, 0, 0, 0,
    -2, 0, 0, -5, 0, -2, 0, 0,
    10, -13, -2, 0, -5, 0, 2, 0,
    0, 0, 0, 0, 0, 0, 0, -16,
    0, 0, -12, 0, 0, 0, 2, 0,
    0, 0, 0, 0, 0, 0, 0, -2,
    0, -5, 0, 0, 0, -2, 0, 0,
    -4, -2, 0, 0, 0, 0, -16, -2,
    0, -5, 0, -2, 0, 0, 0, 0,
    0, 3, -5, 0, -5, 7, 0, -1,
    0, 0, 0, 14, 0, -6, 0, -5,
    0, -10, 0, 0, 0, 0, 0, 0,
    24, 0, 0, 0, 0, 0, 0, 0,
    0, 0, 0, 0, 0, 0, 0, 1,
    0, 0, 0, 0, 0, 0, 5, 10,
    -26, -24, -53, 0, 19, 0, -42, 0,
    -29, 1, 10, 0, 10, 2, 16, 0,
    0, -3, 0, -13, 22, 0, 0, -4,
    22, 0, 10, 6, 0, 0, 0, 0,
    0, 0, 0, 0, -24, 0, 0, 0,
    0, 0, 0, 0, -7, 5, -11, 5,
    0, -7, 0, -1, 0, 0, 0, -29,
    0, -24, -5, -29, -1, 0, 0, 0,
    5, 0, 0, 0, 0, 0, 0, -5,
    -5, -5, 0, 0, 0, 0, 0, 0,
    0, 10, 0, 0, 0, 0, 0, 0,
    2, 0, -31, -26, -59, 0, 12, -5,
    -41, 0, -31, 1, 7, 0, 7, 0,
    9, -1, 0, -2, 0, -16, 5, 0,
    0, -10, 6, 0, 5, -2, 0, 0,
    0, 0, 0, 0, 0, 0, -29, 0,
    0, 0, 0, 0, 0, 0, -22, -14,
    0, 0, 0, -10, -2, -9, 0, -7,
    -5, -30, 0, -34, -19, -36, -5, 0,
    0, 0, 3, 0, 0, 0, 0, 0,
    0, -9, -13, -7, 0, 0, 0, 0,
    0, 0, 0, 0, 0, 0, 0, 0,
    0, 0, 17, -21, 0, -24, 29, 0,
    -22, -22, 0, 0, 19, -9, -30, -9,
    -30, 0, -30, -2, 0, 0, 48, -11,
    -5, 48, 0, -5, -5, 0, -10, 0,
    0, 2, 0, -19, -5, -22, 0, 0,
    2, -14, 0, 0, 0, 0, 0, -7,
    -1, -21, 1, -6, 0, -10, 0, -13,
    0, -23, -2, -41, 0, -10, -19, -21,
    -14, 0, 0, 0, 0, 0, 0, 0,
    0, 4, 0, 0, 0, 0, 0, 0,
    0, 0, 0, 0, 0, 0, 0, -2,
    0, 0, 0, 0, -1, -23, 5, 2,
    2, 0, -19, 0, 0, 0, 0, 0,
    0, 0, 0, 0, 0, 0, 0, 0,
    0, 0, -1, 0, 0, -1, -9, 0,
    -13, -2, 0, 0, 0, 0, 0, 0,
    0, 0, 0, -9, 0, 0, 0, 0,
    0, 31, 12, 0, 0, 0, 0, 2,
    0, 0, 0, 0, 0, 0, 0, 0,
    0, 0, 0, 0, 0, 14, 0, 0,
    0, 0, 0, 0, 0, 0, 0, 0,
    0, 0, 0, 0, 0, 0, 0, 0,
    17, 0, 0, 0, 0, 0, 13, 24,
    0, 0, 0, 0, 5, 0, 0, 0,
    0, 0, 0, 0, 0, 0, 0, 0,
    0, 0, 17, 0, 0, 0, 0, 0,
    0, 0, 0, 0, 0, 0, 0, 0,
    0, 0, 0, 0, 0, 17, 0, 0,
    0, 0, 0, 24, 14, 0, 0, 0,
    0, 4, 0, 0, 0, 0, 0, 0,
    0, 0, 0, 0, 0, 0, 0, 4,
    0, 0, 0, 0, 0, 0, 0, 0,
    0, 0, 0, 0, 0, 0, 0, 0,
    0, 0, 22, 0, 0, 0, 0, 0,
    5, 0, -26, -22, -43, -6, 7, -1,
    -28, 0, -31, 2, 6, 0, 5, 0,
    5, 0, 0, 0, 17, -17, 2, 0,
    0, -13, 2, 0, 5, 2, 0, 0,
    0, 0, 0, 0, 0, 0, -19, 0
};


/*Collect the kern class' data in one place*/
static const lv_font_fmt_txt_kern_classes_t kern_classes =
{
    .class_pair_values   = kern_class_values,
    .left_class_mapping  = kern_left_class_mapping,
    .right_class_mapping = kern_right_class_mapping,
    .left_class_cnt      = 56,
    .right_class_cnt     = 45,
};

/*--------------------
 *  ALL CUSTOM DATA
 *--------------------*/

#if LVGL_VERSION_MAJOR == 8
/*Store all the custom data of the font*/
static  lv_font_fmt_txt_glyph_cache_t cache;
#endif

#if LVGL_VERSION_MAJOR >= 8
static const lv_font_fmt_txt_dsc_t font_dsc = {
#else
static lv_font_fmt_txt_dsc_t font_dsc = {
#endif
    .glyph_bitmap = glyph_bitmap,
    .glyph_dsc = glyph_dsc,
    .cmaps = cmaps,
    .kern_dsc = &kern_classes,
    .kern_scale = 16,
    .cmap_num = 3,
    .bpp = 4,
    .kern_classes = 1,
    .bitmap_format = 0,
#if LVGL_VERSION_MAJOR == 8
    .cache = &cache
#endif
};



/*-----------------
 *  PUBLIC FONT
 *----------------*/

/*Initialize a public general font descriptor*/
#if LVGL_VERSION_MAJOR >= 8
const lv_font_t font_np_nunito_30 = {
#else
lv_font_t font_np_nunito_30 = {
#endif
    .get_glyph_dsc = lv_font_get_glyph_dsc_fmt_txt,    /*Function pointer to get glyph's data*/
    .get_glyph_bitmap = lv_font_get_bitmap_fmt_txt,    /*Function pointer to get glyph's bitmap*/
    .line_height = 36,          /*The maximum line height required by the font*/
    .base_line = 6,             /*Baseline measured from the bottom of the line*/
#if !(LVGL_VERSION_MAJOR == 6 && LVGL_VERSION_MINOR == 0)
    .subpx = LV_FONT_SUBPX_NONE,
#endif
#if LV_VERSION_CHECK(7, 4, 0) || LVGL_VERSION_MAJOR >= 8
    .underline_position = -2,
    .underline_thickness = 1,
#endif
    .dsc = &font_dsc,          /*The custom font data. Will be accessed by `get_glyph_bitmap/dsc` */
#if LV_VERSION_CHECK(8, 2, 0) || LVGL_VERSION_MAJOR >= 9
    .fallback = NULL,
#endif
    .user_data = NULL,
};



#endif /*#if FONT_NP_NUNITO_30*/
