/* SPDX-License-Identifier: OFL-1.1 */
/* Glyph data converted from IBM Plex Mono (SIL OFL 1.1); licence text: licenses/OFL-1.1-IBMPlexMono.txt */
/*******************************************************************************
 * Size: 24 px
 * Bpp: 4
 * Opts: --font IBMPlexMono-SemiBold.ttf --size 24 --bpp 4 --format lvgl --range 0x20-0x7E,0xA0-0xFF,0x2018-0x201D,0x2026,0x2022 --no-compress --force-fast-kern-format --lv-font-name diskos_mono_24 -o font_mono_24.c
 ******************************************************************************/

#ifdef LV_LVGL_H_INCLUDE_SIMPLE
#include "lvgl.h"
#else
#include "lvgl/lvgl.h"
#endif

#ifndef DISKOS_MONO_24
#define DISKOS_MONO_24 1
#endif

#if DISKOS_MONO_24

/*-----------------
 *    BITMAPS
 *----------------*/

/*Store the image of the glyphs*/
static LV_ATTRIBUTE_LARGE_CONST const uint8_t glyph_bitmap[] = {
    /* U+0020 " " */

    /* U+0021 "!" */
    0x7f, 0xfe, 0x7, 0xff, 0xe0, 0x7f, 0xfe, 0x7,
    0xff, 0xe0, 0x7f, 0xfe, 0x6, 0xff, 0xc0, 0x3f,
    0xf9, 0x0, 0xff, 0x60, 0xd, 0xf3, 0x0, 0xaf,
    0x0, 0x7, 0xd0, 0x0, 0x13, 0x0, 0x2, 0x30,
    0x9, 0xff, 0xe1, 0xff, 0xff, 0x5e, 0xff, 0xf5,
    0x6e, 0xfb, 0x0,

    /* U+0022 "\"" */
    0xbf, 0xf1, 0xa, 0xff, 0x1b, 0xff, 0x10, 0xaf,
    0xf1, 0xbf, 0xf1, 0xa, 0xff, 0x1b, 0xff, 0x10,
    0xaf, 0xf1, 0xbf, 0xf1, 0xa, 0xff, 0x1b, 0xff,
    0x10, 0xaf, 0xf1, 0xbf, 0xf1, 0xa, 0xff, 0x17,
    0xbb, 0x10, 0x7b, 0xb1,

    /* U+0023 "#" */
    0x0, 0x0, 0xf, 0xf8, 0x5, 0xff, 0x10, 0x0,
    0x0, 0x2, 0xff, 0x50, 0x8f, 0xe0, 0x0, 0x0,
    0x0, 0x6f, 0xf3, 0xb, 0xfb, 0x0, 0x0, 0x0,
    0x9, 0xff, 0x0, 0xef, 0x70, 0x0, 0xd, 0xff,
    0xff, 0xd0, 0x1f, 0xff, 0xff, 0x20, 0xdf, 0xff,
    0xfa, 0x3, 0xff, 0xff, 0xf2, 0x4, 0x57, 0xff,
    0x80, 0x6f, 0xe5, 0x55, 0x0, 0x0, 0x4f, 0xf5,
    0x9, 0xfc, 0x0, 0x0, 0x0, 0x6, 0xff, 0x20,
    0xcf, 0xa0, 0x0, 0x4, 0x55, 0xaf, 0xf0, 0xe,
    0xfb, 0x55, 0x10, 0xbf, 0xff, 0xfc, 0x1, 0xff,
    0xff, 0xf3, 0xb, 0xff, 0xff, 0xa0, 0x4f, 0xff,
    0xff, 0x30, 0x0, 0xf, 0xf7, 0x7, 0xff, 0x0,
    0x0, 0x0, 0x3, 0xff, 0x40, 0xaf, 0xd0, 0x0,
    0x0, 0x0, 0x6f, 0xf1, 0xc, 0xfa, 0x0, 0x0,
    0x0, 0x8, 0xff, 0x0, 0xff, 0x80, 0x0, 0x0,
    0x0, 0xbf, 0xc0, 0x2f, 0xf5, 0x0, 0x0, 0x0,

    /* U+0024 "$" */
    0x0, 0x0, 0x0, 0x8c, 0x70, 0x0, 0x0, 0x0,
    0x0, 0x0, 0xbf, 0x90, 0x0, 0x0, 0x0, 0x0,
    0x0, 0xcf, 0xa0, 0x0, 0x0, 0x0, 0x4, 0xcf,
    0xff, 0xff, 0xb3, 0x0, 0x0, 0x6f, 0xff, 0xff,
    0xff, 0xff, 0x70, 0x1, 0xff, 0xfc, 0xcf, 0xcd,
    0xff, 0xd0, 0x6, 0xff, 0xb0, 0x9f, 0x70, 0x7d,
    0x10, 0x8, 0xff, 0x60, 0x9f, 0x70, 0x0, 0x0,
    0x7, 0xff, 0x90, 0x9f, 0x70, 0x0, 0x0, 0x4,
    0xff, 0xf8, 0xaf, 0x70, 0x0, 0x0, 0x0, 0xcf,
    0xff, 0xff, 0xd8, 0x40, 0x0, 0x0, 0x1b, 0xff,
    0xff, 0xff, 0xfc, 0x10, 0x0, 0x0, 0x38, 0xdf,
    0xff, 0xff, 0xc0, 0x0, 0x0, 0x0, 0x9f, 0x88,
    0xff, 0xf3, 0x0, 0x0, 0x0, 0x9f, 0x70, 0x9f,
    0xf7, 0x0, 0x10, 0x0, 0x9f, 0x70, 0x7f, 0xf7,
    0x1, 0xd9, 0x0, 0x9f, 0x70, 0xbf, 0xf5, 0xc,
    0xff, 0xd6, 0xaf, 0x9a, 0xff, 0xe0, 0x6, 0xff,
    0xff, 0xff, 0xff, 0xff, 0x50, 0x0, 0x3c, 0xff,
    0xff, 0xff, 0xd4, 0x0, 0x0, 0x0, 0x25, 0xdf,
    0xb2, 0x0, 0x0, 0x0, 0x0, 0x0, 0xbf, 0x90,
    0x0, 0x0, 0x0, 0x0, 0x0, 0xbf, 0x90, 0x0,
    0x0,

    /* U+0025 "%" */
    0x3, 0xbf, 0xfb, 0x20, 0x0, 0x7, 0xfe, 0x1,
    0xef, 0xff, 0xfe, 0x0, 0x1, 0xef, 0x60, 0x7f,
    0xc0, 0xd, 0xf7, 0x0, 0x8f, 0xd0, 0xa, 0xf8,
    0x0, 0x9f, 0x90, 0x1f, 0xf5, 0x0, 0xaf, 0x80,
    0x9, 0xf9, 0xa, 0xfc, 0x0, 0x7, 0xfc, 0x0,
    0xdf, 0x73, 0xff, 0x30, 0x0, 0x1e, 0xff, 0xff,
    0xe0, 0x7c, 0x80, 0x0, 0x0, 0x3b, 0xff, 0xb2,
    0x0, 0x0, 0x0, 0x0, 0x0, 0x0, 0x0, 0x0,
    0x7e, 0xfd, 0x50, 0x0, 0x0, 0x3c, 0xc1, 0x7f,
    0xff, 0xff, 0x40, 0x0, 0xb, 0xfa, 0xe, 0xf5,
    0x8, 0xfc, 0x0, 0x3, 0xff, 0x32, 0xff, 0x0,
    0x2f, 0xf0, 0x0, 0xbf, 0xb0, 0x3f, 0xf0, 0x2,
    0xff, 0x10, 0x2f, 0xf3, 0x2, 0xff, 0x0, 0x2f,
    0xf0, 0xa, 0xfc, 0x0, 0xe, 0xf5, 0x8, 0xfc,
    0x2, 0xff, 0x40, 0x0, 0x7f, 0xff, 0xff, 0x40,
    0x9f, 0xd0, 0x0, 0x0, 0x7e, 0xfd, 0x50, 0x0,

    /* U+0026 "&" */
    0x0, 0x2, 0xae, 0xfd, 0x70, 0x0, 0x0, 0x0,
    0x4, 0xff, 0xff, 0xff, 0xc0, 0x0, 0x0, 0x0,
    0xef, 0xfa, 0x7b, 0xff, 0x80, 0x0, 0x0, 0x2f,
    0xfa, 0x0, 0x9, 0x70, 0x0, 0x0, 0x2, 0xff,
    0x90, 0x0, 0x0, 0x0, 0x0, 0x0, 0xd, 0xfe,
    0x0, 0x0, 0x0, 0x0, 0x0, 0x0, 0x4f, 0xfa,
    0x0, 0x0, 0x0, 0x0, 0x0, 0x1, 0xef, 0xf7,
    0x0, 0x3f, 0xff, 0xc0, 0x3, 0xef, 0xff, 0xf5,
    0x4, 0xff, 0xfc, 0x0, 0xdf, 0xf4, 0xef, 0xf2,
    0x5f, 0xf6, 0x40, 0x5f, 0xf8, 0x3, 0xff, 0xd7,
    0xfd, 0x0, 0x8, 0xff, 0x50, 0x6, 0xff, 0xff,
    0x90, 0x0, 0x9f, 0xf6, 0x0, 0xa, 0xff, 0xf4,
    0x0, 0x6, 0xff, 0xb0, 0x0, 0x3f, 0xff, 0x80,
    0x0, 0x1f, 0xff, 0xc8, 0x9e, 0xbe, 0xff, 0x40,
    0x0, 0x6f, 0xff, 0xff, 0xf3, 0x3f, 0xfe, 0x10,
    0x0, 0x3c, 0xff, 0xb3, 0x0, 0x8f, 0xfc, 0x0,

    /* U+0027 "'" */
    0x3f, 0xf9, 0x3f, 0xf9, 0x3f, 0xf9, 0x3f, 0xf9,
    0x3f, 0xf9, 0x3f, 0xf9, 0x3f, 0xf9, 0x2b, 0xb6,

    /* U+0028 "(" */
    0x0, 0x0, 0x1, 0x11, 0x0, 0x0, 0x5, 0xff,
    0xa0, 0x0, 0x4, 0xff, 0xa0, 0x0, 0x1, 0xef,
    0xc0, 0x0, 0x0, 0xaf, 0xf2, 0x0, 0x0, 0x2f,
    0xf7, 0x0, 0x0, 0x9, 0xfe, 0x0, 0x0, 0x0,
    0xef, 0x90, 0x0, 0x0, 0x3f, 0xf4, 0x0, 0x0,
    0x6, 0xff, 0x20, 0x0, 0x0, 0x8f, 0xf0, 0x0,
    0x0, 0x9, 0xff, 0x0, 0x0, 0x0, 0x9f, 0xf0,
    0x0, 0x0, 0x8, 0xff, 0x0, 0x0, 0x0, 0x6f,
    0xf2, 0x0, 0x0, 0x2, 0xff, 0x50, 0x0, 0x0,
    0xe, 0xf9, 0x0, 0x0, 0x0, 0x8f, 0xf0, 0x0,
    0x0, 0x2, 0xff, 0x70, 0x0, 0x0, 0x8, 0xff,
    0x20, 0x0, 0x0, 0xd, 0xfd, 0x0, 0x0, 0x0,
    0x3f, 0xfb, 0x0, 0x0, 0x0, 0x4e, 0xfc, 0x10,

    /* U+0029 ")" */
    0x1, 0x11, 0x0, 0x0, 0x0, 0x5, 0xff, 0xa0,
    0x0, 0x0, 0x0, 0x4f, 0xfa, 0x0, 0x0, 0x0,
    0x7, 0xff, 0x60, 0x0, 0x0, 0x0, 0xbf, 0xf1,
    0x0, 0x0, 0x0, 0x1f, 0xf8, 0x0, 0x0, 0x0,
    0x9, 0xff, 0x0, 0x0, 0x0, 0x2, 0xff, 0x50,
    0x0, 0x0, 0x0, 0xef, 0x90, 0x0, 0x0, 0x0,
    0xbf, 0xc0, 0x0, 0x0, 0x0, 0xaf, 0xe0, 0x0,
    0x0, 0x0, 0xaf, 0xf0, 0x0, 0x0, 0x0, 0xaf,
    0xf0, 0x0, 0x0, 0x0, 0xaf, 0xe0, 0x0, 0x0,
    0x0, 0xbf, 0xc0, 0x0, 0x0, 0x0, 0xef, 0x90,
    0x0, 0x0, 0x3, 0xff, 0x40, 0x0, 0x0, 0x9,
    0xfe, 0x0, 0x0, 0x0, 0x1f, 0xf8, 0x0, 0x0,
    0x0, 0xbf, 0xe0, 0x0, 0x0, 0x8, 0xff, 0x40,
    0x0, 0x0, 0x5f, 0xf9, 0x0, 0x0, 0x7, 0xff,
    0x90, 0x0, 0x0,

    /* U+002A "*" */
    0x0, 0x0, 0x2, 0xff, 0x80, 0x0, 0x0, 0x0,
    0x0, 0x2, 0xff, 0x80, 0x0, 0x0, 0x0, 0x0,
    0x2, 0xff, 0x80, 0x0, 0x0, 0x7, 0x83, 0x2,
    0xff, 0x80, 0x16, 0xb0, 0xd, 0xff, 0xd9, 0xff,
    0xba, 0xff, 0xf3, 0xd, 0xff, 0xff, 0xff, 0xff,
    0xff, 0xf5, 0x0, 0x28, 0xef, 0xff, 0xff, 0xa5,
    0x0, 0x0, 0x0, 0x3f, 0xff, 0xf9, 0x0, 0x0,
    0x0, 0x0, 0xdf, 0xfe, 0xff, 0x40, 0x0, 0x0,
    0xa, 0xff, 0x82, 0xff, 0xe1, 0x0, 0x0, 0x6f,
    0xfd, 0x0, 0x7f, 0xfc, 0x0, 0x0, 0x2c, 0xf2,
    0x0, 0xb, 0xe5, 0x0, 0x0, 0x0, 0x30, 0x0,
    0x1, 0x10, 0x0,

    /* U+002B "+" */
    0x0, 0x0, 0x2f, 0xf8, 0x0, 0x0, 0x0, 0x0,
    0x2f, 0xf8, 0x0, 0x0, 0x0, 0x0, 0x2f, 0xf8,
    0x0, 0x0, 0x0, 0x0, 0x2f, 0xf8, 0x0, 0x0,
    0x0, 0x0, 0x2f, 0xf8, 0x0, 0x0, 0x8f, 0xff,
    0xff, 0xff, 0xff, 0xfe, 0x8f, 0xff, 0xff, 0xff,
    0xff, 0xfe, 0x48, 0x88, 0x9f, 0xfc, 0x88, 0x87,
    0x0, 0x0, 0x2f, 0xf8, 0x0, 0x0, 0x0, 0x0,
    0x2f, 0xf8, 0x0, 0x0, 0x0, 0x0, 0x2f, 0xf8,
    0x0, 0x0, 0x0, 0x0, 0x2f, 0xf8, 0x0, 0x0,

    /* U+002C "," */
    0x4, 0xaa, 0xa6, 0x8, 0xff, 0xf5, 0xb, 0xff,
    0xe0, 0xe, 0xff, 0x70, 0x1f, 0xff, 0x10, 0x4f,
    0xfa, 0x0, 0x6f, 0xf4, 0x0, 0x9f, 0xd0, 0x0,

    /* U+002D "-" */
    0x1, 0x11, 0x11, 0x11, 0x8f, 0xff, 0xff, 0xfe,
    0x8f, 0xff, 0xff, 0xfe, 0x8f, 0xff, 0xff, 0xfe,

    /* U+002E "." */
    0x0, 0x56, 0x20, 0xd, 0xff, 0xf3, 0x1f, 0xff,
    0xf7, 0xf, 0xff, 0xf6, 0x6, 0xef, 0xb0,

    /* U+002F "/" */
    0x0, 0x0, 0x0, 0x0, 0x6f, 0xf5, 0x0, 0x0,
    0x0, 0x0, 0xcf, 0xf0, 0x0, 0x0, 0x0, 0x2,
    0xff, 0xa0, 0x0, 0x0, 0x0, 0x7, 0xff, 0x40,
    0x0, 0x0, 0x0, 0xd, 0xfe, 0x0, 0x0, 0x0,
    0x0, 0x3f, 0xf8, 0x0, 0x0, 0x0, 0x0, 0x9f,
    0xf3, 0x0, 0x0, 0x0, 0x0, 0xef, 0xd0, 0x0,
    0x0, 0x0, 0x4, 0xff, 0x70, 0x0, 0x0, 0x0,
    0xa, 0xff, 0x10, 0x0, 0x0, 0x0, 0xf, 0xfc,
    0x0, 0x0, 0x0, 0x0, 0x5f, 0xf6, 0x0, 0x0,
    0x0, 0x0, 0xbf, 0xf1, 0x0, 0x0, 0x0, 0x1,
    0xff, 0xa0, 0x0, 0x0, 0x0, 0x7, 0xff, 0x50,
    0x0, 0x0, 0x0, 0xc, 0xfe, 0x0, 0x0, 0x0,
    0x0, 0x2f, 0xf9, 0x0, 0x0, 0x0, 0x0, 0x8f,
    0xf3, 0x0, 0x0, 0x0, 0x0, 0xdf, 0xe0, 0x0,
    0x0, 0x0, 0x3, 0xff, 0x80, 0x0, 0x0, 0x0,
    0x9, 0xff, 0x20, 0x0, 0x0, 0x0, 0xe, 0xfc,
    0x0, 0x0, 0x0, 0x0,

    /* U+0030 "0" */
    0x0, 0x0, 0x7c, 0xef, 0xd9, 0x20, 0x0, 0x0,
    0x1d, 0xff, 0xff, 0xff, 0xf5, 0x0, 0x0, 0xbf,
    0xff, 0xaa, 0xdf, 0xff, 0x20, 0x4, 0xff, 0xe1,
    0x0, 0x9, 0xff, 0xa0, 0xa, 0xff, 0x70, 0x0,
    0x1, 0xff, 0xf0, 0xd, 0xff, 0x30, 0x0, 0x0,
    0xdf, 0xf3, 0xf, 0xff, 0x10, 0x0, 0x0, 0xbf,
    0xf6, 0x1f, 0xff, 0x11, 0xdf, 0x60, 0xaf, 0xf7,
    0x2f, 0xff, 0x14, 0xff, 0xa0, 0xaf, 0xf8, 0x1f,
    0xff, 0x11, 0xcd, 0x50, 0xaf, 0xf7, 0xf, 0xff,
    0x10, 0x0, 0x0, 0xbf, 0xf6, 0xd, 0xff, 0x30,
    0x0, 0x0, 0xdf, 0xf3, 0xa, 0xff, 0x70, 0x0,
    0x1, 0xff, 0xf0, 0x4, 0xff, 0xe1, 0x0, 0x9,
    0xff, 0xa0, 0x0, 0xbf, 0xff, 0xaa, 0xdf, 0xff,
    0x20, 0x0, 0x1d, 0xff, 0xff, 0xff, 0xf5, 0x0,
    0x0, 0x0, 0x7c, 0xef, 0xe9, 0x20, 0x0,

    /* U+0031 "1" */
    0x0, 0x0, 0x4f, 0xff, 0xff, 0x0, 0x0, 0x0,
    0x2, 0xff, 0xff, 0xff, 0x0, 0x0, 0x0, 0x1d,
    0xff, 0xaf, 0xff, 0x0, 0x0, 0x0, 0xcf, 0xf9,
    0x3f, 0xff, 0x0, 0x0, 0x9, 0xff, 0xb0, 0x3f,
    0xff, 0x0, 0x0, 0x7, 0xfd, 0x10, 0x3f, 0xff,
    0x0, 0x0, 0x0, 0x52, 0x0, 0x3f, 0xff, 0x0,
    0x0, 0x0, 0x0, 0x0, 0x3f, 0xff, 0x0, 0x0,
    0x0, 0x0, 0x0, 0x3f, 0xff, 0x0, 0x0, 0x0,
    0x0, 0x0, 0x3f, 0xff, 0x0, 0x0, 0x0, 0x0,
    0x0, 0x3f, 0xff, 0x0, 0x0, 0x0, 0x0, 0x0,
    0x3f, 0xff, 0x0, 0x0, 0x0, 0x0, 0x0, 0x3f,
    0xff, 0x0, 0x0, 0x0, 0x0, 0x0, 0x3f, 0xff,
    0x0, 0x0, 0x0, 0x8a, 0xaa, 0xbf, 0xff, 0xaa,
    0xa7, 0x0, 0xdf, 0xff, 0xff, 0xff, 0xff, 0xfb,
    0x0, 0xdf, 0xff, 0xff, 0xff, 0xff, 0xfb,

    /* U+0032 "2" */
    0x0, 0x18, 0xcf, 0xfd, 0x92, 0x0, 0x0, 0x2e,
    0xff, 0xff, 0xff, 0xf5, 0x0, 0x1e, 0xff, 0xfd,
    0xef, 0xff, 0xf2, 0x8, 0xff, 0xd2, 0x0, 0x4f,
    0xff, 0x80, 0x5b, 0xf2, 0x0, 0x0, 0xbf, 0xfb,
    0x0, 0x1, 0x0, 0x0, 0x9, 0xff, 0xb0, 0x0,
    0x0, 0x0, 0x0, 0xcf, 0xf8, 0x0, 0x0, 0x0,
    0x0, 0x5f, 0xff, 0x10, 0x0, 0x0, 0x0, 0x3f,
    0xff, 0x60, 0x0, 0x0, 0x0, 0x4f, 0xff, 0x80,
    0x0, 0x0, 0x0, 0x6f, 0xff, 0x70, 0x0, 0x0,
    0x0, 0x9f, 0xff, 0x50, 0x0, 0x0, 0x1, 0xbf,
    0xfd, 0x20, 0x0, 0x0, 0x2, 0xdf, 0xfb, 0x10,
    0x0, 0x0, 0x0, 0x9f, 0xff, 0xbb, 0xbb, 0xbb,
    0xbb, 0x29, 0xff, 0xff, 0xff, 0xff, 0xff, 0xf3,
    0x9f, 0xff, 0xff, 0xff, 0xff, 0xff, 0x30,

    /* U+0033 "3" */
    0x0, 0x2, 0x8d, 0xff, 0xda, 0x40, 0x0, 0x0,
    0x6f, 0xff, 0xff, 0xff, 0xf9, 0x0, 0x5, 0xff,
    0xfe, 0xbb, 0xff, 0xff, 0x60, 0x0, 0xaf, 0x50,
    0x0, 0x1d, 0xff, 0xb0, 0x0, 0x1, 0x0, 0x0,
    0x9, 0xff, 0xa0, 0x0, 0x0, 0x0, 0x0, 0x1d,
    0xff, 0x50, 0x0, 0x0, 0x1b, 0xbc, 0xff, 0xf7,
    0x0, 0x0, 0x0, 0x2f, 0xff, 0xfd, 0x30, 0x0,
    0x0, 0x0, 0x2f, 0xff, 0xff, 0xf6, 0x0, 0x0,
    0x0, 0x0, 0x1, 0x7f, 0xff, 0x50, 0x0, 0x0,
    0x0, 0x0, 0x7, 0xff, 0xd0, 0x0, 0x0, 0x0,
    0x0, 0x4, 0xff, 0xf0, 0x0, 0x97, 0x0, 0x0,
    0x6, 0xff, 0xf0, 0xc, 0xff, 0x60, 0x0, 0x1d,
    0xff, 0xc0, 0xb, 0xff, 0xfd, 0xbc, 0xff, 0xff,
    0x40, 0x0, 0xbf, 0xff, 0xff, 0xff, 0xf6, 0x0,
    0x0, 0x4, 0xbe, 0xff, 0xd8, 0x20, 0x0,

    /* U+0034 "4" */
    0x0, 0x0, 0x0, 0xc, 0xff, 0xf6, 0x0, 0x0,
    0x0, 0x0, 0x7f, 0xff, 0xf6, 0x0, 0x0, 0x0,
    0x1, 0xff, 0xff, 0xf6, 0x0, 0x0, 0x0, 0xb,
    0xfe, 0xaf, 0xf6, 0x0, 0x0, 0x0, 0x5f, 0xf5,
    0x9f, 0xf6, 0x0, 0x0, 0x1, 0xef, 0xb0, 0x9f,
    0xf6, 0x0, 0x0, 0x9, 0xff, 0x10, 0x9f, 0xf6,
    0x0, 0x0, 0x4f, 0xf6, 0x0, 0x9f, 0xf6, 0x0,
    0x0, 0xdf, 0xc0, 0x0, 0x9f, 0xf6, 0x0, 0x8,
    0xff, 0x30, 0x0, 0x9f, 0xf6, 0x0, 0x2f, 0xf8,
    0x0, 0x0, 0x9f, 0xf6, 0x0, 0x5f, 0xff, 0xff,
    0xff, 0xff, 0xff, 0xfb, 0x5f, 0xff, 0xff, 0xff,
    0xff, 0xff, 0xfb, 0x28, 0x88, 0x88, 0x88, 0xcf,
    0xfb, 0x85, 0x0, 0x0, 0x0, 0x0, 0x9f, 0xf6,
    0x0, 0x0, 0x0, 0x0, 0x0, 0x9f, 0xf6, 0x0,
    0x0, 0x0, 0x0, 0x0, 0x9f, 0xf6, 0x0,

    /* U+0035 "5" */
    0x9, 0xff, 0xff, 0xff, 0xff, 0xf7, 0x0, 0xaf,
    0xff, 0xff, 0xff, 0xff, 0x70, 0xc, 0xff, 0xdd,
    0xdd, 0xdd, 0xd5, 0x0, 0xdf, 0xb0, 0x0, 0x0,
    0x0, 0x0, 0xe, 0xf9, 0x0, 0x0, 0x0, 0x0,
    0x0, 0xff, 0x80, 0x38, 0x97, 0x10, 0x0, 0xf,
    0xf7, 0x7f, 0xff, 0xff, 0x70, 0x1, 0xff, 0xaf,
    0xff, 0xff, 0xff, 0x60, 0x2f, 0xff, 0x71, 0x4,
    0xef, 0xfe, 0x0, 0x3, 0x20, 0x0, 0x4, 0xff,
    0xf3, 0x0, 0x0, 0x0, 0x0, 0xf, 0xff, 0x50,
    0x0, 0x0, 0x0, 0x0, 0xff, 0xf5, 0x4, 0xd0,
    0x0, 0x0, 0x2f, 0xff, 0x26, 0xff, 0xc1, 0x0,
    0xb, 0xff, 0xd0, 0x4f, 0xff, 0xfb, 0xbe, 0xff,
    0xf5, 0x0, 0x5f, 0xff, 0xff, 0xff, 0xf7, 0x0,
    0x0, 0x18, 0xde, 0xfd, 0x92, 0x0, 0x0,

    /* U+0036 "6" */
    0x0, 0x0, 0x7, 0xff, 0xfa, 0x10, 0x0, 0x0,
    0xa, 0xff, 0xf5, 0x0, 0x0, 0x0, 0xa, 0xff,
    0xe2, 0x0, 0x0, 0x0, 0x7, 0xff, 0xd1, 0x0,
    0x0, 0x0, 0x2, 0xff, 0xf2, 0x0, 0x0, 0x0,
    0x0, 0xaf, 0xf6, 0x15, 0x75, 0x10, 0x0, 0x2f,
    0xfd, 0x4e, 0xff, 0xff, 0x60, 0x7, 0xff, 0xaf,
    0xff, 0xff, 0xff, 0x50, 0xbf, 0xff, 0x81, 0x4,
    0xdf, 0xfe, 0xd, 0xff, 0xb0, 0x0, 0x3, 0xff,
    0xf3, 0xdf, 0xf6, 0x0, 0x0, 0xe, 0xff, 0x6d,
    0xff, 0x50, 0x0, 0x0, 0xdf, 0xf6, 0xaf, 0xf8,
    0x0, 0x0, 0xf, 0xff, 0x35, 0xff, 0xe1, 0x0,
    0x8, 0xff, 0xe0, 0xc, 0xff, 0xfa, 0x9c, 0xff,
    0xf6, 0x0, 0x1d, 0xff, 0xff, 0xff, 0xf8, 0x0,
    0x0, 0x6, 0xcf, 0xfe, 0xa3, 0x0, 0x0,

    /* U+0037 "7" */
    0xbf, 0xff, 0xff, 0xff, 0xff, 0xff, 0x1b, 0xff,
    0xff, 0xff, 0xff, 0xff, 0xf1, 0xbf, 0xfa, 0xaa,
    0xaa, 0xaf, 0xff, 0x1b, 0xff, 0x0, 0x0, 0x6,
    0xff, 0xd0, 0xbf, 0xf0, 0x0, 0x0, 0xcf, 0xf6,
    0x8, 0xbb, 0x0, 0x0, 0x3f, 0xff, 0x0, 0x0,
    0x0, 0x0, 0x9, 0xff, 0x90, 0x0, 0x0, 0x0,
    0x1, 0xff, 0xf3, 0x0, 0x0, 0x0, 0x0, 0x7f,
    0xfc, 0x0, 0x0, 0x0, 0x0, 0xd, 0xff, 0x60,
    0x0, 0x0, 0x0, 0x4, 0xff, 0xe0, 0x0, 0x0,
    0x0, 0x0, 0xbf, 0xf8, 0x0, 0x0, 0x0, 0x0,
    0x2f, 0xff, 0x20, 0x0, 0x0, 0x0, 0x8, 0xff,
    0xb0, 0x0, 0x0, 0x0, 0x0, 0xef, 0xf5, 0x0,
    0x0, 0x0, 0x0, 0x5f, 0xfe, 0x0, 0x0, 0x0,
    0x0, 0xc, 0xff, 0x80, 0x0, 0x0, 0x0,

    /* U+0038 "8" */
    0x0, 0x29, 0xdf, 0xfe, 0xb6, 0x0, 0x0, 0x6f,
    0xff, 0xff, 0xff, 0xfc, 0x0, 0x2f, 0xff, 0xd9,
    0x8b, 0xff, 0xf8, 0x6, 0xff, 0xc0, 0x0, 0x6,
    0xff, 0xd0, 0x6f, 0xf8, 0x0, 0x0, 0x1f, 0xfd,
    0x2, 0xff, 0xb0, 0x0, 0x5, 0xff, 0x80, 0x6,
    0xff, 0xc7, 0x69, 0xff, 0xc0, 0x0, 0x3, 0xdf,
    0xff, 0xff, 0x70, 0x0, 0x4, 0xdf, 0xff, 0xff,
    0xff, 0x80, 0x3, 0xff, 0xf6, 0x10, 0x3c, 0xff,
    0x90, 0xbf, 0xf7, 0x0, 0x0, 0x1f, 0xff, 0x2e,
    0xff, 0x40, 0x0, 0x0, 0xef, 0xf5, 0xef, 0xf5,
    0x0, 0x0, 0xf, 0xff, 0x5b, 0xff, 0xc0, 0x0,
    0x6, 0xff, 0xf2, 0x4f, 0xff, 0xe9, 0x8b, 0xff,
    0xfa, 0x0, 0x6f, 0xff, 0xff, 0xff, 0xfb, 0x0,
    0x0, 0x29, 0xdf, 0xfe, 0xb5, 0x0, 0x0,

    /* U+0039 "9" */
    0x0, 0x1, 0x8c, 0xff, 0xd9, 0x20, 0x0, 0x0,
    0x3e, 0xff, 0xff, 0xff, 0xf5, 0x0, 0x1, 0xef,
    0xfe, 0xa9, 0xdf, 0xff, 0x30, 0x9, 0xff, 0xd1,
    0x0, 0x9, 0xff, 0xb0, 0xe, 0xff, 0x50, 0x0,
    0x1, 0xff, 0xf0, 0xf, 0xff, 0x30, 0x0, 0x0,
    0xff, 0xf3, 0xf, 0xff, 0x50, 0x0, 0x1, 0xff,
    0xf4, 0xc, 0xff, 0xc0, 0x0, 0x8, 0xff, 0xf3,
    0x5, 0xff, 0xfd, 0x98, 0xcd, 0xff, 0xf1, 0x0,
    0xaf, 0xff, 0xff, 0xf7, 0xff, 0xd0, 0x0, 0x6,
    0xcf, 0xeb, 0x3a, 0xff, 0x80, 0x0, 0x0, 0x0,
    0x0, 0x3f, 0xff, 0x10, 0x0, 0x0, 0x0, 0x0,
    0xdf, 0xf8, 0x0, 0x0, 0x0, 0x0, 0xc, 0xff,
    0xd0, 0x0, 0x0, 0x0, 0x1, 0xcf, 0xfe, 0x20,
    0x0, 0x0, 0x0, 0x2d, 0xff, 0xe2, 0x0, 0x0,
    0x0, 0x6, 0xff, 0xfc, 0x10, 0x0, 0x0,

    /* U+003A ":" */
    0x6, 0xef, 0xb0, 0xf, 0xff, 0xf6, 0x1f, 0xff,
    0xf7, 0xd, 0xff, 0xf3, 0x1, 0x67, 0x30, 0x0,
    0x0, 0x0, 0x0, 0x0, 0x0, 0x0, 0x0, 0x0,
    0x0, 0x56, 0x20, 0xd, 0xff, 0xf3, 0x1f, 0xff,
    0xf7, 0xf, 0xff, 0xf6, 0x6, 0xef, 0xb0,

    /* U+003B ";" */
    0x6, 0xef, 0xb0, 0xf, 0xff, 0xf6, 0x1f, 0xff,
    0xf7, 0xd, 0xff, 0xf3, 0x1, 0x67, 0x30, 0x0,
    0x0, 0x0, 0x0, 0x0, 0x0, 0x0, 0x0, 0x0,
    0x0, 0x0, 0x0, 0x6, 0xff, 0xf9, 0x9, 0xff,
    0xf2, 0xc, 0xff, 0xc0, 0xf, 0xff, 0x50, 0x2f,
    0xfe, 0x0, 0x4f, 0xf8, 0x0, 0x7f, 0xf2, 0x0,
    0x6a, 0x80, 0x0,

    /* U+003C "<" */
    0x0, 0x0, 0x0, 0x0, 0x4, 0x30, 0x0, 0x0,
    0x0, 0x3b, 0xf5, 0x0, 0x0, 0x1, 0x9f, 0xff,
    0x50, 0x0, 0x7, 0xff, 0xff, 0xa1, 0x0, 0x5e,
    0xff, 0xfc, 0x30, 0x3, 0xcf, 0xff, 0xe5, 0x0,
    0x0, 0xff, 0xff, 0x70, 0x0, 0x0, 0xf, 0xff,
    0x20, 0x0, 0x0, 0x0, 0xff, 0xff, 0x70, 0x0,
    0x0, 0x3, 0xcf, 0xff, 0xe5, 0x0, 0x0, 0x0,
    0x5e, 0xff, 0xfc, 0x40, 0x0, 0x0, 0x7, 0xff,
    0xff, 0xb1, 0x0, 0x0, 0x1, 0x9f, 0xff, 0x50,
    0x0, 0x0, 0x0, 0x2b, 0xf5, 0x0, 0x0, 0x0,
    0x0, 0x4, 0x30,

    /* U+003D "=" */
    0x8f, 0xff, 0xff, 0xff, 0xff, 0xfe, 0x8f, 0xff,
    0xff, 0xff, 0xff, 0xfe, 0x48, 0x88, 0x88, 0x88,
    0x88, 0x87, 0x0, 0x0, 0x0, 0x0, 0x0, 0x0,
    0x0, 0x0, 0x0, 0x0, 0x0, 0x0, 0x48, 0x88,
    0x88, 0x88, 0x88, 0x87, 0x8f, 0xff, 0xff, 0xff,
    0xff, 0xfe, 0x8f, 0xff, 0xff, 0xff, 0xff, 0xfe,

    /* U+003E ">" */
    0x80, 0x0, 0x0, 0x0, 0x0, 0xf, 0xe6, 0x0,
    0x0, 0x0, 0x0, 0xff, 0xfd, 0x40, 0x0, 0x0,
    0x7, 0xef, 0xff, 0xb2, 0x0, 0x0, 0x1, 0x9f,
    0xff, 0xf9, 0x10, 0x0, 0x0, 0x2a, 0xff, 0xff,
    0x70, 0x0, 0x0, 0x3, 0xcf, 0xff, 0x50, 0x0,
    0x0, 0x0, 0xbf, 0xf5, 0x0, 0x0, 0x4, 0xcf,
    0xff, 0x50, 0x0, 0x2b, 0xff, 0xff, 0x70, 0x1,
    0x9f, 0xff, 0xf9, 0x10, 0x7, 0xff, 0xff, 0xb2,
    0x0, 0x0, 0xff, 0xfd, 0x40, 0x0, 0x0, 0xf,
    0xe6, 0x0, 0x0, 0x0, 0x0, 0x70, 0x0, 0x0,
    0x0, 0x0, 0x0,

    /* U+003F "?" */
    0x0, 0x7, 0xdf, 0xfd, 0x92, 0x0, 0x1, 0xdf,
    0xff, 0xff, 0xff, 0x40, 0xc, 0xff, 0xfc, 0xcf,
    0xff, 0xe1, 0x3f, 0xfd, 0x10, 0x2, 0xff, 0xf6,
    0x1, 0x73, 0x0, 0x0, 0xcf, 0xf8, 0x0, 0x0,
    0x0, 0x0, 0xdf, 0xf6, 0x0, 0x0, 0x0, 0x2a,
    0xff, 0xf1, 0x0, 0x0, 0xae, 0xff, 0xff, 0x40,
    0x0, 0x0, 0xcf, 0xfe, 0x91, 0x0, 0x0, 0x0,
    0xcf, 0xf2, 0x0, 0x0, 0x0, 0x0, 0xcf, 0xf2,
    0x0, 0x0, 0x0, 0x0, 0x0, 0x0, 0x0, 0x0,
    0x0, 0x0, 0x3, 0x20, 0x0, 0x0, 0x0, 0x2,
    0xef, 0xf8, 0x0, 0x0, 0x0, 0x6, 0xff, 0xfe,
    0x0, 0x0, 0x0, 0x6, 0xff, 0xfd, 0x0, 0x0,
    0x0, 0x0, 0xbf, 0xe5, 0x0, 0x0,

    /* U+0040 "@" */
    0x0, 0x6, 0xce, 0xfe, 0xa3, 0x0, 0x0, 0xc,
    0xff, 0xff, 0xff, 0xf6, 0x0, 0x9, 0xff, 0x93,
    0x24, 0xaf, 0xf3, 0x1, 0xff, 0x70, 0x0, 0x0,
    0xaf, 0xb0, 0x5f, 0xf0, 0x3, 0xdf, 0xa5, 0xff,
    0x9, 0xfb, 0x1, 0xff, 0xff, 0xbf, 0xf0, 0xbf,
    0x90, 0x6f, 0xf2, 0x9, 0xff, 0x1d, 0xf8, 0x9,
    0xfc, 0x0, 0x3f, 0xf1, 0xef, 0x80, 0xbf, 0xb0,
    0x3, 0xff, 0x1e, 0xf8, 0xb, 0xfb, 0x0, 0x3f,
    0xf1, 0xef, 0x80, 0xbf, 0xb0, 0x3, 0xff, 0x1d,
    0xf8, 0x9, 0xfc, 0x0, 0x4f, 0xf1, 0xbf, 0x90,
    0x6f, 0xf4, 0xa, 0xff, 0x19, 0xfb, 0x0, 0xef,
    0xff, 0xaf, 0xf1, 0x5f, 0xf1, 0x2, 0xbd, 0x92,
    0xaa, 0x0, 0xef, 0x90, 0x0, 0x0, 0x0, 0x0,
    0x7, 0xff, 0xa3, 0x0, 0x0, 0x0, 0x0, 0x9,
    0xff, 0xff, 0xff, 0xc0, 0x0, 0x0, 0x4, 0xbf,
    0xff, 0xfc, 0x0, 0x0, 0x0, 0x0, 0x0, 0x11,
    0x10, 0x0,

    /* U+0041 "A" */
    0x0, 0x0, 0x1f, 0xff, 0xf8, 0x0, 0x0, 0x0,
    0x0, 0x6, 0xff, 0xff, 0xc0, 0x0, 0x0, 0x0,
    0x0, 0xaf, 0xff, 0xff, 0x10, 0x0, 0x0, 0x0,
    0xf, 0xfe, 0xaf, 0xf5, 0x0, 0x0, 0x0, 0x3,
    0xff, 0xa6, 0xff, 0xa0, 0x0, 0x0, 0x0, 0x8f,
    0xf5, 0x1f, 0xfe, 0x0, 0x0, 0x0, 0xc, 0xff,
    0x10, 0xdf, 0xf3, 0x0, 0x0, 0x1, 0xff, 0xd0,
    0x9, 0xff, 0x70, 0x0, 0x0, 0x5f, 0xf9, 0x0,
    0x5f, 0xfb, 0x0, 0x0, 0x9, 0xff, 0x50, 0x1,
    0xff, 0xf0, 0x0, 0x0, 0xef, 0xff, 0xff, 0xff,
    0xff, 0x40, 0x0, 0x2f, 0xff, 0xff, 0xff, 0xff,
    0xf9, 0x0, 0x7, 0xff, 0xda, 0xaa, 0xac, 0xff,
    0xd0, 0x0, 0xbf, 0xf6, 0x0, 0x0, 0x2f, 0xff,
    0x20, 0xf, 0xff, 0x20, 0x0, 0x0, 0xef, 0xf6,
    0x4, 0xff, 0xe0, 0x0, 0x0, 0xa, 0xff, 0xb0,
    0x8f, 0xf9, 0x0, 0x0, 0x0, 0x5f, 0xff, 0x0,

    /* U+0042 "B" */
    0x1f, 0xff, 0xff, 0xff, 0xc6, 0x0, 0x1, 0xff,
    0xff, 0xff, 0xff, 0xfa, 0x0, 0x1f, 0xff, 0x55,
    0x6a, 0xff, 0xf5, 0x1, 0xff, 0xf0, 0x0, 0xb,
    0xff, 0x90, 0x1f, 0xff, 0x0, 0x0, 0x8f, 0xfa,
    0x1, 0xff, 0xf0, 0x0, 0x9, 0xff, 0x80, 0x1f,
    0xff, 0x0, 0x4, 0xff, 0xe1, 0x1, 0xff, 0xff,
    0xff, 0xff, 0x91, 0x0, 0x1f, 0xff, 0xff, 0xff,
    0xfd, 0x50, 0x1, 0xff, 0xf3, 0x34, 0x6d, 0xff,
    0x60, 0x1f, 0xff, 0x0, 0x0, 0x2f, 0xff, 0x1,
    0xff, 0xf0, 0x0, 0x0, 0xff, 0xf2, 0x1f, 0xff,
    0x0, 0x0, 0xf, 0xff, 0x31, 0xff, 0xf0, 0x0,
    0x3, 0xff, 0xf1, 0x1f, 0xff, 0x55, 0x58, 0xef,
    0xfb, 0x1, 0xff, 0xff, 0xff, 0xff, 0xfe, 0x10,
    0x1f, 0xff, 0xff, 0xff, 0xe9, 0x10, 0x0,

    /* U+0043 "C" */
    0x0, 0x4, 0xae, 0xfe, 0xb5, 0x0, 0x0, 0x8,
    0xff, 0xff, 0xff, 0xfa, 0x0, 0x5, 0xff, 0xfd,
    0xad, 0xff, 0xf7, 0x0, 0xef, 0xf8, 0x0, 0x7,
    0xff, 0xe0, 0x4f, 0xff, 0x0, 0x0, 0xd, 0xfb,
    0x28, 0xff, 0xb0, 0x0, 0x0, 0x10, 0x0, 0xaf,
    0xf9, 0x0, 0x0, 0x0, 0x0, 0xb, 0xff, 0x80,
    0x0, 0x0, 0x0, 0x0, 0xcf, 0xf8, 0x0, 0x0,
    0x0, 0x0, 0xb, 0xff, 0x80, 0x0, 0x0, 0x0,
    0x0, 0xaf, 0xf9, 0x0, 0x0, 0x0, 0x0, 0x8,
    0xff, 0xb0, 0x0, 0x0, 0x10, 0x0, 0x4f, 0xff,
    0x0, 0x0, 0xd, 0xfb, 0x20, 0xef, 0xf8, 0x0,
    0x7, 0xff, 0xe0, 0x6, 0xff, 0xfd, 0xac, 0xff,
    0xf7, 0x0, 0x9, 0xff, 0xff, 0xff, 0xfa, 0x0,
    0x0, 0x4, 0xae, 0xfe, 0xb5, 0x0, 0x0,

    /* U+0044 "D" */
    0x4f, 0xff, 0xff, 0xfd, 0x81, 0x0, 0x4, 0xff,
    0xff, 0xff, 0xff, 0xe3, 0x0, 0x4f, 0xfe, 0x99,
    0xaf, 0xff, 0xe1, 0x4, 0xff, 0xd0, 0x0, 0x1d,
    0xff, 0x80, 0x4f, 0xfd, 0x0, 0x0, 0x5f, 0xfe,
    0x4, 0xff, 0xd0, 0x0, 0x0, 0xff, 0xf2, 0x4f,
    0xfd, 0x0, 0x0, 0xe, 0xff, 0x44, 0xff, 0xd0,
    0x0, 0x0, 0xef, 0xf5, 0x4f, 0xfd, 0x0, 0x0,
    0xe, 0xff, 0x64, 0xff, 0xd0, 0x0, 0x0, 0xef,
    0xf5, 0x4f, 0xfd, 0x0, 0x0, 0xe, 0xff, 0x44,
    0xff, 0xd0, 0x0, 0x0, 0xff, 0xf2, 0x4f, 0xfd,
    0x0, 0x0, 0x5f, 0xfe, 0x4, 0xff, 0xd0, 0x0,
    0x1d, 0xff, 0x80, 0x4f, 0xfe, 0x99, 0xaf, 0xff,
    0xe1, 0x4, 0xff, 0xff, 0xff, 0xff, 0xe3, 0x0,
    0x4f, 0xff, 0xff, 0xfd, 0x81, 0x0, 0x0,

    /* U+0045 "E" */
    0xf, 0xff, 0xff, 0xff, 0xff, 0xf9, 0xf, 0xff,
    0xff, 0xff, 0xff, 0xf9, 0xf, 0xff, 0xba, 0xaa,
    0xaa, 0xa6, 0xf, 0xff, 0x20, 0x0, 0x0, 0x0,
    0xf, 0xff, 0x20, 0x0, 0x0, 0x0, 0xf, 0xff,
    0x20, 0x0, 0x0, 0x0, 0xf, 0xff, 0x20, 0x0,
    0x0, 0x0, 0xf, 0xff, 0xff, 0xff, 0xff, 0xf5,
    0xf, 0xff, 0xff, 0xff, 0xff, 0xf5, 0xf, 0xff,
    0xba, 0xaa, 0xaa, 0xa3, 0xf, 0xff, 0x20, 0x0,
    0x0, 0x0, 0xf, 0xff, 0x20, 0x0, 0x0, 0x0,
    0xf, 0xff, 0x20, 0x0, 0x0, 0x0, 0xf, 0xff,
    0x20, 0x0, 0x0, 0x0, 0xf, 0xff, 0xba, 0xaa,
    0xaa, 0xa6, 0xf, 0xff, 0xff, 0xff, 0xff, 0xf9,
    0xf, 0xff, 0xff, 0xff, 0xff, 0xf9,

    /* U+0046 "F" */
    0xf, 0xff, 0xff, 0xff, 0xff, 0xff, 0xf, 0xff,
    0xff, 0xff, 0xff, 0xff, 0xf, 0xff, 0xba, 0xaa,
    0xaa, 0xa9, 0xf, 0xff, 0x20, 0x0, 0x0, 0x0,
    0xf, 0xff, 0x20, 0x0, 0x0, 0x0, 0xf, 0xff,
    0x20, 0x0, 0x0, 0x0, 0xf, 0xff, 0x20, 0x0,
    0x0, 0x0, 0xf, 0xff, 0xff, 0xff, 0xff, 0xf2,
    0xf, 0xff, 0xff, 0xff, 0xff, 0xf2, 0xf, 0xff,
    0xba, 0xaa, 0xaa, 0xa1, 0xf, 0xff, 0x20, 0x0,
    0x0, 0x0, 0xf, 0xff, 0x20, 0x0, 0x0, 0x0,
    0xf, 0xff, 0x20, 0x0, 0x0, 0x0, 0xf, 0xff,
    0x20, 0x0, 0x0, 0x0, 0xf, 0xff, 0x20, 0x0,
    0x0, 0x0, 0xf, 0xff, 0x20, 0x0, 0x0, 0x0,
    0xf, 0xff, 0x20, 0x0, 0x0, 0x0,

    /* U+0047 "G" */
    0x0, 0x0, 0x6c, 0xef, 0xea, 0x20, 0x0, 0x0,
    0xcf, 0xff, 0xff, 0xff, 0x40, 0x0, 0xaf, 0xff,
    0xcb, 0xef, 0xff, 0x20, 0x2f, 0xff, 0x40, 0x1,
    0xcf, 0xf9, 0x7, 0xff, 0xc0, 0x0, 0x3, 0xea,
    0x60, 0xbf, 0xf7, 0x0, 0x0, 0x0, 0x0, 0xe,
    0xff, 0x50, 0x0, 0x0, 0x0, 0x0, 0xff, 0xf5,
    0x0, 0x55, 0x55, 0x54, 0xf, 0xff, 0x50, 0xf,
    0xff, 0xff, 0xe0, 0xff, 0xf5, 0x0, 0xff, 0xff,
    0xfe, 0xe, 0xff, 0x60, 0x0, 0x0, 0xef, 0xe0,
    0xcf, 0xf7, 0x0, 0x0, 0xe, 0xfe, 0x9, 0xff,
    0xc0, 0x0, 0x1, 0xff, 0xe0, 0x4f, 0xff, 0x50,
    0x0, 0xaf, 0xfe, 0x0, 0xdf, 0xff, 0xba, 0xdd,
    0xef, 0xe0, 0x3, 0xff, 0xff, 0xff, 0x3e, 0xfe,
    0x0, 0x2, 0xae, 0xfb, 0x30, 0xef, 0xe0,

    /* U+0048 "H" */
    0x6f, 0xfc, 0x0, 0x0, 0x5f, 0xfc, 0x6f, 0xfc,
    0x0, 0x0, 0x5f, 0xfc, 0x6f, 0xfc, 0x0, 0x0,
    0x5f, 0xfc, 0x6f, 0xfc, 0x0, 0x0, 0x5f, 0xfc,
    0x6f, 0xfc, 0x0, 0x0, 0x5f, 0xfc, 0x6f, 0xfc,
    0x0, 0x0, 0x5f, 0xfc, 0x6f, 0xfc, 0x0, 0x0,
    0x5f, 0xfc, 0x6f, 0xff, 0xff, 0xff, 0xff, 0xfc,
    0x6f, 0xff, 0xff, 0xff, 0xff, 0xfc, 0x6f, 0xfe,
    0xaa, 0xaa, 0xcf, 0xfc, 0x6f, 0xfc, 0x0, 0x0,
    0x5f, 0xfc, 0x6f, 0xfc, 0x0, 0x0, 0x5f, 0xfc,
    0x6f, 0xfc, 0x0, 0x0, 0x5f, 0xfc, 0x6f, 0xfc,
    0x0, 0x0, 0x5f, 0xfc, 0x6f, 0xfc, 0x0, 0x0,
    0x5f, 0xfc, 0x6f, 0xfc, 0x0, 0x0, 0x5f, 0xfc,
    0x6f, 0xfc, 0x0, 0x0, 0x5f, 0xfc,

    /* U+0049 "I" */
    0x2f, 0xff, 0xff, 0xff, 0xff, 0xf8, 0x2f, 0xff,
    0xff, 0xff, 0xff, 0xf8, 0x6, 0x66, 0xaf, 0xfd,
    0x66, 0x63, 0x0, 0x0, 0x5f, 0xfc, 0x0, 0x0,
    0x0, 0x0, 0x5f, 0xfc, 0x0, 0x0, 0x0, 0x0,
    0x5f, 0xfc, 0x0, 0x0, 0x0, 0x0, 0x5f, 0xfc,
    0x0, 0x0, 0x0, 0x0, 0x5f, 0xfc, 0x0, 0x0,
    0x0, 0x0, 0x5f, 0xfc, 0x0, 0x0, 0x0, 0x0,
    0x5f, 0xfc, 0x0, 0x0, 0x0, 0x0, 0x5f, 0xfc,
    0x0, 0x0, 0x0, 0x0, 0x5f, 0xfc, 0x0, 0x0,
    0x0, 0x0, 0x5f, 0xfc, 0x0, 0x0, 0x0, 0x0,
    0x5f, 0xfc, 0x0, 0x0, 0x6, 0x66, 0x9f, 0xfd,
    0x66, 0x63, 0x2f, 0xff, 0xff, 0xff, 0xff, 0xf8,
    0x2f, 0xff, 0xff, 0xff, 0xff, 0xf8,

    /* U+004A "J" */
    0x0, 0xcf, 0xff, 0xff, 0xff, 0xf0, 0x0, 0xcf,
    0xff, 0xff, 0xff, 0xf0, 0x0, 0x8a, 0xaa, 0xab,
    0xff, 0xf0, 0x0, 0x0, 0x0, 0x2, 0xff, 0xf0,
    0x0, 0x0, 0x0, 0x2, 0xff, 0xf0, 0x0, 0x0,
    0x0, 0x2, 0xff, 0xf0, 0x0, 0x0, 0x0, 0x2,
    0xff, 0xf0, 0x0, 0x0, 0x0, 0x2, 0xff, 0xf0,
    0x0, 0x0, 0x0, 0x2, 0xff, 0xf0, 0x0, 0x0,
    0x0, 0x2, 0xff, 0xf0, 0x0, 0x0, 0x0, 0x2,
    0xff, 0xf0, 0x0, 0x0, 0x0, 0x2, 0xff, 0xf0,
    0x6b, 0xe4, 0x0, 0x3, 0xff, 0xf0, 0x8f, 0xfc,
    0x0, 0x9, 0xff, 0xd0, 0x1f, 0xff, 0xeb, 0xdf,
    0xff, 0x70, 0x5, 0xff, 0xff, 0xff, 0xfb, 0x0,
    0x0, 0x3a, 0xef, 0xeb, 0x50, 0x0,

    /* U+004B "K" */
    0x4f, 0xfe, 0x0, 0x0, 0xd, 0xff, 0xb0, 0x4f,
    0xfe, 0x0, 0x0, 0x9f, 0xfe, 0x10, 0x4f, 0xfe,
    0x0, 0x5, 0xff, 0xf3, 0x0, 0x4f, 0xfe, 0x0,
    0x1e, 0xff, 0x70, 0x0, 0x4f, 0xfe, 0x0, 0xcf,
    0xfb, 0x0, 0x0, 0x4f, 0xfe, 0x7, 0xff, 0xe1,
    0x0, 0x0, 0x4f, 0xfe, 0x3f, 0xff, 0x40, 0x0,
    0x0, 0x4f, 0xfe, 0xdf, 0xff, 0x10, 0x0, 0x0,
    0x4f, 0xff, 0xff, 0xff, 0x80, 0x0, 0x0, 0x4f,
    0xff, 0xfd, 0xff, 0xf2, 0x0, 0x0, 0x4f, 0xff,
    0xd1, 0xdf, 0xfa, 0x0, 0x0, 0x4f, 0xff, 0x30,
    0x4f, 0xff, 0x30, 0x0, 0x4f, 0xfe, 0x0, 0xb,
    0xff, 0xc0, 0x0, 0x4f, 0xfe, 0x0, 0x2, 0xff,
    0xf5, 0x0, 0x4f, 0xfe, 0x0, 0x0, 0xaf, 0xfd,
    0x0, 0x4f, 0xfe, 0x0, 0x0, 0x1f, 0xff, 0x70,
    0x4f, 0xfe, 0x0, 0x0, 0x8, 0xff, 0xf1,

    /* U+004C "L" */
    0x9f, 0xf8, 0x0, 0x0, 0x0, 0x9, 0xff, 0x80,
    0x0, 0x0, 0x0, 0x9f, 0xf8, 0x0, 0x0, 0x0,
    0x9, 0xff, 0x80, 0x0, 0x0, 0x0, 0x9f, 0xf8,
    0x0, 0x0, 0x0, 0x9, 0xff, 0x80, 0x0, 0x0,
    0x0, 0x9f, 0xf8, 0x0, 0x0, 0x0, 0x9, 0xff,
    0x80, 0x0, 0x0, 0x0, 0x9f, 0xf8, 0x0, 0x0,
    0x0, 0x9, 0xff, 0x80, 0x0, 0x0, 0x0, 0x9f,
    0xf8, 0x0, 0x0, 0x0, 0x9, 0xff, 0x80, 0x0,
    0x0, 0x0, 0x9f, 0xf8, 0x0, 0x0, 0x0, 0x9,
    0xff, 0x80, 0x0, 0x0, 0x0, 0x9f, 0xfd, 0xaa,
    0xaa, 0xaa, 0xa9, 0xff, 0xff, 0xff, 0xff, 0xff,
    0x9f, 0xff, 0xff, 0xff, 0xff, 0xf0,

    /* U+004D "M" */
    0xdf, 0xff, 0x10, 0x0, 0x7f, 0xff, 0x4d, 0xff,
    0xf7, 0x0, 0xd, 0xff, 0xf4, 0xdf, 0xff, 0xd0,
    0x2, 0xff, 0xff, 0x4d, 0xff, 0xff, 0x20, 0x9f,
    0xff, 0xf4, 0xdf, 0xde, 0xf8, 0xe, 0xfb, 0xff,
    0x4d, 0xfc, 0x9f, 0xe5, 0xff, 0x6f, 0xf4, 0xdf,
    0xd3, 0xff, 0xef, 0x96, 0xff, 0x4d, 0xfd, 0xd,
    0xff, 0xf3, 0x7f, 0xf4, 0xdf, 0xd0, 0x7f, 0xfd,
    0x7, 0xff, 0x4d, 0xfe, 0x1, 0xff, 0x70, 0x7f,
    0xf4, 0xdf, 0xe0, 0xb, 0xf2, 0x7, 0xff, 0x4d,
    0xfe, 0x0, 0x5b, 0x0, 0x7f, 0xf4, 0xdf, 0xe0,
    0x0, 0x50, 0x7, 0xff, 0x4d, 0xfe, 0x0, 0x0,
    0x0, 0x7f, 0xf4, 0xdf, 0xe0, 0x0, 0x0, 0x7,
    0xff, 0x4d, 0xfe, 0x0, 0x0, 0x0, 0x7f, 0xf4,
    0xdf, 0xe0, 0x0, 0x0, 0x7, 0xff, 0x40,

    /* U+004E "N" */
    0x6f, 0xff, 0xa0, 0x0, 0xe, 0xfc, 0x6f, 0xff,
    0xf0, 0x0, 0xe, 0xfc, 0x6f, 0xff, 0xf5, 0x0,
    0xe, 0xfc, 0x6f, 0xff, 0xfb, 0x0, 0xe, 0xfc,
    0x6f, 0xff, 0xff, 0x10, 0xe, 0xfc, 0x6f, 0xf8,
    0xff, 0x70, 0xe, 0xfc, 0x6f, 0xf4, 0xdf, 0xd0,
    0xe, 0xfc, 0x6f, 0xf4, 0x8f, 0xf2, 0xe, 0xfc,
    0x6f, 0xf4, 0x2f, 0xf8, 0xe, 0xfc, 0x6f, 0xf4,
    0xc, 0xfe, 0xe, 0xfc, 0x6f, 0xf4, 0x6, 0xff,
    0x4e, 0xfc, 0x6f, 0xf4, 0x1, 0xff, 0x9e, 0xfc,
    0x6f, 0xf4, 0x0, 0xbf, 0xff, 0xfc, 0x6f, 0xf4,
    0x0, 0x5f, 0xff, 0xfc, 0x6f, 0xf4, 0x0, 0xf,
    0xff, 0xfc, 0x6f, 0xf4, 0x0, 0x9, 0xff, 0xfc,
    0x6f, 0xf4, 0x0, 0x4, 0xff, 0xfc,

    /* U+004F "O" */
    0x0, 0x0, 0x7c, 0xef, 0xd9, 0x20, 0x0, 0x0,
    0x1d, 0xff, 0xff, 0xff, 0xf5, 0x0, 0x0, 0xbf,
    0xff, 0xba, 0xef, 0xff, 0x20, 0x4, 0xff, 0xf3,
    0x0, 0xb, 0xff, 0xa0, 0xa, 0xff, 0xa0, 0x0,
    0x3, 0xff, 0xf0, 0xd, 0xff, 0x50, 0x0, 0x0,
    0xff, 0xf3, 0xf, 0xff, 0x40, 0x0, 0x0, 0xdf,
    0xf6, 0x1f, 0xff, 0x30, 0x0, 0x0, 0xcf, 0xf7,
    0x2f, 0xff, 0x30, 0x0, 0x0, 0xcf, 0xf8, 0x1f,
    0xff, 0x30, 0x0, 0x0, 0xcf, 0xf7, 0xf, 0xff,
    0x40, 0x0, 0x0, 0xdf, 0xf6, 0xd, 0xff, 0x50,
    0x0, 0x0, 0xff, 0xf3, 0xa, 0xff, 0xa0, 0x0,
    0x2, 0xff, 0xf0, 0x4, 0xff, 0xf3, 0x0, 0xb,
    0xff, 0xa0, 0x0, 0xbf, 0xff, 0xba, 0xef, 0xff,
    0x20, 0x0, 0x1d, 0xff, 0xff, 0xff, 0xf5, 0x0,
    0x0, 0x0, 0x7c, 0xef, 0xe9, 0x20, 0x0,

    /* U+0050 "P" */
    0x1f, 0xff, 0xff, 0xff, 0xd9, 0x10, 0x1, 0xff,
    0xff, 0xff, 0xff, 0xfe, 0x10, 0x1f, 0xff, 0xaa,
    0xac, 0xff, 0xfb, 0x1, 0xff, 0xf1, 0x0, 0x5,
    0xff, 0xf1, 0x1f, 0xff, 0x10, 0x0, 0xf, 0xff,
    0x41, 0xff, 0xf1, 0x0, 0x0, 0xff, 0xf4, 0x1f,
    0xff, 0x10, 0x0, 0x1f, 0xff, 0x31, 0xff, 0xf1,
    0x0, 0x1a, 0xff, 0xf0, 0x1f, 0xff, 0xff, 0xff,
    0xff, 0xf8, 0x1, 0xff, 0xff, 0xff, 0xff, 0xfa,
    0x0, 0x1f, 0xff, 0xaa, 0xa9, 0x83, 0x0, 0x1,
    0xff, 0xf1, 0x0, 0x0, 0x0, 0x0, 0x1f, 0xff,
    0x10, 0x0, 0x0, 0x0, 0x1, 0xff, 0xf1, 0x0,
    0x0, 0x0, 0x0, 0x1f, 0xff, 0x10, 0x0, 0x0,
    0x0, 0x1, 0xff, 0xf1, 0x0, 0x0, 0x0, 0x0,
    0x1f, 0xff, 0x10, 0x0, 0x0, 0x0, 0x0,

    /* U+0051 "Q" */
    0x0, 0x0, 0x6c, 0xef, 0xd9, 0x20, 0x0, 0x0,
    0xc, 0xff, 0xff, 0xff, 0xf4, 0x0, 0x0, 0xaf,
    0xff, 0xba, 0xef, 0xff, 0x10, 0x3, 0xff, 0xf3,
    0x0, 0xc, 0xff, 0x90, 0x9, 0xff, 0xa0, 0x0,
    0x4, 0xff, 0xe0, 0xd, 0xff, 0x60, 0x0, 0x0,
    0xff, 0xf3, 0xf, 0xff, 0x40, 0x0, 0x0, 0xef,
    0xf5, 0x1f, 0xff, 0x30, 0x0, 0x0, 0xcf, 0xf7,
    0x1f, 0xff, 0x30, 0x0, 0x0, 0xcf, 0xf8, 0x1f,
    0xff, 0x30, 0x0, 0x0, 0xcf, 0xf8, 0x1f, 0xff,
    0x30, 0x0, 0x0, 0xdf, 0xf7, 0xf, 0xff, 0x40,
    0x0, 0x0, 0xef, 0xf5, 0xc, 0xff, 0x60, 0x0,
    0x0, 0xff, 0xf2, 0x8, 0xff, 0xb0, 0x0, 0x4,
    0xff, 0xe0, 0x2, 0xff, 0xf6, 0x0, 0x2d, 0xff,
    0x80, 0x0, 0x9f, 0xff, 0xee, 0xff, 0xfe, 0x0,
    0x0, 0xa, 0xff, 0xff, 0xff, 0xd2, 0x0, 0x0,
    0x0, 0x3a, 0xff, 0xd6, 0x0, 0x0, 0x0, 0x0,
    0x2, 0xff, 0x90, 0x0, 0x0, 0x0, 0x0, 0x0,
    0xff, 0xb5, 0x55, 0x20, 0x0, 0x0, 0x0, 0xbf,
    0xff, 0xff, 0x60, 0x0, 0x0, 0x0, 0x1a, 0xef,
    0xff, 0x60,

    /* U+0052 "R" */
    0x1f, 0xff, 0xff, 0xff, 0xd9, 0x10, 0x1, 0xff,
    0xff, 0xff, 0xff, 0xfe, 0x10, 0x1f, 0xff, 0xaa,
    0xac, 0xff, 0xfb, 0x1, 0xff, 0xf1, 0x0, 0x5,
    0xff, 0xf1, 0x1f, 0xff, 0x10, 0x0, 0xf, 0xff,
    0x41, 0xff, 0xf1, 0x0, 0x0, 0xff, 0xf4, 0x1f,
    0xff, 0x10, 0x0, 0x1f, 0xff, 0x21, 0xff, 0xf1,
    0x0, 0x1a, 0xff, 0xe0, 0x1f, 0xff, 0xff, 0xff,
    0xff, 0xf6, 0x1, 0xff, 0xff, 0xff, 0xff, 0xe6,
    0x0, 0x1f, 0xff, 0x88, 0xff, 0xf3, 0x0, 0x1,
    0xff, 0xf1, 0x9, 0xff, 0xb0, 0x0, 0x1f, 0xff,
    0x10, 0x1f, 0xff, 0x40, 0x1, 0xff, 0xf1, 0x0,
    0x9f, 0xfc, 0x0, 0x1f, 0xff, 0x10, 0x1, 0xff,
    0xf4, 0x1, 0xff, 0xf1, 0x0, 0x9, 0xff, 0xd0,
    0x1f, 0xff, 0x10, 0x0, 0x1f, 0xff, 0x50,

    /* U+0053 "S" */
    0x0, 0x1, 0x8c, 0xff, 0xeb, 0x60, 0x0, 0x0,
    0x3f, 0xff, 0xff, 0xff, 0xfe, 0x30, 0x0, 0xef,
    0xff, 0xba, 0xcf, 0xff, 0xc0, 0x5, 0xff, 0xf2,
    0x0, 0x1, 0xad, 0x10, 0x7, 0xff, 0xb0, 0x0,
    0x0, 0x1, 0x0, 0x6, 0xff, 0xc0, 0x0, 0x0,
    0x0, 0x0, 0x3, 0xff, 0xf9, 0x30, 0x0, 0x0,
    0x0, 0x0, 0xaf, 0xff, 0xff, 0xc9, 0x40, 0x0,
    0x0, 0xa, 0xff, 0xff, 0xff, 0xfb, 0x0, 0x0,
    0x0, 0x15, 0x8b, 0xff, 0xff, 0xa0, 0x0, 0x0,
    0x0, 0x0, 0x8, 0xff, 0xf1, 0x0, 0x0, 0x0,
    0x0, 0x0, 0xff, 0xf3, 0x0, 0x51, 0x0, 0x0,
    0x0, 0xff, 0xf3, 0x7, 0xfe, 0x40, 0x0, 0x8,
    0xff, 0xf0, 0xd, 0xff, 0xfe, 0xbb, 0xdf, 0xff,
    0x80, 0x1, 0xbf, 0xff, 0xff, 0xff, 0xfa, 0x0,
    0x0, 0x4, 0xad, 0xff, 0xea, 0x40, 0x0,

    /* U+0054 "T" */
    0x6f, 0xff, 0xff, 0xff, 0xff, 0xff, 0xfc, 0x6f,
    0xff, 0xff, 0xff, 0xff, 0xff, 0xfc, 0x4a, 0xaa,
    0xac, 0xff, 0xea, 0xaa, 0xa8, 0x0, 0x0, 0x5,
    0xff, 0xc0, 0x0, 0x0, 0x0, 0x0, 0x5, 0xff,
    0xc0, 0x0, 0x0, 0x0, 0x0, 0x5, 0xff, 0xc0,
    0x0, 0x0, 0x0, 0x0, 0x5, 0xff, 0xc0, 0x0,
    0x0, 0x0, 0x0, 0x5, 0xff, 0xc0, 0x0, 0x0,
    0x0, 0x0, 0x5, 0xff, 0xc0, 0x0, 0x0, 0x0,
    0x0, 0x5, 0xff, 0xc0, 0x0, 0x0, 0x0, 0x0,
    0x5, 0xff, 0xc0, 0x0, 0x0, 0x0, 0x0, 0x5,
    0xff, 0xc0, 0x0, 0x0, 0x0, 0x0, 0x5, 0xff,
    0xc0, 0x0, 0x0, 0x0, 0x0, 0x5, 0xff, 0xc0,
    0x0, 0x0, 0x0, 0x0, 0x5, 0xff, 0xc0, 0x0,
    0x0, 0x0, 0x0, 0x5, 0xff, 0xc0, 0x0, 0x0,
    0x0, 0x0, 0x5, 0xff, 0xc0, 0x0, 0x0,

    /* U+0055 "U" */
    0x8f, 0xfa, 0x0, 0x0, 0x3f, 0xfe, 0x8f, 0xfa,
    0x0, 0x0, 0x3f, 0xfe, 0x8f, 0xfa, 0x0, 0x0,
    0x3f, 0xfe, 0x8f, 0xfa, 0x0, 0x0, 0x3f, 0xfe,
    0x8f, 0xfa, 0x0, 0x0, 0x3f, 0xfe, 0x8f, 0xfa,
    0x0, 0x0, 0x3f, 0xfe, 0x8f, 0xfa, 0x0, 0x0,
    0x3f, 0xfe, 0x8f, 0xfa, 0x0, 0x0, 0x3f, 0xfe,
    0x8f, 0xfa, 0x0, 0x0, 0x3f, 0xfe, 0x8f, 0xfa,
    0x0, 0x0, 0x3f, 0xfe, 0x8f, 0xfa, 0x0, 0x0,
    0x3f, 0xfe, 0x7f, 0xfa, 0x0, 0x0, 0x4f, 0xfd,
    0x5f, 0xfc, 0x0, 0x0, 0x6f, 0xfb, 0x2f, 0xff,
    0x30, 0x0, 0xcf, 0xf9, 0xd, 0xff, 0xfb, 0xae,
    0xff, 0xf3, 0x3, 0xff, 0xff, 0xff, 0xff, 0x90,
    0x0, 0x29, 0xdf, 0xfe, 0xb5, 0x0,

    /* U+0056 "V" */
    0x7f, 0xff, 0x0, 0x0, 0x0, 0x6f, 0xfd, 0x3f,
    0xff, 0x30, 0x0, 0x0, 0xaf, 0xf9, 0xe, 0xff,
    0x70, 0x0, 0x0, 0xef, 0xf4, 0xa, 0xff, 0xb0,
    0x0, 0x2, 0xff, 0xf0, 0x6, 0xff, 0xf0, 0x0,
    0x6, 0xff, 0xc0, 0x1, 0xff, 0xf3, 0x0, 0xa,
    0xff, 0x80, 0x0, 0xdf, 0xf7, 0x0, 0xe, 0xff,
    0x30, 0x0, 0x9f, 0xfa, 0x0, 0x2f, 0xff, 0x0,
    0x0, 0x4f, 0xfe, 0x0, 0x6f, 0xfb, 0x0, 0x0,
    0xf, 0xff, 0x20, 0x9f, 0xf6, 0x0, 0x0, 0xc,
    0xff, 0x60, 0xdf, 0xf2, 0x0, 0x0, 0x7, 0xff,
    0x91, 0xff, 0xe0, 0x0, 0x0, 0x3, 0xff, 0xd5,
    0xff, 0x90, 0x0, 0x0, 0x0, 0xff, 0xfa, 0xff,
    0x50, 0x0, 0x0, 0x0, 0xbf, 0xff, 0xff, 0x10,
    0x0, 0x0, 0x0, 0x6f, 0xff, 0xfc, 0x0, 0x0,
    0x0, 0x0, 0x2f, 0xff, 0xf8, 0x0, 0x0,

    /* U+0057 "W" */
    0x8f, 0xf2, 0x0, 0x0, 0x0, 0xa, 0xfe, 0x7f,
    0xf3, 0x0, 0x0, 0x0, 0xb, 0xfd, 0x6f, 0xf4,
    0x0, 0x0, 0x0, 0xc, 0xfc, 0x5f, 0xf5, 0x0,
    0x11, 0x0, 0xd, 0xfb, 0x4f, 0xf6, 0x5, 0xff,
    0xd0, 0xe, 0xfa, 0x3f, 0xf7, 0x7, 0xff, 0xf0,
    0xf, 0xf9, 0x2f, 0xf7, 0xa, 0xff, 0xf2, 0xf,
    0xf8, 0x1f, 0xf8, 0xd, 0xfd, 0xf5, 0xf, 0xf7,
    0xf, 0xf9, 0xf, 0xe8, 0xf7, 0x1f, 0xf6, 0xe,
    0xfa, 0x2f, 0xc6, 0xfa, 0x2f, 0xf5, 0xd, 0xfb,
    0x5f, 0x93, 0xfd, 0x3f, 0xf4, 0xc, 0xfc, 0x8f,
    0x71, 0xff, 0x4f, 0xf3, 0xb, 0xfd, 0xaf, 0x40,
    0xef, 0x7f, 0xf2, 0xa, 0xfe, 0xdf, 0x20, 0xcf,
    0xcf, 0xf1, 0x9, 0xff, 0xff, 0x0, 0x9f, 0xff,
    0xf0, 0x8, 0xff, 0xfd, 0x0, 0x7f, 0xff, 0xf0,
    0x7, 0xff, 0xfa, 0x0, 0x4f, 0xff, 0xe0,

    /* U+0058 "X" */
    0x1f, 0xff, 0x70, 0x0, 0x0, 0xcf, 0xf8, 0x0,
    0x8f, 0xff, 0x10, 0x0, 0x5f, 0xfe, 0x0, 0x0,
    0xef, 0xf9, 0x0, 0xe, 0xff, 0x60, 0x0, 0x6,
    0xff, 0xf1, 0x7, 0xff, 0xd0, 0x0, 0x0, 0xd,
    0xff, 0x90, 0xef, 0xf4, 0x0, 0x0, 0x0, 0x4f,
    0xff, 0x8f, 0xfb, 0x0, 0x0, 0x0, 0x0, 0xbf,
    0xff, 0xff, 0x20, 0x0, 0x0, 0x0, 0x2, 0xff,
    0xff, 0x90, 0x0, 0x0, 0x0, 0x0, 0xe, 0xff,
    0xf5, 0x0, 0x0, 0x0, 0x0, 0x7, 0xff, 0xff,
    0xd0, 0x0, 0x0, 0x0, 0x1, 0xff, 0xfe, 0xff,
    0x60, 0x0, 0x0, 0x0, 0x9f, 0xf9, 0x5f, 0xfe,
    0x0, 0x0, 0x0, 0x2f, 0xff, 0x10, 0xdf, 0xf8,
    0x0, 0x0, 0xb, 0xff, 0x90, 0x5, 0xff, 0xf2,
    0x0, 0x4, 0xff, 0xf1, 0x0, 0xd, 0xff, 0xa0,
    0x0, 0xcf, 0xf7, 0x0, 0x0, 0x4f, 0xff, 0x30,
    0x6f, 0xfe, 0x0, 0x0, 0x0, 0xcf, 0xfc, 0x0,

    /* U+0059 "Y" */
    0x9f, 0xfe, 0x0, 0x0, 0x0, 0x6f, 0xfe, 0x1,
    0xff, 0xf6, 0x0, 0x0, 0xe, 0xff, 0x70, 0x8,
    0xff, 0xd0, 0x0, 0x6, 0xff, 0xe0, 0x0, 0x1f,
    0xff, 0x50, 0x0, 0xdf, 0xf7, 0x0, 0x0, 0x8f,
    0xfd, 0x0, 0x5f, 0xfe, 0x0, 0x0, 0x1, 0xff,
    0xf4, 0xc, 0xff, 0x60, 0x0, 0x0, 0x8, 0xff,
    0xa3, 0xff, 0xe0, 0x0, 0x0, 0x0, 0x1f, 0xff,
    0xcf, 0xf6, 0x0, 0x0, 0x0, 0x0, 0x8f, 0xff,
    0xfe, 0x0, 0x0, 0x0, 0x0, 0x1, 0xff, 0xff,
    0x60, 0x0, 0x0, 0x0, 0x0, 0x8, 0xff, 0xe0,
    0x0, 0x0, 0x0, 0x0, 0x0, 0x5f, 0xfc, 0x0,
    0x0, 0x0, 0x0, 0x0, 0x5, 0xff, 0xc0, 0x0,
    0x0, 0x0, 0x0, 0x0, 0x5f, 0xfc, 0x0, 0x0,
    0x0, 0x0, 0x0, 0x5, 0xff, 0xc0, 0x0, 0x0,
    0x0, 0x0, 0x0, 0x5f, 0xfc, 0x0, 0x0, 0x0,
    0x0, 0x0, 0x5, 0xff, 0xc0, 0x0, 0x0, 0x0,

    /* U+005A "Z" */
    0x9f, 0xff, 0xff, 0xff, 0xff, 0xff, 0x9, 0xff,
    0xff, 0xff, 0xff, 0xff, 0xf0, 0x5a, 0xaa, 0xaa,
    0xaa, 0xef, 0xfe, 0x0, 0x0, 0x0, 0x0, 0x2f,
    0xff, 0x70, 0x0, 0x0, 0x0, 0xd, 0xff, 0xb0,
    0x0, 0x0, 0x0, 0x9, 0xff, 0xe1, 0x0, 0x0,
    0x0, 0x4, 0xff, 0xf4, 0x0, 0x0, 0x0, 0x1,
    0xef, 0xf9, 0x0, 0x0, 0x0, 0x0, 0xbf, 0xfd,
    0x0, 0x0, 0x0, 0x0, 0x7f, 0xff, 0x20, 0x0,
    0x0, 0x0, 0x3f, 0xff, 0x60, 0x0, 0x0, 0x0,
    0xd, 0xff, 0xa0, 0x0, 0x0, 0x0, 0xa, 0xff,
    0xe1, 0x0, 0x0, 0x0, 0x5, 0xff, 0xf3, 0x0,
    0x0, 0x0, 0x0, 0xdf, 0xfe, 0xaa, 0xaa, 0xaa,
    0xaa, 0x2d, 0xff, 0xff, 0xff, 0xff, 0xff, 0xf4,
    0xdf, 0xff, 0xff, 0xff, 0xff, 0xff, 0x40,

    /* U+005B "[" */
    0x2, 0x22, 0x22, 0x22, 0x5, 0xff, 0xff, 0xff,
    0xf2, 0x5f, 0xff, 0xff, 0xff, 0x25, 0xff, 0x20,
    0x0, 0x0, 0x5f, 0xf2, 0x0, 0x0, 0x5, 0xff,
    0x20, 0x0, 0x0, 0x5f, 0xf2, 0x0, 0x0, 0x5,
    0xff, 0x20, 0x0, 0x0, 0x5f, 0xf2, 0x0, 0x0,
    0x5, 0xff, 0x20, 0x0, 0x0, 0x5f, 0xf2, 0x0,
    0x0, 0x5, 0xff, 0x20, 0x0, 0x0, 0x5f, 0xf2,
    0x0, 0x0, 0x5, 0xff, 0x20, 0x0, 0x0, 0x5f,
    0xf2, 0x0, 0x0, 0x5, 0xff, 0x20, 0x0, 0x0,
    0x5f, 0xf2, 0x0, 0x0, 0x5, 0xff, 0x20, 0x0,
    0x0, 0x5f, 0xf2, 0x0, 0x0, 0x5, 0xff, 0x20,
    0x0, 0x0, 0x5f, 0xf4, 0x22, 0x22, 0x5, 0xff,
    0xff, 0xff, 0xf2, 0x5f, 0xff, 0xff, 0xff, 0x20,

    /* U+005C "\\" */
    0xe, 0xfc, 0x0, 0x0, 0x0, 0x0, 0x9, 0xff,
    0x20, 0x0, 0x0, 0x0, 0x3, 0xff, 0x80, 0x0,
    0x0, 0x0, 0x0, 0xdf, 0xe0, 0x0, 0x0, 0x0,
    0x0, 0x8f, 0xf3, 0x0, 0x0, 0x0, 0x0, 0x2f,
    0xf9, 0x0, 0x0, 0x0, 0x0, 0xc, 0xfe, 0x0,
    0x0, 0x0, 0x0, 0x7, 0xff, 0x50, 0x0, 0x0,
    0x0, 0x1, 0xff, 0xa0, 0x0, 0x0, 0x0, 0x0,
    0xbf, 0xf1, 0x0, 0x0, 0x0, 0x0, 0x5f, 0xf6,
    0x0, 0x0, 0x0, 0x0, 0xf, 0xfc, 0x0, 0x0,
    0x0, 0x0, 0xa, 0xff, 0x10, 0x0, 0x0, 0x0,
    0x4, 0xff, 0x70, 0x0, 0x0, 0x0, 0x0, 0xef,
    0xd0, 0x0, 0x0, 0x0, 0x0, 0x9f, 0xf3, 0x0,
    0x0, 0x0, 0x0, 0x3f, 0xf8, 0x0, 0x0, 0x0,
    0x0, 0xd, 0xfe, 0x0, 0x0, 0x0, 0x0, 0x7,
    0xff, 0x40, 0x0, 0x0, 0x0, 0x2, 0xff, 0xa0,
    0x0, 0x0, 0x0, 0x0, 0xcf, 0xf0, 0x0, 0x0,
    0x0, 0x0, 0x6f, 0xf5,

    /* U+005D "]" */
    0x22, 0x22, 0x22, 0x21, 0xcf, 0xff, 0xff, 0xfb,
    0xcf, 0xff, 0xff, 0xfb, 0x0, 0x0, 0xc, 0xfb,
    0x0, 0x0, 0xc, 0xfb, 0x0, 0x0, 0xc, 0xfb,
    0x0, 0x0, 0xc, 0xfb, 0x0, 0x0, 0xc, 0xfb,
    0x0, 0x0, 0xc, 0xfb, 0x0, 0x0, 0xc, 0xfb,
    0x0, 0x0, 0xc, 0xfb, 0x0, 0x0, 0xc, 0xfb,
    0x0, 0x0, 0xc, 0xfb, 0x0, 0x0, 0xc, 0xfb,
    0x0, 0x0, 0xc, 0xfb, 0x0, 0x0, 0xc, 0xfb,
    0x0, 0x0, 0xc, 0xfb, 0x0, 0x0, 0xc, 0xfb,
    0x0, 0x0, 0xc, 0xfb, 0x0, 0x0, 0xc, 0xfb,
    0x12, 0x22, 0x2d, 0xfb, 0xcf, 0xff, 0xff, 0xfb,
    0xcf, 0xff, 0xff, 0xfb,

    /* U+005E "^" */
    0x0, 0x0, 0x8, 0xdd, 0xd0, 0x0, 0x0, 0x0,
    0x0, 0x1f, 0xff, 0xf7, 0x0, 0x0, 0x0, 0x0,
    0x9f, 0xff, 0xfe, 0x0, 0x0, 0x0, 0x1, 0xff,
    0xc8, 0xff, 0x70, 0x0, 0x0, 0x9, 0xff, 0x41,
    0xff, 0xe0, 0x0, 0x0, 0x1f, 0xfc, 0x0, 0x8f,
    0xf7, 0x0, 0x0, 0x8f, 0xf5, 0x0, 0x1f, 0xfe,
    0x0, 0x1, 0xff, 0xd0, 0x0, 0x9, 0xff, 0x60,
    0x8, 0xff, 0x50, 0x0, 0x1, 0xff, 0xe0, 0x1f,
    0xfd, 0x0, 0x0, 0x0, 0x9f, 0xf6, 0x4, 0xc6,
    0x0, 0x0, 0x0, 0x1e, 0x70, 0x0, 0x0, 0x0,
    0x0, 0x0, 0x0, 0x0,

    /* U+005F "_" */
    0x5a, 0xaa, 0xaa, 0xaa, 0xaa, 0xa9, 0x9f, 0xff,
    0xff, 0xff, 0xff, 0xff, 0x9f, 0xff, 0xff, 0xff,
    0xff, 0xff,

    /* U+0060 "`" */
    0x0, 0x35, 0x0, 0xa, 0xff, 0x10, 0x8, 0xff,
    0x80, 0x0, 0xcf, 0xf1, 0x0, 0x2f, 0xf8, 0x0,
    0x5, 0x81,

    /* U+0061 "a" */
    0x0, 0x39, 0xdf, 0xfd, 0x81, 0x0, 0x0, 0x7f,
    0xff, 0xff, 0xff, 0xe1, 0x0, 0x1f, 0xfd, 0x76,
    0x7e, 0xff, 0xa0, 0x0, 0x29, 0x10, 0x0, 0x3f,
    0xff, 0x0, 0x0, 0x0, 0x0, 0x0, 0xff, 0xf1,
    0x0, 0x3, 0x8b, 0xcd, 0xdf, 0xff, 0x10, 0x9,
    0xff, 0xff, 0xff, 0xff, 0xf1, 0x5, 0xff, 0xd3,
    0x0, 0xf, 0xff, 0x10, 0x9f, 0xf7, 0x0, 0x0,
    0xff, 0xf1, 0xa, 0xff, 0x70, 0x0, 0x2f, 0xff,
    0x10, 0x7f, 0xfe, 0x53, 0x5d, 0xef, 0xf6, 0x30,
    0xdf, 0xff, 0xff, 0xb7, 0xff, 0xf9, 0x1, 0xae,
    0xfd, 0x80, 0xa, 0xff, 0x90,

    /* U+0062 "b" */
    0x5f, 0xfb, 0x0, 0x0, 0x0, 0x0, 0x5, 0xff,
    0xb0, 0x0, 0x0, 0x0, 0x0, 0x5f, 0xfb, 0x0,
    0x0, 0x0, 0x0, 0x5, 0xff, 0xb0, 0x0, 0x0,
    0x0, 0x0, 0x5f, 0xfb, 0x0, 0x0, 0x0, 0x0,
    0x5, 0xff, 0xb0, 0x6d, 0xfe, 0x91, 0x0, 0x5f,
    0xfb, 0x7f, 0xff, 0xff, 0xd0, 0x5, 0xff, 0xde,
    0xa9, 0xcf, 0xff, 0x80, 0x5f, 0xff, 0x20, 0x0,
    0x9f, 0xfe, 0x5, 0xff, 0xc0, 0x0, 0x0, 0xff,
    0xf2, 0x5f, 0xfb, 0x0, 0x0, 0xe, 0xff, 0x45,
    0xff, 0xb0, 0x0, 0x0, 0xef, 0xf4, 0x5f, 0xfb,
    0x0, 0x0, 0xe, 0xff, 0x45, 0xff, 0xc0, 0x0,
    0x0, 0xff, 0xf2, 0x5f, 0xff, 0x20, 0x0, 0x8f,
    0xfe, 0x5, 0xff, 0xde, 0xa8, 0xcf, 0xff, 0x80,
    0x5f, 0xfb, 0x7f, 0xff, 0xff, 0xd0, 0x5, 0xff,
    0xb0, 0x6d, 0xfe, 0x91, 0x0,

    /* U+0063 "c" */
    0x0, 0x3, 0xae, 0xfe, 0xb4, 0x0, 0x0, 0x7f,
    0xff, 0xff, 0xff, 0x80, 0x4, 0xff, 0xfc, 0x9b,
    0xff, 0xf5, 0xd, 0xff, 0x80, 0x0, 0x4f, 0xa2,
    0x2f, 0xff, 0x0, 0x0, 0x1, 0x0, 0x5f, 0xfd,
    0x0, 0x0, 0x0, 0x0, 0x5f, 0xfd, 0x0, 0x0,
    0x0, 0x0, 0x5f, 0xfd, 0x0, 0x0, 0x0, 0x0,
    0x2f, 0xff, 0x0, 0x0, 0x2, 0x0, 0xd, 0xff,
    0x80, 0x0, 0x2e, 0xc3, 0x4, 0xff, 0xfc, 0x9a,
    0xff, 0xf7, 0x0, 0x7f, 0xff, 0xff, 0xff, 0xa0,
    0x0, 0x3, 0xae, 0xfe, 0xc5, 0x0,

    /* U+0064 "d" */
    0x0, 0x0, 0x0, 0x0, 0x5f, 0xfc, 0x0, 0x0,
    0x0, 0x0, 0x5f, 0xfc, 0x0, 0x0, 0x0, 0x0,
    0x5f, 0xfc, 0x0, 0x0, 0x0, 0x0, 0x5f, 0xfc,
    0x0, 0x0, 0x0, 0x0, 0x5f, 0xfc, 0x0, 0x5c,
    0xfe, 0x91, 0x5f, 0xfc, 0x7, 0xff, 0xff, 0xfd,
    0x5f, 0xfc, 0x2f, 0xff, 0xe9, 0x9d, 0xdf, 0xfc,
    0x8f, 0xfe, 0x10, 0x0, 0xbf, 0xfc, 0xcf, 0xf7,
    0x0, 0x0, 0x5f, 0xfc, 0xdf, 0xf5, 0x0, 0x0,
    0x5f, 0xfc, 0xef, 0xf4, 0x0, 0x0, 0x5f, 0xfc,
    0xdf, 0xf5, 0x0, 0x0, 0x5f, 0xfc, 0xcf, 0xf7,
    0x0, 0x0, 0x5f, 0xfc, 0x8f, 0xfe, 0x10, 0x0,
    0xbf, 0xfc, 0x2f, 0xff, 0xe9, 0x9d, 0xdf, 0xfc,
    0x8, 0xff, 0xff, 0xfd, 0x5f, 0xfc, 0x0, 0x5c,
    0xfe, 0xa1, 0x5f, 0xfc,

    /* U+0065 "e" */
    0x0, 0x5, 0xbe, 0xfd, 0x92, 0x0, 0x0, 0xb,
    0xff, 0xff, 0xff, 0xf5, 0x0, 0x9, 0xff, 0xd6,
    0x59, 0xff, 0xf2, 0x2, 0xff, 0xd0, 0x0, 0x6,
    0xff, 0x90, 0x7f, 0xf7, 0x0, 0x0, 0xf, 0xfe,
    0x9, 0xff, 0xff, 0xff, 0xff, 0xff, 0xf0, 0xaf,
    0xff, 0xff, 0xff, 0xff, 0xff, 0x19, 0xff, 0x60,
    0x0, 0x0, 0x0, 0x0, 0x7f, 0xf9, 0x0, 0x0,
    0x0, 0x0, 0x2, 0xff, 0xf3, 0x0, 0x1, 0xba,
    0x0, 0x9, 0xff, 0xfa, 0x89, 0xef, 0xf7, 0x0,
    0xb, 0xff, 0xff, 0xff, 0xfc, 0x0, 0x0, 0x5,
    0xbe, 0xfe, 0xb5, 0x0, 0x0,

    /* U+0066 "f" */
    0x0, 0x0, 0x2, 0xbe, 0xff, 0xff, 0x40, 0x0,
    0x0, 0xef, 0xff, 0xff, 0xf4, 0x0, 0x0, 0x4f,
    0xfd, 0x77, 0x77, 0x10, 0x0, 0x6, 0xff, 0xa0,
    0x0, 0x0, 0x0, 0x0, 0x6f, 0xfa, 0x0, 0x0,
    0x7, 0xff, 0xff, 0xff, 0xff, 0xff, 0xf4, 0x7f,
    0xff, 0xff, 0xff, 0xff, 0xff, 0x43, 0x77, 0x7b,
    0xff, 0xd7, 0x77, 0x71, 0x0, 0x0, 0x6f, 0xfa,
    0x0, 0x0, 0x0, 0x0, 0x6, 0xff, 0xa0, 0x0,
    0x0, 0x0, 0x0, 0x6f, 0xfa, 0x0, 0x0, 0x0,
    0x0, 0x6, 0xff, 0xa0, 0x0, 0x0, 0x0, 0x0,
    0x6f, 0xfa, 0x0, 0x0, 0x0, 0x0, 0x6, 0xff,
    0xa0, 0x0, 0x0, 0x0, 0x0, 0x6f, 0xfa, 0x0,
    0x0, 0x1, 0x77, 0x7b, 0xff, 0xd7, 0x77, 0x50,
    0x3f, 0xff, 0xff, 0xff, 0xff, 0xfb, 0x3, 0xff,
    0xff, 0xff, 0xff, 0xff, 0xb0,

    /* U+0067 "g" */
    0x0, 0x0, 0x0, 0x0, 0x3d, 0xff, 0x50, 0x0,
    0x0, 0x0, 0x9, 0xff, 0xf5, 0x0, 0x8, 0xdf,
    0xfe, 0xea, 0x55, 0x10, 0x1d, 0xff, 0xff, 0xff,
    0xf3, 0x0, 0xa, 0xff, 0x92, 0x17, 0xff, 0xd0,
    0x0, 0xff, 0xe0, 0x0, 0xc, 0xff, 0x30, 0x1f,
    0xfd, 0x0, 0x0, 0xaf, 0xf4, 0x0, 0xff, 0xf0,
    0x0, 0xc, 0xff, 0x20, 0xa, 0xff, 0xa2, 0x27,
    0xff, 0xd0, 0x0, 0x1e, 0xff, 0xff, 0xff, 0xf3,
    0x0, 0x0, 0x4f, 0xdf, 0xfd, 0x91, 0x0, 0x0,
    0x9f, 0x70, 0x0, 0x0, 0x0, 0x0, 0xf, 0xfe,
    0xa9, 0x99, 0x87, 0x30, 0x0, 0x9f, 0xff, 0xff,
    0xff, 0xff, 0xb0, 0x2, 0xcf, 0xff, 0xff, 0xff,
    0xff, 0x74, 0xff, 0x20, 0x0, 0x0, 0x7f, 0xfc,
    0xaf, 0xe0, 0x0, 0x0, 0x2, 0xff, 0xca, 0xff,
    0x92, 0x11, 0x24, 0xbf, 0xf8, 0x3f, 0xff, 0xff,
    0xff, 0xff, 0xfc, 0x0, 0x29, 0xce, 0xff, 0xfd,
    0xa5, 0x0,

    /* U+0068 "h" */
    0x3f, 0xfe, 0x0, 0x0, 0x0, 0x0, 0x3f, 0xfe,
    0x0, 0x0, 0x0, 0x0, 0x3f, 0xfe, 0x0, 0x0,
    0x0, 0x0, 0x3f, 0xfe, 0x0, 0x0, 0x0, 0x0,
    0x3f, 0xfe, 0x0, 0x0, 0x0, 0x0, 0x3f, 0xfe,
    0x5, 0xdf, 0xe8, 0x0, 0x3f, 0xfe, 0x6f, 0xff,
    0xff, 0xb0, 0x3f, 0xfe, 0xea, 0x8c, 0xff, 0xf5,
    0x3f, 0xff, 0x30, 0x0, 0xcf, 0xf9, 0x3f, 0xfe,
    0x0, 0x0, 0x7f, 0xfb, 0x3f, 0xfe, 0x0, 0x0,
    0x5f, 0xfb, 0x3f, 0xfe, 0x0, 0x0, 0x5f, 0xfb,
    0x3f, 0xfe, 0x0, 0x0, 0x5f, 0xfb, 0x3f, 0xfe,
    0x0, 0x0, 0x5f, 0xfb, 0x3f, 0xfe, 0x0, 0x0,
    0x5f, 0xfb, 0x3f, 0xfe, 0x0, 0x0, 0x5f, 0xfb,
    0x3f, 0xfe, 0x0, 0x0, 0x5f, 0xfb, 0x3f, 0xfe,
    0x0, 0x0, 0x5f, 0xfb,

    /* U+0069 "i" */
    0x0, 0x0, 0x7f, 0xe6, 0x0, 0x0, 0x0, 0x0,
    0xff, 0xfe, 0x0, 0x0, 0x0, 0x0, 0xef, 0xfd,
    0x0, 0x0, 0x0, 0x0, 0x4b, 0xb4, 0x0, 0x0,
    0x0, 0x0, 0x0, 0x0, 0x0, 0x0, 0xaf, 0xff,
    0xff, 0xf8, 0x0, 0x0, 0xaf, 0xff, 0xff, 0xf8,
    0x0, 0x0, 0x47, 0x77, 0xcf, 0xf8, 0x0, 0x0,
    0x0, 0x0, 0x9f, 0xf8, 0x0, 0x0, 0x0, 0x0,
    0x9f, 0xf8, 0x0, 0x0, 0x0, 0x0, 0x9f, 0xf8,
    0x0, 0x0, 0x0, 0x0, 0x9f, 0xf8, 0x0, 0x0,
    0x0, 0x0, 0x9f, 0xf8, 0x0, 0x0, 0x0, 0x0,
    0x9f, 0xf8, 0x0, 0x0, 0x0, 0x0, 0x9f, 0xf8,
    0x0, 0x0, 0x47, 0x77, 0xcf, 0xfb, 0x77, 0x72,
    0xaf, 0xff, 0xff, 0xff, 0xff, 0xf4, 0xaf, 0xff,
    0xff, 0xff, 0xff, 0xf4,

    /* U+006A "j" */
    0x0, 0x0, 0x7, 0xfe, 0x60, 0x0, 0x0, 0xff,
    0xfe, 0x0, 0x0, 0xf, 0xff, 0xd0, 0x0, 0x0,
    0x5b, 0xb4, 0x0, 0x0, 0x0, 0x0, 0xd, 0xff,
    0xff, 0xff, 0xf7, 0xdf, 0xff, 0xff, 0xff, 0x76,
    0x77, 0x77, 0xcf, 0xf7, 0x0, 0x0, 0x9, 0xff,
    0x70, 0x0, 0x0, 0x9f, 0xf7, 0x0, 0x0, 0x9,
    0xff, 0x70, 0x0, 0x0, 0x9f, 0xf7, 0x0, 0x0,
    0x9, 0xff, 0x70, 0x0, 0x0, 0x9f, 0xf7, 0x0,
    0x0, 0x9, 0xff, 0x70, 0x0, 0x0, 0x9f, 0xf7,
    0x0, 0x0, 0x9, 0xff, 0x70, 0x0, 0x0, 0x9f,
    0xf7, 0x0, 0x0, 0x9, 0xff, 0x70, 0x0, 0x0,
    0x9f, 0xf7, 0x57, 0x77, 0x7c, 0xff, 0x5b, 0xff,
    0xff, 0xff, 0xe0, 0xbf, 0xff, 0xfe, 0xb2, 0x0,

    /* U+006B "k" */
    0x2f, 0xfe, 0x0, 0x0, 0x0, 0x0, 0x0, 0x2f,
    0xfe, 0x0, 0x0, 0x0, 0x0, 0x0, 0x2f, 0xfe,
    0x0, 0x0, 0x0, 0x0, 0x0, 0x2f, 0xfe, 0x0,
    0x0, 0x0, 0x0, 0x0, 0x2f, 0xfe, 0x0, 0x0,
    0x0, 0x0, 0x0, 0x2f, 0xfe, 0x0, 0x0, 0x9f,
    0xfe, 0x10, 0x2f, 0xfe, 0x0, 0x8, 0xff, 0xe2,
    0x0, 0x2f, 0xfe, 0x0, 0x7f, 0xfe, 0x20, 0x0,
    0x2f, 0xfe, 0x5, 0xff, 0xe2, 0x0, 0x0, 0x2f,
    0xfe, 0x4f, 0xff, 0x30, 0x0, 0x0, 0x2f, 0xff,
    0xff, 0xfd, 0x0, 0x0, 0x0, 0x2f, 0xff, 0xff,
    0xff, 0x80, 0x0, 0x0, 0x2f, 0xff, 0xc5, 0xff,
    0xf3, 0x0, 0x0, 0x2f, 0xff, 0x0, 0x9f, 0xfd,
    0x0, 0x0, 0x2f, 0xfe, 0x0, 0xe, 0xff, 0x90,
    0x0, 0x2f, 0xfe, 0x0, 0x4, 0xff, 0xf4, 0x0,
    0x2f, 0xfe, 0x0, 0x0, 0xaf, 0xfe, 0x10, 0x2f,
    0xfe, 0x0, 0x0, 0x1e, 0xff, 0xa0,

    /* U+006C "l" */
    0x4f, 0xff, 0xff, 0xfb, 0x0, 0x0, 0x4f, 0xff,
    0xff, 0xfb, 0x0, 0x0, 0x27, 0x77, 0xaf, 0xfb,
    0x0, 0x0, 0x0, 0x0, 0x5f, 0xfb, 0x0, 0x0,
    0x0, 0x0, 0x5f, 0xfb, 0x0, 0x0, 0x0, 0x0,
    0x5f, 0xfb, 0x0, 0x0, 0x0, 0x0, 0x5f, 0xfb,
    0x0, 0x0, 0x0, 0x0, 0x5f, 0xfb, 0x0, 0x0,
    0x0, 0x0, 0x5f, 0xfb, 0x0, 0x0, 0x0, 0x0,
    0x5f, 0xfb, 0x0, 0x0, 0x0, 0x0, 0x5f, 0xfb,
    0x0, 0x0, 0x0, 0x0, 0x5f, 0xfb, 0x0, 0x0,
    0x0, 0x0, 0x5f, 0xfb, 0x0, 0x0, 0x0, 0x0,
    0x5f, 0xfb, 0x0, 0x0, 0x0, 0x0, 0x5f, 0xfb,
    0x0, 0x0, 0x27, 0x77, 0xaf, 0xfd, 0x77, 0x75,
    0x4f, 0xff, 0xff, 0xff, 0xff, 0xfb, 0x4f, 0xff,
    0xff, 0xff, 0xff, 0xfb,

    /* U+006D "m" */
    0x1f, 0xf7, 0x6e, 0xe4, 0x9, 0xee, 0x60, 0x1f,
    0xf9, 0xff, 0xfe, 0x7f, 0xff, 0xf1, 0x1f, 0xfe,
    0x6b, 0xff, 0xe6, 0xbf, 0xf5, 0x1f, 0xf7, 0x2,
    0xff, 0x80, 0x2f, 0xf7, 0x1f, 0xf7, 0x1, 0xff,
    0x70, 0xf, 0xf7, 0x1f, 0xf7, 0x1, 0xff, 0x70,
    0xf, 0xf7, 0x1f, 0xf7, 0x1, 0xff, 0x70, 0xf,
    0xf7, 0x1f, 0xf7, 0x1, 0xff, 0x70, 0xf, 0xf7,
    0x1f, 0xf7, 0x1, 0xff, 0x70, 0xf, 0xf7, 0x1f,
    0xf7, 0x1, 0xff, 0x70, 0xf, 0xf7, 0x1f, 0xf7,
    0x1, 0xff, 0x70, 0xf, 0xf7, 0x1f, 0xf7, 0x1,
    0xff, 0x70, 0xf, 0xf7, 0x1f, 0xf7, 0x1, 0xff,
    0x70, 0xf, 0xf7,

    /* U+006E "n" */
    0x3f, 0xfe, 0x5, 0xdf, 0xe8, 0x0, 0x3f, 0xfe,
    0x6f, 0xff, 0xff, 0xb0, 0x3f, 0xfe, 0xea, 0x8c,
    0xff, 0xf5, 0x3f, 0xff, 0x30, 0x0, 0xcf, 0xf9,
    0x3f, 0xfe, 0x0, 0x0, 0x7f, 0xfb, 0x3f, 0xfe,
    0x0, 0x0, 0x5f, 0xfb, 0x3f, 0xfe, 0x0, 0x0,
    0x5f, 0xfb, 0x3f, 0xfe, 0x0, 0x0, 0x5f, 0xfb,
    0x3f, 0xfe, 0x0, 0x0, 0x5f, 0xfb, 0x3f, 0xfe,
    0x0, 0x0, 0x5f, 0xfb, 0x3f, 0xfe, 0x0, 0x0,
    0x5f, 0xfb, 0x3f, 0xfe, 0x0, 0x0, 0x5f, 0xfb,
    0x3f, 0xfe, 0x0, 0x0, 0x5f, 0xfb,

    /* U+006F "o" */
    0x0, 0x6, 0xcf, 0xfd, 0x92, 0x0, 0x0, 0x1d,
    0xff, 0xff, 0xff, 0xf5, 0x0, 0xc, 0xff, 0xe8,
    0x7b, 0xff, 0xf2, 0x4, 0xff, 0xe1, 0x0, 0x8,
    0xff, 0xa0, 0x9f, 0xf7, 0x0, 0x0, 0x1f, 0xff,
    0xc, 0xff, 0x50, 0x0, 0x0, 0xff, 0xf2, 0xdf,
    0xf5, 0x0, 0x0, 0xf, 0xff, 0x3c, 0xff, 0x50,
    0x0, 0x0, 0xff, 0xf2, 0x9f, 0xf7, 0x0, 0x0,
    0x1f, 0xff, 0x4, 0xff, 0xe1, 0x0, 0x9, 0xff,
    0xa0, 0xc, 0xff, 0xe8, 0x7b, 0xff, 0xf3, 0x0,
    0x1d, 0xff, 0xff, 0xff, 0xf5, 0x0, 0x0, 0x7,
    0xcf, 0xfd, 0x92, 0x0, 0x0,

    /* U+0070 "p" */
    0x5f, 0xfb, 0x6, 0xdf, 0xe9, 0x10, 0x5, 0xff,
    0xb7, 0xff, 0xff, 0xfd, 0x0, 0x5f, 0xfd, 0xea,
    0x9c, 0xff, 0xf8, 0x5, 0xff, 0xf2, 0x0, 0x9,
    0xff, 0xe0, 0x5f, 0xfc, 0x0, 0x0, 0xf, 0xff,
    0x25, 0xff, 0xb0, 0x0, 0x0, 0xef, 0xf4, 0x5f,
    0xfb, 0x0, 0x0, 0xe, 0xff, 0x45, 0xff, 0xb0,
    0x0, 0x0, 0xef, 0xf4, 0x5f, 0xfc, 0x0, 0x0,
    0xf, 0xff, 0x25, 0xff, 0xf2, 0x0, 0x8, 0xff,
    0xe0, 0x5f, 0xfd, 0xea, 0x8c, 0xff, 0xf8, 0x5,
    0xff, 0xb7, 0xff, 0xff, 0xfd, 0x0, 0x5f, 0xfb,
    0x6, 0xdf, 0xe9, 0x10, 0x5, 0xff, 0xb0, 0x0,
    0x0, 0x0, 0x0, 0x5f, 0xfb, 0x0, 0x0, 0x0,
    0x0, 0x5, 0xff, 0xb0, 0x0, 0x0, 0x0, 0x0,
    0x5f, 0xfb, 0x0, 0x0, 0x0, 0x0, 0x5, 0xff,
    0xb0, 0x0, 0x0, 0x0, 0x0,

    /* U+0071 "q" */
    0x0, 0x5c, 0xfe, 0x91, 0x5f, 0xfc, 0x7, 0xff,
    0xff, 0xfd, 0x5f, 0xfc, 0x2f, 0xff, 0xe9, 0x9d,
    0xdf, 0xfc, 0x8f, 0xfe, 0x10, 0x0, 0xbf, 0xfc,
    0xcf, 0xf7, 0x0, 0x0, 0x5f, 0xfc, 0xdf, 0xf5,
    0x0, 0x0, 0x5f, 0xfc, 0xef, 0xf4, 0x0, 0x0,
    0x5f, 0xfc, 0xdf, 0xf5, 0x0, 0x0, 0x5f, 0xfc,
    0xcf, 0xf7, 0x0, 0x0, 0x5f, 0xfc, 0x8f, 0xfe,
    0x10, 0x0, 0xbf, 0xfc, 0x2f, 0xff, 0xe9, 0x9d,
    0xdf, 0xfc, 0x8, 0xff, 0xff, 0xfd, 0x5f, 0xfc,
    0x0, 0x5c, 0xfe, 0xa1, 0x5f, 0xfc, 0x0, 0x0,
    0x0, 0x0, 0x5f, 0xfc, 0x0, 0x0, 0x0, 0x0,
    0x5f, 0xfc, 0x0, 0x0, 0x0, 0x0, 0x5f, 0xfc,
    0x0, 0x0, 0x0, 0x0, 0x5f, 0xfc, 0x0, 0x0,
    0x0, 0x0, 0x5f, 0xfc,

    /* U+0072 "r" */
    0x3f, 0xff, 0xff, 0xf0, 0x1a, 0xff, 0x73, 0xff,
    0xff, 0xff, 0xd, 0xff, 0xf7, 0x17, 0x78, 0xff,
    0xf8, 0xff, 0xff, 0x70, 0x0, 0x2f, 0xff, 0xc5,
    0x0, 0x0, 0x0, 0x2, 0xff, 0xf5, 0x0, 0x0,
    0x0, 0x0, 0x2f, 0xff, 0x0, 0x0, 0x0, 0x0,
    0x2, 0xff, 0xf0, 0x0, 0x0, 0x0, 0x0, 0x2f,
    0xff, 0x0, 0x0, 0x0, 0x0, 0x2, 0xff, 0xf0,
    0x0, 0x0, 0x0, 0x0, 0x2f, 0xff, 0x0, 0x0,
    0x0, 0x17, 0x78, 0xff, 0xf7, 0x77, 0x71, 0x3,
    0xff, 0xff, 0xff, 0xff, 0xff, 0x30, 0x3f, 0xff,
    0xff, 0xff, 0xff, 0xf3, 0x0,

    /* U+0073 "s" */
    0x0, 0x18, 0xcf, 0xfe, 0xc7, 0x0, 0x2, 0xef,
    0xff, 0xff, 0xff, 0xe2, 0xb, 0xff, 0xc6, 0x56,
    0xbf, 0xe2, 0xf, 0xff, 0x0, 0x0, 0x5, 0x30,
    0xf, 0xff, 0x60, 0x0, 0x0, 0x0, 0xa, 0xff,
    0xff, 0xda, 0x72, 0x0, 0x0, 0xbf, 0xff, 0xff,
    0xff, 0x90, 0x0, 0x3, 0x7a, 0xcf, 0xff, 0xf6,
    0x0, 0x0, 0x0, 0x0, 0x9f, 0xfb, 0x7, 0xa0,
    0x0, 0x0, 0x6f, 0xfa, 0x6f, 0xfe, 0x85, 0x57,
    0xef, 0xf6, 0xa, 0xff, 0xff, 0xff, 0xff, 0xa0,
    0x0, 0x49, 0xdf, 0xfe, 0xb5, 0x0,

    /* U+0074 "t" */
    0x0, 0x0, 0x3f, 0xfa, 0x0, 0x0, 0x0, 0x0,
    0x3, 0xff, 0xa0, 0x0, 0x0, 0x0, 0x0, 0x3f,
    0xfa, 0x0, 0x0, 0x0, 0x0, 0x7, 0xff, 0xa0,
    0x0, 0x0, 0xf, 0xff, 0xff, 0xff, 0xff, 0xff,
    0xb0, 0xff, 0xff, 0xff, 0xff, 0xff, 0xfb, 0x7,
    0x77, 0xbf, 0xfd, 0x77, 0x77, 0x50, 0x0, 0x6,
    0xff, 0xa0, 0x0, 0x0, 0x0, 0x0, 0x6f, 0xfa,
    0x0, 0x0, 0x0, 0x0, 0x6, 0xff, 0xa0, 0x0,
    0x0, 0x0, 0x0, 0x6f, 0xfa, 0x0, 0x0, 0x0,
    0x0, 0x6, 0xff, 0xa0, 0x0, 0x0, 0x0, 0x0,
    0x6f, 0xfa, 0x0, 0x0, 0x0, 0x0, 0x6, 0xff,
    0xa0, 0x0, 0x0, 0x0, 0x0, 0x4f, 0xfd, 0x77,
    0x77, 0x50, 0x0, 0x0, 0xdf, 0xff, 0xff, 0xfb,
    0x0, 0x0, 0x1, 0xbe, 0xff, 0xff, 0xb0,

    /* U+0075 "u" */
    0x5f, 0xfc, 0x0, 0x0, 0x7f, 0xf9, 0x5f, 0xfc,
    0x0, 0x0, 0x7f, 0xf9, 0x5f, 0xfc, 0x0, 0x0,
    0x7f, 0xf9, 0x5f, 0xfc, 0x0, 0x0, 0x7f, 0xf9,
    0x5f, 0xfc, 0x0, 0x0, 0x7f, 0xf9, 0x5f, 0xfc,
    0x0, 0x0, 0x7f, 0xf9, 0x5f, 0xfc, 0x0, 0x0,
    0x7f, 0xf9, 0x5f, 0xfc, 0x0, 0x0, 0x7f, 0xf9,
    0x4f, 0xfd, 0x0, 0x0, 0x7f, 0xf9, 0x3f, 0xff,
    0x30, 0x0, 0xcf, 0xf9, 0xe, 0xff, 0xe9, 0x8d,
    0xdf, 0xf9, 0x5, 0xff, 0xff, 0xfc, 0x7f, 0xf9,
    0x0, 0x5c, 0xfe, 0x91, 0x7f, 0xf9,

    /* U+0076 "v" */
    0xe, 0xff, 0x40, 0x0, 0x0, 0xcf, 0xf4, 0x9,
    0xff, 0x90, 0x0, 0x1, 0xff, 0xf0, 0x3, 0xff,
    0xd0, 0x0, 0x5, 0xff, 0xa0, 0x0, 0xef, 0xf2,
    0x0, 0xa, 0xff, 0x40, 0x0, 0x8f, 0xf7, 0x0,
    0xf, 0xfe, 0x0, 0x0, 0x3f, 0xfc, 0x0, 0x4f,
    0xf9, 0x0, 0x0, 0xd, 0xff, 0x10, 0x8f, 0xf4,
    0x0, 0x0, 0x8, 0xff, 0x50, 0xdf, 0xe0, 0x0,
    0x0, 0x2, 0xff, 0xa2, 0xff, 0x90, 0x0, 0x0,
    0x0, 0xdf, 0xe7, 0xff, 0x30, 0x0, 0x0, 0x0,
    0x8f, 0xfe, 0xfe, 0x0, 0x0, 0x0, 0x0, 0x2f,
    0xff, 0xf8, 0x0, 0x0, 0x0, 0x0, 0xd, 0xff,
    0xf3, 0x0, 0x0,

    /* U+0077 "w" */
    0x9f, 0xf0, 0x3, 0xff, 0xb0, 0x7, 0xff, 0x7,
    0xff, 0x0, 0x6f, 0xfe, 0x0, 0x8f, 0xe0, 0x5f,
    0xf2, 0x8, 0xff, 0xf0, 0xa, 0xfc, 0x3, 0xff,
    0x30, 0xbf, 0xdf, 0x30, 0xbf, 0xa0, 0x1f, 0xf5,
    0xd, 0xe8, 0xf5, 0xd, 0xf8, 0x0, 0xff, 0x70,
    0xfc, 0x5f, 0x70, 0xff, 0x60, 0xd, 0xf8, 0x2f,
    0xa3, 0xfa, 0xf, 0xf4, 0x0, 0xbf, 0xa5, 0xf7,
    0x1f, 0xc2, 0xff, 0x20, 0xa, 0xfb, 0x7f, 0x50,
    0xef, 0x3f, 0xf0, 0x0, 0x8f, 0xda, 0xf2, 0xc,
    0xf7, 0xfe, 0x0, 0x6, 0xfe, 0xdf, 0x0, 0x9f,
    0xcf, 0xc0, 0x0, 0x4f, 0xff, 0xd0, 0x7, 0xff,
    0xfa, 0x0, 0x2, 0xff, 0xfb, 0x0, 0x4f, 0xff,
    0x80, 0x0,

    /* U+0078 "x" */
    0x9, 0xff, 0xe0, 0x0, 0x4, 0xff, 0xe1, 0x0,
    0xdf, 0xf9, 0x0, 0xe, 0xff, 0x40, 0x0, 0x3f,
    0xff, 0x30, 0x9f, 0xf9, 0x0, 0x0, 0x8, 0xff,
    0xd3, 0xff, 0xd0, 0x0, 0x0, 0x0, 0xdf, 0xff,
    0xff, 0x30, 0x0, 0x0, 0x0, 0x3f, 0xff, 0xf7,
    0x0, 0x0, 0x0, 0x0, 0xb, 0xff, 0xf2, 0x0,
    0x0, 0x0, 0x0, 0x5f, 0xff, 0xfc, 0x0, 0x0,
    0x0, 0x1, 0xef, 0xed, 0xff, 0x70, 0x0, 0x0,
    0xb, 0xff, 0x53, 0xff, 0xf3, 0x0, 0x0, 0x6f,
    0xfb, 0x0, 0x9f, 0xfd, 0x0, 0x2, 0xff, 0xf2,
    0x0, 0xe, 0xff, 0x80, 0xc, 0xff, 0x60, 0x0,
    0x4, 0xff, 0xf3,

    /* U+0079 "y" */
    0x1f, 0xff, 0x20, 0x0, 0x0, 0x9f, 0xf8, 0xb,
    0xff, 0x70, 0x0, 0x0, 0xef, 0xf2, 0x5, 0xff,
    0xd0, 0x0, 0x4, 0xff, 0xb0, 0x0, 0xef, 0xf2,
    0x0, 0xa, 0xff, 0x50, 0x0, 0x8f, 0xf8, 0x0,
    0xf, 0xfe, 0x0, 0x0, 0x2f, 0xfd, 0x0, 0x5f,
    0xf9, 0x0, 0x0, 0xc, 0xff, 0x30, 0xaf, 0xf2,
    0x0, 0x0, 0x6, 0xff, 0x80, 0xff, 0xc0, 0x0,
    0x0, 0x0, 0xff, 0xd4, 0xff, 0x60, 0x0, 0x0,
    0x0, 0xaf, 0xfc, 0xff, 0x0, 0x0, 0x0, 0x0,
    0x3f, 0xff, 0xfa, 0x0, 0x0, 0x0, 0x0, 0xd,
    0xff, 0xf3, 0x0, 0x0, 0x0, 0x0, 0x7, 0xff,
    0xd0, 0x0, 0x0, 0x0, 0x0, 0x8, 0xff, 0x70,
    0x0, 0x0, 0x0, 0x0, 0xe, 0xff, 0x10, 0x0,
    0x0, 0x1, 0x77, 0x9f, 0xfa, 0x0, 0x0, 0x0,
    0x3, 0xff, 0xff, 0xf2, 0x0, 0x0, 0x0, 0x3,
    0xff, 0xfc, 0x30, 0x0, 0x0, 0x0,

    /* U+007A "z" */
    0xf, 0xff, 0xff, 0xff, 0xff, 0xf7, 0xf, 0xff,
    0xff, 0xff, 0xff, 0xf7, 0x7, 0x77, 0x77, 0x7a,
    0xff, 0xf6, 0x0, 0x0, 0x0, 0x1e, 0xff, 0xa0,
    0x0, 0x0, 0x1, 0xdf, 0xfb, 0x0, 0x0, 0x0,
    0xc, 0xff, 0xc0, 0x0, 0x0, 0x0, 0xbf, 0xfd,
    0x10, 0x0, 0x0, 0xa, 0xff, 0xe1, 0x0, 0x0,
    0x0, 0x9f, 0xfe, 0x20, 0x0, 0x0, 0x8, 0xff,
    0xf3, 0x0, 0x0, 0x0, 0x3f, 0xff, 0xb7, 0x77,
    0x77, 0x75, 0x4f, 0xff, 0xff, 0xff, 0xff, 0xfa,
    0x4f, 0xff, 0xff, 0xff, 0xff, 0xfa,

    /* U+007B "{" */
    0x0, 0x0, 0x1, 0x22, 0x22, 0x0, 0x0, 0x3e,
    0xff, 0xff, 0xf1, 0x0, 0xb, 0xff, 0xff, 0xff,
    0x10, 0x0, 0xef, 0x90, 0x0, 0x0, 0x0, 0xe,
    0xf9, 0x0, 0x0, 0x0, 0x0, 0xcf, 0xc0, 0x0,
    0x0, 0x0, 0x6, 0xff, 0x40, 0x0, 0x0, 0x0,
    0xb, 0xfe, 0x10, 0x0, 0x0, 0x0, 0x1f, 0xf8,
    0x0, 0x0, 0x0, 0x0, 0xef, 0xa0, 0x0, 0x12,
    0x24, 0x9f, 0xf5, 0x0, 0xb, 0xff, 0xff, 0xb5,
    0x0, 0x0, 0xbf, 0xff, 0xfd, 0x70, 0x0, 0x0,
    0x0, 0x17, 0xff, 0x70, 0x0, 0x0, 0x0, 0xe,
    0xfa, 0x0, 0x0, 0x0, 0x2, 0xff, 0x70, 0x0,
    0x0, 0x0, 0xdf, 0xd0, 0x0, 0x0, 0x0, 0x7f,
    0xf3, 0x0, 0x0, 0x0, 0xc, 0xfb, 0x0, 0x0,
    0x0, 0x0, 0xef, 0x90, 0x0, 0x0, 0x0, 0xd,
    0xfa, 0x22, 0x22, 0x0, 0x0, 0xaf, 0xff, 0xff,
    0xf1, 0x0, 0x2, 0xbf, 0xff, 0xff, 0x10,

    /* U+007C "|" */
    0x1, 0x10, 0x2f, 0xf8, 0x2f, 0xf8, 0x2f, 0xf8,
    0x2f, 0xf8, 0x2f, 0xf8, 0x2f, 0xf8, 0x2f, 0xf8,
    0x2f, 0xf8, 0x2f, 0xf8, 0x2f, 0xf8, 0x2f, 0xf8,
    0x2f, 0xf8, 0x2f, 0xf8, 0x2f, 0xf8, 0x2f, 0xf8,
    0x2f, 0xf8, 0x2f, 0xf8, 0x2f, 0xf8, 0x2f, 0xf8,
    0x2f, 0xf8, 0x2f, 0xf8, 0x2f, 0xf8,

    /* U+007D "}" */
    0x12, 0x22, 0x20, 0x0, 0x0, 0xb, 0xff, 0xff,
    0xf7, 0x0, 0x0, 0xbf, 0xff, 0xff, 0xf2, 0x0,
    0x0, 0x0, 0x3, 0xff, 0x40, 0x0, 0x0, 0x0,
    0x3f, 0xf4, 0x0, 0x0, 0x0, 0x6, 0xff, 0x20,
    0x0, 0x0, 0x0, 0xdf, 0xc0, 0x0, 0x0, 0x0,
    0x9f, 0xf2, 0x0, 0x0, 0x0, 0x2f, 0xf7, 0x0,
    0x0, 0x0, 0x4, 0xff, 0x40, 0x0, 0x0, 0x0,
    0xe, 0xfd, 0x53, 0x22, 0x0, 0x0, 0x29, 0xef,
    0xff, 0xf1, 0x0, 0x3, 0xcf, 0xff, 0xff, 0x10,
    0x1, 0xff, 0xb3, 0x0, 0x0, 0x0, 0x4f, 0xf4,
    0x0, 0x0, 0x0, 0x1, 0xff, 0x80, 0x0, 0x0,
    0x0, 0x7, 0xff, 0x40, 0x0, 0x0, 0x0, 0xc,
    0xfd, 0x0, 0x0, 0x0, 0x0, 0x5f, 0xf2, 0x0,
    0x0, 0x0, 0x3, 0xff, 0x40, 0x0, 0x12, 0x22,
    0x5f, 0xf4, 0x0, 0xb, 0xff, 0xff, 0xff, 0x10,
    0x0, 0xbf, 0xff, 0xfd, 0x50, 0x0, 0x0,

    /* U+007E "~" */
    0x0, 0x1a, 0xfe, 0x80, 0x0, 0x9, 0x72, 0x0,
    0xcf, 0xff, 0xfa, 0x0, 0x1f, 0xf4, 0x4, 0xff,
    0xce, 0xff, 0x70, 0x6f, 0xf0, 0xa, 0xfc, 0x2,
    0xff, 0xfb, 0xff, 0xb0, 0xd, 0xf7, 0x0, 0x4f,
    0xff, 0xff, 0x30, 0x6, 0x93, 0x0, 0x4, 0xdf,
    0xd4, 0x0,

    /* U+00A0 " " */

    /* U+00A1 "¡" */
    0x6e, 0xfb, 0xe, 0xff, 0xf5, 0xff, 0xff, 0x59,
    0xff, 0xe1, 0x2, 0x30, 0x0, 0x0, 0x0, 0x1,
    0x30, 0x0, 0x7d, 0x0, 0xa, 0xf0, 0x0, 0xdf,
    0x30, 0xf, 0xf6, 0x3, 0xff, 0x90, 0x6f, 0xfc,
    0x7, 0xff, 0xe0, 0x7f, 0xfe, 0x7, 0xff, 0xe0,
    0x7f, 0xfe, 0x7, 0xff, 0xe0,

    /* U+00A2 "¢" */
    0x0, 0x0, 0x3, 0x53, 0x0, 0x0, 0x0, 0x0,
    0xa, 0xfb, 0x0, 0x0, 0x0, 0x0, 0xa, 0xfb,
    0x0, 0x0, 0x0, 0x1, 0x7e, 0xfe, 0x82, 0x0,
    0x0, 0x4f, 0xff, 0xff, 0xff, 0x60, 0x3, 0xff,
    0xff, 0xfe, 0xff, 0xf3, 0xb, 0xff, 0x77, 0xf8,
    0x5f, 0xd4, 0x1f, 0xfd, 0x7, 0xf8, 0x4, 0x0,
    0x4f, 0xfa, 0x7, 0xf8, 0x0, 0x0, 0x5f, 0xf9,
    0x7, 0xf8, 0x0, 0x0, 0x5f, 0xf9, 0x7, 0xf8,
    0x0, 0x0, 0x3f, 0xfa, 0x7, 0xf8, 0x0, 0x0,
    0xf, 0xfe, 0x7, 0xf8, 0x8, 0x50, 0x9, 0xff,
    0xb9, 0xf9, 0x8f, 0xf9, 0x1, 0xdf, 0xff, 0xff,
    0xff, 0xf2, 0x0, 0x1b, 0xff, 0xff, 0xfd, 0x30,
    0x0, 0x0, 0x2c, 0xfd, 0x30, 0x0, 0x0, 0x0,
    0xa, 0xfb, 0x0, 0x0, 0x0, 0x0, 0xa, 0xfb,
    0x0, 0x0,

    /* U+00A3 "£" */
    0x0, 0x2, 0x9d, 0xff, 0xd8, 0x10, 0x0, 0x5,
    0xff, 0xff, 0xff, 0xff, 0x40, 0x2, 0xff, 0xff,
    0xdd, 0xff, 0xff, 0x10, 0x9f, 0xfe, 0x30, 0x1,
    0xbf, 0x60, 0xc, 0xff, 0x80, 0x0, 0x0, 0x30,
    0x0, 0xcf, 0xf6, 0x0, 0x0, 0x0, 0x0, 0x9,
    0xff, 0x80, 0x0, 0x0, 0x0, 0x0, 0x4f, 0xfd,
    0x0, 0x0, 0x0, 0x0, 0xdf, 0xff, 0xff, 0xff,
    0xf6, 0x0, 0xd, 0xff, 0xff, 0xff, 0xff, 0x60,
    0x0, 0x67, 0xaf, 0xfe, 0x77, 0x73, 0x0, 0x0,
    0x6, 0xff, 0xb0, 0x0, 0x0, 0x0, 0x0, 0xbf,
    0xf6, 0x0, 0x0, 0x0, 0x0, 0x9f, 0xf9, 0x0,
    0x0, 0x0, 0x0, 0x4f, 0xff, 0xee, 0xee, 0xee,
    0xee, 0x24, 0xff, 0xff, 0xff, 0xff, 0xff, 0xf2,
    0x4f, 0xff, 0xff, 0xff, 0xff, 0xff, 0x20,

    /* U+00A4 "¤" */
    0x0, 0x10, 0x0, 0x0, 0x0, 0x0, 0x2, 0xbe,
    0x0, 0x0, 0x0, 0x8e, 0x60, 0x6f, 0xf7, 0x0,
    0x0, 0x2f, 0xfc, 0x0, 0xcf, 0xfc, 0xff, 0xdd,
    0xff, 0x30, 0x4, 0xff, 0xff, 0xff, 0xff, 0xa0,
    0x0, 0x7f, 0xfe, 0x76, 0xcf, 0xfd, 0x0, 0xe,
    0xff, 0x30, 0x0, 0xdf, 0xf4, 0x2, 0xff, 0xe0,
    0x0, 0x8, 0xff, 0x80, 0x4f, 0xfd, 0x0, 0x0,
    0x6f, 0xfa, 0x4, 0xff, 0xd0, 0x0, 0x6, 0xff,
    0xa0, 0x2f, 0xfe, 0x0, 0x0, 0x8f, 0xf8, 0x0,
    0xef, 0xf3, 0x0, 0xd, 0xff, 0x40, 0x7, 0xff,
    0xe7, 0x6c, 0xff, 0xd0, 0x0, 0x4f, 0xff, 0xff,
    0xff, 0xfa, 0x0, 0xc, 0xff, 0xcf, 0xfd, 0xdf,
    0xf3, 0x6, 0xff, 0x70, 0x0, 0x2, 0xff, 0xc0,
    0x2b, 0xe0, 0x0, 0x0, 0x8, 0xe6, 0x0, 0x1,
    0x0, 0x0, 0x0, 0x1, 0x0,

    /* U+00A5 "¥" */
    0x9f, 0xfa, 0x0, 0x0, 0x0, 0x2f, 0xff, 0x2,
    0xff, 0xf1, 0x0, 0x0, 0x9, 0xff, 0x80, 0xb,
    0xff, 0x70, 0x0, 0x0, 0xff, 0xf1, 0x0, 0x4f,
    0xfe, 0x0, 0x0, 0x6f, 0xfa, 0x0, 0x0, 0xcf,
    0xf4, 0x0, 0xc, 0xff, 0x30, 0x0, 0x5, 0xff,
    0xb0, 0x3, 0xff, 0xc0, 0x0, 0x0, 0xe, 0xff,
    0x20, 0xaf, 0xf4, 0x0, 0x0, 0x0, 0x7f, 0xf8,
    0x1f, 0xfd, 0x0, 0x0, 0x0, 0x0, 0xff, 0xe7,
    0xff, 0x60, 0x0, 0x0, 0x8f, 0xff, 0xff, 0xff,
    0xff, 0xfe, 0x0, 0x8, 0xff, 0xff, 0xff, 0xff,
    0xff, 0xe0, 0x0, 0x37, 0x77, 0x9f, 0xfd, 0x77,
    0x76, 0x0, 0x0, 0x0, 0x4, 0xff, 0xb0, 0x0,
    0x0, 0x0, 0x0, 0x0, 0x4f, 0xfb, 0x0, 0x0,
    0x0, 0x3, 0x77, 0x79, 0xff, 0xd7, 0x77, 0x60,
    0x0, 0x8f, 0xff, 0xff, 0xff, 0xff, 0xfe, 0x0,
    0x8, 0xff, 0xff, 0xff, 0xff, 0xff, 0xe0, 0x0,

    /* U+00A6 "¦" */
    0x2f, 0xf8, 0x2f, 0xf8, 0x2f, 0xf8, 0x2f, 0xf8,
    0x2f, 0xf8, 0x2f, 0xf8, 0x2f, 0xf8, 0x2f, 0xf8,
    0x1d, 0xd6, 0x0, 0x0, 0x0, 0x0, 0x0, 0x0,
    0x0, 0x0, 0x1d, 0xd6, 0x2f, 0xf8, 0x2f, 0xf8,
    0x2f, 0xf8, 0x2f, 0xf8, 0x2f, 0xf8, 0x2f, 0xf8,
    0x2f, 0xf8, 0x2f, 0xf8,

    /* U+00A7 "§" */
    0x0, 0x3, 0xae, 0xfe, 0xb6, 0x0, 0x0, 0x7f,
    0xff, 0xff, 0xff, 0xd0, 0x2, 0xff, 0xe8, 0x56,
    0xcf, 0x80, 0x7, 0xff, 0x50, 0x0, 0x5, 0x0,
    0x8, 0xff, 0x30, 0x0, 0x0, 0x0, 0x5, 0xff,
    0xc2, 0x0, 0x0, 0x0, 0x0, 0xdf, 0xff, 0xd8,
    0x30, 0x0, 0x0, 0x2e, 0xff, 0xff, 0xfc, 0x30,
    0x0, 0x7e, 0x7a, 0xff, 0xff, 0xf3, 0x9, 0xf9,
    0x0, 0x4, 0xcf, 0xfa, 0x1f, 0xf5, 0x0, 0x0,
    0x1f, 0xfd, 0x4f, 0xf8, 0x0, 0x0, 0xd, 0xfa,
    0x2f, 0xff, 0x82, 0x0, 0x1f, 0xf2, 0xa, 0xff,
    0xff, 0xd8, 0xbc, 0x30, 0x0, 0x8f, 0xff, 0xff,
    0xf8, 0x0, 0x0, 0x0, 0x5a, 0xff, 0xff, 0x60,
    0x0, 0x0, 0x0, 0x6, 0xff, 0xe0, 0x0, 0x0,
    0x0, 0x0, 0xaf, 0xf0, 0x0, 0x32, 0x0, 0x0,
    0xcf, 0xf0, 0x1, 0xef, 0x95, 0x6b, 0xff, 0xa0,
    0x5, 0xff, 0xff, 0xff, 0xfd, 0x10, 0x0, 0x29,
    0xdf, 0xfc, 0x70, 0x0,

    /* U+00A8 "¨" */
    0x1, 0x53, 0x0, 0x15, 0x30, 0xe, 0xff, 0x40,
    0xef, 0xf5, 0xf, 0xff, 0x60, 0xff, 0xf7, 0xa,
    0xfd, 0x20, 0x9f, 0xd2,

    /* U+00A9 "©" */
    0x0, 0x0, 0x0, 0x0, 0x0, 0x0, 0x0, 0x0,
    0x0, 0x18, 0xdf, 0xfe, 0xa3, 0x0, 0x0, 0x0,
    0x4e, 0xe8, 0x54, 0x7c, 0xf9, 0x0, 0x0, 0x3f,
    0xb1, 0x0, 0x0, 0x6, 0xf9, 0x0, 0xd, 0xc0,
    0x8, 0xef, 0xd5, 0x6, 0xf4, 0x5, 0xf2, 0xb,
    0xff, 0xff, 0xf5, 0xc, 0xb0, 0xac, 0x5, 0xff,
    0x61, 0x9f, 0x80, 0x6f, 0xd, 0x90, 0xaf, 0xd0,
    0x0, 0x30, 0x2, 0xf4, 0xf8, 0xc, 0xfc, 0x0,
    0x0, 0x0, 0x1f, 0x5f, 0x80, 0xcf, 0xc0, 0x0,
    0x0, 0x1, 0xf5, 0xe9, 0xa, 0xfd, 0x0, 0x4,
    0x0, 0x2f, 0x4b, 0xb0, 0x5f, 0xf6, 0x17, 0xfa,
    0x5, 0xf1, 0x6f, 0x10, 0xbf, 0xff, 0xff, 0x70,
    0xbc, 0x0, 0xea, 0x0, 0x8e, 0xfd, 0x60, 0x4f,
    0x50, 0x5, 0xf8, 0x0, 0x0, 0x0, 0x3e, 0xb0,
    0x0, 0x6, 0xfc, 0x62, 0x24, 0x9f, 0xc1, 0x0,
    0x0, 0x3, 0xbf, 0xff, 0xfd, 0x60, 0x0, 0x0,
    0x0, 0x0, 0x3, 0x32, 0x0, 0x0, 0x0,

    /* U+00AA "ª" */
    0x5, 0xcf, 0xeb, 0x30, 0x6, 0xfe, 0xbd, 0xff,
    0x20, 0x9, 0x10, 0xc, 0xf7, 0x0, 0x0, 0x0,
    0xaf, 0x90, 0x9, 0xef, 0xff, 0xf9, 0xa, 0xfb,
    0x43, 0xbf, 0x90, 0xdf, 0x40, 0xa, 0xf9, 0xa,
    0xfb, 0x58, 0xdf, 0xd5, 0x1b, 0xfe, 0x92, 0xdf,
    0x80,

    /* U+00AB "«" */
    0x0, 0x0, 0x1, 0x0, 0x0, 0x0, 0x0, 0x0,
    0x7, 0xc0, 0x0, 0xb, 0x80, 0x0, 0xa, 0xff,
    0x20, 0x1c, 0xfe, 0x0, 0x1b, 0xff, 0xa0, 0x2e,
    0xff, 0x70, 0x1d, 0xff, 0xb0, 0x4f, 0xff, 0x80,
    0x7, 0xff, 0xc0, 0xb, 0xff, 0x90, 0x0, 0x7f,
    0xf5, 0x0, 0xbf, 0xf2, 0x0, 0x6, 0xff, 0xf3,
    0xa, 0xff, 0xd1, 0x0, 0x9, 0xff, 0xe2, 0x1c,
    0xff, 0xc0, 0x0, 0x6, 0xff, 0xe1, 0xa, 0xff,
    0xb0, 0x0, 0x4, 0xff, 0x10, 0x7, 0xfd, 0x0,
    0x0, 0x3, 0x80, 0x0, 0x5, 0x50,

    /* U+00AC "¬" */
    0x48, 0x88, 0x88, 0x88, 0x88, 0x84, 0x8f, 0xff,
    0xff, 0xff, 0xff, 0xf8, 0x8f, 0xff, 0xff, 0xff,
    0xff, 0xf8, 0x0, 0x0, 0x0, 0x0, 0xf, 0xf8,
    0x0, 0x0, 0x0, 0x0, 0xf, 0xf8, 0x0, 0x0,
    0x0, 0x0, 0xf, 0xf8, 0x0, 0x0, 0x0, 0x0,
    0xf, 0xf8, 0x0, 0x0, 0x0, 0x0, 0x8, 0x84,

    /* U+00AD "­" */
    0x1, 0x11, 0x11, 0x11, 0x8f, 0xff, 0xff, 0xfe,
    0x8f, 0xff, 0xff, 0xfe, 0x8f, 0xff, 0xff, 0xfe,

    /* U+00AE "®" */
    0x0, 0x8, 0xdd, 0xa2, 0x0, 0x1, 0xd9, 0x32,
    0x6e, 0x50, 0xa, 0x89, 0xff, 0xb3, 0xe1, 0xf,
    0x19, 0x93, 0xf1, 0xb7, 0x2f, 0x9, 0xff, 0xa0,
    0x99, 0x1f, 0x19, 0x99, 0xb0, 0xb7, 0xc, 0x66,
    0x61, 0xa3, 0xe2, 0x2, 0xe6, 0x0, 0x3d, 0x70,
    0x0, 0x2b, 0xff, 0xd5, 0x0, 0x0, 0x0, 0x0,
    0x0, 0x0,

    /* U+00AF "¯" */
    0x14, 0x44, 0x44, 0x43, 0x6f, 0xff, 0xff, 0xfc,
    0x6f, 0xff, 0xff, 0xfc,

    /* U+00B0 "°" */
    0x0, 0x1a, 0xef, 0xc5, 0x0, 0x1, 0xef, 0xff,
    0xff, 0x70, 0xb, 0xfd, 0x43, 0x9f, 0xf2, 0x1f,
    0xf3, 0x0, 0xd, 0xf7, 0x2f, 0xf0, 0x0, 0xa,
    0xf9, 0x1f, 0xf3, 0x0, 0xd, 0xf7, 0xb, 0xfd,
    0x43, 0x9f, 0xf2, 0x1, 0xef, 0xff, 0xff, 0x70,
    0x0, 0x1a, 0xef, 0xc4, 0x0,

    /* U+00B1 "±" */
    0x0, 0x0, 0x3, 0x31, 0x0, 0x0, 0x0, 0x0,
    0x2f, 0xf8, 0x0, 0x0, 0x0, 0x0, 0x2f, 0xf8,
    0x0, 0x0, 0x0, 0x0, 0x2f, 0xf8, 0x0, 0x0,
    0x0, 0x0, 0x2f, 0xf8, 0x0, 0x0, 0x8f, 0xff,
    0xff, 0xff, 0xff, 0xfe, 0x8f, 0xff, 0xff, 0xff,
    0xff, 0xfe, 0x48, 0x88, 0x9f, 0xfc, 0x88, 0x87,
    0x0, 0x0, 0x2f, 0xf8, 0x0, 0x0, 0x0, 0x0,
    0x2f, 0xf8, 0x0, 0x0, 0x0, 0x0, 0x2f, 0xf8,
    0x0, 0x0, 0x0, 0x0, 0x2f, 0xf8, 0x0, 0x0,
    0x0, 0x0, 0x0, 0x0, 0x0, 0x0, 0x49, 0x99,
    0x99, 0x99, 0x99, 0x98, 0x8f, 0xff, 0xff, 0xff,
    0xff, 0xfe, 0x8f, 0xff, 0xff, 0xff, 0xff, 0xfe,

    /* U+00B2 "²" */
    0x1, 0xae, 0xfc, 0x50, 0xd, 0xfe, 0xef, 0xf3,
    0x19, 0xc0, 0xd, 0xf8, 0x0, 0x0, 0xe, 0xf6,
    0x0, 0x0, 0xbf, 0xd0, 0x0, 0x2d, 0xfb, 0x10,
    0x5, 0xff, 0x60, 0x0, 0x1f, 0xfd, 0xcc, 0xc8,
    0x1f, 0xff, 0xff, 0xfb,

    /* U+00B3 "³" */
    0x4, 0xcf, 0xfc, 0x50, 0x1e, 0xfc, 0xcf, 0xf4,
    0x2, 0x30, 0xd, 0xf7, 0x0, 0xb, 0xdf, 0xb0,
    0x0, 0xf, 0xff, 0x90, 0x0, 0x0, 0x1d, 0xf7,
    0xa, 0x60, 0xb, 0xf9, 0x5f, 0xfc, 0xcf, 0xf4,
    0x5, 0xcf, 0xfc, 0x40,

    /* U+00B4 "´" */
    0x0, 0x26, 0x0, 0x0, 0xaf, 0xd3, 0x2, 0xff,
    0xd0, 0xa, 0xff, 0x30, 0x2f, 0xf7, 0x0, 0x5,
    0x90, 0x0,

    /* U+00B5 "µ" */
    0x3f, 0xfe, 0x0, 0x0, 0x7f, 0xf9, 0x3f, 0xfe,
    0x0, 0x0, 0x7f, 0xf9, 0x3f, 0xfe, 0x0, 0x0,
    0x7f, 0xf9, 0x3f, 0xfe, 0x0, 0x0, 0x7f, 0xf9,
    0x3f, 0xfe, 0x0, 0x0, 0x7f, 0xf9, 0x3f, 0xfe,
    0x0, 0x0, 0x7f, 0xf9, 0x3f, 0xfe, 0x0, 0x0,
    0x7f, 0xf9, 0x3f, 0xfe, 0x0, 0x0, 0x7f, 0xf9,
    0x3f, 0xff, 0x0, 0x0, 0x7f, 0xf9, 0x3f, 0xff,
    0x50, 0x0, 0xcf, 0xf9, 0x3f, 0xff, 0xf9, 0x8d,
    0xdf, 0xf9, 0x3f, 0xff, 0xff, 0xfd, 0x8f, 0xf9,
    0x3f, 0xf9, 0xcf, 0xb2, 0x7f, 0xf9, 0x3f, 0xf9,
    0x0, 0x0, 0x0, 0x0, 0x3f, 0xfc, 0x0, 0x0,
    0x0, 0x0, 0x3f, 0xfe, 0x0, 0x0, 0x0, 0x0,
    0x3f, 0xfe, 0x0, 0x0, 0x0, 0x0, 0x3f, 0xfe,
    0x0, 0x0, 0x0, 0x0,

    /* U+00B6 "¶" */
    0x0, 0x5, 0xbf, 0xff, 0xff, 0xff, 0xe0, 0x9,
    0xff, 0xff, 0xff, 0xff, 0xfe, 0x6, 0xff, 0xff,
    0xff, 0xc7, 0xcf, 0xe0, 0xef, 0xff, 0xff, 0xf9,
    0xa, 0xfe, 0x3f, 0xff, 0xff, 0xff, 0x90, 0xaf,
    0xe4, 0xff, 0xff, 0xff, 0xf9, 0xa, 0xfe, 0x3f,
    0xff, 0xff, 0xff, 0x90, 0xaf, 0xe0, 0xff, 0xff,
    0xff, 0xf9, 0xa, 0xfe, 0x8, 0xff, 0xff, 0xff,
    0x90, 0xaf, 0xe0, 0xc, 0xff, 0xff, 0xf9, 0xa,
    0xfe, 0x0, 0x8, 0xef, 0xff, 0x90, 0xaf, 0xe0,
    0x0, 0x0, 0x2e, 0xf9, 0xa, 0xfe, 0x0, 0x0,
    0x0, 0xef, 0x90, 0xaf, 0xe0, 0x0, 0x0, 0xe,
    0xf9, 0xa, 0xfe, 0x0, 0x0, 0x0, 0xef, 0x90,
    0xaf, 0xe0, 0x0, 0x0, 0xe, 0xf9, 0xa, 0xfe,
    0x0, 0x0, 0x0, 0xef, 0x90, 0xaf, 0xe0, 0x0,
    0x0, 0xe, 0xf9, 0xa, 0xfe, 0x0, 0x0, 0x0,
    0xef, 0x90, 0xaf, 0xe0, 0x0, 0x0, 0xe, 0xf9,
    0xa, 0xfe, 0x0, 0x0, 0x0, 0xef, 0x90, 0x9f,
    0xe0,

    /* U+00B7 "·" */
    0x0, 0x56, 0x20, 0xd, 0xff, 0xf3, 0x1f, 0xff,
    0xf7, 0xf, 0xff, 0xf6, 0x6, 0xef, 0xb0,

    /* U+00B8 "¸" */
    0x0, 0x8f, 0x0, 0x0, 0xa, 0xc0, 0x0, 0x0,
    0xcd, 0x75, 0x0, 0x10, 0x1c, 0xf6, 0xd, 0xca,
    0xff, 0x60, 0x8e, 0xfe, 0x80,

    /* U+00B9 "¹" */
    0x0, 0x6e, 0xfe, 0x0, 0xd, 0xff, 0xfe, 0x0,
    0x8, 0x95, 0xfe, 0x0, 0x0, 0x3, 0xfe, 0x0,
    0x0, 0x3, 0xfe, 0x0, 0x0, 0x3, 0xfe, 0x0,
    0x0, 0x3, 0xfe, 0x0, 0x6, 0xbc, 0xff, 0xba,
    0x9, 0xff, 0xff, 0xff,

    /* U+00BA "º" */
    0x2, 0xbe, 0xfd, 0x60, 0x2, 0xff, 0xdb, 0xff,
    0x70, 0xaf, 0xa0, 0x4, 0xff, 0x1e, 0xf5, 0x0,
    0xf, 0xf4, 0xff, 0x40, 0x0, 0xef, 0x6e, 0xf5,
    0x0, 0xf, 0xf5, 0xaf, 0xa0, 0x4, 0xff, 0x12,
    0xff, 0xdb, 0xff, 0x80, 0x2, 0xbf, 0xfd, 0x60,
    0x0,

    /* U+00BB "»" */
    0x1, 0x0, 0x0, 0x0, 0x0, 0x0, 0x1e, 0x30,
    0x0, 0x5c, 0x10, 0x0, 0x8f, 0xf5, 0x0, 0xcf,
    0xe2, 0x0, 0x2e, 0xff, 0x70, 0x4f, 0xff, 0x40,
    0x2, 0xef, 0xf9, 0x5, 0xff, 0xf6, 0x0, 0x3f,
    0xff, 0x10, 0x7f, 0xfd, 0x0, 0xb, 0xff, 0x10,
    0xe, 0xfd, 0x0, 0x8f, 0xff, 0x10, 0xbf, 0xfd,
    0x6, 0xff, 0xf4, 0xa, 0xff, 0xd2, 0x5f, 0xfe,
    0x20, 0x9f, 0xfc, 0x10, 0x6f, 0xc1, 0x0, 0xaf,
    0xa0, 0x0, 0xa, 0x0, 0x0, 0x38, 0x0, 0x0,

    /* U+00BC "¼" */
    0x0, 0x13, 0x30, 0x0, 0x0, 0x0, 0x33, 0x0,
    0x7f, 0xff, 0x0, 0x0, 0x0, 0x6f, 0xd0, 0x6f,
    0xbf, 0xf0, 0x0, 0x0, 0xe, 0xf4, 0x0, 0x30,
    0xff, 0x0, 0x0, 0x8, 0xfc, 0x0, 0x0, 0xf,
    0xf0, 0x0, 0x1, 0xff, 0x30, 0x0, 0x0, 0xff,
    0x0, 0x0, 0x9f, 0xa0, 0x0, 0x0, 0xf, 0xf0,
    0x0, 0x2f, 0xf2, 0x0, 0x0, 0x88, 0xff, 0x86,
    0xb, 0xf8, 0x0, 0x0, 0x1f, 0xff, 0xff, 0xc0,
    0x22, 0x0, 0x0, 0x0, 0x0, 0x0, 0x0, 0x0,
    0x2, 0x55, 0x0, 0x0, 0x0, 0x67, 0x20, 0x0,
    0xcf, 0xf0, 0x0, 0x0, 0x5f, 0xe0, 0x0, 0x7f,
    0xef, 0x0, 0x0, 0xd, 0xf5, 0x0, 0x2f, 0x7c,
    0xf0, 0x0, 0x7, 0xfc, 0x0, 0xc, 0xc0, 0xcf,
    0x0, 0x1, 0xff, 0x30, 0x6, 0xf4, 0x1d, 0xf1,
    0x0, 0x9f, 0xa0, 0x0, 0x8f, 0xff, 0xff, 0xf1,
    0x2f, 0xf2, 0x0, 0x2, 0x44, 0x4d, 0xf4, 0x8,
    0xc7, 0x0, 0x0, 0x0, 0x0, 0x9c, 0x0,

    /* U+00BD "½" */
    0x4, 0xcf, 0xf0, 0x0, 0x0, 0x4, 0xfe, 0x6,
    0xfd, 0xff, 0x0, 0x0, 0x0, 0xdf, 0x60, 0x5,
    0xf, 0xf0, 0x0, 0x0, 0x6f, 0xd0, 0x0, 0x0,
    0xff, 0x0, 0x0, 0x1e, 0xf4, 0x0, 0x0, 0xf,
    0xf0, 0x0, 0x9, 0xfb, 0x0, 0x0, 0x0, 0xff,
    0x0, 0x2, 0xff, 0x20, 0x0, 0x8, 0x8f, 0xf8,
    0x60, 0xbf, 0x90, 0x0, 0x1, 0xff, 0xff, 0xfc,
    0x2, 0x20, 0x0, 0x0, 0x0, 0x0, 0x0, 0x0,
    0x5, 0x87, 0x20, 0x0, 0x0, 0x8, 0x92, 0xc,
    0xff, 0xff, 0x30, 0x0, 0x6, 0xfd, 0x3, 0xea,
    0x8, 0xfa, 0x0, 0x0, 0xef, 0x50, 0x0, 0x0,
    0x6f, 0xa0, 0x0, 0x7f, 0xc0, 0x0, 0x0, 0x1d,
    0xf3, 0x0, 0xe, 0xf4, 0x0, 0x0, 0x2d, 0xf5,
    0x0, 0x8, 0xfb, 0x0, 0x0, 0x5f, 0xe3, 0x0,
    0x1, 0xff, 0x30, 0x0, 0x2f, 0xfa, 0x88, 0x80,
    0x9f, 0xa0, 0x0, 0x3, 0xff, 0xff, 0xfe, 0x0,

    /* U+00BE "¾" */
    0x0, 0x57, 0x61, 0x0, 0x0, 0x1, 0x87, 0x2,
    0xef, 0xff, 0xf3, 0x0, 0x0, 0x8f, 0xb0, 0x1b,
    0x51, 0x8f, 0x90, 0x0, 0x1f, 0xf2, 0x0, 0x0,
    0x2a, 0xf6, 0x0, 0xa, 0xfa, 0x0, 0x0, 0x7f,
    0xf8, 0x0, 0x2, 0xff, 0x10, 0x0, 0x2, 0x5b,
    0xf7, 0x0, 0xbf, 0x80, 0x0, 0x6, 0x0, 0x4f,
    0xb0, 0x4f, 0xf1, 0x0, 0x6, 0xfc, 0x8d, 0xf8,
    0xc, 0xf7, 0x0, 0x0, 0x7, 0xdf, 0xe8, 0x0,
    0x0, 0x0, 0x0, 0x0, 0x0, 0x0, 0x0, 0x0,
    0x3, 0x77, 0x0, 0x0, 0x0, 0x89, 0x20, 0x0,
    0xdf, 0xf0, 0x0, 0x0, 0x6f, 0xd0, 0x0, 0x8f,
    0xef, 0x0, 0x0, 0xe, 0xf4, 0x0, 0x3f, 0x6c,
    0xf0, 0x0, 0x7, 0xfc, 0x0, 0xc, 0xc0, 0xcf,
    0x0, 0x1, 0xff, 0x30, 0x6, 0xf3, 0x1d, 0xf1,
    0x0, 0x9f, 0xa0, 0x0, 0x8f, 0xff, 0xff, 0xf1,
    0x2f, 0xf2, 0x0, 0x2, 0x44, 0x4d, 0xf4, 0x8,
    0xc7, 0x0, 0x0, 0x0, 0x0, 0x9c, 0x0,

    /* U+00BF "¿" */
    0x0, 0x0, 0x1c, 0xfd, 0x40, 0x0, 0x0, 0x0,
    0x7f, 0xff, 0xc0, 0x0, 0x0, 0x0, 0x8f, 0xff,
    0xd0, 0x0, 0x0, 0x0, 0x3f, 0xff, 0x70, 0x0,
    0x0, 0x0, 0x0, 0x31, 0x0, 0x0, 0x0, 0x0,
    0x0, 0x0, 0x0, 0x0, 0x0, 0x0, 0x9, 0xdd,
    0x20, 0x0, 0x0, 0x0, 0xb, 0xff, 0x30, 0x0,
    0x0, 0x3, 0x9f, 0xff, 0x30, 0x0, 0x0, 0x8f,
    0xff, 0xff, 0x30, 0x0, 0x5, 0xff, 0xf8, 0x31,
    0x0, 0x0, 0xd, 0xff, 0x70, 0x0, 0x0, 0x0,
    0x1f, 0xff, 0x20, 0x0, 0x0, 0x0, 0x1f, 0xff,
    0x30, 0x0, 0xd, 0x81, 0xe, 0xff, 0x90, 0x0,
    0xaf, 0xf9, 0x7, 0xff, 0xfe, 0xce, 0xff, 0xf2,
    0x0, 0xaf, 0xff, 0xff, 0xff, 0x50, 0x0, 0x5,
    0xbe, 0xfe, 0xa2, 0x0,

    /* U+00C0 "À" */
    0x0, 0x0, 0x3, 0x50, 0x0, 0x0, 0x0, 0x0,
    0x0, 0xa, 0xff, 0x10, 0x0, 0x0, 0x0, 0x0,
    0x0, 0x8f, 0xf8, 0x0, 0x0, 0x0, 0x0, 0x0,
    0x0, 0xcf, 0xf1, 0x0, 0x0, 0x0, 0x0, 0x0,
    0x2, 0xff, 0x80, 0x0, 0x0, 0x0, 0x0, 0x0,
    0x5, 0x81, 0x0, 0x0, 0x0, 0x0, 0x0, 0x0,
    0x0, 0x0, 0x0, 0x0, 0x0, 0x0, 0x1, 0xff,
    0xff, 0x80, 0x0, 0x0, 0x0, 0x0, 0x6f, 0xff,
    0xfc, 0x0, 0x0, 0x0, 0x0, 0xa, 0xff, 0xff,
    0xf1, 0x0, 0x0, 0x0, 0x0, 0xff, 0xea, 0xff,
    0x50, 0x0, 0x0, 0x0, 0x3f, 0xfa, 0x6f, 0xfa,
    0x0, 0x0, 0x0, 0x8, 0xff, 0x51, 0xff, 0xe0,
    0x0, 0x0, 0x0, 0xcf, 0xf1, 0xd, 0xff, 0x30,
    0x0, 0x0, 0x1f, 0xfd, 0x0, 0x9f, 0xf7, 0x0,
    0x0, 0x5, 0xff, 0x90, 0x5, 0xff, 0xb0, 0x0,
    0x0, 0x9f, 0xf5, 0x0, 0x1f, 0xff, 0x0, 0x0,
    0xe, 0xff, 0xff, 0xff, 0xff, 0xf4, 0x0, 0x2,
    0xff, 0xff, 0xff, 0xff, 0xff, 0x90, 0x0, 0x7f,
    0xfd, 0xaa, 0xaa, 0xcf, 0xfd, 0x0, 0xb, 0xff,
    0x60, 0x0, 0x2, 0xff, 0xf2, 0x0, 0xff, 0xf2,
    0x0, 0x0, 0xe, 0xff, 0x60, 0x4f, 0xfe, 0x0,
    0x0, 0x0, 0xaf, 0xfb, 0x8, 0xff, 0x90, 0x0,
    0x0, 0x5, 0xff, 0xf0,

    /* U+00C1 "Á" */
    0x0, 0x0, 0x0, 0x2, 0x60, 0x0, 0x0, 0x0,
    0x0, 0x0, 0x0, 0xaf, 0xd3, 0x0, 0x0, 0x0,
    0x0, 0x0, 0x2f, 0xfd, 0x0, 0x0, 0x0, 0x0,
    0x0, 0xa, 0xff, 0x30, 0x0, 0x0, 0x0, 0x0,
    0x2, 0xff, 0x70, 0x0, 0x0, 0x0, 0x0, 0x0,
    0x5, 0x90, 0x0, 0x0, 0x0, 0x0, 0x0, 0x0,
    0x0, 0x0, 0x0, 0x0, 0x0, 0x0, 0x1, 0xff,
    0xff, 0x80, 0x0, 0x0, 0x0, 0x0, 0x6f, 0xff,
    0xfc, 0x0, 0x0, 0x0, 0x0, 0xa, 0xff, 0xff,
    0xf1, 0x0, 0x0, 0x0, 0x0, 0xff, 0xea, 0xff,
    0x50, 0x0, 0x0, 0x0, 0x3f, 0xfa, 0x6f, 0xfa,
    0x0, 0x0, 0x0, 0x8, 0xff, 0x51, 0xff, 0xe0,
    0x0, 0x0, 0x0, 0xcf, 0xf1, 0xd, 0xff, 0x30,
    0x0, 0x0, 0x1f, 0xfd, 0x0, 0x9f, 0xf7, 0x0,
    0x0, 0x5, 0xff, 0x90, 0x5, 0xff, 0xb0, 0x0,
    0x0, 0x9f, 0xf5, 0x0, 0x1f, 0xff, 0x0, 0x0,
    0xe, 0xff, 0xff, 0xff, 0xff, 0xf4, 0x0, 0x2,
    0xff, 0xff, 0xff, 0xff, 0xff, 0x90, 0x0, 0x7f,
    0xfd, 0xaa, 0xaa, 0xcf, 0xfd, 0x0, 0xb, 0xff,
    0x60, 0x0, 0x2, 0xff, 0xf2, 0x0, 0xff, 0xf2,
    0x0, 0x0, 0xe, 0xff, 0x60, 0x4f, 0xfe, 0x0,
    0x0, 0x0, 0xaf, 0xfb, 0x8, 0xff, 0x90, 0x0,
    0x0, 0x5, 0xff, 0xf0,

    /* U+00C2 "Â" */
    0x0, 0x0, 0x3, 0x88, 0x60, 0x0, 0x0, 0x0,
    0x0, 0x1, 0xef, 0xff, 0x50, 0x0, 0x0, 0x0,
    0x0, 0xbf, 0xff, 0xff, 0x20, 0x0, 0x0, 0x0,
    0x7f, 0xf7, 0x3f, 0xfd, 0x0, 0x0, 0x0, 0xe,
    0xf7, 0x0, 0x3f, 0xf5, 0x0, 0x0, 0x0, 0x27,
    0x0, 0x0, 0x46, 0x0, 0x0, 0x0, 0x0, 0x0,
    0x0, 0x0, 0x0, 0x0, 0x0, 0x0, 0x1, 0xff,
    0xff, 0x80, 0x0, 0x0, 0x0, 0x0, 0x6f, 0xff,
    0xfc, 0x0, 0x0, 0x0, 0x0, 0xa, 0xff, 0xff,
    0xf1, 0x0, 0x0, 0x0, 0x0, 0xff, 0xea, 0xff,
    0x50, 0x0, 0x0, 0x0, 0x3f, 0xfa, 0x6f, 0xfa,
    0x0, 0x0, 0x0, 0x8, 0xff, 0x51, 0xff, 0xe0,
    0x0, 0x0, 0x0, 0xcf, 0xf1, 0xd, 0xff, 0x30,
    0x0, 0x0, 0x1f, 0xfd, 0x0, 0x9f, 0xf7, 0x0,
    0x0, 0x5, 0xff, 0x90, 0x5, 0xff, 0xb0, 0x0,
    0x0, 0x9f, 0xf5, 0x0, 0x1f, 0xff, 0x0, 0x0,
    0xe, 0xff, 0xff, 0xff, 0xff, 0xf4, 0x0, 0x2,
    0xff, 0xff, 0xff, 0xff, 0xff, 0x90, 0x0, 0x7f,
    0xfd, 0xaa, 0xaa, 0xcf, 0xfd, 0x0, 0xb, 0xff,
    0x60, 0x0, 0x2, 0xff, 0xf2, 0x0, 0xff, 0xf2,
    0x0, 0x0, 0xe, 0xff, 0x60, 0x4f, 0xfe, 0x0,
    0x0, 0x0, 0xaf, 0xfb, 0x8, 0xff, 0x90, 0x0,
    0x0, 0x5, 0xff, 0xf0,

    /* U+00C3 "Ã" */
    0x0, 0x0, 0x24, 0x10, 0x0, 0x0, 0x0, 0x0,
    0x0, 0x8f, 0xff, 0xc6, 0x6a, 0x0, 0x0, 0x0,
    0xd, 0xff, 0xff, 0xff, 0xf6, 0x0, 0x0, 0x0,
    0x23, 0x4, 0xae, 0xe8, 0x0, 0x0, 0x0, 0x0,
    0x0, 0x0, 0x0, 0x0, 0x0, 0x0, 0x0, 0x0,
    0x0, 0x0, 0x0, 0x0, 0x0, 0x0, 0x0, 0x1f,
    0xff, 0xf8, 0x0, 0x0, 0x0, 0x0, 0x6, 0xff,
    0xff, 0xc0, 0x0, 0x0, 0x0, 0x0, 0xaf, 0xff,
    0xff, 0x10, 0x0, 0x0, 0x0, 0xf, 0xfe, 0xaf,
    0xf5, 0x0, 0x0, 0x0, 0x3, 0xff, 0xa6, 0xff,
    0xa0, 0x0, 0x0, 0x0, 0x8f, 0xf5, 0x1f, 0xfe,
    0x0, 0x0, 0x0, 0xc, 0xff, 0x10, 0xdf, 0xf3,
    0x0, 0x0, 0x1, 0xff, 0xd0, 0x9, 0xff, 0x70,
    0x0, 0x0, 0x5f, 0xf9, 0x0, 0x5f, 0xfb, 0x0,
    0x0, 0x9, 0xff, 0x50, 0x1, 0xff, 0xf0, 0x0,
    0x0, 0xef, 0xff, 0xff, 0xff, 0xff, 0x40, 0x0,
    0x2f, 0xff, 0xff, 0xff, 0xff, 0xf9, 0x0, 0x7,
    0xff, 0xda, 0xaa, 0xac, 0xff, 0xd0, 0x0, 0xbf,
    0xf6, 0x0, 0x0, 0x2f, 0xff, 0x20, 0xf, 0xff,
    0x20, 0x0, 0x0, 0xef, 0xf6, 0x4, 0xff, 0xe0,
    0x0, 0x0, 0xa, 0xff, 0xb0, 0x8f, 0xf9, 0x0,
    0x0, 0x0, 0x5f, 0xff, 0x0,

    /* U+00C4 "Ä" */
    0x0, 0x1, 0x53, 0x0, 0x15, 0x30, 0x0, 0x0,
    0x0, 0xef, 0xf4, 0xe, 0xff, 0x50, 0x0, 0x0,
    0xf, 0xff, 0x60, 0xff, 0xf7, 0x0, 0x0, 0x0,
    0xaf, 0xd2, 0x9, 0xfd, 0x20, 0x0, 0x0, 0x0,
    0x0, 0x0, 0x0, 0x0, 0x0, 0x0, 0x0, 0x0,
    0x0, 0x0, 0x0, 0x0, 0x0, 0x0, 0x0, 0x1f,
    0xff, 0xf8, 0x0, 0x0, 0x0, 0x0, 0x6, 0xff,
    0xff, 0xc0, 0x0, 0x0, 0x0, 0x0, 0xaf, 0xff,
    0xff, 0x10, 0x0, 0x0, 0x0, 0xf, 0xfe, 0xaf,
    0xf5, 0x0, 0x0, 0x0, 0x3, 0xff, 0xa6, 0xff,
    0xa0, 0x0, 0x0, 0x0, 0x8f, 0xf5, 0x1f, 0xfe,
    0x0, 0x0, 0x0, 0xc, 0xff, 0x10, 0xdf, 0xf3,
    0x0, 0x0, 0x1, 0xff, 0xd0, 0x9, 0xff, 0x70,
    0x0, 0x0, 0x5f, 0xf9, 0x0, 0x5f, 0xfb, 0x0,
    0x0, 0x9, 0xff, 0x50, 0x1, 0xff, 0xf0, 0x0,
    0x0, 0xef, 0xff, 0xff, 0xff, 0xff, 0x40, 0x0,
    0x2f, 0xff, 0xff, 0xff, 0xff, 0xf9, 0x0, 0x7,
    0xff, 0xda, 0xaa, 0xac, 0xff, 0xd0, 0x0, 0xbf,
    0xf6, 0x0, 0x0, 0x2f, 0xff, 0x20, 0xf, 0xff,
    0x20, 0x0, 0x0, 0xef, 0xf6, 0x4, 0xff, 0xe0,
    0x0, 0x0, 0xa, 0xff, 0xb0, 0x8f, 0xf9, 0x0,
    0x0, 0x0, 0x5f, 0xff, 0x0,

    /* U+00C5 "Å" */
    0x0, 0x0, 0x2, 0x89, 0x50, 0x0, 0x0, 0x0,
    0x0, 0x4, 0xff, 0xff, 0xa0, 0x0, 0x0, 0x0,
    0x0, 0xdf, 0x31, 0xcf, 0x40, 0x0, 0x0, 0x0,
    0xf, 0xe0, 0x8, 0xf7, 0x0, 0x0, 0x0, 0x0,
    0xff, 0x0, 0xaf, 0x50, 0x0, 0x0, 0x0, 0x8,
    0xfd, 0xbf, 0xe0, 0x0, 0x0, 0x0, 0x0, 0x7,
    0xde, 0xb2, 0x0, 0x0, 0x0, 0x0, 0x0, 0x0,
    0x0, 0x0, 0x0, 0x0, 0x0, 0x0, 0x1f, 0xff,
    0xf8, 0x0, 0x0, 0x0, 0x0, 0x6, 0xff, 0xff,
    0xc0, 0x0, 0x0, 0x0, 0x0, 0xaf, 0xff, 0xff,
    0x10, 0x0, 0x0, 0x0, 0xf, 0xfe, 0xaf, 0xf5,
    0x0, 0x0, 0x0, 0x3, 0xff, 0xa6, 0xff, 0xa0,
    0x0, 0x0, 0x0, 0x8f, 0xf5, 0x1f, 0xfe, 0x0,
    0x0, 0x0, 0xc, 0xff, 0x10, 0xdf, 0xf3, 0x0,
    0x0, 0x1, 0xff, 0xd0, 0x9, 0xff, 0x70, 0x0,
    0x0, 0x5f, 0xf9, 0x0, 0x5f, 0xfb, 0x0, 0x0,
    0x9, 0xff, 0x50, 0x1, 0xff, 0xf0, 0x0, 0x0,
    0xef, 0xff, 0xff, 0xff, 0xff, 0x40, 0x0, 0x2f,
    0xff, 0xff, 0xff, 0xff, 0xf9, 0x0, 0x7, 0xff,
    0xda, 0xaa, 0xac, 0xff, 0xd0, 0x0, 0xbf, 0xf6,
    0x0, 0x0, 0x2f, 0xff, 0x20, 0xf, 0xff, 0x20,
    0x0, 0x0, 0xef, 0xf6, 0x4, 0xff, 0xe0, 0x0,
    0x0, 0xa, 0xff, 0xb0, 0x8f, 0xf9, 0x0, 0x0,
    0x0, 0x5f, 0xff, 0x0,

    /* U+00C6 "Æ" */
    0x0, 0x0, 0xef, 0xff, 0xff, 0xff, 0xfa, 0x0,
    0x2, 0xff, 0xff, 0xff, 0xff, 0xfa, 0x0, 0x6,
    0xff, 0xaf, 0xfe, 0x77, 0x74, 0x0, 0xa, 0xff,
    0x2f, 0xfd, 0x0, 0x0, 0x0, 0xe, 0xfd, 0x1f,
    0xfd, 0x0, 0x0, 0x0, 0x1f, 0xfa, 0x1f, 0xfd,
    0x0, 0x0, 0x0, 0x5f, 0xf6, 0x1f, 0xfd, 0x0,
    0x0, 0x0, 0x9f, 0xf2, 0x1f, 0xff, 0xff, 0xf6,
    0x0, 0xdf, 0xe0, 0x1f, 0xff, 0xff, 0xf6, 0x1,
    0xff, 0xb0, 0x1f, 0xfe, 0x77, 0x72, 0x5, 0xff,
    0xff, 0xff, 0xfd, 0x0, 0x0, 0x9, 0xff, 0xff,
    0xff, 0xfd, 0x0, 0x0, 0xd, 0xff, 0x66, 0x7f,
    0xfd, 0x0, 0x0, 0x1f, 0xfd, 0x0, 0x1f, 0xfd,
    0x0, 0x0, 0x5f, 0xfa, 0x0, 0x1f, 0xfe, 0x77,
    0x74, 0x8f, 0xf7, 0x0, 0x1f, 0xff, 0xff, 0xfa,
    0xcf, 0xf3, 0x0, 0x1f, 0xff, 0xff, 0xfa,

    /* U+00C7 "Ç" */
    0x0, 0x4, 0xae, 0xfe, 0xb5, 0x0, 0x0, 0x8,
    0xff, 0xff, 0xff, 0xfa, 0x0, 0x5, 0xff, 0xfd,
    0xad, 0xff, 0xf7, 0x0, 0xef, 0xf8, 0x0, 0x7,
    0xff, 0xe0, 0x4f, 0xff, 0x0, 0x0, 0xd, 0xfb,
    0x28, 0xff, 0xb0, 0x0, 0x0, 0x20, 0x0, 0xaf,
    0xf9, 0x0, 0x0, 0x0, 0x0, 0xb, 0xff, 0x80,
    0x0, 0x0, 0x0, 0x0, 0xcf, 0xf8, 0x0, 0x0,
    0x0, 0x0, 0xc, 0xff, 0x80, 0x0, 0x0, 0x0,
    0x0, 0xaf, 0xf9, 0x0, 0x0, 0x0, 0x0, 0x8,
    0xff, 0xb0, 0x0, 0x0, 0x10, 0x0, 0x4f, 0xff,
    0x0, 0x0, 0xd, 0xfa, 0x20, 0xef, 0xf8, 0x0,
    0x6, 0xff, 0xe0, 0x6, 0xff, 0xfc, 0xac, 0xff,
    0xf7, 0x0, 0x9, 0xff, 0xff, 0xff, 0xfa, 0x0,
    0x0, 0x4, 0xbf, 0xff, 0xc5, 0x0, 0x0, 0x0,
    0x0, 0x9e, 0x0, 0x0, 0x0, 0x0, 0x0, 0x8,
    0xdc, 0xa1, 0x0, 0x0, 0x0, 0x1, 0x0, 0xaf,
    0x90, 0x0, 0x0, 0x0, 0xcd, 0xae, 0xf7, 0x0,
    0x0, 0x0, 0x7, 0xdf, 0xe9, 0x0, 0x0,

    /* U+00C8 "È" */
    0x0, 0x0, 0x26, 0x0, 0x0, 0x0, 0x0, 0x9,
    0xff, 0x20, 0x0, 0x0, 0x0, 0x7, 0xff, 0x90,
    0x0, 0x0, 0x0, 0x0, 0xbf, 0xf1, 0x0, 0x0,
    0x0, 0x0, 0x1e, 0xf9, 0x0, 0x0, 0x0, 0x0,
    0x4, 0x91, 0x0, 0x0, 0x0, 0x0, 0x0, 0x0,
    0x0, 0x0, 0xf, 0xff, 0xff, 0xff, 0xff, 0xf9,
    0xf, 0xff, 0xff, 0xff, 0xff, 0xf9, 0xf, 0xff,
    0xba, 0xaa, 0xaa, 0xa6, 0xf, 0xff, 0x20, 0x0,
    0x0, 0x0, 0xf, 0xff, 0x20, 0x0, 0x0, 0x0,
    0xf, 0xff, 0x20, 0x0, 0x0, 0x0, 0xf, 0xff,
    0x20, 0x0, 0x0, 0x0, 0xf, 0xff, 0xff, 0xff,
    0xff, 0xf5, 0xf, 0xff, 0xff, 0xff, 0xff, 0xf5,
    0xf, 0xff, 0xba, 0xaa, 0xaa, 0xa3, 0xf, 0xff,
    0x20, 0x0, 0x0, 0x0, 0xf, 0xff, 0x20, 0x0,
    0x0, 0x0, 0xf, 0xff, 0x20, 0x0, 0x0, 0x0,
    0xf, 0xff, 0x20, 0x0, 0x0, 0x0, 0xf, 0xff,
    0xba, 0xaa, 0xaa, 0xa6, 0xf, 0xff, 0xff, 0xff,
    0xff, 0xf9, 0xf, 0xff, 0xff, 0xff, 0xff, 0xf9,

    /* U+00C9 "É" */
    0x0, 0x0, 0x0, 0x16, 0x0, 0x0, 0x0, 0x0,
    0x0, 0x9f, 0xe4, 0x0, 0x0, 0x0, 0x1, 0xff,
    0xe1, 0x0, 0x0, 0x0, 0x8, 0xff, 0x40, 0x0,
    0x0, 0x0, 0x1f, 0xf8, 0x0, 0x0, 0x0, 0x0,
    0x5, 0xa0, 0x0, 0x0, 0x0, 0x0, 0x0, 0x0,
    0x0, 0x0, 0xf, 0xff, 0xff, 0xff, 0xff, 0xf9,
    0xf, 0xff, 0xff, 0xff, 0xff, 0xf9, 0xf, 0xff,
    0xba, 0xaa, 0xaa, 0xa6, 0xf, 0xff, 0x20, 0x0,
    0x0, 0x0, 0xf, 0xff, 0x20, 0x0, 0x0, 0x0,
    0xf, 0xff, 0x20, 0x0, 0x0, 0x0, 0xf, 0xff,
    0x20, 0x0, 0x0, 0x0, 0xf, 0xff, 0xff, 0xff,
    0xff, 0xf5, 0xf, 0xff, 0xff, 0xff, 0xff, 0xf5,
    0xf, 0xff, 0xba, 0xaa, 0xaa, 0xa3, 0xf, 0xff,
    0x20, 0x0, 0x0, 0x0, 0xf, 0xff, 0x20, 0x0,
    0x0, 0x0, 0xf, 0xff, 0x20, 0x0, 0x0, 0x0,
    0xf, 0xff, 0x20, 0x0, 0x0, 0x0, 0xf, 0xff,
    0xba, 0xaa, 0xaa, 0xa6, 0xf, 0xff, 0xff, 0xff,
    0xff, 0xf9, 0xf, 0xff, 0xff, 0xff, 0xff, 0xf9,

    /* U+00CA "Ê" */
    0x0, 0x0, 0x28, 0x86, 0x0, 0x0, 0x0, 0x0,
    0xdf, 0xff, 0x60, 0x0, 0x0, 0xa, 0xff, 0xff,
    0xf3, 0x0, 0x0, 0x6f, 0xf8, 0x2e, 0xfd, 0x0,
    0x0, 0xef, 0x90, 0x3, 0xef, 0x60, 0x0, 0x27,
    0x0, 0x0, 0x37, 0x0, 0x0, 0x0, 0x0, 0x0,
    0x0, 0x0, 0xf, 0xff, 0xff, 0xff, 0xff, 0xf9,
    0xf, 0xff, 0xff, 0xff, 0xff, 0xf9, 0xf, 0xff,
    0xba, 0xaa, 0xaa, 0xa6, 0xf, 0xff, 0x20, 0x0,
    0x0, 0x0, 0xf, 0xff, 0x20, 0x0, 0x0, 0x0,
    0xf, 0xff, 0x20, 0x0, 0x0, 0x0, 0xf, 0xff,
    0x20, 0x0, 0x0, 0x0, 0xf, 0xff, 0xff, 0xff,
    0xff, 0xf5, 0xf, 0xff, 0xff, 0xff, 0xff, 0xf5,
    0xf, 0xff, 0xba, 0xaa, 0xaa, 0xa3, 0xf, 0xff,
    0x20, 0x0, 0x0, 0x0, 0xf, 0xff, 0x20, 0x0,
    0x0, 0x0, 0xf, 0xff, 0x20, 0x0, 0x0, 0x0,
    0xf, 0xff, 0x20, 0x0, 0x0, 0x0, 0xf, 0xff,
    0xba, 0xaa, 0xaa, 0xa6, 0xf, 0xff, 0xff, 0xff,
    0xff, 0xf9, 0xf, 0xff, 0xff, 0xff, 0xff, 0xf9,

    /* U+00CB "Ë" */
    0x0, 0x15, 0x40, 0x1, 0x54, 0x0, 0x0, 0xdf,
    0xf5, 0xc, 0xff, 0x60, 0x0, 0xff, 0xf7, 0xf,
    0xff, 0x80, 0x0, 0x9f, 0xd2, 0x8, 0xfe, 0x30,
    0x0, 0x0, 0x0, 0x0, 0x0, 0x0, 0x0, 0x0,
    0x0, 0x0, 0x0, 0x0, 0xf, 0xff, 0xff, 0xff,
    0xff, 0xf9, 0xf, 0xff, 0xff, 0xff, 0xff, 0xf9,
    0xf, 0xff, 0xba, 0xaa, 0xaa, 0xa6, 0xf, 0xff,
    0x20, 0x0, 0x0, 0x0, 0xf, 0xff, 0x20, 0x0,
    0x0, 0x0, 0xf, 0xff, 0x20, 0x0, 0x0, 0x0,
    0xf, 0xff, 0x20, 0x0, 0x0, 0x0, 0xf, 0xff,
    0xff, 0xff, 0xff, 0xf5, 0xf, 0xff, 0xff, 0xff,
    0xff, 0xf5, 0xf, 0xff, 0xba, 0xaa, 0xaa, 0xa3,
    0xf, 0xff, 0x20, 0x0, 0x0, 0x0, 0xf, 0xff,
    0x20, 0x0, 0x0, 0x0, 0xf, 0xff, 0x20, 0x0,
    0x0, 0x0, 0xf, 0xff, 0x20, 0x0, 0x0, 0x0,
    0xf, 0xff, 0xba, 0xaa, 0xaa, 0xa6, 0xf, 0xff,
    0xff, 0xff, 0xff, 0xf9, 0xf, 0xff, 0xff, 0xff,
    0xff, 0xf9,

    /* U+00CC "Ì" */
    0x0, 0x0, 0x35, 0x0, 0x0, 0x0, 0x0, 0xa,
    0xff, 0x10, 0x0, 0x0, 0x0, 0x8, 0xff, 0x80,
    0x0, 0x0, 0x0, 0x0, 0xcf, 0xf1, 0x0, 0x0,
    0x0, 0x0, 0x2f, 0xf8, 0x0, 0x0, 0x0, 0x0,
    0x5, 0x81, 0x0, 0x0, 0x0, 0x0, 0x0, 0x0,
    0x0, 0x0, 0x2f, 0xff, 0xff, 0xff, 0xff, 0xf8,
    0x2f, 0xff, 0xff, 0xff, 0xff, 0xf8, 0x6, 0x66,
    0xaf, 0xfd, 0x66, 0x63, 0x0, 0x0, 0x5f, 0xfc,
    0x0, 0x0, 0x0, 0x0, 0x5f, 0xfc, 0x0, 0x0,
    0x0, 0x0, 0x5f, 0xfc, 0x0, 0x0, 0x0, 0x0,
    0x5f, 0xfc, 0x0, 0x0, 0x0, 0x0, 0x5f, 0xfc,
    0x0, 0x0, 0x0, 0x0, 0x5f, 0xfc, 0x0, 0x0,
    0x0, 0x0, 0x5f, 0xfc, 0x0, 0x0, 0x0, 0x0,
    0x5f, 0xfc, 0x0, 0x0, 0x0, 0x0, 0x5f, 0xfc,
    0x0, 0x0, 0x0, 0x0, 0x5f, 0xfc, 0x0, 0x0,
    0x0, 0x0, 0x5f, 0xfc, 0x0, 0x0, 0x6, 0x66,
    0x9f, 0xfd, 0x66, 0x63, 0x2f, 0xff, 0xff, 0xff,
    0xff, 0xf8, 0x2f, 0xff, 0xff, 0xff, 0xff, 0xf8,

    /* U+00CD "Í" */
    0x0, 0x0, 0x0, 0x26, 0x0, 0x0, 0x0, 0x0,
    0x0, 0xaf, 0xd3, 0x0, 0x0, 0x0, 0x2, 0xff,
    0xd0, 0x0, 0x0, 0x0, 0xa, 0xff, 0x30, 0x0,
    0x0, 0x0, 0x2f, 0xf7, 0x0, 0x0, 0x0, 0x0,
    0x5, 0x90, 0x0, 0x0, 0x0, 0x0, 0x0, 0x0,
    0x0, 0x0, 0x2f, 0xff, 0xff, 0xff, 0xff, 0xf8,
    0x2f, 0xff, 0xff, 0xff, 0xff, 0xf8, 0x6, 0x66,
    0xaf, 0xfd, 0x66, 0x63, 0x0, 0x0, 0x5f, 0xfc,
    0x0, 0x0, 0x0, 0x0, 0x5f, 0xfc, 0x0, 0x0,
    0x0, 0x0, 0x5f, 0xfc, 0x0, 0x0, 0x0, 0x0,
    0x5f, 0xfc, 0x0, 0x0, 0x0, 0x0, 0x5f, 0xfc,
    0x0, 0x0, 0x0, 0x0, 0x5f, 0xfc, 0x0, 0x0,
    0x0, 0x0, 0x5f, 0xfc, 0x0, 0x0, 0x0, 0x0,
    0x5f, 0xfc, 0x0, 0x0, 0x0, 0x0, 0x5f, 0xfc,
    0x0, 0x0, 0x0, 0x0, 0x5f, 0xfc, 0x0, 0x0,
    0x0, 0x0, 0x5f, 0xfc, 0x0, 0x0, 0x6, 0x66,
    0x9f, 0xfd, 0x66, 0x63, 0x2f, 0xff, 0xff, 0xff,
    0xff, 0xf8, 0x2f, 0xff, 0xff, 0xff, 0xff, 0xf8,

    /* U+00CE "Î" */
    0x0, 0x0, 0x38, 0x86, 0x0, 0x0, 0x0, 0x1,
    0xef, 0xff, 0x50, 0x0, 0x0, 0xb, 0xff, 0xff,
    0xf2, 0x0, 0x0, 0x7f, 0xf7, 0x3f, 0xfd, 0x0,
    0x0, 0xef, 0x70, 0x3, 0xff, 0x50, 0x0, 0x27,
    0x0, 0x0, 0x46, 0x0, 0x0, 0x0, 0x0, 0x0,
    0x0, 0x0, 0x2f, 0xff, 0xff, 0xff, 0xff, 0xf8,
    0x2f, 0xff, 0xff, 0xff, 0xff, 0xf8, 0x6, 0x66,
    0xaf, 0xfd, 0x66, 0x63, 0x0, 0x0, 0x5f, 0xfc,
    0x0, 0x0, 0x0, 0x0, 0x5f, 0xfc, 0x0, 0x0,
    0x0, 0x0, 0x5f, 0xfc, 0x0, 0x0, 0x0, 0x0,
    0x5f, 0xfc, 0x0, 0x0, 0x0, 0x0, 0x5f, 0xfc,
    0x0, 0x0, 0x0, 0x0, 0x5f, 0xfc, 0x0, 0x0,
    0x0, 0x0, 0x5f, 0xfc, 0x0, 0x0, 0x0, 0x0,
    0x5f, 0xfc, 0x0, 0x0, 0x0, 0x0, 0x5f, 0xfc,
    0x0, 0x0, 0x0, 0x0, 0x5f, 0xfc, 0x0, 0x0,
    0x0, 0x0, 0x5f, 0xfc, 0x0, 0x0, 0x6, 0x66,
    0x9f, 0xfd, 0x66, 0x63, 0x2f, 0xff, 0xff, 0xff,
    0xff, 0xf8, 0x2f, 0xff, 0xff, 0xff, 0xff, 0xf8,

    /* U+00CF "Ï" */
    0x0, 0x15, 0x30, 0x1, 0x53, 0x0, 0x0, 0xef,
    0xf4, 0xe, 0xff, 0x50, 0x0, 0xff, 0xf6, 0xf,
    0xff, 0x70, 0x0, 0xaf, 0xd2, 0x9, 0xfd, 0x20,
    0x0, 0x0, 0x0, 0x0, 0x0, 0x0, 0x0, 0x0,
    0x0, 0x0, 0x0, 0x0, 0x2f, 0xff, 0xff, 0xff,
    0xff, 0xf8, 0x2f, 0xff, 0xff, 0xff, 0xff, 0xf8,
    0x6, 0x66, 0xaf, 0xfd, 0x66, 0x63, 0x0, 0x0,
    0x5f, 0xfc, 0x0, 0x0, 0x0, 0x0, 0x5f, 0xfc,
    0x0, 0x0, 0x0, 0x0, 0x5f, 0xfc, 0x0, 0x0,
    0x0, 0x0, 0x5f, 0xfc, 0x0, 0x0, 0x0, 0x0,
    0x5f, 0xfc, 0x0, 0x0, 0x0, 0x0, 0x5f, 0xfc,
    0x0, 0x0, 0x0, 0x0, 0x5f, 0xfc, 0x0, 0x0,
    0x0, 0x0, 0x5f, 0xfc, 0x0, 0x0, 0x0, 0x0,
    0x5f, 0xfc, 0x0, 0x0, 0x0, 0x0, 0x5f, 0xfc,
    0x0, 0x0, 0x0, 0x0, 0x5f, 0xfc, 0x0, 0x0,
    0x6, 0x66, 0x9f, 0xfd, 0x66, 0x63, 0x2f, 0xff,
    0xff, 0xff, 0xff, 0xf8, 0x2f, 0xff, 0xff, 0xff,
    0xff, 0xf8,

    /* U+00D0 "Ð" */
    0x1, 0xff, 0xff, 0xff, 0xd8, 0x10, 0x0, 0x1,
    0xff, 0xff, 0xff, 0xff, 0xe3, 0x0, 0x1, 0xff,
    0xf9, 0x9a, 0xff, 0xfe, 0x10, 0x1, 0xff, 0xf0,
    0x0, 0x1d, 0xff, 0x80, 0x1, 0xff, 0xf0, 0x0,
    0x5, 0xff, 0xe0, 0x1, 0xff, 0xf0, 0x0, 0x0,
    0xff, 0xf2, 0x47, 0xff, 0xf7, 0x75, 0x0, 0xef,
    0xf4, 0xaf, 0xff, 0xff, 0xfd, 0x0, 0xef, 0xf5,
    0xaf, 0xff, 0xff, 0xfd, 0x0, 0xef, 0xf6, 0x1,
    0xff, 0xf0, 0x0, 0x0, 0xef, 0xf5, 0x1, 0xff,
    0xf0, 0x0, 0x0, 0xef, 0xf4, 0x1, 0xff, 0xf0,
    0x0, 0x0, 0xff, 0xf2, 0x1, 0xff, 0xf0, 0x0,
    0x5, 0xff, 0xe0, 0x1, 0xff, 0xf0, 0x0, 0x1d,
    0xff, 0x80, 0x1, 0xff, 0xf9, 0x9a, 0xff, 0xfe,
    0x10, 0x1, 0xff, 0xff, 0xff, 0xff, 0xe3, 0x0,
    0x1, 0xff, 0xff, 0xff, 0xd8, 0x10, 0x0,

    /* U+00D1 "Ñ" */
    0x0, 0x2, 0x41, 0x0, 0x0, 0x0, 0x0, 0x8f,
    0xff, 0xc6, 0x6a, 0x0, 0x0, 0xdf, 0xff, 0xff,
    0xff, 0x60, 0x0, 0x23, 0x4, 0xae, 0xe8, 0x0,
    0x0, 0x0, 0x0, 0x0, 0x0, 0x0, 0x0, 0x0,
    0x0, 0x0, 0x0, 0x0, 0x6f, 0xff, 0xa0, 0x0,
    0xe, 0xfc, 0x6f, 0xff, 0xf0, 0x0, 0xe, 0xfc,
    0x6f, 0xff, 0xf5, 0x0, 0xe, 0xfc, 0x6f, 0xff,
    0xfb, 0x0, 0xe, 0xfc, 0x6f, 0xff, 0xff, 0x10,
    0xe, 0xfc, 0x6f, 0xf8, 0xff, 0x70, 0xe, 0xfc,
    0x6f, 0xf4, 0xdf, 0xd0, 0xe, 0xfc, 0x6f, 0xf4,
    0x8f, 0xf2, 0xe, 0xfc, 0x6f, 0xf4, 0x2f, 0xf8,
    0xe, 0xfc, 0x6f, 0xf4, 0xc, 0xfe, 0xe, 0xfc,
    0x6f, 0xf4, 0x6, 0xff, 0x4e, 0xfc, 0x6f, 0xf4,
    0x1, 0xff, 0x9e, 0xfc, 0x6f, 0xf4, 0x0, 0xbf,
    0xff, 0xfc, 0x6f, 0xf4, 0x0, 0x5f, 0xff, 0xfc,
    0x6f, 0xf4, 0x0, 0xf, 0xff, 0xfc, 0x6f, 0xf4,
    0x0, 0x9, 0xff, 0xfc, 0x6f, 0xf4, 0x0, 0x4,
    0xff, 0xfc,

    /* U+00D2 "Ò" */
    0x0, 0x0, 0x0, 0x20, 0x0, 0x0, 0x0, 0x0,
    0x0, 0x5d, 0xd0, 0x0, 0x0, 0x0, 0x0, 0x0,
    0xbf, 0xf6, 0x0, 0x0, 0x0, 0x0, 0x0, 0x1e,
    0xfd, 0x0, 0x0, 0x0, 0x0, 0x0, 0x4, 0xff,
    0x50, 0x0, 0x0, 0x0, 0x0, 0x0, 0x9d, 0x40,
    0x0, 0x0, 0x0, 0x0, 0x0, 0x0, 0x0, 0x0,
    0x0, 0x0, 0x0, 0x7c, 0xef, 0xd9, 0x20, 0x0,
    0x0, 0x1d, 0xff, 0xff, 0xff, 0xf5, 0x0, 0x0,
    0xbf, 0xff, 0xba, 0xef, 0xff, 0x20, 0x4, 0xff,
    0xf3, 0x0, 0xb, 0xff, 0xa0, 0xa, 0xff, 0xa0,
    0x0, 0x3, 0xff, 0xf0, 0xd, 0xff, 0x50, 0x0,
    0x0, 0xff, 0xf3, 0xf, 0xff, 0x40, 0x0, 0x0,
    0xdf, 0xf6, 0x1f, 0xff, 0x30, 0x0, 0x0, 0xcf,
    0xf7, 0x2f, 0xff, 0x30, 0x0, 0x0, 0xcf, 0xf8,
    0x1f, 0xff, 0x30, 0x0, 0x0, 0xcf, 0xf7, 0xf,
    0xff, 0x40, 0x0, 0x0, 0xdf, 0xf6, 0xd, 0xff,
    0x50, 0x0, 0x0, 0xff, 0xf3, 0xa, 0xff, 0xa0,
    0x0, 0x2, 0xff, 0xf0, 0x4, 0xff, 0xf3, 0x0,
    0xb, 0xff, 0xa0, 0x0, 0xbf, 0xff, 0xba, 0xef,
    0xff, 0x20, 0x0, 0x1d, 0xff, 0xff, 0xff, 0xf5,
    0x0, 0x0, 0x0, 0x7c, 0xef, 0xe9, 0x20, 0x0,

    /* U+00D3 "Ó" */
    0x0, 0x0, 0x0, 0x0, 0x10, 0x0, 0x0, 0x0,
    0x0, 0x0, 0x7, 0xf9, 0x10, 0x0, 0x0, 0x0,
    0x0, 0xe, 0xff, 0x20, 0x0, 0x0, 0x0, 0x0,
    0x7f, 0xf6, 0x0, 0x0, 0x0, 0x0, 0x0, 0xef,
    0xb0, 0x0, 0x0, 0x0, 0x0, 0x1, 0xae, 0x10,
    0x0, 0x0, 0x0, 0x0, 0x0, 0x0, 0x0, 0x0,
    0x0, 0x0, 0x0, 0x7c, 0xef, 0xd9, 0x20, 0x0,
    0x0, 0x1d, 0xff, 0xff, 0xff, 0xf5, 0x0, 0x0,
    0xbf, 0xff, 0xba, 0xef, 0xff, 0x20, 0x4, 0xff,
    0xf3, 0x0, 0xb, 0xff, 0xa0, 0xa, 0xff, 0xa0,
    0x0, 0x3, 0xff, 0xf0, 0xd, 0xff, 0x50, 0x0,
    0x0, 0xff, 0xf3, 0xf, 0xff, 0x40, 0x0, 0x0,
    0xdf, 0xf6, 0x1f, 0xff, 0x30, 0x0, 0x0, 0xcf,
    0xf7, 0x2f, 0xff, 0x30, 0x0, 0x0, 0xcf, 0xf8,
    0x1f, 0xff, 0x30, 0x0, 0x0, 0xcf, 0xf7, 0xf,
    0xff, 0x40, 0x0, 0x0, 0xdf, 0xf6, 0xd, 0xff,
    0x50, 0x0, 0x0, 0xff, 0xf3, 0xa, 0xff, 0xa0,
    0x0, 0x2, 0xff, 0xf0, 0x4, 0xff, 0xf3, 0x0,
    0xb, 0xff, 0xa0, 0x0, 0xbf, 0xff, 0xba, 0xef,
    0xff, 0x20, 0x0, 0x1d, 0xff, 0xff, 0xff, 0xf5,
    0x0, 0x0, 0x0, 0x7c, 0xef, 0xe9, 0x20, 0x0,

    /* U+00D4 "Ô" */
    0x0, 0x0, 0x2, 0x88, 0x60, 0x0, 0x0, 0x0,
    0x0, 0xd, 0xff, 0xf4, 0x0, 0x0, 0x0, 0x0,
    0xaf, 0xff, 0xfe, 0x10, 0x0, 0x0, 0x5, 0xff,
    0x95, 0xff, 0xb0, 0x0, 0x0, 0xe, 0xfa, 0x0,
    0x6f, 0xf6, 0x0, 0x0, 0x5, 0xb0, 0x0, 0x7,
    0xa0, 0x0, 0x0, 0x0, 0x0, 0x0, 0x0, 0x0,
    0x0, 0x0, 0x0, 0x7c, 0xef, 0xd9, 0x20, 0x0,
    0x0, 0x1d, 0xff, 0xff, 0xff, 0xf5, 0x0, 0x0,
    0xbf, 0xff, 0xba, 0xef, 0xff, 0x20, 0x4, 0xff,
    0xf3, 0x0, 0xb, 0xff, 0xa0, 0xa, 0xff, 0xa0,
    0x0, 0x3, 0xff, 0xf0, 0xd, 0xff, 0x50, 0x0,
    0x0, 0xff, 0xf3, 0xf, 0xff, 0x40, 0x0, 0x0,
    0xdf, 0xf6, 0x1f, 0xff, 0x30, 0x0, 0x0, 0xcf,
    0xf7, 0x2f, 0xff, 0x30, 0x0, 0x0, 0xcf, 0xf8,
    0x1f, 0xff, 0x30, 0x0, 0x0, 0xcf, 0xf7, 0xf,
    0xff, 0x40, 0x0, 0x0, 0xdf, 0xf6, 0xd, 0xff,
    0x50, 0x0, 0x0, 0xff, 0xf3, 0xa, 0xff, 0xa0,
    0x0, 0x2, 0xff, 0xf0, 0x4, 0xff, 0xf3, 0x0,
    0xb, 0xff, 0xa0, 0x0, 0xbf, 0xff, 0xba, 0xef,
    0xff, 0x20, 0x0, 0x1d, 0xff, 0xff, 0xff, 0xf5,
    0x0, 0x0, 0x0, 0x7c, 0xef, 0xe9, 0x20, 0x0,

    /* U+00D5 "Õ" */
    0x0, 0x0, 0x24, 0x10, 0x0, 0x0, 0x0, 0x0,
    0x8, 0xff, 0xfc, 0x66, 0xa0, 0x0, 0x0, 0xd,
    0xff, 0xff, 0xff, 0xf6, 0x0, 0x0, 0x2, 0x30,
    0x4a, 0xee, 0x80, 0x0, 0x0, 0x0, 0x0, 0x0,
    0x0, 0x0, 0x0, 0x0, 0x0, 0x0, 0x0, 0x0,
    0x0, 0x0, 0x0, 0x0, 0x7c, 0xef, 0xd9, 0x20,
    0x0, 0x0, 0x1d, 0xff, 0xff, 0xff, 0xf5, 0x0,
    0x0, 0xbf, 0xff, 0xba, 0xef, 0xff, 0x20, 0x4,
    0xff, 0xf3, 0x0, 0xb, 0xff, 0xa0, 0xa, 0xff,
    0xa0, 0x0, 0x3, 0xff, 0xf0, 0xd, 0xff, 0x50,
    0x0, 0x0, 0xff, 0xf3, 0xf, 0xff, 0x40, 0x0,
    0x0, 0xdf, 0xf6, 0x1f, 0xff, 0x30, 0x0, 0x0,
    0xcf, 0xf7, 0x2f, 0xff, 0x30, 0x0, 0x0, 0xcf,
    0xf8, 0x1f, 0xff, 0x30, 0x0, 0x0, 0xcf, 0xf7,
    0xf, 0xff, 0x40, 0x0, 0x0, 0xdf, 0xf6, 0xd,
    0xff, 0x50, 0x0, 0x0, 0xff, 0xf3, 0xa, 0xff,
    0xa0, 0x0, 0x2, 0xff, 0xf0, 0x4, 0xff, 0xf3,
    0x0, 0xb, 0xff, 0xa0, 0x0, 0xbf, 0xff, 0xba,
    0xef, 0xff, 0x20, 0x0, 0x1d, 0xff, 0xff, 0xff,
    0xf5, 0x0, 0x0, 0x0, 0x7c, 0xef, 0xe9, 0x20,
    0x0,

    /* U+00D6 "Ö" */
    0x0, 0x1, 0x53, 0x0, 0x15, 0x30, 0x0, 0x0,
    0xe, 0xff, 0x40, 0xef, 0xf5, 0x0, 0x0, 0xf,
    0xff, 0x60, 0xff, 0xf7, 0x0, 0x0, 0xa, 0xfd,
    0x20, 0x9f, 0xd2, 0x0, 0x0, 0x0, 0x0, 0x0,
    0x0, 0x0, 0x0, 0x0, 0x0, 0x0, 0x0, 0x0,
    0x0, 0x0, 0x0, 0x0, 0x7c, 0xef, 0xd9, 0x20,
    0x0, 0x0, 0x1d, 0xff, 0xff, 0xff, 0xf5, 0x0,
    0x0, 0xbf, 0xff, 0xba, 0xef, 0xff, 0x20, 0x4,
    0xff, 0xf3, 0x0, 0xb, 0xff, 0xa0, 0xa, 0xff,
    0xa0, 0x0, 0x3, 0xff, 0xf0, 0xd, 0xff, 0x50,
    0x0, 0x0, 0xff, 0xf3, 0xf, 0xff, 0x40, 0x0,
    0x0, 0xdf, 0xf6, 0x1f, 0xff, 0x30, 0x0, 0x0,
    0xcf, 0xf7, 0x2f, 0xff, 0x30, 0x0, 0x0, 0xcf,
    0xf8, 0x1f, 0xff, 0x30, 0x0, 0x0, 0xcf, 0xf7,
    0xf, 0xff, 0x40, 0x0, 0x0, 0xdf, 0xf6, 0xd,
    0xff, 0x50, 0x0, 0x0, 0xff, 0xf3, 0xa, 0xff,
    0xa0, 0x0, 0x2, 0xff, 0xf0, 0x4, 0xff, 0xf3,
    0x0, 0xb, 0xff, 0xa0, 0x0, 0xbf, 0xff, 0xba,
    0xef, 0xff, 0x20, 0x0, 0x1d, 0xff, 0xff, 0xff,
    0xf5, 0x0, 0x0, 0x0, 0x7c, 0xef, 0xe9, 0x20,
    0x0,

    /* U+00D7 "×" */
    0x0, 0x0, 0x0, 0x0, 0x0, 0x0, 0x1, 0xc3,
    0x0, 0x0, 0xb, 0x50, 0xd, 0xfe, 0x20, 0x0,
    0xaf, 0xf4, 0x8, 0xff, 0xe2, 0xa, 0xff, 0xd1,
    0x0, 0x8f, 0xfe, 0xaf, 0xfd, 0x10, 0x0, 0x8,
    0xff, 0xff, 0xd1, 0x0, 0x0, 0x0, 0xdf, 0xff,
    0x30, 0x0, 0x0, 0x9, 0xff, 0xff, 0xd1, 0x0,
    0x0, 0x8f, 0xfe, 0xaf, 0xfd, 0x10, 0x8, 0xff,
    0xe2, 0xa, 0xff, 0xd1, 0xd, 0xfe, 0x20, 0x0,
    0xaf, 0xf4, 0x1, 0xc2, 0x0, 0x0, 0xa, 0x50,
    0x0, 0x0, 0x0, 0x0, 0x0, 0x0,

    /* U+00D8 "Ø" */
    0x0, 0x0, 0x0, 0x0, 0x0, 0x0, 0x0, 0x0,
    0x0, 0x0, 0x0, 0x0, 0xa, 0xb2, 0x0, 0x0,
    0x7c, 0xef, 0xd8, 0x5f, 0xf7, 0x0, 0x1d, 0xff,
    0xff, 0xff, 0xff, 0xd0, 0x0, 0xcf, 0xff, 0xbb,
    0xef, 0xff, 0x50, 0x4, 0xff, 0xf3, 0x0, 0x1f,
    0xff, 0xa0, 0xa, 0xff, 0xa0, 0x0, 0x8f, 0xff,
    0xf0, 0xd, 0xff, 0x50, 0x2, 0xff, 0xff, 0xf3,
    0xf, 0xff, 0x40, 0xb, 0xf8, 0xdf, 0xf6, 0x1f,
    0xff, 0x30, 0x5f, 0xe0, 0xcf, 0xf7, 0x2f, 0xff,
    0x30, 0xef, 0x50, 0xcf, 0xf8, 0x1f, 0xff, 0x39,
    0xfb, 0x0, 0xcf, 0xf7, 0xf, 0xff, 0x6f, 0xf2,
    0x0, 0xdf, 0xf6, 0xd, 0xff, 0xff, 0x80, 0x0,
    0xff, 0xf4, 0x9, 0xff, 0xfe, 0x0, 0x3, 0xff,
    0xf0, 0x3, 0xff, 0xf7, 0x0, 0xb, 0xff, 0xa0,
    0x0, 0xef, 0xff, 0xba, 0xef, 0xff, 0x20, 0x7,
    0xff, 0xff, 0xff, 0xff, 0xf5, 0x0, 0x1f, 0xfa,
    0x6c, 0xef, 0xe9, 0x20, 0x0, 0x7, 0xe1, 0x0,
    0x0, 0x0, 0x0, 0x0, 0x0, 0x0, 0x0, 0x0,
    0x0, 0x0, 0x0,

    /* U+00D9 "Ù" */
    0x0, 0x0, 0x35, 0x0, 0x0, 0x0, 0x0, 0xa,
    0xff, 0x10, 0x0, 0x0, 0x0, 0x8, 0xff, 0x80,
    0x0, 0x0, 0x0, 0x0, 0xcf, 0xf1, 0x0, 0x0,
    0x0, 0x0, 0x2f, 0xf8, 0x0, 0x0, 0x0, 0x0,
    0x5, 0x81, 0x0, 0x0, 0x0, 0x0, 0x0, 0x0,
    0x0, 0x0, 0x8f, 0xfa, 0x0, 0x0, 0x3f, 0xfe,
    0x8f, 0xfa, 0x0, 0x0, 0x3f, 0xfe, 0x8f, 0xfa,
    0x0, 0x0, 0x3f, 0xfe, 0x8f, 0xfa, 0x0, 0x0,
    0x3f, 0xfe, 0x8f, 0xfa, 0x0, 0x0, 0x3f, 0xfe,
    0x8f, 0xfa, 0x0, 0x0, 0x3f, 0xfe, 0x8f, 0xfa,
    0x0, 0x0, 0x3f, 0xfe, 0x8f, 0xfa, 0x0, 0x0,
    0x3f, 0xfe, 0x8f, 0xfa, 0x0, 0x0, 0x3f, 0xfe,
    0x8f, 0xfa, 0x0, 0x0, 0x3f, 0xfe, 0x8f, 0xfa,
    0x0, 0x0, 0x3f, 0xfe, 0x7f, 0xfa, 0x0, 0x0,
    0x4f, 0xfd, 0x5f, 0xfc, 0x0, 0x0, 0x6f, 0xfb,
    0x2f, 0xff, 0x30, 0x0, 0xcf, 0xf9, 0xd, 0xff,
    0xfb, 0xae, 0xff, 0xf3, 0x3, 0xff, 0xff, 0xff,
    0xff, 0x90, 0x0, 0x29, 0xdf, 0xfe, 0xb5, 0x0,

    /* U+00DA "Ú" */
    0x0, 0x0, 0x0, 0x26, 0x0, 0x0, 0x0, 0x0,
    0x0, 0xaf, 0xd3, 0x0, 0x0, 0x0, 0x2, 0xff,
    0xd0, 0x0, 0x0, 0x0, 0xa, 0xff, 0x30, 0x0,
    0x0, 0x0, 0x2f, 0xf7, 0x0, 0x0, 0x0, 0x0,
    0x5, 0x90, 0x0, 0x0, 0x0, 0x0, 0x0, 0x0,
    0x0, 0x0, 0x8f, 0xfa, 0x0, 0x0, 0x3f, 0xfe,
    0x8f, 0xfa, 0x0, 0x0, 0x3f, 0xfe, 0x8f, 0xfa,
    0x0, 0x0, 0x3f, 0xfe, 0x8f, 0xfa, 0x0, 0x0,
    0x3f, 0xfe, 0x8f, 0xfa, 0x0, 0x0, 0x3f, 0xfe,
    0x8f, 0xfa, 0x0, 0x0, 0x3f, 0xfe, 0x8f, 0xfa,
    0x0, 0x0, 0x3f, 0xfe, 0x8f, 0xfa, 0x0, 0x0,
    0x3f, 0xfe, 0x8f, 0xfa, 0x0, 0x0, 0x3f, 0xfe,
    0x8f, 0xfa, 0x0, 0x0, 0x3f, 0xfe, 0x8f, 0xfa,
    0x0, 0x0, 0x3f, 0xfe, 0x7f, 0xfa, 0x0, 0x0,
    0x4f, 0xfd, 0x5f, 0xfc, 0x0, 0x0, 0x6f, 0xfb,
    0x2f, 0xff, 0x30, 0x0, 0xcf, 0xf9, 0xd, 0xff,
    0xfb, 0xae, 0xff, 0xf3, 0x3, 0xff, 0xff, 0xff,
    0xff, 0x90, 0x0, 0x29, 0xdf, 0xfe, 0xb5, 0x0,

    /* U+00DB "Û" */
    0x0, 0x0, 0x38, 0x86, 0x0, 0x0, 0x0, 0x1,
    0xef, 0xff, 0x50, 0x0, 0x0, 0xb, 0xff, 0xff,
    0xf2, 0x0, 0x0, 0x7f, 0xf7, 0x3f, 0xfd, 0x0,
    0x0, 0xef, 0x70, 0x3, 0xff, 0x50, 0x0, 0x27,
    0x0, 0x0, 0x46, 0x0, 0x0, 0x0, 0x0, 0x0,
    0x0, 0x0, 0x8f, 0xfa, 0x0, 0x0, 0x3f, 0xfe,
    0x8f, 0xfa, 0x0, 0x0, 0x3f, 0xfe, 0x8f, 0xfa,
    0x0, 0x0, 0x3f, 0xfe, 0x8f, 0xfa, 0x0, 0x0,
    0x3f, 0xfe, 0x8f, 0xfa, 0x0, 0x0, 0x3f, 0xfe,
    0x8f, 0xfa, 0x0, 0x0, 0x3f, 0xfe, 0x8f, 0xfa,
    0x0, 0x0, 0x3f, 0xfe, 0x8f, 0xfa, 0x0, 0x0,
    0x3f, 0xfe, 0x8f, 0xfa, 0x0, 0x0, 0x3f, 0xfe,
    0x8f, 0xfa, 0x0, 0x0, 0x3f, 0xfe, 0x8f, 0xfa,
    0x0, 0x0, 0x3f, 0xfe, 0x7f, 0xfa, 0x0, 0x0,
    0x4f, 0xfd, 0x5f, 0xfc, 0x0, 0x0, 0x6f, 0xfb,
    0x2f, 0xff, 0x30, 0x0, 0xcf, 0xf9, 0xd, 0xff,
    0xfb, 0xae, 0xff, 0xf3, 0x3, 0xff, 0xff, 0xff,
    0xff, 0x90, 0x0, 0x29, 0xdf, 0xfe, 0xb5, 0x0,

    /* U+00DC "Ü" */
    0x0, 0x15, 0x30, 0x1, 0x53, 0x0, 0x0, 0xef,
    0xf4, 0xe, 0xff, 0x50, 0x0, 0xff, 0xf6, 0xf,
    0xff, 0x70, 0x0, 0xaf, 0xd2, 0x9, 0xfd, 0x20,
    0x0, 0x0, 0x0, 0x0, 0x0, 0x0, 0x0, 0x0,
    0x0, 0x0, 0x0, 0x0, 0x8f, 0xfa, 0x0, 0x0,
    0x3f, 0xfe, 0x8f, 0xfa, 0x0, 0x0, 0x3f, 0xfe,
    0x8f, 0xfa, 0x0, 0x0, 0x3f, 0xfe, 0x8f, 0xfa,
    0x0, 0x0, 0x3f, 0xfe, 0x8f, 0xfa, 0x0, 0x0,
    0x3f, 0xfe, 0x8f, 0xfa, 0x0, 0x0, 0x3f, 0xfe,
    0x8f, 0xfa, 0x0, 0x0, 0x3f, 0xfe, 0x8f, 0xfa,
    0x0, 0x0, 0x3f, 0xfe, 0x8f, 0xfa, 0x0, 0x0,
    0x3f, 0xfe, 0x8f, 0xfa, 0x0, 0x0, 0x3f, 0xfe,
    0x8f, 0xfa, 0x0, 0x0, 0x3f, 0xfe, 0x7f, 0xfa,
    0x0, 0x0, 0x4f, 0xfd, 0x5f, 0xfc, 0x0, 0x0,
    0x6f, 0xfb, 0x2f, 0xff, 0x30, 0x0, 0xcf, 0xf9,
    0xd, 0xff, 0xfb, 0xae, 0xff, 0xf3, 0x3, 0xff,
    0xff, 0xff, 0xff, 0x90, 0x0, 0x29, 0xdf, 0xfe,
    0xb5, 0x0,

    /* U+00DD "Ý" */
    0x0, 0x0, 0x0, 0x2, 0x60, 0x0, 0x0, 0x0,
    0x0, 0x0, 0x0, 0xaf, 0xd3, 0x0, 0x0, 0x0,
    0x0, 0x0, 0x2f, 0xfd, 0x0, 0x0, 0x0, 0x0,
    0x0, 0xa, 0xff, 0x30, 0x0, 0x0, 0x0, 0x0,
    0x2, 0xff, 0x70, 0x0, 0x0, 0x0, 0x0, 0x0,
    0x5, 0x90, 0x0, 0x0, 0x0, 0x0, 0x0, 0x0,
    0x0, 0x0, 0x0, 0x0, 0x9, 0xff, 0xe0, 0x0,
    0x0, 0x6, 0xff, 0xe0, 0x1f, 0xff, 0x60, 0x0,
    0x0, 0xef, 0xf7, 0x0, 0x8f, 0xfd, 0x0, 0x0,
    0x6f, 0xfe, 0x0, 0x1, 0xff, 0xf5, 0x0, 0xd,
    0xff, 0x70, 0x0, 0x8, 0xff, 0xd0, 0x5, 0xff,
    0xe0, 0x0, 0x0, 0x1f, 0xff, 0x40, 0xcf, 0xf6,
    0x0, 0x0, 0x0, 0x8f, 0xfa, 0x3f, 0xfe, 0x0,
    0x0, 0x0, 0x1, 0xff, 0xfc, 0xff, 0x60, 0x0,
    0x0, 0x0, 0x8, 0xff, 0xff, 0xe0, 0x0, 0x0,
    0x0, 0x0, 0x1f, 0xff, 0xf6, 0x0, 0x0, 0x0,
    0x0, 0x0, 0x8f, 0xfe, 0x0, 0x0, 0x0, 0x0,
    0x0, 0x5, 0xff, 0xc0, 0x0, 0x0, 0x0, 0x0,
    0x0, 0x5f, 0xfc, 0x0, 0x0, 0x0, 0x0, 0x0,
    0x5, 0xff, 0xc0, 0x0, 0x0, 0x0, 0x0, 0x0,
    0x5f, 0xfc, 0x0, 0x0, 0x0, 0x0, 0x0, 0x5,
    0xff, 0xc0, 0x0, 0x0, 0x0, 0x0, 0x0, 0x5f,
    0xfc, 0x0, 0x0, 0x0,

    /* U+00DE "Þ" */
    0x1f, 0xff, 0x10, 0x0, 0x0, 0x0, 0x1, 0xff,
    0xf1, 0x0, 0x0, 0x0, 0x0, 0x1f, 0xff, 0x10,
    0x0, 0x0, 0x0, 0x1, 0xff, 0xff, 0xff, 0xfd,
    0x80, 0x0, 0x1f, 0xff, 0xff, 0xff, 0xff, 0xd1,
    0x1, 0xff, 0xfa, 0xaa, 0xcf, 0xff, 0x90, 0x1f,
    0xff, 0x10, 0x0, 0x6f, 0xff, 0x1, 0xff, 0xf1,
    0x0, 0x1, 0xff, 0xf2, 0x1f, 0xff, 0x10, 0x0,
    0xf, 0xff, 0x31, 0xff, 0xf1, 0x0, 0x2, 0xff,
    0xf1, 0x1f, 0xff, 0x10, 0x2, 0xbf, 0xfd, 0x1,
    0xff, 0xff, 0xff, 0xff, 0xff, 0x60, 0x1f, 0xff,
    0xff, 0xff, 0xff, 0x80, 0x1, 0xff, 0xfa, 0x99,
    0x97, 0x20, 0x0, 0x1f, 0xff, 0x10, 0x0, 0x0,
    0x0, 0x1, 0xff, 0xf1, 0x0, 0x0, 0x0, 0x0,
    0x1f, 0xff, 0x10, 0x0, 0x0, 0x0, 0x0,

    /* U+00DF "ß" */
    0x1, 0x9e, 0xff, 0xfd, 0x0, 0x0, 0x0, 0xbf,
    0xff, 0xff, 0xd0, 0x0, 0x0, 0x2f, 0xfd, 0x66,
    0x65, 0x0, 0x0, 0x4, 0xff, 0xb0, 0x0, 0x0,
    0x0, 0x0, 0x4f, 0xfb, 0x0, 0x0, 0x0, 0x0,
    0x4, 0xff, 0xff, 0xff, 0xff, 0xff, 0xd0, 0x4f,
    0xff, 0xff, 0xff, 0xff, 0xfd, 0x4, 0xff, 0xd6,
    0x66, 0x69, 0xff, 0xb0, 0x4f, 0xfb, 0x0, 0x0,
    0xdf, 0xf2, 0x4, 0xff, 0xb0, 0x0, 0x8f, 0xf6,
    0x0, 0x4f, 0xfb, 0x0, 0x3f, 0xfb, 0x0, 0x4,
    0xff, 0xb0, 0xd, 0xff, 0x10, 0x0, 0x4f, 0xfb,
    0x6, 0xff, 0x90, 0x0, 0x4, 0xff, 0xb0, 0x6f,
    0xff, 0xf9, 0x0, 0x4f, 0xfb, 0x4, 0xce, 0xff,
    0xfc, 0x4, 0xff, 0xb0, 0x0, 0x4, 0xff, 0xf6,
    0x4f, 0xfb, 0x0, 0x0, 0x8, 0xff, 0xa4, 0xff,
    0xb0, 0x0, 0x0, 0x6f, 0xfb, 0x0, 0x0, 0x0,
    0x0, 0x7, 0xff, 0xa0, 0x0, 0x0, 0x0, 0x0,
    0xdf, 0xf7, 0x0, 0x0, 0x6, 0x68, 0xef, 0xfe,
    0x10, 0x0, 0x2, 0xff, 0xff, 0xfe, 0x30, 0x0,
    0x0, 0x2f, 0xfe, 0xc7, 0x10, 0x0,

    /* U+00E0 "à" */
    0x0, 0x0, 0x44, 0x0, 0x0, 0x0, 0x0, 0x1,
    0xcf, 0xc0, 0x0, 0x0, 0x0, 0x0, 0xb, 0xff,
    0x40, 0x0, 0x0, 0x0, 0x0, 0x1e, 0xfc, 0x0,
    0x0, 0x0, 0x0, 0x0, 0x4f, 0xf4, 0x0, 0x0,
    0x0, 0x0, 0x0, 0x87, 0x0, 0x0, 0x0, 0x0,
    0x0, 0x0, 0x0, 0x0, 0x0, 0x0, 0x3, 0x9d,
    0xff, 0xd8, 0x10, 0x0, 0x7, 0xff, 0xff, 0xff,
    0xfe, 0x10, 0x1, 0xff, 0xd7, 0x67, 0xef, 0xfa,
    0x0, 0x2, 0x91, 0x0, 0x3, 0xff, 0xf0, 0x0,
    0x0, 0x0, 0x0, 0xf, 0xff, 0x10, 0x0, 0x38,
    0xbc, 0xdd, 0xff, 0xf1, 0x0, 0x9f, 0xff, 0xff,
    0xff, 0xff, 0x10, 0x5f, 0xfd, 0x30, 0x0, 0xff,
    0xf1, 0x9, 0xff, 0x70, 0x0, 0xf, 0xff, 0x10,
    0xaf, 0xf7, 0x0, 0x2, 0xff, 0xf1, 0x7, 0xff,
    0xe5, 0x35, 0xde, 0xff, 0x63, 0xd, 0xff, 0xff,
    0xfb, 0x7f, 0xff, 0x90, 0x1a, 0xef, 0xd8, 0x0,
    0xaf, 0xf9,

    /* U+00E1 "á" */
    0x0, 0x0, 0x0, 0x44, 0x0, 0x0, 0x0, 0x0,
    0x0, 0xd, 0xfc, 0x10, 0x0, 0x0, 0x0, 0x5,
    0xff, 0xb0, 0x0, 0x0, 0x0, 0x0, 0xdf, 0xe1,
    0x0, 0x0, 0x0, 0x0, 0x5f, 0xf4, 0x0, 0x0,
    0x0, 0x0, 0x0, 0x77, 0x0, 0x0, 0x0, 0x0,
    0x0, 0x0, 0x0, 0x0, 0x0, 0x0, 0x3, 0x9d,
    0xff, 0xd8, 0x10, 0x0, 0x7, 0xff, 0xff, 0xff,
    0xfe, 0x10, 0x1, 0xff, 0xd7, 0x67, 0xef, 0xfa,
    0x0, 0x2, 0x91, 0x0, 0x3, 0xff, 0xf0, 0x0,
    0x0, 0x0, 0x0, 0xf, 0xff, 0x10, 0x0, 0x38,
    0xbc, 0xdd, 0xff, 0xf1, 0x0, 0x9f, 0xff, 0xff,
    0xff, 0xff, 0x10, 0x5f, 0xfd, 0x30, 0x0, 0xff,
    0xf1, 0x9, 0xff, 0x70, 0x0, 0xf, 0xff, 0x10,
    0xaf, 0xf7, 0x0, 0x2, 0xff, 0xf1, 0x7, 0xff,
    0xe5, 0x35, 0xde, 0xff, 0x63, 0xd, 0xff, 0xff,
    0xfb, 0x7f, 0xff, 0x90, 0x1a, 0xef, 0xd8, 0x0,
    0xaf, 0xf9,

    /* U+00E2 "â" */
    0x0, 0x0, 0x48, 0x84, 0x0, 0x0, 0x0, 0x0,
    0x3f, 0xff, 0xf2, 0x0, 0x0, 0x0, 0xd, 0xff,
    0xff, 0xd0, 0x0, 0x0, 0xa, 0xff, 0x46, 0xff,
    0xa0, 0x0, 0x3, 0xff, 0x40, 0x6, 0xff, 0x20,
    0x0, 0x4, 0x50, 0x0, 0x6, 0x30, 0x0, 0x0,
    0x0, 0x0, 0x0, 0x0, 0x0, 0x0, 0x3, 0x9d,
    0xff, 0xd8, 0x10, 0x0, 0x7, 0xff, 0xff, 0xff,
    0xfe, 0x10, 0x1, 0xff, 0xd7, 0x67, 0xef, 0xfa,
    0x0, 0x2, 0x91, 0x0, 0x3, 0xff, 0xf0, 0x0,
    0x0, 0x0, 0x0, 0xf, 0xff, 0x10, 0x0, 0x38,
    0xbc, 0xdd, 0xff, 0xf1, 0x0, 0x9f, 0xff, 0xff,
    0xff, 0xff, 0x10, 0x5f, 0xfd, 0x30, 0x0, 0xff,
    0xf1, 0x9, 0xff, 0x70, 0x0, 0xf, 0xff, 0x10,
    0xaf, 0xf7, 0x0, 0x2, 0xff, 0xf1, 0x7, 0xff,
    0xe5, 0x35, 0xde, 0xff, 0x63, 0xd, 0xff, 0xff,
    0xfb, 0x7f, 0xff, 0x90, 0x1a, 0xef, 0xd8, 0x0,
    0xaf, 0xf9,

    /* U+00E3 "ã" */
    0x0, 0x6e, 0xfb, 0x51, 0x23, 0x0, 0x0, 0x3f,
    0xff, 0xff, 0xff, 0xf2, 0x0, 0x0, 0x87, 0x6a,
    0xff, 0xfb, 0x0, 0x0, 0x0, 0x0, 0x1, 0x43,
    0x0, 0x0, 0x0, 0x0, 0x0, 0x0, 0x0, 0x0,
    0x0, 0x3, 0x9d, 0xff, 0xd8, 0x10, 0x0, 0x7,
    0xff, 0xff, 0xff, 0xfe, 0x10, 0x1, 0xff, 0xd7,
    0x67, 0xef, 0xfa, 0x0, 0x2, 0x91, 0x0, 0x3,
    0xff, 0xf0, 0x0, 0x0, 0x0, 0x0, 0xf, 0xff,
    0x10, 0x0, 0x38, 0xbc, 0xdd, 0xff, 0xf1, 0x0,
    0x9f, 0xff, 0xff, 0xff, 0xff, 0x10, 0x5f, 0xfd,
    0x30, 0x0, 0xff, 0xf1, 0x9, 0xff, 0x70, 0x0,
    0xf, 0xff, 0x10, 0xaf, 0xf7, 0x0, 0x2, 0xff,
    0xf1, 0x7, 0xff, 0xe5, 0x35, 0xde, 0xff, 0x63,
    0xd, 0xff, 0xff, 0xfb, 0x7f, 0xff, 0x90, 0x1a,
    0xef, 0xd8, 0x0, 0xaf, 0xf9,

    /* U+00E4 "ä" */
    0x0, 0xcf, 0xb0, 0xc, 0xfc, 0x0, 0x0, 0x4f,
    0xff, 0x33, 0xff, 0xf3, 0x0, 0x2, 0xff, 0xf1,
    0x1f, 0xff, 0x10, 0x0, 0x3, 0x52, 0x0, 0x25,
    0x20, 0x0, 0x0, 0x0, 0x0, 0x0, 0x0, 0x0,
    0x0, 0x3, 0x9d, 0xff, 0xd8, 0x10, 0x0, 0x7,
    0xff, 0xff, 0xff, 0xfe, 0x10, 0x1, 0xff, 0xd7,
    0x67, 0xef, 0xfa, 0x0, 0x2, 0x91, 0x0, 0x3,
    0xff, 0xf0, 0x0, 0x0, 0x0, 0x0, 0xf, 0xff,
    0x10, 0x0, 0x38, 0xbc, 0xdd, 0xff, 0xf1, 0x0,
    0x9f, 0xff, 0xff, 0xff, 0xff, 0x10, 0x5f, 0xfd,
    0x30, 0x0, 0xff, 0xf1, 0x9, 0xff, 0x70, 0x0,
    0xf, 0xff, 0x10, 0xaf, 0xf7, 0x0, 0x2, 0xff,
    0xf1, 0x7, 0xff, 0xe5, 0x35, 0xde, 0xff, 0x63,
    0xd, 0xff, 0xff, 0xfb, 0x7f, 0xff, 0x90, 0x1a,
    0xef, 0xd8, 0x0, 0xaf, 0xf9,

    /* U+00E5 "å" */
    0x0, 0x0, 0x48, 0x84, 0x0, 0x0, 0x0, 0x0,
    0x7f, 0xff, 0xf7, 0x0, 0x0, 0x0, 0x1f, 0xe1,
    0x2e, 0xf1, 0x0, 0x0, 0x4, 0xfb, 0x0, 0xcf,
    0x30, 0x0, 0x0, 0x2f, 0xc0, 0xd, 0xf2, 0x0,
    0x0, 0x0, 0xcf, 0xcc, 0xfb, 0x0, 0x0, 0x0,
    0x1, 0x9e, 0xe9, 0x0, 0x0, 0x0, 0x0, 0x0,
    0x0, 0x0, 0x0, 0x0, 0x0, 0x39, 0xdf, 0xfd,
    0x81, 0x0, 0x0, 0x7f, 0xff, 0xff, 0xff, 0xe1,
    0x0, 0x1f, 0xfd, 0x76, 0x7e, 0xff, 0xa0, 0x0,
    0x29, 0x10, 0x0, 0x3f, 0xff, 0x0, 0x0, 0x0,
    0x0, 0x0, 0xff, 0xf1, 0x0, 0x3, 0x8b, 0xcd,
    0xdf, 0xff, 0x10, 0x9, 0xff, 0xff, 0xff, 0xff,
    0xf1, 0x5, 0xff, 0xd3, 0x0, 0xf, 0xff, 0x10,
    0x9f, 0xf7, 0x0, 0x0, 0xff, 0xf1, 0xa, 0xff,
    0x70, 0x0, 0x2f, 0xff, 0x10, 0x7f, 0xfe, 0x53,
    0x5d, 0xef, 0xf6, 0x30, 0xdf, 0xff, 0xff, 0xb7,
    0xff, 0xf9, 0x1, 0xae, 0xfd, 0x80, 0xa, 0xff,
    0x90,

    /* U+00E6 "æ" */
    0x2, 0xae, 0xfa, 0x10, 0x9e, 0xfb, 0x20, 0xd,
    0xff, 0xff, 0xda, 0xff, 0xff, 0xe0, 0x6f, 0xd2,
    0x2d, 0xff, 0xc2, 0x3d, 0xf7, 0x5, 0x40, 0x7,
    0xff, 0x40, 0x7, 0xfc, 0x0, 0x0, 0x6, 0xff,
    0x20, 0x5, 0xfe, 0x0, 0x6a, 0xbd, 0xff, 0xcc,
    0xcd, 0xff, 0x1d, 0xff, 0xff, 0xff, 0xff, 0xff,
    0xff, 0x8f, 0xf4, 0x6, 0xff, 0x20, 0x0, 0x0,
    0xcf, 0xa0, 0x6, 0xff, 0x30, 0x0, 0x0, 0xdf,
    0xa0, 0x8, 0xff, 0x70, 0x7, 0xc6, 0xaf, 0xe4,
    0x4e, 0xaf, 0xe4, 0x4e, 0xf7, 0x4f, 0xff, 0xfc,
    0x1d, 0xff, 0xff, 0xd0, 0x5, 0xdf, 0xb1, 0x1,
    0xae, 0xfa, 0x10,

    /* U+00E7 "ç" */
    0x0, 0x3, 0xae, 0xfe, 0xb4, 0x0, 0x0, 0x7f,
    0xff, 0xff, 0xff, 0x80, 0x4, 0xff, 0xfc, 0x9b,
    0xff, 0xf5, 0xd, 0xff, 0x80, 0x0, 0x4f, 0xa2,
    0x2f, 0xff, 0x0, 0x0, 0x2, 0x0, 0x5f, 0xfd,
    0x0, 0x0, 0x0, 0x0, 0x6f, 0xfd, 0x0, 0x0,
    0x0, 0x0, 0x5f, 0xfd, 0x0, 0x0, 0x0, 0x0,
    0x2f, 0xff, 0x0, 0x0, 0x2, 0x0, 0xd, 0xff,
    0x70, 0x0, 0x2e, 0xc3, 0x5, 0xff, 0xfc, 0x9a,
    0xff, 0xf8, 0x0, 0x8f, 0xff, 0xff, 0xff, 0xb0,
    0x0, 0x4, 0xaf, 0xfe, 0xc6, 0x0, 0x0, 0x0,
    0xa, 0xc0, 0x0, 0x0, 0x0, 0x0, 0x9, 0xdc,
    0xa1, 0x0, 0x0, 0x0, 0x10, 0xb, 0xf8, 0x0,
    0x0, 0x0, 0xdd, 0xaf, 0xf6, 0x0, 0x0, 0x0,
    0x7e, 0xfe, 0x80, 0x0,

    /* U+00E8 "è" */
    0x0, 0x0, 0x26, 0x0, 0x0, 0x0, 0x0, 0x0,
    0xaf, 0xf1, 0x0, 0x0, 0x0, 0x0, 0x8, 0xff,
    0x80, 0x0, 0x0, 0x0, 0x0, 0xc, 0xff, 0x10,
    0x0, 0x0, 0x0, 0x0, 0x1f, 0xf8, 0x0, 0x0,
    0x0, 0x0, 0x0, 0x58, 0x10, 0x0, 0x0, 0x0,
    0x0, 0x0, 0x0, 0x0, 0x0, 0x0, 0x0, 0x5b,
    0xef, 0xd9, 0x20, 0x0, 0x0, 0xbf, 0xff, 0xff,
    0xff, 0x50, 0x0, 0x9f, 0xfd, 0x65, 0x9f, 0xff,
    0x20, 0x2f, 0xfd, 0x0, 0x0, 0x6f, 0xf9, 0x7,
    0xff, 0x70, 0x0, 0x0, 0xff, 0xe0, 0x9f, 0xff,
    0xff, 0xff, 0xff, 0xff, 0xa, 0xff, 0xff, 0xff,
    0xff, 0xff, 0xf1, 0x9f, 0xf6, 0x0, 0x0, 0x0,
    0x0, 0x7, 0xff, 0x90, 0x0, 0x0, 0x0, 0x0,
    0x2f, 0xff, 0x30, 0x0, 0x1b, 0xa0, 0x0, 0x9f,
    0xff, 0xa8, 0x9e, 0xff, 0x70, 0x0, 0xbf, 0xff,
    0xff, 0xff, 0xc0, 0x0, 0x0, 0x5b, 0xef, 0xeb,
    0x50, 0x0,

    /* U+00E9 "é" */
    0x0, 0x0, 0x0, 0x26, 0x0, 0x0, 0x0, 0x0,
    0x0, 0x9, 0xfd, 0x30, 0x0, 0x0, 0x0, 0x2,
    0xff, 0xe1, 0x0, 0x0, 0x0, 0x0, 0x9f, 0xf3,
    0x0, 0x0, 0x0, 0x0, 0x1f, 0xf8, 0x0, 0x0,
    0x0, 0x0, 0x0, 0x59, 0x0, 0x0, 0x0, 0x0,
    0x0, 0x0, 0x0, 0x0, 0x0, 0x0, 0x0, 0x5b,
    0xef, 0xd9, 0x20, 0x0, 0x0, 0xbf, 0xff, 0xff,
    0xff, 0x50, 0x0, 0x9f, 0xfd, 0x65, 0x9f, 0xff,
    0x20, 0x2f, 0xfd, 0x0, 0x0, 0x6f, 0xf9, 0x7,
    0xff, 0x70, 0x0, 0x0, 0xff, 0xe0, 0x9f, 0xff,
    0xff, 0xff, 0xff, 0xff, 0xa, 0xff, 0xff, 0xff,
    0xff, 0xff, 0xf1, 0x9f, 0xf6, 0x0, 0x0, 0x0,
    0x0, 0x7, 0xff, 0x90, 0x0, 0x0, 0x0, 0x0,
    0x2f, 0xff, 0x30, 0x0, 0x1b, 0xa0, 0x0, 0x9f,
    0xff, 0xa8, 0x9e, 0xff, 0x70, 0x0, 0xbf, 0xff,
    0xff, 0xff, 0xc0, 0x0, 0x0, 0x5b, 0xef, 0xeb,
    0x50, 0x0,

    /* U+00EA "ê" */
    0x0, 0x0, 0x28, 0x86, 0x0, 0x0, 0x0, 0x0,
    0xd, 0xff, 0xf5, 0x0, 0x0, 0x0, 0xa, 0xff,
    0xff, 0xf2, 0x0, 0x0, 0x6, 0xff, 0x73, 0xff,
    0xd0, 0x0, 0x0, 0xef, 0x80, 0x3, 0xff, 0x60,
    0x0, 0x2, 0x70, 0x0, 0x3, 0x60, 0x0, 0x0,
    0x0, 0x0, 0x0, 0x0, 0x0, 0x0, 0x0, 0x5b,
    0xef, 0xd9, 0x20, 0x0, 0x0, 0xbf, 0xff, 0xff,
    0xff, 0x50, 0x0, 0x9f, 0xfd, 0x65, 0x9f, 0xff,
    0x20, 0x2f, 0xfd, 0x0, 0x0, 0x6f, 0xf9, 0x7,
    0xff, 0x70, 0x0, 0x0, 0xff, 0xe0, 0x9f, 0xff,
    0xff, 0xff, 0xff, 0xff, 0xa, 0xff, 0xff, 0xff,
    0xff, 0xff, 0xf1, 0x9f, 0xf6, 0x0, 0x0, 0x0,
    0x0, 0x7, 0xff, 0x90, 0x0, 0x0, 0x0, 0x0,
    0x2f, 0xff, 0x30, 0x0, 0x1b, 0xa0, 0x0, 0x9f,
    0xff, 0xa8, 0x9e, 0xff, 0x70, 0x0, 0xbf, 0xff,
    0xff, 0xff, 0xc0, 0x0, 0x0, 0x5b, 0xef, 0xeb,
    0x50, 0x0,

    /* U+00EB "ë" */
    0x0, 0x9f, 0xd2, 0x9, 0xfd, 0x20, 0x0, 0xf,
    0xff, 0x60, 0xff, 0xf7, 0x0, 0x0, 0xef, 0xf4,
    0xd, 0xff, 0x50, 0x0, 0x1, 0x53, 0x0, 0x15,
    0x40, 0x0, 0x0, 0x0, 0x0, 0x0, 0x0, 0x0,
    0x0, 0x0, 0x5b, 0xef, 0xd9, 0x20, 0x0, 0x0,
    0xbf, 0xff, 0xff, 0xff, 0x50, 0x0, 0x9f, 0xfd,
    0x65, 0x9f, 0xff, 0x20, 0x2f, 0xfd, 0x0, 0x0,
    0x6f, 0xf9, 0x7, 0xff, 0x70, 0x0, 0x0, 0xff,
    0xe0, 0x9f, 0xff, 0xff, 0xff, 0xff, 0xff, 0xa,
    0xff, 0xff, 0xff, 0xff, 0xff, 0xf1, 0x9f, 0xf6,
    0x0, 0x0, 0x0, 0x0, 0x7, 0xff, 0x90, 0x0,
    0x0, 0x0, 0x0, 0x2f, 0xff, 0x30, 0x0, 0x1b,
    0xa0, 0x0, 0x9f, 0xff, 0xa8, 0x9e, 0xff, 0x70,
    0x0, 0xbf, 0xff, 0xff, 0xff, 0xc0, 0x0, 0x0,
    0x5b, 0xef, 0xeb, 0x50, 0x0,

    /* U+00EC "ì" */
    0x0, 0x1, 0x96, 0x0, 0x0, 0x0, 0x0, 0x2f,
    0xfe, 0x0, 0x0, 0x0, 0x0, 0x8, 0xff, 0x70,
    0x0, 0x0, 0x0, 0x0, 0xcf, 0xe0, 0x0, 0x0,
    0x0, 0x0, 0x2f, 0xf4, 0x0, 0x0, 0x0, 0x0,
    0x4, 0x20, 0x0, 0x0, 0x0, 0x0, 0x0, 0x0,
    0x0, 0x0, 0xaf, 0xff, 0xff, 0xf8, 0x0, 0x0,
    0xaf, 0xff, 0xff, 0xf8, 0x0, 0x0, 0x47, 0x77,
    0xcf, 0xf8, 0x0, 0x0, 0x0, 0x0, 0x9f, 0xf8,
    0x0, 0x0, 0x0, 0x0, 0x9f, 0xf8, 0x0, 0x0,
    0x0, 0x0, 0x9f, 0xf8, 0x0, 0x0, 0x0, 0x0,
    0x9f, 0xf8, 0x0, 0x0, 0x0, 0x0, 0x9f, 0xf8,
    0x0, 0x0, 0x0, 0x0, 0x9f, 0xf8, 0x0, 0x0,
    0x0, 0x0, 0x9f, 0xf8, 0x0, 0x0, 0x47, 0x77,
    0xcf, 0xfb, 0x77, 0x72, 0xaf, 0xff, 0xff, 0xff,
    0xff, 0xf4, 0xaf, 0xff, 0xff, 0xff, 0xff, 0xf4,

    /* U+00ED "í" */
    0x0, 0x0, 0x0, 0x79, 0x10, 0x0, 0x0, 0x0,
    0x1, 0xff, 0xf1, 0x0, 0x0, 0x0, 0x8, 0xff,
    0x70, 0x0, 0x0, 0x0, 0xf, 0xfb, 0x0, 0x0,
    0x0, 0x0, 0x5f, 0xe1, 0x0, 0x0, 0x0, 0x0,
    0x2, 0x30, 0x0, 0x0, 0x0, 0x0, 0x0, 0x0,
    0x0, 0x0, 0xaf, 0xff, 0xff, 0xf8, 0x0, 0x0,
    0xaf, 0xff, 0xff, 0xf8, 0x0, 0x0, 0x47, 0x77,
    0xcf, 0xf8, 0x0, 0x0, 0x0, 0x0, 0x9f, 0xf8,
    0x0, 0x0, 0x0, 0x0, 0x9f, 0xf8, 0x0, 0x0,
    0x0, 0x0, 0x9f, 0xf8, 0x0, 0x0, 0x0, 0x0,
    0x9f, 0xf8, 0x0, 0x0, 0x0, 0x0, 0x9f, 0xf8,
    0x0, 0x0, 0x0, 0x0, 0x9f, 0xf8, 0x0, 0x0,
    0x0, 0x0, 0x9f, 0xf8, 0x0, 0x0, 0x47, 0x77,
    0xcf, 0xfb, 0x77, 0x72, 0xaf, 0xff, 0xff, 0xff,
    0xff, 0xf4, 0xaf, 0xff, 0xff, 0xff, 0xff, 0xf4,

    /* U+00EE "î" */
    0x0, 0x0, 0xcf, 0xfc, 0x0, 0x0, 0x0, 0xb,
    0xff, 0xff, 0xa0, 0x0, 0x0, 0x9f, 0xf6, 0x8f,
    0xf8, 0x0, 0x3, 0xff, 0x50, 0x7, 0xff, 0x20,
    0x0, 0x34, 0x0, 0x0, 0x52, 0x0, 0x0, 0x0,
    0x0, 0x0, 0x0, 0x0, 0xaf, 0xff, 0xff, 0xf8,
    0x0, 0x0, 0xaf, 0xff, 0xff, 0xf8, 0x0, 0x0,
    0x47, 0x77, 0xcf, 0xf8, 0x0, 0x0, 0x0, 0x0,
    0x9f, 0xf8, 0x0, 0x0, 0x0, 0x0, 0x9f, 0xf8,
    0x0, 0x0, 0x0, 0x0, 0x9f, 0xf8, 0x0, 0x0,
    0x0, 0x0, 0x9f, 0xf8, 0x0, 0x0, 0x0, 0x0,
    0x9f, 0xf8, 0x0, 0x0, 0x0, 0x0, 0x9f, 0xf8,
    0x0, 0x0, 0x0, 0x0, 0x9f, 0xf8, 0x0, 0x0,
    0x47, 0x77, 0xcf, 0xfb, 0x77, 0x72, 0xaf, 0xff,
    0xff, 0xff, 0xff, 0xf4, 0xaf, 0xff, 0xff, 0xff,
    0xff, 0xf4,

    /* U+00EF "ï" */
    0x0, 0xcf, 0xb0, 0xc, 0xfb, 0x0, 0x4, 0xff,
    0xf2, 0x4f, 0xff, 0x30, 0x2, 0xff, 0xf1, 0x2f,
    0xff, 0x10, 0x0, 0x35, 0x20, 0x2, 0x52, 0x0,
    0x0, 0x0, 0x0, 0x0, 0x0, 0x0, 0xaf, 0xff,
    0xff, 0xf8, 0x0, 0x0, 0xaf, 0xff, 0xff, 0xf8,
    0x0, 0x0, 0x47, 0x77, 0xcf, 0xf8, 0x0, 0x0,
    0x0, 0x0, 0x9f, 0xf8, 0x0, 0x0, 0x0, 0x0,
    0x9f, 0xf8, 0x0, 0x0, 0x0, 0x0, 0x9f, 0xf8,
    0x0, 0x0, 0x0, 0x0, 0x9f, 0xf8, 0x0, 0x0,
    0x0, 0x0, 0x9f, 0xf8, 0x0, 0x0, 0x0, 0x0,
    0x9f, 0xf8, 0x0, 0x0, 0x0, 0x0, 0x9f, 0xf8,
    0x0, 0x0, 0x47, 0x77, 0xcf, 0xfb, 0x77, 0x72,
    0xaf, 0xff, 0xff, 0xff, 0xff, 0xf4, 0xaf, 0xff,
    0xff, 0xff, 0xff, 0xf4,

    /* U+00F0 "ð" */
    0x0, 0x0, 0x0, 0x0, 0x1, 0x0, 0x0, 0x3b,
    0xff, 0xf9, 0x5d, 0xe2, 0x0, 0x0, 0x4, 0xdf,
    0xff, 0xe5, 0x0, 0x0, 0x0, 0x2b, 0xff, 0xfe,
    0x10, 0x0, 0x0, 0xd, 0xf8, 0x7f, 0xfc, 0x0,
    0x0, 0x0, 0x11, 0x0, 0x8f, 0xf7, 0x0, 0x0,
    0x3b, 0xef, 0xb4, 0xcf, 0xe1, 0x0, 0x4f, 0xff,
    0xff, 0xf8, 0xff, 0x60, 0xe, 0xff, 0xe8, 0x7b,
    0xef, 0xfb, 0x6, 0xff, 0xe1, 0x0, 0x9, 0xff,
    0xf0, 0xaf, 0xf8, 0x0, 0x0, 0x1f, 0xff, 0x2c,
    0xff, 0x60, 0x0, 0x0, 0xef, 0xf3, 0xdf, 0xf5,
    0x0, 0x0, 0xe, 0xff, 0x3c, 0xff, 0x60, 0x0,
    0x0, 0xef, 0xf2, 0x9f, 0xf8, 0x0, 0x0, 0x1f,
    0xff, 0x4, 0xff, 0xe1, 0x0, 0x9, 0xff, 0xa0,
    0xb, 0xff, 0xe8, 0x7b, 0xff, 0xf3, 0x0, 0x1c,
    0xff, 0xff, 0xff, 0xf6, 0x0, 0x0, 0x6, 0xcf,
    0xfe, 0xa3, 0x0, 0x0,

    /* U+00F1 "ñ" */
    0x0, 0x3d, 0xfc, 0x61, 0x15, 0x0, 0x0, 0xef,
    0xff, 0xff, 0xff, 0x50, 0x0, 0x59, 0x69, 0xef,
    0xfe, 0x20, 0x0, 0x0, 0x0, 0x4, 0x40, 0x0,
    0x0, 0x0, 0x0, 0x0, 0x0, 0x0, 0x3f, 0xfe,
    0x5, 0xdf, 0xe8, 0x0, 0x3f, 0xfe, 0x6f, 0xff,
    0xff, 0xb0, 0x3f, 0xfe, 0xea, 0x8c, 0xff, 0xf5,
    0x3f, 0xff, 0x30, 0x0, 0xcf, 0xf9, 0x3f, 0xfe,
    0x0, 0x0, 0x7f, 0xfb, 0x3f, 0xfe, 0x0, 0x0,
    0x5f, 0xfb, 0x3f, 0xfe, 0x0, 0x0, 0x5f, 0xfb,
    0x3f, 0xfe, 0x0, 0x0, 0x5f, 0xfb, 0x3f, 0xfe,
    0x0, 0x0, 0x5f, 0xfb, 0x3f, 0xfe, 0x0, 0x0,
    0x5f, 0xfb, 0x3f, 0xfe, 0x0, 0x0, 0x5f, 0xfb,
    0x3f, 0xfe, 0x0, 0x0, 0x5f, 0xfb, 0x3f, 0xfe,
    0x0, 0x0, 0x5f, 0xfb,

    /* U+00F2 "ò" */
    0x0, 0x0, 0x35, 0x0, 0x0, 0x0, 0x0, 0x0,
    0xaf, 0xf1, 0x0, 0x0, 0x0, 0x0, 0x8, 0xff,
    0x80, 0x0, 0x0, 0x0, 0x0, 0xc, 0xff, 0x10,
    0x0, 0x0, 0x0, 0x0, 0x2f, 0xf8, 0x0, 0x0,
    0x0, 0x0, 0x0, 0x58, 0x10, 0x0, 0x0, 0x0,
    0x0, 0x0, 0x0, 0x0, 0x0, 0x0, 0x0, 0x6c,
    0xff, 0xd9, 0x20, 0x0, 0x1, 0xdf, 0xff, 0xff,
    0xff, 0x50, 0x0, 0xcf, 0xfe, 0x87, 0xbf, 0xff,
    0x20, 0x4f, 0xfe, 0x10, 0x0, 0x8f, 0xfa, 0x9,
    0xff, 0x70, 0x0, 0x1, 0xff, 0xf0, 0xcf, 0xf5,
    0x0, 0x0, 0xf, 0xff, 0x2d, 0xff, 0x50, 0x0,
    0x0, 0xff, 0xf3, 0xcf, 0xf5, 0x0, 0x0, 0xf,
    0xff, 0x29, 0xff, 0x70, 0x0, 0x1, 0xff, 0xf0,
    0x4f, 0xfe, 0x10, 0x0, 0x9f, 0xfa, 0x0, 0xcf,
    0xfe, 0x87, 0xbf, 0xff, 0x30, 0x1, 0xdf, 0xff,
    0xff, 0xff, 0x50, 0x0, 0x0, 0x7c, 0xff, 0xd9,
    0x20, 0x0,

    /* U+00F3 "ó" */
    0x0, 0x0, 0x0, 0x26, 0x0, 0x0, 0x0, 0x0,
    0x0, 0xa, 0xfd, 0x30, 0x0, 0x0, 0x0, 0x2,
    0xff, 0xd0, 0x0, 0x0, 0x0, 0x0, 0xaf, 0xf3,
    0x0, 0x0, 0x0, 0x0, 0x2f, 0xf7, 0x0, 0x0,
    0x0, 0x0, 0x0, 0x59, 0x0, 0x0, 0x0, 0x0,
    0x0, 0x0, 0x0, 0x0, 0x0, 0x0, 0x0, 0x6c,
    0xff, 0xd9, 0x20, 0x0, 0x1, 0xdf, 0xff, 0xff,
    0xff, 0x50, 0x0, 0xcf, 0xfe, 0x87, 0xbf, 0xff,
    0x20, 0x4f, 0xfe, 0x10, 0x0, 0x8f, 0xfa, 0x9,
    0xff, 0x70, 0x0, 0x1, 0xff, 0xf0, 0xcf, 0xf5,
    0x0, 0x0, 0xf, 0xff, 0x2d, 0xff, 0x50, 0x0,
    0x0, 0xff, 0xf3, 0xcf, 0xf5, 0x0, 0x0, 0xf,
    0xff, 0x29, 0xff, 0x70, 0x0, 0x1, 0xff, 0xf0,
    0x4f, 0xfe, 0x10, 0x0, 0x9f, 0xfa, 0x0, 0xcf,
    0xfe, 0x87, 0xbf, 0xff, 0x30, 0x1, 0xdf, 0xff,
    0xff, 0xff, 0x50, 0x0, 0x0, 0x7c, 0xff, 0xd9,
    0x20, 0x0,

    /* U+00F4 "ô" */
    0x0, 0x0, 0x38, 0x86, 0x0, 0x0, 0x0, 0x0,
    0x1e, 0xff, 0xf5, 0x0, 0x0, 0x0, 0xb, 0xff,
    0xff, 0xf2, 0x0, 0x0, 0x7, 0xff, 0x73, 0xff,
    0xd0, 0x0, 0x0, 0xef, 0x70, 0x3, 0xff, 0x50,
    0x0, 0x2, 0x70, 0x0, 0x4, 0x60, 0x0, 0x0,
    0x0, 0x0, 0x0, 0x0, 0x0, 0x0, 0x0, 0x6c,
    0xff, 0xd9, 0x20, 0x0, 0x1, 0xdf, 0xff, 0xff,
    0xff, 0x50, 0x0, 0xcf, 0xfe, 0x87, 0xbf, 0xff,
    0x20, 0x4f, 0xfe, 0x10, 0x0, 0x8f, 0xfa, 0x9,
    0xff, 0x70, 0x0, 0x1, 0xff, 0xf0, 0xcf, 0xf5,
    0x0, 0x0, 0xf, 0xff, 0x2d, 0xff, 0x50, 0x0,
    0x0, 0xff, 0xf3, 0xcf, 0xf5, 0x0, 0x0, 0xf,
    0xff, 0x29, 0xff, 0x70, 0x0, 0x1, 0xff, 0xf0,
    0x4f, 0xfe, 0x10, 0x0, 0x9f, 0xfa, 0x0, 0xcf,
    0xfe, 0x87, 0xbf, 0xff, 0x30, 0x1, 0xdf, 0xff,
    0xff, 0xff, 0x50, 0x0, 0x0, 0x7c, 0xff, 0xd9,
    0x20, 0x0,

    /* U+00F5 "õ" */
    0x0, 0x4d, 0xfc, 0x61, 0x15, 0x0, 0x0, 0xe,
    0xff, 0xff, 0xff, 0xf4, 0x0, 0x0, 0x69, 0x69,
    0xff, 0xfd, 0x10, 0x0, 0x0, 0x0, 0x0, 0x44,
    0x0, 0x0, 0x0, 0x0, 0x0, 0x0, 0x0, 0x0,
    0x0, 0x0, 0x6c, 0xff, 0xd9, 0x20, 0x0, 0x1,
    0xdf, 0xff, 0xff, 0xff, 0x50, 0x0, 0xcf, 0xfe,
    0x87, 0xbf, 0xff, 0x20, 0x4f, 0xfe, 0x10, 0x0,
    0x8f, 0xfa, 0x9, 0xff, 0x70, 0x0, 0x1, 0xff,
    0xf0, 0xcf, 0xf5, 0x0, 0x0, 0xf, 0xff, 0x2d,
    0xff, 0x50, 0x0, 0x0, 0xff, 0xf3, 0xcf, 0xf5,
    0x0, 0x0, 0xf, 0xff, 0x29, 0xff, 0x70, 0x0,
    0x1, 0xff, 0xf0, 0x4f, 0xfe, 0x10, 0x0, 0x9f,
    0xfa, 0x0, 0xcf, 0xfe, 0x87, 0xbf, 0xff, 0x30,
    0x1, 0xdf, 0xff, 0xff, 0xff, 0x50, 0x0, 0x0,
    0x7c, 0xff, 0xd9, 0x20, 0x0,

    /* U+00F6 "ö" */
    0x0, 0xaf, 0xd2, 0x9, 0xfd, 0x20, 0x0, 0xf,
    0xff, 0x60, 0xff, 0xf7, 0x0, 0x0, 0xef, 0xf4,
    0xe, 0xff, 0x50, 0x0, 0x1, 0x53, 0x0, 0x15,
    0x40, 0x0, 0x0, 0x0, 0x0, 0x0, 0x0, 0x0,
    0x0, 0x0, 0x6c, 0xff, 0xd9, 0x20, 0x0, 0x1,
    0xdf, 0xff, 0xff, 0xff, 0x50, 0x0, 0xcf, 0xfe,
    0x87, 0xbf, 0xff, 0x20, 0x4f, 0xfe, 0x10, 0x0,
    0x8f, 0xfa, 0x9, 0xff, 0x70, 0x0, 0x1, 0xff,
    0xf0, 0xcf, 0xf5, 0x0, 0x0, 0xf, 0xff, 0x2d,
    0xff, 0x50, 0x0, 0x0, 0xff, 0xf3, 0xcf, 0xf5,
    0x0, 0x0, 0xf, 0xff, 0x29, 0xff, 0x70, 0x0,
    0x1, 0xff, 0xf0, 0x4f, 0xfe, 0x10, 0x0, 0x9f,
    0xfa, 0x0, 0xcf, 0xfe, 0x87, 0xbf, 0xff, 0x30,
    0x1, 0xdf, 0xff, 0xff, 0xff, 0x50, 0x0, 0x0,
    0x7c, 0xff, 0xd9, 0x20, 0x0,

    /* U+00F7 "÷" */
    0x0, 0x0, 0x4e, 0xf9, 0x0, 0x0, 0x0, 0x0,
    0xbf, 0xff, 0x10, 0x0, 0x0, 0x0, 0xaf, 0xff,
    0x0, 0x0, 0x0, 0x0, 0x19, 0xa4, 0x0, 0x0,
    0x0, 0x0, 0x0, 0x0, 0x0, 0x0, 0x8f, 0xff,
    0xff, 0xff, 0xff, 0xfe, 0x8f, 0xff, 0xff, 0xff,
    0xff, 0xfe, 0x48, 0x88, 0x88, 0x88, 0x88, 0x87,
    0x0, 0x0, 0x0, 0x0, 0x0, 0x0, 0x0, 0x0,
    0x18, 0xa4, 0x0, 0x0, 0x0, 0x0, 0xaf, 0xff,
    0x0, 0x0, 0x0, 0x0, 0xbf, 0xff, 0x10, 0x0,
    0x0, 0x0, 0x4e, 0xf9, 0x0, 0x0,

    /* U+00F8 "ø" */
    0x0, 0x0, 0x0, 0x0, 0x0, 0x0, 0x0, 0x0,
    0x0, 0x0, 0x0, 0x0, 0x7, 0x90, 0x0, 0x0,
    0x7c, 0xff, 0xd8, 0x5f, 0xf6, 0x0, 0x1d, 0xff,
    0xff, 0xff, 0xff, 0xa0, 0x0, 0xcf, 0xfe, 0x87,
    0xbf, 0xff, 0x30, 0x4, 0xff, 0xe1, 0x0, 0x8f,
    0xff, 0xa0, 0x9, 0xff, 0x70, 0x5, 0xfe, 0xff,
    0xf0, 0xc, 0xff, 0x50, 0x3f, 0xf3, 0xff, 0xf2,
    0xd, 0xff, 0x51, 0xef, 0x60, 0xff, 0xf3, 0xc,
    0xff, 0x6c, 0xf9, 0x0, 0xff, 0xf2, 0x9, 0xff,
    0xff, 0xb0, 0x1, 0xff, 0xf0, 0x4, 0xff, 0xfd,
    0x10, 0x9, 0xff, 0xb0, 0x0, 0xcf, 0xfe, 0x87,
    0xbf, 0xff, 0x30, 0x4, 0xff, 0xff, 0xff, 0xff,
    0xf5, 0x0, 0x1f, 0xfa, 0x6c, 0xef, 0xd9, 0x20,
    0x0, 0x5, 0xb0, 0x0, 0x0, 0x0, 0x0, 0x0,
    0x0, 0x0, 0x0, 0x0, 0x0, 0x0, 0x0,

    /* U+00F9 "ù" */
    0x0, 0x0, 0x79, 0x0, 0x0, 0x0, 0x0, 0xd,
    0xff, 0x20, 0x0, 0x0, 0x0, 0x5, 0xff, 0xa0,
    0x0, 0x0, 0x0, 0x0, 0x9f, 0xf2, 0x0, 0x0,
    0x0, 0x0, 0xd, 0xf7, 0x0, 0x0, 0x0, 0x0,
    0x2, 0x30, 0x0, 0x0, 0x0, 0x0, 0x0, 0x0,
    0x0, 0x0, 0x5f, 0xfc, 0x0, 0x0, 0x7f, 0xf9,
    0x5f, 0xfc, 0x0, 0x0, 0x7f, 0xf9, 0x5f, 0xfc,
    0x0, 0x0, 0x7f, 0xf9, 0x5f, 0xfc, 0x0, 0x0,
    0x7f, 0xf9, 0x5f, 0xfc, 0x0, 0x0, 0x7f, 0xf9,
    0x5f, 0xfc, 0x0, 0x0, 0x7f, 0xf9, 0x5f, 0xfc,
    0x0, 0x0, 0x7f, 0xf9, 0x5f, 0xfc, 0x0, 0x0,
    0x7f, 0xf9, 0x4f, 0xfd, 0x0, 0x0, 0x7f, 0xf9,
    0x3f, 0xff, 0x30, 0x0, 0xcf, 0xf9, 0xe, 0xff,
    0xe9, 0x8d, 0xdf, 0xf9, 0x5, 0xff, 0xff, 0xfc,
    0x7f, 0xf9, 0x0, 0x5c, 0xfe, 0x91, 0x7f, 0xf9,

    /* U+00FA "ú" */
    0x0, 0x0, 0x0, 0x4a, 0x20, 0x0, 0x0, 0x0,
    0x0, 0xcf, 0xf3, 0x0, 0x0, 0x0, 0x4, 0xff,
    0xa0, 0x0, 0x0, 0x0, 0xc, 0xfe, 0x10, 0x0,
    0x0, 0x0, 0x2f, 0xf4, 0x0, 0x0, 0x0, 0x0,
    0x1, 0x50, 0x0, 0x0, 0x0, 0x0, 0x0, 0x0,
    0x0, 0x0, 0x5f, 0xfc, 0x0, 0x0, 0x7f, 0xf9,
    0x5f, 0xfc, 0x0, 0x0, 0x7f, 0xf9, 0x5f, 0xfc,
    0x0, 0x0, 0x7f, 0xf9, 0x5f, 0xfc, 0x0, 0x0,
    0x7f, 0xf9, 0x5f, 0xfc, 0x0, 0x0, 0x7f, 0xf9,
    0x5f, 0xfc, 0x0, 0x0, 0x7f, 0xf9, 0x5f, 0xfc,
    0x0, 0x0, 0x7f, 0xf9, 0x5f, 0xfc, 0x0, 0x0,
    0x7f, 0xf9, 0x4f, 0xfd, 0x0, 0x0, 0x7f, 0xf9,
    0x3f, 0xff, 0x30, 0x0, 0xcf, 0xf9, 0xe, 0xff,
    0xe9, 0x8d, 0xdf, 0xf9, 0x5, 0xff, 0xff, 0xfc,
    0x7f, 0xf9, 0x0, 0x5c, 0xfe, 0x91, 0x7f, 0xf9,

    /* U+00FB "û" */
    0x0, 0x0, 0x38, 0x86, 0x0, 0x0, 0x0, 0x1,
    0xef, 0xff, 0x50, 0x0, 0x0, 0xc, 0xff, 0xef,
    0xf3, 0x0, 0x0, 0x9f, 0xf5, 0x2e, 0xfd, 0x10,
    0x0, 0xdf, 0x40, 0x2, 0xef, 0x40, 0x0, 0x3,
    0x0, 0x0, 0x22, 0x0, 0x0, 0x0, 0x0, 0x0,
    0x0, 0x0, 0x5f, 0xfc, 0x0, 0x0, 0x7f, 0xf9,
    0x5f, 0xfc, 0x0, 0x0, 0x7f, 0xf9, 0x5f, 0xfc,
    0x0, 0x0, 0x7f, 0xf9, 0x5f, 0xfc, 0x0, 0x0,
    0x7f, 0xf9, 0x5f, 0xfc, 0x0, 0x0, 0x7f, 0xf9,
    0x5f, 0xfc, 0x0, 0x0, 0x7f, 0xf9, 0x5f, 0xfc,
    0x0, 0x0, 0x7f, 0xf9, 0x5f, 0xfc, 0x0, 0x0,
    0x7f, 0xf9, 0x4f, 0xfd, 0x0, 0x0, 0x7f, 0xf9,
    0x3f, 0xff, 0x30, 0x0, 0xcf, 0xf9, 0xe, 0xff,
    0xe9, 0x8d, 0xdf, 0xf9, 0x5, 0xff, 0xff, 0xfc,
    0x7f, 0xf9, 0x0, 0x5c, 0xfe, 0x91, 0x7f, 0xf9,

    /* U+00FC "ü" */
    0x0, 0xaf, 0xd1, 0x9, 0xfd, 0x20, 0x1, 0xff,
    0xf6, 0xf, 0xff, 0x60, 0x0, 0xef, 0xf4, 0xe,
    0xff, 0x40, 0x0, 0x25, 0x30, 0x1, 0x53, 0x0,
    0x0, 0x0, 0x0, 0x0, 0x0, 0x0, 0x5f, 0xfc,
    0x0, 0x0, 0x7f, 0xf9, 0x5f, 0xfc, 0x0, 0x0,
    0x7f, 0xf9, 0x5f, 0xfc, 0x0, 0x0, 0x7f, 0xf9,
    0x5f, 0xfc, 0x0, 0x0, 0x7f, 0xf9, 0x5f, 0xfc,
    0x0, 0x0, 0x7f, 0xf9, 0x5f, 0xfc, 0x0, 0x0,
    0x7f, 0xf9, 0x5f, 0xfc, 0x0, 0x0, 0x7f, 0xf9,
    0x5f, 0xfc, 0x0, 0x0, 0x7f, 0xf9, 0x4f, 0xfd,
    0x0, 0x0, 0x7f, 0xf9, 0x3f, 0xff, 0x30, 0x0,
    0xcf, 0xf9, 0xe, 0xff, 0xe9, 0x8d, 0xdf, 0xf9,
    0x5, 0xff, 0xff, 0xfc, 0x7f, 0xf9, 0x0, 0x5c,
    0xfe, 0x91, 0x7f, 0xf9,

    /* U+00FD "ý" */
    0x0, 0x0, 0x0, 0x4, 0xb3, 0x0, 0x0, 0x0,
    0x0, 0x0, 0xc, 0xff, 0x40, 0x0, 0x0, 0x0,
    0x0, 0x4f, 0xfb, 0x0, 0x0, 0x0, 0x0, 0x0,
    0xcf, 0xe1, 0x0, 0x0, 0x0, 0x0, 0x1, 0xff,
    0x40, 0x0, 0x0, 0x0, 0x0, 0x0, 0x15, 0x0,
    0x0, 0x0, 0x0, 0x0, 0x0, 0x0, 0x0, 0x0,
    0x0, 0x1f, 0xff, 0x20, 0x0, 0x0, 0x9f, 0xf8,
    0xb, 0xff, 0x70, 0x0, 0x0, 0xef, 0xf2, 0x5,
    0xff, 0xd0, 0x0, 0x4, 0xff, 0xb0, 0x0, 0xef,
    0xf2, 0x0, 0xa, 0xff, 0x50, 0x0, 0x8f, 0xf8,
    0x0, 0xf, 0xfe, 0x0, 0x0, 0x2f, 0xfd, 0x0,
    0x5f, 0xf9, 0x0, 0x0, 0xc, 0xff, 0x30, 0xaf,
    0xf2, 0x0, 0x0, 0x6, 0xff, 0x80, 0xff, 0xc0,
    0x0, 0x0, 0x0, 0xff, 0xd4, 0xff, 0x60, 0x0,
    0x0, 0x0, 0xaf, 0xfc, 0xff, 0x0, 0x0, 0x0,
    0x0, 0x3f, 0xff, 0xfa, 0x0, 0x0, 0x0, 0x0,
    0xd, 0xff, 0xf3, 0x0, 0x0, 0x0, 0x0, 0x7,
    0xff, 0xd0, 0x0, 0x0, 0x0, 0x0, 0x8, 0xff,
    0x70, 0x0, 0x0, 0x0, 0x0, 0xe, 0xff, 0x10,
    0x0, 0x0, 0x1, 0x77, 0x9f, 0xfa, 0x0, 0x0,
    0x0, 0x3, 0xff, 0xff, 0xf2, 0x0, 0x0, 0x0,
    0x3, 0xff, 0xfc, 0x30, 0x0, 0x0, 0x0,

    /* U+00FE "þ" */
    0x5f, 0xfb, 0x0, 0x0, 0x0, 0x0, 0x5, 0xff,
    0xb0, 0x0, 0x0, 0x0, 0x0, 0x5f, 0xfb, 0x0,
    0x0, 0x0, 0x0, 0x5, 0xff, 0xb0, 0x0, 0x0,
    0x0, 0x0, 0x5f, 0xfb, 0x0, 0x0, 0x0, 0x0,
    0x5, 0xff, 0xb0, 0x6d, 0xfe, 0x91, 0x0, 0x5f,
    0xfb, 0x7f, 0xff, 0xff, 0xd0, 0x5, 0xff, 0xde,
    0xa9, 0xcf, 0xff, 0x80, 0x5f, 0xff, 0x20, 0x0,
    0x9f, 0xfe, 0x5, 0xff, 0xc0, 0x0, 0x0, 0xff,
    0xf2, 0x5f, 0xfb, 0x0, 0x0, 0xe, 0xff, 0x45,
    0xff, 0xb0, 0x0, 0x0, 0xef, 0xf4, 0x5f, 0xfb,
    0x0, 0x0, 0xe, 0xff, 0x45, 0xff, 0xc0, 0x0,
    0x0, 0xff, 0xf2, 0x5f, 0xff, 0x20, 0x0, 0x8f,
    0xfe, 0x5, 0xff, 0xde, 0xa8, 0xcf, 0xff, 0x80,
    0x5f, 0xfb, 0x7f, 0xff, 0xff, 0xd0, 0x5, 0xff,
    0xb0, 0x6d, 0xfe, 0x91, 0x0, 0x5f, 0xfb, 0x0,
    0x0, 0x0, 0x0, 0x5, 0xff, 0xb0, 0x0, 0x0,
    0x0, 0x0, 0x5f, 0xfb, 0x0, 0x0, 0x0, 0x0,
    0x5, 0xff, 0xb0, 0x0, 0x0, 0x0, 0x0, 0x5f,
    0xfb, 0x0, 0x0, 0x0, 0x0, 0x0,

    /* U+00FF "ÿ" */
    0x0, 0x9, 0xfd, 0x20, 0x9f, 0xd2, 0x0, 0x0,
    0xf, 0xff, 0x60, 0xff, 0xf7, 0x0, 0x0, 0xe,
    0xff, 0x40, 0xdf, 0xf5, 0x0, 0x0, 0x1, 0x53,
    0x0, 0x15, 0x40, 0x0, 0x0, 0x0, 0x0, 0x0,
    0x0, 0x0, 0x0, 0x1f, 0xff, 0x20, 0x0, 0x0,
    0x9f, 0xf8, 0xb, 0xff, 0x70, 0x0, 0x0, 0xef,
    0xf2, 0x5, 0xff, 0xd0, 0x0, 0x4, 0xff, 0xb0,
    0x0, 0xef, 0xf2, 0x0, 0xa, 0xff, 0x50, 0x0,
    0x8f, 0xf8, 0x0, 0xf, 0xfe, 0x0, 0x0, 0x2f,
    0xfd, 0x0, 0x5f, 0xf9, 0x0, 0x0, 0xc, 0xff,
    0x30, 0xaf, 0xf2, 0x0, 0x0, 0x6, 0xff, 0x80,
    0xff, 0xc0, 0x0, 0x0, 0x0, 0xff, 0xd4, 0xff,
    0x60, 0x0, 0x0, 0x0, 0xaf, 0xfc, 0xff, 0x0,
    0x0, 0x0, 0x0, 0x3f, 0xff, 0xfa, 0x0, 0x0,
    0x0, 0x0, 0xd, 0xff, 0xf3, 0x0, 0x0, 0x0,
    0x0, 0x7, 0xff, 0xd0, 0x0, 0x0, 0x0, 0x0,
    0x8, 0xff, 0x70, 0x0, 0x0, 0x0, 0x0, 0xe,
    0xff, 0x10, 0x0, 0x0, 0x1, 0x77, 0x9f, 0xfa,
    0x0, 0x0, 0x0, 0x3, 0xff, 0xff, 0xf2, 0x0,
    0x0, 0x0, 0x3, 0xff, 0xfc, 0x30, 0x0, 0x0,
    0x0,

    /* U+2018 "‘" */
    0x0, 0xe, 0xf7, 0x0, 0x5f, 0xf5, 0x0, 0xcf,
    0xf2, 0x2, 0xff, 0xf0, 0x9, 0xff, 0xc0, 0xf,
    0xff, 0xa0, 0x6f, 0xff, 0x70, 0x8b, 0xbb, 0x30,

    /* U+2019 "’" */
    0x0, 0xff, 0xff, 0x10, 0x1f, 0xff, 0xa0, 0x4,
    0xff, 0xf3, 0x0, 0x7f, 0xfd, 0x0, 0xa, 0xff,
    0x60, 0x0, 0xcf, 0xf0, 0x0, 0xf, 0xf9, 0x0,
    0x1, 0xbb, 0x20, 0x0,

    /* U+201A "‚" */
    0x4, 0xaa, 0xa6, 0x8, 0xff, 0xf5, 0xb, 0xff,
    0xe0, 0xe, 0xff, 0x70, 0x1f, 0xff, 0x10, 0x4f,
    0xfa, 0x0, 0x6f, 0xf4, 0x0, 0x9f, 0xd0, 0x0,

    /* U+201C "“" */
    0x0, 0xe, 0xf8, 0x0, 0xd, 0xf8, 0x0, 0x4f,
    0xf5, 0x0, 0x4f, 0xf6, 0x0, 0xbf, 0xf3, 0x0,
    0xaf, 0xf3, 0x2, 0xff, 0xf0, 0x1, 0xff, 0xf0,
    0x8, 0xff, 0xd0, 0x7, 0xff, 0xd0, 0xe, 0xff,
    0xa0, 0xe, 0xff, 0xb0, 0x5f, 0xff, 0x80, 0x5f,
    0xff, 0x80, 0x7b, 0xbb, 0x30, 0x7b, 0xbb, 0x40,

    /* U+201D "”" */
    0x0, 0xef, 0xff, 0x10, 0xdf, 0xff, 0x20, 0x1f,
    0xff, 0xb0, 0xf, 0xff, 0xb0, 0x3, 0xff, 0xf4,
    0x3, 0xff, 0xf5, 0x0, 0x6f, 0xfd, 0x0, 0x6f,
    0xfe, 0x0, 0x9, 0xff, 0x70, 0x8, 0xff, 0x80,
    0x0, 0xcf, 0xf1, 0x0, 0xbf, 0xf1, 0x0, 0xe,
    0xfa, 0x0, 0xe, 0xfa, 0x0, 0x0, 0xbb, 0x30,
    0x0, 0xab, 0x30, 0x0,

    /* U+2022 "•" */
    0x0, 0x8c, 0xda, 0x40, 0xc, 0xff, 0xff, 0xf2,
    0x2f, 0xff, 0xff, 0xf8, 0x3f, 0xff, 0xff, 0xfa,
    0x2f, 0xff, 0xff, 0xf9, 0xd, 0xff, 0xff, 0xf4,
    0x2, 0xaf, 0xfd, 0x60,

    /* U+2026 "…" */
    0x5, 0x95, 0x0, 0x79, 0x20, 0x28, 0x81, 0x2f,
    0xff, 0x16, 0xff, 0xd0, 0xbf, 0xf8, 0x2f, 0xff,
    0x27, 0xff, 0xd0, 0xbf, 0xf9, 0xc, 0xfb, 0x2,
    0xdf, 0x70, 0x6f, 0xe3
};


/*---------------------
 *  GLYPH DESCRIPTION
 *--------------------*/

static const lv_font_fmt_txt_glyph_dsc_t glyph_dsc[] = {
    {.bitmap_index = 0, .adv_w = 0, .box_w = 0, .box_h = 0, .ofs_x = 0, .ofs_y = 0} /* id = 0 reserved */,
    {.bitmap_index = 0, .adv_w = 230, .box_w = 0, .box_h = 0, .ofs_x = 0, .ofs_y = 0},
    {.bitmap_index = 0, .adv_w = 230, .box_w = 5, .box_h = 17, .ofs_x = 5, .ofs_y = 0},
    {.bitmap_index = 43, .adv_w = 230, .box_w = 9, .box_h = 8, .ofs_x = 3, .ofs_y = 10},
    {.bitmap_index = 79, .adv_w = 230, .box_w = 15, .box_h = 17, .ofs_x = 0, .ofs_y = 0},
    {.bitmap_index = 207, .adv_w = 230, .box_w = 14, .box_h = 23, .ofs_x = 0, .ofs_y = -3},
    {.bitmap_index = 368, .adv_w = 230, .box_w = 15, .box_h = 17, .ofs_x = 0, .ofs_y = 0},
    {.bitmap_index = 496, .adv_w = 230, .box_w = 15, .box_h = 17, .ofs_x = 0, .ofs_y = 0},
    {.bitmap_index = 624, .adv_w = 230, .box_w = 4, .box_h = 8, .ofs_x = 5, .ofs_y = 10},
    {.bitmap_index = 640, .adv_w = 230, .box_w = 9, .box_h = 23, .ofs_x = 4, .ofs_y = -3},
    {.bitmap_index = 744, .adv_w = 230, .box_w = 10, .box_h = 23, .ofs_x = 1, .ofs_y = -3},
    {.bitmap_index = 859, .adv_w = 230, .box_w = 14, .box_h = 13, .ofs_x = 0, .ofs_y = 1},
    {.bitmap_index = 950, .adv_w = 230, .box_w = 12, .box_h = 12, .ofs_x = 1, .ofs_y = 2},
    {.bitmap_index = 1022, .adv_w = 230, .box_w = 6, .box_h = 8, .ofs_x = 4, .ofs_y = -4},
    {.bitmap_index = 1046, .adv_w = 230, .box_w = 8, .box_h = 4, .ofs_x = 3, .ofs_y = 6},
    {.bitmap_index = 1062, .adv_w = 230, .box_w = 6, .box_h = 5, .ofs_x = 4, .ofs_y = 0},
    {.bitmap_index = 1077, .adv_w = 230, .box_w = 12, .box_h = 22, .ofs_x = 1, .ofs_y = -3},
    {.bitmap_index = 1209, .adv_w = 230, .box_w = 14, .box_h = 17, .ofs_x = 0, .ofs_y = 0},
    {.bitmap_index = 1328, .adv_w = 230, .box_w = 14, .box_h = 17, .ofs_x = 0, .ofs_y = 0},
    {.bitmap_index = 1447, .adv_w = 230, .box_w = 13, .box_h = 17, .ofs_x = 1, .ofs_y = 0},
    {.bitmap_index = 1558, .adv_w = 230, .box_w = 14, .box_h = 17, .ofs_x = 0, .ofs_y = 0},
    {.bitmap_index = 1677, .adv_w = 230, .box_w = 14, .box_h = 17, .ofs_x = 0, .ofs_y = 0},
    {.bitmap_index = 1796, .adv_w = 230, .box_w = 13, .box_h = 17, .ofs_x = 1, .ofs_y = 0},
    {.bitmap_index = 1907, .adv_w = 230, .box_w = 13, .box_h = 17, .ofs_x = 1, .ofs_y = 0},
    {.bitmap_index = 2018, .adv_w = 230, .box_w = 13, .box_h = 17, .ofs_x = 1, .ofs_y = 0},
    {.bitmap_index = 2129, .adv_w = 230, .box_w = 13, .box_h = 17, .ofs_x = 1, .ofs_y = 0},
    {.bitmap_index = 2240, .adv_w = 230, .box_w = 14, .box_h = 17, .ofs_x = 0, .ofs_y = 0},
    {.bitmap_index = 2359, .adv_w = 230, .box_w = 6, .box_h = 13, .ofs_x = 4, .ofs_y = 0},
    {.bitmap_index = 2398, .adv_w = 230, .box_w = 6, .box_h = 17, .ofs_x = 4, .ofs_y = -4},
    {.bitmap_index = 2449, .adv_w = 230, .box_w = 11, .box_h = 15, .ofs_x = 2, .ofs_y = 0},
    {.bitmap_index = 2532, .adv_w = 230, .box_w = 12, .box_h = 8, .ofs_x = 1, .ofs_y = 4},
    {.bitmap_index = 2580, .adv_w = 230, .box_w = 11, .box_h = 15, .ofs_x = 2, .ofs_y = 0},
    {.bitmap_index = 2663, .adv_w = 230, .box_w = 12, .box_h = 17, .ofs_x = 1, .ofs_y = 0},
    {.bitmap_index = 2765, .adv_w = 230, .box_w = 13, .box_h = 20, .ofs_x = 1, .ofs_y = -3},
    {.bitmap_index = 2895, .adv_w = 230, .box_w = 15, .box_h = 17, .ofs_x = 0, .ofs_y = 0},
    {.bitmap_index = 3023, .adv_w = 230, .box_w = 13, .box_h = 17, .ofs_x = 1, .ofs_y = 0},
    {.bitmap_index = 3134, .adv_w = 230, .box_w = 13, .box_h = 17, .ofs_x = 1, .ofs_y = 0},
    {.bitmap_index = 3245, .adv_w = 230, .box_w = 13, .box_h = 17, .ofs_x = 1, .ofs_y = 0},
    {.bitmap_index = 3356, .adv_w = 230, .box_w = 12, .box_h = 17, .ofs_x = 1, .ofs_y = 0},
    {.bitmap_index = 3458, .adv_w = 230, .box_w = 12, .box_h = 17, .ofs_x = 1, .ofs_y = 0},
    {.bitmap_index = 3560, .adv_w = 230, .box_w = 13, .box_h = 17, .ofs_x = 0, .ofs_y = 0},
    {.bitmap_index = 3671, .adv_w = 230, .box_w = 12, .box_h = 17, .ofs_x = 1, .ofs_y = 0},
    {.bitmap_index = 3773, .adv_w = 230, .box_w = 12, .box_h = 17, .ofs_x = 1, .ofs_y = 0},
    {.bitmap_index = 3875, .adv_w = 230, .box_w = 12, .box_h = 17, .ofs_x = 1, .ofs_y = 0},
    {.bitmap_index = 3977, .adv_w = 230, .box_w = 14, .box_h = 17, .ofs_x = 1, .ofs_y = 0},
    {.bitmap_index = 4096, .adv_w = 230, .box_w = 11, .box_h = 17, .ofs_x = 2, .ofs_y = 0},
    {.bitmap_index = 4190, .adv_w = 230, .box_w = 13, .box_h = 17, .ofs_x = 1, .ofs_y = 0},
    {.bitmap_index = 4301, .adv_w = 230, .box_w = 12, .box_h = 17, .ofs_x = 1, .ofs_y = 0},
    {.bitmap_index = 4403, .adv_w = 230, .box_w = 14, .box_h = 17, .ofs_x = 0, .ofs_y = 0},
    {.bitmap_index = 4522, .adv_w = 230, .box_w = 13, .box_h = 17, .ofs_x = 1, .ofs_y = 0},
    {.bitmap_index = 4633, .adv_w = 230, .box_w = 14, .box_h = 22, .ofs_x = 0, .ofs_y = -5},
    {.bitmap_index = 4787, .adv_w = 230, .box_w = 13, .box_h = 17, .ofs_x = 1, .ofs_y = 0},
    {.bitmap_index = 4898, .adv_w = 230, .box_w = 14, .box_h = 17, .ofs_x = 0, .ofs_y = 0},
    {.bitmap_index = 5017, .adv_w = 230, .box_w = 14, .box_h = 17, .ofs_x = 0, .ofs_y = 0},
    {.bitmap_index = 5136, .adv_w = 230, .box_w = 12, .box_h = 17, .ofs_x = 1, .ofs_y = 0},
    {.bitmap_index = 5238, .adv_w = 230, .box_w = 14, .box_h = 17, .ofs_x = 0, .ofs_y = 0},
    {.bitmap_index = 5357, .adv_w = 230, .box_w = 14, .box_h = 17, .ofs_x = 0, .ofs_y = 0},
    {.bitmap_index = 5476, .adv_w = 230, .box_w = 15, .box_h = 17, .ofs_x = 0, .ofs_y = 0},
    {.bitmap_index = 5604, .adv_w = 230, .box_w = 15, .box_h = 17, .ofs_x = 0, .ofs_y = 0},
    {.bitmap_index = 5732, .adv_w = 230, .box_w = 13, .box_h = 17, .ofs_x = 1, .ofs_y = 0},
    {.bitmap_index = 5843, .adv_w = 230, .box_w = 9, .box_h = 23, .ofs_x = 4, .ofs_y = -3},
    {.bitmap_index = 5947, .adv_w = 230, .box_w = 12, .box_h = 22, .ofs_x = 1, .ofs_y = -3},
    {.bitmap_index = 6079, .adv_w = 230, .box_w = 8, .box_h = 23, .ofs_x = 2, .ofs_y = -3},
    {.bitmap_index = 6171, .adv_w = 230, .box_w = 14, .box_h = 12, .ofs_x = 0, .ofs_y = 5},
    {.bitmap_index = 6255, .adv_w = 230, .box_w = 12, .box_h = 3, .ofs_x = 1, .ofs_y = -5},
    {.bitmap_index = 6273, .adv_w = 230, .box_w = 6, .box_h = 6, .ofs_x = 3, .ofs_y = 14},
    {.bitmap_index = 6291, .adv_w = 230, .box_w = 13, .box_h = 13, .ofs_x = 1, .ofs_y = 0},
    {.bitmap_index = 6376, .adv_w = 230, .box_w = 13, .box_h = 18, .ofs_x = 1, .ofs_y = 0},
    {.bitmap_index = 6493, .adv_w = 230, .box_w = 12, .box_h = 13, .ofs_x = 1, .ofs_y = 0},
    {.bitmap_index = 6571, .adv_w = 230, .box_w = 12, .box_h = 18, .ofs_x = 1, .ofs_y = 0},
    {.bitmap_index = 6679, .adv_w = 230, .box_w = 13, .box_h = 13, .ofs_x = 1, .ofs_y = 0},
    {.bitmap_index = 6764, .adv_w = 230, .box_w = 13, .box_h = 18, .ofs_x = 1, .ofs_y = 0},
    {.bitmap_index = 6881, .adv_w = 230, .box_w = 13, .box_h = 20, .ofs_x = 1, .ofs_y = -5},
    {.bitmap_index = 7011, .adv_w = 230, .box_w = 12, .box_h = 18, .ofs_x = 1, .ofs_y = 0},
    {.bitmap_index = 7119, .adv_w = 230, .box_w = 12, .box_h = 18, .ofs_x = 2, .ofs_y = 0},
    {.bitmap_index = 7227, .adv_w = 230, .box_w = 9, .box_h = 23, .ofs_x = 2, .ofs_y = -5},
    {.bitmap_index = 7331, .adv_w = 230, .box_w = 14, .box_h = 18, .ofs_x = 1, .ofs_y = 0},
    {.bitmap_index = 7457, .adv_w = 230, .box_w = 12, .box_h = 18, .ofs_x = 1, .ofs_y = 0},
    {.bitmap_index = 7565, .adv_w = 230, .box_w = 14, .box_h = 13, .ofs_x = 0, .ofs_y = 0},
    {.bitmap_index = 7656, .adv_w = 230, .box_w = 12, .box_h = 13, .ofs_x = 1, .ofs_y = 0},
    {.bitmap_index = 7734, .adv_w = 230, .box_w = 13, .box_h = 13, .ofs_x = 1, .ofs_y = 0},
    {.bitmap_index = 7819, .adv_w = 230, .box_w = 13, .box_h = 18, .ofs_x = 1, .ofs_y = -5},
    {.bitmap_index = 7936, .adv_w = 230, .box_w = 12, .box_h = 18, .ofs_x = 1, .ofs_y = -5},
    {.bitmap_index = 8044, .adv_w = 230, .box_w = 13, .box_h = 13, .ofs_x = 1, .ofs_y = 0},
    {.bitmap_index = 8129, .adv_w = 230, .box_w = 12, .box_h = 13, .ofs_x = 1, .ofs_y = 0},
    {.bitmap_index = 8207, .adv_w = 230, .box_w = 13, .box_h = 17, .ofs_x = 0, .ofs_y = 0},
    {.bitmap_index = 8318, .adv_w = 230, .box_w = 12, .box_h = 13, .ofs_x = 1, .ofs_y = 0},
    {.bitmap_index = 8396, .adv_w = 230, .box_w = 14, .box_h = 13, .ofs_x = 0, .ofs_y = 0},
    {.bitmap_index = 8487, .adv_w = 230, .box_w = 15, .box_h = 13, .ofs_x = 0, .ofs_y = 0},
    {.bitmap_index = 8585, .adv_w = 230, .box_w = 14, .box_h = 13, .ofs_x = 0, .ofs_y = 0},
    {.bitmap_index = 8676, .adv_w = 230, .box_w = 14, .box_h = 18, .ofs_x = 0, .ofs_y = -5},
    {.bitmap_index = 8802, .adv_w = 230, .box_w = 12, .box_h = 13, .ofs_x = 1, .ofs_y = 0},
    {.bitmap_index = 8880, .adv_w = 230, .box_w = 11, .box_h = 23, .ofs_x = 2, .ofs_y = -3},
    {.bitmap_index = 9007, .adv_w = 230, .box_w = 4, .box_h = 23, .ofs_x = 5, .ofs_y = -3},
    {.bitmap_index = 9053, .adv_w = 230, .box_w = 11, .box_h = 23, .ofs_x = 2, .ofs_y = -3},
    {.bitmap_index = 9180, .adv_w = 230, .box_w = 14, .box_h = 6, .ofs_x = 0, .ofs_y = 4},
    {.bitmap_index = 9222, .adv_w = 230, .box_w = 0, .box_h = 0, .ofs_x = 0, .ofs_y = 0},
    {.bitmap_index = 9222, .adv_w = 230, .box_w = 5, .box_h = 18, .ofs_x = 5, .ofs_y = -5},
    {.bitmap_index = 9267, .adv_w = 230, .box_w = 12, .box_h = 19, .ofs_x = 1, .ofs_y = -3},
    {.bitmap_index = 9381, .adv_w = 230, .box_w = 13, .box_h = 17, .ofs_x = 1, .ofs_y = 0},
    {.bitmap_index = 9492, .adv_w = 230, .box_w = 13, .box_h = 18, .ofs_x = 1, .ofs_y = 0},
    {.bitmap_index = 9609, .adv_w = 230, .box_w = 15, .box_h = 17, .ofs_x = 0, .ofs_y = 0},
    {.bitmap_index = 9737, .adv_w = 230, .box_w = 4, .box_h = 22, .ofs_x = 5, .ofs_y = -3},
    {.bitmap_index = 9781, .adv_w = 230, .box_w = 12, .box_h = 22, .ofs_x = 1, .ofs_y = -5},
    {.bitmap_index = 9913, .adv_w = 230, .box_w = 10, .box_h = 4, .ofs_x = 2, .ofs_y = 15},
    {.bitmap_index = 9933, .adv_w = 230, .box_w = 15, .box_h = 18, .ofs_x = 0, .ofs_y = 0},
    {.bitmap_index = 10068, .adv_w = 230, .box_w = 9, .box_h = 9, .ofs_x = 3, .ofs_y = 8},
    {.bitmap_index = 10109, .adv_w = 230, .box_w = 13, .box_h = 12, .ofs_x = 1, .ofs_y = 1},
    {.bitmap_index = 10187, .adv_w = 230, .box_w = 12, .box_h = 8, .ofs_x = 1, .ofs_y = 1},
    {.bitmap_index = 10235, .adv_w = 230, .box_w = 8, .box_h = 4, .ofs_x = 3, .ofs_y = 6},
    {.bitmap_index = 10251, .adv_w = 230, .box_w = 10, .box_h = 10, .ofs_x = 2, .ofs_y = 8},
    {.bitmap_index = 10301, .adv_w = 230, .box_w = 8, .box_h = 3, .ofs_x = 3, .ofs_y = 15},
    {.bitmap_index = 10313, .adv_w = 230, .box_w = 10, .box_h = 9, .ofs_x = 2, .ofs_y = 8},
    {.bitmap_index = 10358, .adv_w = 230, .box_w = 12, .box_h = 16, .ofs_x = 1, .ofs_y = 0},
    {.bitmap_index = 10454, .adv_w = 230, .box_w = 8, .box_h = 9, .ofs_x = 3, .ofs_y = 8},
    {.bitmap_index = 10490, .adv_w = 230, .box_w = 8, .box_h = 9, .ofs_x = 3, .ofs_y = 8},
    {.bitmap_index = 10526, .adv_w = 230, .box_w = 6, .box_h = 6, .ofs_x = 5, .ofs_y = 14},
    {.bitmap_index = 10544, .adv_w = 230, .box_w = 12, .box_h = 18, .ofs_x = 1, .ofs_y = -5},
    {.bitmap_index = 10652, .adv_w = 230, .box_w = 13, .box_h = 21, .ofs_x = 0, .ofs_y = -4},
    {.bitmap_index = 10789, .adv_w = 230, .box_w = 6, .box_h = 5, .ofs_x = 4, .ofs_y = 5},
    {.bitmap_index = 10804, .adv_w = 230, .box_w = 7, .box_h = 6, .ofs_x = 4, .ofs_y = -5},
    {.bitmap_index = 10825, .adv_w = 230, .box_w = 8, .box_h = 9, .ofs_x = 3, .ofs_y = 8},
    {.bitmap_index = 10861, .adv_w = 230, .box_w = 9, .box_h = 9, .ofs_x = 3, .ofs_y = 8},
    {.bitmap_index = 10902, .adv_w = 230, .box_w = 12, .box_h = 12, .ofs_x = 1, .ofs_y = 1},
    {.bitmap_index = 10974, .adv_w = 230, .box_w = 15, .box_h = 18, .ofs_x = 0, .ofs_y = 0},
    {.bitmap_index = 11109, .adv_w = 230, .box_w = 15, .box_h = 17, .ofs_x = 0, .ofs_y = 0},
    {.bitmap_index = 11237, .adv_w = 230, .box_w = 15, .box_h = 18, .ofs_x = 0, .ofs_y = 0},
    {.bitmap_index = 11372, .adv_w = 230, .box_w = 12, .box_h = 18, .ofs_x = 1, .ofs_y = -5},
    {.bitmap_index = 11480, .adv_w = 230, .box_w = 15, .box_h = 24, .ofs_x = 0, .ofs_y = 0},
    {.bitmap_index = 11660, .adv_w = 230, .box_w = 15, .box_h = 24, .ofs_x = 0, .ofs_y = 0},
    {.bitmap_index = 11840, .adv_w = 230, .box_w = 15, .box_h = 24, .ofs_x = 0, .ofs_y = 0},
    {.bitmap_index = 12020, .adv_w = 230, .box_w = 15, .box_h = 23, .ofs_x = 0, .ofs_y = 0},
    {.bitmap_index = 12193, .adv_w = 230, .box_w = 15, .box_h = 23, .ofs_x = 0, .ofs_y = 0},
    {.bitmap_index = 12366, .adv_w = 230, .box_w = 15, .box_h = 25, .ofs_x = 0, .ofs_y = 0},
    {.bitmap_index = 12554, .adv_w = 230, .box_w = 14, .box_h = 17, .ofs_x = 0, .ofs_y = 0},
    {.bitmap_index = 12673, .adv_w = 230, .box_w = 13, .box_h = 22, .ofs_x = 1, .ofs_y = -5},
    {.bitmap_index = 12816, .adv_w = 230, .box_w = 12, .box_h = 24, .ofs_x = 1, .ofs_y = 0},
    {.bitmap_index = 12960, .adv_w = 230, .box_w = 12, .box_h = 24, .ofs_x = 1, .ofs_y = 0},
    {.bitmap_index = 13104, .adv_w = 230, .box_w = 12, .box_h = 24, .ofs_x = 1, .ofs_y = 0},
    {.bitmap_index = 13248, .adv_w = 230, .box_w = 12, .box_h = 23, .ofs_x = 1, .ofs_y = 0},
    {.bitmap_index = 13386, .adv_w = 230, .box_w = 12, .box_h = 24, .ofs_x = 1, .ofs_y = 0},
    {.bitmap_index = 13530, .adv_w = 230, .box_w = 12, .box_h = 24, .ofs_x = 1, .ofs_y = 0},
    {.bitmap_index = 13674, .adv_w = 230, .box_w = 12, .box_h = 24, .ofs_x = 1, .ofs_y = 0},
    {.bitmap_index = 13818, .adv_w = 230, .box_w = 12, .box_h = 23, .ofs_x = 1, .ofs_y = 0},
    {.bitmap_index = 13956, .adv_w = 230, .box_w = 14, .box_h = 17, .ofs_x = 0, .ofs_y = 0},
    {.bitmap_index = 14075, .adv_w = 230, .box_w = 12, .box_h = 23, .ofs_x = 1, .ofs_y = 0},
    {.bitmap_index = 14213, .adv_w = 230, .box_w = 14, .box_h = 24, .ofs_x = 0, .ofs_y = 0},
    {.bitmap_index = 14381, .adv_w = 230, .box_w = 14, .box_h = 24, .ofs_x = 0, .ofs_y = 0},
    {.bitmap_index = 14549, .adv_w = 230, .box_w = 14, .box_h = 24, .ofs_x = 0, .ofs_y = 0},
    {.bitmap_index = 14717, .adv_w = 230, .box_w = 14, .box_h = 23, .ofs_x = 0, .ofs_y = 0},
    {.bitmap_index = 14878, .adv_w = 230, .box_w = 14, .box_h = 23, .ofs_x = 0, .ofs_y = 0},
    {.bitmap_index = 15039, .adv_w = 230, .box_w = 12, .box_h = 13, .ofs_x = 1, .ofs_y = 1},
    {.bitmap_index = 15117, .adv_w = 230, .box_w = 14, .box_h = 21, .ofs_x = 0, .ofs_y = -2},
    {.bitmap_index = 15264, .adv_w = 230, .box_w = 12, .box_h = 24, .ofs_x = 1, .ofs_y = 0},
    {.bitmap_index = 15408, .adv_w = 230, .box_w = 12, .box_h = 24, .ofs_x = 1, .ofs_y = 0},
    {.bitmap_index = 15552, .adv_w = 230, .box_w = 12, .box_h = 24, .ofs_x = 1, .ofs_y = 0},
    {.bitmap_index = 15696, .adv_w = 230, .box_w = 12, .box_h = 23, .ofs_x = 1, .ofs_y = 0},
    {.bitmap_index = 15834, .adv_w = 230, .box_w = 15, .box_h = 24, .ofs_x = 0, .ofs_y = 0},
    {.bitmap_index = 16014, .adv_w = 230, .box_w = 13, .box_h = 17, .ofs_x = 1, .ofs_y = 0},
    {.bitmap_index = 16125, .adv_w = 230, .box_w = 13, .box_h = 23, .ofs_x = 1, .ofs_y = -5},
    {.bitmap_index = 16275, .adv_w = 230, .box_w = 13, .box_h = 20, .ofs_x = 1, .ofs_y = 0},
    {.bitmap_index = 16405, .adv_w = 230, .box_w = 13, .box_h = 20, .ofs_x = 1, .ofs_y = 0},
    {.bitmap_index = 16535, .adv_w = 230, .box_w = 13, .box_h = 20, .ofs_x = 1, .ofs_y = 0},
    {.bitmap_index = 16665, .adv_w = 230, .box_w = 13, .box_h = 18, .ofs_x = 1, .ofs_y = 0},
    {.bitmap_index = 16782, .adv_w = 230, .box_w = 13, .box_h = 18, .ofs_x = 1, .ofs_y = 0},
    {.bitmap_index = 16899, .adv_w = 230, .box_w = 13, .box_h = 21, .ofs_x = 1, .ofs_y = 0},
    {.bitmap_index = 17036, .adv_w = 230, .box_w = 14, .box_h = 13, .ofs_x = 0, .ofs_y = 0},
    {.bitmap_index = 17127, .adv_w = 230, .box_w = 12, .box_h = 18, .ofs_x = 1, .ofs_y = -5},
    {.bitmap_index = 17235, .adv_w = 230, .box_w = 13, .box_h = 20, .ofs_x = 1, .ofs_y = 0},
    {.bitmap_index = 17365, .adv_w = 230, .box_w = 13, .box_h = 20, .ofs_x = 1, .ofs_y = 0},
    {.bitmap_index = 17495, .adv_w = 230, .box_w = 13, .box_h = 20, .ofs_x = 1, .ofs_y = 0},
    {.bitmap_index = 17625, .adv_w = 230, .box_w = 13, .box_h = 18, .ofs_x = 1, .ofs_y = 0},
    {.bitmap_index = 17742, .adv_w = 230, .box_w = 12, .box_h = 20, .ofs_x = 2, .ofs_y = 0},
    {.bitmap_index = 17862, .adv_w = 230, .box_w = 12, .box_h = 20, .ofs_x = 2, .ofs_y = 0},
    {.bitmap_index = 17982, .adv_w = 230, .box_w = 12, .box_h = 19, .ofs_x = 2, .ofs_y = 0},
    {.bitmap_index = 18096, .adv_w = 230, .box_w = 12, .box_h = 18, .ofs_x = 2, .ofs_y = 0},
    {.bitmap_index = 18204, .adv_w = 230, .box_w = 13, .box_h = 19, .ofs_x = 1, .ofs_y = 0},
    {.bitmap_index = 18328, .adv_w = 230, .box_w = 12, .box_h = 18, .ofs_x = 1, .ofs_y = 0},
    {.bitmap_index = 18436, .adv_w = 230, .box_w = 13, .box_h = 20, .ofs_x = 1, .ofs_y = 0},
    {.bitmap_index = 18566, .adv_w = 230, .box_w = 13, .box_h = 20, .ofs_x = 1, .ofs_y = 0},
    {.bitmap_index = 18696, .adv_w = 230, .box_w = 13, .box_h = 20, .ofs_x = 1, .ofs_y = 0},
    {.bitmap_index = 18826, .adv_w = 230, .box_w = 13, .box_h = 18, .ofs_x = 1, .ofs_y = 0},
    {.bitmap_index = 18943, .adv_w = 230, .box_w = 13, .box_h = 18, .ofs_x = 1, .ofs_y = 0},
    {.bitmap_index = 19060, .adv_w = 230, .box_w = 12, .box_h = 13, .ofs_x = 1, .ofs_y = 1},
    {.bitmap_index = 19138, .adv_w = 230, .box_w = 14, .box_h = 17, .ofs_x = 0, .ofs_y = -2},
    {.bitmap_index = 19257, .adv_w = 230, .box_w = 12, .box_h = 20, .ofs_x = 1, .ofs_y = 0},
    {.bitmap_index = 19377, .adv_w = 230, .box_w = 12, .box_h = 20, .ofs_x = 1, .ofs_y = 0},
    {.bitmap_index = 19497, .adv_w = 230, .box_w = 12, .box_h = 20, .ofs_x = 1, .ofs_y = 0},
    {.bitmap_index = 19617, .adv_w = 230, .box_w = 12, .box_h = 18, .ofs_x = 1, .ofs_y = 0},
    {.bitmap_index = 19725, .adv_w = 230, .box_w = 14, .box_h = 25, .ofs_x = 0, .ofs_y = -5},
    {.bitmap_index = 19900, .adv_w = 230, .box_w = 13, .box_h = 23, .ofs_x = 1, .ofs_y = -5},
    {.bitmap_index = 20050, .adv_w = 230, .box_w = 14, .box_h = 23, .ofs_x = 0, .ofs_y = -5},
    {.bitmap_index = 20211, .adv_w = 230, .box_w = 6, .box_h = 8, .ofs_x = 4, .ofs_y = 10},
    {.bitmap_index = 20235, .adv_w = 230, .box_w = 7, .box_h = 8, .ofs_x = 4, .ofs_y = 10},
    {.bitmap_index = 20263, .adv_w = 230, .box_w = 6, .box_h = 8, .ofs_x = 4, .ofs_y = -4},
    {.bitmap_index = 20287, .adv_w = 230, .box_w = 12, .box_h = 8, .ofs_x = 1, .ofs_y = 10},
    {.bitmap_index = 20335, .adv_w = 230, .box_w = 13, .box_h = 8, .ofs_x = 1, .ofs_y = 10},
    {.bitmap_index = 20387, .adv_w = 230, .box_w = 8, .box_h = 7, .ofs_x = 3, .ofs_y = 4},
    {.bitmap_index = 20415, .adv_w = 230, .box_w = 14, .box_h = 4, .ofs_x = 0, .ofs_y = 0}
};

/*---------------------
 *  CHARACTER MAPPING
 *--------------------*/

static const uint16_t unicode_list_2[] = {
    0x0, 0x1, 0x2, 0x4, 0x5, 0xa, 0xe
};

/*Collect the unicode lists and glyph_id offsets*/
static const lv_font_fmt_txt_cmap_t cmaps[] =
{
    {
        .range_start = 32, .range_length = 95, .glyph_id_start = 1,
        .unicode_list = NULL, .glyph_id_ofs_list = NULL, .list_length = 0, .type = LV_FONT_FMT_TXT_CMAP_FORMAT0_TINY
    },
    {
        .range_start = 160, .range_length = 96, .glyph_id_start = 96,
        .unicode_list = NULL, .glyph_id_ofs_list = NULL, .list_length = 0, .type = LV_FONT_FMT_TXT_CMAP_FORMAT0_TINY
    },
    {
        .range_start = 8216, .range_length = 15, .glyph_id_start = 192,
        .unicode_list = unicode_list_2, .glyph_id_ofs_list = NULL, .list_length = 7, .type = LV_FONT_FMT_TXT_CMAP_SPARSE_TINY
    }
};



/*--------------------
 *  ALL CUSTOM DATA
 *--------------------*/

#if LVGL_VERSION_MAJOR == 8
/*Store all the custom data of the font*/
static  lv_font_fmt_txt_glyph_cache_t cache;
#endif

#if LVGL_VERSION_MAJOR >= 8
static const lv_font_fmt_txt_dsc_t font_dsc = {
#else
static lv_font_fmt_txt_dsc_t font_dsc = {
#endif
    .glyph_bitmap = glyph_bitmap,
    .glyph_dsc = glyph_dsc,
    .cmaps = cmaps,
    .kern_dsc = NULL,
    .kern_scale = 0,
    .cmap_num = 3,
    .bpp = 4,
    .kern_classes = 0,
    .bitmap_format = 0,
#if LVGL_VERSION_MAJOR == 8
    .cache = &cache
#endif
};



/*-----------------
 *  PUBLIC FONT
 *----------------*/

/*Initialize a public general font descriptor*/
#if LVGL_VERSION_MAJOR >= 8
const lv_font_t diskos_mono_24 = {
#else
lv_font_t diskos_mono_24 = {
#endif
    .get_glyph_dsc = lv_font_get_glyph_dsc_fmt_txt,    /*Function pointer to get glyph's data*/
    .get_glyph_bitmap = lv_font_get_bitmap_fmt_txt,    /*Function pointer to get glyph's bitmap*/
    .line_height = 30,          /*The maximum line height required by the font*/
    .base_line = 5,             /*Baseline measured from the bottom of the line*/
#if !(LVGL_VERSION_MAJOR == 6 && LVGL_VERSION_MINOR == 0)
    .subpx = LV_FONT_SUBPX_NONE,
#endif
#if LV_VERSION_CHECK(7, 4, 0) || LVGL_VERSION_MAJOR >= 8
    .underline_position = -3,
    .underline_thickness = 2,
#endif
    .dsc = &font_dsc,          /*The custom font data. Will be accessed by `get_glyph_bitmap/dsc` */
#if LV_VERSION_CHECK(8, 2, 0) || LVGL_VERSION_MAJOR >= 9
    .fallback = NULL,
#endif
    .user_data = NULL,
};



#endif /*#if DISKOS_MONO_24*/

