/* SPDX-License-Identifier: OFL-1.1 */
/* Glyph data converted from Courier Prime (SIL OFL 1.1); licence text: licenses/OFL-1.1-CourierPrime.txt */
/*******************************************************************************
 * Size: 20 px
 * Bpp: 4
 * Opts: --font CourierPrime-Bold.ttf --size 20 --bpp 4 --format lvgl --range 0x20-0x7E,0xA0-0xFF,0x2018-0x201D,0x2026,0x2022 --no-compress --force-fast-kern-format --lv-font-name diskos_zine_bold_20 -o font_zine_bold_20.c
 ******************************************************************************/

#ifdef LV_LVGL_H_INCLUDE_SIMPLE
#include "lvgl.h"
#else
#include "lvgl/lvgl.h"
#endif

#ifndef DISKOS_ZINE_BOLD_20
#define DISKOS_ZINE_BOLD_20 1
#endif

#if DISKOS_ZINE_BOLD_20

/*-----------------
 *    BITMAPS
 *----------------*/

/*Store the image of the glyphs*/
static LV_ATTRIBUTE_LARGE_CONST const uint8_t glyph_bitmap[] = {
    /* U+0020 " " */

    /* U+0021 "!" */
    0x7f, 0xf7, 0x7f, 0xf6, 0x5f, 0xf5, 0x4f, 0xf4,
    0x2f, 0xf2, 0x1f, 0xf1, 0xf, 0xf0, 0x2, 0x20,
    0x3, 0x30, 0x7f, 0xf7, 0x8f, 0xf8, 0x6f, 0xf6,

    /* U+0022 "\"" */
    0x3f, 0xfe, 0x0, 0xef, 0xf3, 0x1f, 0xfd, 0x0,
    0xdf, 0xf1, 0xf, 0xfa, 0x0, 0xaf, 0xe0, 0xc,
    0xf8, 0x0, 0x8f, 0xc0, 0xa, 0xf5, 0x0, 0x5f,
    0xa0, 0x3, 0x91, 0x0, 0x19, 0x30,

    /* U+0023 "#" */
    0x0, 0x0, 0x9f, 0x30, 0x7f, 0x50, 0x0, 0x0,
    0xff, 0x0, 0xdf, 0x10, 0x8, 0xff, 0xff, 0xff,
    0xff, 0xf6, 0x9, 0xff, 0xff, 0xff, 0xff, 0xf7,
    0x0, 0x2e, 0xf3, 0x2c, 0xf5, 0x20, 0x0, 0x2f,
    0xc0, 0x1f, 0xe0, 0x0, 0x6f, 0xff, 0xff, 0xff,
    0xff, 0x80, 0x7f, 0xff, 0xff, 0xff, 0xff, 0x90,
    0x2, 0xff, 0x22, 0xef, 0x32, 0x0, 0x4, 0xfb,
    0x1, 0xfd, 0x0, 0x0, 0x5, 0xf6, 0x3, 0xe8,
    0x0, 0x0,

    /* U+0024 "$" */
    0x0, 0x0, 0xec, 0x0, 0x0, 0x0, 0x0, 0xfd,
    0x0, 0x0, 0x3, 0xbf, 0xff, 0x8f, 0xe0, 0x1f,
    0xff, 0xff, 0xff, 0xf0, 0x5f, 0xf4, 0xfd, 0x6f,
    0xf0, 0x4f, 0xfe, 0xfe, 0x63, 0x20, 0xb, 0xff,
    0xff, 0xff, 0x90, 0x0, 0x59, 0xff, 0xff, 0xf4,
    0x3f, 0xa0, 0xfd, 0x3f, 0xf6, 0x4f, 0xfe, 0xff,
    0xcf, 0xf3, 0x4f, 0xfd, 0xff, 0xff, 0x60, 0x4,
    0x30, 0xfe, 0x30, 0x0, 0x0, 0x0, 0xfd, 0x0,
    0x0, 0x0, 0x0, 0x87, 0x0, 0x0,

    /* U+0025 "%" */
    0x6, 0xef, 0xa0, 0x0, 0x0, 0x0, 0x4f, 0xfe,
    0xf9, 0x0, 0xb, 0xb0, 0x7f, 0x82, 0xfc, 0x1,
    0xdf, 0xc0, 0x2f, 0xff, 0xf7, 0x3e, 0xfa, 0x0,
    0x3, 0xab, 0x65, 0xff, 0x80, 0x0, 0x0, 0x0,
    0x7f, 0xf6, 0x0, 0x0, 0x0, 0x9, 0xff, 0x49,
    0xfe, 0x60, 0x0, 0xbf, 0xe2, 0x9f, 0xef, 0xf3,
    0xd, 0xfc, 0x10, 0xcf, 0x17, 0xf7, 0xb, 0xa0,
    0x0, 0x9f, 0xef, 0xf3, 0x0, 0x0, 0x0, 0x9,
    0xfe, 0x60,

    /* U+0026 "&" */
    0x0, 0x7d, 0xfe, 0xa4, 0x0, 0x0, 0x8f, 0xff,
    0xff, 0xf4, 0x0, 0xf, 0xfb, 0x13, 0xff, 0x50,
    0x0, 0xff, 0x80, 0x9, 0xb2, 0x0, 0x9, 0xff,
    0x30, 0x0, 0x0, 0x0, 0x9f, 0xfe, 0x34, 0xff,
    0xe0, 0x8f, 0xfe, 0xff, 0xcf, 0xfd, 0xe, 0xf9,
    0x2e, 0xff, 0xf4, 0x0, 0xef, 0xa0, 0x5f, 0xff,
    0x40, 0x8, 0xff, 0xff, 0xff, 0xff, 0xe1, 0x7,
    0xdf, 0xd9, 0x3d, 0xff, 0x20,

    /* U+0027 "'" */
    0x9f, 0xf8, 0x7f, 0xf7, 0x4f, 0xf4, 0x2f, 0xf2,
    0xf, 0xf0, 0x7, 0x70,

    /* U+0028 "(" */
    0x0, 0x0, 0x4d, 0x80, 0x0, 0x7, 0xff, 0xf0,
    0x0, 0x7f, 0xfd, 0x20, 0x3, 0xff, 0xc0, 0x0,
    0xb, 0xfe, 0x10, 0x0, 0x1f, 0xf7, 0x0, 0x0,
    0x5f, 0xf2, 0x0, 0x0, 0x7f, 0xf0, 0x0, 0x0,
    0x7f, 0xf0, 0x0, 0x0, 0x5f, 0xf2, 0x0, 0x0,
    0x1f, 0xf7, 0x0, 0x0, 0xb, 0xfe, 0x10, 0x0,
    0x3, 0xff, 0xc0, 0x0, 0x0, 0x7f, 0xfd, 0x20,
    0x0, 0x7, 0xff, 0xf0, 0x0, 0x0, 0x4d, 0x80,

    /* U+0029 ")" */
    0x8, 0xd4, 0x0, 0x0, 0xf, 0xff, 0x70, 0x0,
    0x3, 0xdf, 0xf7, 0x0, 0x0, 0xc, 0xff, 0x30,
    0x0, 0x1, 0xef, 0xb0, 0x0, 0x0, 0x7f, 0xf1,
    0x0, 0x0, 0x2f, 0xf5, 0x0, 0x0, 0xf, 0xf6,
    0x0, 0x0, 0xf, 0xf6, 0x0, 0x0, 0x2f, 0xf5,
    0x0, 0x0, 0x7f, 0xf1, 0x0, 0x1, 0xef, 0xb0,
    0x0, 0xc, 0xff, 0x30, 0x2, 0xdf, 0xf7, 0x0,
    0xf, 0xff, 0x70, 0x0, 0x8, 0xd4, 0x0, 0x0,

    /* U+002A "*" */
    0x0, 0x0, 0xdd, 0x0, 0x0, 0x0, 0x1, 0xff,
    0x10, 0x0, 0xc, 0xc3, 0xdd, 0x3c, 0xc0, 0x1f,
    0xff, 0xff, 0xff, 0xf1, 0x3, 0x6a, 0xff, 0xa6,
    0x30, 0x0, 0x3e, 0xee, 0xe3, 0x0, 0x0, 0xff,
    0x88, 0xff, 0x0, 0x0, 0xad, 0x11, 0xea, 0x0,

    /* U+002B "+" */
    0x0, 0x0, 0x66, 0x0, 0x0, 0x0, 0x1, 0xff,
    0x10, 0x0, 0x0, 0x1, 0xff, 0x10, 0x0, 0x2,
    0x23, 0xff, 0x32, 0x20, 0x4f, 0xff, 0xff, 0xff,
    0xf4, 0x3f, 0xff, 0xff, 0xff, 0xf3, 0x0, 0x1,
    0xff, 0x10, 0x0, 0x0, 0x1, 0xff, 0x10, 0x0,
    0x0, 0x1, 0xee, 0x0, 0x0,

    /* U+002C "," */
    0x0, 0x22, 0x10, 0x9f, 0xf8, 0xc, 0xff, 0x20,
    0xff, 0xa0, 0x3f, 0xf3, 0x6, 0xfc, 0x0, 0x7f,
    0x40, 0x0,

    /* U+002D "-" */
    0x2, 0x22, 0x22, 0x22, 0x20, 0x4f, 0xff, 0xff,
    0xff, 0xf4, 0x3f, 0xff, 0xff, 0xff, 0xf3,

    /* U+002E "." */
    0x39, 0x93, 0x9f, 0xf9, 0x9f, 0xf9, 0x7f, 0xf7,

    /* U+002F "/" */
    0x0, 0x0, 0x0, 0xd, 0xe4, 0x0, 0x0, 0x0,
    0x6f, 0xf2, 0x0, 0x0, 0x0, 0xdf, 0xb0, 0x0,
    0x0, 0x4, 0xff, 0x30, 0x0, 0x0, 0xb, 0xfc,
    0x0, 0x0, 0x0, 0x2f, 0xf5, 0x0, 0x0, 0x0,
    0x9f, 0xe0, 0x0, 0x0, 0x1, 0xff, 0x70, 0x0,
    0x0, 0x7, 0xff, 0x10, 0x0, 0x0, 0xe, 0xf9,
    0x0, 0x0, 0x0, 0x5f, 0xf2, 0x0, 0x0, 0x0,
    0xcf, 0xb0, 0x0, 0x0, 0x4, 0xff, 0x40, 0x0,
    0x0, 0xb, 0xfd, 0x0, 0x0, 0x0, 0x2f, 0xf6,
    0x0, 0x0, 0x0, 0x4e, 0xd0, 0x0, 0x0, 0x0,

    /* U+0030 "0" */
    0x0, 0x4b, 0xee, 0xb4, 0x0, 0x5, 0xff, 0xff,
    0xff, 0x50, 0x1f, 0xfd, 0x44, 0xdf, 0xf1, 0x6f,
    0xf4, 0x0, 0x4f, 0xf6, 0x9f, 0xf0, 0x0, 0xf,
    0xf9, 0xaf, 0xf0, 0x0, 0xf, 0xfa, 0x9f, 0xf0,
    0x0, 0xf, 0xf9, 0x6f, 0xf4, 0x0, 0x4f, 0xf6,
    0x1f, 0xfd, 0x44, 0xdf, 0xf1, 0x5, 0xff, 0xff,
    0xff, 0x50, 0x0, 0x4b, 0xff, 0xb4, 0x0,

    /* U+0031 "1" */
    0x0, 0x0, 0x7e, 0x60, 0x0, 0x0, 0x6e, 0xff,
    0x80, 0x0, 0x1d, 0xff, 0xff, 0x80, 0x0, 0xe,
    0xc4, 0xff, 0x80, 0x0, 0x0, 0x0, 0xff, 0x80,
    0x0, 0x0, 0x0, 0xff, 0x80, 0x0, 0x0, 0x0,
    0xff, 0x80, 0x0, 0x0, 0x0, 0xff, 0x80, 0x0,
    0x0, 0x0, 0xff, 0x80, 0x0, 0xc, 0xff, 0xff,
    0xff, 0xf4, 0xd, 0xff, 0xff, 0xff, 0xf5,

    /* U+0032 "2" */
    0x2, 0x8d, 0xff, 0xc4, 0x0, 0xf, 0xff, 0xff,
    0xff, 0x50, 0x1f, 0xf6, 0x13, 0xef, 0xc0, 0xf,
    0xf2, 0x0, 0xaf, 0xd0, 0x2, 0x30, 0x2, 0xff,
    0x90, 0x0, 0x0, 0x2e, 0xfe, 0x10, 0x0, 0x3,
    0xef, 0xe2, 0x0, 0x0, 0x4f, 0xfd, 0x24, 0x61,
    0x6, 0xff, 0xd2, 0xe, 0xf5, 0x4f, 0xff, 0xff,
    0xff, 0xf5, 0x5f, 0xff, 0xff, 0xff, 0xf4,

    /* U+0033 "3" */
    0x5, 0xbe, 0xfe, 0xc6, 0x0, 0xf, 0xff, 0xff,
    0xff, 0x80, 0xf, 0xf6, 0x12, 0xdf, 0xd0, 0x1,
    0x20, 0x2, 0xdf, 0xb0, 0x0, 0x9, 0xff, 0xfd,
    0x20, 0x0, 0x9, 0xff, 0xff, 0x60, 0x0, 0x0,
    0x1, 0xbf, 0xf1, 0x0, 0x0, 0x0, 0x7f, 0xf3,
    0xa, 0x84, 0x25, 0xdf, 0xf1, 0x2f, 0xff, 0xff,
    0xff, 0x80, 0x6, 0xbe, 0xfe, 0xb4, 0x0,

    /* U+0034 "4" */
    0x0, 0x0, 0x1b, 0xf4, 0x0, 0x0, 0x0, 0xbf,
    0xf6, 0x0, 0x0, 0x9, 0xff, 0xf6, 0x0, 0x0,
    0x7f, 0xed, 0xf6, 0x0, 0x4, 0xff, 0x3d, 0xf6,
    0x0, 0x2f, 0xf5, 0xe, 0xf6, 0x0, 0xbf, 0xff,
    0xff, 0xff, 0xf9, 0xbf, 0xff, 0xff, 0xff, 0xf9,
    0x0, 0x0, 0xf, 0xf6, 0x0, 0x0, 0x2f, 0xff,
    0xff, 0xf4, 0x0, 0x3f, 0xff, 0xff, 0xf5,

    /* U+0035 "5" */
    0x8, 0xff, 0xff, 0xff, 0x70, 0xa, 0xff, 0xff,
    0xff, 0x80, 0xb, 0xfa, 0x0, 0x0, 0x0, 0xc,
    0xfe, 0xef, 0xd6, 0x0, 0xd, 0xff, 0xff, 0xff,
    0x70, 0x8, 0xa6, 0x34, 0xef, 0xf0, 0x0, 0x0,
    0x0, 0x7f, 0xf2, 0x0, 0x0, 0x0, 0x8f, 0xf2,
    0xd, 0xa5, 0x35, 0xff, 0xe0, 0x3f, 0xff, 0xff,
    0xff, 0x60, 0x4, 0xad, 0xfe, 0xb4, 0x0,

    /* U+0036 "6" */
    0x0, 0x0, 0x49, 0xde, 0xe0, 0x0, 0x3d, 0xff,
    0xff, 0xf1, 0x3, 0xff, 0xfb, 0x75, 0x40, 0xc,
    0xfe, 0x30, 0x0, 0x0, 0x3f, 0xf9, 0xcf, 0xea,
    0x10, 0x5f, 0xff, 0xff, 0xff, 0xd0, 0x6f, 0xfb,
    0x20, 0x7f, 0xf6, 0x4f, 0xf5, 0x0, 0xf, 0xf7,
    0xe, 0xfd, 0x42, 0x9f, 0xf5, 0x5, 0xff, 0xff,
    0xff, 0xb0, 0x0, 0x3b, 0xef, 0xd7, 0x0,

    /* U+0037 "7" */
    0x1f, 0xff, 0xff, 0xff, 0xf7, 0x2f, 0xff, 0xff,
    0xff, 0xf7, 0x2f, 0xf1, 0x0, 0x9f, 0xf1, 0x2f,
    0xf1, 0x1, 0xff, 0x90, 0x4, 0x40, 0x7, 0xff,
    0x20, 0x0, 0x0, 0xe, 0xfa, 0x0, 0x0, 0x0,
    0x6f, 0xf3, 0x0, 0x0, 0x0, 0xdf, 0xc0, 0x0,
    0x0, 0x5, 0xff, 0x50, 0x0, 0x0, 0xc, 0xfd,
    0x0, 0x0, 0x0, 0xc, 0xf5, 0x0, 0x0,

    /* U+0038 "8" */
    0x0, 0x6c, 0xff, 0xc6, 0x0, 0x7, 0xff, 0xff,
    0xff, 0x70, 0xe, 0xfc, 0x22, 0xcf, 0xe0, 0xc,
    0xfb, 0x11, 0xbf, 0xc0, 0x2, 0xdf, 0xff, 0xfd,
    0x20, 0x6, 0xff, 0xee, 0xff, 0x60, 0x1f, 0xf9,
    0x0, 0x9f, 0xf1, 0x4f, 0xf4, 0x0, 0x5f, 0xf4,
    0x2f, 0xfb, 0x22, 0xbf, 0xf2, 0xa, 0xff, 0xff,
    0xff, 0xa0, 0x0, 0x7d, 0xff, 0xc7, 0x0,

    /* U+0039 "9" */
    0x0, 0x7d, 0xfe, 0xb3, 0x0, 0xb, 0xff, 0xff,
    0xff, 0x50, 0x5f, 0xf9, 0x24, 0xdf, 0xe0, 0x7f,
    0xf0, 0x0, 0x6f, 0xf4, 0x6f, 0xf7, 0x2, 0xcf,
    0xf6, 0xd, 0xff, 0xff, 0xff, 0xf6, 0x1, 0xae,
    0xfc, 0x8f, 0xf3, 0x0, 0x0, 0x1, 0xcf, 0xe0,
    0x1, 0x45, 0x8e, 0xff, 0x60, 0x8, 0xff, 0xff,
    0xf7, 0x0, 0x6, 0xfe, 0xc8, 0x20, 0x0,

    /* U+003A ":" */
    0x7f, 0xf7, 0x9f, 0xf9, 0x9f, 0xf9, 0x3, 0x30,
    0x0, 0x0, 0x3, 0x30, 0x9f, 0xf9, 0x9f, 0xf9,
    0x7f, 0xf7,

    /* U+003B ";" */
    0x7, 0xff, 0x70, 0x9f, 0xf9, 0x9, 0xff, 0x90,
    0x3, 0x30, 0x0, 0x0, 0x0, 0x2, 0x21, 0x6,
    0xff, 0xb0, 0x9f, 0xf4, 0xc, 0xfd, 0x0, 0xff,
    0x60, 0x2f, 0xe0, 0x4, 0xf6, 0x0,

    /* U+003C "<" */
    0x0, 0x0, 0x0, 0x2, 0x80, 0x0, 0x0, 0x2,
    0xaf, 0xf6, 0x0, 0x2, 0xaf, 0xff, 0xc2, 0x2,
    0xaf, 0xff, 0xb3, 0x0, 0x8f, 0xff, 0xb3, 0x0,
    0x0, 0xbf, 0xfe, 0x50, 0x0, 0x0, 0x18, 0xff,
    0xfd, 0x50, 0x0, 0x0, 0x18, 0xff, 0xfd, 0x60,
    0x0, 0x0, 0x18, 0xff, 0xf7, 0x0, 0x0, 0x0,
    0x18, 0xe2,

    /* U+003D "=" */
    0x3f, 0xff, 0xff, 0xff, 0xf3, 0x4f, 0xff, 0xff,
    0xff, 0xf4, 0x2, 0x22, 0x22, 0x22, 0x20, 0x0,
    0x0, 0x0, 0x0, 0x0, 0x3f, 0xff, 0xff, 0xff,
    0xf3, 0x4f, 0xff, 0xff, 0xff, 0xf4, 0x2, 0x22,
    0x22, 0x22, 0x20,

    /* U+003E ">" */
    0x8, 0x20, 0x0, 0x0, 0x0, 0x7f, 0xfa, 0x20,
    0x0, 0x0, 0x2c, 0xff, 0xfa, 0x20, 0x0, 0x0,
    0x3b, 0xff, 0xfa, 0x20, 0x0, 0x0, 0x3b, 0xff,
    0xf8, 0x0, 0x0, 0x5, 0xef, 0xfb, 0x0, 0x5,
    0xdf, 0xff, 0x81, 0x6, 0xdf, 0xff, 0x81, 0x0,
    0x7f, 0xff, 0x81, 0x0, 0x0, 0x2e, 0x81, 0x0,
    0x0, 0x0,

    /* U+003F "?" */
    0x28, 0xdf, 0xeb, 0x30, 0xff, 0xff, 0xff, 0xf3,
    0xff, 0x71, 0x3e, 0xf9, 0xac, 0x20, 0xc, 0xfb,
    0x0, 0x3, 0x8f, 0xf7, 0x0, 0x6f, 0xff, 0xb0,
    0x0, 0x5f, 0xd3, 0x0, 0x0, 0x2b, 0x70, 0x0,
    0x0, 0x0, 0x0, 0x0, 0x0, 0x7d, 0xc0, 0x0,
    0x0, 0xbf, 0xf2, 0x0, 0x0, 0x9f, 0xe1, 0x0,

    /* U+0040 "@" */
    0x0, 0x0, 0x0, 0x10, 0x0, 0x0, 0x0, 0x5,
    0xcf, 0xff, 0xc4, 0x0, 0x0, 0xaf, 0xc7, 0x67,
    0xdf, 0x60, 0x8, 0xf7, 0x4e, 0xf8, 0xbb, 0xf1,
    0x1f, 0xa2, 0xfd, 0x8f, 0xc2, 0xf6, 0x6f, 0x39,
    0xf3, 0x1f, 0x80, 0xf8, 0x9f, 0xc, 0xe0, 0x5f,
    0x51, 0xf8, 0xaf, 0xc, 0xf4, 0xdf, 0x69, 0xf3,
    0x8f, 0x17, 0xff, 0x8d, 0xff, 0x90, 0x3f, 0x90,
    0x33, 0x0, 0x42, 0x0, 0xa, 0xfa, 0x42, 0x36,
    0x30, 0x0, 0x0, 0x8f, 0xff, 0xff, 0x70, 0x0,
    0x0, 0x0, 0x34, 0x31, 0x0, 0x0,

    /* U+0041 "A" */
    0x0, 0x5f, 0xff, 0xff, 0xa0, 0x0, 0x0, 0x0,
    0x5f, 0xff, 0xff, 0xf1, 0x0, 0x0, 0x0, 0x0,
    0x6f, 0xcd, 0xf6, 0x0, 0x0, 0x0, 0x0, 0xbf,
    0x78, 0xfc, 0x0, 0x0, 0x0, 0x1, 0xff, 0x34,
    0xff, 0x10, 0x0, 0x0, 0x6, 0xfe, 0x0, 0xff,
    0x60, 0x0, 0x0, 0xc, 0xff, 0xff, 0xff, 0xc0,
    0x0, 0x0, 0x1f, 0xff, 0xff, 0xff, 0xf1, 0x0,
    0x0, 0x7f, 0xe0, 0x0, 0x1f, 0xf7, 0x0, 0xe,
    0xff, 0xfe, 0x2, 0xff, 0xff, 0xe0, 0xf, 0xff,
    0xff, 0x3, 0xff, 0xff, 0xf0,

    /* U+0042 "B" */
    0x3f, 0xff, 0xff, 0xfe, 0xb2, 0x0, 0x3f, 0xff,
    0xff, 0xff, 0xfe, 0x10, 0x0, 0xaf, 0xc0, 0x5,
    0xff, 0x50, 0x0, 0xaf, 0xc0, 0x6, 0xff, 0x30,
    0x0, 0xaf, 0xff, 0xff, 0xf7, 0x0, 0x0, 0xaf,
    0xff, 0xff, 0xfe, 0x40, 0x0, 0xaf, 0xc0, 0x2,
    0xdf, 0xe0, 0x0, 0xaf, 0xc0, 0x0, 0x7f, 0xf1,
    0x0, 0xaf, 0xc0, 0x1, 0xcf, 0xf0, 0x3f, 0xff,
    0xff, 0xff, 0xff, 0x90, 0x3f, 0xff, 0xff, 0xfe,
    0xc6, 0x0,

    /* U+0043 "C" */
    0x0, 0x4b, 0xef, 0xb6, 0xfc, 0x8, 0xff, 0xff,
    0xff, 0xfe, 0x4f, 0xfd, 0x53, 0x7f, 0xfe, 0xaf,
    0xf1, 0x0, 0xb, 0xfe, 0xef, 0xb0, 0x0, 0x6,
    0xd9, 0xff, 0xa0, 0x0, 0x0, 0x0, 0xef, 0xc0,
    0x0, 0x0, 0x0, 0xaf, 0xf2, 0x0, 0x0, 0x0,
    0x3f, 0xfe, 0x53, 0x47, 0xda, 0x7, 0xff, 0xff,
    0xff, 0xfe, 0x0, 0x4a, 0xef, 0xeb, 0x61,

    /* U+0044 "D" */
    0x4f, 0xff, 0xff, 0xec, 0x60, 0x0, 0x4f, 0xff,
    0xff, 0xff, 0xfc, 0x0, 0x0, 0xdf, 0x90, 0x19,
    0xff, 0x80, 0x0, 0xdf, 0x90, 0x0, 0xcf, 0xf0,
    0x0, 0xdf, 0x90, 0x0, 0x7f, 0xf2, 0x0, 0xdf,
    0x90, 0x0, 0x6f, 0xf4, 0x0, 0xdf, 0x90, 0x0,
    0x7f, 0xf2, 0x0, 0xdf, 0x90, 0x0, 0xcf, 0xf0,
    0x0, 0xdf, 0x90, 0x19, 0xff, 0x80, 0x4f, 0xff,
    0xff, 0xff, 0xfc, 0x0, 0x5f, 0xff, 0xff, 0xec,
    0x60, 0x0,

    /* U+0045 "E" */
    0x4f, 0xff, 0xff, 0xff, 0xff, 0xa5, 0xff, 0xff,
    0xff, 0xff, 0xfc, 0x0, 0xdf, 0x90, 0x0, 0x8f,
    0xc0, 0xd, 0xf9, 0x0, 0x4, 0xb6, 0x0, 0xdf,
    0xff, 0xf7, 0x0, 0x0, 0xd, 0xff, 0xff, 0x80,
    0x0, 0x0, 0xdf, 0x90, 0x0, 0x2a, 0x80, 0xd,
    0xf9, 0x0, 0x6, 0xff, 0x0, 0xdf, 0x90, 0x0,
    0x6f, 0xf5, 0xff, 0xff, 0xff, 0xff, 0xff, 0x4f,
    0xff, 0xff, 0xff, 0xff, 0xd0,

    /* U+0046 "F" */
    0x4f, 0xff, 0xff, 0xff, 0xff, 0xd5, 0xff, 0xff,
    0xff, 0xff, 0xff, 0x0, 0x9f, 0xe0, 0x0, 0x5f,
    0xf0, 0x9, 0xfe, 0x0, 0x4, 0xfe, 0x0, 0x9f,
    0xe0, 0x0, 0x1, 0x0, 0x9, 0xff, 0xff, 0xf6,
    0x0, 0x0, 0x9f, 0xff, 0xff, 0x50, 0x0, 0x9,
    0xfe, 0x0, 0x0, 0x0, 0x0, 0x9f, 0xe0, 0x0,
    0x0, 0x4, 0xff, 0xff, 0xff, 0x70, 0x0, 0x5f,
    0xff, 0xff, 0xf8, 0x0, 0x0,

    /* U+0047 "G" */
    0x0, 0x7, 0xdf, 0xe9, 0x9f, 0x70, 0x0, 0xcf,
    0xff, 0xff, 0xff, 0x90, 0x8, 0xff, 0xa4, 0x39,
    0xff, 0x90, 0xe, 0xfc, 0x0, 0x0, 0xef, 0x90,
    0x2f, 0xf7, 0x0, 0x0, 0x47, 0x20, 0x4f, 0xf5,
    0x2, 0xff, 0xff, 0xf7, 0x2f, 0xf7, 0x2, 0xff,
    0xff, 0xf7, 0xe, 0xfd, 0x0, 0x0, 0xcf, 0xb0,
    0x8, 0xff, 0xb4, 0x24, 0xdf, 0xb0, 0x0, 0xbf,
    0xff, 0xff, 0xff, 0xa0, 0x0, 0x6, 0xce, 0xfd,
    0xb6, 0x0,

    /* U+0048 "H" */
    0x6f, 0xff, 0xf4, 0x4f, 0xff, 0xf6, 0x6f, 0xff,
    0xf4, 0x4f, 0xff, 0xf6, 0x5, 0xff, 0x10, 0x1,
    0xff, 0x50, 0x5, 0xff, 0x10, 0x1, 0xff, 0x50,
    0x5, 0xff, 0xff, 0xff, 0xff, 0x50, 0x5, 0xff,
    0xff, 0xff, 0xff, 0x50, 0x5, 0xff, 0x20, 0x2,
    0xff, 0x50, 0x5, 0xff, 0x10, 0x1, 0xff, 0x50,
    0x5, 0xff, 0x10, 0x1, 0xff, 0x50, 0x6f, 0xff,
    0xf4, 0x4f, 0xff, 0xf6, 0x6f, 0xff, 0xf4, 0x4f,
    0xff, 0xf6,

    /* U+0049 "I" */
    0x1f, 0xff, 0xff, 0xff, 0xf1, 0x1e, 0xff, 0xff,
    0xff, 0xe1, 0x0, 0x3, 0xff, 0x30, 0x0, 0x0,
    0x3, 0xff, 0x30, 0x0, 0x0, 0x3, 0xff, 0x30,
    0x0, 0x0, 0x3, 0xff, 0x30, 0x0, 0x0, 0x3,
    0xff, 0x30, 0x0, 0x0, 0x3, 0xff, 0x30, 0x0,
    0x0, 0x3, 0xff, 0x30, 0x0, 0x3f, 0xff, 0xff,
    0xff, 0xf3, 0x4f, 0xff, 0xff, 0xff, 0xf3,

    /* U+004A "J" */
    0x0, 0xd, 0xff, 0xff, 0xff, 0xf6, 0x0, 0xd,
    0xff, 0xff, 0xff, 0xf6, 0x0, 0x0, 0x0, 0x6f,
    0xf1, 0x0, 0x0, 0x0, 0x0, 0x6f, 0xf1, 0x0,
    0x0, 0x0, 0x0, 0x6f, 0xf1, 0x0, 0x3, 0x40,
    0x0, 0x6f, 0xf1, 0x0, 0xf, 0xf6, 0x0, 0x6f,
    0xf1, 0x0, 0xf, 0xf6, 0x0, 0x6f, 0xf1, 0x0,
    0xf, 0xf9, 0x33, 0xdf, 0xf0, 0x0, 0xd, 0xff,
    0xff, 0xff, 0x80, 0x0, 0x1, 0x8d, 0xfe, 0xc6,
    0x0, 0x0,

    /* U+004B "K" */
    0x6f, 0xff, 0xf8, 0x4f, 0xff, 0xf8, 0x6f, 0xff,
    0xf8, 0x4f, 0xff, 0xf8, 0x0, 0xdf, 0x90, 0x1c,
    0xfd, 0x20, 0x0, 0xdf, 0x91, 0xdf, 0xd1, 0x0,
    0x0, 0xdf, 0xbd, 0xfc, 0x10, 0x0, 0x0, 0xdf,
    0xff, 0xfe, 0x50, 0x0, 0x0, 0xdf, 0xfc, 0xef,
    0xf4, 0x0, 0x0, 0xdf, 0xb0, 0x1d, 0xfd, 0x0,
    0x0, 0xdf, 0x90, 0x5, 0xff, 0x70, 0x6f, 0xff,
    0xff, 0x30, 0xdf, 0xfd, 0x6f, 0xff, 0xff, 0x30,
    0x2e, 0xfe,

    /* U+004C "L" */
    0x4f, 0xff, 0xff, 0xfb, 0x0, 0x4, 0xff, 0xff,
    0xff, 0xa0, 0x0, 0x0, 0x6f, 0xf1, 0x0, 0x0,
    0x0, 0x6, 0xff, 0x10, 0x0, 0x0, 0x0, 0x6f,
    0xf1, 0x0, 0x0, 0x0, 0x6, 0xff, 0x10, 0x2,
    0x75, 0x0, 0x6f, 0xf1, 0x0, 0x7f, 0xe0, 0x6,
    0xff, 0x10, 0x8, 0xff, 0x0, 0x6f, 0xf1, 0x0,
    0x8f, 0xf5, 0xff, 0xff, 0xff, 0xff, 0xff, 0x4f,
    0xff, 0xff, 0xff, 0xff, 0xd0,

    /* U+004D "M" */
    0x9f, 0xff, 0x40, 0x4, 0xff, 0xf9, 0x9f, 0xff,
    0xa0, 0xb, 0xff, 0xf9, 0x9, 0xff, 0xf1, 0x1f,
    0xff, 0x90, 0x9, 0xff, 0xf7, 0x7f, 0xff, 0x90,
    0x9, 0xfa, 0xfd, 0xdf, 0xaf, 0x90, 0xa, 0xf7,
    0xcf, 0xfb, 0x8f, 0x90, 0xa, 0xf7, 0x5f, 0xf5,
    0x8f, 0xa0, 0xa, 0xf7, 0xc, 0xc0, 0x7f, 0xa0,
    0xb, 0xf7, 0x0, 0x0, 0x7f, 0xa0, 0xcf, 0xff,
    0xd0, 0xd, 0xff, 0xfb, 0xcf, 0xff, 0xe0, 0xe,
    0xff, 0xfc,

    /* U+004E "N" */
    0x6f, 0xff, 0x60, 0x1f, 0xff, 0xf9, 0x6f, 0xff,
    0xf1, 0x1e, 0xff, 0xf9, 0x3, 0xff, 0xfb, 0x0,
    0xaf, 0x80, 0x3, 0xff, 0xff, 0x50, 0xaf, 0x80,
    0x3, 0xff, 0x8f, 0xe1, 0xaf, 0x80, 0x3, 0xff,
    0xd, 0xfa, 0xaf, 0x80, 0x3, 0xff, 0x3, 0xff,
    0xef, 0x80, 0x3, 0xff, 0x0, 0x9f, 0xff, 0x80,
    0x5, 0xff, 0x20, 0xd, 0xff, 0x80, 0x7f, 0xff,
    0xf9, 0x4, 0xff, 0x80, 0x6f, 0xff, 0xf8, 0x0,
    0x8f, 0x60,

    /* U+004F "O" */
    0x0, 0x7, 0xcf, 0xfc, 0x70, 0x0, 0x0, 0xcf,
    0xff, 0xff, 0xfc, 0x0, 0xa, 0xff, 0x94, 0x39,
    0xff, 0x90, 0x1f, 0xfb, 0x0, 0x0, 0xbf, 0xf1,
    0x4f, 0xf5, 0x0, 0x0, 0x5f, 0xf4, 0x5f, 0xf4,
    0x0, 0x0, 0x4f, 0xf5, 0x4f, 0xf5, 0x0, 0x0,
    0x5f, 0xf4, 0x1f, 0xfb, 0x0, 0x0, 0xbf, 0xf1,
    0xa, 0xff, 0x93, 0x39, 0xff, 0x90, 0x0, 0xcf,
    0xff, 0xff, 0xfc, 0x0, 0x0, 0x7, 0xcf, 0xfc,
    0x70, 0x0,

    /* U+0050 "P" */
    0x4f, 0xff, 0xff, 0xfe, 0xc5, 0x0, 0x4f, 0xff,
    0xff, 0xff, 0xff, 0x70, 0x0, 0x5f, 0xf1, 0x2,
    0xcf, 0xf0, 0x0, 0x5f, 0xf1, 0x0, 0x7f, 0xf1,
    0x0, 0x5f, 0xf1, 0x3, 0xdf, 0xf0, 0x0, 0x5f,
    0xff, 0xff, 0xff, 0x80, 0x0, 0x5f, 0xff, 0xff,
    0xc6, 0x0, 0x0, 0x5f, 0xf1, 0x0, 0x0, 0x0,
    0x0, 0x5f, 0xf1, 0x0, 0x0, 0x0, 0x4f, 0xff,
    0xff, 0xfa, 0x0, 0x0, 0x5f, 0xff, 0xff, 0xfb,
    0x0, 0x0,

    /* U+0051 "Q" */
    0x0, 0x6, 0xcf, 0xfc, 0x70, 0x0, 0x0, 0xcf,
    0xff, 0xff, 0xfc, 0x0, 0x9, 0xff, 0x94, 0x4a,
    0xff, 0x90, 0x1f, 0xfb, 0x0, 0x0, 0xbf, 0xf1,
    0x4f, 0xf5, 0x0, 0x0, 0x5f, 0xf4, 0x5f, 0xf4,
    0x0, 0x0, 0x4f, 0xf5, 0x4f, 0xf5, 0x0, 0x0,
    0x5f, 0xf4, 0x1f, 0xfb, 0x0, 0x0, 0xbf, 0xf1,
    0x9, 0xff, 0xa4, 0x4a, 0xff, 0x90, 0x0, 0xcf,
    0xff, 0xff, 0xfc, 0x0, 0x0, 0x9, 0xff, 0xfc,
    0x70, 0x0, 0x0, 0x1e, 0xe3, 0x10, 0x0, 0x0,
    0x0, 0xdf, 0xff, 0xff, 0xff, 0xd0, 0x1, 0xff,
    0xff, 0xff, 0xff, 0xb0, 0x0, 0x44, 0x10, 0x12,
    0x31, 0x0,

    /* U+0052 "R" */
    0x4f, 0xff, 0xff, 0xfd, 0x91, 0x0, 0x4f, 0xff,
    0xff, 0xff, 0xfe, 0x10, 0x0, 0xcf, 0xb0, 0x5,
    0xff, 0x70, 0x0, 0xcf, 0xb0, 0x0, 0xff, 0x90,
    0x0, 0xcf, 0xb0, 0x16, 0xff, 0x60, 0x0, 0xcf,
    0xff, 0xff, 0xfb, 0x0, 0x0, 0xcf, 0xff, 0xff,
    0xa0, 0x0, 0x0, 0xcf, 0xb0, 0x6f, 0xf8, 0x0,
    0x0, 0xcf, 0xb0, 0x9, 0xff, 0x30, 0x4f, 0xff,
    0xff, 0x21, 0xff, 0xfa, 0x5f, 0xff, 0xff, 0x20,
    0x4e, 0xfb,

    /* U+0053 "S" */
    0x2, 0xae, 0xfc, 0x5f, 0xe0, 0x1e, 0xff, 0xff,
    0xff, 0xf1, 0x7f, 0xf6, 0x2, 0x9f, 0xf1, 0x8f,
    0xf4, 0x0, 0x8, 0xb0, 0x3f, 0xff, 0xeb, 0x83,
    0x0, 0x4, 0xdf, 0xff, 0xff, 0xa0, 0x15, 0x1,
    0x58, 0xef, 0xf5, 0x7f, 0xa0, 0x0, 0x1f, 0xf9,
    0x7f, 0xf9, 0x20, 0x5f, 0xf8, 0x7f, 0xff, 0xff,
    0xff, 0xf2, 0x5f, 0xb7, 0xdf, 0xea, 0x20,

    /* U+0054 "T" */
    0xe, 0xff, 0xff, 0xff, 0xff, 0xe0, 0xf, 0xff,
    0xff, 0xff, 0xff, 0xf0, 0xf, 0xf0, 0x4f, 0xf4,
    0xf, 0xf0, 0xf, 0xf0, 0x3f, 0xf3, 0xf, 0xf0,
    0xf, 0xf0, 0x3f, 0xf3, 0xf, 0xf0, 0x0, 0x0,
    0x3f, 0xf3, 0x0, 0x0, 0x0, 0x0, 0x3f, 0xf3,
    0x0, 0x0, 0x0, 0x0, 0x3f, 0xf3, 0x0, 0x0,
    0x0, 0x0, 0x3f, 0xf3, 0x0, 0x0, 0x0, 0xcf,
    0xff, 0xff, 0xfc, 0x0, 0x0, 0xdf, 0xff, 0xff,
    0xfd, 0x0,

    /* U+0055 "U" */
    0x6f, 0xff, 0xf4, 0x4f, 0xff, 0xf6, 0x6f, 0xff,
    0xf4, 0x4f, 0xff, 0xf6, 0x7, 0xff, 0x0, 0x0,
    0xff, 0x70, 0x7, 0xff, 0x0, 0x0, 0xff, 0x70,
    0x7, 0xff, 0x0, 0x0, 0xff, 0x70, 0x7, 0xff,
    0x0, 0x0, 0xff, 0x70, 0x7, 0xff, 0x0, 0x0,
    0xff, 0x70, 0x6, 0xff, 0x10, 0x2, 0xff, 0x60,
    0x2, 0xff, 0xb3, 0x3b, 0xff, 0x20, 0x0, 0xaf,
    0xff, 0xff, 0xfa, 0x0, 0x0, 0x7, 0xcf, 0xfc,
    0x60, 0x0,

    /* U+0056 "V" */
    0xf, 0xff, 0xff, 0x40, 0xff, 0xff, 0xf0, 0xe,
    0xff, 0xff, 0x40, 0xef, 0xff, 0xe0, 0x0, 0x8f,
    0xf1, 0x0, 0xf, 0xf9, 0x0, 0x0, 0x1f, 0xf7,
    0x0, 0x6f, 0xf2, 0x0, 0x0, 0xb, 0xfd, 0x0,
    0xcf, 0xb0, 0x0, 0x0, 0x4, 0xff, 0x33, 0xff,
    0x50, 0x0, 0x0, 0x0, 0xef, 0x99, 0xfe, 0x0,
    0x0, 0x0, 0x0, 0x7f, 0xff, 0xf7, 0x0, 0x0,
    0x0, 0x0, 0x1f, 0xff, 0xf1, 0x0, 0x0, 0x0,
    0x0, 0xb, 0xff, 0xa0, 0x0, 0x0, 0x0, 0x0,
    0x3, 0xfe, 0x30, 0x0, 0x0,

    /* U+0057 "W" */
    0x1f, 0xff, 0xfc, 0x0, 0x9f, 0xff, 0xf1, 0x1e,
    0xff, 0xfb, 0x0, 0x8f, 0xff, 0xe1, 0x0, 0xff,
    0x20, 0x0, 0x2, 0xff, 0x0, 0x0, 0xef, 0x40,
    0xef, 0x13, 0xfd, 0x0, 0x0, 0xcf, 0x55, 0xff,
    0x65, 0xfb, 0x0, 0x0, 0xbf, 0x7b, 0xff, 0xc6,
    0xf9, 0x0, 0x0, 0x9f, 0xaf, 0xde, 0xfa, 0xf8,
    0x0, 0x0, 0x7f, 0xff, 0x78, 0xff, 0xf6, 0x0,
    0x0, 0x5f, 0xff, 0x13, 0xff, 0xf4, 0x0, 0x0,
    0x3f, 0xfb, 0x0, 0xdf, 0xf2, 0x0, 0x0, 0x1f,
    0xf4, 0x0, 0x5f, 0xe0, 0x0,

    /* U+0058 "X" */
    0x4f, 0xff, 0xf8, 0x4f, 0xff, 0xf4, 0x4f, 0xff,
    0xf8, 0x4f, 0xff, 0xf4, 0x0, 0xcf, 0xe1, 0xd,
    0xfc, 0x0, 0x0, 0x1e, 0xfc, 0xaf, 0xf2, 0x0,
    0x0, 0x4, 0xff, 0xff, 0x50, 0x0, 0x0, 0x0,
    0xdf, 0xfd, 0x0, 0x0, 0x0, 0x8, 0xff, 0xff,
    0x70, 0x0, 0x0, 0x5f, 0xf7, 0x8f, 0xf4, 0x0,
    0x2, 0xef, 0xa0, 0xc, 0xfe, 0x20, 0x9f, 0xff,
    0xf2, 0x5f, 0xff, 0xf9, 0x9f, 0xff, 0xf2, 0x5f,
    0xff, 0xf9,

    /* U+0059 "Y" */
    0x8f, 0xff, 0xf5, 0x3f, 0xff, 0xf7, 0x7f, 0xff,
    0xf5, 0x2f, 0xff, 0xf7, 0x3, 0xff, 0x90, 0x8,
    0xff, 0x30, 0x0, 0x7f, 0xf4, 0x3f, 0xf7, 0x0,
    0x0, 0xc, 0xfe, 0xdf, 0xc0, 0x0, 0x0, 0x2,
    0xff, 0xff, 0x20, 0x0, 0x0, 0x0, 0x6f, 0xf6,
    0x0, 0x0, 0x0, 0x0, 0x3f, 0xf3, 0x0, 0x0,
    0x0, 0x0, 0x3f, 0xf3, 0x0, 0x0, 0x0, 0x9f,
    0xff, 0xff, 0xf9, 0x0, 0x0, 0xaf, 0xff, 0xff,
    0xfa, 0x0,

    /* U+005A "Z" */
    0x4f, 0xff, 0xff, 0xff, 0xf7, 0x5f, 0xff, 0xff,
    0xff, 0xf6, 0x5f, 0xe0, 0x4, 0xff, 0xc0, 0x5f,
    0xe0, 0x1e, 0xfe, 0x10, 0x16, 0x40, 0xbf, 0xf3,
    0x0, 0x0, 0x8, 0xff, 0x60, 0x0, 0x0, 0x5f,
    0xfa, 0x5, 0xa3, 0x2, 0xff, 0xd0, 0xb, 0xf8,
    0xd, 0xff, 0x20, 0xb, 0xf8, 0x8f, 0xff, 0xff,
    0xff, 0xf8, 0x8f, 0xff, 0xff, 0xff, 0xf7,

    /* U+005B "[" */
    0x1, 0x22, 0x22, 0x10, 0x2f, 0xff, 0xff, 0xf0,
    0x2f, 0xff, 0xff, 0xe0, 0x2f, 0xf4, 0x0, 0x0,
    0x2f, 0xf4, 0x0, 0x0, 0x2f, 0xf4, 0x0, 0x0,
    0x2f, 0xf4, 0x0, 0x0, 0x2f, 0xf4, 0x0, 0x0,
    0x2f, 0xf4, 0x0, 0x0, 0x2f, 0xf4, 0x0, 0x0,
    0x2f, 0xf4, 0x0, 0x0, 0x2f, 0xf4, 0x0, 0x0,
    0x2f, 0xf4, 0x0, 0x0, 0x2f, 0xf4, 0x0, 0x0,
    0x2f, 0xf6, 0x22, 0x10, 0x2f, 0xff, 0xff, 0xf0,
    0x1f, 0xff, 0xff, 0xe0,

    /* U+005C "\\" */
    0x4e, 0xd0, 0x0, 0x0, 0x0, 0x2f, 0xf6, 0x0,
    0x0, 0x0, 0xb, 0xfd, 0x0, 0x0, 0x0, 0x4,
    0xff, 0x40, 0x0, 0x0, 0x0, 0xdf, 0xb0, 0x0,
    0x0, 0x0, 0x5f, 0xf2, 0x0, 0x0, 0x0, 0xe,
    0xf9, 0x0, 0x0, 0x0, 0x7, 0xff, 0x10, 0x0,
    0x0, 0x1, 0xff, 0x70, 0x0, 0x0, 0x0, 0x9f,
    0xe0, 0x0, 0x0, 0x0, 0x2f, 0xf5, 0x0, 0x0,
    0x0, 0xb, 0xfc, 0x0, 0x0, 0x0, 0x4, 0xff,
    0x30, 0x0, 0x0, 0x0, 0xdf, 0xa0, 0x0, 0x0,
    0x0, 0x6f, 0xf2, 0x0, 0x0, 0x0, 0xd, 0xe4,

    /* U+005D "]" */
    0x1, 0x22, 0x22, 0x10, 0xf, 0xff, 0xff, 0xf1,
    0xe, 0xff, 0xff, 0xf2, 0x0, 0x0, 0x4f, 0xf2,
    0x0, 0x0, 0x4f, 0xf2, 0x0, 0x0, 0x4f, 0xf2,
    0x0, 0x0, 0x4f, 0xf2, 0x0, 0x0, 0x4f, 0xf2,
    0x0, 0x0, 0x4f, 0xf2, 0x0, 0x0, 0x4f, 0xf2,
    0x0, 0x0, 0x4f, 0xf2, 0x0, 0x0, 0x4f, 0xf2,
    0x0, 0x0, 0x4f, 0xf2, 0x0, 0x0, 0x4f, 0xf2,
    0x1, 0x22, 0x6f, 0xf2, 0xf, 0xff, 0xff, 0xf2,
    0xe, 0xff, 0xff, 0xf1,

    /* U+005E "^" */
    0x0, 0x1, 0xee, 0x10, 0x0, 0x0, 0x9, 0xff,
    0x90, 0x0, 0x0, 0x2f, 0xff, 0xf2, 0x0, 0x0,
    0xaf, 0xcc, 0xfa, 0x0, 0x3, 0xff, 0x44, 0xff,
    0x30, 0xb, 0xfc, 0x0, 0xcf, 0xb0, 0xc, 0xf4,
    0x0, 0x4f, 0xc0,

    /* U+005F "_" */
    0x2, 0x22, 0x22, 0x22, 0x22, 0x22, 0x20, 0x5f,
    0xff, 0xff, 0xff, 0xff, 0xff, 0xf5, 0x5f, 0xff,
    0xff, 0xff, 0xff, 0xff, 0xf4,

    /* U+0060 "`" */
    0xa, 0xc2, 0x0, 0x3, 0xff, 0xf6, 0x0, 0x4,
    0xcf, 0xfa, 0x0, 0x0, 0x4b, 0xb0,

    /* U+0061 "a" */
    0x7, 0xbe, 0xff, 0xc6, 0x0, 0x2, 0xff, 0xff,
    0xff, 0xf6, 0x0, 0x6, 0x64, 0x23, 0xcf, 0xc0,
    0x0, 0x6c, 0xee, 0xdd, 0xfe, 0x0, 0x7f, 0xff,
    0xff, 0xff, 0xf0, 0xd, 0xfc, 0x10, 0x29, 0xff,
    0x0, 0xdf, 0xc0, 0x5, 0xef, 0xf1, 0x7, 0xff,
    0xff, 0xff, 0xff, 0xf6, 0x7, 0xdf, 0xea, 0x38,
    0xef, 0x60,

    /* U+0062 "b" */
    0xaf, 0xff, 0x30, 0x0, 0x0, 0x0, 0x9f, 0xff,
    0x40, 0x0, 0x0, 0x0, 0x2, 0xff, 0x40, 0x0,
    0x0, 0x0, 0x2, 0xff, 0x6b, 0xfe, 0xa2, 0x0,
    0x2, 0xff, 0xff, 0xff, 0xfe, 0x10, 0x2, 0xff,
    0xf6, 0x38, 0xff, 0x90, 0x2, 0xff, 0x60, 0x0,
    0xcf, 0xe0, 0x2, 0xff, 0x30, 0x0, 0xaf, 0xf0,
    0x2, 0xff, 0x60, 0x0, 0xcf, 0xe0, 0x4, 0xff,
    0xf6, 0x28, 0xff, 0xa0, 0x7f, 0xfe, 0xef, 0xff,
    0xfe, 0x10, 0x7f, 0xfc, 0x2b, 0xfe, 0xa2, 0x0,

    /* U+0063 "c" */
    0x0, 0x5c, 0xfe, 0x8b, 0xf4, 0x9, 0xff, 0xff,
    0xff, 0xf6, 0x4f, 0xfc, 0x43, 0xbf, 0xf6, 0xaf,
    0xf1, 0x0, 0x1f, 0xf5, 0xbf, 0xe0, 0x0, 0x2,
    0x30, 0xaf, 0xf1, 0x0, 0x0, 0x0, 0x4f, 0xfd,
    0x43, 0x5a, 0xf3, 0x9, 0xff, 0xff, 0xff, 0xf6,
    0x0, 0x5c, 0xef, 0xd9, 0x30,

    /* U+0064 "d" */
    0x0, 0x0, 0x3, 0xff, 0xff, 0x10, 0x0, 0x0,
    0x3, 0xff, 0xff, 0x20, 0x0, 0x0, 0x0, 0x4,
    0xff, 0x20, 0x0, 0x2a, 0xef, 0xb6, 0xff, 0x20,
    0x1, 0xef, 0xff, 0xff, 0xff, 0x20, 0xa, 0xff,
    0x83, 0x6f, 0xff, 0x20, 0xe, 0xfc, 0x0, 0x7,
    0xff, 0x20, 0xf, 0xf9, 0x0, 0x3, 0xff, 0x20,
    0xe, 0xfb, 0x0, 0x5, 0xff, 0x20, 0xa, 0xff,
    0x50, 0x3e, 0xff, 0x20, 0x1, 0xef, 0xff, 0xff,
    0xff, 0xf7, 0x0, 0x2a, 0xef, 0xc3, 0xcf, 0xf8,

    /* U+0065 "e" */
    0x0, 0x5c, 0xef, 0xd7, 0x0, 0x9, 0xff, 0xff,
    0xff, 0xb0, 0x4f, 0xf9, 0x33, 0x7f, 0xf5, 0x9f,
    0xfd, 0xdd, 0xdf, 0xfa, 0xbf, 0xff, 0xff, 0xff,
    0xfa, 0x9f, 0xf1, 0x0, 0x0, 0x0, 0x4f, 0xfc,
    0x42, 0x47, 0xb2, 0xa, 0xff, 0xff, 0xff, 0xf7,
    0x0, 0x6c, 0xff, 0xdb, 0x71,

    /* U+0066 "f" */
    0x0, 0x0, 0x7d, 0xfe, 0xb6, 0x0, 0x7, 0xff,
    0xff, 0xfe, 0x0, 0xd, 0xfc, 0x33, 0x64, 0x0,
    0xf, 0xf8, 0x0, 0x0, 0x4f, 0xff, 0xff, 0xff,
    0xf1, 0x4f, 0xff, 0xff, 0xff, 0xf0, 0x0, 0xf,
    0xf7, 0x0, 0x0, 0x0, 0xf, 0xf7, 0x0, 0x0,
    0x0, 0xf, 0xf7, 0x0, 0x0, 0x0, 0xf, 0xf7,
    0x0, 0x0, 0x4f, 0xff, 0xff, 0xff, 0xb0, 0x4f,
    0xff, 0xff, 0xff, 0xb0,

    /* U+0067 "g" */
    0x0, 0x2a, 0xef, 0xc4, 0xcf, 0xf8, 0x1, 0xef,
    0xff, 0xff, 0xff, 0xf7, 0xa, 0xff, 0x50, 0x2d,
    0xff, 0x20, 0xe, 0xfb, 0x0, 0x5, 0xff, 0x20,
    0xf, 0xf9, 0x0, 0x3, 0xff, 0x20, 0xe, 0xfc,
    0x0, 0x6, 0xff, 0x20, 0xa, 0xff, 0x83, 0x6f,
    0xff, 0x20, 0x1, 0xef, 0xff, 0xff, 0xff, 0x20,
    0x0, 0x2a, 0xef, 0xb6, 0xff, 0x20, 0x0, 0x0,
    0x0, 0x6, 0xff, 0x20, 0x2, 0xb7, 0x43, 0x5e,
    0xfe, 0x0, 0x9, 0xff, 0xff, 0xff, 0xf6, 0x0,
    0x2, 0x8c, 0xef, 0xfb, 0x40, 0x0,

    /* U+0068 "h" */
    0x7f, 0xff, 0x60, 0x0, 0x0, 0x0, 0x6f, 0xff,
    0x70, 0x0, 0x0, 0x0, 0x0, 0xff, 0x70, 0x0,
    0x0, 0x0, 0x0, 0xff, 0x75, 0xdf, 0xc2, 0x0,
    0x0, 0xff, 0xcf, 0xff, 0xfd, 0x0, 0x0, 0xff,
    0xfb, 0x39, 0xff, 0x20, 0x0, 0xff, 0xe0, 0x3,
    0xff, 0x30, 0x0, 0xff, 0x90, 0x3, 0xff, 0x40,
    0x0, 0xff, 0x70, 0x3, 0xff, 0x40, 0x0, 0xff,
    0x70, 0x3, 0xff, 0x40, 0x3f, 0xff, 0xf6, 0x2f,
    0xff, 0xf7, 0x4f, 0xff, 0xf6, 0x2f, 0xff, 0xf8,

    /* U+0069 "i" */
    0x0, 0x0, 0xef, 0x40, 0x0, 0x0, 0x1, 0xff,
    0x50, 0x0, 0x0, 0x0, 0xab, 0x20, 0x0, 0xa,
    0xff, 0xff, 0x40, 0x0, 0xa, 0xff, 0xff, 0x50,
    0x0, 0x0, 0x1, 0xff, 0x50, 0x0, 0x0, 0x1,
    0xff, 0x50, 0x0, 0x0, 0x1, 0xff, 0x50, 0x0,
    0x0, 0x1, 0xff, 0x50, 0x0, 0x0, 0x1, 0xff,
    0x50, 0x0, 0x4f, 0xff, 0xff, 0xff, 0xf9, 0x4f,
    0xff, 0xff, 0xff, 0xf9,

    /* U+006A "j" */
    0x0, 0x0, 0x4, 0xfe, 0x0, 0x0, 0x0, 0x6f,
    0xf0, 0x0, 0x0, 0x3, 0xba, 0x0, 0xaf, 0xff,
    0xff, 0xe0, 0xa, 0xff, 0xff, 0xff, 0x0, 0x0,
    0x0, 0x6f, 0xf0, 0x0, 0x0, 0x6, 0xff, 0x0,
    0x0, 0x0, 0x6f, 0xf0, 0x0, 0x0, 0x6, 0xff,
    0x0, 0x0, 0x0, 0x6f, 0xf0, 0x0, 0x0, 0x6,
    0xff, 0x0, 0x0, 0x0, 0x6f, 0xf0, 0x0, 0x0,
    0x7, 0xff, 0x2, 0xea, 0x53, 0xdf, 0xd0, 0x5f,
    0xff, 0xff, 0xf7, 0x0, 0x4a, 0xdf, 0xd7, 0x0,

    /* U+006B "k" */
    0x5f, 0xff, 0x70, 0x0, 0x0, 0x0, 0x5f, 0xff,
    0x90, 0x0, 0x0, 0x0, 0x0, 0xef, 0x90, 0x0,
    0x0, 0x0, 0x0, 0xef, 0x90, 0xef, 0xff, 0xf2,
    0x0, 0xef, 0x90, 0xbf, 0xff, 0xc2, 0x0, 0xef,
    0x91, 0xbf, 0xf6, 0x0, 0x0, 0xef, 0xbd, 0xff,
    0x30, 0x0, 0x0, 0xef, 0xff, 0xff, 0x50, 0x0,
    0x0, 0xef, 0xf8, 0xdf, 0xf2, 0x0, 0x0, 0xef,
    0x90, 0x3f, 0xfc, 0x0, 0x2f, 0xff, 0xfe, 0x7,
    0xff, 0xf4, 0x2f, 0xff, 0xfe, 0x0, 0xaf, 0xf5,

    /* U+006C "l" */
    0xf, 0xff, 0xff, 0x30, 0x0, 0xe, 0xff, 0xff,
    0x40, 0x0, 0x0, 0x3, 0xff, 0x40, 0x0, 0x0,
    0x3, 0xff, 0x40, 0x0, 0x0, 0x3, 0xff, 0x40,
    0x0, 0x0, 0x3, 0xff, 0x40, 0x0, 0x0, 0x3,
    0xff, 0x40, 0x0, 0x0, 0x3, 0xff, 0x40, 0x0,
    0x0, 0x3, 0xff, 0x40, 0x0, 0x0, 0x3, 0xff,
    0x40, 0x0, 0x5f, 0xff, 0xff, 0xff, 0xf7, 0x5f,
    0xff, 0xff, 0xff, 0xf8,

    /* U+006D "m" */
    0x1f, 0xfb, 0x2d, 0xf6, 0x1b, 0xf8, 0x1, 0xef,
    0xde, 0xff, 0xfc, 0xff, 0xf2, 0x0, 0xff, 0xe6,
    0xff, 0xe7, 0xff, 0x50, 0xf, 0xfa, 0xf, 0xf9,
    0x1f, 0xf6, 0x0, 0xff, 0x80, 0xff, 0x71, 0xff,
    0x60, 0xf, 0xf7, 0xf, 0xf6, 0x1f, 0xf6, 0x0,
    0xff, 0x70, 0xff, 0x61, 0xff, 0x60, 0xf, 0xf7,
    0xf, 0xf6, 0x1f, 0xf6, 0x0, 0xef, 0x60, 0xef,
    0x50, 0xff, 0x40,

    /* U+006E "n" */
    0x5f, 0xff, 0x16, 0xdf, 0xc3, 0x0, 0x5f, 0xff,
    0x9f, 0xff, 0xfe, 0x0, 0x0, 0xef, 0xfa, 0x5,
    0xff, 0x40, 0x0, 0xef, 0xe0, 0x1, 0xff, 0x50,
    0x0, 0xef, 0xa0, 0x1, 0xff, 0x50, 0x0, 0xef,
    0x90, 0x1, 0xff, 0x50, 0x0, 0xef, 0x90, 0x1,
    0xff, 0x50, 0x2f, 0xff, 0xf8, 0x1e, 0xff, 0xf9,
    0x2f, 0xff, 0xf8, 0x1f, 0xff, 0xf9,

    /* U+006F "o" */
    0x0, 0x6c, 0xff, 0xc6, 0x0, 0xb, 0xff, 0xff,
    0xff, 0xb0, 0x7f, 0xfb, 0x33, 0xbf, 0xf6, 0xcf,
    0xe0, 0x0, 0xe, 0xfc, 0xef, 0xb0, 0x0, 0xb,
    0xfe, 0xcf, 0xe0, 0x0, 0xe, 0xfc, 0x7f, 0xfb,
    0x33, 0xbf, 0xf6, 0xc, 0xff, 0xff, 0xff, 0xb0,
    0x0, 0x7c, 0xff, 0xc7, 0x0,

    /* U+0070 "p" */
    0x8f, 0xfc, 0x3b, 0xfe, 0xa2, 0x0, 0x8f, 0xff,
    0xff, 0xff, 0xfe, 0x10, 0x2, 0xff, 0xe3, 0x4,
    0xff, 0x90, 0x2, 0xff, 0x50, 0x0, 0xbf, 0xe0,
    0x2, 0xff, 0x30, 0x0, 0xaf, 0xf0, 0x2, 0xff,
    0x60, 0x0, 0xcf, 0xe0, 0x2, 0xff, 0xf6, 0x28,
    0xff, 0xa0, 0x2, 0xff, 0xff, 0xff, 0xfe, 0x10,
    0x2, 0xff, 0x6b, 0xfe, 0xa2, 0x0, 0x2, 0xff,
    0x40, 0x0, 0x0, 0x0, 0x2, 0xff, 0x40, 0x0,
    0x0, 0x0, 0x8f, 0xff, 0xff, 0x60, 0x0, 0x0,
    0x8f, 0xff, 0xff, 0x60, 0x0, 0x0,

    /* U+0071 "q" */
    0x0, 0x2a, 0xef, 0xb3, 0xcf, 0xf8, 0x1, 0xef,
    0xff, 0xff, 0xff, 0xf7, 0xa, 0xff, 0x40, 0x3e,
    0xff, 0x20, 0xe, 0xfb, 0x0, 0x5, 0xff, 0x20,
    0xf, 0xf9, 0x0, 0x3, 0xff, 0x20, 0xe, 0xfc,
    0x0, 0x7, 0xff, 0x20, 0xa, 0xff, 0x82, 0x6f,
    0xff, 0x20, 0x1, 0xef, 0xff, 0xff, 0xff, 0x20,
    0x0, 0x2a, 0xef, 0xb6, 0xff, 0x20, 0x0, 0x0,
    0x0, 0x4, 0xff, 0x20, 0x0, 0x0, 0x0, 0x4,
    0xff, 0x20, 0x0, 0x0, 0x6, 0xff, 0xff, 0xf7,
    0x0, 0x0, 0x6, 0xff, 0xff, 0xf8,

    /* U+0072 "r" */
    0x5f, 0xff, 0x50, 0x7e, 0xe8, 0x5, 0xff, 0xf7,
    0xaf, 0xff, 0xf0, 0x0, 0xbf, 0xdf, 0xb6, 0x96,
    0x0, 0xb, 0xff, 0x90, 0x0, 0x0, 0x0, 0xbf,
    0xf0, 0x0, 0x0, 0x0, 0xb, 0xfc, 0x0, 0x0,
    0x0, 0x0, 0xbf, 0xb0, 0x0, 0x0, 0xa, 0xff,
    0xff, 0xff, 0xe1, 0x0, 0xaf, 0xff, 0xff, 0xff,
    0x10, 0x0,

    /* U+0073 "s" */
    0x3, 0xbf, 0xfc, 0x8f, 0xe0, 0x1f, 0xff, 0xff,
    0xff, 0xf0, 0x5f, 0xf4, 0x1, 0x5f, 0xf0, 0x3f,
    0xfe, 0xb9, 0x74, 0x20, 0x8, 0xff, 0xff, 0xff,
    0xb0, 0x4, 0x25, 0x8a, 0xef, 0xf5, 0x4f, 0xe4,
    0x0, 0x3f, 0xf6, 0x4f, 0xff, 0xfe, 0xff, 0xf1,
    0x3f, 0xe8, 0xdf, 0xeb, 0x20,

    /* U+0074 "t" */
    0x0, 0x7, 0xfc, 0x0, 0x0, 0x0, 0x0, 0x8f,
    0xe0, 0x0, 0x0, 0x0, 0x9, 0xfe, 0x0, 0x0,
    0x0, 0xff, 0xff, 0xff, 0xff, 0xf1, 0xe, 0xff,
    0xff, 0xff, 0xff, 0x0, 0x0, 0x8f, 0xe0, 0x0,
    0x0, 0x0, 0x8, 0xfe, 0x0, 0x0, 0x0, 0x0,
    0x8f, 0xe0, 0x0, 0x0, 0x0, 0x6, 0xff, 0x63,
    0x7c, 0x60, 0x0, 0x1f, 0xff, 0xff, 0xfb, 0x0,
    0x0, 0x3c, 0xfe, 0xb6, 0x0,

    /* U+0075 "u" */
    0x6f, 0xff, 0x30, 0xef, 0xff, 0x0, 0x6f, 0xff,
    0x40, 0xdf, 0xff, 0x10, 0x2, 0xff, 0x40, 0x5,
    0xff, 0x10, 0x2, 0xff, 0x40, 0x5, 0xff, 0x10,
    0x2, 0xff, 0x40, 0x7, 0xff, 0x10, 0x2, 0xff,
    0x40, 0xc, 0xff, 0x10, 0x1, 0xff, 0x80, 0x7f,
    0xff, 0x10, 0x0, 0xcf, 0xff, 0xfa, 0xff, 0xf5,
    0x0, 0x1b, 0xfe, 0x80, 0xef, 0xf5,

    /* U+0076 "v" */
    0x8f, 0xff, 0xf7, 0x4f, 0xff, 0xf7, 0x7f, 0xff,
    0xf7, 0x4f, 0xff, 0xf7, 0x1, 0xff, 0x80, 0x7,
    0xff, 0x10, 0x0, 0xaf, 0xe0, 0xd, 0xfa, 0x0,
    0x0, 0x3f, 0xf5, 0x4f, 0xf3, 0x0, 0x0, 0xc,
    0xfc, 0xbf, 0xc0, 0x0, 0x0, 0x5, 0xff, 0xff,
    0x40, 0x0, 0x0, 0x0, 0xef, 0xfd, 0x0, 0x0,
    0x0, 0x0, 0x5f, 0xf5, 0x0, 0x0,

    /* U+0077 "w" */
    0x1f, 0xff, 0xf4, 0x0, 0x3f, 0xff, 0xf1, 0x1f,
    0xff, 0xf4, 0x0, 0x3f, 0xff, 0xf1, 0x2, 0xff,
    0x10, 0xee, 0x1, 0xff, 0x0, 0x0, 0xef, 0x46,
    0xff, 0x64, 0xfd, 0x0, 0x0, 0xbf, 0x7d, 0xff,
    0xc8, 0xf9, 0x0, 0x0, 0x7f, 0xdf, 0xcd, 0xfd,
    0xf6, 0x0, 0x0, 0x4f, 0xff, 0x57, 0xff, 0xf2,
    0x0, 0x0, 0xf, 0xfe, 0x1, 0xff, 0xf0, 0x0,
    0x0, 0xb, 0xf6, 0x0, 0x8f, 0x90, 0x0,

    /* U+0078 "x" */
    0x2f, 0xff, 0xf8, 0x5f, 0xff, 0xf2, 0x2f, 0xff,
    0xf8, 0x5f, 0xff, 0xe1, 0x0, 0x9f, 0xf7, 0x3f,
    0xf7, 0x0, 0x0, 0x9, 0xff, 0xff, 0x80, 0x0,
    0x0, 0x0, 0xef, 0xfe, 0x0, 0x0, 0x0, 0xa,
    0xfe, 0xff, 0xa0, 0x0, 0x0, 0xaf, 0xe2, 0x7f,
    0xfa, 0x0, 0x3f, 0xff, 0xf4, 0x8f, 0xff, 0xf3,
    0x3f, 0xff, 0xf4, 0x9f, 0xff, 0xf3,

    /* U+0079 "y" */
    0x8f, 0xff, 0xf7, 0x4f, 0xff, 0xf7, 0x7f, 0xff,
    0xf7, 0x4f, 0xff, 0xf7, 0x0, 0xff, 0x90, 0x7,
    0xff, 0x10, 0x0, 0x8f, 0xf1, 0xe, 0xf9, 0x0,
    0x0, 0x1f, 0xf8, 0x6f, 0xf2, 0x0, 0x0, 0x8,
    0xfe, 0xdf, 0x90, 0x0, 0x0, 0x1, 0xff, 0xff,
    0x20, 0x0, 0x0, 0x0, 0x9f, 0xfa, 0x0, 0x0,
    0x0, 0x0, 0x7f, 0xf2, 0x0, 0x0, 0x0, 0x1,
    0xef, 0xa0, 0x0, 0x0, 0x1, 0x4d, 0xff, 0x20,
    0x0, 0x0, 0xd, 0xff, 0xf6, 0x0, 0x0, 0x0,
    0xb, 0xfc, 0x50, 0x0, 0x0, 0x0,

    /* U+007A "z" */
    0x5f, 0xff, 0xff, 0xff, 0xf7, 0x7f, 0xff, 0xff,
    0xff, 0xf6, 0x7f, 0xc0, 0xb, 0xff, 0x80, 0x3a,
    0x70, 0xbf, 0xf9, 0x0, 0x0, 0xb, 0xff, 0x90,
    0x0, 0x0, 0xaf, 0xf9, 0x7, 0xc5, 0xa, 0xff,
    0xa0, 0xb, 0xf8, 0x7f, 0xff, 0xff, 0xff, 0xf8,
    0x8f, 0xff, 0xff, 0xff, 0xf7,

    /* U+007B "{" */
    0x0, 0x0, 0x2a, 0xdf, 0xa0, 0x0, 0x2f, 0xff,
    0xfa, 0x0, 0x9, 0xff, 0x51, 0x0, 0x0, 0xaf,
    0xd0, 0x0, 0x0, 0x9, 0xfc, 0x0, 0x0, 0x0,
    0x9f, 0xc0, 0x0, 0x0, 0x4f, 0xf8, 0x0, 0x4,
    0xff, 0xf8, 0x0, 0x0, 0x4f, 0xff, 0x90, 0x0,
    0x0, 0x4, 0xef, 0x90, 0x0, 0x0, 0x8, 0xfd,
    0x0, 0x0, 0x0, 0x9f, 0xc0, 0x0, 0x0, 0xa,
    0xfd, 0x0, 0x0, 0x0, 0x9f, 0xf5, 0x0, 0x0,
    0x3, 0xff, 0xff, 0xa0, 0x0, 0x3, 0xae, 0xfa,
    0x0, 0x0, 0x0, 0x0, 0x0,

    /* U+007C "|" */
    0x2e, 0xf2, 0x3f, 0xf3, 0x3f, 0xf3, 0x3f, 0xf3,
    0x3f, 0xf3, 0x3f, 0xf3, 0x3f, 0xf3, 0x3f, 0xf3,
    0x3f, 0xf3, 0x3f, 0xf3, 0x3f, 0xf3, 0x3f, 0xf3,
    0x3f, 0xf3, 0x3f, 0xf3, 0x3f, 0xf3, 0x2f, 0xf2,

    /* U+007D "}" */
    0xaf, 0xda, 0x20, 0x0, 0xa, 0xff, 0xff, 0x20,
    0x0, 0x1, 0x6f, 0xf8, 0x0, 0x0, 0x0, 0xdf,
    0xa0, 0x0, 0x0, 0xd, 0xf9, 0x0, 0x0, 0x0,
    0xcf, 0x90, 0x0, 0x0, 0x8, 0xff, 0x40, 0x0,
    0x0, 0x8, 0xff, 0xf4, 0x0, 0x0, 0x9f, 0xff,
    0x40, 0x0, 0x9f, 0xe4, 0x0, 0x0, 0xd, 0xf8,
    0x0, 0x0, 0x0, 0xdf, 0x90, 0x0, 0x0, 0xd,
    0xfa, 0x0, 0x0, 0x5, 0xff, 0x90, 0x0, 0xaf,
    0xff, 0xf2, 0x0, 0xa, 0xfe, 0xa3, 0x0, 0x0,
    0x0, 0x0, 0x0, 0x0, 0x0,

    /* U+007E "~" */
    0x0, 0x34, 0x10, 0x0, 0x0, 0x1c, 0xff, 0xfa,
    0x57, 0xe6, 0x9f, 0xff, 0xff, 0xff, 0xf7, 0x29,
    0x21, 0x5b, 0xfe, 0x70,

    /* U+00A0 " " */

    /* U+00A1 "¡" */
    0x6f, 0xf6, 0x8f, 0xf8, 0x7f, 0xf7, 0x3, 0x30,
    0x0, 0x0, 0x2, 0x20, 0xf, 0xf0, 0x1f, 0xf1,
    0x2f, 0xf2, 0x4f, 0xf4, 0x5f, 0xf5, 0x7f, 0xf6,
    0x7f, 0xf7,

    /* U+00A2 "¢" */
    0x0, 0x0, 0xcd, 0x0, 0x0, 0x0, 0x0, 0xef,
    0x0, 0x0, 0x0, 0x5c, 0xff, 0x7b, 0xf4, 0x8,
    0xff, 0xff, 0xff, 0xf6, 0x3f, 0xfc, 0xef, 0xbf,
    0xf6, 0x9f, 0xf1, 0xef, 0x1f, 0xf5, 0xbf, 0xe0,
    0xef, 0x2, 0x30, 0xaf, 0xf0, 0xef, 0x0, 0x0,
    0x6f, 0xf9, 0xef, 0x16, 0xc2, 0xc, 0xff, 0xff,
    0xff, 0xf7, 0x1, 0xaf, 0xff, 0xfe, 0x81, 0x0,
    0x1, 0xef, 0x20, 0x0, 0x0, 0x0, 0xef, 0x0,
    0x0, 0x0, 0x0, 0x78, 0x0, 0x0,

    /* U+00A3 "£" */
    0x0, 0x4b, 0xff, 0xc8, 0x10, 0x3, 0xff, 0xff,
    0xff, 0xc0, 0x9, 0xff, 0x32, 0x9f, 0xc0, 0x8,
    0xfe, 0x0, 0x4b, 0x70, 0x5, 0xff, 0x73, 0x32,
    0x0, 0x7f, 0xff, 0xff, 0xff, 0x0, 0x6f, 0xff,
    0xff, 0xff, 0x0, 0x0, 0x7f, 0xe0, 0x0, 0x0,
    0x2, 0xef, 0x97, 0x77, 0x60, 0x2f, 0xff, 0xff,
    0xff, 0xf4, 0xd, 0xff, 0xff, 0xfe, 0x91,

    /* U+00A4 "¤" */
    0x3a, 0x10, 0x0, 0x1, 0xa3, 0xdf, 0xeb, 0xff,
    0xbe, 0xfd, 0x2d, 0xff, 0xff, 0xff, 0xd2, 0xb,
    0xfc, 0x33, 0xcf, 0xb0, 0xf, 0xf4, 0x0, 0x4f,
    0xf0, 0xf, 0xf4, 0x0, 0x4f, 0xf0, 0xb, 0xfc,
    0x22, 0xcf, 0xb0, 0x1d, 0xff, 0xff, 0xff, 0xd1,
    0xdf, 0xeb, 0xff, 0xbe, 0xfd, 0x6d, 0x20, 0x0,
    0x2, 0xd6,

    /* U+00A5 "¥" */
    0x8f, 0xff, 0xf5, 0x3f, 0xff, 0xf7, 0x7f, 0xff,
    0xf5, 0x2f, 0xff, 0xf7, 0x2, 0xef, 0x90, 0x8,
    0xfe, 0x20, 0xb, 0xff, 0xf5, 0x4f, 0xff, 0xb0,
    0x8, 0xcd, 0xfe, 0xef, 0xdc, 0x80, 0x0, 0x1,
    0xef, 0xfe, 0x10, 0x0, 0x6, 0xcc, 0xef, 0xfe,
    0xcc, 0x60, 0x8, 0xff, 0xff, 0xff, 0xff, 0x80,
    0x0, 0x0, 0x3f, 0xf3, 0x0, 0x0, 0x0, 0x9f,
    0xff, 0xff, 0xf9, 0x0, 0x0, 0xaf, 0xff, 0xff,
    0xfa, 0x0,

    /* U+00A6 "¦" */
    0x2e, 0xf2, 0x3f, 0xf3, 0x3f, 0xf3, 0x3f, 0xf3,
    0x3f, 0xf3, 0x3f, 0xf3, 0x2f, 0xf2, 0x1, 0x10,
    0x1, 0x10, 0x2f, 0xf2, 0x3f, 0xf3, 0x3f, 0xf3,
    0x3f, 0xf3, 0x3f, 0xf3, 0x3f, 0xf3, 0x2f, 0xe2,

    /* U+00A7 "§" */
    0x0, 0x6d, 0xff, 0xff, 0xd0, 0x3, 0xff, 0xfd,
    0xef, 0xf0, 0x7, 0xff, 0x0, 0x4f, 0xf0, 0x7,
    0xff, 0x90, 0x2c, 0x90, 0x1f, 0xff, 0xfe, 0x70,
    0x0, 0x6f, 0xf8, 0xff, 0xfe, 0x40, 0x5f, 0xf5,
    0x18, 0xff, 0xf1, 0x1e, 0xff, 0xc4, 0x2f, 0xf6,
    0x2, 0xcf, 0xff, 0xcf, 0xf5, 0x0, 0x5, 0xdf,
    0xff, 0xe1, 0xc, 0xe2, 0x7, 0xff, 0x60, 0xf,
    0xf4, 0x1, 0xff, 0x60, 0xf, 0xff, 0xff, 0xff,
    0x20, 0xb, 0xdd, 0xdd, 0xb4, 0x0,

    /* U+00A8 "¨" */
    0x2b, 0xa0, 0xa, 0xb2, 0x6f, 0xf1, 0x1f, 0xf5,
    0x4f, 0xe0, 0xe, 0xf4,

    /* U+00A9 "©" */
    0x0, 0x0, 0x1, 0x0, 0x0, 0x0, 0x0, 0x18,
    0xef, 0xfe, 0x81, 0x0, 0x2, 0xef, 0x95, 0x69,
    0xfd, 0x20, 0xd, 0xe2, 0x38, 0x96, 0x3e, 0xc0,
    0x5f, 0x45, 0xff, 0xff, 0x44, 0xf4, 0x9e, 0xd,
    0xf3, 0x3, 0x0, 0xe9, 0xbc, 0xf, 0xc0, 0x0,
    0x0, 0xda, 0x9e, 0xd, 0xf3, 0x3, 0x0, 0xe9,
    0x6f, 0x35, 0xff, 0xff, 0x43, 0xf5, 0xe, 0xc0,
    0x38, 0x96, 0x1d, 0xe0, 0x4, 0xfd, 0x63, 0x36,
    0xef, 0x30, 0x0, 0x2b, 0xff, 0xff, 0xb2, 0x0,
    0x0, 0x0, 0x14, 0x41, 0x0, 0x0,

    /* U+00AA "ª" */
    0x19, 0xdf, 0xeb, 0x20, 0x1, 0xfd, 0xbd, 0xfc,
    0x0, 0x3, 0x78, 0x6e, 0xf0, 0x6, 0xff, 0xff,
    0xff, 0x10, 0xbf, 0x50, 0x2e, 0xf1, 0x9, 0xfc,
    0xae, 0xff, 0xa1, 0x1a, 0xfe, 0xa5, 0xef, 0x30,

    /* U+00AB "«" */
    0x0, 0x8, 0xd3, 0x0, 0x6e, 0x40, 0x5, 0xff,
    0x70, 0x3f, 0xf8, 0x2, 0xff, 0xa0, 0x1e, 0xfb,
    0x0, 0xdf, 0xc0, 0xc, 0xfd, 0x10, 0xb, 0xfe,
    0x10, 0xaf, 0xe2, 0x0, 0x1d, 0xfc, 0x0, 0xdf,
    0xd1, 0x0, 0x3f, 0xf8, 0x2, 0xef, 0x90, 0x0,
    0x5a, 0x10, 0x4, 0xb2,

    /* U+00AC "¬" */
    0x0, 0x0, 0x0, 0x0, 0x0, 0xbf, 0xff, 0xff,
    0xff, 0xfa, 0xbf, 0xff, 0xff, 0xff, 0xfb, 0x0,
    0x0, 0x0, 0xb, 0xfb, 0x0, 0x0, 0x0, 0xb,
    0xfb, 0x0, 0x0, 0x0, 0xb, 0xfb, 0x0, 0x0,
    0x0, 0x4, 0x73,

    /* U+00AD "­" */
    0x1, 0x22, 0x22, 0x22, 0x10, 0xf, 0xff, 0xff,
    0xff, 0xf0, 0xe, 0xff, 0xff, 0xff, 0xe0,

    /* U+00AE "®" */
    0x0, 0x0, 0x0, 0x0, 0x0, 0x0, 0x4b, 0xff,
    0xb4, 0x0, 0x6, 0xf9, 0x44, 0x9f, 0x60, 0x2f,
    0x50, 0x10, 0x5, 0xf1, 0x8c, 0xf, 0xff, 0xb0,
    0xc7, 0xb8, 0xf, 0x87, 0xf4, 0x9a, 0xb8, 0xf,
    0xff, 0xd1, 0x8b, 0x9b, 0xf, 0x7c, 0xc0, 0xb8,
    0x3f, 0x3c, 0x32, 0xa4, 0xf3, 0x9, 0xe5, 0x11,
    0x6e, 0x80, 0x0, 0x7e, 0xff, 0xe6, 0x0, 0x0,
    0x0, 0x22, 0x0, 0x0,

    /* U+00AF "¯" */
    0x2f, 0xff, 0xff, 0xe2, 0x2f, 0xff, 0xff, 0xf2,

    /* U+00B0 "°" */
    0x6, 0xdf, 0xb2, 0x6, 0xff, 0xff, 0xe1, 0xcf,
    0x71, 0xdf, 0x5c, 0xf7, 0x1d, 0xf5, 0x6f, 0xff,
    0xfe, 0x10, 0x6d, 0xfb, 0x20,

    /* U+00B1 "±" */
    0x0, 0x0, 0x66, 0x0, 0x0, 0x0, 0x1, 0xff,
    0x10, 0x0, 0x0, 0x1, 0xff, 0x10, 0x0, 0x3f,
    0xff, 0xff, 0xff, 0xf3, 0x4f, 0xff, 0xff, 0xff,
    0xf4, 0x2, 0x23, 0xff, 0x32, 0x20, 0x0, 0x1,
    0xff, 0x10, 0x0, 0x0, 0x1, 0xee, 0x0, 0x0,
    0x2, 0x22, 0x22, 0x22, 0x20, 0x4f, 0xff, 0xff,
    0xff, 0xf4, 0x3f, 0xff, 0xff, 0xff, 0xf3,

    /* U+00B2 "²" */
    0x6, 0xbe, 0xfc, 0x30, 0xf, 0xfc, 0xcf, 0xf0,
    0xf, 0xc0, 0xd, 0xf2, 0x1, 0x10, 0x4f, 0xe0,
    0x0, 0x7, 0xfd, 0x20, 0x1, 0xbf, 0xa1, 0x83,
    0x1e, 0xfe, 0xab, 0xf9, 0x2f, 0xff, 0xff, 0xf8,

    /* U+00B3 "³" */
    0x19, 0xdf, 0xfc, 0x40, 0x3f, 0xfb, 0xcf, 0xf0,
    0x1a, 0x50, 0x1d, 0xf2, 0x0, 0x1f, 0xff, 0x70,
    0x0, 0xa, 0xcf, 0xe1, 0x1, 0x0, 0xd, 0xf4,
    0x2f, 0xeb, 0xcf, 0xf1, 0x19, 0xdf, 0xfc, 0x40,

    /* U+00B4 "´" */
    0x0, 0x2, 0xca, 0x0, 0x6, 0xff, 0xf3, 0xa,
    0xff, 0xc4, 0x0, 0xbb, 0x40, 0x0,

    /* U+00B5 "µ" */
    0x2f, 0xf2, 0x0, 0x1f, 0xf3, 0x3f, 0xf3, 0x0,
    0x2f, 0xf5, 0x3f, 0xf3, 0x0, 0x2f, 0xf5, 0x3f,
    0xf3, 0x0, 0x2f, 0xf5, 0x3f, 0xf3, 0x0, 0x2f,
    0xf5, 0x3f, 0xf4, 0x0, 0x7f, 0xf5, 0x3f, 0xf9,
    0x15, 0xff, 0xf5, 0x3f, 0xff, 0xff, 0xed, 0xf5,
    0x3f, 0xff, 0xea, 0x1a, 0xf3, 0x3f, 0xf4, 0x0,
    0x0, 0x0, 0x3f, 0xf3, 0x0, 0x0, 0x0, 0x3f,
    0xf3, 0x0, 0x0, 0x0, 0x2f, 0xf2, 0x0, 0x0,
    0x0,

    /* U+00B6 "¶" */
    0x0, 0x4c, 0xff, 0xff, 0xff, 0xf0, 0x5, 0xff,
    0xff, 0xff, 0xff, 0xe0, 0xd, 0xff, 0xff, 0x33,
    0xfd, 0x0, 0xf, 0xff, 0xff, 0x33, 0xfd, 0x0,
    0xe, 0xff, 0xff, 0x33, 0xfd, 0x0, 0x6, 0xff,
    0xff, 0x33, 0xfd, 0x0, 0x0, 0x6d, 0xff, 0x33,
    0xfd, 0x0, 0x0, 0x0, 0xdf, 0x33, 0xfd, 0x0,
    0x0, 0x0, 0xdf, 0x33, 0xfd, 0x0, 0x0, 0x0,
    0xdf, 0x33, 0xfd, 0x0, 0x0, 0x0, 0xdf, 0x33,
    0xfd, 0x0, 0x0, 0x0, 0xdf, 0x33, 0xfd, 0x0,
    0x0, 0x0, 0xdf, 0x33, 0xfd, 0x0, 0x0, 0x0,
    0xdf, 0x33, 0xfd, 0x0, 0x0, 0x0, 0xbf, 0x22,
    0xfb, 0x0,

    /* U+00B7 "·" */
    0x39, 0x93, 0x9f, 0xf9, 0x9f, 0xf9, 0x7f, 0xf7,

    /* U+00B8 "¸" */
    0x0, 0xfc, 0x0, 0x0, 0xff, 0xc3, 0x0, 0x4a,
    0xfc, 0x4c, 0x8c, 0xfc, 0x5d, 0xff, 0xc3,

    /* U+00B9 "¹" */
    0x0, 0x29, 0xe2, 0x0, 0xa, 0xff, 0xf3, 0x0,
    0xd, 0xac, 0xf3, 0x0, 0x0, 0xb, 0xf3, 0x0,
    0x0, 0xb, 0xf3, 0x0, 0x0, 0xb, 0xf3, 0x0,
    0x9, 0xae, 0xfb, 0xa3, 0xf, 0xff, 0xff, 0xf5,

    /* U+00BA "º" */
    0x3, 0xbf, 0xfb, 0x30, 0x3f, 0xfc, 0xcf, 0xf3,
    0xaf, 0x80, 0x8, 0xfa, 0xcf, 0x30, 0x3, 0xfc,
    0xaf, 0x80, 0x8, 0xfa, 0x3f, 0xfc, 0xcf, 0xf3,
    0x3, 0xbf, 0xfb, 0x30,

    /* U+00BB "»" */
    0x4e, 0x60, 0x3, 0xd8, 0x0, 0x8, 0xff, 0x30,
    0x7f, 0xf4, 0x0, 0xb, 0xfe, 0x10, 0xaf, 0xf2,
    0x0, 0x1d, 0xfc, 0x0, 0xcf, 0xd0, 0x2, 0xef,
    0x90, 0x1e, 0xfb, 0x1, 0xdf, 0xc0, 0xc, 0xfd,
    0x10, 0x9f, 0xe2, 0x8, 0xff, 0x20, 0x2, 0xb4,
    0x0, 0x1a, 0x50, 0x0,

    /* U+00BC "¼" */
    0x0, 0x5, 0x20, 0x0, 0x0, 0x0, 0x0, 0x7,
    0xef, 0x60, 0x0, 0x0, 0x0, 0x0, 0x1e, 0xaf,
    0x60, 0x0, 0x0, 0x0, 0x0, 0x0, 0x2f, 0x60,
    0x0, 0x0, 0x0, 0x0, 0x0, 0x2f, 0x60, 0x0,
    0x0, 0x0, 0x0, 0x0, 0x3f, 0x71, 0x0, 0x0,
    0x0, 0x0, 0x1f, 0xff, 0xff, 0x40, 0x2, 0xae,
    0x0, 0x3, 0x44, 0x44, 0x1, 0x9f, 0xc4, 0x0,
    0x0, 0x0, 0x1, 0x9f, 0xd5, 0x0, 0x0, 0x0,
    0x0, 0x8f, 0xe6, 0x0, 0x9c, 0x0, 0x0, 0x7e,
    0xf7, 0x0, 0x9, 0xff, 0x10, 0x0, 0xd9, 0x10,
    0x0, 0x7f, 0xbf, 0x10, 0x0, 0x0, 0x0, 0x6,
    0xf7, 0x8f, 0x20, 0x0, 0x0, 0x0, 0xc, 0xff,
    0xff, 0xf2, 0x0, 0x0, 0x0, 0x2, 0x44, 0xaf,
    0x40, 0x0, 0x0, 0x0, 0x0, 0x0, 0x7f, 0x0,

    /* U+00BD "½" */
    0x0, 0x1, 0x0, 0x0, 0x0, 0x0, 0x0, 0x3,
    0xaf, 0x60, 0x0, 0x0, 0x0, 0x0, 0x1f, 0xdf,
    0x60, 0x0, 0x0, 0x0, 0x0, 0x2, 0x2f, 0x60,
    0x0, 0x0, 0x0, 0x0, 0x0, 0x2f, 0x60, 0x0,
    0x0, 0x0, 0x0, 0x0, 0x3f, 0x71, 0x0, 0x0,
    0x2, 0x0, 0x1f, 0xff, 0xff, 0x40, 0x3, 0xcd,
    0x0, 0x3, 0x44, 0x44, 0x1, 0xaf, 0x70, 0x0,
    0x0, 0x0, 0x0, 0x8f, 0xb1, 0x0, 0x0, 0x0,
    0x0, 0x5e, 0xe4, 0x0, 0x0, 0x0, 0x0, 0x3c,
    0xf8, 0x2, 0xcf, 0xfe, 0x30, 0x0, 0xfc, 0x20,
    0x5, 0xf8, 0x5e, 0xc0, 0x0, 0x20, 0x0, 0x0,
    0x30, 0x1e, 0xa0, 0x0, 0x0, 0x0, 0x0, 0x4,
    0xeb, 0x10, 0x0, 0x0, 0x0, 0x0, 0x9f, 0x74,
    0xc1, 0x0, 0x0, 0x0, 0x7, 0xff, 0xff, 0xf2,
    0x0, 0x0, 0x0, 0x1, 0x44, 0x44, 0x40,

    /* U+00BE "¾" */
    0x0, 0x0, 0x0, 0x0, 0x0, 0x0, 0x0, 0xa,
    0xff, 0xf8, 0x0, 0x0, 0x0, 0x0, 0xf, 0xb5,
    0xbf, 0x30, 0x0, 0x0, 0x0, 0x6, 0x21, 0x8f,
    0x20, 0x0, 0x0, 0x0, 0x0, 0x4f, 0xfa, 0x0,
    0x0, 0x0, 0x0, 0x6, 0x46, 0xbf, 0x50, 0x0,
    0x2, 0x0, 0xe, 0xff, 0xfe, 0x20, 0x5, 0xde,
    0x0, 0x0, 0x24, 0x30, 0x4, 0xcf, 0x91, 0x0,
    0x0, 0x0, 0x3, 0xbf, 0xb2, 0x0, 0x0, 0x0,
    0x2, 0xaf, 0xc3, 0x0, 0x9c, 0x0, 0x0, 0x9f,
    0xe5, 0x0, 0x9, 0xff, 0x10, 0x0, 0xc7, 0x0,
    0x0, 0x7f, 0xbf, 0x10, 0x0, 0x0, 0x0, 0x6,
    0xf7, 0x8f, 0x20, 0x0, 0x0, 0x0, 0xc, 0xff,
    0xff, 0xf2, 0x0, 0x0, 0x0, 0x2, 0x44, 0xaf,
    0x40, 0x0, 0x0, 0x0, 0x0, 0x0, 0x7f, 0x0,

    /* U+00BF "¿" */
    0x0, 0x1e, 0xf9, 0x0, 0x0, 0x2f, 0xfb, 0x0,
    0x0, 0xc, 0xd7, 0x0, 0x0, 0x0, 0x0, 0x0,
    0x0, 0x4, 0x81, 0x0, 0x0, 0xc, 0xf4, 0x0,
    0x4, 0xdf, 0xf5, 0x0, 0x3f, 0xff, 0xd3, 0x0,
    0x9f, 0xe2, 0x0, 0x0, 0xbf, 0xb0, 0x3, 0xfd,
    0x8f, 0xf3, 0x17, 0xff, 0x2f, 0xff, 0xff, 0xfe,
    0x3, 0xbe, 0xfd, 0x82,

    /* U+00C0 "À" */
    0x0, 0x0, 0x52, 0x0, 0x0, 0x0, 0x0, 0x0,
    0x6, 0xff, 0x50, 0x0, 0x0, 0x0, 0x0, 0x5,
    0xef, 0xfa, 0x0, 0x0, 0x0, 0x0, 0x0, 0x7,
    0xef, 0x80, 0x0, 0x0, 0x0, 0x0, 0x0, 0x6,
    0x10, 0x0, 0x0, 0x0, 0x0, 0x0, 0x0, 0x0,
    0x0, 0x0, 0x0, 0x5f, 0xff, 0xff, 0xa0, 0x0,
    0x0, 0x0, 0x5f, 0xff, 0xff, 0xf1, 0x0, 0x0,
    0x0, 0x0, 0x6f, 0xcd, 0xf6, 0x0, 0x0, 0x0,
    0x0, 0xbf, 0x78, 0xfc, 0x0, 0x0, 0x0, 0x1,
    0xff, 0x34, 0xff, 0x10, 0x0, 0x0, 0x6, 0xfe,
    0x0, 0xff, 0x60, 0x0, 0x0, 0xc, 0xff, 0xff,
    0xff, 0xc0, 0x0, 0x0, 0x1f, 0xff, 0xff, 0xff,
    0xf1, 0x0, 0x0, 0x7f, 0xe0, 0x0, 0x1f, 0xf7,
    0x0, 0xe, 0xff, 0xfe, 0x2, 0xff, 0xff, 0xe0,
    0xf, 0xff, 0xff, 0x3, 0xff, 0xff, 0xf0,

    /* U+00C1 "Á" */
    0x0, 0x0, 0x0, 0x1, 0x50, 0x0, 0x0, 0x0,
    0x0, 0x0, 0x5e, 0xf7, 0x0, 0x0, 0x0, 0x0,
    0xa, 0xff, 0xe5, 0x0, 0x0, 0x0, 0x0, 0x8f,
    0xe7, 0x0, 0x0, 0x0, 0x0, 0x0, 0x16, 0x0,
    0x0, 0x0, 0x0, 0x0, 0x0, 0x0, 0x0, 0x0,
    0x0, 0x0, 0x0, 0x5f, 0xff, 0xff, 0xa0, 0x0,
    0x0, 0x0, 0x5f, 0xff, 0xff, 0xf1, 0x0, 0x0,
    0x0, 0x0, 0x6f, 0xcd, 0xf6, 0x0, 0x0, 0x0,
    0x0, 0xbf, 0x78, 0xfc, 0x0, 0x0, 0x0, 0x1,
    0xff, 0x34, 0xff, 0x10, 0x0, 0x0, 0x6, 0xfe,
    0x0, 0xff, 0x60, 0x0, 0x0, 0xc, 0xff, 0xff,
    0xff, 0xc0, 0x0, 0x0, 0x1f, 0xff, 0xff, 0xff,
    0xf1, 0x0, 0x0, 0x7f, 0xe0, 0x0, 0x1f, 0xf7,
    0x0, 0xe, 0xff, 0xfe, 0x2, 0xff, 0xff, 0xe0,
    0xf, 0xff, 0xff, 0x3, 0xff, 0xff, 0xf0,

    /* U+00C2 "Â" */
    0x0, 0x0, 0x5, 0xec, 0x10, 0x0, 0x0, 0x0,
    0x0, 0x8f, 0xff, 0xe3, 0x0, 0x0, 0x0, 0x8,
    0xfd, 0x58, 0xff, 0x20, 0x0, 0x0, 0x2, 0x50,
    0x0, 0x16, 0x0, 0x0, 0x0, 0x0, 0x0, 0x0,
    0x0, 0x0, 0x0, 0x0, 0x5f, 0xff, 0xff, 0xa0,
    0x0, 0x0, 0x0, 0x5f, 0xff, 0xff, 0xf1, 0x0,
    0x0, 0x0, 0x0, 0x6f, 0xcd, 0xf6, 0x0, 0x0,
    0x0, 0x0, 0xbf, 0x78, 0xfc, 0x0, 0x0, 0x0,
    0x1, 0xff, 0x34, 0xff, 0x10, 0x0, 0x0, 0x6,
    0xfe, 0x0, 0xff, 0x60, 0x0, 0x0, 0xc, 0xff,
    0xff, 0xff, 0xc0, 0x0, 0x0, 0x1f, 0xff, 0xff,
    0xff, 0xf1, 0x0, 0x0, 0x7f, 0xe0, 0x0, 0x1f,
    0xf7, 0x0, 0xe, 0xff, 0xfe, 0x2, 0xff, 0xff,
    0xe0, 0xf, 0xff, 0xff, 0x3, 0xff, 0xff, 0xf0,

    /* U+00C3 "Ã" */
    0x0, 0x2, 0xcf, 0x91, 0x5d, 0x20, 0x0, 0x0,
    0xe, 0xff, 0xff, 0xff, 0x30, 0x0, 0x0, 0xe,
    0xa4, 0xaf, 0xf6, 0x0, 0x0, 0x0, 0x0, 0x0,
    0x1, 0x0, 0x0, 0x0, 0x0, 0x0, 0x0, 0x0,
    0x0, 0x0, 0x0, 0x0, 0x5f, 0xff, 0xff, 0xa0,
    0x0, 0x0, 0x0, 0x5f, 0xff, 0xff, 0xf1, 0x0,
    0x0, 0x0, 0x0, 0x6f, 0xcd, 0xf6, 0x0, 0x0,
    0x0, 0x0, 0xbf, 0x78, 0xfc, 0x0, 0x0, 0x0,
    0x1, 0xff, 0x34, 0xff, 0x10, 0x0, 0x0, 0x6,
    0xfe, 0x0, 0xff, 0x60, 0x0, 0x0, 0xc, 0xff,
    0xff, 0xff, 0xc0, 0x0, 0x0, 0x1f, 0xff, 0xff,
    0xff, 0xf1, 0x0, 0x0, 0x7f, 0xe0, 0x0, 0x1f,
    0xf7, 0x0, 0xe, 0xff, 0xfe, 0x2, 0xff, 0xff,
    0xe0, 0xf, 0xff, 0xff, 0x3, 0xff, 0xff, 0xf0,

    /* U+00C4 "Ä" */
    0x0, 0x4, 0xb8, 0x1, 0xbb, 0x10, 0x0, 0x0,
    0x9, 0xfe, 0x4, 0xff, 0x20, 0x0, 0x0, 0x7,
    0xfc, 0x3, 0xff, 0x10, 0x0, 0x0, 0x0, 0x0,
    0x0, 0x0, 0x0, 0x0, 0x0, 0x0, 0x0, 0x0,
    0x0, 0x0, 0x0, 0x0, 0x5f, 0xff, 0xff, 0xa0,
    0x0, 0x0, 0x0, 0x5f, 0xff, 0xff, 0xf1, 0x0,
    0x0, 0x0, 0x0, 0x6f, 0xcd, 0xf6, 0x0, 0x0,
    0x0, 0x0, 0xbf, 0x78, 0xfc, 0x0, 0x0, 0x0,
    0x1, 0xff, 0x34, 0xff, 0x10, 0x0, 0x0, 0x6,
    0xfe, 0x0, 0xff, 0x60, 0x0, 0x0, 0xc, 0xff,
    0xff, 0xff, 0xc0, 0x0, 0x0, 0x1f, 0xff, 0xff,
    0xff, 0xf1, 0x0, 0x0, 0x7f, 0xe0, 0x0, 0x1f,
    0xf7, 0x0, 0xe, 0xff, 0xfe, 0x2, 0xff, 0xff,
    0xe0, 0xf, 0xff, 0xff, 0x3, 0xff, 0xff, 0xf0,

    /* U+00C5 "Å" */
    0x0, 0x0, 0x3, 0x97, 0x10, 0x0, 0x0, 0x0,
    0x0, 0x4f, 0xff, 0xd0, 0x0, 0x0, 0x0, 0x0,
    0xaf, 0x28, 0xf4, 0x0, 0x0, 0x0, 0x0, 0xaf,
    0x28, 0xf4, 0x0, 0x0, 0x0, 0x0, 0x4f, 0xff,
    0xd0, 0x0, 0x0, 0x0, 0x0, 0x3, 0x97, 0x10,
    0x0, 0x0, 0x0, 0x0, 0x0, 0x0, 0x0, 0x0,
    0x0, 0x0, 0x5f, 0xff, 0xff, 0xa0, 0x0, 0x0,
    0x0, 0x5f, 0xff, 0xff, 0xf1, 0x0, 0x0, 0x0,
    0x0, 0x6f, 0xcd, 0xf6, 0x0, 0x0, 0x0, 0x0,
    0xbf, 0x78, 0xfc, 0x0, 0x0, 0x0, 0x1, 0xff,
    0x34, 0xff, 0x10, 0x0, 0x0, 0x6, 0xfe, 0x0,
    0xff, 0x60, 0x0, 0x0, 0xc, 0xff, 0xff, 0xff,
    0xc0, 0x0, 0x0, 0x1f, 0xff, 0xff, 0xff, 0xf1,
    0x0, 0x0, 0x7f, 0xe0, 0x0, 0x1f, 0xf7, 0x0,
    0xe, 0xff, 0xfe, 0x2, 0xff, 0xff, 0xe0, 0xf,
    0xff, 0xff, 0x3, 0xff, 0xff, 0xf0,

    /* U+00C6 "Æ" */
    0x0, 0xbf, 0xff, 0xff, 0xff, 0xff, 0x40, 0xb,
    0xff, 0xff, 0xff, 0xff, 0xf5, 0x0, 0x5, 0xfc,
    0xaf, 0xa0, 0xbf, 0x50, 0x0, 0xaf, 0x8a, 0xfa,
    0x4, 0x81, 0x0, 0xe, 0xf4, 0xaf, 0xff, 0x30,
    0x0, 0x3, 0xff, 0x1a, 0xff, 0xf4, 0x0, 0x0,
    0x7f, 0xff, 0xff, 0xa0, 0x13, 0x0, 0xb, 0xff,
    0xff, 0xfa, 0x9, 0xf8, 0x0, 0xff, 0x40, 0xaf,
    0xa0, 0xaf, 0x83, 0xff, 0xfe, 0xa, 0xff, 0xff,
    0xf8, 0x3f, 0xff, 0xf0, 0x8f, 0xff, 0xff, 0x70,

    /* U+00C7 "Ç" */
    0x0, 0x3b, 0xef, 0xb6, 0xfc, 0x6, 0xff, 0xff,
    0xff, 0xfe, 0x2f, 0xfd, 0x53, 0x7f, 0xfe, 0x9f,
    0xf3, 0x0, 0xb, 0xfe, 0xdf, 0xd0, 0x0, 0x6,
    0xd9, 0xff, 0xa0, 0x0, 0x0, 0x0, 0xff, 0xa0,
    0x0, 0x0, 0x0, 0xdf, 0xc0, 0x0, 0x0, 0x0,
    0x9f, 0xf2, 0x0, 0x0, 0x0, 0x2f, 0xfd, 0x30,
    0x27, 0xdb, 0x5, 0xff, 0xff, 0xff, 0xfe, 0x0,
    0x3a, 0xff, 0xeb, 0x60, 0x0, 0x0, 0xbf, 0x71,
    0x0, 0x0, 0x0, 0x7c, 0xfe, 0x0, 0x0, 0x1b,
    0x99, 0xff, 0x10, 0x0, 0x1c, 0xef, 0xe7, 0x0,

    /* U+00C8 "È" */
    0x0, 0x1, 0x60, 0x0, 0x0, 0x0, 0x0, 0xbf,
    0xd2, 0x0, 0x0, 0x0, 0x9, 0xff, 0xf6, 0x0,
    0x0, 0x0, 0x2, 0x9f, 0xf3, 0x0, 0x0, 0x0,
    0x0, 0x16, 0x0, 0x0, 0x0, 0x0, 0x0, 0x0,
    0x0, 0x4f, 0xff, 0xff, 0xff, 0xff, 0xa5, 0xff,
    0xff, 0xff, 0xff, 0xfc, 0x0, 0xdf, 0x90, 0x0,
    0x8f, 0xc0, 0xd, 0xf9, 0x0, 0x4, 0xb6, 0x0,
    0xdf, 0xff, 0xf7, 0x0, 0x0, 0xd, 0xff, 0xff,
    0x80, 0x0, 0x0, 0xdf, 0x90, 0x0, 0x2a, 0x80,
    0xd, 0xf9, 0x0, 0x6, 0xff, 0x0, 0xdf, 0x90,
    0x0, 0x6f, 0xf5, 0xff, 0xff, 0xff, 0xff, 0xff,
    0x4f, 0xff, 0xff, 0xff, 0xff, 0xd0,

    /* U+00C9 "É" */
    0x0, 0x0, 0x0, 0x6, 0x10, 0x0, 0x0, 0x0,
    0x2d, 0xfb, 0x0, 0x0, 0x0, 0x6f, 0xff, 0x90,
    0x0, 0x0, 0x3f, 0xf9, 0x20, 0x0, 0x0, 0x0,
    0x61, 0x0, 0x0, 0x0, 0x0, 0x0, 0x0, 0x0,
    0x0, 0x4f, 0xff, 0xff, 0xff, 0xff, 0xa5, 0xff,
    0xff, 0xff, 0xff, 0xfc, 0x0, 0xdf, 0x90, 0x0,
    0x8f, 0xc0, 0xd, 0xf9, 0x0, 0x4, 0xb6, 0x0,
    0xdf, 0xff, 0xf7, 0x0, 0x0, 0xd, 0xff, 0xff,
    0x80, 0x0, 0x0, 0xdf, 0x90, 0x0, 0x2a, 0x80,
    0xd, 0xf9, 0x0, 0x6, 0xff, 0x0, 0xdf, 0x90,
    0x0, 0x6f, 0xf5, 0xff, 0xff, 0xff, 0xff, 0xff,
    0x4f, 0xff, 0xff, 0xff, 0xff, 0xd0,

    /* U+00CA "Ê" */
    0x0, 0x0, 0x1b, 0xf6, 0x0, 0x0, 0x0, 0x3d,
    0xff, 0xf9, 0x0, 0x0, 0x1f, 0xf9, 0x5c, 0xfa,
    0x0, 0x0, 0x62, 0x0, 0x4, 0x30, 0x0, 0x0,
    0x0, 0x0, 0x0, 0x4, 0xff, 0xff, 0xff, 0xff,
    0xfa, 0x5f, 0xff, 0xff, 0xff, 0xff, 0xc0, 0xd,
    0xf9, 0x0, 0x8, 0xfc, 0x0, 0xdf, 0x90, 0x0,
    0x4b, 0x60, 0xd, 0xff, 0xff, 0x70, 0x0, 0x0,
    0xdf, 0xff, 0xf8, 0x0, 0x0, 0xd, 0xf9, 0x0,
    0x2, 0xa8, 0x0, 0xdf, 0x90, 0x0, 0x6f, 0xf0,
    0xd, 0xf9, 0x0, 0x6, 0xff, 0x5f, 0xff, 0xff,
    0xff, 0xff, 0xf4, 0xff, 0xff, 0xff, 0xff, 0xfd,

    /* U+00CB "Ë" */
    0x0, 0xa, 0xb2, 0x7, 0xb6, 0x0, 0x1, 0xff,
    0x50, 0xcf, 0xa0, 0x0, 0xe, 0xf4, 0xa, 0xf8,
    0x0, 0x0, 0x0, 0x0, 0x0, 0x0, 0x0, 0x0,
    0x0, 0x0, 0x0, 0x4, 0xff, 0xff, 0xff, 0xff,
    0xfa, 0x5f, 0xff, 0xff, 0xff, 0xff, 0xc0, 0xd,
    0xf9, 0x0, 0x8, 0xfc, 0x0, 0xdf, 0x90, 0x0,
    0x4b, 0x60, 0xd, 0xff, 0xff, 0x70, 0x0, 0x0,
    0xdf, 0xff, 0xf8, 0x0, 0x0, 0xd, 0xf9, 0x0,
    0x2, 0xa8, 0x0, 0xdf, 0x90, 0x0, 0x6f, 0xf0,
    0xd, 0xf9, 0x0, 0x6, 0xff, 0x5f, 0xff, 0xff,
    0xff, 0xff, 0xf4, 0xff, 0xff, 0xff, 0xff, 0xfd,

    /* U+00CC "Ì" */
    0x0, 0x34, 0x0, 0x0, 0x0, 0x1, 0xff, 0x90,
    0x0, 0x0, 0x1, 0xcf, 0xfd, 0x30, 0x0, 0x0,
    0x4, 0xcf, 0xe0, 0x0, 0x0, 0x0, 0x3, 0x40,
    0x0, 0x0, 0x0, 0x0, 0x0, 0x0, 0x1f, 0xff,
    0xff, 0xff, 0xf1, 0x1e, 0xff, 0xff, 0xff, 0xe1,
    0x0, 0x3, 0xff, 0x30, 0x0, 0x0, 0x3, 0xff,
    0x30, 0x0, 0x0, 0x3, 0xff, 0x30, 0x0, 0x0,
    0x3, 0xff, 0x30, 0x0, 0x0, 0x3, 0xff, 0x30,
    0x0, 0x0, 0x3, 0xff, 0x30, 0x0, 0x0, 0x3,
    0xff, 0x30, 0x0, 0x3f, 0xff, 0xff, 0xff, 0xf3,
    0x4f, 0xff, 0xff, 0xff, 0xf3,

    /* U+00CD "Í" */
    0x0, 0x0, 0x0, 0x43, 0x0, 0x0, 0x0, 0x9,
    0xff, 0x10, 0x0, 0x3, 0xdf, 0xfc, 0x10, 0x0,
    0xe, 0xfc, 0x40, 0x0, 0x0, 0x4, 0x30, 0x0,
    0x0, 0x0, 0x0, 0x0, 0x0, 0x0, 0x1f, 0xff,
    0xff, 0xff, 0xf1, 0x1e, 0xff, 0xff, 0xff, 0xe1,
    0x0, 0x3, 0xff, 0x30, 0x0, 0x0, 0x3, 0xff,
    0x30, 0x0, 0x0, 0x3, 0xff, 0x30, 0x0, 0x0,
    0x3, 0xff, 0x30, 0x0, 0x0, 0x3, 0xff, 0x30,
    0x0, 0x0, 0x3, 0xff, 0x30, 0x0, 0x0, 0x3,
    0xff, 0x30, 0x0, 0x3f, 0xff, 0xff, 0xff, 0xf3,
    0x4f, 0xff, 0xff, 0xff, 0xf3,

    /* U+00CE "Î" */
    0x0, 0x3, 0xdd, 0x30, 0x0, 0x0, 0x6f, 0xff,
    0xf6, 0x0, 0x5, 0xfe, 0x66, 0xef, 0x50, 0x1,
    0x60, 0x0, 0x6, 0x10, 0x0, 0x0, 0x0, 0x0,
    0x0, 0x1f, 0xff, 0xff, 0xff, 0xf1, 0x1e, 0xff,
    0xff, 0xff, 0xe1, 0x0, 0x3, 0xff, 0x30, 0x0,
    0x0, 0x3, 0xff, 0x30, 0x0, 0x0, 0x3, 0xff,
    0x30, 0x0, 0x0, 0x3, 0xff, 0x30, 0x0, 0x0,
    0x3, 0xff, 0x30, 0x0, 0x0, 0x3, 0xff, 0x30,
    0x0, 0x0, 0x3, 0xff, 0x30, 0x0, 0x3f, 0xff,
    0xff, 0xff, 0xf3, 0x4f, 0xff, 0xff, 0xff, 0xf3,

    /* U+00CF "Ï" */
    0x2, 0xba, 0x0, 0xab, 0x20, 0x6, 0xff, 0x11,
    0xff, 0x50, 0x4, 0xfe, 0x0, 0xef, 0x40, 0x0,
    0x0, 0x0, 0x0, 0x0, 0x0, 0x0, 0x0, 0x0,
    0x0, 0x1f, 0xff, 0xff, 0xff, 0xf1, 0x1e, 0xff,
    0xff, 0xff, 0xe1, 0x0, 0x3, 0xff, 0x30, 0x0,
    0x0, 0x3, 0xff, 0x30, 0x0, 0x0, 0x3, 0xff,
    0x30, 0x0, 0x0, 0x3, 0xff, 0x30, 0x0, 0x0,
    0x3, 0xff, 0x30, 0x0, 0x0, 0x3, 0xff, 0x30,
    0x0, 0x0, 0x3, 0xff, 0x30, 0x0, 0x3f, 0xff,
    0xff, 0xff, 0xf3, 0x4f, 0xff, 0xff, 0xff, 0xf3,

    /* U+00D0 "Ð" */
    0x4f, 0xff, 0xff, 0xec, 0x60, 0x0, 0x4f, 0xff,
    0xff, 0xff, 0xfc, 0x0, 0x0, 0xdf, 0x90, 0x19,
    0xff, 0x80, 0x0, 0xdf, 0x90, 0x0, 0xcf, 0xf0,
    0x7f, 0xff, 0xff, 0x60, 0x7f, 0xf2, 0x8f, 0xff,
    0xff, 0x70, 0x6f, 0xf4, 0x2, 0xdf, 0xa2, 0x0,
    0x7f, 0xf2, 0x0, 0xdf, 0x90, 0x0, 0xcf, 0xf0,
    0x0, 0xdf, 0x90, 0x19, 0xff, 0x80, 0x4f, 0xff,
    0xff, 0xff, 0xfc, 0x0, 0x5f, 0xff, 0xff, 0xec,
    0x60, 0x0,

    /* U+00D1 "Ñ" */
    0x0, 0x8, 0xfc, 0x41, 0xc7, 0x0, 0x0, 0x8f,
    0xff, 0xff, 0xf9, 0x0, 0x0, 0x8e, 0x47, 0xef,
    0xb0, 0x0, 0x0, 0x0, 0x0, 0x1, 0x0, 0x0,
    0x0, 0x0, 0x0, 0x0, 0x0, 0x0, 0x6f, 0xff,
    0x60, 0x1f, 0xff, 0xf9, 0x6f, 0xff, 0xf1, 0x1e,
    0xff, 0xf9, 0x3, 0xff, 0xfb, 0x0, 0xaf, 0x80,
    0x3, 0xff, 0xff, 0x50, 0xaf, 0x80, 0x3, 0xff,
    0x8f, 0xe1, 0xaf, 0x80, 0x3, 0xff, 0xd, 0xfa,
    0xaf, 0x80, 0x3, 0xff, 0x3, 0xff, 0xef, 0x80,
    0x3, 0xff, 0x0, 0x9f, 0xff, 0x80, 0x5, 0xff,
    0x20, 0xd, 0xff, 0x80, 0x7f, 0xff, 0xf9, 0x4,
    0xff, 0x80, 0x6f, 0xff, 0xf8, 0x0, 0x8f, 0x60,

    /* U+00D2 "Ò" */
    0x0, 0x1, 0x50, 0x0, 0x0, 0x0, 0x0, 0xd,
    0xfc, 0x10, 0x0, 0x0, 0x0, 0xa, 0xff, 0xf5,
    0x0, 0x0, 0x0, 0x0, 0x2a, 0xff, 0x10, 0x0,
    0x0, 0x0, 0x0, 0x25, 0x0, 0x0, 0x0, 0x0,
    0x0, 0x0, 0x0, 0x0, 0x0, 0x7, 0xcf, 0xfc,
    0x70, 0x0, 0x0, 0xcf, 0xff, 0xff, 0xfc, 0x0,
    0xa, 0xff, 0x94, 0x39, 0xff, 0x90, 0x1f, 0xfb,
    0x0, 0x0, 0xbf, 0xf1, 0x4f, 0xf5, 0x0, 0x0,
    0x5f, 0xf4, 0x5f, 0xf4, 0x0, 0x0, 0x4f, 0xf5,
    0x4f, 0xf5, 0x0, 0x0, 0x5f, 0xf4, 0x1f, 0xfb,
    0x0, 0x0, 0xbf, 0xf1, 0xa, 0xff, 0x93, 0x39,
    0xff, 0x90, 0x0, 0xcf, 0xff, 0xff, 0xfc, 0x0,
    0x0, 0x7, 0xcf, 0xfc, 0x70, 0x0,

    /* U+00D3 "Ó" */
    0x0, 0x0, 0x0, 0x6, 0x10, 0x0, 0x0, 0x0,
    0x2, 0xcf, 0xd0, 0x0, 0x0, 0x0, 0x5f, 0xff,
    0xa0, 0x0, 0x0, 0x2, 0xff, 0xa2, 0x0, 0x0,
    0x0, 0x0, 0x52, 0x0, 0x0, 0x0, 0x0, 0x0,
    0x0, 0x0, 0x0, 0x0, 0x0, 0x7, 0xcf, 0xfc,
    0x70, 0x0, 0x0, 0xcf, 0xff, 0xff, 0xfc, 0x0,
    0xa, 0xff, 0x94, 0x39, 0xff, 0x90, 0x1f, 0xfb,
    0x0, 0x0, 0xbf, 0xf1, 0x4f, 0xf5, 0x0, 0x0,
    0x5f, 0xf4, 0x5f, 0xf4, 0x0, 0x0, 0x4f, 0xf5,
    0x4f, 0xf5, 0x0, 0x0, 0x5f, 0xf4, 0x1f, 0xfb,
    0x0, 0x0, 0xbf, 0xf1, 0xa, 0xff, 0x93, 0x39,
    0xff, 0x90, 0x0, 0xcf, 0xff, 0xff, 0xfc, 0x0,
    0x0, 0x7, 0xcf, 0xfc, 0x70, 0x0,

    /* U+00D4 "Ô" */
    0x0, 0x0, 0x3d, 0xd3, 0x0, 0x0, 0x0, 0x6,
    0xff, 0xff, 0x60, 0x0, 0x0, 0x5f, 0xe6, 0x6e,
    0xf5, 0x0, 0x0, 0x16, 0x0, 0x0, 0x61, 0x0,
    0x0, 0x0, 0x0, 0x0, 0x0, 0x0, 0x0, 0x7,
    0xcf, 0xfc, 0x70, 0x0, 0x0, 0xcf, 0xff, 0xff,
    0xfc, 0x0, 0xa, 0xff, 0x94, 0x39, 0xff, 0x90,
    0x1f, 0xfb, 0x0, 0x0, 0xbf, 0xf1, 0x4f, 0xf5,
    0x0, 0x0, 0x5f, 0xf4, 0x5f, 0xf4, 0x0, 0x0,
    0x4f, 0xf5, 0x4f, 0xf5, 0x0, 0x0, 0x5f, 0xf4,
    0x1f, 0xfb, 0x0, 0x0, 0xbf, 0xf1, 0xa, 0xff,
    0x93, 0x39, 0xff, 0x90, 0x0, 0xcf, 0xff, 0xff,
    0xfc, 0x0, 0x0, 0x7, 0xcf, 0xfc, 0x70, 0x0,

    /* U+00D5 "Õ" */
    0x0, 0x8, 0xfc, 0x41, 0xc7, 0x0, 0x0, 0x8f,
    0xff, 0xff, 0xf9, 0x0, 0x0, 0x8e, 0x47, 0xef,
    0xb0, 0x0, 0x0, 0x0, 0x0, 0x1, 0x0, 0x0,
    0x0, 0x0, 0x0, 0x0, 0x0, 0x0, 0x0, 0x7,
    0xcf, 0xfc, 0x70, 0x0, 0x0, 0xcf, 0xff, 0xff,
    0xfc, 0x0, 0xa, 0xff, 0x94, 0x39, 0xff, 0x90,
    0x1f, 0xfb, 0x0, 0x0, 0xbf, 0xf1, 0x4f, 0xf5,
    0x0, 0x0, 0x5f, 0xf4, 0x5f, 0xf4, 0x0, 0x0,
    0x4f, 0xf5, 0x4f, 0xf5, 0x0, 0x0, 0x5f, 0xf4,
    0x1f, 0xfb, 0x0, 0x0, 0xbf, 0xf1, 0xa, 0xff,
    0x93, 0x39, 0xff, 0x90, 0x0, 0xcf, 0xff, 0xff,
    0xfc, 0x0, 0x0, 0x7, 0xcf, 0xfc, 0x70, 0x0,

    /* U+00D6 "Ö" */
    0x0, 0x2b, 0xa0, 0xa, 0xb2, 0x0, 0x0, 0x6f,
    0xf1, 0x1f, 0xf5, 0x0, 0x0, 0x4f, 0xe0, 0xe,
    0xf4, 0x0, 0x0, 0x0, 0x0, 0x0, 0x0, 0x0,
    0x0, 0x0, 0x0, 0x0, 0x0, 0x0, 0x0, 0x7,
    0xcf, 0xfc, 0x70, 0x0, 0x0, 0xcf, 0xff, 0xff,
    0xfc, 0x0, 0xa, 0xff, 0x94, 0x39, 0xff, 0x90,
    0x1f, 0xfb, 0x0, 0x0, 0xbf, 0xf1, 0x4f, 0xf5,
    0x0, 0x0, 0x5f, 0xf4, 0x5f, 0xf4, 0x0, 0x0,
    0x4f, 0xf5, 0x4f, 0xf5, 0x0, 0x0, 0x5f, 0xf4,
    0x1f, 0xfb, 0x0, 0x0, 0xbf, 0xf1, 0xa, 0xff,
    0x93, 0x39, 0xff, 0x90, 0x0, 0xcf, 0xff, 0xff,
    0xfc, 0x0, 0x0, 0x7, 0xcf, 0xfc, 0x70, 0x0,

    /* U+00D7 "×" */
    0x5d, 0x30, 0x3, 0xe5, 0xbf, 0xf3, 0x3f, 0xfb,
    0x1d, 0xff, 0xff, 0xc1, 0x1, 0xdf, 0xfd, 0x10,
    0x4, 0xff, 0xff, 0x40, 0x5f, 0xfc, 0xcf, 0xf5,
    0xbf, 0xb0, 0xb, 0xfb, 0x17, 0x0, 0x0, 0x71,

    /* U+00D8 "Ø" */
    0x0, 0x0, 0x0, 0x0, 0xa, 0x90, 0x0, 0x7,
    0xcf, 0xfc, 0x8f, 0xd0, 0x1, 0xcf, 0xff, 0xff,
    0xff, 0x40, 0xa, 0xff, 0x94, 0x3e, 0xff, 0x90,
    0x1f, 0xfb, 0x0, 0x8f, 0xff, 0xf0, 0x4f, 0xf5,
    0x5, 0xfd, 0x6f, 0xf4, 0x5f, 0xf4, 0x2f, 0xf2,
    0x4f, 0xf5, 0x4f, 0xf6, 0xdf, 0x50, 0x5f, 0xf4,
    0x1f, 0xff, 0xf8, 0x0, 0xbf, 0xf1, 0x9, 0xff,
    0xe3, 0x39, 0xff, 0x90, 0x4, 0xff, 0xff, 0xff,
    0xfc, 0x0, 0xe, 0xf8, 0xcf, 0xfc, 0x70, 0x0,
    0x3, 0x40, 0x0, 0x0, 0x0, 0x0,

    /* U+00D9 "Ù" */
    0x0, 0x3, 0x40, 0x0, 0x0, 0x0, 0x0, 0x1f,
    0xf9, 0x0, 0x0, 0x0, 0x0, 0x1c, 0xff, 0xd3,
    0x0, 0x0, 0x0, 0x0, 0x4c, 0xfe, 0x0, 0x0,
    0x0, 0x0, 0x0, 0x34, 0x0, 0x0, 0x0, 0x0,
    0x0, 0x0, 0x0, 0x0, 0x6f, 0xff, 0xf4, 0x4f,
    0xff, 0xf6, 0x6f, 0xff, 0xf4, 0x4f, 0xff, 0xf6,
    0x7, 0xff, 0x0, 0x0, 0xff, 0x70, 0x7, 0xff,
    0x0, 0x0, 0xff, 0x70, 0x7, 0xff, 0x0, 0x0,
    0xff, 0x70, 0x7, 0xff, 0x0, 0x0, 0xff, 0x70,
    0x7, 0xff, 0x0, 0x0, 0xff, 0x70, 0x6, 0xff,
    0x10, 0x2, 0xff, 0x60, 0x2, 0xff, 0xb3, 0x3b,
    0xff, 0x20, 0x0, 0xaf, 0xff, 0xff, 0xfa, 0x0,
    0x0, 0x7, 0xcf, 0xfc, 0x60, 0x0,

    /* U+00DA "Ú" */
    0x0, 0x0, 0x0, 0x4, 0x30, 0x0, 0x0, 0x0,
    0x0, 0x9f, 0xf1, 0x0, 0x0, 0x0, 0x3d, 0xff,
    0xc1, 0x0, 0x0, 0x0, 0xef, 0xc4, 0x0, 0x0,
    0x0, 0x0, 0x43, 0x0, 0x0, 0x0, 0x0, 0x0,
    0x0, 0x0, 0x0, 0x0, 0x6f, 0xff, 0xf4, 0x4f,
    0xff, 0xf6, 0x6f, 0xff, 0xf4, 0x4f, 0xff, 0xf6,
    0x7, 0xff, 0x0, 0x0, 0xff, 0x70, 0x7, 0xff,
    0x0, 0x0, 0xff, 0x70, 0x7, 0xff, 0x0, 0x0,
    0xff, 0x70, 0x7, 0xff, 0x0, 0x0, 0xff, 0x70,
    0x7, 0xff, 0x0, 0x0, 0xff, 0x70, 0x6, 0xff,
    0x10, 0x2, 0xff, 0x60, 0x2, 0xff, 0xb3, 0x3b,
    0xff, 0x20, 0x0, 0xaf, 0xff, 0xff, 0xfa, 0x0,
    0x0, 0x7, 0xcf, 0xfc, 0x60, 0x0,

    /* U+00DB "Û" */
    0x0, 0x0, 0x3d, 0xd3, 0x0, 0x0, 0x0, 0x6,
    0xff, 0xff, 0x60, 0x0, 0x0, 0x5f, 0xe6, 0x6e,
    0xf5, 0x0, 0x0, 0x16, 0x0, 0x0, 0x61, 0x0,
    0x0, 0x0, 0x0, 0x0, 0x0, 0x0, 0x6f, 0xff,
    0xf4, 0x4f, 0xff, 0xf6, 0x6f, 0xff, 0xf4, 0x4f,
    0xff, 0xf6, 0x7, 0xff, 0x0, 0x0, 0xff, 0x70,
    0x7, 0xff, 0x0, 0x0, 0xff, 0x70, 0x7, 0xff,
    0x0, 0x0, 0xff, 0x70, 0x7, 0xff, 0x0, 0x0,
    0xff, 0x70, 0x7, 0xff, 0x0, 0x0, 0xff, 0x70,
    0x6, 0xff, 0x10, 0x2, 0xff, 0x60, 0x2, 0xff,
    0xb3, 0x3b, 0xff, 0x20, 0x0, 0xaf, 0xff, 0xff,
    0xfa, 0x0, 0x0, 0x7, 0xcf, 0xfc, 0x60, 0x0,

    /* U+00DC "Ü" */
    0x0, 0x2b, 0xa0, 0xa, 0xb2, 0x0, 0x0, 0x6f,
    0xf1, 0x1f, 0xf5, 0x0, 0x0, 0x4f, 0xe0, 0xe,
    0xf4, 0x0, 0x0, 0x0, 0x0, 0x0, 0x0, 0x0,
    0x0, 0x0, 0x0, 0x0, 0x0, 0x0, 0x6f, 0xff,
    0xf4, 0x4f, 0xff, 0xf6, 0x6f, 0xff, 0xf4, 0x4f,
    0xff, 0xf6, 0x7, 0xff, 0x0, 0x0, 0xff, 0x70,
    0x7, 0xff, 0x0, 0x0, 0xff, 0x70, 0x7, 0xff,
    0x0, 0x0, 0xff, 0x70, 0x7, 0xff, 0x0, 0x0,
    0xff, 0x70, 0x7, 0xff, 0x0, 0x0, 0xff, 0x70,
    0x6, 0xff, 0x10, 0x2, 0xff, 0x60, 0x2, 0xff,
    0xb3, 0x3b, 0xff, 0x20, 0x0, 0xaf, 0xff, 0xff,
    0xfa, 0x0, 0x0, 0x7, 0xcf, 0xfc, 0x60, 0x0,

    /* U+00DD "Ý" */
    0x0, 0x0, 0x0, 0x4, 0x30, 0x0, 0x0, 0x0,
    0x0, 0x9f, 0xf1, 0x0, 0x0, 0x0, 0x3d, 0xff,
    0xc1, 0x0, 0x0, 0x0, 0xef, 0xc4, 0x0, 0x0,
    0x0, 0x0, 0x43, 0x0, 0x0, 0x0, 0x0, 0x0,
    0x0, 0x0, 0x0, 0x0, 0x8f, 0xff, 0xf5, 0x3f,
    0xff, 0xf7, 0x7f, 0xff, 0xf5, 0x2f, 0xff, 0xf7,
    0x3, 0xff, 0x90, 0x8, 0xff, 0x30, 0x0, 0x7f,
    0xf4, 0x3f, 0xf7, 0x0, 0x0, 0xc, 0xfe, 0xdf,
    0xc0, 0x0, 0x0, 0x2, 0xff, 0xff, 0x20, 0x0,
    0x0, 0x0, 0x6f, 0xf6, 0x0, 0x0, 0x0, 0x0,
    0x3f, 0xf3, 0x0, 0x0, 0x0, 0x0, 0x3f, 0xf3,
    0x0, 0x0, 0x0, 0x9f, 0xff, 0xff, 0xf9, 0x0,
    0x0, 0xaf, 0xff, 0xff, 0xfa, 0x0,

    /* U+00DE "Þ" */
    0xbf, 0xff, 0xff, 0xf0, 0x0, 0xbf, 0xff, 0xff,
    0xe0, 0x0, 0x0, 0xcf, 0xff, 0xfc, 0x40, 0x0,
    0xcf, 0xfd, 0xff, 0xf3, 0x0, 0xcf, 0xa0, 0x1f,
    0xf8, 0x0, 0xcf, 0xa0, 0x1f, 0xf8, 0x0, 0xcf,
    0xfd, 0xff, 0xf3, 0x0, 0xcf, 0xff, 0xfc, 0x40,
    0x0, 0xcf, 0xa0, 0x0, 0x0, 0xbf, 0xff, 0xff,
    0xe0, 0x0, 0xbf, 0xff, 0xff, 0xf0, 0x0,

    /* U+00DF "ß" */
    0x0, 0x3, 0xbf, 0xfc, 0x60, 0x0, 0x4, 0xff,
    0xff, 0xff, 0x70, 0x0, 0xbf, 0xe4, 0x3c, 0xfe,
    0x0, 0xe, 0xf8, 0x0, 0x6f, 0xf0, 0x0, 0xff,
    0x70, 0x2c, 0xfc, 0x0, 0xf, 0xf7, 0x4f, 0xfe,
    0x10, 0x0, 0xff, 0x73, 0xef, 0xfb, 0x0, 0xf,
    0xf7, 0x0, 0x4f, 0xf6, 0x0, 0xff, 0x70, 0x0,
    0xff, 0x91, 0x2f, 0xf7, 0x3, 0x9f, 0xf7, 0xbf,
    0xff, 0x75, 0xff, 0xfe, 0x1a, 0xff, 0xf6, 0x4f,
    0xe9, 0x20,

    /* U+00E0 "à" */
    0x0, 0x2d, 0x70, 0x0, 0x0, 0x0, 0x9, 0xff,
    0xa0, 0x0, 0x0, 0x0, 0x3c, 0xff, 0xd2, 0x0,
    0x0, 0x0, 0x5, 0xdf, 0x80, 0x0, 0x0, 0x0,
    0x0, 0x61, 0x0, 0x0, 0x7b, 0xef, 0xfc, 0x60,
    0x0, 0x2f, 0xff, 0xff, 0xff, 0x60, 0x0, 0x66,
    0x42, 0x3c, 0xfc, 0x0, 0x6, 0xce, 0xed, 0xdf,
    0xe0, 0x7, 0xff, 0xff, 0xff, 0xff, 0x0, 0xdf,
    0xc1, 0x2, 0x9f, 0xf0, 0xd, 0xfc, 0x0, 0x5e,
    0xff, 0x10, 0x7f, 0xff, 0xff, 0xff, 0xff, 0x60,
    0x7d, 0xfe, 0xa3, 0x8e, 0xf6,

    /* U+00E1 "á" */
    0x0, 0x0, 0x8, 0xd1, 0x0, 0x0, 0x0, 0xb,
    0xff, 0x90, 0x0, 0x0, 0x2d, 0xff, 0xc3, 0x0,
    0x0, 0x8, 0xfd, 0x50, 0x0, 0x0, 0x0, 0x15,
    0x0, 0x0, 0x0, 0x0, 0x7b, 0xef, 0xfc, 0x60,
    0x0, 0x2f, 0xff, 0xff, 0xff, 0x60, 0x0, 0x66,
    0x42, 0x3c, 0xfc, 0x0, 0x6, 0xce, 0xed, 0xdf,
    0xe0, 0x7, 0xff, 0xff, 0xff, 0xff, 0x0, 0xdf,
    0xc1, 0x2, 0x9f, 0xf0, 0xd, 0xfc, 0x0, 0x5e,
    0xff, 0x10, 0x7f, 0xff, 0xff, 0xff, 0xff, 0x60,
    0x7d, 0xfe, 0xa3, 0x8e, 0xf6,

    /* U+00E2 "â" */
    0x0, 0x6, 0xee, 0x60, 0x0, 0x0, 0x2d, 0xfc,
    0xcf, 0xd2, 0x0, 0x1, 0x72, 0x0, 0x27, 0x10,
    0x0, 0x7b, 0xef, 0xfc, 0x60, 0x0, 0x2f, 0xff,
    0xff, 0xff, 0x60, 0x0, 0x66, 0x42, 0x3c, 0xfc,
    0x0, 0x6, 0xce, 0xed, 0xdf, 0xe0, 0x7, 0xff,
    0xff, 0xff, 0xff, 0x0, 0xdf, 0xc1, 0x2, 0x9f,
    0xf0, 0xd, 0xfc, 0x0, 0x5e, 0xff, 0x10, 0x7f,
    0xff, 0xff, 0xff, 0xff, 0x60, 0x7d, 0xfe, 0xa3,
    0x8e, 0xf6,

    /* U+00E3 "ã" */
    0x1, 0xbf, 0xff, 0xff, 0x80, 0x0, 0xaf, 0xff,
    0xff, 0xd2, 0x0, 0x0, 0x22, 0x22, 0x10, 0x0,
    0x0, 0x7b, 0xef, 0xfc, 0x60, 0x0, 0x2f, 0xff,
    0xff, 0xff, 0x60, 0x0, 0x66, 0x42, 0x3c, 0xfc,
    0x0, 0x6, 0xce, 0xed, 0xdf, 0xe0, 0x7, 0xff,
    0xff, 0xff, 0xff, 0x0, 0xdf, 0xc1, 0x2, 0x9f,
    0xf0, 0xd, 0xfc, 0x0, 0x5e, 0xff, 0x10, 0x7f,
    0xff, 0xff, 0xff, 0xff, 0x60, 0x7d, 0xfe, 0xa3,
    0x8e, 0xf6,

    /* U+00E4 "ä" */
    0x4, 0xfe, 0x0, 0xef, 0x40, 0x0, 0x6f, 0xf1,
    0x1f, 0xf5, 0x0, 0x3, 0xba, 0x0, 0xab, 0x20,
    0x0, 0x7b, 0xef, 0xfc, 0x60, 0x0, 0x2f, 0xff,
    0xff, 0xff, 0x60, 0x0, 0x66, 0x42, 0x3c, 0xfc,
    0x0, 0x6, 0xce, 0xed, 0xdf, 0xe0, 0x7, 0xff,
    0xff, 0xff, 0xff, 0x0, 0xdf, 0xc1, 0x2, 0x9f,
    0xf0, 0xd, 0xfc, 0x0, 0x5e, 0xff, 0x10, 0x7f,
    0xff, 0xff, 0xff, 0xff, 0x60, 0x7d, 0xfe, 0xa3,
    0x8e, 0xf6,

    /* U+00E5 "å" */
    0x0, 0x6, 0xee, 0x70, 0x0, 0x0, 0x3, 0xfd,
    0xcf, 0x50, 0x0, 0x0, 0x7f, 0x42, 0xf9, 0x0,
    0x0, 0x6, 0xf6, 0x4f, 0x80, 0x0, 0x0, 0x1e,
    0xff, 0xf2, 0x0, 0x0, 0x0, 0x18, 0x82, 0x0,
    0x0, 0x7, 0xbe, 0xff, 0xc6, 0x0, 0x2, 0xff,
    0xff, 0xff, 0xf6, 0x0, 0x6, 0x64, 0x23, 0xcf,
    0xc0, 0x0, 0x6c, 0xee, 0xdd, 0xfe, 0x0, 0x7f,
    0xff, 0xff, 0xff, 0xf0, 0xd, 0xfc, 0x10, 0x29,
    0xff, 0x0, 0xdf, 0xc0, 0x5, 0xef, 0xf1, 0x7,
    0xff, 0xff, 0xff, 0xff, 0xf6, 0x7, 0xdf, 0xea,
    0x38, 0xef, 0x60,

    /* U+00E6 "æ" */
    0x18, 0xdf, 0xe9, 0x5d, 0xfd, 0x40, 0x4f, 0xff,
    0xff, 0xff, 0xff, 0xf1, 0x7, 0x52, 0x6f, 0xf7,
    0x3c, 0xf6, 0x4, 0xbe, 0xff, 0xff, 0xff, 0xf9,
    0x4f, 0xff, 0xff, 0xff, 0xff, 0xf9, 0xaf, 0xc2,
    0x2f, 0xf3, 0x11, 0x10, 0xaf, 0xc3, 0x9f, 0xfa,
    0x35, 0xa2, 0x5f, 0xff, 0xff, 0xff, 0xff, 0xf8,
    0x7, 0xef, 0xc3, 0x6e, 0xfd, 0x82,

    /* U+00E7 "ç" */
    0x0, 0x5c, 0xfe, 0x8b, 0xf4, 0x9, 0xff, 0xff,
    0xff, 0xf6, 0x4f, 0xfc, 0x43, 0xbf, 0xf6, 0x9f,
    0xf1, 0x0, 0x1f, 0xf5, 0xbf, 0xe0, 0x0, 0x2,
    0x30, 0xaf, 0xf0, 0x0, 0x0, 0x0, 0x5f, 0xfb,
    0x10, 0x38, 0xd2, 0xb, 0xff, 0xff, 0xff, 0xf7,
    0x0, 0x7e, 0xff, 0xfc, 0x50, 0x0, 0x0, 0xfd,
    0x20, 0x0, 0x0, 0x0, 0xff, 0xf7, 0x0, 0x0,
    0x3, 0x8, 0xfd, 0x0, 0x0, 0x7f, 0xff, 0xf9,
    0x0, 0x0, 0x15, 0x77, 0x40, 0x0,

    /* U+00E8 "è" */
    0x0, 0x3e, 0x70, 0x0, 0x0, 0x0, 0xbf, 0xfc,
    0x10, 0x0, 0x0, 0x18, 0xff, 0xf3, 0x0, 0x0,
    0x0, 0x18, 0xe4, 0x0, 0x0, 0x0, 0x0, 0x0,
    0x0, 0x0, 0x5c, 0xef, 0xd7, 0x0, 0x9, 0xff,
    0xff, 0xff, 0xb0, 0x4f, 0xf9, 0x33, 0x7f, 0xf5,
    0x9f, 0xfd, 0xdd, 0xdf, 0xfa, 0xbf, 0xff, 0xff,
    0xff, 0xfa, 0x9f, 0xf1, 0x0, 0x0, 0x0, 0x4f,
    0xfc, 0x42, 0x47, 0xb2, 0xa, 0xff, 0xff, 0xff,
    0xf7, 0x0, 0x6c, 0xff, 0xdb, 0x71,

    /* U+00E9 "é" */
    0x0, 0x0, 0x5, 0xe5, 0x0, 0x0, 0x0, 0xaf,
    0xfe, 0x0, 0x0, 0x1d, 0xff, 0x92, 0x0, 0x0,
    0x1e, 0x91, 0x0, 0x0, 0x0, 0x0, 0x0, 0x0,
    0x0, 0x0, 0x5c, 0xef, 0xd7, 0x0, 0x9, 0xff,
    0xff, 0xff, 0xb0, 0x4f, 0xf9, 0x33, 0x7f, 0xf5,
    0x9f, 0xfd, 0xdd, 0xdf, 0xfa, 0xbf, 0xff, 0xff,
    0xff, 0xfa, 0x9f, 0xf1, 0x0, 0x0, 0x0, 0x4f,
    0xfc, 0x42, 0x47, 0xb2, 0xa, 0xff, 0xff, 0xff,
    0xf7, 0x0, 0x6c, 0xff, 0xdb, 0x71,

    /* U+00EA "ê" */
    0x0, 0x5, 0xde, 0x70, 0x0, 0x2, 0xcf, 0xcb,
    0xfd, 0x30, 0x1, 0x72, 0x0, 0x17, 0x20, 0x0,
    0x5c, 0xef, 0xd7, 0x0, 0x9, 0xff, 0xff, 0xff,
    0xb0, 0x4f, 0xf9, 0x33, 0x7f, 0xf5, 0x9f, 0xfd,
    0xdd, 0xdf, 0xfa, 0xbf, 0xff, 0xff, 0xff, 0xfa,
    0x9f, 0xf1, 0x0, 0x0, 0x0, 0x4f, 0xfc, 0x42,
    0x47, 0xb2, 0xa, 0xff, 0xff, 0xff, 0xf7, 0x0,
    0x6c, 0xff, 0xdb, 0x71,

    /* U+00EB "ë" */
    0x4, 0xfe, 0x0, 0xef, 0x40, 0x6, 0xff, 0x11,
    0xff, 0x50, 0x3, 0xba, 0x0, 0xab, 0x20, 0x0,
    0x5c, 0xef, 0xd7, 0x0, 0x9, 0xff, 0xff, 0xff,
    0xb0, 0x4f, 0xf9, 0x33, 0x7f, 0xf5, 0x9f, 0xfd,
    0xdd, 0xdf, 0xfa, 0xbf, 0xff, 0xff, 0xff, 0xfa,
    0x9f, 0xf1, 0x0, 0x0, 0x0, 0x4f, 0xfc, 0x42,
    0x47, 0xb2, 0xa, 0xff, 0xff, 0xff, 0xf7, 0x0,
    0x6c, 0xff, 0xdb, 0x71,

    /* U+00EC "ì" */
    0x1, 0xd8, 0x0, 0x0, 0x0, 0x9, 0xff, 0xb1,
    0x0, 0x0, 0x2, 0xcf, 0xfd, 0x20, 0x0, 0x0,
    0x5, 0xdf, 0x80, 0x0, 0x0, 0x0, 0x5, 0x10,
    0x0, 0xa, 0xff, 0xff, 0x40, 0x0, 0xa, 0xff,
    0xff, 0x50, 0x0, 0x0, 0x1, 0xff, 0x50, 0x0,
    0x0, 0x1, 0xff, 0x50, 0x0, 0x0, 0x1, 0xff,
    0x50, 0x0, 0x0, 0x1, 0xff, 0x50, 0x0, 0x0,
    0x1, 0xff, 0x50, 0x0, 0x4f, 0xff, 0xff, 0xff,
    0xf9, 0x4f, 0xff, 0xff, 0xff, 0xf9,

    /* U+00ED "í" */
    0x0, 0x0, 0x8, 0xd1, 0x0, 0x0, 0x0, 0xbf,
    0xf9, 0x0, 0x0, 0x2d, 0xff, 0xc3, 0x0, 0x0,
    0x8f, 0xd5, 0x0, 0x0, 0x0, 0x15, 0x0, 0x0,
    0x0, 0xa, 0xff, 0xff, 0x40, 0x0, 0xa, 0xff,
    0xff, 0x50, 0x0, 0x0, 0x1, 0xff, 0x50, 0x0,
    0x0, 0x1, 0xff, 0x50, 0x0, 0x0, 0x1, 0xff,
    0x50, 0x0, 0x0, 0x1, 0xff, 0x50, 0x0, 0x0,
    0x1, 0xff, 0x50, 0x0, 0x4f, 0xff, 0xff, 0xff,
    0xf9, 0x4f, 0xff, 0xff, 0xff, 0xf9,

    /* U+00EE "î" */
    0x0, 0x6, 0xee, 0x60, 0x0, 0x3, 0xdf, 0xbb,
    0xfd, 0x30, 0x1, 0x51, 0x0, 0x15, 0x10, 0xa,
    0xff, 0xff, 0x40, 0x0, 0xa, 0xff, 0xff, 0x50,
    0x0, 0x0, 0x1, 0xff, 0x50, 0x0, 0x0, 0x1,
    0xff, 0x50, 0x0, 0x0, 0x1, 0xff, 0x50, 0x0,
    0x0, 0x1, 0xff, 0x50, 0x0, 0x0, 0x1, 0xff,
    0x50, 0x0, 0x4f, 0xff, 0xff, 0xff, 0xf9, 0x4f,
    0xff, 0xff, 0xff, 0xf9,

    /* U+00EF "ï" */
    0x4, 0xfe, 0x0, 0xef, 0x40, 0x6, 0xff, 0x11,
    0xff, 0x50, 0x3, 0xba, 0x0, 0xab, 0x20, 0xa,
    0xff, 0xff, 0x40, 0x0, 0xa, 0xff, 0xff, 0x50,
    0x0, 0x0, 0x1, 0xff, 0x50, 0x0, 0x0, 0x1,
    0xff, 0x50, 0x0, 0x0, 0x1, 0xff, 0x50, 0x0,
    0x0, 0x1, 0xff, 0x50, 0x0, 0x0, 0x1, 0xff,
    0x50, 0x0, 0x4f, 0xff, 0xff, 0xff, 0xf9, 0x4f,
    0xff, 0xff, 0xff, 0xf9,

    /* U+00F0 "ð" */
    0x0, 0x3e, 0xb5, 0x9e, 0x20, 0x0, 0x5f, 0xff,
    0xfc, 0x20, 0x0, 0x7f, 0xff, 0xfc, 0x0, 0x0,
    0x28, 0x44, 0xff, 0x90, 0x1, 0xaf, 0xff, 0xef,
    0xf2, 0x1e, 0xff, 0xff, 0xff, 0xf7, 0x8f, 0xf8,
    0x11, 0x8f, 0xfa, 0xcf, 0xe0, 0x0, 0xe, 0xfc,
    0xbf, 0xe0, 0x0, 0xe, 0xfb, 0x7f, 0xfa, 0x33,
    0xaf, 0xf6, 0xc, 0xff, 0xff, 0xff, 0xb0, 0x0,
    0x7c, 0xff, 0xc7, 0x0,

    /* U+00F1 "ñ" */
    0x0, 0x1b, 0xff, 0xff, 0xf8, 0x0, 0x0, 0xaf,
    0xff, 0xff, 0xd2, 0x0, 0x0, 0x2, 0x22, 0x21,
    0x0, 0x0, 0x5f, 0xff, 0x16, 0xdf, 0xc3, 0x0,
    0x5f, 0xff, 0x9f, 0xff, 0xfe, 0x0, 0x0, 0xef,
    0xfa, 0x5, 0xff, 0x40, 0x0, 0xef, 0xe0, 0x1,
    0xff, 0x50, 0x0, 0xef, 0xa0, 0x1, 0xff, 0x50,
    0x0, 0xef, 0x90, 0x1, 0xff, 0x50, 0x0, 0xef,
    0x90, 0x1, 0xff, 0x50, 0x2f, 0xff, 0xf8, 0x1e,
    0xff, 0xf9, 0x2f, 0xff, 0xf8, 0x1f, 0xff, 0xf9,

    /* U+00F2 "ò" */
    0x0, 0x7d, 0x40, 0x0, 0x0, 0x0, 0xff, 0xf8,
    0x0, 0x0, 0x0, 0x3a, 0xff, 0xd0, 0x0, 0x0,
    0x0, 0x2a, 0xd0, 0x0, 0x0, 0x0, 0x0, 0x0,
    0x0, 0x0, 0x6c, 0xff, 0xc6, 0x0, 0xb, 0xff,
    0xff, 0xff, 0xb0, 0x7f, 0xfb, 0x33, 0xbf, 0xf6,
    0xcf, 0xe0, 0x0, 0xe, 0xfc, 0xef, 0xb0, 0x0,
    0xb, 0xfe, 0xcf, 0xe0, 0x0, 0xe, 0xfc, 0x7f,
    0xfb, 0x33, 0xbf, 0xf6, 0xc, 0xff, 0xff, 0xff,
    0xb0, 0x0, 0x7c, 0xff, 0xc7, 0x0,

    /* U+00F3 "ó" */
    0x0, 0x0, 0x4, 0xe7, 0x0, 0x0, 0x0, 0x9f,
    0xff, 0x0, 0x0, 0x1d, 0xff, 0xa2, 0x0, 0x0,
    0xd, 0xa2, 0x0, 0x0, 0x0, 0x0, 0x0, 0x0,
    0x0, 0x0, 0x6c, 0xff, 0xc6, 0x0, 0xb, 0xff,
    0xff, 0xff, 0xb0, 0x7f, 0xfb, 0x33, 0xbf, 0xf6,
    0xcf, 0xe0, 0x0, 0xe, 0xfc, 0xef, 0xb0, 0x0,
    0xb, 0xfe, 0xcf, 0xe0, 0x0, 0xe, 0xfc, 0x7f,
    0xfb, 0x33, 0xbf, 0xf6, 0xc, 0xff, 0xff, 0xff,
    0xb0, 0x0, 0x7c, 0xff, 0xc7, 0x0,

    /* U+00F4 "ô" */
    0x0, 0x6, 0xee, 0x60, 0x0, 0x2, 0xdf, 0xcc,
    0xfd, 0x20, 0x1, 0x72, 0x0, 0x27, 0x10, 0x0,
    0x6c, 0xff, 0xc6, 0x0, 0xb, 0xff, 0xff, 0xff,
    0xb0, 0x7f, 0xfb, 0x33, 0xbf, 0xf6, 0xcf, 0xe0,
    0x0, 0xe, 0xfc, 0xef, 0xb0, 0x0, 0xb, 0xfe,
    0xcf, 0xe0, 0x0, 0xe, 0xfc, 0x7f, 0xfb, 0x33,
    0xbf, 0xf6, 0xc, 0xff, 0xff, 0xff, 0xb0, 0x0,
    0x7c, 0xff, 0xc7, 0x0,

    /* U+00F5 "õ" */
    0x1, 0xbf, 0xff, 0xff, 0x80, 0xa, 0xff, 0xff,
    0xfd, 0x20, 0x0, 0x22, 0x22, 0x10, 0x0, 0x0,
    0x6c, 0xff, 0xc6, 0x0, 0xb, 0xff, 0xff, 0xff,
    0xb0, 0x7f, 0xfb, 0x33, 0xbf, 0xf6, 0xcf, 0xe0,
    0x0, 0xe, 0xfc, 0xef, 0xb0, 0x0, 0xb, 0xfe,
    0xcf, 0xe0, 0x0, 0xe, 0xfc, 0x7f, 0xfb, 0x33,
    0xbf, 0xf6, 0xc, 0xff, 0xff, 0xff, 0xb0, 0x0,
    0x7c, 0xff, 0xc7, 0x0,

    /* U+00F6 "ö" */
    0x4, 0xfe, 0x0, 0xef, 0x40, 0x6, 0xff, 0x11,
    0xff, 0x50, 0x3, 0xba, 0x0, 0xab, 0x20, 0x0,
    0x6c, 0xff, 0xc6, 0x0, 0xb, 0xff, 0xff, 0xff,
    0xb0, 0x7f, 0xfb, 0x33, 0xbf, 0xf6, 0xcf, 0xe0,
    0x0, 0xe, 0xfc, 0xef, 0xb0, 0x0, 0xb, 0xfe,
    0xcf, 0xe0, 0x0, 0xe, 0xfc, 0x7f, 0xfb, 0x33,
    0xbf, 0xf6, 0xc, 0xff, 0xff, 0xff, 0xb0, 0x0,
    0x7c, 0xff, 0xc7, 0x0,

    /* U+00F7 "÷" */
    0x0, 0x0, 0x88, 0x0, 0x0, 0x0, 0x3, 0xff,
    0x30, 0x0, 0x0, 0x2, 0xff, 0x20, 0x0, 0x0,
    0x0, 0x0, 0x0, 0x0, 0x3f, 0xff, 0xff, 0xff,
    0xf3, 0x4f, 0xff, 0xff, 0xff, 0xf4, 0x2, 0x22,
    0x22, 0x22, 0x20, 0x0, 0x0, 0x88, 0x0, 0x0,
    0x0, 0x3, 0xff, 0x30, 0x0, 0x0, 0x2, 0xff,
    0x20, 0x0,

    /* U+00F8 "ø" */
    0x0, 0x0, 0x0, 0x0, 0x7, 0xa0, 0x0, 0x6,
    0xcf, 0xfc, 0x8f, 0xf1, 0x0, 0xbf, 0xff, 0xff,
    0xff, 0x60, 0x7, 0xff, 0xb3, 0x7f, 0xff, 0x60,
    0xc, 0xfe, 0x4, 0xff, 0xff, 0xc0, 0xe, 0xfb,
    0x4f, 0xf4, 0xbf, 0xd0, 0xc, 0xff, 0xff, 0x40,
    0xef, 0xc0, 0x6, 0xff, 0xf7, 0x3b, 0xff, 0x60,
    0x6, 0xff, 0xff, 0xff, 0xfb, 0x0, 0x1f, 0xf7,
    0xcf, 0xfc, 0x70, 0x0, 0x4, 0x20, 0x0, 0x0,
    0x0, 0x0,

    /* U+00F9 "ù" */
    0x0, 0x8, 0xd2, 0x0, 0x0, 0x0, 0x0, 0x1f,
    0xff, 0x40, 0x0, 0x0, 0x0, 0x8, 0xff, 0xf8,
    0x0, 0x0, 0x0, 0x0, 0x19, 0xff, 0x0, 0x0,
    0x0, 0x0, 0x0, 0x25, 0x0, 0x0, 0x6f, 0xff,
    0x30, 0xef, 0xff, 0x0, 0x6f, 0xff, 0x40, 0xdf,
    0xff, 0x10, 0x2, 0xff, 0x40, 0x5, 0xff, 0x10,
    0x2, 0xff, 0x40, 0x5, 0xff, 0x10, 0x2, 0xff,
    0x40, 0x7, 0xff, 0x10, 0x2, 0xff, 0x40, 0xc,
    0xff, 0x10, 0x1, 0xff, 0x80, 0x7f, 0xff, 0x10,
    0x0, 0xcf, 0xff, 0xfa, 0xff, 0xf5, 0x0, 0x1b,
    0xfe, 0x80, 0xef, 0xf5,

    /* U+00FA "ú" */
    0x0, 0x0, 0x0, 0x1c, 0x90, 0x0, 0x0, 0x0,
    0x3, 0xef, 0xf2, 0x0, 0x0, 0x0, 0x6f, 0xff,
    0x90, 0x0, 0x0, 0x0, 0xef, 0xa2, 0x0, 0x0,
    0x0, 0x0, 0x43, 0x0, 0x0, 0x0, 0x6f, 0xff,
    0x30, 0xef, 0xff, 0x0, 0x6f, 0xff, 0x40, 0xdf,
    0xff, 0x10, 0x2, 0xff, 0x40, 0x5, 0xff, 0x10,
    0x2, 0xff, 0x40, 0x5, 0xff, 0x10, 0x2, 0xff,
    0x40, 0x7, 0xff, 0x10, 0x2, 0xff, 0x40, 0xc,
    0xff, 0x10, 0x1, 0xff, 0x80, 0x7f, 0xff, 0x10,
    0x0, 0xcf, 0xff, 0xfa, 0xff, 0xf5, 0x0, 0x1b,
    0xfe, 0x80, 0xef, 0xf5,

    /* U+00FB "û" */
    0x0, 0x0, 0x7e, 0xd5, 0x0, 0x0, 0x0, 0x4e,
    0xfa, 0xbf, 0xd2, 0x0, 0x0, 0x15, 0x0, 0x1,
    0x50, 0x0, 0x6f, 0xff, 0x30, 0xef, 0xff, 0x0,
    0x6f, 0xff, 0x40, 0xdf, 0xff, 0x10, 0x2, 0xff,
    0x40, 0x5, 0xff, 0x10, 0x2, 0xff, 0x40, 0x5,
    0xff, 0x10, 0x2, 0xff, 0x40, 0x7, 0xff, 0x10,
    0x2, 0xff, 0x40, 0xc, 0xff, 0x10, 0x1, 0xff,
    0x80, 0x7f, 0xff, 0x10, 0x0, 0xcf, 0xff, 0xfa,
    0xff, 0xf5, 0x0, 0x1b, 0xfe, 0x80, 0xef, 0xf5,

    /* U+00FC "ü" */
    0x0, 0x7f, 0xc0, 0x2f, 0xe1, 0x0, 0x0, 0x9f,
    0xe0, 0x4f, 0xf2, 0x0, 0x0, 0x5b, 0x80, 0x2b,
    0xb1, 0x0, 0x6f, 0xff, 0x30, 0xef, 0xff, 0x0,
    0x6f, 0xff, 0x40, 0xdf, 0xff, 0x10, 0x2, 0xff,
    0x40, 0x5, 0xff, 0x10, 0x2, 0xff, 0x40, 0x5,
    0xff, 0x10, 0x2, 0xff, 0x40, 0x7, 0xff, 0x10,
    0x2, 0xff, 0x40, 0xc, 0xff, 0x10, 0x1, 0xff,
    0x80, 0x7f, 0xff, 0x10, 0x0, 0xcf, 0xff, 0xfa,
    0xff, 0xf5, 0x0, 0x1b, 0xfe, 0x80, 0xef, 0xf5,

    /* U+00FD "ý" */
    0x0, 0x0, 0x0, 0x4, 0x30, 0x0, 0x0, 0x0,
    0x0, 0x9f, 0xf1, 0x0, 0x0, 0x0, 0x3d, 0xff,
    0xc1, 0x0, 0x0, 0x0, 0xef, 0xc4, 0x0, 0x0,
    0x0, 0x0, 0x43, 0x0, 0x0, 0x0, 0x8f, 0xff,
    0xf7, 0x4f, 0xff, 0xf7, 0x7f, 0xff, 0xf7, 0x4f,
    0xff, 0xf7, 0x0, 0xff, 0x90, 0x7, 0xff, 0x10,
    0x0, 0x8f, 0xf1, 0xe, 0xf9, 0x0, 0x0, 0x1f,
    0xf8, 0x6f, 0xf2, 0x0, 0x0, 0x8, 0xfe, 0xdf,
    0x90, 0x0, 0x0, 0x1, 0xff, 0xff, 0x20, 0x0,
    0x0, 0x0, 0x9f, 0xfa, 0x0, 0x0, 0x0, 0x0,
    0x7f, 0xf2, 0x0, 0x0, 0x0, 0x1, 0xef, 0xa0,
    0x0, 0x0, 0x1, 0x4d, 0xff, 0x20, 0x0, 0x0,
    0xd, 0xff, 0xf6, 0x0, 0x0, 0x0, 0xb, 0xfc,
    0x50, 0x0, 0x0, 0x0,

    /* U+00FE "þ" */
    0x8f, 0xff, 0x30, 0x0, 0x0, 0x0, 0x8f, 0xff,
    0x40, 0x0, 0x0, 0x0, 0x2, 0xff, 0x40, 0x0,
    0x0, 0x0, 0x2, 0xff, 0x6b, 0xfe, 0xa2, 0x0,
    0x2, 0xff, 0xff, 0xff, 0xfe, 0x10, 0x2, 0xff,
    0xf6, 0x38, 0xff, 0x90, 0x2, 0xff, 0x60, 0x0,
    0xcf, 0xe0, 0x2, 0xff, 0x30, 0x0, 0xaf, 0xf0,
    0x2, 0xff, 0x60, 0x0, 0xcf, 0xe0, 0x2, 0xff,
    0xf6, 0x28, 0xff, 0xa0, 0x2, 0xff, 0xff, 0xff,
    0xfe, 0x10, 0x2, 0xff, 0x6b, 0xfe, 0xa2, 0x0,
    0x2, 0xff, 0x40, 0x0, 0x0, 0x0, 0x2, 0xff,
    0x40, 0x0, 0x0, 0x0, 0x8f, 0xff, 0xff, 0x60,
    0x0, 0x0, 0x8f, 0xff, 0xff, 0x60, 0x0, 0x0,

    /* U+00FF "ÿ" */
    0x0, 0x4f, 0xe0, 0xe, 0xf4, 0x0, 0x0, 0x6f,
    0xf1, 0x1f, 0xf5, 0x0, 0x0, 0x3b, 0xa0, 0xa,
    0xb2, 0x0, 0x8f, 0xff, 0xf7, 0x4f, 0xff, 0xf7,
    0x7f, 0xff, 0xf7, 0x4f, 0xff, 0xf7, 0x0, 0xff,
    0x90, 0x7, 0xff, 0x10, 0x0, 0x8f, 0xf1, 0xe,
    0xf9, 0x0, 0x0, 0x1f, 0xf8, 0x6f, 0xf2, 0x0,
    0x0, 0x8, 0xfe, 0xdf, 0x90, 0x0, 0x0, 0x1,
    0xff, 0xff, 0x20, 0x0, 0x0, 0x0, 0x9f, 0xfa,
    0x0, 0x0, 0x0, 0x0, 0x7f, 0xf2, 0x0, 0x0,
    0x0, 0x1, 0xef, 0xa0, 0x0, 0x0, 0x1, 0x4d,
    0xff, 0x20, 0x0, 0x0, 0xd, 0xff, 0xf6, 0x0,
    0x0, 0x0, 0xb, 0xfc, 0x50, 0x0, 0x0, 0x0,

    /* U+2018 "‘" */
    0x0, 0x2d, 0xb0, 0x9, 0xfa, 0x1, 0xff, 0x70,
    0x8f, 0xf4, 0xe, 0xff, 0x12, 0xab, 0x90,

    /* U+2019 "’" */
    0x1f, 0xff, 0x4, 0xff, 0xa0, 0x7f, 0xf3, 0xb,
    0xfc, 0x0, 0xef, 0x40, 0x9, 0x70, 0x0,

    /* U+201A "‚" */
    0xa, 0xba, 0x3, 0xff, 0xc0, 0x6f, 0xf5, 0xa,
    0xfe, 0x0, 0xdf, 0x70, 0xd, 0xc0, 0x0,

    /* U+201C "“" */
    0x0, 0xb, 0xe0, 0x0, 0x5e, 0x70, 0x5, 0xfe,
    0x0, 0xd, 0xf6, 0x0, 0xcf, 0xb0, 0x5, 0xff,
    0x30, 0x3f, 0xf8, 0x0, 0xcf, 0xf0, 0xb, 0xff,
    0x50, 0x3f, 0xfd, 0x0, 0xab, 0xa1, 0x5, 0xbb,
    0x60,

    /* U+201D "”" */
    0xc, 0xff, 0x40, 0x5f, 0xfc, 0xf, 0xfe, 0x0,
    0x9f, 0xf6, 0x3f, 0xf7, 0x0, 0xcf, 0xe0, 0x6f,
    0xf1, 0x0, 0xff, 0x70, 0x9f, 0x90, 0x2, 0xff,
    0x10, 0x69, 0x10, 0x1, 0xa5, 0x0,

    /* U+2022 "•" */
    0x1, 0x33, 0x10, 0x5f, 0xff, 0xf5, 0x8f, 0xff,
    0xf7, 0x8f, 0xff, 0xf7, 0x7f, 0xff, 0xf7, 0x3d,
    0xff, 0xd3,

    /* U+2026 "…" */
    0xc, 0xd2, 0x1c, 0xc1, 0x2d, 0xc0, 0x2f, 0xf5,
    0x3f, 0xf3, 0x5f, 0xf2, 0x1e, 0xf3, 0x2f, 0xf2,
    0x3f, 0xe1
};


/*---------------------
 *  GLYPH DESCRIPTION
 *--------------------*/

static const lv_font_fmt_txt_glyph_dsc_t glyph_dsc[] = {
    {.bitmap_index = 0, .adv_w = 0, .box_w = 0, .box_h = 0, .ofs_x = 0, .ofs_y = 0} /* id = 0 reserved */,
    {.bitmap_index = 0, .adv_w = 192, .box_w = 0, .box_h = 0, .ofs_x = 0, .ofs_y = 0},
    {.bitmap_index = 0, .adv_w = 192, .box_w = 4, .box_h = 12, .ofs_x = 4, .ofs_y = 0},
    {.bitmap_index = 24, .adv_w = 192, .box_w = 10, .box_h = 6, .ofs_x = 1, .ofs_y = 6},
    {.bitmap_index = 54, .adv_w = 192, .box_w = 12, .box_h = 11, .ofs_x = 0, .ofs_y = 0},
    {.bitmap_index = 120, .adv_w = 192, .box_w = 10, .box_h = 14, .ofs_x = 1, .ofs_y = -2},
    {.bitmap_index = 190, .adv_w = 192, .box_w = 12, .box_h = 11, .ofs_x = 0, .ofs_y = 0},
    {.bitmap_index = 256, .adv_w = 192, .box_w = 11, .box_h = 11, .ofs_x = 1, .ofs_y = 0},
    {.bitmap_index = 317, .adv_w = 192, .box_w = 4, .box_h = 6, .ofs_x = 4, .ofs_y = 6},
    {.bitmap_index = 329, .adv_w = 192, .box_w = 8, .box_h = 16, .ofs_x = 2, .ofs_y = -4},
    {.bitmap_index = 393, .adv_w = 192, .box_w = 8, .box_h = 16, .ofs_x = 2, .ofs_y = -4},
    {.bitmap_index = 457, .adv_w = 192, .box_w = 10, .box_h = 8, .ofs_x = 1, .ofs_y = 3},
    {.bitmap_index = 497, .adv_w = 192, .box_w = 10, .box_h = 9, .ofs_x = 1, .ofs_y = 1},
    {.bitmap_index = 542, .adv_w = 192, .box_w = 5, .box_h = 7, .ofs_x = 3, .ofs_y = -3},
    {.bitmap_index = 560, .adv_w = 192, .box_w = 10, .box_h = 3, .ofs_x = 1, .ofs_y = 4},
    {.bitmap_index = 575, .adv_w = 192, .box_w = 4, .box_h = 4, .ofs_x = 4, .ofs_y = 0},
    {.bitmap_index = 583, .adv_w = 192, .box_w = 10, .box_h = 16, .ofs_x = 1, .ofs_y = -4},
    {.bitmap_index = 663, .adv_w = 192, .box_w = 10, .box_h = 11, .ofs_x = 1, .ofs_y = 0},
    {.bitmap_index = 718, .adv_w = 192, .box_w = 10, .box_h = 11, .ofs_x = 1, .ofs_y = 0},
    {.bitmap_index = 773, .adv_w = 192, .box_w = 10, .box_h = 11, .ofs_x = 1, .ofs_y = 0},
    {.bitmap_index = 828, .adv_w = 192, .box_w = 10, .box_h = 11, .ofs_x = 1, .ofs_y = 0},
    {.bitmap_index = 883, .adv_w = 192, .box_w = 10, .box_h = 11, .ofs_x = 1, .ofs_y = 0},
    {.bitmap_index = 938, .adv_w = 192, .box_w = 10, .box_h = 11, .ofs_x = 1, .ofs_y = 0},
    {.bitmap_index = 993, .adv_w = 192, .box_w = 10, .box_h = 11, .ofs_x = 1, .ofs_y = 0},
    {.bitmap_index = 1048, .adv_w = 192, .box_w = 10, .box_h = 11, .ofs_x = 1, .ofs_y = 0},
    {.bitmap_index = 1103, .adv_w = 192, .box_w = 10, .box_h = 11, .ofs_x = 1, .ofs_y = 0},
    {.bitmap_index = 1158, .adv_w = 192, .box_w = 10, .box_h = 11, .ofs_x = 1, .ofs_y = 0},
    {.bitmap_index = 1213, .adv_w = 192, .box_w = 4, .box_h = 9, .ofs_x = 4, .ofs_y = 0},
    {.bitmap_index = 1231, .adv_w = 192, .box_w = 5, .box_h = 12, .ofs_x = 3, .ofs_y = -3},
    {.bitmap_index = 1261, .adv_w = 192, .box_w = 10, .box_h = 10, .ofs_x = 1, .ofs_y = 1},
    {.bitmap_index = 1311, .adv_w = 192, .box_w = 10, .box_h = 7, .ofs_x = 1, .ofs_y = 2},
    {.bitmap_index = 1346, .adv_w = 192, .box_w = 10, .box_h = 10, .ofs_x = 1, .ofs_y = 1},
    {.bitmap_index = 1396, .adv_w = 192, .box_w = 8, .box_h = 12, .ofs_x = 2, .ofs_y = 0},
    {.bitmap_index = 1444, .adv_w = 192, .box_w = 12, .box_h = 13, .ofs_x = 0, .ofs_y = -2},
    {.bitmap_index = 1522, .adv_w = 192, .box_w = 14, .box_h = 11, .ofs_x = -1, .ofs_y = 0},
    {.bitmap_index = 1599, .adv_w = 192, .box_w = 12, .box_h = 11, .ofs_x = 0, .ofs_y = 0},
    {.bitmap_index = 1665, .adv_w = 192, .box_w = 10, .box_h = 11, .ofs_x = 1, .ofs_y = 0},
    {.bitmap_index = 1720, .adv_w = 192, .box_w = 12, .box_h = 11, .ofs_x = 0, .ofs_y = 0},
    {.bitmap_index = 1786, .adv_w = 192, .box_w = 11, .box_h = 11, .ofs_x = 0, .ofs_y = 0},
    {.bitmap_index = 1847, .adv_w = 192, .box_w = 11, .box_h = 11, .ofs_x = 0, .ofs_y = 0},
    {.bitmap_index = 1908, .adv_w = 192, .box_w = 12, .box_h = 11, .ofs_x = 0, .ofs_y = 0},
    {.bitmap_index = 1974, .adv_w = 192, .box_w = 12, .box_h = 11, .ofs_x = 0, .ofs_y = 0},
    {.bitmap_index = 2040, .adv_w = 192, .box_w = 10, .box_h = 11, .ofs_x = 1, .ofs_y = 0},
    {.bitmap_index = 2095, .adv_w = 192, .box_w = 12, .box_h = 11, .ofs_x = 0, .ofs_y = 0},
    {.bitmap_index = 2161, .adv_w = 192, .box_w = 12, .box_h = 11, .ofs_x = 0, .ofs_y = 0},
    {.bitmap_index = 2227, .adv_w = 192, .box_w = 11, .box_h = 11, .ofs_x = 0, .ofs_y = 0},
    {.bitmap_index = 2288, .adv_w = 192, .box_w = 12, .box_h = 11, .ofs_x = 0, .ofs_y = 0},
    {.bitmap_index = 2354, .adv_w = 192, .box_w = 12, .box_h = 11, .ofs_x = 0, .ofs_y = 0},
    {.bitmap_index = 2420, .adv_w = 192, .box_w = 12, .box_h = 11, .ofs_x = 0, .ofs_y = 0},
    {.bitmap_index = 2486, .adv_w = 192, .box_w = 12, .box_h = 11, .ofs_x = 0, .ofs_y = 0},
    {.bitmap_index = 2552, .adv_w = 192, .box_w = 12, .box_h = 15, .ofs_x = 0, .ofs_y = -4},
    {.bitmap_index = 2642, .adv_w = 192, .box_w = 12, .box_h = 11, .ofs_x = 0, .ofs_y = 0},
    {.bitmap_index = 2708, .adv_w = 192, .box_w = 10, .box_h = 11, .ofs_x = 1, .ofs_y = 0},
    {.bitmap_index = 2763, .adv_w = 192, .box_w = 12, .box_h = 11, .ofs_x = 0, .ofs_y = 0},
    {.bitmap_index = 2829, .adv_w = 192, .box_w = 12, .box_h = 11, .ofs_x = 0, .ofs_y = 0},
    {.bitmap_index = 2895, .adv_w = 192, .box_w = 14, .box_h = 11, .ofs_x = -1, .ofs_y = 0},
    {.bitmap_index = 2972, .adv_w = 192, .box_w = 14, .box_h = 11, .ofs_x = -1, .ofs_y = 0},
    {.bitmap_index = 3049, .adv_w = 192, .box_w = 12, .box_h = 11, .ofs_x = 0, .ofs_y = 0},
    {.bitmap_index = 3115, .adv_w = 192, .box_w = 12, .box_h = 11, .ofs_x = 0, .ofs_y = 0},
    {.bitmap_index = 3181, .adv_w = 192, .box_w = 10, .box_h = 11, .ofs_x = 1, .ofs_y = 0},
    {.bitmap_index = 3236, .adv_w = 192, .box_w = 8, .box_h = 17, .ofs_x = 2, .ofs_y = -3},
    {.bitmap_index = 3304, .adv_w = 192, .box_w = 10, .box_h = 16, .ofs_x = 1, .ofs_y = -4},
    {.bitmap_index = 3384, .adv_w = 192, .box_w = 8, .box_h = 17, .ofs_x = 2, .ofs_y = -3},
    {.bitmap_index = 3452, .adv_w = 192, .box_w = 10, .box_h = 7, .ofs_x = 1, .ofs_y = 4},
    {.bitmap_index = 3487, .adv_w = 192, .box_w = 14, .box_h = 3, .ofs_x = -1, .ofs_y = -5},
    {.bitmap_index = 3508, .adv_w = 192, .box_w = 7, .box_h = 4, .ofs_x = 2, .ofs_y = 10},
    {.bitmap_index = 3522, .adv_w = 192, .box_w = 11, .box_h = 9, .ofs_x = 1, .ofs_y = 0},
    {.bitmap_index = 3572, .adv_w = 192, .box_w = 12, .box_h = 12, .ofs_x = 0, .ofs_y = 0},
    {.bitmap_index = 3644, .adv_w = 192, .box_w = 10, .box_h = 9, .ofs_x = 1, .ofs_y = 0},
    {.bitmap_index = 3689, .adv_w = 192, .box_w = 12, .box_h = 12, .ofs_x = 0, .ofs_y = 0},
    {.bitmap_index = 3761, .adv_w = 192, .box_w = 10, .box_h = 9, .ofs_x = 1, .ofs_y = 0},
    {.bitmap_index = 3806, .adv_w = 192, .box_w = 10, .box_h = 12, .ofs_x = 1, .ofs_y = 0},
    {.bitmap_index = 3866, .adv_w = 192, .box_w = 12, .box_h = 13, .ofs_x = 0, .ofs_y = -4},
    {.bitmap_index = 3944, .adv_w = 192, .box_w = 12, .box_h = 12, .ofs_x = 0, .ofs_y = 0},
    {.bitmap_index = 4016, .adv_w = 192, .box_w = 10, .box_h = 12, .ofs_x = 1, .ofs_y = 0},
    {.bitmap_index = 4076, .adv_w = 192, .box_w = 9, .box_h = 16, .ofs_x = 1, .ofs_y = -4},
    {.bitmap_index = 4148, .adv_w = 192, .box_w = 12, .box_h = 12, .ofs_x = 0, .ofs_y = 0},
    {.bitmap_index = 4220, .adv_w = 192, .box_w = 10, .box_h = 12, .ofs_x = 1, .ofs_y = 0},
    {.bitmap_index = 4280, .adv_w = 192, .box_w = 13, .box_h = 9, .ofs_x = -1, .ofs_y = 0},
    {.bitmap_index = 4339, .adv_w = 192, .box_w = 12, .box_h = 9, .ofs_x = 0, .ofs_y = 0},
    {.bitmap_index = 4393, .adv_w = 192, .box_w = 10, .box_h = 9, .ofs_x = 1, .ofs_y = 0},
    {.bitmap_index = 4438, .adv_w = 192, .box_w = 12, .box_h = 13, .ofs_x = 0, .ofs_y = -4},
    {.bitmap_index = 4516, .adv_w = 192, .box_w = 12, .box_h = 13, .ofs_x = 0, .ofs_y = -4},
    {.bitmap_index = 4594, .adv_w = 192, .box_w = 11, .box_h = 9, .ofs_x = 1, .ofs_y = 0},
    {.bitmap_index = 4644, .adv_w = 192, .box_w = 10, .box_h = 9, .ofs_x = 1, .ofs_y = 0},
    {.bitmap_index = 4689, .adv_w = 192, .box_w = 11, .box_h = 11, .ofs_x = 0, .ofs_y = 0},
    {.bitmap_index = 4750, .adv_w = 192, .box_w = 12, .box_h = 9, .ofs_x = 0, .ofs_y = 0},
    {.bitmap_index = 4804, .adv_w = 192, .box_w = 12, .box_h = 9, .ofs_x = 0, .ofs_y = 0},
    {.bitmap_index = 4858, .adv_w = 192, .box_w = 14, .box_h = 9, .ofs_x = -1, .ofs_y = 0},
    {.bitmap_index = 4921, .adv_w = 192, .box_w = 12, .box_h = 9, .ofs_x = 0, .ofs_y = 0},
    {.bitmap_index = 4975, .adv_w = 192, .box_w = 12, .box_h = 13, .ofs_x = 0, .ofs_y = -4},
    {.bitmap_index = 5053, .adv_w = 192, .box_w = 10, .box_h = 9, .ofs_x = 1, .ofs_y = 0},
    {.bitmap_index = 5098, .adv_w = 192, .box_w = 9, .box_h = 17, .ofs_x = 1, .ofs_y = -5},
    {.bitmap_index = 5175, .adv_w = 192, .box_w = 4, .box_h = 16, .ofs_x = 4, .ofs_y = -4},
    {.bitmap_index = 5207, .adv_w = 192, .box_w = 9, .box_h = 17, .ofs_x = 2, .ofs_y = -5},
    {.bitmap_index = 5284, .adv_w = 192, .box_w = 10, .box_h = 4, .ofs_x = 1, .ofs_y = 4},
    {.bitmap_index = 5304, .adv_w = 192, .box_w = 0, .box_h = 0, .ofs_x = 0, .ofs_y = 0},
    {.bitmap_index = 5304, .adv_w = 192, .box_w = 4, .box_h = 13, .ofs_x = 4, .ofs_y = -4},
    {.bitmap_index = 5330, .adv_w = 192, .box_w = 10, .box_h = 14, .ofs_x = 1, .ofs_y = -2},
    {.bitmap_index = 5400, .adv_w = 192, .box_w = 10, .box_h = 11, .ofs_x = 1, .ofs_y = 0},
    {.bitmap_index = 5455, .adv_w = 192, .box_w = 10, .box_h = 10, .ofs_x = 1, .ofs_y = 1},
    {.bitmap_index = 5505, .adv_w = 192, .box_w = 12, .box_h = 11, .ofs_x = 0, .ofs_y = 0},
    {.bitmap_index = 5571, .adv_w = 192, .box_w = 4, .box_h = 16, .ofs_x = 4, .ofs_y = -4},
    {.bitmap_index = 5603, .adv_w = 192, .box_w = 10, .box_h = 14, .ofs_x = 1, .ofs_y = -3},
    {.bitmap_index = 5673, .adv_w = 192, .box_w = 8, .box_h = 3, .ofs_x = 2, .ofs_y = 10},
    {.bitmap_index = 5685, .adv_w = 192, .box_w = 12, .box_h = 13, .ofs_x = 0, .ofs_y = -1},
    {.bitmap_index = 5763, .adv_w = 192, .box_w = 9, .box_h = 7, .ofs_x = 2, .ofs_y = 5},
    {.bitmap_index = 5795, .adv_w = 192, .box_w = 11, .box_h = 8, .ofs_x = 0, .ofs_y = 1},
    {.bitmap_index = 5839, .adv_w = 192, .box_w = 10, .box_h = 7, .ofs_x = 1, .ofs_y = 2},
    {.bitmap_index = 5874, .adv_w = 192, .box_w = 10, .box_h = 3, .ofs_x = 1, .ofs_y = 3},
    {.bitmap_index = 5889, .adv_w = 192, .box_w = 10, .box_h = 12, .ofs_x = 1, .ofs_y = 2},
    {.bitmap_index = 5949, .adv_w = 192, .box_w = 8, .box_h = 2, .ofs_x = 2, .ofs_y = 10},
    {.bitmap_index = 5957, .adv_w = 192, .box_w = 7, .box_h = 6, .ofs_x = 2, .ofs_y = 5},
    {.bitmap_index = 5978, .adv_w = 192, .box_w = 10, .box_h = 11, .ofs_x = 1, .ofs_y = 0},
    {.bitmap_index = 6033, .adv_w = 192, .box_w = 8, .box_h = 8, .ofs_x = 2, .ofs_y = 5},
    {.bitmap_index = 6065, .adv_w = 192, .box_w = 8, .box_h = 8, .ofs_x = 2, .ofs_y = 5},
    {.bitmap_index = 6097, .adv_w = 192, .box_w = 7, .box_h = 4, .ofs_x = 3, .ofs_y = 10},
    {.bitmap_index = 6111, .adv_w = 192, .box_w = 10, .box_h = 13, .ofs_x = 1, .ofs_y = -4},
    {.bitmap_index = 6176, .adv_w = 192, .box_w = 12, .box_h = 15, .ofs_x = 0, .ofs_y = -4},
    {.bitmap_index = 6266, .adv_w = 192, .box_w = 4, .box_h = 4, .ofs_x = 4, .ofs_y = 4},
    {.bitmap_index = 6274, .adv_w = 192, .box_w = 6, .box_h = 5, .ofs_x = 3, .ofs_y = -4},
    {.bitmap_index = 6289, .adv_w = 192, .box_w = 8, .box_h = 8, .ofs_x = 2, .ofs_y = 5},
    {.bitmap_index = 6321, .adv_w = 192, .box_w = 8, .box_h = 7, .ofs_x = 2, .ofs_y = 5},
    {.bitmap_index = 6349, .adv_w = 192, .box_w = 11, .box_h = 8, .ofs_x = 1, .ofs_y = 1},
    {.bitmap_index = 6393, .adv_w = 192, .box_w = 14, .box_h = 16, .ofs_x = -1, .ofs_y = -2},
    {.bitmap_index = 6505, .adv_w = 192, .box_w = 14, .box_h = 17, .ofs_x = -1, .ofs_y = -3},
    {.bitmap_index = 6624, .adv_w = 192, .box_w = 14, .box_h = 16, .ofs_x = -1, .ofs_y = -2},
    {.bitmap_index = 6736, .adv_w = 192, .box_w = 8, .box_h = 13, .ofs_x = 2, .ofs_y = -4},
    {.bitmap_index = 6788, .adv_w = 192, .box_w = 14, .box_h = 17, .ofs_x = -1, .ofs_y = 0},
    {.bitmap_index = 6907, .adv_w = 192, .box_w = 14, .box_h = 17, .ofs_x = -1, .ofs_y = 0},
    {.bitmap_index = 7026, .adv_w = 192, .box_w = 14, .box_h = 16, .ofs_x = -1, .ofs_y = 0},
    {.bitmap_index = 7138, .adv_w = 192, .box_w = 14, .box_h = 16, .ofs_x = -1, .ofs_y = 0},
    {.bitmap_index = 7250, .adv_w = 192, .box_w = 14, .box_h = 16, .ofs_x = -1, .ofs_y = 0},
    {.bitmap_index = 7362, .adv_w = 192, .box_w = 14, .box_h = 18, .ofs_x = -1, .ofs_y = 0},
    {.bitmap_index = 7488, .adv_w = 192, .box_w = 13, .box_h = 11, .ofs_x = -1, .ofs_y = 0},
    {.bitmap_index = 7560, .adv_w = 192, .box_w = 10, .box_h = 16, .ofs_x = 1, .ofs_y = -5},
    {.bitmap_index = 7640, .adv_w = 192, .box_w = 11, .box_h = 17, .ofs_x = 0, .ofs_y = 0},
    {.bitmap_index = 7734, .adv_w = 192, .box_w = 11, .box_h = 17, .ofs_x = 0, .ofs_y = 0},
    {.bitmap_index = 7828, .adv_w = 192, .box_w = 11, .box_h = 16, .ofs_x = 0, .ofs_y = 0},
    {.bitmap_index = 7916, .adv_w = 192, .box_w = 11, .box_h = 16, .ofs_x = 0, .ofs_y = 0},
    {.bitmap_index = 8004, .adv_w = 192, .box_w = 10, .box_h = 17, .ofs_x = 1, .ofs_y = 0},
    {.bitmap_index = 8089, .adv_w = 192, .box_w = 10, .box_h = 17, .ofs_x = 1, .ofs_y = 0},
    {.bitmap_index = 8174, .adv_w = 192, .box_w = 10, .box_h = 16, .ofs_x = 1, .ofs_y = 0},
    {.bitmap_index = 8254, .adv_w = 192, .box_w = 10, .box_h = 16, .ofs_x = 1, .ofs_y = 0},
    {.bitmap_index = 8334, .adv_w = 192, .box_w = 12, .box_h = 11, .ofs_x = 0, .ofs_y = 0},
    {.bitmap_index = 8400, .adv_w = 192, .box_w = 12, .box_h = 16, .ofs_x = 0, .ofs_y = 0},
    {.bitmap_index = 8496, .adv_w = 192, .box_w = 12, .box_h = 17, .ofs_x = 0, .ofs_y = 0},
    {.bitmap_index = 8598, .adv_w = 192, .box_w = 12, .box_h = 17, .ofs_x = 0, .ofs_y = 0},
    {.bitmap_index = 8700, .adv_w = 192, .box_w = 12, .box_h = 16, .ofs_x = 0, .ofs_y = 0},
    {.bitmap_index = 8796, .adv_w = 192, .box_w = 12, .box_h = 16, .ofs_x = 0, .ofs_y = 0},
    {.bitmap_index = 8892, .adv_w = 192, .box_w = 12, .box_h = 16, .ofs_x = 0, .ofs_y = 0},
    {.bitmap_index = 8988, .adv_w = 192, .box_w = 8, .box_h = 8, .ofs_x = 2, .ofs_y = 1},
    {.bitmap_index = 9020, .adv_w = 192, .box_w = 12, .box_h = 13, .ofs_x = 0, .ofs_y = -1},
    {.bitmap_index = 9098, .adv_w = 192, .box_w = 12, .box_h = 17, .ofs_x = 0, .ofs_y = 0},
    {.bitmap_index = 9200, .adv_w = 192, .box_w = 12, .box_h = 17, .ofs_x = 0, .ofs_y = 0},
    {.bitmap_index = 9302, .adv_w = 192, .box_w = 12, .box_h = 16, .ofs_x = 0, .ofs_y = 0},
    {.bitmap_index = 9398, .adv_w = 192, .box_w = 12, .box_h = 16, .ofs_x = 0, .ofs_y = 0},
    {.bitmap_index = 9494, .adv_w = 192, .box_w = 12, .box_h = 17, .ofs_x = 0, .ofs_y = 0},
    {.bitmap_index = 9596, .adv_w = 192, .box_w = 10, .box_h = 11, .ofs_x = 1, .ofs_y = 0},
    {.bitmap_index = 9651, .adv_w = 192, .box_w = 11, .box_h = 12, .ofs_x = 0, .ofs_y = 0},
    {.bitmap_index = 9717, .adv_w = 192, .box_w = 11, .box_h = 14, .ofs_x = 1, .ofs_y = 0},
    {.bitmap_index = 9794, .adv_w = 192, .box_w = 11, .box_h = 14, .ofs_x = 1, .ofs_y = 0},
    {.bitmap_index = 9871, .adv_w = 192, .box_w = 11, .box_h = 12, .ofs_x = 1, .ofs_y = 0},
    {.bitmap_index = 9937, .adv_w = 192, .box_w = 11, .box_h = 12, .ofs_x = 1, .ofs_y = 0},
    {.bitmap_index = 10003, .adv_w = 192, .box_w = 11, .box_h = 12, .ofs_x = 1, .ofs_y = 0},
    {.bitmap_index = 10069, .adv_w = 192, .box_w = 11, .box_h = 15, .ofs_x = 1, .ofs_y = 0},
    {.bitmap_index = 10152, .adv_w = 192, .box_w = 12, .box_h = 9, .ofs_x = 0, .ofs_y = 0},
    {.bitmap_index = 10206, .adv_w = 192, .box_w = 10, .box_h = 14, .ofs_x = 1, .ofs_y = -5},
    {.bitmap_index = 10276, .adv_w = 192, .box_w = 10, .box_h = 14, .ofs_x = 1, .ofs_y = 0},
    {.bitmap_index = 10346, .adv_w = 192, .box_w = 10, .box_h = 14, .ofs_x = 1, .ofs_y = 0},
    {.bitmap_index = 10416, .adv_w = 192, .box_w = 10, .box_h = 12, .ofs_x = 1, .ofs_y = 0},
    {.bitmap_index = 10476, .adv_w = 192, .box_w = 10, .box_h = 12, .ofs_x = 1, .ofs_y = 0},
    {.bitmap_index = 10536, .adv_w = 192, .box_w = 10, .box_h = 14, .ofs_x = 1, .ofs_y = 0},
    {.bitmap_index = 10606, .adv_w = 192, .box_w = 10, .box_h = 14, .ofs_x = 1, .ofs_y = 0},
    {.bitmap_index = 10676, .adv_w = 192, .box_w = 10, .box_h = 12, .ofs_x = 1, .ofs_y = 0},
    {.bitmap_index = 10736, .adv_w = 192, .box_w = 10, .box_h = 12, .ofs_x = 1, .ofs_y = 0},
    {.bitmap_index = 10796, .adv_w = 192, .box_w = 10, .box_h = 12, .ofs_x = 1, .ofs_y = 0},
    {.bitmap_index = 10856, .adv_w = 192, .box_w = 12, .box_h = 12, .ofs_x = 0, .ofs_y = 0},
    {.bitmap_index = 10928, .adv_w = 192, .box_w = 10, .box_h = 14, .ofs_x = 1, .ofs_y = 0},
    {.bitmap_index = 10998, .adv_w = 192, .box_w = 10, .box_h = 14, .ofs_x = 1, .ofs_y = 0},
    {.bitmap_index = 11068, .adv_w = 192, .box_w = 10, .box_h = 12, .ofs_x = 1, .ofs_y = 0},
    {.bitmap_index = 11128, .adv_w = 192, .box_w = 10, .box_h = 12, .ofs_x = 1, .ofs_y = 0},
    {.bitmap_index = 11188, .adv_w = 192, .box_w = 10, .box_h = 12, .ofs_x = 1, .ofs_y = 0},
    {.bitmap_index = 11248, .adv_w = 192, .box_w = 10, .box_h = 10, .ofs_x = 1, .ofs_y = 1},
    {.bitmap_index = 11298, .adv_w = 192, .box_w = 12, .box_h = 11, .ofs_x = 0, .ofs_y = -1},
    {.bitmap_index = 11364, .adv_w = 192, .box_w = 12, .box_h = 14, .ofs_x = 0, .ofs_y = 0},
    {.bitmap_index = 11448, .adv_w = 192, .box_w = 12, .box_h = 14, .ofs_x = 0, .ofs_y = 0},
    {.bitmap_index = 11532, .adv_w = 192, .box_w = 12, .box_h = 12, .ofs_x = 0, .ofs_y = 0},
    {.bitmap_index = 11604, .adv_w = 192, .box_w = 12, .box_h = 12, .ofs_x = 0, .ofs_y = 0},
    {.bitmap_index = 11676, .adv_w = 192, .box_w = 12, .box_h = 18, .ofs_x = 0, .ofs_y = -4},
    {.bitmap_index = 11784, .adv_w = 192, .box_w = 12, .box_h = 16, .ofs_x = 0, .ofs_y = -4},
    {.bitmap_index = 11880, .adv_w = 192, .box_w = 12, .box_h = 16, .ofs_x = 0, .ofs_y = -4},
    {.bitmap_index = 11976, .adv_w = 192, .box_w = 5, .box_h = 6, .ofs_x = 3, .ofs_y = 6},
    {.bitmap_index = 11991, .adv_w = 192, .box_w = 5, .box_h = 6, .ofs_x = 4, .ofs_y = 6},
    {.bitmap_index = 12006, .adv_w = 192, .box_w = 5, .box_h = 6, .ofs_x = 4, .ofs_y = -3},
    {.bitmap_index = 12021, .adv_w = 192, .box_w = 11, .box_h = 6, .ofs_x = 0, .ofs_y = 6},
    {.bitmap_index = 12054, .adv_w = 192, .box_w = 10, .box_h = 6, .ofs_x = 1, .ofs_y = 6},
    {.bitmap_index = 12084, .adv_w = 192, .box_w = 6, .box_h = 6, .ofs_x = 3, .ofs_y = 3},
    {.bitmap_index = 12102, .adv_w = 192, .box_w = 12, .box_h = 3, .ofs_x = 0, .ofs_y = 0}
};

/*---------------------
 *  CHARACTER MAPPING
 *--------------------*/

static const uint16_t unicode_list_2[] = {
    0x0, 0x1, 0x2, 0x4, 0x5, 0xa, 0xe
};

/*Collect the unicode lists and glyph_id offsets*/
static const lv_font_fmt_txt_cmap_t cmaps[] =
{
    {
        .range_start = 32, .range_length = 95, .glyph_id_start = 1,
        .unicode_list = NULL, .glyph_id_ofs_list = NULL, .list_length = 0, .type = LV_FONT_FMT_TXT_CMAP_FORMAT0_TINY
    },
    {
        .range_start = 160, .range_length = 96, .glyph_id_start = 96,
        .unicode_list = NULL, .glyph_id_ofs_list = NULL, .list_length = 0, .type = LV_FONT_FMT_TXT_CMAP_FORMAT0_TINY
    },
    {
        .range_start = 8216, .range_length = 15, .glyph_id_start = 192,
        .unicode_list = unicode_list_2, .glyph_id_ofs_list = NULL, .list_length = 7, .type = LV_FONT_FMT_TXT_CMAP_SPARSE_TINY
    }
};



/*--------------------
 *  ALL CUSTOM DATA
 *--------------------*/

#if LVGL_VERSION_MAJOR == 8
/*Store all the custom data of the font*/
static  lv_font_fmt_txt_glyph_cache_t cache;
#endif

#if LVGL_VERSION_MAJOR >= 8
static const lv_font_fmt_txt_dsc_t font_dsc = {
#else
static lv_font_fmt_txt_dsc_t font_dsc = {
#endif
    .glyph_bitmap = glyph_bitmap,
    .glyph_dsc = glyph_dsc,
    .cmaps = cmaps,
    .kern_dsc = NULL,
    .kern_scale = 0,
    .cmap_num = 3,
    .bpp = 4,
    .kern_classes = 0,
    .bitmap_format = 0,
#if LVGL_VERSION_MAJOR == 8
    .cache = &cache
#endif
};



/*-----------------
 *  PUBLIC FONT
 *----------------*/

/*Initialize a public general font descriptor*/
#if LVGL_VERSION_MAJOR >= 8
const lv_font_t diskos_zine_bold_20 = {
#else
lv_font_t diskos_zine_bold_20 = {
#endif
    .get_glyph_dsc = lv_font_get_glyph_dsc_fmt_txt,    /*Function pointer to get glyph's data*/
    .get_glyph_bitmap = lv_font_get_bitmap_fmt_txt,    /*Function pointer to get glyph's bitmap*/
    .line_height = 23,          /*The maximum line height required by the font*/
    .base_line = 5,             /*Baseline measured from the bottom of the line*/
#if !(LVGL_VERSION_MAJOR == 6 && LVGL_VERSION_MINOR == 0)
    .subpx = LV_FONT_SUBPX_NONE,
#endif
#if LV_VERSION_CHECK(7, 4, 0) || LVGL_VERSION_MAJOR >= 8
    .underline_position = -2,
    .underline_thickness = 1,
#endif
    .dsc = &font_dsc,          /*The custom font data. Will be accessed by `get_glyph_bitmap/dsc` */
#if LV_VERSION_CHECK(8, 2, 0) || LVGL_VERSION_MAJOR >= 9
    .fallback = NULL,
#endif
    .user_data = NULL,
};



#endif /*#if DISKOS_ZINE_BOLD_20*/

