/*******************************************************************************
 * Size: 22 px
 * Bpp: 4
 * Opts: --font fonts/nowplaying/Inter-VF.ttf --size 22 --bpp 4 --format lvgl --range 0x20-0x7E,0xA0-0xFF,0x2018-0x201D,0x2026,0x2022 --no-compress --force-fast-kern-format --lv-font-name font_np_inter_22 -o font_np_inter_22.c
 ******************************************************************************/

#ifdef LV_LVGL_H_INCLUDE_SIMPLE
#include "lvgl.h"
#else
#include "lvgl/lvgl.h"
#endif

#ifndef FONT_NP_INTER_22
#define FONT_NP_INTER_22 1
#endif

#if FONT_NP_INTER_22

/*-----------------
 *    BITMAPS
 *----------------*/

/*Store the image of the glyphs*/
static LV_ATTRIBUTE_LARGE_CONST const uint8_t glyph_bitmap[] = {
    /* U+0020 " " */

    /* U+0021 "!" */
    0xf, 0xff, 0x0, 0xff, 0xf0, 0xf, 0xff, 0x0,
    0xef, 0xf0, 0xe, 0xff, 0x0, 0xef, 0xf0, 0xd,
    0xfe, 0x0, 0xdf, 0xe0, 0xd, 0xfe, 0x0, 0xdf,
    0xd0, 0x9, 0xca, 0x0, 0x0, 0x0, 0x1, 0x51,
    0x0, 0xef, 0xf1, 0x2f, 0xff, 0x30, 0xaf, 0xb0,

    /* U+0022 "\"" */
    0xcf, 0xf0, 0x6f, 0xf4, 0xbf, 0xe0, 0x6f, 0xf3,
    0xaf, 0xd0, 0x5f, 0xf3, 0xaf, 0xc0, 0x4f, 0xf2,
    0x9f, 0xc0, 0x4f, 0xf1, 0x8f, 0xb0, 0x3f, 0xf0,
    0x36, 0x40, 0x16, 0x60,

    /* U+0023 "#" */
    0x0, 0x0, 0x9f, 0x90, 0x0, 0xff, 0x30, 0x0,
    0x0, 0xcf, 0x60, 0x2, 0xff, 0x0, 0x0, 0x0,
    0xef, 0x40, 0x4, 0xfe, 0x0, 0x0, 0x1, 0xff,
    0x10, 0x7, 0xfb, 0x0, 0x8, 0xff, 0xff, 0xff,
    0xff, 0xff, 0xfc, 0xa, 0xff, 0xff, 0xff, 0xff,
    0xff, 0xfa, 0x1, 0x2a, 0xfa, 0x22, 0x2f, 0xf5,
    0x21, 0x0, 0xb, 0xf6, 0x0, 0x1f, 0xf0, 0x0,
    0x0, 0xe, 0xf4, 0x0, 0x4f, 0xe0, 0x0, 0x2,
    0x3f, 0xf4, 0x22, 0x8f, 0xc2, 0x20, 0x7f, 0xff,
    0xff, 0xff, 0xff, 0xff, 0xd0, 0xaf, 0xff, 0xff,
    0xff, 0xff, 0xff, 0xa0, 0x0, 0x8f, 0x90, 0x0,
    0xff, 0x30, 0x0, 0x0, 0xbf, 0x70, 0x1, 0xff,
    0x10, 0x0, 0x0, 0xef, 0x40, 0x4, 0xfe, 0x0,
    0x0, 0x0, 0xff, 0x20, 0x6, 0xfb, 0x0, 0x0,

    /* U+0024 "$" */
    0x0, 0x0, 0x6, 0xd0, 0x0, 0x0, 0x0, 0x0,
    0x0, 0x6d, 0x0, 0x0, 0x0, 0x0, 0x17, 0xcf,
    0xfe, 0xb5, 0x0, 0x0, 0x3e, 0xff, 0xff, 0xff,
    0xfa, 0x0, 0xe, 0xff, 0xcb, 0xe9, 0xff, 0xf8,
    0x6, 0xff, 0xa0, 0x6d, 0x2, 0xff, 0xe0, 0x8f,
    0xf6, 0x6, 0xd0, 0x6, 0x88, 0x6, 0xff, 0xc0,
    0x6d, 0x0, 0x0, 0x0, 0x1e, 0xff, 0xec, 0xe1,
    0x0, 0x0, 0x0, 0x2d, 0xff, 0xff, 0xfc, 0x60,
    0x0, 0x0, 0x5, 0xaf, 0xff, 0xff, 0xd1, 0x0,
    0x0, 0x0, 0x6e, 0x7e, 0xff, 0xc0, 0x0, 0x0,
    0x6, 0xd0, 0xd, 0xff, 0x2c, 0xdc, 0x0, 0x6d,
    0x0, 0x9f, 0xf4, 0xcf, 0xf6, 0x6, 0xd0, 0x1e,
    0xff, 0x25, 0xff, 0xfb, 0xbe, 0x9f, 0xff, 0xb0,
    0x7, 0xff, 0xff, 0xff, 0xff, 0xc1, 0x0, 0x3,
    0x9d, 0xff, 0xeb, 0x60, 0x0, 0x0, 0x0, 0x6,
    0xd0, 0x0, 0x0, 0x0, 0x0, 0x0, 0x6d, 0x0,
    0x0, 0x0,

    /* U+0025 "%" */
    0x6, 0xdf, 0xe7, 0x0, 0x0, 0x0, 0xd, 0xf3,
    0x0, 0x6f, 0xfc, 0xff, 0x70, 0x0, 0x0, 0x9f,
    0x80, 0x0, 0xcf, 0x50, 0x4f, 0xd0, 0x0, 0x4,
    0xfc, 0x0, 0x0, 0xdf, 0x30, 0x2f, 0xe0, 0x0,
    0x1e, 0xf2, 0x0, 0x0, 0xcf, 0x50, 0x4f, 0xd0,
    0x0, 0xaf, 0x70, 0x0, 0x0, 0x6f, 0xfc, 0xff,
    0x70, 0x5, 0xfc, 0x0, 0x0, 0x0, 0x6, 0xdf,
    0xe7, 0x0, 0x1e, 0xf2, 0x0, 0x0, 0x0, 0x0,
    0x0, 0x0, 0x0, 0xbf, 0x60, 0x0, 0x0, 0x0,
    0x0, 0x0, 0x0, 0x6, 0xfb, 0x0, 0x29, 0xba,
    0x30, 0x0, 0x0, 0x0, 0x2f, 0xe1, 0x2, 0xef,
    0xff, 0xf4, 0x0, 0x0, 0x0, 0xcf, 0x50, 0x9,
    0xf9, 0x7, 0xfb, 0x0, 0x0, 0x7, 0xfa, 0x0,
    0xc, 0xf4, 0x2, 0xfe, 0x0, 0x0, 0x2f, 0xe1,
    0x0, 0xc, 0xf3, 0x1, 0xfe, 0x0, 0x0, 0xcf,
    0x40, 0x0, 0xb, 0xf7, 0x5, 0xfd, 0x0, 0x8,
    0xf9, 0x0, 0x0, 0x4, 0xff, 0xcf, 0xf6, 0x0,
    0x3f, 0xd0, 0x0, 0x0, 0x0, 0x5d, 0xfe, 0x70,

    /* U+0026 "&" */
    0x0, 0x1, 0x9e, 0xfe, 0x91, 0x0, 0x0, 0x0,
    0x0, 0xdf, 0xff, 0xff, 0xd0, 0x0, 0x0, 0x0,
    0x6f, 0xf9, 0x48, 0xff, 0x60, 0x0, 0x0, 0xa,
    0xfe, 0x0, 0xe, 0xf9, 0x0, 0x0, 0x0, 0x9f,
    0xe0, 0x1, 0xff, 0x60, 0x0, 0x0, 0x5, 0xff,
    0x73, 0xdf, 0xe1, 0x0, 0x0, 0x0, 0xc, 0xff,
    0xff, 0xe3, 0x0, 0x0, 0x0, 0x0, 0x5f, 0xff,
    0xc1, 0x0, 0x0, 0x0, 0x0, 0x5f, 0xff, 0xfd,
    0x10, 0xa, 0xa4, 0x0, 0x5f, 0xfd, 0x8f, 0xfc,
    0x1, 0xff, 0x60, 0xd, 0xff, 0x10, 0x7f, 0xfa,
    0x5f, 0xf3, 0x0, 0xff, 0xb0, 0x0, 0x9f, 0xff,
    0xfe, 0x0, 0xf, 0xfe, 0x0, 0x0, 0xbf, 0xff,
    0x60, 0x0, 0x9f, 0xfc, 0x54, 0x7e, 0xff, 0xf4,
    0x0, 0x1, 0xdf, 0xff, 0xff, 0xff, 0xef, 0xf2,
    0x0, 0x0, 0x7c, 0xff, 0xe9, 0x32, 0xef, 0xe1,

    /* U+0027 "'" */
    0xcf, 0xfb, 0xfe, 0xaf, 0xda, 0xfc, 0x9f, 0xc8,
    0xfb, 0x36, 0x40,

    /* U+0028 "(" */
    0x0, 0x5b, 0xb2, 0x0, 0xef, 0xd0, 0x5, 0xff,
    0x70, 0xb, 0xff, 0x10, 0x1f, 0xfc, 0x0, 0x5f,
    0xf8, 0x0, 0x8f, 0xf4, 0x0, 0xbf, 0xf1, 0x0,
    0xef, 0xf0, 0x0, 0xff, 0xd0, 0x0, 0xff, 0xd0,
    0x0, 0xff, 0xd0, 0x0, 0xef, 0xf0, 0x0, 0xbf,
    0xf1, 0x0, 0x8f, 0xf5, 0x0, 0x3f, 0xf9, 0x0,
    0xe, 0xfe, 0x0, 0x8, 0xff, 0x50, 0x1, 0xff,
    0xb0, 0x0, 0x8f, 0xf2,

    /* U+0029 ")" */
    0xb, 0xb7, 0x0, 0x0, 0xaf, 0xf2, 0x0, 0x3,
    0xff, 0x80, 0x0, 0xe, 0xfe, 0x0, 0x0, 0x9f,
    0xf4, 0x0, 0x5, 0xff, 0x80, 0x0, 0x1f, 0xfc,
    0x0, 0x0, 0xef, 0xf0, 0x0, 0xc, 0xff, 0x10,
    0x0, 0xaf, 0xf2, 0x0, 0xa, 0xff, 0x30, 0x0,
    0xaf, 0xf2, 0x0, 0xc, 0xff, 0x10, 0x0, 0xef,
    0xe0, 0x0, 0x2f, 0xfb, 0x0, 0x6, 0xff, 0x70,
    0x0, 0xbf, 0xf2, 0x0, 0x1f, 0xfb, 0x0, 0x8,
    0xff, 0x40, 0x0, 0xef, 0xb0, 0x0,

    /* U+002A "*" */
    0x0, 0x0, 0xfd, 0x0, 0x0, 0x4, 0x10, 0xec,
    0x1, 0x40, 0x2f, 0xe4, 0xdb, 0x6f, 0xe1, 0x18,
    0xff, 0xff, 0xfe, 0x70, 0x0, 0x3e, 0xff, 0xd2,
    0x0, 0x19, 0xff, 0xff, 0xff, 0x81, 0x1f, 0xd3,
    0xdb, 0x4e, 0xe0, 0x3, 0x0, 0xec, 0x0, 0x30,
    0x0, 0x0, 0xec, 0x0, 0x0,

    /* U+002B "+" */
    0x0, 0x0, 0xdf, 0x90, 0x0, 0x0, 0x0, 0xd,
    0xf9, 0x0, 0x0, 0x0, 0x0, 0xdf, 0x90, 0x0,
    0x0, 0x0, 0xd, 0xf9, 0x0, 0x0, 0xff, 0xff,
    0xff, 0xff, 0xff, 0xdf, 0xff, 0xff, 0xff, 0xff,
    0xfd, 0x44, 0x44, 0xdf, 0xb4, 0x44, 0x30, 0x0,
    0xd, 0xf9, 0x0, 0x0, 0x0, 0x0, 0xdf, 0x90,
    0x0, 0x0, 0x0, 0xd, 0xf9, 0x0, 0x0, 0x0,
    0x0, 0x68, 0x40, 0x0, 0x0,

    /* U+002C "," */
    0x4, 0x66, 0x0, 0xdf, 0xe0, 0xf, 0xf9, 0x2,
    0xff, 0x40, 0x4f, 0xf0, 0x7, 0xfb, 0x0, 0x9f,
    0x60, 0x0,

    /* U+002D "-" */
    0x24, 0x44, 0x44, 0x43, 0x7f, 0xff, 0xff, 0xfb,
    0x7f, 0xff, 0xff, 0xfb,

    /* U+002E "." */
    0x1, 0x51, 0x0, 0xef, 0xe1, 0x2f, 0xff, 0x30,
    0xaf, 0xa0,

    /* U+002F "/" */
    0x0, 0x0, 0x9, 0xfd, 0x0, 0x0, 0xe, 0xf8,
    0x0, 0x0, 0x2f, 0xf4, 0x0, 0x0, 0x6f, 0xf0,
    0x0, 0x0, 0xbf, 0xb0, 0x0, 0x0, 0xff, 0x70,
    0x0, 0x3, 0xff, 0x30, 0x0, 0x8, 0xfe, 0x0,
    0x0, 0xc, 0xfa, 0x0, 0x0, 0x1f, 0xf6, 0x0,
    0x0, 0x5f, 0xf1, 0x0, 0x0, 0x9f, 0xd0, 0x0,
    0x0, 0xef, 0x90, 0x0, 0x2, 0xff, 0x40, 0x0,
    0x6, 0xff, 0x0, 0x0, 0xb, 0xfc, 0x0, 0x0,
    0xf, 0xf7, 0x0, 0x0, 0x3f, 0xf3, 0x0, 0x0,
    0x8f, 0xe0, 0x0, 0x0,

    /* U+0030 "0" */
    0x0, 0x5, 0xcf, 0xfd, 0x92, 0x0, 0x0, 0xa,
    0xff, 0xff, 0xff, 0xf4, 0x0, 0x8, 0xff, 0xe8,
    0x6b, 0xff, 0xe1, 0x1, 0xff, 0xf2, 0x0, 0x9,
    0xff, 0x90, 0x6f, 0xf8, 0x0, 0x0, 0x1f, 0xfe,
    0xa, 0xff, 0x40, 0x0, 0x0, 0xbf, 0xf2, 0xcf,
    0xf1, 0x0, 0x0, 0x9, 0xff, 0x5e, 0xff, 0x0,
    0x0, 0x0, 0x8f, 0xf6, 0xef, 0xf0, 0x0, 0x0,
    0x8, 0xff, 0x6c, 0xff, 0x10, 0x0, 0x0, 0x9f,
    0xf5, 0xaf, 0xf3, 0x0, 0x0, 0xb, 0xff, 0x27,
    0xff, 0x80, 0x0, 0x1, 0xff, 0xe0, 0x1f, 0xff,
    0x20, 0x0, 0x9f, 0xf9, 0x0, 0x8f, 0xfe, 0x86,
    0xbf, 0xff, 0x10, 0x0, 0xaf, 0xff, 0xff, 0xff,
    0x40, 0x0, 0x0, 0x5c, 0xff, 0xe9, 0x20, 0x0,

    /* U+0031 "1" */
    0x0, 0x4e, 0xff, 0xb0, 0x8f, 0xff, 0xfb, 0xcf,
    0xfd, 0xff, 0xbf, 0xf7, 0x2f, 0xfb, 0xd3, 0x2,
    0xff, 0xb0, 0x0, 0x2f, 0xfb, 0x0, 0x2, 0xff,
    0xb0, 0x0, 0x2f, 0xfb, 0x0, 0x2, 0xff, 0xb0,
    0x0, 0x2f, 0xfb, 0x0, 0x2, 0xff, 0xb0, 0x0,
    0x2f, 0xfb, 0x0, 0x2, 0xff, 0xb0, 0x0, 0x2f,
    0xfb, 0x0, 0x2, 0xff, 0xb0, 0x0, 0x2f, 0xfb,

    /* U+0032 "2" */
    0x0, 0x29, 0xef, 0xfc, 0x60, 0x0, 0x4, 0xff,
    0xff, 0xff, 0xfc, 0x0, 0x1f, 0xff, 0x95, 0x6d,
    0xff, 0x90, 0x7f, 0xf7, 0x0, 0x1, 0xef, 0xf0,
    0x9f, 0xf2, 0x0, 0x0, 0xaf, 0xf2, 0x0, 0x0,
    0x0, 0x0, 0xbf, 0xf0, 0x0, 0x0, 0x0, 0x3,
    0xff, 0xb0, 0x0, 0x0, 0x0, 0x1e, 0xff, 0x20,
    0x0, 0x0, 0x1, 0xdf, 0xf6, 0x0, 0x0, 0x0,
    0x1d, 0xff, 0x70, 0x0, 0x0, 0x2, 0xdf, 0xf7,
    0x0, 0x0, 0x0, 0x2e, 0xff, 0x70, 0x0, 0x0,
    0x2, 0xef, 0xf7, 0x0, 0x0, 0x0, 0x2e, 0xff,
    0xd6, 0x66, 0x66, 0x62, 0x9f, 0xff, 0xff, 0xff,
    0xff, 0xf6, 0x9f, 0xff, 0xff, 0xff, 0xff, 0xf6,

    /* U+0033 "3" */
    0x0, 0x18, 0xdf, 0xfd, 0x81, 0x0, 0x3, 0xef,
    0xff, 0xff, 0xfe, 0x20, 0xe, 0xff, 0xa5, 0x5b,
    0xff, 0xd0, 0x6f, 0xf8, 0x0, 0x0, 0xbf, 0xf3,
    0x37, 0x71, 0x0, 0x0, 0x8f, 0xf4, 0x0, 0x0,
    0x0, 0x0, 0xbf, 0xf2, 0x0, 0x0, 0x22, 0x4a,
    0xff, 0x80, 0x0, 0x0, 0xbf, 0xff, 0xd5, 0x0,
    0x0, 0x0, 0xbf, 0xff, 0xfd, 0x50, 0x0, 0x0,
    0x0, 0x15, 0xef, 0xf4, 0x0, 0x0, 0x0, 0x0,
    0x4f, 0xfb, 0x56, 0x60, 0x0, 0x0, 0x1f, 0xfe,
    0xbf, 0xf6, 0x0, 0x0, 0x7f, 0xfc, 0x4f, 0xff,
    0xa6, 0x6a, 0xff, 0xf5, 0x7, 0xff, 0xff, 0xff,
    0xff, 0x70, 0x0, 0x29, 0xdf, 0xfd, 0x93, 0x0,

    /* U+0034 "4" */
    0x0, 0x0, 0x0, 0x5f, 0xff, 0x80, 0x0, 0x0,
    0x0, 0x1e, 0xff, 0xf8, 0x0, 0x0, 0x0, 0xa,
    0xff, 0xff, 0x80, 0x0, 0x0, 0x4, 0xff, 0xbf,
    0xf8, 0x0, 0x0, 0x0, 0xdf, 0xd3, 0xff, 0x80,
    0x0, 0x0, 0x8f, 0xf4, 0x3f, 0xf8, 0x0, 0x0,
    0x2f, 0xfa, 0x3, 0xff, 0x80, 0x0, 0xc, 0xfe,
    0x10, 0x3f, 0xf8, 0x0, 0x6, 0xff, 0x60, 0x3,
    0xff, 0x80, 0x1, 0xff, 0xc0, 0x0, 0x3f, 0xf8,
    0x0, 0xaf, 0xf8, 0x66, 0x68, 0xff, 0xb6, 0x3d,
    0xff, 0xff, 0xff, 0xff, 0xff, 0xf9, 0xdf, 0xff,
    0xff, 0xff, 0xff, 0xff, 0x90, 0x0, 0x0, 0x0,
    0x3f, 0xf8, 0x0, 0x0, 0x0, 0x0, 0x3, 0xff,
    0x80, 0x0, 0x0, 0x0, 0x0, 0x3f, 0xf8, 0x0,

    /* U+0035 "5" */
    0xc, 0xff, 0xff, 0xff, 0xff, 0x80, 0xe, 0xff,
    0xff, 0xff, 0xff, 0x80, 0xf, 0xfc, 0x66, 0x66,
    0x66, 0x30, 0x1f, 0xf8, 0x0, 0x0, 0x0, 0x0,
    0x3f, 0xf6, 0x0, 0x0, 0x0, 0x0, 0x5f, 0xf6,
    0xae, 0xfd, 0x80, 0x0, 0x7f, 0xff, 0xff, 0xff,
    0xfd, 0x10, 0x7f, 0xfc, 0x53, 0x5d, 0xff, 0xa0,
    0x0, 0x20, 0x0, 0x1, 0xef, 0xf1, 0x0, 0x0,
    0x0, 0x0, 0x8f, 0xf4, 0x0, 0x0, 0x0, 0x0,
    0x6f, 0xf5, 0x8a, 0x90, 0x0, 0x0, 0x9f, 0xf4,
    0xaf, 0xf5, 0x0, 0x1, 0xef, 0xf0, 0x4f, 0xff,
    0x85, 0x7e, 0xff, 0x70, 0x7, 0xff, 0xff, 0xff,
    0xfa, 0x0, 0x0, 0x3a, 0xef, 0xeb, 0x50, 0x0,

    /* U+0036 "6" */
    0x0, 0x4, 0xbe, 0xfe, 0xa3, 0x0, 0x0, 0x8f,
    0xff, 0xff, 0xff, 0x70, 0x5, 0xff, 0xe9, 0x7a,
    0xff, 0xf4, 0xe, 0xfe, 0x10, 0x0, 0x5f, 0xfa,
    0x5f, 0xf6, 0x0, 0x0, 0x1, 0x10, 0x9f, 0xf1,
    0x4c, 0xff, 0xc4, 0x0, 0xcf, 0xf7, 0xff, 0xff,
    0xff, 0x80, 0xdf, 0xff, 0xc4, 0x37, 0xff, 0xf3,
    0xef, 0xfc, 0x0, 0x0, 0x6f, 0xfa, 0xdf, 0xf5,
    0x0, 0x0, 0xe, 0xfe, 0xbf, 0xf3, 0x0, 0x0,
    0xd, 0xff, 0x8f, 0xf6, 0x0, 0x0, 0xf, 0xfd,
    0x3f, 0xfd, 0x0, 0x0, 0x8f, 0xf9, 0xa, 0xff,
    0xd6, 0x5a, 0xff, 0xf1, 0x0, 0xcf, 0xff, 0xff,
    0xff, 0x40, 0x0, 0x6, 0xcf, 0xfd, 0x92, 0x0,

    /* U+0037 "7" */
    0x1f, 0xff, 0xff, 0xff, 0xff, 0xfc, 0x1f, 0xff,
    0xff, 0xff, 0xff, 0xfc, 0x6, 0x66, 0x66, 0x66,
    0xaf, 0xfb, 0x0, 0x0, 0x0, 0x0, 0xcf, 0xf4,
    0x0, 0x0, 0x0, 0x4, 0xff, 0xc0, 0x0, 0x0,
    0x0, 0xc, 0xff, 0x40, 0x0, 0x0, 0x0, 0x4f,
    0xfb, 0x0, 0x0, 0x0, 0x0, 0xcf, 0xf3, 0x0,
    0x0, 0x0, 0x4, 0xff, 0xb0, 0x0, 0x0, 0x0,
    0xc, 0xff, 0x30, 0x0, 0x0, 0x0, 0x4f, 0xfb,
    0x0, 0x0, 0x0, 0x0, 0xcf, 0xf3, 0x0, 0x0,
    0x0, 0x4, 0xff, 0xb0, 0x0, 0x0, 0x0, 0xc,
    0xff, 0x30, 0x0, 0x0, 0x0, 0x4f, 0xfb, 0x0,
    0x0, 0x0, 0x0, 0xcf, 0xf3, 0x0, 0x0, 0x0,

    /* U+0038 "8" */
    0x0, 0x18, 0xdf, 0xfd, 0x81, 0x0, 0x3, 0xef,
    0xff, 0xff, 0xfe, 0x30, 0xd, 0xff, 0xa4, 0x49,
    0xff, 0xe0, 0x3f, 0xfb, 0x0, 0x0, 0xaf, 0xf4,
    0x4f, 0xf8, 0x0, 0x0, 0x7f, 0xf5, 0x1f, 0xfb,
    0x0, 0x0, 0xaf, 0xf2, 0x8, 0xff, 0x93, 0x39,
    0xff, 0x90, 0x0, 0x6e, 0xff, 0xff, 0xe6, 0x0,
    0x4, 0xdf, 0xff, 0xff, 0xfe, 0x40, 0x3f, 0xfe,
    0x50, 0x5, 0xef, 0xf4, 0xaf, 0xf4, 0x0, 0x0,
    0x3f, 0xfc, 0xdf, 0xf1, 0x0, 0x0, 0xf, 0xff,
    0xcf, 0xf5, 0x0, 0x0, 0x4f, 0xfd, 0x6f, 0xff,
    0x73, 0x37, 0xff, 0xf7, 0x8, 0xff, 0xff, 0xff,
    0xff, 0x90, 0x0, 0x39, 0xdf, 0xfe, 0xa3, 0x0,

    /* U+0039 "9" */
    0x0, 0x29, 0xdf, 0xfc, 0x70, 0x0, 0x4, 0xff,
    0xff, 0xff, 0xfc, 0x10, 0x2f, 0xff, 0xa5, 0x6c,
    0xff, 0xb0, 0x9f, 0xf7, 0x0, 0x0, 0xbf, 0xf4,
    0xdf, 0xf0, 0x0, 0x0, 0x3f, 0xf9, 0xef, 0xf0,
    0x0, 0x0, 0x2f, 0xfd, 0xbf, 0xf4, 0x0, 0x0,
    0x8f, 0xfe, 0x5f, 0xfe, 0x50, 0x18, 0xff, 0xff,
    0xb, 0xff, 0xff, 0xff, 0xbd, 0xfe, 0x0, 0x7e,
    0xff, 0xf8, 0xe, 0xfd, 0x0, 0x0, 0x22, 0x0,
    0x1f, 0xfa, 0x69, 0x91, 0x0, 0x0, 0x7f, 0xf6,
    0x7f, 0xf9, 0x0, 0x2, 0xef, 0xf1, 0x1e, 0xff,
    0xb7, 0x9f, 0xff, 0x70, 0x4, 0xff, 0xff, 0xff,
    0xf9, 0x0, 0x0, 0x29, 0xef, 0xfb, 0x40, 0x0,

    /* U+003A ":" */
    0x1, 0x51, 0x0, 0xef, 0xe1, 0x2f, 0xff, 0x30,
    0xaf, 0xa0, 0x0, 0x0, 0x0, 0x0, 0x0, 0x0,
    0x0, 0x0, 0x0, 0x0, 0x1, 0x51, 0x0, 0xef,
    0xe1, 0x2f, 0xff, 0x30, 0xaf, 0xa0,

    /* U+003B ";" */
    0x0, 0x53, 0x0, 0xbf, 0xf3, 0xf, 0xff, 0x60,
    0x7f, 0xc1, 0x0, 0x0, 0x0, 0x0, 0x0, 0x0,
    0x0, 0x0, 0x0, 0x0, 0x0, 0x0, 0x0, 0x46,
    0x60, 0xd, 0xfe, 0x0, 0xff, 0x90, 0x2f, 0xf4,
    0x4, 0xff, 0x0, 0x7f, 0xb0, 0x9, 0xf6, 0x0,

    /* U+003C "<" */
    0x0, 0x0, 0x0, 0x0, 0x0, 0x1, 0x0, 0x0,
    0x0, 0x0, 0x5, 0xc8, 0x0, 0x0, 0x0, 0x6,
    0xdf, 0xf8, 0x0, 0x0, 0x18, 0xef, 0xff, 0xe4,
    0x0, 0x29, 0xff, 0xff, 0xc5, 0x0, 0x1a, 0xff,
    0xff, 0x93, 0x0, 0x0, 0x3f, 0xff, 0x71, 0x0,
    0x0, 0x0, 0x2f, 0xff, 0xe8, 0x20, 0x0, 0x0,
    0x2, 0x9f, 0xff, 0xfb, 0x40, 0x0, 0x0, 0x1,
    0x8e, 0xff, 0xfd, 0x60, 0x0, 0x0, 0x0, 0x6e,
    0xff, 0xf8, 0x0, 0x0, 0x0, 0x0, 0x5c, 0xf8,
    0x0, 0x0, 0x0, 0x0, 0x0, 0x44,

    /* U+003D "=" */
    0x45, 0x55, 0x55, 0x55, 0x55, 0x3c, 0xff, 0xff,
    0xff, 0xff, 0xf9, 0xcf, 0xff, 0xff, 0xff, 0xff,
    0x90, 0x0, 0x0, 0x0, 0x0, 0x0, 0x0, 0x0,
    0x0, 0x0, 0x0, 0x4, 0x66, 0x66, 0x66, 0x66,
    0x63, 0xcf, 0xff, 0xff, 0xff, 0xff, 0x9c, 0xff,
    0xff, 0xff, 0xff, 0xf9,

    /* U+003E ">" */
    0x10, 0x0, 0x0, 0x0, 0x0, 0xa, 0xb4, 0x0,
    0x0, 0x0, 0x0, 0xaf, 0xfc, 0x50, 0x0, 0x0,
    0x6, 0xff, 0xff, 0xd6, 0x0, 0x0, 0x0, 0x6d,
    0xff, 0xfe, 0x81, 0x0, 0x0, 0x4, 0xbf, 0xff,
    0xf9, 0x0, 0x0, 0x0, 0x2a, 0xff, 0xf0, 0x0,
    0x0, 0x39, 0xff, 0xff, 0x0, 0x5, 0xcf, 0xff,
    0xe8, 0x11, 0x7e, 0xff, 0xfd, 0x60, 0x0, 0xaf,
    0xff, 0xc5, 0x0, 0x0, 0xa, 0xfb, 0x40, 0x0,
    0x0, 0x0, 0x63, 0x0, 0x0, 0x0, 0x0, 0x0,

    /* U+003F "?" */
    0x0, 0x18, 0xdf, 0xfc, 0x70, 0x0, 0x2e, 0xff,
    0xff, 0xff, 0xc0, 0xb, 0xff, 0xb5, 0x6d, 0xff,
    0x80, 0xff, 0xd0, 0x0, 0x2f, 0xfd, 0x6, 0x63,
    0x0, 0x0, 0xff, 0xd0, 0x0, 0x0, 0x0, 0x6f,
    0xfa, 0x0, 0x0, 0x0, 0x7f, 0xff, 0x30, 0x0,
    0x0, 0xcf, 0xfe, 0x40, 0x0, 0x0, 0x7f, 0xfa,
    0x0, 0x0, 0x0, 0xb, 0xfe, 0x0, 0x0, 0x0,
    0x0, 0xdf, 0xc0, 0x0, 0x0, 0x0, 0x0, 0x0,
    0x0, 0x0, 0x0, 0x0, 0x15, 0x10, 0x0, 0x0,
    0x0, 0x1f, 0xfe, 0x0, 0x0, 0x0, 0x4, 0xff,
    0xf2, 0x0, 0x0, 0x0, 0xb, 0xfa, 0x0, 0x0,

    /* U+0040 "@" */
    0x0, 0x0, 0x2, 0x7b, 0xef, 0xfe, 0xc8, 0x20,
    0x0, 0x0, 0x0, 0x0, 0x9f, 0xff, 0xff, 0xff,
    0xff, 0xfa, 0x10, 0x0, 0x0, 0x2d, 0xff, 0xd7,
    0x42, 0x13, 0x5a, 0xff, 0xe2, 0x0, 0x0, 0xdf,
    0xf6, 0x0, 0x0, 0x0, 0x0, 0x3e, 0xfe, 0x10,
    0x9, 0xff, 0x40, 0x0, 0x2, 0x0, 0x12, 0x11,
    0xef, 0xa0, 0x1f, 0xf9, 0x0, 0x9, 0xff, 0xfb,
    0x8f, 0x90, 0x5f, 0xf2, 0x6f, 0xf2, 0x0, 0xbf,
    0xff, 0xff, 0xff, 0x90, 0xe, 0xf7, 0xaf, 0xd0,
    0x6, 0xff, 0x60, 0x18, 0xff, 0x90, 0xa, 0xfb,
    0xcf, 0xa0, 0xb, 0xf8, 0x0, 0x0, 0xcf, 0x90,
    0x7, 0xfd, 0xdf, 0x80, 0xe, 0xf4, 0x0, 0x0,
    0x9f, 0x90, 0x7, 0xfd, 0xef, 0x80, 0xf, 0xf2,
    0x0, 0x0, 0x8f, 0x90, 0x7, 0xfd, 0xdf, 0xa0,
    0xe, 0xf4, 0x0, 0x0, 0x9f, 0x90, 0x8, 0xfb,
    0xaf, 0xc0, 0xb, 0xf8, 0x0, 0x0, 0xdf, 0x90,
    0xb, 0xf8, 0x7f, 0xf1, 0x5, 0xff, 0x40, 0x8,
    0xff, 0xc0, 0x2f, 0xf3, 0x2f, 0xf9, 0x0, 0xbf,
    0xfe, 0xff, 0xaf, 0xff, 0xff, 0xa0, 0xa, 0xff,
    0x40, 0x8, 0xef, 0xe8, 0x5, 0xdf, 0xe8, 0x0,
    0x1, 0xef, 0xf6, 0x0, 0x0, 0x0, 0x0, 0x0,
    0x0, 0x0, 0x0, 0x2e, 0xff, 0xd8, 0x42, 0x22,
    0x47, 0x90, 0x0, 0x0, 0x0, 0x1, 0xaf, 0xff,
    0xff, 0xff, 0xff, 0xf4, 0x0, 0x0, 0x0, 0x0,
    0x2, 0x7b, 0xef, 0xff, 0xd9, 0x50, 0x0, 0x0,

    /* U+0041 "A" */
    0x0, 0x0, 0x1, 0xff, 0xfe, 0x0, 0x0, 0x0,
    0x0, 0x0, 0x6, 0xff, 0xff, 0x40, 0x0, 0x0,
    0x0, 0x0, 0xc, 0xfe, 0xff, 0xa0, 0x0, 0x0,
    0x0, 0x0, 0x1f, 0xf9, 0xbf, 0xf0, 0x0, 0x0,
    0x0, 0x0, 0x7f, 0xf5, 0x7f, 0xf6, 0x0, 0x0,
    0x0, 0x0, 0xcf, 0xf1, 0x2f, 0xfb, 0x0, 0x0,
    0x0, 0x2, 0xff, 0xc0, 0xe, 0xff, 0x10, 0x0,
    0x0, 0x7, 0xff, 0x70, 0x9, 0xff, 0x70, 0x0,
    0x0, 0xd, 0xff, 0x20, 0x3, 0xff, 0xc0, 0x0,
    0x0, 0x3f, 0xfe, 0x44, 0x44, 0xff, 0xf2, 0x0,
    0x0, 0x8f, 0xff, 0xff, 0xff, 0xff, 0xf8, 0x0,
    0x0, 0xef, 0xff, 0xff, 0xff, 0xff, 0xfd, 0x0,
    0x3, 0xff, 0xd0, 0x0, 0x0, 0xd, 0xff, 0x30,
    0x9, 0xff, 0x80, 0x0, 0x0, 0x8, 0xff, 0x90,
    0xe, 0xff, 0x20, 0x0, 0x0, 0x2, 0xff, 0xe0,
    0x4f, 0xfd, 0x0, 0x0, 0x0, 0x0, 0xdf, 0xf4,

    /* U+0042 "B" */
    0x6f, 0xff, 0xff, 0xff, 0xc7, 0x0, 0x6, 0xff,
    0xff, 0xff, 0xff, 0xfd, 0x0, 0x6f, 0xfa, 0x55,
    0x58, 0xef, 0xf8, 0x6, 0xff, 0x70, 0x0, 0x4,
    0xff, 0xd0, 0x6f, 0xf7, 0x0, 0x0, 0xf, 0xfe,
    0x6, 0xff, 0x70, 0x0, 0x2, 0xff, 0xb0, 0x6f,
    0xf8, 0x0, 0x14, 0xdf, 0xf2, 0x6, 0xff, 0xff,
    0xff, 0xff, 0xa1, 0x0, 0x6f, 0xff, 0xff, 0xff,
    0xff, 0xc2, 0x6, 0xff, 0x70, 0x0, 0x17, 0xff,
    0xd0, 0x6f, 0xf7, 0x0, 0x0, 0x9, 0xff, 0x56,
    0xff, 0x70, 0x0, 0x0, 0x6f, 0xf8, 0x6f, 0xf7,
    0x0, 0x0, 0xb, 0xff, 0x76, 0xff, 0xa5, 0x55,
    0x6b, 0xff, 0xf2, 0x6f, 0xff, 0xff, 0xff, 0xff,
    0xf6, 0x6, 0xff, 0xff, 0xff, 0xfe, 0xa3, 0x0,

    /* U+0043 "C" */
    0x0, 0x0, 0x6c, 0xff, 0xeb, 0x60, 0x0, 0x0,
    0x3, 0xdf, 0xff, 0xff, 0xff, 0xd2, 0x0, 0x2,
    0xff, 0xff, 0xa8, 0xaf, 0xff, 0xe1, 0x0, 0xcf,
    0xfb, 0x10, 0x0, 0x1c, 0xff, 0x90, 0x4f, 0xfd,
    0x0, 0x0, 0x0, 0x1f, 0xff, 0x9, 0xff, 0x60,
    0x0, 0x0, 0x0, 0x46, 0x60, 0xcf, 0xf1, 0x0,
    0x0, 0x0, 0x0, 0x0, 0xd, 0xff, 0x0, 0x0,
    0x0, 0x0, 0x0, 0x0, 0xdf, 0xf0, 0x0, 0x0,
    0x0, 0x0, 0x0, 0xc, 0xff, 0x10, 0x0, 0x0,
    0x0, 0x0, 0x0, 0x9f, 0xf6, 0x0, 0x0, 0x0,
    0x5, 0x66, 0x14, 0xff, 0xd0, 0x0, 0x0, 0x1,
    0xff, 0xf0, 0xc, 0xff, 0xa0, 0x0, 0x1, 0xcf,
    0xf9, 0x0, 0x2f, 0xff, 0xfa, 0x9a, 0xff, 0xfd,
    0x10, 0x0, 0x3e, 0xff, 0xff, 0xff, 0xfc, 0x10,
    0x0, 0x0, 0x7, 0xcf, 0xfe, 0xb6, 0x0, 0x0,

    /* U+0044 "D" */
    0x6f, 0xff, 0xff, 0xfe, 0xb5, 0x0, 0x0, 0x6f,
    0xff, 0xff, 0xff, 0xff, 0xd2, 0x0, 0x6f, 0xfb,
    0x77, 0x7a, 0xef, 0xfe, 0x10, 0x6f, 0xf7, 0x0,
    0x0, 0xa, 0xff, 0xb0, 0x6f, 0xf7, 0x0, 0x0,
    0x0, 0xdf, 0xf2, 0x6f, 0xf7, 0x0, 0x0, 0x0,
    0x6f, 0xf7, 0x6f, 0xf7, 0x0, 0x0, 0x0, 0x2f,
    0xfa, 0x6f, 0xf7, 0x0, 0x0, 0x0, 0x1f, 0xfb,
    0x6f, 0xf7, 0x0, 0x0, 0x0, 0x1f, 0xfb, 0x6f,
    0xf7, 0x0, 0x0, 0x0, 0x2f, 0xfa, 0x6f, 0xf7,
    0x0, 0x0, 0x0, 0x6f, 0xf7, 0x6f, 0xf7, 0x0,
    0x0, 0x0, 0xdf, 0xf2, 0x6f, 0xf7, 0x0, 0x0,
    0xa, 0xff, 0xb0, 0x6f, 0xfb, 0x77, 0x7a, 0xef,
    0xfe, 0x10, 0x6f, 0xff, 0xff, 0xff, 0xff, 0xd2,
    0x0, 0x6f, 0xff, 0xff, 0xfe, 0xb5, 0x0, 0x0,

    /* U+0045 "E" */
    0x6f, 0xff, 0xff, 0xff, 0xff, 0xf0, 0x6f, 0xff,
    0xff, 0xff, 0xff, 0xf0, 0x6f, 0xfa, 0x66, 0x66,
    0x66, 0x60, 0x6f, 0xf7, 0x0, 0x0, 0x0, 0x0,
    0x6f, 0xf7, 0x0, 0x0, 0x0, 0x0, 0x6f, 0xf7,
    0x0, 0x0, 0x0, 0x0, 0x6f, 0xf7, 0x0, 0x0,
    0x0, 0x0, 0x6f, 0xff, 0xff, 0xff, 0xff, 0x70,
    0x6f, 0xff, 0xff, 0xff, 0xff, 0x70, 0x6f, 0xfa,
    0x55, 0x55, 0x55, 0x20, 0x6f, 0xf7, 0x0, 0x0,
    0x0, 0x0, 0x6f, 0xf7, 0x0, 0x0, 0x0, 0x0,
    0x6f, 0xf7, 0x0, 0x0, 0x0, 0x0, 0x6f, 0xfb,
    0x66, 0x66, 0x66, 0x60, 0x6f, 0xff, 0xff, 0xff,
    0xff, 0xf0, 0x6f, 0xff, 0xff, 0xff, 0xff, 0xf0,

    /* U+0046 "F" */
    0x6f, 0xff, 0xff, 0xff, 0xff, 0xd6, 0xff, 0xff,
    0xff, 0xff, 0xfd, 0x6f, 0xfa, 0x66, 0x66, 0x66,
    0x56, 0xff, 0x70, 0x0, 0x0, 0x0, 0x6f, 0xf7,
    0x0, 0x0, 0x0, 0x6, 0xff, 0x70, 0x0, 0x0,
    0x0, 0x6f, 0xf7, 0x0, 0x0, 0x0, 0x6, 0xff,
    0xa5, 0x55, 0x55, 0x50, 0x6f, 0xff, 0xff, 0xff,
    0xff, 0x26, 0xff, 0xff, 0xff, 0xff, 0xf2, 0x6f,
    0xf7, 0x0, 0x0, 0x0, 0x6, 0xff, 0x70, 0x0,
    0x0, 0x0, 0x6f, 0xf7, 0x0, 0x0, 0x0, 0x6,
    0xff, 0x70, 0x0, 0x0, 0x0, 0x6f, 0xf7, 0x0,
    0x0, 0x0, 0x6, 0xff, 0x70, 0x0, 0x0, 0x0,

    /* U+0047 "G" */
    0x0, 0x0, 0x6c, 0xff, 0xeb, 0x60, 0x0, 0x0,
    0x3, 0xdf, 0xff, 0xff, 0xff, 0xd2, 0x0, 0x2,
    0xff, 0xfe, 0xa8, 0xaf, 0xff, 0xe1, 0x0, 0xcf,
    0xfb, 0x0, 0x0, 0x1c, 0xff, 0x90, 0x4f, 0xfd,
    0x0, 0x0, 0x0, 0x2f, 0xff, 0x9, 0xff, 0x60,
    0x0, 0x0, 0x0, 0x34, 0x40, 0xcf, 0xf1, 0x0,
    0x0, 0x0, 0x0, 0x0, 0xd, 0xff, 0x0, 0x0,
    0x3, 0x33, 0x33, 0x31, 0xdf, 0xf0, 0x0, 0x2,
    0xff, 0xff, 0xff, 0x5c, 0xff, 0x20, 0x0, 0x2f,
    0xff, 0xff, 0xf4, 0x9f, 0xf6, 0x0, 0x0, 0x0,
    0x8, 0xff, 0x34, 0xff, 0xd0, 0x0, 0x0, 0x0,
    0xdf, 0xf1, 0xc, 0xff, 0xb1, 0x0, 0x0, 0x9f,
    0xfb, 0x0, 0x2f, 0xff, 0xfa, 0x9a, 0xef, 0xff,
    0x20, 0x0, 0x3e, 0xff, 0xff, 0xff, 0xfe, 0x30,
    0x0, 0x0, 0x6, 0xce, 0xfe, 0xc7, 0x0, 0x0,

    /* U+0048 "H" */
    0x6f, 0xf7, 0x0, 0x0, 0x0, 0x1f, 0xfc, 0x6f,
    0xf7, 0x0, 0x0, 0x0, 0x1f, 0xfc, 0x6f, 0xf7,
    0x0, 0x0, 0x0, 0x1f, 0xfc, 0x6f, 0xf7, 0x0,
    0x0, 0x0, 0x1f, 0xfc, 0x6f, 0xf7, 0x0, 0x0,
    0x0, 0x1f, 0xfc, 0x6f, 0xf7, 0x0, 0x0, 0x0,
    0x1f, 0xfc, 0x6f, 0xfb, 0x66, 0x66, 0x66, 0x7f,
    0xfc, 0x6f, 0xff, 0xff, 0xff, 0xff, 0xff, 0xfc,
    0x6f, 0xff, 0xff, 0xff, 0xff, 0xff, 0xfc, 0x6f,
    0xf7, 0x0, 0x0, 0x0, 0x1f, 0xfc, 0x6f, 0xf7,
    0x0, 0x0, 0x0, 0x1f, 0xfc, 0x6f, 0xf7, 0x0,
    0x0, 0x0, 0x1f, 0xfc, 0x6f, 0xf7, 0x0, 0x0,
    0x0, 0x1f, 0xfc, 0x6f, 0xf7, 0x0, 0x0, 0x0,
    0x1f, 0xfc, 0x6f, 0xf7, 0x0, 0x0, 0x0, 0x1f,
    0xfc, 0x6f, 0xf7, 0x0, 0x0, 0x0, 0x1f, 0xfc,

    /* U+0049 "I" */
    0x6f, 0xf7, 0x6f, 0xf7, 0x6f, 0xf7, 0x6f, 0xf7,
    0x6f, 0xf7, 0x6f, 0xf7, 0x6f, 0xf7, 0x6f, 0xf7,
    0x6f, 0xf7, 0x6f, 0xf7, 0x6f, 0xf7, 0x6f, 0xf7,
    0x6f, 0xf7, 0x6f, 0xf7, 0x6f, 0xf7, 0x6f, 0xf7,

    /* U+004A "J" */
    0x0, 0x0, 0x0, 0x0, 0xbf, 0xf2, 0x0, 0x0,
    0x0, 0x0, 0xbf, 0xf2, 0x0, 0x0, 0x0, 0x0,
    0xbf, 0xf2, 0x0, 0x0, 0x0, 0x0, 0xbf, 0xf2,
    0x0, 0x0, 0x0, 0x0, 0xbf, 0xf2, 0x0, 0x0,
    0x0, 0x0, 0xbf, 0xf2, 0x0, 0x0, 0x0, 0x0,
    0xbf, 0xf2, 0x0, 0x0, 0x0, 0x0, 0xbf, 0xf2,
    0x0, 0x0, 0x0, 0x0, 0xbf, 0xf2, 0x0, 0x0,
    0x0, 0x0, 0xbf, 0xf2, 0x1c, 0xc8, 0x0, 0x0,
    0xbf, 0xf2, 0x2f, 0xfb, 0x0, 0x0, 0xbf, 0xf2,
    0xf, 0xff, 0x10, 0x1, 0xff, 0xf0, 0xa, 0xff,
    0xd6, 0x6d, 0xff, 0xa0, 0x1, 0xdf, 0xff, 0xff,
    0xfd, 0x10, 0x0, 0x18, 0xdf, 0xfd, 0x81, 0x0,

    /* U+004B "K" */
    0x6f, 0xf7, 0x0, 0x0, 0x3, 0xff, 0xf5, 0x6f,
    0xf7, 0x0, 0x0, 0x2e, 0xff, 0x70, 0x6f, 0xf7,
    0x0, 0x1, 0xef, 0xf9, 0x0, 0x6f, 0xf7, 0x0,
    0xc, 0xff, 0xa0, 0x0, 0x6f, 0xf7, 0x0, 0xbf,
    0xfc, 0x0, 0x0, 0x6f, 0xf7, 0x9, 0xff, 0xd1,
    0x0, 0x0, 0x6f, 0xf7, 0x5f, 0xfe, 0x20, 0x0,
    0x0, 0x6f, 0xf9, 0xff, 0xff, 0x10, 0x0, 0x0,
    0x6f, 0xff, 0xff, 0xff, 0xb0, 0x0, 0x0, 0x6f,
    0xff, 0xe2, 0xdf, 0xf6, 0x0, 0x0, 0x6f, 0xff,
    0x20, 0x3f, 0xff, 0x20, 0x0, 0x6f, 0xf8, 0x0,
    0x8, 0xff, 0xc0, 0x0, 0x6f, 0xf7, 0x0, 0x0,
    0xdf, 0xf7, 0x0, 0x6f, 0xf7, 0x0, 0x0, 0x3f,
    0xff, 0x30, 0x6f, 0xf7, 0x0, 0x0, 0x8, 0xff,
    0xd0, 0x6f, 0xf7, 0x0, 0x0, 0x0, 0xcf, 0xf9,

    /* U+004C "L" */
    0x6f, 0xf7, 0x0, 0x0, 0x0, 0x6, 0xff, 0x70,
    0x0, 0x0, 0x0, 0x6f, 0xf7, 0x0, 0x0, 0x0,
    0x6, 0xff, 0x70, 0x0, 0x0, 0x0, 0x6f, 0xf7,
    0x0, 0x0, 0x0, 0x6, 0xff, 0x70, 0x0, 0x0,
    0x0, 0x6f, 0xf7, 0x0, 0x0, 0x0, 0x6, 0xff,
    0x70, 0x0, 0x0, 0x0, 0x6f, 0xf7, 0x0, 0x0,
    0x0, 0x6, 0xff, 0x70, 0x0, 0x0, 0x0, 0x6f,
    0xf7, 0x0, 0x0, 0x0, 0x6, 0xff, 0x70, 0x0,
    0x0, 0x0, 0x6f, 0xf7, 0x0, 0x0, 0x0, 0x6,
    0xff, 0xb6, 0x66, 0x66, 0x63, 0x6f, 0xff, 0xff,
    0xff, 0xff, 0x86, 0xff, 0xff, 0xff, 0xff, 0xf8,

    /* U+004D "M" */
    0x6f, 0xff, 0xf2, 0x0, 0x0, 0x0, 0xd, 0xff,
    0xfb, 0x6f, 0xff, 0xf7, 0x0, 0x0, 0x0, 0x3f,
    0xff, 0xfb, 0x6f, 0xff, 0xfd, 0x0, 0x0, 0x0,
    0x8f, 0xff, 0xfb, 0x6f, 0xfd, 0xff, 0x30, 0x0,
    0x0, 0xef, 0xcf, 0xfb, 0x6f, 0xf8, 0xff, 0x90,
    0x0, 0x4, 0xff, 0x8f, 0xfb, 0x6f, 0xf6, 0xef,
    0xe0, 0x0, 0xa, 0xff, 0x4f, 0xfb, 0x6f, 0xf6,
    0x9f, 0xf5, 0x0, 0xf, 0xfd, 0x2f, 0xfb, 0x6f,
    0xf6, 0x4f, 0xfa, 0x0, 0x6f, 0xf8, 0x2f, 0xfb,
    0x6f, 0xf6, 0xe, 0xff, 0x10, 0xbf, 0xf2, 0x2f,
    0xfb, 0x6f, 0xf6, 0x8, 0xff, 0x50, 0xff, 0xc0,
    0x2f, 0xfb, 0x6f, 0xf6, 0x2, 0xff, 0x94, 0xff,
    0x60, 0x2f, 0xfb, 0x6f, 0xf6, 0x0, 0xcf, 0xd8,
    0xff, 0x10, 0x2f, 0xfb, 0x6f, 0xf6, 0x0, 0x6f,
    0xfd, 0xfa, 0x0, 0x2f, 0xfb, 0x6f, 0xf6, 0x0,
    0xf, 0xff, 0xf4, 0x0, 0x2f, 0xfb, 0x6f, 0xf6,
    0x0, 0xa, 0xff, 0xe0, 0x0, 0x2f, 0xfb, 0x6f,
    0xf6, 0x0, 0x4, 0xff, 0x80, 0x0, 0x2f, 0xfb,

    /* U+004E "N" */
    0x6f, 0xff, 0x30, 0x0, 0x0, 0xd, 0xff, 0x16,
    0xff, 0xfc, 0x0, 0x0, 0x0, 0xdf, 0xf1, 0x6f,
    0xff, 0xf7, 0x0, 0x0, 0xd, 0xff, 0x16, 0xff,
    0xff, 0xf2, 0x0, 0x0, 0xdf, 0xf1, 0x6f, 0xf9,
    0xff, 0xb0, 0x0, 0xd, 0xff, 0x16, 0xff, 0x6b,
    0xff, 0x50, 0x0, 0xdf, 0xf1, 0x6f, 0xf7, 0x2f,
    0xfe, 0x10, 0xd, 0xff, 0x16, 0xff, 0x80, 0x8f,
    0xfa, 0x0, 0xdf, 0xf1, 0x6f, 0xf8, 0x0, 0xef,
    0xf4, 0xd, 0xff, 0x16, 0xff, 0x80, 0x4, 0xff,
    0xd0, 0xcf, 0xf1, 0x6f, 0xf8, 0x0, 0xa, 0xff,
    0x6c, 0xff, 0x16, 0xff, 0x80, 0x0, 0x1e, 0xfe,
    0xbf, 0xf1, 0x6f, 0xf8, 0x0, 0x0, 0x6f, 0xff,
    0xff, 0x16, 0xff, 0x80, 0x0, 0x0, 0xbf, 0xff,
    0xf1, 0x6f, 0xf8, 0x0, 0x0, 0x2, 0xff, 0xff,
    0x16, 0xff, 0x80, 0x0, 0x0, 0x7, 0xff, 0xf1,

    /* U+004F "O" */
    0x0, 0x0, 0x6c, 0xef, 0xeb, 0x60, 0x0, 0x0,
    0x3, 0xdf, 0xff, 0xff, 0xff, 0xd2, 0x0, 0x2,
    0xff, 0xfe, 0xa8, 0xaf, 0xff, 0xe1, 0x0, 0xcf,
    0xfb, 0x0, 0x0, 0x1b, 0xff, 0xb0, 0x4f, 0xfd,
    0x0, 0x0, 0x0, 0xe, 0xff, 0x39, 0xff, 0x60,
    0x0, 0x0, 0x0, 0x7f, 0xf8, 0xcf, 0xf1, 0x0,
    0x0, 0x0, 0x3, 0xff, 0xad, 0xff, 0x0, 0x0,
    0x0, 0x0, 0x1f, 0xfc, 0xdf, 0xf0, 0x0, 0x0,
    0x0, 0x1, 0xff, 0xcc, 0xff, 0x10, 0x0, 0x0,
    0x0, 0x3f, 0xfa, 0x9f, 0xf6, 0x0, 0x0, 0x0,
    0x7, 0xff, 0x84, 0xff, 0xd0, 0x0, 0x0, 0x0,
    0xef, 0xf3, 0xc, 0xff, 0xb0, 0x0, 0x1, 0xbf,
    0xfb, 0x0, 0x2f, 0xff, 0xfa, 0x9a, 0xff, 0xfe,
    0x10, 0x0, 0x3d, 0xff, 0xff, 0xff, 0xfd, 0x20,
    0x0, 0x0, 0x6, 0xce, 0xfe, 0xb6, 0x0, 0x0,

    /* U+0050 "P" */
    0x6f, 0xff, 0xff, 0xff, 0xc6, 0x0, 0x6, 0xff,
    0xff, 0xff, 0xff, 0xfc, 0x0, 0x6f, 0xfa, 0x66,
    0x69, 0xff, 0xf9, 0x6, 0xff, 0x70, 0x0, 0x3,
    0xff, 0xf0, 0x6f, 0xf7, 0x0, 0x0, 0xc, 0xff,
    0x36, 0xff, 0x70, 0x0, 0x0, 0xbf, 0xf3, 0x6f,
    0xf7, 0x0, 0x0, 0xf, 0xff, 0x16, 0xff, 0x70,
    0x0, 0x3c, 0xff, 0xb0, 0x6f, 0xff, 0xff, 0xff,
    0xff, 0xe2, 0x6, 0xff, 0xff, 0xff, 0xff, 0xb2,
    0x0, 0x6f, 0xfa, 0x55, 0x54, 0x10, 0x0, 0x6,
    0xff, 0x70, 0x0, 0x0, 0x0, 0x0, 0x6f, 0xf7,
    0x0, 0x0, 0x0, 0x0, 0x6, 0xff, 0x70, 0x0,
    0x0, 0x0, 0x0, 0x6f, 0xf7, 0x0, 0x0, 0x0,
    0x0, 0x6, 0xff, 0x70, 0x0, 0x0, 0x0, 0x0,

    /* U+0051 "Q" */
    0x0, 0x0, 0x6c, 0xef, 0xeb, 0x60, 0x0, 0x0,
    0x3, 0xdf, 0xff, 0xff, 0xff, 0xd2, 0x0, 0x2,
    0xff, 0xfe, 0xa8, 0xaf, 0xff, 0xe1, 0x0, 0xcf,
    0xfb, 0x0, 0x0, 0x1b, 0xff, 0xb0, 0x4f, 0xfd,
    0x0, 0x0, 0x0, 0xe, 0xff, 0x39, 0xff, 0x60,
    0x0, 0x0, 0x0, 0x7f, 0xf8, 0xcf, 0xf1, 0x0,
    0x0, 0x0, 0x3, 0xff, 0xad, 0xff, 0x0, 0x0,
    0x0, 0x0, 0x1f, 0xfc, 0xdf, 0xf0, 0x0, 0x0,
    0x0, 0x1, 0xff, 0xcc, 0xff, 0x10, 0x0, 0x0,
    0x0, 0x3f, 0xfa, 0x9f, 0xf6, 0x0, 0x16, 0x62,
    0x7, 0xff, 0x84, 0xff, 0xd0, 0x0, 0xbf, 0xd1,
    0xef, 0xf3, 0xc, 0xff, 0xb0, 0x1, 0xdf, 0xff,
    0xfb, 0x0, 0x2f, 0xff, 0xfa, 0x9c, 0xff, 0xfe,
    0x10, 0x0, 0x3d, 0xff, 0xff, 0xff, 0xff, 0x70,
    0x0, 0x0, 0x6, 0xce, 0xfe, 0xbb, 0xff, 0x30,
    0x0, 0x0, 0x0, 0x0, 0x0, 0xb, 0xfe, 0x10,

    /* U+0052 "R" */
    0x6f, 0xff, 0xff, 0xff, 0xc6, 0x0, 0x6, 0xff,
    0xff, 0xff, 0xff, 0xfc, 0x0, 0x6f, 0xfa, 0x66,
    0x69, 0xff, 0xf9, 0x6, 0xff, 0x70, 0x0, 0x3,
    0xff, 0xf0, 0x6f, 0xf7, 0x0, 0x0, 0xc, 0xff,
    0x26, 0xff, 0x70, 0x0, 0x0, 0xbf, 0xf3, 0x6f,
    0xf7, 0x0, 0x0, 0xe, 0xff, 0x16, 0xff, 0x70,
    0x0, 0x2b, 0xff, 0xc0, 0x6f, 0xff, 0xff, 0xff,
    0xff, 0xf3, 0x6, 0xff, 0xff, 0xff, 0xff, 0xd3,
    0x0, 0x6f, 0xfa, 0x55, 0x9f, 0xfb, 0x0, 0x6,
    0xff, 0x70, 0x0, 0xdf, 0xf4, 0x0, 0x6f, 0xf7,
    0x0, 0x5, 0xff, 0xd0, 0x6, 0xff, 0x70, 0x0,
    0xc, 0xff, 0x60, 0x6f, 0xf7, 0x0, 0x0, 0x3f,
    0xfe, 0x6, 0xff, 0x70, 0x0, 0x0, 0xaf, 0xf8,

    /* U+0053 "S" */
    0x0, 0x17, 0xcf, 0xfe, 0xb5, 0x0, 0x0, 0x3e,
    0xff, 0xff, 0xff, 0xfa, 0x0, 0xe, 0xff, 0xc7,
    0x69, 0xff, 0xf8, 0x6, 0xff, 0xa0, 0x0, 0x2,
    0xff, 0xe0, 0x8f, 0xf6, 0x0, 0x0, 0x6, 0x88,
    0x6, 0xff, 0xc0, 0x0, 0x0, 0x0, 0x0, 0x1e,
    0xff, 0xe9, 0x51, 0x0, 0x0, 0x0, 0x2d, 0xff,
    0xff, 0xfc, 0x60, 0x0, 0x0, 0x5, 0xae, 0xff,
    0xff, 0xd1, 0x0, 0x0, 0x0, 0x3, 0x7e, 0xff,
    0xc0, 0x0, 0x0, 0x0, 0x0, 0xd, 0xff, 0x2c,
    0xdc, 0x0, 0x0, 0x0, 0x9f, 0xf4, 0xcf, 0xf6,
    0x0, 0x0, 0x1e, 0xff, 0x25, 0xff, 0xfb, 0x77,
    0x9f, 0xff, 0xb0, 0x7, 0xff, 0xff, 0xff, 0xff,
    0xc1, 0x0, 0x3, 0x9d, 0xff, 0xeb, 0x60, 0x0,

    /* U+0054 "T" */
    0x1f, 0xff, 0xff, 0xff, 0xff, 0xff, 0xfa, 0x1f,
    0xff, 0xff, 0xff, 0xff, 0xff, 0xfa, 0x6, 0x66,
    0x67, 0xff, 0xd6, 0x66, 0x63, 0x0, 0x0, 0x2,
    0xff, 0xb0, 0x0, 0x0, 0x0, 0x0, 0x2, 0xff,
    0xb0, 0x0, 0x0, 0x0, 0x0, 0x2, 0xff, 0xb0,
    0x0, 0x0, 0x0, 0x0, 0x2, 0xff, 0xb0, 0x0,
    0x0, 0x0, 0x0, 0x2, 0xff, 0xb0, 0x0, 0x0,
    0x0, 0x0, 0x2, 0xff, 0xb0, 0x0, 0x0, 0x0,
    0x0, 0x2, 0xff, 0xb0, 0x0, 0x0, 0x0, 0x0,
    0x2, 0xff, 0xb0, 0x0, 0x0, 0x0, 0x0, 0x2,
    0xff, 0xb0, 0x0, 0x0, 0x0, 0x0, 0x2, 0xff,
    0xb0, 0x0, 0x0, 0x0, 0x0, 0x2, 0xff, 0xb0,
    0x0, 0x0, 0x0, 0x0, 0x2, 0xff, 0xb0, 0x0,
    0x0, 0x0, 0x0, 0x2, 0xff, 0xb0, 0x0, 0x0,

    /* U+0055 "U" */
    0x6f, 0xf7, 0x0, 0x0, 0x0, 0x4f, 0xf9, 0x6f,
    0xf7, 0x0, 0x0, 0x0, 0x4f, 0xf9, 0x6f, 0xf7,
    0x0, 0x0, 0x0, 0x4f, 0xf9, 0x6f, 0xf7, 0x0,
    0x0, 0x0, 0x4f, 0xf9, 0x6f, 0xf7, 0x0, 0x0,
    0x0, 0x4f, 0xf9, 0x6f, 0xf7, 0x0, 0x0, 0x0,
    0x4f, 0xf9, 0x6f, 0xf7, 0x0, 0x0, 0x0, 0x4f,
    0xf9, 0x6f, 0xf7, 0x0, 0x0, 0x0, 0x4f, 0xf9,
    0x6f, 0xf7, 0x0, 0x0, 0x0, 0x4f, 0xf9, 0x6f,
    0xf7, 0x0, 0x0, 0x0, 0x4f, 0xf9, 0x6f, 0xf8,
    0x0, 0x0, 0x0, 0x5f, 0xf9, 0x4f, 0xfc, 0x0,
    0x0, 0x0, 0x9f, 0xf7, 0xe, 0xff, 0x80, 0x0,
    0x5, 0xff, 0xf2, 0x6, 0xff, 0xfd, 0x98, 0xcf,
    0xff, 0x90, 0x0, 0x7f, 0xff, 0xff, 0xff, 0xfa,
    0x0, 0x0, 0x2, 0x9d, 0xff, 0xea, 0x40, 0x0,

    /* U+0056 "V" */
    0x4f, 0xfd, 0x0, 0x0, 0x0, 0x0, 0xdf, 0xf4,
    0xe, 0xff, 0x30, 0x0, 0x0, 0x2, 0xff, 0xe0,
    0x9, 0xff, 0x80, 0x0, 0x0, 0x7, 0xff, 0x90,
    0x3, 0xff, 0xd0, 0x0, 0x0, 0xd, 0xff, 0x40,
    0x0, 0xdf, 0xf3, 0x0, 0x0, 0x2f, 0xfe, 0x0,
    0x0, 0x8f, 0xf8, 0x0, 0x0, 0x7f, 0xf8, 0x0,
    0x0, 0x2f, 0xfe, 0x0, 0x0, 0xcf, 0xf3, 0x0,
    0x0, 0xc, 0xff, 0x30, 0x2, 0xff, 0xd0, 0x0,
    0x0, 0x7, 0xff, 0x90, 0x7, 0xff, 0x80, 0x0,
    0x0, 0x1, 0xff, 0xe0, 0xc, 0xff, 0x20, 0x0,
    0x0, 0x0, 0xbf, 0xf3, 0x1f, 0xfc, 0x0, 0x0,
    0x0, 0x0, 0x5f, 0xf7, 0x5f, 0xf7, 0x0, 0x0,
    0x0, 0x0, 0xf, 0xfc, 0x9f, 0xf1, 0x0, 0x0,
    0x0, 0x0, 0xa, 0xff, 0xef, 0xc0, 0x0, 0x0,
    0x0, 0x0, 0x4, 0xff, 0xff, 0x60, 0x0, 0x0,
    0x0, 0x0, 0x0, 0xef, 0xff, 0x10, 0x0, 0x0,

    /* U+0057 "W" */
    0x5f, 0xfc, 0x0, 0x0, 0x6, 0xff, 0xd0, 0x0,
    0x0, 0x5f, 0xfc, 0x1f, 0xff, 0x0, 0x0, 0xa,
    0xff, 0xf1, 0x0, 0x0, 0x8f, 0xf8, 0xc, 0xff,
    0x30, 0x0, 0xe, 0xff, 0xf6, 0x0, 0x0, 0xcf,
    0xf3, 0x8, 0xff, 0x70, 0x0, 0x3f, 0xfe, 0xfa,
    0x0, 0x0, 0xff, 0xf0, 0x4, 0xff, 0xb0, 0x0,
    0x7f, 0xfa, 0xfe, 0x0, 0x4, 0xff, 0xb0, 0x0,
    0xff, 0xf0, 0x0, 0xbf, 0xd6, 0xff, 0x20, 0x8,
    0xff, 0x60, 0x0, 0xbf, 0xf3, 0x0, 0xff, 0xa3,
    0xff, 0x60, 0xc, 0xff, 0x20, 0x0, 0x7f, 0xf7,
    0x3, 0xff, 0x60, 0xff, 0xa0, 0xf, 0xfe, 0x0,
    0x0, 0x2f, 0xfb, 0x7, 0xff, 0x10, 0xbf, 0xe0,
    0x4f, 0xf9, 0x0, 0x0, 0xe, 0xfe, 0xb, 0xfd,
    0x0, 0x6f, 0xf2, 0x7f, 0xf5, 0x0, 0x0, 0xa,
    0xff, 0x1e, 0xf9, 0x0, 0x2f, 0xf5, 0xaf, 0xf1,
    0x0, 0x0, 0x5, 0xff, 0x6f, 0xf5, 0x0, 0xe,
    0xf8, 0xdf, 0xc0, 0x0, 0x0, 0x1, 0xff, 0xcf,
    0xf1, 0x0, 0xa, 0xfc, 0xff, 0x80, 0x0, 0x0,
    0x0, 0xdf, 0xff, 0xc0, 0x0, 0x6, 0xff, 0xff,
    0x40, 0x0, 0x0, 0x0, 0x8f, 0xff, 0x80, 0x0,
    0x1, 0xff, 0xff, 0x0, 0x0, 0x0, 0x0, 0x4f,
    0xff, 0x40, 0x0, 0x0, 0xdf, 0xfb, 0x0, 0x0,

    /* U+0058 "X" */
    0xa, 0xff, 0xa0, 0x0, 0x0, 0xb, 0xff, 0x80,
    0x1, 0xef, 0xf5, 0x0, 0x0, 0x6f, 0xfc, 0x0,
    0x0, 0x4f, 0xfe, 0x10, 0x2, 0xff, 0xf2, 0x0,
    0x0, 0x9, 0xff, 0xa0, 0xb, 0xff, 0x70, 0x0,
    0x0, 0x0, 0xef, 0xf3, 0x5f, 0xfc, 0x0, 0x0,
    0x0, 0x0, 0x4f, 0xfc, 0xdf, 0xf2, 0x0, 0x0,
    0x0, 0x0, 0x9, 0xff, 0xff, 0x70, 0x0, 0x0,
    0x0, 0x0, 0x0, 0xef, 0xfd, 0x0, 0x0, 0x0,
    0x0, 0x0, 0x2, 0xff, 0xff, 0x20, 0x0, 0x0,
    0x0, 0x0, 0xd, 0xff, 0xff, 0xc0, 0x0, 0x0,
    0x0, 0x0, 0x9f, 0xf8, 0xbf, 0xf7, 0x0, 0x0,
    0x0, 0x4, 0xff, 0xe0, 0x2f, 0xff, 0x30, 0x0,
    0x0, 0x1e, 0xff, 0x40, 0x7, 0xff, 0xd0, 0x0,
    0x0, 0xaf, 0xf9, 0x0, 0x0, 0xcf, 0xf8, 0x0,
    0x6, 0xff, 0xd0, 0x0, 0x0, 0x2f, 0xff, 0x30,
    0x2f, 0xff, 0x30, 0x0, 0x0, 0x7, 0xff, 0xe0,

    /* U+0059 "Y" */
    0x2f, 0xff, 0x30, 0x0, 0x0, 0x7, 0xff, 0xd0,
    0x9, 0xff, 0xb0, 0x0, 0x0, 0x1e, 0xff, 0x40,
    0x0, 0xef, 0xf4, 0x0, 0x0, 0x8f, 0xfa, 0x0,
    0x0, 0x5f, 0xfd, 0x0, 0x2, 0xff, 0xf1, 0x0,
    0x0, 0xc, 0xff, 0x70, 0xa, 0xff, 0x70, 0x0,
    0x0, 0x2, 0xff, 0xe1, 0x3f, 0xfd, 0x0, 0x0,
    0x0, 0x0, 0x8f, 0xf8, 0xbf, 0xf4, 0x0, 0x0,
    0x0, 0x0, 0xe, 0xff, 0xff, 0xa0, 0x0, 0x0,
    0x0, 0x0, 0x5, 0xff, 0xff, 0x20, 0x0, 0x0,
    0x0, 0x0, 0x0, 0xbf, 0xf8, 0x0, 0x0, 0x0,
    0x0, 0x0, 0x0, 0x8f, 0xf5, 0x0, 0x0, 0x0,
    0x0, 0x0, 0x0, 0x8f, 0xf5, 0x0, 0x0, 0x0,
    0x0, 0x0, 0x0, 0x8f, 0xf5, 0x0, 0x0, 0x0,
    0x0, 0x0, 0x0, 0x8f, 0xf5, 0x0, 0x0, 0x0,
    0x0, 0x0, 0x0, 0x8f, 0xf5, 0x0, 0x0, 0x0,
    0x0, 0x0, 0x0, 0x8f, 0xf5, 0x0, 0x0, 0x0,

    /* U+005A "Z" */
    0xcf, 0xff, 0xff, 0xff, 0xff, 0xff, 0x1c, 0xff,
    0xff, 0xff, 0xff, 0xff, 0xf0, 0x46, 0x66, 0x66,
    0x66, 0xbf, 0xf9, 0x0, 0x0, 0x0, 0x0, 0x3f,
    0xfd, 0x0, 0x0, 0x0, 0x0, 0x1e, 0xff, 0x30,
    0x0, 0x0, 0x0, 0xa, 0xff, 0x70, 0x0, 0x0,
    0x0, 0x5, 0xff, 0xc0, 0x0, 0x0, 0x0, 0x1,
    0xef, 0xf2, 0x0, 0x0, 0x0, 0x0, 0xbf, 0xf6,
    0x0, 0x0, 0x0, 0x0, 0x6f, 0xfb, 0x0, 0x0,
    0x0, 0x0, 0x2f, 0xfe, 0x10, 0x0, 0x0, 0x0,
    0xc, 0xff, 0x50, 0x0, 0x0, 0x0, 0x7, 0xff,
    0x90, 0x0, 0x0, 0x0, 0x3, 0xff, 0xe5, 0x55,
    0x55, 0x55, 0x50, 0xaf, 0xff, 0xff, 0xff, 0xff,
    0xff, 0x1b, 0xff, 0xff, 0xff, 0xff, 0xff, 0xf1,

    /* U+005B "[" */
    0xef, 0xff, 0xf0, 0xef, 0xff, 0xf0, 0xef, 0xd2,
    0x20, 0xef, 0xc0, 0x0, 0xef, 0xc0, 0x0, 0xef,
    0xc0, 0x0, 0xef, 0xc0, 0x0, 0xef, 0xc0, 0x0,
    0xef, 0xc0, 0x0, 0xef, 0xc0, 0x0, 0xef, 0xc0,
    0x0, 0xef, 0xc0, 0x0, 0xef, 0xc0, 0x0, 0xef,
    0xc0, 0x0, 0xef, 0xc0, 0x0, 0xef, 0xc0, 0x0,
    0xef, 0xc0, 0x0, 0xef, 0xd2, 0x20, 0xef, 0xff,
    0xf0, 0xef, 0xff, 0xf0,

    /* U+005C "\\" */
    0x8f, 0xe0, 0x0, 0x0, 0x3f, 0xf3, 0x0, 0x0,
    0xf, 0xf7, 0x0, 0x0, 0xb, 0xfc, 0x0, 0x0,
    0x6, 0xff, 0x0, 0x0, 0x2, 0xff, 0x40, 0x0,
    0x0, 0xef, 0x90, 0x0, 0x0, 0x9f, 0xd0, 0x0,
    0x0, 0x5f, 0xf1, 0x0, 0x0, 0x1f, 0xf6, 0x0,
    0x0, 0xc, 0xfa, 0x0, 0x0, 0x8, 0xfe, 0x0,
    0x0, 0x3, 0xff, 0x30, 0x0, 0x0, 0xff, 0x70,
    0x0, 0x0, 0xbf, 0xb0, 0x0, 0x0, 0x6f, 0xf0,
    0x0, 0x0, 0x2f, 0xf4, 0x0, 0x0, 0xe, 0xf8,
    0x0, 0x0, 0x9, 0xfd,

    /* U+005D "]" */
    0xdf, 0xff, 0xf1, 0xdf, 0xff, 0xf1, 0x22, 0xaf,
    0xf1, 0x0, 0x9f, 0xf1, 0x0, 0x9f, 0xf1, 0x0,
    0x9f, 0xf1, 0x0, 0x9f, 0xf1, 0x0, 0x9f, 0xf1,
    0x0, 0x9f, 0xf1, 0x0, 0x9f, 0xf1, 0x0, 0x9f,
    0xf1, 0x0, 0x9f, 0xf1, 0x0, 0x9f, 0xf1, 0x0,
    0x9f, 0xf1, 0x0, 0x9f, 0xf1, 0x0, 0x9f, 0xf1,
    0x0, 0x9f, 0xf1, 0x12, 0xaf, 0xf1, 0xdf, 0xff,
    0xf1, 0xdf, 0xff, 0xf1,

    /* U+005E "^" */
    0x0, 0x0, 0x11, 0x0, 0x0, 0x0, 0x3, 0xff,
    0xd0, 0x0, 0x0, 0xb, 0xff, 0xf5, 0x0, 0x0,
    0x4f, 0xe6, 0xfd, 0x0, 0x0, 0xcf, 0x70, 0xdf,
    0x50, 0x4, 0xff, 0x0, 0x6f, 0xd0, 0xc, 0xf8,
    0x0, 0xe, 0xf5, 0x6, 0x61, 0x0, 0x3, 0x64,

    /* U+005F "_" */
    0x33, 0x33, 0x33, 0x33, 0x33, 0x1f, 0xff, 0xff,
    0xff, 0xff, 0xf5, 0xff, 0xff, 0xff, 0xff, 0xff,
    0x50,

    /* U+0060 "`" */
    0x3, 0x31, 0x0, 0xcf, 0xb0, 0x2, 0xff, 0x30,
    0x7, 0xfa,

    /* U+0061 "a" */
    0x0, 0x7, 0xcf, 0xfe, 0xa2, 0x0, 0x0, 0xcf,
    0xff, 0xff, 0xff, 0x40, 0x9, 0xff, 0xa3, 0x26,
    0xff, 0xd0, 0x2, 0x57, 0x0, 0x0, 0xbf, 0xf1,
    0x0, 0x0, 0x0, 0x14, 0xdf, 0xf2, 0x0, 0x4a,
    0xef, 0xff, 0xff, 0xf2, 0x7, 0xff, 0xfd, 0xb8,
    0xbf, 0xf2, 0x1f, 0xfd, 0x20, 0x0, 0xaf, 0xf2,
    0x2f, 0xf8, 0x0, 0x0, 0xdf, 0xf2, 0x1f, 0xfe,
    0x41, 0x2b, 0xff, 0xf2, 0x9, 0xff, 0xff, 0xff,
    0xbf, 0xf2, 0x0, 0x6d, 0xff, 0xb2, 0x8f, 0xf2,

    /* U+0062 "b" */
    0x8f, 0xf4, 0x0, 0x0, 0x0, 0x0, 0x8f, 0xf4,
    0x0, 0x0, 0x0, 0x0, 0x8f, 0xf4, 0x0, 0x0,
    0x0, 0x0, 0x8f, 0xf4, 0x0, 0x0, 0x0, 0x0,
    0x8f, 0xf4, 0x4c, 0xff, 0xb3, 0x0, 0x8f, 0xf8,
    0xff, 0xff, 0xff, 0x50, 0x8f, 0xff, 0xc5, 0x4a,
    0xff, 0xe1, 0x8f, 0xfc, 0x0, 0x0, 0xbf, 0xf6,
    0x8f, 0xf6, 0x0, 0x0, 0x4f, 0xfa, 0x8f, 0xf3,
    0x0, 0x0, 0x1f, 0xfc, 0x8f, 0xf3, 0x0, 0x0,
    0x1f, 0xfc, 0x8f, 0xf6, 0x0, 0x0, 0x4f, 0xfa,
    0x8f, 0xfd, 0x0, 0x0, 0xbf, 0xf6, 0x8f, 0xff,
    0xc5, 0x5b, 0xff, 0xe1, 0x8f, 0xf7, 0xff, 0xff,
    0xff, 0x40, 0x8f, 0xf3, 0x4c, 0xff, 0xb3, 0x0,

    /* U+0063 "c" */
    0x0, 0x2, 0xae, 0xff, 0xb5, 0x0, 0x0, 0x5f,
    0xff, 0xff, 0xff, 0xa0, 0x2, 0xff, 0xf8, 0x45,
    0xdf, 0xf6, 0x9, 0xff, 0x70, 0x0, 0x1f, 0xf9,
    0xe, 0xff, 0x0, 0x0, 0x1, 0x0, 0xf, 0xfd,
    0x0, 0x0, 0x0, 0x0, 0xf, 0xfd, 0x0, 0x0,
    0x0, 0x0, 0xe, 0xff, 0x0, 0x0, 0x2, 0x0,
    0x9, 0xff, 0x70, 0x0, 0x1f, 0xfa, 0x2, 0xff,
    0xf8, 0x45, 0xdf, 0xf6, 0x0, 0x5f, 0xff, 0xff,
    0xff, 0xa0, 0x0, 0x2, 0x9e, 0xff, 0xb5, 0x0,

    /* U+0064 "d" */
    0x0, 0x0, 0x0, 0x0, 0x8, 0xff, 0x40, 0x0,
    0x0, 0x0, 0x0, 0x8f, 0xf4, 0x0, 0x0, 0x0,
    0x0, 0x8, 0xff, 0x40, 0x0, 0x0, 0x0, 0x0,
    0x8f, 0xf4, 0x0, 0x5, 0xcf, 0xfb, 0x28, 0xff,
    0x40, 0x8, 0xff, 0xff, 0xfe, 0x9f, 0xf4, 0x4,
    0xff, 0xf8, 0x46, 0xef, 0xff, 0x40, 0xbf, 0xf6,
    0x0, 0x2, 0xff, 0xf4, 0xe, 0xff, 0x0, 0x0,
    0xa, 0xff, 0x40, 0xff, 0xd0, 0x0, 0x0, 0x8f,
    0xf4, 0xf, 0xfd, 0x0, 0x0, 0x8, 0xff, 0x40,
    0xef, 0xf0, 0x0, 0x0, 0xaf, 0xf4, 0xa, 0xff,
    0x70, 0x0, 0x2f, 0xff, 0x40, 0x4f, 0xff, 0x84,
    0x6e, 0xff, 0xf4, 0x0, 0x8f, 0xff, 0xff, 0xe8,
    0xff, 0x40, 0x0, 0x5c, 0xff, 0xa1, 0x7f, 0xf4,

    /* U+0065 "e" */
    0x0, 0x2, 0xae, 0xfe, 0xb4, 0x0, 0x0, 0x5,
    0xff, 0xff, 0xff, 0xf7, 0x0, 0x2, 0xff, 0xe5,
    0x24, 0xdf, 0xf4, 0x0, 0x9f, 0xf3, 0x0, 0x1,
    0xff, 0xb0, 0xe, 0xfd, 0x0, 0x0, 0xb, 0xff,
    0x0, 0xff, 0xff, 0xff, 0xff, 0xff, 0xf1, 0xf,
    0xff, 0xee, 0xee, 0xee, 0xee, 0x10, 0xef, 0xd0,
    0x0, 0x0, 0x0, 0x0, 0xa, 0xff, 0x30, 0x0,
    0x7, 0x52, 0x0, 0x2f, 0xfe, 0x63, 0x3a, 0xff,
    0xa0, 0x0, 0x5f, 0xff, 0xff, 0xff, 0xd1, 0x0,
    0x0, 0x29, 0xef, 0xfc, 0x70, 0x0,

    /* U+0066 "f" */
    0x0, 0x2, 0xaf, 0xfd, 0x20, 0x1, 0xef, 0xff,
    0xf0, 0x0, 0x6f, 0xfc, 0x55, 0x0, 0x9, 0xff,
    0x30, 0x0, 0x0, 0x9f, 0xf3, 0x0, 0xc, 0xff,
    0xff, 0xff, 0xc0, 0xcf, 0xff, 0xff, 0xfc, 0x2,
    0x2a, 0xff, 0x52, 0x20, 0x0, 0x9f, 0xf3, 0x0,
    0x0, 0x9, 0xff, 0x30, 0x0, 0x0, 0x9f, 0xf3,
    0x0, 0x0, 0x9, 0xff, 0x30, 0x0, 0x0, 0x9f,
    0xf3, 0x0, 0x0, 0x9, 0xff, 0x30, 0x0, 0x0,
    0x9f, 0xf3, 0x0, 0x0, 0x9, 0xff, 0x30, 0x0,
    0x0, 0x9f, 0xf3, 0x0, 0x0,

    /* U+0067 "g" */
    0x0, 0x5, 0xcf, 0xfb, 0x27, 0xff, 0x40, 0x8,
    0xff, 0xff, 0xfe, 0x8f, 0xf4, 0x3, 0xff, 0xf8,
    0x46, 0xef, 0xff, 0x40, 0xaf, 0xf7, 0x0, 0x2,
    0xff, 0xf4, 0xe, 0xff, 0x0, 0x0, 0xa, 0xff,
    0x40, 0xff, 0xd0, 0x0, 0x0, 0x8f, 0xf4, 0xf,
    0xfd, 0x0, 0x0, 0x7, 0xff, 0x40, 0xff, 0xf0,
    0x0, 0x0, 0xaf, 0xf4, 0xb, 0xff, 0x50, 0x0,
    0x1e, 0xff, 0x40, 0x5f, 0xff, 0x63, 0x4c, 0xff,
    0xf4, 0x0, 0x9f, 0xff, 0xff, 0xe9, 0xff, 0x40,
    0x0, 0x6c, 0xff, 0xb2, 0x7f, 0xf4, 0x0, 0x0,
    0x0, 0x0, 0x9, 0xff, 0x20, 0x4c, 0xf9, 0x31,
    0x27, 0xff, 0xd0, 0x0, 0xcf, 0xff, 0xff, 0xff,
    0xe3, 0x0, 0x0, 0x6c, 0xef, 0xfc, 0x81, 0x0,

    /* U+0068 "h" */
    0x8f, 0xf3, 0x0, 0x0, 0x0, 0x8, 0xff, 0x30,
    0x0, 0x0, 0x0, 0x8f, 0xf3, 0x0, 0x0, 0x0,
    0x8, 0xff, 0x30, 0x0, 0x0, 0x0, 0x8f, 0xf3,
    0x4c, 0xff, 0xb3, 0x8, 0xff, 0x8f, 0xff, 0xff,
    0xf2, 0x8f, 0xff, 0xb6, 0x7e, 0xff, 0xa8, 0xff,
    0xb0, 0x0, 0x2f, 0xfe, 0x8f, 0xf5, 0x0, 0x0,
    0xdf, 0xf8, 0xff, 0x40, 0x0, 0xd, 0xff, 0x8f,
    0xf4, 0x0, 0x0, 0xdf, 0xf8, 0xff, 0x40, 0x0,
    0xd, 0xff, 0x8f, 0xf4, 0x0, 0x0, 0xdf, 0xf8,
    0xff, 0x40, 0x0, 0xd, 0xff, 0x8f, 0xf4, 0x0,
    0x0, 0xdf, 0xf8, 0xff, 0x40, 0x0, 0xd, 0xff,

    /* U+0069 "i" */
    0x4e, 0xd2, 0xbf, 0xf7, 0x4f, 0xd2, 0x0, 0x0,
    0x0, 0x0, 0x8f, 0xf4, 0x8f, 0xf4, 0x8f, 0xf4,
    0x8f, 0xf4, 0x8f, 0xf4, 0x8f, 0xf4, 0x8f, 0xf4,
    0x8f, 0xf4, 0x8f, 0xf4, 0x8f, 0xf4, 0x8f, 0xf4,
    0x8f, 0xf4,

    /* U+006A "j" */
    0x0, 0x4e, 0xd2, 0x0, 0xbf, 0xf7, 0x0, 0x5f,
    0xd2, 0x0, 0x0, 0x0, 0x0, 0x0, 0x0, 0x0,
    0x8f, 0xf4, 0x0, 0x8f, 0xf4, 0x0, 0x8f, 0xf4,
    0x0, 0x8f, 0xf4, 0x0, 0x8f, 0xf4, 0x0, 0x8f,
    0xf4, 0x0, 0x8f, 0xf4, 0x0, 0x8f, 0xf4, 0x0,
    0x8f, 0xf4, 0x0, 0x8f, 0xf4, 0x0, 0x8f, 0xf4,
    0x0, 0x8f, 0xf4, 0x0, 0x9f, 0xf4, 0x15, 0xef,
    0xf2, 0x7f, 0xff, 0xb0, 0x7f, 0xd8, 0x0,

    /* U+006B "k" */
    0x8f, 0xf4, 0x0, 0x0, 0x0, 0x0, 0x8f, 0xf4,
    0x0, 0x0, 0x0, 0x0, 0x8f, 0xf4, 0x0, 0x0,
    0x0, 0x0, 0x8f, 0xf4, 0x0, 0x0, 0x0, 0x0,
    0x8f, 0xf4, 0x0, 0xa, 0xff, 0xa0, 0x8f, 0xf4,
    0x0, 0x8f, 0xfb, 0x0, 0x8f, 0xf4, 0x6, 0xff,
    0xc0, 0x0, 0x8f, 0xf4, 0x4f, 0xfe, 0x10, 0x0,
    0x8f, 0xf7, 0xff, 0xe2, 0x0, 0x0, 0x8f, 0xff,
    0xff, 0xa0, 0x0, 0x0, 0x8f, 0xff, 0xff, 0xf5,
    0x0, 0x0, 0x8f, 0xfb, 0x4f, 0xfe, 0x20, 0x0,
    0x8f, 0xf4, 0x8, 0xff, 0xc0, 0x0, 0x8f, 0xf4,
    0x0, 0xcf, 0xf8, 0x0, 0x8f, 0xf4, 0x0, 0x2f,
    0xff, 0x40, 0x8f, 0xf4, 0x0, 0x5, 0xff, 0xe1,

    /* U+006C "l" */
    0x8f, 0xf4, 0x8f, 0xf4, 0x8f, 0xf4, 0x8f, 0xf4,
    0x8f, 0xf4, 0x8f, 0xf4, 0x8f, 0xf4, 0x8f, 0xf4,
    0x8f, 0xf4, 0x8f, 0xf4, 0x8f, 0xf4, 0x8f, 0xf4,
    0x8f, 0xf4, 0x8f, 0xf4, 0x8f, 0xf4, 0x8f, 0xf4,

    /* U+006D "m" */
    0x8f, 0xf2, 0x7d, 0xfd, 0x50, 0x8, 0xef, 0xe7,
    0x0, 0x8f, 0xf9, 0xff, 0xff, 0xf4, 0xbf, 0xff,
    0xff, 0x90, 0x8f, 0xff, 0x63, 0x6f, 0xfe, 0xf6,
    0x37, 0xff, 0xf1, 0x8f, 0xf8, 0x0, 0x9, 0xff,
    0x70, 0x0, 0x9f, 0xf4, 0x8f, 0xf4, 0x0, 0x7,
    0xff, 0x40, 0x0, 0x7f, 0xf5, 0x8f, 0xf4, 0x0,
    0x7, 0xff, 0x40, 0x0, 0x7f, 0xf5, 0x8f, 0xf4,
    0x0, 0x7, 0xff, 0x40, 0x0, 0x7f, 0xf5, 0x8f,
    0xf4, 0x0, 0x7, 0xff, 0x40, 0x0, 0x7f, 0xf5,
    0x8f, 0xf4, 0x0, 0x7, 0xff, 0x40, 0x0, 0x7f,
    0xf5, 0x8f, 0xf4, 0x0, 0x7, 0xff, 0x40, 0x0,
    0x7f, 0xf5, 0x8f, 0xf4, 0x0, 0x7, 0xff, 0x40,
    0x0, 0x7f, 0xf5, 0x8f, 0xf4, 0x0, 0x7, 0xff,
    0x40, 0x0, 0x7f, 0xf5,

    /* U+006E "n" */
    0x8f, 0xf2, 0x4c, 0xff, 0xb3, 0x8, 0xff, 0x7f,
    0xff, 0xff, 0xf2, 0x8f, 0xff, 0x93, 0x4c, 0xff,
    0xa8, 0xff, 0x90, 0x0, 0x1f, 0xfe, 0x8f, 0xf5,
    0x0, 0x0, 0xdf, 0xf8, 0xff, 0x40, 0x0, 0xd,
    0xff, 0x8f, 0xf4, 0x0, 0x0, 0xdf, 0xf8, 0xff,
    0x40, 0x0, 0xd, 0xff, 0x8f, 0xf4, 0x0, 0x0,
    0xdf, 0xf8, 0xff, 0x40, 0x0, 0xd, 0xff, 0x8f,
    0xf4, 0x0, 0x0, 0xdf, 0xf8, 0xff, 0x40, 0x0,
    0xd, 0xff,

    /* U+006F "o" */
    0x0, 0x2, 0xae, 0xff, 0xc5, 0x0, 0x0, 0x5,
    0xff, 0xff, 0xff, 0xfb, 0x0, 0x2, 0xff, 0xf8,
    0x45, 0xdf, 0xf8, 0x0, 0x9f, 0xf6, 0x0, 0x1,
    0xef, 0xf0, 0xe, 0xff, 0x0, 0x0, 0x9, 0xff,
    0x40, 0xff, 0xd0, 0x0, 0x0, 0x6f, 0xf6, 0xf,
    0xfd, 0x0, 0x0, 0x6, 0xff, 0x60, 0xef, 0xf0,
    0x0, 0x0, 0x9f, 0xf4, 0x9, 0xff, 0x70, 0x0,
    0x1f, 0xff, 0x0, 0x2f, 0xff, 0x84, 0x6d, 0xff,
    0x80, 0x0, 0x5f, 0xff, 0xff, 0xff, 0xa0, 0x0,
    0x0, 0x29, 0xef, 0xfc, 0x50, 0x0,

    /* U+0070 "p" */
    0x8f, 0xf3, 0x4d, 0xff, 0xb3, 0x0, 0x8f, 0xf8,
    0xff, 0xff, 0xff, 0x50, 0x8f, 0xff, 0xa3, 0x28,
    0xff, 0xe1, 0x8f, 0xfc, 0x0, 0x0, 0xaf, 0xf6,
    0x8f, 0xf6, 0x0, 0x0, 0x3f, 0xfa, 0x8f, 0xf3,
    0x0, 0x0, 0x1f, 0xfc, 0x8f, 0xf4, 0x0, 0x0,
    0x1f, 0xfc, 0x8f, 0xf6, 0x0, 0x0, 0x4f, 0xfa,
    0x8f, 0xfd, 0x0, 0x0, 0xbf, 0xf6, 0x8f, 0xff,
    0xc5, 0x5b, 0xff, 0xe1, 0x8f, 0xf8, 0xff, 0xff,
    0xff, 0x40, 0x8f, 0xf4, 0x4c, 0xff, 0xb3, 0x0,
    0x8f, 0xf4, 0x0, 0x0, 0x0, 0x0, 0x8f, 0xf4,
    0x0, 0x0, 0x0, 0x0, 0x8f, 0xf4, 0x0, 0x0,
    0x0, 0x0, 0x8f, 0xf4, 0x0, 0x0, 0x0, 0x0,

    /* U+0071 "q" */
    0x0, 0x5, 0xcf, 0xfb, 0x27, 0xff, 0x40, 0x8,
    0xff, 0xff, 0xfe, 0x8f, 0xf4, 0x4, 0xff, 0xf8,
    0x46, 0xef, 0xff, 0x40, 0xbf, 0xf6, 0x0, 0x2,
    0xff, 0xf4, 0xe, 0xff, 0x0, 0x0, 0xa, 0xff,
    0x40, 0xff, 0xd0, 0x0, 0x0, 0x8f, 0xf4, 0xf,
    0xfd, 0x0, 0x0, 0x8, 0xff, 0x40, 0xef, 0xf0,
    0x0, 0x0, 0xaf, 0xf4, 0xa, 0xff, 0x70, 0x0,
    0x2f, 0xff, 0x40, 0x4f, 0xff, 0x84, 0x6e, 0xff,
    0xf4, 0x0, 0x8f, 0xff, 0xff, 0xe9, 0xff, 0x40,
    0x0, 0x5c, 0xff, 0xa1, 0x8f, 0xf4, 0x0, 0x0,
    0x0, 0x0, 0x8, 0xff, 0x40, 0x0, 0x0, 0x0,
    0x0, 0x8f, 0xf4, 0x0, 0x0, 0x0, 0x0, 0x8,
    0xff, 0x40, 0x0, 0x0, 0x0, 0x0, 0x8f, 0xf4,

    /* U+0072 "r" */
    0x0, 0x0, 0x0, 0x0, 0x8f, 0xf3, 0x7e, 0xf4,
    0x8f, 0xfa, 0xff, 0xf4, 0x8f, 0xff, 0xb5, 0x52,
    0x8f, 0xfb, 0x0, 0x0, 0x8f, 0xf5, 0x0, 0x0,
    0x8f, 0xf4, 0x0, 0x0, 0x8f, 0xf4, 0x0, 0x0,
    0x8f, 0xf4, 0x0, 0x0, 0x8f, 0xf4, 0x0, 0x0,
    0x8f, 0xf4, 0x0, 0x0, 0x8f, 0xf4, 0x0, 0x0,
    0x8f, 0xf4, 0x0, 0x0,

    /* U+0073 "s" */
    0x0, 0x8, 0xdf, 0xfe, 0x91, 0x0, 0x1, 0xdf,
    0xff, 0xff, 0xfe, 0x20, 0x8, 0xff, 0x92, 0x16,
    0xff, 0xb0, 0xb, 0xff, 0x20, 0x0, 0x44, 0x10,
    0x8, 0xff, 0xc5, 0x10, 0x0, 0x0, 0x1, 0xdf,
    0xff, 0xfe, 0xa4, 0x0, 0x0, 0x6, 0xbe, 0xff,
    0xff, 0x80, 0x0, 0x0, 0x0, 0x27, 0xff, 0xf1,
    0x6, 0x98, 0x0, 0x0, 0xbf, 0xf2, 0xc, 0xff,
    0x82, 0x26, 0xff, 0xe0, 0x2, 0xef, 0xff, 0xff,
    0xff, 0x40, 0x0, 0x19, 0xdf, 0xfd, 0x92, 0x0,

    /* U+0074 "t" */
    0x1, 0xff, 0xb0, 0x0, 0x1, 0xff, 0xb0, 0x0,
    0x1, 0xff, 0xb0, 0x0, 0xcf, 0xff, 0xff, 0xf0,
    0xcf, 0xff, 0xff, 0xf0, 0x24, 0xff, 0xc2, 0x20,
    0x1, 0xff, 0xb0, 0x0, 0x1, 0xff, 0xb0, 0x0,
    0x1, 0xff, 0xb0, 0x0, 0x1, 0xff, 0xb0, 0x0,
    0x1, 0xff, 0xb0, 0x0, 0x1, 0xff, 0xb0, 0x0,
    0x0, 0xff, 0xf5, 0x40, 0x0, 0xaf, 0xff, 0xf1,
    0x0, 0x9, 0xef, 0xe3,

    /* U+0075 "u" */
    0x8f, 0xf4, 0x0, 0x0, 0xdf, 0xf8, 0xff, 0x40,
    0x0, 0xd, 0xff, 0x8f, 0xf4, 0x0, 0x0, 0xdf,
    0xf8, 0xff, 0x40, 0x0, 0xd, 0xff, 0x8f, 0xf4,
    0x0, 0x0, 0xdf, 0xf8, 0xff, 0x40, 0x0, 0xd,
    0xff, 0x8f, 0xf4, 0x0, 0x0, 0xdf, 0xf8, 0xff,
    0x50, 0x0, 0xd, 0xff, 0x6f, 0xf9, 0x0, 0x3,
    0xff, 0xf2, 0xff, 0xf9, 0x57, 0xee, 0xff, 0xa,
    0xff, 0xff, 0xfb, 0xbf, 0xf0, 0x7, 0xdf, 0xe8,
    0xa, 0xff,

    /* U+0076 "v" */
    0x6f, 0xf9, 0x0, 0x0, 0x9, 0xff, 0x50, 0xff,
    0xe0, 0x0, 0x0, 0xef, 0xe0, 0xa, 0xff, 0x30,
    0x0, 0x4f, 0xf9, 0x0, 0x4f, 0xf9, 0x0, 0xa,
    0xff, 0x30, 0x0, 0xef, 0xe0, 0x0, 0xef, 0xd0,
    0x0, 0x8, 0xff, 0x40, 0x4f, 0xf7, 0x0, 0x0,
    0x2f, 0xf9, 0xa, 0xff, 0x10, 0x0, 0x0, 0xcf,
    0xe0, 0xef, 0xb0, 0x0, 0x0, 0x6, 0xff, 0x6f,
    0xf5, 0x0, 0x0, 0x0, 0x1f, 0xfd, 0xfe, 0x0,
    0x0, 0x0, 0x0, 0xaf, 0xff, 0x90, 0x0, 0x0,
    0x0, 0x4, 0xff, 0xf3, 0x0, 0x0,

    /* U+0077 "w" */
    0x6f, 0xf8, 0x0, 0x3, 0xff, 0xb0, 0x0, 0x1f,
    0xfd, 0x1f, 0xfc, 0x0, 0x7, 0xff, 0xf0, 0x0,
    0x5f, 0xf8, 0xc, 0xff, 0x0, 0xb, 0xff, 0xf3,
    0x0, 0x9f, 0xf4, 0x7, 0xff, 0x40, 0xf, 0xfd,
    0xf7, 0x0, 0xdf, 0xe0, 0x3, 0xff, 0x80, 0x3f,
    0xe7, 0xfb, 0x1, 0xff, 0xa0, 0x0, 0xef, 0xc0,
    0x7f, 0xb4, 0xff, 0x5, 0xff, 0x50, 0x0, 0x9f,
    0xf0, 0xbf, 0x70, 0xff, 0x39, 0xff, 0x10, 0x0,
    0x4f, 0xf4, 0xff, 0x20, 0xbf, 0x6c, 0xfc, 0x0,
    0x0, 0xf, 0xfa, 0xfe, 0x0, 0x6f, 0xaf, 0xf7,
    0x0, 0x0, 0xb, 0xff, 0xf9, 0x0, 0x2f, 0xff,
    0xf2, 0x0, 0x0, 0x6, 0xff, 0xf4, 0x0, 0xd,
    0xff, 0xd0, 0x0, 0x0, 0x1, 0xff, 0xf0, 0x0,
    0x9, 0xff, 0x80, 0x0,

    /* U+0078 "x" */
    0xd, 0xff, 0x20, 0x0, 0x8f, 0xf7, 0x4, 0xff,
    0xb0, 0x2, 0xff, 0xd0, 0x0, 0xaf, 0xf5, 0xb,
    0xff, 0x30, 0x0, 0x1e, 0xfd, 0x4f, 0xf8, 0x0,
    0x0, 0x5, 0xff, 0xff, 0xd0, 0x0, 0x0, 0x0,
    0xbf, 0xff, 0x40, 0x0, 0x0, 0x0, 0xef, 0xff,
    0x60, 0x0, 0x0, 0x9, 0xff, 0xcf, 0xf1, 0x0,
    0x0, 0x3f, 0xfa, 0x2f, 0xfb, 0x0, 0x0, 0xdf,
    0xf1, 0x9, 0xff, 0x50, 0x8, 0xff, 0x70, 0x1,
    0xef, 0xe1, 0x2f, 0xfd, 0x0, 0x0, 0x6f, 0xfa,

    /* U+0079 "y" */
    0x6f, 0xf9, 0x0, 0x0, 0x9, 0xff, 0x50, 0xff,
    0xe0, 0x0, 0x0, 0xef, 0xe0, 0x9, 0xff, 0x40,
    0x0, 0x5f, 0xf8, 0x0, 0x3f, 0xf9, 0x0, 0xa,
    0xff, 0x20, 0x0, 0xdf, 0xf0, 0x1, 0xff, 0xc0,
    0x0, 0x6, 0xff, 0x50, 0x6f, 0xf5, 0x0, 0x0,
    0x1f, 0xfa, 0xc, 0xfe, 0x0, 0x0, 0x0, 0xaf,
    0xf1, 0xff, 0x90, 0x0, 0x0, 0x4, 0xff, 0x9f,
    0xf2, 0x0, 0x0, 0x0, 0xd, 0xff, 0xfc, 0x0,
    0x0, 0x0, 0x0, 0x7f, 0xff, 0x60, 0x0, 0x0,
    0x0, 0x2, 0xff, 0xf0, 0x0, 0x0, 0x0, 0x0,
    0x4f, 0xf9, 0x0, 0x0, 0x0, 0x4, 0x3c, 0xff,
    0x30, 0x0, 0x0, 0x4, 0xff, 0xff, 0x80, 0x0,
    0x0, 0x0, 0x7f, 0xfd, 0x70, 0x0, 0x0, 0x0,

    /* U+007A "z" */
    0x8f, 0xff, 0xff, 0xff, 0xff, 0x8, 0xff, 0xff,
    0xff, 0xff, 0xe0, 0x25, 0x55, 0x55, 0xdf, 0xf7,
    0x0, 0x0, 0x0, 0x6f, 0xfb, 0x0, 0x0, 0x0,
    0x3f, 0xfe, 0x10, 0x0, 0x0, 0x1e, 0xff, 0x30,
    0x0, 0x0, 0xb, 0xff, 0x70, 0x0, 0x0, 0x8,
    0xff, 0xa0, 0x0, 0x0, 0x5, 0xff, 0xd0, 0x0,
    0x0, 0x2, 0xff, 0xf8, 0x55, 0x55, 0x50, 0xaf,
    0xff, 0xff, 0xff, 0xff, 0x2b, 0xff, 0xff, 0xff,
    0xff, 0xf2,

    /* U+007B "{" */
    0x0, 0x0, 0x5b, 0xed, 0x0, 0x6, 0xff, 0xfd,
    0x0, 0xe, 0xff, 0x62, 0x0, 0x1f, 0xf9, 0x0,
    0x0, 0x1f, 0xf7, 0x0, 0x0, 0x1f, 0xf7, 0x0,
    0x0, 0x2f, 0xf7, 0x0, 0x0, 0x6f, 0xf6, 0x0,
    0x4b, 0xff, 0xc0, 0x0, 0x8f, 0xf8, 0x0, 0x0,
    0x8f, 0xff, 0xa0, 0x0, 0x2, 0xbf, 0xf5, 0x0,
    0x0, 0x3f, 0xf7, 0x0, 0x0, 0x1f, 0xf7, 0x0,
    0x0, 0x1f, 0xf7, 0x0, 0x0, 0x1f, 0xf7, 0x0,
    0x0, 0xf, 0xfa, 0x0, 0x0, 0xd, 0xff, 0x61,
    0x0, 0x6, 0xff, 0xfd, 0x0, 0x0, 0x5b, 0xed,

    /* U+007C "|" */
    0x5f, 0xf4, 0x5f, 0xf4, 0x5f, 0xf4, 0x5f, 0xf4,
    0x5f, 0xf4, 0x5f, 0xf4, 0x5f, 0xf4, 0x5f, 0xf4,
    0x5f, 0xf4, 0x5f, 0xf4, 0x5f, 0xf4, 0x5f, 0xf4,
    0x5f, 0xf4, 0x5f, 0xf4, 0x5f, 0xf4, 0x5f, 0xf4,
    0x5f, 0xf4, 0x5f, 0xf4, 0x5f, 0xf4, 0x5f, 0xf4,
    0x5f, 0xf4, 0x5f, 0xf4, 0x5f, 0xf4, 0x5f, 0xf4,
    0x5f, 0xf4, 0x5f, 0xf4,

    /* U+007D "}" */
    0xde, 0xb5, 0x0, 0x0, 0xdf, 0xff, 0x60, 0x0,
    0x25, 0xff, 0xe0, 0x0, 0x0, 0x9f, 0xf1, 0x0,
    0x0, 0x7f, 0xf1, 0x0, 0x0, 0x7f, 0xf1, 0x0,
    0x0, 0x7f, 0xf2, 0x0, 0x0, 0x5f, 0xf6, 0x0,
    0x0, 0xc, 0xff, 0xb4, 0x0, 0x0, 0x8f, 0xf8,
    0x0, 0xa, 0xff, 0xf8, 0x0, 0x4f, 0xfb, 0x20,
    0x0, 0x7f, 0xf3, 0x0, 0x0, 0x7f, 0xf1, 0x0,
    0x0, 0x7f, 0xf1, 0x0, 0x0, 0x7f, 0xf1, 0x0,
    0x0, 0x9f, 0xf0, 0x0, 0x15, 0xff, 0xd0, 0x0,
    0xdf, 0xff, 0x60, 0x0, 0xde, 0xb5, 0x0, 0x0,

    /* U+007E "~" */
    0x0, 0x14, 0x51, 0x0, 0x0, 0x0, 0x0, 0x4f,
    0xff, 0xf6, 0x0, 0x3f, 0xf0, 0xe, 0xff, 0xff,
    0xfb, 0x6c, 0xfe, 0x3, 0xff, 0x50, 0x8f, 0xff,
    0xff, 0x80, 0x2a, 0xa0, 0x0, 0x3c, 0xfe, 0x80,
    0x0,

    /* U+00A0 " " */

    /* U+00A1 "¡" */
    0xa, 0xfb, 0x2, 0xff, 0xf3, 0xe, 0xfe, 0x10,
    0x15, 0x10, 0x0, 0x0, 0x0, 0x9c, 0xa0, 0xc,
    0xfe, 0x0, 0xdf, 0xe0, 0xd, 0xfe, 0x0, 0xdf,
    0xf0, 0xe, 0xff, 0x0, 0xef, 0xf0, 0xe, 0xff,
    0x0, 0xff, 0xf0, 0xf, 0xff, 0x0, 0xff, 0xf0,

    /* U+00A2 "¢" */
    0x0, 0x0, 0x0, 0xf4, 0x0, 0x0, 0x0, 0x0,
    0x0, 0xf4, 0x0, 0x0, 0x0, 0x2, 0x9e, 0xff,
    0xb5, 0x0, 0x0, 0x4f, 0xff, 0xff, 0xff, 0xa0,
    0x2, 0xff, 0xf8, 0xf8, 0xdf, 0xf6, 0x9, 0xff,
    0x70, 0xf4, 0x1f, 0xfa, 0xe, 0xff, 0x0, 0xf4,
    0x2, 0x0, 0xf, 0xfd, 0x0, 0xf4, 0x0, 0x0,
    0xf, 0xfd, 0x0, 0xf4, 0x0, 0x0, 0xe, 0xff,
    0x0, 0xf4, 0x0, 0x0, 0xa, 0xff, 0x50, 0xf4,
    0xe, 0xd8, 0x3, 0xff, 0xe4, 0xf6, 0xaf, 0xf8,
    0x0, 0x8f, 0xff, 0xff, 0xff, 0xd0, 0x0, 0x5,
    0xdf, 0xff, 0xf9, 0x0, 0x0, 0x0, 0x2, 0xf6,
    0x0, 0x0, 0x0, 0x0, 0x0, 0xf4, 0x0, 0x0,

    /* U+00A3 "£" */
    0x0, 0x1, 0x9e, 0xff, 0xb4, 0x0, 0x0, 0x3f,
    0xff, 0xff, 0xff, 0x70, 0x0, 0xdf, 0xfa, 0x68,
    0xef, 0xf3, 0x4, 0xff, 0xa0, 0x0, 0x3f, 0xf9,
    0x6, 0xff, 0x50, 0x0, 0x6, 0x42, 0x6, 0xff,
    0x40, 0x0, 0x0, 0x0, 0x6, 0xff, 0x50, 0x0,
    0x0, 0x0, 0xdf, 0xff, 0xfe, 0xee, 0xc0, 0x0,
    0xff, 0xff, 0xff, 0xff, 0xe0, 0x0, 0x3, 0xff,
    0x60, 0x0, 0x0, 0x0, 0x3, 0xff, 0x70, 0x0,
    0x0, 0x0, 0x2, 0xff, 0x70, 0x0, 0x0, 0x0,
    0x3, 0xff, 0x40, 0x0, 0x8, 0xb9, 0x7d, 0xfc,
    0x66, 0x66, 0x6e, 0xfc, 0xff, 0xff, 0xff, 0xff,
    0xff, 0xf7, 0xff, 0xff, 0xff, 0xff, 0xfe, 0x80,

    /* U+00A4 "¤" */
    0x1, 0x0, 0x0, 0x0, 0x0, 0x0, 0x10, 0x1,
    0xd9, 0x6, 0xcf, 0xfd, 0x92, 0x2e, 0x70, 0x4f,
    0xfe, 0xff, 0xfe, 0xff, 0xfe, 0xfb, 0x0, 0x5f,
    0xfc, 0x30, 0x1, 0x7f, 0xfc, 0x0, 0x9, 0xfb,
    0x0, 0x0, 0x0, 0x4f, 0xf1, 0x0, 0xff, 0x10,
    0x0, 0x0, 0x0, 0xaf, 0x60, 0x3f, 0xb0, 0x0,
    0x0, 0x0, 0x4, 0xfa, 0x4, 0xfa, 0x0, 0x0,
    0x0, 0x0, 0x3f, 0xb0, 0x3f, 0xb0, 0x0, 0x0,
    0x0, 0x5, 0xfa, 0x0, 0xff, 0x10, 0x0, 0x0,
    0x0, 0xaf, 0x60, 0x8, 0xfb, 0x0, 0x0, 0x0,
    0x5f, 0xe1, 0x0, 0x8f, 0xfc, 0x30, 0x1, 0x8f,
    0xfe, 0x20, 0x5f, 0xfd, 0xff, 0xfe, 0xff, 0xfd,
    0xfd, 0x0, 0xa5, 0x6, 0xcf, 0xfd, 0x92, 0xb,
    0x30,

    /* U+00A5 "¥" */
    0x6f, 0xf8, 0x0, 0x0, 0x2f, 0xfd, 0x0, 0xef,
    0xe0, 0x0, 0x8, 0xff, 0x60, 0x8, 0xff, 0x50,
    0x0, 0xef, 0xe0, 0x0, 0x1f, 0xfc, 0x0, 0x6f,
    0xf7, 0x0, 0x0, 0x9f, 0xf3, 0xd, 0xff, 0x0,
    0x0, 0x2, 0xff, 0xa3, 0xff, 0x80, 0x0, 0x0,
    0xa, 0xff, 0xbf, 0xf1, 0x0, 0x0, 0x0, 0x3f,
    0xff, 0xf9, 0x0, 0x0, 0xb, 0xff, 0xff, 0xff,
    0xff, 0xe0, 0x0, 0x8b, 0xbc, 0xff, 0xeb, 0xba,
    0x0, 0x0, 0x0, 0x3f, 0xf9, 0x0, 0x0, 0x0,
    0xbf, 0xff, 0xff, 0xff, 0xfe, 0x0, 0x8, 0xbb,
    0xcf, 0xfe, 0xbb, 0xa0, 0x0, 0x0, 0x3, 0xff,
    0x90, 0x0, 0x0, 0x0, 0x0, 0x3f, 0xf9, 0x0,
    0x0, 0x0, 0x0, 0x3, 0xff, 0x90, 0x0, 0x0,

    /* U+00A6 "¦" */
    0xcf, 0xbc, 0xfb, 0xcf, 0xbc, 0xfb, 0xcf, 0xbc,
    0xfb, 0xcf, 0xb3, 0x43, 0x0, 0x0, 0x0, 0x0,
    0x4, 0x53, 0xcf, 0xbc, 0xfb, 0xcf, 0xbc, 0xfb,
    0xcf, 0xbc, 0xfb, 0xcf, 0xb0,

    /* U+00A7 "§" */
    0x0, 0x4b, 0xff, 0xd8, 0x0, 0x0, 0x6f, 0xff,
    0xff, 0xfb, 0x0, 0xe, 0xfe, 0x43, 0x9f, 0xf5,
    0x1, 0xff, 0x70, 0x0, 0xcb, 0x50, 0xf, 0xfb,
    0x0, 0x0, 0x0, 0x0, 0x7f, 0xfc, 0x50, 0x0,
    0x0, 0x1, 0xcf, 0xff, 0xd6, 0x0, 0x4, 0xfd,
    0x59, 0xff, 0xfd, 0x20, 0xcf, 0x60, 0x1, 0x8f,
    0xfe, 0xd, 0xf8, 0x0, 0x0, 0x3f, 0xf5, 0x8f,
    0xf8, 0x10, 0x0, 0xef, 0x50, 0xbf, 0xff, 0x92,
    0x6f, 0xd0, 0x0, 0x5d, 0xff, 0xff, 0x71, 0x0,
    0x0, 0x4, 0xcf, 0xfd, 0x0, 0x0, 0x0, 0x0,
    0x6f, 0xf6, 0x2, 0x7a, 0x0, 0x0, 0xff, 0x90,
    0x3f, 0xfa, 0x10, 0x6f, 0xf7, 0x0, 0xbf, 0xff,
    0xff, 0xfe, 0x10, 0x0, 0x9f, 0xff, 0xfb, 0x20,
    0x0, 0x0, 0x2, 0x21, 0x0, 0x0,

    /* U+00A8 "¨" */
    0x8, 0xd5, 0x1, 0xbc, 0x21, 0xff, 0xd0, 0x6f,
    0xf8, 0xa, 0xf7, 0x1, 0xde, 0x30,

    /* U+00A9 "©" */
    0x0, 0x0, 0x0, 0x2, 0x44, 0x20, 0x0, 0x0,
    0x0, 0x0, 0x0, 0x7, 0xef, 0xff, 0xfe, 0x81,
    0x0, 0x0, 0x0, 0x3, 0xef, 0xff, 0xff, 0xff,
    0xfe, 0x40, 0x0, 0x0, 0x3f, 0xff, 0x93, 0x0,
    0x28, 0xff, 0xf4, 0x0, 0x0, 0xdf, 0xe3, 0x2b,
    0xff, 0xc4, 0x2d, 0xfe, 0x10, 0x7, 0xff, 0x33,
    0xff, 0xff, 0xff, 0x62, 0xff, 0x90, 0xd, 0xfa,
    0xd, 0xfb, 0x21, 0x8f, 0xf1, 0x8f, 0xf0, 0x1f,
    0xf4, 0x4f, 0xe0, 0x0, 0x8, 0x93, 0x2f, 0xf3,
    0x2f, 0xf2, 0x5f, 0xb0, 0x0, 0x0, 0x0, 0xf,
    0xf4, 0x2f, 0xf2, 0x4f, 0xe0, 0x0, 0x8, 0x82,
    0x1f, 0xf4, 0xf, 0xf5, 0xe, 0xfb, 0x10, 0x8f,
    0xf0, 0x4f, 0xf2, 0xb, 0xfc, 0x4, 0xff, 0xff,
    0xff, 0x60, 0xaf, 0xd0, 0x4, 0xff, 0x70, 0x3b,
    0xff, 0xd5, 0x5, 0xff, 0x60, 0x0, 0xbf, 0xf7,
    0x0, 0x0, 0x0, 0x6f, 0xfc, 0x0, 0x0, 0x1c,
    0xff, 0xd8, 0x55, 0x7d, 0xff, 0xd1, 0x0, 0x0,
    0x0, 0xaf, 0xff, 0xff, 0xff, 0xfb, 0x10, 0x0,
    0x0, 0x0, 0x3, 0x9d, 0xff, 0xda, 0x40, 0x0,
    0x0,

    /* U+00AA "ª" */
    0x0, 0x5c, 0xff, 0xc5, 0x0, 0x7f, 0xfd, 0xdf,
    0xf6, 0xa, 0xd5, 0x0, 0x8f, 0xd0, 0x0, 0x0,
    0x18, 0xff, 0x1, 0x8c, 0xef, 0xff, 0xf0, 0xdf,
    0xfb, 0x89, 0xff, 0x4f, 0xf1, 0x0, 0x5f, 0xf5,
    0xff, 0x0, 0xb, 0xff, 0x1e, 0xfe, 0xbe, 0xef,
    0xf0, 0x3c, 0xff, 0xa4, 0xff,

    /* U+00AB "«" */
    0x0, 0x2, 0xff, 0xd1, 0x4f, 0xfb, 0x0, 0x1,
    0xef, 0xe2, 0x3f, 0xfd, 0x0, 0x0, 0xcf, 0xf3,
    0x2e, 0xfe, 0x10, 0x0, 0xbf, 0xf5, 0x1d, 0xff,
    0x30, 0x0, 0x9f, 0xf8, 0xb, 0xff, 0x50, 0x0,
    0x9, 0xff, 0x80, 0xbf, 0xf5, 0x0, 0x0, 0xb,
    0xff, 0x51, 0xdf, 0xf3, 0x0, 0x0, 0xc, 0xff,
    0x32, 0xef, 0xe1, 0x0, 0x0, 0x1e, 0xfe, 0x23,
    0xff, 0xd0, 0x0, 0x0, 0x2f, 0xfd, 0x14, 0xff,
    0xb0,

    /* U+00AC "¬" */
    0x24, 0x44, 0x44, 0x44, 0x43, 0xaf, 0xff, 0xff,
    0xff, 0xfd, 0xaf, 0xff, 0xff, 0xff, 0xfd, 0x0,
    0x0, 0x0, 0x9, 0xfd, 0x0, 0x0, 0x0, 0x9,
    0xfd, 0x0, 0x0, 0x0, 0x9, 0xfd,

    /* U+00AE "®" */
    0x0, 0x0, 0x48, 0x97, 0x20, 0x0, 0x0, 0x4,
    0xef, 0xff, 0xff, 0xa1, 0x0, 0x5, 0xfe, 0x61,
    0x2, 0x9f, 0xd1, 0x1, 0xfd, 0x10, 0x0, 0x0,
    0x5f, 0xa0, 0x8f, 0x30, 0xde, 0xec, 0x30, 0x9f,
    0x2d, 0xc0, 0xf, 0x82, 0xdc, 0x3, 0xf6, 0xfa,
    0x0, 0xf7, 0xc, 0xb0, 0x1f, 0x8e, 0xb0, 0xf,
    0xde, 0xf2, 0x2, 0xf7, 0xbf, 0x0, 0xf7, 0x2f,
    0x60, 0x6f, 0x44, 0xf9, 0xa, 0x50, 0x89, 0x1e,
    0xd0, 0xa, 0xf8, 0x0, 0x0, 0x2d, 0xf4, 0x0,
    0xa, 0xfe, 0xa9, 0xcf, 0xf5, 0x0, 0x0, 0x5,
    0xbf, 0xfe, 0x92, 0x0, 0x0,

    /* U+00AF "¯" */
    0x1d, 0xdd, 0xdd, 0xd0, 0x1f, 0xff, 0xff, 0xf0,

    /* U+00B0 "°" */
    0x2, 0xaf, 0xfb, 0x20, 0x1e, 0xff, 0xff, 0xf2,
    0x8f, 0xb1, 0x1a, 0xf9, 0xbf, 0x50, 0x3, 0xfc,
    0x8f, 0xb1, 0xa, 0xf9, 0x1e, 0xff, 0xff, 0xf2,
    0x2, 0xaf, 0xfb, 0x20,

    /* U+00B1 "±" */
    0x0, 0x0, 0xcf, 0x90, 0x0, 0x0, 0x0, 0xc,
    0xf9, 0x0, 0x0, 0x34, 0x44, 0xdf, 0xb4, 0x44,
    0x2f, 0xff, 0xff, 0xff, 0xff, 0xfb, 0xff, 0xff,
    0xff, 0xff, 0xff, 0xb0, 0x0, 0xc, 0xf9, 0x0,
    0x0, 0x0, 0x0, 0xcf, 0x90, 0x0, 0x0, 0x0,
    0xa, 0xd7, 0x0, 0x0, 0x0, 0x0, 0x0, 0x0,
    0x0, 0xf, 0xff, 0xff, 0xff, 0xff, 0xfb, 0xff,
    0xff, 0xff, 0xff, 0xff, 0xb4, 0x55, 0x55, 0x55,
    0x55, 0x53,

    /* U+00B2 "²" */
    0x7, 0xdf, 0xfc, 0x40, 0x8f, 0xfd, 0xef, 0xf4,
    0xce, 0x60, 0xc, 0xf9, 0x0, 0x0, 0xd, 0xf7,
    0x0, 0x2, 0xcf, 0xd1, 0x0, 0x5f, 0xfa, 0x10,
    0x9, 0xfe, 0x50, 0x0, 0xbf, 0xff, 0xee, 0xec,
    0xcf, 0xff, 0xff, 0xfe,

    /* U+00B3 "³" */
    0x4, 0xcf, 0xfd, 0x60, 0x5, 0xff, 0xee, 0xff,
    0x60, 0x8c, 0x70, 0x9, 0xfc, 0x0, 0x0, 0x23,
    0xcf, 0x70, 0x0, 0x1f, 0xff, 0x90, 0x0, 0x0,
    0x55, 0xcf, 0xc0, 0x9a, 0x60, 0x7, 0xff, 0x28,
    0xff, 0xfe, 0xff, 0xd0, 0x6, 0xcf, 0xfd, 0x81,
    0x0,

    /* U+00B4 "´" */
    0x0, 0x23, 0x30, 0x1, 0xff, 0x80, 0x7, 0xfd,
    0x0, 0xe, 0xf3, 0x0,

    /* U+00B5 "µ" */
    0x8f, 0xf4, 0x0, 0x0, 0xcf, 0xf0, 0x8, 0xff,
    0x40, 0x0, 0xc, 0xff, 0x0, 0x8f, 0xf4, 0x0,
    0x0, 0xcf, 0xf0, 0x8, 0xff, 0x40, 0x0, 0xc,
    0xff, 0x0, 0x8f, 0xf4, 0x0, 0x0, 0xcf, 0xf0,
    0x8, 0xff, 0x40, 0x0, 0xc, 0xff, 0x0, 0x8f,
    0xf4, 0x0, 0x0, 0xcf, 0xf0, 0x8, 0xff, 0x40,
    0x0, 0xd, 0xff, 0x0, 0x8f, 0xf8, 0x0, 0x1,
    0xff, 0xf0, 0x8, 0xff, 0xf7, 0x23, 0xcf, 0xff,
    0x30, 0x8f, 0xfd, 0xff, 0xff, 0x8f, 0xff, 0x68,
    0xff, 0x49, 0xfd, 0x50, 0x7e, 0xf6, 0x8f, 0xf4,
    0x0, 0x0, 0x0, 0x0, 0x8, 0xff, 0x40, 0x0,
    0x0, 0x0, 0x0, 0x8f, 0xf4, 0x0, 0x0, 0x0,
    0x0, 0x8, 0xff, 0x40, 0x0, 0x0, 0x0, 0x0,

    /* U+00B6 "¶" */
    0x0, 0x6, 0xcf, 0xff, 0xff, 0xf9, 0x0, 0xbf,
    0xff, 0xff, 0xff, 0xf9, 0x7, 0xff, 0xff, 0xf6,
    0x3d, 0xf9, 0xd, 0xff, 0xff, 0xf4, 0xd, 0xf9,
    0xf, 0xff, 0xff, 0xf4, 0xd, 0xf9, 0xf, 0xff,
    0xff, 0xf4, 0xd, 0xf9, 0xd, 0xff, 0xff, 0xf4,
    0xd, 0xf9, 0x7, 0xff, 0xff, 0xf4, 0xd, 0xf9,
    0x0, 0xbf, 0xff, 0xf4, 0xd, 0xf9, 0x0, 0x6,
    0xdf, 0xf4, 0xd, 0xf9, 0x0, 0x0, 0x0, 0x0,
    0xd, 0xf9, 0x0, 0x0, 0x0, 0x0, 0xd, 0xf9,
    0x0, 0x0, 0x0, 0x0, 0xd, 0xf9, 0x0, 0x0,
    0x0, 0x0, 0xd, 0xf9, 0x0, 0x0, 0x0, 0x0,
    0xd, 0xf9, 0x0, 0x0, 0x0, 0x0, 0xd, 0xf9,

    /* U+00B7 "·" */
    0x1, 0x51, 0x0, 0xef, 0xe1, 0x2f, 0xff, 0x30,
    0xaf, 0xa0,

    /* U+00B8 "¸" */
    0x1f, 0x20, 0x3, 0xf9, 0x30, 0x26, 0xcf, 0x10,
    0x8, 0xf2, 0xcf, 0xfc, 0x2, 0x32, 0x0,

    /* U+00B9 "¹" */
    0x7, 0xff, 0xdb, 0xff, 0xfd, 0xd8, 0x7f, 0xd1,
    0x7, 0xfd, 0x0, 0x7f, 0xd0, 0x7, 0xfd, 0x0,
    0x7f, 0xd0, 0x7, 0xfd, 0x0, 0x7f, 0xd0,

    /* U+00BA "º" */
    0x0, 0x2a, 0xef, 0xd8, 0x0, 0x2, 0xef, 0xfe,
    0xff, 0xc0, 0xb, 0xfd, 0x10, 0x4f, 0xf7, 0x1f,
    0xf5, 0x0, 0x9, 0xfc, 0x3f, 0xf2, 0x0, 0x6,
    0xff, 0x3f, 0xf2, 0x0, 0x6, 0xff, 0x1f, 0xf5,
    0x0, 0x9, 0xfc, 0xb, 0xfd, 0x10, 0x3f, 0xf7,
    0x2, 0xef, 0xfe, 0xff, 0xc0, 0x0, 0x2a, 0xef,
    0xd8, 0x0,

    /* U+00BB "»" */
    0xb, 0xff, 0x41, 0xdf, 0xe2, 0x0, 0x0, 0x1d,
    0xff, 0x22, 0xff, 0xd1, 0x0, 0x0, 0x2e, 0xfe,
    0x14, 0xff, 0xc0, 0x0, 0x0, 0x3f, 0xfc, 0x6,
    0xff, 0xa0, 0x0, 0x0, 0x6f, 0xfb, 0x9, 0xff,
    0x80, 0x0, 0x6, 0xff, 0xb0, 0x9f, 0xf8, 0x0,
    0x3, 0xff, 0xc0, 0x6f, 0xfa, 0x0, 0x2, 0xef,
    0xe1, 0x4f, 0xfc, 0x0, 0x1, 0xdf, 0xf2, 0x2f,
    0xfd, 0x10, 0x0, 0xbf, 0xf4, 0x1d, 0xfe, 0x20,
    0x0,

    /* U+00BC "¼" */
    0x0, 0x9b, 0xb0, 0x0, 0x0, 0x0, 0x1b, 0xb1,
    0x0, 0x1c, 0xff, 0xf0, 0x0, 0x0, 0x0, 0xaf,
    0x70, 0x0, 0x2f, 0x5f, 0xf0, 0x0, 0x0, 0x5,
    0xfc, 0x0, 0x0, 0x12, 0x1f, 0xf0, 0x0, 0x0,
    0x1e, 0xf2, 0x0, 0x0, 0x0, 0x1f, 0xf0, 0x0,
    0x0, 0xbf, 0x60, 0x0, 0x0, 0x0, 0x1f, 0xf0,
    0x0, 0x6, 0xfb, 0x0, 0x0, 0x0, 0x0, 0x1f,
    0xf0, 0x0, 0x2f, 0xe1, 0x0, 0x0, 0x0, 0x0,
    0x1f, 0xf0, 0x0, 0xcf, 0x50, 0x1, 0x66, 0x20,
    0x0, 0x1f, 0xf0, 0x7, 0xfa, 0x0, 0x9, 0xff,
    0x70, 0x0, 0x0, 0x0, 0x2f, 0xe0, 0x0, 0x3f,
    0xff, 0x70, 0x0, 0x0, 0x0, 0xdf, 0x40, 0x0,
    0xcf, 0x9f, 0x70, 0x0, 0x0, 0x8, 0xf9, 0x0,
    0x6, 0xf9, 0x6f, 0x70, 0x0, 0x0, 0x3f, 0xd0,
    0x0, 0x1e, 0xe1, 0x6f, 0x70, 0x0, 0x0, 0xdf,
    0x30, 0x0, 0x8f, 0xdb, 0xdf, 0xd5, 0x0, 0x9,
    0xf7, 0x0, 0x0, 0x9f, 0xff, 0xff, 0xf8, 0x0,
    0x4f, 0xc0, 0x0, 0x0, 0x0, 0x0, 0x7f, 0x70,
    0x0, 0x23, 0x10, 0x0, 0x0, 0x0, 0x0, 0x13,
    0x10,

    /* U+00BD "½" */
    0x0, 0x9b, 0xb0, 0x0, 0x0, 0x0, 0x1b, 0xb1,
    0x0, 0x1, 0xdf, 0xff, 0x0, 0x0, 0x0, 0xa,
    0xf7, 0x0, 0x0, 0x2e, 0x4f, 0xf0, 0x0, 0x0,
    0x5, 0xfb, 0x0, 0x0, 0x1, 0x11, 0xff, 0x0,
    0x0, 0x1, 0xfe, 0x10, 0x0, 0x0, 0x0, 0x1f,
    0xf0, 0x0, 0x0, 0xbf, 0x50, 0x0, 0x0, 0x0,
    0x1, 0xff, 0x0, 0x0, 0x7f, 0xa0, 0x0, 0x0,
    0x0, 0x0, 0x1f, 0xf0, 0x0, 0x2f, 0xe1, 0x0,
    0x0, 0x0, 0x0, 0x1, 0xff, 0x0, 0xd, 0xf4,
    0x0, 0x7b, 0xb7, 0x0, 0x0, 0x1f, 0xf0, 0x8,
    0xf8, 0x0, 0xbf, 0xff, 0xfb, 0x0, 0x0, 0x0,
    0x4, 0xfd, 0x0, 0x1d, 0xc1, 0x2f, 0xf1, 0x0,
    0x0, 0x1, 0xef, 0x20, 0x0, 0x0, 0x0, 0xff,
    0x0, 0x0, 0x0, 0xaf, 0x70, 0x0, 0x0, 0x0,
    0xbf, 0x60, 0x0, 0x0, 0x5f, 0xb0, 0x0, 0x0,
    0x0, 0xbf, 0x80, 0x0, 0x0, 0x1f, 0xe1, 0x0,
    0x0, 0x1, 0xcf, 0x90, 0x0, 0x0, 0xb, 0xf5,
    0x0, 0x0, 0x0, 0xdf, 0xfb, 0xbb, 0x20, 0x7,
    0xfa, 0x0, 0x0, 0x0, 0xf, 0xff, 0xff, 0xf4,

    /* U+00BE "¾" */
    0x0, 0x38, 0x97, 0x10, 0x0, 0x0, 0x0, 0x3a,
    0x70, 0x0, 0x6, 0xff, 0xff, 0xd0, 0x0, 0x0,
    0x0, 0xdf, 0x30, 0x0, 0x9, 0xb3, 0xc, 0xf4,
    0x0, 0x0, 0x9, 0xf7, 0x0, 0x0, 0x0, 0x1,
    0x3d, 0xf2, 0x0, 0x0, 0x4f, 0xc0, 0x0, 0x0,
    0x0, 0xc, 0xff, 0x60, 0x0, 0x1, 0xef, 0x20,
    0x0, 0x0, 0x0, 0x4, 0x6e, 0xf5, 0x0, 0xa,
    0xf6, 0x0, 0x0, 0x0, 0x0, 0x0, 0x7, 0xfb,
    0x0, 0x6f, 0xb0, 0x0, 0x0, 0x0, 0xd, 0xe7,
    0x5d, 0xf9, 0x2, 0xfe, 0x10, 0x2, 0x44, 0x0,
    0x6, 0xff, 0xff, 0xc1, 0xc, 0xf5, 0x0, 0xd,
    0xff, 0x20, 0x0, 0x15, 0x63, 0x0, 0x7f, 0xa0,
    0x0, 0x7f, 0xff, 0x20, 0x0, 0x0, 0x0, 0x2,
    0xfe, 0x10, 0x2, 0xfd, 0xcf, 0x20, 0x0, 0x0,
    0x0, 0xd, 0xf4, 0x0, 0xb, 0xf3, 0xcf, 0x20,
    0x0, 0x0, 0x0, 0x8f, 0x80, 0x0, 0x5f, 0xa0,
    0xcf, 0x20, 0x0, 0x0, 0x3, 0xfd, 0x0, 0x0,
    0xdf, 0xcb, 0xef, 0xb1, 0x0, 0x0, 0xd, 0xf3,
    0x0, 0x0, 0xef, 0xff, 0xff, 0xf2, 0x0, 0x0,
    0x9f, 0x70, 0x0, 0x0, 0x0, 0x0, 0xdf, 0x20,
    0x0, 0x0, 0x33, 0x0, 0x0, 0x0, 0x0, 0x0,
    0x33, 0x0,

    /* U+00BF "¿" */
    0x0, 0x0, 0xbf, 0xa0, 0x0, 0x0, 0x0, 0x3f,
    0xff, 0x30, 0x0, 0x0, 0x1, 0xef, 0xe1, 0x0,
    0x0, 0x0, 0x1, 0x41, 0x0, 0x0, 0x0, 0x0,
    0x0, 0x0, 0x0, 0x0, 0x0, 0xc, 0xfc, 0x0,
    0x0, 0x0, 0x0, 0xff, 0xb0, 0x0, 0x0, 0x1,
    0xbf, 0xf7, 0x0, 0x0, 0x4, 0xef, 0xfb, 0x0,
    0x0, 0x3, 0xff, 0xf7, 0x0, 0x0, 0x0, 0xbf,
    0xf5, 0x0, 0x0, 0x0, 0xe, 0xff, 0x0, 0x0,
    0x46, 0x60, 0xef, 0xf1, 0x0, 0xd, 0xff, 0x9,
    0xff, 0xd5, 0x5b, 0xff, 0xa0, 0x1d, 0xff, 0xff,
    0xff, 0xd1, 0x0, 0x7, 0xdf, 0xfd, 0x81, 0x0,

    /* U+00C0 "À" */
    0x0, 0x0, 0x4, 0x42, 0x0, 0x0, 0x0, 0x0,
    0x0, 0x0, 0xa, 0xfe, 0x0, 0x0, 0x0, 0x0,
    0x0, 0x0, 0x1, 0xef, 0x50, 0x0, 0x0, 0x0,
    0x0, 0x0, 0x0, 0x5f, 0xc0, 0x0, 0x0, 0x0,
    0x0, 0x0, 0x0, 0x0, 0x0, 0x0, 0x0, 0x0,
    0x0, 0x0, 0x1, 0xff, 0xfe, 0x0, 0x0, 0x0,
    0x0, 0x0, 0x6, 0xff, 0xff, 0x40, 0x0, 0x0,
    0x0, 0x0, 0xc, 0xfe, 0xff, 0xa0, 0x0, 0x0,
    0x0, 0x0, 0x1f, 0xf9, 0xbf, 0xf0, 0x0, 0x0,
    0x0, 0x0, 0x7f, 0xf5, 0x7f, 0xf6, 0x0, 0x0,
    0x0, 0x0, 0xcf, 0xf1, 0x2f, 0xfb, 0x0, 0x0,
    0x0, 0x2, 0xff, 0xc0, 0xe, 0xff, 0x10, 0x0,
    0x0, 0x7, 0xff, 0x70, 0x9, 0xff, 0x70, 0x0,
    0x0, 0xd, 0xff, 0x20, 0x3, 0xff, 0xc0, 0x0,
    0x0, 0x3f, 0xfe, 0x44, 0x44, 0xff, 0xf2, 0x0,
    0x0, 0x8f, 0xff, 0xff, 0xff, 0xff, 0xf8, 0x0,
    0x0, 0xef, 0xff, 0xff, 0xff, 0xff, 0xfd, 0x0,
    0x3, 0xff, 0xd0, 0x0, 0x0, 0xd, 0xff, 0x30,
    0x9, 0xff, 0x80, 0x0, 0x0, 0x8, 0xff, 0x90,
    0xe, 0xff, 0x20, 0x0, 0x0, 0x2, 0xff, 0xe0,
    0x4f, 0xfd, 0x0, 0x0, 0x0, 0x0, 0xdf, 0xf4,

    /* U+00C1 "Á" */
    0x0, 0x0, 0x0, 0x0, 0x24, 0x40, 0x0, 0x0,
    0x0, 0x0, 0x0, 0x0, 0xef, 0xa0, 0x0, 0x0,
    0x0, 0x0, 0x0, 0x6, 0xfe, 0x10, 0x0, 0x0,
    0x0, 0x0, 0x0, 0xd, 0xf4, 0x0, 0x0, 0x0,
    0x0, 0x0, 0x0, 0x0, 0x0, 0x0, 0x0, 0x0,
    0x0, 0x0, 0x1, 0xff, 0xfe, 0x0, 0x0, 0x0,
    0x0, 0x0, 0x6, 0xff, 0xff, 0x40, 0x0, 0x0,
    0x0, 0x0, 0xc, 0xfe, 0xff, 0xa0, 0x0, 0x0,
    0x0, 0x0, 0x1f, 0xf9, 0xbf, 0xf0, 0x0, 0x0,
    0x0, 0x0, 0x7f, 0xf5, 0x7f, 0xf6, 0x0, 0x0,
    0x0, 0x0, 0xcf, 0xf1, 0x2f, 0xfb, 0x0, 0x0,
    0x0, 0x2, 0xff, 0xc0, 0xe, 0xff, 0x10, 0x0,
    0x0, 0x7, 0xff, 0x70, 0x9, 0xff, 0x70, 0x0,
    0x0, 0xd, 0xff, 0x20, 0x3, 0xff, 0xc0, 0x0,
    0x0, 0x3f, 0xfe, 0x44, 0x44, 0xff, 0xf2, 0x0,
    0x0, 0x8f, 0xff, 0xff, 0xff, 0xff, 0xf8, 0x0,
    0x0, 0xef, 0xff, 0xff, 0xff, 0xff, 0xfd, 0x0,
    0x3, 0xff, 0xd0, 0x0, 0x0, 0xd, 0xff, 0x30,
    0x9, 0xff, 0x80, 0x0, 0x0, 0x8, 0xff, 0x90,
    0xe, 0xff, 0x20, 0x0, 0x0, 0x2, 0xff, 0xe0,
    0x4f, 0xfd, 0x0, 0x0, 0x0, 0x0, 0xdf, 0xf4,

    /* U+00C2 "Â" */
    0x0, 0x0, 0x0, 0x38, 0x82, 0x0, 0x0, 0x0,
    0x0, 0x0, 0x3, 0xff, 0xfe, 0x20, 0x0, 0x0,
    0x0, 0x0, 0x3f, 0xf5, 0x5f, 0xe2, 0x0, 0x0,
    0x0, 0x0, 0x78, 0x50, 0x5, 0x86, 0x0, 0x0,
    0x0, 0x0, 0x0, 0x0, 0x0, 0x0, 0x0, 0x0,
    0x0, 0x0, 0x1, 0xff, 0xfe, 0x0, 0x0, 0x0,
    0x0, 0x0, 0x6, 0xff, 0xff, 0x40, 0x0, 0x0,
    0x0, 0x0, 0xc, 0xfe, 0xff, 0xa0, 0x0, 0x0,
    0x0, 0x0, 0x1f, 0xf9, 0xbf, 0xf0, 0x0, 0x0,
    0x0, 0x0, 0x7f, 0xf5, 0x7f, 0xf6, 0x0, 0x0,
    0x0, 0x0, 0xcf, 0xf1, 0x2f, 0xfb, 0x0, 0x0,
    0x0, 0x2, 0xff, 0xc0, 0xe, 0xff, 0x10, 0x0,
    0x0, 0x7, 0xff, 0x70, 0x9, 0xff, 0x70, 0x0,
    0x0, 0xd, 0xff, 0x20, 0x3, 0xff, 0xc0, 0x0,
    0x0, 0x3f, 0xfe, 0x44, 0x44, 0xff, 0xf2, 0x0,
    0x0, 0x8f, 0xff, 0xff, 0xff, 0xff, 0xf8, 0x0,
    0x0, 0xef, 0xff, 0xff, 0xff, 0xff, 0xfd, 0x0,
    0x3, 0xff, 0xd0, 0x0, 0x0, 0xd, 0xff, 0x30,
    0x9, 0xff, 0x80, 0x0, 0x0, 0x8, 0xff, 0x90,
    0xe, 0xff, 0x20, 0x0, 0x0, 0x2, 0xff, 0xe0,
    0x4f, 0xfd, 0x0, 0x0, 0x0, 0x0, 0xdf, 0xf4,

    /* U+00C3 "Ã" */
    0x0, 0x0, 0xa, 0xfc, 0x43, 0xf7, 0x0, 0x0,
    0x0, 0x0, 0x5f, 0xce, 0xff, 0xf2, 0x0, 0x0,
    0x0, 0x0, 0x5a, 0x10, 0x79, 0x40, 0x0, 0x0,
    0x0, 0x0, 0x0, 0x0, 0x0, 0x0, 0x0, 0x0,
    0x0, 0x0, 0x1, 0xff, 0xfe, 0x0, 0x0, 0x0,
    0x0, 0x0, 0x6, 0xff, 0xff, 0x40, 0x0, 0x0,
    0x0, 0x0, 0xc, 0xfe, 0xff, 0xa0, 0x0, 0x0,
    0x0, 0x0, 0x1f, 0xf9, 0xbf, 0xf0, 0x0, 0x0,
    0x0, 0x0, 0x7f, 0xf5, 0x7f, 0xf6, 0x0, 0x0,
    0x0, 0x0, 0xcf, 0xf1, 0x2f, 0xfb, 0x0, 0x0,
    0x0, 0x2, 0xff, 0xc0, 0xe, 0xff, 0x10, 0x0,
    0x0, 0x7, 0xff, 0x70, 0x9, 0xff, 0x70, 0x0,
    0x0, 0xd, 0xff, 0x20, 0x3, 0xff, 0xc0, 0x0,
    0x0, 0x3f, 0xfe, 0x44, 0x44, 0xff, 0xf2, 0x0,
    0x0, 0x8f, 0xff, 0xff, 0xff, 0xff, 0xf8, 0x0,
    0x0, 0xef, 0xff, 0xff, 0xff, 0xff, 0xfd, 0x0,
    0x3, 0xff, 0xd0, 0x0, 0x0, 0xd, 0xff, 0x30,
    0x9, 0xff, 0x80, 0x0, 0x0, 0x8, 0xff, 0x90,
    0xe, 0xff, 0x20, 0x0, 0x0, 0x2, 0xff, 0xe0,
    0x4f, 0xfd, 0x0, 0x0, 0x0, 0x0, 0xdf, 0xf4,

    /* U+00C4 "Ä" */
    0x0, 0x0, 0x6f, 0xa0, 0xb, 0xf6, 0x0, 0x0,
    0x0, 0x0, 0xcf, 0xf1, 0x2f, 0xfc, 0x0, 0x0,
    0x0, 0x0, 0x5d, 0x90, 0x9, 0xd5, 0x0, 0x0,
    0x0, 0x0, 0x0, 0x0, 0x0, 0x0, 0x0, 0x0,
    0x0, 0x0, 0x1, 0xff, 0xfe, 0x0, 0x0, 0x0,
    0x0, 0x0, 0x6, 0xff, 0xff, 0x40, 0x0, 0x0,
    0x0, 0x0, 0xc, 0xfe, 0xff, 0xa0, 0x0, 0x0,
    0x0, 0x0, 0x1f, 0xf9, 0xbf, 0xf0, 0x0, 0x0,
    0x0, 0x0, 0x7f, 0xf5, 0x7f, 0xf6, 0x0, 0x0,
    0x0, 0x0, 0xcf, 0xf1, 0x2f, 0xfb, 0x0, 0x0,
    0x0, 0x2, 0xff, 0xc0, 0xe, 0xff, 0x10, 0x0,
    0x0, 0x7, 0xff, 0x70, 0x9, 0xff, 0x70, 0x0,
    0x0, 0xd, 0xff, 0x20, 0x3, 0xff, 0xc0, 0x0,
    0x0, 0x3f, 0xfe, 0x44, 0x44, 0xff, 0xf2, 0x0,
    0x0, 0x8f, 0xff, 0xff, 0xff, 0xff, 0xf8, 0x0,
    0x0, 0xef, 0xff, 0xff, 0xff, 0xff, 0xfd, 0x0,
    0x3, 0xff, 0xd0, 0x0, 0x0, 0xd, 0xff, 0x30,
    0x9, 0xff, 0x80, 0x0, 0x0, 0x8, 0xff, 0x90,
    0xe, 0xff, 0x20, 0x0, 0x0, 0x2, 0xff, 0xe0,
    0x4f, 0xfd, 0x0, 0x0, 0x0, 0x0, 0xdf, 0xf4,

    /* U+00C5 "Å" */
    0x0, 0x0, 0x0, 0x0, 0x0, 0x0, 0x0, 0x0,
    0x0, 0x0, 0x1, 0xbf, 0xfb, 0x10, 0x0, 0x0,
    0x0, 0x0, 0xa, 0xf6, 0x6f, 0xa0, 0x0, 0x0,
    0x0, 0x0, 0xe, 0xb0, 0xc, 0xe0, 0x0, 0x0,
    0x0, 0x0, 0xb, 0xe3, 0x3f, 0xb0, 0x0, 0x0,
    0x0, 0x0, 0x2, 0xdf, 0xfd, 0x20, 0x0, 0x0,
    0x0, 0x0, 0x0, 0x3, 0x30, 0x0, 0x0, 0x0,
    0x0, 0x0, 0x1, 0xff, 0xfe, 0x0, 0x0, 0x0,
    0x0, 0x0, 0x6, 0xff, 0xff, 0x40, 0x0, 0x0,
    0x0, 0x0, 0xc, 0xfe, 0xff, 0xa0, 0x0, 0x0,
    0x0, 0x0, 0x1f, 0xf9, 0xbf, 0xf0, 0x0, 0x0,
    0x0, 0x0, 0x7f, 0xf5, 0x7f, 0xf6, 0x0, 0x0,
    0x0, 0x0, 0xcf, 0xf1, 0x2f, 0xfb, 0x0, 0x0,
    0x0, 0x2, 0xff, 0xc0, 0xe, 0xff, 0x10, 0x0,
    0x0, 0x7, 0xff, 0x70, 0x9, 0xff, 0x70, 0x0,
    0x0, 0xd, 0xff, 0x20, 0x3, 0xff, 0xc0, 0x0,
    0x0, 0x3f, 0xfe, 0x44, 0x44, 0xff, 0xf2, 0x0,
    0x0, 0x8f, 0xff, 0xff, 0xff, 0xff, 0xf8, 0x0,
    0x0, 0xef, 0xff, 0xff, 0xff, 0xff, 0xfd, 0x0,
    0x3, 0xff, 0xd0, 0x0, 0x0, 0xd, 0xff, 0x30,
    0x9, 0xff, 0x80, 0x0, 0x0, 0x8, 0xff, 0x90,
    0xe, 0xff, 0x20, 0x0, 0x0, 0x2, 0xff, 0xe0,
    0x4f, 0xfd, 0x0, 0x0, 0x0, 0x0, 0xdf, 0xf4,

    /* U+00C6 "Æ" */
    0x0, 0x0, 0x0, 0x8, 0xff, 0xff, 0xff, 0xff,
    0xff, 0xff, 0xf0, 0x0, 0x0, 0x0, 0xe, 0xff,
    0xdf, 0xff, 0xff, 0xff, 0xff, 0xf0, 0x0, 0x0,
    0x0, 0x6f, 0xf8, 0x4f, 0xfa, 0x66, 0x66, 0x66,
    0x50, 0x0, 0x0, 0x0, 0xdf, 0xf1, 0x4f, 0xf7,
    0x0, 0x0, 0x0, 0x0, 0x0, 0x0, 0x4, 0xff,
    0xa0, 0x4f, 0xf7, 0x0, 0x0, 0x0, 0x0, 0x0,
    0x0, 0xc, 0xff, 0x30, 0x4f, 0xf7, 0x0, 0x0,
    0x0, 0x0, 0x0, 0x0, 0x3f, 0xfc, 0x0, 0x4f,
    0xf7, 0x0, 0x0, 0x0, 0x0, 0x0, 0x0, 0xaf,
    0xf5, 0x0, 0x4f, 0xff, 0xff, 0xff, 0xff, 0x70,
    0x0, 0x1, 0xff, 0xe0, 0x0, 0x4f, 0xff, 0xff,
    0xff, 0xff, 0x70, 0x0, 0x8, 0xff, 0x91, 0x11,
    0x6f, 0xfa, 0x55, 0x55, 0x55, 0x20, 0x0, 0xf,
    0xff, 0xff, 0xff, 0xff, 0xf7, 0x0, 0x0, 0x0,
    0x0, 0x0, 0x7f, 0xff, 0xff, 0xff, 0xff, 0xf7,
    0x0, 0x0, 0x0, 0x0, 0x0, 0xef, 0xf3, 0x0,
    0x0, 0x4f, 0xf7, 0x0, 0x0, 0x0, 0x0, 0x5,
    0xff, 0xc0, 0x0, 0x0, 0x4f, 0xfa, 0x66, 0x66,
    0x66, 0x60, 0xc, 0xff, 0x50, 0x0, 0x0, 0x4f,
    0xff, 0xff, 0xff, 0xff, 0xf0, 0x3f, 0xfe, 0x0,
    0x0, 0x0, 0x4f, 0xff, 0xff, 0xff, 0xff, 0xf0,

    /* U+00C7 "Ç" */
    0x0, 0x0, 0x6c, 0xff, 0xeb, 0x60, 0x0, 0x0,
    0x3, 0xdf, 0xff, 0xff, 0xff, 0xd2, 0x0, 0x2,
    0xff, 0xff, 0xa8, 0xaf, 0xff, 0xe1, 0x0, 0xcf,
    0xfb, 0x10, 0x0, 0x1c, 0xff, 0x90, 0x4f, 0xfd,
    0x0, 0x0, 0x0, 0x1f, 0xff, 0x9, 0xff, 0x60,
    0x0, 0x0, 0x0, 0x46, 0x60, 0xcf, 0xf1, 0x0,
    0x0, 0x0, 0x0, 0x0, 0xd, 0xff, 0x0, 0x0,
    0x0, 0x0, 0x0, 0x0, 0xdf, 0xf0, 0x0, 0x0,
    0x0, 0x0, 0x0, 0xc, 0xff, 0x10, 0x0, 0x0,
    0x0, 0x0, 0x0, 0x9f, 0xf6, 0x0, 0x0, 0x0,
    0x5, 0x66, 0x14, 0xff, 0xd0, 0x0, 0x0, 0x1,
    0xff, 0xf0, 0xc, 0xff, 0xa0, 0x0, 0x1, 0xcf,
    0xf9, 0x0, 0x2f, 0xff, 0xfa, 0x9a, 0xff, 0xfd,
    0x10, 0x0, 0x3e, 0xff, 0xff, 0xff, 0xfc, 0x10,
    0x0, 0x0, 0x7, 0xcf, 0xfe, 0xb6, 0x0, 0x0,
    0x0, 0x0, 0x0, 0x5f, 0x40, 0x0, 0x0, 0x0,
    0x0, 0x0, 0x4, 0x9e, 0xc0, 0x0, 0x0, 0x0,
    0x0, 0x0, 0x33, 0xcf, 0x0, 0x0, 0x0, 0x0,
    0x0, 0xe, 0xfe, 0x70, 0x0, 0x0,

    /* U+00C8 "È" */
    0x0, 0x4, 0x41, 0x0, 0x0, 0x0, 0x0, 0xc,
    0xfb, 0x0, 0x0, 0x0, 0x0, 0x2, 0xff, 0x30,
    0x0, 0x0, 0x0, 0x0, 0x7f, 0xa0, 0x0, 0x0,
    0x0, 0x0, 0x0, 0x0, 0x0, 0x0, 0x6f, 0xff,
    0xff, 0xff, 0xff, 0xf0, 0x6f, 0xff, 0xff, 0xff,
    0xff, 0xf0, 0x6f, 0xfa, 0x66, 0x66, 0x66, 0x60,
    0x6f, 0xf7, 0x0, 0x0, 0x0, 0x0, 0x6f, 0xf7,
    0x0, 0x0, 0x0, 0x0, 0x6f, 0xf7, 0x0, 0x0,
    0x0, 0x0, 0x6f, 0xf7, 0x0, 0x0, 0x0, 0x0,
    0x6f, 0xff, 0xff, 0xff, 0xff, 0x70, 0x6f, 0xff,
    0xff, 0xff, 0xff, 0x70, 0x6f, 0xfa, 0x55, 0x55,
    0x55, 0x20, 0x6f, 0xf7, 0x0, 0x0, 0x0, 0x0,
    0x6f, 0xf7, 0x0, 0x0, 0x0, 0x0, 0x6f, 0xf7,
    0x0, 0x0, 0x0, 0x0, 0x6f, 0xfb, 0x66, 0x66,
    0x66, 0x60, 0x6f, 0xff, 0xff, 0xff, 0xff, 0xf0,
    0x6f, 0xff, 0xff, 0xff, 0xff, 0xf0,

    /* U+00C9 "É" */
    0x0, 0x0, 0x0, 0x34, 0x30, 0x0, 0x0, 0x0,
    0x1, 0xff, 0x70, 0x0, 0x0, 0x0, 0x8, 0xfc,
    0x0, 0x0, 0x0, 0x0, 0xf, 0xf2, 0x0, 0x0,
    0x0, 0x0, 0x0, 0x0, 0x0, 0x0, 0x6f, 0xff,
    0xff, 0xff, 0xff, 0xf0, 0x6f, 0xff, 0xff, 0xff,
    0xff, 0xf0, 0x6f, 0xfa, 0x66, 0x66, 0x66, 0x60,
    0x6f, 0xf7, 0x0, 0x0, 0x0, 0x0, 0x6f, 0xf7,
    0x0, 0x0, 0x0, 0x0, 0x6f, 0xf7, 0x0, 0x0,
    0x0, 0x0, 0x6f, 0xf7, 0x0, 0x0, 0x0, 0x0,
    0x6f, 0xff, 0xff, 0xff, 0xff, 0x70, 0x6f, 0xff,
    0xff, 0xff, 0xff, 0x70, 0x6f, 0xfa, 0x55, 0x55,
    0x55, 0x20, 0x6f, 0xf7, 0x0, 0x0, 0x0, 0x0,
    0x6f, 0xf7, 0x0, 0x0, 0x0, 0x0, 0x6f, 0xf7,
    0x0, 0x0, 0x0, 0x0, 0x6f, 0xfb, 0x66, 0x66,
    0x66, 0x60, 0x6f, 0xff, 0xff, 0xff, 0xff, 0xf0,
    0x6f, 0xff, 0xff, 0xff, 0xff, 0xf0,

    /* U+00CA "Ê" */
    0x0, 0x0, 0x48, 0x81, 0x0, 0x0, 0x0, 0x4,
    0xff, 0xfd, 0x10, 0x0, 0x0, 0x5f, 0xf3, 0x8f,
    0xd1, 0x0, 0x0, 0x78, 0x40, 0x6, 0x85, 0x0,
    0x0, 0x0, 0x0, 0x0, 0x0, 0x0, 0x6f, 0xff,
    0xff, 0xff, 0xff, 0xf0, 0x6f, 0xff, 0xff, 0xff,
    0xff, 0xf0, 0x6f, 0xfa, 0x66, 0x66, 0x66, 0x60,
    0x6f, 0xf7, 0x0, 0x0, 0x0, 0x0, 0x6f, 0xf7,
    0x0, 0x0, 0x0, 0x0, 0x6f, 0xf7, 0x0, 0x0,
    0x0, 0x0, 0x6f, 0xf7, 0x0, 0x0, 0x0, 0x0,
    0x6f, 0xff, 0xff, 0xff, 0xff, 0x70, 0x6f, 0xff,
    0xff, 0xff, 0xff, 0x70, 0x6f, 0xfa, 0x55, 0x55,
    0x55, 0x20, 0x6f, 0xf7, 0x0, 0x0, 0x0, 0x0,
    0x6f, 0xf7, 0x0, 0x0, 0x0, 0x0, 0x6f, 0xf7,
    0x0, 0x0, 0x0, 0x0, 0x6f, 0xfb, 0x66, 0x66,
    0x66, 0x60, 0x6f, 0xff, 0xff, 0xff, 0xff, 0xf0,
    0x6f, 0xff, 0xff, 0xff, 0xff, 0xf0,

    /* U+00CB "Ë" */
    0x0, 0x8f, 0x80, 0xc, 0xf4, 0x0, 0x0, 0xff,
    0xf0, 0x4f, 0xfa, 0x0, 0x0, 0x7d, 0x70, 0xb,
    0xd3, 0x0, 0x0, 0x0, 0x0, 0x0, 0x0, 0x0,
    0x6f, 0xff, 0xff, 0xff, 0xff, 0xf0, 0x6f, 0xff,
    0xff, 0xff, 0xff, 0xf0, 0x6f, 0xfa, 0x66, 0x66,
    0x66, 0x60, 0x6f, 0xf7, 0x0, 0x0, 0x0, 0x0,
    0x6f, 0xf7, 0x0, 0x0, 0x0, 0x0, 0x6f, 0xf7,
    0x0, 0x0, 0x0, 0x0, 0x6f, 0xf7, 0x0, 0x0,
    0x0, 0x0, 0x6f, 0xff, 0xff, 0xff, 0xff, 0x70,
    0x6f, 0xff, 0xff, 0xff, 0xff, 0x70, 0x6f, 0xfa,
    0x55, 0x55, 0x55, 0x20, 0x6f, 0xf7, 0x0, 0x0,
    0x0, 0x0, 0x6f, 0xf7, 0x0, 0x0, 0x0, 0x0,
    0x6f, 0xf7, 0x0, 0x0, 0x0, 0x0, 0x6f, 0xfb,
    0x66, 0x66, 0x66, 0x60, 0x6f, 0xff, 0xff, 0xff,
    0xff, 0xf0, 0x6f, 0xff, 0xff, 0xff, 0xff, 0xf0,

    /* U+00CC "Ì" */
    0x3, 0x42, 0x0, 0x9, 0xfe, 0x0, 0x0, 0xef,
    0x60, 0x0, 0x4f, 0xd0, 0x0, 0x0, 0x0, 0x0,
    0x6f, 0xf7, 0x0, 0x6f, 0xf7, 0x0, 0x6f, 0xf7,
    0x0, 0x6f, 0xf7, 0x0, 0x6f, 0xf7, 0x0, 0x6f,
    0xf7, 0x0, 0x6f, 0xf7, 0x0, 0x6f, 0xf7, 0x0,
    0x6f, 0xf7, 0x0, 0x6f, 0xf7, 0x0, 0x6f, 0xf7,
    0x0, 0x6f, 0xf7, 0x0, 0x6f, 0xf7, 0x0, 0x6f,
    0xf7, 0x0, 0x6f, 0xf7, 0x0, 0x6f, 0xf7,

    /* U+00CD "Í" */
    0x0, 0x24, 0x40, 0x0, 0xdf, 0xb0, 0x5, 0xfe,
    0x10, 0xc, 0xf5, 0x0, 0x0, 0x0, 0x0, 0x6f,
    0xf7, 0x0, 0x6f, 0xf7, 0x0, 0x6f, 0xf7, 0x0,
    0x6f, 0xf7, 0x0, 0x6f, 0xf7, 0x0, 0x6f, 0xf7,
    0x0, 0x6f, 0xf7, 0x0, 0x6f, 0xf7, 0x0, 0x6f,
    0xf7, 0x0, 0x6f, 0xf7, 0x0, 0x6f, 0xf7, 0x0,
    0x6f, 0xf7, 0x0, 0x6f, 0xf7, 0x0, 0x6f, 0xf7,
    0x0, 0x6f, 0xf7, 0x0, 0x6f, 0xf7, 0x0,

    /* U+00CE "Î" */
    0x0, 0x28, 0x83, 0x0, 0x0, 0x2e, 0xff, 0xf3,
    0x0, 0x2e, 0xf6, 0x4f, 0xe3, 0x6, 0x85, 0x0,
    0x58, 0x60, 0x0, 0x0, 0x0, 0x0, 0x0, 0x6,
    0xff, 0x70, 0x0, 0x0, 0x6f, 0xf7, 0x0, 0x0,
    0x6, 0xff, 0x70, 0x0, 0x0, 0x6f, 0xf7, 0x0,
    0x0, 0x6, 0xff, 0x70, 0x0, 0x0, 0x6f, 0xf7,
    0x0, 0x0, 0x6, 0xff, 0x70, 0x0, 0x0, 0x6f,
    0xf7, 0x0, 0x0, 0x6, 0xff, 0x70, 0x0, 0x0,
    0x6f, 0xf7, 0x0, 0x0, 0x6, 0xff, 0x70, 0x0,
    0x0, 0x6f, 0xf7, 0x0, 0x0, 0x6, 0xff, 0x70,
    0x0, 0x0, 0x6f, 0xf7, 0x0, 0x0, 0x6, 0xff,
    0x70, 0x0, 0x0, 0x6f, 0xf7, 0x0, 0x0,

    /* U+00CF "Ï" */
    0x5f, 0xb0, 0xa, 0xf7, 0xbf, 0xf2, 0x1f, 0xfd,
    0x4d, 0x90, 0x8, 0xd5, 0x0, 0x0, 0x0, 0x0,
    0x0, 0x6f, 0xf7, 0x0, 0x0, 0x6f, 0xf7, 0x0,
    0x0, 0x6f, 0xf7, 0x0, 0x0, 0x6f, 0xf7, 0x0,
    0x0, 0x6f, 0xf7, 0x0, 0x0, 0x6f, 0xf7, 0x0,
    0x0, 0x6f, 0xf7, 0x0, 0x0, 0x6f, 0xf7, 0x0,
    0x0, 0x6f, 0xf7, 0x0, 0x0, 0x6f, 0xf7, 0x0,
    0x0, 0x6f, 0xf7, 0x0, 0x0, 0x6f, 0xf7, 0x0,
    0x0, 0x6f, 0xf7, 0x0, 0x0, 0x6f, 0xf7, 0x0,
    0x0, 0x6f, 0xf7, 0x0, 0x0, 0x6f, 0xf7, 0x0,

    /* U+00D0 "Ð" */
    0x0, 0xcf, 0xff, 0xff, 0xfd, 0x93, 0x0, 0x0,
    0x0, 0xcf, 0xff, 0xff, 0xff, 0xff, 0x90, 0x0,
    0x0, 0xcf, 0xf8, 0x77, 0x8b, 0xff, 0xfa, 0x0,
    0x0, 0xcf, 0xf2, 0x0, 0x0, 0x2e, 0xff, 0x50,
    0x0, 0xcf, 0xf2, 0x0, 0x0, 0x3, 0xff, 0xd0,
    0x0, 0xcf, 0xf2, 0x0, 0x0, 0x0, 0xcf, 0xf2,
    0x0, 0xcf, 0xf2, 0x0, 0x0, 0x0, 0x8f, 0xf5,
    0xcf, 0xff, 0xff, 0xff, 0xc0, 0x0, 0x6f, 0xf6,
    0xcf, 0xff, 0xff, 0xff, 0xd0, 0x0, 0x6f, 0xf6,
    0x0, 0xcf, 0xf2, 0x0, 0x0, 0x0, 0x8f, 0xf5,
    0x0, 0xcf, 0xf2, 0x0, 0x0, 0x0, 0xcf, 0xf2,
    0x0, 0xcf, 0xf2, 0x0, 0x0, 0x3, 0xff, 0xd0,
    0x0, 0xcf, 0xf2, 0x0, 0x0, 0x3e, 0xff, 0x50,
    0x0, 0xcf, 0xf8, 0x77, 0x8b, 0xff, 0xfa, 0x0,
    0x0, 0xcf, 0xff, 0xff, 0xff, 0xff, 0x90, 0x0,
    0x0, 0xcf, 0xff, 0xff, 0xfd, 0x93, 0x0, 0x0,

    /* U+00D1 "Ñ" */
    0x0, 0x0, 0x5f, 0xe7, 0x1d, 0xd0, 0x0, 0x0,
    0x0, 0xf, 0xec, 0xff, 0xf8, 0x0, 0x0, 0x0,
    0x1, 0xa5, 0x4, 0x97, 0x0, 0x0, 0x0, 0x0,
    0x0, 0x0, 0x0, 0x0, 0x0, 0x0, 0x6f, 0xff,
    0x30, 0x0, 0x0, 0xd, 0xff, 0x16, 0xff, 0xfc,
    0x0, 0x0, 0x0, 0xdf, 0xf1, 0x6f, 0xff, 0xf7,
    0x0, 0x0, 0xd, 0xff, 0x16, 0xff, 0xff, 0xf2,
    0x0, 0x0, 0xdf, 0xf1, 0x6f, 0xf9, 0xff, 0xb0,
    0x0, 0xd, 0xff, 0x16, 0xff, 0x6b, 0xff, 0x50,
    0x0, 0xdf, 0xf1, 0x6f, 0xf7, 0x2f, 0xfe, 0x10,
    0xd, 0xff, 0x16, 0xff, 0x80, 0x8f, 0xfa, 0x0,
    0xdf, 0xf1, 0x6f, 0xf8, 0x0, 0xef, 0xf4, 0xd,
    0xff, 0x16, 0xff, 0x80, 0x4, 0xff, 0xd0, 0xcf,
    0xf1, 0x6f, 0xf8, 0x0, 0xa, 0xff, 0x6c, 0xff,
    0x16, 0xff, 0x80, 0x0, 0x1e, 0xfe, 0xbf, 0xf1,
    0x6f, 0xf8, 0x0, 0x0, 0x6f, 0xff, 0xff, 0x16,
    0xff, 0x80, 0x0, 0x0, 0xbf, 0xff, 0xf1, 0x6f,
    0xf8, 0x0, 0x0, 0x2, 0xff, 0xff, 0x16, 0xff,
    0x80, 0x0, 0x0, 0x7, 0xff, 0xf1,

    /* U+00D2 "Ò" */
    0x0, 0x0, 0x6f, 0xf3, 0x0, 0x0, 0x0, 0x0,
    0x0, 0x0, 0xbf, 0xb0, 0x0, 0x0, 0x0, 0x0,
    0x0, 0x1, 0xef, 0x20, 0x0, 0x0, 0x0, 0x0,
    0x0, 0x2, 0x41, 0x0, 0x0, 0x0, 0x0, 0x0,
    0x0, 0x0, 0x0, 0x0, 0x0, 0x0, 0x0, 0x6,
    0xce, 0xfe, 0xb6, 0x0, 0x0, 0x0, 0x3d, 0xff,
    0xff, 0xff, 0xfd, 0x20, 0x0, 0x2f, 0xff, 0xea,
    0x8a, 0xff, 0xfe, 0x10, 0xc, 0xff, 0xb0, 0x0,
    0x1, 0xbf, 0xfb, 0x4, 0xff, 0xd0, 0x0, 0x0,
    0x0, 0xef, 0xf3, 0x9f, 0xf6, 0x0, 0x0, 0x0,
    0x7, 0xff, 0x8c, 0xff, 0x10, 0x0, 0x0, 0x0,
    0x3f, 0xfa, 0xdf, 0xf0, 0x0, 0x0, 0x0, 0x1,
    0xff, 0xcd, 0xff, 0x0, 0x0, 0x0, 0x0, 0x1f,
    0xfc, 0xcf, 0xf1, 0x0, 0x0, 0x0, 0x3, 0xff,
    0xa9, 0xff, 0x60, 0x0, 0x0, 0x0, 0x7f, 0xf8,
    0x4f, 0xfd, 0x0, 0x0, 0x0, 0xe, 0xff, 0x30,
    0xcf, 0xfb, 0x0, 0x0, 0x1b, 0xff, 0xb0, 0x2,
    0xff, 0xff, 0xa9, 0xaf, 0xff, 0xe1, 0x0, 0x3,
    0xdf, 0xff, 0xff, 0xff, 0xd2, 0x0, 0x0, 0x0,
    0x6c, 0xef, 0xeb, 0x60, 0x0, 0x0,

    /* U+00D3 "Ó" */
    0x0, 0x0, 0x0, 0x5, 0xff, 0x40, 0x0, 0x0,
    0x0, 0x0, 0x0, 0xcf, 0x90, 0x0, 0x0, 0x0,
    0x0, 0x0, 0x4f, 0xe0, 0x0, 0x0, 0x0, 0x0,
    0x0, 0x2, 0x42, 0x0, 0x0, 0x0, 0x0, 0x0,
    0x0, 0x0, 0x0, 0x0, 0x0, 0x0, 0x0, 0x6,
    0xce, 0xfe, 0xb6, 0x0, 0x0, 0x0, 0x3d, 0xff,
    0xff, 0xff, 0xfd, 0x20, 0x0, 0x2f, 0xff, 0xea,
    0x8a, 0xff, 0xfe, 0x10, 0xc, 0xff, 0xb0, 0x0,
    0x1, 0xbf, 0xfb, 0x4, 0xff, 0xd0, 0x0, 0x0,
    0x0, 0xef, 0xf3, 0x9f, 0xf6, 0x0, 0x0, 0x0,
    0x7, 0xff, 0x8c, 0xff, 0x10, 0x0, 0x0, 0x0,
    0x3f, 0xfa, 0xdf, 0xf0, 0x0, 0x0, 0x0, 0x1,
    0xff, 0xcd, 0xff, 0x0, 0x0, 0x0, 0x0, 0x1f,
    0xfc, 0xcf, 0xf1, 0x0, 0x0, 0x0, 0x3, 0xff,
    0xa9, 0xff, 0x60, 0x0, 0x0, 0x0, 0x7f, 0xf8,
    0x4f, 0xfd, 0x0, 0x0, 0x0, 0xe, 0xff, 0x30,
    0xcf, 0xfb, 0x0, 0x0, 0x1b, 0xff, 0xb0, 0x2,
    0xff, 0xff, 0xa9, 0xaf, 0xff, 0xe1, 0x0, 0x3,
    0xdf, 0xff, 0xff, 0xff, 0xd2, 0x0, 0x0, 0x0,
    0x6c, 0xef, 0xeb, 0x60, 0x0, 0x0,

    /* U+00D4 "Ô" */
    0x0, 0x0, 0x2, 0xef, 0xe1, 0x0, 0x0, 0x0,
    0x0, 0x1, 0xdf, 0xcf, 0xc0, 0x0, 0x0, 0x0,
    0x0, 0xcf, 0xa0, 0xcf, 0xa0, 0x0, 0x0, 0x0,
    0x38, 0x70, 0x1, 0x88, 0x20, 0x0, 0x0, 0x0,
    0x0, 0x0, 0x0, 0x0, 0x0, 0x0, 0x0, 0x6,
    0xce, 0xfe, 0xb6, 0x0, 0x0, 0x0, 0x3d, 0xff,
    0xff, 0xff, 0xfd, 0x20, 0x0, 0x2f, 0xff, 0xea,
    0x8a, 0xff, 0xfe, 0x10, 0xc, 0xff, 0xb0, 0x0,
    0x1, 0xbf, 0xfb, 0x4, 0xff, 0xd0, 0x0, 0x0,
    0x0, 0xef, 0xf3, 0x9f, 0xf6, 0x0, 0x0, 0x0,
    0x7, 0xff, 0x8c, 0xff, 0x10, 0x0, 0x0, 0x0,
    0x3f, 0xfa, 0xdf, 0xf0, 0x0, 0x0, 0x0, 0x1,
    0xff, 0xcd, 0xff, 0x0, 0x0, 0x0, 0x0, 0x1f,
    0xfc, 0xcf, 0xf1, 0x0, 0x0, 0x0, 0x3, 0xff,
    0xa9, 0xff, 0x60, 0x0, 0x0, 0x0, 0x7f, 0xf8,
    0x4f, 0xfd, 0x0, 0x0, 0x0, 0xe, 0xff, 0x30,
    0xcf, 0xfb, 0x0, 0x0, 0x1b, 0xff, 0xb0, 0x2,
    0xff, 0xff, 0xa9, 0xaf, 0xff, 0xe1, 0x0, 0x3,
    0xdf, 0xff, 0xff, 0xff, 0xd2, 0x0, 0x0, 0x0,
    0x6c, 0xef, 0xeb, 0x60, 0x0, 0x0,

    /* U+00D5 "Õ" */
    0x0, 0x0, 0x18, 0x92, 0x6, 0x90, 0x0, 0x0,
    0x0, 0xb, 0xff, 0xfb, 0xfc, 0x0, 0x0, 0x0,
    0x0, 0xfb, 0x19, 0xfe, 0x30, 0x0, 0x0, 0x0,
    0x0, 0x0, 0x0, 0x0, 0x0, 0x0, 0x0, 0x0,
    0x0, 0x0, 0x0, 0x0, 0x0, 0x0, 0x0, 0x6,
    0xce, 0xfe, 0xb6, 0x0, 0x0, 0x0, 0x3d, 0xff,
    0xff, 0xff, 0xfd, 0x20, 0x0, 0x2f, 0xff, 0xea,
    0x8a, 0xff, 0xfe, 0x10, 0xc, 0xff, 0xb0, 0x0,
    0x1, 0xbf, 0xfb, 0x4, 0xff, 0xd0, 0x0, 0x0,
    0x0, 0xef, 0xf3, 0x9f, 0xf6, 0x0, 0x0, 0x0,
    0x7, 0xff, 0x8c, 0xff, 0x10, 0x0, 0x0, 0x0,
    0x3f, 0xfa, 0xdf, 0xf0, 0x0, 0x0, 0x0, 0x1,
    0xff, 0xcd, 0xff, 0x0, 0x0, 0x0, 0x0, 0x1f,
    0xfc, 0xcf, 0xf1, 0x0, 0x0, 0x0, 0x3, 0xff,
    0xa9, 0xff, 0x60, 0x0, 0x0, 0x0, 0x7f, 0xf8,
    0x4f, 0xfd, 0x0, 0x0, 0x0, 0xe, 0xff, 0x30,
    0xcf, 0xfb, 0x0, 0x0, 0x1b, 0xff, 0xb0, 0x2,
    0xff, 0xff, 0xa9, 0xaf, 0xff, 0xe1, 0x0, 0x3,
    0xdf, 0xff, 0xff, 0xff, 0xd2, 0x0, 0x0, 0x0,
    0x6c, 0xef, 0xeb, 0x60, 0x0, 0x0,

    /* U+00D6 "Ö" */
    0x0, 0x0, 0xbc, 0x20, 0x3d, 0xa0, 0x0, 0x0,
    0x0, 0x5f, 0xf9, 0xa, 0xff, 0x40, 0x0, 0x0,
    0x1, 0xde, 0x30, 0x4f, 0xc0, 0x0, 0x0, 0x0,
    0x0, 0x0, 0x0, 0x0, 0x0, 0x0, 0x0, 0x0,
    0x0, 0x0, 0x0, 0x0, 0x0, 0x0, 0x0, 0x6,
    0xce, 0xfe, 0xb6, 0x0, 0x0, 0x0, 0x3d, 0xff,
    0xff, 0xff, 0xfd, 0x20, 0x0, 0x2f, 0xff, 0xea,
    0x8a, 0xff, 0xfe, 0x10, 0xc, 0xff, 0xb0, 0x0,
    0x1, 0xbf, 0xfb, 0x4, 0xff, 0xd0, 0x0, 0x0,
    0x0, 0xef, 0xf3, 0x9f, 0xf6, 0x0, 0x0, 0x0,
    0x7, 0xff, 0x8c, 0xff, 0x10, 0x0, 0x0, 0x0,
    0x3f, 0xfa, 0xdf, 0xf0, 0x0, 0x0, 0x0, 0x1,
    0xff, 0xcd, 0xff, 0x0, 0x0, 0x0, 0x0, 0x1f,
    0xfc, 0xcf, 0xf1, 0x0, 0x0, 0x0, 0x3, 0xff,
    0xa9, 0xff, 0x60, 0x0, 0x0, 0x0, 0x7f, 0xf8,
    0x4f, 0xfd, 0x0, 0x0, 0x0, 0xe, 0xff, 0x30,
    0xcf, 0xfb, 0x0, 0x0, 0x1b, 0xff, 0xb0, 0x2,
    0xff, 0xff, 0xa9, 0xaf, 0xff, 0xe1, 0x0, 0x3,
    0xdf, 0xff, 0xff, 0xff, 0xd2, 0x0, 0x0, 0x0,
    0x6c, 0xef, 0xeb, 0x60, 0x0, 0x0,

    /* U+00D7 "×" */
    0x0, 0x51, 0x0, 0x0, 0x2, 0x40, 0x6, 0xfd,
    0x10, 0x0, 0x2e, 0xf4, 0x9, 0xff, 0xd1, 0x2,
    0xef, 0xf7, 0x0, 0x9f, 0xfd, 0x3e, 0xff, 0x70,
    0x0, 0x9, 0xff, 0xff, 0xf7, 0x0, 0x0, 0x0,
    0xaf, 0xff, 0x70, 0x0, 0x0, 0x2, 0xef, 0xff,
    0xd1, 0x0, 0x0, 0x2e, 0xff, 0xbf, 0xfd, 0x10,
    0x2, 0xef, 0xf6, 0x8, 0xff, 0xd1, 0xc, 0xff,
    0x60, 0x0, 0x8f, 0xf9, 0x1, 0xd6, 0x0, 0x0,
    0x8, 0xb0, 0x0, 0x0, 0x0, 0x0, 0x0, 0x0,

    /* U+00D8 "Ø" */
    0x0, 0x0, 0x0, 0x0, 0x0, 0x0, 0x20, 0x0,
    0x0, 0x6, 0xce, 0xfe, 0xb6, 0x4f, 0x80, 0x0,
    0x3d, 0xff, 0xff, 0xff, 0xff, 0xf4, 0x0, 0x2f,
    0xff, 0xea, 0x8a, 0xff, 0xff, 0x10, 0xc, 0xff,
    0xb0, 0x0, 0x7, 0xff, 0xfb, 0x4, 0xff, 0xd0,
    0x0, 0x2, 0xff, 0xef, 0xf3, 0x9f, 0xf6, 0x0,
    0x0, 0xdf, 0x67, 0xff, 0x8c, 0xff, 0x10, 0x0,
    0x9f, 0xa0, 0x3f, 0xfa, 0xdf, 0xf0, 0x0, 0x5f,
    0xe1, 0x1, 0xff, 0xcd, 0xff, 0x0, 0x1e, 0xf4,
    0x0, 0x1f, 0xfc, 0xcf, 0xf1, 0xb, 0xf8, 0x0,
    0x3, 0xff, 0xa9, 0xff, 0x67, 0xfc, 0x0, 0x0,
    0x7f, 0xf8, 0x4f, 0xfe, 0xff, 0x20, 0x0, 0xe,
    0xff, 0x30, 0xcf, 0xff, 0x60, 0x0, 0x1b, 0xff,
    0xb0, 0x2, 0xff, 0xff, 0xa9, 0xaf, 0xff, 0xe1,
    0x0, 0x5f, 0xff, 0xff, 0xff, 0xff, 0xd2, 0x0,
    0x9, 0xf4, 0x6c, 0xef, 0xeb, 0x60, 0x0, 0x0,
    0x2, 0x0, 0x0, 0x0, 0x0, 0x0, 0x0,

    /* U+00D9 "Ù" */
    0x0, 0x0, 0xbf, 0xd0, 0x0, 0x0, 0x0, 0x0,
    0x0, 0x1f, 0xf5, 0x0, 0x0, 0x0, 0x0, 0x0,
    0x6, 0xfc, 0x0, 0x0, 0x0, 0x0, 0x0, 0x0,
    0x34, 0x0, 0x0, 0x0, 0x0, 0x0, 0x0, 0x0,
    0x0, 0x0, 0x0, 0x6f, 0xf7, 0x0, 0x0, 0x0,
    0x4f, 0xf9, 0x6f, 0xf7, 0x0, 0x0, 0x0, 0x4f,
    0xf9, 0x6f, 0xf7, 0x0, 0x0, 0x0, 0x4f, 0xf9,
    0x6f, 0xf7, 0x0, 0x0, 0x0, 0x4f, 0xf9, 0x6f,
    0xf7, 0x0, 0x0, 0x0, 0x4f, 0xf9, 0x6f, 0xf7,
    0x0, 0x0, 0x0, 0x4f, 0xf9, 0x6f, 0xf7, 0x0,
    0x0, 0x0, 0x4f, 0xf9, 0x6f, 0xf7, 0x0, 0x0,
    0x0, 0x4f, 0xf9, 0x6f, 0xf7, 0x0, 0x0, 0x0,
    0x4f, 0xf9, 0x6f, 0xf7, 0x0, 0x0, 0x0, 0x4f,
    0xf9, 0x6f, 0xf8, 0x0, 0x0, 0x0, 0x5f, 0xf9,
    0x4f, 0xfc, 0x0, 0x0, 0x0, 0x9f, 0xf7, 0xe,
    0xff, 0x80, 0x0, 0x5, 0xff, 0xf2, 0x6, 0xff,
    0xfd, 0x98, 0xcf, 0xff, 0x90, 0x0, 0x7f, 0xff,
    0xff, 0xff, 0xfa, 0x0, 0x0, 0x2, 0x9d, 0xff,
    0xea, 0x40, 0x0,

    /* U+00DA "Ú" */
    0x0, 0x0, 0x0, 0xb, 0xfd, 0x0, 0x0, 0x0,
    0x0, 0x0, 0x2f, 0xf3, 0x0, 0x0, 0x0, 0x0,
    0x0, 0xaf, 0x90, 0x0, 0x0, 0x0, 0x0, 0x0,
    0x34, 0x0, 0x0, 0x0, 0x0, 0x0, 0x0, 0x0,
    0x0, 0x0, 0x0, 0x6f, 0xf7, 0x0, 0x0, 0x0,
    0x4f, 0xf9, 0x6f, 0xf7, 0x0, 0x0, 0x0, 0x4f,
    0xf9, 0x6f, 0xf7, 0x0, 0x0, 0x0, 0x4f, 0xf9,
    0x6f, 0xf7, 0x0, 0x0, 0x0, 0x4f, 0xf9, 0x6f,
    0xf7, 0x0, 0x0, 0x0, 0x4f, 0xf9, 0x6f, 0xf7,
    0x0, 0x0, 0x0, 0x4f, 0xf9, 0x6f, 0xf7, 0x0,
    0x0, 0x0, 0x4f, 0xf9, 0x6f, 0xf7, 0x0, 0x0,
    0x0, 0x4f, 0xf9, 0x6f, 0xf7, 0x0, 0x0, 0x0,
    0x4f, 0xf9, 0x6f, 0xf7, 0x0, 0x0, 0x0, 0x4f,
    0xf9, 0x6f, 0xf8, 0x0, 0x0, 0x0, 0x5f, 0xf9,
    0x4f, 0xfc, 0x0, 0x0, 0x0, 0x9f, 0xf7, 0xe,
    0xff, 0x80, 0x0, 0x5, 0xff, 0xf2, 0x6, 0xff,
    0xfd, 0x98, 0xcf, 0xff, 0x90, 0x0, 0x7f, 0xff,
    0xff, 0xff, 0xfa, 0x0, 0x0, 0x2, 0x9d, 0xff,
    0xea, 0x40, 0x0,

    /* U+00DB "Û" */
    0x0, 0x0, 0x7, 0xff, 0xa0, 0x0, 0x0, 0x0,
    0x0, 0x5f, 0xfd, 0xf7, 0x0, 0x0, 0x0, 0x3,
    0xff, 0x52, 0xff, 0x50, 0x0, 0x0, 0x6, 0x86,
    0x0, 0x48, 0x70, 0x0, 0x0, 0x0, 0x0, 0x0,
    0x0, 0x0, 0x0, 0x6f, 0xf7, 0x0, 0x0, 0x0,
    0x4f, 0xf9, 0x6f, 0xf7, 0x0, 0x0, 0x0, 0x4f,
    0xf9, 0x6f, 0xf7, 0x0, 0x0, 0x0, 0x4f, 0xf9,
    0x6f, 0xf7, 0x0, 0x0, 0x0, 0x4f, 0xf9, 0x6f,
    0xf7, 0x0, 0x0, 0x0, 0x4f, 0xf9, 0x6f, 0xf7,
    0x0, 0x0, 0x0, 0x4f, 0xf9, 0x6f, 0xf7, 0x0,
    0x0, 0x0, 0x4f, 0xf9, 0x6f, 0xf7, 0x0, 0x0,
    0x0, 0x4f, 0xf9, 0x6f, 0xf7, 0x0, 0x0, 0x0,
    0x4f, 0xf9, 0x6f, 0xf7, 0x0, 0x0, 0x0, 0x4f,
    0xf9, 0x6f, 0xf8, 0x0, 0x0, 0x0, 0x5f, 0xf9,
    0x4f, 0xfc, 0x0, 0x0, 0x0, 0x9f, 0xf7, 0xe,
    0xff, 0x80, 0x0, 0x5, 0xff, 0xf2, 0x6, 0xff,
    0xfd, 0x98, 0xcf, 0xff, 0x90, 0x0, 0x7f, 0xff,
    0xff, 0xff, 0xfa, 0x0, 0x0, 0x2, 0x9d, 0xff,
    0xea, 0x40, 0x0,

    /* U+00DC "Ü" */
    0x0, 0x4, 0xda, 0x0, 0x8d, 0x60, 0x0, 0x0,
    0xb, 0xff, 0x30, 0xff, 0xe0, 0x0, 0x0, 0x5,
    0xfc, 0x0, 0x9f, 0x70, 0x0, 0x0, 0x0, 0x0,
    0x0, 0x0, 0x0, 0x0, 0x0, 0x0, 0x0, 0x0,
    0x0, 0x0, 0x0, 0x6f, 0xf7, 0x0, 0x0, 0x0,
    0x4f, 0xf9, 0x6f, 0xf7, 0x0, 0x0, 0x0, 0x4f,
    0xf9, 0x6f, 0xf7, 0x0, 0x0, 0x0, 0x4f, 0xf9,
    0x6f, 0xf7, 0x0, 0x0, 0x0, 0x4f, 0xf9, 0x6f,
    0xf7, 0x0, 0x0, 0x0, 0x4f, 0xf9, 0x6f, 0xf7,
    0x0, 0x0, 0x0, 0x4f, 0xf9, 0x6f, 0xf7, 0x0,
    0x0, 0x0, 0x4f, 0xf9, 0x6f, 0xf7, 0x0, 0x0,
    0x0, 0x4f, 0xf9, 0x6f, 0xf7, 0x0, 0x0, 0x0,
    0x4f, 0xf9, 0x6f, 0xf7, 0x0, 0x0, 0x0, 0x4f,
    0xf9, 0x6f, 0xf8, 0x0, 0x0, 0x0, 0x5f, 0xf9,
    0x4f, 0xfc, 0x0, 0x0, 0x0, 0x9f, 0xf7, 0xe,
    0xff, 0x80, 0x0, 0x5, 0xff, 0xf2, 0x6, 0xff,
    0xfd, 0x98, 0xcf, 0xff, 0x90, 0x0, 0x7f, 0xff,
    0xff, 0xff, 0xfa, 0x0, 0x0, 0x2, 0x9d, 0xff,
    0xea, 0x40, 0x0,

    /* U+00DD "Ý" */
    0x0, 0x0, 0x0, 0x0, 0x34, 0x30, 0x0, 0x0,
    0x0, 0x0, 0x0, 0x1, 0xff, 0x70, 0x0, 0x0,
    0x0, 0x0, 0x0, 0x8, 0xfc, 0x0, 0x0, 0x0,
    0x0, 0x0, 0x0, 0xe, 0xf2, 0x0, 0x0, 0x0,
    0x0, 0x0, 0x0, 0x0, 0x0, 0x0, 0x0, 0x0,
    0x2f, 0xff, 0x30, 0x0, 0x0, 0x7, 0xff, 0xd0,
    0x9, 0xff, 0xb0, 0x0, 0x0, 0x1e, 0xff, 0x40,
    0x0, 0xef, 0xf4, 0x0, 0x0, 0x8f, 0xfa, 0x0,
    0x0, 0x5f, 0xfd, 0x0, 0x2, 0xff, 0xf1, 0x0,
    0x0, 0xc, 0xff, 0x70, 0xa, 0xff, 0x70, 0x0,
    0x0, 0x2, 0xff, 0xe1, 0x3f, 0xfd, 0x0, 0x0,
    0x0, 0x0, 0x8f, 0xf8, 0xbf, 0xf4, 0x0, 0x0,
    0x0, 0x0, 0xe, 0xff, 0xff, 0xa0, 0x0, 0x0,
    0x0, 0x0, 0x5, 0xff, 0xff, 0x20, 0x0, 0x0,
    0x0, 0x0, 0x0, 0xbf, 0xf8, 0x0, 0x0, 0x0,
    0x0, 0x0, 0x0, 0x8f, 0xf5, 0x0, 0x0, 0x0,
    0x0, 0x0, 0x0, 0x8f, 0xf5, 0x0, 0x0, 0x0,
    0x0, 0x0, 0x0, 0x8f, 0xf5, 0x0, 0x0, 0x0,
    0x0, 0x0, 0x0, 0x8f, 0xf5, 0x0, 0x0, 0x0,
    0x0, 0x0, 0x0, 0x8f, 0xf5, 0x0, 0x0, 0x0,
    0x0, 0x0, 0x0, 0x8f, 0xf5, 0x0, 0x0, 0x0,

    /* U+00DE "Þ" */
    0x7f, 0xf6, 0x0, 0x0, 0x0, 0x0, 0x7f, 0xf6,
    0x0, 0x0, 0x0, 0x0, 0x7f, 0xf6, 0x0, 0x0,
    0x0, 0x0, 0x7f, 0xff, 0xff, 0xfd, 0x92, 0x0,
    0x7f, 0xff, 0xff, 0xff, 0xff, 0x50, 0x7f, 0xf9,
    0x44, 0x48, 0xff, 0xf2, 0x7f, 0xf6, 0x0, 0x0,
    0x6f, 0xf8, 0x7f, 0xf6, 0x0, 0x0, 0xf, 0xfb,
    0x7f, 0xf6, 0x0, 0x0, 0xf, 0xfb, 0x7f, 0xf6,
    0x0, 0x0, 0x6f, 0xf8, 0x7f, 0xf9, 0x44, 0x48,
    0xff, 0xf2, 0x7f, 0xff, 0xff, 0xff, 0xff, 0x50,
    0x7f, 0xff, 0xff, 0xfd, 0x92, 0x0, 0x7f, 0xf6,
    0x0, 0x0, 0x0, 0x0, 0x7f, 0xf6, 0x0, 0x0,
    0x0, 0x0, 0x7f, 0xf6, 0x0, 0x0, 0x0, 0x0,

    /* U+00DF "ß" */
    0x0, 0x2a, 0xef, 0xfc, 0x71, 0x0, 0x0, 0x4f,
    0xff, 0xff, 0xff, 0xe2, 0x0, 0xe, 0xff, 0xb6,
    0x7d, 0xff, 0xc0, 0x4, 0xff, 0xb0, 0x0, 0x1e,
    0xff, 0x10, 0x6f, 0xf7, 0x0, 0x0, 0xbf, 0xf1,
    0x6, 0xff, 0x60, 0x0, 0xe, 0xfe, 0x0, 0x6f,
    0xf6, 0x3, 0x4b, 0xff, 0x40, 0x6, 0xff, 0x60,
    0xbf, 0xff, 0x50, 0x0, 0x6f, 0xf6, 0xb, 0xff,
    0xff, 0xc1, 0x6, 0xff, 0x60, 0x0, 0x2a, 0xff,
    0xa0, 0x6f, 0xf6, 0x0, 0x0, 0xd, 0xff, 0x16,
    0xff, 0x60, 0x0, 0x0, 0xaf, 0xf2, 0x6f, 0xf6,
    0x0, 0x0, 0xe, 0xff, 0x16, 0xff, 0x60, 0x45,
    0x6d, 0xff, 0xc0, 0x6f, 0xf6, 0xc, 0xff, 0xff,
    0xe2, 0x6, 0xff, 0x60, 0xcf, 0xfe, 0x91, 0x0,

    /* U+00E0 "à" */
    0x0, 0x9, 0xff, 0x0, 0x0, 0x0, 0x0, 0x0,
    0xef, 0x70, 0x0, 0x0, 0x0, 0x0, 0x4f, 0xe0,
    0x0, 0x0, 0x0, 0x0, 0x3, 0x30, 0x0, 0x0,
    0x0, 0x0, 0x0, 0x0, 0x0, 0x0, 0x0, 0x7,
    0xcf, 0xfe, 0xa2, 0x0, 0x0, 0xcf, 0xff, 0xff,
    0xff, 0x40, 0x9, 0xff, 0xa3, 0x26, 0xff, 0xd0,
    0x2, 0x57, 0x0, 0x0, 0xbf, 0xf1, 0x0, 0x0,
    0x0, 0x14, 0xdf, 0xf2, 0x0, 0x4a, 0xef, 0xff,
    0xff, 0xf2, 0x7, 0xff, 0xfd, 0xb8, 0xbf, 0xf2,
    0x1f, 0xfd, 0x20, 0x0, 0xaf, 0xf2, 0x2f, 0xf8,
    0x0, 0x0, 0xdf, 0xf2, 0x1f, 0xfe, 0x41, 0x2b,
    0xff, 0xf2, 0x9, 0xff, 0xff, 0xff, 0xbf, 0xf2,
    0x0, 0x6d, 0xff, 0xb2, 0x8f, 0xf2,

    /* U+00E1 "á" */
    0x0, 0x0, 0x0, 0x9f, 0xe1, 0x0, 0x0, 0x0,
    0x1, 0xff, 0x50, 0x0, 0x0, 0x0, 0x8, 0xfa,
    0x0, 0x0, 0x0, 0x0, 0x2, 0x31, 0x0, 0x0,
    0x0, 0x0, 0x0, 0x0, 0x0, 0x0, 0x0, 0x7,
    0xcf, 0xfe, 0xa2, 0x0, 0x0, 0xcf, 0xff, 0xff,
    0xff, 0x40, 0x9, 0xff, 0xa3, 0x26, 0xff, 0xd0,
    0x2, 0x57, 0x0, 0x0, 0xbf, 0xf1, 0x0, 0x0,
    0x0, 0x14, 0xdf, 0xf2, 0x0, 0x4a, 0xef, 0xff,
    0xff, 0xf2, 0x7, 0xff, 0xfd, 0xb8, 0xbf, 0xf2,
    0x1f, 0xfd, 0x20, 0x0, 0xaf, 0xf2, 0x2f, 0xf8,
    0x0, 0x0, 0xdf, 0xf2, 0x1f, 0xfe, 0x41, 0x2b,
    0xff, 0xf2, 0x9, 0xff, 0xff, 0xff, 0xbf, 0xf2,
    0x0, 0x6d, 0xff, 0xb2, 0x8f, 0xf2,

    /* U+00E2 "â" */
    0x0, 0x0, 0x6f, 0xfc, 0x0, 0x0, 0x0, 0x6,
    0xfe, 0x9f, 0xc0, 0x0, 0x0, 0x6f, 0xf2, 0xa,
    0xfb, 0x0, 0x0, 0x0, 0x0, 0x0, 0x0, 0x0,
    0x0, 0x0, 0x0, 0x0, 0x0, 0x0, 0x0, 0x7,
    0xcf, 0xfe, 0xa2, 0x0, 0x0, 0xcf, 0xff, 0xff,
    0xff, 0x40, 0x9, 0xff, 0xa3, 0x26, 0xff, 0xd0,
    0x2, 0x57, 0x0, 0x0, 0xbf, 0xf1, 0x0, 0x0,
    0x0, 0x14, 0xdf, 0xf2, 0x0, 0x4a, 0xef, 0xff,
    0xff, 0xf2, 0x7, 0xff, 0xfd, 0xb8, 0xbf, 0xf2,
    0x1f, 0xfd, 0x20, 0x0, 0xaf, 0xf2, 0x2f, 0xf8,
    0x0, 0x0, 0xdf, 0xf2, 0x1f, 0xfe, 0x41, 0x2b,
    0xff, 0xf2, 0x9, 0xff, 0xff, 0xff, 0xbf, 0xf2,
    0x0, 0x6d, 0xff, 0xb2, 0x8f, 0xf2,

    /* U+00E3 "ã" */
    0x0, 0x7, 0xfd, 0x61, 0xfb, 0x0, 0x0, 0x1f,
    0xdc, 0xff, 0xf6, 0x0, 0x0, 0x2a, 0x30, 0x59,
    0x60, 0x0, 0x0, 0x0, 0x0, 0x0, 0x0, 0x0,
    0x0, 0x0, 0x0, 0x0, 0x0, 0x0, 0x0, 0x7,
    0xcf, 0xfe, 0xa2, 0x0, 0x0, 0xcf, 0xff, 0xff,
    0xff, 0x40, 0x9, 0xff, 0xa3, 0x26, 0xff, 0xd0,
    0x2, 0x57, 0x0, 0x0, 0xbf, 0xf1, 0x0, 0x0,
    0x0, 0x14, 0xdf, 0xf2, 0x0, 0x4a, 0xef, 0xff,
    0xff, 0xf2, 0x7, 0xff, 0xfd, 0xb8, 0xbf, 0xf2,
    0x1f, 0xfd, 0x20, 0x0, 0xaf, 0xf2, 0x2f, 0xf8,
    0x0, 0x0, 0xdf, 0xf2, 0x1f, 0xfe, 0x41, 0x2b,
    0xff, 0xf2, 0x9, 0xff, 0xff, 0xff, 0xbf, 0xf2,
    0x0, 0x6d, 0xff, 0xb2, 0x8f, 0xf2,

    /* U+00E4 "ä" */
    0x0, 0x3e, 0xd1, 0x8, 0xf9, 0x0, 0x0, 0x9f,
    0xf5, 0xe, 0xff, 0x0, 0x0, 0x2d, 0xb0, 0x6,
    0xd8, 0x0, 0x0, 0x0, 0x0, 0x0, 0x0, 0x0,
    0x0, 0x0, 0x0, 0x0, 0x0, 0x0, 0x0, 0x7,
    0xcf, 0xfe, 0xa2, 0x0, 0x0, 0xcf, 0xff, 0xff,
    0xff, 0x40, 0x9, 0xff, 0xa3, 0x26, 0xff, 0xd0,
    0x2, 0x57, 0x0, 0x0, 0xbf, 0xf1, 0x0, 0x0,
    0x0, 0x14, 0xdf, 0xf2, 0x0, 0x4a, 0xef, 0xff,
    0xff, 0xf2, 0x7, 0xff, 0xfd, 0xb8, 0xbf, 0xf2,
    0x1f, 0xfd, 0x20, 0x0, 0xaf, 0xf2, 0x2f, 0xf8,
    0x0, 0x0, 0xdf, 0xf2, 0x1f, 0xfe, 0x41, 0x2b,
    0xff, 0xf2, 0x9, 0xff, 0xff, 0xff, 0xbf, 0xf2,
    0x0, 0x6d, 0xff, 0xb2, 0x8f, 0xf2,

    /* U+00E5 "å" */
    0x0, 0x0, 0x0, 0x10, 0x0, 0x0, 0x0, 0x0,
    0x8f, 0xfd, 0x20, 0x0, 0x0, 0x6, 0xf9, 0x5e,
    0xd0, 0x0, 0x0, 0xa, 0xf0, 0x8, 0xf1, 0x0,
    0x0, 0x8, 0xf6, 0x2d, 0xe0, 0x0, 0x0, 0x0,
    0xcf, 0xff, 0x40, 0x0, 0x0, 0x0, 0x3, 0x41,
    0x0, 0x0, 0x0, 0x7, 0xcf, 0xfe, 0xa2, 0x0,
    0x0, 0xcf, 0xff, 0xff, 0xff, 0x40, 0x9, 0xff,
    0xa3, 0x26, 0xff, 0xd0, 0x2, 0x57, 0x0, 0x0,
    0xbf, 0xf1, 0x0, 0x0, 0x0, 0x14, 0xdf, 0xf2,
    0x0, 0x4a, 0xef, 0xff, 0xff, 0xf2, 0x7, 0xff,
    0xfd, 0xb8, 0xbf, 0xf2, 0x1f, 0xfd, 0x20, 0x0,
    0xaf, 0xf2, 0x2f, 0xf8, 0x0, 0x0, 0xdf, 0xf2,
    0x1f, 0xfe, 0x41, 0x2b, 0xff, 0xf2, 0x9, 0xff,
    0xff, 0xff, 0xbf, 0xf2, 0x0, 0x6d, 0xff, 0xb2,
    0x8f, 0xf2,

    /* U+00E6 "æ" */
    0x0, 0x7, 0xcf, 0xfd, 0x80, 0x19, 0xef, 0xfb,
    0x40, 0x0, 0x0, 0xcf, 0xff, 0xff, 0xfc, 0xef,
    0xff, 0xff, 0xf8, 0x0, 0x9, 0xff, 0xb4, 0x37,
    0xff, 0xfe, 0x62, 0x4c, 0xff, 0x50, 0x2, 0x58,
    0x0, 0x0, 0xbf, 0xf4, 0x0, 0x0, 0xef, 0xc0,
    0x0, 0x0, 0x0, 0x0, 0xaf, 0xe0, 0x0, 0x0,
    0xaf, 0xf0, 0x0, 0x39, 0xdf, 0xff, 0xff, 0xff,
    0xff, 0xff, 0xff, 0xf2, 0x6, 0xff, 0xff, 0xee,
    0xff, 0xfe, 0xee, 0xee, 0xee, 0xe2, 0xf, 0xfe,
    0x30, 0x0, 0xaf, 0xe0, 0x0, 0x0, 0x0, 0x0,
    0x2f, 0xf9, 0x0, 0x0, 0xef, 0xf4, 0x0, 0x0,
    0x77, 0x50, 0x1f, 0xfe, 0x53, 0x4c, 0xff, 0xff,
    0x73, 0x39, 0xff, 0xb0, 0x9, 0xff, 0xff, 0xff,
    0xd5, 0xff, 0xff, 0xff, 0xfd, 0x10, 0x0, 0x6d,
    0xff, 0xc7, 0x0, 0x19, 0xdf, 0xfd, 0x70, 0x0,

    /* U+00E7 "ç" */
    0x0, 0x2, 0xae, 0xff, 0xb5, 0x0, 0x0, 0x5f,
    0xff, 0xff, 0xff, 0xa0, 0x2, 0xff, 0xf8, 0x45,
    0xdf, 0xf6, 0x9, 0xff, 0x70, 0x0, 0x1f, 0xf9,
    0xe, 0xff, 0x0, 0x0, 0x1, 0x0, 0xf, 0xfd,
    0x0, 0x0, 0x0, 0x0, 0xf, 0xfd, 0x0, 0x0,
    0x0, 0x0, 0xe, 0xff, 0x0, 0x0, 0x2, 0x0,
    0x9, 0xff, 0x70, 0x0, 0x1f, 0xfa, 0x2, 0xff,
    0xf8, 0x45, 0xdf, 0xf6, 0x0, 0x5f, 0xff, 0xff,
    0xff, 0xa0, 0x0, 0x2, 0x9e, 0xff, 0xb5, 0x0,
    0x0, 0x0, 0x1, 0xf8, 0x20, 0x0, 0x0, 0x0,
    0x1, 0x8c, 0xf2, 0x0, 0x0, 0x0, 0x2, 0x39,
    0xf4, 0x0, 0x0, 0x0, 0xa, 0xff, 0xa0, 0x0,

    /* U+00E8 "è" */
    0x0, 0x4, 0xff, 0x50, 0x0, 0x0, 0x0, 0x0,
    0x9, 0xfc, 0x0, 0x0, 0x0, 0x0, 0x0, 0xe,
    0xf4, 0x0, 0x0, 0x0, 0x0, 0x0, 0x23, 0x20,
    0x0, 0x0, 0x0, 0x0, 0x0, 0x0, 0x0, 0x0,
    0x0, 0x0, 0x2a, 0xef, 0xeb, 0x40, 0x0, 0x0,
    0x5f, 0xff, 0xff, 0xff, 0x70, 0x0, 0x2f, 0xfe,
    0x52, 0x4d, 0xff, 0x40, 0x9, 0xff, 0x30, 0x0,
    0x1f, 0xfb, 0x0, 0xef, 0xd0, 0x0, 0x0, 0xbf,
    0xf0, 0xf, 0xff, 0xff, 0xff, 0xff, 0xff, 0x10,
    0xff, 0xfe, 0xee, 0xee, 0xee, 0xe1, 0xe, 0xfd,
    0x0, 0x0, 0x0, 0x0, 0x0, 0xaf, 0xf3, 0x0,
    0x0, 0x75, 0x20, 0x2, 0xff, 0xe6, 0x33, 0xaf,
    0xfa, 0x0, 0x5, 0xff, 0xff, 0xff, 0xfd, 0x10,
    0x0, 0x2, 0x9e, 0xff, 0xc7, 0x0, 0x0,

    /* U+00E9 "é" */
    0x0, 0x0, 0x0, 0x4f, 0xf5, 0x0, 0x0, 0x0,
    0x0, 0xb, 0xfa, 0x0, 0x0, 0x0, 0x0, 0x2,
    0xfe, 0x10, 0x0, 0x0, 0x0, 0x0, 0x13, 0x20,
    0x0, 0x0, 0x0, 0x0, 0x0, 0x0, 0x0, 0x0,
    0x0, 0x0, 0x2a, 0xef, 0xeb, 0x40, 0x0, 0x0,
    0x5f, 0xff, 0xff, 0xff, 0x70, 0x0, 0x2f, 0xfe,
    0x52, 0x4d, 0xff, 0x40, 0x9, 0xff, 0x30, 0x0,
    0x1f, 0xfb, 0x0, 0xef, 0xd0, 0x0, 0x0, 0xbf,
    0xf0, 0xf, 0xff, 0xff, 0xff, 0xff, 0xff, 0x10,
    0xff, 0xfe, 0xee, 0xee, 0xee, 0xe1, 0xe, 0xfd,
    0x0, 0x0, 0x0, 0x0, 0x0, 0xaf, 0xf3, 0x0,
    0x0, 0x75, 0x20, 0x2, 0xff, 0xe6, 0x33, 0xaf,
    0xfa, 0x0, 0x5, 0xff, 0xff, 0xff, 0xfd, 0x10,
    0x0, 0x2, 0x9e, 0xff, 0xc7, 0x0, 0x0,

    /* U+00EA "ê" */
    0x0, 0x0, 0x2e, 0xff, 0x30, 0x0, 0x0, 0x0,
    0x2e, 0xf8, 0xff, 0x30, 0x0, 0x0, 0x2e, 0xf7,
    0x5, 0xfe, 0x20, 0x0, 0x0, 0x0, 0x0, 0x0,
    0x0, 0x0, 0x0, 0x0, 0x0, 0x0, 0x0, 0x0,
    0x0, 0x0, 0x2a, 0xef, 0xeb, 0x40, 0x0, 0x0,
    0x5f, 0xff, 0xff, 0xff, 0x70, 0x0, 0x2f, 0xfe,
    0x52, 0x4d, 0xff, 0x40, 0x9, 0xff, 0x30, 0x0,
    0x1f, 0xfb, 0x0, 0xef, 0xd0, 0x0, 0x0, 0xbf,
    0xf0, 0xf, 0xff, 0xff, 0xff, 0xff, 0xff, 0x10,
    0xff, 0xfe, 0xee, 0xee, 0xee, 0xe1, 0xe, 0xfd,
    0x0, 0x0, 0x0, 0x0, 0x0, 0xaf, 0xf3, 0x0,
    0x0, 0x75, 0x20, 0x2, 0xff, 0xe6, 0x33, 0xaf,
    0xfa, 0x0, 0x5, 0xff, 0xff, 0xff, 0xfd, 0x10,
    0x0, 0x2, 0x9e, 0xff, 0xc7, 0x0, 0x0,

    /* U+00EB "ë" */
    0x0, 0xc, 0xf4, 0x3, 0xed, 0x10, 0x0, 0x3,
    0xff, 0xa0, 0x9f, 0xf5, 0x0, 0x0, 0xa, 0xd3,
    0x2, 0xcb, 0x10, 0x0, 0x0, 0x0, 0x0, 0x0,
    0x0, 0x0, 0x0, 0x0, 0x0, 0x0, 0x0, 0x0,
    0x0, 0x0, 0x2a, 0xef, 0xeb, 0x40, 0x0, 0x0,
    0x5f, 0xff, 0xff, 0xff, 0x70, 0x0, 0x2f, 0xfe,
    0x52, 0x4d, 0xff, 0x40, 0x9, 0xff, 0x30, 0x0,
    0x1f, 0xfb, 0x0, 0xef, 0xd0, 0x0, 0x0, 0xbf,
    0xf0, 0xf, 0xff, 0xff, 0xff, 0xff, 0xff, 0x10,
    0xff, 0xfe, 0xee, 0xee, 0xee, 0xe1, 0xe, 0xfd,
    0x0, 0x0, 0x0, 0x0, 0x0, 0xaf, 0xf3, 0x0,
    0x0, 0x75, 0x20, 0x2, 0xff, 0xe6, 0x33, 0xaf,
    0xfa, 0x0, 0x5, 0xff, 0xff, 0xff, 0xfd, 0x10,
    0x0, 0x2, 0x9e, 0xff, 0xc7, 0x0, 0x0,

    /* U+00EC "ì" */
    0x3, 0x31, 0x0, 0xc, 0xfc, 0x0, 0x2, 0xff,
    0x30, 0x0, 0x7f, 0xb0, 0x0, 0x0, 0x0, 0x0,
    0x8f, 0xf4, 0x0, 0x8f, 0xf4, 0x0, 0x8f, 0xf4,
    0x0, 0x8f, 0xf4, 0x0, 0x8f, 0xf4, 0x0, 0x8f,
    0xf4, 0x0, 0x8f, 0xf4, 0x0, 0x8f, 0xf4, 0x0,
    0x8f, 0xf4, 0x0, 0x8f, 0xf4, 0x0, 0x8f, 0xf4,
    0x0, 0x8f, 0xf4,

    /* U+00ED "í" */
    0x0, 0x23, 0x30, 0x1, 0xff, 0x80, 0x7, 0xfd,
    0x0, 0xe, 0xf3, 0x0, 0x0, 0x0, 0x0, 0x8f,
    0xf4, 0x0, 0x8f, 0xf4, 0x0, 0x8f, 0xf4, 0x0,
    0x8f, 0xf4, 0x0, 0x8f, 0xf4, 0x0, 0x8f, 0xf4,
    0x0, 0x8f, 0xf4, 0x0, 0x8f, 0xf4, 0x0, 0x8f,
    0xf4, 0x0, 0x8f, 0xf4, 0x0, 0x8f, 0xf4, 0x0,
    0x8f, 0xf4, 0x0,

    /* U+00EE "î" */
    0x0, 0x4, 0x88, 0x10, 0x0, 0x4, 0xff, 0xfd,
    0x10, 0x4, 0xff, 0x37, 0xfd, 0x10, 0x78, 0x40,
    0x6, 0x85, 0x0, 0x0, 0x0, 0x0, 0x0, 0x0,
    0x8f, 0xf4, 0x0, 0x0, 0x8, 0xff, 0x40, 0x0,
    0x0, 0x8f, 0xf4, 0x0, 0x0, 0x8, 0xff, 0x40,
    0x0, 0x0, 0x8f, 0xf4, 0x0, 0x0, 0x8, 0xff,
    0x40, 0x0, 0x0, 0x8f, 0xf4, 0x0, 0x0, 0x8,
    0xff, 0x40, 0x0, 0x0, 0x8f, 0xf4, 0x0, 0x0,
    0x8, 0xff, 0x40, 0x0, 0x0, 0x8f, 0xf4, 0x0,
    0x0, 0x8, 0xff, 0x40, 0x0,

    /* U+00EF "ï" */
    0x8f, 0x90, 0xc, 0xf4, 0xef, 0xf0, 0x3f, 0xfa,
    0x6d, 0x70, 0xa, 0xd3, 0x0, 0x0, 0x0, 0x0,
    0x0, 0x0, 0x0, 0x0, 0x0, 0x8f, 0xf4, 0x0,
    0x0, 0x8f, 0xf4, 0x0, 0x0, 0x8f, 0xf4, 0x0,
    0x0, 0x8f, 0xf4, 0x0, 0x0, 0x8f, 0xf4, 0x0,
    0x0, 0x8f, 0xf4, 0x0, 0x0, 0x8f, 0xf4, 0x0,
    0x0, 0x8f, 0xf4, 0x0, 0x0, 0x8f, 0xf4, 0x0,
    0x0, 0x8f, 0xf4, 0x0, 0x0, 0x8f, 0xf4, 0x0,
    0x0, 0x8f, 0xf4, 0x0,

    /* U+00F0 "ð" */
    0x0, 0x5, 0x50, 0x0, 0x1, 0x0, 0x0, 0x0,
    0xdf, 0xd5, 0x18, 0xf2, 0x0, 0x0, 0x2, 0xaf,
    0xff, 0xe7, 0x0, 0x0, 0x0, 0x19, 0xff, 0xfd,
    0x10, 0x0, 0x0, 0xe, 0xe7, 0x3e, 0xfc, 0x0,
    0x0, 0x0, 0x40, 0x0, 0x2f, 0xf8, 0x0, 0x0,
    0x6, 0xcf, 0xe9, 0x7f, 0xf1, 0x0, 0x9, 0xff,
    0xfe, 0xfd, 0xff, 0x80, 0x5, 0xff, 0xb1, 0x0,
    0xaf, 0xfd, 0x0, 0xcf, 0xf1, 0x0, 0x0, 0xef,
    0xf0, 0xf, 0xfb, 0x0, 0x0, 0xa, 0xff, 0x10,
    0xff, 0xa0, 0x0, 0x0, 0x8f, 0xf1, 0xf, 0xfc,
    0x0, 0x0, 0xa, 0xff, 0x0, 0xbf, 0xf3, 0x0,
    0x1, 0xff, 0xa0, 0x3, 0xff, 0xe6, 0x35, 0xdf,
    0xf3, 0x0, 0x7, 0xff, 0xff, 0xff, 0xf6, 0x0,
    0x0, 0x3, 0xae, 0xfe, 0xa3, 0x0, 0x0,

    /* U+00F1 "ñ" */
    0x0, 0x2d, 0xfa, 0x27, 0xf3, 0x0, 0x9, 0xfb,
    0xff, 0xfe, 0x0, 0x0, 0x89, 0x1, 0x89, 0x20,
    0x0, 0x0, 0x0, 0x0, 0x0, 0x0, 0x0, 0x0,
    0x0, 0x0, 0x0, 0x8, 0xff, 0x24, 0xcf, 0xfb,
    0x30, 0x8f, 0xf7, 0xff, 0xff, 0xff, 0x28, 0xff,
    0xf9, 0x34, 0xcf, 0xfa, 0x8f, 0xf9, 0x0, 0x1,
    0xff, 0xe8, 0xff, 0x50, 0x0, 0xd, 0xff, 0x8f,
    0xf4, 0x0, 0x0, 0xdf, 0xf8, 0xff, 0x40, 0x0,
    0xd, 0xff, 0x8f, 0xf4, 0x0, 0x0, 0xdf, 0xf8,
    0xff, 0x40, 0x0, 0xd, 0xff, 0x8f, 0xf4, 0x0,
    0x0, 0xdf, 0xf8, 0xff, 0x40, 0x0, 0xd, 0xff,
    0x8f, 0xf4, 0x0, 0x0, 0xdf, 0xf0,

    /* U+00F2 "ò" */
    0x0, 0x2, 0xff, 0x70, 0x0, 0x0, 0x0, 0x0,
    0x7, 0xfe, 0x0, 0x0, 0x0, 0x0, 0x0, 0xc,
    0xf6, 0x0, 0x0, 0x0, 0x0, 0x0, 0x13, 0x20,
    0x0, 0x0, 0x0, 0x0, 0x0, 0x0, 0x0, 0x0,
    0x0, 0x0, 0x2a, 0xef, 0xfc, 0x50, 0x0, 0x0,
    0x5f, 0xff, 0xff, 0xff, 0xb0, 0x0, 0x2f, 0xff,
    0x84, 0x5d, 0xff, 0x80, 0x9, 0xff, 0x60, 0x0,
    0x1e, 0xff, 0x0, 0xef, 0xf0, 0x0, 0x0, 0x9f,
    0xf4, 0xf, 0xfd, 0x0, 0x0, 0x6, 0xff, 0x60,
    0xff, 0xd0, 0x0, 0x0, 0x6f, 0xf6, 0xe, 0xff,
    0x0, 0x0, 0x9, 0xff, 0x40, 0x9f, 0xf7, 0x0,
    0x1, 0xff, 0xf0, 0x2, 0xff, 0xf8, 0x46, 0xdf,
    0xf8, 0x0, 0x5, 0xff, 0xff, 0xff, 0xfa, 0x0,
    0x0, 0x2, 0x9e, 0xff, 0xc5, 0x0, 0x0,

    /* U+00F3 "ó" */
    0x0, 0x0, 0x0, 0x2f, 0xf7, 0x0, 0x0, 0x0,
    0x0, 0x9, 0xfc, 0x0, 0x0, 0x0, 0x0, 0x1,
    0xff, 0x20, 0x0, 0x0, 0x0, 0x0, 0x13, 0x20,
    0x0, 0x0, 0x0, 0x0, 0x0, 0x0, 0x0, 0x0,
    0x0, 0x0, 0x2a, 0xef, 0xfc, 0x50, 0x0, 0x0,
    0x5f, 0xff, 0xff, 0xff, 0xb0, 0x0, 0x2f, 0xff,
    0x84, 0x5d, 0xff, 0x80, 0x9, 0xff, 0x60, 0x0,
    0x1e, 0xff, 0x0, 0xef, 0xf0, 0x0, 0x0, 0x9f,
    0xf4, 0xf, 0xfd, 0x0, 0x0, 0x6, 0xff, 0x60,
    0xff, 0xd0, 0x0, 0x0, 0x6f, 0xf6, 0xe, 0xff,
    0x0, 0x0, 0x9, 0xff, 0x40, 0x9f, 0xf7, 0x0,
    0x1, 0xff, 0xf0, 0x2, 0xff, 0xf8, 0x46, 0xdf,
    0xf8, 0x0, 0x5, 0xff, 0xff, 0xff, 0xfa, 0x0,
    0x0, 0x2, 0x9e, 0xff, 0xc5, 0x0, 0x0,

    /* U+00F4 "ô" */
    0x0, 0x0, 0x1d, 0xff, 0x50, 0x0, 0x0, 0x0,
    0x1d, 0xf9, 0xef, 0x40, 0x0, 0x0, 0x1d, 0xf9,
    0x3, 0xff, 0x40, 0x0, 0x0, 0x0, 0x0, 0x0,
    0x0, 0x0, 0x0, 0x0, 0x0, 0x0, 0x0, 0x0,
    0x0, 0x0, 0x2a, 0xef, 0xfc, 0x50, 0x0, 0x0,
    0x5f, 0xff, 0xff, 0xff, 0xb0, 0x0, 0x2f, 0xff,
    0x84, 0x5d, 0xff, 0x80, 0x9, 0xff, 0x60, 0x0,
    0x1e, 0xff, 0x0, 0xef, 0xf0, 0x0, 0x0, 0x9f,
    0xf4, 0xf, 0xfd, 0x0, 0x0, 0x6, 0xff, 0x60,
    0xff, 0xd0, 0x0, 0x0, 0x6f, 0xf6, 0xe, 0xff,
    0x0, 0x0, 0x9, 0xff, 0x40, 0x9f, 0xf7, 0x0,
    0x1, 0xff, 0xf0, 0x2, 0xff, 0xf8, 0x46, 0xdf,
    0xf8, 0x0, 0x5, 0xff, 0xff, 0xff, 0xfa, 0x0,
    0x0, 0x2, 0x9e, 0xff, 0xc5, 0x0, 0x0,

    /* U+00F5 "õ" */
    0x0, 0x2, 0xdf, 0xa2, 0x8f, 0x20, 0x0, 0x0,
    0xaf, 0xbf, 0xff, 0xd0, 0x0, 0x0, 0x8, 0x80,
    0x28, 0x92, 0x0, 0x0, 0x0, 0x0, 0x0, 0x0,
    0x0, 0x0, 0x0, 0x0, 0x0, 0x0, 0x0, 0x0,
    0x0, 0x0, 0x2a, 0xef, 0xfc, 0x50, 0x0, 0x0,
    0x5f, 0xff, 0xff, 0xff, 0xb0, 0x0, 0x2f, 0xff,
    0x84, 0x5d, 0xff, 0x80, 0x9, 0xff, 0x60, 0x0,
    0x1e, 0xff, 0x0, 0xef, 0xf0, 0x0, 0x0, 0x9f,
    0xf4, 0xf, 0xfd, 0x0, 0x0, 0x6, 0xff, 0x60,
    0xff, 0xd0, 0x0, 0x0, 0x6f, 0xf6, 0xe, 0xff,
    0x0, 0x0, 0x9, 0xff, 0x40, 0x9f, 0xf7, 0x0,
    0x1, 0xff, 0xf0, 0x2, 0xff, 0xf8, 0x46, 0xdf,
    0xf8, 0x0, 0x5, 0xff, 0xff, 0xff, 0xfa, 0x0,
    0x0, 0x2, 0x9e, 0xff, 0xc5, 0x0, 0x0,

    /* U+00F6 "ö" */
    0x0, 0xb, 0xf6, 0x2, 0xde, 0x20, 0x0, 0x1,
    0xff, 0xd0, 0x6f, 0xf7, 0x0, 0x0, 0x9, 0xd5,
    0x1, 0xcc, 0x20, 0x0, 0x0, 0x0, 0x0, 0x0,
    0x0, 0x0, 0x0, 0x0, 0x0, 0x0, 0x0, 0x0,
    0x0, 0x0, 0x2a, 0xef, 0xfc, 0x50, 0x0, 0x0,
    0x5f, 0xff, 0xff, 0xff, 0xb0, 0x0, 0x2f, 0xff,
    0x84, 0x5d, 0xff, 0x80, 0x9, 0xff, 0x60, 0x0,
    0x1e, 0xff, 0x0, 0xef, 0xf0, 0x0, 0x0, 0x9f,
    0xf4, 0xf, 0xfd, 0x0, 0x0, 0x6, 0xff, 0x60,
    0xff, 0xd0, 0x0, 0x0, 0x6f, 0xf6, 0xe, 0xff,
    0x0, 0x0, 0x9, 0xff, 0x40, 0x9f, 0xf7, 0x0,
    0x1, 0xff, 0xf0, 0x2, 0xff, 0xf8, 0x46, 0xdf,
    0xf8, 0x0, 0x5, 0xff, 0xff, 0xff, 0xfa, 0x0,
    0x0, 0x2, 0x9e, 0xff, 0xc5, 0x0, 0x0,

    /* U+00F7 "÷" */
    0x0, 0x0, 0xbf, 0x80, 0x0, 0x0, 0x0, 0x4f,
    0xff, 0x10, 0x0, 0x0, 0x1, 0xff, 0xd0, 0x0,
    0x0, 0x0, 0x2, 0x51, 0x0, 0x0, 0x0, 0x0,
    0x0, 0x0, 0x0, 0xe, 0xff, 0xff, 0xff, 0xff,
    0xfb, 0xef, 0xff, 0xff, 0xff, 0xff, 0xb4, 0x55,
    0x55, 0x55, 0x55, 0x53, 0x0, 0x0, 0x15, 0x10,
    0x0, 0x0, 0x0, 0x1f, 0xfd, 0x0, 0x0, 0x0,
    0x4, 0xff, 0xf0, 0x0, 0x0, 0x0, 0xb, 0xf8,
    0x0, 0x0,

    /* U+00F8 "ø" */
    0x0, 0x0, 0x0, 0x0, 0x0, 0x1, 0x0, 0x0,
    0x2a, 0xef, 0xfc, 0x56, 0xf3, 0x0, 0x5f, 0xff,
    0xff, 0xff, 0xfb, 0x0, 0x2f, 0xff, 0x84, 0x5d,
    0xff, 0x80, 0x9, 0xff, 0x60, 0x2, 0xef, 0xff,
    0x0, 0xef, 0xf0, 0x1, 0xde, 0xbf, 0xf4, 0xf,
    0xfd, 0x0, 0xcf, 0x36, 0xff, 0x60, 0xff, 0xd0,
    0xaf, 0x50, 0x6f, 0xf6, 0xe, 0xff, 0x9f, 0x60,
    0x9, 0xff, 0x40, 0x9f, 0xff, 0x80, 0x1, 0xff,
    0xf0, 0x2, 0xff, 0xf8, 0x46, 0xdf, 0xf8, 0x0,
    0x4f, 0xff, 0xff, 0xff, 0xfa, 0x0, 0xd, 0xd3,
    0x9e, 0xff, 0xc5, 0x0, 0x0, 0x21, 0x0, 0x0,
    0x0, 0x0, 0x0,

    /* U+00F9 "ù" */
    0x0, 0x2f, 0xf8, 0x0, 0x0, 0x0, 0x0, 0x6f,
    0xe0, 0x0, 0x0, 0x0, 0x0, 0xbf, 0x70, 0x0,
    0x0, 0x0, 0x1, 0x32, 0x0, 0x0, 0x0, 0x0,
    0x0, 0x0, 0x0, 0x8, 0xff, 0x40, 0x0, 0xd,
    0xff, 0x8f, 0xf4, 0x0, 0x0, 0xdf, 0xf8, 0xff,
    0x40, 0x0, 0xd, 0xff, 0x8f, 0xf4, 0x0, 0x0,
    0xdf, 0xf8, 0xff, 0x40, 0x0, 0xd, 0xff, 0x8f,
    0xf4, 0x0, 0x0, 0xdf, 0xf8, 0xff, 0x40, 0x0,
    0xd, 0xff, 0x8f, 0xf5, 0x0, 0x0, 0xdf, 0xf6,
    0xff, 0x90, 0x0, 0x3f, 0xff, 0x2f, 0xff, 0x95,
    0x7e, 0xef, 0xf0, 0xaf, 0xff, 0xff, 0xbb, 0xff,
    0x0, 0x7d, 0xfe, 0x80, 0xaf, 0xf0,

    /* U+00FA "ú" */
    0x0, 0x0, 0x1, 0xff, 0x80, 0x0, 0x0, 0x0,
    0x8f, 0xd0, 0x0, 0x0, 0x0, 0xf, 0xf3, 0x0,
    0x0, 0x0, 0x1, 0x32, 0x0, 0x0, 0x0, 0x0,
    0x0, 0x0, 0x0, 0x8, 0xff, 0x40, 0x0, 0xd,
    0xff, 0x8f, 0xf4, 0x0, 0x0, 0xdf, 0xf8, 0xff,
    0x40, 0x0, 0xd, 0xff, 0x8f, 0xf4, 0x0, 0x0,
    0xdf, 0xf8, 0xff, 0x40, 0x0, 0xd, 0xff, 0x8f,
    0xf4, 0x0, 0x0, 0xdf, 0xf8, 0xff, 0x40, 0x0,
    0xd, 0xff, 0x8f, 0xf5, 0x0, 0x0, 0xdf, 0xf6,
    0xff, 0x90, 0x0, 0x3f, 0xff, 0x2f, 0xff, 0x95,
    0x7e, 0xef, 0xf0, 0xaf, 0xff, 0xff, 0xbb, 0xff,
    0x0, 0x7d, 0xfe, 0x80, 0xaf, 0xf0,

    /* U+00FB "û" */
    0x0, 0x0, 0xcf, 0xf4, 0x0, 0x0, 0x0, 0xaf,
    0xcf, 0xf2, 0x0, 0x0, 0x8f, 0xe1, 0x7f, 0xd1,
    0x0, 0x18, 0x83, 0x0, 0x78, 0x40, 0x0, 0x0,
    0x0, 0x0, 0x0, 0x8, 0xff, 0x40, 0x0, 0xd,
    0xff, 0x8f, 0xf4, 0x0, 0x0, 0xdf, 0xf8, 0xff,
    0x40, 0x0, 0xd, 0xff, 0x8f, 0xf4, 0x0, 0x0,
    0xdf, 0xf8, 0xff, 0x40, 0x0, 0xd, 0xff, 0x8f,
    0xf4, 0x0, 0x0, 0xdf, 0xf8, 0xff, 0x40, 0x0,
    0xd, 0xff, 0x8f, 0xf5, 0x0, 0x0, 0xdf, 0xf6,
    0xff, 0x90, 0x0, 0x3f, 0xff, 0x2f, 0xff, 0x95,
    0x7e, 0xef, 0xf0, 0xaf, 0xff, 0xff, 0xbb, 0xff,
    0x0, 0x7d, 0xfe, 0x80, 0xaf, 0xf0,

    /* U+00FC "ü" */
    0x0, 0xaf, 0x70, 0x1d, 0xe3, 0x0, 0x1f, 0xfd,
    0x6, 0xff, 0x80, 0x0, 0x8d, 0x50, 0x1b, 0xc2,
    0x0, 0x0, 0x0, 0x0, 0x0, 0x0, 0x0, 0x0,
    0x0, 0x0, 0x0, 0x8, 0xff, 0x40, 0x0, 0xd,
    0xff, 0x8f, 0xf4, 0x0, 0x0, 0xdf, 0xf8, 0xff,
    0x40, 0x0, 0xd, 0xff, 0x8f, 0xf4, 0x0, 0x0,
    0xdf, 0xf8, 0xff, 0x40, 0x0, 0xd, 0xff, 0x8f,
    0xf4, 0x0, 0x0, 0xdf, 0xf8, 0xff, 0x40, 0x0,
    0xd, 0xff, 0x8f, 0xf5, 0x0, 0x0, 0xdf, 0xf6,
    0xff, 0x90, 0x0, 0x3f, 0xff, 0x2f, 0xff, 0x95,
    0x7e, 0xef, 0xf0, 0xaf, 0xff, 0xff, 0xbb, 0xff,
    0x0, 0x7d, 0xfe, 0x80, 0xaf, 0xf0,

    /* U+00FD "ý" */
    0x0, 0x0, 0x0, 0x3, 0x32, 0x0, 0x0, 0x0,
    0x0, 0x6, 0xff, 0x20, 0x0, 0x0, 0x0, 0x0,
    0xdf, 0x70, 0x0, 0x0, 0x0, 0x0, 0x5f, 0xc0,
    0x0, 0x0, 0x0, 0x0, 0x0, 0x0, 0x0, 0x0,
    0x0, 0x0, 0x0, 0x0, 0x0, 0x0, 0x0, 0x6f,
    0xf9, 0x0, 0x0, 0x9, 0xff, 0x50, 0xff, 0xe0,
    0x0, 0x0, 0xef, 0xe0, 0x9, 0xff, 0x40, 0x0,
    0x5f, 0xf8, 0x0, 0x3f, 0xf9, 0x0, 0xa, 0xff,
    0x20, 0x0, 0xdf, 0xf0, 0x1, 0xff, 0xc0, 0x0,
    0x6, 0xff, 0x50, 0x6f, 0xf5, 0x0, 0x0, 0x1f,
    0xfa, 0xc, 0xfe, 0x0, 0x0, 0x0, 0xaf, 0xf1,
    0xff, 0x90, 0x0, 0x0, 0x4, 0xff, 0x9f, 0xf2,
    0x0, 0x0, 0x0, 0xd, 0xff, 0xfc, 0x0, 0x0,
    0x0, 0x0, 0x7f, 0xff, 0x60, 0x0, 0x0, 0x0,
    0x2, 0xff, 0xf0, 0x0, 0x0, 0x0, 0x0, 0x4f,
    0xf9, 0x0, 0x0, 0x0, 0x4, 0x3c, 0xff, 0x30,
    0x0, 0x0, 0x4, 0xff, 0xff, 0x80, 0x0, 0x0,
    0x0, 0x7f, 0xfd, 0x70, 0x0, 0x0, 0x0,

    /* U+00FE "þ" */
    0x8f, 0xf4, 0x0, 0x0, 0x0, 0x0, 0x8f, 0xf4,
    0x0, 0x0, 0x0, 0x0, 0x8f, 0xf4, 0x0, 0x0,
    0x0, 0x0, 0x8f, 0xf4, 0x0, 0x0, 0x0, 0x0,
    0x8f, 0xf4, 0x4c, 0xff, 0xb3, 0x0, 0x8f, 0xf8,
    0xff, 0xff, 0xff, 0x50, 0x8f, 0xff, 0xc5, 0x4a,
    0xff, 0xe1, 0x8f, 0xfc, 0x0, 0x0, 0xbf, 0xf6,
    0x8f, 0xf6, 0x0, 0x0, 0x4f, 0xfa, 0x8f, 0xf3,
    0x0, 0x0, 0x1f, 0xfc, 0x8f, 0xf3, 0x0, 0x0,
    0x1f, 0xfc, 0x8f, 0xf6, 0x0, 0x0, 0x4f, 0xfa,
    0x8f, 0xfd, 0x0, 0x0, 0xbf, 0xf6, 0x8f, 0xff,
    0xc5, 0x5b, 0xff, 0xe1, 0x8f, 0xf8, 0xff, 0xff,
    0xff, 0x40, 0x8f, 0xf4, 0x4c, 0xff, 0xb3, 0x0,
    0x8f, 0xf4, 0x0, 0x0, 0x0, 0x0, 0x8f, 0xf4,
    0x0, 0x0, 0x0, 0x0, 0x8f, 0xf4, 0x0, 0x0,
    0x0, 0x0, 0x8f, 0xf4, 0x0, 0x0, 0x0, 0x0,

    /* U+00FF "ÿ" */
    0x0, 0x1d, 0xe4, 0x4, 0xec, 0x10, 0x0, 0x4,
    0xff, 0x90, 0x9f, 0xf4, 0x0, 0x0, 0xb, 0xd3,
    0x3, 0xdb, 0x0, 0x0, 0x0, 0x0, 0x0, 0x0,
    0x0, 0x0, 0x0, 0x0, 0x0, 0x0, 0x0, 0x0,
    0x6, 0xff, 0x90, 0x0, 0x0, 0x9f, 0xf5, 0xf,
    0xfe, 0x0, 0x0, 0xe, 0xfe, 0x0, 0x9f, 0xf4,
    0x0, 0x5, 0xff, 0x80, 0x3, 0xff, 0x90, 0x0,
    0xaf, 0xf2, 0x0, 0xd, 0xff, 0x0, 0x1f, 0xfc,
    0x0, 0x0, 0x6f, 0xf5, 0x6, 0xff, 0x50, 0x0,
    0x1, 0xff, 0xa0, 0xcf, 0xe0, 0x0, 0x0, 0xa,
    0xff, 0x1f, 0xf9, 0x0, 0x0, 0x0, 0x4f, 0xf9,
    0xff, 0x20, 0x0, 0x0, 0x0, 0xdf, 0xff, 0xc0,
    0x0, 0x0, 0x0, 0x7, 0xff, 0xf6, 0x0, 0x0,
    0x0, 0x0, 0x2f, 0xff, 0x0, 0x0, 0x0, 0x0,
    0x4, 0xff, 0x90, 0x0, 0x0, 0x0, 0x43, 0xcf,
    0xf3, 0x0, 0x0, 0x0, 0x4f, 0xff, 0xf8, 0x0,
    0x0, 0x0, 0x7, 0xff, 0xd7, 0x0, 0x0, 0x0,
    0x0,

    /* U+2018 "‘" */
    0x0, 0x8f, 0x80, 0xd, 0xf5, 0x1, 0xff, 0x30,
    0x6f, 0xf1, 0xb, 0xfe, 0x0, 0xff, 0xc0, 0x16,
    0x64, 0x0,

    /* U+2019 "’" */
    0x2, 0x66, 0x30, 0x6f, 0xf5, 0x9, 0xff, 0x10,
    0xbf, 0xb0, 0xd, 0xf7, 0x0, 0xff, 0x20, 0x2f,
    0xd0, 0x0,

    /* U+201A "‚" */
    0x5, 0x66, 0x0, 0xef, 0xd0, 0xf, 0xf9, 0x3,
    0xff, 0x40, 0x5f, 0xf0, 0x7, 0xfb, 0x0, 0xaf,
    0x60, 0x0,

    /* U+201B "‛" */
    0xf, 0xfd, 0x0, 0xaf, 0xf0, 0x6, 0xff, 0x20,
    0x1f, 0xf4, 0x0, 0xcf, 0x60, 0x8, 0xf9, 0x0,
    0x16, 0x40,

    /* U+201C "“" */
    0x0, 0x8f, 0x80, 0xd, 0xf3, 0x0, 0xdf, 0x50,
    0x2f, 0xf0, 0x1, 0xff, 0x30, 0x6f, 0xe0, 0x6,
    0xff, 0x10, 0xbf, 0xc0, 0xb, 0xfe, 0x0, 0xff,
    0x90, 0xf, 0xfc, 0x4, 0xff, 0x70, 0x16, 0x64,
    0x3, 0x66, 0x20,

    /* U+201D "”" */
    0x2, 0x66, 0x30, 0x46, 0x60, 0x6, 0xff, 0x50,
    0xdf, 0xe0, 0x9, 0xff, 0x10, 0xff, 0x90, 0xb,
    0xfb, 0x2, 0xff, 0x40, 0xd, 0xf7, 0x4, 0xff,
    0x0, 0xf, 0xf2, 0x7, 0xfb, 0x0, 0x2f, 0xd0,
    0x9, 0xf6, 0x0,

    /* U+2022 "•" */
    0x2, 0x9c, 0xa3, 0x2, 0xff, 0xff, 0xf4, 0xbf,
    0xff, 0xff, 0xce, 0xff, 0xff, 0xff, 0xcf, 0xff,
    0xff, 0xd4, 0xff, 0xff, 0xf6, 0x5, 0xdf, 0xd6,
    0x0,

    /* U+2026 "…" */
    0x1, 0x51, 0x0, 0x0, 0x15, 0x10, 0x0, 0x1,
    0x51, 0x0, 0xef, 0xe1, 0x0, 0xe, 0xff, 0x10,
    0x0, 0xef, 0xf1, 0x2f, 0xff, 0x30, 0x2, 0xff,
    0xf3, 0x0, 0x2f, 0xff, 0x30, 0xaf, 0xa0, 0x0,
    0xa, 0xfa, 0x0, 0x0, 0xaf, 0xa0
};


/*---------------------
 *  GLYPH DESCRIPTION
 *--------------------*/

static const lv_font_fmt_txt_glyph_dsc_t glyph_dsc[] = {
    {.bitmap_index = 0, .adv_w = 0, .box_w = 0, .box_h = 0, .ofs_x = 0, .ofs_y = 0} /* id = 0 reserved */,
    {.bitmap_index = 0, .adv_w = 89, .box_w = 0, .box_h = 0, .ofs_x = 0, .ofs_y = 0},
    {.bitmap_index = 0, .adv_w = 113, .box_w = 5, .box_h = 16, .ofs_x = 1, .ofs_y = 0},
    {.bitmap_index = 40, .adv_w = 184, .box_w = 8, .box_h = 7, .ofs_x = 2, .ofs_y = 9},
    {.bitmap_index = 68, .adv_w = 227, .box_w = 14, .box_h = 16, .ofs_x = 0, .ofs_y = 0},
    {.bitmap_index = 180, .adv_w = 229, .box_w = 13, .box_h = 20, .ofs_x = 1, .ofs_y = -2},
    {.bitmap_index = 310, .adv_w = 354, .box_w = 18, .box_h = 16, .ofs_x = 2, .ofs_y = 0},
    {.bitmap_index = 454, .adv_w = 233, .box_w = 15, .box_h = 16, .ofs_x = 0, .ofs_y = 0},
    {.bitmap_index = 574, .adv_w = 115, .box_w = 3, .box_h = 7, .ofs_x = 2, .ofs_y = 9},
    {.bitmap_index = 585, .adv_w = 131, .box_w = 6, .box_h = 20, .ofs_x = 2, .ofs_y = -3},
    {.bitmap_index = 645, .adv_w = 131, .box_w = 7, .box_h = 20, .ofs_x = 0, .ofs_y = -3},
    {.bitmap_index = 715, .adv_w = 190, .box_w = 10, .box_h = 9, .ofs_x = 1, .ofs_y = 7},
    {.bitmap_index = 760, .adv_w = 237, .box_w = 11, .box_h = 11, .ofs_x = 2, .ofs_y = 1},
    {.bitmap_index = 821, .adv_w = 112, .box_w = 5, .box_h = 7, .ofs_x = 1, .ofs_y = -4},
    {.bitmap_index = 839, .adv_w = 164, .box_w = 8, .box_h = 3, .ofs_x = 1, .ofs_y = 5},
    {.bitmap_index = 851, .adv_w = 112, .box_w = 5, .box_h = 4, .ofs_x = 1, .ofs_y = 0},
    {.bitmap_index = 861, .adv_w = 133, .box_w = 8, .box_h = 19, .ofs_x = 0, .ofs_y = -2},
    {.bitmap_index = 937, .adv_w = 232, .box_w = 13, .box_h = 16, .ofs_x = 1, .ofs_y = 0},
    {.bitmap_index = 1041, .adv_w = 149, .box_w = 7, .box_h = 16, .ofs_x = 1, .ofs_y = 0},
    {.bitmap_index = 1097, .adv_w = 219, .box_w = 12, .box_h = 16, .ofs_x = 1, .ofs_y = 0},
    {.bitmap_index = 1193, .adv_w = 224, .box_w = 12, .box_h = 16, .ofs_x = 1, .ofs_y = 0},
    {.bitmap_index = 1289, .adv_w = 234, .box_w = 13, .box_h = 16, .ofs_x = 1, .ofs_y = 0},
    {.bitmap_index = 1393, .adv_w = 216, .box_w = 12, .box_h = 16, .ofs_x = 1, .ofs_y = 0},
    {.bitmap_index = 1489, .adv_w = 225, .box_w = 12, .box_h = 16, .ofs_x = 1, .ofs_y = 0},
    {.bitmap_index = 1585, .adv_w = 203, .box_w = 12, .box_h = 16, .ofs_x = 0, .ofs_y = 0},
    {.bitmap_index = 1681, .adv_w = 225, .box_w = 12, .box_h = 16, .ofs_x = 1, .ofs_y = 0},
    {.bitmap_index = 1777, .adv_w = 225, .box_w = 12, .box_h = 16, .ofs_x = 1, .ofs_y = 0},
    {.bitmap_index = 1873, .adv_w = 112, .box_w = 5, .box_h = 12, .ofs_x = 1, .ofs_y = 0},
    {.bitmap_index = 1903, .adv_w = 116, .box_w = 5, .box_h = 16, .ofs_x = 1, .ofs_y = -4},
    {.bitmap_index = 1943, .adv_w = 237, .box_w = 12, .box_h = 13, .ofs_x = 1, .ofs_y = 0},
    {.bitmap_index = 2021, .adv_w = 237, .box_w = 11, .box_h = 8, .ofs_x = 2, .ofs_y = 3},
    {.bitmap_index = 2065, .adv_w = 237, .box_w = 11, .box_h = 13, .ofs_x = 2, .ofs_y = 0},
    {.bitmap_index = 2137, .adv_w = 191, .box_w = 11, .box_h = 16, .ofs_x = 0, .ofs_y = 0},
    {.bitmap_index = 2225, .adv_w = 352, .box_w = 20, .box_h = 20, .ofs_x = 1, .ofs_y = -4},
    {.bitmap_index = 2425, .adv_w = 256, .box_w = 16, .box_h = 16, .ofs_x = 0, .ofs_y = 0},
    {.bitmap_index = 2553, .adv_w = 232, .box_w = 13, .box_h = 16, .ofs_x = 1, .ofs_y = 0},
    {.bitmap_index = 2657, .adv_w = 259, .box_w = 15, .box_h = 16, .ofs_x = 1, .ofs_y = 0},
    {.bitmap_index = 2777, .adv_w = 254, .box_w = 14, .box_h = 16, .ofs_x = 1, .ofs_y = 0},
    {.bitmap_index = 2889, .adv_w = 213, .box_w = 12, .box_h = 16, .ofs_x = 1, .ofs_y = 0},
    {.bitmap_index = 2985, .adv_w = 207, .box_w = 11, .box_h = 16, .ofs_x = 1, .ofs_y = 0},
    {.bitmap_index = 3073, .adv_w = 264, .box_w = 15, .box_h = 16, .ofs_x = 1, .ofs_y = 0},
    {.bitmap_index = 3193, .adv_w = 262, .box_w = 14, .box_h = 16, .ofs_x = 1, .ofs_y = 0},
    {.bitmap_index = 3305, .adv_w = 97, .box_w = 4, .box_h = 16, .ofs_x = 1, .ofs_y = 0},
    {.bitmap_index = 3337, .adv_w = 204, .box_w = 12, .box_h = 16, .ofs_x = 0, .ofs_y = 0},
    {.bitmap_index = 3433, .adv_w = 248, .box_w = 14, .box_h = 16, .ofs_x = 1, .ofs_y = 0},
    {.bitmap_index = 3545, .adv_w = 199, .box_w = 11, .box_h = 16, .ofs_x = 1, .ofs_y = 0},
    {.bitmap_index = 3633, .adv_w = 325, .box_w = 18, .box_h = 16, .ofs_x = 1, .ofs_y = 0},
    {.bitmap_index = 3777, .adv_w = 267, .box_w = 15, .box_h = 16, .ofs_x = 1, .ofs_y = 0},
    {.bitmap_index = 3897, .adv_w = 271, .box_w = 15, .box_h = 16, .ofs_x = 1, .ofs_y = 0},
    {.bitmap_index = 4017, .adv_w = 227, .box_w = 13, .box_h = 16, .ofs_x = 1, .ofs_y = 0},
    {.bitmap_index = 4121, .adv_w = 272, .box_w = 15, .box_h = 17, .ofs_x = 1, .ofs_y = -1},
    {.bitmap_index = 4249, .adv_w = 230, .box_w = 13, .box_h = 16, .ofs_x = 1, .ofs_y = 0},
    {.bitmap_index = 4353, .adv_w = 229, .box_w = 13, .box_h = 16, .ofs_x = 1, .ofs_y = 0},
    {.bitmap_index = 4457, .adv_w = 232, .box_w = 14, .box_h = 16, .ofs_x = 0, .ofs_y = 0},
    {.bitmap_index = 4569, .adv_w = 259, .box_w = 14, .box_h = 16, .ofs_x = 1, .ofs_y = 0},
    {.bitmap_index = 4681, .adv_w = 256, .box_w = 16, .box_h = 16, .ofs_x = 0, .ofs_y = 0},
    {.bitmap_index = 4809, .adv_w = 359, .box_w = 22, .box_h = 16, .ofs_x = 0, .ofs_y = 0},
    {.bitmap_index = 4985, .adv_w = 253, .box_w = 16, .box_h = 16, .ofs_x = 0, .ofs_y = 0},
    {.bitmap_index = 5113, .adv_w = 251, .box_w = 16, .box_h = 16, .ofs_x = 0, .ofs_y = 0},
    {.bitmap_index = 5241, .adv_w = 230, .box_w = 13, .box_h = 16, .ofs_x = 1, .ofs_y = 0},
    {.bitmap_index = 5345, .adv_w = 131, .box_w = 6, .box_h = 20, .ofs_x = 2, .ofs_y = -3},
    {.bitmap_index = 5405, .adv_w = 133, .box_w = 8, .box_h = 19, .ofs_x = 0, .ofs_y = -2},
    {.bitmap_index = 5481, .adv_w = 131, .box_w = 6, .box_h = 20, .ofs_x = 1, .ofs_y = -3},
    {.bitmap_index = 5541, .adv_w = 169, .box_w = 10, .box_h = 8, .ofs_x = 0, .ofs_y = 8},
    {.bitmap_index = 5581, .adv_w = 165, .box_w = 11, .box_h = 3, .ofs_x = 0, .ofs_y = -2},
    {.bitmap_index = 5598, .adv_w = 124, .box_w = 5, .box_h = 4, .ofs_x = 1, .ofs_y = 13},
    {.bitmap_index = 5608, .adv_w = 202, .box_w = 12, .box_h = 12, .ofs_x = 0, .ofs_y = 0},
    {.bitmap_index = 5680, .adv_w = 220, .box_w = 12, .box_h = 16, .ofs_x = 1, .ofs_y = 0},
    {.bitmap_index = 5776, .adv_w = 205, .box_w = 12, .box_h = 12, .ofs_x = 0, .ofs_y = 0},
    {.bitmap_index = 5848, .adv_w = 220, .box_w = 13, .box_h = 16, .ofs_x = 0, .ofs_y = 0},
    {.bitmap_index = 5952, .adv_w = 208, .box_w = 13, .box_h = 12, .ofs_x = 0, .ofs_y = 0},
    {.bitmap_index = 6030, .adv_w = 137, .box_w = 9, .box_h = 17, .ofs_x = 0, .ofs_y = 0},
    {.bitmap_index = 6107, .adv_w = 220, .box_w = 13, .box_h = 16, .ofs_x = 0, .ofs_y = -4},
    {.bitmap_index = 6211, .adv_w = 216, .box_w = 11, .box_h = 16, .ofs_x = 1, .ofs_y = 0},
    {.bitmap_index = 6299, .adv_w = 92, .box_w = 4, .box_h = 17, .ofs_x = 1, .ofs_y = 0},
    {.bitmap_index = 6333, .adv_w = 92, .box_w = 6, .box_h = 21, .ofs_x = -1, .ofs_y = -4},
    {.bitmap_index = 6396, .adv_w = 200, .box_w = 12, .box_h = 16, .ofs_x = 1, .ofs_y = 0},
    {.bitmap_index = 6492, .adv_w = 92, .box_w = 4, .box_h = 16, .ofs_x = 1, .ofs_y = 0},
    {.bitmap_index = 6524, .adv_w = 317, .box_w = 18, .box_h = 12, .ofs_x = 1, .ofs_y = 0},
    {.bitmap_index = 6632, .adv_w = 215, .box_w = 11, .box_h = 12, .ofs_x = 1, .ofs_y = 0},
    {.bitmap_index = 6698, .adv_w = 214, .box_w = 13, .box_h = 12, .ofs_x = 0, .ofs_y = 0},
    {.bitmap_index = 6776, .adv_w = 220, .box_w = 12, .box_h = 16, .ofs_x = 1, .ofs_y = -4},
    {.bitmap_index = 6872, .adv_w = 220, .box_w = 13, .box_h = 16, .ofs_x = 0, .ofs_y = -4},
    {.bitmap_index = 6976, .adv_w = 140, .box_w = 8, .box_h = 13, .ofs_x = 1, .ofs_y = 0},
    {.bitmap_index = 7028, .adv_w = 193, .box_w = 12, .box_h = 12, .ofs_x = 0, .ofs_y = 0},
    {.bitmap_index = 7100, .adv_w = 124, .box_w = 8, .box_h = 15, .ofs_x = 0, .ofs_y = 0},
    {.bitmap_index = 7160, .adv_w = 216, .box_w = 11, .box_h = 12, .ofs_x = 1, .ofs_y = 0},
    {.bitmap_index = 7226, .adv_w = 207, .box_w = 13, .box_h = 12, .ofs_x = 0, .ofs_y = 0},
    {.bitmap_index = 7304, .adv_w = 295, .box_w = 18, .box_h = 12, .ofs_x = 0, .ofs_y = 0},
    {.bitmap_index = 7412, .adv_w = 200, .box_w = 12, .box_h = 12, .ofs_x = 0, .ofs_y = 0},
    {.bitmap_index = 7484, .adv_w = 207, .box_w = 13, .box_h = 16, .ofs_x = 0, .ofs_y = -4},
    {.bitmap_index = 7588, .adv_w = 199, .box_w = 11, .box_h = 12, .ofs_x = 1, .ofs_y = 0},
    {.bitmap_index = 7654, .adv_w = 160, .box_w = 8, .box_h = 20, .ofs_x = 1, .ofs_y = -3},
    {.bitmap_index = 7734, .adv_w = 126, .box_w = 4, .box_h = 26, .ofs_x = 2, .ofs_y = -5},
    {.bitmap_index = 7786, .adv_w = 160, .box_w = 8, .box_h = 20, .ofs_x = 1, .ofs_y = -3},
    {.bitmap_index = 7866, .adv_w = 237, .box_w = 13, .box_h = 5, .ofs_x = 1, .ofs_y = 4},
    {.bitmap_index = 7899, .adv_w = 89, .box_w = 0, .box_h = 0, .ofs_x = 0, .ofs_y = 0},
    {.bitmap_index = 7899, .adv_w = 113, .box_w = 5, .box_h = 16, .ofs_x = 1, .ofs_y = -4},
    {.bitmap_index = 7939, .adv_w = 205, .box_w = 12, .box_h = 16, .ofs_x = 0, .ofs_y = 0},
    {.bitmap_index = 8035, .adv_w = 222, .box_w = 12, .box_h = 16, .ofs_x = 1, .ofs_y = 0},
    {.bitmap_index = 8131, .adv_w = 264, .box_w = 15, .box_h = 14, .ofs_x = 1, .ofs_y = 0},
    {.bitmap_index = 8236, .adv_w = 198, .box_w = 13, .box_h = 16, .ofs_x = 0, .ofs_y = 0},
    {.bitmap_index = 8340, .adv_w = 111, .box_w = 3, .box_h = 19, .ofs_x = 2, .ofs_y = -3},
    {.bitmap_index = 8369, .adv_w = 200, .box_w = 11, .box_h = 20, .ofs_x = 1, .ofs_y = -4},
    {.bitmap_index = 8479, .adv_w = 215, .box_w = 9, .box_h = 3, .ofs_x = 2, .ofs_y = 14},
    {.bitmap_index = 8493, .adv_w = 322, .box_w = 18, .box_h = 17, .ofs_x = 1, .ofs_y = 0},
    {.bitmap_index = 8646, .adv_w = 162, .box_w = 9, .box_h = 10, .ofs_x = 0, .ofs_y = 7},
    {.bitmap_index = 8691, .adv_w = 223, .box_w = 13, .box_h = 10, .ofs_x = 1, .ofs_y = 2},
    {.bitmap_index = 8756, .adv_w = 237, .box_w = 10, .box_h = 6, .ofs_x = 2, .ofs_y = 3},
    {.bitmap_index = 8786, .adv_w = 234, .box_w = 13, .box_h = 13, .ofs_x = 1, .ofs_y = 4},
    {.bitmap_index = 8871, .adv_w = 159, .box_w = 8, .box_h = 2, .ofs_x = 1, .ofs_y = 14},
    {.bitmap_index = 8879, .adv_w = 161, .box_w = 8, .box_h = 7, .ofs_x = 1, .ofs_y = 9},
    {.bitmap_index = 8907, .adv_w = 237, .box_w = 11, .box_h = 12, .ofs_x = 2, .ofs_y = 0},
    {.bitmap_index = 8973, .adv_w = 160, .box_w = 8, .box_h = 9, .ofs_x = 1, .ofs_y = 10},
    {.bitmap_index = 9009, .adv_w = 163, .box_w = 9, .box_h = 9, .ofs_x = 1, .ofs_y = 10},
    {.bitmap_index = 9050, .adv_w = 124, .box_w = 6, .box_h = 4, .ofs_x = 1, .ofs_y = 13},
    {.bitmap_index = 9062, .adv_w = 216, .box_w = 13, .box_h = 16, .ofs_x = 1, .ofs_y = -4},
    {.bitmap_index = 9166, .adv_w = 211, .box_w = 12, .box_h = 16, .ofs_x = 0, .ofs_y = 0},
    {.bitmap_index = 9262, .adv_w = 112, .box_w = 5, .box_h = 4, .ofs_x = 1, .ofs_y = 6},
    {.bitmap_index = 9272, .adv_w = 117, .box_w = 5, .box_h = 6, .ofs_x = 2, .ofs_y = -5},
    {.bitmap_index = 9287, .adv_w = 114, .box_w = 5, .box_h = 9, .ofs_x = 1, .ofs_y = 10},
    {.bitmap_index = 9310, .adv_w = 172, .box_w = 10, .box_h = 10, .ofs_x = 0, .ofs_y = 7},
    {.bitmap_index = 9360, .adv_w = 223, .box_w = 13, .box_h = 10, .ofs_x = 0, .ofs_y = 2},
    {.bitmap_index = 9425, .adv_w = 293, .box_w = 18, .box_h = 17, .ofs_x = 0, .ofs_y = -1},
    {.bitmap_index = 9578, .adv_w = 306, .box_w = 19, .box_h = 16, .ofs_x = 0, .ofs_y = 0},
    {.bitmap_index = 9730, .adv_w = 319, .box_w = 20, .box_h = 17, .ofs_x = 0, .ofs_y = -1},
    {.bitmap_index = 9900, .adv_w = 191, .box_w = 11, .box_h = 16, .ofs_x = 1, .ofs_y = -4},
    {.bitmap_index = 9988, .adv_w = 256, .box_w = 16, .box_h = 21, .ofs_x = 0, .ofs_y = 0},
    {.bitmap_index = 10156, .adv_w = 256, .box_w = 16, .box_h = 21, .ofs_x = 0, .ofs_y = 0},
    {.bitmap_index = 10324, .adv_w = 256, .box_w = 16, .box_h = 21, .ofs_x = 0, .ofs_y = 0},
    {.bitmap_index = 10492, .adv_w = 256, .box_w = 16, .box_h = 20, .ofs_x = 0, .ofs_y = 0},
    {.bitmap_index = 10652, .adv_w = 256, .box_w = 16, .box_h = 20, .ofs_x = 0, .ofs_y = 0},
    {.bitmap_index = 10812, .adv_w = 256, .box_w = 16, .box_h = 23, .ofs_x = 0, .ofs_y = 0},
    {.bitmap_index = 10996, .adv_w = 357, .box_w = 22, .box_h = 16, .ofs_x = 0, .ofs_y = 0},
    {.bitmap_index = 11172, .adv_w = 259, .box_w = 15, .box_h = 20, .ofs_x = 1, .ofs_y = -4},
    {.bitmap_index = 11322, .adv_w = 213, .box_w = 12, .box_h = 21, .ofs_x = 1, .ofs_y = 0},
    {.bitmap_index = 11448, .adv_w = 213, .box_w = 12, .box_h = 21, .ofs_x = 1, .ofs_y = 0},
    {.bitmap_index = 11574, .adv_w = 213, .box_w = 12, .box_h = 21, .ofs_x = 1, .ofs_y = 0},
    {.bitmap_index = 11700, .adv_w = 213, .box_w = 12, .box_h = 20, .ofs_x = 1, .ofs_y = 0},
    {.bitmap_index = 11820, .adv_w = 97, .box_w = 6, .box_h = 21, .ofs_x = -1, .ofs_y = 0},
    {.bitmap_index = 11883, .adv_w = 97, .box_w = 6, .box_h = 21, .ofs_x = 1, .ofs_y = 0},
    {.bitmap_index = 11946, .adv_w = 97, .box_w = 9, .box_h = 21, .ofs_x = -1, .ofs_y = 0},
    {.bitmap_index = 12041, .adv_w = 97, .box_w = 8, .box_h = 20, .ofs_x = -1, .ofs_y = 0},
    {.bitmap_index = 12121, .adv_w = 265, .box_w = 16, .box_h = 16, .ofs_x = 0, .ofs_y = 0},
    {.bitmap_index = 12249, .adv_w = 267, .box_w = 15, .box_h = 20, .ofs_x = 1, .ofs_y = 0},
    {.bitmap_index = 12399, .adv_w = 271, .box_w = 15, .box_h = 21, .ofs_x = 1, .ofs_y = 0},
    {.bitmap_index = 12557, .adv_w = 271, .box_w = 15, .box_h = 21, .ofs_x = 1, .ofs_y = 0},
    {.bitmap_index = 12715, .adv_w = 271, .box_w = 15, .box_h = 21, .ofs_x = 1, .ofs_y = 0},
    {.bitmap_index = 12873, .adv_w = 271, .box_w = 15, .box_h = 21, .ofs_x = 1, .ofs_y = 0},
    {.bitmap_index = 13031, .adv_w = 271, .box_w = 15, .box_h = 21, .ofs_x = 1, .ofs_y = 0},
    {.bitmap_index = 13189, .adv_w = 237, .box_w = 12, .box_h = 12, .ofs_x = 1, .ofs_y = 0},
    {.bitmap_index = 13261, .adv_w = 271, .box_w = 15, .box_h = 18, .ofs_x = 1, .ofs_y = -1},
    {.bitmap_index = 13396, .adv_w = 259, .box_w = 14, .box_h = 21, .ofs_x = 1, .ofs_y = 0},
    {.bitmap_index = 13543, .adv_w = 259, .box_w = 14, .box_h = 21, .ofs_x = 1, .ofs_y = 0},
    {.bitmap_index = 13690, .adv_w = 259, .box_w = 14, .box_h = 21, .ofs_x = 1, .ofs_y = 0},
    {.bitmap_index = 13837, .adv_w = 259, .box_w = 14, .box_h = 21, .ofs_x = 1, .ofs_y = 0},
    {.bitmap_index = 13984, .adv_w = 251, .box_w = 16, .box_h = 21, .ofs_x = 0, .ofs_y = 0},
    {.bitmap_index = 14152, .adv_w = 232, .box_w = 12, .box_h = 16, .ofs_x = 1, .ofs_y = 0},
    {.bitmap_index = 14248, .adv_w = 227, .box_w = 13, .box_h = 16, .ofs_x = 1, .ofs_y = 0},
    {.bitmap_index = 14352, .adv_w = 202, .box_w = 12, .box_h = 17, .ofs_x = 0, .ofs_y = 0},
    {.bitmap_index = 14454, .adv_w = 202, .box_w = 12, .box_h = 17, .ofs_x = 0, .ofs_y = 0},
    {.bitmap_index = 14556, .adv_w = 202, .box_w = 12, .box_h = 17, .ofs_x = 0, .ofs_y = 0},
    {.bitmap_index = 14658, .adv_w = 202, .box_w = 12, .box_h = 17, .ofs_x = 0, .ofs_y = 0},
    {.bitmap_index = 14760, .adv_w = 202, .box_w = 12, .box_h = 17, .ofs_x = 0, .ofs_y = 0},
    {.bitmap_index = 14862, .adv_w = 202, .box_w = 12, .box_h = 19, .ofs_x = 0, .ofs_y = 0},
    {.bitmap_index = 14976, .adv_w = 321, .box_w = 20, .box_h = 12, .ofs_x = 0, .ofs_y = 0},
    {.bitmap_index = 15096, .adv_w = 205, .box_w = 12, .box_h = 16, .ofs_x = 0, .ofs_y = -4},
    {.bitmap_index = 15192, .adv_w = 208, .box_w = 13, .box_h = 17, .ofs_x = 0, .ofs_y = 0},
    {.bitmap_index = 15303, .adv_w = 208, .box_w = 13, .box_h = 17, .ofs_x = 0, .ofs_y = 0},
    {.bitmap_index = 15414, .adv_w = 208, .box_w = 13, .box_h = 17, .ofs_x = 0, .ofs_y = 0},
    {.bitmap_index = 15525, .adv_w = 208, .box_w = 13, .box_h = 17, .ofs_x = 0, .ofs_y = 0},
    {.bitmap_index = 15636, .adv_w = 92, .box_w = 6, .box_h = 17, .ofs_x = -1, .ofs_y = 0},
    {.bitmap_index = 15687, .adv_w = 92, .box_w = 6, .box_h = 17, .ofs_x = 1, .ofs_y = 0},
    {.bitmap_index = 15738, .adv_w = 92, .box_w = 9, .box_h = 17, .ofs_x = -2, .ofs_y = 0},
    {.bitmap_index = 15815, .adv_w = 92, .box_w = 8, .box_h = 17, .ofs_x = -1, .ofs_y = 0},
    {.bitmap_index = 15883, .adv_w = 209, .box_w = 13, .box_h = 17, .ofs_x = 0, .ofs_y = 0},
    {.bitmap_index = 15994, .adv_w = 215, .box_w = 11, .box_h = 17, .ofs_x = 1, .ofs_y = 0},
    {.bitmap_index = 16088, .adv_w = 214, .box_w = 13, .box_h = 17, .ofs_x = 0, .ofs_y = 0},
    {.bitmap_index = 16199, .adv_w = 214, .box_w = 13, .box_h = 17, .ofs_x = 0, .ofs_y = 0},
    {.bitmap_index = 16310, .adv_w = 214, .box_w = 13, .box_h = 17, .ofs_x = 0, .ofs_y = 0},
    {.bitmap_index = 16421, .adv_w = 214, .box_w = 13, .box_h = 17, .ofs_x = 0, .ofs_y = 0},
    {.bitmap_index = 16532, .adv_w = 214, .box_w = 13, .box_h = 17, .ofs_x = 0, .ofs_y = 0},
    {.bitmap_index = 16643, .adv_w = 237, .box_w = 11, .box_h = 12, .ofs_x = 2, .ofs_y = 0},
    {.bitmap_index = 16709, .adv_w = 214, .box_w = 13, .box_h = 14, .ofs_x = 0, .ofs_y = -1},
    {.bitmap_index = 16800, .adv_w = 216, .box_w = 11, .box_h = 17, .ofs_x = 1, .ofs_y = 0},
    {.bitmap_index = 16894, .adv_w = 216, .box_w = 11, .box_h = 17, .ofs_x = 1, .ofs_y = 0},
    {.bitmap_index = 16988, .adv_w = 216, .box_w = 11, .box_h = 17, .ofs_x = 1, .ofs_y = 0},
    {.bitmap_index = 17082, .adv_w = 216, .box_w = 11, .box_h = 17, .ofs_x = 1, .ofs_y = 0},
    {.bitmap_index = 17176, .adv_w = 207, .box_w = 13, .box_h = 22, .ofs_x = 0, .ofs_y = -4},
    {.bitmap_index = 17319, .adv_w = 220, .box_w = 12, .box_h = 20, .ofs_x = 1, .ofs_y = -4},
    {.bitmap_index = 17439, .adv_w = 207, .box_w = 13, .box_h = 21, .ofs_x = 0, .ofs_y = -4},
    {.bitmap_index = 17576, .adv_w = 103, .box_w = 5, .box_h = 7, .ofs_x = 1, .ofs_y = 9},
    {.bitmap_index = 17594, .adv_w = 103, .box_w = 5, .box_h = 7, .ofs_x = 1, .ofs_y = 9},
    {.bitmap_index = 17612, .adv_w = 96, .box_w = 5, .box_h = 7, .ofs_x = 1, .ofs_y = -4},
    {.bitmap_index = 17630, .adv_w = 103, .box_w = 5, .box_h = 7, .ofs_x = 0, .ofs_y = 9},
    {.bitmap_index = 17648, .adv_w = 178, .box_w = 10, .box_h = 7, .ofs_x = 1, .ofs_y = 9},
    {.bitmap_index = 17683, .adv_w = 177, .box_w = 10, .box_h = 7, .ofs_x = 1, .ofs_y = 9},
    {.bitmap_index = 17718, .adv_w = 177, .box_w = 7, .box_h = 7, .ofs_x = 2, .ofs_y = 3},
    {.bitmap_index = 17743, .adv_w = 337, .box_w = 19, .box_h = 4, .ofs_x = 1, .ofs_y = 0}
};

/*---------------------
 *  CHARACTER MAPPING
 *--------------------*/

static const uint8_t glyph_id_ofs_list_3[] = {
    0, 1, 2, 3, 4, 5, 0, 0,
    0, 0, 6, 0, 0, 0, 7
};

/*Collect the unicode lists and glyph_id offsets*/
static const lv_font_fmt_txt_cmap_t cmaps[] =
{
    {
        .range_start = 32, .range_length = 95, .glyph_id_start = 1,
        .unicode_list = NULL, .glyph_id_ofs_list = NULL, .list_length = 0, .type = LV_FONT_FMT_TXT_CMAP_FORMAT0_TINY
    },
    {
        .range_start = 160, .range_length = 13, .glyph_id_start = 96,
        .unicode_list = NULL, .glyph_id_ofs_list = NULL, .list_length = 0, .type = LV_FONT_FMT_TXT_CMAP_FORMAT0_TINY
    },
    {
        .range_start = 174, .range_length = 82, .glyph_id_start = 109,
        .unicode_list = NULL, .glyph_id_ofs_list = NULL, .list_length = 0, .type = LV_FONT_FMT_TXT_CMAP_FORMAT0_TINY
    },
    {
        .range_start = 8216, .range_length = 15, .glyph_id_start = 191,
        .unicode_list = NULL, .glyph_id_ofs_list = glyph_id_ofs_list_3, .list_length = 15, .type = LV_FONT_FMT_TXT_CMAP_FORMAT0_FULL
    }
};

/*-----------------
 *    KERNING
 *----------------*/


/*Map glyph_ids to kern left classes*/
static const uint8_t kern_left_class_mapping[] =
{
    0, 0, 0, 1, 0, 2, 0, 3,
    1, 4, 0, 5, 6, 7, 6, 7,
    8, 9, 10, 0, 11, 0, 0, 0,
    12, 11, 9, 13, 13, 0, 14, 15,
    16, 17, 18, 19, 20, 21, 22, 23,
    24, 25, 25, 26, 27, 28, 25, 25,
    21, 29, 21, 30, 2, 31, 26, 32,
    33, 34, 35, 36, 4, 37, 0, 5,
    38, 0, 39, 40, 40, 25, 40, 41,
    42, 39, 43, 43, 44, 25, 39, 39,
    40, 40, 42, 45, 46, 47, 48, 49,
    50, 51, 49, 52, 4, 10, 0, 6,
    0, 53, 54, 0, 0, 55, 0, 0,
    0, 17, 56, 57, 58, 59, 0, 5,
    14, 0, 0, 0, 60, 10, 61, 0,
    0, 56, 62, 0, 0, 0, 63, 18,
    18, 18, 18, 18, 18, 22, 20, 22,
    22, 22, 22, 25, 25, 64, 64, 21,
    25, 21, 21, 21, 21, 21, 65, 21,
    26, 26, 26, 26, 35, 66, 67, 39,
    39, 39, 39, 39, 39, 68, 40, 40,
    40, 40, 40, 43, 43, 69, 70, 40,
    71, 40, 40, 40, 72, 72, 6, 40,
    48, 48, 48, 48, 49, 40, 49, 73,
    74, 75, 0, 73, 74, 76, 7
};

/*Map glyph_ids to kern right classes*/
static const uint8_t kern_right_class_mapping[] =
{
    0, 0, 0, 1, 0, 2, 0, 3,
    1, 0, 4, 5, 6, 7, 8, 9,
    10, 11, 12, 0, 13, 14, 0, 11,
    15, 13, 0, 16, 16, 17, 18, 0,
    19, 20, 21, 22, 23, 22, 22, 22,
    23, 22, 22, 24, 22, 22, 22, 22,
    23, 22, 23, 22, 25, 26, 27, 28,
    29, 30, 31, 32, 0, 33, 4, 34,
    35, 0, 36, 22, 37, 37, 37, 38,
    37, 22, 39, 40, 22, 22, 41, 41,
    37, 41, 37, 41, 42, 43, 44, 45,
    46, 47, 45, 48, 0, 49, 4, 50,
    0, 0, 51, 0, 0, 0, 0, 0,
    0, 52, 53, 54, 55, 56, 0, 57,
    18, 0, 0, 0, 58, 59, 60, 0,
    0, 53, 61, 0, 0, 0, 62, 21,
    21, 21, 21, 21, 21, 21, 23, 22,
    22, 22, 22, 22, 22, 63, 63, 64,
    22, 23, 23, 23, 23, 23, 65, 23,
    27, 27, 27, 27, 31, 22, 22, 36,
    36, 36, 66, 67, 36, 36, 37, 37,
    37, 37, 68, 69, 70, 69, 71, 37,
    41, 37, 37, 37, 72, 68, 6, 37,
    44, 44, 44, 73, 45, 22, 74, 75,
    76, 77, 78, 75, 76, 79, 80
};

/*Kern values between classes*/
static const int8_t kern_class_values[] =
{
    0, 0, 0, 0, 0, 0, 0, 0,
    0, 0, 0, 0, 0, 0, 0, 0,
    0, 0, 0, 0, -28, 0, 0, -58,
    0, 0, 0, 0, 0, 0, 0, 0,
    0, 0, 0, 0, -6, 0, 0, 0,
    0, -2, 0, 0, 0, 0, 0, 0,
    0, 0, 0, 0, 0, 0, 0, 0,
    0, 0, 0, 0, 0, 0, 0, 0,
    0, 0, 0, -6, 0, 0, 0, -6,
    0, 0, 0, 0, 0, 0, 0, 0,
    0, 0, 0, 0, 0, 0, 0, 0,
    0, 0, 0, 0, 0, 0, 0, 0,
    0, 0, 0, 0, -4, 0, 0, 0,
    0, -2, 0, 0, 0, -4, 0, 0,
    0, 0, 0, 0, 0, 0, 0, 0,
    0, 0, 0, 0, 0, 0, 0, 0,
    0, 0, 0, 0, 0, 0, 0, 0,
    0, 0, 0, 0, 0, 0, 0, 0,
    0, 0, 0, 0, 0, 0, 16, 0,
    0, 0, 0, 0, 0, 0, 0, 0,
    0, 0, 0, 0, 0, 0, 0, 0,
    0, 0, 0, 0, 0, 0, 0, 0,
    0, 0, 0, 0, 0, 0, 0, 0,
    0, -20, 0, -22, -14, 0, -26, 0,
    0, 0, 0, 0, 0, 0, 0, 0,
    0, 0, 0, 0, -12, -12, 0, 0,
    0, 0, 0, 0, -14, 0, 0, 0,
    0, 0, 0, 0, 0, 0, 0, 0,
    0, 0, 0, 0, 0, 0, 0, 0,
    0, -12, 0, 0, 0, 0, 0, 0,
    0, 0, 0, 0, 0, 0, 0, 0,
    0, 0, 0, 0, 0, 0, 0, 0,
    0, 0, 0, 0, 0, 4, 0, 0,
    0, 0, 0, 0, 0, 0, 0, 0,
    0, 0, 0, 0, -3, 0, 0, 6,
    4, 0, 0, 0, 0, 0, 0, 0,
    0, 0, 0, 0, 0, 0, 0, 0,
    0, 0, 0, 0, 0, 0, 0, 0,
    0, 0, 0, -3, 0, 0, 0, -3,
    0, 0, 0, 0, 0, 0, 0, 0,
    0, 0, 0, 0, 0, 0, 0, 0,
    0, 0, 0, 0, 0, 0, 0, 0,
    0, 0, 0, 0, -31, 0, -5, -34,
    0, 0, 0, 0, 0, 0, 0, 0,
    0, 0, 0, 0, 0, 0, 0, 0,
    0, 0, 0, 0, 0, 0, 0, 0,
    0, 0, 0, 0, 0, 0, 0, 0,
    0, 0, 0, 0, 0, 0, 0, 4,
    0, 0, 0, 0, 0, 0, 0, 0,
    0, 0, 0, 0, 0, 0, 0, 0,
    0, 0, 0, 0, 0, 0, 0, 0,
    0, 0, 0, 0, 0, 0, 0, 0,
    0, 0, 0, 0, -12, 0, 0, -16,
    0, -27, 0, -16, -12, -13, -24, 0,
    0, 0, 0, 0, 0, 0, 0, 0,
    0, 0, 0, 0, 0, 0, -8, 0,
    0, 0, 0, 0, 0, 0, 0, 0,
    0, 0, 0, 0, 0, 0, 0, 0,
    0, 0, 0, 0, 0, 0, 0, 0,
    0, 0, 0, 0, 0, 0, 0, 0,
    0, 0, 0, 0, 0, 0, 0, 0,
    0, 0, 0, 0, 0, 0, 0, 0,
    0, 0, 0, 0, 0, 0, -15, 0,
    0, -12, 0, 0, 0, 0, -19, 0,
    0, 0, 0, 0, 0, 0, 0, 0,
    0, 0, 0, 0, 0, 0, 0, 0,
    0, 0, 0, 0, 0, 0, 0, 0,
    0, 0, 0, 0, 0, 0, 0, 0,
    0, 0, 0, 0, 0, 0, 0, 0,
    0, 0, 0, 0, 0, 0, 0, 0,
    0, 0, 0, 0, 0, 0, 0, 0,
    0, 0, 0, 0, 0, 0, 0, 0,
    0, 0, 0, 0, -9, 0, 0, -22,
    0, 0, 0, 2, 2, 0, 0, 0,
    0, 0, 0, 0, 0, 0, 0, 0,
    0, 0, 0, 0, 0, 0, 0, 0,
    0, 0, 0, 0, 0, 0, 0, 0,
    0, 0, 0, 0, 0, 0, 0, 0,
    0, 0, 0, 0, 0, 0, 0, 0,
    0, 0, 0, 0, 0, 0, 0, 0,
    0, 0, 0, 0, 0, 0, 0, 0,
    0, 0, 0, 0, 0, 0, 0, 0,
    0, 0, 0, 0, 0, 0, 0, 0,
    0, 0, 0, -7, 0, -13, -12, 0,
    0, 0, 0, 0, 0, 0, 0, 0,
    0, 0, 6, 0, 0, 0, 0, 0,
    0, 0, 0, 0, 0, 0, 0, 0,
    0, 0, 0, 0, 0, 0, 0, 0,
    0, 0, 0, 0, 0, 0, 0, 0,
    0, 0, 0, 0, 0, 0, 0, 0,
    0, 0, 0, 0, 0, 0, 0, 0,
    0, 0, 0, 0, 0, 0, 0, 0,
    0, 0, 0, 0, 0, 0, 0, 0,
    0, 0, 0, 0, 0, 0, 0, 0,
    0, 0, 0, 0, 0, 0, 0, 0,
    0, 0, 5, 0, 3, 0, 0, 0,
    0, 0, 0, 0, 0, 0, 0, 0,
    0, 0, 0, 0, 0, 0, 0, 12,
    0, 0, 0, 0, 0, 0, 22, 0,
    0, 3, 0, 0, 0, 0, 0, 0,
    0, 0, 0, 0, 0, 0, 0, 0,
    0, 0, 0, 0, 0, 0, 0, 0,
    0, 0, 0, 0, 0, 0, 0, 0,
    0, 0, 0, 0, 0, -8, 0, 0,
    0, 0, 0, 0, 0, 0, 0, 0,
    0, 0, 0, 0, 0, 0, 0, 0,
    0, 0, 0, 0, 0, 0, 0, 0,
    0, 0, 0, 0, 0, 0, 0, 0,
    0, 0, 0, 0, 0, 0, 0, 0,
    0, 0, 0, 0, 0, 0, 0, 0,
    0, 0, 0, 0, 0, 0, 0, 0,
    0, 0, 0, 0, 0, 0, 0, 0,
    0, 0, 0, 0, -38, 0, 0, -34,
    0, 0, 0, 0, 0, 0, 0, 0,
    0, 0, 0, -16, -18, 0, 0, 0,
    -18, -14, 0, 0, 0, 0, 0, 0,
    0, 0, 0, 0, 0, 0, 0, 0,
    0, 0, 0, 0, 0, 0, 0, 0,
    0, -16, -16, -18, 0, 0, 32, -18,
    0, 0, 0, 0, 0, 0, 0, 0,
    0, 0, 0, 0, 0, 0, 0, 0,
    0, 0, 0, 0, 0, 0, 0, 0,
    0, 0, 0, 0, 0, 0, 0, 0,
    0, -12, 0, -22, 0, 0, 0, 0,
    0, 0, 0, 0, 0, 0, 0, 0,
    0, 0, 0, 0, 0, 0, 0, 0,
    0, 0, 0, 0, 0, 0, 0, 0,
    0, 0, 0, 0, 0, 0, 0, 0,
    0, 0, 0, 0, 0, 0, 0, 0,
    0, 0, 0, 0, 0, 0, 0, 0,
    0, 0, 0, 0, 0, 0, 0, 0,
    0, 0, 0, 0, 0, 0, 0, 0,
    0, 0, 0, 0, -18, 0, 0, 0,
    0, -16, 0, -24, -22, -18, -34, 0,
    0, 0, 0, 0, 0, 0, 0, 0,
    0, 0, 0, 0, -14, 0, -12, 0,
    0, 0, 0, 0, 0, 0, 0, 0,
    0, 0, 0, 0, 0, 0, 0, 0,
    0, 0, 0, 0, 0, 0, 0, 0,
    0, -14, 0, 0, 0, 0, 0, 0,
    0, 0, 0, 0, 0, 0, 0, 0,
    0, 0, 0, 0, 0, 0, 0, 0,
    0, 0, 0, 0, -9, 0, 0, 0,
    0, -28, 0, -26, -26, -20, -32, -22,
    0, 0, 0, 0, 0, 0, 0, 0,
    0, 0, 0, 0, 0, 0, 0, 0,
    0, 0, 0, 0, 0, 0, 0, 0,
    0, 0, 0, 0, 0, 0, 0, 0,
    0, 0, 0, 0, 0, 0, 0, 0,
    0, 0, 0, 0, 0, 0, 0, 0,
    0, 0, 0, 0, 0, 0, 0, 0,
    0, 0, 0, 0, 0, 0, 0, 0,
    0, 0, 0, 0, -22, 0, 0, 0,
    0, 0, 0, 0, 0, 0, 0, 0,
    0, 0, 0, 0, 0, 0, 0, 0,
    0, 0, 0, 0, 0, 0, 0, 0,
    0, 0, 0, 0, 0, 0, 0, 0,
    0, 0, 0, 0, 0, 0, 0, 0,
    0, 0, 0, 0, 0, 0, 0, 0,
    0, 0, 0, 0, 0, 0, 0, 0,
    0, 0, 0, 0, 0, 0, 0, 0,
    0, 0, 0, 0, 0, 0, 0, 0,
    0, 0, 0, 0, -14, 0, 0, 0,
    0, -11, 0, -13, -6, -16, -14, 0,
    0, 0, 0, 0, 0, 0, 0, 0,
    0, 0, 0, 0, 0, 0, 0, 0,
    0, 0, 0, 0, 0, 0, 0, 0,
    0, 0, 0, 0, 0, 0, 0, 0,
    0, 0, 0, 0, 0, 0, 0, 0,
    0, 0, 0, 0, 0, 0, 0, 0,
    -28, -4, 0, 0, -31, -12, 0, -12,
    0, 5, 0, -16, 0, 0, 0, 0,
    -9, -18, -22, -14, 5, 0, -14, 0,
    -4, -31, -7, -26, -24, 0, -27, 0,
    -26, -31, 0, 0, -5, -2, 1, 0,
    0, -3, -9, 0, -24, -24, 0, 0,
    0, -12, -5, -14, -26, -12, -12, -25,
    -31, 0, -18, -12, -12, 0, 0, 0,
    -12, 0, 0, -5, 1, 1, 0, -5,
    0, -24, -46, -36, 0, 0, -12, 0,
    0, 0, 0, 0, 0, 0, 0, 0,
    0, 0, 0, 0, 0, 0, 0, 0,
    0, 0, 0, 0, 0, 0, 0, 0,
    0, -20, 0, 0, 0, 0, 0, 0,
    0, 0, 0, 0, 0, 0, 0, 0,
    0, 0, 0, 0, 0, 0, 0, 0,
    0, 0, 0, 0, 0, 0, 0, 0,
    0, 0, 0, 0, 0, 0, 0, 0,
    0, 0, 0, 0, 0, 0, 12, 0,
    0, 0, -22, 0, 0, 0, 0, 0,
    0, 0, 0, 0, 0, 0, 0, 0,
    0, 0, 0, 0, 0, 0, 0, 0,
    0, 0, 0, 0, -9, 0, 0, 0,
    0, 0, 0, 0, 0, -4, 0, 0,
    0, 0, -14, 0, 0, 0, 0, 0,
    0, 0, 0, 0, 1, 0, 0, 0,
    0, 0, 0, 0, 0, 0, 0, 0,
    0, 0, 0, 0, 0, 0, 0, 0,
    0, 0, 0, 0, 0, 0, 12, 0,
    0, 1, 0, 0, 0, 0, 0, 0,
    0, 0, 0, 0, 0, 0, -15, 0,
    -15, -14, 0, 0, 0, 0, 0, 0,
    0, 0, 0, 0, -14, 0, 0, 0,
    0, -11, 0, -13, -6, -16, -14, 0,
    -13, 0, -14, 0, 0, 0, 0, 0,
    0, 0, 0, 0, 0, 0, 0, 0,
    0, 0, 0, 0, 0, 0, 0, -2,
    0, 0, 0, 0, 0, 0, 0, 0,
    0, 0, 0, 0, 0, 0, 0, 0,
    0, 0, -12, 0, -14, 0, 0, -15,
    0, 0, 0, 0, 0, 0, 0, 0,
    0, 0, 0, 0, 0, 0, 0, 0,
    0, 0, 0, 0, 0, 0, 0, 0,
    0, 0, 0, 0, 0, 0, 0, 0,
    0, 0, 0, 0, 0, 0, 0, 0,
    0, 0, 0, 0, 0, 0, 0, 0,
    0, 0, 0, 0, 0, 0, 0, 0,
    0, 0, 0, 0, 0, 0, 0, 0,
    0, 0, 0, 0, 0, 0, 26, 0,
    0, 0, 0, 0, 0, 0, 0, 0,
    0, 0, 0, 0, 0, 0, -14, 0,
    -12, 0, 0, 0, 0, 0, 0, 0,
    0, 0, 0, 0, -32, 0, 0, -24,
    0, 0, 0, 0, 0, 0, 0, 0,
    0, 0, -12, -7, -11, 0, 0, 0,
    -8, 0, 0, -12, -12, 0, 0, -12,
    0, 0, -11, 0, 0, 0, 0, 0,
    0, -12, 0, 0, 0, 0, 0, 0,
    0, -7, -7, -11, 0, 0, 0, -11,
    -12, -12, 0, 0, -42, 0, 0, -30,
    0, 0, 0, 0, 0, 0, 0, 0,
    0, 0, 0, 0, 0, 0, 0, 0,
    0, 0, 0, 0, -10, 0, 0, 0,
    0, -11, 0, -8, 0, -4, -9, 0,
    -8, 0, 0, 0, 0, 0, 0, 0,
    0, 0, 0, 0, 0, 0, 0, 0,
    0, 0, 0, 0, 0, 0, 0, 0,
    0, 0, 0, 0, 0, 0, 0, 0,
    0, 0, 0, 0, 0, 0, 12, 0,
    0, 0, 0, 0, 0, 0, 0, 0,
    0, 0, 0, 4, 0, 0, 0, 0,
    0, 0, 0, 0, 0, 0, 0, 0,
    0, 0, 0, 0, 0, 0, 0, 0,
    0, 0, 0, 0, 0, 0, 0, 0,
    0, 0, 4, 0, 0, 0, 0, 0,
    0, 0, 5, 0, 3, 0, 0, 0,
    0, 0, 0, 0, 0, 0, 0, 0,
    0, 0, 0, 0, 0, 0, 0, 12,
    0, 0, 0, 0, 0, 0, 22, 0,
    0, 3, 0, 0, 0, 0, 0, 0,
    0, 0, 0, 0, 0, 0, -12, 0,
    -12, -20, 0, 0, 0, 0, 0, 0,
    0, 0, 0, 0, -7, 0, 0, 0,
    0, 0, 0, 0, 0, 0, 0, 0,
    0, 0, -18, 0, 0, 0, 0, 0,
    0, 0, 0, 0, 0, 0, 0, 0,
    0, 0, 0, 0, 0, 0, 0, 0,
    0, 0, 0, 0, 0, 0, 0, 0,
    0, 0, 0, 0, 0, 0, 0, 0,
    0, 0, 0, 0, -28, 0, 0, -12,
    0, -3, 0, 0, 0, -31, 0, -31,
    0, 0, 0, 0, 0, 0, 0, 0,
    -24, -12, 0, -13, 0, 0, -13, 0,
    -3, 0, 0, 0, 0, 0, 0, 0,
    0, 0, 0, 0, -14, 0, 3, 0,
    0, 0, 0, -12, -14, -22, 0, 0,
    0, -31, -14, -13, 0, -18, -18, -5,
    0, -12, 0, -16, 0, 0, 0, 0,
    -12, 0, 0, -14, 3, 3, 30, -14,
    -12, -14, 0, 0, 0, 0, -12, 0,
    -32, 0, 0, 0, -14, -26, 0, -18,
    0, 0, 0, -16, 0, 0, 0, 0,
    0, 0, 0, -10, 0, 0, -10, 0,
    0, -33, 0, -26, -9, 0, -24, 0,
    -26, -46, 0, 0, 0, 0, 0, 0,
    0, 0, -8, 0, -24, 0, 0, 0,
    0, -14, 0, -10, -34, -22, -46, -28,
    -16, 0, -29, -22, 0, 0, 0, 0,
    -12, 0, 0, 0, 0, 0, 0, 0,
    0, -24, -30, -26, 0, -16, -12, 0,
    0, 0, -12, 0, 0, -10, -14, -10,
    -12, 0, 0, 0, 0, 0, 0, 0,
    0, 0, 0, 0, -28, 0, 0, -34,
    0, 0, 0, 0, 0, 0, 0, 0,
    0, 0, 0, -3, -3, 0, 0, 0,
    0, 0, 0, 0, 0, 0, 0, 0,
    0, -10, -3, 0, 0, 0, -10, 0,
    0, 0, 0, -10, 0, 0, 0, 0,
    0, -3, -3, -3, 0, 0, 0, -3,
    0, 0, 0, 0, -50, 0, 0, -34,
    0, 0, 0, 0, 0, 0, 0, 0,
    0, 0, 0, 0, 0, 0, 0, 0,
    0, 0, 0, 0, 0, 0, 0, 0,
    0, 0, 0, -7, 0, 0, -10, 0,
    -7, 0, 0, -2, -4, 0, 0, 0,
    0, 0, 0, 0, 0, 0, 0, 0,
    0, 0, -4, 0, 0, 0, 0, 0,
    0, 0, 0, 0, 0, 0, 0, 0,
    0, -2, -2, -4, 0, 0, 16, -4,
    0, 0, 0, 0, 0, 0, 0, 0,
    0, -1, -12, 0, 0, -21, -12, -21,
    -12, -18, -12, 0, 0, -24, -28, -12,
    -28, -12, 0, -11, -31, 0, -11, -32,
    -1, 0, 0, 0, 0, 0, 4, 0,
    0, 0, -20, -26, -27, 0, 0, 0,
    -20, -26, -36, -26, -22, -22, -15, -16,
    0, -21, -27, -11, 0, -46, -21, 0,
    0, -36, 0, -28, -18, 0, 0, 0,
    -12, -14, -14, -18, 0, 0, 32, -18,
    -18, -12, 0, 0, -42, 0, -12, -30,
    0, 0, -18, 0, 0, -19, -34, -19,
    -34, -17, -7, 0, 0, -12, 0, -22,
    -26, -22, 0, -12, -26, 0, -13, -34,
    0, 0, 0, 5, 0, 0, 0, 0,
    5, 0, -28, -20, -20, 0, 0, 0,
    -2, -16, 0, 0, 0, 0, 0, 0,
    0, -19, -20, -13, 0, -20, -22, 0,
    0, 0, 0, -14, 0, -7, 0, 0,
    -14, -20, -14, -20, 0, 0, 30, -16,
    0, 0, 0, 0, -40, 0, -14, -34,
    0, -1, -18, 0, 0, -16, -34, -16,
    -34, -7, 0, 0, 0, -12, 0, -18,
    -26, -22, 0, -6, -24, 0, -6, -22,
    -1, 0, 0, 2, 8, 0, 0, 0,
    2, 0, 0, -19, -18, 0, 0, 0,
    -12, -12, 0, 0, 0, 0, 0, 0,
    0, -16, -18, -6, 0, -20, -16, 0,
    0, 0, 0, -12, 0, -7, 0, 0,
    0, -19, -19, -18, 0, 0, 0, -18,
    0, 0, 0, 0, -38, 0, 0, -34,
    0, -4, 0, 0, 0, -13, 0, -13,
    0, 0, -13, 0, -8, -14, 0, 0,
    -20, -18, 0, -16, 0, 0, -16, 0,
    -4, -14, 0, 0, 0, 0, 0, 0,
    0, 0, 0, -20, -10, 0, 0, 0,
    0, 0, 0, 0, 0, 0, 0, 0,
    0, -12, -10, -16, 0, -14, -18, -2,
    0, 0, 0, -16, 0, 0, 0, 0,
    -16, -20, -20, -10, 0, 0, 0, -10,
    0, 0, 0, 0, 0, 0, -16, 0,
    0, 0, -22, 0, 0, -24, -19, -24,
    -19, 0, 0, 0, 0, -24, 0, -22,
    -36, -34, 0, -14, -27, 0, -14, -12,
    0, 4, 0, 0, 0, 0, 0, 0,
    0, 0, 0, -32, -35, 0, -8, 0,
    -14, -24, 0, -14, 0, 0, 0, 0,
    0, -24, -35, -14, 0, -32, -18, -3,
    0, -14, 0, -18, -22, 0, 0, 0,
    -16, -24, -18, -35, -8, -12, 0, -35,
    -14, 0, 0, 0, -38, 0, -14, -34,
    0, 0, 0, 0, 0, -13, 0, -13,
    0, 0, 0, 0, 0, 0, 0, 0,
    -22, 0, 0, -12, 0, 0, -12, 0,
    0, 0, 0, 0, 0, 0, 0, 0,
    0, 0, 0, 0, 0, 0, 0, 0,
    0, 0, 0, 0, 0, 0, 0, 0,
    0, -13, 0, -12, 0, -12, -13, 0,
    0, 0, 0, -12, 0, 0, 0, 0,
    0, 0, 0, 0, 0, 0, 30, 0,
    0, 0, 0, 0, 0, 0, 0, 0,
    0, 0, 0, 0, 0, 0, 0, 0,
    0, 0, 0, 0, 0, 0, 0, 0,
    0, 0, 0, 0, 5, 0, -14, 0,
    -4, -14, -7, -17, -20, 0, -27, 0,
    0, 0, 0, 0, -5, -2, 1, 0,
    0, -3, -9, 0, -18, -24, 0, 0,
    0, 0, 0, 0, -26, 0, 0, 0,
    0, 0, 0, 0, 0, 0, 0, 0,
    0, 0, 0, -5, 1, 1, 0, -5,
    0, -18, 0, 0, 0, 0, 0, 0,
    0, 0, 0, 0, 0, 0, 0, 0,
    0, 0, 0, 0, 0, 0, 0, 0,
    0, 0, 0, 0, 0, 12, -14, 0,
    0, -20, -14, -28, 0, 0, 0, 0,
    0, 0, 0, 0, 0, 0, 8, 34,
    12, 0, 0, 0, -28, 0, 0, 0,
    0, 0, 0, 0, 0, 0, 0, 0,
    0, 0, 0, 0, 0, 0, 0, 0,
    0, 0, 0, 0, 8, 8, 0, 0,
    0, -28, 0, 0, 0, 0, 0, 0,
    -5, 0, 0, 0, 0, 0, 0, 0,
    0, 0, 0, -14, 0, 0, 0, 0,
    0, 0, 0, 0, 0, 0, 0, 0,
    0, -25, 0, -18, -18, 0, -31, 0,
    -18, 0, 0, 0, 0, 0, 0, 0,
    0, 0, 0, 0, -6, 0, 0, 0,
    0, 0, 0, 0, 0, 0, 0, -3,
    0, 0, 0, 0, 0, 0, 0, 0,
    0, 0, 0, 0, 0, 0, 0, 0,
    0, -6, -16, -8, 0, 0, 0, 0,
    -6, 0, 0, -4, 0, 0, 0, 0,
    0, 0, 0, -12, 0, 0, 0, 0,
    0, 0, 0, 0, -12, 0, 0, 0,
    0, -27, 0, -20, -18, -10, -37, 0,
    -20, 0, 0, 3, 0, 0, 0, 0,
    0, 0, 0, 0, -7, -5, -7, -6,
    0, 0, 0, 0, -12, 0, 0, -4,
    0, 0, 0, 0, 0, 0, 0, 0,
    0, 3, 3, 0, 0, 0, 0, 0,
    0, -7, -22, -8, 0, 0, 0, 0,
    0, 0, 0, 0, 0, -8, -20, -8,
    -20, -6, 0, 0, 0, -22, 0, 0,
    0, 0, 0, 0, -12, 0, 0, -22,
    0, 0, 0, 0, 0, 0, 2, 0,
    0, 0, -5, -6, -8, -14, 2, 1,
    0, -7, -13, 0, 0, 6, 0, 0,
    0, -8, -8, 0, 0, -14, -8, 0,
    0, 0, 0, -8, 0, 0, 0, 0,
    -7, -6, -6, -8, 2, 2, 36, -8,
    0, 0, 0, 0, -32, 0, -7, -20,
    0, 0, 0, 0, 0, 0, 0, 0,
    0, 0, 0, 0, 0, 0, 0, 0,
    0, 0, 0, 0, 0, 0, 0, 0,
    0, -18, 0, 0, 0, 0, 0, 0,
    0, 0, 0, 0, 0, 0, 0, 2,
    0, 0, 0, 0, 0, 0, 0, 0,
    0, 0, 0, 0, 0, 0, 0, 0,
    0, 0, 0, 0, 0, 0, 0, 0,
    0, 0, 0, 0, 0, 0, 0, 0,
    0, 0, 0, 0, 0, 0, 0, 0,
    0, 0, 0, 0, 0, 0, 0, 0,
    0, 0, 0, 0, 0, 0, 0, 0,
    0, 0, 0, 0, 0, 0, 0, 0,
    0, 0, 0, 0, 0, 0, 0, 0,
    0, 0, 0, 0, 0, 0, 0, 0,
    0, 0, 0, 0, 0, 0, 0, 0,
    0, 0, 0, 0, 0, 0, 0, 0,
    0, 0, 0, 0, 0, 0, 0, 0,
    0, 0, 0, 0, 0, 0, 22, 0,
    0, 0, 0, 0, 0, 0, 0, 0,
    0, 0, 0, 0, 0, -19, 0, -19,
    0, 0, 0, 0, 0, -16, 0, 0,
    -30, 0, 0, 0, 0, 0, 0, 0,
    0, -20, 0, 0, 0, 0, 0, 0,
    0, 0, 0, 0, -8, 0, 0, 0,
    0, 0, 0, 0, 2, 0, 0, 0,
    0, -19, -8, 0, 0, -18, -24, 0,
    0, 0, 0, -19, 0, 0, 0, 0,
    0, 0, 0, -8, 0, 0, 0, -8,
    0, 2, 0, 0, 0, 0, 0, 0,
    0, 0, 0, 0, 0, -13, -22, -13,
    -22, -11, 0, 0, 0, 0, 0, 0,
    -14, 0, 0, 0, -14, 6, 0, -20,
    0, -20, 0, 0, 0, 0, 0, -12,
    0, 0, 0, -3, -8, 6, 2, 5,
    3, 0, 6, 0, 6, 3, 6, 0,
    6, -13, -8, 0, 0, 0, -12, 0,
    0, 0, 0, -13, 0, 0, 0, 0,
    0, -3, -3, -8, 2, 2, 8, -8,
    0, 6, -14, 6, -28, 0, 0, -22,
    -2, 0, 0, 0, 0, 0, 0, 0,
    0, 0, 0, 0, 0, 0, 0, 0,
    0, 0, 0, 0, 0, 0, 0, 0,
    0, -26, 0, -16, -12, 0, -26, 0,
    -16, 0, 0, 0, 0, 0, 0, 0,
    0, 0, 0, 0, 0, 0, 0, 0,
    0, 0, 0, 0, 0, 0, 0, -3,
    0, 0, 0, 0, 0, 0, 0, 0,
    0, 0, 0, 0, 0, 0, 0, 0,
    0, 0, -18, 0, -3, 0, 0, 0,
    0, 0, 0, 0, 0, -6, 0, -6,
    0, 0, 0, 0, 0, -3, 0, 0,
    -10, 0, 0, 0, 0, 1, 0, 0,
    0, -12, 0, -2, -2, 0, -3, 0,
    -2, 0, 0, 2, -3, -10, 0, 3,
    0, -3, -2, 0, 8, 6, 0, 0,
    1, -6, -3, 0, 0, 0, -6, 0,
    0, 0, 0, -6, 0, 0, 0, 0,
    -3, 2, 2, -3, 0, 0, 0, -3,
    0, 8, -14, 3, 0, 0, -3, 0,
    0, 0, 0, 0, 0, -13, 0, -13,
    0, -12, 0, 0, 0, 0, 0, 0,
    -14, 0, 0, 0, 0, 0, 0, 0,
    0, -18, 0, 0, 0, 0, -20, 0,
    0, 0, -12, 0, 0, 0, 0, 0,
    0, 0, 0, 0, 0, 0, 0, 0,
    0, -13, 0, 0, 0, 0, -12, 0,
    0, 0, 0, -13, 0, 0, 0, 0,
    0, 0, 0, 0, 0, 0, 0, 0,
    0, 0, -14, 5, 0, 0, 0, 0,
    0, 0, 0, 0, 0, -14, -14, -14,
    -14, -20, 0, 0, 0, 0, 0, 0,
    -12, -14, 0, 0, -24, 1, 0, -22,
    0, -12, 0, 0, 0, 0, -12, 0,
    0, 0, -28, -3, -7, 5, 0, 0,
    0, 0, 6, 0, 0, 0, 0, 0,
    1, -14, -7, 0, 0, -14, -14, 0,
    0, 0, 0, -14, 0, 0, 0, 0,
    0, -3, -3, -7, 0, 0, 6, -7,
    0, 0, 0, 0, -28, 0, 0, -26,
    0, 0, -12, 0, 0, 0, -26, 0,
    -26, 0, 0, 0, 0, 0, 0, 0,
    0, 0, 0, 0, -24, 0, 0, -20,
    0, -18, 0, 0, 0, 0, 0, -12,
    0, 0, 0, -1, -5, 0, 0, 0,
    0, 0, 0, 0, 0, 0, 0, 0,
    0, 0, -5, 0, 0, -12, 0, 0,
    0, 0, 0, 0, 0, 0, 0, 0,
    0, -1, -1, -5, 0, 0, 0, -5,
    0, 0, 0, 0, -28, 0, 0, -26,
    0, 0, 0, 0, 0, -8, 0, -8,
    0, 0, 0, 0, 0, 0, 0, 0,
    0, -12, 0, 0, 0, 0, 0, 0,
    0, -15, 0, 0, 0, 0, 0, 0,
    0, 0, 0, -1, -7, 6, 0, 0,
    0, 0, 6, 0, 0, 0, 0, 0,
    0, -8, -7, 0, 0, -12, -8, 0,
    0, 0, 0, -8, 0, 0, 0, 0,
    0, -1, -1, -7, 0, 0, 0, -7,
    0, 0, 0, 0, 0, 0, 0, 0,
    0, 0, 0, 0, 0, 0, 0, 0,
    0, 0, 0, 0, 0, 0, 0, 0,
    0, 0, 0, 0, 0, 0, 0, 0,
    0, -12, 0, 0, 0, 0, 0, 0,
    0, 0, 0, 0, -6, 0, 0, 0,
    0, 0, 0, 0, 0, 0, 0, 0,
    0, 0, -6, 0, 0, 0, 0, 0,
    0, 0, 0, 0, 0, 0, 0, 0,
    0, 0, 0, -6, 0, 0, 0, -6,
    0, 0, 0, 0, 0, 0, 0, 0,
    0, 0, 0, 0, 0, 0, 0, 0,
    0, 0, 0, 0, 0, 0, 0, 0,
    0, 0, 0, 0, 0, 0, 0, 0,
    0, -24, 0, -12, 0, 0, -24, 0,
    0, 0, 0, 0, 0, 0, 0, 0,
    0, 0, 0, 0, 0, 0, 0, 0,
    0, 0, 0, 0, 0, 0, 0, 0,
    0, 0, 0, 0, 0, 0, 0, 0,
    0, 0, 0, 0, 0, 0, 0, 0,
    0, 0, 0, 0, 0, 0, 0, 0,
    0, 0, 0, 0, 0, 0, 0, 0,
    0, 0, 0, 0, 0, 0, 0, 0,
    0, 0, 0, 0, -12, 0, 0, 0,
    0, -27, 0, -20, -18, -10, -37, 0,
    0, 0, 0, 3, 0, 0, 0, 0,
    0, 0, 0, 0, -7, -5, -7, -6,
    0, 0, 0, 0, -12, 0, 0, 0,
    0, 0, 0, 0, 0, 0, 0, 0,
    0, 3, 3, 0, 0, 0, 0, 0,
    0, -7, 0, 0, 0, 0, 0, 0,
    0, 0, 0, 0, 0, 0, 0, 0,
    0, 0, 0, 0, 0, 0, 0, 0,
    0, 0, 0, 0, 0, 0, 0, 0,
    0, 0, 0, 0, 0, 0, 0, 0,
    0, 0, 0, 0, 0, 0, 12, 0,
    0, 0, 0, 0, 0, 0, 0, 0,
    0, 0, 0, 0, 0, 0, 0, 0,
    0, 0, 0, 0, 0, 0, 0, 0,
    0, 0, 0, 0, 12, 12, 0, 0,
    0, 0, 0, 0, 0, 0, 0, 0,
    0, 0, -14, 0, 0, 0, 0, 0,
    0, 0, 0, 0, 0, 0, 0, 0,
    0, 0, 0, 0, -26, 0, 0, -26,
    0, 0, 0, 0, 0, 0, 0, 0,
    0, 0, 0, 0, -12, 0, 0, 0,
    0, 0, 0, 0, 0, 0, 0, 0,
    0, 0, -12, 0, 0, 0, 0, 0,
    0, 0, 0, 0, 0, 0, 0, 0,
    0, 0, 0, -12, 0, 0, 0, -12,
    0, 0, 0, 0, 0, 0, 0, 0,
    0, 0, 0, 0, 0, 0, 0, 0,
    0, 0, 0, 0, 0, 0, 0, 0,
    0, 0, 0, 0, -12, 0, 0, 0,
    0, -18, 0, 0, 0, 0, -22, 0,
    0, 0, 0, 0, 0, 0, 0, 0,
    0, 0, 0, 0, 0, 0, 0, 0,
    0, 0, 0, 0, 0, 0, 0, 0,
    0, 0, 0, 0, 0, 0, 0, 0,
    0, 0, 0, 0, 0, 0, 0, 0,
    0, 0, 0, 0, 0, 0, 0, 0,
    0, 0, 0, 0, 0, 0, 0, 0,
    0, 0, 0, 0, 0, 0, 0, 0,
    0, 0, 0, 0, 0, 0, 0, 0,
    0, -18, 0, 0, 0, 0, 0, 0,
    0, 0, 0, 0, 0, 0, 0, 0,
    0, 0, 0, 0, 0, 0, 0, 0,
    0, 0, 0, 0, 0, 0, 0, 0,
    0, 0, 0, 0, 0, 0, 0, 0,
    0, 0, 0, 0, 0, 0, 0, 0,
    0, 0, 0, 0, 0, 0, 0, 0,
    0, 0, 0, 0, 0, 0, 0, 0,
    0, 0, 0, 0, 0, 0, 0, 0,
    0, 0, 0, 0, -25, 0, -2, -25,
    0, 0, 0, 0, 0, -2, -3, 0,
    0, 0, 0, -4, -10, 0, 0, 0,
    0, -4, 0, 0, 0, 0, 0, 0,
    0, 0, 0, 0, 0, 0, 0, 0,
    0, 0, 0, 0, 0, 0, 0, 0,
    0, -4, -4, -10, 0, 0, 0, -10,
    0, 0, 0, 0, 0, 0, 0, 0,
    0, 0, 0, 0, 0, 0, 0, 0,
    0, 0, 0, 0, 0, 0, 0, 0,
    0, 0, 0, 0, 0, 0, 0, 0,
    0, -18, 0, 0, 0, 0, -20, 0,
    0, 0, 0, 0, 0, 0, 0, 0,
    0, 0, 0, 0, 0, 0, 0, 0,
    0, 0, 0, 0, 0, 0, 0, 0,
    0, 0, 0, 0, 0, 0, 0, 0,
    0, 0, 0, 0, 0, 0, 0, 0,
    0, 0, 0, 0, 0, 0, 0, 0,
    0, 0, 0, 0, 0, 0, 0, 0,
    0, 0, 0, 0, 0, 0, 0, 0,
    0, 0, 0, 0, -12, 0, 0, -16,
    0, -28, 0, -14, -12, -16, -18, 0,
    0, 0, 0, 0, 0, 0, 0, 0,
    0, 0, 0, 0, 0, 0, -8, 0,
    0, 0, 0, 0, 0, 0, 0, 0,
    0, 0, 0, 0, 0, 0, 0, 0,
    0, 0, 0, 0, 0, 0, 0, 0,
    0, 0, 0, 0, 0, 0, 0, 0,
    0, 0, 0, 0, 0, 0, 0, 0,
    0, 0, 0, 0, 0, 0, 0, 0,
    0, 0, 0, 0, -12, 0, 0, 0,
    0, -46, 0, -22, -20, -14, -32, -12,
    0, 0, 0, 0, 0, 0, 0, 0,
    0, 0, 0, 0, -12, -12, -12, 0,
    0, 0, 0, 0, 0, 0, 0, 0,
    0, 0, 0, 0, 0, 0, 0, 0,
    0, 0, 0, 0, 0, 0, 0, 0,
    0, -12, 0, 0, 0, 0, 0, 0,
    0, 0, 0, 0, 0, 0, 0, 0,
    0, 0, 0, 0, 0, 0, 0, 0,
    0, 0, 0, 0, 0, 0, 0, 0,
    0, -24, 0, -37, -31, 0, 0, 0,
    0, 0, 0, 0, 0, 0, 0, 0,
    0, 0, 0, 0, 0, 0, 0, 0,
    0, 0, 0, 0, 0, 0, 0, 0,
    0, 0, 0, 0, 0, 0, 0, 0,
    0, 0, 0, 0, 0, 0, 0, 0,
    0, 0, 0, 0, 0, 0, 0, 0,
    0, 0, 0, 0, 0, 0, 0, 0,
    0, 0, 0, 0, 0, 0, 0, 0,
    0, 0, 0, 0, 0, 0, 0, 0,
    0, 0, 0, 0, 0, 0, 0, 0,
    0, 0, 0, 0, 0, 0, 0, 0,
    0, 0, 0, 0, 0, 0, 0, 0,
    0, 0, 0, 0, 0, 0, 0, 0,
    0, 0, 0, 0, 0, 0, 0, 0,
    0, 0, 0, 0, 0, 0, 11, 0,
    0, 0, 0, 0, 0, 0, 0, 0,
    0, 0, 0, 0, 0, 0, 0, 0,
    0, 0, 0, 0, 0, 0, 0, 0,
    0, 0, 0, 0, -12, 0, 0, 0,
    0, -20, 0, -14, 0, -16, -16, 0,
    0, 0, 0, 0, 0, 0, 0, 0,
    0, 0, 0, 0, 0, 0, 0, 0,
    0, 0, 0, 0, 0, 0, 0, 0,
    0, 0, 0, 0, 0, 0, 0, 0,
    0, 0, 0, 0, 0, 0, 0, 0,
    0, 0, 0, 0, 0, 0, 0, 0,
    0, 0, 0, 0, 0, 0, -36, 0,
    -36, 0, 0, 0, 0, 0, 0, 0,
    0, 0, 0, 0, -14, 0, 0, -14,
    0, -20, 0, -18, 0, 0, 0, -14,
    -18, 0, 0, 0, 0, 0, 0, 0,
    0, 0, 0, 0, 0, 0, 0, 0,
    0, 0, 0, 0, 0, 0, 0, 0,
    0, 0, 0, 0, 0, 0, 0, 0,
    0, 0, 0, 0, 0, 0, 0, 0,
    0, 0, -20, 0, -44, 0, 0, -36,
    0, 0, 0, 0, 0, 0, 0, 0,
    0, 0, 0, 0, 0, 0, 0, 0,
    0, 0, 0, 0, 0, 0, 0, 0,
    0, -20, 0, 0, 0, 0, 0, 0,
    0, 0, 0, 0, 0, 0, 0, 0,
    0, 0, 0, 0, 0, 0, 0, 0,
    0, 0, 0, 0, 0, 0, 0, 0,
    0, 0, 0, 0, 0, 0, 0, 0,
    0, 0, 0, 0, 0, 0, 12, 0,
    0, 0, -24, 0, 0, 0, 0, 0,
    0, 0, 0, 0, 0, 0, 0, 0,
    0, 0, 0, 0, 0, 0, 0, 0,
    0, 0, 0, 0, 0, 0, 0, 0,
    0, -28, 0, 0, 0, 0, 0, 0,
    0, 0, 0, 0, 0, 0, 0, 0,
    0, 0, 0, 0, 0, 0, 0, 0,
    0, 0, 0, 0, 0, 0, 0, 0,
    0, 0, 0, 0, 0, 0, 0, 0,
    0, 0, 0, 0, 0, 0, 0, 0,
    0, 0, 0, 0, 0, 0, 0, 0,
    0, 0, 0, 0, 0, 0, 0, 0,
    0, 0, 0, 0, 0, 0, 0, 0,
    0, 0, 0, 0, 0, 0, 0, 0,
    0, 0, 0, 0, 0, 0, 0, 0,
    0, 0, 0, 0, 0, 0, 0, 0,
    0, 0, 0, 0, 0, 0, 0, 0,
    0, 0, 0, 0, 0, 0, 0, 0,
    0, 0, 0, 0, 0, 0, 0, 0,
    0, 0, 0, 0, 0, 0, 12, 0,
    0, 0, 0, 0, 0, 0, 0, 0,
    0, 0, 0, 0, 0, 0, 0, 0,
    0, 0, 0, 16, 0, 0, 32, 0,
    0, 0, 0, 0, 0, 22, 0, 0,
    0, 32, 0, 30, 0, 0, 0, 32,
    30, 0, 0, 0, 0, 14, 22, 22,
    8, 0, 18, 0, 0, 0, 0, 0,
    22, 0, 0, 0, 0, 0, 0, 0,
    0, 0, 0, 0, 0, 0, 11, 0,
    0, 0, 0, 0, 12, 22, 57, 0,
    0, 0, 0, 0, 0, 0, 0, 0,
    -5, 0, 0, 0, 0, 0, 0, 0,
    0, 0, 0, -14, 0, 0, 0, 0,
    0, 0, 0, 0, 0, 0, 0, 0,
    0, -18, 0, -18, -18, 0, -31, 0,
    -18, 0, 0, 0, 0, 0, 0, 0,
    0, 0, 0, 0, -6, 0, 0, 0,
    0, 0, 0, 0, 0, 0, 0, -3,
    0, 0, 0, 0, 0, 0, 0, 0,
    0, 0, 0, 0, 0, 0, 0, 0,
    0, -6, -16, -8, 0, 0, 0, 0,
    -6, 0, 0, -4, 0, 0, 0, 0,
    0, 0, 0, -12, 0, 0, 0, 0,
    0, 0, 0, 0, -12, 0, 0, 0,
    0, -18, 0, -20, -18, -10, -37, 0,
    -20, 0, 0, 3, 0, 0, 0, 0,
    0, 0, 0, 0, -7, -5, -7, -6,
    0, 0, 0, 0, -12, 0, 0, -4,
    0, 0, 0, 0, 0, 0, 0, 0,
    0, 3, 3, 0, 0, 0, 0, 0,
    0, -7, -22, -8, 0, 0, 0, 0,
    0, 0, 0, 0, 0, 0, 0, 0,
    0, 0, 0, 0, 0, 0, 0, 0,
    0, 0, 0, 0, -34, 0, 0, -52,
    0, 0, 0, 0, 0, 0, 0, 0,
    0, 0, 0, 0, -14, 0, 0, 0,
    0, -6, 0, 0, 0, 0, 0, 0,
    0, 0, 0, 0, 0, 0, 0, 0,
    0, 0, 0, 0, 0, 0, 0, 0,
    0, 0, 0, -14, 0, 0, 0, -14,
    0, 0, 0, 0, 0, 0, 0, 0,
    0, 0, 0, 0, 0, 0, 0, 0,
    0, 0, 0, 0, 0, 0, 0, 0,
    0, 0, 0, 0, -48, 0, -20, -44,
    0, 0, 0, 0, 0, 0, 0, 0,
    0, 0, 0, -20, -22, 0, 0, 0,
    -9, -25, 3, -14, 3, 0, 0, 0,
    0, 0, 0, 0, 0, 0, 0, 0,
    0, 0, 0, 0, 0, 0, 0, 0,
    0, -20, -20, -22, 0, 0, 0, -22,
    -14, 3, 0, 0, 0, 0, 0, 0,
    0, 0, 0, 0, 0, 0, 0, 0,
    0, 0, 0, 0, 0, 0, 0, 0,
    0, 0, 0, 0, 0, 0, 0, 0,
    0, -34, 0, -32, -22, 0, -38, 0,
    0, 0, 0, -12, 0, 0, 0, 0,
    0, 0, 0, 0, -18, 0, 0, 0,
    0, 0, 0, 0, 0, 0, 0, 0,
    0, 0, 0, 0, 0, 0, 0, 0,
    0, -12, -12, 0, 0, 0, 0, 0,
    0, -18, 0, 0, 0, 0, 0, 0,
    0, 0, 0, 0, 0, 0, 0, 0,
    0, 0, 0, 0, 0, 0, 0, 0,
    0, 0, 0, 0, -12, 0, 0, 0,
    0, -12, 0, -14, 0, -16, -16, 0,
    0, 0, 0, 0, 0, 0, 0, 0,
    0, 0, 0, 0, 0, 0, 0, 0,
    0, 0, 0, 0, 0, 0, 0, 0,
    0, 0, 0, 0, 0, 0, 0, 0,
    0, 0, 0, 0, 0, 0, 0, 0,
    0, 0, 0, 0, 0, 0, 0, 0
};


/*Collect the kern class' data in one place*/
static const lv_font_fmt_txt_kern_classes_t kern_classes =
{
    .class_pair_values   = kern_class_values,
    .left_class_mapping  = kern_left_class_mapping,
    .right_class_mapping = kern_right_class_mapping,
    .left_class_cnt      = 76,
    .right_class_cnt     = 80,
};

/*--------------------
 *  ALL CUSTOM DATA
 *--------------------*/

#if LVGL_VERSION_MAJOR == 8
/*Store all the custom data of the font*/
static  lv_font_fmt_txt_glyph_cache_t cache;
#endif

#if LVGL_VERSION_MAJOR >= 8
static const lv_font_fmt_txt_dsc_t font_dsc = {
#else
static lv_font_fmt_txt_dsc_t font_dsc = {
#endif
    .glyph_bitmap = glyph_bitmap,
    .glyph_dsc = glyph_dsc,
    .cmaps = cmaps,
    .kern_dsc = &kern_classes,
    .kern_scale = 16,
    .cmap_num = 4,
    .bpp = 4,
    .kern_classes = 1,
    .bitmap_format = 0,
#if LVGL_VERSION_MAJOR == 8
    .cache = &cache
#endif
};



/*-----------------
 *  PUBLIC FONT
 *----------------*/

/*Initialize a public general font descriptor*/
#if LVGL_VERSION_MAJOR >= 8
const lv_font_t font_np_inter_22 = {
#else
lv_font_t font_np_inter_22 = {
#endif
    .get_glyph_dsc = lv_font_get_glyph_dsc_fmt_txt,    /*Function pointer to get glyph's data*/
    .get_glyph_bitmap = lv_font_get_bitmap_fmt_txt,    /*Function pointer to get glyph's bitmap*/
    .line_height = 28,          /*The maximum line height required by the font*/
    .base_line = 5,             /*Baseline measured from the bottom of the line*/
#if !(LVGL_VERSION_MAJOR == 6 && LVGL_VERSION_MINOR == 0)
    .subpx = LV_FONT_SUBPX_NONE,
#endif
#if LV_VERSION_CHECK(7, 4, 0) || LVGL_VERSION_MAJOR >= 8
    .underline_position = -4,
    .underline_thickness = 2,
#endif
    .dsc = &font_dsc,          /*The custom font data. Will be accessed by `get_glyph_bitmap/dsc` */
#if LV_VERSION_CHECK(8, 2, 0) || LVGL_VERSION_MAJOR >= 9
    .fallback = NULL,
#endif
    .user_data = NULL,
};



#endif /*#if FONT_NP_INTER_22*/
