/* SPDX-License-Identifier: OFL-1.1 */
/* Glyph data converted from Space Grotesk (SIL OFL 1.1); licence text: licenses/OFL-1.1-SpaceGrotesk.txt */
/*******************************************************************************
 * Size: 32 px
 * Bpp: 4
 * Opts: --font SpaceGrotesk-VF-wght700.ttf --size 32 --bpp 4 --format lvgl --range 0x20-0x7E,0xA0-0xFF,0x2018-0x201D,0x2026,0x2022 --no-compress --force-fast-kern-format --lv-font-name diskos_bauh_bold_32 -o font_bauh_bold_32.c
 ******************************************************************************/

#ifdef LV_LVGL_H_INCLUDE_SIMPLE
#include "lvgl.h"
#else
#include "lvgl/lvgl.h"
#endif

#ifndef DISKOS_BAUH_BOLD_32
#define DISKOS_BAUH_BOLD_32 1
#endif

#if DISKOS_BAUH_BOLD_32

/*-----------------
 *    BITMAPS
 *----------------*/

/*Store the image of the glyphs*/
static LV_ATTRIBUTE_LARGE_CONST const uint8_t glyph_bitmap[] = {
    /* U+0020 " " */

    /* U+0021 "!" */
    0x4, 0xff, 0xfd, 0x0, 0x4f, 0xff, 0xd0, 0x4,
    0xff, 0xfd, 0x0, 0x4f, 0xff, 0xd0, 0x4, 0xff,
    0xfd, 0x0, 0x4f, 0xff, 0xd0, 0x4, 0xff, 0xfd,
    0x0, 0x4f, 0xff, 0xd0, 0x4, 0xff, 0xfd, 0x0,
    0x4f, 0xff, 0xd0, 0x4, 0xff, 0xfd, 0x0, 0x4f,
    0xff, 0xd0, 0x4, 0xff, 0xfd, 0x0, 0x4f, 0xff,
    0xd0, 0x3, 0xcc, 0xc9, 0x0, 0x0, 0x0, 0x0,
    0x1, 0xbf, 0xe7, 0x0, 0xdf, 0xff, 0xf6, 0x3f,
    0xff, 0xff, 0xc3, 0xff, 0xff, 0xfc, 0xd, 0xff,
    0xff, 0x60, 0x2b, 0xfe, 0x70,

    /* U+0022 "\"" */
    0x2, 0xcf, 0xe7, 0x0, 0x2b, 0xfe, 0x70, 0xe,
    0xff, 0xff, 0x50, 0xef, 0xff, 0xf5, 0x3f, 0xff,
    0xff, 0xa3, 0xff, 0xff, 0xfa, 0x2f, 0xff, 0xff,
    0xb2, 0xff, 0xff, 0xfb, 0x9, 0xff, 0xff, 0xb0,
    0x9f, 0xff, 0xfb, 0x0, 0x47, 0xdf, 0xb0, 0x3,
    0x7d, 0xfb, 0x0, 0x0, 0xcf, 0xa0, 0x0, 0xb,
    0xfb, 0x0, 0x2, 0xff, 0x90, 0x0, 0x2e, 0xfa,
    0x7, 0xff, 0xff, 0x40, 0x7f, 0xff, 0xf5, 0x7,
    0xff, 0xe7, 0x0, 0x7f, 0xff, 0x70, 0x1, 0x21,
    0x0, 0x0, 0x12, 0x10, 0x0,

    /* U+0023 "#" */
    0x0, 0x4, 0xff, 0xf6, 0x0, 0xf, 0xff, 0x90,
    0x0, 0x0, 0x0, 0x4f, 0xff, 0x60, 0x0, 0xff,
    0xf9, 0x0, 0x0, 0x0, 0x4, 0xff, 0xf6, 0x0,
    0xf, 0xff, 0x90, 0x0, 0x0, 0x0, 0x4f, 0xff,
    0x60, 0x0, 0xff, 0xf9, 0x0, 0x0, 0x0, 0x4,
    0xff, 0xf6, 0x0, 0xf, 0xff, 0x90, 0x0, 0x0,
    0x0, 0x4f, 0xff, 0x60, 0x0, 0xff, 0xf9, 0x0,
    0x0, 0xbf, 0xff, 0xff, 0xff, 0xff, 0xff, 0xff,
    0xff, 0xff, 0x1b, 0xff, 0xff, 0xff, 0xff, 0xff,
    0xff, 0xff, 0xff, 0xf1, 0xbf, 0xff, 0xff, 0xff,
    0xff, 0xff, 0xff, 0xff, 0xff, 0x14, 0x66, 0x8f,
    0xff, 0xa6, 0x66, 0xff, 0xfc, 0x66, 0x60, 0x0,
    0x4, 0xff, 0xf6, 0x0, 0xf, 0xff, 0x90, 0x0,
    0x0, 0x0, 0x4f, 0xff, 0x60, 0x0, 0xff, 0xf9,
    0x0, 0x0, 0x46, 0x68, 0xff, 0xfa, 0x66, 0x6f,
    0xff, 0xc6, 0x66, 0xb, 0xff, 0xff, 0xff, 0xff,
    0xff, 0xff, 0xff, 0xff, 0xf1, 0xbf, 0xff, 0xff,
    0xff, 0xff, 0xff, 0xff, 0xff, 0xff, 0x1b, 0xff,
    0xff, 0xff, 0xff, 0xff, 0xff, 0xff, 0xff, 0xf1,
    0x0, 0x4, 0xff, 0xf6, 0x0, 0xf, 0xff, 0x90,
    0x0, 0x0, 0x0, 0x4f, 0xff, 0x60, 0x0, 0xff,
    0xf9, 0x0, 0x0, 0x0, 0x4, 0xff, 0xf6, 0x0,
    0xf, 0xff, 0x90, 0x0, 0x0, 0x0, 0x4f, 0xff,
    0x60, 0x0, 0xff, 0xf9, 0x0, 0x0, 0x0, 0x4,
    0xff, 0xf6, 0x0, 0xf, 0xff, 0x90, 0x0, 0x0,
    0x0, 0x4f, 0xff, 0x60, 0x0, 0xff, 0xf9, 0x0,
    0x0,

    /* U+0024 "$" */
    0x0, 0x0, 0x0, 0x1f, 0xff, 0xc0, 0x0, 0x0,
    0x0, 0x0, 0x0, 0x0, 0x1f, 0xff, 0xc0, 0x0,
    0x0, 0x0, 0x0, 0x0, 0x0, 0x1f, 0xff, 0xc0,
    0x0, 0x0, 0x0, 0x0, 0x0, 0x0, 0x1f, 0xff,
    0xc0, 0x0, 0x0, 0x0, 0x0, 0x0, 0x49, 0xdf,
    0xff, 0xfa, 0x50, 0x0, 0x0, 0x0, 0x2c, 0xff,
    0xff, 0xff, 0xff, 0xfe, 0x40, 0x0, 0x2, 0xef,
    0xff, 0xff, 0xff, 0xff, 0xff, 0xf5, 0x0, 0xb,
    0xff, 0xff, 0xef, 0xff, 0xff, 0xff, 0xff, 0x10,
    0x2f, 0xff, 0xf9, 0x1f, 0xff, 0xc6, 0xff, 0xff,
    0x70, 0x4f, 0xff, 0xe0, 0x1f, 0xff, 0xc0, 0x9f,
    0xff, 0xb0, 0x5f, 0xff, 0xd0, 0x1f, 0xff, 0xc0,
    0x5f, 0xff, 0xd0, 0x3f, 0xff, 0xf5, 0x1f, 0xff,
    0xc0, 0x4d, 0xdd, 0xb0, 0xd, 0xff, 0xff, 0xbf,
    0xff, 0xc0, 0x0, 0x0, 0x0, 0x3, 0xff, 0xff,
    0xff, 0xff, 0xe5, 0x10, 0x0, 0x0, 0x0, 0x3d,
    0xff, 0xff, 0xff, 0xff, 0xfa, 0x30, 0x0, 0x0,
    0x0, 0x5b, 0xff, 0xff, 0xff, 0xff, 0xf8, 0x0,
    0x0, 0x0, 0x0, 0x1f, 0xff, 0xff, 0xff, 0xff,
    0x70, 0x23, 0x33, 0x0, 0x1f, 0xff, 0xc4, 0xdf,
    0xff, 0xf0, 0xef, 0xff, 0x40, 0x1f, 0xff, 0xc0,
    0x1f, 0xff, 0xf4, 0xdf, 0xff, 0x50, 0x1f, 0xff,
    0xc0, 0xd, 0xff, 0xf5, 0xbf, 0xff, 0xb0, 0x1f,
    0xff, 0xc0, 0x1f, 0xff, 0xf4, 0x5f, 0xff, 0xf9,
    0x2f, 0xff, 0xc1, 0xcf, 0xff, 0xf1, 0xd, 0xff,
    0xff, 0xff, 0xff, 0xff, 0xff, 0xff, 0x90, 0x2,
    0xef, 0xff, 0xff, 0xff, 0xff, 0xff, 0xfc, 0x0,
    0x0, 0x1b, 0xff, 0xff, 0xff, 0xff, 0xff, 0x90,
    0x0, 0x0, 0x0, 0x28, 0xcf, 0xff, 0xfb, 0x72,
    0x0, 0x0, 0x0, 0x0, 0x0, 0x1f, 0xff, 0xc0,
    0x0, 0x0, 0x0, 0x0, 0x0, 0x0, 0x1f, 0xff,
    0xc0, 0x0, 0x0, 0x0, 0x0, 0x0, 0x0, 0x1f,
    0xff, 0xc0, 0x0, 0x0, 0x0,

    /* U+0025 "%" */
    0x0, 0x0, 0x0, 0x0, 0x0, 0x0, 0x0, 0x0,
    0x0, 0x0, 0x0, 0x0, 0x0, 0x29, 0xdf, 0xfd,
    0x92, 0x0, 0x0, 0x0, 0x0, 0x1d, 0x50, 0x0,
    0x3, 0xff, 0xff, 0xff, 0xff, 0x30, 0x0, 0x0,
    0x0, 0xcf, 0xf8, 0x0, 0xd, 0xff, 0xfa, 0x9e,
    0xff, 0xd0, 0x0, 0x0, 0xa, 0xff, 0xf5, 0x0,
    0x1f, 0xff, 0x30, 0x2, 0xff, 0xf2, 0x0, 0x0,
    0x8f, 0xff, 0x80, 0x0, 0x2f, 0xff, 0x0, 0x0,
    0xff, 0xf3, 0x0, 0x6, 0xff, 0xfa, 0x0, 0x0,
    0xf, 0xff, 0x81, 0x8, 0xff, 0xf1, 0x0, 0x4f,
    0xff, 0xc0, 0x0, 0x0, 0x9, 0xff, 0xff, 0xff,
    0xff, 0xa0, 0x2, 0xef, 0xfe, 0x10, 0x0, 0x0,
    0x0, 0xaf, 0xff, 0xff, 0xfa, 0x0, 0x1d, 0xff,
    0xf2, 0x0, 0x0, 0x0, 0x0, 0x2, 0x68, 0x86,
    0x20, 0x0, 0xcf, 0xff, 0x40, 0x0, 0x0, 0x0,
    0x0, 0x0, 0x0, 0x0, 0x0, 0xa, 0xff, 0xf6,
    0x0, 0x0, 0x0, 0x0, 0x0, 0x0, 0x0, 0x0,
    0x0, 0x7f, 0xff, 0x90, 0x0, 0x0, 0x0, 0x0,
    0x0, 0x0, 0x0, 0x0, 0x5, 0xff, 0xfb, 0x0,
    0x0, 0x0, 0x0, 0x0, 0x0, 0x0, 0x0, 0x0,
    0x3f, 0xff, 0xd0, 0x1, 0x58, 0x97, 0x30, 0x0,
    0x0, 0x0, 0x0, 0x2, 0xef, 0xfe, 0x10, 0x5f,
    0xff, 0xff, 0xfb, 0x0, 0x0, 0x0, 0x0, 0xd,
    0xff, 0xf3, 0x3, 0xff, 0xff, 0xff, 0xff, 0xb0,
    0x0, 0x0, 0x0, 0xbf, 0xff, 0x50, 0xb, 0xff,
    0xc2, 0x6, 0xff, 0xf2, 0x0, 0x0, 0x9, 0xff,
    0xf7, 0x0, 0xe, 0xff, 0x50, 0x0, 0xdf, 0xf6,
    0x0, 0x0, 0x6f, 0xff, 0xa0, 0x0, 0xe, 0xff,
    0x40, 0x0, 0xcf, 0xf6, 0x0, 0x4, 0xff, 0xfc,
    0x0, 0x0, 0xd, 0xff, 0x80, 0x1, 0xff, 0xf4,
    0x0, 0x2f, 0xff, 0xd1, 0x0, 0x0, 0x7, 0xff,
    0xfb, 0x9e, 0xff, 0xe0, 0x0, 0x4f, 0xfe, 0x20,
    0x0, 0x0, 0x0, 0xcf, 0xff, 0xff, 0xff, 0x40,
    0x0, 0x2, 0xd3, 0x0, 0x0, 0x0, 0x0, 0x7,
    0xcf, 0xfe, 0xa2, 0x0, 0x0, 0x0, 0x0, 0x0,
    0x0, 0x0, 0x0, 0x0, 0x0, 0x0, 0x0, 0x0,

    /* U+0026 "&" */
    0x0, 0x0, 0x6c, 0xef, 0xff, 0xf2, 0x0, 0x0,
    0x0, 0x0, 0x3, 0xef, 0xff, 0xff, 0xff, 0x20,
    0x0, 0x0, 0x0, 0x1, 0xef, 0xff, 0xff, 0xff,
    0xf2, 0x0, 0x0, 0x0, 0x0, 0x8f, 0xff, 0xfb,
    0x54, 0x44, 0x0, 0x0, 0x0, 0x0, 0xd, 0xff,
    0xf8, 0x0, 0x0, 0x0, 0x0, 0x0, 0x0, 0x0,
    0xff, 0xff, 0x20, 0x0, 0x0, 0x0, 0x0, 0x0,
    0x0, 0xe, 0xff, 0xf1, 0x0, 0x0, 0x8, 0xff,
    0xf8, 0x0, 0x0, 0xbf, 0xff, 0x60, 0x0, 0x0,
    0x8f, 0xff, 0x80, 0x0, 0x3, 0xff, 0xff, 0x61,
    0x0, 0x8, 0xff, 0xf8, 0x0, 0x0, 0x3, 0xdf,
    0xff, 0xff, 0xff, 0xff, 0xff, 0xff, 0xf7, 0x0,
    0x0, 0x8f, 0xff, 0xff, 0xff, 0xff, 0xff, 0xff,
    0x70, 0x1, 0xaf, 0xff, 0xff, 0xff, 0xff, 0xff,
    0xff, 0xf7, 0x1, 0xdf, 0xff, 0xb5, 0x44, 0x4a,
    0xff, 0xfa, 0x44, 0x20, 0x9f, 0xff, 0x80, 0x0,
    0x0, 0x8f, 0xff, 0x80, 0x0, 0xf, 0xff, 0xf1,
    0x0, 0x0, 0x8, 0xff, 0xf8, 0x0, 0x1, 0xff,
    0xff, 0x0, 0x0, 0x0, 0x8f, 0xff, 0x80, 0x0,
    0x1f, 0xff, 0xf1, 0x0, 0x0, 0x8, 0xff, 0xf8,
    0x0, 0x0, 0xef, 0xff, 0x80, 0x0, 0x0, 0x8f,
    0xff, 0x80, 0x0, 0x9, 0xff, 0xff, 0xb5, 0x44,
    0x4a, 0xff, 0xf8, 0x0, 0x0, 0x1e, 0xff, 0xff,
    0xff, 0xff, 0xff, 0xff, 0x80, 0x0, 0x0, 0x3e,
    0xff, 0xff, 0xff, 0xff, 0xff, 0xf8, 0x0, 0x0,
    0x0, 0x7, 0xce, 0xff, 0xff, 0xff, 0xff, 0x80,
    0x0,

    /* U+0027 "'" */
    0x2, 0xcf, 0xe7, 0x0, 0xef, 0xff, 0xf5, 0x3f,
    0xff, 0xff, 0xa2, 0xff, 0xff, 0xfb, 0x9, 0xff,
    0xff, 0xb0, 0x4, 0x7d, 0xfb, 0x0, 0x0, 0xcf,
    0xa0, 0x0, 0x2f, 0xf9, 0x7, 0xff, 0xff, 0x40,
    0x7f, 0xfe, 0x70, 0x1, 0x21, 0x0, 0x0,

    /* U+0028 "(" */
    0x0, 0x0, 0x0, 0x0, 0x24, 0x52, 0x0, 0x0,
    0x2, 0x9e, 0xff, 0xf7, 0x0, 0x0, 0x8f, 0xff,
    0xff, 0xf7, 0x0, 0xb, 0xff, 0xff, 0xff, 0xf7,
    0x0, 0x8f, 0xff, 0xfe, 0x73, 0x0, 0x2, 0xff,
    0xff, 0xb0, 0x0, 0x0, 0x9, 0xff, 0xfd, 0x0,
    0x0, 0x0, 0xe, 0xff, 0xf4, 0x0, 0x0, 0x0,
    0x1f, 0xff, 0xe0, 0x0, 0x0, 0x0, 0x4f, 0xff,
    0xb0, 0x0, 0x0, 0x0, 0x5f, 0xff, 0x90, 0x0,
    0x0, 0x0, 0x6f, 0xff, 0x80, 0x0, 0x0, 0x0,
    0x6f, 0xff, 0x80, 0x0, 0x0, 0x0, 0x6f, 0xff,
    0x80, 0x0, 0x0, 0x0, 0x6f, 0xff, 0x80, 0x0,
    0x0, 0x0, 0x6f, 0xff, 0x80, 0x0, 0x0, 0x0,
    0x6f, 0xff, 0x80, 0x0, 0x0, 0x0, 0x6f, 0xff,
    0x80, 0x0, 0x0, 0x0, 0x6f, 0xff, 0x80, 0x0,
    0x0, 0x0, 0x6f, 0xff, 0x80, 0x0, 0x0, 0x0,
    0x6f, 0xff, 0x80, 0x0, 0x0, 0x0, 0x6f, 0xff,
    0x80, 0x0, 0x0, 0x0, 0x5f, 0xff, 0x90, 0x0,
    0x0, 0x0, 0x3f, 0xff, 0xc0, 0x0, 0x0, 0x0,
    0xf, 0xff, 0xf1, 0x0, 0x0, 0x0, 0xc, 0xff,
    0xf7, 0x0, 0x0, 0x0, 0x6, 0xff, 0xff, 0x20,
    0x0, 0x0, 0x0, 0xef, 0xff, 0xe5, 0x0, 0x0,
    0x0, 0x4f, 0xff, 0xff, 0xd9, 0x73, 0x0, 0x5,
    0xff, 0xff, 0xff, 0xf7, 0x0, 0x0, 0x3c, 0xff,
    0xff, 0xf7, 0x0, 0x0, 0x0, 0x38, 0xbe, 0xf7,

    /* U+0029 ")" */
    0x65, 0x30, 0x0, 0x0, 0x0, 0xf, 0xff, 0xfc,
    0x60, 0x0, 0x0, 0xff, 0xff, 0xff, 0xd3, 0x0,
    0xf, 0xff, 0xff, 0xff, 0xf4, 0x0, 0x1, 0x5b,
    0xff, 0xff, 0xe1, 0x0, 0x0, 0x4, 0xff, 0xff,
    0x90, 0x0, 0x0, 0x5, 0xff, 0xff, 0x10, 0x0,
    0x0, 0xc, 0xff, 0xf5, 0x0, 0x0, 0x0, 0x7f,
    0xff, 0x90, 0x0, 0x0, 0x3, 0xff, 0xfb, 0x0,
    0x0, 0x0, 0x1f, 0xff, 0xd0, 0x0, 0x0, 0x0,
    0xff, 0xfd, 0x0, 0x0, 0x0, 0xf, 0xff, 0xe0,
    0x0, 0x0, 0x0, 0xff, 0xfe, 0x0, 0x0, 0x0,
    0xf, 0xff, 0xe0, 0x0, 0x0, 0x0, 0xff, 0xfe,
    0x0, 0x0, 0x0, 0xf, 0xff, 0xe0, 0x0, 0x0,
    0x0, 0xff, 0xfe, 0x0, 0x0, 0x0, 0xf, 0xff,
    0xe0, 0x0, 0x0, 0x0, 0xff, 0xfe, 0x0, 0x0,
    0x0, 0xf, 0xff, 0xe0, 0x0, 0x0, 0x1, 0xff,
    0xfd, 0x0, 0x0, 0x0, 0x2f, 0xff, 0xc0, 0x0,
    0x0, 0x5, 0xff, 0xfa, 0x0, 0x0, 0x0, 0x9f,
    0xff, 0x80, 0x0, 0x0, 0x1e, 0xff, 0xf3, 0x0,
    0x0, 0xa, 0xff, 0xfd, 0x0, 0x0, 0x1a, 0xff,
    0xff, 0x60, 0x68, 0xbf, 0xff, 0xff, 0xb0, 0xf,
    0xff, 0xff, 0xff, 0xc0, 0x0, 0xff, 0xff, 0xff,
    0x70, 0x0, 0xf, 0xfd, 0xa6, 0x0, 0x0, 0x0,

    /* U+002A "*" */
    0x0, 0x0, 0x0, 0x8f, 0xd0, 0x0, 0x0, 0x0,
    0x1, 0x70, 0x8, 0xfd, 0x0, 0x53, 0x0, 0x1,
    0xcf, 0x90, 0x8f, 0xc0, 0x5f, 0xf3, 0x0, 0xb,
    0xff, 0x75, 0xfa, 0x3f, 0xfe, 0x20, 0x0, 0xb,
    0xff, 0x6f, 0x9d, 0xfd, 0x20, 0x0, 0x0, 0x6,
    0xff, 0xff, 0xf9, 0x0, 0x0, 0x9f, 0xfe, 0xbe,
    0xff, 0xff, 0xad, 0xff, 0xe9, 0xff, 0xff, 0xff,
    0xff, 0xff, 0xff, 0xfe, 0x35, 0x53, 0x2d, 0xff,
    0xff, 0x42, 0x45, 0x40, 0x0, 0x6f, 0xfa, 0xfb,
    0xff, 0x90, 0x0, 0x0, 0x7f, 0xfa, 0x4f, 0x96,
    0xff, 0xb0, 0x0, 0x1e, 0xfc, 0x17, 0xfc, 0x9,
    0xff, 0x40, 0x0, 0x2a, 0x0, 0x8f, 0xd0, 0x8,
    0x60, 0x0, 0x0, 0x0, 0x8, 0xfd, 0x0, 0x0,
    0x0, 0x0, 0x0, 0x0, 0x13, 0x20, 0x0, 0x0,
    0x0,

    /* U+002B "+" */
    0x0, 0x0, 0x1, 0x22, 0x10, 0x0, 0x0, 0x0,
    0x0, 0xf, 0xff, 0xd0, 0x0, 0x0, 0x0, 0x0,
    0xf, 0xff, 0xd0, 0x0, 0x0, 0x0, 0x0, 0xf,
    0xff, 0xd0, 0x0, 0x0, 0x0, 0x0, 0xf, 0xff,
    0xd0, 0x0, 0x0, 0x79, 0x99, 0x9f, 0xff, 0xe9,
    0x99, 0x95, 0xcf, 0xff, 0xff, 0xff, 0xff, 0xff,
    0xf9, 0xcf, 0xff, 0xff, 0xff, 0xff, 0xff, 0xf9,
    0xcf, 0xff, 0xff, 0xff, 0xff, 0xff, 0xf9, 0x0,
    0x0, 0xf, 0xff, 0xd0, 0x0, 0x0, 0x0, 0x0,
    0xf, 0xff, 0xd0, 0x0, 0x0, 0x0, 0x0, 0xf,
    0xff, 0xd0, 0x0, 0x0, 0x0, 0x0, 0xf, 0xff,
    0xd0, 0x0, 0x0, 0x0, 0x0, 0xf, 0xff, 0xd0,
    0x0, 0x0,

    /* U+002C "," */
    0x0, 0x47, 0x60, 0x0, 0x9f, 0xff, 0xd1, 0x2f,
    0xff, 0xff, 0x83, 0xff, 0xff, 0xfa, 0xe, 0xff,
    0xff, 0xb0, 0x3c, 0xff, 0xfb, 0x0, 0x0, 0xcf,
    0xb0, 0x0, 0xc, 0xfa, 0x0, 0x25, 0xff, 0x90,
    0x7f, 0xff, 0xf3, 0x7, 0xff, 0xc4, 0x0,

    /* U+002D "-" */
    0x79, 0x99, 0x99, 0x99, 0x95, 0xdf, 0xff, 0xff,
    0xff, 0xfa, 0xdf, 0xff, 0xff, 0xff, 0xfa, 0xdf,
    0xff, 0xff, 0xff, 0xfa,

    /* U+002E "." */
    0x1, 0xbf, 0xe7, 0x0, 0xdf, 0xff, 0xf6, 0x3f,
    0xff, 0xff, 0xc3, 0xff, 0xff, 0xfc, 0xd, 0xff,
    0xff, 0x60, 0x2b, 0xfe, 0x70,

    /* U+002F "/" */
    0x0, 0x0, 0x0, 0x0, 0x4, 0xff, 0xfc, 0x0,
    0x0, 0x0, 0x0, 0x9, 0xff, 0xf6, 0x0, 0x0,
    0x0, 0x0, 0xe, 0xff, 0xf1, 0x0, 0x0, 0x0,
    0x0, 0x4f, 0xff, 0xb0, 0x0, 0x0, 0x0, 0x0,
    0xaf, 0xff, 0x60, 0x0, 0x0, 0x0, 0x0, 0xef,
    0xff, 0x10, 0x0, 0x0, 0x0, 0x4, 0xff, 0xfb,
    0x0, 0x0, 0x0, 0x0, 0xa, 0xff, 0xf6, 0x0,
    0x0, 0x0, 0x0, 0xf, 0xff, 0xf1, 0x0, 0x0,
    0x0, 0x0, 0x4f, 0xff, 0xb0, 0x0, 0x0, 0x0,
    0x0, 0xaf, 0xff, 0x60, 0x0, 0x0, 0x0, 0x0,
    0xff, 0xff, 0x10, 0x0, 0x0, 0x0, 0x5, 0xff,
    0xfb, 0x0, 0x0, 0x0, 0x0, 0xa, 0xff, 0xf6,
    0x0, 0x0, 0x0, 0x0, 0xf, 0xff, 0xf1, 0x0,
    0x0, 0x0, 0x0, 0x5f, 0xff, 0xb0, 0x0, 0x0,
    0x0, 0x0, 0xaf, 0xff, 0x60, 0x0, 0x0, 0x0,
    0x0, 0xff, 0xff, 0x10, 0x0, 0x0, 0x0, 0x5,
    0xff, 0xfb, 0x0, 0x0, 0x0, 0x0, 0xa, 0xff,
    0xf5, 0x0, 0x0, 0x0, 0x0, 0xf, 0xff, 0xf0,
    0x0, 0x0, 0x0, 0x0, 0x5f, 0xff, 0xb0, 0x0,
    0x0, 0x0, 0x0, 0xaf, 0xff, 0x50, 0x0, 0x0,
    0x0, 0x0, 0xff, 0xff, 0x0, 0x0, 0x0, 0x0,
    0x5, 0xff, 0xfb, 0x0, 0x0, 0x0, 0x0, 0xa,
    0xff, 0xf5, 0x0, 0x0, 0x0, 0x0, 0xf, 0xff,
    0xf0, 0x0, 0x0, 0x0, 0x0, 0x5f, 0xff, 0xa0,
    0x0, 0x0, 0x0, 0x0,

    /* U+0030 "0" */
    0x0, 0x0, 0x5, 0xad, 0xff, 0xfd, 0x94, 0x0,
    0x0, 0x0, 0x0, 0x4d, 0xff, 0xff, 0xff, 0xff,
    0xfc, 0x20, 0x0, 0x0, 0x5f, 0xff, 0xff, 0xff,
    0xff, 0xff, 0xfe, 0x20, 0x0, 0x2f, 0xff, 0xff,
    0xda, 0x9b, 0xef, 0xff, 0xfd, 0x0, 0xb, 0xff,
    0xff, 0x50, 0x0, 0x0, 0x8f, 0xff, 0xf6, 0x0,
    0xff, 0xff, 0x60, 0x0, 0x0, 0x0, 0xaf, 0xff,
    0xc0, 0x4f, 0xff, 0xe0, 0x0, 0x0, 0x0, 0x2,
    0xff, 0xff, 0x5, 0xff, 0xfb, 0x0, 0x0, 0x0,
    0x0, 0xf, 0xff, 0xf1, 0x6f, 0xff, 0xb0, 0x0,
    0x0, 0x0, 0x0, 0xff, 0xff, 0x26, 0xff, 0xfb,
    0x0, 0x0, 0x0, 0x0, 0xf, 0xff, 0xf2, 0x6f,
    0xff, 0xb0, 0x0, 0x0, 0x0, 0x0, 0xff, 0xff,
    0x26, 0xff, 0xfb, 0x0, 0x0, 0x0, 0x0, 0xf,
    0xff, 0xf2, 0x6f, 0xff, 0xb0, 0x0, 0x0, 0x0,
    0x0, 0xff, 0xff, 0x26, 0xff, 0xfb, 0x0, 0x0,
    0x0, 0x0, 0xf, 0xff, 0xf2, 0x5f, 0xff, 0xb0,
    0x0, 0x0, 0x0, 0x0, 0xff, 0xff, 0x14, 0xff,
    0xfe, 0x0, 0x0, 0x0, 0x0, 0x2f, 0xff, 0xf0,
    0x1f, 0xff, 0xf5, 0x0, 0x0, 0x0, 0x9, 0xff,
    0xfc, 0x0, 0xbf, 0xff, 0xe4, 0x0, 0x0, 0x7,
    0xff, 0xff, 0x70, 0x3, 0xff, 0xff, 0xfd, 0xa9,
    0xae, 0xff, 0xff, 0xe0, 0x0, 0x6, 0xff, 0xff,
    0xff, 0xff, 0xff, 0xff, 0xf3, 0x0, 0x0, 0x5,
    0xef, 0xff, 0xff, 0xff, 0xff, 0xc2, 0x0, 0x0,
    0x0, 0x0, 0x5a, 0xdf, 0xff, 0xd9, 0x40, 0x0,
    0x0,

    /* U+0031 "1" */
    0x0, 0x0, 0x4f, 0xff, 0xff, 0xff, 0x50, 0x0,
    0xb, 0xff, 0xff, 0xff, 0xf5, 0x0, 0x3, 0xff,
    0xff, 0xff, 0xff, 0x50, 0x0, 0xaf, 0xff, 0x7c,
    0xff, 0xf5, 0x0, 0x2f, 0xff, 0xf1, 0xcf, 0xff,
    0x50, 0x9, 0xff, 0xf9, 0xc, 0xff, 0xf5, 0x1,
    0xff, 0xff, 0x20, 0xcf, 0xff, 0x50, 0x7f, 0xff,
    0xb0, 0xc, 0xff, 0xf5, 0xe, 0xff, 0xf4, 0x0,
    0xcf, 0xff, 0x56, 0xff, 0xfd, 0x0, 0xc, 0xff,
    0xf5, 0x0, 0x0, 0x0, 0x0, 0xcf, 0xff, 0x50,
    0x0, 0x0, 0x0, 0xc, 0xff, 0xf5, 0x0, 0x0,
    0x0, 0x0, 0xcf, 0xff, 0x50, 0x0, 0x0, 0x0,
    0xc, 0xff, 0xf5, 0x0, 0x0, 0x0, 0x0, 0xcf,
    0xff, 0x50, 0x0, 0x0, 0x0, 0xc, 0xff, 0xf5,
    0x0, 0x0, 0x0, 0x0, 0xcf, 0xff, 0x50, 0x0,
    0x0, 0x0, 0xc, 0xff, 0xf5, 0x0, 0x0, 0x0,
    0x0, 0xcf, 0xff, 0x50, 0x0, 0x0, 0x0, 0xc,
    0xff, 0xf5, 0x0, 0x0, 0x0, 0x0, 0xcf, 0xff,
    0x50, 0x0, 0x0, 0x0, 0xc, 0xff, 0xf5,

    /* U+0032 "2" */
    0x0, 0x0, 0x28, 0xce, 0xff, 0xd9, 0x40, 0x0,
    0x0, 0x0, 0x9f, 0xff, 0xff, 0xff, 0xff, 0xc2,
    0x0, 0x0, 0xcf, 0xff, 0xff, 0xff, 0xff, 0xff,
    0xe2, 0x0, 0x9f, 0xff, 0xff, 0xb9, 0xae, 0xff,
    0xff, 0xd0, 0x1f, 0xff, 0xfa, 0x10, 0x0, 0x6,
    0xff, 0xff, 0x66, 0xff, 0xfd, 0x0, 0x0, 0x0,
    0x9, 0xff, 0xfa, 0x8f, 0xff, 0x90, 0x0, 0x0,
    0x0, 0x5f, 0xff, 0xc8, 0xdd, 0xd6, 0x0, 0x0,
    0x0, 0x5, 0xff, 0xfc, 0x0, 0x0, 0x0, 0x0,
    0x0, 0x0, 0x9f, 0xff, 0xa0, 0x0, 0x0, 0x0,
    0x0, 0x0, 0x4f, 0xff, 0xf6, 0x0, 0x0, 0x0,
    0x0, 0x2, 0x9f, 0xff, 0xfe, 0x0, 0x0, 0x0,
    0x3, 0x8d, 0xff, 0xff, 0xff, 0x40, 0x0, 0x0,
    0x6d, 0xff, 0xff, 0xff, 0xfe, 0x40, 0x0, 0x2,
    0xdf, 0xff, 0xff, 0xff, 0xe8, 0x0, 0x0, 0x2,
    0xef, 0xff, 0xff, 0xea, 0x50, 0x0, 0x0, 0x0,
    0xcf, 0xff, 0xfa, 0x30, 0x0, 0x0, 0x0, 0x0,
    0x3f, 0xff, 0xf4, 0x0, 0x0, 0x0, 0x0, 0x0,
    0x7, 0xff, 0xfa, 0x0, 0x0, 0x0, 0x0, 0x0,
    0x0, 0x9f, 0xff, 0xda, 0xaa, 0xaa, 0xaa, 0xaa,
    0xaa, 0x6a, 0xff, 0xff, 0xff, 0xff, 0xff, 0xff,
    0xff, 0xf9, 0xaf, 0xff, 0xff, 0xff, 0xff, 0xff,
    0xff, 0xff, 0x9a, 0xff, 0xff, 0xff, 0xff, 0xff,
    0xff, 0xff, 0xf9,

    /* U+0033 "3" */
    0x5f, 0xff, 0xff, 0xff, 0xff, 0xff, 0xff, 0xff,
    0x80, 0x5f, 0xff, 0xff, 0xff, 0xff, 0xff, 0xff,
    0xff, 0x80, 0x5f, 0xff, 0xff, 0xff, 0xff, 0xff,
    0xff, 0xff, 0x80, 0x39, 0x99, 0x99, 0x99, 0x99,
    0x99, 0xff, 0xff, 0x80, 0x0, 0x0, 0x0, 0x0,
    0x0, 0x3b, 0xff, 0xff, 0x80, 0x0, 0x0, 0x0,
    0x0, 0x4b, 0xff, 0xff, 0xfb, 0x30, 0x0, 0x0,
    0x0, 0x4c, 0xff, 0xff, 0xfb, 0x30, 0x0, 0x0,
    0x0, 0x1c, 0xff, 0xff, 0xfb, 0x30, 0x0, 0x0,
    0x0, 0x0, 0x3f, 0xff, 0xfe, 0x30, 0x0, 0x0,
    0x0, 0x0, 0x0, 0x3f, 0xff, 0xff, 0xff, 0xd8,
    0x10, 0x0, 0x0, 0x0, 0x3f, 0xff, 0xff, 0xff,
    0xff, 0xf5, 0x0, 0x0, 0x0, 0x3e, 0xee, 0xee,
    0xff, 0xff, 0xff, 0x40, 0x0, 0x0, 0x0, 0x0,
    0x0, 0x5, 0xef, 0xff, 0xc0, 0x0, 0x0, 0x0,
    0x0, 0x0, 0x0, 0x3f, 0xff, 0xf1, 0xcd, 0xdd,
    0x20, 0x0, 0x0, 0x0, 0xf, 0xff, 0xf2, 0xdf,
    0xff, 0x40, 0x0, 0x0, 0x0, 0xf, 0xff, 0xf2,
    0xbf, 0xff, 0xb0, 0x0, 0x0, 0x0, 0x4f, 0xff,
    0xf0, 0x6f, 0xff, 0xf9, 0x0, 0x0, 0x4, 0xef,
    0xff, 0xb0, 0xd, 0xff, 0xff, 0xfb, 0x9a, 0xdf,
    0xff, 0xff, 0x30, 0x2, 0xef, 0xff, 0xff, 0xff,
    0xff, 0xff, 0xf7, 0x0, 0x0, 0x2b, 0xff, 0xff,
    0xff, 0xff, 0xfe, 0x50, 0x0, 0x0, 0x0, 0x39,
    0xce, 0xff, 0xdb, 0x60, 0x0, 0x0,

    /* U+0034 "4" */
    0x0, 0x0, 0x0, 0x0, 0xbf, 0xff, 0xff, 0xff,
    0x0, 0x0, 0x0, 0x0, 0x0, 0x5, 0xff, 0xff,
    0xff, 0xff, 0x0, 0x0, 0x0, 0x0, 0x0, 0xe,
    0xff, 0xfb, 0xff, 0xff, 0x0, 0x0, 0x0, 0x0,
    0x0, 0x8f, 0xff, 0xb2, 0xff, 0xff, 0x0, 0x0,
    0x0, 0x0, 0x2, 0xff, 0xff, 0x22, 0xff, 0xff,
    0x0, 0x0, 0x0, 0x0, 0xb, 0xff, 0xf8, 0x2,
    0xff, 0xff, 0x0, 0x0, 0x0, 0x0, 0x5f, 0xff,
    0xe0, 0x2, 0xff, 0xff, 0x0, 0x0, 0x0, 0x0,
    0xef, 0xff, 0x50, 0x2, 0xff, 0xff, 0x0, 0x0,
    0x0, 0x8, 0xff, 0xfb, 0x0, 0x2, 0xff, 0xff,
    0x0, 0x0, 0x0, 0x2f, 0xff, 0xf2, 0x0, 0x2,
    0xff, 0xff, 0x0, 0x0, 0x0, 0xbf, 0xff, 0x80,
    0x0, 0x2, 0xff, 0xff, 0x0, 0x0, 0x5, 0xff,
    0xfe, 0x0, 0x0, 0x2, 0xff, 0xff, 0x0, 0x0,
    0xe, 0xff, 0xf5, 0x0, 0x0, 0x2, 0xff, 0xff,
    0x0, 0x0, 0x2f, 0xff, 0xc0, 0x0, 0x0, 0x2,
    0xff, 0xff, 0x0, 0x0, 0x2f, 0xff, 0xff, 0xff,
    0xff, 0xff, 0xff, 0xff, 0xff, 0xfa, 0x2f, 0xff,
    0xff, 0xff, 0xff, 0xff, 0xff, 0xff, 0xff, 0xfa,
    0x2f, 0xff, 0xff, 0xff, 0xff, 0xff, 0xff, 0xff,
    0xff, 0xfa, 0x19, 0x99, 0x99, 0x99, 0x99, 0x9a,
    0xff, 0xff, 0x99, 0x95, 0x0, 0x0, 0x0, 0x0,
    0x0, 0x2, 0xff, 0xff, 0x0, 0x0, 0x0, 0x0,
    0x0, 0x0, 0x0, 0x2, 0xff, 0xff, 0x0, 0x0,
    0x0, 0x0, 0x0, 0x0, 0x0, 0x2, 0xff, 0xff,
    0x0, 0x0, 0x0, 0x0, 0x0, 0x0, 0x0, 0x2,
    0xff, 0xff, 0x0, 0x0,

    /* U+0035 "5" */
    0x1f, 0xff, 0xff, 0xff, 0xff, 0xff, 0xff, 0xff,
    0x30, 0x1f, 0xff, 0xff, 0xff, 0xff, 0xff, 0xff,
    0xff, 0x30, 0x1f, 0xff, 0xff, 0xff, 0xff, 0xff,
    0xff, 0xff, 0x30, 0x1f, 0xff, 0xfa, 0xaa, 0xaa,
    0xaa, 0xaa, 0xaa, 0x20, 0x1f, 0xff, 0xf0, 0x0,
    0x0, 0x0, 0x0, 0x0, 0x0, 0x1f, 0xff, 0xf0,
    0x0, 0x0, 0x0, 0x0, 0x0, 0x0, 0x1f, 0xff,
    0xf0, 0x0, 0x0, 0x0, 0x0, 0x0, 0x0, 0x1f,
    0xff, 0xf0, 0x29, 0xef, 0xfd, 0x93, 0x0, 0x0,
    0x1f, 0xff, 0xf6, 0xff, 0xff, 0xff, 0xff, 0x90,
    0x0, 0x1f, 0xff, 0xff, 0xff, 0xff, 0xff, 0xff,
    0xf9, 0x0, 0x1f, 0xff, 0xff, 0xf9, 0x55, 0x9f,
    0xff, 0xff, 0x40, 0x1f, 0xff, 0xff, 0x40, 0x0,
    0x2, 0xef, 0xff, 0xb0, 0x0, 0x0, 0x0, 0x0,
    0x0, 0x0, 0x5f, 0xff, 0xf0, 0x0, 0x0, 0x0,
    0x0, 0x0, 0x0, 0xf, 0xff, 0xf1, 0x79, 0x99,
    0x30, 0x0, 0x0, 0x0, 0xf, 0xff, 0xf1, 0xbf,
    0xff, 0x70, 0x0, 0x0, 0x0, 0x1f, 0xff, 0xf0,
    0x9f, 0xff, 0xd0, 0x0, 0x0, 0x0, 0x8f, 0xff,
    0xe0, 0x4f, 0xff, 0xfa, 0x0, 0x0, 0x6, 0xff,
    0xff, 0x80, 0xc, 0xff, 0xff, 0xea, 0x9a, 0xdf,
    0xff, 0xff, 0x10, 0x1, 0xef, 0xff, 0xff, 0xff,
    0xff, 0xff, 0xf5, 0x0, 0x0, 0x1b, 0xff, 0xff,
    0xff, 0xff, 0xfe, 0x40, 0x0, 0x0, 0x0, 0x39,
    0xcf, 0xff, 0xda, 0x50, 0x0, 0x0,

    /* U+0036 "6" */
    0x0, 0x0, 0x16, 0xbe, 0xff, 0xed, 0x94, 0x0,
    0x0, 0x0, 0x7, 0xff, 0xff, 0xff, 0xff, 0xff,
    0xc2, 0x0, 0x0, 0x9f, 0xff, 0xff, 0xff, 0xff,
    0xff, 0xff, 0x20, 0x5, 0xff, 0xff, 0xfc, 0x99,
    0xae, 0xff, 0xff, 0xc0, 0xd, 0xff, 0xfc, 0x20,
    0x0, 0x0, 0x8f, 0xff, 0xf2, 0x2f, 0xff, 0xf1,
    0x0, 0x0, 0x0, 0xe, 0xff, 0xf5, 0x5f, 0xff,
    0xb0, 0x0, 0x0, 0x0, 0x0, 0x0, 0x0, 0x6f,
    0xff, 0xb0, 0x3a, 0xef, 0xfe, 0xa4, 0x0, 0x0,
    0x6f, 0xff, 0xc7, 0xff, 0xff, 0xff, 0xff, 0xb1,
    0x0, 0x6f, 0xff, 0xff, 0xff, 0xff, 0xff, 0xff,
    0xfd, 0x0, 0x6f, 0xff, 0xff, 0xd6, 0x33, 0x6c,
    0xff, 0xff, 0x90, 0x6f, 0xff, 0xfa, 0x0, 0x0,
    0x0, 0x9f, 0xff, 0xf1, 0x6f, 0xff, 0xf1, 0x0,
    0x0, 0x0, 0xe, 0xff, 0xf5, 0x6f, 0xff, 0xc0,
    0x0, 0x0, 0x0, 0xa, 0xff, 0xf7, 0x6f, 0xff,
    0xb0, 0x0, 0x0, 0x0, 0x9, 0xff, 0xf7, 0x6f,
    0xff, 0xd0, 0x0, 0x0, 0x0, 0xb, 0xff, 0xf6,
    0x3f, 0xff, 0xf3, 0x0, 0x0, 0x0, 0x2f, 0xff,
    0xf4, 0xe, 0xff, 0xfe, 0x30, 0x0, 0x2, 0xdf,
    0xff, 0xe0, 0x6, 0xff, 0xff, 0xfc, 0x99, 0xcf,
    0xff, 0xff, 0x50, 0x0, 0xaf, 0xff, 0xff, 0xff,
    0xff, 0xff, 0xf9, 0x0, 0x0, 0x7, 0xff, 0xff,
    0xff, 0xff, 0xff, 0x60, 0x0, 0x0, 0x0, 0x17,
    0xbe, 0xff, 0xeb, 0x71, 0x0, 0x0,

    /* U+0037 "7" */
    0x2f, 0xff, 0xff, 0xff, 0xff, 0xff, 0xff, 0xff,
    0xf2, 0xff, 0xff, 0xff, 0xff, 0xff, 0xff, 0xff,
    0xff, 0x2f, 0xff, 0xff, 0xff, 0xff, 0xff, 0xff,
    0xff, 0xf1, 0x99, 0x99, 0x99, 0x99, 0x99, 0x9b,
    0xff, 0xff, 0x0, 0x0, 0x0, 0x0, 0x0, 0x0,
    0x8f, 0xff, 0xf0, 0x0, 0x0, 0x0, 0x0, 0x0,
    0x1f, 0xff, 0xf8, 0x0, 0x0, 0x0, 0x0, 0x0,
    0xa, 0xff, 0xfe, 0x0, 0x0, 0x0, 0x0, 0x0,
    0x3, 0xff, 0xff, 0x60, 0x0, 0x0, 0x0, 0x0,
    0x0, 0xcf, 0xff, 0xd0, 0x0, 0x0, 0x0, 0x0,
    0x0, 0x6f, 0xff, 0xf4, 0x0, 0x0, 0x0, 0x0,
    0x0, 0xe, 0xff, 0xfb, 0x0, 0x0, 0x0, 0x0,
    0x0, 0x8, 0xff, 0xff, 0x20, 0x0, 0x0, 0x0,
    0x0, 0x2, 0xff, 0xff, 0x80, 0x0, 0x0, 0x0,
    0x0, 0x0, 0xbf, 0xff, 0xe1, 0x0, 0x0, 0x0,
    0x0, 0x0, 0x4f, 0xff, 0xf6, 0x0, 0x0, 0x0,
    0x0, 0x0, 0xd, 0xff, 0xfd, 0x0, 0x0, 0x0,
    0x0, 0x0, 0x6, 0xff, 0xff, 0x40, 0x0, 0x0,
    0x0, 0x0, 0x0, 0xef, 0xff, 0xb0, 0x0, 0x0,
    0x0, 0x0, 0x0, 0x6f, 0xff, 0xf2, 0x0, 0x0,
    0x0, 0x0, 0x0, 0xb, 0xff, 0xfa, 0x0, 0x0,
    0x0, 0x0, 0x0, 0x0, 0xcf, 0xff, 0x50, 0x0,
    0x0, 0x0, 0x0, 0x0, 0xd, 0xff, 0xf4, 0x0,
    0x0, 0x0, 0x0,

    /* U+0038 "8" */
    0x0, 0x0, 0x16, 0xbd, 0xff, 0xfe, 0xb7, 0x20,
    0x0, 0x0, 0x0, 0x7f, 0xff, 0xff, 0xff, 0xff,
    0xff, 0xa0, 0x0, 0x0, 0xaf, 0xff, 0xff, 0xff,
    0xff, 0xff, 0xff, 0xd0, 0x0, 0x5f, 0xff, 0xff,
    0xda, 0x99, 0xcf, 0xff, 0xff, 0x90, 0xb, 0xff,
    0xfd, 0x30, 0x0, 0x0, 0x1b, 0xff, 0xfe, 0x0,
    0xcf, 0xff, 0x60, 0x0, 0x0, 0x0, 0x2f, 0xff,
    0xf0, 0xb, 0xff, 0xf6, 0x0, 0x0, 0x0, 0x2,
    0xff, 0xfe, 0x0, 0x6f, 0xff, 0xd2, 0x0, 0x0,
    0x1, 0xbf, 0xff, 0x90, 0x0, 0xbf, 0xff, 0xfc,
    0xa9, 0x9c, 0xff, 0xff, 0xd1, 0x0, 0x0, 0x7e,
    0xff, 0xff, 0xff, 0xff, 0xff, 0x81, 0x0, 0x0,
    0x3, 0xdf, 0xff, 0xff, 0xff, 0xff, 0xe5, 0x0,
    0x0, 0x8, 0xff, 0xff, 0xff, 0xff, 0xff, 0xff,
    0xfb, 0x0, 0x6, 0xff, 0xff, 0xa4, 0x10, 0x3,
    0x8f, 0xff, 0xf9, 0x0, 0xdf, 0xff, 0x80, 0x0,
    0x0, 0x0, 0x5f, 0xff, 0xf1, 0xf, 0xff, 0xf1,
    0x0, 0x0, 0x0, 0x0, 0xdf, 0xff, 0x31, 0xff,
    0xff, 0x0, 0x0, 0x0, 0x0, 0xd, 0xff, 0xf4,
    0xf, 0xff, 0xf4, 0x0, 0x0, 0x0, 0x1, 0xff,
    0xff, 0x30, 0xdf, 0xff, 0xe4, 0x0, 0x0, 0x2,
    0xcf, 0xff, 0xf0, 0x5, 0xff, 0xff, 0xfd, 0xa9,
    0x9c, 0xff, 0xff, 0xf8, 0x0, 0x9, 0xff, 0xff,
    0xff, 0xff, 0xff, 0xff, 0xfb, 0x0, 0x0, 0x6,
    0xef, 0xff, 0xff, 0xff, 0xff, 0xf8, 0x0, 0x0,
    0x0, 0x0, 0x6a, 0xdf, 0xff, 0xeb, 0x71, 0x0,
    0x0,

    /* U+0039 "9" */
    0x0, 0x0, 0x28, 0xce, 0xff, 0xdb, 0x60, 0x0,
    0x0, 0x0, 0x1a, 0xff, 0xff, 0xff, 0xff, 0xfe,
    0x50, 0x0, 0x1, 0xdf, 0xff, 0xff, 0xff, 0xff,
    0xff, 0xf6, 0x0, 0xc, 0xff, 0xff, 0xfb, 0x9a,
    0xdf, 0xff, 0xff, 0x30, 0x4f, 0xff, 0xf9, 0x0,
    0x0, 0x4, 0xef, 0xff, 0xb0, 0x9f, 0xff, 0xc0,
    0x0, 0x0, 0x0, 0x4f, 0xff, 0xf0, 0xbf, 0xff,
    0x60, 0x0, 0x0, 0x0, 0xf, 0xff, 0xf2, 0xbf,
    0xff, 0x60, 0x0, 0x0, 0x0, 0xf, 0xff, 0xf2,
    0xaf, 0xff, 0x90, 0x0, 0x0, 0x0, 0x2f, 0xff,
    0xf2, 0x6f, 0xff, 0xf4, 0x0, 0x0, 0x0, 0xbf,
    0xff, 0xf2, 0xe, 0xff, 0xff, 0x95, 0x34, 0x7d,
    0xff, 0xff, 0xf2, 0x4, 0xff, 0xff, 0xff, 0xff,
    0xff, 0xff, 0xff, 0xf2, 0x0, 0x4e, 0xff, 0xff,
    0xff, 0xff, 0x5f, 0xff, 0xf2, 0x0, 0x0, 0x6b,
    0xef, 0xfd, 0x91, 0xe, 0xff, 0xf2, 0x0, 0x0,
    0x0, 0x0, 0x0, 0x0, 0xe, 0xff, 0xf2, 0x6b,
    0xbb, 0x60, 0x0, 0x0, 0x0, 0xf, 0xff, 0xf1,
    0x7f, 0xff, 0xd0, 0x0, 0x0, 0x0, 0x6f, 0xff,
    0xe0, 0x4f, 0xff, 0xf8, 0x0, 0x0, 0x5, 0xff,
    0xff, 0x90, 0xc, 0xff, 0xff, 0xea, 0x9a, 0xdf,
    0xff, 0xff, 0x20, 0x2, 0xef, 0xff, 0xff, 0xff,
    0xff, 0xff, 0xf5, 0x0, 0x0, 0x2c, 0xff, 0xff,
    0xff, 0xff, 0xfe, 0x40, 0x0, 0x0, 0x0, 0x49,
    0xdf, 0xff, 0xda, 0x50, 0x0, 0x0,

    /* U+003A ":" */
    0x2, 0xbf, 0xe7, 0x0, 0xdf, 0xff, 0xf6, 0x3f,
    0xff, 0xff, 0xc3, 0xff, 0xff, 0xfc, 0xd, 0xff,
    0xff, 0x60, 0x1a, 0xed, 0x70, 0x0, 0x0, 0x0,
    0x0, 0x0, 0x0, 0x0, 0x0, 0x0, 0x0, 0x0,
    0x0, 0x0, 0x0, 0x1, 0xbf, 0xe7, 0x0, 0xdf,
    0xff, 0xf6, 0x3f, 0xff, 0xff, 0xc3, 0xff, 0xff,
    0xfc, 0xd, 0xff, 0xff, 0x60, 0x2b, 0xfe, 0x70,

    /* U+003B ";" */
    0x2, 0xbf, 0xe7, 0x0, 0xdf, 0xff, 0xf6, 0x3f,
    0xff, 0xff, 0xc3, 0xff, 0xff, 0xfc, 0xd, 0xff,
    0xff, 0x60, 0x1a, 0xed, 0x70, 0x0, 0x0, 0x0,
    0x0, 0x0, 0x0, 0x0, 0x0, 0x0, 0x0, 0x0,
    0x0, 0x0, 0x0, 0x0, 0x37, 0x61, 0x0, 0x8f,
    0xff, 0xe1, 0x1f, 0xff, 0xff, 0x92, 0xff, 0xff,
    0xfb, 0xe, 0xff, 0xff, 0xc0, 0x2c, 0xff, 0xfc,
    0x0, 0x0, 0xbf, 0xc0, 0x0, 0xb, 0xfb, 0x0,
    0x24, 0xff, 0xa0, 0x6f, 0xff, 0xf4, 0x6, 0xff,
    0xd5, 0x0,

    /* U+003C "<" */
    0x0, 0x0, 0x0, 0x0, 0x0, 0x2, 0x88, 0x0,
    0x0, 0x0, 0x0, 0x28, 0xdf, 0xfa, 0x0, 0x0,
    0x3, 0x8d, 0xff, 0xff, 0xfa, 0x0, 0x38, 0xdf,
    0xff, 0xff, 0xff, 0xf9, 0x7d, 0xff, 0xff, 0xff,
    0xff, 0xd8, 0x30, 0xcf, 0xff, 0xff, 0xfb, 0x61,
    0x0, 0x0, 0xcf, 0xff, 0xa5, 0x0, 0x0, 0x0,
    0x0, 0xcf, 0xff, 0x94, 0x0, 0x0, 0x0, 0x0,
    0xcf, 0xff, 0xff, 0xfa, 0x61, 0x0, 0x0, 0x7e,
    0xff, 0xff, 0xff, 0xff, 0xc7, 0x20, 0x0, 0x39,
    0xef, 0xff, 0xff, 0xff, 0xf9, 0x0, 0x0, 0x3,
    0x8e, 0xff, 0xff, 0xfa, 0x0, 0x0, 0x0, 0x0,
    0x38, 0xef, 0xfa, 0x0, 0x0, 0x0, 0x0, 0x0,
    0x3, 0x88,

    /* U+003D "=" */
    0xcf, 0xff, 0xff, 0xff, 0xff, 0xff, 0xf9, 0xcf,
    0xff, 0xff, 0xff, 0xff, 0xff, 0xf9, 0xcf, 0xff,
    0xff, 0xff, 0xff, 0xff, 0xf9, 0x79, 0x99, 0x99,
    0x99, 0x99, 0x99, 0x95, 0x0, 0x0, 0x0, 0x0,
    0x0, 0x0, 0x0, 0x79, 0x99, 0x99, 0x99, 0x99,
    0x99, 0x95, 0xcf, 0xff, 0xff, 0xff, 0xff, 0xff,
    0xf9, 0xcf, 0xff, 0xff, 0xff, 0xff, 0xff, 0xf9,
    0xcf, 0xff, 0xff, 0xff, 0xff, 0xff, 0xf9,

    /* U+003E ">" */
    0x97, 0x20, 0x0, 0x0, 0x0, 0x0, 0x0, 0xcf,
    0xfc, 0x72, 0x0, 0x0, 0x0, 0x0, 0xcf, 0xff,
    0xff, 0xc7, 0x20, 0x0, 0x0, 0xcf, 0xff, 0xff,
    0xff, 0xfc, 0x72, 0x0, 0x4, 0x9d, 0xff, 0xff,
    0xff, 0xff, 0xd5, 0x0, 0x0, 0x27, 0xcf, 0xff,
    0xff, 0xfa, 0x0, 0x0, 0x0, 0x1, 0x5b, 0xff,
    0xfa, 0x0, 0x0, 0x0, 0x0, 0x5b, 0xff, 0xfa,
    0x0, 0x0, 0x26, 0xbf, 0xff, 0xff, 0xfa, 0x3,
    0x8d, 0xff, 0xff, 0xff, 0xff, 0xd5, 0xcf, 0xff,
    0xff, 0xff, 0xfd, 0x82, 0x0, 0xcf, 0xff, 0xff,
    0xd8, 0x20, 0x0, 0x0, 0xcf, 0xfd, 0x82, 0x0,
    0x0, 0x0, 0x0, 0xa7, 0x20, 0x0, 0x0, 0x0,
    0x0, 0x0,

    /* U+003F "?" */
    0x0, 0x0, 0x5a, 0xdf, 0xfe, 0xc8, 0x20, 0x0,
    0x0, 0x3, 0xdf, 0xff, 0xff, 0xff, 0xff, 0x90,
    0x0, 0x4, 0xff, 0xff, 0xff, 0xff, 0xff, 0xff,
    0xb0, 0x1, 0xff, 0xff, 0xfc, 0x98, 0xae, 0xff,
    0xff, 0x70, 0x8f, 0xff, 0xf4, 0x0, 0x0, 0xb,
    0xff, 0xfe, 0xc, 0xff, 0xf7, 0x0, 0x0, 0x0,
    0x2f, 0xff, 0xf1, 0xef, 0xff, 0x40, 0x0, 0x0,
    0x0, 0xff, 0xff, 0x25, 0x55, 0x51, 0x0, 0x0,
    0x0, 0x5f, 0xff, 0xf0, 0x0, 0x0, 0x0, 0x0,
    0x0, 0x6f, 0xff, 0xfb, 0x0, 0x0, 0x0, 0x0,
    0x5, 0xcf, 0xff, 0xff, 0x20, 0x0, 0x0, 0x0,
    0x1c, 0xff, 0xff, 0xfe, 0x30, 0x0, 0x0, 0x0,
    0xc, 0xff, 0xff, 0xf9, 0x10, 0x0, 0x0, 0x0,
    0x2, 0xff, 0xff, 0x91, 0x0, 0x0, 0x0, 0x0,
    0x0, 0x4f, 0xff, 0xf0, 0x0, 0x0, 0x0, 0x0,
    0x0, 0x2, 0x77, 0x76, 0x0, 0x0, 0x0, 0x0,
    0x0, 0x0, 0x0, 0x0, 0x0, 0x0, 0x0, 0x0,
    0x0, 0x0, 0x0, 0xae, 0xe8, 0x0, 0x0, 0x0,
    0x0, 0x0, 0x0, 0xbf, 0xff, 0xf8, 0x0, 0x0,
    0x0, 0x0, 0x0, 0xf, 0xff, 0xff, 0xe0, 0x0,
    0x0, 0x0, 0x0, 0x0, 0xff, 0xff, 0xfe, 0x0,
    0x0, 0x0, 0x0, 0x0, 0xb, 0xff, 0xff, 0x90,
    0x0, 0x0, 0x0, 0x0, 0x0, 0x1a, 0xfe, 0x90,
    0x0, 0x0, 0x0,

    /* U+0040 "@" */
    0x0, 0x0, 0x0, 0x0, 0x16, 0xac, 0xef, 0xff,
    0xfd, 0xa6, 0x10, 0x0, 0x0, 0x0, 0x0, 0x0,
    0x0, 0x3, 0xaf, 0xff, 0xff, 0xff, 0xff, 0xff,
    0xff, 0xb2, 0x0, 0x0, 0x0, 0x0, 0x0, 0x9,
    0xff, 0xff, 0xff, 0xff, 0xff, 0xff, 0xff, 0xff,
    0xf8, 0x0, 0x0, 0x0, 0x0, 0x1c, 0xff, 0xff,
    0xff, 0xdb, 0x99, 0x9a, 0xcf, 0xff, 0xff, 0xfb,
    0x0, 0x0, 0x0, 0xc, 0xff, 0xff, 0xe7, 0x20,
    0x0, 0x0, 0x0, 0x5, 0xdf, 0xff, 0xfa, 0x0,
    0x0, 0x9, 0xff, 0xff, 0xa0, 0x0, 0x0, 0x0,
    0x0, 0x0, 0x0, 0x8f, 0xff, 0xf6, 0x0, 0x3,
    0xff, 0xff, 0x80, 0x0, 0x5c, 0xff, 0xd8, 0x4,
    0xff, 0xf9, 0x7f, 0xff, 0xe1, 0x0, 0xbf, 0xff,
    0xb0, 0x0, 0xaf, 0xff, 0xff, 0xfb, 0x4f, 0xff,
    0x90, 0xcf, 0xff, 0x70, 0x1f, 0xff, 0xf2, 0x0,
    0x8f, 0xff, 0xff, 0xff, 0xff, 0xff, 0xf9, 0x4,
    0xff, 0xfd, 0x6, 0xff, 0xfb, 0x0, 0x2f, 0xff,
    0xfe, 0x76, 0xaf, 0xff, 0xff, 0x90, 0xe, 0xff,
    0xf1, 0x9f, 0xff, 0x70, 0x8, 0xff, 0xfd, 0x10,
    0x0, 0x5f, 0xff, 0xf9, 0x0, 0xbf, 0xff, 0x4c,
    0xff, 0xf3, 0x0, 0xcf, 0xff, 0x50, 0x0, 0x0,
    0xbf, 0xff, 0x90, 0x9, 0xff, 0xf6, 0xdf, 0xff,
    0x20, 0xf, 0xff, 0xf0, 0x0, 0x0, 0x6, 0xff,
    0xf9, 0x0, 0x8f, 0xff, 0x7e, 0xff, 0xf1, 0x0,
    0xff, 0xff, 0x0, 0x0, 0x0, 0x4f, 0xff, 0x90,
    0x8, 0xff, 0xf7, 0xef, 0xff, 0x10, 0xf, 0xff,
    0xe0, 0x0, 0x0, 0x4, 0xff, 0xf9, 0x0, 0x8f,
    0xff, 0x7d, 0xff, 0xf2, 0x0, 0xff, 0xff, 0x0,
    0x0, 0x0, 0x6f, 0xff, 0x90, 0x8, 0xff, 0xf7,
    0xcf, 0xff, 0x40, 0xc, 0xff, 0xf4, 0x0, 0x0,
    0xa, 0xff, 0xf9, 0x0, 0x9f, 0xff, 0x69, 0xff,
    0xf7, 0x0, 0x8f, 0xff, 0xc0, 0x0, 0x3, 0xff,
    0xff, 0xa0, 0xd, 0xff, 0xf3, 0x6f, 0xff, 0xc0,
    0x1, 0xff, 0xff, 0xc4, 0x37, 0xef, 0xff, 0xff,
    0x8c, 0xff, 0xff, 0x1, 0xff, 0xff, 0x30, 0x7,
    0xff, 0xff, 0xff, 0xff, 0xdf, 0xff, 0xff, 0xff,
    0xff, 0x80, 0xa, 0xff, 0xfc, 0x0, 0x8, 0xff,
    0xff, 0xff, 0xe1, 0xdf, 0xff, 0xff, 0xff, 0xc0,
    0x0, 0x2f, 0xff, 0xfa, 0x0, 0x4, 0xbe, 0xfe,
    0xa1, 0x2, 0xbf, 0xff, 0xfd, 0x70, 0x0, 0x0,
    0x8f, 0xff, 0xfb, 0x10, 0x0, 0x0, 0x0, 0x0,
    0x0, 0x0, 0x0, 0x0, 0x0, 0x0, 0x0, 0xbf,
    0xff, 0xff, 0x93, 0x0, 0x0, 0x0, 0x0, 0x0,
    0x0, 0x0, 0x0, 0x0, 0x0, 0x0, 0xbf, 0xff,
    0xff, 0xff, 0xca, 0x99, 0x99, 0x99, 0x96, 0x0,
    0x0, 0x0, 0x0, 0x0, 0x0, 0x7f, 0xff, 0xff,
    0xff, 0xff, 0xff, 0xff, 0xff, 0xb0, 0x0, 0x0,
    0x0, 0x0, 0x0, 0x0, 0x29, 0xff, 0xff, 0xff,
    0xff, 0xff, 0xff, 0xfb, 0x0, 0x0, 0x0, 0x0,
    0x0, 0x0, 0x0, 0x0, 0x59, 0xce, 0xff, 0xff,
    0xff, 0xff, 0xb0, 0x0, 0x0, 0x0,

    /* U+0041 "A" */
    0x0, 0x0, 0x0, 0xaf, 0xff, 0xff, 0xff, 0x0,
    0x0, 0x0, 0x0, 0x0, 0x0, 0xef, 0xff, 0xff,
    0xff, 0x30, 0x0, 0x0, 0x0, 0x0, 0x3, 0xff,
    0xfe, 0xcf, 0xff, 0x70, 0x0, 0x0, 0x0, 0x0,
    0x7, 0xff, 0xfa, 0x5f, 0xff, 0xc0, 0x0, 0x0,
    0x0, 0x0, 0xb, 0xff, 0xf6, 0x1f, 0xff, 0xf0,
    0x0, 0x0, 0x0, 0x0, 0xf, 0xff, 0xf1, 0xd,
    0xff, 0xf4, 0x0, 0x0, 0x0, 0x0, 0x4f, 0xff,
    0xd0, 0x9, 0xff, 0xf9, 0x0, 0x0, 0x0, 0x0,
    0x8f, 0xff, 0x90, 0x4, 0xff, 0xfd, 0x0, 0x0,
    0x0, 0x0, 0xcf, 0xff, 0x50, 0x0, 0xff, 0xff,
    0x10, 0x0, 0x0, 0x1, 0xff, 0xff, 0x10, 0x0,
    0xcf, 0xff, 0x50, 0x0, 0x0, 0x5, 0xff, 0xfd,
    0x0, 0x0, 0x8f, 0xff, 0xa0, 0x0, 0x0, 0x9,
    0xff, 0xf9, 0x0, 0x0, 0x4f, 0xff, 0xe0, 0x0,
    0x0, 0xe, 0xff, 0xf5, 0x0, 0x0, 0xf, 0xff,
    0xf2, 0x0, 0x0, 0x2f, 0xff, 0xfd, 0xdd, 0xdd,
    0xdf, 0xff, 0xf7, 0x0, 0x0, 0x6f, 0xff, 0xff,
    0xff, 0xff, 0xff, 0xff, 0xfb, 0x0, 0x0, 0xaf,
    0xff, 0xff, 0xff, 0xff, 0xff, 0xff, 0xff, 0x0,
    0x0, 0xff, 0xff, 0xff, 0xff, 0xff, 0xff, 0xff,
    0xff, 0x30, 0x3, 0xff, 0xff, 0x0, 0x0, 0x0,
    0x0, 0xbf, 0xff, 0x80, 0x7, 0xff, 0xfc, 0x0,
    0x0, 0x0, 0x0, 0x8f, 0xff, 0xc0, 0xc, 0xff,
    0xf8, 0x0, 0x0, 0x0, 0x0, 0x4f, 0xff, 0xf1,
    0xf, 0xff, 0xf4, 0x0, 0x0, 0x0, 0x0, 0xf,
    0xff, 0xf5, 0x4f, 0xff, 0xf0, 0x0, 0x0, 0x0,
    0x0, 0xc, 0xff, 0xf9,

    /* U+0042 "B" */
    0x8f, 0xff, 0xff, 0xff, 0xff, 0xff, 0xfe, 0xa5,
    0x0, 0x8, 0xff, 0xff, 0xff, 0xff, 0xff, 0xff,
    0xff, 0xfc, 0x10, 0x8f, 0xff, 0xff, 0xff, 0xff,
    0xff, 0xff, 0xff, 0xfd, 0x5, 0xaa, 0xdf, 0xff,
    0xda, 0xaa, 0xac, 0xff, 0xff, 0xf6, 0x0, 0x9,
    0xff, 0xfa, 0x0, 0x0, 0x3, 0xef, 0xff, 0xa0,
    0x0, 0x9f, 0xff, 0xa0, 0x0, 0x0, 0x8, 0xff,
    0xfc, 0x0, 0x9, 0xff, 0xfa, 0x0, 0x0, 0x0,
    0x7f, 0xff, 0xb0, 0x0, 0x9f, 0xff, 0xa0, 0x0,
    0x0, 0xa, 0xff, 0xf8, 0x0, 0x9, 0xff, 0xfa,
    0x0, 0x0, 0x18, 0xff, 0xff, 0x10, 0x0, 0x9f,
    0xff, 0xff, 0xff, 0xff, 0xff, 0xfe, 0x30, 0x0,
    0x9, 0xff, 0xff, 0xff, 0xff, 0xff, 0xf9, 0x0,
    0x0, 0x0, 0x9f, 0xff, 0xff, 0xff, 0xff, 0xff,
    0xe7, 0x0, 0x0, 0x9, 0xff, 0xfe, 0xcc, 0xcc,
    0xdf, 0xff, 0xfb, 0x0, 0x0, 0x9f, 0xff, 0xa0,
    0x0, 0x0, 0x4e, 0xff, 0xf6, 0x0, 0x9, 0xff,
    0xfa, 0x0, 0x0, 0x0, 0x7f, 0xff, 0xc0, 0x0,
    0x9f, 0xff, 0xa0, 0x0, 0x0, 0x5, 0xff, 0xfe,
    0x0, 0x9, 0xff, 0xfa, 0x0, 0x0, 0x0, 0x6f,
    0xff, 0xe0, 0x0, 0x9f, 0xff, 0xa0, 0x0, 0x0,
    0x2e, 0xff, 0xfc, 0x5a, 0xad, 0xff, 0xfd, 0xaa,
    0xaa, 0xbf, 0xff, 0xff, 0x78, 0xff, 0xff, 0xff,
    0xff, 0xff, 0xff, 0xff, 0xff, 0xd0, 0x8f, 0xff,
    0xff, 0xff, 0xff, 0xff, 0xff, 0xff, 0xc1, 0x8,
    0xff, 0xff, 0xff, 0xff, 0xff, 0xff, 0xeb, 0x50,
    0x0,

    /* U+0043 "C" */
    0x0, 0x0, 0x4, 0x9d, 0xff, 0xfd, 0xa5, 0x0,
    0x0, 0x0, 0x0, 0x3d, 0xff, 0xff, 0xff, 0xff,
    0xfe, 0x40, 0x0, 0x0, 0x4f, 0xff, 0xff, 0xff,
    0xff, 0xff, 0xff, 0x50, 0x0, 0x2f, 0xff, 0xff,
    0xfc, 0xbc, 0xff, 0xff, 0xff, 0x10, 0xa, 0xff,
    0xff, 0xa1, 0x0, 0x0, 0x7f, 0xff, 0xf9, 0x0,
    0xff, 0xff, 0xb0, 0x0, 0x0, 0x0, 0x8f, 0xff,
    0xe0, 0x3f, 0xff, 0xf2, 0x0, 0x0, 0x0, 0x1,
    0xff, 0xff, 0x25, 0xff, 0xfe, 0x0, 0x0, 0x0,
    0x0, 0xe, 0xff, 0xf3, 0x6f, 0xff, 0xd0, 0x0,
    0x0, 0x0, 0x0, 0x12, 0x22, 0x6, 0xff, 0xfd,
    0x0, 0x0, 0x0, 0x0, 0x0, 0x0, 0x0, 0x6f,
    0xff, 0xd0, 0x0, 0x0, 0x0, 0x0, 0x0, 0x0,
    0x6, 0xff, 0xfd, 0x0, 0x0, 0x0, 0x0, 0x0,
    0x0, 0x0, 0x6f, 0xff, 0xd0, 0x0, 0x0, 0x0,
    0x0, 0x0, 0x0, 0x6, 0xff, 0xfd, 0x0, 0x0,
    0x0, 0x0, 0x6, 0x77, 0x71, 0x5f, 0xff, 0xe0,
    0x0, 0x0, 0x0, 0x0, 0xef, 0xff, 0x33, 0xff,
    0xff, 0x20, 0x0, 0x0, 0x0, 0x1f, 0xff, 0xf2,
    0xf, 0xff, 0xfb, 0x0, 0x0, 0x0, 0x9, 0xff,
    0xff, 0x0, 0xaf, 0xff, 0xfa, 0x10, 0x0, 0x7,
    0xff, 0xff, 0x90, 0x2, 0xff, 0xff, 0xff, 0xcb,
    0xcf, 0xff, 0xff, 0xf2, 0x0, 0x4, 0xff, 0xff,
    0xff, 0xff, 0xff, 0xff, 0xf5, 0x0, 0x0, 0x3,
    0xdf, 0xff, 0xff, 0xff, 0xff, 0xe4, 0x0, 0x0,
    0x0, 0x0, 0x49, 0xdf, 0xff, 0xda, 0x60, 0x0,
    0x0,

    /* U+0044 "D" */
    0x8f, 0xff, 0xff, 0xff, 0xff, 0xfe, 0xb7, 0x10,
    0x0, 0x8, 0xff, 0xff, 0xff, 0xff, 0xff, 0xff,
    0xff, 0x90, 0x0, 0x8f, 0xff, 0xff, 0xff, 0xff,
    0xff, 0xff, 0xff, 0xb0, 0x5, 0xaa, 0xdf, 0xff,
    0xda, 0xaa, 0xdf, 0xff, 0xff, 0x90, 0x0, 0x9,
    0xff, 0xfa, 0x0, 0x0, 0x3d, 0xff, 0xff, 0x10,
    0x0, 0x9f, 0xff, 0xa0, 0x0, 0x0, 0x2f, 0xff,
    0xf7, 0x0, 0x9, 0xff, 0xfa, 0x0, 0x0, 0x0,
    0xaf, 0xff, 0xb0, 0x0, 0x9f, 0xff, 0xa0, 0x0,
    0x0, 0x6, 0xff, 0xfd, 0x0, 0x9, 0xff, 0xfa,
    0x0, 0x0, 0x0, 0x5f, 0xff, 0xe0, 0x0, 0x9f,
    0xff, 0xa0, 0x0, 0x0, 0x5, 0xff, 0xfe, 0x0,
    0x9, 0xff, 0xfa, 0x0, 0x0, 0x0, 0x5f, 0xff,
    0xe0, 0x0, 0x9f, 0xff, 0xa0, 0x0, 0x0, 0x5,
    0xff, 0xfe, 0x0, 0x9, 0xff, 0xfa, 0x0, 0x0,
    0x0, 0x5f, 0xff, 0xe0, 0x0, 0x9f, 0xff, 0xa0,
    0x0, 0x0, 0x5, 0xff, 0xfe, 0x0, 0x9, 0xff,
    0xfa, 0x0, 0x0, 0x0, 0x6f, 0xff, 0xd0, 0x0,
    0x9f, 0xff, 0xa0, 0x0, 0x0, 0xa, 0xff, 0xfb,
    0x0, 0x9, 0xff, 0xfa, 0x0, 0x0, 0x2, 0xff,
    0xff, 0x70, 0x0, 0x9f, 0xff, 0xa0, 0x0, 0x3,
    0xdf, 0xff, 0xf1, 0x5a, 0xad, 0xff, 0xfd, 0xaa,
    0xad, 0xff, 0xff, 0xf9, 0x8, 0xff, 0xff, 0xff,
    0xff, 0xff, 0xff, 0xff, 0xfb, 0x0, 0x8f, 0xff,
    0xff, 0xff, 0xff, 0xff, 0xff, 0xf9, 0x0, 0x8,
    0xff, 0xff, 0xff, 0xff, 0xff, 0xeb, 0x72, 0x0,
    0x0,

    /* U+0045 "E" */
    0xef, 0xff, 0xff, 0xff, 0xff, 0xff, 0xff, 0x8e,
    0xff, 0xff, 0xff, 0xff, 0xff, 0xff, 0xf8, 0xef,
    0xff, 0xff, 0xff, 0xff, 0xff, 0xff, 0x8e, 0xff,
    0xfd, 0xcc, 0xcc, 0xcc, 0xcc, 0xc6, 0xef, 0xff,
    0x50, 0x0, 0x0, 0x0, 0x0, 0xe, 0xff, 0xf5,
    0x0, 0x0, 0x0, 0x0, 0x0, 0xef, 0xff, 0x50,
    0x0, 0x0, 0x0, 0x0, 0xe, 0xff, 0xf5, 0x0,
    0x0, 0x0, 0x0, 0x0, 0xef, 0xff, 0x50, 0x0,
    0x0, 0x0, 0x0, 0xe, 0xff, 0xff, 0xff, 0xff,
    0xff, 0xff, 0x90, 0xef, 0xff, 0xff, 0xff, 0xff,
    0xff, 0xf9, 0xe, 0xff, 0xff, 0xff, 0xff, 0xff,
    0xff, 0x90, 0xef, 0xff, 0xdc, 0xcc, 0xcc, 0xcc,
    0xc7, 0xe, 0xff, 0xf5, 0x0, 0x0, 0x0, 0x0,
    0x0, 0xef, 0xff, 0x50, 0x0, 0x0, 0x0, 0x0,
    0xe, 0xff, 0xf5, 0x0, 0x0, 0x0, 0x0, 0x0,
    0xef, 0xff, 0x50, 0x0, 0x0, 0x0, 0x0, 0xe,
    0xff, 0xf5, 0x0, 0x0, 0x0, 0x0, 0x0, 0xef,
    0xff, 0xdc, 0xcc, 0xcc, 0xcc, 0xcc, 0x8e, 0xff,
    0xff, 0xff, 0xff, 0xff, 0xff, 0xfb, 0xef, 0xff,
    0xff, 0xff, 0xff, 0xff, 0xff, 0xbe, 0xff, 0xff,
    0xff, 0xff, 0xff, 0xff, 0xfb,

    /* U+0046 "F" */
    0xef, 0xff, 0xff, 0xff, 0xff, 0xff, 0xff, 0x3e,
    0xff, 0xff, 0xff, 0xff, 0xff, 0xff, 0xf3, 0xef,
    0xff, 0xff, 0xff, 0xff, 0xff, 0xff, 0x3e, 0xff,
    0xfd, 0xcc, 0xcc, 0xcc, 0xcc, 0xc2, 0xef, 0xff,
    0x50, 0x0, 0x0, 0x0, 0x0, 0xe, 0xff, 0xf5,
    0x0, 0x0, 0x0, 0x0, 0x0, 0xef, 0xff, 0x50,
    0x0, 0x0, 0x0, 0x0, 0xe, 0xff, 0xf5, 0x0,
    0x0, 0x0, 0x0, 0x0, 0xef, 0xff, 0x50, 0x0,
    0x0, 0x0, 0x0, 0xe, 0xff, 0xff, 0xff, 0xff,
    0xff, 0xff, 0x60, 0xef, 0xff, 0xff, 0xff, 0xff,
    0xff, 0xf6, 0xe, 0xff, 0xff, 0xff, 0xff, 0xff,
    0xff, 0x60, 0xef, 0xff, 0xdc, 0xcc, 0xcc, 0xcc,
    0xc5, 0xe, 0xff, 0xf5, 0x0, 0x0, 0x0, 0x0,
    0x0, 0xef, 0xff, 0x50, 0x0, 0x0, 0x0, 0x0,
    0xe, 0xff, 0xf5, 0x0, 0x0, 0x0, 0x0, 0x0,
    0xef, 0xff, 0x50, 0x0, 0x0, 0x0, 0x0, 0xe,
    0xff, 0xf5, 0x0, 0x0, 0x0, 0x0, 0x0, 0xef,
    0xff, 0x50, 0x0, 0x0, 0x0, 0x0, 0xe, 0xff,
    0xf5, 0x0, 0x0, 0x0, 0x0, 0x0, 0xef, 0xff,
    0x50, 0x0, 0x0, 0x0, 0x0, 0xe, 0xff, 0xf5,
    0x0, 0x0, 0x0, 0x0, 0x0,

    /* U+0047 "G" */
    0x0, 0x0, 0x4, 0x9d, 0xff, 0xfd, 0xa6, 0x0,
    0x0, 0x0, 0x0, 0x3d, 0xff, 0xff, 0xff, 0xff,
    0xfe, 0x50, 0x0, 0x0, 0x4f, 0xff, 0xff, 0xff,
    0xff, 0xff, 0xff, 0x60, 0x0, 0x2f, 0xff, 0xff,
    0xfc, 0xbc, 0xff, 0xff, 0xff, 0x30, 0xa, 0xff,
    0xff, 0xa1, 0x0, 0x0, 0x6f, 0xff, 0xfb, 0x0,
    0xff, 0xff, 0xb0, 0x0, 0x0, 0x0, 0x7f, 0xff,
    0xf0, 0x3f, 0xff, 0xf2, 0x0, 0x0, 0x0, 0x0,
    0xff, 0xff, 0x35, 0xff, 0xfe, 0x0, 0x0, 0x0,
    0x0, 0x9, 0xaa, 0xa2, 0x6f, 0xff, 0xd0, 0x0,
    0x0, 0x0, 0x0, 0x0, 0x0, 0x6, 0xff, 0xfd,
    0x0, 0x0, 0x0, 0x0, 0x0, 0x0, 0x0, 0x6f,
    0xff, 0xd0, 0x0, 0x18, 0x88, 0x88, 0x88, 0x88,
    0x26, 0xff, 0xfd, 0x0, 0x3, 0xff, 0xff, 0xff,
    0xff, 0xf4, 0x6f, 0xff, 0xd0, 0x0, 0x3f, 0xff,
    0xff, 0xff, 0xff, 0x46, 0xff, 0xfd, 0x0, 0x3,
    0xff, 0xff, 0xff, 0xff, 0xf4, 0x5f, 0xff, 0xe0,
    0x0, 0x0, 0x0, 0x0, 0xef, 0xff, 0x43, 0xff,
    0xff, 0x20, 0x0, 0x0, 0x0, 0x1f, 0xff, 0xf4,
    0xf, 0xff, 0xfa, 0x0, 0x0, 0x0, 0x7, 0xff,
    0xff, 0x40, 0xaf, 0xff, 0xfa, 0x10, 0x0, 0x5,
    0xff, 0xff, 0xf4, 0x1, 0xff, 0xff, 0xff, 0xca,
    0xbe, 0xff, 0xff, 0xff, 0x40, 0x4, 0xff, 0xff,
    0xff, 0xff, 0xff, 0xed, 0xff, 0xf4, 0x0, 0x3,
    0xef, 0xff, 0xff, 0xff, 0xf3, 0xaf, 0xff, 0x40,
    0x0, 0x0, 0x6b, 0xef, 0xfe, 0xa2, 0xa, 0xff,
    0xf4,

    /* U+0048 "H" */
    0xef, 0xff, 0x50, 0x0, 0x0, 0x0, 0x5f, 0xff,
    0xee, 0xff, 0xf5, 0x0, 0x0, 0x0, 0x5, 0xff,
    0xfe, 0xef, 0xff, 0x50, 0x0, 0x0, 0x0, 0x5f,
    0xff, 0xee, 0xff, 0xf5, 0x0, 0x0, 0x0, 0x5,
    0xff, 0xfe, 0xef, 0xff, 0x50, 0x0, 0x0, 0x0,
    0x5f, 0xff, 0xee, 0xff, 0xf5, 0x0, 0x0, 0x0,
    0x5, 0xff, 0xfe, 0xef, 0xff, 0x50, 0x0, 0x0,
    0x0, 0x5f, 0xff, 0xee, 0xff, 0xf5, 0x0, 0x0,
    0x0, 0x5, 0xff, 0xfe, 0xef, 0xff, 0x50, 0x0,
    0x0, 0x0, 0x5f, 0xff, 0xee, 0xff, 0xff, 0xff,
    0xff, 0xff, 0xff, 0xff, 0xfe, 0xef, 0xff, 0xff,
    0xff, 0xff, 0xff, 0xff, 0xff, 0xee, 0xff, 0xff,
    0xff, 0xff, 0xff, 0xff, 0xff, 0xfe, 0xef, 0xff,
    0xdc, 0xcc, 0xcc, 0xcc, 0xdf, 0xff, 0xee, 0xff,
    0xf5, 0x0, 0x0, 0x0, 0x5, 0xff, 0xfe, 0xef,
    0xff, 0x50, 0x0, 0x0, 0x0, 0x5f, 0xff, 0xee,
    0xff, 0xf5, 0x0, 0x0, 0x0, 0x5, 0xff, 0xfe,
    0xef, 0xff, 0x50, 0x0, 0x0, 0x0, 0x5f, 0xff,
    0xee, 0xff, 0xf5, 0x0, 0x0, 0x0, 0x5, 0xff,
    0xfe, 0xef, 0xff, 0x50, 0x0, 0x0, 0x0, 0x5f,
    0xff, 0xee, 0xff, 0xf5, 0x0, 0x0, 0x0, 0x5,
    0xff, 0xfe, 0xef, 0xff, 0x50, 0x0, 0x0, 0x0,
    0x5f, 0xff, 0xee, 0xff, 0xf5, 0x0, 0x0, 0x0,
    0x5, 0xff, 0xfe,

    /* U+0049 "I" */
    0xef, 0xff, 0x5e, 0xff, 0xf5, 0xef, 0xff, 0x5e,
    0xff, 0xf5, 0xef, 0xff, 0x5e, 0xff, 0xf5, 0xef,
    0xff, 0x5e, 0xff, 0xf5, 0xef, 0xff, 0x5e, 0xff,
    0xf5, 0xef, 0xff, 0x5e, 0xff, 0xf5, 0xef, 0xff,
    0x5e, 0xff, 0xf5, 0xef, 0xff, 0x5e, 0xff, 0xf5,
    0xef, 0xff, 0x5e, 0xff, 0xf5, 0xef, 0xff, 0x5e,
    0xff, 0xf5, 0xef, 0xff, 0x5e, 0xff, 0xf5,

    /* U+004A "J" */
    0x0, 0x0, 0x0, 0x7f, 0xff, 0xff, 0xff, 0xff,
    0xf2, 0x0, 0x0, 0x0, 0x7f, 0xff, 0xff, 0xff,
    0xff, 0xf2, 0x0, 0x0, 0x0, 0x7f, 0xff, 0xff,
    0xff, 0xff, 0xf2, 0x0, 0x0, 0x0, 0x5c, 0xcc,
    0xef, 0xff, 0xec, 0xc2, 0x0, 0x0, 0x0, 0x0,
    0x0, 0x9f, 0xff, 0x90, 0x0, 0x0, 0x0, 0x0,
    0x0, 0x0, 0x9f, 0xff, 0x90, 0x0, 0x0, 0x0,
    0x0, 0x0, 0x0, 0x9f, 0xff, 0x90, 0x0, 0x0,
    0x0, 0x0, 0x0, 0x0, 0x9f, 0xff, 0x90, 0x0,
    0x0, 0x0, 0x0, 0x0, 0x0, 0x9f, 0xff, 0x90,
    0x0, 0x0, 0x0, 0x0, 0x0, 0x0, 0x9f, 0xff,
    0x90, 0x0, 0x0, 0x0, 0x0, 0x0, 0x0, 0x9f,
    0xff, 0x90, 0x0, 0x0, 0x0, 0x0, 0x0, 0x0,
    0x9f, 0xff, 0x90, 0x0, 0x0, 0x0, 0x0, 0x0,
    0x0, 0x9f, 0xff, 0x90, 0x0, 0xef, 0xff, 0x30,
    0x0, 0x0, 0x9f, 0xff, 0x90, 0x0, 0xff, 0xff,
    0x40, 0x0, 0x0, 0x9f, 0xff, 0x90, 0x0, 0xff,
    0xff, 0x40, 0x0, 0x0, 0xaf, 0xff, 0x90, 0x0,
    0xdf, 0xff, 0x80, 0x0, 0x0, 0xdf, 0xff, 0x80,
    0x0, 0xaf, 0xff, 0xf6, 0x0, 0x19, 0xff, 0xff,
    0x40, 0x0, 0x3f, 0xff, 0xff, 0xfe, 0xff, 0xff,
    0xfe, 0x0, 0x0, 0x9, 0xff, 0xff, 0xff, 0xff,
    0xff, 0xf5, 0x0, 0x0, 0x0, 0x8f, 0xff, 0xff,
    0xff, 0xff, 0x60, 0x0, 0x0, 0x0, 0x2, 0x8c,
    0xff, 0xfd, 0x82, 0x0, 0x0, 0x0,

    /* U+004B "K" */
    0xef, 0xff, 0x50, 0x0, 0x0, 0x4, 0xff, 0xff,
    0xf3, 0xef, 0xff, 0x50, 0x0, 0x0, 0x2e, 0xff,
    0xff, 0x40, 0xef, 0xff, 0x50, 0x0, 0x1, 0xdf,
    0xff, 0xf6, 0x0, 0xef, 0xff, 0x50, 0x0, 0xb,
    0xff, 0xff, 0x80, 0x0, 0xef, 0xff, 0x50, 0x0,
    0x9f, 0xff, 0xfa, 0x0, 0x0, 0xef, 0xff, 0x50,
    0x7, 0xff, 0xff, 0xc0, 0x0, 0x0, 0xef, 0xff,
    0x50, 0x4f, 0xff, 0xfd, 0x10, 0x0, 0x0, 0xef,
    0xff, 0x52, 0xff, 0xff, 0xe2, 0x0, 0x0, 0x0,
    0xef, 0xff, 0x9e, 0xff, 0xff, 0x30, 0x0, 0x0,
    0x0, 0xef, 0xff, 0xff, 0xff, 0xf5, 0x0, 0x0,
    0x0, 0x0, 0xef, 0xff, 0xff, 0xff, 0x80, 0x0,
    0x0, 0x0, 0x0, 0xef, 0xff, 0xff, 0xff, 0xd0,
    0x0, 0x0, 0x0, 0x0, 0xef, 0xff, 0xff, 0xff,
    0xfb, 0x0, 0x0, 0x0, 0x0, 0xef, 0xff, 0x5a,
    0xff, 0xff, 0x90, 0x0, 0x0, 0x0, 0xef, 0xff,
    0x50, 0xcf, 0xff, 0xf7, 0x0, 0x0, 0x0, 0xef,
    0xff, 0x50, 0x1e, 0xff, 0xff, 0x50, 0x0, 0x0,
    0xef, 0xff, 0x50, 0x3, 0xff, 0xff, 0xf3, 0x0,
    0x0, 0xef, 0xff, 0x50, 0x0, 0x6f, 0xff, 0xfe,
    0x20, 0x0, 0xef, 0xff, 0x50, 0x0, 0x8, 0xff,
    0xff, 0xd1, 0x0, 0xef, 0xff, 0x50, 0x0, 0x0,
    0xbf, 0xff, 0xfb, 0x0, 0xef, 0xff, 0x50, 0x0,
    0x0, 0x1d, 0xff, 0xff, 0x90, 0xef, 0xff, 0x50,
    0x0, 0x0, 0x2, 0xef, 0xff, 0xf7,

    /* U+004C "L" */
    0xef, 0xff, 0x50, 0x0, 0x0, 0x0, 0x0, 0xe,
    0xff, 0xf5, 0x0, 0x0, 0x0, 0x0, 0x0, 0xef,
    0xff, 0x50, 0x0, 0x0, 0x0, 0x0, 0xe, 0xff,
    0xf5, 0x0, 0x0, 0x0, 0x0, 0x0, 0xef, 0xff,
    0x50, 0x0, 0x0, 0x0, 0x0, 0xe, 0xff, 0xf5,
    0x0, 0x0, 0x0, 0x0, 0x0, 0xef, 0xff, 0x50,
    0x0, 0x0, 0x0, 0x0, 0xe, 0xff, 0xf5, 0x0,
    0x0, 0x0, 0x0, 0x0, 0xef, 0xff, 0x50, 0x0,
    0x0, 0x0, 0x0, 0xe, 0xff, 0xf5, 0x0, 0x0,
    0x0, 0x0, 0x0, 0xef, 0xff, 0x50, 0x0, 0x0,
    0x0, 0x0, 0xe, 0xff, 0xf5, 0x0, 0x0, 0x0,
    0x0, 0x0, 0xef, 0xff, 0x50, 0x0, 0x0, 0x0,
    0x0, 0xe, 0xff, 0xf5, 0x0, 0x0, 0x0, 0x0,
    0x0, 0xef, 0xff, 0x50, 0x0, 0x0, 0x0, 0x0,
    0xe, 0xff, 0xf5, 0x0, 0x0, 0x0, 0x0, 0x0,
    0xef, 0xff, 0x50, 0x0, 0x0, 0x0, 0x0, 0xe,
    0xff, 0xf5, 0x0, 0x0, 0x0, 0x0, 0x0, 0xef,
    0xff, 0xdc, 0xcc, 0xcc, 0xcc, 0xcc, 0x7e, 0xff,
    0xff, 0xff, 0xff, 0xff, 0xff, 0xf9, 0xef, 0xff,
    0xff, 0xff, 0xff, 0xff, 0xff, 0x9e, 0xff, 0xff,
    0xff, 0xff, 0xff, 0xff, 0xf9,

    /* U+004D "M" */
    0xef, 0xff, 0xff, 0xff, 0x0, 0x0, 0x0, 0x0,
    0xdf, 0xff, 0xff, 0xff, 0x1e, 0xff, 0xff, 0xff,
    0xf4, 0x0, 0x0, 0x0, 0xf, 0xff, 0xff, 0xff,
    0xf1, 0xef, 0xff, 0xff, 0xff, 0x70, 0x0, 0x0,
    0x3, 0xff, 0xff, 0xff, 0xff, 0x1e, 0xff, 0xf5,
    0xff, 0xfa, 0x0, 0x0, 0x0, 0x7f, 0xff, 0x5f,
    0xff, 0xf1, 0xef, 0xff, 0x3e, 0xff, 0xd0, 0x0,
    0x0, 0xa, 0xff, 0xf2, 0xff, 0xff, 0x1e, 0xff,
    0xf3, 0xbf, 0xff, 0x10, 0x0, 0x0, 0xdf, 0xff,
    0xf, 0xff, 0xf1, 0xef, 0xff, 0x38, 0xff, 0xf4,
    0x0, 0x0, 0xf, 0xff, 0xb0, 0xff, 0xff, 0x1e,
    0xff, 0xf3, 0x5f, 0xff, 0x70, 0x0, 0x3, 0xff,
    0xf8, 0xf, 0xff, 0xf1, 0xef, 0xff, 0x31, 0xff,
    0xfa, 0x0, 0x0, 0x7f, 0xff, 0x50, 0xff, 0xff,
    0x1e, 0xff, 0xf3, 0xe, 0xff, 0xd0, 0x0, 0xa,
    0xff, 0xf2, 0xf, 0xff, 0xf1, 0xef, 0xff, 0x30,
    0xbf, 0xff, 0x10, 0x0, 0xdf, 0xfe, 0x0, 0xff,
    0xff, 0x1e, 0xff, 0xf3, 0x8, 0xff, 0xf4, 0x0,
    0xf, 0xff, 0xb0, 0xf, 0xff, 0xf1, 0xef, 0xff,
    0x30, 0x4f, 0xff, 0x70, 0x4, 0xff, 0xf8, 0x0,
    0xff, 0xff, 0x1e, 0xff, 0xf3, 0x1, 0xff, 0xfa,
    0x0, 0x7f, 0xff, 0x50, 0xf, 0xff, 0xf1, 0xef,
    0xff, 0x30, 0xe, 0xff, 0xe0, 0xa, 0xff, 0xf1,
    0x0, 0xff, 0xff, 0x1e, 0xff, 0xf3, 0x0, 0xbf,
    0xff, 0x10, 0xdf, 0xfe, 0x0, 0xf, 0xff, 0xf1,
    0xef, 0xff, 0x30, 0x7, 0xff, 0xf4, 0xf, 0xff,
    0xb0, 0x0, 0xff, 0xff, 0x1e, 0xff, 0xf3, 0x0,
    0x4f, 0xff, 0x74, 0xff, 0xf8, 0x0, 0xf, 0xff,
    0xf1, 0xef, 0xff, 0x30, 0x1, 0xff, 0xfb, 0x7f,
    0xff, 0x40, 0x0, 0xff, 0xff, 0x1e, 0xff, 0xf3,
    0x0, 0xe, 0xff, 0xfe, 0xff, 0xf1, 0x0, 0xf,
    0xff, 0xf1, 0xef, 0xff, 0x30, 0x0, 0xaf, 0xff,
    0xff, 0xfe, 0x0, 0x0, 0xff, 0xff, 0x1e, 0xff,
    0xf3, 0x0, 0x7, 0xff, 0xff, 0xff, 0xb0, 0x0,
    0xf, 0xff, 0xf1,

    /* U+004E "N" */
    0xef, 0xff, 0xff, 0xff, 0x40, 0x0, 0xd, 0xff,
    0xf5, 0xef, 0xff, 0xff, 0xff, 0x70, 0x0, 0xd,
    0xff, 0xf5, 0xef, 0xff, 0xef, 0xff, 0xb0, 0x0,
    0xd, 0xff, 0xf5, 0xef, 0xff, 0x4f, 0xff, 0xf0,
    0x0, 0xd, 0xff, 0xf5, 0xef, 0xff, 0x4c, 0xff,
    0xf2, 0x0, 0xd, 0xff, 0xf5, 0xef, 0xff, 0x48,
    0xff, 0xf6, 0x0, 0xd, 0xff, 0xf5, 0xef, 0xff,
    0x44, 0xff, 0xfa, 0x0, 0xd, 0xff, 0xf5, 0xef,
    0xff, 0x41, 0xff, 0xfe, 0x0, 0xd, 0xff, 0xf5,
    0xef, 0xff, 0x40, 0xdf, 0xff, 0x10, 0xd, 0xff,
    0xf5, 0xef, 0xff, 0x40, 0x9f, 0xff, 0x50, 0xd,
    0xff, 0xf5, 0xef, 0xff, 0x40, 0x6f, 0xff, 0x90,
    0xd, 0xff, 0xf5, 0xef, 0xff, 0x40, 0x2f, 0xff,
    0xd0, 0xd, 0xff, 0xf5, 0xef, 0xff, 0x40, 0xe,
    0xff, 0xf0, 0xd, 0xff, 0xf5, 0xef, 0xff, 0x40,
    0xa, 0xff, 0xf4, 0xd, 0xff, 0xf5, 0xef, 0xff,
    0x40, 0x7, 0xff, 0xf8, 0xd, 0xff, 0xf5, 0xef,
    0xff, 0x40, 0x3, 0xff, 0xfb, 0xd, 0xff, 0xf5,
    0xef, 0xff, 0x40, 0x0, 0xff, 0xff, 0xd, 0xff,
    0xf5, 0xef, 0xff, 0x40, 0x0, 0xcf, 0xff, 0x3d,
    0xff, 0xf5, 0xef, 0xff, 0x40, 0x0, 0x8f, 0xff,
    0x7d, 0xff, 0xf5, 0xef, 0xff, 0x40, 0x0, 0x4f,
    0xff, 0xef, 0xff, 0xf5, 0xef, 0xff, 0x40, 0x0,
    0xf, 0xff, 0xff, 0xff, 0xf5, 0xef, 0xff, 0x40,
    0x0, 0xd, 0xff, 0xff, 0xff, 0xf5,

    /* U+004F "O" */
    0x0, 0x0, 0x4, 0x9c, 0xef, 0xfe, 0xb7, 0x10,
    0x0, 0x0, 0x0, 0x2, 0xcf, 0xff, 0xff, 0xff,
    0xff, 0xf9, 0x0, 0x0, 0x0, 0x4f, 0xff, 0xff,
    0xff, 0xff, 0xff, 0xff, 0xc0, 0x0, 0x1, 0xff,
    0xff, 0xff, 0xdb, 0xbe, 0xff, 0xff, 0xfa, 0x0,
    0x9, 0xff, 0xff, 0xb2, 0x0, 0x0, 0x4e, 0xff,
    0xff, 0x30, 0xf, 0xff, 0xfb, 0x0, 0x0, 0x0,
    0x2, 0xff, 0xff, 0x90, 0x3f, 0xff, 0xf2, 0x0,
    0x0, 0x0, 0x0, 0x8f, 0xff, 0xd0, 0x5f, 0xff,
    0xe0, 0x0, 0x0, 0x0, 0x0, 0x4f, 0xff, 0xf0,
    0x6f, 0xff, 0xd0, 0x0, 0x0, 0x0, 0x0, 0x3f,
    0xff, 0xf0, 0x6f, 0xff, 0xd0, 0x0, 0x0, 0x0,
    0x0, 0x3f, 0xff, 0xf0, 0x6f, 0xff, 0xd0, 0x0,
    0x0, 0x0, 0x0, 0x3f, 0xff, 0xf0, 0x6f, 0xff,
    0xd0, 0x0, 0x0, 0x0, 0x0, 0x3f, 0xff, 0xf0,
    0x6f, 0xff, 0xd0, 0x0, 0x0, 0x0, 0x0, 0x3f,
    0xff, 0xf0, 0x6f, 0xff, 0xd0, 0x0, 0x0, 0x0,
    0x0, 0x3f, 0xff, 0xf0, 0x5f, 0xff, 0xe0, 0x0,
    0x0, 0x0, 0x0, 0x4f, 0xff, 0xf0, 0x3f, 0xff,
    0xf2, 0x0, 0x0, 0x0, 0x0, 0x8f, 0xff, 0xd0,
    0xf, 0xff, 0xfb, 0x0, 0x0, 0x0, 0x2, 0xff,
    0xff, 0x90, 0x9, 0xff, 0xff, 0xb2, 0x0, 0x0,
    0x4e, 0xff, 0xff, 0x30, 0x1, 0xff, 0xff, 0xff,
    0xdb, 0xbe, 0xff, 0xff, 0xfa, 0x0, 0x0, 0x4f,
    0xff, 0xff, 0xff, 0xff, 0xff, 0xff, 0xc1, 0x0,
    0x0, 0x2, 0xcf, 0xff, 0xff, 0xff, 0xff, 0xf9,
    0x0, 0x0, 0x0, 0x0, 0x4, 0x9c, 0xef, 0xfe,
    0xb7, 0x10, 0x0, 0x0,

    /* U+0050 "P" */
    0xef, 0xff, 0xff, 0xff, 0xff, 0xeb, 0x60, 0x0,
    0xe, 0xff, 0xff, 0xff, 0xff, 0xff, 0xff, 0xd3,
    0x0, 0xef, 0xff, 0xff, 0xff, 0xff, 0xff, 0xff,
    0xf2, 0xe, 0xff, 0xfd, 0xcc, 0xcc, 0xdf, 0xff,
    0xff, 0xb0, 0xef, 0xff, 0x50, 0x0, 0x0, 0x1b,
    0xff, 0xff, 0x2e, 0xff, 0xf5, 0x0, 0x0, 0x0,
    0x1f, 0xff, 0xf6, 0xef, 0xff, 0x50, 0x0, 0x0,
    0x0, 0xcf, 0xff, 0x7e, 0xff, 0xf5, 0x0, 0x0,
    0x0, 0xc, 0xff, 0xf7, 0xef, 0xff, 0x50, 0x0,
    0x0, 0x1, 0xff, 0xff, 0x6e, 0xff, 0xf5, 0x0,
    0x0, 0x1, 0xbf, 0xff, 0xf2, 0xef, 0xff, 0xdc,
    0xcc, 0xcd, 0xff, 0xff, 0xfb, 0xe, 0xff, 0xff,
    0xff, 0xff, 0xff, 0xff, 0xfe, 0x10, 0xef, 0xff,
    0xff, 0xff, 0xff, 0xff, 0xfd, 0x20, 0xe, 0xff,
    0xff, 0xff, 0xff, 0xfe, 0xb6, 0x0, 0x0, 0xef,
    0xff, 0x50, 0x0, 0x0, 0x0, 0x0, 0x0, 0xe,
    0xff, 0xf5, 0x0, 0x0, 0x0, 0x0, 0x0, 0x0,
    0xef, 0xff, 0x50, 0x0, 0x0, 0x0, 0x0, 0x0,
    0xe, 0xff, 0xf5, 0x0, 0x0, 0x0, 0x0, 0x0,
    0x0, 0xef, 0xff, 0x50, 0x0, 0x0, 0x0, 0x0,
    0x0, 0xe, 0xff, 0xf5, 0x0, 0x0, 0x0, 0x0,
    0x0, 0x0, 0xef, 0xff, 0x50, 0x0, 0x0, 0x0,
    0x0, 0x0, 0xe, 0xff, 0xf5, 0x0, 0x0, 0x0,
    0x0, 0x0, 0x0,

    /* U+0051 "Q" */
    0x0, 0x0, 0x4, 0x9c, 0xef, 0xfe, 0xb7, 0x10,
    0x0, 0x0, 0x0, 0x2, 0xcf, 0xff, 0xff, 0xff,
    0xff, 0xf9, 0x0, 0x0, 0x0, 0x4f, 0xff, 0xff,
    0xff, 0xff, 0xff, 0xff, 0xc0, 0x0, 0x1, 0xff,
    0xff, 0xff, 0xdb, 0xbe, 0xff, 0xff, 0xfa, 0x0,
    0x9, 0xff, 0xff, 0xb2, 0x0, 0x0, 0x4e, 0xff,
    0xff, 0x30, 0xf, 0xff, 0xfb, 0x0, 0x0, 0x0,
    0x2, 0xff, 0xff, 0x90, 0x3f, 0xff, 0xf2, 0x0,
    0x0, 0x0, 0x0, 0x8f, 0xff, 0xd0, 0x5f, 0xff,
    0xe0, 0x0, 0x0, 0x0, 0x0, 0x4f, 0xff, 0xf0,
    0x6f, 0xff, 0xd0, 0x0, 0x0, 0x0, 0x0, 0x3f,
    0xff, 0xf0, 0x6f, 0xff, 0xd0, 0x0, 0x0, 0x0,
    0x0, 0x3f, 0xff, 0xf0, 0x6f, 0xff, 0xd0, 0x0,
    0x0, 0x0, 0x0, 0x3f, 0xff, 0xf0, 0x6f, 0xff,
    0xd0, 0x0, 0x0, 0x0, 0x0, 0x3f, 0xff, 0xf0,
    0x6f, 0xff, 0xd0, 0x0, 0x0, 0x0, 0x0, 0x3f,
    0xff, 0xf0, 0x6f, 0xff, 0xd0, 0x0, 0x0, 0x0,
    0x0, 0x3f, 0xff, 0xf0, 0x5f, 0xff, 0xe0, 0x0,
    0x0, 0x0, 0x0, 0x4f, 0xff, 0xf0, 0x3f, 0xff,
    0xf2, 0x0, 0x0, 0x0, 0x0, 0x8f, 0xff, 0xd0,
    0xf, 0xff, 0xfb, 0x0, 0x0, 0x0, 0x2, 0xff,
    0xff, 0x90, 0x9, 0xff, 0xff, 0xb2, 0x0, 0x0,
    0x4e, 0xff, 0xff, 0x30, 0x1, 0xff, 0xff, 0xff,
    0xdb, 0xbe, 0xff, 0xff, 0xfa, 0x0, 0x0, 0x4f,
    0xff, 0xff, 0xff, 0xff, 0xff, 0xff, 0xc1, 0x0,
    0x0, 0x2, 0xcf, 0xff, 0xff, 0xff, 0xff, 0xf9,
    0x0, 0x0, 0x0, 0x0, 0x4, 0x9d, 0xff, 0xff,
    0xb7, 0x10, 0x0, 0x0, 0x0, 0x0, 0x0, 0x3,
    0xff, 0xfd, 0x0, 0x0, 0x0, 0x0, 0x0, 0x0,
    0x0, 0x3, 0xff, 0xff, 0x10, 0x0, 0x0, 0x0,
    0x0, 0x0, 0x0, 0x2, 0xff, 0xff, 0xff, 0xa0,
    0x0, 0x0, 0x0, 0x0, 0x0, 0x0, 0xcf, 0xff,
    0xff, 0xa0, 0x0, 0x0, 0x0, 0x0, 0x0, 0x0,
    0x1c, 0xff, 0xff, 0xa0, 0x0, 0x0, 0x0, 0x0,
    0x0, 0x0, 0x0, 0x13, 0x33, 0x20, 0x0, 0x0,

    /* U+0052 "R" */
    0xef, 0xff, 0xff, 0xff, 0xff, 0xfd, 0xa4, 0x0,
    0xe, 0xff, 0xff, 0xff, 0xff, 0xff, 0xff, 0xfb,
    0x0, 0xef, 0xff, 0xff, 0xff, 0xff, 0xff, 0xff,
    0xfb, 0xe, 0xff, 0xfd, 0xcc, 0xcc, 0xce, 0xff,
    0xff, 0xf5, 0xef, 0xff, 0x50, 0x0, 0x0, 0x6,
    0xff, 0xff, 0xae, 0xff, 0xf5, 0x0, 0x0, 0x0,
    0xa, 0xff, 0xfc, 0xef, 0xff, 0x50, 0x0, 0x0,
    0x0, 0x6f, 0xff, 0xce, 0xff, 0xf5, 0x0, 0x0,
    0x0, 0x7, 0xff, 0xfb, 0xef, 0xff, 0x50, 0x0,
    0x0, 0x0, 0xcf, 0xff, 0x6e, 0xff, 0xf5, 0x0,
    0x0, 0x2, 0xaf, 0xff, 0xc0, 0xef, 0xff, 0xff,
    0xff, 0xff, 0xff, 0xff, 0xb1, 0xe, 0xff, 0xff,
    0xff, 0xff, 0xff, 0xff, 0xa0, 0x0, 0xef, 0xff,
    0xff, 0xff, 0xff, 0xff, 0xff, 0xe4, 0xe, 0xff,
    0xfd, 0xcc, 0xcc, 0xcc, 0xff, 0xff, 0xe0, 0xef,
    0xff, 0x50, 0x0, 0x0, 0x4, 0xff, 0xff, 0x2e,
    0xff, 0xf5, 0x0, 0x0, 0x0, 0xf, 0xff, 0xf2,
    0xef, 0xff, 0x50, 0x0, 0x0, 0x0, 0xff, 0xff,
    0x2e, 0xff, 0xf5, 0x0, 0x0, 0x0, 0xf, 0xff,
    0xf2, 0xef, 0xff, 0x50, 0x0, 0x0, 0x0, 0xff,
    0xff, 0x2e, 0xff, 0xf5, 0x0, 0x0, 0x0, 0xf,
    0xff, 0xf2, 0xef, 0xff, 0x50, 0x0, 0x0, 0x0,
    0xff, 0xff, 0x2e, 0xff, 0xf5, 0x0, 0x0, 0x0,
    0xf, 0xff, 0xf2,

    /* U+0053 "S" */
    0x0, 0x0, 0x5a, 0xdf, 0xff, 0xda, 0x50, 0x0,
    0x0, 0x0, 0x3d, 0xff, 0xff, 0xff, 0xff, 0xfd,
    0x30, 0x0, 0x3, 0xff, 0xff, 0xff, 0xff, 0xff,
    0xff, 0xf4, 0x0, 0xc, 0xff, 0xff, 0xeb, 0xab,
    0xef, 0xff, 0xfe, 0x0, 0x3f, 0xff, 0xf8, 0x0,
    0x0, 0x6, 0xff, 0xff, 0x60, 0x5f, 0xff, 0xe0,
    0x0, 0x0, 0x0, 0xaf, 0xff, 0xa0, 0x6f, 0xff,
    0xc0, 0x0, 0x0, 0x0, 0x6f, 0xff, 0xc0, 0x4f,
    0xff, 0xf4, 0x0, 0x0, 0x0, 0x5d, 0xdd, 0xa0,
    0xe, 0xff, 0xff, 0xa4, 0x0, 0x0, 0x0, 0x0,
    0x0, 0x4, 0xff, 0xff, 0xff, 0xfd, 0x95, 0x0,
    0x0, 0x0, 0x0, 0x4e, 0xff, 0xff, 0xff, 0xff,
    0xfa, 0x20, 0x0, 0x0, 0x0, 0x6b, 0xff, 0xff,
    0xff, 0xff, 0xf7, 0x0, 0x0, 0x0, 0x0, 0x4,
    0x7b, 0xff, 0xff, 0xff, 0x70, 0x23, 0x33, 0x0,
    0x0, 0x0, 0x5, 0xdf, 0xff, 0xf0, 0xef, 0xff,
    0x40, 0x0, 0x0, 0x0, 0x1f, 0xff, 0xf4, 0xdf,
    0xff, 0x50, 0x0, 0x0, 0x0, 0xd, 0xff, 0xf5,
    0xbf, 0xff, 0xb0, 0x0, 0x0, 0x0, 0x1f, 0xff,
    0xf4, 0x5f, 0xff, 0xf9, 0x10, 0x0, 0x1, 0xcf,
    0xff, 0xf1, 0xd, 0xff, 0xff, 0xfc, 0xaa, 0xcf,
    0xff, 0xff, 0x90, 0x2, 0xef, 0xff, 0xff, 0xff,
    0xff, 0xff, 0xfc, 0x0, 0x0, 0x1b, 0xff, 0xff,
    0xff, 0xff, 0xff, 0x90, 0x0, 0x0, 0x0, 0x28,
    0xce, 0xff, 0xeb, 0x72, 0x0, 0x0,

    /* U+0054 "T" */
    0x3f, 0xff, 0xff, 0xff, 0xff, 0xff, 0xff, 0xff,
    0xff, 0x3, 0xff, 0xff, 0xff, 0xff, 0xff, 0xff,
    0xff, 0xff, 0xf0, 0x3f, 0xff, 0xff, 0xff, 0xff,
    0xff, 0xff, 0xff, 0xff, 0x2, 0xcc, 0xcc, 0xcc,
    0xef, 0xff, 0xec, 0xcc, 0xcc, 0xc0, 0x0, 0x0,
    0x0, 0xb, 0xff, 0xf8, 0x0, 0x0, 0x0, 0x0,
    0x0, 0x0, 0x0, 0xbf, 0xff, 0x80, 0x0, 0x0,
    0x0, 0x0, 0x0, 0x0, 0xb, 0xff, 0xf8, 0x0,
    0x0, 0x0, 0x0, 0x0, 0x0, 0x0, 0xbf, 0xff,
    0x80, 0x0, 0x0, 0x0, 0x0, 0x0, 0x0, 0xb,
    0xff, 0xf8, 0x0, 0x0, 0x0, 0x0, 0x0, 0x0,
    0x0, 0xbf, 0xff, 0x80, 0x0, 0x0, 0x0, 0x0,
    0x0, 0x0, 0xb, 0xff, 0xf8, 0x0, 0x0, 0x0,
    0x0, 0x0, 0x0, 0x0, 0xbf, 0xff, 0x80, 0x0,
    0x0, 0x0, 0x0, 0x0, 0x0, 0xb, 0xff, 0xf8,
    0x0, 0x0, 0x0, 0x0, 0x0, 0x0, 0x0, 0xbf,
    0xff, 0x80, 0x0, 0x0, 0x0, 0x0, 0x0, 0x0,
    0xb, 0xff, 0xf8, 0x0, 0x0, 0x0, 0x0, 0x0,
    0x0, 0x0, 0xbf, 0xff, 0x80, 0x0, 0x0, 0x0,
    0x0, 0x0, 0x0, 0xb, 0xff, 0xf8, 0x0, 0x0,
    0x0, 0x0, 0x0, 0x0, 0x0, 0xbf, 0xff, 0x80,
    0x0, 0x0, 0x0, 0x0, 0x0, 0x0, 0xb, 0xff,
    0xf8, 0x0, 0x0, 0x0, 0x0, 0x0, 0x0, 0x0,
    0xbf, 0xff, 0x80, 0x0, 0x0, 0x0, 0x0, 0x0,
    0x0, 0xb, 0xff, 0xf8, 0x0, 0x0, 0x0, 0x0,
    0x0, 0x0, 0x0, 0xbf, 0xff, 0x80, 0x0, 0x0,
    0x0,

    /* U+0055 "U" */
    0xf, 0xff, 0xf3, 0x0, 0x0, 0x0, 0x0, 0xbf,
    0xff, 0x80, 0xff, 0xff, 0x30, 0x0, 0x0, 0x0,
    0xb, 0xff, 0xf8, 0xf, 0xff, 0xf3, 0x0, 0x0,
    0x0, 0x0, 0xbf, 0xff, 0x80, 0xff, 0xff, 0x30,
    0x0, 0x0, 0x0, 0xb, 0xff, 0xf8, 0xf, 0xff,
    0xf3, 0x0, 0x0, 0x0, 0x0, 0xbf, 0xff, 0x80,
    0xff, 0xff, 0x30, 0x0, 0x0, 0x0, 0xb, 0xff,
    0xf8, 0xf, 0xff, 0xf3, 0x0, 0x0, 0x0, 0x0,
    0xbf, 0xff, 0x80, 0xff, 0xff, 0x30, 0x0, 0x0,
    0x0, 0xb, 0xff, 0xf8, 0xf, 0xff, 0xf3, 0x0,
    0x0, 0x0, 0x0, 0xbf, 0xff, 0x80, 0xff, 0xff,
    0x30, 0x0, 0x0, 0x0, 0xb, 0xff, 0xf8, 0xf,
    0xff, 0xf3, 0x0, 0x0, 0x0, 0x0, 0xbf, 0xff,
    0x80, 0xff, 0xff, 0x30, 0x0, 0x0, 0x0, 0xb,
    0xff, 0xf8, 0xf, 0xff, 0xf3, 0x0, 0x0, 0x0,
    0x0, 0xbf, 0xff, 0x80, 0xff, 0xff, 0x30, 0x0,
    0x0, 0x0, 0xb, 0xff, 0xf8, 0xf, 0xff, 0xf3,
    0x0, 0x0, 0x0, 0x0, 0xbf, 0xff, 0x70, 0xef,
    0xff, 0x60, 0x0, 0x0, 0x0, 0xe, 0xff, 0xf6,
    0xb, 0xff, 0xfd, 0x0, 0x0, 0x0, 0x5, 0xff,
    0xff, 0x30, 0x5f, 0xff, 0xfb, 0x20, 0x0, 0x6,
    0xff, 0xff, 0xd0, 0x0, 0xcf, 0xff, 0xff, 0xdb,
    0xce, 0xff, 0xff, 0xf5, 0x0, 0x2, 0xef, 0xff,
    0xff, 0xff, 0xff, 0xff, 0xf8, 0x0, 0x0, 0x1,
    0xbf, 0xff, 0xff, 0xff, 0xff, 0xe6, 0x0, 0x0,
    0x0, 0x0, 0x39, 0xce, 0xff, 0xeb, 0x60, 0x0,
    0x0,

    /* U+0056 "V" */
    0x4f, 0xff, 0xf0, 0x0, 0x0, 0x0, 0x0, 0x4f,
    0xff, 0xf1, 0xf, 0xff, 0xf4, 0x0, 0x0, 0x0,
    0x0, 0x8f, 0xff, 0xd0, 0xc, 0xff, 0xf8, 0x0,
    0x0, 0x0, 0x0, 0xcf, 0xff, 0x80, 0x8, 0xff,
    0xfc, 0x0, 0x0, 0x0, 0x0, 0xff, 0xff, 0x40,
    0x4, 0xff, 0xff, 0x0, 0x0, 0x0, 0x4, 0xff,
    0xff, 0x0, 0x0, 0xff, 0xff, 0x40, 0x0, 0x0,
    0x8, 0xff, 0xfc, 0x0, 0x0, 0xbf, 0xff, 0x80,
    0x0, 0x0, 0xc, 0xff, 0xf8, 0x0, 0x0, 0x7f,
    0xff, 0xc0, 0x0, 0x0, 0xf, 0xff, 0xf4, 0x0,
    0x0, 0x3f, 0xff, 0xf0, 0x0, 0x0, 0x3f, 0xff,
    0xf0, 0x0, 0x0, 0xf, 0xff, 0xf4, 0x0, 0x0,
    0x7f, 0xff, 0xb0, 0x0, 0x0, 0xb, 0xff, 0xf7,
    0x0, 0x0, 0xbf, 0xff, 0x70, 0x0, 0x0, 0x7,
    0xff, 0xfb, 0x0, 0x0, 0xff, 0xff, 0x30, 0x0,
    0x0, 0x3, 0xff, 0xff, 0x0, 0x3, 0xff, 0xff,
    0x0, 0x0, 0x0, 0x0, 0xef, 0xff, 0x30, 0x7,
    0xff, 0xfb, 0x0, 0x0, 0x0, 0x0, 0xaf, 0xff,
    0x70, 0xb, 0xff, 0xf7, 0x0, 0x0, 0x0, 0x0,
    0x6f, 0xff, 0xb0, 0xf, 0xff, 0xf3, 0x0, 0x0,
    0x0, 0x0, 0x2f, 0xff, 0xf0, 0x3f, 0xff, 0xe0,
    0x0, 0x0, 0x0, 0x0, 0xe, 0xff, 0xf3, 0x7f,
    0xff, 0xa0, 0x0, 0x0, 0x0, 0x0, 0xa, 0xff,
    0xf7, 0xbf, 0xff, 0x60, 0x0, 0x0, 0x0, 0x0,
    0x6, 0xff, 0xfe, 0xff, 0xff, 0x20, 0x0, 0x0,
    0x0, 0x0, 0x2, 0xff, 0xff, 0xff, 0xfe, 0x0,
    0x0, 0x0, 0x0, 0x0, 0x0, 0xdf, 0xff, 0xff,
    0xfa, 0x0, 0x0, 0x0,

    /* U+0057 "W" */
    0xf, 0xff, 0xf3, 0x0, 0x0, 0x5f, 0xff, 0xff,
    0xff, 0x10, 0x0, 0x7, 0xff, 0xfb, 0xd, 0xff,
    0xf5, 0x0, 0x0, 0x8f, 0xff, 0xff, 0xff, 0x30,
    0x0, 0x9, 0xff, 0xf9, 0xb, 0xff, 0xf7, 0x0,
    0x0, 0xaf, 0xff, 0xaf, 0xff, 0x60, 0x0, 0xb,
    0xff, 0xf7, 0x9, 0xff, 0xf8, 0x0, 0x0, 0xcf,
    0xfe, 0x3f, 0xff, 0x80, 0x0, 0xd, 0xff, 0xf5,
    0x7, 0xff, 0xfa, 0x0, 0x0, 0xff, 0xfc, 0xf,
    0xff, 0xa0, 0x0, 0xe, 0xff, 0xf2, 0x5, 0xff,
    0xfc, 0x0, 0x1, 0xff, 0xfa, 0xe, 0xff, 0xd0,
    0x0, 0xf, 0xff, 0xf0, 0x2, 0xff, 0xfe, 0x0,
    0x3, 0xff, 0xf7, 0xb, 0xff, 0xf0, 0x0, 0x2f,
    0xff, 0xe0, 0x0, 0xff, 0xff, 0x0, 0x6, 0xff,
    0xf5, 0x9, 0xff, 0xf1, 0x0, 0x4f, 0xff, 0xc0,
    0x0, 0xef, 0xff, 0x20, 0x8, 0xff, 0xf3, 0x7,
    0xff, 0xf4, 0x0, 0x6f, 0xff, 0xa0, 0x0, 0xcf,
    0xff, 0x30, 0xa, 0xff, 0xf0, 0x4, 0xff, 0xf6,
    0x0, 0x8f, 0xff, 0x80, 0x0, 0xaf, 0xff, 0x50,
    0xd, 0xff, 0xe0, 0x2, 0xff, 0xf8, 0x0, 0x9f,
    0xff, 0x60, 0x0, 0x8f, 0xff, 0x70, 0xf, 0xff,
    0xb0, 0x0, 0xff, 0xfb, 0x0, 0xbf, 0xff, 0x30,
    0x0, 0x5f, 0xff, 0x90, 0x1f, 0xff, 0x90, 0x0,
    0xdf, 0xfd, 0x0, 0xdf, 0xff, 0x10, 0x0, 0x3f,
    0xff, 0xb0, 0x4f, 0xff, 0x70, 0x0, 0xbf, 0xff,
    0x0, 0xff, 0xff, 0x0, 0x0, 0x1f, 0xff, 0xc0,
    0x6f, 0xff, 0x40, 0x0, 0x9f, 0xff, 0x21, 0xff,
    0xfd, 0x0, 0x0, 0xf, 0xff, 0xe0, 0x9f, 0xff,
    0x20, 0x0, 0x6f, 0xff, 0x43, 0xff, 0xfb, 0x0,
    0x0, 0xd, 0xff, 0xf0, 0xbf, 0xff, 0x0, 0x0,
    0x4f, 0xff, 0x74, 0xff, 0xf9, 0x0, 0x0, 0xb,
    0xff, 0xf2, 0xdf, 0xfd, 0x0, 0x0, 0x2f, 0xff,
    0x96, 0xff, 0xf6, 0x0, 0x0, 0x9, 0xff, 0xf4,
    0xff, 0xfb, 0x0, 0x0, 0xf, 0xff, 0xb8, 0xff,
    0xf4, 0x0, 0x0, 0x6, 0xff, 0xfe, 0xff, 0xf9,
    0x0, 0x0, 0xd, 0xff, 0xff, 0xff, 0xf2, 0x0,
    0x0, 0x4, 0xff, 0xff, 0xff, 0xf6, 0x0, 0x0,
    0xb, 0xff, 0xff, 0xff, 0xf0, 0x0, 0x0, 0x2,
    0xff, 0xff, 0xff, 0xf4, 0x0, 0x0, 0x8, 0xff,
    0xff, 0xff, 0xe0, 0x0,

    /* U+0058 "X" */
    0xe, 0xff, 0xfd, 0x0, 0x0, 0x0, 0x0, 0x3f,
    0xff, 0xf8, 0x5, 0xff, 0xff, 0x60, 0x0, 0x0,
    0x0, 0xcf, 0xff, 0xe0, 0x0, 0xcf, 0xff, 0xe0,
    0x0, 0x0, 0x5, 0xff, 0xff, 0x50, 0x0, 0x2f,
    0xff, 0xf8, 0x0, 0x0, 0xd, 0xff, 0xfc, 0x0,
    0x0, 0x9, 0xff, 0xff, 0x10, 0x0, 0x7f, 0xff,
    0xf2, 0x0, 0x0, 0x0, 0xef, 0xff, 0xa0, 0x1,
    0xff, 0xff, 0x90, 0x0, 0x0, 0x0, 0x6f, 0xff,
    0xf3, 0x9, 0xff, 0xfe, 0x10, 0x0, 0x0, 0x0,
    0xc, 0xff, 0xfb, 0x2f, 0xff, 0xf6, 0x0, 0x0,
    0x0, 0x0, 0x3, 0xff, 0xff, 0xff, 0xff, 0xc0,
    0x0, 0x0, 0x0, 0x0, 0x0, 0x9f, 0xff, 0xff,
    0xff, 0x30, 0x0, 0x0, 0x0, 0x0, 0x0, 0x1e,
    0xff, 0xff, 0xf9, 0x0, 0x0, 0x0, 0x0, 0x0,
    0x0, 0x1f, 0xff, 0xff, 0xfa, 0x0, 0x0, 0x0,
    0x0, 0x0, 0x0, 0xaf, 0xff, 0xff, 0xff, 0x40,
    0x0, 0x0, 0x0, 0x0, 0x4, 0xff, 0xff, 0xff,
    0xff, 0xd0, 0x0, 0x0, 0x0, 0x0, 0xd, 0xff,
    0xfa, 0x1f, 0xff, 0xf7, 0x0, 0x0, 0x0, 0x0,
    0x6f, 0xff, 0xf2, 0x8, 0xff, 0xff, 0x10, 0x0,
    0x0, 0x1, 0xff, 0xff, 0x90, 0x0, 0xef, 0xff,
    0xa0, 0x0, 0x0, 0xa, 0xff, 0xfe, 0x10, 0x0,
    0x6f, 0xff, 0xf3, 0x0, 0x0, 0x3f, 0xff, 0xf7,
    0x0, 0x0, 0xd, 0xff, 0xfd, 0x0, 0x0, 0xcf,
    0xff, 0xd0, 0x0, 0x0, 0x4, 0xff, 0xff, 0x60,
    0x6, 0xff, 0xff, 0x50, 0x0, 0x0, 0x0, 0xbf,
    0xff, 0xe1, 0x1e, 0xff, 0xfc, 0x0, 0x0, 0x0,
    0x0, 0x2f, 0xff, 0xf9,

    /* U+0059 "Y" */
    0x7f, 0xff, 0xf3, 0x0, 0x0, 0x0, 0x0, 0x3f,
    0xff, 0xf7, 0xe, 0xff, 0xfb, 0x0, 0x0, 0x0,
    0x0, 0xbf, 0xff, 0xe0, 0x6, 0xff, 0xff, 0x30,
    0x0, 0x0, 0x3, 0xff, 0xff, 0x60, 0x0, 0xef,
    0xff, 0xb0, 0x0, 0x0, 0xc, 0xff, 0xfd, 0x0,
    0x0, 0x6f, 0xff, 0xf3, 0x0, 0x0, 0x4f, 0xff,
    0xf5, 0x0, 0x0, 0xd, 0xff, 0xfb, 0x0, 0x0,
    0xcf, 0xff, 0xc0, 0x0, 0x0, 0x5, 0xff, 0xff,
    0x30, 0x4, 0xff, 0xff, 0x40, 0x0, 0x0, 0x0,
    0xcf, 0xff, 0xb0, 0xc, 0xff, 0xfc, 0x0, 0x0,
    0x0, 0x0, 0x4f, 0xff, 0xf3, 0x4f, 0xff, 0xf3,
    0x0, 0x0, 0x0, 0x0, 0xb, 0xff, 0xfd, 0xdf,
    0xff, 0xb0, 0x0, 0x0, 0x0, 0x0, 0x3, 0xff,
    0xff, 0xff, 0xff, 0x20, 0x0, 0x0, 0x0, 0x0,
    0x0, 0xaf, 0xff, 0xff, 0xfa, 0x0, 0x0, 0x0,
    0x0, 0x0, 0x0, 0x2f, 0xff, 0xff, 0xf2, 0x0,
    0x0, 0x0, 0x0, 0x0, 0x0, 0x9, 0xff, 0xff,
    0x90, 0x0, 0x0, 0x0, 0x0, 0x0, 0x0, 0x2,
    0xff, 0xff, 0x20, 0x0, 0x0, 0x0, 0x0, 0x0,
    0x0, 0x2, 0xff, 0xff, 0x10, 0x0, 0x0, 0x0,
    0x0, 0x0, 0x0, 0x2, 0xff, 0xff, 0x10, 0x0,
    0x0, 0x0, 0x0, 0x0, 0x0, 0x2, 0xff, 0xff,
    0x10, 0x0, 0x0, 0x0, 0x0, 0x0, 0x0, 0x2,
    0xff, 0xff, 0x10, 0x0, 0x0, 0x0, 0x0, 0x0,
    0x0, 0x2, 0xff, 0xff, 0x10, 0x0, 0x0, 0x0,
    0x0, 0x0, 0x0, 0x2, 0xff, 0xff, 0x10, 0x0,
    0x0, 0x0, 0x0, 0x0, 0x0, 0x2, 0xff, 0xff,
    0x10, 0x0, 0x0, 0x0,

    /* U+005A "Z" */
    0x3f, 0xff, 0xff, 0xff, 0xff, 0xff, 0xff, 0xff,
    0x3, 0xff, 0xff, 0xff, 0xff, 0xff, 0xff, 0xff,
    0xf0, 0x3f, 0xff, 0xff, 0xff, 0xff, 0xff, 0xff,
    0xff, 0x2, 0xbb, 0xbb, 0xbb, 0xbb, 0xbb, 0xdf,
    0xff, 0xf0, 0x0, 0x0, 0x0, 0x0, 0x0, 0xb,
    0xff, 0xff, 0x0, 0x0, 0x0, 0x0, 0x0, 0x9,
    0xff, 0xff, 0xb0, 0x0, 0x0, 0x0, 0x0, 0x7,
    0xff, 0xff, 0xd0, 0x0, 0x0, 0x0, 0x0, 0x6,
    0xff, 0xff, 0xe1, 0x0, 0x0, 0x0, 0x0, 0x4,
    0xff, 0xff, 0xf2, 0x0, 0x0, 0x0, 0x0, 0x3,
    0xff, 0xff, 0xf4, 0x0, 0x0, 0x0, 0x0, 0x2,
    0xef, 0xff, 0xf5, 0x0, 0x0, 0x0, 0x0, 0x1,
    0xdf, 0xff, 0xf7, 0x0, 0x0, 0x0, 0x0, 0x0,
    0xcf, 0xff, 0xf9, 0x0, 0x0, 0x0, 0x0, 0x0,
    0xaf, 0xff, 0xfa, 0x0, 0x0, 0x0, 0x0, 0x0,
    0x9f, 0xff, 0xfc, 0x0, 0x0, 0x0, 0x0, 0x0,
    0x7f, 0xff, 0xfd, 0x10, 0x0, 0x0, 0x0, 0x0,
    0x4f, 0xff, 0xfe, 0x20, 0x0, 0x0, 0x0, 0x0,
    0x8, 0xff, 0xff, 0x30, 0x0, 0x0, 0x0, 0x0,
    0x0, 0x8f, 0xff, 0xfb, 0xbb, 0xbb, 0xbb, 0xbb,
    0xbb, 0x8, 0xff, 0xff, 0xff, 0xff, 0xff, 0xff,
    0xff, 0xf0, 0x8f, 0xff, 0xff, 0xff, 0xff, 0xff,
    0xff, 0xff, 0x8, 0xff, 0xff, 0xff, 0xff, 0xff,
    0xff, 0xff, 0xf0,

    /* U+005B "[" */
    0x0, 0x36, 0x66, 0x66, 0x50, 0xbf, 0xff, 0xff,
    0xff, 0x7f, 0xff, 0xff, 0xff, 0xfb, 0xff, 0xff,
    0xff, 0xff, 0xcf, 0xff, 0x40, 0x0, 0xc, 0xff,
    0xf2, 0x0, 0x0, 0xcf, 0xff, 0x20, 0x0, 0xc,
    0xff, 0xf2, 0x0, 0x0, 0xcf, 0xff, 0x20, 0x0,
    0xc, 0xff, 0xf2, 0x0, 0x0, 0xcf, 0xff, 0x20,
    0x0, 0xc, 0xff, 0xf2, 0x0, 0x0, 0xcf, 0xff,
    0x20, 0x0, 0xc, 0xff, 0xf2, 0x0, 0x0, 0xcf,
    0xff, 0x20, 0x0, 0xc, 0xff, 0xf2, 0x0, 0x0,
    0xcf, 0xff, 0x20, 0x0, 0xc, 0xff, 0xf2, 0x0,
    0x0, 0xcf, 0xff, 0x20, 0x0, 0xc, 0xff, 0xf2,
    0x0, 0x0, 0xcf, 0xff, 0x20, 0x0, 0xc, 0xff,
    0xf2, 0x0, 0x0, 0xcf, 0xff, 0x20, 0x0, 0xc,
    0xff, 0xf2, 0x0, 0x0, 0xcf, 0xff, 0x20, 0x0,
    0xc, 0xff, 0xf2, 0x0, 0x0, 0xcf, 0xff, 0x20,
    0x0, 0xc, 0xff, 0xf2, 0x0, 0x0, 0xcf, 0xff,
    0x96, 0x66, 0x5a, 0xff, 0xff, 0xff, 0xff, 0x4f,
    0xff, 0xff, 0xff, 0xf0, 0x5d, 0xff, 0xff, 0xff,

    /* U+005C "\\" */
    0x5f, 0xff, 0xa0, 0x0, 0x0, 0x0, 0x0, 0xf,
    0xff, 0xf0, 0x0, 0x0, 0x0, 0x0, 0xa, 0xff,
    0xf5, 0x0, 0x0, 0x0, 0x0, 0x5, 0xff, 0xfb,
    0x0, 0x0, 0x0, 0x0, 0x0, 0xff, 0xff, 0x0,
    0x0, 0x0, 0x0, 0x0, 0xaf, 0xff, 0x50, 0x0,
    0x0, 0x0, 0x0, 0x5f, 0xff, 0xb0, 0x0, 0x0,
    0x0, 0x0, 0xf, 0xff, 0xf0, 0x0, 0x0, 0x0,
    0x0, 0xa, 0xff, 0xf5, 0x0, 0x0, 0x0, 0x0,
    0x5, 0xff, 0xfb, 0x0, 0x0, 0x0, 0x0, 0x0,
    0xff, 0xff, 0x10, 0x0, 0x0, 0x0, 0x0, 0xaf,
    0xff, 0x60, 0x0, 0x0, 0x0, 0x0, 0x5f, 0xff,
    0xb0, 0x0, 0x0, 0x0, 0x0, 0xf, 0xff, 0xf1,
    0x0, 0x0, 0x0, 0x0, 0xa, 0xff, 0xf6, 0x0,
    0x0, 0x0, 0x0, 0x5, 0xff, 0xfb, 0x0, 0x0,
    0x0, 0x0, 0x0, 0xff, 0xff, 0x10, 0x0, 0x0,
    0x0, 0x0, 0xaf, 0xff, 0x60, 0x0, 0x0, 0x0,
    0x0, 0x4f, 0xff, 0xb0, 0x0, 0x0, 0x0, 0x0,
    0xf, 0xff, 0xf1, 0x0, 0x0, 0x0, 0x0, 0xa,
    0xff, 0xf6, 0x0, 0x0, 0x0, 0x0, 0x4, 0xff,
    0xfb, 0x0, 0x0, 0x0, 0x0, 0x0, 0xef, 0xff,
    0x10, 0x0, 0x0, 0x0, 0x0, 0xaf, 0xff, 0x60,
    0x0, 0x0, 0x0, 0x0, 0x4f, 0xff, 0xb0, 0x0,
    0x0, 0x0, 0x0, 0xe, 0xff, 0xf1, 0x0, 0x0,
    0x0, 0x0, 0x9, 0xff, 0xf6, 0x0, 0x0, 0x0,
    0x0, 0x4, 0xff, 0xfc,

    /* U+005D "]" */
    0x36, 0x66, 0x66, 0x51, 0x0, 0x7f, 0xff, 0xff,
    0xff, 0x40, 0x7f, 0xff, 0xff, 0xff, 0xe0, 0x7f,
    0xff, 0xff, 0xff, 0xf3, 0x0, 0x0, 0xd, 0xff,
    0xf3, 0x0, 0x0, 0xb, 0xff, 0xf3, 0x0, 0x0,
    0xb, 0xff, 0xf3, 0x0, 0x0, 0xb, 0xff, 0xf3,
    0x0, 0x0, 0xb, 0xff, 0xf3, 0x0, 0x0, 0xb,
    0xff, 0xf3, 0x0, 0x0, 0xb, 0xff, 0xf3, 0x0,
    0x0, 0xb, 0xff, 0xf3, 0x0, 0x0, 0xb, 0xff,
    0xf3, 0x0, 0x0, 0xb, 0xff, 0xf3, 0x0, 0x0,
    0xb, 0xff, 0xf3, 0x0, 0x0, 0xb, 0xff, 0xf3,
    0x0, 0x0, 0xb, 0xff, 0xf3, 0x0, 0x0, 0xb,
    0xff, 0xf3, 0x0, 0x0, 0xb, 0xff, 0xf3, 0x0,
    0x0, 0xb, 0xff, 0xf3, 0x0, 0x0, 0xb, 0xff,
    0xf3, 0x0, 0x0, 0xb, 0xff, 0xf3, 0x0, 0x0,
    0xb, 0xff, 0xf3, 0x0, 0x0, 0xb, 0xff, 0xf3,
    0x0, 0x0, 0xb, 0xff, 0xf3, 0x0, 0x0, 0xb,
    0xff, 0xf3, 0x0, 0x0, 0xb, 0xff, 0xf3, 0x0,
    0x0, 0xb, 0xff, 0xf3, 0x36, 0x66, 0x6e, 0xff,
    0xf3, 0x7f, 0xff, 0xff, 0xff, 0xf2, 0x7f, 0xff,
    0xff, 0xff, 0xc0, 0x7f, 0xff, 0xff, 0xfa, 0x10,

    /* U+005E "^" */
    0x0, 0x0, 0x18, 0x88, 0x88, 0x80, 0x0, 0x0,
    0x0, 0x0, 0xaf, 0xff, 0xff, 0xf7, 0x0, 0x0,
    0x0, 0x3, 0xff, 0xff, 0xff, 0xff, 0x10, 0x0,
    0x0, 0xc, 0xff, 0xf6, 0x8f, 0xff, 0x90, 0x0,
    0x0, 0x4f, 0xff, 0xe0, 0x1f, 0xff, 0xf2, 0x0,
    0x0, 0xdf, 0xff, 0x60, 0x9, 0xff, 0xfa, 0x0,
    0x6, 0xff, 0xfe, 0x0, 0x1, 0xff, 0xff, 0x30,
    0xe, 0xff, 0xf7, 0x0, 0x0, 0x9f, 0xff, 0xc0,
    0x7f, 0xff, 0xe0, 0x0, 0x0, 0x2f, 0xff, 0xf5,

    /* U+005F "_" */
    0x89, 0x99, 0x99, 0x99, 0x99, 0x99, 0x99, 0x97,
    0xef, 0xff, 0xff, 0xff, 0xff, 0xff, 0xff, 0xfc,
    0xef, 0xff, 0xff, 0xff, 0xff, 0xff, 0xff, 0xfc,
    0xef, 0xff, 0xff, 0xff, 0xff, 0xff, 0xff, 0xfc,

    /* U+0060 "`" */
    0x4a, 0xaa, 0x90, 0x0, 0xd, 0xff, 0xf6, 0x0,
    0x2, 0xff, 0xfe, 0x0, 0x0, 0x6f, 0xff, 0x60,
    0x0, 0xb, 0xff, 0xe0,

    /* U+0061 "a" */
    0x0, 0x1, 0x7c, 0xef, 0xfd, 0xa4, 0x0, 0x0,
    0x0, 0x4, 0xef, 0xff, 0xff, 0xff, 0xfa, 0x0,
    0x0, 0x3, 0xff, 0xff, 0xff, 0xff, 0xff, 0xfa,
    0x0, 0x0, 0xdf, 0xff, 0xc5, 0x33, 0x8f, 0xff,
    0xf2, 0x0, 0x5, 0xae, 0xd0, 0x0, 0x0, 0x7f,
    0xff, 0x70, 0x0, 0x0, 0x1, 0x0, 0x0, 0x4,
    0xff, 0xf9, 0x0, 0x0, 0x17, 0xce, 0xff, 0xff,
    0xff, 0xff, 0x90, 0x0, 0x5f, 0xff, 0xff, 0xff,
    0xff, 0xff, 0xf9, 0x0, 0x2f, 0xff, 0xff, 0xff,
    0xff, 0xff, 0xff, 0x90, 0x9, 0xff, 0xfd, 0x30,
    0x0, 0x4, 0xff, 0xf9, 0x0, 0xcf, 0xff, 0x40,
    0x0, 0x0, 0x7f, 0xff, 0x90, 0xb, 0xff, 0xf6,
    0x0, 0x0, 0x2e, 0xff, 0xf9, 0x0, 0x8f, 0xff,
    0xf7, 0x34, 0x8e, 0xff, 0xff, 0xd4, 0x32, 0xff,
    0xff, 0xff, 0xff, 0xfd, 0xdf, 0xff, 0xfc, 0x4,
    0xff, 0xff, 0xff, 0xff, 0x36, 0xff, 0xff, 0xc0,
    0x1, 0x8d, 0xff, 0xea, 0x20, 0x9, 0xef, 0xfc,

    /* U+0062 "b" */
    0xcf, 0xff, 0x40, 0x0, 0x0, 0x0, 0x0, 0x0,
    0xc, 0xff, 0xf4, 0x0, 0x0, 0x0, 0x0, 0x0,
    0x0, 0xcf, 0xff, 0x40, 0x0, 0x0, 0x0, 0x0,
    0x0, 0xc, 0xff, 0xf4, 0x0, 0x0, 0x0, 0x0,
    0x0, 0x0, 0xcf, 0xff, 0x40, 0x0, 0x0, 0x0,
    0x0, 0x0, 0xc, 0xff, 0xf4, 0x0, 0x0, 0x0,
    0x0, 0x0, 0x0, 0xcf, 0xff, 0x40, 0x5b, 0xef,
    0xfc, 0x71, 0x0, 0xc, 0xff, 0xf4, 0xaf, 0xff,
    0xff, 0xff, 0xe4, 0x0, 0xcf, 0xff, 0xff, 0xff,
    0xff, 0xff, 0xff, 0xf3, 0xc, 0xff, 0xff, 0xfd,
    0x87, 0x8d, 0xff, 0xff, 0xe0, 0xcf, 0xff, 0xf8,
    0x0, 0x0, 0x6, 0xff, 0xff, 0x6c, 0xff, 0xfb,
    0x0, 0x0, 0x0, 0x9, 0xff, 0xfa, 0xcf, 0xff,
    0x50, 0x0, 0x0, 0x0, 0x4f, 0xff, 0xdc, 0xff,
    0xf3, 0x0, 0x0, 0x0, 0x1, 0xff, 0xfe, 0xcf,
    0xff, 0x30, 0x0, 0x0, 0x0, 0x1f, 0xff, 0xec,
    0xff, 0xf5, 0x0, 0x0, 0x0, 0x4, 0xff, 0xfd,
    0xcf, 0xff, 0xb0, 0x0, 0x0, 0x0, 0xaf, 0xff,
    0xac, 0xff, 0xff, 0x90, 0x0, 0x0, 0x7f, 0xff,
    0xf6, 0xcf, 0xff, 0xff, 0xe9, 0x78, 0xdf, 0xff,
    0xfe, 0xc, 0xff, 0xfe, 0xff, 0xff, 0xff, 0xff,
    0xff, 0x30, 0xcf, 0xff, 0x3a, 0xff, 0xff, 0xff,
    0xfe, 0x40, 0xc, 0xff, 0xf3, 0x5, 0xbe, 0xff,
    0xc7, 0x10, 0x0,

    /* U+0063 "c" */
    0x0, 0x0, 0x17, 0xce, 0xff, 0xda, 0x40, 0x0,
    0x0, 0x0, 0x7f, 0xff, 0xff, 0xff, 0xff, 0xb1,
    0x0, 0x0, 0x9f, 0xff, 0xff, 0xff, 0xff, 0xff,
    0xd1, 0x0, 0x6f, 0xff, 0xff, 0xb8, 0x9d, 0xff,
    0xff, 0xa0, 0xe, 0xff, 0xfc, 0x10, 0x0, 0x6,
    0xff, 0xff, 0x24, 0xff, 0xff, 0x10, 0x0, 0x0,
    0xb, 0xff, 0xf7, 0x7f, 0xff, 0xa0, 0x0, 0x0,
    0x0, 0x48, 0x51, 0x8, 0xff, 0xf8, 0x0, 0x0,
    0x0, 0x0, 0x0, 0x0, 0x8f, 0xff, 0x80, 0x0,
    0x0, 0x0, 0x0, 0x0, 0x7, 0xff, 0xfa, 0x0,
    0x0, 0x0, 0x3, 0x85, 0x10, 0x4f, 0xff, 0xf1,
    0x0, 0x0, 0x0, 0xaf, 0xff, 0x70, 0xef, 0xff,
    0xc1, 0x0, 0x0, 0x6f, 0xff, 0xf3, 0x6, 0xff,
    0xff, 0xfa, 0x89, 0xcf, 0xff, 0xfa, 0x0, 0x9,
    0xff, 0xff, 0xff, 0xff, 0xff, 0xfd, 0x10, 0x0,
    0x7, 0xff, 0xff, 0xff, 0xff, 0xfb, 0x10, 0x0,
    0x0, 0x1, 0x7c, 0xef, 0xfd, 0xa4, 0x0, 0x0,

    /* U+0064 "d" */
    0x0, 0x0, 0x0, 0x0, 0x0, 0x0, 0xd, 0xff,
    0xf2, 0x0, 0x0, 0x0, 0x0, 0x0, 0x0, 0xd,
    0xff, 0xf2, 0x0, 0x0, 0x0, 0x0, 0x0, 0x0,
    0xd, 0xff, 0xf2, 0x0, 0x0, 0x0, 0x0, 0x0,
    0x0, 0xd, 0xff, 0xf2, 0x0, 0x0, 0x0, 0x0,
    0x0, 0x0, 0xd, 0xff, 0xf2, 0x0, 0x0, 0x0,
    0x0, 0x0, 0x0, 0xd, 0xff, 0xf2, 0x0, 0x0,
    0x4a, 0xef, 0xfd, 0x81, 0xd, 0xff, 0xf2, 0x0,
    0x1b, 0xff, 0xff, 0xff, 0xfe, 0x3d, 0xff, 0xf2,
    0x0, 0xcf, 0xff, 0xff, 0xff, 0xff, 0xff, 0xff,
    0xf2, 0x7, 0xff, 0xff, 0xfa, 0x77, 0xbf, 0xff,
    0xff, 0xf2, 0xf, 0xff, 0xfc, 0x10, 0x0, 0x3,
    0xef, 0xff, 0xf2, 0x4f, 0xff, 0xf1, 0x0, 0x0,
    0x0, 0x5f, 0xff, 0xf2, 0x7f, 0xff, 0xa0, 0x0,
    0x0, 0x0, 0xf, 0xff, 0xf2, 0x8f, 0xff, 0x80,
    0x0, 0x0, 0x0, 0xd, 0xff, 0xf2, 0x8f, 0xff,
    0x80, 0x0, 0x0, 0x0, 0xd, 0xff, 0xf2, 0x7f,
    0xff, 0xa0, 0x0, 0x0, 0x0, 0xf, 0xff, 0xf2,
    0x4f, 0xff, 0xf1, 0x0, 0x0, 0x0, 0x5f, 0xff,
    0xf2, 0xf, 0xff, 0xfc, 0x10, 0x0, 0x3, 0xef,
    0xff, 0xf2, 0x7, 0xff, 0xff, 0xfa, 0x78, 0xbf,
    0xff, 0xff, 0xf2, 0x0, 0xcf, 0xff, 0xff, 0xff,
    0xff, 0xff, 0xff, 0xf2, 0x0, 0x1b, 0xff, 0xff,
    0xff, 0xfe, 0x2c, 0xff, 0xf2, 0x0, 0x0, 0x4a,
    0xef, 0xfd, 0x81, 0xc, 0xff, 0xf2,

    /* U+0065 "e" */
    0x0, 0x0, 0x28, 0xcf, 0xfe, 0xc7, 0x10, 0x0,
    0x0, 0x0, 0x8f, 0xff, 0xff, 0xff, 0xfe, 0x50,
    0x0, 0x0, 0xaf, 0xff, 0xff, 0xff, 0xff, 0xff,
    0x50, 0x0, 0x6f, 0xff, 0xfc, 0x87, 0x8e, 0xff,
    0xff, 0x10, 0xe, 0xff, 0xf6, 0x0, 0x0, 0xb,
    0xff, 0xf8, 0x3, 0xff, 0xfc, 0x0, 0x0, 0x0,
    0x1f, 0xff, 0xd0, 0x7f, 0xff, 0xff, 0xff, 0xff,
    0xff, 0xff, 0xff, 0x8, 0xff, 0xff, 0xff, 0xff,
    0xff, 0xff, 0xff, 0xf1, 0x8f, 0xff, 0xff, 0xff,
    0xff, 0xff, 0xff, 0xff, 0x17, 0xff, 0xfa, 0x0,
    0x0, 0x0, 0x0, 0x0, 0x0, 0x3f, 0xff, 0xe0,
    0x0, 0x0, 0x0, 0x82, 0x0, 0x0, 0xef, 0xff,
    0xb0, 0x0, 0x0, 0x9f, 0xfa, 0x20, 0x6, 0xff,
    0xff, 0xe9, 0x78, 0xdf, 0xff, 0xf3, 0x0, 0xa,
    0xff, 0xff, 0xff, 0xff, 0xff, 0xf7, 0x0, 0x0,
    0x8, 0xff, 0xff, 0xff, 0xff, 0xf6, 0x0, 0x0,
    0x0, 0x2, 0x8c, 0xff, 0xfd, 0x81, 0x0, 0x0,

    /* U+0066 "f" */
    0x0, 0x0, 0x0, 0x8e, 0xff, 0xff, 0x80, 0x0,
    0x0, 0xa, 0xff, 0xff, 0xff, 0x80, 0x0, 0x0,
    0xf, 0xff, 0xff, 0xff, 0x80, 0x0, 0x0, 0x2f,
    0xff, 0xf5, 0x44, 0x20, 0x0, 0x0, 0x2f, 0xff,
    0xe0, 0x0, 0x0, 0x0, 0x0, 0x2f, 0xff, 0xe0,
    0x0, 0x0, 0x2f, 0xff, 0xff, 0xff, 0xff, 0xff,
    0xf1, 0x2f, 0xff, 0xff, 0xff, 0xff, 0xff, 0xf1,
    0x2f, 0xff, 0xff, 0xff, 0xff, 0xff, 0xf1, 0x4,
    0x44, 0x5f, 0xff, 0xe4, 0x44, 0x40, 0x0, 0x0,
    0x2f, 0xff, 0xe0, 0x0, 0x0, 0x0, 0x0, 0x2f,
    0xff, 0xe0, 0x0, 0x0, 0x0, 0x0, 0x2f, 0xff,
    0xe0, 0x0, 0x0, 0x0, 0x0, 0x2f, 0xff, 0xe0,
    0x0, 0x0, 0x0, 0x0, 0x2f, 0xff, 0xe0, 0x0,
    0x0, 0x0, 0x0, 0x2f, 0xff, 0xe0, 0x0, 0x0,
    0x0, 0x0, 0x2f, 0xff, 0xe0, 0x0, 0x0, 0x0,
    0x0, 0x2f, 0xff, 0xe0, 0x0, 0x0, 0x0, 0x0,
    0x2f, 0xff, 0xe0, 0x0, 0x0, 0x0, 0x0, 0x2f,
    0xff, 0xe0, 0x0, 0x0, 0x0, 0x0, 0x2f, 0xff,
    0xe0, 0x0, 0x0, 0x0, 0x0, 0x2f, 0xff, 0xe0,
    0x0, 0x0,

    /* U+0067 "g" */
    0x0, 0x0, 0x4a, 0xef, 0xfd, 0x91, 0xc, 0xff,
    0xf2, 0x0, 0xa, 0xff, 0xff, 0xff, 0xfe, 0x3c,
    0xff, 0xf2, 0x0, 0xcf, 0xff, 0xff, 0xff, 0xff,
    0xff, 0xff, 0xf2, 0x7, 0xff, 0xff, 0xfa, 0x77,
    0xbf, 0xff, 0xff, 0xf2, 0xe, 0xff, 0xfc, 0x10,
    0x0, 0x3, 0xef, 0xff, 0xf2, 0x4f, 0xff, 0xf1,
    0x0, 0x0, 0x0, 0x5f, 0xff, 0xf2, 0x7f, 0xff,
    0xa0, 0x0, 0x0, 0x0, 0xf, 0xff, 0xf2, 0x8f,
    0xff, 0x80, 0x0, 0x0, 0x0, 0xd, 0xff, 0xf2,
    0x8f, 0xff, 0x80, 0x0, 0x0, 0x0, 0xd, 0xff,
    0xf2, 0x7f, 0xff, 0xa0, 0x0, 0x0, 0x0, 0xf,
    0xff, 0xf2, 0x4f, 0xff, 0xf1, 0x0, 0x0, 0x0,
    0x5f, 0xff, 0xf2, 0xe, 0xff, 0xfc, 0x10, 0x0,
    0x4, 0xff, 0xff, 0xf2, 0x7, 0xff, 0xff, 0xfa,
    0x78, 0xbf, 0xff, 0xff, 0xf2, 0x0, 0xbf, 0xff,
    0xff, 0xff, 0xff, 0xbe, 0xff, 0xf2, 0x0, 0xa,
    0xff, 0xff, 0xff, 0xfc, 0xd, 0xff, 0xf2, 0x0,
    0x0, 0x4a, 0xef, 0xfc, 0x70, 0xd, 0xff, 0xf2,
    0x0, 0x0, 0x0, 0x0, 0x0, 0x0, 0xd, 0xff,
    0xf2, 0x0, 0x0, 0x0, 0x0, 0x0, 0x0, 0xd,
    0xff, 0xf2, 0x0, 0x7, 0x77, 0x77, 0x77, 0x77,
    0x8f, 0xff, 0xf2, 0x0, 0xf, 0xff, 0xff, 0xff,
    0xff, 0xff, 0xff, 0xf0, 0x0, 0xf, 0xff, 0xff,
    0xff, 0xff, 0xff, 0xff, 0x90, 0x0, 0xf, 0xff,
    0xff, 0xff, 0xff, 0xff, 0xe8, 0x0,

    /* U+0068 "h" */
    0xcf, 0xff, 0x40, 0x0, 0x0, 0x0, 0x0, 0x0,
    0xcf, 0xff, 0x40, 0x0, 0x0, 0x0, 0x0, 0x0,
    0xcf, 0xff, 0x40, 0x0, 0x0, 0x0, 0x0, 0x0,
    0xcf, 0xff, 0x40, 0x0, 0x0, 0x0, 0x0, 0x0,
    0xcf, 0xff, 0x40, 0x0, 0x0, 0x0, 0x0, 0x0,
    0xcf, 0xff, 0x40, 0x0, 0x0, 0x0, 0x0, 0x0,
    0xcf, 0xff, 0x40, 0x6c, 0xff, 0xea, 0x30, 0x0,
    0xcf, 0xff, 0x4a, 0xff, 0xff, 0xff, 0xf8, 0x0,
    0xcf, 0xff, 0xef, 0xff, 0xff, 0xff, 0xff, 0x60,
    0xcf, 0xff, 0xff, 0xa6, 0x58, 0xff, 0xff, 0xe0,
    0xcf, 0xff, 0xf5, 0x0, 0x0, 0x2f, 0xff, 0xf5,
    0xcf, 0xff, 0xb0, 0x0, 0x0, 0xa, 0xff, 0xf8,
    0xcf, 0xff, 0x60, 0x0, 0x0, 0x7, 0xff, 0xf9,
    0xcf, 0xff, 0x40, 0x0, 0x0, 0x7, 0xff, 0xf9,
    0xcf, 0xff, 0x40, 0x0, 0x0, 0x7, 0xff, 0xf9,
    0xcf, 0xff, 0x40, 0x0, 0x0, 0x7, 0xff, 0xf9,
    0xcf, 0xff, 0x40, 0x0, 0x0, 0x7, 0xff, 0xf9,
    0xcf, 0xff, 0x40, 0x0, 0x0, 0x7, 0xff, 0xf9,
    0xcf, 0xff, 0x40, 0x0, 0x0, 0x7, 0xff, 0xf9,
    0xcf, 0xff, 0x40, 0x0, 0x0, 0x7, 0xff, 0xf9,
    0xcf, 0xff, 0x40, 0x0, 0x0, 0x7, 0xff, 0xf9,
    0xcf, 0xff, 0x40, 0x0, 0x0, 0x7, 0xff, 0xf9,

    /* U+0069 "i" */
    0x5, 0xef, 0xb1, 0x2f, 0xff, 0xfa, 0x5f, 0xff,
    0xfd, 0x2f, 0xff, 0xfa, 0x5, 0xef, 0xb1, 0x0,
    0x0, 0x0, 0xc, 0xff, 0xf4, 0xc, 0xff, 0xf4,
    0xc, 0xff, 0xf4, 0xc, 0xff, 0xf4, 0xc, 0xff,
    0xf4, 0xc, 0xff, 0xf4, 0xc, 0xff, 0xf4, 0xc,
    0xff, 0xf4, 0xc, 0xff, 0xf4, 0xc, 0xff, 0xf4,
    0xc, 0xff, 0xf4, 0xc, 0xff, 0xf4, 0xc, 0xff,
    0xf4, 0xc, 0xff, 0xf4, 0xc, 0xff, 0xf4, 0xc,
    0xff, 0xf4,

    /* U+006A "j" */
    0x0, 0x4, 0xdf, 0xb1, 0x0, 0x1f, 0xff, 0xfb,
    0x0, 0x3f, 0xff, 0xfe, 0x0, 0x1f, 0xff, 0xfb,
    0x0, 0x5, 0xef, 0xc1, 0x0, 0x0, 0x0, 0x0,
    0x0, 0xb, 0xff, 0xf5, 0x0, 0xb, 0xff, 0xf5,
    0x0, 0xb, 0xff, 0xf5, 0x0, 0xb, 0xff, 0xf5,
    0x0, 0xb, 0xff, 0xf5, 0x0, 0xb, 0xff, 0xf5,
    0x0, 0xb, 0xff, 0xf5, 0x0, 0xb, 0xff, 0xf5,
    0x0, 0xb, 0xff, 0xf5, 0x0, 0xb, 0xff, 0xf5,
    0x0, 0xb, 0xff, 0xf5, 0x0, 0xb, 0xff, 0xf5,
    0x0, 0xb, 0xff, 0xf5, 0x0, 0xb, 0xff, 0xf5,
    0x0, 0xb, 0xff, 0xf5, 0x0, 0xb, 0xff, 0xf5,
    0x0, 0xb, 0xff, 0xf5, 0x0, 0xb, 0xff, 0xf5,
    0x46, 0x6e, 0xff, 0xf5, 0xbf, 0xff, 0xff, 0xf3,
    0xbf, 0xff, 0xff, 0xc0, 0xbf, 0xff, 0xea, 0x10,

    /* U+006B "k" */
    0xcf, 0xff, 0x40, 0x0, 0x0, 0x0, 0x0, 0x0,
    0xcf, 0xff, 0x40, 0x0, 0x0, 0x0, 0x0, 0x0,
    0xcf, 0xff, 0x40, 0x0, 0x0, 0x0, 0x0, 0x0,
    0xcf, 0xff, 0x40, 0x0, 0x0, 0x0, 0x0, 0x0,
    0xcf, 0xff, 0x40, 0x0, 0x0, 0x0, 0x0, 0x0,
    0xcf, 0xff, 0x40, 0x0, 0x0, 0x0, 0x0, 0x0,
    0xcf, 0xff, 0x40, 0x0, 0x5, 0xff, 0xff, 0xd1,
    0xcf, 0xff, 0x40, 0x0, 0x3f, 0xff, 0xfd, 0x10,
    0xcf, 0xff, 0x40, 0x2, 0xef, 0xff, 0xe1, 0x0,
    0xcf, 0xff, 0x40, 0x1e, 0xff, 0xfe, 0x20, 0x0,
    0xcf, 0xff, 0x40, 0xcf, 0xff, 0xe2, 0x0, 0x0,
    0xcf, 0xff, 0x4b, 0xff, 0xff, 0x30, 0x0, 0x0,
    0xcf, 0xff, 0xff, 0xff, 0xf4, 0x0, 0x0, 0x0,
    0xcf, 0xff, 0xff, 0xff, 0x50, 0x0, 0x0, 0x0,
    0xcf, 0xff, 0xff, 0xff, 0xa0, 0x0, 0x0, 0x0,
    0xcf, 0xff, 0xcf, 0xff, 0xf9, 0x0, 0x0, 0x0,
    0xcf, 0xff, 0x46, 0xff, 0xff, 0x80, 0x0, 0x0,
    0xcf, 0xff, 0x40, 0x8f, 0xff, 0xf7, 0x0, 0x0,
    0xcf, 0xff, 0x40, 0xa, 0xff, 0xff, 0x60, 0x0,
    0xcf, 0xff, 0x40, 0x0, 0xbf, 0xff, 0xf4, 0x0,
    0xcf, 0xff, 0x40, 0x0, 0x1d, 0xff, 0xff, 0x30,
    0xcf, 0xff, 0x40, 0x0, 0x1, 0xef, 0xff, 0xf3,

    /* U+006C "l" */
    0xcf, 0xff, 0x4c, 0xff, 0xf4, 0xcf, 0xff, 0x4c,
    0xff, 0xf4, 0xcf, 0xff, 0x4c, 0xff, 0xf4, 0xcf,
    0xff, 0x4c, 0xff, 0xf4, 0xcf, 0xff, 0x4c, 0xff,
    0xf4, 0xcf, 0xff, 0x4c, 0xff, 0xf4, 0xcf, 0xff,
    0x4c, 0xff, 0xf4, 0xcf, 0xff, 0x4c, 0xff, 0xf4,
    0xcf, 0xff, 0x4c, 0xff, 0xf4, 0xcf, 0xff, 0x4c,
    0xff, 0xf4, 0xcf, 0xff, 0x4c, 0xff, 0xf4,

    /* U+006D "m" */
    0xcf, 0xff, 0x30, 0x8e, 0xff, 0xb3, 0x0, 0x8,
    0xdf, 0xfc, 0x60, 0x0, 0xcf, 0xff, 0x3c, 0xff,
    0xff, 0xff, 0x40, 0xbf, 0xff, 0xff, 0xfb, 0x0,
    0xcf, 0xff, 0xff, 0xff, 0xff, 0xff, 0xea, 0xff,
    0xff, 0xff, 0xff, 0x70, 0xcf, 0xff, 0xfc, 0x55,
    0x9f, 0xff, 0xff, 0xf7, 0x46, 0xdf, 0xff, 0xe0,
    0xcf, 0xff, 0xc0, 0x0, 0x9, 0xff, 0xff, 0x40,
    0x0, 0x2f, 0xff, 0xf2, 0xcf, 0xff, 0x60, 0x0,
    0x5, 0xff, 0xfe, 0x0, 0x0, 0xd, 0xff, 0xf3,
    0xcf, 0xff, 0x40, 0x0, 0x4, 0xff, 0xfc, 0x0,
    0x0, 0xd, 0xff, 0xf3, 0xcf, 0xff, 0x40, 0x0,
    0x4, 0xff, 0xfc, 0x0, 0x0, 0xd, 0xff, 0xf3,
    0xcf, 0xff, 0x40, 0x0, 0x4, 0xff, 0xfc, 0x0,
    0x0, 0xd, 0xff, 0xf3, 0xcf, 0xff, 0x40, 0x0,
    0x4, 0xff, 0xfc, 0x0, 0x0, 0xd, 0xff, 0xf3,
    0xcf, 0xff, 0x40, 0x0, 0x4, 0xff, 0xfc, 0x0,
    0x0, 0xd, 0xff, 0xf3, 0xcf, 0xff, 0x40, 0x0,
    0x4, 0xff, 0xfc, 0x0, 0x0, 0xd, 0xff, 0xf3,
    0xcf, 0xff, 0x40, 0x0, 0x4, 0xff, 0xfc, 0x0,
    0x0, 0xd, 0xff, 0xf3, 0xcf, 0xff, 0x40, 0x0,
    0x4, 0xff, 0xfc, 0x0, 0x0, 0xd, 0xff, 0xf3,
    0xcf, 0xff, 0x40, 0x0, 0x4, 0xff, 0xfc, 0x0,
    0x0, 0xd, 0xff, 0xf3, 0xcf, 0xff, 0x40, 0x0,
    0x4, 0xff, 0xfc, 0x0, 0x0, 0xd, 0xff, 0xf3,

    /* U+006E "n" */
    0xcf, 0xff, 0x30, 0x6c, 0xff, 0xea, 0x30, 0x0,
    0xcf, 0xff, 0x3a, 0xff, 0xff, 0xff, 0xf8, 0x0,
    0xcf, 0xff, 0xdf, 0xff, 0xff, 0xff, 0xff, 0x60,
    0xcf, 0xff, 0xff, 0xa6, 0x58, 0xff, 0xff, 0xe0,
    0xcf, 0xff, 0xf5, 0x0, 0x0, 0x2f, 0xff, 0xf5,
    0xcf, 0xff, 0xb0, 0x0, 0x0, 0xa, 0xff, 0xf8,
    0xcf, 0xff, 0x60, 0x0, 0x0, 0x7, 0xff, 0xf9,
    0xcf, 0xff, 0x40, 0x0, 0x0, 0x7, 0xff, 0xf9,
    0xcf, 0xff, 0x40, 0x0, 0x0, 0x7, 0xff, 0xf9,
    0xcf, 0xff, 0x40, 0x0, 0x0, 0x7, 0xff, 0xf9,
    0xcf, 0xff, 0x40, 0x0, 0x0, 0x7, 0xff, 0xf9,
    0xcf, 0xff, 0x40, 0x0, 0x0, 0x7, 0xff, 0xf9,
    0xcf, 0xff, 0x40, 0x0, 0x0, 0x7, 0xff, 0xf9,
    0xcf, 0xff, 0x40, 0x0, 0x0, 0x7, 0xff, 0xf9,
    0xcf, 0xff, 0x40, 0x0, 0x0, 0x7, 0xff, 0xf9,
    0xcf, 0xff, 0x40, 0x0, 0x0, 0x7, 0xff, 0xf9,

    /* U+006F "o" */
    0x0, 0x0, 0x17, 0xbe, 0xff, 0xda, 0x40, 0x0,
    0x0, 0x0, 0x7, 0xff, 0xff, 0xff, 0xff, 0xfd,
    0x20, 0x0, 0x0, 0x9f, 0xff, 0xff, 0xff, 0xff,
    0xff, 0xf3, 0x0, 0x6, 0xff, 0xff, 0xfa, 0x89,
    0xcf, 0xff, 0xfe, 0x10, 0xe, 0xff, 0xfc, 0x10,
    0x0, 0x5, 0xff, 0xff, 0x70, 0x4f, 0xff, 0xf1,
    0x0, 0x0, 0x0, 0x7f, 0xff, 0xd0, 0x7f, 0xff,
    0xa0, 0x0, 0x0, 0x0, 0x1f, 0xff, 0xf0, 0x8f,
    0xff, 0x80, 0x0, 0x0, 0x0, 0xf, 0xff, 0xf1,
    0x8f, 0xff, 0x80, 0x0, 0x0, 0x0, 0xf, 0xff,
    0xf1, 0x7f, 0xff, 0xa0, 0x0, 0x0, 0x0, 0x1f,
    0xff, 0xf0, 0x4f, 0xff, 0xf1, 0x0, 0x0, 0x0,
    0x7f, 0xff, 0xd0, 0xe, 0xff, 0xfc, 0x10, 0x0,
    0x5, 0xff, 0xff, 0x70, 0x6, 0xff, 0xff, 0xfa,
    0x89, 0xdf, 0xff, 0xfe, 0x10, 0x0, 0x9f, 0xff,
    0xff, 0xff, 0xff, 0xff, 0xf3, 0x0, 0x0, 0x7,
    0xff, 0xff, 0xff, 0xff, 0xfd, 0x20, 0x0, 0x0,
    0x0, 0x17, 0xbe, 0xff, 0xda, 0x40, 0x0, 0x0,

    /* U+0070 "p" */
    0xcf, 0xff, 0x30, 0x6c, 0xef, 0xfc, 0x71, 0x0,
    0xc, 0xff, 0xf3, 0xbf, 0xff, 0xff, 0xff, 0xe4,
    0x0, 0xcf, 0xff, 0xff, 0xff, 0xff, 0xff, 0xff,
    0xf3, 0xc, 0xff, 0xff, 0xfd, 0x87, 0x8d, 0xff,
    0xff, 0xe0, 0xcf, 0xff, 0xf8, 0x0, 0x0, 0x7,
    0xff, 0xff, 0x6c, 0xff, 0xfb, 0x0, 0x0, 0x0,
    0xa, 0xff, 0xfa, 0xcf, 0xff, 0x50, 0x0, 0x0,
    0x0, 0x4f, 0xff, 0xdc, 0xff, 0xf3, 0x0, 0x0,
    0x0, 0x1, 0xff, 0xfe, 0xcf, 0xff, 0x30, 0x0,
    0x0, 0x0, 0x1f, 0xff, 0xec, 0xff, 0xf5, 0x0,
    0x0, 0x0, 0x4, 0xff, 0xfd, 0xcf, 0xff, 0xb0,
    0x0, 0x0, 0x0, 0xaf, 0xff, 0xac, 0xff, 0xff,
    0x90, 0x0, 0x0, 0x7f, 0xff, 0xf6, 0xcf, 0xff,
    0xff, 0xe9, 0x78, 0xdf, 0xff, 0xfe, 0xc, 0xff,
    0xfe, 0xff, 0xff, 0xff, 0xff, 0xff, 0x30, 0xcf,
    0xff, 0x49, 0xff, 0xff, 0xff, 0xfe, 0x40, 0xc,
    0xff, 0xf4, 0x5, 0xbe, 0xff, 0xc7, 0x10, 0x0,
    0xcf, 0xff, 0x40, 0x0, 0x0, 0x0, 0x0, 0x0,
    0xc, 0xff, 0xf4, 0x0, 0x0, 0x0, 0x0, 0x0,
    0x0, 0xcf, 0xff, 0x40, 0x0, 0x0, 0x0, 0x0,
    0x0, 0xc, 0xff, 0xf4, 0x0, 0x0, 0x0, 0x0,
    0x0, 0x0, 0xcf, 0xff, 0x40, 0x0, 0x0, 0x0,
    0x0, 0x0, 0xc, 0xff, 0xf4, 0x0, 0x0, 0x0,
    0x0, 0x0, 0x0,

    /* U+0071 "q" */
    0x0, 0x0, 0x4a, 0xef, 0xfd, 0x91, 0xc, 0xff,
    0xf2, 0x0, 0x1b, 0xff, 0xff, 0xff, 0xfe, 0x3c,
    0xff, 0xf2, 0x0, 0xcf, 0xff, 0xff, 0xff, 0xff,
    0xff, 0xff, 0xf2, 0x7, 0xff, 0xff, 0xfa, 0x77,
    0xbf, 0xff, 0xff, 0xf2, 0xf, 0xff, 0xfc, 0x10,
    0x0, 0x3, 0xef, 0xff, 0xf2, 0x4f, 0xff, 0xf1,
    0x0, 0x0, 0x0, 0x5f, 0xff, 0xf2, 0x7f, 0xff,
    0xa0, 0x0, 0x0, 0x0, 0xf, 0xff, 0xf2, 0x8f,
    0xff, 0x80, 0x0, 0x0, 0x0, 0xd, 0xff, 0xf2,
    0x8f, 0xff, 0x80, 0x0, 0x0, 0x0, 0xd, 0xff,
    0xf2, 0x7f, 0xff, 0xa0, 0x0, 0x0, 0x0, 0xf,
    0xff, 0xf2, 0x4f, 0xff, 0xf1, 0x0, 0x0, 0x0,
    0x5f, 0xff, 0xf2, 0xf, 0xff, 0xfc, 0x10, 0x0,
    0x3, 0xef, 0xff, 0xf2, 0x7, 0xff, 0xff, 0xfa,
    0x78, 0xbf, 0xff, 0xff, 0xf2, 0x0, 0xcf, 0xff,
    0xff, 0xff, 0xff, 0xff, 0xff, 0xf2, 0x0, 0x1b,
    0xff, 0xff, 0xff, 0xfe, 0x2d, 0xff, 0xf2, 0x0,
    0x0, 0x4a, 0xef, 0xfd, 0x81, 0xd, 0xff, 0xf2,
    0x0, 0x0, 0x0, 0x0, 0x0, 0x0, 0xd, 0xff,
    0xf2, 0x0, 0x0, 0x0, 0x0, 0x0, 0x0, 0xd,
    0xff, 0xf2, 0x0, 0x0, 0x0, 0x0, 0x0, 0x0,
    0xd, 0xff, 0xf2, 0x0, 0x0, 0x0, 0x0, 0x0,
    0x0, 0xd, 0xff, 0xf2, 0x0, 0x0, 0x0, 0x0,
    0x0, 0x0, 0xd, 0xff, 0xf2, 0x0, 0x0, 0x0,
    0x0, 0x0, 0x0, 0xd, 0xff, 0xf2,

    /* U+0072 "r" */
    0xcf, 0xff, 0x34, 0xcf, 0xfc, 0xcf, 0xff, 0x7f,
    0xff, 0xfc, 0xcf, 0xff, 0xff, 0xff, 0xfc, 0xcf,
    0xff, 0xff, 0xa7, 0x75, 0xcf, 0xff, 0xe2, 0x0,
    0x0, 0xcf, 0xff, 0x70, 0x0, 0x0, 0xcf, 0xff,
    0x40, 0x0, 0x0, 0xcf, 0xff, 0x40, 0x0, 0x0,
    0xcf, 0xff, 0x40, 0x0, 0x0, 0xcf, 0xff, 0x40,
    0x0, 0x0, 0xcf, 0xff, 0x40, 0x0, 0x0, 0xcf,
    0xff, 0x40, 0x0, 0x0, 0xcf, 0xff, 0x40, 0x0,
    0x0, 0xcf, 0xff, 0x40, 0x0, 0x0, 0xcf, 0xff,
    0x40, 0x0, 0x0, 0xcf, 0xff, 0x40, 0x0, 0x0,

    /* U+0073 "s" */
    0x0, 0x4, 0xad, 0xff, 0xeb, 0x60, 0x0, 0x0,
    0xa, 0xff, 0xff, 0xff, 0xff, 0xe3, 0x0, 0x8,
    0xff, 0xff, 0xff, 0xff, 0xff, 0xf2, 0x0, 0xef,
    0xff, 0x82, 0x25, 0xdf, 0xff, 0xa0, 0x1f, 0xff,
    0xd0, 0x0, 0x2, 0xfd, 0x83, 0x0, 0xff, 0xff,
    0x60, 0x0, 0x1, 0x0, 0x0, 0x9, 0xff, 0xff,
    0xfc, 0x96, 0x20, 0x0, 0x0, 0xb, 0xff, 0xff,
    0xff, 0xff, 0xd5, 0x0, 0x0, 0x5, 0xbf, 0xff,
    0xff, 0xff, 0xf8, 0x0, 0x0, 0x0, 0x4, 0x7a,
    0xef, 0xff, 0xf3, 0x4, 0x8c, 0x20, 0x0, 0x0,
    0xbf, 0xff, 0x78, 0xff, 0xfa, 0x0, 0x0, 0x7,
    0xff, 0xf7, 0x2f, 0xff, 0xfb, 0x42, 0x36, 0xff,
    0xff, 0x40, 0x8f, 0xff, 0xff, 0xff, 0xff, 0xff,
    0xc0, 0x0, 0x8f, 0xff, 0xff, 0xff, 0xff, 0xc1,
    0x0, 0x0, 0x28, 0xce, 0xff, 0xea, 0x50, 0x0,

    /* U+0074 "t" */
    0x0, 0x0, 0x18, 0x88, 0x60, 0x0, 0x0, 0x0,
    0x0, 0x3f, 0xff, 0xd0, 0x0, 0x0, 0x0, 0x0,
    0x3f, 0xff, 0xd0, 0x0, 0x0, 0x0, 0x0, 0x3f,
    0xff, 0xd0, 0x0, 0x0, 0x0, 0x0, 0x3f, 0xff,
    0xd0, 0x0, 0x0, 0x2f, 0xff, 0xff, 0xff, 0xff,
    0xff, 0xf3, 0x2f, 0xff, 0xff, 0xff, 0xff, 0xff,
    0xf3, 0x2f, 0xff, 0xff, 0xff, 0xff, 0xff, 0xf3,
    0x4, 0x44, 0x6f, 0xff, 0xe4, 0x44, 0x40, 0x0,
    0x0, 0x3f, 0xff, 0xd0, 0x0, 0x0, 0x0, 0x0,
    0x3f, 0xff, 0xd0, 0x0, 0x0, 0x0, 0x0, 0x3f,
    0xff, 0xd0, 0x0, 0x0, 0x0, 0x0, 0x3f, 0xff,
    0xd0, 0x0, 0x0, 0x0, 0x0, 0x3f, 0xff, 0xd0,
    0x0, 0x0, 0x0, 0x0, 0x3f, 0xff, 0xd0, 0x0,
    0x0, 0x0, 0x0, 0x3f, 0xff, 0xd0, 0x0, 0x0,
    0x0, 0x0, 0x3f, 0xff, 0xd0, 0x0, 0x0, 0x0,
    0x0, 0x3f, 0xff, 0xf5, 0x44, 0x30, 0x0, 0x0,
    0xf, 0xff, 0xff, 0xff, 0xc0, 0x0, 0x0, 0x9,
    0xff, 0xff, 0xff, 0xc0, 0x0, 0x0, 0x0, 0x8e,
    0xff, 0xff, 0xc0,

    /* U+0075 "u" */
    0xef, 0xff, 0x20, 0x0, 0x0, 0x9, 0xff, 0xf7,
    0xef, 0xff, 0x20, 0x0, 0x0, 0x9, 0xff, 0xf7,
    0xef, 0xff, 0x20, 0x0, 0x0, 0x9, 0xff, 0xf7,
    0xef, 0xff, 0x20, 0x0, 0x0, 0x9, 0xff, 0xf7,
    0xef, 0xff, 0x20, 0x0, 0x0, 0x9, 0xff, 0xf7,
    0xef, 0xff, 0x20, 0x0, 0x0, 0x9, 0xff, 0xf7,
    0xef, 0xff, 0x20, 0x0, 0x0, 0x9, 0xff, 0xf7,
    0xef, 0xff, 0x20, 0x0, 0x0, 0x9, 0xff, 0xf7,
    0xef, 0xff, 0x20, 0x0, 0x0, 0x9, 0xff, 0xf7,
    0xef, 0xff, 0x20, 0x0, 0x0, 0xb, 0xff, 0xf7,
    0xdf, 0xff, 0x50, 0x0, 0x0, 0x1f, 0xff, 0xf7,
    0x9f, 0xff, 0xc0, 0x0, 0x0, 0xaf, 0xff, 0xf7,
    0x4f, 0xff, 0xfd, 0x75, 0x7c, 0xff, 0xff, 0xf7,
    0xb, 0xff, 0xff, 0xff, 0xff, 0xfe, 0xff, 0xf7,
    0x1, 0xcf, 0xff, 0xff, 0xff, 0x68, 0xff, 0xf7,
    0x0, 0x6, 0xcf, 0xfe, 0xb4, 0x8, 0xff, 0xf7,

    /* U+0076 "v" */
    0x5f, 0xff, 0xe0, 0x0, 0x0, 0x0, 0x6f, 0xff,
    0xd0, 0xf, 0xff, 0xf3, 0x0, 0x0, 0x0, 0xbf,
    0xff, 0x80, 0xb, 0xff, 0xf8, 0x0, 0x0, 0x0,
    0xff, 0xff, 0x30, 0x6, 0xff, 0xfc, 0x0, 0x0,
    0x4, 0xff, 0xfe, 0x0, 0x1, 0xff, 0xff, 0x10,
    0x0, 0x8, 0xff, 0xf9, 0x0, 0x0, 0xcf, 0xff,
    0x50, 0x0, 0xc, 0xff, 0xf4, 0x0, 0x0, 0x6f,
    0xff, 0xa0, 0x0, 0x1f, 0xff, 0xf0, 0x0, 0x0,
    0x1f, 0xff, 0xe0, 0x0, 0x5f, 0xff, 0xa0, 0x0,
    0x0, 0xc, 0xff, 0xf3, 0x0, 0xaf, 0xff, 0x50,
    0x0, 0x0, 0x7, 0xff, 0xf7, 0x0, 0xef, 0xff,
    0x0, 0x0, 0x0, 0x2, 0xff, 0xfc, 0x3, 0xff,
    0xfb, 0x0, 0x0, 0x0, 0x0, 0xdf, 0xff, 0x7,
    0xff, 0xf6, 0x0, 0x0, 0x0, 0x0, 0x8f, 0xff,
    0x5c, 0xff, 0xf1, 0x0, 0x0, 0x0, 0x0, 0x3f,
    0xff, 0xff, 0xff, 0xc0, 0x0, 0x0, 0x0, 0x0,
    0xe, 0xff, 0xff, 0xff, 0x70, 0x0, 0x0, 0x0,
    0x0, 0x9, 0xff, 0xff, 0xff, 0x20, 0x0, 0x0,

    /* U+0077 "w" */
    0xaf, 0xff, 0x50, 0x0, 0xcf, 0xff, 0xff, 0xd0,
    0x0, 0x3f, 0xff, 0xb8, 0xff, 0xf7, 0x0, 0xe,
    0xff, 0xff, 0xff, 0x0, 0x5, 0xff, 0xf9, 0x5f,
    0xff, 0x80, 0x1, 0xff, 0xfc, 0xff, 0xf2, 0x0,
    0x7f, 0xff, 0x73, 0xff, 0xfa, 0x0, 0x3f, 0xff,
    0x2f, 0xff, 0x50, 0x8, 0xff, 0xf5, 0x1f, 0xff,
    0xc0, 0x6, 0xff, 0xf0, 0xef, 0xf7, 0x0, 0xaf,
    0xff, 0x20, 0xff, 0xfd, 0x0, 0x8f, 0xfd, 0xb,
    0xff, 0xa0, 0xc, 0xff, 0xf0, 0xd, 0xff, 0xf0,
    0xa, 0xff, 0xa0, 0x9f, 0xfc, 0x0, 0xdf, 0xfe,
    0x0, 0xaf, 0xff, 0x10, 0xdf, 0xf8, 0x6, 0xff,
    0xe0, 0xf, 0xff, 0xc0, 0x8, 0xff, 0xf2, 0xf,
    0xff, 0x50, 0x4f, 0xff, 0x11, 0xff, 0xf9, 0x0,
    0x6f, 0xff, 0x42, 0xff, 0xf3, 0x2, 0xff, 0xf3,
    0x3f, 0xff, 0x70, 0x4, 0xff, 0xf6, 0x4f, 0xff,
    0x0, 0xf, 0xff, 0x64, 0xff, 0xf5, 0x0, 0x1f,
    0xff, 0x77, 0xff, 0xe0, 0x0, 0xdf, 0xf8, 0x6f,
    0xff, 0x30, 0x0, 0xff, 0xf9, 0x9f, 0xfb, 0x0,
    0xa, 0xff, 0xb8, 0xff, 0xf0, 0x0, 0xd, 0xff,
    0xee, 0xff, 0x90, 0x0, 0x8f, 0xfe, 0xdf, 0xfe,
    0x0, 0x0, 0xbf, 0xff, 0xff, 0xf6, 0x0, 0x5,
    0xff, 0xff, 0xff, 0xc0, 0x0, 0x8, 0xff, 0xff,
    0xff, 0x40, 0x0, 0x3f, 0xff, 0xff, 0xfa, 0x0,

    /* U+0078 "x" */
    0xc, 0xff, 0xfd, 0x0, 0x0, 0x0, 0xe, 0xff,
    0xfb, 0x0, 0x2f, 0xff, 0xf7, 0x0, 0x0, 0x8,
    0xff, 0xfe, 0x10, 0x0, 0x6f, 0xff, 0xf2, 0x0,
    0x3, 0xff, 0xff, 0x50, 0x0, 0x0, 0xbf, 0xff,
    0xb0, 0x0, 0xcf, 0xff, 0xa0, 0x0, 0x0, 0x1,
    0xff, 0xff, 0x50, 0x6f, 0xff, 0xe1, 0x0, 0x0,
    0x0, 0x5, 0xff, 0xfe, 0x3e, 0xff, 0xf5, 0x0,
    0x0, 0x0, 0x0, 0xb, 0xff, 0xff, 0xff, 0xfa,
    0x0, 0x0, 0x0, 0x0, 0x0, 0x1e, 0xff, 0xff,
    0xfe, 0x10, 0x0, 0x0, 0x0, 0x0, 0x0, 0x9f,
    0xff, 0xff, 0x80, 0x0, 0x0, 0x0, 0x0, 0x0,
    0x4f, 0xff, 0xff, 0xff, 0x30, 0x0, 0x0, 0x0,
    0x0, 0x1e, 0xff, 0xff, 0xff, 0xfe, 0x10, 0x0,
    0x0, 0x0, 0xc, 0xff, 0xfc, 0x1d, 0xff, 0xfb,
    0x0, 0x0, 0x0, 0x8, 0xff, 0xff, 0x20, 0x2f,
    0xff, 0xf7, 0x0, 0x0, 0x4, 0xff, 0xff, 0x60,
    0x0, 0x6f, 0xff, 0xf3, 0x0, 0x1, 0xef, 0xff,
    0xa0, 0x0, 0x0, 0xbf, 0xff, 0xe1, 0x0, 0xcf,
    0xff, 0xd0, 0x0, 0x0, 0x1, 0xef, 0xff, 0xb0,

    /* U+0079 "y" */
    0xef, 0xff, 0x20, 0x0, 0x0, 0x9, 0xff, 0xf7,
    0xef, 0xff, 0x20, 0x0, 0x0, 0x9, 0xff, 0xf7,
    0xef, 0xff, 0x20, 0x0, 0x0, 0x9, 0xff, 0xf7,
    0xef, 0xff, 0x20, 0x0, 0x0, 0x9, 0xff, 0xf7,
    0xef, 0xff, 0x20, 0x0, 0x0, 0x9, 0xff, 0xf7,
    0xef, 0xff, 0x20, 0x0, 0x0, 0x9, 0xff, 0xf7,
    0xef, 0xff, 0x20, 0x0, 0x0, 0x9, 0xff, 0xf7,
    0xef, 0xff, 0x20, 0x0, 0x0, 0x9, 0xff, 0xf7,
    0xef, 0xff, 0x20, 0x0, 0x0, 0x9, 0xff, 0xf7,
    0xef, 0xff, 0x20, 0x0, 0x0, 0xb, 0xff, 0xf7,
    0xdf, 0xff, 0x50, 0x0, 0x0, 0x1f, 0xff, 0xf7,
    0x9f, 0xff, 0xc0, 0x0, 0x0, 0xaf, 0xff, 0xf7,
    0x4f, 0xff, 0xfd, 0x75, 0x7c, 0xff, 0xff, 0xf7,
    0xb, 0xff, 0xff, 0xff, 0xff, 0xfd, 0xff, 0xf7,
    0x1, 0xcf, 0xff, 0xff, 0xff, 0x58, 0xff, 0xf7,
    0x0, 0x6, 0xcf, 0xfe, 0xb3, 0x8, 0xff, 0xf7,
    0x0, 0x0, 0x0, 0x0, 0x0, 0x8, 0xff, 0xf7,
    0x0, 0x0, 0x0, 0x0, 0x0, 0x8, 0xff, 0xf7,
    0x0, 0x77, 0x77, 0x77, 0x77, 0x7d, 0xff, 0xf7,
    0x0, 0xff, 0xff, 0xff, 0xff, 0xff, 0xff, 0xf5,
    0x0, 0xff, 0xff, 0xff, 0xff, 0xff, 0xff, 0xd0,
    0x0, 0xff, 0xff, 0xff, 0xff, 0xff, 0xfa, 0x10,

    /* U+007A "z" */
    0xf, 0xff, 0xff, 0xff, 0xff, 0xff, 0xfc, 0x0,
    0xff, 0xff, 0xff, 0xff, 0xff, 0xff, 0xc0, 0xf,
    0xff, 0xff, 0xff, 0xff, 0xff, 0xfc, 0x0, 0x44,
    0x44, 0x44, 0x44, 0xcf, 0xff, 0xc0, 0x0, 0x0,
    0x0, 0x0, 0x7f, 0xff, 0xfc, 0x0, 0x0, 0x0,
    0x0, 0x9f, 0xff, 0xfd, 0x10, 0x0, 0x0, 0x1,
    0xbf, 0xff, 0xfb, 0x0, 0x0, 0x0, 0x2, 0xdf,
    0xff, 0xf9, 0x0, 0x0, 0x0, 0x3, 0xef, 0xff,
    0xf6, 0x0, 0x0, 0x0, 0x5, 0xff, 0xff, 0xf4,
    0x0, 0x0, 0x0, 0x8, 0xff, 0xff, 0xe3, 0x0,
    0x0, 0x0, 0x5, 0xff, 0xff, 0xc1, 0x0, 0x0,
    0x0, 0x0, 0x5f, 0xff, 0xf5, 0x44, 0x44, 0x44,
    0x44, 0x5, 0xff, 0xff, 0xff, 0xff, 0xff, 0xff,
    0xf0, 0x5f, 0xff, 0xff, 0xff, 0xff, 0xff, 0xff,
    0x5, 0xff, 0xff, 0xff, 0xff, 0xff, 0xff, 0xf0,

    /* U+007B "{" */
    0x0, 0x0, 0x0, 0x15, 0x66, 0x66, 0x62, 0x0,
    0x0, 0x5, 0xff, 0xff, 0xff, 0xf6, 0x0, 0x0,
    0x1f, 0xff, 0xff, 0xff, 0xf6, 0x0, 0x0, 0x4f,
    0xff, 0xff, 0xff, 0xf6, 0x0, 0x0, 0x4f, 0xff,
    0xb0, 0x0, 0x0, 0x0, 0x0, 0x4f, 0xff, 0x90,
    0x0, 0x0, 0x0, 0x0, 0x4f, 0xff, 0x90, 0x0,
    0x0, 0x0, 0x0, 0x4f, 0xff, 0x90, 0x0, 0x0,
    0x0, 0x0, 0x4f, 0xff, 0x90, 0x0, 0x0, 0x0,
    0x0, 0x4f, 0xff, 0x90, 0x0, 0x0, 0x0, 0x0,
    0x4f, 0xff, 0x90, 0x0, 0x0, 0x0, 0x0, 0x4f,
    0xff, 0x90, 0x0, 0x0, 0x0, 0x0, 0x4f, 0xff,
    0x90, 0x0, 0x0, 0x0, 0x0, 0x5f, 0xff, 0x90,
    0x0, 0x0, 0xac, 0xcc, 0xef, 0xff, 0x50, 0x0,
    0x0, 0xdf, 0xff, 0xff, 0xc6, 0x0, 0x0, 0x0,
    0xdf, 0xff, 0xfd, 0x83, 0x0, 0x0, 0x0, 0xdf,
    0xff, 0xff, 0xff, 0x20, 0x0, 0x0, 0x0, 0x0,
    0x7f, 0xff, 0x80, 0x0, 0x0, 0x0, 0x0, 0x4f,
    0xff, 0x90, 0x0, 0x0, 0x0, 0x0, 0x4f, 0xff,
    0x90, 0x0, 0x0, 0x0, 0x0, 0x4f, 0xff, 0x90,
    0x0, 0x0, 0x0, 0x0, 0x4f, 0xff, 0x90, 0x0,
    0x0, 0x0, 0x0, 0x4f, 0xff, 0x90, 0x0, 0x0,
    0x0, 0x0, 0x4f, 0xff, 0x90, 0x0, 0x0, 0x0,
    0x0, 0x4f, 0xff, 0x90, 0x0, 0x0, 0x0, 0x0,
    0x4f, 0xff, 0x90, 0x0, 0x0, 0x0, 0x0, 0x4f,
    0xff, 0x90, 0x0, 0x0, 0x0, 0x0, 0x4f, 0xff,
    0xe6, 0x66, 0x62, 0x0, 0x0, 0x3f, 0xff, 0xff,
    0xff, 0xf6, 0x0, 0x0, 0xd, 0xff, 0xff, 0xff,
    0xf6, 0x0, 0x0, 0x1, 0xaf, 0xff, 0xff, 0xf6,

    /* U+007C "|" */
    0x0, 0x0, 0xe, 0xff, 0xf2, 0xef, 0xff, 0x2e,
    0xff, 0xf2, 0xef, 0xff, 0x2e, 0xff, 0xf2, 0xef,
    0xff, 0x2e, 0xff, 0xf2, 0xef, 0xff, 0x2e, 0xff,
    0xf2, 0xef, 0xff, 0x2e, 0xff, 0xf2, 0xef, 0xff,
    0x2e, 0xff, 0xf2, 0xef, 0xff, 0x2e, 0xff, 0xf2,
    0xef, 0xff, 0x2e, 0xff, 0xf2, 0xef, 0xff, 0x2e,
    0xff, 0xf2, 0xef, 0xff, 0x2e, 0xff, 0xf2, 0xef,
    0xff, 0x2e, 0xff, 0xf2, 0xef, 0xff, 0x2e, 0xff,
    0xf2, 0xef, 0xff, 0x2e, 0xff, 0xf2, 0xef, 0xff,
    0x2e, 0xff, 0xf2, 0xef, 0xff, 0x2e, 0xff, 0xf2,
    0xef, 0xff, 0x2e, 0xff, 0xf2,

    /* U+007D "}" */
    0x36, 0x66, 0x66, 0x51, 0x0, 0x0, 0x0, 0x7f,
    0xff, 0xff, 0xff, 0x40, 0x0, 0x0, 0x7f, 0xff,
    0xff, 0xff, 0xe0, 0x0, 0x0, 0x7f, 0xff, 0xff,
    0xff, 0xf3, 0x0, 0x0, 0x0, 0x0, 0xd, 0xff,
    0xf3, 0x0, 0x0, 0x0, 0x0, 0xb, 0xff, 0xf3,
    0x0, 0x0, 0x0, 0x0, 0xb, 0xff, 0xf3, 0x0,
    0x0, 0x0, 0x0, 0xb, 0xff, 0xf3, 0x0, 0x0,
    0x0, 0x0, 0xb, 0xff, 0xf3, 0x0, 0x0, 0x0,
    0x0, 0xb, 0xff, 0xf3, 0x0, 0x0, 0x0, 0x0,
    0xb, 0xff, 0xf3, 0x0, 0x0, 0x0, 0x0, 0xb,
    0xff, 0xf3, 0x0, 0x0, 0x0, 0x0, 0xb, 0xff,
    0xf3, 0x0, 0x0, 0x0, 0x0, 0xa, 0xff, 0xf4,
    0x0, 0x0, 0x0, 0x0, 0x6, 0xff, 0xfe, 0xcc,
    0xc9, 0x0, 0x0, 0x0, 0x7d, 0xff, 0xff, 0xfc,
    0x0, 0x0, 0x0, 0x39, 0xef, 0xff, 0xfc, 0x0,
    0x0, 0x4, 0xff, 0xff, 0xff, 0xfc, 0x0, 0x0,
    0xa, 0xff, 0xf5, 0x0, 0x0, 0x0, 0x0, 0xb,
    0xff, 0xf3, 0x0, 0x0, 0x0, 0x0, 0xb, 0xff,
    0xf3, 0x0, 0x0, 0x0, 0x0, 0xb, 0xff, 0xf3,
    0x0, 0x0, 0x0, 0x0, 0xb, 0xff, 0xf3, 0x0,
    0x0, 0x0, 0x0, 0xb, 0xff, 0xf3, 0x0, 0x0,
    0x0, 0x0, 0xb, 0xff, 0xf3, 0x0, 0x0, 0x0,
    0x0, 0xb, 0xff, 0xf3, 0x0, 0x0, 0x0, 0x0,
    0xb, 0xff, 0xf3, 0x0, 0x0, 0x0, 0x0, 0xb,
    0xff, 0xf3, 0x0, 0x0, 0x36, 0x66, 0x6e, 0xff,
    0xf3, 0x0, 0x0, 0x7f, 0xff, 0xff, 0xff, 0xf2,
    0x0, 0x0, 0x7f, 0xff, 0xff, 0xff, 0xb0, 0x0,
    0x0, 0x7f, 0xff, 0xff, 0xfa, 0x10, 0x0, 0x0,

    /* U+007E "~" */
    0x0, 0x0, 0x0, 0x0, 0x0, 0x0, 0x0, 0x0,
    0x0, 0x0, 0x0, 0x19, 0xef, 0xb1, 0x0, 0x0,
    0xaa, 0x0, 0x0, 0x4, 0xef, 0xff, 0xfd, 0x0,
    0x1c, 0xff, 0x60, 0x0, 0x8f, 0xff, 0xff, 0xff,
    0xa6, 0xef, 0xff, 0xf2, 0x2c, 0xff, 0xff, 0xff,
    0xff, 0xff, 0xff, 0xff, 0xa0, 0x4f, 0xff, 0xfc,
    0x5c, 0xff, 0xff, 0xff, 0xf6, 0x0, 0x7, 0xff,
    0x80, 0x1, 0xef, 0xff, 0xfd, 0x20, 0x0, 0x0,
    0x94, 0x0, 0x0, 0x3c, 0xfe, 0x80, 0x0, 0x0,

    /* U+00A0 " " */

    /* U+00A1 "¡" */
    0x2, 0xbf, 0xe7, 0x0, 0xdf, 0xff, 0xf6, 0x3f,
    0xff, 0xff, 0xc3, 0xff, 0xff, 0xfc, 0xd, 0xff,
    0xff, 0x60, 0x1a, 0xed, 0x70, 0x0, 0x0, 0x0,
    0x0, 0x2a, 0xaa, 0x80, 0x4, 0xff, 0xfd, 0x0,
    0x4f, 0xff, 0xd0, 0x4, 0xff, 0xfd, 0x0, 0x4f,
    0xff, 0xd0, 0x4, 0xff, 0xfd, 0x0, 0x4f, 0xff,
    0xd0, 0x4, 0xff, 0xfd, 0x0, 0x4f, 0xff, 0xd0,
    0x4, 0xff, 0xfd, 0x0, 0x4f, 0xff, 0xd0, 0x4,
    0xff, 0xfd, 0x0, 0x4f, 0xff, 0xd0, 0x4, 0xff,
    0xfd, 0x0, 0x4f, 0xff, 0xd0,

    /* U+00A2 "¢" */
    0x0, 0x0, 0x0, 0x7, 0x88, 0x50, 0x0, 0x0,
    0x0, 0x0, 0x0, 0x0, 0xef, 0xfb, 0x0, 0x0,
    0x0, 0x0, 0x0, 0x0, 0xe, 0xff, 0xb0, 0x0,
    0x0, 0x0, 0x0, 0x0, 0x0, 0xef, 0xfb, 0x0,
    0x0, 0x0, 0x0, 0x0, 0x16, 0xbf, 0xff, 0xfa,
    0x50, 0x0, 0x0, 0x0, 0x5e, 0xff, 0xff, 0xff,
    0xff, 0xc2, 0x0, 0x0, 0x7f, 0xff, 0xff, 0xff,
    0xff, 0xff, 0xe2, 0x0, 0x4f, 0xff, 0xff, 0xff,
    0xff, 0xff, 0xff, 0xc0, 0xc, 0xff, 0xfd, 0x2e,
    0xff, 0xb5, 0xff, 0xff, 0x42, 0xff, 0xff, 0x30,
    0xef, 0xfb, 0x9, 0xff, 0xf9, 0x5f, 0xff, 0xc0,
    0xe, 0xff, 0xb0, 0x38, 0x52, 0x6, 0xff, 0xfa,
    0x0, 0xef, 0xfb, 0x0, 0x0, 0x0, 0x6f, 0xff,
    0xa0, 0xe, 0xff, 0xb0, 0x0, 0x0, 0x5, 0xff,
    0xfc, 0x0, 0xef, 0xfb, 0x2, 0x95, 0x20, 0x2f,
    0xff, 0xf3, 0xe, 0xff, 0xb0, 0x8f, 0xff, 0xa0,
    0xcf, 0xff, 0xd2, 0xef, 0xfb, 0x4f, 0xff, 0xf5,
    0x4, 0xff, 0xff, 0xff, 0xff, 0xff, 0xff, 0xfc,
    0x0, 0x7, 0xff, 0xff, 0xff, 0xff, 0xff, 0xfe,
    0x20, 0x0, 0x5, 0xef, 0xff, 0xff, 0xff, 0xfc,
    0x20, 0x0, 0x0, 0x1, 0x6b, 0xff, 0xff, 0xa5,
    0x0, 0x0, 0x0, 0x0, 0x0, 0xe, 0xff, 0xb0,
    0x0, 0x0, 0x0, 0x0, 0x0, 0x0, 0xef, 0xfb,
    0x0, 0x0, 0x0, 0x0, 0x0, 0x0, 0xe, 0xff,
    0xb0, 0x0, 0x0, 0x0,

    /* U+00A3 "£" */
    0x0, 0x0, 0x0, 0x39, 0xdf, 0xfe, 0xc7, 0x10,
    0x0, 0x0, 0x0, 0xa, 0xff, 0xff, 0xff, 0xff,
    0xf5, 0x0, 0x0, 0x0, 0xbf, 0xff, 0xff, 0xff,
    0xff, 0xff, 0x50, 0x0, 0x4, 0xff, 0xff, 0xfa,
    0x9b, 0xff, 0xff, 0xe0, 0x0, 0xb, 0xff, 0xfc,
    0x10, 0x0, 0x3f, 0xff, 0xf5, 0x0, 0xe, 0xff,
    0xf4, 0x0, 0x0, 0x9, 0xff, 0xf8, 0x0, 0xf,
    0xff, 0xf1, 0x0, 0x0, 0x6, 0xff, 0xf9, 0x0,
    0xf, 0xff, 0xf1, 0x0, 0x0, 0x6, 0xff, 0xfa,
    0x0, 0xf, 0xff, 0xf1, 0x0, 0x0, 0x3, 0x88,
    0x85, 0x3, 0x3f, 0xff, 0xf3, 0x33, 0x0, 0x0,
    0x0, 0x0, 0x3f, 0xff, 0xff, 0xff, 0xff, 0x40,
    0x0, 0x0, 0x0, 0x3f, 0xff, 0xff, 0xff, 0xff,
    0x40, 0x0, 0x0, 0x0, 0x3f, 0xff, 0xff, 0xff,
    0xff, 0x40, 0x0, 0x0, 0x0, 0x0, 0xf, 0xff,
    0xf1, 0x0, 0x0, 0x0, 0x0, 0x0, 0x0, 0xf,
    0xff, 0xf1, 0x0, 0x0, 0x0, 0x0, 0x0, 0x0,
    0xf, 0xff, 0xf1, 0x0, 0x0, 0x0, 0x0, 0x0,
    0x0, 0xf, 0xff, 0xf1, 0x0, 0x0, 0x0, 0x0,
    0x0, 0x0, 0xf, 0xff, 0xf1, 0x0, 0x0, 0x0,
    0x0, 0x0, 0x39, 0x9f, 0xff, 0xf9, 0x99, 0x99,
    0x99, 0x99, 0x96, 0x5f, 0xff, 0xff, 0xff, 0xff,
    0xff, 0xff, 0xff, 0xfc, 0x5f, 0xff, 0xff, 0xff,
    0xff, 0xff, 0xff, 0xff, 0xfc, 0x5f, 0xff, 0xff,
    0xff, 0xff, 0xff, 0xff, 0xff, 0xfc,

    /* U+00A4 "¤" */
    0x0, 0x0, 0x0, 0x0, 0x0, 0x0, 0x0, 0x0,
    0x0, 0x1, 0xc4, 0x0, 0x4, 0x55, 0x30, 0x0,
    0x7b, 0x0, 0x1d, 0xff, 0x69, 0xff, 0xff, 0xfe,
    0x87, 0xff, 0xb0, 0x8f, 0xff, 0xff, 0xff, 0xff,
    0xff, 0xff, 0xff, 0xf5, 0x9, 0xff, 0xff, 0xff,
    0xff, 0xff, 0xff, 0xff, 0x70, 0x1, 0xff, 0xff,
    0xa3, 0x0, 0x4c, 0xff, 0xfd, 0x0, 0x8, 0xff,
    0xf7, 0x0, 0x0, 0x0, 0x9f, 0xff, 0x50, 0xd,
    0xff, 0xc0, 0x0, 0x0, 0x0, 0xe, 0xff, 0xa0,
    0xf, 0xff, 0x70, 0x0, 0x0, 0x0, 0xa, 0xff,
    0xd0, 0x1f, 0xff, 0x60, 0x0, 0x0, 0x0, 0x8,
    0xff, 0xe0, 0xf, 0xff, 0x90, 0x0, 0x0, 0x0,
    0xb, 0xff, 0xd0, 0xb, 0xff, 0xe1, 0x0, 0x0,
    0x0, 0x2f, 0xff, 0x90, 0x5, 0xff, 0xfc, 0x10,
    0x0, 0x2, 0xef, 0xff, 0x20, 0x1, 0xff, 0xff,
    0xf9, 0x67, 0xaf, 0xff, 0xfd, 0x0, 0x2d, 0xff,
    0xff, 0xff, 0xff, 0xff, 0xff, 0xff, 0xc0, 0x7f,
    0xff, 0xef, 0xff, 0xff, 0xff, 0xff, 0xff, 0xf5,
    0x8, 0xfd, 0x14, 0xae, 0xff, 0xd9, 0x22, 0xef,
    0x60, 0x0, 0x61, 0x0, 0x0, 0x0, 0x0, 0x0,
    0x25, 0x0,

    /* U+00A5 "¥" */
    0xc, 0xff, 0xfe, 0x0, 0x0, 0x0, 0x0, 0x2,
    0xff, 0xff, 0xa0, 0x4f, 0xff, 0xf8, 0x0, 0x0,
    0x0, 0x0, 0xaf, 0xff, 0xf2, 0x0, 0xbf, 0xff,
    0xf1, 0x0, 0x0, 0x0, 0x2f, 0xff, 0xf9, 0x0,
    0x3, 0xff, 0xff, 0x80, 0x0, 0x0, 0xa, 0xff,
    0xff, 0x10, 0x0, 0xa, 0xff, 0xff, 0x10, 0x0,
    0x3, 0xff, 0xff, 0x80, 0x0, 0x0, 0x2f, 0xff,
    0xf8, 0x0, 0x0, 0xbf, 0xff, 0xe0, 0x0, 0x0,
    0x0, 0x9f, 0xff, 0xf1, 0x0, 0x3f, 0xff, 0xf7,
    0x0, 0x0, 0x0, 0x1, 0xff, 0xff, 0x80, 0xb,
    0xff, 0xfe, 0x0, 0x0, 0x0, 0x0, 0x8, 0xff,
    0xff, 0x13, 0xff, 0xff, 0x60, 0x0, 0x0, 0x0,
    0x0, 0x1f, 0xff, 0xfa, 0xcf, 0xff, 0xd0, 0x0,
    0x0, 0x0, 0x1, 0x33, 0xaf, 0xff, 0xff, 0xff,
    0xf8, 0x33, 0x0, 0x0, 0x0, 0x5f, 0xff, 0xff,
    0xff, 0xff, 0xff, 0xff, 0xf3, 0x0, 0x0, 0x5,
    0xff, 0xff, 0xff, 0xff, 0xff, 0xff, 0xff, 0x30,
    0x0, 0x0, 0x5f, 0xff, 0xff, 0xff, 0xff, 0xff,
    0xff, 0xf3, 0x0, 0x0, 0x0, 0x0, 0x0, 0x3f,
    0xff, 0xf0, 0x0, 0x0, 0x0, 0x0, 0x0, 0x13,
    0x33, 0x35, 0xff, 0xff, 0x33, 0x33, 0x30, 0x0,
    0x0, 0x5, 0xff, 0xff, 0xff, 0xff, 0xff, 0xff,
    0xff, 0x30, 0x0, 0x0, 0x5f, 0xff, 0xff, 0xff,
    0xff, 0xff, 0xff, 0xf3, 0x0, 0x0, 0x5, 0xff,
    0xff, 0xff, 0xff, 0xff, 0xff, 0xff, 0x30, 0x0,
    0x0, 0x0, 0x0, 0x3, 0xff, 0xff, 0x0, 0x0,
    0x0, 0x0, 0x0, 0x0, 0x0, 0x0, 0x3f, 0xff,
    0xf0, 0x0, 0x0, 0x0, 0x0, 0x0, 0x0, 0x0,
    0x3, 0xff, 0xff, 0x0, 0x0, 0x0, 0x0,

    /* U+00A6 "¦" */
    0xef, 0xff, 0x2e, 0xff, 0xf2, 0xef, 0xff, 0x2e,
    0xff, 0xf2, 0xef, 0xff, 0x2e, 0xff, 0xf2, 0xef,
    0xff, 0x2e, 0xff, 0xf2, 0xef, 0xff, 0x2e, 0xff,
    0xf2, 0xef, 0xff, 0x2e, 0xff, 0xf2, 0xef, 0xff,
    0x2b, 0xdd, 0xd1, 0x0, 0x0, 0x0, 0x0, 0x0,
    0x0, 0x0, 0x0, 0x0, 0x0, 0x0, 0x0, 0xb,
    0xdd, 0xd1, 0xef, 0xff, 0x2e, 0xff, 0xf2, 0xef,
    0xff, 0x2e, 0xff, 0xf2, 0xef, 0xff, 0x2e, 0xff,
    0xf2, 0xef, 0xff, 0x2e, 0xff, 0xf2, 0xef, 0xff,
    0x2e, 0xff, 0xf2, 0xef, 0xff, 0x2e, 0xff, 0xf2,
    0xef, 0xff, 0x20,

    /* U+00A7 "§" */
    0x0, 0x0, 0x6c, 0xff, 0xec, 0x70, 0x0, 0x0,
    0x1d, 0xff, 0xff, 0xff, 0xfd, 0x20, 0x0, 0xbf,
    0xff, 0xff, 0xff, 0xff, 0xd0, 0x2, 0xff, 0xfd,
    0x53, 0x5c, 0xff, 0xf6, 0x5, 0xff, 0xf4, 0x0,
    0x0, 0xff, 0xf9, 0x4, 0xff, 0xf5, 0x0, 0x0,
    0xac, 0xc7, 0x1, 0xff, 0xff, 0x94, 0x10, 0x0,
    0x0, 0x0, 0xcf, 0xff, 0xff, 0xfd, 0x92, 0x0,
    0x2, 0xff, 0xff, 0xff, 0xff, 0xff, 0x70, 0x5,
    0xff, 0xf7, 0x8c, 0xff, 0xff, 0xf4, 0x4, 0xff,
    0xf7, 0x0, 0x7, 0xff, 0xfb, 0x1, 0xff, 0xff,
    0xc6, 0x30, 0xcf, 0xfe, 0x0, 0x6f, 0xff, 0xff,
    0xff, 0xff, 0xfd, 0x0, 0x5, 0xdf, 0xff, 0xff,
    0xff, 0xfa, 0x0, 0x0, 0x4, 0x8b, 0xff, 0xff,
    0xf7, 0x7, 0x77, 0x30, 0x0, 0x6, 0xff, 0xfc,
    0xf, 0xff, 0x70, 0x0, 0x0, 0xbf, 0xfe, 0xd,
    0xff, 0xd0, 0x0, 0x0, 0xbf, 0xfd, 0x8, 0xff,
    0xfc, 0x53, 0x49, 0xff, 0xfa, 0x1, 0xef, 0xff,
    0xff, 0xff, 0xff, 0xf2, 0x0, 0x2d, 0xff, 0xff,
    0xff, 0xff, 0x50, 0x0, 0x0, 0x6b, 0xef, 0xfd,
    0x92, 0x0,

    /* U+00A8 "¨" */
    0x0, 0x0, 0x0, 0x0, 0x0, 0x0, 0x0, 0xaf,
    0xe7, 0x0, 0x3d, 0xfd, 0x30, 0x8f, 0xff, 0xf4,
    0xe, 0xff, 0xfd, 0xb, 0xff, 0xff, 0x71, 0xff,
    0xff, 0xf0, 0x8f, 0xff, 0xf4, 0xe, 0xff, 0xfd,
    0x0, 0xaf, 0xe7, 0x0, 0x3d, 0xfc, 0x30,

    /* U+00A9 "©" */
    0x0, 0x0, 0x1, 0x7b, 0xef, 0xff, 0xeb, 0x71,
    0x0, 0x0, 0x0, 0x0, 0x7, 0xff, 0xff, 0xff,
    0xff, 0xff, 0xf8, 0x0, 0x0, 0x0, 0xb, 0xff,
    0xff, 0xff, 0xff, 0xff, 0xff, 0xfc, 0x0, 0x0,
    0x9, 0xff, 0xfe, 0x72, 0x0, 0x2, 0x7e, 0xff,
    0xfa, 0x0, 0x4, 0xff, 0xfb, 0x0, 0x0, 0x0,
    0x0, 0xb, 0xff, 0xf4, 0x0, 0xbf, 0xfd, 0x0,
    0x6, 0xbd, 0xc8, 0x10, 0xd, 0xff, 0xc0, 0xf,
    0xff, 0x60, 0xb, 0xff, 0xff, 0xfe, 0x10, 0x5f,
    0xff, 0x13, 0xff, 0xf1, 0x6, 0xff, 0xff, 0xff,
    0xf9, 0x0, 0xff, 0xf4, 0x5f, 0xfe, 0x0, 0xbf,
    0xf8, 0x5, 0xff, 0xe0, 0xe, 0xff, 0x66, 0xff,
    0xd0, 0xd, 0xff, 0x20, 0xf, 0xff, 0x0, 0xdf,
    0xf6, 0x6f, 0xfd, 0x0, 0xef, 0xf2, 0x0, 0x11,
    0x10, 0xd, 0xff, 0x76, 0xff, 0xd0, 0xe, 0xff,
    0x20, 0x0, 0x0, 0x0, 0xdf, 0xf7, 0x6f, 0xfd,
    0x0, 0xef, 0xf2, 0x0, 0x11, 0x10, 0xd, 0xff,
    0x76, 0xff, 0xd0, 0xd, 0xff, 0x20, 0xf, 0xff,
    0x0, 0xdf, 0xf6, 0x5f, 0xfe, 0x0, 0xbf, 0xf8,
    0x5, 0xff, 0xe0, 0xe, 0xff, 0x63, 0xff, 0xf1,
    0x6, 0xff, 0xff, 0xff, 0xf9, 0x0, 0xff, 0xf4,
    0xf, 0xff, 0x60, 0xb, 0xff, 0xff, 0xfe, 0x10,
    0x5f, 0xff, 0x10, 0xbf, 0xfd, 0x0, 0x6, 0xbd,
    0xc8, 0x10, 0xd, 0xff, 0xc0, 0x4, 0xff, 0xfb,
    0x0, 0x0, 0x0, 0x0, 0xb, 0xff, 0xf4, 0x0,
    0x9, 0xff, 0xfe, 0x72, 0x0, 0x2, 0x7e, 0xff,
    0xfa, 0x0, 0x0, 0xb, 0xff, 0xff, 0xff, 0xff,
    0xff, 0xff, 0xfb, 0x0, 0x0, 0x0, 0x7, 0xff,
    0xff, 0xff, 0xff, 0xff, 0xf8, 0x0, 0x0, 0x0,
    0x0, 0x1, 0x7b, 0xef, 0xff, 0xeb, 0x71, 0x0,
    0x0, 0x0,

    /* U+00AA "ª" */
    0x0, 0x6c, 0xff, 0xea, 0x30, 0x0, 0xa, 0xff,
    0xff, 0xff, 0xf4, 0x0, 0x4f, 0xfd, 0x76, 0x9f,
    0xfd, 0x0, 0x0, 0x41, 0x11, 0x1e, 0xff, 0x10,
    0x5, 0xdf, 0xff, 0xff, 0xff, 0x10, 0x5f, 0xff,
    0xff, 0xff, 0xff, 0x10, 0xcf, 0xf6, 0x0, 0xd,
    0xff, 0x10, 0xef, 0xf1, 0x0, 0x1f, 0xff, 0x10,
    0xcf, 0xfc, 0x67, 0xef, 0xff, 0x73, 0x4f, 0xff,
    0xff, 0xf8, 0xff, 0xfc, 0x4, 0xbf, 0xfd, 0x50,
    0xaf, 0xfc,

    /* U+00AB "«" */
    0x0, 0x0, 0x0, 0x0, 0x1, 0x10, 0x0, 0x0,
    0x0, 0x3, 0x0, 0x0, 0x0, 0x0, 0x7f, 0x40,
    0x0, 0x0, 0x2, 0xbd, 0x0, 0x0, 0x0, 0x4d,
    0xff, 0x40, 0x0, 0x0, 0x8f, 0xfd, 0x0, 0x0,
    0x2b, 0xff, 0xff, 0x40, 0x0, 0x6e, 0xff, 0xfd,
    0x0, 0x19, 0xff, 0xff, 0xff, 0x40, 0x3c, 0xff,
    0xff, 0xfd, 0x6, 0xef, 0xff, 0xff, 0xd4, 0x1a,
    0xff, 0xff, 0xff, 0x91, 0x5f, 0xff, 0xff, 0xd5,
    0x0, 0xbf, 0xff, 0xff, 0xa2, 0x0, 0x5f, 0xff,
    0xe6, 0x0, 0x0, 0xbf, 0xff, 0xb3, 0x0, 0x0,
    0x5f, 0xff, 0xa0, 0x0, 0x0, 0xbf, 0xff, 0x50,
    0x0, 0x0, 0x5f, 0xff, 0xfe, 0x60, 0x0, 0xbf,
    0xff, 0xfc, 0x30, 0x0, 0x2d, 0xff, 0xff, 0xfe,
    0x60, 0x6f, 0xff, 0xff, 0xfb, 0x20, 0x0, 0x6e,
    0xff, 0xff, 0xfd, 0x21, 0xaf, 0xff, 0xff, 0xf9,
    0x0, 0x1, 0x9f, 0xff, 0xff, 0x40, 0x3, 0xcf,
    0xff, 0xfd, 0x0, 0x0, 0x2, 0xbf, 0xff, 0x40,
    0x0, 0x6, 0xef, 0xfd, 0x0, 0x0, 0x0, 0x5,
    0xdf, 0x40, 0x0, 0x0, 0x8, 0xfd, 0x0, 0x0,
    0x0, 0x0, 0x7, 0x30, 0x0, 0x0, 0x0, 0x29,

    /* U+00AC "¬" */
    0x79, 0x99, 0x99, 0x99, 0x99, 0x99, 0x95, 0xcf,
    0xff, 0xff, 0xff, 0xff, 0xff, 0xfa, 0xcf, 0xff,
    0xff, 0xff, 0xff, 0xff, 0xfa, 0xcf, 0xff, 0xff,
    0xff, 0xff, 0xff, 0xfa, 0x0, 0x0, 0x0, 0x0,
    0x0, 0xff, 0xfa, 0x0, 0x0, 0x0, 0x0, 0x0,
    0xff, 0xfa, 0x0, 0x0, 0x0, 0x0, 0x0, 0xff,
    0xfa, 0x0, 0x0, 0x0, 0x0, 0x0, 0xff, 0xfa,

    /* U+00AD "­" */
    0x79, 0x99, 0x99, 0x99, 0x95, 0xdf, 0xff, 0xff,
    0xff, 0xfa, 0xdf, 0xff, 0xff, 0xff, 0xfa, 0xdf,
    0xff, 0xff, 0xff, 0xfa,

    /* U+00AE "®" */
    0x0, 0x0, 0x0, 0x0, 0x0, 0x0, 0x0, 0x0,
    0x1, 0x8d, 0xff, 0xfb, 0x40, 0x0, 0x0, 0x4e,
    0xe7, 0x44, 0x6a, 0xfa, 0x0, 0x2, 0xfa, 0x0,
    0x0, 0x0, 0x3e, 0xa0, 0xc, 0xc0, 0xf, 0xff,
    0xe6, 0x4, 0xf4, 0x2f, 0x40, 0xf, 0x63, 0x9f,
    0x0, 0xca, 0x6f, 0x0, 0xf, 0x40, 0x7e, 0x0,
    0x8e, 0x7f, 0x0, 0xf, 0xff, 0xe2, 0x0, 0x7f,
    0x6f, 0x0, 0xf, 0x63, 0xb9, 0x0, 0x8e, 0x3f,
    0x30, 0xf, 0x40, 0x8d, 0x0, 0xbb, 0xd, 0xa0,
    0xf, 0x40, 0x8d, 0x2, 0xf5, 0x4, 0xf7, 0x0,
    0x0, 0x0, 0x1d, 0xc0, 0x0, 0x6f, 0xb4, 0x11,
    0x37, 0xed, 0x10, 0x0, 0x3, 0xbf, 0xff, 0xfe,
    0x70, 0x0, 0x0, 0x0, 0x0, 0x33, 0x20, 0x0,
    0x0,

    /* U+00AF "¯" */
    0x12, 0x22, 0x22, 0x22, 0x22, 0x1b, 0xff, 0xff,
    0xff, 0xff, 0xfc, 0xbf, 0xff, 0xff, 0xff, 0xff,
    0xcb, 0xff, 0xff, 0xff, 0xff, 0xfc,

    /* U+00B0 "°" */
    0x0, 0x0, 0x0, 0x0, 0x0, 0x0, 0x4, 0xbf,
    0xfe, 0x91, 0x0, 0x8, 0xff, 0xff, 0xff, 0xe3,
    0x5, 0xff, 0xff, 0xff, 0xff, 0xe0, 0xbf, 0xfd,
    0x20, 0x5f, 0xff, 0x5f, 0xff, 0x40, 0x0, 0xbf,
    0xf8, 0xef, 0xf5, 0x0, 0xb, 0xff, 0x8b, 0xff,
    0xd2, 0x6, 0xff, 0xf5, 0x4f, 0xff, 0xff, 0xff,
    0xfd, 0x0, 0x7f, 0xff, 0xff, 0xfe, 0x30, 0x0,
    0x4b, 0xff, 0xd8, 0x10, 0x0,

    /* U+00B1 "±" */
    0x0, 0x0, 0xf, 0xff, 0xd0, 0x0, 0x0, 0x0,
    0x0, 0xf, 0xff, 0xd0, 0x0, 0x0, 0x0, 0x0,
    0xf, 0xff, 0xd0, 0x0, 0x0, 0x0, 0x0, 0xf,
    0xff, 0xd0, 0x0, 0x0, 0xcf, 0xff, 0xff, 0xff,
    0xff, 0xff, 0xf9, 0xcf, 0xff, 0xff, 0xff, 0xff,
    0xff, 0xf9, 0xcf, 0xff, 0xff, 0xff, 0xff, 0xff,
    0xf9, 0x79, 0x99, 0x9f, 0xff, 0xe9, 0x99, 0x95,
    0x0, 0x0, 0xf, 0xff, 0xd0, 0x0, 0x0, 0x0,
    0x0, 0xf, 0xff, 0xd0, 0x0, 0x0, 0x0, 0x0,
    0xf, 0xff, 0xd0, 0x0, 0x0, 0x0, 0x0, 0xd,
    0xee, 0xb0, 0x0, 0x0, 0x0, 0x0, 0x0, 0x0,
    0x0, 0x0, 0x0, 0x79, 0x99, 0x99, 0x99, 0x99,
    0x99, 0x95, 0xcf, 0xff, 0xff, 0xff, 0xff, 0xff,
    0xf9, 0xcf, 0xff, 0xff, 0xff, 0xff, 0xff, 0xf9,
    0xcf, 0xff, 0xff, 0xff, 0xff, 0xff, 0xf9,

    /* U+00B2 "²" */
    0x0, 0x18, 0xdf, 0xfd, 0x80, 0x0, 0x2e, 0xff,
    0xff, 0xff, 0xd1, 0xb, 0xff, 0xd7, 0x7e, 0xff,
    0x80, 0xef, 0xf1, 0x0, 0x5f, 0xfb, 0x0, 0x0,
    0x0, 0x1a, 0xff, 0x90, 0x0, 0x27, 0xbf, 0xff,
    0xe2, 0x0, 0xaf, 0xff, 0xfe, 0x81, 0x0, 0x9f,
    0xfc, 0x62, 0x0, 0x0, 0xf, 0xff, 0x76, 0x66,
    0x66, 0x42, 0xff, 0xff, 0xff, 0xff, 0xfb, 0x2f,
    0xff, 0xff, 0xff, 0xff, 0xb0,

    /* U+00B3 "³" */
    0x2f, 0xff, 0xff, 0xff, 0xff, 0xb2, 0xff, 0xff,
    0xff, 0xff, 0xfb, 0x6, 0x66, 0x66, 0xdf, 0xff,
    0x70, 0x0, 0x18, 0xef, 0xd7, 0x0, 0x0, 0x6,
    0xff, 0xfb, 0x72, 0x0, 0x0, 0x4c, 0xcd, 0xff,
    0xf3, 0x0, 0x0, 0x0, 0x7, 0xff, 0xa3, 0xdf,
    0xd0, 0x0, 0x5f, 0xfc, 0x1f, 0xff, 0xc7, 0x8f,
    0xff, 0x80, 0x5f, 0xff, 0xff, 0xff, 0xc0, 0x0,
    0x2a, 0xef, 0xfc, 0x60, 0x0,

    /* U+00B4 "´" */
    0x0, 0x5a, 0xaa, 0x90, 0x0, 0xef, 0xff, 0x50,
    0x7, 0xff, 0xf9, 0x0, 0xe, 0xff, 0xd0, 0x0,
    0x7f, 0xff, 0x30, 0x0,

    /* U+00B5 "µ" */
    0xef, 0xff, 0x20, 0x0, 0x0, 0xb, 0xff, 0xf5,
    0x0, 0xef, 0xff, 0x20, 0x0, 0x0, 0xb, 0xff,
    0xf5, 0x0, 0xef, 0xff, 0x20, 0x0, 0x0, 0xb,
    0xff, 0xf5, 0x0, 0xef, 0xff, 0x20, 0x0, 0x0,
    0xb, 0xff, 0xf5, 0x0, 0xef, 0xff, 0x20, 0x0,
    0x0, 0xb, 0xff, 0xf5, 0x0, 0xef, 0xff, 0x20,
    0x0, 0x0, 0xb, 0xff, 0xf5, 0x0, 0xef, 0xff,
    0x20, 0x0, 0x0, 0xb, 0xff, 0xf5, 0x0, 0xef,
    0xff, 0x20, 0x0, 0x0, 0xb, 0xff, 0xf5, 0x0,
    0xef, 0xff, 0x20, 0x0, 0x0, 0xb, 0xff, 0xf5,
    0x0, 0xef, 0xff, 0x20, 0x0, 0x0, 0xc, 0xff,
    0xf5, 0x0, 0xef, 0xff, 0x40, 0x0, 0x0, 0xf,
    0xff, 0xf5, 0x0, 0xef, 0xff, 0xb0, 0x0, 0x0,
    0x7f, 0xff, 0xf5, 0x0, 0xef, 0xff, 0xfa, 0x31,
    0x28, 0xff, 0xff, 0xf8, 0x10, 0xef, 0xff, 0xff,
    0xff, 0xff, 0xfb, 0xff, 0xff, 0xf8, 0xef, 0xff,
    0xff, 0xff, 0xff, 0xd0, 0xbf, 0xff, 0xf8, 0xef,
    0xff, 0x19, 0xff, 0xe8, 0x10, 0x2b, 0xff, 0xf8,
    0xef, 0xff, 0x0, 0x0, 0x0, 0x0, 0x0, 0x0,
    0x0, 0xef, 0xff, 0x0, 0x0, 0x0, 0x0, 0x0,
    0x0, 0x0, 0xef, 0xff, 0x0, 0x0, 0x0, 0x0,
    0x0, 0x0, 0x0, 0xef, 0xff, 0x0, 0x0, 0x0,
    0x0, 0x0, 0x0, 0x0, 0xef, 0xff, 0x0, 0x0,
    0x0, 0x0, 0x0, 0x0, 0x0, 0xef, 0xff, 0x0,
    0x0, 0x0, 0x0, 0x0, 0x0, 0x0,

    /* U+00B6 "¶" */
    0x0, 0x0, 0x7c, 0xef, 0xff, 0xff, 0xff, 0xff,
    0xf8, 0x0, 0x4e, 0xff, 0xff, 0xff, 0xff, 0xff,
    0xff, 0xf8, 0x3, 0xff, 0xff, 0xff, 0xff, 0xff,
    0xff, 0xff, 0xf8, 0xd, 0xff, 0xf9, 0x43, 0xef,
    0xfa, 0x33, 0xff, 0xf8, 0x3f, 0xff, 0x80, 0x0,
    0xef, 0xf9, 0x0, 0xef, 0xf8, 0x6f, 0xff, 0x10,
    0x0, 0xef, 0xf9, 0x0, 0xef, 0xf8, 0x7f, 0xff,
    0x0, 0x0, 0xef, 0xf9, 0x0, 0xef, 0xf8, 0x6f,
    0xff, 0x10, 0x0, 0xef, 0xf9, 0x0, 0xef, 0xf8,
    0x3f, 0xff, 0x90, 0x0, 0xef, 0xf9, 0x0, 0xef,
    0xf8, 0xd, 0xff, 0xfa, 0x43, 0xef, 0xf9, 0x0,
    0xef, 0xf8, 0x3, 0xff, 0xff, 0xff, 0xff, 0xf9,
    0x0, 0xef, 0xf8, 0x0, 0x4e, 0xff, 0xff, 0xff,
    0xf9, 0x0, 0xef, 0xf8, 0x0, 0x1, 0x7c, 0xff,
    0xff, 0xf9, 0x0, 0xef, 0xf8, 0x0, 0x0, 0x0,
    0x0, 0xef, 0xf9, 0x0, 0xef, 0xf8, 0x0, 0x0,
    0x0, 0x0, 0xef, 0xf9, 0x0, 0xef, 0xf8, 0x0,
    0x0, 0x0, 0x0, 0xef, 0xf9, 0x0, 0xef, 0xf8,
    0x0, 0x0, 0x0, 0x0, 0xef, 0xf9, 0x0, 0xef,
    0xf8, 0x0, 0x0, 0x0, 0x0, 0xef, 0xf9, 0x0,
    0xef, 0xf8, 0x0, 0x0, 0x0, 0x0, 0xef, 0xf9,
    0x0, 0xef, 0xf8, 0x0, 0x0, 0x0, 0x0, 0xef,
    0xf9, 0x0, 0xef, 0xf8, 0x0, 0x0, 0x0, 0x0,
    0xef, 0xf9, 0x0, 0xef, 0xf8, 0x0, 0x0, 0x0,
    0x0, 0xef, 0xf9, 0x0, 0xef, 0xf8,

    /* U+00B7 "·" */
    0x4, 0xce, 0xc4, 0x2, 0xff, 0xff, 0xf2, 0x7f,
    0xff, 0xff, 0x77, 0xff, 0xff, 0xf7, 0x2f, 0xff,
    0xff, 0x20, 0x4d, 0xfd, 0x40,

    /* U+00B8 "¸" */
    0x0, 0x2, 0x21, 0x0, 0x0, 0x5, 0xff, 0x60,
    0x0, 0x0, 0x6f, 0xf8, 0x10, 0x0, 0x8, 0xff,
    0xff, 0x70, 0x0, 0x0, 0x1d, 0xff, 0x12, 0xc8,
    0x79, 0xff, 0xf2, 0x7f, 0xff, 0xff, 0xfc, 0x5,
    0xbe, 0xff, 0xd8, 0x0,

    /* U+00B9 "¹" */
    0x6, 0xff, 0xff, 0xf1, 0xa, 0xff, 0xff, 0xf1,
    0xe, 0xfd, 0xef, 0xf1, 0x2f, 0xf8, 0xdf, 0xf1,
    0x5f, 0xf4, 0xdf, 0xf1, 0x0, 0x0, 0xdf, 0xf1,
    0x0, 0x0, 0xdf, 0xf1, 0x0, 0x0, 0xdf, 0xf1,
    0x0, 0x0, 0xdf, 0xf1, 0x0, 0x0, 0xdf, 0xf1,
    0x0, 0x0, 0xdf, 0xf1,

    /* U+00BA "º" */
    0x0, 0x29, 0xdf, 0xfd, 0x92, 0x0, 0x6, 0xff,
    0xff, 0xff, 0xff, 0x50, 0x3f, 0xff, 0xc7, 0x7c,
    0xff, 0xf2, 0xaf, 0xf9, 0x0, 0x0, 0xaf, 0xf9,
    0xef, 0xf2, 0x0, 0x0, 0x3f, 0xfd, 0xff, 0xf0,
    0x0, 0x0, 0x1f, 0xfe, 0xef, 0xf2, 0x0, 0x0,
    0x3f, 0xfd, 0xaf, 0xf9, 0x0, 0x0, 0xaf, 0xf9,
    0x3f, 0xff, 0xc7, 0x7c, 0xff, 0xf2, 0x6, 0xff,
    0xff, 0xff, 0xff, 0x50, 0x0, 0x29, 0xdf, 0xfd,
    0x92, 0x0,

    /* U+00BB "»" */
    0x30, 0x0, 0x0, 0x0, 0x1, 0x10, 0x0, 0x0,
    0x0, 0x0, 0xdb, 0x20, 0x0, 0x0, 0x3, 0xf7,
    0x0, 0x0, 0x0, 0x0, 0xdf, 0xf9, 0x10, 0x0,
    0x3, 0xff, 0xd5, 0x0, 0x0, 0x0, 0xdf, 0xff,
    0xe6, 0x0, 0x3, 0xff, 0xff, 0xb2, 0x0, 0x0,
    0xdf, 0xff, 0xff, 0xd3, 0x3, 0xff, 0xff, 0xff,
    0x91, 0x0, 0x19, 0xff, 0xff, 0xff, 0xa1, 0x4c,
    0xff, 0xff, 0xfe, 0x60, 0x0, 0x2a, 0xff, 0xff,
    0xfc, 0x0, 0x5d, 0xff, 0xff, 0xf5, 0x0, 0x0,
    0x2b, 0xff, 0xfc, 0x0, 0x0, 0x6e, 0xff, 0xf6,
    0x0, 0x0, 0x4, 0xff, 0xfc, 0x0, 0x0, 0xa,
    0xff, 0xf6, 0x0, 0x3, 0xbf, 0xff, 0xfc, 0x0,
    0x6, 0xef, 0xff, 0xf6, 0x2, 0xaf, 0xff, 0xff,
    0xf7, 0x5, 0xdf, 0xff, 0xff, 0xd2, 0x8f, 0xff,
    0xff, 0xfa, 0x21, 0xdf, 0xff, 0xff, 0xe6, 0x0,
    0xdf, 0xff, 0xfd, 0x40, 0x3, 0xff, 0xff, 0xf9,
    0x10, 0x0, 0xdf, 0xfe, 0x60, 0x0, 0x3, 0xff,
    0xfc, 0x30, 0x0, 0x0, 0xdf, 0x91, 0x0, 0x0,
    0x3, 0xfe, 0x50, 0x0, 0x0, 0x0, 0x82, 0x0,
    0x0, 0x0, 0x2, 0x80, 0x0, 0x0, 0x0, 0x0,

    /* U+00BC "¼" */
    0x0, 0x0, 0x0, 0x0, 0x0, 0x0, 0x0, 0x0,
    0x0, 0x0, 0x0, 0x0, 0x0, 0x0, 0x5e, 0xee,
    0xee, 0x10, 0x0, 0x0, 0x0, 0x0, 0x0, 0xc9,
    0x0, 0x0, 0x0, 0x9, 0xff, 0xff, 0xf1, 0x0,
    0x0, 0x0, 0x0, 0x0, 0xaf, 0xfa, 0x0, 0x0,
    0x0, 0xdf, 0xde, 0xff, 0x10, 0x0, 0x0, 0x0,
    0x0, 0x7f, 0xff, 0x20, 0x0, 0x0, 0x1f, 0xf8,
    0xdf, 0xf1, 0x0, 0x0, 0x0, 0x0, 0x4f, 0xff,
    0x40, 0x0, 0x0, 0x5, 0xff, 0x5d, 0xff, 0x10,
    0x0, 0x0, 0x0, 0x2f, 0xff, 0x70, 0x0, 0x0,
    0x0, 0x0, 0x0, 0xdf, 0xf1, 0x0, 0x0, 0x0,
    0x1d, 0xff, 0x90, 0x0, 0x0, 0x0, 0x0, 0x0,
    0xd, 0xff, 0x10, 0x0, 0x0, 0xc, 0xff, 0xc0,
    0x0, 0x0, 0x0, 0x0, 0x0, 0x0, 0xdf, 0xf1,
    0x0, 0x0, 0x9, 0xff, 0xe1, 0x0, 0x0, 0x0,
    0x0, 0x0, 0x0, 0xd, 0xff, 0x10, 0x0, 0x6,
    0xff, 0xf3, 0x0, 0x0, 0x0, 0x0, 0x0, 0x0,
    0x0, 0xdf, 0xf1, 0x0, 0x4, 0xff, 0xf5, 0x0,
    0x0, 0x0, 0x0, 0x0, 0x0, 0x0, 0xd, 0xff,
    0x10, 0x2, 0xef, 0xf7, 0x0, 0x0, 0x0, 0x0,
    0x0, 0x0, 0x0, 0x0, 0x0, 0x0, 0x0, 0xdf,
    0xfa, 0x0, 0x0, 0x6f, 0xff, 0xff, 0x20, 0x0,
    0x0, 0x0, 0x0, 0x0, 0xbf, 0xfc, 0x0, 0x0,
    0x2f, 0xff, 0xff, 0xf2, 0x0, 0x0, 0x0, 0x0,
    0x0, 0x8f, 0xfe, 0x10, 0x0, 0xc, 0xff, 0x5e,
    0xff, 0x20, 0x0, 0x0, 0x0, 0x0, 0x5f, 0xff,
    0x30, 0x0, 0x7, 0xff, 0xa0, 0xef, 0xf2, 0x0,
    0x0, 0x0, 0x0, 0x3f, 0xff, 0x50, 0x0, 0x3,
    0xff, 0xe1, 0xe, 0xff, 0x20, 0x0, 0x0, 0x0,
    0x1e, 0xff, 0x80, 0x0, 0x0, 0xdf, 0xf5, 0x0,
    0xef, 0xf2, 0x0, 0x0, 0x0, 0xc, 0xff, 0xb0,
    0x0, 0x0, 0x5f, 0xfe, 0x66, 0x6e, 0xff, 0x76,
    0x0, 0x0, 0xa, 0xff, 0xd1, 0x0, 0x0, 0x5,
    0xff, 0xff, 0xff, 0xff, 0xff, 0xf0, 0x0, 0x7,
    0xff, 0xe2, 0x0, 0x0, 0x0, 0x5f, 0xff, 0xff,
    0xff, 0xff, 0xff, 0x0, 0x3, 0xff, 0xf4, 0x0,
    0x0, 0x0, 0x0, 0x0, 0x0, 0x0, 0xef, 0xf2,
    0x0, 0x0, 0x8, 0xf6, 0x0, 0x0, 0x0, 0x0,
    0x0, 0x0, 0x0, 0xe, 0xff, 0x20, 0x0, 0x0,
    0x3, 0x0, 0x0, 0x0, 0x0, 0x0, 0x0, 0x0,
    0x0, 0x0, 0x0, 0x0,

    /* U+00BD "½" */
    0x0, 0x0, 0x0, 0x0, 0x0, 0x0, 0x0, 0x0,
    0x0, 0x1, 0x0, 0x0, 0x0, 0x6, 0xff, 0xff,
    0xf1, 0x0, 0x0, 0x0, 0x0, 0x0, 0x1d, 0xb0,
    0x0, 0x0, 0xa, 0xff, 0xff, 0xf1, 0x0, 0x0,
    0x0, 0x0, 0x0, 0xbf, 0xfa, 0x0, 0x0, 0xe,
    0xfd, 0xef, 0xf1, 0x0, 0x0, 0x0, 0x0, 0x9,
    0xff, 0xe1, 0x0, 0x0, 0x2f, 0xf8, 0xdf, 0xf1,
    0x0, 0x0, 0x0, 0x0, 0x6f, 0xff, 0x30, 0x0,
    0x0, 0x5e, 0xe4, 0xdf, 0xf1, 0x0, 0x0, 0x0,
    0x3, 0xff, 0xf5, 0x0, 0x0, 0x0, 0x0, 0x0,
    0xdf, 0xf1, 0x0, 0x0, 0x0, 0x2e, 0xff, 0x80,
    0x0, 0x0, 0x0, 0x0, 0x0, 0xdf, 0xf1, 0x0,
    0x0, 0x0, 0xdf, 0xfb, 0x0, 0x0, 0x0, 0x0,
    0x0, 0x0, 0xdf, 0xf1, 0x0, 0x0, 0xb, 0xff,
    0xd0, 0x0, 0x0, 0x0, 0x0, 0x0, 0x0, 0xdf,
    0xf1, 0x0, 0x0, 0x8f, 0xfe, 0x10, 0x0, 0x0,
    0x0, 0x0, 0x0, 0x0, 0xdf, 0xf1, 0x0, 0x5,
    0xff, 0xf3, 0x0, 0x0, 0x0, 0x0, 0x0, 0x0,
    0x0, 0xdf, 0xf1, 0x0, 0x3f, 0xff, 0x60, 0x0,
    0x4, 0x55, 0x20, 0x0, 0x0, 0x0, 0x0, 0x0,
    0x1, 0xef, 0xf9, 0x0, 0x8, 0xff, 0xff, 0xfb,
    0x10, 0x0, 0x0, 0x0, 0x0, 0xc, 0xff, 0xb0,
    0x0, 0x9f, 0xff, 0xff, 0xff, 0xd0, 0x0, 0x0,
    0x0, 0x0, 0xaf, 0xfd, 0x10, 0x1, 0xff, 0xf5,
    0x2, 0xdf, 0xf5, 0x0, 0x0, 0x0, 0x7, 0xff,
    0xf2, 0x0, 0x2, 0x9a, 0x80, 0x0, 0x9f, 0xf7,
    0x0, 0x0, 0x0, 0x5f, 0xff, 0x40, 0x0, 0x0,
    0x0, 0x0, 0x17, 0xff, 0xf4, 0x0, 0x0, 0x2,
    0xff, 0xf6, 0x0, 0x0, 0x0, 0x1, 0x8d, 0xff,
    0xff, 0xb0, 0x0, 0x0, 0x1e, 0xff, 0x90, 0x0,
    0x0, 0x0, 0x4f, 0xff, 0xff, 0xc5, 0x0, 0x0,
    0x0, 0xcf, 0xfc, 0x0, 0x0, 0x0, 0x1, 0xff,
    0xfa, 0x51, 0x0, 0x0, 0x0, 0x9, 0xff, 0xd1,
    0x0, 0x0, 0x0, 0x5, 0xff, 0xe6, 0x66, 0x66,
    0x62, 0x0, 0x4f, 0xff, 0x20, 0x0, 0x0, 0x0,
    0x7, 0xff, 0xff, 0xff, 0xff, 0xf6, 0x0, 0x6,
    0xf4, 0x0, 0x0, 0x0, 0x0, 0x7, 0xff, 0xff,
    0xff, 0xff, 0xf6, 0x0, 0x0, 0x10, 0x0, 0x0,
    0x0, 0x0, 0x0, 0x0, 0x0, 0x0, 0x0, 0x0,

    /* U+00BE "¾" */
    0x0, 0x0, 0x0, 0x0, 0x0, 0x0, 0x0, 0x0,
    0x0, 0x0, 0x1, 0x0, 0x0, 0x0, 0x2f, 0xff,
    0xff, 0xff, 0xff, 0xb0, 0x0, 0x0, 0x0, 0x0,
    0x1e, 0xa0, 0x0, 0x0, 0x2f, 0xff, 0xff, 0xff,
    0xff, 0xb0, 0x0, 0x0, 0x0, 0x0, 0xcf, 0xf9,
    0x0, 0x0, 0x5, 0x55, 0x55, 0xdf, 0xff, 0x70,
    0x0, 0x0, 0x0, 0x9, 0xff, 0xe1, 0x0, 0x0,
    0x0, 0x1, 0x7d, 0xfe, 0x71, 0x0, 0x0, 0x0,
    0x0, 0x6f, 0xff, 0x20, 0x0, 0x0, 0x0, 0x6,
    0xff, 0xfa, 0x50, 0x0, 0x0, 0x0, 0x4, 0xff,
    0xf5, 0x0, 0x0, 0x0, 0x0, 0x6, 0xff, 0xff,
    0xfe, 0x20, 0x0, 0x0, 0x2e, 0xff, 0x70, 0x0,
    0x0, 0x0, 0x0, 0x0, 0x0, 0x1a, 0xff, 0xa0,
    0x0, 0x0, 0xdf, 0xfa, 0x0, 0x0, 0x0, 0x0,
    0x28, 0xa8, 0x0, 0x4, 0xff, 0xc0, 0x0, 0xb,
    0xff, 0xd0, 0x0, 0x0, 0x0, 0x0, 0x2f, 0xff,
    0x60, 0x1b, 0xff, 0x90, 0x0, 0x8f, 0xfe, 0x10,
    0x0, 0x0, 0x0, 0x0, 0xa, 0xff, 0xff, 0xff,
    0xff, 0x20, 0x5, 0xff, 0xf3, 0x0, 0x0, 0x0,
    0x0, 0x0, 0x0, 0x8f, 0xff, 0xff, 0xc3, 0x0,
    0x3f, 0xff, 0x60, 0x0, 0x0, 0x0, 0x0, 0x0,
    0x0, 0x0, 0x45, 0x52, 0x0, 0x1, 0xef, 0xf9,
    0x0, 0x0, 0x7f, 0xff, 0xff, 0x10, 0x0, 0x0,
    0x0, 0x0, 0x0, 0xc, 0xff, 0xb0, 0x0, 0x3,
    0xff, 0xff, 0xff, 0x10, 0x0, 0x0, 0x0, 0x0,
    0x0, 0x9f, 0xfd, 0x10, 0x0, 0xd, 0xff, 0x4e,
    0xff, 0x10, 0x0, 0x0, 0x0, 0x0, 0x6, 0xff,
    0xf2, 0x0, 0x0, 0x8f, 0xfa, 0xe, 0xff, 0x10,
    0x0, 0x0, 0x0, 0x0, 0x4f, 0xff, 0x40, 0x0,
    0x3, 0xff, 0xe1, 0xe, 0xff, 0x10, 0x0, 0x0,
    0x0, 0x2, 0xef, 0xf7, 0x0, 0x0, 0xd, 0xff,
    0x40, 0xe, 0xff, 0x10, 0x0, 0x0, 0x0, 0xd,
    0xff, 0xa0, 0x0, 0x0, 0x6f, 0xfe, 0x66, 0x6f,
    0xff, 0x66, 0x0, 0x0, 0x0, 0xbf, 0xfc, 0x0,
    0x0, 0x0, 0x6f, 0xff, 0xff, 0xff, 0xff, 0xff,
    0x0, 0x0, 0x8, 0xff, 0xe1, 0x0, 0x0, 0x0,
    0x6f, 0xff, 0xff, 0xff, 0xff, 0xff, 0x0, 0x0,
    0x4f, 0xff, 0x30, 0x0, 0x0, 0x0, 0x0, 0x0,
    0x0, 0xe, 0xff, 0x10, 0x0, 0x0, 0x9, 0xf6,
    0x0, 0x0, 0x0, 0x0, 0x0, 0x0, 0x0, 0xe,
    0xff, 0x10, 0x0, 0x0, 0x0, 0x30, 0x0, 0x0,
    0x0, 0x0, 0x0, 0x0, 0x0, 0x0, 0x0, 0x0,

    /* U+00BF "¿" */
    0x0, 0x0, 0x0, 0x3c, 0xfd, 0x50, 0x0, 0x0,
    0x0, 0x0, 0x0, 0x1f, 0xff, 0xff, 0x30, 0x0,
    0x0, 0x0, 0x0, 0x6, 0xff, 0xff, 0xf8, 0x0,
    0x0, 0x0, 0x0, 0x0, 0x6f, 0xff, 0xff, 0x80,
    0x0, 0x0, 0x0, 0x0, 0x1, 0xff, 0xff, 0xf3,
    0x0, 0x0, 0x0, 0x0, 0x0, 0x3, 0xce, 0xc4,
    0x0, 0x0, 0x0, 0x0, 0x0, 0x0, 0x0, 0x0,
    0x0, 0x0, 0x0, 0x0, 0x0, 0x0, 0x2, 0x77,
    0x75, 0x0, 0x0, 0x0, 0x0, 0x0, 0x0, 0x7f,
    0xff, 0xc0, 0x0, 0x0, 0x0, 0x0, 0x0, 0x6e,
    0xff, 0xfa, 0x0, 0x0, 0x0, 0x0, 0x6, 0xef,
    0xff, 0xff, 0x30, 0x0, 0x0, 0x0, 0xb, 0xff,
    0xff, 0xff, 0x50, 0x0, 0x0, 0x0, 0xa, 0xff,
    0xff, 0xe8, 0x10, 0x0, 0x0, 0x0, 0x3, 0xff,
    0xff, 0xa1, 0x0, 0x0, 0x0, 0x0, 0x0, 0x8f,
    0xff, 0xc0, 0x0, 0x0, 0x0, 0x46, 0x66, 0x2a,
    0xff, 0xf8, 0x0, 0x0, 0x0, 0xc, 0xff, 0xf6,
    0x9f, 0xff, 0xa0, 0x0, 0x0, 0x0, 0xff, 0xff,
    0x46, 0xff, 0xff, 0x40, 0x0, 0x0, 0xaf, 0xff,
    0xf0, 0xe, 0xff, 0xff, 0xc9, 0x8a, 0xef, 0xff,
    0xf8, 0x0, 0x4f, 0xff, 0xff, 0xff, 0xff, 0xff,
    0xfb, 0x0, 0x0, 0x3d, 0xff, 0xff, 0xff, 0xff,
    0xf8, 0x0, 0x0, 0x0, 0x5, 0xad, 0xff, 0xec,
    0x71, 0x0, 0x0,

    /* U+00C0 "À" */
    0x0, 0x0, 0x0, 0xdf, 0xff, 0xa0, 0x0, 0x0,
    0x0, 0x0, 0x0, 0x0, 0x0, 0x1e, 0xff, 0xf3,
    0x0, 0x0, 0x0, 0x0, 0x0, 0x0, 0x0, 0x3,
    0xff, 0xfc, 0x0, 0x0, 0x0, 0x0, 0x0, 0x0,
    0x0, 0x0, 0x6f, 0xff, 0x50, 0x0, 0x0, 0x0,
    0x0, 0x0, 0x0, 0x0, 0x1, 0x11, 0x0, 0x0,
    0x0, 0x0, 0x0, 0x0, 0x0, 0x0, 0x0, 0x0,
    0x0, 0x0, 0x0, 0x0, 0x0, 0x0, 0x0, 0xaf,
    0xff, 0xff, 0xff, 0x0, 0x0, 0x0, 0x0, 0x0,
    0x0, 0xef, 0xff, 0xff, 0xff, 0x30, 0x0, 0x0,
    0x0, 0x0, 0x3, 0xff, 0xfe, 0xcf, 0xff, 0x70,
    0x0, 0x0, 0x0, 0x0, 0x7, 0xff, 0xfa, 0x5f,
    0xff, 0xc0, 0x0, 0x0, 0x0, 0x0, 0xb, 0xff,
    0xf6, 0x1f, 0xff, 0xf0, 0x0, 0x0, 0x0, 0x0,
    0xf, 0xff, 0xf1, 0xd, 0xff, 0xf4, 0x0, 0x0,
    0x0, 0x0, 0x4f, 0xff, 0xd0, 0x9, 0xff, 0xf9,
    0x0, 0x0, 0x0, 0x0, 0x8f, 0xff, 0x90, 0x4,
    0xff, 0xfd, 0x0, 0x0, 0x0, 0x0, 0xcf, 0xff,
    0x50, 0x0, 0xff, 0xff, 0x10, 0x0, 0x0, 0x1,
    0xff, 0xff, 0x10, 0x0, 0xcf, 0xff, 0x50, 0x0,
    0x0, 0x5, 0xff, 0xfd, 0x0, 0x0, 0x8f, 0xff,
    0xa0, 0x0, 0x0, 0x9, 0xff, 0xf9, 0x0, 0x0,
    0x4f, 0xff, 0xe0, 0x0, 0x0, 0xe, 0xff, 0xf5,
    0x0, 0x0, 0xf, 0xff, 0xf2, 0x0, 0x0, 0x2f,
    0xff, 0xfd, 0xdd, 0xdd, 0xdf, 0xff, 0xf7, 0x0,
    0x0, 0x6f, 0xff, 0xff, 0xff, 0xff, 0xff, 0xff,
    0xfb, 0x0, 0x0, 0xaf, 0xff, 0xff, 0xff, 0xff,
    0xff, 0xff, 0xff, 0x0, 0x0, 0xff, 0xff, 0xff,
    0xff, 0xff, 0xff, 0xff, 0xff, 0x30, 0x3, 0xff,
    0xff, 0x0, 0x0, 0x0, 0x0, 0xbf, 0xff, 0x80,
    0x7, 0xff, 0xfc, 0x0, 0x0, 0x0, 0x0, 0x8f,
    0xff, 0xc0, 0xc, 0xff, 0xf8, 0x0, 0x0, 0x0,
    0x0, 0x4f, 0xff, 0xf1, 0xf, 0xff, 0xf4, 0x0,
    0x0, 0x0, 0x0, 0xf, 0xff, 0xf5, 0x4f, 0xff,
    0xf0, 0x0, 0x0, 0x0, 0x0, 0xc, 0xff, 0xf9,

    /* U+00C1 "Á" */
    0x0, 0x0, 0x0, 0x0, 0x6, 0xff, 0xff, 0x30,
    0x0, 0x0, 0x0, 0x0, 0x0, 0x0, 0xe, 0xff,
    0xf5, 0x0, 0x0, 0x0, 0x0, 0x0, 0x0, 0x0,
    0x7f, 0xff, 0x80, 0x0, 0x0, 0x0, 0x0, 0x0,
    0x0, 0x1, 0xff, 0xfb, 0x0, 0x0, 0x0, 0x0,
    0x0, 0x0, 0x0, 0x0, 0x11, 0x10, 0x0, 0x0,
    0x0, 0x0, 0x0, 0x0, 0x0, 0x0, 0x0, 0x0,
    0x0, 0x0, 0x0, 0x0, 0x0, 0x0, 0x0, 0xaf,
    0xff, 0xff, 0xff, 0x0, 0x0, 0x0, 0x0, 0x0,
    0x0, 0xef, 0xff, 0xff, 0xff, 0x30, 0x0, 0x0,
    0x0, 0x0, 0x3, 0xff, 0xfe, 0xcf, 0xff, 0x70,
    0x0, 0x0, 0x0, 0x0, 0x7, 0xff, 0xfa, 0x5f,
    0xff, 0xc0, 0x0, 0x0, 0x0, 0x0, 0xb, 0xff,
    0xf6, 0x1f, 0xff, 0xf0, 0x0, 0x0, 0x0, 0x0,
    0xf, 0xff, 0xf1, 0xd, 0xff, 0xf4, 0x0, 0x0,
    0x0, 0x0, 0x4f, 0xff, 0xd0, 0x9, 0xff, 0xf9,
    0x0, 0x0, 0x0, 0x0, 0x8f, 0xff, 0x90, 0x4,
    0xff, 0xfd, 0x0, 0x0, 0x0, 0x0, 0xcf, 0xff,
    0x50, 0x0, 0xff, 0xff, 0x10, 0x0, 0x0, 0x1,
    0xff, 0xff, 0x10, 0x0, 0xcf, 0xff, 0x50, 0x0,
    0x0, 0x5, 0xff, 0xfd, 0x0, 0x0, 0x8f, 0xff,
    0xa0, 0x0, 0x0, 0x9, 0xff, 0xf9, 0x0, 0x0,
    0x4f, 0xff, 0xe0, 0x0, 0x0, 0xe, 0xff, 0xf5,
    0x0, 0x0, 0xf, 0xff, 0xf2, 0x0, 0x0, 0x2f,
    0xff, 0xfd, 0xdd, 0xdd, 0xdf, 0xff, 0xf7, 0x0,
    0x0, 0x6f, 0xff, 0xff, 0xff, 0xff, 0xff, 0xff,
    0xfb, 0x0, 0x0, 0xaf, 0xff, 0xff, 0xff, 0xff,
    0xff, 0xff, 0xff, 0x0, 0x0, 0xff, 0xff, 0xff,
    0xff, 0xff, 0xff, 0xff, 0xff, 0x30, 0x3, 0xff,
    0xff, 0x0, 0x0, 0x0, 0x0, 0xbf, 0xff, 0x80,
    0x7, 0xff, 0xfc, 0x0, 0x0, 0x0, 0x0, 0x8f,
    0xff, 0xc0, 0xc, 0xff, 0xf8, 0x0, 0x0, 0x0,
    0x0, 0x4f, 0xff, 0xf1, 0xf, 0xff, 0xf4, 0x0,
    0x0, 0x0, 0x0, 0xf, 0xff, 0xf5, 0x4f, 0xff,
    0xf0, 0x0, 0x0, 0x0, 0x0, 0xc, 0xff, 0xf9,

    /* U+00C2 "Â" */
    0x0, 0x0, 0x0, 0xc, 0xff, 0xff, 0xe2, 0x0,
    0x0, 0x0, 0x0, 0x0, 0x0, 0xbf, 0xff, 0xff,
    0xfe, 0x10, 0x0, 0x0, 0x0, 0x0, 0x9, 0xff,
    0xf7, 0x3f, 0xff, 0xd0, 0x0, 0x0, 0x0, 0x0,
    0x7f, 0xff, 0xb0, 0x7, 0xff, 0xfb, 0x0, 0x0,
    0x0, 0x0, 0x11, 0x11, 0x0, 0x0, 0x11, 0x11,
    0x0, 0x0, 0x0, 0x0, 0x0, 0x0, 0x0, 0x0,
    0x0, 0x0, 0x0, 0x0, 0x0, 0x0, 0x0, 0xaf,
    0xff, 0xff, 0xff, 0x0, 0x0, 0x0, 0x0, 0x0,
    0x0, 0xef, 0xff, 0xff, 0xff, 0x30, 0x0, 0x0,
    0x0, 0x0, 0x3, 0xff, 0xfe, 0xcf, 0xff, 0x70,
    0x0, 0x0, 0x0, 0x0, 0x7, 0xff, 0xfa, 0x5f,
    0xff, 0xc0, 0x0, 0x0, 0x0, 0x0, 0xb, 0xff,
    0xf6, 0x1f, 0xff, 0xf0, 0x0, 0x0, 0x0, 0x0,
    0xf, 0xff, 0xf1, 0xd, 0xff, 0xf4, 0x0, 0x0,
    0x0, 0x0, 0x4f, 0xff, 0xd0, 0x9, 0xff, 0xf9,
    0x0, 0x0, 0x0, 0x0, 0x8f, 0xff, 0x90, 0x4,
    0xff, 0xfd, 0x0, 0x0, 0x0, 0x0, 0xcf, 0xff,
    0x50, 0x0, 0xff, 0xff, 0x10, 0x0, 0x0, 0x1,
    0xff, 0xff, 0x10, 0x0, 0xcf, 0xff, 0x50, 0x0,
    0x0, 0x5, 0xff, 0xfd, 0x0, 0x0, 0x8f, 0xff,
    0xa0, 0x0, 0x0, 0x9, 0xff, 0xf9, 0x0, 0x0,
    0x4f, 0xff, 0xe0, 0x0, 0x0, 0xe, 0xff, 0xf5,
    0x0, 0x0, 0xf, 0xff, 0xf2, 0x0, 0x0, 0x2f,
    0xff, 0xfd, 0xdd, 0xdd, 0xdf, 0xff, 0xf7, 0x0,
    0x0, 0x6f, 0xff, 0xff, 0xff, 0xff, 0xff, 0xff,
    0xfb, 0x0, 0x0, 0xaf, 0xff, 0xff, 0xff, 0xff,
    0xff, 0xff, 0xff, 0x0, 0x0, 0xff, 0xff, 0xff,
    0xff, 0xff, 0xff, 0xff, 0xff, 0x30, 0x3, 0xff,
    0xff, 0x0, 0x0, 0x0, 0x0, 0xbf, 0xff, 0x80,
    0x7, 0xff, 0xfc, 0x0, 0x0, 0x0, 0x0, 0x8f,
    0xff, 0xc0, 0xc, 0xff, 0xf8, 0x0, 0x0, 0x0,
    0x0, 0x4f, 0xff, 0xf1, 0xf, 0xff, 0xf4, 0x0,
    0x0, 0x0, 0x0, 0xf, 0xff, 0xf5, 0x4f, 0xff,
    0xf0, 0x0, 0x0, 0x0, 0x0, 0xc, 0xff, 0xf9,

    /* U+00C3 "Ã" */
    0x0, 0x0, 0x0, 0x7e, 0xfa, 0x10, 0x6, 0x60,
    0x0, 0x0, 0x0, 0x0, 0x8, 0xff, 0xff, 0xd1,
    0x3f, 0xf7, 0x0, 0x0, 0x0, 0x0, 0x4f, 0xff,
    0xef, 0xff, 0xff, 0xf7, 0x0, 0x0, 0x0, 0x0,
    0x1c, 0xf4, 0x7, 0xff, 0xff, 0xb0, 0x0, 0x0,
    0x0, 0x0, 0x0, 0x40, 0x0, 0x5c, 0xd8, 0x0,
    0x0, 0x0, 0x0, 0x0, 0x0, 0x0, 0x0, 0x0,
    0x0, 0x0, 0x0, 0x0, 0x0, 0x0, 0x0, 0xaf,
    0xff, 0xff, 0xff, 0x0, 0x0, 0x0, 0x0, 0x0,
    0x0, 0xef, 0xff, 0xff, 0xff, 0x30, 0x0, 0x0,
    0x0, 0x0, 0x3, 0xff, 0xfe, 0xcf, 0xff, 0x70,
    0x0, 0x0, 0x0, 0x0, 0x7, 0xff, 0xfa, 0x5f,
    0xff, 0xc0, 0x0, 0x0, 0x0, 0x0, 0xb, 0xff,
    0xf6, 0x1f, 0xff, 0xf0, 0x0, 0x0, 0x0, 0x0,
    0xf, 0xff, 0xf1, 0xd, 0xff, 0xf4, 0x0, 0x0,
    0x0, 0x0, 0x4f, 0xff, 0xd0, 0x9, 0xff, 0xf9,
    0x0, 0x0, 0x0, 0x0, 0x8f, 0xff, 0x90, 0x4,
    0xff, 0xfd, 0x0, 0x0, 0x0, 0x0, 0xcf, 0xff,
    0x50, 0x0, 0xff, 0xff, 0x10, 0x0, 0x0, 0x1,
    0xff, 0xff, 0x10, 0x0, 0xcf, 0xff, 0x50, 0x0,
    0x0, 0x5, 0xff, 0xfd, 0x0, 0x0, 0x8f, 0xff,
    0xa0, 0x0, 0x0, 0x9, 0xff, 0xf9, 0x0, 0x0,
    0x4f, 0xff, 0xe0, 0x0, 0x0, 0xe, 0xff, 0xf5,
    0x0, 0x0, 0xf, 0xff, 0xf2, 0x0, 0x0, 0x2f,
    0xff, 0xfd, 0xdd, 0xdd, 0xdf, 0xff, 0xf7, 0x0,
    0x0, 0x6f, 0xff, 0xff, 0xff, 0xff, 0xff, 0xff,
    0xfb, 0x0, 0x0, 0xaf, 0xff, 0xff, 0xff, 0xff,
    0xff, 0xff, 0xff, 0x0, 0x0, 0xff, 0xff, 0xff,
    0xff, 0xff, 0xff, 0xff, 0xff, 0x30, 0x3, 0xff,
    0xff, 0x0, 0x0, 0x0, 0x0, 0xbf, 0xff, 0x80,
    0x7, 0xff, 0xfc, 0x0, 0x0, 0x0, 0x0, 0x8f,
    0xff, 0xc0, 0xc, 0xff, 0xf8, 0x0, 0x0, 0x0,
    0x0, 0x4f, 0xff, 0xf1, 0xf, 0xff, 0xf4, 0x0,
    0x0, 0x0, 0x0, 0xf, 0xff, 0xf5, 0x4f, 0xff,
    0xf0, 0x0, 0x0, 0x0, 0x0, 0xc, 0xff, 0xf9,

    /* U+00C4 "Ä" */
    0x0, 0x0, 0x2c, 0xfd, 0x40, 0x1, 0xbf, 0xe5,
    0x0, 0x0, 0x0, 0x0, 0xcf, 0xff, 0xf0, 0xa,
    0xff, 0xff, 0x10, 0x0, 0x0, 0x0, 0xff, 0xff,
    0xf2, 0xd, 0xff, 0xff, 0x40, 0x0, 0x0, 0x0,
    0xcf, 0xff, 0xf0, 0xb, 0xff, 0xff, 0x10, 0x0,
    0x0, 0x0, 0x2c, 0xfd, 0x40, 0x1, 0xbf, 0xe5,
    0x0, 0x0, 0x0, 0x0, 0x0, 0x0, 0x0, 0x0,
    0x0, 0x0, 0x0, 0x0, 0x0, 0x0, 0x0, 0x0,
    0x0, 0x0, 0x0, 0x0, 0x0, 0x0, 0x0, 0x0,
    0x0, 0xaf, 0xff, 0xff, 0xff, 0x0, 0x0, 0x0,
    0x0, 0x0, 0x0, 0xef, 0xff, 0xff, 0xff, 0x30,
    0x0, 0x0, 0x0, 0x0, 0x3, 0xff, 0xfe, 0xcf,
    0xff, 0x70, 0x0, 0x0, 0x0, 0x0, 0x7, 0xff,
    0xfa, 0x5f, 0xff, 0xc0, 0x0, 0x0, 0x0, 0x0,
    0xb, 0xff, 0xf6, 0x1f, 0xff, 0xf0, 0x0, 0x0,
    0x0, 0x0, 0xf, 0xff, 0xf1, 0xd, 0xff, 0xf4,
    0x0, 0x0, 0x0, 0x0, 0x4f, 0xff, 0xd0, 0x9,
    0xff, 0xf9, 0x0, 0x0, 0x0, 0x0, 0x8f, 0xff,
    0x90, 0x4, 0xff, 0xfd, 0x0, 0x0, 0x0, 0x0,
    0xcf, 0xff, 0x50, 0x0, 0xff, 0xff, 0x10, 0x0,
    0x0, 0x1, 0xff, 0xff, 0x10, 0x0, 0xcf, 0xff,
    0x50, 0x0, 0x0, 0x5, 0xff, 0xfd, 0x0, 0x0,
    0x8f, 0xff, 0xa0, 0x0, 0x0, 0x9, 0xff, 0xf9,
    0x0, 0x0, 0x4f, 0xff, 0xe0, 0x0, 0x0, 0xe,
    0xff, 0xf5, 0x0, 0x0, 0xf, 0xff, 0xf2, 0x0,
    0x0, 0x2f, 0xff, 0xfd, 0xdd, 0xdd, 0xdf, 0xff,
    0xf7, 0x0, 0x0, 0x6f, 0xff, 0xff, 0xff, 0xff,
    0xff, 0xff, 0xfb, 0x0, 0x0, 0xaf, 0xff, 0xff,
    0xff, 0xff, 0xff, 0xff, 0xff, 0x0, 0x0, 0xff,
    0xff, 0xff, 0xff, 0xff, 0xff, 0xff, 0xff, 0x30,
    0x3, 0xff, 0xff, 0x0, 0x0, 0x0, 0x0, 0xbf,
    0xff, 0x80, 0x7, 0xff, 0xfc, 0x0, 0x0, 0x0,
    0x0, 0x8f, 0xff, 0xc0, 0xc, 0xff, 0xf8, 0x0,
    0x0, 0x0, 0x0, 0x4f, 0xff, 0xf1, 0xf, 0xff,
    0xf4, 0x0, 0x0, 0x0, 0x0, 0xf, 0xff, 0xf5,
    0x4f, 0xff, 0xf0, 0x0, 0x0, 0x0, 0x0, 0xc,
    0xff, 0xf9,

    /* U+00C5 "Å" */
    0x0, 0x0, 0x0, 0x0, 0x9e, 0xfb, 0x20, 0x0,
    0x0, 0x0, 0x0, 0x0, 0x0, 0xb, 0xff, 0xff,
    0xe1, 0x0, 0x0, 0x0, 0x0, 0x0, 0x0, 0x1f,
    0xf8, 0x4f, 0xf6, 0x0, 0x0, 0x0, 0x0, 0x0,
    0x0, 0x2f, 0xf5, 0x1f, 0xf6, 0x0, 0x0, 0x0,
    0x0, 0x0, 0x0, 0xd, 0xff, 0xff, 0xf2, 0x0,
    0x0, 0x0, 0x0, 0x0, 0x0, 0x2, 0xcf, 0xfe,
    0x40, 0x0, 0x0, 0x0, 0x0, 0x0, 0x0, 0x0,
    0x1, 0x20, 0x0, 0x0, 0x0, 0x0, 0x0, 0x0,
    0x0, 0x0, 0x0, 0x0, 0x0, 0x0, 0x0, 0x0,
    0x0, 0x0, 0x0, 0xaf, 0xff, 0xff, 0xff, 0x0,
    0x0, 0x0, 0x0, 0x0, 0x0, 0xef, 0xff, 0xff,
    0xff, 0x30, 0x0, 0x0, 0x0, 0x0, 0x3, 0xff,
    0xfe, 0xcf, 0xff, 0x70, 0x0, 0x0, 0x0, 0x0,
    0x7, 0xff, 0xfa, 0x5f, 0xff, 0xc0, 0x0, 0x0,
    0x0, 0x0, 0xb, 0xff, 0xf6, 0x1f, 0xff, 0xf0,
    0x0, 0x0, 0x0, 0x0, 0xf, 0xff, 0xf1, 0xd,
    0xff, 0xf4, 0x0, 0x0, 0x0, 0x0, 0x4f, 0xff,
    0xd0, 0x9, 0xff, 0xf9, 0x0, 0x0, 0x0, 0x0,
    0x8f, 0xff, 0x90, 0x4, 0xff, 0xfd, 0x0, 0x0,
    0x0, 0x0, 0xcf, 0xff, 0x50, 0x0, 0xff, 0xff,
    0x10, 0x0, 0x0, 0x1, 0xff, 0xff, 0x10, 0x0,
    0xcf, 0xff, 0x50, 0x0, 0x0, 0x5, 0xff, 0xfd,
    0x0, 0x0, 0x8f, 0xff, 0xa0, 0x0, 0x0, 0x9,
    0xff, 0xf9, 0x0, 0x0, 0x4f, 0xff, 0xe0, 0x0,
    0x0, 0xe, 0xff, 0xf5, 0x0, 0x0, 0xf, 0xff,
    0xf2, 0x0, 0x0, 0x2f, 0xff, 0xfd, 0xdd, 0xdd,
    0xdf, 0xff, 0xf7, 0x0, 0x0, 0x6f, 0xff, 0xff,
    0xff, 0xff, 0xff, 0xff, 0xfb, 0x0, 0x0, 0xaf,
    0xff, 0xff, 0xff, 0xff, 0xff, 0xff, 0xff, 0x0,
    0x0, 0xff, 0xff, 0xff, 0xff, 0xff, 0xff, 0xff,
    0xff, 0x30, 0x3, 0xff, 0xff, 0x0, 0x0, 0x0,
    0x0, 0xbf, 0xff, 0x80, 0x7, 0xff, 0xfc, 0x0,
    0x0, 0x0, 0x0, 0x8f, 0xff, 0xc0, 0xc, 0xff,
    0xf8, 0x0, 0x0, 0x0, 0x0, 0x4f, 0xff, 0xf1,
    0xf, 0xff, 0xf4, 0x0, 0x0, 0x0, 0x0, 0xf,
    0xff, 0xf5, 0x4f, 0xff, 0xf0, 0x0, 0x0, 0x0,
    0x0, 0xc, 0xff, 0xf9,

    /* U+00C6 "Æ" */
    0x0, 0x0, 0x0, 0x1, 0xff, 0xff, 0xff, 0xff,
    0xff, 0xff, 0xff, 0xff, 0xf1, 0x0, 0x0, 0x0,
    0x7, 0xff, 0xff, 0xff, 0xff, 0xff, 0xff, 0xff,
    0xff, 0xf1, 0x0, 0x0, 0x0, 0xc, 0xff, 0xf6,
    0xff, 0xff, 0xff, 0xff, 0xff, 0xff, 0xf1, 0x0,
    0x0, 0x0, 0x2f, 0xff, 0xf0, 0xff, 0xff, 0xcc,
    0xcc, 0xcc, 0xcc, 0xc0, 0x0, 0x0, 0x0, 0x7f,
    0xff, 0xa0, 0xff, 0xff, 0x20, 0x0, 0x0, 0x0,
    0x0, 0x0, 0x0, 0x0, 0xdf, 0xff, 0x50, 0xff,
    0xff, 0x20, 0x0, 0x0, 0x0, 0x0, 0x0, 0x0,
    0x2, 0xff, 0xff, 0x0, 0xff, 0xff, 0x20, 0x0,
    0x0, 0x0, 0x0, 0x0, 0x0, 0x7, 0xff, 0xfa,
    0x0, 0xff, 0xff, 0x20, 0x0, 0x0, 0x0, 0x0,
    0x0, 0x0, 0xd, 0xff, 0xf5, 0x0, 0xff, 0xff,
    0x20, 0x0, 0x0, 0x0, 0x0, 0x0, 0x0, 0x2f,
    0xff, 0xf0, 0x0, 0xff, 0xff, 0xff, 0xff, 0xff,
    0xff, 0x20, 0x0, 0x0, 0x8f, 0xff, 0xa0, 0x0,
    0xff, 0xff, 0xff, 0xff, 0xff, 0xff, 0x20, 0x0,
    0x0, 0xdf, 0xff, 0x40, 0x0, 0xff, 0xff, 0xff,
    0xff, 0xff, 0xff, 0x20, 0x0, 0x3, 0xff, 0xff,
    0x0, 0x0, 0xff, 0xff, 0xcc, 0xcc, 0xcc, 0xcc,
    0x10, 0x0, 0x8, 0xff, 0xff, 0xdd, 0xdd, 0xff,
    0xff, 0x20, 0x0, 0x0, 0x0, 0x0, 0x0, 0xd,
    0xff, 0xff, 0xff, 0xff, 0xff, 0xff, 0x20, 0x0,
    0x0, 0x0, 0x0, 0x0, 0x3f, 0xff, 0xff, 0xff,
    0xff, 0xff, 0xff, 0x20, 0x0, 0x0, 0x0, 0x0,
    0x0, 0x8f, 0xff, 0xff, 0xff, 0xff, 0xff, 0xff,
    0x20, 0x0, 0x0, 0x0, 0x0, 0x0, 0xef, 0xff,
    0x50, 0x0, 0x0, 0xff, 0xff, 0x20, 0x0, 0x0,
    0x0, 0x0, 0x3, 0xff, 0xff, 0x0, 0x0, 0x0,
    0xff, 0xff, 0xcc, 0xcc, 0xcc, 0xcc, 0xc3, 0x9,
    0xff, 0xfb, 0x0, 0x0, 0x0, 0xff, 0xff, 0xff,
    0xff, 0xff, 0xff, 0xf4, 0xe, 0xff, 0xf5, 0x0,
    0x0, 0x0, 0xff, 0xff, 0xff, 0xff, 0xff, 0xff,
    0xf4, 0x4f, 0xff, 0xf1, 0x0, 0x0, 0x0, 0xff,
    0xff, 0xff, 0xff, 0xff, 0xff, 0xf4,

    /* U+00C7 "Ç" */
    0x0, 0x0, 0x4, 0x9d, 0xff, 0xfd, 0xa5, 0x0,
    0x0, 0x0, 0x0, 0x3d, 0xff, 0xff, 0xff, 0xff,
    0xfe, 0x40, 0x0, 0x0, 0x4f, 0xff, 0xff, 0xff,
    0xff, 0xff, 0xff, 0x50, 0x0, 0x2f, 0xff, 0xff,
    0xfc, 0xbc, 0xff, 0xff, 0xff, 0x10, 0xa, 0xff,
    0xff, 0xa1, 0x0, 0x0, 0x7f, 0xff, 0xf9, 0x0,
    0xff, 0xff, 0xb0, 0x0, 0x0, 0x0, 0x8f, 0xff,
    0xe0, 0x3f, 0xff, 0xf2, 0x0, 0x0, 0x0, 0x1,
    0xff, 0xff, 0x25, 0xff, 0xfe, 0x0, 0x0, 0x0,
    0x0, 0xe, 0xff, 0xf3, 0x6f, 0xff, 0xd0, 0x0,
    0x0, 0x0, 0x0, 0x12, 0x22, 0x6, 0xff, 0xfd,
    0x0, 0x0, 0x0, 0x0, 0x0, 0x0, 0x0, 0x6f,
    0xff, 0xd0, 0x0, 0x0, 0x0, 0x0, 0x0, 0x0,
    0x6, 0xff, 0xfd, 0x0, 0x0, 0x0, 0x0, 0x0,
    0x0, 0x0, 0x6f, 0xff, 0xd0, 0x0, 0x0, 0x0,
    0x0, 0x0, 0x0, 0x6, 0xff, 0xfd, 0x0, 0x0,
    0x0, 0x0, 0x6, 0x77, 0x71, 0x5f, 0xff, 0xe0,
    0x0, 0x0, 0x0, 0x0, 0xef, 0xff, 0x33, 0xff,
    0xff, 0x20, 0x0, 0x0, 0x0, 0x1f, 0xff, 0xf2,
    0xf, 0xff, 0xfb, 0x0, 0x0, 0x0, 0x9, 0xff,
    0xff, 0x0, 0xaf, 0xff, 0xfa, 0x10, 0x0, 0x7,
    0xff, 0xff, 0x90, 0x2, 0xff, 0xff, 0xff, 0xcb,
    0xcf, 0xff, 0xff, 0xf2, 0x0, 0x4, 0xff, 0xff,
    0xff, 0xff, 0xff, 0xff, 0xf5, 0x0, 0x0, 0x3,
    0xdf, 0xff, 0xff, 0xff, 0xff, 0xe4, 0x0, 0x0,
    0x0, 0x0, 0x49, 0xdf, 0xff, 0xea, 0x60, 0x0,
    0x0, 0x0, 0x0, 0x0, 0x0, 0xcf, 0xf3, 0x0,
    0x0, 0x0, 0x0, 0x0, 0x0, 0x0, 0xc, 0xef,
    0xfe, 0x30, 0x0, 0x0, 0x0, 0x0, 0x0, 0x0,
    0x0, 0x3f, 0xfc, 0x0, 0x0, 0x0, 0x0, 0x0,
    0x7, 0xb8, 0x7b, 0xff, 0xd0, 0x0, 0x0, 0x0,
    0x0, 0x0, 0xdf, 0xff, 0xff, 0xf7, 0x0, 0x0,
    0x0, 0x0, 0x0, 0x8, 0xce, 0xff, 0xc5, 0x0,
    0x0, 0x0,

    /* U+00C8 "È" */
    0x0, 0x8, 0xff, 0xfe, 0x10, 0x0, 0x0, 0x0,
    0x0, 0xb, 0xff, 0xf8, 0x0, 0x0, 0x0, 0x0,
    0x0, 0xd, 0xff, 0xf2, 0x0, 0x0, 0x0, 0x0,
    0x0, 0x2f, 0xff, 0xa0, 0x0, 0x0, 0x0, 0x0,
    0x0, 0x1, 0x11, 0x0, 0x0, 0x0, 0x0, 0x0,
    0x0, 0x0, 0x0, 0x0, 0x0, 0xef, 0xff, 0xff,
    0xff, 0xff, 0xff, 0xff, 0x8e, 0xff, 0xff, 0xff,
    0xff, 0xff, 0xff, 0xf8, 0xef, 0xff, 0xff, 0xff,
    0xff, 0xff, 0xff, 0x8e, 0xff, 0xfd, 0xcc, 0xcc,
    0xcc, 0xcc, 0xc6, 0xef, 0xff, 0x50, 0x0, 0x0,
    0x0, 0x0, 0xe, 0xff, 0xf5, 0x0, 0x0, 0x0,
    0x0, 0x0, 0xef, 0xff, 0x50, 0x0, 0x0, 0x0,
    0x0, 0xe, 0xff, 0xf5, 0x0, 0x0, 0x0, 0x0,
    0x0, 0xef, 0xff, 0x50, 0x0, 0x0, 0x0, 0x0,
    0xe, 0xff, 0xff, 0xff, 0xff, 0xff, 0xff, 0x90,
    0xef, 0xff, 0xff, 0xff, 0xff, 0xff, 0xf9, 0xe,
    0xff, 0xff, 0xff, 0xff, 0xff, 0xff, 0x90, 0xef,
    0xff, 0xdc, 0xcc, 0xcc, 0xcc, 0xc7, 0xe, 0xff,
    0xf5, 0x0, 0x0, 0x0, 0x0, 0x0, 0xef, 0xff,
    0x50, 0x0, 0x0, 0x0, 0x0, 0xe, 0xff, 0xf5,
    0x0, 0x0, 0x0, 0x0, 0x0, 0xef, 0xff, 0x50,
    0x0, 0x0, 0x0, 0x0, 0xe, 0xff, 0xf5, 0x0,
    0x0, 0x0, 0x0, 0x0, 0xef, 0xff, 0xdc, 0xcc,
    0xcc, 0xcc, 0xcc, 0x8e, 0xff, 0xff, 0xff, 0xff,
    0xff, 0xff, 0xfb, 0xef, 0xff, 0xff, 0xff, 0xff,
    0xff, 0xff, 0xbe, 0xff, 0xff, 0xff, 0xff, 0xff,
    0xff, 0xfb,

    /* U+00C9 "É" */
    0x0, 0x0, 0x0, 0x1f, 0xff, 0xf7, 0x0, 0x0,
    0x0, 0x0, 0x9, 0xff, 0xfa, 0x0, 0x0, 0x0,
    0x0, 0x2, 0xff, 0xfc, 0x0, 0x0, 0x0, 0x0,
    0x0, 0xbf, 0xfe, 0x10, 0x0, 0x0, 0x0, 0x0,
    0x1, 0x11, 0x0, 0x0, 0x0, 0x0, 0x0, 0x0,
    0x0, 0x0, 0x0, 0x0, 0x0, 0xef, 0xff, 0xff,
    0xff, 0xff, 0xff, 0xff, 0x8e, 0xff, 0xff, 0xff,
    0xff, 0xff, 0xff, 0xf8, 0xef, 0xff, 0xff, 0xff,
    0xff, 0xff, 0xff, 0x8e, 0xff, 0xfd, 0xcc, 0xcc,
    0xcc, 0xcc, 0xc6, 0xef, 0xff, 0x50, 0x0, 0x0,
    0x0, 0x0, 0xe, 0xff, 0xf5, 0x0, 0x0, 0x0,
    0x0, 0x0, 0xef, 0xff, 0x50, 0x0, 0x0, 0x0,
    0x0, 0xe, 0xff, 0xf5, 0x0, 0x0, 0x0, 0x0,
    0x0, 0xef, 0xff, 0x50, 0x0, 0x0, 0x0, 0x0,
    0xe, 0xff, 0xff, 0xff, 0xff, 0xff, 0xff, 0x90,
    0xef, 0xff, 0xff, 0xff, 0xff, 0xff, 0xf9, 0xe,
    0xff, 0xff, 0xff, 0xff, 0xff, 0xff, 0x90, 0xef,
    0xff, 0xdc, 0xcc, 0xcc, 0xcc, 0xc7, 0xe, 0xff,
    0xf5, 0x0, 0x0, 0x0, 0x0, 0x0, 0xef, 0xff,
    0x50, 0x0, 0x0, 0x0, 0x0, 0xe, 0xff, 0xf5,
    0x0, 0x0, 0x0, 0x0, 0x0, 0xef, 0xff, 0x50,
    0x0, 0x0, 0x0, 0x0, 0xe, 0xff, 0xf5, 0x0,
    0x0, 0x0, 0x0, 0x0, 0xef, 0xff, 0xdc, 0xcc,
    0xcc, 0xcc, 0xcc, 0x8e, 0xff, 0xff, 0xff, 0xff,
    0xff, 0xff, 0xfb, 0xef, 0xff, 0xff, 0xff, 0xff,
    0xff, 0xff, 0xbe, 0xff, 0xff, 0xff, 0xff, 0xff,
    0xff, 0xfb,

    /* U+00CA "Ê" */
    0x0, 0x0, 0x7f, 0xff, 0xff, 0x60, 0x0, 0x0,
    0x0, 0x5f, 0xff, 0xff, 0xff, 0x50, 0x0, 0x0,
    0x4f, 0xff, 0xc1, 0xdf, 0xff, 0x30, 0x0, 0x3f,
    0xff, 0xe1, 0x2, 0xff, 0xfe, 0x20, 0x0, 0x11,
    0x10, 0x0, 0x0, 0x11, 0x10, 0x0, 0x0, 0x0,
    0x0, 0x0, 0x0, 0x0, 0x0, 0xef, 0xff, 0xff,
    0xff, 0xff, 0xff, 0xff, 0x8e, 0xff, 0xff, 0xff,
    0xff, 0xff, 0xff, 0xf8, 0xef, 0xff, 0xff, 0xff,
    0xff, 0xff, 0xff, 0x8e, 0xff, 0xfd, 0xcc, 0xcc,
    0xcc, 0xcc, 0xc6, 0xef, 0xff, 0x50, 0x0, 0x0,
    0x0, 0x0, 0xe, 0xff, 0xf5, 0x0, 0x0, 0x0,
    0x0, 0x0, 0xef, 0xff, 0x50, 0x0, 0x0, 0x0,
    0x0, 0xe, 0xff, 0xf5, 0x0, 0x0, 0x0, 0x0,
    0x0, 0xef, 0xff, 0x50, 0x0, 0x0, 0x0, 0x0,
    0xe, 0xff, 0xff, 0xff, 0xff, 0xff, 0xff, 0x90,
    0xef, 0xff, 0xff, 0xff, 0xff, 0xff, 0xf9, 0xe,
    0xff, 0xff, 0xff, 0xff, 0xff, 0xff, 0x90, 0xef,
    0xff, 0xdc, 0xcc, 0xcc, 0xcc, 0xc7, 0xe, 0xff,
    0xf5, 0x0, 0x0, 0x0, 0x0, 0x0, 0xef, 0xff,
    0x50, 0x0, 0x0, 0x0, 0x0, 0xe, 0xff, 0xf5,
    0x0, 0x0, 0x0, 0x0, 0x0, 0xef, 0xff, 0x50,
    0x0, 0x0, 0x0, 0x0, 0xe, 0xff, 0xf5, 0x0,
    0x0, 0x0, 0x0, 0x0, 0xef, 0xff, 0xdc, 0xcc,
    0xcc, 0xcc, 0xcc, 0x8e, 0xff, 0xff, 0xff, 0xff,
    0xff, 0xff, 0xfb, 0xef, 0xff, 0xff, 0xff, 0xff,
    0xff, 0xff, 0xbe, 0xff, 0xff, 0xff, 0xff, 0xff,
    0xff, 0xfb,

    /* U+00CB "Ë" */
    0x0, 0x9f, 0xe8, 0x0, 0x8, 0xef, 0x90, 0x0,
    0x7f, 0xff, 0xf4, 0x5, 0xff, 0xff, 0x60, 0xa,
    0xff, 0xff, 0x70, 0x8f, 0xff, 0xf9, 0x0, 0x7f,
    0xff, 0xf5, 0x5, 0xff, 0xff, 0x60, 0x0, 0x9f,
    0xf8, 0x0, 0x8, 0xff, 0x90, 0x0, 0x0, 0x0,
    0x0, 0x0, 0x0, 0x0, 0x0, 0x0, 0x0, 0x0,
    0x0, 0x0, 0x0, 0x0, 0xe, 0xff, 0xff, 0xff,
    0xff, 0xff, 0xff, 0xf8, 0xef, 0xff, 0xff, 0xff,
    0xff, 0xff, 0xff, 0x8e, 0xff, 0xff, 0xff, 0xff,
    0xff, 0xff, 0xf8, 0xef, 0xff, 0xdc, 0xcc, 0xcc,
    0xcc, 0xcc, 0x6e, 0xff, 0xf5, 0x0, 0x0, 0x0,
    0x0, 0x0, 0xef, 0xff, 0x50, 0x0, 0x0, 0x0,
    0x0, 0xe, 0xff, 0xf5, 0x0, 0x0, 0x0, 0x0,
    0x0, 0xef, 0xff, 0x50, 0x0, 0x0, 0x0, 0x0,
    0xe, 0xff, 0xf5, 0x0, 0x0, 0x0, 0x0, 0x0,
    0xef, 0xff, 0xff, 0xff, 0xff, 0xff, 0xf9, 0xe,
    0xff, 0xff, 0xff, 0xff, 0xff, 0xff, 0x90, 0xef,
    0xff, 0xff, 0xff, 0xff, 0xff, 0xf9, 0xe, 0xff,
    0xfd, 0xcc, 0xcc, 0xcc, 0xcc, 0x70, 0xef, 0xff,
    0x50, 0x0, 0x0, 0x0, 0x0, 0xe, 0xff, 0xf5,
    0x0, 0x0, 0x0, 0x0, 0x0, 0xef, 0xff, 0x50,
    0x0, 0x0, 0x0, 0x0, 0xe, 0xff, 0xf5, 0x0,
    0x0, 0x0, 0x0, 0x0, 0xef, 0xff, 0x50, 0x0,
    0x0, 0x0, 0x0, 0xe, 0xff, 0xfd, 0xcc, 0xcc,
    0xcc, 0xcc, 0xc8, 0xef, 0xff, 0xff, 0xff, 0xff,
    0xff, 0xff, 0xbe, 0xff, 0xff, 0xff, 0xff, 0xff,
    0xff, 0xfb, 0xef, 0xff, 0xff, 0xff, 0xff, 0xff,
    0xff, 0xb0,

    /* U+00CC "Ì" */
    0xc, 0xff, 0xfc, 0x0, 0x1, 0xef, 0xff, 0x40,
    0x0, 0x3f, 0xff, 0xd0, 0x0, 0x5, 0xff, 0xf6,
    0x0, 0x0, 0x11, 0x10, 0x0, 0x0, 0x0, 0x0,
    0x0, 0xe, 0xff, 0xf5, 0x0, 0xe, 0xff, 0xf5,
    0x0, 0xe, 0xff, 0xf5, 0x0, 0xe, 0xff, 0xf5,
    0x0, 0xe, 0xff, 0xf5, 0x0, 0xe, 0xff, 0xf5,
    0x0, 0xe, 0xff, 0xf5, 0x0, 0xe, 0xff, 0xf5,
    0x0, 0xe, 0xff, 0xf5, 0x0, 0xe, 0xff, 0xf5,
    0x0, 0xe, 0xff, 0xf5, 0x0, 0xe, 0xff, 0xf5,
    0x0, 0xe, 0xff, 0xf5, 0x0, 0xe, 0xff, 0xf5,
    0x0, 0xe, 0xff, 0xf5, 0x0, 0xe, 0xff, 0xf5,
    0x0, 0xe, 0xff, 0xf5, 0x0, 0xe, 0xff, 0xf5,
    0x0, 0xe, 0xff, 0xf5, 0x0, 0xe, 0xff, 0xf5,
    0x0, 0xe, 0xff, 0xf5, 0x0, 0xe, 0xff, 0xf5,

    /* U+00CD "Í" */
    0x0, 0x4f, 0xff, 0xf3, 0x0, 0xdf, 0xff, 0x60,
    0x6, 0xff, 0xf9, 0x0, 0xe, 0xff, 0xc0, 0x0,
    0x1, 0x11, 0x0, 0x0, 0x0, 0x0, 0x0, 0x0,
    0xe, 0xff, 0xf5, 0x0, 0xe, 0xff, 0xf5, 0x0,
    0xe, 0xff, 0xf5, 0x0, 0xe, 0xff, 0xf5, 0x0,
    0xe, 0xff, 0xf5, 0x0, 0xe, 0xff, 0xf5, 0x0,
    0xe, 0xff, 0xf5, 0x0, 0xe, 0xff, 0xf5, 0x0,
    0xe, 0xff, 0xf5, 0x0, 0xe, 0xff, 0xf5, 0x0,
    0xe, 0xff, 0xf5, 0x0, 0xe, 0xff, 0xf5, 0x0,
    0xe, 0xff, 0xf5, 0x0, 0xe, 0xff, 0xf5, 0x0,
    0xe, 0xff, 0xf5, 0x0, 0xe, 0xff, 0xf5, 0x0,
    0xe, 0xff, 0xf5, 0x0, 0xe, 0xff, 0xf5, 0x0,
    0xe, 0xff, 0xf5, 0x0, 0xe, 0xff, 0xf5, 0x0,
    0xe, 0xff, 0xf5, 0x0, 0xe, 0xff, 0xf5, 0x0,

    /* U+00CE "Î" */
    0x0, 0xb, 0xff, 0xff, 0xf3, 0x0, 0x0, 0x9,
    0xff, 0xff, 0xff, 0xe2, 0x0, 0x8, 0xff, 0xf9,
    0x2f, 0xff, 0xd1, 0x6, 0xff, 0xfc, 0x0, 0x5f,
    0xff, 0xc0, 0x11, 0x11, 0x0, 0x0, 0x11, 0x11,
    0x0, 0x0, 0x0, 0x0, 0x0, 0x0, 0x0, 0x0,
    0x0, 0xef, 0xff, 0x50, 0x0, 0x0, 0x0, 0xe,
    0xff, 0xf5, 0x0, 0x0, 0x0, 0x0, 0xef, 0xff,
    0x50, 0x0, 0x0, 0x0, 0xe, 0xff, 0xf5, 0x0,
    0x0, 0x0, 0x0, 0xef, 0xff, 0x50, 0x0, 0x0,
    0x0, 0xe, 0xff, 0xf5, 0x0, 0x0, 0x0, 0x0,
    0xef, 0xff, 0x50, 0x0, 0x0, 0x0, 0xe, 0xff,
    0xf5, 0x0, 0x0, 0x0, 0x0, 0xef, 0xff, 0x50,
    0x0, 0x0, 0x0, 0xe, 0xff, 0xf5, 0x0, 0x0,
    0x0, 0x0, 0xef, 0xff, 0x50, 0x0, 0x0, 0x0,
    0xe, 0xff, 0xf5, 0x0, 0x0, 0x0, 0x0, 0xef,
    0xff, 0x50, 0x0, 0x0, 0x0, 0xe, 0xff, 0xf5,
    0x0, 0x0, 0x0, 0x0, 0xef, 0xff, 0x50, 0x0,
    0x0, 0x0, 0xe, 0xff, 0xf5, 0x0, 0x0, 0x0,
    0x0, 0xef, 0xff, 0x50, 0x0, 0x0, 0x0, 0xe,
    0xff, 0xf5, 0x0, 0x0, 0x0, 0x0, 0xef, 0xff,
    0x50, 0x0, 0x0, 0x0, 0xe, 0xff, 0xf5, 0x0,
    0x0, 0x0, 0x0, 0xef, 0xff, 0x50, 0x0, 0x0,
    0x0, 0xe, 0xff, 0xf5, 0x0, 0x0,

    /* U+00CF "Ï" */
    0x1b, 0xfd, 0x50, 0x1, 0xaf, 0xe6, 0xb, 0xff,
    0xff, 0x10, 0x9f, 0xff, 0xf2, 0xef, 0xff, 0xf3,
    0xc, 0xff, 0xff, 0x5b, 0xff, 0xff, 0x10, 0x9f,
    0xff, 0xf2, 0x2c, 0xfe, 0x50, 0x1, 0xbf, 0xe6,
    0x0, 0x0, 0x0, 0x0, 0x0, 0x0, 0x0, 0x0,
    0x0, 0x0, 0x0, 0x0, 0x0, 0x0, 0x0, 0xe,
    0xff, 0xf5, 0x0, 0x0, 0x0, 0x0, 0xef, 0xff,
    0x50, 0x0, 0x0, 0x0, 0xe, 0xff, 0xf5, 0x0,
    0x0, 0x0, 0x0, 0xef, 0xff, 0x50, 0x0, 0x0,
    0x0, 0xe, 0xff, 0xf5, 0x0, 0x0, 0x0, 0x0,
    0xef, 0xff, 0x50, 0x0, 0x0, 0x0, 0xe, 0xff,
    0xf5, 0x0, 0x0, 0x0, 0x0, 0xef, 0xff, 0x50,
    0x0, 0x0, 0x0, 0xe, 0xff, 0xf5, 0x0, 0x0,
    0x0, 0x0, 0xef, 0xff, 0x50, 0x0, 0x0, 0x0,
    0xe, 0xff, 0xf5, 0x0, 0x0, 0x0, 0x0, 0xef,
    0xff, 0x50, 0x0, 0x0, 0x0, 0xe, 0xff, 0xf5,
    0x0, 0x0, 0x0, 0x0, 0xef, 0xff, 0x50, 0x0,
    0x0, 0x0, 0xe, 0xff, 0xf5, 0x0, 0x0, 0x0,
    0x0, 0xef, 0xff, 0x50, 0x0, 0x0, 0x0, 0xe,
    0xff, 0xf5, 0x0, 0x0, 0x0, 0x0, 0xef, 0xff,
    0x50, 0x0, 0x0, 0x0, 0xe, 0xff, 0xf5, 0x0,
    0x0, 0x0, 0x0, 0xef, 0xff, 0x50, 0x0, 0x0,
    0x0, 0xe, 0xff, 0xf5, 0x0, 0x0, 0x0, 0x0,
    0xef, 0xff, 0x50, 0x0, 0x0,

    /* U+00D0 "Ð" */
    0x8f, 0xff, 0xff, 0xff, 0xff, 0xfe, 0xb7, 0x10,
    0x0, 0x8, 0xff, 0xff, 0xff, 0xff, 0xff, 0xff,
    0xff, 0x90, 0x0, 0x8f, 0xff, 0xff, 0xff, 0xff,
    0xff, 0xff, 0xff, 0xb0, 0x5, 0xaa, 0xdf, 0xff,
    0xda, 0xaa, 0xdf, 0xff, 0xff, 0x90, 0x0, 0x9,
    0xff, 0xfa, 0x0, 0x0, 0x3d, 0xff, 0xff, 0x10,
    0x0, 0x9f, 0xff, 0xa0, 0x0, 0x0, 0x2f, 0xff,
    0xf7, 0x0, 0x9, 0xff, 0xfa, 0x0, 0x0, 0x0,
    0xaf, 0xff, 0xb0, 0x0, 0x9f, 0xff, 0xa0, 0x0,
    0x0, 0x6, 0xff, 0xfd, 0x0, 0x9, 0xff, 0xfa,
    0x0, 0x0, 0x0, 0x5f, 0xff, 0xe6, 0xdd, 0xef,
    0xff, 0xfd, 0xdd, 0x40, 0x5, 0xff, 0xfe, 0x8f,
    0xff, 0xff, 0xff, 0xff, 0xf5, 0x0, 0x5f, 0xff,
    0xe8, 0xff, 0xff, 0xff, 0xff, 0xff, 0x50, 0x5,
    0xff, 0xfe, 0x0, 0x9, 0xff, 0xfa, 0x0, 0x0,
    0x0, 0x5f, 0xff, 0xe0, 0x0, 0x9f, 0xff, 0xa0,
    0x0, 0x0, 0x5, 0xff, 0xfe, 0x0, 0x9, 0xff,
    0xfa, 0x0, 0x0, 0x0, 0x6f, 0xff, 0xd0, 0x0,
    0x9f, 0xff, 0xa0, 0x0, 0x0, 0xa, 0xff, 0xfb,
    0x0, 0x9, 0xff, 0xfa, 0x0, 0x0, 0x2, 0xff,
    0xff, 0x70, 0x0, 0x9f, 0xff, 0xa0, 0x0, 0x3,
    0xdf, 0xff, 0xf1, 0x5a, 0xad, 0xff, 0xfd, 0xaa,
    0xad, 0xff, 0xff, 0xf9, 0x8, 0xff, 0xff, 0xff,
    0xff, 0xff, 0xff, 0xff, 0xfb, 0x0, 0x8f, 0xff,
    0xff, 0xff, 0xff, 0xff, 0xff, 0xf9, 0x0, 0x8,
    0xff, 0xff, 0xff, 0xff, 0xff, 0xeb, 0x72, 0x0,
    0x0,

    /* U+00D1 "Ñ" */
    0x0, 0x0, 0x2b, 0xfe, 0x50, 0x0, 0xb1, 0x0,
    0x0, 0x0, 0x1, 0xef, 0xff, 0xf7, 0xa, 0xfe,
    0x20, 0x0, 0x0, 0xc, 0xff, 0xef, 0xff, 0xff,
    0xfe, 0x10, 0x0, 0x0, 0x6, 0xfc, 0x1, 0xdf,
    0xff, 0xf4, 0x0, 0x0, 0x0, 0x0, 0x31, 0x0,
    0x9, 0xdb, 0x30, 0x0, 0x0, 0x0, 0x0, 0x0,
    0x0, 0x0, 0x0, 0x0, 0x0, 0x0, 0xef, 0xff,
    0xff, 0xff, 0x40, 0x0, 0xd, 0xff, 0xf5, 0xef,
    0xff, 0xff, 0xff, 0x70, 0x0, 0xd, 0xff, 0xf5,
    0xef, 0xff, 0xef, 0xff, 0xb0, 0x0, 0xd, 0xff,
    0xf5, 0xef, 0xff, 0x4f, 0xff, 0xf0, 0x0, 0xd,
    0xff, 0xf5, 0xef, 0xff, 0x4c, 0xff, 0xf2, 0x0,
    0xd, 0xff, 0xf5, 0xef, 0xff, 0x48, 0xff, 0xf6,
    0x0, 0xd, 0xff, 0xf5, 0xef, 0xff, 0x44, 0xff,
    0xfa, 0x0, 0xd, 0xff, 0xf5, 0xef, 0xff, 0x41,
    0xff, 0xfe, 0x0, 0xd, 0xff, 0xf5, 0xef, 0xff,
    0x40, 0xdf, 0xff, 0x10, 0xd, 0xff, 0xf5, 0xef,
    0xff, 0x40, 0x9f, 0xff, 0x50, 0xd, 0xff, 0xf5,
    0xef, 0xff, 0x40, 0x6f, 0xff, 0x90, 0xd, 0xff,
    0xf5, 0xef, 0xff, 0x40, 0x2f, 0xff, 0xd0, 0xd,
    0xff, 0xf5, 0xef, 0xff, 0x40, 0xe, 0xff, 0xf0,
    0xd, 0xff, 0xf5, 0xef, 0xff, 0x40, 0xa, 0xff,
    0xf4, 0xd, 0xff, 0xf5, 0xef, 0xff, 0x40, 0x7,
    0xff, 0xf8, 0xd, 0xff, 0xf5, 0xef, 0xff, 0x40,
    0x3, 0xff, 0xfb, 0xd, 0xff, 0xf5, 0xef, 0xff,
    0x40, 0x0, 0xff, 0xff, 0xd, 0xff, 0xf5, 0xef,
    0xff, 0x40, 0x0, 0xcf, 0xff, 0x3d, 0xff, 0xf5,
    0xef, 0xff, 0x40, 0x0, 0x8f, 0xff, 0x7d, 0xff,
    0xf5, 0xef, 0xff, 0x40, 0x0, 0x4f, 0xff, 0xef,
    0xff, 0xf5, 0xef, 0xff, 0x40, 0x0, 0xf, 0xff,
    0xff, 0xff, 0xf5, 0xef, 0xff, 0x40, 0x0, 0xd,
    0xff, 0xff, 0xff, 0xf5,

    /* U+00D2 "Ò" */
    0x0, 0x0, 0x0, 0x11, 0x11, 0x0, 0x0, 0x0,
    0x0, 0x0, 0x0, 0x0, 0x2, 0xff, 0xff, 0x60,
    0x0, 0x0, 0x0, 0x0, 0x0, 0x0, 0x0, 0x5f,
    0xff, 0xe0, 0x0, 0x0, 0x0, 0x0, 0x0, 0x0,
    0x0, 0x7, 0xff, 0xf7, 0x0, 0x0, 0x0, 0x0,
    0x0, 0x0, 0x0, 0x0, 0xaf, 0xff, 0x10, 0x0,
    0x0, 0x0, 0x0, 0x0, 0x0, 0x0, 0x0, 0x0,
    0x0, 0x0, 0x0, 0x0, 0x0, 0x0, 0x0, 0x0,
    0x0, 0x0, 0x0, 0x0, 0x0, 0x0, 0x0, 0x0,
    0x4, 0x9c, 0xef, 0xfe, 0xb7, 0x10, 0x0, 0x0,
    0x0, 0x2, 0xcf, 0xff, 0xff, 0xff, 0xff, 0xf9,
    0x0, 0x0, 0x0, 0x4f, 0xff, 0xff, 0xff, 0xff,
    0xff, 0xff, 0xc0, 0x0, 0x1, 0xff, 0xff, 0xff,
    0xdb, 0xbe, 0xff, 0xff, 0xfa, 0x0, 0x9, 0xff,
    0xff, 0xb2, 0x0, 0x0, 0x4e, 0xff, 0xff, 0x30,
    0xf, 0xff, 0xfb, 0x0, 0x0, 0x0, 0x2, 0xff,
    0xff, 0x90, 0x3f, 0xff, 0xf2, 0x0, 0x0, 0x0,
    0x0, 0x8f, 0xff, 0xd0, 0x5f, 0xff, 0xe0, 0x0,
    0x0, 0x0, 0x0, 0x4f, 0xff, 0xf0, 0x6f, 0xff,
    0xd0, 0x0, 0x0, 0x0, 0x0, 0x3f, 0xff, 0xf0,
    0x6f, 0xff, 0xd0, 0x0, 0x0, 0x0, 0x0, 0x3f,
    0xff, 0xf0, 0x6f, 0xff, 0xd0, 0x0, 0x0, 0x0,
    0x0, 0x3f, 0xff, 0xf0, 0x6f, 0xff, 0xd0, 0x0,
    0x0, 0x0, 0x0, 0x3f, 0xff, 0xf0, 0x6f, 0xff,
    0xd0, 0x0, 0x0, 0x0, 0x0, 0x3f, 0xff, 0xf0,
    0x6f, 0xff, 0xd0, 0x0, 0x0, 0x0, 0x0, 0x3f,
    0xff, 0xf0, 0x5f, 0xff, 0xe0, 0x0, 0x0, 0x0,
    0x0, 0x4f, 0xff, 0xf0, 0x3f, 0xff, 0xf2, 0x0,
    0x0, 0x0, 0x0, 0x8f, 0xff, 0xd0, 0xf, 0xff,
    0xfb, 0x0, 0x0, 0x0, 0x2, 0xff, 0xff, 0x90,
    0x9, 0xff, 0xff, 0xb2, 0x0, 0x0, 0x4e, 0xff,
    0xff, 0x30, 0x1, 0xff, 0xff, 0xff, 0xdb, 0xbe,
    0xff, 0xff, 0xfa, 0x0, 0x0, 0x4f, 0xff, 0xff,
    0xff, 0xff, 0xff, 0xff, 0xc1, 0x0, 0x0, 0x2,
    0xcf, 0xff, 0xff, 0xff, 0xff, 0xf9, 0x0, 0x0,
    0x0, 0x0, 0x4, 0x9c, 0xef, 0xfe, 0xb7, 0x10,
    0x0, 0x0,

    /* U+00D3 "Ó" */
    0x0, 0x0, 0x0, 0x0, 0x0, 0x11, 0x11, 0x0,
    0x0, 0x0, 0x0, 0x0, 0x0, 0x0, 0xc, 0xff,
    0xfb, 0x0, 0x0, 0x0, 0x0, 0x0, 0x0, 0x0,
    0x5f, 0xff, 0xd1, 0x0, 0x0, 0x0, 0x0, 0x0,
    0x0, 0x0, 0xdf, 0xff, 0x20, 0x0, 0x0, 0x0,
    0x0, 0x0, 0x0, 0x6, 0xff, 0xf5, 0x0, 0x0,
    0x0, 0x0, 0x0, 0x0, 0x0, 0x0, 0x0, 0x0,
    0x0, 0x0, 0x0, 0x0, 0x0, 0x0, 0x0, 0x0,
    0x0, 0x0, 0x0, 0x0, 0x0, 0x0, 0x0, 0x0,
    0x4, 0x9c, 0xef, 0xfe, 0xb7, 0x10, 0x0, 0x0,
    0x0, 0x2, 0xcf, 0xff, 0xff, 0xff, 0xff, 0xf9,
    0x0, 0x0, 0x0, 0x4f, 0xff, 0xff, 0xff, 0xff,
    0xff, 0xff, 0xc0, 0x0, 0x1, 0xff, 0xff, 0xff,
    0xdb, 0xbe, 0xff, 0xff, 0xfa, 0x0, 0x9, 0xff,
    0xff, 0xb2, 0x0, 0x0, 0x4e, 0xff, 0xff, 0x30,
    0xf, 0xff, 0xfb, 0x0, 0x0, 0x0, 0x2, 0xff,
    0xff, 0x90, 0x3f, 0xff, 0xf2, 0x0, 0x0, 0x0,
    0x0, 0x8f, 0xff, 0xd0, 0x5f, 0xff, 0xe0, 0x0,
    0x0, 0x0, 0x0, 0x4f, 0xff, 0xf0, 0x6f, 0xff,
    0xd0, 0x0, 0x0, 0x0, 0x0, 0x3f, 0xff, 0xf0,
    0x6f, 0xff, 0xd0, 0x0, 0x0, 0x0, 0x0, 0x3f,
    0xff, 0xf0, 0x6f, 0xff, 0xd0, 0x0, 0x0, 0x0,
    0x0, 0x3f, 0xff, 0xf0, 0x6f, 0xff, 0xd0, 0x0,
    0x0, 0x0, 0x0, 0x3f, 0xff, 0xf0, 0x6f, 0xff,
    0xd0, 0x0, 0x0, 0x0, 0x0, 0x3f, 0xff, 0xf0,
    0x6f, 0xff, 0xd0, 0x0, 0x0, 0x0, 0x0, 0x3f,
    0xff, 0xf0, 0x5f, 0xff, 0xe0, 0x0, 0x0, 0x0,
    0x0, 0x4f, 0xff, 0xf0, 0x3f, 0xff, 0xf2, 0x0,
    0x0, 0x0, 0x0, 0x8f, 0xff, 0xd0, 0xf, 0xff,
    0xfb, 0x0, 0x0, 0x0, 0x2, 0xff, 0xff, 0x90,
    0x9, 0xff, 0xff, 0xb2, 0x0, 0x0, 0x4e, 0xff,
    0xff, 0x30, 0x1, 0xff, 0xff, 0xff, 0xdb, 0xbe,
    0xff, 0xff, 0xfa, 0x0, 0x0, 0x4f, 0xff, 0xff,
    0xff, 0xff, 0xff, 0xff, 0xc1, 0x0, 0x0, 0x2,
    0xcf, 0xff, 0xff, 0xff, 0xff, 0xf9, 0x0, 0x0,
    0x0, 0x0, 0x4, 0x9c, 0xef, 0xfe, 0xb7, 0x10,
    0x0, 0x0,

    /* U+00D4 "Ô" */
    0x0, 0x0, 0x0, 0x0, 0x11, 0x11, 0x0, 0x0,
    0x0, 0x0, 0x0, 0x0, 0x0, 0x3f, 0xff, 0xff,
    0xc0, 0x0, 0x0, 0x0, 0x0, 0x0, 0x2, 0xef,
    0xff, 0xff, 0xfb, 0x0, 0x0, 0x0, 0x0, 0x0,
    0x1e, 0xff, 0xf2, 0x7f, 0xff, 0x90, 0x0, 0x0,
    0x0, 0x1, 0xdf, 0xff, 0x50, 0xb, 0xff, 0xf8,
    0x0, 0x0, 0x0, 0x0, 0x0, 0x0, 0x0, 0x0,
    0x0, 0x0, 0x0, 0x0, 0x0, 0x0, 0x0, 0x0,
    0x0, 0x0, 0x0, 0x0, 0x0, 0x0, 0x0, 0x0,
    0x4, 0x9c, 0xef, 0xfe, 0xb7, 0x10, 0x0, 0x0,
    0x0, 0x2, 0xcf, 0xff, 0xff, 0xff, 0xff, 0xf9,
    0x0, 0x0, 0x0, 0x4f, 0xff, 0xff, 0xff, 0xff,
    0xff, 0xff, 0xc0, 0x0, 0x1, 0xff, 0xff, 0xff,
    0xdb, 0xbe, 0xff, 0xff, 0xfa, 0x0, 0x9, 0xff,
    0xff, 0xb2, 0x0, 0x0, 0x4e, 0xff, 0xff, 0x30,
    0xf, 0xff, 0xfb, 0x0, 0x0, 0x0, 0x2, 0xff,
    0xff, 0x90, 0x3f, 0xff, 0xf2, 0x0, 0x0, 0x0,
    0x0, 0x8f, 0xff, 0xd0, 0x5f, 0xff, 0xe0, 0x0,
    0x0, 0x0, 0x0, 0x4f, 0xff, 0xf0, 0x6f, 0xff,
    0xd0, 0x0, 0x0, 0x0, 0x0, 0x3f, 0xff, 0xf0,
    0x6f, 0xff, 0xd0, 0x0, 0x0, 0x0, 0x0, 0x3f,
    0xff, 0xf0, 0x6f, 0xff, 0xd0, 0x0, 0x0, 0x0,
    0x0, 0x3f, 0xff, 0xf0, 0x6f, 0xff, 0xd0, 0x0,
    0x0, 0x0, 0x0, 0x3f, 0xff, 0xf0, 0x6f, 0xff,
    0xd0, 0x0, 0x0, 0x0, 0x0, 0x3f, 0xff, 0xf0,
    0x6f, 0xff, 0xd0, 0x0, 0x0, 0x0, 0x0, 0x3f,
    0xff, 0xf0, 0x5f, 0xff, 0xe0, 0x0, 0x0, 0x0,
    0x0, 0x4f, 0xff, 0xf0, 0x3f, 0xff, 0xf2, 0x0,
    0x0, 0x0, 0x0, 0x8f, 0xff, 0xd0, 0xf, 0xff,
    0xfb, 0x0, 0x0, 0x0, 0x2, 0xff, 0xff, 0x90,
    0x9, 0xff, 0xff, 0xb2, 0x0, 0x0, 0x4e, 0xff,
    0xff, 0x30, 0x1, 0xff, 0xff, 0xff, 0xdb, 0xbe,
    0xff, 0xff, 0xfa, 0x0, 0x0, 0x4f, 0xff, 0xff,
    0xff, 0xff, 0xff, 0xff, 0xc1, 0x0, 0x0, 0x2,
    0xcf, 0xff, 0xff, 0xff, 0xff, 0xf9, 0x0, 0x0,
    0x0, 0x0, 0x4, 0x9c, 0xef, 0xfe, 0xb7, 0x10,
    0x0, 0x0,

    /* U+00D5 "Õ" */
    0x0, 0x0, 0x1, 0xbf, 0xfa, 0x20, 0x2d, 0x70,
    0x0, 0x0, 0x0, 0x0, 0xd, 0xff, 0xff, 0xfe,
    0xff, 0xf4, 0x0, 0x0, 0x0, 0x0, 0xaf, 0xff,
    0xef, 0xff, 0xff, 0x80, 0x0, 0x0, 0x0, 0x0,
    0x4e, 0xd1, 0x5, 0xdf, 0xe7, 0x0, 0x0, 0x0,
    0x0, 0x0, 0x1, 0x20, 0x0, 0x0, 0x0, 0x0,
    0x0, 0x0, 0x0, 0x0, 0x0, 0x0, 0x0, 0x0,
    0x0, 0x0, 0x0, 0x0, 0x0, 0x0, 0x4, 0x9c,
    0xef, 0xfe, 0xb7, 0x10, 0x0, 0x0, 0x0, 0x2,
    0xcf, 0xff, 0xff, 0xff, 0xff, 0xf9, 0x0, 0x0,
    0x0, 0x4f, 0xff, 0xff, 0xff, 0xff, 0xff, 0xff,
    0xc0, 0x0, 0x1, 0xff, 0xff, 0xff, 0xdb, 0xbe,
    0xff, 0xff, 0xfa, 0x0, 0x9, 0xff, 0xff, 0xb2,
    0x0, 0x0, 0x4e, 0xff, 0xff, 0x30, 0xf, 0xff,
    0xfb, 0x0, 0x0, 0x0, 0x2, 0xff, 0xff, 0x90,
    0x3f, 0xff, 0xf2, 0x0, 0x0, 0x0, 0x0, 0x8f,
    0xff, 0xd0, 0x5f, 0xff, 0xe0, 0x0, 0x0, 0x0,
    0x0, 0x4f, 0xff, 0xf0, 0x6f, 0xff, 0xd0, 0x0,
    0x0, 0x0, 0x0, 0x3f, 0xff, 0xf0, 0x6f, 0xff,
    0xd0, 0x0, 0x0, 0x0, 0x0, 0x3f, 0xff, 0xf0,
    0x6f, 0xff, 0xd0, 0x0, 0x0, 0x0, 0x0, 0x3f,
    0xff, 0xf0, 0x6f, 0xff, 0xd0, 0x0, 0x0, 0x0,
    0x0, 0x3f, 0xff, 0xf0, 0x6f, 0xff, 0xd0, 0x0,
    0x0, 0x0, 0x0, 0x3f, 0xff, 0xf0, 0x6f, 0xff,
    0xd0, 0x0, 0x0, 0x0, 0x0, 0x3f, 0xff, 0xf0,
    0x5f, 0xff, 0xe0, 0x0, 0x0, 0x0, 0x0, 0x4f,
    0xff, 0xf0, 0x3f, 0xff, 0xf2, 0x0, 0x0, 0x0,
    0x0, 0x8f, 0xff, 0xd0, 0xf, 0xff, 0xfb, 0x0,
    0x0, 0x0, 0x2, 0xff, 0xff, 0x90, 0x9, 0xff,
    0xff, 0xb2, 0x0, 0x0, 0x4e, 0xff, 0xff, 0x30,
    0x1, 0xff, 0xff, 0xff, 0xdb, 0xbe, 0xff, 0xff,
    0xfa, 0x0, 0x0, 0x4f, 0xff, 0xff, 0xff, 0xff,
    0xff, 0xff, 0xc1, 0x0, 0x0, 0x2, 0xcf, 0xff,
    0xff, 0xff, 0xff, 0xf9, 0x0, 0x0, 0x0, 0x0,
    0x4, 0x9c, 0xef, 0xfe, 0xb7, 0x10, 0x0, 0x0,

    /* U+00D6 "Ö" */
    0x0, 0x0, 0x0, 0x0, 0x0, 0x0, 0x0, 0x0,
    0x0, 0x0, 0x0, 0x0, 0x5e, 0xfb, 0x10, 0x4,
    0xdf, 0xc2, 0x0, 0x0, 0x0, 0x2, 0xff, 0xff,
    0xa0, 0x1f, 0xff, 0xfc, 0x0, 0x0, 0x0, 0x4,
    0xff, 0xff, 0xd0, 0x3f, 0xff, 0xfe, 0x0, 0x0,
    0x0, 0x2, 0xff, 0xff, 0xa0, 0x1f, 0xff, 0xfc,
    0x0, 0x0, 0x0, 0x0, 0x5e, 0xfb, 0x10, 0x4,
    0xdf, 0xc2, 0x0, 0x0, 0x0, 0x0, 0x0, 0x0,
    0x0, 0x0, 0x0, 0x0, 0x0, 0x0, 0x0, 0x0,
    0x0, 0x0, 0x0, 0x0, 0x0, 0x0, 0x0, 0x0,
    0x0, 0x0, 0x4, 0x9c, 0xef, 0xfe, 0xb7, 0x10,
    0x0, 0x0, 0x0, 0x2, 0xcf, 0xff, 0xff, 0xff,
    0xff, 0xf9, 0x0, 0x0, 0x0, 0x4f, 0xff, 0xff,
    0xff, 0xff, 0xff, 0xff, 0xc0, 0x0, 0x1, 0xff,
    0xff, 0xff, 0xdb, 0xbe, 0xff, 0xff, 0xfa, 0x0,
    0x9, 0xff, 0xff, 0xb2, 0x0, 0x0, 0x4e, 0xff,
    0xff, 0x30, 0xf, 0xff, 0xfb, 0x0, 0x0, 0x0,
    0x2, 0xff, 0xff, 0x90, 0x3f, 0xff, 0xf2, 0x0,
    0x0, 0x0, 0x0, 0x8f, 0xff, 0xd0, 0x5f, 0xff,
    0xe0, 0x0, 0x0, 0x0, 0x0, 0x4f, 0xff, 0xf0,
    0x6f, 0xff, 0xd0, 0x0, 0x0, 0x0, 0x0, 0x3f,
    0xff, 0xf0, 0x6f, 0xff, 0xd0, 0x0, 0x0, 0x0,
    0x0, 0x3f, 0xff, 0xf0, 0x6f, 0xff, 0xd0, 0x0,
    0x0, 0x0, 0x0, 0x3f, 0xff, 0xf0, 0x6f, 0xff,
    0xd0, 0x0, 0x0, 0x0, 0x0, 0x3f, 0xff, 0xf0,
    0x6f, 0xff, 0xd0, 0x0, 0x0, 0x0, 0x0, 0x3f,
    0xff, 0xf0, 0x6f, 0xff, 0xd0, 0x0, 0x0, 0x0,
    0x0, 0x3f, 0xff, 0xf0, 0x5f, 0xff, 0xe0, 0x0,
    0x0, 0x0, 0x0, 0x4f, 0xff, 0xf0, 0x3f, 0xff,
    0xf2, 0x0, 0x0, 0x0, 0x0, 0x8f, 0xff, 0xd0,
    0xf, 0xff, 0xfb, 0x0, 0x0, 0x0, 0x2, 0xff,
    0xff, 0x90, 0x9, 0xff, 0xff, 0xb2, 0x0, 0x0,
    0x4e, 0xff, 0xff, 0x30, 0x1, 0xff, 0xff, 0xff,
    0xdb, 0xbe, 0xff, 0xff, 0xfa, 0x0, 0x0, 0x4f,
    0xff, 0xff, 0xff, 0xff, 0xff, 0xff, 0xc1, 0x0,
    0x0, 0x2, 0xcf, 0xff, 0xff, 0xff, 0xff, 0xf9,
    0x0, 0x0, 0x0, 0x0, 0x4, 0x9c, 0xef, 0xfe,
    0xb7, 0x10, 0x0, 0x0,

    /* U+00D7 "×" */
    0x0, 0x50, 0x0, 0x0, 0x0, 0x15, 0x0, 0x8,
    0xfc, 0x0, 0x0, 0x2, 0xef, 0x50, 0x8f, 0xff,
    0xc1, 0x0, 0x2e, 0xff, 0xf5, 0x5f, 0xff, 0xfd,
    0x12, 0xef, 0xff, 0xf3, 0x4, 0xff, 0xff, 0xde,
    0xff, 0xfe, 0x30, 0x0, 0x4f, 0xff, 0xff, 0xff,
    0xe3, 0x0, 0x0, 0x4, 0xff, 0xff, 0xfe, 0x20,
    0x0, 0x0, 0x4, 0xff, 0xff, 0xfe, 0x20, 0x0,
    0x0, 0x4f, 0xff, 0xff, 0xff, 0xe2, 0x0, 0x4,
    0xff, 0xff, 0xde, 0xff, 0xfe, 0x20, 0x4f, 0xff,
    0xfd, 0x13, 0xef, 0xff, 0xe3, 0x8f, 0xff, 0xd1,
    0x0, 0x2e, 0xff, 0xf5, 0x8, 0xfc, 0x10, 0x0,
    0x2, 0xef, 0x60, 0x0, 0x60, 0x0, 0x0, 0x0,
    0x25, 0x0,

    /* U+00D8 "Ø" */
    0x0, 0x0, 0x0, 0x0, 0x0, 0x0, 0x0, 0x0,
    0x0, 0x0, 0x0, 0x0, 0x0, 0x0, 0x0, 0x0,
    0x3, 0xe8, 0x20, 0x0, 0x0, 0x0, 0x0, 0x0,
    0x0, 0x0, 0xa, 0xff, 0x70, 0x0, 0x0, 0x0,
    0x4, 0x9c, 0xef, 0xfe, 0xbf, 0xff, 0x10, 0x0,
    0x0, 0x2, 0xcf, 0xff, 0xff, 0xff, 0xff, 0xfd,
    0x0, 0x0, 0x0, 0x4f, 0xff, 0xff, 0xff, 0xff,
    0xff, 0xff, 0xc0, 0x0, 0x1, 0xff, 0xff, 0xff,
    0xdb, 0xbf, 0xff, 0xff, 0xfa, 0x0, 0x9, 0xff,
    0xff, 0xb2, 0x0, 0xd, 0xff, 0xff, 0xff, 0x30,
    0xf, 0xff, 0xfb, 0x0, 0x0, 0x4f, 0xfe, 0xff,
    0xff, 0x90, 0x3f, 0xff, 0xf2, 0x0, 0x0, 0xbf,
    0xf6, 0x8f, 0xff, 0xd0, 0x5f, 0xff, 0xe0, 0x0,
    0x2, 0xff, 0xf0, 0x4f, 0xff, 0xf0, 0x6f, 0xff,
    0xd0, 0x0, 0x8, 0xff, 0x80, 0x3f, 0xff, 0xf0,
    0x6f, 0xff, 0xd0, 0x0, 0xf, 0xff, 0x20, 0x3f,
    0xff, 0xf0, 0x6f, 0xff, 0xd0, 0x0, 0x6f, 0xfb,
    0x0, 0x3f, 0xff, 0xf0, 0x6f, 0xff, 0xd0, 0x0,
    0xdf, 0xf4, 0x0, 0x3f, 0xff, 0xf0, 0x6f, 0xff,
    0xd0, 0x4, 0xff, 0xd0, 0x0, 0x3f, 0xff, 0xf0,
    0x6f, 0xff, 0xd0, 0xb, 0xff, 0x60, 0x0, 0x3f,
    0xff, 0xf0, 0x5f, 0xff, 0xe0, 0x2f, 0xfe, 0x0,
    0x0, 0x4f, 0xff, 0xf0, 0x3f, 0xff, 0xf2, 0x9f,
    0xf8, 0x0, 0x0, 0x8f, 0xff, 0xd0, 0xf, 0xff,
    0xfb, 0xff, 0xf1, 0x0, 0x2, 0xff, 0xff, 0x90,
    0x9, 0xff, 0xff, 0xff, 0xa0, 0x0, 0x4e, 0xff,
    0xff, 0x30, 0x1, 0xff, 0xff, 0xff, 0xeb, 0xbe,
    0xff, 0xff, 0xfa, 0x0, 0x0, 0x4f, 0xff, 0xff,
    0xff, 0xff, 0xff, 0xff, 0xc1, 0x0, 0x0, 0x2,
    0xff, 0xff, 0xff, 0xff, 0xff, 0xf9, 0x0, 0x0,
    0x0, 0x3, 0xff, 0xfc, 0xef, 0xfe, 0xb7, 0x10,
    0x0, 0x0, 0x0, 0xa, 0xff, 0x70, 0x0, 0x0,
    0x0, 0x0, 0x0, 0x0, 0x0, 0x9, 0xff, 0x10,
    0x0, 0x0, 0x0, 0x0, 0x0, 0x0, 0x0, 0x0,
    0x14, 0x0, 0x0, 0x0, 0x0, 0x0, 0x0, 0x0,

    /* U+00D9 "Ù" */
    0x0, 0x0, 0x0, 0x11, 0x11, 0x0, 0x0, 0x0,
    0x0, 0x0, 0x0, 0x0, 0x3f, 0xff, 0xf5, 0x0,
    0x0, 0x0, 0x0, 0x0, 0x0, 0x0, 0x6f, 0xff,
    0xd0, 0x0, 0x0, 0x0, 0x0, 0x0, 0x0, 0x0,
    0x9f, 0xff, 0x60, 0x0, 0x0, 0x0, 0x0, 0x0,
    0x0, 0x0, 0xbf, 0xfe, 0x0, 0x0, 0x0, 0x0,
    0x0, 0x0, 0x0, 0x0, 0x0, 0x0, 0x0, 0x0,
    0x0, 0x0, 0x0, 0x0, 0x0, 0x0, 0x0, 0x0,
    0x0, 0x0, 0x0, 0xff, 0xff, 0x30, 0x0, 0x0,
    0x0, 0xb, 0xff, 0xf8, 0xf, 0xff, 0xf3, 0x0,
    0x0, 0x0, 0x0, 0xbf, 0xff, 0x80, 0xff, 0xff,
    0x30, 0x0, 0x0, 0x0, 0xb, 0xff, 0xf8, 0xf,
    0xff, 0xf3, 0x0, 0x0, 0x0, 0x0, 0xbf, 0xff,
    0x80, 0xff, 0xff, 0x30, 0x0, 0x0, 0x0, 0xb,
    0xff, 0xf8, 0xf, 0xff, 0xf3, 0x0, 0x0, 0x0,
    0x0, 0xbf, 0xff, 0x80, 0xff, 0xff, 0x30, 0x0,
    0x0, 0x0, 0xb, 0xff, 0xf8, 0xf, 0xff, 0xf3,
    0x0, 0x0, 0x0, 0x0, 0xbf, 0xff, 0x80, 0xff,
    0xff, 0x30, 0x0, 0x0, 0x0, 0xb, 0xff, 0xf8,
    0xf, 0xff, 0xf3, 0x0, 0x0, 0x0, 0x0, 0xbf,
    0xff, 0x80, 0xff, 0xff, 0x30, 0x0, 0x0, 0x0,
    0xb, 0xff, 0xf8, 0xf, 0xff, 0xf3, 0x0, 0x0,
    0x0, 0x0, 0xbf, 0xff, 0x80, 0xff, 0xff, 0x30,
    0x0, 0x0, 0x0, 0xb, 0xff, 0xf8, 0xf, 0xff,
    0xf3, 0x0, 0x0, 0x0, 0x0, 0xbf, 0xff, 0x80,
    0xff, 0xff, 0x30, 0x0, 0x0, 0x0, 0xb, 0xff,
    0xf7, 0xe, 0xff, 0xf6, 0x0, 0x0, 0x0, 0x0,
    0xef, 0xff, 0x60, 0xbf, 0xff, 0xd0, 0x0, 0x0,
    0x0, 0x5f, 0xff, 0xf3, 0x5, 0xff, 0xff, 0xb2,
    0x0, 0x0, 0x6f, 0xff, 0xfd, 0x0, 0xc, 0xff,
    0xff, 0xfd, 0xbc, 0xef, 0xff, 0xff, 0x50, 0x0,
    0x2e, 0xff, 0xff, 0xff, 0xff, 0xff, 0xff, 0x80,
    0x0, 0x0, 0x1b, 0xff, 0xff, 0xff, 0xff, 0xfe,
    0x60, 0x0, 0x0, 0x0, 0x3, 0x9c, 0xef, 0xfe,
    0xb6, 0x0, 0x0, 0x0,

    /* U+00DA "Ú" */
    0x0, 0x0, 0x0, 0x0, 0x0, 0x11, 0x11, 0x0,
    0x0, 0x0, 0x0, 0x0, 0x0, 0x0, 0xdf, 0xff,
    0xb0, 0x0, 0x0, 0x0, 0x0, 0x0, 0x0, 0x5f,
    0xff, 0xd0, 0x0, 0x0, 0x0, 0x0, 0x0, 0x0,
    0xe, 0xff, 0xe2, 0x0, 0x0, 0x0, 0x0, 0x0,
    0x0, 0x7, 0xff, 0xf4, 0x0, 0x0, 0x0, 0x0,
    0x0, 0x0, 0x0, 0x0, 0x0, 0x0, 0x0, 0x0,
    0x0, 0x0, 0x0, 0x0, 0x0, 0x0, 0x0, 0x0,
    0x0, 0x0, 0x0, 0xff, 0xff, 0x30, 0x0, 0x0,
    0x0, 0xb, 0xff, 0xf8, 0xf, 0xff, 0xf3, 0x0,
    0x0, 0x0, 0x0, 0xbf, 0xff, 0x80, 0xff, 0xff,
    0x30, 0x0, 0x0, 0x0, 0xb, 0xff, 0xf8, 0xf,
    0xff, 0xf3, 0x0, 0x0, 0x0, 0x0, 0xbf, 0xff,
    0x80, 0xff, 0xff, 0x30, 0x0, 0x0, 0x0, 0xb,
    0xff, 0xf8, 0xf, 0xff, 0xf3, 0x0, 0x0, 0x0,
    0x0, 0xbf, 0xff, 0x80, 0xff, 0xff, 0x30, 0x0,
    0x0, 0x0, 0xb, 0xff, 0xf8, 0xf, 0xff, 0xf3,
    0x0, 0x0, 0x0, 0x0, 0xbf, 0xff, 0x80, 0xff,
    0xff, 0x30, 0x0, 0x0, 0x0, 0xb, 0xff, 0xf8,
    0xf, 0xff, 0xf3, 0x0, 0x0, 0x0, 0x0, 0xbf,
    0xff, 0x80, 0xff, 0xff, 0x30, 0x0, 0x0, 0x0,
    0xb, 0xff, 0xf8, 0xf, 0xff, 0xf3, 0x0, 0x0,
    0x0, 0x0, 0xbf, 0xff, 0x80, 0xff, 0xff, 0x30,
    0x0, 0x0, 0x0, 0xb, 0xff, 0xf8, 0xf, 0xff,
    0xf3, 0x0, 0x0, 0x0, 0x0, 0xbf, 0xff, 0x80,
    0xff, 0xff, 0x30, 0x0, 0x0, 0x0, 0xb, 0xff,
    0xf7, 0xe, 0xff, 0xf6, 0x0, 0x0, 0x0, 0x0,
    0xef, 0xff, 0x60, 0xbf, 0xff, 0xd0, 0x0, 0x0,
    0x0, 0x5f, 0xff, 0xf3, 0x5, 0xff, 0xff, 0xb2,
    0x0, 0x0, 0x6f, 0xff, 0xfd, 0x0, 0xc, 0xff,
    0xff, 0xfd, 0xbc, 0xef, 0xff, 0xff, 0x50, 0x0,
    0x2e, 0xff, 0xff, 0xff, 0xff, 0xff, 0xff, 0x80,
    0x0, 0x0, 0x1b, 0xff, 0xff, 0xff, 0xff, 0xfe,
    0x60, 0x0, 0x0, 0x0, 0x3, 0x9c, 0xef, 0xfe,
    0xb6, 0x0, 0x0, 0x0,

    /* U+00DB "Û" */
    0x0, 0x0, 0x0, 0x1, 0x11, 0x11, 0x0, 0x0,
    0x0, 0x0, 0x0, 0x0, 0x4, 0xff, 0xff, 0xfb,
    0x0, 0x0, 0x0, 0x0, 0x0, 0x3, 0xff, 0xff,
    0xff, 0xfa, 0x0, 0x0, 0x0, 0x0, 0x2, 0xef,
    0xfe, 0x18, 0xff, 0xf8, 0x0, 0x0, 0x0, 0x1,
    0xdf, 0xff, 0x40, 0xc, 0xff, 0xf7, 0x0, 0x0,
    0x0, 0x0, 0x0, 0x0, 0x0, 0x0, 0x0, 0x0,
    0x0, 0x0, 0x0, 0x0, 0x0, 0x0, 0x0, 0x0,
    0x0, 0x0, 0x0, 0xff, 0xff, 0x30, 0x0, 0x0,
    0x0, 0xb, 0xff, 0xf8, 0xf, 0xff, 0xf3, 0x0,
    0x0, 0x0, 0x0, 0xbf, 0xff, 0x80, 0xff, 0xff,
    0x30, 0x0, 0x0, 0x0, 0xb, 0xff, 0xf8, 0xf,
    0xff, 0xf3, 0x0, 0x0, 0x0, 0x0, 0xbf, 0xff,
    0x80, 0xff, 0xff, 0x30, 0x0, 0x0, 0x0, 0xb,
    0xff, 0xf8, 0xf, 0xff, 0xf3, 0x0, 0x0, 0x0,
    0x0, 0xbf, 0xff, 0x80, 0xff, 0xff, 0x30, 0x0,
    0x0, 0x0, 0xb, 0xff, 0xf8, 0xf, 0xff, 0xf3,
    0x0, 0x0, 0x0, 0x0, 0xbf, 0xff, 0x80, 0xff,
    0xff, 0x30, 0x0, 0x0, 0x0, 0xb, 0xff, 0xf8,
    0xf, 0xff, 0xf3, 0x0, 0x0, 0x0, 0x0, 0xbf,
    0xff, 0x80, 0xff, 0xff, 0x30, 0x0, 0x0, 0x0,
    0xb, 0xff, 0xf8, 0xf, 0xff, 0xf3, 0x0, 0x0,
    0x0, 0x0, 0xbf, 0xff, 0x80, 0xff, 0xff, 0x30,
    0x0, 0x0, 0x0, 0xb, 0xff, 0xf8, 0xf, 0xff,
    0xf3, 0x0, 0x0, 0x0, 0x0, 0xbf, 0xff, 0x80,
    0xff, 0xff, 0x30, 0x0, 0x0, 0x0, 0xb, 0xff,
    0xf7, 0xe, 0xff, 0xf6, 0x0, 0x0, 0x0, 0x0,
    0xef, 0xff, 0x60, 0xbf, 0xff, 0xd0, 0x0, 0x0,
    0x0, 0x5f, 0xff, 0xf3, 0x5, 0xff, 0xff, 0xb2,
    0x0, 0x0, 0x6f, 0xff, 0xfd, 0x0, 0xc, 0xff,
    0xff, 0xfd, 0xbc, 0xef, 0xff, 0xff, 0x50, 0x0,
    0x2e, 0xff, 0xff, 0xff, 0xff, 0xff, 0xff, 0x80,
    0x0, 0x0, 0x1b, 0xff, 0xff, 0xff, 0xff, 0xfe,
    0x60, 0x0, 0x0, 0x0, 0x3, 0x9c, 0xef, 0xfe,
    0xb6, 0x0, 0x0, 0x0,

    /* U+00DC "Ü" */
    0x0, 0x0, 0x0, 0x0, 0x0, 0x0, 0x0, 0x0,
    0x0, 0x0, 0x0, 0x6, 0xef, 0xb1, 0x0, 0x5e,
    0xfc, 0x10, 0x0, 0x0, 0x3, 0xff, 0xff, 0x90,
    0x1f, 0xff, 0xfb, 0x0, 0x0, 0x0, 0x5f, 0xff,
    0xfc, 0x4, 0xff, 0xff, 0xd0, 0x0, 0x0, 0x3,
    0xff, 0xff, 0x90, 0x1f, 0xff, 0xfb, 0x0, 0x0,
    0x0, 0x6, 0xef, 0xa1, 0x0, 0x5d, 0xfb, 0x10,
    0x0, 0x0, 0x0, 0x0, 0x0, 0x0, 0x0, 0x0,
    0x0, 0x0, 0x0, 0x0, 0x0, 0x0, 0x0, 0x0,
    0x0, 0x0, 0x0, 0x0, 0xf, 0xff, 0xf3, 0x0,
    0x0, 0x0, 0x0, 0xbf, 0xff, 0x80, 0xff, 0xff,
    0x30, 0x0, 0x0, 0x0, 0xb, 0xff, 0xf8, 0xf,
    0xff, 0xf3, 0x0, 0x0, 0x0, 0x0, 0xbf, 0xff,
    0x80, 0xff, 0xff, 0x30, 0x0, 0x0, 0x0, 0xb,
    0xff, 0xf8, 0xf, 0xff, 0xf3, 0x0, 0x0, 0x0,
    0x0, 0xbf, 0xff, 0x80, 0xff, 0xff, 0x30, 0x0,
    0x0, 0x0, 0xb, 0xff, 0xf8, 0xf, 0xff, 0xf3,
    0x0, 0x0, 0x0, 0x0, 0xbf, 0xff, 0x80, 0xff,
    0xff, 0x30, 0x0, 0x0, 0x0, 0xb, 0xff, 0xf8,
    0xf, 0xff, 0xf3, 0x0, 0x0, 0x0, 0x0, 0xbf,
    0xff, 0x80, 0xff, 0xff, 0x30, 0x0, 0x0, 0x0,
    0xb, 0xff, 0xf8, 0xf, 0xff, 0xf3, 0x0, 0x0,
    0x0, 0x0, 0xbf, 0xff, 0x80, 0xff, 0xff, 0x30,
    0x0, 0x0, 0x0, 0xb, 0xff, 0xf8, 0xf, 0xff,
    0xf3, 0x0, 0x0, 0x0, 0x0, 0xbf, 0xff, 0x80,
    0xff, 0xff, 0x30, 0x0, 0x0, 0x0, 0xb, 0xff,
    0xf8, 0xf, 0xff, 0xf3, 0x0, 0x0, 0x0, 0x0,
    0xbf, 0xff, 0x70, 0xef, 0xff, 0x60, 0x0, 0x0,
    0x0, 0xe, 0xff, 0xf6, 0xb, 0xff, 0xfd, 0x0,
    0x0, 0x0, 0x5, 0xff, 0xff, 0x30, 0x5f, 0xff,
    0xfb, 0x20, 0x0, 0x6, 0xff, 0xff, 0xd0, 0x0,
    0xcf, 0xff, 0xff, 0xdb, 0xce, 0xff, 0xff, 0xf5,
    0x0, 0x2, 0xef, 0xff, 0xff, 0xff, 0xff, 0xff,
    0xf8, 0x0, 0x0, 0x1, 0xbf, 0xff, 0xff, 0xff,
    0xff, 0xe6, 0x0, 0x0, 0x0, 0x0, 0x39, 0xce,
    0xff, 0xeb, 0x60, 0x0, 0x0,

    /* U+00DD "Ý" */
    0x0, 0x0, 0x0, 0x0, 0x8, 0xff, 0xfe, 0x10,
    0x0, 0x0, 0x0, 0x0, 0x0, 0x0, 0x1f, 0xff,
    0xf3, 0x0, 0x0, 0x0, 0x0, 0x0, 0x0, 0x0,
    0xaf, 0xff, 0x50, 0x0, 0x0, 0x0, 0x0, 0x0,
    0x0, 0x3, 0xff, 0xf8, 0x0, 0x0, 0x0, 0x0,
    0x0, 0x0, 0x0, 0x0, 0x11, 0x10, 0x0, 0x0,
    0x0, 0x0, 0x0, 0x0, 0x0, 0x0, 0x0, 0x0,
    0x0, 0x0, 0x0, 0x0, 0x7f, 0xff, 0xf3, 0x0,
    0x0, 0x0, 0x0, 0x3f, 0xff, 0xf7, 0xe, 0xff,
    0xfb, 0x0, 0x0, 0x0, 0x0, 0xbf, 0xff, 0xe0,
    0x6, 0xff, 0xff, 0x30, 0x0, 0x0, 0x3, 0xff,
    0xff, 0x60, 0x0, 0xef, 0xff, 0xb0, 0x0, 0x0,
    0xc, 0xff, 0xfd, 0x0, 0x0, 0x6f, 0xff, 0xf3,
    0x0, 0x0, 0x4f, 0xff, 0xf5, 0x0, 0x0, 0xd,
    0xff, 0xfb, 0x0, 0x0, 0xcf, 0xff, 0xc0, 0x0,
    0x0, 0x5, 0xff, 0xff, 0x30, 0x4, 0xff, 0xff,
    0x40, 0x0, 0x0, 0x0, 0xcf, 0xff, 0xb0, 0xc,
    0xff, 0xfc, 0x0, 0x0, 0x0, 0x0, 0x4f, 0xff,
    0xf3, 0x4f, 0xff, 0xf3, 0x0, 0x0, 0x0, 0x0,
    0xb, 0xff, 0xfd, 0xdf, 0xff, 0xb0, 0x0, 0x0,
    0x0, 0x0, 0x3, 0xff, 0xff, 0xff, 0xff, 0x20,
    0x0, 0x0, 0x0, 0x0, 0x0, 0xaf, 0xff, 0xff,
    0xfa, 0x0, 0x0, 0x0, 0x0, 0x0, 0x0, 0x2f,
    0xff, 0xff, 0xf2, 0x0, 0x0, 0x0, 0x0, 0x0,
    0x0, 0x9, 0xff, 0xff, 0x90, 0x0, 0x0, 0x0,
    0x0, 0x0, 0x0, 0x2, 0xff, 0xff, 0x20, 0x0,
    0x0, 0x0, 0x0, 0x0, 0x0, 0x2, 0xff, 0xff,
    0x10, 0x0, 0x0, 0x0, 0x0, 0x0, 0x0, 0x2,
    0xff, 0xff, 0x10, 0x0, 0x0, 0x0, 0x0, 0x0,
    0x0, 0x2, 0xff, 0xff, 0x10, 0x0, 0x0, 0x0,
    0x0, 0x0, 0x0, 0x2, 0xff, 0xff, 0x10, 0x0,
    0x0, 0x0, 0x0, 0x0, 0x0, 0x2, 0xff, 0xff,
    0x10, 0x0, 0x0, 0x0, 0x0, 0x0, 0x0, 0x2,
    0xff, 0xff, 0x10, 0x0, 0x0, 0x0, 0x0, 0x0,
    0x0, 0x2, 0xff, 0xff, 0x10, 0x0, 0x0, 0x0,

    /* U+00DE "Þ" */
    0xef, 0xff, 0x50, 0x0, 0x0, 0x0, 0x0, 0x0,
    0xe, 0xff, 0xf5, 0x0, 0x0, 0x0, 0x0, 0x0,
    0x0, 0xef, 0xff, 0x50, 0x0, 0x0, 0x0, 0x0,
    0x0, 0xe, 0xff, 0xf5, 0x0, 0x0, 0x0, 0x0,
    0x0, 0x0, 0xef, 0xff, 0xff, 0xff, 0xff, 0xeb,
    0x60, 0x0, 0xe, 0xff, 0xff, 0xff, 0xff, 0xff,
    0xff, 0xe3, 0x0, 0xef, 0xff, 0xff, 0xff, 0xff,
    0xff, 0xff, 0xf2, 0xe, 0xff, 0xfd, 0xcc, 0xcc,
    0xdf, 0xff, 0xff, 0xc0, 0xef, 0xff, 0x50, 0x0,
    0x0, 0x1b, 0xff, 0xff, 0x2e, 0xff, 0xf5, 0x0,
    0x0, 0x0, 0xf, 0xff, 0xf6, 0xef, 0xff, 0x50,
    0x0, 0x0, 0x0, 0xcf, 0xff, 0x7e, 0xff, 0xf5,
    0x0, 0x0, 0x0, 0xc, 0xff, 0xf7, 0xef, 0xff,
    0x50, 0x0, 0x0, 0x2, 0xff, 0xff, 0x5e, 0xff,
    0xf5, 0x0, 0x0, 0x5, 0xdf, 0xff, 0xf1, 0xef,
    0xff, 0xff, 0xff, 0xff, 0xff, 0xff, 0xf9, 0xe,
    0xff, 0xff, 0xff, 0xff, 0xff, 0xff, 0xfc, 0x0,
    0xef, 0xff, 0xff, 0xff, 0xff, 0xff, 0xfa, 0x0,
    0xe, 0xff, 0xfd, 0xcc, 0xcc, 0xca, 0x72, 0x0,
    0x0, 0xef, 0xff, 0x50, 0x0, 0x0, 0x0, 0x0,
    0x0, 0xe, 0xff, 0xf5, 0x0, 0x0, 0x0, 0x0,
    0x0, 0x0, 0xef, 0xff, 0x50, 0x0, 0x0, 0x0,
    0x0, 0x0, 0xe, 0xff, 0xf5, 0x0, 0x0, 0x0,
    0x0, 0x0, 0x0,

    /* U+00DF "ß" */
    0x0, 0x0, 0x17, 0xce, 0xff, 0xd9, 0x40, 0x0,
    0x0, 0x0, 0x0, 0x6f, 0xff, 0xff, 0xff, 0xff,
    0xb1, 0x0, 0x0, 0x0, 0x8f, 0xff, 0xff, 0xff,
    0xff, 0xff, 0xc0, 0x0, 0x0, 0x5f, 0xff, 0xfe,
    0x85, 0x6a, 0xff, 0xff, 0x50, 0x0, 0xe, 0xff,
    0xfb, 0x0, 0x0, 0x8, 0xff, 0xf9, 0x0, 0x4,
    0xff, 0xfe, 0x0, 0x0, 0x0, 0x5f, 0xff, 0xa0,
    0x0, 0x8f, 0xff, 0x80, 0x0, 0x0, 0xa, 0xff,
    0xf7, 0x0, 0xb, 0xff, 0xf5, 0x0, 0x0, 0x9,
    0xff, 0xff, 0x10, 0x0, 0xcf, 0xff, 0x40, 0x0,
    0x2d, 0xff, 0xff, 0x40, 0x0, 0xc, 0xff, 0xf4,
    0x0, 0xe, 0xff, 0xfd, 0x30, 0x0, 0x0, 0xcf,
    0xff, 0x40, 0x5, 0xff, 0xfd, 0x0, 0x0, 0x0,
    0xc, 0xff, 0xf4, 0x0, 0x5f, 0xff, 0xfa, 0x40,
    0x0, 0x0, 0xcf, 0xff, 0x40, 0x1, 0xef, 0xff,
    0xff, 0xe6, 0x0, 0xc, 0xff, 0xf4, 0x0, 0x2,
    0xbf, 0xff, 0xff, 0xfb, 0x0, 0xcf, 0xff, 0x40,
    0x0, 0x0, 0x16, 0xcf, 0xff, 0xf8, 0xc, 0xff,
    0xf4, 0x0, 0x0, 0x0, 0x0, 0x6f, 0xff, 0xe0,
    0xcf, 0xff, 0x40, 0x1, 0x40, 0x0, 0x0, 0xff,
    0xff, 0xc, 0xff, 0xf4, 0x7d, 0xff, 0x20, 0x0,
    0x1f, 0xff, 0xf0, 0xcf, 0xff, 0x4a, 0xff, 0xfe,
    0x63, 0x5d, 0xff, 0xfc, 0xc, 0xff, 0xf4, 0x1e,
    0xff, 0xff, 0xff, 0xff, 0xff, 0x40, 0xcf, 0xff,
    0x40, 0x3e, 0xff, 0xff, 0xff, 0xff, 0x50, 0xc,
    0xff, 0xf4, 0x0, 0x7, 0xce, 0xff, 0xd8, 0x10,
    0x0,

    /* U+00E0 "à" */
    0x0, 0x2, 0xff, 0xff, 0x50, 0x0, 0x0, 0x0,
    0x0, 0x0, 0x6, 0xff, 0xfd, 0x0, 0x0, 0x0,
    0x0, 0x0, 0x0, 0xa, 0xff, 0xf5, 0x0, 0x0,
    0x0, 0x0, 0x0, 0x0, 0xd, 0xff, 0xd0, 0x0,
    0x0, 0x0, 0x0, 0x0, 0x0, 0x3a, 0xaa, 0x20,
    0x0, 0x0, 0x0, 0x0, 0x0, 0x0, 0x0, 0x0,
    0x0, 0x0, 0x0, 0x0, 0x1, 0x7c, 0xef, 0xfd,
    0xa4, 0x0, 0x0, 0x0, 0x4, 0xef, 0xff, 0xff,
    0xff, 0xfa, 0x0, 0x0, 0x3, 0xff, 0xff, 0xff,
    0xff, 0xff, 0xfa, 0x0, 0x0, 0xdf, 0xff, 0xc5,
    0x33, 0x8f, 0xff, 0xf2, 0x0, 0x5, 0xae, 0xd0,
    0x0, 0x0, 0x7f, 0xff, 0x70, 0x0, 0x0, 0x1,
    0x0, 0x0, 0x4, 0xff, 0xf9, 0x0, 0x0, 0x17,
    0xce, 0xff, 0xff, 0xff, 0xff, 0x90, 0x0, 0x5f,
    0xff, 0xff, 0xff, 0xff, 0xff, 0xf9, 0x0, 0x2f,
    0xff, 0xff, 0xff, 0xff, 0xff, 0xff, 0x90, 0x9,
    0xff, 0xfd, 0x30, 0x0, 0x4, 0xff, 0xf9, 0x0,
    0xcf, 0xff, 0x40, 0x0, 0x0, 0x7f, 0xff, 0x90,
    0xb, 0xff, 0xf6, 0x0, 0x0, 0x2e, 0xff, 0xf9,
    0x0, 0x8f, 0xff, 0xf7, 0x34, 0x8e, 0xff, 0xff,
    0xd4, 0x32, 0xff, 0xff, 0xff, 0xff, 0xfd, 0xdf,
    0xff, 0xfc, 0x4, 0xff, 0xff, 0xff, 0xff, 0x36,
    0xff, 0xff, 0xc0, 0x1, 0x8d, 0xff, 0xea, 0x20,
    0x9, 0xef, 0xfc,

    /* U+00E1 "á" */
    0x0, 0x0, 0x0, 0x5, 0xff, 0xff, 0x20, 0x0,
    0x0, 0x0, 0x0, 0x0, 0xdf, 0xff, 0x50, 0x0,
    0x0, 0x0, 0x0, 0x0, 0x5f, 0xff, 0xa0, 0x0,
    0x0, 0x0, 0x0, 0x0, 0xd, 0xff, 0xd0, 0x0,
    0x0, 0x0, 0x0, 0x0, 0x2, 0xaa, 0xa3, 0x0,
    0x0, 0x0, 0x0, 0x0, 0x0, 0x0, 0x0, 0x0,
    0x0, 0x0, 0x0, 0x0, 0x1, 0x7c, 0xef, 0xfd,
    0xa4, 0x0, 0x0, 0x0, 0x4, 0xef, 0xff, 0xff,
    0xff, 0xfa, 0x0, 0x0, 0x3, 0xff, 0xff, 0xff,
    0xff, 0xff, 0xfa, 0x0, 0x0, 0xdf, 0xff, 0xc5,
    0x33, 0x8f, 0xff, 0xf2, 0x0, 0x5, 0xae, 0xd0,
    0x0, 0x0, 0x7f, 0xff, 0x70, 0x0, 0x0, 0x1,
    0x0, 0x0, 0x4, 0xff, 0xf9, 0x0, 0x0, 0x17,
    0xce, 0xff, 0xff, 0xff, 0xff, 0x90, 0x0, 0x5f,
    0xff, 0xff, 0xff, 0xff, 0xff, 0xf9, 0x0, 0x2f,
    0xff, 0xff, 0xff, 0xff, 0xff, 0xff, 0x90, 0x9,
    0xff, 0xfd, 0x30, 0x0, 0x4, 0xff, 0xf9, 0x0,
    0xcf, 0xff, 0x40, 0x0, 0x0, 0x7f, 0xff, 0x90,
    0xb, 0xff, 0xf6, 0x0, 0x0, 0x2e, 0xff, 0xf9,
    0x0, 0x8f, 0xff, 0xf7, 0x34, 0x8e, 0xff, 0xff,
    0xd4, 0x32, 0xff, 0xff, 0xff, 0xff, 0xfd, 0xdf,
    0xff, 0xfc, 0x4, 0xff, 0xff, 0xff, 0xff, 0x36,
    0xff, 0xff, 0xc0, 0x1, 0x8d, 0xff, 0xea, 0x20,
    0x9, 0xef, 0xfc,

    /* U+00E2 "â" */
    0x0, 0x0, 0xc, 0xff, 0xff, 0xc0, 0x0, 0x0,
    0x0, 0x0, 0x9, 0xff, 0xff, 0xff, 0x90, 0x0,
    0x0, 0x0, 0x6, 0xff, 0xfa, 0xaf, 0xff, 0x60,
    0x0, 0x0, 0x3, 0xff, 0xfc, 0x0, 0xcf, 0xff,
    0x30, 0x0, 0x0, 0x9a, 0xaa, 0x10, 0x1, 0xaa,
    0xa9, 0x0, 0x0, 0x0, 0x0, 0x0, 0x0, 0x0,
    0x0, 0x0, 0x0, 0x0, 0x1, 0x7c, 0xef, 0xfd,
    0xa4, 0x0, 0x0, 0x0, 0x4, 0xef, 0xff, 0xff,
    0xff, 0xfa, 0x0, 0x0, 0x3, 0xff, 0xff, 0xff,
    0xff, 0xff, 0xfa, 0x0, 0x0, 0xdf, 0xff, 0xc5,
    0x33, 0x8f, 0xff, 0xf2, 0x0, 0x5, 0xae, 0xd0,
    0x0, 0x0, 0x7f, 0xff, 0x70, 0x0, 0x0, 0x1,
    0x0, 0x0, 0x4, 0xff, 0xf9, 0x0, 0x0, 0x17,
    0xce, 0xff, 0xff, 0xff, 0xff, 0x90, 0x0, 0x5f,
    0xff, 0xff, 0xff, 0xff, 0xff, 0xf9, 0x0, 0x2f,
    0xff, 0xff, 0xff, 0xff, 0xff, 0xff, 0x90, 0x9,
    0xff, 0xfd, 0x30, 0x0, 0x4, 0xff, 0xf9, 0x0,
    0xcf, 0xff, 0x40, 0x0, 0x0, 0x7f, 0xff, 0x90,
    0xb, 0xff, 0xf6, 0x0, 0x0, 0x2e, 0xff, 0xf9,
    0x0, 0x8f, 0xff, 0xf7, 0x34, 0x8e, 0xff, 0xff,
    0xd4, 0x32, 0xff, 0xff, 0xff, 0xff, 0xfd, 0xdf,
    0xff, 0xfc, 0x4, 0xff, 0xff, 0xff, 0xff, 0x36,
    0xff, 0xff, 0xc0, 0x1, 0x8d, 0xff, 0xea, 0x20,
    0x9, 0xef, 0xfc,

    /* U+00E3 "ã" */
    0x0, 0x0, 0xaf, 0xe6, 0x0, 0xb, 0x30, 0x0,
    0x0, 0x0, 0xbf, 0xff, 0xf9, 0x9, 0xff, 0x50,
    0x0, 0x0, 0x4f, 0xff, 0xff, 0xff, 0xff, 0xf1,
    0x0, 0x0, 0x7, 0xff, 0x50, 0xbf, 0xff, 0xf7,
    0x0, 0x0, 0x0, 0x3, 0x70, 0x0, 0x8f, 0xe8,
    0x0, 0x0, 0x0, 0x0, 0x0, 0x0, 0x0, 0x0,
    0x0, 0x0, 0x0, 0x0, 0x1, 0x7c, 0xef, 0xfd,
    0xa4, 0x0, 0x0, 0x0, 0x4, 0xef, 0xff, 0xff,
    0xff, 0xfa, 0x0, 0x0, 0x3, 0xff, 0xff, 0xff,
    0xff, 0xff, 0xfa, 0x0, 0x0, 0xdf, 0xff, 0xc5,
    0x33, 0x8f, 0xff, 0xf2, 0x0, 0x5, 0xae, 0xd0,
    0x0, 0x0, 0x7f, 0xff, 0x70, 0x0, 0x0, 0x1,
    0x0, 0x0, 0x4, 0xff, 0xf9, 0x0, 0x0, 0x17,
    0xce, 0xff, 0xff, 0xff, 0xff, 0x90, 0x0, 0x5f,
    0xff, 0xff, 0xff, 0xff, 0xff, 0xf9, 0x0, 0x2f,
    0xff, 0xff, 0xff, 0xff, 0xff, 0xff, 0x90, 0x9,
    0xff, 0xfd, 0x30, 0x0, 0x4, 0xff, 0xf9, 0x0,
    0xcf, 0xff, 0x40, 0x0, 0x0, 0x7f, 0xff, 0x90,
    0xb, 0xff, 0xf6, 0x0, 0x0, 0x2e, 0xff, 0xf9,
    0x0, 0x8f, 0xff, 0xf7, 0x34, 0x8e, 0xff, 0xff,
    0xd4, 0x32, 0xff, 0xff, 0xff, 0xff, 0xfd, 0xdf,
    0xff, 0xfc, 0x4, 0xff, 0xff, 0xff, 0xff, 0x36,
    0xff, 0xff, 0xc0, 0x1, 0x8d, 0xff, 0xea, 0x20,
    0x9, 0xef, 0xfc,

    /* U+00E4 "ä" */
    0x0, 0x1b, 0xfe, 0x50, 0x5, 0xef, 0xb1, 0x0,
    0x0, 0xb, 0xff, 0xff, 0x11, 0xff, 0xff, 0xa0,
    0x0, 0x0, 0xdf, 0xff, 0xf4, 0x4f, 0xff, 0xfd,
    0x0, 0x0, 0xb, 0xff, 0xff, 0x11, 0xff, 0xff,
    0xa0, 0x0, 0x0, 0x1b, 0xfe, 0x50, 0x5, 0xef,
    0xb1, 0x0, 0x0, 0x0, 0x0, 0x0, 0x0, 0x0,
    0x0, 0x0, 0x0, 0x0, 0x1, 0x7c, 0xef, 0xfd,
    0xa4, 0x0, 0x0, 0x0, 0x4, 0xef, 0xff, 0xff,
    0xff, 0xfa, 0x0, 0x0, 0x3, 0xff, 0xff, 0xff,
    0xff, 0xff, 0xfa, 0x0, 0x0, 0xdf, 0xff, 0xc5,
    0x33, 0x8f, 0xff, 0xf2, 0x0, 0x5, 0xae, 0xd0,
    0x0, 0x0, 0x7f, 0xff, 0x70, 0x0, 0x0, 0x1,
    0x0, 0x0, 0x4, 0xff, 0xf9, 0x0, 0x0, 0x17,
    0xce, 0xff, 0xff, 0xff, 0xff, 0x90, 0x0, 0x5f,
    0xff, 0xff, 0xff, 0xff, 0xff, 0xf9, 0x0, 0x2f,
    0xff, 0xff, 0xff, 0xff, 0xff, 0xff, 0x90, 0x9,
    0xff, 0xfd, 0x30, 0x0, 0x4, 0xff, 0xf9, 0x0,
    0xcf, 0xff, 0x40, 0x0, 0x0, 0x7f, 0xff, 0x90,
    0xb, 0xff, 0xf6, 0x0, 0x0, 0x2e, 0xff, 0xf9,
    0x0, 0x8f, 0xff, 0xf7, 0x34, 0x8e, 0xff, 0xff,
    0xd4, 0x32, 0xff, 0xff, 0xff, 0xff, 0xfd, 0xdf,
    0xff, 0xfc, 0x4, 0xff, 0xff, 0xff, 0xff, 0x36,
    0xff, 0xff, 0xc0, 0x1, 0x8d, 0xff, 0xea, 0x20,
    0x9, 0xef, 0xfc,

    /* U+00E5 "å" */
    0x0, 0x0, 0x1, 0xaf, 0xfa, 0x10, 0x0, 0x0,
    0x0, 0x0, 0x0, 0xcf, 0xff, 0xfb, 0x0, 0x0,
    0x0, 0x0, 0x0, 0x3f, 0xf7, 0x7f, 0xf2, 0x0,
    0x0, 0x0, 0x0, 0x5, 0xff, 0x1, 0xff, 0x40,
    0x0, 0x0, 0x0, 0x0, 0x3f, 0xf7, 0x7f, 0xf2,
    0x0, 0x0, 0x0, 0x0, 0x0, 0xbf, 0xff, 0xfb,
    0x0, 0x0, 0x0, 0x0, 0x0, 0x1, 0x9f, 0xf9,
    0x0, 0x0, 0x0, 0x0, 0x0, 0x0, 0x0, 0x0,
    0x0, 0x0, 0x0, 0x0, 0x0, 0x1, 0x7c, 0xef,
    0xfd, 0xa4, 0x0, 0x0, 0x0, 0x4, 0xef, 0xff,
    0xff, 0xff, 0xfa, 0x0, 0x0, 0x3, 0xff, 0xff,
    0xff, 0xff, 0xff, 0xfa, 0x0, 0x0, 0xdf, 0xff,
    0xc5, 0x33, 0x8f, 0xff, 0xf2, 0x0, 0x5, 0xae,
    0xd0, 0x0, 0x0, 0x7f, 0xff, 0x70, 0x0, 0x0,
    0x1, 0x0, 0x0, 0x4, 0xff, 0xf9, 0x0, 0x0,
    0x17, 0xce, 0xff, 0xff, 0xff, 0xff, 0x90, 0x0,
    0x5f, 0xff, 0xff, 0xff, 0xff, 0xff, 0xf9, 0x0,
    0x2f, 0xff, 0xff, 0xff, 0xff, 0xff, 0xff, 0x90,
    0x9, 0xff, 0xfd, 0x30, 0x0, 0x4, 0xff, 0xf9,
    0x0, 0xcf, 0xff, 0x40, 0x0, 0x0, 0x7f, 0xff,
    0x90, 0xb, 0xff, 0xf6, 0x0, 0x0, 0x2e, 0xff,
    0xf9, 0x0, 0x8f, 0xff, 0xf7, 0x34, 0x8e, 0xff,
    0xff, 0xd4, 0x32, 0xff, 0xff, 0xff, 0xff, 0xfd,
    0xdf, 0xff, 0xfc, 0x4, 0xff, 0xff, 0xff, 0xff,
    0x36, 0xff, 0xff, 0xc0, 0x1, 0x8d, 0xff, 0xea,
    0x20, 0x9, 0xef, 0xfc,

    /* U+00E6 "æ" */
    0x0, 0x1, 0x7c, 0xef, 0xfd, 0xa4, 0x0, 0x6,
    0xcf, 0xfe, 0xc6, 0x0, 0x0, 0x0, 0x5f, 0xff,
    0xff, 0xff, 0xff, 0xb7, 0xdf, 0xff, 0xff, 0xff,
    0xd2, 0x0, 0x5, 0xff, 0xff, 0xff, 0xff, 0xff,
    0xff, 0xff, 0xff, 0xff, 0xff, 0xfe, 0x20, 0x1e,
    0xff, 0xfb, 0x53, 0x48, 0xff, 0xff, 0xff, 0xb8,
    0x79, 0xff, 0xff, 0xb0, 0x17, 0xbf, 0xa0, 0x0,
    0x0, 0x7f, 0xff, 0xf6, 0x0, 0x0, 0x1d, 0xff,
    0xf2, 0x0, 0x0, 0x0, 0x0, 0x0, 0x3f, 0xff,
    0xd0, 0x0, 0x0, 0x7, 0xff, 0xf7, 0x0, 0x17,
    0xce, 0xff, 0xff, 0xff, 0xff, 0xff, 0xff, 0xff,
    0xff, 0xff, 0xf9, 0x5, 0xff, 0xff, 0xff, 0xff,
    0xff, 0xff, 0xff, 0xff, 0xff, 0xff, 0xff, 0xfa,
    0x2f, 0xff, 0xff, 0xff, 0xff, 0xff, 0xff, 0xff,
    0xff, 0xff, 0xff, 0xff, 0xfa, 0x9f, 0xff, 0xc3,
    0x0, 0x0, 0x4f, 0xff, 0xc0, 0x0, 0x0, 0x0,
    0x0, 0x0, 0xcf, 0xff, 0x30, 0x0, 0x0, 0x7f,
    0xff, 0xf1, 0x0, 0x0, 0x0, 0x40, 0x0, 0xcf,
    0xff, 0x50, 0x0, 0x2, 0xef, 0xff, 0xfc, 0x0,
    0x0, 0xa, 0xfa, 0x0, 0x9f, 0xff, 0xf7, 0x33,
    0x7e, 0xff, 0xff, 0xff, 0xe9, 0x78, 0xdf, 0xff,
    0xd0, 0x2f, 0xff, 0xff, 0xff, 0xff, 0xfe, 0x2d,
    0xff, 0xff, 0xff, 0xff, 0xff, 0x70, 0x4, 0xff,
    0xff, 0xff, 0xff, 0xe3, 0x1, 0xbf, 0xff, 0xff,
    0xff, 0xf7, 0x0, 0x0, 0x17, 0xcf, 0xff, 0xc7,
    0x10, 0x0, 0x5, 0xbe, 0xff, 0xd9, 0x20, 0x0,

    /* U+00E7 "ç" */
    0x0, 0x0, 0x17, 0xce, 0xff, 0xda, 0x40, 0x0,
    0x0, 0x0, 0x7f, 0xff, 0xff, 0xff, 0xff, 0xb1,
    0x0, 0x0, 0x9f, 0xff, 0xff, 0xff, 0xff, 0xff,
    0xd1, 0x0, 0x6f, 0xff, 0xff, 0xb8, 0x9d, 0xff,
    0xff, 0xa0, 0xe, 0xff, 0xfc, 0x10, 0x0, 0x6,
    0xff, 0xff, 0x24, 0xff, 0xff, 0x10, 0x0, 0x0,
    0xb, 0xff, 0xf7, 0x7f, 0xff, 0xa0, 0x0, 0x0,
    0x0, 0x48, 0x51, 0x8, 0xff, 0xf8, 0x0, 0x0,
    0x0, 0x0, 0x0, 0x0, 0x8f, 0xff, 0x80, 0x0,
    0x0, 0x0, 0x0, 0x0, 0x7, 0xff, 0xfa, 0x0,
    0x0, 0x0, 0x3, 0x85, 0x10, 0x4f, 0xff, 0xf1,
    0x0, 0x0, 0x0, 0xaf, 0xff, 0x70, 0xef, 0xff,
    0xc1, 0x0, 0x0, 0x6f, 0xff, 0xf3, 0x6, 0xff,
    0xff, 0xfa, 0x89, 0xcf, 0xff, 0xfa, 0x0, 0x9,
    0xff, 0xff, 0xff, 0xff, 0xff, 0xfd, 0x10, 0x0,
    0x7, 0xff, 0xff, 0xff, 0xff, 0xfb, 0x10, 0x0,
    0x0, 0x1, 0x7c, 0xff, 0xfe, 0xa4, 0x0, 0x0,
    0x0, 0x0, 0x0, 0xb, 0xff, 0x40, 0x0, 0x0,
    0x0, 0x0, 0x0, 0x0, 0xbe, 0xff, 0xe4, 0x0,
    0x0, 0x0, 0x0, 0x0, 0x0, 0x2, 0xff, 0xd0,
    0x0, 0x0, 0x0, 0x0, 0x6b, 0x87, 0xaf, 0xfe,
    0x0, 0x0, 0x0, 0x0, 0xb, 0xff, 0xff, 0xff,
    0x80, 0x0, 0x0, 0x0, 0x0, 0x8c, 0xef, 0xfc,
    0x60, 0x0, 0x0,

    /* U+00E8 "è" */
    0x0, 0x0, 0xbf, 0xff, 0xb0, 0x0, 0x0, 0x0,
    0x0, 0x0, 0x1, 0xef, 0xff, 0x30, 0x0, 0x0,
    0x0, 0x0, 0x0, 0x4, 0xff, 0xfc, 0x0, 0x0,
    0x0, 0x0, 0x0, 0x0, 0x8, 0xff, 0xf4, 0x0,
    0x0, 0x0, 0x0, 0x0, 0x0, 0x9, 0xaa, 0x60,
    0x0, 0x0, 0x0, 0x0, 0x0, 0x0, 0x0, 0x0,
    0x0, 0x0, 0x0, 0x0, 0x0, 0x28, 0xcf, 0xfe,
    0xc7, 0x10, 0x0, 0x0, 0x0, 0x8f, 0xff, 0xff,
    0xff, 0xfe, 0x50, 0x0, 0x0, 0xaf, 0xff, 0xff,
    0xff, 0xff, 0xff, 0x50, 0x0, 0x6f, 0xff, 0xfc,
    0x87, 0x8e, 0xff, 0xff, 0x10, 0xe, 0xff, 0xf6,
    0x0, 0x0, 0xb, 0xff, 0xf8, 0x3, 0xff, 0xfc,
    0x0, 0x0, 0x0, 0x1f, 0xff, 0xd0, 0x7f, 0xff,
    0xff, 0xff, 0xff, 0xff, 0xff, 0xff, 0x8, 0xff,
    0xff, 0xff, 0xff, 0xff, 0xff, 0xff, 0xf1, 0x8f,
    0xff, 0xff, 0xff, 0xff, 0xff, 0xff, 0xff, 0x17,
    0xff, 0xfa, 0x0, 0x0, 0x0, 0x0, 0x0, 0x0,
    0x3f, 0xff, 0xe0, 0x0, 0x0, 0x0, 0x82, 0x0,
    0x0, 0xef, 0xff, 0xb0, 0x0, 0x0, 0x9f, 0xfa,
    0x20, 0x6, 0xff, 0xff, 0xe9, 0x78, 0xdf, 0xff,
    0xf3, 0x0, 0xa, 0xff, 0xff, 0xff, 0xff, 0xff,
    0xf7, 0x0, 0x0, 0x8, 0xff, 0xff, 0xff, 0xff,
    0xf6, 0x0, 0x0, 0x0, 0x2, 0x8c, 0xff, 0xfd,
    0x81, 0x0, 0x0,

    /* U+00E9 "é" */
    0x0, 0x0, 0x0, 0x0, 0xef, 0xff, 0x80, 0x0,
    0x0, 0x0, 0x0, 0x0, 0x6f, 0xff, 0xc0, 0x0,
    0x0, 0x0, 0x0, 0x0, 0xe, 0xff, 0xf2, 0x0,
    0x0, 0x0, 0x0, 0x0, 0x7, 0xff, 0xf5, 0x0,
    0x0, 0x0, 0x0, 0x0, 0x0, 0x8a, 0xa7, 0x0,
    0x0, 0x0, 0x0, 0x0, 0x0, 0x0, 0x0, 0x0,
    0x0, 0x0, 0x0, 0x0, 0x0, 0x28, 0xcf, 0xfe,
    0xc7, 0x10, 0x0, 0x0, 0x0, 0x8f, 0xff, 0xff,
    0xff, 0xfe, 0x50, 0x0, 0x0, 0xaf, 0xff, 0xff,
    0xff, 0xff, 0xff, 0x50, 0x0, 0x6f, 0xff, 0xfc,
    0x87, 0x8e, 0xff, 0xff, 0x10, 0xe, 0xff, 0xf6,
    0x0, 0x0, 0xb, 0xff, 0xf8, 0x3, 0xff, 0xfc,
    0x0, 0x0, 0x0, 0x1f, 0xff, 0xd0, 0x7f, 0xff,
    0xff, 0xff, 0xff, 0xff, 0xff, 0xff, 0x8, 0xff,
    0xff, 0xff, 0xff, 0xff, 0xff, 0xff, 0xf1, 0x8f,
    0xff, 0xff, 0xff, 0xff, 0xff, 0xff, 0xff, 0x17,
    0xff, 0xfa, 0x0, 0x0, 0x0, 0x0, 0x0, 0x0,
    0x3f, 0xff, 0xe0, 0x0, 0x0, 0x0, 0x82, 0x0,
    0x0, 0xef, 0xff, 0xb0, 0x0, 0x0, 0x9f, 0xfa,
    0x20, 0x6, 0xff, 0xff, 0xe9, 0x78, 0xdf, 0xff,
    0xf3, 0x0, 0xa, 0xff, 0xff, 0xff, 0xff, 0xff,
    0xf7, 0x0, 0x0, 0x8, 0xff, 0xff, 0xff, 0xff,
    0xf6, 0x0, 0x0, 0x0, 0x2, 0x8c, 0xff, 0xfd,
    0x81, 0x0, 0x0,

    /* U+00EA "ê" */
    0x0, 0x0, 0x6, 0xff, 0xff, 0xf3, 0x0, 0x0,
    0x0, 0x0, 0x3, 0xff, 0xff, 0xff, 0xe1, 0x0,
    0x0, 0x0, 0x1, 0xef, 0xfe, 0x6f, 0xff, 0xc0,
    0x0, 0x0, 0x0, 0xcf, 0xff, 0x30, 0x6f, 0xff,
    0x90, 0x0, 0x0, 0x5a, 0xaa, 0x60, 0x0, 0x8a,
    0xaa, 0x30, 0x0, 0x0, 0x0, 0x0, 0x0, 0x0,
    0x0, 0x0, 0x0, 0x0, 0x0, 0x28, 0xcf, 0xfe,
    0xc7, 0x10, 0x0, 0x0, 0x0, 0x8f, 0xff, 0xff,
    0xff, 0xfe, 0x50, 0x0, 0x0, 0xaf, 0xff, 0xff,
    0xff, 0xff, 0xff, 0x50, 0x0, 0x6f, 0xff, 0xfc,
    0x87, 0x8e, 0xff, 0xff, 0x10, 0xe, 0xff, 0xf6,
    0x0, 0x0, 0xb, 0xff, 0xf8, 0x3, 0xff, 0xfc,
    0x0, 0x0, 0x0, 0x1f, 0xff, 0xd0, 0x7f, 0xff,
    0xff, 0xff, 0xff, 0xff, 0xff, 0xff, 0x8, 0xff,
    0xff, 0xff, 0xff, 0xff, 0xff, 0xff, 0xf1, 0x8f,
    0xff, 0xff, 0xff, 0xff, 0xff, 0xff, 0xff, 0x17,
    0xff, 0xfa, 0x0, 0x0, 0x0, 0x0, 0x0, 0x0,
    0x3f, 0xff, 0xe0, 0x0, 0x0, 0x0, 0x82, 0x0,
    0x0, 0xef, 0xff, 0xb0, 0x0, 0x0, 0x9f, 0xfa,
    0x20, 0x6, 0xff, 0xff, 0xe9, 0x78, 0xdf, 0xff,
    0xf3, 0x0, 0xa, 0xff, 0xff, 0xff, 0xff, 0xff,
    0xf7, 0x0, 0x0, 0x8, 0xff, 0xff, 0xff, 0xff,
    0xf6, 0x0, 0x0, 0x0, 0x2, 0x8c, 0xff, 0xfd,
    0x81, 0x0, 0x0,

    /* U+00EB "ë" */
    0x0, 0x7, 0xef, 0xa0, 0x1, 0xbf, 0xe5, 0x0,
    0x0, 0x4, 0xff, 0xff, 0x80, 0xbf, 0xff, 0xf1,
    0x0, 0x0, 0x7f, 0xff, 0xfa, 0xd, 0xff, 0xff,
    0x40, 0x0, 0x4, 0xff, 0xff, 0x80, 0xbf, 0xff,
    0xf1, 0x0, 0x0, 0x7, 0xef, 0xa0, 0x1, 0xbf,
    0xe5, 0x0, 0x0, 0x0, 0x0, 0x0, 0x0, 0x0,
    0x0, 0x0, 0x0, 0x0, 0x0, 0x28, 0xcf, 0xfe,
    0xc7, 0x10, 0x0, 0x0, 0x0, 0x8f, 0xff, 0xff,
    0xff, 0xfe, 0x50, 0x0, 0x0, 0xaf, 0xff, 0xff,
    0xff, 0xff, 0xff, 0x50, 0x0, 0x6f, 0xff, 0xfc,
    0x87, 0x8e, 0xff, 0xff, 0x10, 0xe, 0xff, 0xf6,
    0x0, 0x0, 0xb, 0xff, 0xf8, 0x3, 0xff, 0xfc,
    0x0, 0x0, 0x0, 0x1f, 0xff, 0xd0, 0x7f, 0xff,
    0xff, 0xff, 0xff, 0xff, 0xff, 0xff, 0x8, 0xff,
    0xff, 0xff, 0xff, 0xff, 0xff, 0xff, 0xf1, 0x8f,
    0xff, 0xff, 0xff, 0xff, 0xff, 0xff, 0xff, 0x17,
    0xff, 0xfa, 0x0, 0x0, 0x0, 0x0, 0x0, 0x0,
    0x3f, 0xff, 0xe0, 0x0, 0x0, 0x0, 0x82, 0x0,
    0x0, 0xef, 0xff, 0xb0, 0x0, 0x0, 0x9f, 0xfa,
    0x20, 0x6, 0xff, 0xff, 0xe9, 0x78, 0xdf, 0xff,
    0xf3, 0x0, 0xa, 0xff, 0xff, 0xff, 0xff, 0xff,
    0xf7, 0x0, 0x0, 0x8, 0xff, 0xff, 0xff, 0xff,
    0xf6, 0x0, 0x0, 0x0, 0x2, 0x8c, 0xff, 0xfd,
    0x81, 0x0, 0x0,

    /* U+00EC "ì" */
    0xd, 0xff, 0xf9, 0x0, 0x2, 0xff, 0xff, 0x10,
    0x0, 0x6f, 0xff, 0x90, 0x0, 0xa, 0xff, 0xf2,
    0x0, 0x0, 0x9a, 0xa5, 0x0, 0x0, 0x0, 0x0,
    0x0, 0xc, 0xff, 0xf4, 0x0, 0xc, 0xff, 0xf4,
    0x0, 0xc, 0xff, 0xf4, 0x0, 0xc, 0xff, 0xf4,
    0x0, 0xc, 0xff, 0xf4, 0x0, 0xc, 0xff, 0xf4,
    0x0, 0xc, 0xff, 0xf4, 0x0, 0xc, 0xff, 0xf4,
    0x0, 0xc, 0xff, 0xf4, 0x0, 0xc, 0xff, 0xf4,
    0x0, 0xc, 0xff, 0xf4, 0x0, 0xc, 0xff, 0xf4,
    0x0, 0xc, 0xff, 0xf4, 0x0, 0xc, 0xff, 0xf4,
    0x0, 0xc, 0xff, 0xf4, 0x0, 0xc, 0xff, 0xf4,

    /* U+00ED "í" */
    0x0, 0x1f, 0xff, 0xf5, 0x0, 0x9f, 0xff, 0xa0,
    0x1, 0xff, 0xfd, 0x0, 0x9, 0xff, 0xf3, 0x0,
    0x9, 0xaa, 0x50, 0x0, 0x0, 0x0, 0x0, 0x0,
    0xc, 0xff, 0xf4, 0x0, 0xc, 0xff, 0xf4, 0x0,
    0xc, 0xff, 0xf4, 0x0, 0xc, 0xff, 0xf4, 0x0,
    0xc, 0xff, 0xf4, 0x0, 0xc, 0xff, 0xf4, 0x0,
    0xc, 0xff, 0xf4, 0x0, 0xc, 0xff, 0xf4, 0x0,
    0xc, 0xff, 0xf4, 0x0, 0xc, 0xff, 0xf4, 0x0,
    0xc, 0xff, 0xf4, 0x0, 0xc, 0xff, 0xf4, 0x0,
    0xc, 0xff, 0xf4, 0x0, 0xc, 0xff, 0xf4, 0x0,
    0xc, 0xff, 0xf4, 0x0, 0xc, 0xff, 0xf4, 0x0,

    /* U+00EE "î" */
    0x0, 0x9, 0xff, 0xff, 0xe2, 0x0, 0x0, 0x6,
    0xff, 0xff, 0xff, 0xd1, 0x0, 0x4, 0xff, 0xfc,
    0x7f, 0xff, 0xc0, 0x2, 0xff, 0xfd, 0x10, 0x7f,
    0xff, 0xa0, 0x46, 0x66, 0x20, 0x0, 0x56, 0x66,
    0x10, 0x0, 0x0, 0x0, 0x0, 0x0, 0x0, 0x0,
    0x0, 0xcf, 0xff, 0x40, 0x0, 0x0, 0x0, 0xc,
    0xff, 0xf4, 0x0, 0x0, 0x0, 0x0, 0xcf, 0xff,
    0x40, 0x0, 0x0, 0x0, 0xc, 0xff, 0xf4, 0x0,
    0x0, 0x0, 0x0, 0xcf, 0xff, 0x40, 0x0, 0x0,
    0x0, 0xc, 0xff, 0xf4, 0x0, 0x0, 0x0, 0x0,
    0xcf, 0xff, 0x40, 0x0, 0x0, 0x0, 0xc, 0xff,
    0xf4, 0x0, 0x0, 0x0, 0x0, 0xcf, 0xff, 0x40,
    0x0, 0x0, 0x0, 0xc, 0xff, 0xf4, 0x0, 0x0,
    0x0, 0x0, 0xcf, 0xff, 0x40, 0x0, 0x0, 0x0,
    0xc, 0xff, 0xf4, 0x0, 0x0, 0x0, 0x0, 0xcf,
    0xff, 0x40, 0x0, 0x0, 0x0, 0xc, 0xff, 0xf4,
    0x0, 0x0, 0x0, 0x0, 0xcf, 0xff, 0x40, 0x0,
    0x0, 0x0, 0xc, 0xff, 0xf4, 0x0, 0x0,

    /* U+00EF "ï" */
    0x9, 0xfe, 0x80, 0x2, 0xcf, 0xd3, 0x6, 0xff,
    0xff, 0x50, 0xdf, 0xff, 0xe0, 0x9f, 0xff, 0xf8,
    0xf, 0xff, 0xff, 0x16, 0xff, 0xff, 0x50, 0xdf,
    0xff, 0xe0, 0x9, 0xff, 0x80, 0x2, 0xcf, 0xd4,
    0x0, 0x0, 0x0, 0x0, 0x0, 0x0, 0x0, 0x0,
    0x0, 0xcf, 0xff, 0x40, 0x0, 0x0, 0x0, 0xc,
    0xff, 0xf4, 0x0, 0x0, 0x0, 0x0, 0xcf, 0xff,
    0x40, 0x0, 0x0, 0x0, 0xc, 0xff, 0xf4, 0x0,
    0x0, 0x0, 0x0, 0xcf, 0xff, 0x40, 0x0, 0x0,
    0x0, 0xc, 0xff, 0xf4, 0x0, 0x0, 0x0, 0x0,
    0xcf, 0xff, 0x40, 0x0, 0x0, 0x0, 0xc, 0xff,
    0xf4, 0x0, 0x0, 0x0, 0x0, 0xcf, 0xff, 0x40,
    0x0, 0x0, 0x0, 0xc, 0xff, 0xf4, 0x0, 0x0,
    0x0, 0x0, 0xcf, 0xff, 0x40, 0x0, 0x0, 0x0,
    0xc, 0xff, 0xf4, 0x0, 0x0, 0x0, 0x0, 0xcf,
    0xff, 0x40, 0x0, 0x0, 0x0, 0xc, 0xff, 0xf4,
    0x0, 0x0, 0x0, 0x0, 0xcf, 0xff, 0x40, 0x0,
    0x0, 0x0, 0xc, 0xff, 0xf4, 0x0, 0x0,

    /* U+00F0 "ð" */
    0x0, 0x0, 0x0, 0x41, 0x0, 0x49, 0x0, 0x0,
    0x0, 0x0, 0x0, 0x1, 0xff, 0x93, 0xef, 0xb0,
    0x0, 0x0, 0x0, 0x0, 0x8, 0xff, 0xff, 0xff,
    0x30, 0x0, 0x0, 0x0, 0x0, 0xc, 0xff, 0xff,
    0xfd, 0x10, 0x0, 0x0, 0x0, 0x0, 0x0, 0x4d,
    0xff, 0xff, 0xd1, 0x0, 0x0, 0x0, 0x0, 0x0,
    0x1d, 0xff, 0xff, 0xfc, 0x0, 0x0, 0x0, 0x0,
    0x0, 0x9f, 0xf5, 0xdf, 0xff, 0x80, 0x0, 0x0,
    0x0, 0x0, 0x1a, 0x70, 0x1d, 0xff, 0xf2, 0x0,
    0x0, 0x0, 0x0, 0x0, 0x0, 0x3, 0xff, 0xfb,
    0x0, 0x0, 0x0, 0x4a, 0xef, 0xfc, 0x60, 0xbf,
    0xff, 0x10, 0x0, 0xa, 0xff, 0xff, 0xff, 0xfc,
    0x7f, 0xff, 0x70, 0x0, 0xbf, 0xff, 0xff, 0xff,
    0xff, 0xff, 0xff, 0xb0, 0x7, 0xff, 0xff, 0xd7,
    0x45, 0x9f, 0xff, 0xff, 0xe0, 0xe, 0xff, 0xfa,
    0x0, 0x0, 0x2, 0xef, 0xff, 0xf0, 0x4f, 0xff,
    0xe0, 0x0, 0x0, 0x0, 0x6f, 0xff, 0xf2, 0x7f,
    0xff, 0xa0, 0x0, 0x0, 0x0, 0x1f, 0xff, 0xf2,
    0x8f, 0xff, 0x80, 0x0, 0x0, 0x0, 0xe, 0xff,
    0xf2, 0x8f, 0xff, 0x80, 0x0, 0x0, 0x0, 0xf,
    0xff, 0xf0, 0x6f, 0xff, 0xb0, 0x0, 0x0, 0x0,
    0x2f, 0xff, 0xe0, 0x3f, 0xff, 0xf2, 0x0, 0x0,
    0x0, 0x8f, 0xff, 0xa0, 0xd, 0xff, 0xfd, 0x20,
    0x0, 0x6, 0xff, 0xff, 0x30, 0x4, 0xff, 0xff,
    0xfb, 0x89, 0xdf, 0xff, 0xfb, 0x0, 0x0, 0x7f,
    0xff, 0xff, 0xff, 0xff, 0xff, 0xd1, 0x0, 0x0,
    0x6, 0xff, 0xff, 0xff, 0xff, 0xfb, 0x10, 0x0,
    0x0, 0x0, 0x17, 0xbe, 0xff, 0xda, 0x40, 0x0,
    0x0,

    /* U+00F1 "ñ" */
    0x0, 0x3, 0xcf, 0xd3, 0x0, 0x3b, 0x10, 0x0,
    0x0, 0x1e, 0xff, 0xff, 0x51, 0xdf, 0xe1, 0x0,
    0x0, 0x9f, 0xff, 0xff, 0xff, 0xff, 0xc0, 0x0,
    0x0, 0xbf, 0xe2, 0x2e, 0xff, 0xff, 0x30, 0x0,
    0x0, 0x6, 0x40, 0x1, 0xbf, 0xd4, 0x0, 0x0,
    0x0, 0x0, 0x0, 0x0, 0x0, 0x0, 0x0, 0x0,
    0xcf, 0xff, 0x30, 0x6c, 0xff, 0xea, 0x30, 0x0,
    0xcf, 0xff, 0x3a, 0xff, 0xff, 0xff, 0xf8, 0x0,
    0xcf, 0xff, 0xdf, 0xff, 0xff, 0xff, 0xff, 0x60,
    0xcf, 0xff, 0xff, 0xa6, 0x58, 0xff, 0xff, 0xe0,
    0xcf, 0xff, 0xf5, 0x0, 0x0, 0x2f, 0xff, 0xf5,
    0xcf, 0xff, 0xb0, 0x0, 0x0, 0xa, 0xff, 0xf8,
    0xcf, 0xff, 0x60, 0x0, 0x0, 0x7, 0xff, 0xf9,
    0xcf, 0xff, 0x40, 0x0, 0x0, 0x7, 0xff, 0xf9,
    0xcf, 0xff, 0x40, 0x0, 0x0, 0x7, 0xff, 0xf9,
    0xcf, 0xff, 0x40, 0x0, 0x0, 0x7, 0xff, 0xf9,
    0xcf, 0xff, 0x40, 0x0, 0x0, 0x7, 0xff, 0xf9,
    0xcf, 0xff, 0x40, 0x0, 0x0, 0x7, 0xff, 0xf9,
    0xcf, 0xff, 0x40, 0x0, 0x0, 0x7, 0xff, 0xf9,
    0xcf, 0xff, 0x40, 0x0, 0x0, 0x7, 0xff, 0xf9,
    0xcf, 0xff, 0x40, 0x0, 0x0, 0x7, 0xff, 0xf9,
    0xcf, 0xff, 0x40, 0x0, 0x0, 0x7, 0xff, 0xf9,

    /* U+00F2 "ò" */
    0x0, 0x0, 0x5f, 0xff, 0xf2, 0x0, 0x0, 0x0,
    0x0, 0x0, 0x0, 0x9, 0xff, 0xfa, 0x0, 0x0,
    0x0, 0x0, 0x0, 0x0, 0x0, 0xdf, 0xff, 0x20,
    0x0, 0x0, 0x0, 0x0, 0x0, 0x0, 0x2f, 0xff,
    0xa0, 0x0, 0x0, 0x0, 0x0, 0x0, 0x0, 0x5,
    0xaa, 0xa0, 0x0, 0x0, 0x0, 0x0, 0x0, 0x0,
    0x0, 0x0, 0x0, 0x0, 0x0, 0x0, 0x0, 0x0,
    0x17, 0xbe, 0xff, 0xda, 0x40, 0x0, 0x0, 0x0,
    0x7, 0xff, 0xff, 0xff, 0xff, 0xfd, 0x20, 0x0,
    0x0, 0x9f, 0xff, 0xff, 0xff, 0xff, 0xff, 0xf3,
    0x0, 0x6, 0xff, 0xff, 0xfa, 0x89, 0xcf, 0xff,
    0xfe, 0x10, 0xe, 0xff, 0xfc, 0x10, 0x0, 0x5,
    0xff, 0xff, 0x70, 0x4f, 0xff, 0xf1, 0x0, 0x0,
    0x0, 0x7f, 0xff, 0xd0, 0x7f, 0xff, 0xa0, 0x0,
    0x0, 0x0, 0x1f, 0xff, 0xf0, 0x8f, 0xff, 0x80,
    0x0, 0x0, 0x0, 0xf, 0xff, 0xf1, 0x8f, 0xff,
    0x80, 0x0, 0x0, 0x0, 0xf, 0xff, 0xf1, 0x7f,
    0xff, 0xa0, 0x0, 0x0, 0x0, 0x1f, 0xff, 0xf0,
    0x4f, 0xff, 0xf1, 0x0, 0x0, 0x0, 0x7f, 0xff,
    0xd0, 0xe, 0xff, 0xfc, 0x10, 0x0, 0x5, 0xff,
    0xff, 0x70, 0x6, 0xff, 0xff, 0xfa, 0x89, 0xdf,
    0xff, 0xfe, 0x10, 0x0, 0x9f, 0xff, 0xff, 0xff,
    0xff, 0xff, 0xf3, 0x0, 0x0, 0x7, 0xff, 0xff,
    0xff, 0xff, 0xfd, 0x20, 0x0, 0x0, 0x0, 0x17,
    0xbe, 0xff, 0xda, 0x40, 0x0, 0x0,

    /* U+00F3 "ó" */
    0x0, 0x0, 0x0, 0x0, 0x8f, 0xff, 0xd0, 0x0,
    0x0, 0x0, 0x0, 0x0, 0x1, 0xff, 0xff, 0x30,
    0x0, 0x0, 0x0, 0x0, 0x0, 0x8, 0xff, 0xf7,
    0x0, 0x0, 0x0, 0x0, 0x0, 0x0, 0x1f, 0xff,
    0xb0, 0x0, 0x0, 0x0, 0x0, 0x0, 0x0, 0x4a,
    0xaa, 0x10, 0x0, 0x0, 0x0, 0x0, 0x0, 0x0,
    0x0, 0x0, 0x0, 0x0, 0x0, 0x0, 0x0, 0x0,
    0x17, 0xbe, 0xff, 0xda, 0x40, 0x0, 0x0, 0x0,
    0x7, 0xff, 0xff, 0xff, 0xff, 0xfd, 0x20, 0x0,
    0x0, 0x9f, 0xff, 0xff, 0xff, 0xff, 0xff, 0xf3,
    0x0, 0x6, 0xff, 0xff, 0xfa, 0x89, 0xcf, 0xff,
    0xfe, 0x10, 0xe, 0xff, 0xfc, 0x10, 0x0, 0x5,
    0xff, 0xff, 0x70, 0x4f, 0xff, 0xf1, 0x0, 0x0,
    0x0, 0x7f, 0xff, 0xd0, 0x7f, 0xff, 0xa0, 0x0,
    0x0, 0x0, 0x1f, 0xff, 0xf0, 0x8f, 0xff, 0x80,
    0x0, 0x0, 0x0, 0xf, 0xff, 0xf1, 0x8f, 0xff,
    0x80, 0x0, 0x0, 0x0, 0xf, 0xff, 0xf1, 0x7f,
    0xff, 0xa0, 0x0, 0x0, 0x0, 0x1f, 0xff, 0xf0,
    0x4f, 0xff, 0xf1, 0x0, 0x0, 0x0, 0x7f, 0xff,
    0xd0, 0xe, 0xff, 0xfc, 0x10, 0x0, 0x5, 0xff,
    0xff, 0x70, 0x6, 0xff, 0xff, 0xfa, 0x89, 0xdf,
    0xff, 0xfe, 0x10, 0x0, 0x9f, 0xff, 0xff, 0xff,
    0xff, 0xff, 0xf3, 0x0, 0x0, 0x7, 0xff, 0xff,
    0xff, 0xff, 0xfd, 0x20, 0x0, 0x0, 0x0, 0x17,
    0xbe, 0xff, 0xda, 0x40, 0x0, 0x0,

    /* U+00F4 "ô" */
    0x0, 0x0, 0x1, 0xef, 0xff, 0xf9, 0x0, 0x0,
    0x0, 0x0, 0x0, 0xc, 0xff, 0xff, 0xff, 0x60,
    0x0, 0x0, 0x0, 0x0, 0x9f, 0xff, 0x7c, 0xff,
    0xf3, 0x0, 0x0, 0x0, 0x6, 0xff, 0xf9, 0x1,
    0xef, 0xfe, 0x10, 0x0, 0x0, 0x1a, 0xaa, 0x90,
    0x0, 0x3a, 0xaa, 0x70, 0x0, 0x0, 0x0, 0x0,
    0x0, 0x0, 0x0, 0x0, 0x0, 0x0, 0x0, 0x0,
    0x17, 0xbe, 0xff, 0xda, 0x40, 0x0, 0x0, 0x0,
    0x7, 0xff, 0xff, 0xff, 0xff, 0xfd, 0x20, 0x0,
    0x0, 0x9f, 0xff, 0xff, 0xff, 0xff, 0xff, 0xf3,
    0x0, 0x6, 0xff, 0xff, 0xfa, 0x89, 0xcf, 0xff,
    0xfe, 0x10, 0xe, 0xff, 0xfc, 0x10, 0x0, 0x5,
    0xff, 0xff, 0x70, 0x4f, 0xff, 0xf1, 0x0, 0x0,
    0x0, 0x7f, 0xff, 0xd0, 0x7f, 0xff, 0xa0, 0x0,
    0x0, 0x0, 0x1f, 0xff, 0xf0, 0x8f, 0xff, 0x80,
    0x0, 0x0, 0x0, 0xf, 0xff, 0xf1, 0x8f, 0xff,
    0x80, 0x0, 0x0, 0x0, 0xf, 0xff, 0xf1, 0x7f,
    0xff, 0xa0, 0x0, 0x0, 0x0, 0x1f, 0xff, 0xf0,
    0x4f, 0xff, 0xf1, 0x0, 0x0, 0x0, 0x7f, 0xff,
    0xd0, 0xe, 0xff, 0xfc, 0x10, 0x0, 0x5, 0xff,
    0xff, 0x70, 0x6, 0xff, 0xff, 0xfa, 0x89, 0xdf,
    0xff, 0xfe, 0x10, 0x0, 0x9f, 0xff, 0xff, 0xff,
    0xff, 0xff, 0xf3, 0x0, 0x0, 0x7, 0xff, 0xff,
    0xff, 0xff, 0xfd, 0x20, 0x0, 0x0, 0x0, 0x17,
    0xbe, 0xff, 0xda, 0x40, 0x0, 0x0,

    /* U+00F5 "õ" */
    0x0, 0x0, 0x2b, 0xfd, 0x40, 0x2, 0xb1, 0x0,
    0x0, 0x0, 0x0, 0xdf, 0xff, 0xf6, 0xc, 0xfe,
    0x20, 0x0, 0x0, 0x7, 0xff, 0xff, 0xff, 0xff,
    0xfd, 0x0, 0x0, 0x0, 0xa, 0xff, 0x32, 0xdf,
    0xff, 0xf4, 0x0, 0x0, 0x0, 0x0, 0x55, 0x0,
    0x1a, 0xfd, 0x50, 0x0, 0x0, 0x0, 0x0, 0x0,
    0x0, 0x0, 0x0, 0x0, 0x0, 0x0, 0x0, 0x0,
    0x17, 0xbe, 0xff, 0xda, 0x40, 0x0, 0x0, 0x0,
    0x7, 0xff, 0xff, 0xff, 0xff, 0xfd, 0x20, 0x0,
    0x0, 0x9f, 0xff, 0xff, 0xff, 0xff, 0xff, 0xf3,
    0x0, 0x6, 0xff, 0xff, 0xfa, 0x89, 0xcf, 0xff,
    0xfe, 0x10, 0xe, 0xff, 0xfc, 0x10, 0x0, 0x5,
    0xff, 0xff, 0x70, 0x4f, 0xff, 0xf1, 0x0, 0x0,
    0x0, 0x7f, 0xff, 0xd0, 0x7f, 0xff, 0xa0, 0x0,
    0x0, 0x0, 0x1f, 0xff, 0xf0, 0x8f, 0xff, 0x80,
    0x0, 0x0, 0x0, 0xf, 0xff, 0xf1, 0x8f, 0xff,
    0x80, 0x0, 0x0, 0x0, 0xf, 0xff, 0xf1, 0x7f,
    0xff, 0xa0, 0x0, 0x0, 0x0, 0x1f, 0xff, 0xf0,
    0x4f, 0xff, 0xf1, 0x0, 0x0, 0x0, 0x7f, 0xff,
    0xd0, 0xe, 0xff, 0xfc, 0x10, 0x0, 0x5, 0xff,
    0xff, 0x70, 0x6, 0xff, 0xff, 0xfa, 0x89, 0xdf,
    0xff, 0xfe, 0x10, 0x0, 0x9f, 0xff, 0xff, 0xff,
    0xff, 0xff, 0xf3, 0x0, 0x0, 0x7, 0xff, 0xff,
    0xff, 0xff, 0xfd, 0x20, 0x0, 0x0, 0x0, 0x17,
    0xbe, 0xff, 0xda, 0x40, 0x0, 0x0,

    /* U+00F6 "ö" */
    0x0, 0x3, 0xcf, 0xd3, 0x0, 0x7e, 0xf9, 0x0,
    0x0, 0x0, 0xe, 0xff, 0xfe, 0x4, 0xff, 0xff,
    0x70, 0x0, 0x0, 0x1f, 0xff, 0xff, 0x17, 0xff,
    0xff, 0xa0, 0x0, 0x0, 0xe, 0xff, 0xfe, 0x4,
    0xff, 0xff, 0x70, 0x0, 0x0, 0x3, 0xdf, 0xd3,
    0x0, 0x8f, 0xfa, 0x0, 0x0, 0x0, 0x0, 0x0,
    0x0, 0x0, 0x0, 0x0, 0x0, 0x0, 0x0, 0x0,
    0x17, 0xbe, 0xff, 0xda, 0x40, 0x0, 0x0, 0x0,
    0x7, 0xff, 0xff, 0xff, 0xff, 0xfd, 0x20, 0x0,
    0x0, 0x9f, 0xff, 0xff, 0xff, 0xff, 0xff, 0xf3,
    0x0, 0x6, 0xff, 0xff, 0xfa, 0x89, 0xcf, 0xff,
    0xfe, 0x10, 0xe, 0xff, 0xfc, 0x10, 0x0, 0x5,
    0xff, 0xff, 0x70, 0x4f, 0xff, 0xf1, 0x0, 0x0,
    0x0, 0x7f, 0xff, 0xd0, 0x7f, 0xff, 0xa0, 0x0,
    0x0, 0x0, 0x1f, 0xff, 0xf0, 0x8f, 0xff, 0x80,
    0x0, 0x0, 0x0, 0xf, 0xff, 0xf1, 0x8f, 0xff,
    0x80, 0x0, 0x0, 0x0, 0xf, 0xff, 0xf1, 0x7f,
    0xff, 0xa0, 0x0, 0x0, 0x0, 0x1f, 0xff, 0xf0,
    0x4f, 0xff, 0xf1, 0x0, 0x0, 0x0, 0x7f, 0xff,
    0xd0, 0xe, 0xff, 0xfc, 0x10, 0x0, 0x5, 0xff,
    0xff, 0x70, 0x6, 0xff, 0xff, 0xfa, 0x89, 0xdf,
    0xff, 0xfe, 0x10, 0x0, 0x9f, 0xff, 0xff, 0xff,
    0xff, 0xff, 0xf3, 0x0, 0x0, 0x7, 0xff, 0xff,
    0xff, 0xff, 0xfd, 0x20, 0x0, 0x0, 0x0, 0x17,
    0xbe, 0xff, 0xda, 0x40, 0x0, 0x0,

    /* U+00F7 "÷" */
    0x0, 0x0, 0x1, 0x55, 0x0, 0x0, 0x0, 0x0,
    0x0, 0x2e, 0xff, 0xd1, 0x0, 0x0, 0x0, 0x0,
    0xaf, 0xff, 0xf8, 0x0, 0x0, 0x0, 0x0, 0xcf,
    0xff, 0xfa, 0x0, 0x0, 0x0, 0x0, 0x8f, 0xff,
    0xf5, 0x0, 0x0, 0x0, 0x0, 0x9, 0xfe, 0x70,
    0x0, 0x0, 0x0, 0x0, 0x0, 0x0, 0x0, 0x0,
    0x0, 0x79, 0x99, 0x99, 0x99, 0x99, 0x99, 0x95,
    0xcf, 0xff, 0xff, 0xff, 0xff, 0xff, 0xf9, 0xcf,
    0xff, 0xff, 0xff, 0xff, 0xff, 0xf9, 0xcf, 0xff,
    0xff, 0xff, 0xff, 0xff, 0xf9, 0x0, 0x0, 0x0,
    0x0, 0x0, 0x0, 0x0, 0x0, 0x0, 0x1, 0x54,
    0x0, 0x0, 0x0, 0x0, 0x0, 0x2e, 0xff, 0xd1,
    0x0, 0x0, 0x0, 0x0, 0xaf, 0xff, 0xf8, 0x0,
    0x0, 0x0, 0x0, 0xcf, 0xff, 0xfa, 0x0, 0x0,
    0x0, 0x0, 0x8f, 0xff, 0xf5, 0x0, 0x0, 0x0,
    0x0, 0x9, 0xfe, 0x70, 0x0, 0x0,

    /* U+00F8 "ø" */
    0x0, 0x0, 0x0, 0x0, 0x0, 0x0, 0x4, 0x40,
    0x0, 0x0, 0x0, 0x0, 0x0, 0x0, 0x0, 0x1e,
    0xf9, 0x0, 0x0, 0x0, 0x17, 0xbe, 0xff, 0xda,
    0xbf, 0xf9, 0x0, 0x0, 0x7, 0xff, 0xff, 0xff,
    0xff, 0xff, 0xd0, 0x0, 0x0, 0x9f, 0xff, 0xff,
    0xff, 0xff, 0xff, 0xf3, 0x0, 0x6, 0xff, 0xff,
    0xfa, 0x89, 0xff, 0xff, 0xfe, 0x10, 0xe, 0xff,
    0xfc, 0x10, 0x6, 0xff, 0xff, 0xff, 0x70, 0x4f,
    0xff, 0xf1, 0x0, 0x2f, 0xff, 0xaf, 0xff, 0xd0,
    0x7f, 0xff, 0xa0, 0x0, 0xcf, 0xf7, 0x1f, 0xff,
    0xf0, 0x8f, 0xff, 0x80, 0x7, 0xff, 0xc0, 0xf,
    0xff, 0xf1, 0x8f, 0xff, 0x80, 0x2f, 0xff, 0x20,
    0xf, 0xff, 0xf1, 0x7f, 0xff, 0xa0, 0xcf, 0xf6,
    0x0, 0x1f, 0xff, 0xf0, 0x4f, 0xff, 0xf9, 0xff,
    0xb0, 0x0, 0x7f, 0xff, 0xd0, 0xe, 0xff, 0xff,
    0xff, 0x10, 0x5, 0xff, 0xff, 0x70, 0x6, 0xff,
    0xff, 0xfd, 0x89, 0xdf, 0xff, 0xfe, 0x10, 0x0,
    0x9f, 0xff, 0xff, 0xff, 0xff, 0xff, 0xf3, 0x0,
    0x0, 0x4f, 0xff, 0xff, 0xff, 0xff, 0xfd, 0x20,
    0x0, 0x0, 0xef, 0xf9, 0xbe, 0xff, 0xda, 0x40,
    0x0, 0x0, 0x3, 0xef, 0x90, 0x0, 0x0, 0x0,
    0x0, 0x0, 0x0, 0x0, 0x19, 0x0, 0x0, 0x0,
    0x0, 0x0, 0x0, 0x0,

    /* U+00F9 "ù" */
    0x0, 0x5, 0xff, 0xff, 0x20, 0x0, 0x0, 0x0,
    0x0, 0x0, 0x9f, 0xff, 0xa0, 0x0, 0x0, 0x0,
    0x0, 0x0, 0xd, 0xff, 0xf2, 0x0, 0x0, 0x0,
    0x0, 0x0, 0x2, 0xff, 0xfa, 0x0, 0x0, 0x0,
    0x0, 0x0, 0x0, 0x5a, 0xaa, 0x0, 0x0, 0x0,
    0x0, 0x0, 0x0, 0x0, 0x0, 0x0, 0x0, 0x0,
    0xef, 0xff, 0x20, 0x0, 0x0, 0x9, 0xff, 0xf7,
    0xef, 0xff, 0x20, 0x0, 0x0, 0x9, 0xff, 0xf7,
    0xef, 0xff, 0x20, 0x0, 0x0, 0x9, 0xff, 0xf7,
    0xef, 0xff, 0x20, 0x0, 0x0, 0x9, 0xff, 0xf7,
    0xef, 0xff, 0x20, 0x0, 0x0, 0x9, 0xff, 0xf7,
    0xef, 0xff, 0x20, 0x0, 0x0, 0x9, 0xff, 0xf7,
    0xef, 0xff, 0x20, 0x0, 0x0, 0x9, 0xff, 0xf7,
    0xef, 0xff, 0x20, 0x0, 0x0, 0x9, 0xff, 0xf7,
    0xef, 0xff, 0x20, 0x0, 0x0, 0x9, 0xff, 0xf7,
    0xef, 0xff, 0x20, 0x0, 0x0, 0xb, 0xff, 0xf7,
    0xdf, 0xff, 0x50, 0x0, 0x0, 0x1f, 0xff, 0xf7,
    0x9f, 0xff, 0xc0, 0x0, 0x0, 0xaf, 0xff, 0xf7,
    0x4f, 0xff, 0xfd, 0x75, 0x7c, 0xff, 0xff, 0xf7,
    0xb, 0xff, 0xff, 0xff, 0xff, 0xfe, 0xff, 0xf7,
    0x1, 0xcf, 0xff, 0xff, 0xff, 0x68, 0xff, 0xf7,
    0x0, 0x6, 0xcf, 0xfe, 0xb4, 0x8, 0xff, 0xf7,

    /* U+00FA "ú" */
    0x0, 0x0, 0x0, 0x8, 0xff, 0xfd, 0x0, 0x0,
    0x0, 0x0, 0x0, 0x1f, 0xff, 0xf3, 0x0, 0x0,
    0x0, 0x0, 0x0, 0x8f, 0xff, 0x70, 0x0, 0x0,
    0x0, 0x0, 0x1, 0xff, 0xfb, 0x0, 0x0, 0x0,
    0x0, 0x0, 0x4, 0xaa, 0xa1, 0x0, 0x0, 0x0,
    0x0, 0x0, 0x0, 0x0, 0x0, 0x0, 0x0, 0x0,
    0xef, 0xff, 0x20, 0x0, 0x0, 0x9, 0xff, 0xf7,
    0xef, 0xff, 0x20, 0x0, 0x0, 0x9, 0xff, 0xf7,
    0xef, 0xff, 0x20, 0x0, 0x0, 0x9, 0xff, 0xf7,
    0xef, 0xff, 0x20, 0x0, 0x0, 0x9, 0xff, 0xf7,
    0xef, 0xff, 0x20, 0x0, 0x0, 0x9, 0xff, 0xf7,
    0xef, 0xff, 0x20, 0x0, 0x0, 0x9, 0xff, 0xf7,
    0xef, 0xff, 0x20, 0x0, 0x0, 0x9, 0xff, 0xf7,
    0xef, 0xff, 0x20, 0x0, 0x0, 0x9, 0xff, 0xf7,
    0xef, 0xff, 0x20, 0x0, 0x0, 0x9, 0xff, 0xf7,
    0xef, 0xff, 0x20, 0x0, 0x0, 0xb, 0xff, 0xf7,
    0xdf, 0xff, 0x50, 0x0, 0x0, 0x1f, 0xff, 0xf7,
    0x9f, 0xff, 0xc0, 0x0, 0x0, 0xaf, 0xff, 0xf7,
    0x4f, 0xff, 0xfd, 0x75, 0x7c, 0xff, 0xff, 0xf7,
    0xb, 0xff, 0xff, 0xff, 0xff, 0xfe, 0xff, 0xf7,
    0x1, 0xcf, 0xff, 0xff, 0xff, 0x68, 0xff, 0xf7,
    0x0, 0x6, 0xcf, 0xfe, 0xb4, 0x8, 0xff, 0xf7,

    /* U+00FB "û" */
    0x0, 0x0, 0x2e, 0xff, 0xff, 0x90, 0x0, 0x0,
    0x0, 0x0, 0xdf, 0xff, 0xff, 0xf7, 0x0, 0x0,
    0x0, 0xb, 0xff, 0xf7, 0xcf, 0xff, 0x50, 0x0,
    0x0, 0x9f, 0xff, 0x80, 0x1d, 0xff, 0xf3, 0x0,
    0x1, 0x66, 0x65, 0x0, 0x2, 0x66, 0x64, 0x0,
    0x0, 0x0, 0x0, 0x0, 0x0, 0x0, 0x0, 0x0,
    0xef, 0xff, 0x20, 0x0, 0x0, 0x9, 0xff, 0xf7,
    0xef, 0xff, 0x20, 0x0, 0x0, 0x9, 0xff, 0xf7,
    0xef, 0xff, 0x20, 0x0, 0x0, 0x9, 0xff, 0xf7,
    0xef, 0xff, 0x20, 0x0, 0x0, 0x9, 0xff, 0xf7,
    0xef, 0xff, 0x20, 0x0, 0x0, 0x9, 0xff, 0xf7,
    0xef, 0xff, 0x20, 0x0, 0x0, 0x9, 0xff, 0xf7,
    0xef, 0xff, 0x20, 0x0, 0x0, 0x9, 0xff, 0xf7,
    0xef, 0xff, 0x20, 0x0, 0x0, 0x9, 0xff, 0xf7,
    0xef, 0xff, 0x20, 0x0, 0x0, 0x9, 0xff, 0xf7,
    0xef, 0xff, 0x20, 0x0, 0x0, 0xb, 0xff, 0xf7,
    0xdf, 0xff, 0x50, 0x0, 0x0, 0x1f, 0xff, 0xf7,
    0x9f, 0xff, 0xc0, 0x0, 0x0, 0xaf, 0xff, 0xf7,
    0x4f, 0xff, 0xfd, 0x75, 0x7c, 0xff, 0xff, 0xf7,
    0xb, 0xff, 0xff, 0xff, 0xff, 0xfe, 0xff, 0xf7,
    0x1, 0xcf, 0xff, 0xff, 0xff, 0x68, 0xff, 0xf7,
    0x0, 0x6, 0xcf, 0xfe, 0xb4, 0x8, 0xff, 0xf7,

    /* U+00FC "ü" */
    0x0, 0x3c, 0xfd, 0x30, 0x7, 0xef, 0x90, 0x0,
    0x0, 0xef, 0xff, 0xe0, 0x4f, 0xff, 0xf7, 0x0,
    0x1, 0xff, 0xff, 0xf1, 0x7f, 0xff, 0xfa, 0x0,
    0x0, 0xef, 0xff, 0xe0, 0x4f, 0xff, 0xf7, 0x0,
    0x0, 0x3d, 0xfd, 0x30, 0x8, 0xff, 0xa0, 0x0,
    0x0, 0x0, 0x0, 0x0, 0x0, 0x0, 0x0, 0x0,
    0xef, 0xff, 0x20, 0x0, 0x0, 0x9, 0xff, 0xf7,
    0xef, 0xff, 0x20, 0x0, 0x0, 0x9, 0xff, 0xf7,
    0xef, 0xff, 0x20, 0x0, 0x0, 0x9, 0xff, 0xf7,
    0xef, 0xff, 0x20, 0x0, 0x0, 0x9, 0xff, 0xf7,
    0xef, 0xff, 0x20, 0x0, 0x0, 0x9, 0xff, 0xf7,
    0xef, 0xff, 0x20, 0x0, 0x0, 0x9, 0xff, 0xf7,
    0xef, 0xff, 0x20, 0x0, 0x0, 0x9, 0xff, 0xf7,
    0xef, 0xff, 0x20, 0x0, 0x0, 0x9, 0xff, 0xf7,
    0xef, 0xff, 0x20, 0x0, 0x0, 0x9, 0xff, 0xf7,
    0xef, 0xff, 0x20, 0x0, 0x0, 0xb, 0xff, 0xf7,
    0xdf, 0xff, 0x50, 0x0, 0x0, 0x1f, 0xff, 0xf7,
    0x9f, 0xff, 0xc0, 0x0, 0x0, 0xaf, 0xff, 0xf7,
    0x4f, 0xff, 0xfd, 0x75, 0x7c, 0xff, 0xff, 0xf7,
    0xb, 0xff, 0xff, 0xff, 0xff, 0xfe, 0xff, 0xf7,
    0x1, 0xcf, 0xff, 0xff, 0xff, 0x68, 0xff, 0xf7,
    0x0, 0x6, 0xcf, 0xfe, 0xb4, 0x8, 0xff, 0xf7,

    /* U+00FD "ý" */
    0x0, 0x0, 0x0, 0x8, 0xff, 0xfd, 0x0, 0x0,
    0x0, 0x0, 0x0, 0x1f, 0xff, 0xf3, 0x0, 0x0,
    0x0, 0x0, 0x0, 0x8f, 0xff, 0x70, 0x0, 0x0,
    0x0, 0x0, 0x1, 0xff, 0xfb, 0x0, 0x0, 0x0,
    0x0, 0x0, 0x4, 0xaa, 0xa1, 0x0, 0x0, 0x0,
    0x0, 0x0, 0x0, 0x0, 0x0, 0x0, 0x0, 0x0,
    0xef, 0xff, 0x20, 0x0, 0x0, 0x9, 0xff, 0xf7,
    0xef, 0xff, 0x20, 0x0, 0x0, 0x9, 0xff, 0xf7,
    0xef, 0xff, 0x20, 0x0, 0x0, 0x9, 0xff, 0xf7,
    0xef, 0xff, 0x20, 0x0, 0x0, 0x9, 0xff, 0xf7,
    0xef, 0xff, 0x20, 0x0, 0x0, 0x9, 0xff, 0xf7,
    0xef, 0xff, 0x20, 0x0, 0x0, 0x9, 0xff, 0xf7,
    0xef, 0xff, 0x20, 0x0, 0x0, 0x9, 0xff, 0xf7,
    0xef, 0xff, 0x20, 0x0, 0x0, 0x9, 0xff, 0xf7,
    0xef, 0xff, 0x20, 0x0, 0x0, 0x9, 0xff, 0xf7,
    0xef, 0xff, 0x20, 0x0, 0x0, 0xb, 0xff, 0xf7,
    0xdf, 0xff, 0x50, 0x0, 0x0, 0x1f, 0xff, 0xf7,
    0x9f, 0xff, 0xc0, 0x0, 0x0, 0xaf, 0xff, 0xf7,
    0x4f, 0xff, 0xfd, 0x75, 0x7c, 0xff, 0xff, 0xf7,
    0xb, 0xff, 0xff, 0xff, 0xff, 0xfd, 0xff, 0xf7,
    0x1, 0xcf, 0xff, 0xff, 0xff, 0x58, 0xff, 0xf7,
    0x0, 0x6, 0xcf, 0xfe, 0xb3, 0x8, 0xff, 0xf7,
    0x0, 0x0, 0x0, 0x0, 0x0, 0x8, 0xff, 0xf7,
    0x0, 0x0, 0x0, 0x0, 0x0, 0x8, 0xff, 0xf7,
    0x0, 0x77, 0x77, 0x77, 0x77, 0x7d, 0xff, 0xf7,
    0x0, 0xff, 0xff, 0xff, 0xff, 0xff, 0xff, 0xf5,
    0x0, 0xff, 0xff, 0xff, 0xff, 0xff, 0xff, 0xd0,
    0x0, 0xff, 0xff, 0xff, 0xff, 0xff, 0xfa, 0x10,

    /* U+00FE "þ" */
    0xcf, 0xff, 0x40, 0x0, 0x0, 0x0, 0x0, 0x0,
    0xc, 0xff, 0xf4, 0x0, 0x0, 0x0, 0x0, 0x0,
    0x0, 0xcf, 0xff, 0x40, 0x0, 0x0, 0x0, 0x0,
    0x0, 0xc, 0xff, 0xf4, 0x0, 0x0, 0x0, 0x0,
    0x0, 0x0, 0xcf, 0xff, 0x40, 0x0, 0x0, 0x0,
    0x0, 0x0, 0xc, 0xff, 0xf4, 0x0, 0x0, 0x0,
    0x0, 0x0, 0x0, 0xcf, 0xff, 0x40, 0x5b, 0xef,
    0xfc, 0x71, 0x0, 0xc, 0xff, 0xf4, 0xaf, 0xff,
    0xff, 0xff, 0xe4, 0x0, 0xcf, 0xff, 0xff, 0xff,
    0xff, 0xff, 0xff, 0xf3, 0xc, 0xff, 0xff, 0xfd,
    0x87, 0x8d, 0xff, 0xff, 0xe0, 0xcf, 0xff, 0xf8,
    0x0, 0x0, 0x6, 0xff, 0xff, 0x6c, 0xff, 0xfb,
    0x0, 0x0, 0x0, 0x9, 0xff, 0xfa, 0xcf, 0xff,
    0x50, 0x0, 0x0, 0x0, 0x4f, 0xff, 0xdc, 0xff,
    0xf3, 0x0, 0x0, 0x0, 0x1, 0xff, 0xfe, 0xcf,
    0xff, 0x30, 0x0, 0x0, 0x0, 0x1f, 0xff, 0xec,
    0xff, 0xf5, 0x0, 0x0, 0x0, 0x4, 0xff, 0xfd,
    0xcf, 0xff, 0xb0, 0x0, 0x0, 0x0, 0xaf, 0xff,
    0xac, 0xff, 0xff, 0x90, 0x0, 0x0, 0x7f, 0xff,
    0xf6, 0xcf, 0xff, 0xff, 0xe9, 0x78, 0xdf, 0xff,
    0xfe, 0xc, 0xff, 0xff, 0xff, 0xff, 0xff, 0xff,
    0xff, 0x30, 0xcf, 0xff, 0x4a, 0xff, 0xff, 0xff,
    0xfe, 0x40, 0xc, 0xff, 0xf4, 0x5, 0xbe, 0xff,
    0xc7, 0x10, 0x0, 0xcf, 0xff, 0x40, 0x0, 0x0,
    0x0, 0x0, 0x0, 0xc, 0xff, 0xf4, 0x0, 0x0,
    0x0, 0x0, 0x0, 0x0, 0xcf, 0xff, 0x40, 0x0,
    0x0, 0x0, 0x0, 0x0, 0xc, 0xff, 0xf4, 0x0,
    0x0, 0x0, 0x0, 0x0, 0x0, 0xcf, 0xff, 0x40,
    0x0, 0x0, 0x0, 0x0, 0x0, 0xc, 0xff, 0xf4,
    0x0, 0x0, 0x0, 0x0, 0x0, 0x0,

    /* U+00FF "ÿ" */
    0x0, 0x3c, 0xfd, 0x30, 0x7, 0xef, 0x90, 0x0,
    0x0, 0xef, 0xff, 0xe0, 0x4f, 0xff, 0xf7, 0x0,
    0x1, 0xff, 0xff, 0xf1, 0x7f, 0xff, 0xfa, 0x0,
    0x0, 0xef, 0xff, 0xe0, 0x4f, 0xff, 0xf7, 0x0,
    0x0, 0x3d, 0xfd, 0x30, 0x8, 0xff, 0xa0, 0x0,
    0x0, 0x0, 0x0, 0x0, 0x0, 0x0, 0x0, 0x0,
    0xef, 0xff, 0x20, 0x0, 0x0, 0x9, 0xff, 0xf7,
    0xef, 0xff, 0x20, 0x0, 0x0, 0x9, 0xff, 0xf7,
    0xef, 0xff, 0x20, 0x0, 0x0, 0x9, 0xff, 0xf7,
    0xef, 0xff, 0x20, 0x0, 0x0, 0x9, 0xff, 0xf7,
    0xef, 0xff, 0x20, 0x0, 0x0, 0x9, 0xff, 0xf7,
    0xef, 0xff, 0x20, 0x0, 0x0, 0x9, 0xff, 0xf7,
    0xef, 0xff, 0x20, 0x0, 0x0, 0x9, 0xff, 0xf7,
    0xef, 0xff, 0x20, 0x0, 0x0, 0x9, 0xff, 0xf7,
    0xef, 0xff, 0x20, 0x0, 0x0, 0x9, 0xff, 0xf7,
    0xef, 0xff, 0x20, 0x0, 0x0, 0xb, 0xff, 0xf7,
    0xdf, 0xff, 0x50, 0x0, 0x0, 0x1f, 0xff, 0xf7,
    0x9f, 0xff, 0xc0, 0x0, 0x0, 0xaf, 0xff, 0xf7,
    0x4f, 0xff, 0xfd, 0x75, 0x7c, 0xff, 0xff, 0xf7,
    0xb, 0xff, 0xff, 0xff, 0xff, 0xfd, 0xff, 0xf7,
    0x1, 0xcf, 0xff, 0xff, 0xff, 0x58, 0xff, 0xf7,
    0x0, 0x6, 0xcf, 0xfe, 0xb3, 0x8, 0xff, 0xf7,
    0x0, 0x0, 0x0, 0x0, 0x0, 0x8, 0xff, 0xf7,
    0x0, 0x0, 0x0, 0x0, 0x0, 0x8, 0xff, 0xf7,
    0x0, 0x77, 0x77, 0x77, 0x77, 0x7d, 0xff, 0xf7,
    0x0, 0xff, 0xff, 0xff, 0xff, 0xff, 0xff, 0xf5,
    0x0, 0xff, 0xff, 0xff, 0xff, 0xff, 0xff, 0xd0,
    0x0, 0xff, 0xff, 0xff, 0xff, 0xff, 0xfa, 0x10,

    /* U+2018 "‘" */
    0x1, 0xae, 0xfe, 0x0, 0xcf, 0xff, 0xe0, 0x2f,
    0xf9, 0x21, 0x4, 0xff, 0x20, 0x0, 0x4f, 0xf9,
    0x61, 0x4, 0xff, 0xff, 0xe2, 0x4f, 0xff, 0xff,
    0x93, 0xff, 0xff, 0xfa, 0xe, 0xff, 0xff, 0x50,
    0x2c, 0xfe, 0x70,

    /* U+2019 "’" */
    0x2, 0xcf, 0xe7, 0x0, 0xef, 0xff, 0xf5, 0x3f,
    0xff, 0xff, 0xa2, 0xff, 0xff, 0xfb, 0x9, 0xff,
    0xff, 0xb0, 0x4, 0x7d, 0xfb, 0x0, 0x0, 0xcf,
    0xa0, 0x0, 0x2f, 0xf9, 0x7, 0xff, 0xff, 0x40,
    0x7f, 0xfe, 0x70, 0x1, 0x21, 0x0, 0x0,

    /* U+201A "‚" */
    0x0, 0x47, 0x60, 0x0, 0x9f, 0xff, 0xd1, 0x2f,
    0xff, 0xff, 0x83, 0xff, 0xff, 0xfa, 0xe, 0xff,
    0xff, 0xb0, 0x3c, 0xff, 0xfb, 0x0, 0x0, 0xcf,
    0xb0, 0x0, 0xc, 0xfa, 0x0, 0x25, 0xff, 0x90,
    0x7f, 0xff, 0xf3, 0x7, 0xff, 0xc4, 0x0,

    /* U+201C "“" */
    0x1, 0xae, 0xfe, 0x0, 0x1a, 0xef, 0xe0, 0xc,
    0xff, 0xfe, 0x0, 0xcf, 0xff, 0xe0, 0x2f, 0xf9,
    0x21, 0x2, 0xff, 0x92, 0x10, 0x4f, 0xf2, 0x0,
    0x3, 0xff, 0x30, 0x0, 0x4f, 0xf9, 0x61, 0x3,
    0xff, 0x96, 0x10, 0x4f, 0xff, 0xfe, 0x23, 0xff,
    0xff, 0xe2, 0x4f, 0xff, 0xff, 0x93, 0xff, 0xff,
    0xf9, 0x3f, 0xff, 0xff, 0xa3, 0xff, 0xff, 0xfa,
    0xe, 0xff, 0xff, 0x50, 0xdf, 0xff, 0xf6, 0x2,
    0xcf, 0xe7, 0x0, 0x2c, 0xfe, 0x70,

    /* U+201D "”" */
    0x2, 0xcf, 0xe7, 0x0, 0x2b, 0xfe, 0x70, 0xe,
    0xff, 0xff, 0x50, 0xef, 0xff, 0xf5, 0x3f, 0xff,
    0xff, 0xa3, 0xff, 0xff, 0xfa, 0x2f, 0xff, 0xff,
    0xb2, 0xff, 0xff, 0xfb, 0x9, 0xff, 0xff, 0xb0,
    0x9f, 0xff, 0xfb, 0x0, 0x47, 0xdf, 0xb0, 0x3,
    0x7d, 0xfb, 0x0, 0x0, 0xcf, 0xa0, 0x0, 0xb,
    0xfb, 0x0, 0x2, 0xff, 0x90, 0x0, 0x2e, 0xfa,
    0x7, 0xff, 0xff, 0x40, 0x7f, 0xff, 0xf5, 0x7,
    0xff, 0xe7, 0x0, 0x7f, 0xff, 0x70, 0x1, 0x21,
    0x0, 0x0, 0x12, 0x10, 0x0,

    /* U+2022 "•" */
    0x0, 0x0, 0x0, 0x0, 0x0, 0x0, 0x2, 0xaf,
    0xfe, 0x91, 0x0, 0x2, 0xef, 0xff, 0xff, 0xd1,
    0x0, 0xcf, 0xff, 0xff, 0xff, 0x90, 0x1f, 0xff,
    0xff, 0xff, 0xfe, 0x3, 0xff, 0xff, 0xff, 0xff,
    0xf0, 0x1f, 0xff, 0xff, 0xff, 0xfe, 0x0, 0xbf,
    0xff, 0xff, 0xff, 0x80, 0x1, 0xef, 0xff, 0xff,
    0xc0, 0x0, 0x1, 0x9e, 0xfd, 0x80, 0x0,

    /* U+2026 "…" */
    0x1, 0xbf, 0xe7, 0x0, 0x1, 0xbf, 0xe7, 0x0,
    0x1, 0xbf, 0xe7, 0x0, 0xdf, 0xff, 0xf6, 0x0,
    0xdf, 0xff, 0xf6, 0x0, 0xdf, 0xff, 0xf6, 0x3f,
    0xff, 0xff, 0xc0, 0x3f, 0xff, 0xff, 0xc0, 0x3f,
    0xff, 0xff, 0xc3, 0xff, 0xff, 0xfc, 0x3, 0xff,
    0xff, 0xfc, 0x3, 0xff, 0xff, 0xfc, 0xd, 0xff,
    0xff, 0x60, 0xd, 0xff, 0xff, 0x60, 0xd, 0xff,
    0xff, 0x60, 0x2b, 0xfe, 0x70, 0x0, 0x2b, 0xfe,
    0x70, 0x0, 0x2b, 0xfe, 0x70
};


/*---------------------
 *  GLYPH DESCRIPTION
 *--------------------*/

static const lv_font_fmt_txt_glyph_dsc_t glyph_dsc[] = {
    {.bitmap_index = 0, .adv_w = 0, .box_w = 0, .box_h = 0, .ofs_x = 0, .ofs_y = 0} /* id = 0 reserved */,
    {.bitmap_index = 0, .adv_w = 130, .box_w = 0, .box_h = 0, .ofs_x = 0, .ofs_y = 0},
    {.bitmap_index = 0, .adv_w = 153, .box_w = 7, .box_h = 22, .ofs_x = 1, .ofs_y = 0},
    {.bitmap_index = 77, .adv_w = 263, .box_w = 14, .box_h = 11, .ofs_x = 1, .ofs_y = 11},
    {.bitmap_index = 154, .adv_w = 326, .box_w = 19, .box_h = 22, .ofs_x = 1, .ofs_y = 0},
    {.bitmap_index = 363, .adv_w = 310, .box_w = 18, .box_h = 29, .ofs_x = 1, .ofs_y = -3},
    {.bitmap_index = 624, .adv_w = 388, .box_w = 24, .box_h = 24, .ofs_x = 0, .ofs_y = -1},
    {.bitmap_index = 912, .adv_w = 303, .box_w = 19, .box_h = 22, .ofs_x = 0, .ofs_y = 0},
    {.bitmap_index = 1121, .adv_w = 151, .box_w = 7, .box_h = 11, .ofs_x = 1, .ofs_y = 11},
    {.bitmap_index = 1160, .adv_w = 204, .box_w = 12, .box_h = 32, .ofs_x = 1, .ofs_y = -8},
    {.bitmap_index = 1352, .adv_w = 200, .box_w = 11, .box_h = 32, .ofs_x = 0, .ofs_y = -8},
    {.bitmap_index = 1528, .adv_w = 276, .box_w = 15, .box_h = 15, .ofs_x = 1, .ofs_y = 7},
    {.bitmap_index = 1641, .adv_w = 317, .box_w = 14, .box_h = 14, .ofs_x = 3, .ofs_y = 4},
    {.bitmap_index = 1739, .adv_w = 151, .box_w = 7, .box_h = 11, .ofs_x = 1, .ofs_y = -5},
    {.bitmap_index = 1778, .adv_w = 221, .box_w = 10, .box_h = 4, .ofs_x = 2, .ofs_y = 6},
    {.bitmap_index = 1798, .adv_w = 153, .box_w = 7, .box_h = 6, .ofs_x = 1, .ofs_y = 0},
    {.bitmap_index = 1819, .adv_w = 199, .box_w = 14, .box_h = 28, .ofs_x = -1, .ofs_y = -6},
    {.bitmap_index = 2015, .adv_w = 332, .box_w = 19, .box_h = 22, .ofs_x = 1, .ofs_y = 0},
    {.bitmap_index = 2224, .adv_w = 231, .box_w = 13, .box_h = 22, .ofs_x = 0, .ofs_y = 0},
    {.bitmap_index = 2367, .adv_w = 304, .box_w = 17, .box_h = 22, .ofs_x = 1, .ofs_y = 0},
    {.bitmap_index = 2554, .adv_w = 311, .box_w = 18, .box_h = 22, .ofs_x = 1, .ofs_y = 0},
    {.bitmap_index = 2752, .adv_w = 326, .box_w = 20, .box_h = 22, .ofs_x = 0, .ofs_y = 0},
    {.bitmap_index = 2972, .adv_w = 307, .box_w = 18, .box_h = 22, .ofs_x = 1, .ofs_y = 0},
    {.bitmap_index = 3170, .adv_w = 316, .box_w = 18, .box_h = 22, .ofs_x = 1, .ofs_y = 0},
    {.bitmap_index = 3368, .adv_w = 284, .box_w = 17, .box_h = 22, .ofs_x = 0, .ofs_y = 0},
    {.bitmap_index = 3555, .adv_w = 307, .box_w = 19, .box_h = 22, .ofs_x = 0, .ofs_y = 0},
    {.bitmap_index = 3764, .adv_w = 316, .box_w = 18, .box_h = 22, .ofs_x = 1, .ofs_y = 0},
    {.bitmap_index = 3962, .adv_w = 153, .box_w = 7, .box_h = 16, .ofs_x = 1, .ofs_y = 0},
    {.bitmap_index = 4018, .adv_w = 153, .box_w = 7, .box_h = 21, .ofs_x = 1, .ofs_y = -5},
    {.bitmap_index = 4092, .adv_w = 317, .box_w = 14, .box_h = 14, .ofs_x = 3, .ofs_y = 4},
    {.bitmap_index = 4190, .adv_w = 317, .box_w = 14, .box_h = 9, .ofs_x = 3, .ofs_y = 7},
    {.bitmap_index = 4253, .adv_w = 317, .box_w = 14, .box_h = 14, .ofs_x = 3, .ofs_y = 4},
    {.bitmap_index = 4351, .adv_w = 296, .box_w = 17, .box_h = 22, .ofs_x = 1, .ofs_y = 0},
    {.bitmap_index = 4538, .adv_w = 519, .box_w = 29, .box_h = 28, .ofs_x = 2, .ofs_y = -6},
    {.bitmap_index = 4944, .adv_w = 325, .box_w = 20, .box_h = 22, .ofs_x = 0, .ofs_y = 0},
    {.bitmap_index = 5164, .adv_w = 340, .box_w = 19, .box_h = 22, .ofs_x = 1, .ofs_y = 0},
    {.bitmap_index = 5373, .adv_w = 330, .box_w = 19, .box_h = 22, .ofs_x = 1, .ofs_y = 0},
    {.bitmap_index = 5582, .adv_w = 341, .box_w = 19, .box_h = 22, .ofs_x = 1, .ofs_y = 0},
    {.bitmap_index = 5791, .adv_w = 284, .box_w = 15, .box_h = 22, .ofs_x = 2, .ofs_y = 0},
    {.bitmap_index = 5956, .adv_w = 273, .box_w = 15, .box_h = 22, .ofs_x = 2, .ofs_y = 0},
    {.bitmap_index = 6121, .adv_w = 339, .box_w = 19, .box_h = 22, .ofs_x = 1, .ofs_y = 0},
    {.bitmap_index = 6330, .adv_w = 336, .box_w = 17, .box_h = 22, .ofs_x = 2, .ofs_y = 0},
    {.bitmap_index = 6517, .adv_w = 135, .box_w = 5, .box_h = 22, .ofs_x = 2, .ofs_y = 0},
    {.bitmap_index = 6572, .adv_w = 312, .box_w = 18, .box_h = 22, .ofs_x = 1, .ofs_y = 0},
    {.bitmap_index = 6770, .adv_w = 321, .box_w = 18, .box_h = 22, .ofs_x = 2, .ofs_y = 0},
    {.bitmap_index = 6968, .adv_w = 278, .box_w = 15, .box_h = 22, .ofs_x = 2, .ofs_y = 0},
    {.bitmap_index = 7133, .adv_w = 452, .box_w = 25, .box_h = 22, .ofs_x = 2, .ofs_y = 0},
    {.bitmap_index = 7408, .adv_w = 343, .box_w = 18, .box_h = 22, .ofs_x = 2, .ofs_y = 0},
    {.bitmap_index = 7606, .adv_w = 346, .box_w = 20, .box_h = 22, .ofs_x = 1, .ofs_y = 0},
    {.bitmap_index = 7826, .adv_w = 309, .box_w = 17, .box_h = 22, .ofs_x = 2, .ofs_y = 0},
    {.bitmap_index = 8013, .adv_w = 346, .box_w = 20, .box_h = 28, .ofs_x = 1, .ofs_y = -6},
    {.bitmap_index = 8293, .adv_w = 324, .box_w = 17, .box_h = 22, .ofs_x = 2, .ofs_y = 0},
    {.bitmap_index = 8480, .adv_w = 310, .box_w = 18, .box_h = 22, .ofs_x = 1, .ofs_y = 0},
    {.bitmap_index = 8678, .adv_w = 301, .box_w = 19, .box_h = 22, .ofs_x = 0, .ofs_y = 0},
    {.bitmap_index = 8887, .adv_w = 344, .box_w = 19, .box_h = 22, .ofs_x = 1, .ofs_y = 0},
    {.bitmap_index = 9096, .adv_w = 316, .box_w = 20, .box_h = 22, .ofs_x = 0, .ofs_y = 0},
    {.bitmap_index = 9316, .adv_w = 460, .box_w = 28, .box_h = 22, .ofs_x = 0, .ofs_y = 0},
    {.bitmap_index = 9624, .adv_w = 330, .box_w = 20, .box_h = 22, .ofs_x = 0, .ofs_y = 0},
    {.bitmap_index = 9844, .adv_w = 319, .box_w = 20, .box_h = 22, .ofs_x = 0, .ofs_y = 0},
    {.bitmap_index = 10064, .adv_w = 295, .box_w = 17, .box_h = 22, .ofs_x = 1, .ofs_y = 0},
    {.bitmap_index = 10251, .adv_w = 183, .box_w = 9, .box_h = 32, .ofs_x = 2, .ofs_y = -8},
    {.bitmap_index = 10395, .adv_w = 199, .box_w = 14, .box_h = 28, .ofs_x = -1, .ofs_y = -6},
    {.bitmap_index = 10591, .adv_w = 183, .box_w = 10, .box_h = 32, .ofs_x = 0, .ofs_y = -8},
    {.bitmap_index = 10751, .adv_w = 317, .box_w = 16, .box_h = 9, .ofs_x = 2, .ofs_y = 13},
    {.bitmap_index = 10823, .adv_w = 317, .box_w = 16, .box_h = 4, .ofs_x = 2, .ofs_y = -5},
    {.bitmap_index = 10855, .adv_w = 152, .box_w = 8, .box_h = 5, .ofs_x = 1, .ofs_y = 17},
    {.bitmap_index = 10875, .adv_w = 296, .box_w = 17, .box_h = 16, .ofs_x = 1, .ofs_y = 0},
    {.bitmap_index = 11011, .adv_w = 327, .box_w = 17, .box_h = 22, .ofs_x = 2, .ofs_y = 0},
    {.bitmap_index = 11198, .adv_w = 300, .box_w = 17, .box_h = 16, .ofs_x = 1, .ofs_y = 0},
    {.bitmap_index = 11334, .adv_w = 327, .box_w = 18, .box_h = 22, .ofs_x = 1, .ofs_y = 0},
    {.bitmap_index = 11532, .adv_w = 295, .box_w = 17, .box_h = 16, .ofs_x = 1, .ofs_y = 0},
    {.bitmap_index = 11668, .adv_w = 223, .box_w = 14, .box_h = 22, .ofs_x = 0, .ofs_y = 0},
    {.bitmap_index = 11822, .adv_w = 327, .box_w = 18, .box_h = 22, .ofs_x = 1, .ofs_y = -6},
    {.bitmap_index = 12020, .adv_w = 315, .box_w = 16, .box_h = 22, .ofs_x = 2, .ofs_y = 0},
    {.bitmap_index = 12196, .adv_w = 136, .box_w = 6, .box_h = 22, .ofs_x = 1, .ofs_y = 0},
    {.bitmap_index = 12262, .adv_w = 137, .box_w = 8, .box_h = 28, .ofs_x = -1, .ofs_y = -6},
    {.bitmap_index = 12374, .adv_w = 289, .box_w = 16, .box_h = 22, .ofs_x = 2, .ofs_y = 0},
    {.bitmap_index = 12550, .adv_w = 136, .box_w = 5, .box_h = 22, .ofs_x = 2, .ofs_y = 0},
    {.bitmap_index = 12605, .adv_w = 437, .box_w = 24, .box_h = 16, .ofs_x = 2, .ofs_y = 0},
    {.bitmap_index = 12797, .adv_w = 315, .box_w = 16, .box_h = 16, .ofs_x = 2, .ofs_y = 0},
    {.bitmap_index = 12925, .adv_w = 313, .box_w = 18, .box_h = 16, .ofs_x = 1, .ofs_y = 0},
    {.bitmap_index = 13069, .adv_w = 327, .box_w = 17, .box_h = 22, .ofs_x = 2, .ofs_y = -6},
    {.bitmap_index = 13256, .adv_w = 327, .box_w = 18, .box_h = 22, .ofs_x = 1, .ofs_y = -6},
    {.bitmap_index = 13454, .adv_w = 203, .box_w = 10, .box_h = 16, .ofs_x = 2, .ofs_y = 0},
    {.bitmap_index = 13534, .adv_w = 268, .box_w = 15, .box_h = 16, .ofs_x = 1, .ofs_y = 0},
    {.bitmap_index = 13654, .adv_w = 233, .box_w = 14, .box_h = 21, .ofs_x = 0, .ofs_y = 0},
    {.bitmap_index = 13801, .adv_w = 315, .box_w = 16, .box_h = 16, .ofs_x = 2, .ofs_y = 0},
    {.bitmap_index = 13929, .adv_w = 281, .box_w = 18, .box_h = 16, .ofs_x = 0, .ofs_y = 0},
    {.bitmap_index = 14073, .adv_w = 401, .box_w = 23, .box_h = 16, .ofs_x = 1, .ofs_y = 0},
    {.bitmap_index = 14257, .adv_w = 303, .box_w = 19, .box_h = 16, .ofs_x = 0, .ofs_y = 0},
    {.bitmap_index = 14409, .adv_w = 315, .box_w = 16, .box_h = 22, .ofs_x = 2, .ofs_y = -6},
    {.bitmap_index = 14585, .adv_w = 265, .box_w = 15, .box_h = 16, .ofs_x = 1, .ofs_y = 0},
    {.bitmap_index = 14705, .adv_w = 239, .box_w = 14, .box_h = 32, .ofs_x = 1, .ofs_y = -8},
    {.bitmap_index = 14929, .adv_w = 132, .box_w = 5, .box_h = 34, .ofs_x = 2, .ofs_y = -8},
    {.bitmap_index = 15014, .adv_w = 239, .box_w = 14, .box_h = 32, .ofs_x = 0, .ofs_y = -8},
    {.bitmap_index = 15238, .adv_w = 317, .box_w = 18, .box_h = 8, .ofs_x = 1, .ofs_y = 8},
    {.bitmap_index = 15310, .adv_w = 130, .box_w = 0, .box_h = 0, .ofs_x = 0, .ofs_y = 0},
    {.bitmap_index = 15310, .adv_w = 153, .box_w = 7, .box_h = 22, .ofs_x = 1, .ofs_y = -6},
    {.bitmap_index = 15387, .adv_w = 306, .box_w = 17, .box_h = 23, .ofs_x = 1, .ofs_y = -3},
    {.bitmap_index = 15583, .adv_w = 327, .box_w = 18, .box_h = 22, .ofs_x = 1, .ofs_y = 0},
    {.bitmap_index = 15781, .adv_w = 317, .box_w = 18, .box_h = 18, .ofs_x = 1, .ofs_y = 2},
    {.bitmap_index = 15943, .adv_w = 317, .box_w = 21, .box_h = 22, .ofs_x = -1, .ofs_y = 0},
    {.bitmap_index = 16174, .adv_w = 132, .box_w = 5, .box_h = 33, .ofs_x = 2, .ofs_y = -8},
    {.bitmap_index = 16257, .adv_w = 243, .box_w = 14, .box_h = 22, .ofs_x = 0, .ofs_y = 0},
    {.bitmap_index = 16411, .adv_w = 229, .box_w = 13, .box_h = 6, .ofs_x = 1, .ofs_y = 17},
    {.bitmap_index = 16450, .adv_w = 369, .box_w = 21, .box_h = 23, .ofs_x = 1, .ofs_y = 0},
    {.bitmap_index = 16692, .adv_w = 215, .box_w = 12, .box_h = 11, .ofs_x = 1, .ofs_y = 11},
    {.bitmap_index = 16758, .adv_w = 369, .box_w = 20, .box_h = 16, .ofs_x = 1, .ofs_y = 0},
    {.bitmap_index = 16918, .adv_w = 317, .box_w = 14, .box_h = 8, .ofs_x = 3, .ofs_y = 5},
    {.bitmap_index = 16974, .adv_w = 221, .box_w = 10, .box_h = 4, .ofs_x = 2, .ofs_y = 6},
    {.bitmap_index = 16994, .adv_w = 264, .box_w = 14, .box_h = 15, .ofs_x = 1, .ofs_y = 9},
    {.bitmap_index = 17099, .adv_w = 209, .box_w = 11, .box_h = 4, .ofs_x = 1, .ofs_y = 18},
    {.bitmap_index = 17121, .adv_w = 202, .box_w = 11, .box_h = 11, .ofs_x = 1, .ofs_y = 12},
    {.bitmap_index = 17182, .adv_w = 317, .box_w = 14, .box_h = 17, .ofs_x = 3, .ofs_y = 0},
    {.bitmap_index = 17301, .adv_w = 186, .box_w = 11, .box_h = 11, .ofs_x = 0, .ofs_y = 11},
    {.bitmap_index = 17362, .adv_w = 186, .box_w = 11, .box_h = 11, .ofs_x = 0, .ofs_y = 11},
    {.bitmap_index = 17423, .adv_w = 152, .box_w = 8, .box_h = 5, .ofs_x = 1, .ofs_y = 17},
    {.bitmap_index = 17443, .adv_w = 319, .box_w = 18, .box_h = 22, .ofs_x = 2, .ofs_y = -6},
    {.bitmap_index = 17641, .adv_w = 314, .box_w = 18, .box_h = 22, .ofs_x = 0, .ofs_y = 0},
    {.bitmap_index = 17839, .adv_w = 112, .box_w = 7, .box_h = 6, .ofs_x = 0, .ofs_y = 6},
    {.bitmap_index = 17860, .adv_w = 168, .box_w = 9, .box_h = 8, .ofs_x = 1, .ofs_y = -7},
    {.bitmap_index = 17896, .adv_w = 134, .box_w = 8, .box_h = 11, .ofs_x = 0, .ofs_y = 11},
    {.bitmap_index = 17940, .adv_w = 223, .box_w = 12, .box_h = 11, .ofs_x = 1, .ofs_y = 11},
    {.bitmap_index = 18006, .adv_w = 369, .box_w = 20, .box_h = 16, .ofs_x = 2, .ofs_y = 0},
    {.bitmap_index = 18166, .adv_w = 425, .box_w = 27, .box_h = 24, .ofs_x = 0, .ofs_y = -1},
    {.bitmap_index = 18490, .adv_w = 422, .box_w = 26, .box_h = 24, .ofs_x = 0, .ofs_y = -1},
    {.bitmap_index = 18802, .adv_w = 456, .box_w = 28, .box_h = 24, .ofs_x = 0, .ofs_y = -1},
    {.bitmap_index = 19138, .adv_w = 296, .box_w = 17, .box_h = 22, .ofs_x = 1, .ofs_y = -6},
    {.bitmap_index = 19325, .adv_w = 325, .box_w = 20, .box_h = 28, .ofs_x = 0, .ofs_y = 0},
    {.bitmap_index = 19605, .adv_w = 325, .box_w = 20, .box_h = 28, .ofs_x = 0, .ofs_y = 0},
    {.bitmap_index = 19885, .adv_w = 325, .box_w = 20, .box_h = 28, .ofs_x = 0, .ofs_y = 0},
    {.bitmap_index = 20165, .adv_w = 325, .box_w = 20, .box_h = 28, .ofs_x = 0, .ofs_y = 0},
    {.bitmap_index = 20445, .adv_w = 325, .box_w = 20, .box_h = 29, .ofs_x = 0, .ofs_y = 0},
    {.bitmap_index = 20735, .adv_w = 325, .box_w = 20, .box_h = 30, .ofs_x = 0, .ofs_y = 0},
    {.bitmap_index = 21035, .adv_w = 420, .box_w = 26, .box_h = 22, .ofs_x = 0, .ofs_y = 0},
    {.bitmap_index = 21321, .adv_w = 330, .box_w = 19, .box_h = 28, .ofs_x = 1, .ofs_y = -6},
    {.bitmap_index = 21587, .adv_w = 284, .box_w = 15, .box_h = 28, .ofs_x = 2, .ofs_y = 0},
    {.bitmap_index = 21797, .adv_w = 284, .box_w = 15, .box_h = 28, .ofs_x = 2, .ofs_y = 0},
    {.bitmap_index = 22007, .adv_w = 284, .box_w = 15, .box_h = 28, .ofs_x = 2, .ofs_y = 0},
    {.bitmap_index = 22217, .adv_w = 284, .box_w = 15, .box_h = 29, .ofs_x = 2, .ofs_y = 0},
    {.bitmap_index = 22435, .adv_w = 135, .box_w = 8, .box_h = 28, .ofs_x = -1, .ofs_y = 0},
    {.bitmap_index = 22547, .adv_w = 135, .box_w = 8, .box_h = 28, .ofs_x = 1, .ofs_y = 0},
    {.bitmap_index = 22659, .adv_w = 135, .box_w = 13, .box_h = 28, .ofs_x = -2, .ofs_y = 0},
    {.bitmap_index = 22841, .adv_w = 135, .box_w = 13, .box_h = 29, .ofs_x = -2, .ofs_y = 0},
    {.bitmap_index = 23030, .adv_w = 341, .box_w = 19, .box_h = 22, .ofs_x = 1, .ofs_y = 0},
    {.bitmap_index = 23239, .adv_w = 343, .box_w = 18, .box_h = 28, .ofs_x = 2, .ofs_y = 0},
    {.bitmap_index = 23491, .adv_w = 346, .box_w = 20, .box_h = 29, .ofs_x = 1, .ofs_y = 0},
    {.bitmap_index = 23781, .adv_w = 346, .box_w = 20, .box_h = 29, .ofs_x = 1, .ofs_y = 0},
    {.bitmap_index = 24071, .adv_w = 346, .box_w = 20, .box_h = 29, .ofs_x = 1, .ofs_y = 0},
    {.bitmap_index = 24361, .adv_w = 346, .box_w = 20, .box_h = 28, .ofs_x = 1, .ofs_y = 0},
    {.bitmap_index = 24641, .adv_w = 346, .box_w = 20, .box_h = 30, .ofs_x = 1, .ofs_y = 0},
    {.bitmap_index = 24941, .adv_w = 317, .box_w = 14, .box_h = 14, .ofs_x = 3, .ofs_y = 4},
    {.bitmap_index = 25039, .adv_w = 346, .box_w = 20, .box_h = 28, .ofs_x = 1, .ofs_y = -3},
    {.bitmap_index = 25319, .adv_w = 344, .box_w = 19, .box_h = 29, .ofs_x = 1, .ofs_y = 0},
    {.bitmap_index = 25595, .adv_w = 344, .box_w = 19, .box_h = 29, .ofs_x = 1, .ofs_y = 0},
    {.bitmap_index = 25871, .adv_w = 344, .box_w = 19, .box_h = 29, .ofs_x = 1, .ofs_y = 0},
    {.bitmap_index = 26147, .adv_w = 344, .box_w = 19, .box_h = 30, .ofs_x = 1, .ofs_y = 0},
    {.bitmap_index = 26432, .adv_w = 319, .box_w = 20, .box_h = 28, .ofs_x = 0, .ofs_y = 0},
    {.bitmap_index = 26712, .adv_w = 309, .box_w = 17, .box_h = 22, .ofs_x = 2, .ofs_y = 0},
    {.bitmap_index = 26899, .adv_w = 333, .box_w = 19, .box_h = 22, .ofs_x = 2, .ofs_y = 0},
    {.bitmap_index = 27108, .adv_w = 296, .box_w = 17, .box_h = 22, .ofs_x = 1, .ofs_y = 0},
    {.bitmap_index = 27295, .adv_w = 296, .box_w = 17, .box_h = 22, .ofs_x = 1, .ofs_y = 0},
    {.bitmap_index = 27482, .adv_w = 296, .box_w = 17, .box_h = 22, .ofs_x = 1, .ofs_y = 0},
    {.bitmap_index = 27669, .adv_w = 296, .box_w = 17, .box_h = 22, .ofs_x = 1, .ofs_y = 0},
    {.bitmap_index = 27856, .adv_w = 296, .box_w = 17, .box_h = 22, .ofs_x = 1, .ofs_y = 0},
    {.bitmap_index = 28043, .adv_w = 296, .box_w = 17, .box_h = 24, .ofs_x = 1, .ofs_y = 0},
    {.bitmap_index = 28247, .adv_w = 447, .box_w = 26, .box_h = 16, .ofs_x = 1, .ofs_y = 0},
    {.bitmap_index = 28455, .adv_w = 300, .box_w = 17, .box_h = 22, .ofs_x = 1, .ofs_y = -6},
    {.bitmap_index = 28642, .adv_w = 295, .box_w = 17, .box_h = 22, .ofs_x = 1, .ofs_y = 0},
    {.bitmap_index = 28829, .adv_w = 295, .box_w = 17, .box_h = 22, .ofs_x = 1, .ofs_y = 0},
    {.bitmap_index = 29016, .adv_w = 295, .box_w = 17, .box_h = 22, .ofs_x = 1, .ofs_y = 0},
    {.bitmap_index = 29203, .adv_w = 295, .box_w = 17, .box_h = 22, .ofs_x = 1, .ofs_y = 0},
    {.bitmap_index = 29390, .adv_w = 136, .box_w = 8, .box_h = 22, .ofs_x = -1, .ofs_y = 0},
    {.bitmap_index = 29478, .adv_w = 136, .box_w = 8, .box_h = 22, .ofs_x = 1, .ofs_y = 0},
    {.bitmap_index = 29566, .adv_w = 136, .box_w = 13, .box_h = 22, .ofs_x = -2, .ofs_y = 0},
    {.bitmap_index = 29709, .adv_w = 136, .box_w = 13, .box_h = 22, .ofs_x = -2, .ofs_y = 0},
    {.bitmap_index = 29852, .adv_w = 315, .box_w = 18, .box_h = 25, .ofs_x = 1, .ofs_y = 0},
    {.bitmap_index = 30077, .adv_w = 315, .box_w = 16, .box_h = 22, .ofs_x = 2, .ofs_y = 0},
    {.bitmap_index = 30253, .adv_w = 313, .box_w = 18, .box_h = 22, .ofs_x = 1, .ofs_y = 0},
    {.bitmap_index = 30451, .adv_w = 313, .box_w = 18, .box_h = 22, .ofs_x = 1, .ofs_y = 0},
    {.bitmap_index = 30649, .adv_w = 313, .box_w = 18, .box_h = 22, .ofs_x = 1, .ofs_y = 0},
    {.bitmap_index = 30847, .adv_w = 313, .box_w = 18, .box_h = 22, .ofs_x = 1, .ofs_y = 0},
    {.bitmap_index = 31045, .adv_w = 313, .box_w = 18, .box_h = 22, .ofs_x = 1, .ofs_y = 0},
    {.bitmap_index = 31243, .adv_w = 317, .box_w = 14, .box_h = 18, .ofs_x = 3, .ofs_y = 2},
    {.bitmap_index = 31369, .adv_w = 313, .box_w = 18, .box_h = 20, .ofs_x = 1, .ofs_y = -2},
    {.bitmap_index = 31549, .adv_w = 315, .box_w = 16, .box_h = 22, .ofs_x = 2, .ofs_y = 0},
    {.bitmap_index = 31725, .adv_w = 315, .box_w = 16, .box_h = 22, .ofs_x = 2, .ofs_y = 0},
    {.bitmap_index = 31901, .adv_w = 315, .box_w = 16, .box_h = 22, .ofs_x = 2, .ofs_y = 0},
    {.bitmap_index = 32077, .adv_w = 315, .box_w = 16, .box_h = 22, .ofs_x = 2, .ofs_y = 0},
    {.bitmap_index = 32253, .adv_w = 315, .box_w = 16, .box_h = 28, .ofs_x = 2, .ofs_y = -6},
    {.bitmap_index = 32477, .adv_w = 327, .box_w = 17, .box_h = 28, .ofs_x = 2, .ofs_y = -6},
    {.bitmap_index = 32715, .adv_w = 315, .box_w = 16, .box_h = 28, .ofs_x = 2, .ofs_y = -6},
    {.bitmap_index = 32939, .adv_w = 151, .box_w = 7, .box_h = 10, .ofs_x = 1, .ofs_y = 12},
    {.bitmap_index = 32974, .adv_w = 151, .box_w = 7, .box_h = 11, .ofs_x = 1, .ofs_y = 11},
    {.bitmap_index = 33013, .adv_w = 151, .box_w = 7, .box_h = 11, .ofs_x = 1, .ofs_y = -5},
    {.bitmap_index = 33052, .adv_w = 263, .box_w = 14, .box_h = 10, .ofs_x = 1, .ofs_y = 12},
    {.bitmap_index = 33122, .adv_w = 263, .box_w = 14, .box_h = 11, .ofs_x = 1, .ofs_y = 11},
    {.bitmap_index = 33199, .adv_w = 205, .box_w = 11, .box_h = 10, .ofs_x = 1, .ofs_y = 3},
    {.bitmap_index = 33254, .adv_w = 409, .box_w = 23, .box_h = 6, .ofs_x = 1, .ofs_y = 0}
};

/*---------------------
 *  CHARACTER MAPPING
 *--------------------*/

static const uint16_t unicode_list_2[] = {
    0x0, 0x1, 0x2, 0x4, 0x5, 0xa, 0xe
};

/*Collect the unicode lists and glyph_id offsets*/
static const lv_font_fmt_txt_cmap_t cmaps[] =
{
    {
        .range_start = 32, .range_length = 95, .glyph_id_start = 1,
        .unicode_list = NULL, .glyph_id_ofs_list = NULL, .list_length = 0, .type = LV_FONT_FMT_TXT_CMAP_FORMAT0_TINY
    },
    {
        .range_start = 160, .range_length = 96, .glyph_id_start = 96,
        .unicode_list = NULL, .glyph_id_ofs_list = NULL, .list_length = 0, .type = LV_FONT_FMT_TXT_CMAP_FORMAT0_TINY
    },
    {
        .range_start = 8216, .range_length = 15, .glyph_id_start = 192,
        .unicode_list = unicode_list_2, .glyph_id_ofs_list = NULL, .list_length = 7, .type = LV_FONT_FMT_TXT_CMAP_SPARSE_TINY
    }
};

/*-----------------
 *    KERNING
 *----------------*/


/*Map glyph_ids to kern left classes*/
static const uint8_t kern_left_class_mapping[] =
{
    0, 1, 0, 2, 0, 0, 0, 0,
    2, 3, 0, 0, 0, 4, 5, 6,
    7, 8, 0, 9, 10, 11, 12, 13,
    14, 15, 16, 0, 0, 0, 0, 0,
    0, 0, 17, 18, 19, 20, 21, 22,
    23, 24, 24, 25, 26, 27, 24, 24,
    20, 28, 20, 29, 30, 31, 32, 33,
    34, 35, 36, 37, 38, 39, 0, 0,
    0, 0, 40, 41, 41, 24, 41, 42,
    0, 43, 44, 44, 45, 24, 43, 43,
    41, 41, 0, 46, 47, 48, 0, 49,
    50, 51, 0, 52, 38, 0, 53, 0,
    0, 0, 0, 0, 0, 0, 0, 0,
    0, 0, 0, 0, 0, 5, 0, 0,
    0, 0, 0, 0, 0, 0, 0, 0,
    0, 0, 0, 0, 0, 0, 0, 0,
    17, 17, 17, 17, 17, 17, 21, 19,
    21, 21, 21, 21, 0, 0, 54, 54,
    20, 24, 20, 20, 20, 20, 20, 0,
    20, 32, 32, 32, 32, 36, 55, 56,
    40, 40, 40, 40, 40, 40, 41, 41,
    41, 41, 41, 41, 44, 44, 57, 57,
    41, 43, 41, 41, 41, 41, 41, 0,
    41, 0, 0, 0, 0, 0, 41, 0,
    2, 2, 6, 2, 2, 0, 6
};

/*Map glyph_ids to kern right classes*/
static const uint8_t kern_right_class_mapping[] =
{
    0, 1, 0, 2, 0, 0, 0, 0,
    2, 0, 3, 4, 0, 5, 6, 5,
    7, 8, 9, 10, 0, 11, 0, 12,
    13, 14, 15, 0, 0, 0, 0, 0,
    16, 0, 17, 18, 19, 18, 0, 0,
    19, 0, 0, 20, 0, 0, 0, 0,
    19, 0, 19, 0, 21, 22, 23, 24,
    25, 26, 27, 28, 0, 29, 30, 0,
    0, 0, 31, 32, 33, 33, 33, 34,
    33, 32, 35, 36, 32, 37, 38, 38,
    33, 38, 33, 38, 39, 40, 41, 42,
    43, 44, 41, 45, 46, 0, 30, 0,
    0, 0, 0, 0, 0, 0, 0, 0,
    0, 0, 0, 0, 0, 6, 47, 0,
    0, 0, 0, 0, 0, 0, 0, 0,
    0, 0, 0, 0, 0, 0, 0, 0,
    17, 17, 17, 17, 17, 17, 17, 19,
    0, 0, 0, 0, 0, 0, 48, 48,
    0, 0, 19, 19, 19, 19, 19, 0,
    19, 23, 23, 23, 23, 27, 0, 49,
    31, 31, 31, 31, 31, 31, 31, 33,
    33, 33, 33, 33, 50, 50, 51, 51,
    33, 38, 33, 33, 33, 33, 33, 0,
    33, 41, 41, 41, 41, 41, 32, 41,
    2, 2, 5, 2, 2, 0, 5
};

/*Kern values between classes*/
static const int8_t kern_class_values[] =
{
    0, 0, 0, 0, -15, -13, 0, 0,
    0, 0, 0, 0, 0, 0, 0, 0,
    -6, 0, 0, 0, 0, -15, 0, -6,
    -3, 0, -5, 0, 0, 0, 0, 0,
    0, 0, 0, 0, 0, 0, 0, 0,
    0, 0, 0, 0, 0, -13, 0, 0,
    0, 0, 0, 0, 0, 0, 0, 0,
    0, 0, 0, 0, 0, -22, 0, 0,
    0, 0, 0, -33, 0, 0, -40, 0,
    0, 0, 0, 0, 0, 0, 0, 0,
    0, -11, 0, -12, 5, 0, 0, 0,
    0, -5, 5, 0, 0, 0, 0, 0,
    0, 0, 0, 0, 0, 41, 0, 0,
    8, 0, 0, 0, 0, -5, -15, -2,
    -20, -5, 0, -5, -5, 0, -5, 0,
    -6, -20, 0, 0, 0, 0, 0, 0,
    0, 0, 0, 0, -5, 0, -10, -5,
    0, 23, 0, 0, -5, -5, -5, -12,
    -8, 0, 0, 0, 0, 0, 0, 0,
    41, -15, 0, 0, 0, 0, 0, 0,
    -6, -27, 0, 0, -5, -17, 0, -1,
    0, 0, 0, -9, 0, 0, -49, -7,
    -34, -19, 0, -56, 0, 0, 0, 0,
    0, -3, -34, 0, 10, 0, 0, 0,
    -34, 0, -20, -12, 0, 0, 0, 0,
    0, 0, 0, 0, -13, 0, 0, 0,
    0, 0, 0, 0, 0, 0, 0, 0,
    -23, 0, 0, 0, -4, 0, 0, 0,
    0, -39, 0, -18, -5, -20, -50, -8,
    0, 0, 0, 0, 0, -11, 0, 0,
    0, 0, 0, -11, 0, -6, -3, -18,
    -11, 0, 0, 0, 0, 0, 0, -15,
    0, 0, 0, 0, 0, 0, -6, -27,
    0, 0, -5, -17, 0, -1, 0, 0,
    0, -9, 0, 0, -49, -7, -34, -19,
    0, -56, 0, 0, 0, 0, 0, -3,
    -34, 0, 0, 0, 0, 0, -34, 0,
    -20, -12, 0, 0, 0, 0, 0, 0,
    0, 0, 0, 0, 0, 0, 0, 0,
    0, 0, 0, 0, 0, 0, 0, 0,
    0, 0, 0, 0, 0, -9, 0, 10,
    0, 10, 0, 0, 0, 0, 0, 0,
    -7, 0, -7, 0, 15, 15, 0, 0,
    -5, 0, 0, 0, 0, 0, 0, 0,
    0, 0, 0, 15, 51, 0, 0, -5,
    0, -6, 0, 0, 0, 0, 0, 0,
    0, -10, 0, 0, 0, 0, 0, 0,
    0, 0, 0, 0, 0, 0, 0, 0,
    0, 0, -5, 0, 0, 0, 0, 0,
    0, 0, 0, 0, 0, 0, 0, 0,
    0, 0, 0, 0, 0, 0, 0, 0,
    0, 0, 0, 0, 0, 0, 0, 0,
    0, 0, -8, 0, -5, 0, -2, 0,
    0, 0, 0, 0, 0, 0, 0, 0,
    0, 0, 0, 0, 0, 0, 0, 0,
    0, 0, 0, 0, 0, 0, 0, 0,
    0, 0, 0, 0, 0, 0, 0, 0,
    0, 0, 0, 0, 0, 0, 0, 0,
    0, 0, 0, -9, 0, 0, 0, 0,
    0, 0, 0, 0, 0, 0, 0, 0,
    0, 0, 0, 0, 0, 0, 0, 0,
    0, 0, 0, 0, 0, 0, 0, 0,
    0, 0, 0, 0, 0, 0, 0, 0,
    0, 0, 0, 0, 0, 0, 0, -20,
    0, 0, 0, 0, 0, 0, -19, 0,
    0, 0, -22, 0, 0, 0, 0, 0,
    0, 0, 0, 0, 0, 0, 0, 0,
    0, 0, 0, 0, 0, 0, 0, 0,
    0, 0, 0, 0, 0, 0, 0, 0,
    0, 0, 0, 0, 0, 0, 0, 0,
    0, 0, 0, 0, 0, 0, 0, 0,
    0, -9, -4, 0, 0, -6, 0, 0,
    0, 0, 0, 0, 0, 0, 0, 0,
    0, 0, 0, 0, 0, 0, 0, 0,
    0, 0, 0, 0, 0, 0, 0, 0,
    0, 0, 0, 0, 0, 0, 0, 0,
    0, 0, 0, 0, 0, 0, -5, 0,
    -1, 0, 0, 0, -2, -2, 0, 0,
    -8, 0, 0, 0, 0, 0, 0, 0,
    0, 0, 0, 0, 0, 0, 0, 0,
    0, -4, 0, 0, 0, 0, 0, 0,
    0, 0, 0, 0, 0, 0, 0, 0,
    0, 0, 0, 0, 0, 0, 0, 0,
    0, 0, 0, -35, -22, 0, -2, -5,
    -2, -24, -2, 0, 0, 0, 0, 0,
    0, 0, 0, 0, 0, 0, 0, 0,
    0, 0, 0, 0, 0, 0, 0, 0,
    0, 0, 0, 0, 0, 0, 0, 0,
    0, 0, 0, 0, 0, 0, 0, 0,
    0, 0, 0, 0, -5, 0, 0, 0,
    0, 0, 0, 0, 0, 0, -5, 0,
    0, 0, 0, 0, 0, 0, 0, 0,
    0, 0, 0, 0, 0, 0, 0, -5,
    0, 0, 0, 0, 0, 0, 0, 0,
    0, 0, 0, 0, 0, 0, 0, 0,
    0, 0, 0, 0, 0, 0, 0, -5,
    0, -5, 0, 0, 0, 0, 0, 0,
    0, -10, 0, 0, 0, 0, 0, 0,
    0, 0, 0, 0, 0, 0, 0, 0,
    0, 0, -5, 0, 0, 0, 0, 0,
    0, 0, 0, 0, 0, 0, 0, 0,
    0, 0, 0, 0, 0, 0, 0, 0,
    -6, -33, -5, 0, 0, -4, 0, 0,
    0, 0, 0, 0, 0, 0, 0, -22,
    0, 0, -3, 0, 0, -33, -5, -24,
    -9, 0, -37, 0, 0, 0, 0, 0,
    0, -13, 0, 0, 0, 0, 0, -13,
    0, -5, -2, 0, 0, 0, 0, 0,
    0, 0, 0, 0, 0, -2, 0, 0,
    0, 0, 0, 0, 0, 0, 0, 0,
    0, 0, 0, -3, 0, 0, 0, 0,
    -6, 0, -3, 0, -8, -7, 0, 0,
    0, 0, 0, 0, 0, 0, 0, 0,
    0, 0, 0, 0, 0, 0, 0, 0,
    0, 0, 0, 0, 0, 9, 0, 0,
    0, 0, 0, 0, 0, 0, 0, 0,
    0, 0, 0, 0, 0, 0, -4, 0,
    0, 0, 0, -7, 0, -4, 0, -6,
    -9, -3, 0, 0, 0, 0, 0, 0,
    0, 0, 0, 0, 0, 0, 0, 0,
    0, 0, 0, 0, 0, 0, 0, 0,
    0, 0, 0, -6, 0, -9, 0, -11,
    0, 0, 0, 0, 0, 0, 0, 0,
    0, -3, -11, 0, 0, 0, -14, 0,
    -7, -3, -12, -14, -6, 0, 0, 0,
    0, 0, 0, 0, 0, 0, 0, 0,
    0, 0, 0, 0, 0, 0, 0, 0,
    0, 0, 0, 6, 0, 0, 0, 0,
    0, 0, 0, 0, 0, 0, 0, 0,
    0, 0, 0, 0, 0, 0, 0, 0,
    0, 0, 0, 0, 0, 0, 0, 0,
    0, 0, 0, 0, 0, 0, 0, 0,
    0, 0, 0, 0, 0, 0, 0, 0,
    0, 0, 0, 0, 0, 0, 27, 0,
    0, 0, 0, -38, 0, -15, 0, 0,
    0, 0, 0, 0, 0, 0, 0, -23,
    0, -3, 0, 0, 0, 0, 0, 0,
    0, 0, 0, 0, 0, -4, 0, -2,
    0, 0, 0, 0, 0, -4, 0, 0,
    0, 0, 0, 0, 0, 0, 0, 0,
    0, 33, 0, -5, 0, 0, 0, 0,
    0, 0, 0, 0, 0, 0, 0, 0,
    0, 0, 0, 0, 0, 0, 0, -16,
    0, -10, -3, 0, -17, 0, 0, 0,
    0, 0, 0, 0, 0, 0, 0, 0,
    0, 0, 0, 0, 0, 0, 0, 0,
    0, 0, 0, 0, 0, 0, 0, 0,
    0, 0, 0, 0, 0, 0, 0, 0,
    0, 0, 0, 0, 0, 0, 0, 0,
    0, 0, 0, 0, 0, 0, 0, 0,
    0, 0, 0, 0, 0, 0, 0, 0,
    0, 0, 0, 0, 0, 0, 0, 0,
    0, 0, 0, 0, 0, 0, 0, 17,
    0, 0, 0, 0, -33, -28, -29, 0,
    0, 0, 0, 0, 0, 0, 0, 0,
    -19, 0, -9, -18, 0, 0, 0, 0,
    0, 0, 0, 0, 7, 0, -17, 0,
    -19, 0, 0, 0, 0, -17, 0, 0,
    -17, 0, 0, 0, 0, 0, 0, 0,
    0, 0, 14, 0, 0, 0, 0, 0,
    -19, 0, 0, 0, 0, 0, 0, 0,
    0, 0, 0, 0, 0, -15, 0, -4,
    0, 0, 0, 0, 0, 0, 0, 0,
    0, 0, 0, -7, -15, 0, 0, 0,
    0, -4, -15, -6, -13, -6, 0, 0,
    0, 0, 0, 0, 0, 20, -15, -53,
    -4, 0, 0, -18, 0, 0, 0, 0,
    0, 0, 0, 0, 0, 0, 0, 0,
    -12, 0, 0, -49, -10, -36, -6, 0,
    -58, 0, -19, 0, 0, 0, 0, -25,
    0, 0, 0, 0, 0, -25, 0, -16,
    -4, 0, 0, 0, 0, 0, 0, 0,
    0, 0, 0, -3, 0, -50, -15, -39,
    0, 0, 0, 0, 0, 0, 0, 0,
    0, -28, -2, 0, -20, 0, -1, 0,
    -2, 0, -11, -4, -9, 0, 0, -5,
    0, -6, 0, 0, 0, 0, 0, -5,
    0, 0, 0, 0, 0, 0, 0, 0,
    0, 0, 0, 16, 0, 0, -2, 0,
    0, 0, 0, 0, 0, 0, 0, 0,
    0, 0, 0, 0, 0, 0, 0, 0,
    0, -6, 0, -6, 0, 0, -9, 0,
    0, 0, 0, 0, 0, 0, 0, 0,
    0, 0, 0, 0, 0, 0, 0, 0,
    0, 0, 0, 0, 0, 0, 15, 0,
    0, 0, 0, 0, 0, -4, 0, 0,
    0, 0, 0, 0, 0, 0, 0, 0,
    -2, 0, 0, 0, -11, 0, -5, 0,
    -7, -11, 0, 0, 0, 0, 0, 0,
    0, 0, 0, 0, 0, 0, 0, 0,
    0, 0, 0, 0, 0, 0, 0, 0,
    0, 0, -15, 0, 0, 0, -49, -39,
    -41, 0, 0, 0, 0, 0, 0, 0,
    0, 0, -33, 0, -14, -45, -6, 0,
    0, 0, 0, 0, 0, 0, 10, 0,
    -44, 0, -48, -31, -6, -6, 0, -35,
    -39, -31, -37, -35, -35, -41, -38, 0,
    0, 0, -12, -6, 34, 0, 0, 0,
    0, -7, 0, -8, 0, 0, 0, 0,
    0, 0, 0, 0, 0, -5, 0, 0,
    0, 0, 0, 0, 0, 0, 0, 0,
    0, 0, 0, 0, 0, 0, 0, 0,
    0, 0, 0, 0, 0, 0, 0, 0,
    0, 0, 0, 0, 0, 0, 0, 19,
    -6, 0, 0, 0, -34, -18, -31, 0,
    0, 0, 0, 0, 0, 0, 0, 0,
    -24, 0, -7, 0, -4, 0, 0, 0,
    0, 0, 0, 0, 10, 0, -15, 0,
    -15, -5, 0, 0, 0, -4, -13, -5,
    -6, -8, -7, -12, -3, 0, 0, 0,
    0, 0, 33, -3, 0, 0, 0, -19,
    -5, -13, 0, 0, 0, 0, 0, 0,
    0, 0, 0, -9, 0, -3, 0, 0,
    0, 0, 0, 0, 0, 0, 0, 0,
    0, -3, 0, -3, -2, 0, 0, 0,
    0, 0, -2, 0, 0, 0, 0, 0,
    0, 0, 0, 0, 0, 30, 0, 0,
    0, 0, 0, -20, 0, 0, 0, 0,
    0, 0, 0, 0, 0, 0, 0, 0,
    -12, -4, -6, 0, 0, 0, 0, 0,
    0, 0, 0, 0, -2, 0, -8, -9,
    0, 0, 0, 0, -4, -9, -4, -7,
    -4, 0, 0, 0, 0, 0, 0, 0,
    20, -5, 0, 0, 0, -56, -50, -39,
    0, 0, 0, 0, 0, 0, 0, 0,
    0, -37, 0, -14, -53, -10, 0, 0,
    0, 0, 0, 0, 0, 0, 0, -43,
    0, -45, -26, 0, 0, 0, -39, -41,
    -26, -39, -33, -32, -35, -40, 0, 0,
    0, 0, 0, 26, 0, 0, 0, 0,
    0, -18, 0, 0, 0, 0, 0, 0,
    0, 0, 0, 0, 0, 0, -6, 0,
    0, 0, 0, 0, 0, 0, 0, 0,
    0, 0, 0, 0, -4, -6, 0, 0,
    0, 0, -1, -6, -3, -3, 0, 0,
    0, 0, 0, 0, 0, 0, 18, 0,
    0, 0, 0, 0, 0, 0, -5, -15,
    0, -14, -5, 0, -5, -4, 0, 0,
    0, 0, 0, 0, 0, 0, 0, 0,
    0, 0, 0, 0, 0, 0, 0, -5,
    0, 0, 20, 0, 0, 0, 0, 0,
    0, 0, 0, 0, 0, 0, 0, 0,
    0, 46, 0, 0, 0, 0, 0, 0,
    0, 0, 0, 0, 0, 0, 0, 0,
    0, 0, 0, 0, -11, -5, -4, -41,
    -8, -31, -13, 0, -39, 0, 0, 0,
    -3, 0, -7, -31, 0, 38, 0, 0,
    -5, -31, -11, -10, -4, 0, 0, 0,
    0, 0, 0, 0, 0, 0, -12, -9,
    0, 0, -5, 0, 0, 0, 0, 0,
    0, 0, 0, 0, -12, 0, 0, 0,
    0, 0, 0, 0, 0, 0, 0, 0,
    0, -10, 0, 0, 0, -5, -18, 0,
    0, 0, 0, -2, -18, -7, -14, -1,
    0, 0, 0, 0, 0, 0, 0, 0,
    0, -12, -10, 0, -3, 0, -7, 0,
    0, 0, 0, 0, 0, 0, 0, 0,
    0, 0, 0, 0, 0, 0, 0, 0,
    0, 0, 0, 0, -7, -5, 0, 0,
    0, -8, 0, 0, 0, 0, 0, -8,
    0, -7, -1, -16, -4, 0, 0, 0,
    0, 0, 0, 0, 5, 0, 0, -35,
    -5, -18, 0, 0, 0, 0, 0, 0,
    0, 0, 0, 0, 0, 0, 0, 0,
    0, 0, 0, 0, 0, 0, 0, 10,
    0, -4, 0, -8, -56, -14, -14, -14,
    0, -2, -5, 0, 0, 0, 0, 0,
    0, 0, 0, 0, 0, 27, 0, -9,
    -5, 0, 0, 0, 0, 0, 0, 0,
    0, 0, 0, 0, 0, 0, 0, 0,
    0, 0, 0, 0, 0, 0, 0, 0,
    0, 0, -11, -1, 0, 0, 0, -7,
    0, 0, 0, 0, 0, -7, -4, -7,
    0, 0, 0, 0, 0, 0, 0, 0,
    0, 0, 0, 0, 0, 0, 0, 0,
    0, 0, 0, 0, 0, 0, 0, 0,
    0, 0, 0, 0, 0, 0, 0, 0,
    0, 0, 0, 0, 0, 15, 0, 0,
    0, 0, 0, 0, 0, 0, 0, 0,
    0, 0, 0, 0, 0, 0, 0, 0,
    0, 0, 0, 27, 0, 0, 0, 0,
    0, -18, 0, 0, 0, 0, 0, 0,
    0, 0, 0, 0, 0, 0, 0, 0,
    0, 0, 0, 0, 0, 0, 0, 0,
    0, 0, -5, 0, -15, 0, 0, 0,
    0, 0, -7, 0, 0, 0, 0, 0,
    0, 0, 0, 0, 0, 0, 0, 0,
    0, 0, 0, -41, -6, -17, 0, 0,
    0, 0, 0, 0, 0, 0, 0, 0,
    0, 0, 0, 0, 0, 0, 0, 0,
    0, 0, 0, 0, 0, -6, 0, -9,
    0, 0, 0, 0, 0, -6, 0, 0,
    0, 0, 0, 0, 0, 0, 0, 0,
    0, 0, 0, -7, -5, 0, 0, 0,
    -5, 0, 0, 0, 0, 0, 0, 0,
    0, 0, 0, 0, 0, 0, 0, 0,
    0, 0, 0, 0, 0, 0, -5, 0,
    -2, 0, 0, -5, 0, 0, 0, 0,
    0, -5, 0, -10, 0, -4, 0, 0,
    0, 0, 0, 0, 0, 0, 5, 0,
    0, 0, -10, 0, 0, 0, 0, 0,
    0, 0, 0, 0, 0, 0, 0, 0,
    0, 0, 0, 0, 0, 0, 0, 0,
    0, 0, 0, 0, 0, -9, -12, 0,
    0, 0, 0, 0, -67, 0, 0, 0,
    0, 0, 0, 0, 0, 0, 0, 0,
    0, 0, -12, 0, -20, -6, -10, 0,
    0, 0, 0, 0, 0, 0, 0, 0,
    0, 0, 0, 0, 0, 0, 0, 0,
    0, 0, 0, 0, 0, 0, -6, 0,
    -7, 0, 0, 0, 0, 0, -6, 0,
    0, 0, 0, 0, 0, 0, 0, 0,
    0, 0, 0, 0, 0, -8, 0, -12,
    -3, -4, 0, 0, 0, 0, 0, 0,
    0, 0, 0, 0, 0, 0, 0, 0,
    0, 0, 0, 0, 0, 0, 0, 0,
    0, 0, 0, -1, 0, 0, 0, 0,
    0, 0, 0, 0, 0, 0, 0, 0,
    0, 0, 0, 0, 0, 0, 0, 0,
    0, 0, 0, -18, 0, 0, 0, 0,
    0, 0, 0, 0, 0, 0, 0, 0,
    0, 0, 0, 0, 0, 0, 0, 0,
    0, 0, 0, 0, -4, 0, -16, 0,
    0, 0, 0, 0, -4, 0, 0, 0,
    0, 0, 0, 0, 0, 0, 0, 0,
    0, 0, 0, 0, 0, 0, -11, 0,
    0, 0, 0, 0, 0, 0, 0, 0,
    0, 0, 0, 0, 0, 0, 0, 0,
    0, 0, 0, 0, 0, 0, 0, 0,
    0, -4, 0, 0, 0, 0, 0, 0,
    0, 0, 0, 0, 0, 0, 0, 0,
    0, 0, 0, 0, -13, 0, 0, 0,
    0, 0, 0, 0, 0, 0, 0, 0,
    0, 0, 0, 0, 0, 0, 0, 0,
    0, 0, 0, 0, 0, 0, 0, 0,
    0, 0, 0, 0, 0, 0, 0, 0,
    0, 0, 0, 0, 0, 0, 0, 0,
    0, 0, 0, 0, 0, 0, 0, 0,
    0, 0, 0, 0, 0, 0, 0, 0,
    0, 0, 0, 0, 0, 0, 0, 0,
    0, 0, 0, 0, 0, 0, 0, 0,
    0, 0, 0, 0, 0, 0, 0, 0,
    0, 0, 0, 0, 0, 0, 0, 0,
    0, 0, 0, 0, 0, 0, 72, 0,
    0, 0, 0, 0, 0, 0, 0, 0,
    0, 0, 0, 0, 0, 0, 0, 0,
    0, 0, -16, 0, 0, 0, 0, -32,
    0, -10, -2, -30, -26, -24, 0, 0,
    0, 0, 0, 0, 0, 0, 0, 0,
    0, 0, 0, 0, 0, 0, 0, 0,
    0, 0, 0, 0, 0, 0, 0, 0,
    0, 0, 0, 0, 0, 0, 0, 0,
    0, 0, 0, 0, 0, 0, 0, 0,
    0, 0, 0, 0, 0, 0, 0, 0,
    0, 0, 0, 0, 0, 0, -14, 0,
    0, 0, 0, 0, -14, 0, -13, -8,
    0, 0, 0, 0, 0, 0, 0, 0,
    0, 41, 41, 31, 0, 0, 0, 0,
    0, 0, 0, 0, 0, 0, 0, 41,
    0, 0, 0, 0, 0, 0, 0, 0,
    0, 0, 0, 0, 51, 46, 0, 17,
    0, 0, 27, 27, 17, 0, 0, 0,
    0, 0, 0, 0, 0, 0, 41, 0,
    0, 27, 76
};


/*Collect the kern class' data in one place*/
static const lv_font_fmt_txt_kern_classes_t kern_classes =
{
    .class_pair_values   = kern_class_values,
    .left_class_mapping  = kern_left_class_mapping,
    .right_class_mapping = kern_right_class_mapping,
    .left_class_cnt      = 57,
    .right_class_cnt     = 51,
};

/*--------------------
 *  ALL CUSTOM DATA
 *--------------------*/

#if LVGL_VERSION_MAJOR == 8
/*Store all the custom data of the font*/
static  lv_font_fmt_txt_glyph_cache_t cache;
#endif

#if LVGL_VERSION_MAJOR >= 8
static const lv_font_fmt_txt_dsc_t font_dsc = {
#else
static lv_font_fmt_txt_dsc_t font_dsc = {
#endif
    .glyph_bitmap = glyph_bitmap,
    .glyph_dsc = glyph_dsc,
    .cmaps = cmaps,
    .kern_dsc = &kern_classes,
    .kern_scale = 16,
    .cmap_num = 3,
    .bpp = 4,
    .kern_classes = 1,
    .bitmap_format = 0,
#if LVGL_VERSION_MAJOR == 8
    .cache = &cache
#endif
};



/*-----------------
 *  PUBLIC FONT
 *----------------*/

/*Initialize a public general font descriptor*/
#if LVGL_VERSION_MAJOR >= 8
const lv_font_t diskos_bauh_bold_32 = {
#else
lv_font_t diskos_bauh_bold_32 = {
#endif
    .get_glyph_dsc = lv_font_get_glyph_dsc_fmt_txt,    /*Function pointer to get glyph's data*/
    .get_glyph_bitmap = lv_font_get_bitmap_fmt_txt,    /*Function pointer to get glyph's bitmap*/
    .line_height = 38,          /*The maximum line height required by the font*/
    .base_line = 8,             /*Baseline measured from the bottom of the line*/
#if !(LVGL_VERSION_MAJOR == 6 && LVGL_VERSION_MINOR == 0)
    .subpx = LV_FONT_SUBPX_NONE,
#endif
#if LV_VERSION_CHECK(7, 4, 0) || LVGL_VERSION_MAJOR >= 8
    .underline_position = -3,
    .underline_thickness = 2,
#endif
    .dsc = &font_dsc,          /*The custom font data. Will be accessed by `get_glyph_bitmap/dsc` */
#if LV_VERSION_CHECK(8, 2, 0) || LVGL_VERSION_MAJOR >= 9
    .fallback = NULL,
#endif
    .user_data = NULL,
};



#endif /*#if DISKOS_BAUH_BOLD_32*/

