/*******************************************************************************
 * Size: 16 px
 * Bpp: 4
 * Opts: --font fonts/Inter-Bold.ttf -r 0x20-0x7E,0xA0-0xFF,0x2013,0x2014,0x2018,0x2019,0x201C,0x201D,0x2022,0x2026,0x2212,0x00B7 --size 16 --bpp 4 --format lvgl --no-compress --lv-include lvgl/lvgl.h --lv-font-name font_inter_bold_16 -o font_inter_bold_16.c
 ******************************************************************************/

#ifdef LV_LVGL_H_INCLUDE_SIMPLE
#include "lvgl.h"
#else
#include "lvgl/lvgl.h"
#endif

#ifndef FONT_INTER_BOLD_16
#define FONT_INTER_BOLD_16 1
#endif

#if FONT_INTER_BOLD_16

/*-----------------
 *    BITMAPS
 *----------------*/

/*Store the image of the glyphs*/
static LV_ATTRIBUTE_LARGE_CONST const uint8_t glyph_bitmap[] = {
    /* U+0020 " " */

    /* U+0021 "!" */
    0x8f, 0xf0, 0x8f, 0xe0, 0x8f, 0xe0, 0x7f, 0xe0,
    0x7f, 0xd0, 0x7f, 0xd0, 0x6f, 0xd0, 0x6f, 0xc0,
    0x1, 0x10, 0x2a, 0x60, 0xaf, 0xf1, 0x5f, 0xb0,

    /* U+0022 "\"" */
    0x6f, 0xd0, 0xff, 0x35, 0xfc, 0xf, 0xf2, 0x4f,
    0xb0, 0xef, 0x23, 0xfa, 0xd, 0xf1, 0x2e, 0x90,
    0xbe, 0x0,

    /* U+0023 "#" */
    0x0, 0xd, 0xe0, 0xc, 0xf0, 0x0, 0x0, 0xfb,
    0x0, 0xed, 0x0, 0x0, 0x2f, 0x90, 0x1f, 0xa0,
    0x0, 0xff, 0xff, 0xff, 0xff, 0xf1, 0x1c, 0xef,
    0xdc, 0xef, 0xdc, 0x0, 0xa, 0xf1, 0x9, 0xf3,
    0x0, 0x0, 0xdf, 0x0, 0xbf, 0x0, 0x7, 0xcf,
    0xfc, 0xcf, 0xfc, 0x60, 0xbf, 0xff, 0xff, 0xff,
    0xf5, 0x0, 0x4f, 0x70, 0x3f, 0x90, 0x0, 0x7,
    0xf5, 0x5, 0xf6, 0x0, 0x0, 0x9f, 0x20, 0x8f,
    0x40, 0x0,

    /* U+0024 "$" */
    0x0, 0x0, 0x16, 0x0, 0x0, 0x0, 0x0, 0x2c,
    0x0, 0x0, 0x0, 0x3b, 0xff, 0xe9, 0x10, 0x4,
    0xff, 0xff, 0xff, 0xd1, 0xd, 0xfc, 0x5c, 0x4f,
    0xf7, 0xf, 0xf7, 0x2c, 0x5, 0x85, 0xd, 0xfe,
    0x8c, 0x0, 0x0, 0x3, 0xef, 0xff, 0xd8, 0x10,
    0x0, 0x17, 0xcf, 0xff, 0xe2, 0x0, 0x0, 0x2c,
    0x5e, 0xfa, 0x3d, 0xd1, 0x2c, 0x9, 0xfc, 0x1f,
    0xfb, 0x5c, 0x4e, 0xfa, 0x8, 0xff, 0xff, 0xff,
    0xf3, 0x0, 0x5c, 0xff, 0xea, 0x20, 0x0, 0x0,
    0x2c, 0x0, 0x0, 0x0, 0x0, 0x16, 0x0, 0x0,

    /* U+0025 "%" */
    0x9, 0xff, 0x90, 0x0, 0x1, 0xf9, 0x0, 0x5f,
    0xaa, 0xf5, 0x0, 0xb, 0xd0, 0x0, 0x8f, 0x11,
    0xf8, 0x0, 0x6f, 0x30, 0x0, 0x7f, 0x55, 0xf7,
    0x1, 0xf9, 0x0, 0x0, 0x1d, 0xff, 0xd1, 0xb,
    0xd0, 0x0, 0x0, 0x0, 0x44, 0x0, 0x6f, 0x30,
    0x1, 0x0, 0x0, 0x0, 0x1, 0xf9, 0x6, 0xff,
    0xc1, 0x0, 0x0, 0xb, 0xd0, 0x1f, 0xc6, 0xf9,
    0x0, 0x0, 0x6f, 0x30, 0x4f, 0x60, 0xdc, 0x0,
    0x1, 0xf9, 0x0, 0x4f, 0x60, 0xdc, 0x0, 0xb,
    0xd0, 0x0, 0x1f, 0xd8, 0xf8, 0x0, 0x6f, 0x30,
    0x0, 0x4, 0xef, 0xb0,

    /* U+0026 "&" */
    0x0, 0x2c, 0xfe, 0x80, 0x0, 0x0, 0xe, 0xff,
    0xff, 0x70, 0x0, 0x4, 0xfd, 0x3, 0xfc, 0x0,
    0x0, 0x4f, 0xc0, 0x5f, 0xa0, 0x0, 0x0, 0xef,
    0xaf, 0xf3, 0x0, 0x0, 0x7, 0xff, 0xe3, 0x0,
    0x0, 0x4, 0xff, 0xfe, 0x10, 0xed, 0x1, 0xff,
    0x8b, 0xfc, 0x4f, 0xd0, 0x5f, 0xf0, 0xc, 0xff,
    0xf9, 0x4, 0xff, 0x40, 0x3f, 0xff, 0x20, 0xc,
    0xff, 0xff, 0xff, 0xf6, 0x0, 0x9, 0xef, 0xe9,
    0x5f, 0xf4,

    /* U+0027 "'" */
    0x6f, 0xd5, 0xfc, 0x4f, 0xb3, 0xfa, 0x2e, 0x90,

    /* U+0028 "(" */
    0x0, 0xac, 0x40, 0x5f, 0xf0, 0xb, 0xfa, 0x0,
    0xff, 0x50, 0x4f, 0xf1, 0x7, 0xfe, 0x0, 0x9f,
    0xc0, 0xa, 0xfb, 0x0, 0xaf, 0xb0, 0x9, 0xfd,
    0x0, 0x6f, 0xf0, 0x2, 0xff, 0x30, 0xd, 0xf8,
    0x0, 0x6f, 0xe0, 0x0, 0xef, 0x40,

    /* U+0029 ")" */
    0x3c, 0xb0, 0x0, 0xef, 0x50, 0x9, 0xfb, 0x0,
    0x5f, 0xf1, 0x1, 0xff, 0x40, 0xe, 0xf8, 0x0,
    0xcf, 0xa0, 0xb, 0xfb, 0x0, 0xbf, 0xb0, 0xc,
    0xf9, 0x0, 0xff, 0x70, 0x3f, 0xf3, 0x8, 0xfe,
    0x0, 0xdf, 0x70, 0x4f, 0xe0, 0x0,

    /* U+002A "*" */
    0x0, 0x3f, 0x20, 0x4, 0xa4, 0xf3, 0xb3, 0x5e,
    0xff, 0xfe, 0x50, 0x5f, 0xff, 0x40, 0x8f, 0xbf,
    0xbf, 0x71, 0x53, 0xf2, 0x51, 0x0, 0x2a, 0x20,
    0x0,

    /* U+002B "+" */
    0x0, 0x9, 0xf6, 0x0, 0x0, 0x0, 0x9f, 0x60,
    0x0, 0x0, 0x9, 0xf6, 0x0, 0x8, 0xee, 0xff,
    0xfe, 0xe6, 0x9f, 0xff, 0xff, 0xff, 0x70, 0x0,
    0x9f, 0x60, 0x0, 0x0, 0x9, 0xf6, 0x0, 0x0,
    0x0, 0x9f, 0x60, 0x0,

    /* U+002C "," */
    0x6, 0xec, 0x9, 0xf8, 0xb, 0xf4, 0xd, 0xf0,
    0xf, 0xa0,

    /* U+002D "-" */
    0xce, 0xee, 0xe5, 0xef, 0xff, 0xf6,

    /* U+002E "." */
    0x2b, 0x60, 0xaf, 0xf0, 0x5f, 0xa0,

    /* U+002F "/" */
    0x0, 0x2, 0xfd, 0x0, 0x6, 0xf9, 0x0, 0xb,
    0xf5, 0x0, 0xf, 0xf1, 0x0, 0x3f, 0xc0, 0x0,
    0x8f, 0x80, 0x0, 0xcf, 0x40, 0x0, 0xff, 0x0,
    0x4, 0xfb, 0x0, 0x9, 0xf7, 0x0, 0xd, 0xf3,
    0x0, 0x1f, 0xe0, 0x0, 0x6f, 0xa0, 0x0, 0xaf,
    0x60, 0x0,

    /* U+0030 "0" */
    0x0, 0x19, 0xef, 0xd8, 0x0, 0x0, 0x1d, 0xff,
    0xff, 0xfb, 0x0, 0x9, 0xff, 0x40, 0x6f, 0xf5,
    0x0, 0xef, 0x80, 0x0, 0xcf, 0xb0, 0x2f, 0xf4,
    0x0, 0x7, 0xff, 0x4, 0xff, 0x30, 0x0, 0x6f,
    0xf0, 0x4f, 0xf3, 0x0, 0x6, 0xff, 0x2, 0xff,
    0x40, 0x0, 0x7f, 0xf0, 0xf, 0xf8, 0x0, 0xc,
    0xfb, 0x0, 0x9f, 0xf4, 0x7, 0xff, 0x50, 0x1,
    0xdf, 0xff, 0xff, 0xb0, 0x0, 0x1, 0x9e, 0xfd,
    0x80, 0x0,

    /* U+0031 "1" */
    0x0, 0x6f, 0xfd, 0x1b, 0xff, 0xfd, 0x4f, 0xca,
    0xfd, 0x48, 0x8, 0xfd, 0x0, 0x8, 0xfd, 0x0,
    0x8, 0xfd, 0x0, 0x8, 0xfd, 0x0, 0x8, 0xfd,
    0x0, 0x8, 0xfd, 0x0, 0x8, 0xfd, 0x0, 0x8,
    0xfd, 0x0, 0x8, 0xfd,

    /* U+0032 "2" */
    0x0, 0x5c, 0xff, 0xc5, 0x0, 0x6, 0xff, 0xff,
    0xff, 0x60, 0xe, 0xf9, 0x0, 0xbf, 0xe0, 0x1c,
    0xc2, 0x0, 0x4f, 0xf0, 0x0, 0x0, 0x0, 0x7f,
    0xe0, 0x0, 0x0, 0x3, 0xff, 0x60, 0x0, 0x0,
    0x3e, 0xfa, 0x0, 0x0, 0x3, 0xef, 0xb0, 0x0,
    0x0, 0x4f, 0xfb, 0x0, 0x0, 0x4, 0xff, 0xb1,
    0x0, 0x0, 0xf, 0xff, 0xff, 0xff, 0xf3, 0xf,
    0xff, 0xff, 0xff, 0xf3,

    /* U+0033 "3" */
    0x0, 0x3b, 0xff, 0xd6, 0x0, 0x4, 0xff, 0xff,
    0xff, 0x90, 0xd, 0xfb, 0x10, 0x8f, 0xf1, 0x6,
    0x62, 0x0, 0x2f, 0xf2, 0x0, 0x0, 0x1, 0xaf,
    0xd0, 0x0, 0x2, 0xff, 0xfa, 0x10, 0x0, 0x1,
    0xcd, 0xff, 0x90, 0x0, 0x0, 0x0, 0x4f, 0xf6,
    0x17, 0x71, 0x0, 0xe, 0xf9, 0x1f, 0xfa, 0x10,
    0x7f, 0xf6, 0x8, 0xff, 0xff, 0xff, 0xd0, 0x0,
    0x5c, 0xff, 0xd8, 0x0,

    /* U+0034 "4" */
    0x0, 0x0, 0xa, 0xff, 0xa0, 0x0, 0x0, 0x3,
    0xff, 0xfa, 0x0, 0x0, 0x0, 0xdf, 0xff, 0xa0,
    0x0, 0x0, 0x7f, 0xd9, 0xfa, 0x0, 0x0, 0x1f,
    0xf3, 0x9f, 0xa0, 0x0, 0xa, 0xfa, 0x9, 0xfa,
    0x0, 0x4, 0xff, 0x10, 0x9f, 0xa0, 0x0, 0xdf,
    0x70, 0x9, 0xfa, 0x0, 0x3f, 0xff, 0xff, 0xff,
    0xff, 0x13, 0xff, 0xff, 0xff, 0xff, 0xf1, 0x0,
    0x0, 0x0, 0xaf, 0xa0, 0x0, 0x0, 0x0, 0xa,
    0xfa, 0x0,

    /* U+0035 "5" */
    0x8, 0xff, 0xff, 0xff, 0x90, 0x9, 0xff, 0xff,
    0xff, 0x90, 0xb, 0xf7, 0x0, 0x0, 0x0, 0xc,
    0xf5, 0x0, 0x0, 0x0, 0xd, 0xf8, 0xdf, 0xe6,
    0x0, 0xf, 0xff, 0xde, 0xff, 0x70, 0x4, 0x74,
    0x0, 0x9f, 0xf0, 0x0, 0x0, 0x0, 0x2f, 0xf3,
    0x17, 0x70, 0x0, 0x2f, 0xf2, 0x1f, 0xf8, 0x0,
    0xbf, 0xe0, 0x8, 0xff, 0xff, 0xff, 0x50, 0x0,
    0x6c, 0xff, 0xb4, 0x0,

    /* U+0036 "6" */
    0x0, 0x9, 0xef, 0xe8, 0x0, 0x0, 0xcf, 0xff,
    0xff, 0xc0, 0x7, 0xff, 0x51, 0x6f, 0xf5, 0xe,
    0xf7, 0x0, 0x4, 0x42, 0x2f, 0xf3, 0x9e, 0xfb,
    0x20, 0x3f, 0xfd, 0xfc, 0xff, 0xe1, 0x4f, 0xfd,
    0x10, 0x3f, 0xf7, 0x3f, 0xf6, 0x0, 0xb, 0xfa,
    0xf, 0xf6, 0x0, 0xc, 0xf9, 0xa, 0xfe, 0x20,
    0x5f, 0xf5, 0x2, 0xef, 0xff, 0xff, 0xb0, 0x0,
    0x2a, 0xef, 0xd8, 0x0,

    /* U+0037 "7" */
    0x6f, 0xff, 0xff, 0xff, 0xb6, 0xff, 0xff, 0xff,
    0xfb, 0x0, 0x0, 0x1, 0xff, 0x70, 0x0, 0x0,
    0x7f, 0xf1, 0x0, 0x0, 0xe, 0xf8, 0x0, 0x0,
    0x7, 0xff, 0x10, 0x0, 0x0, 0xef, 0x80, 0x0,
    0x0, 0x6f, 0xf1, 0x0, 0x0, 0xe, 0xf9, 0x0,
    0x0, 0x6, 0xff, 0x10, 0x0, 0x0, 0xdf, 0x90,
    0x0, 0x0, 0x5f, 0xf1, 0x0, 0x0,

    /* U+0038 "8" */
    0x0, 0x3b, 0xff, 0xd7, 0x0, 0x4, 0xff, 0xfe,
    0xff, 0xa0, 0xc, 0xfc, 0x0, 0x6f, 0xf2, 0xc,
    0xf8, 0x0, 0x1f, 0xf3, 0x7, 0xfd, 0x20, 0x9f,
    0xd0, 0x0, 0x7f, 0xff, 0xfc, 0x10, 0x3, 0xef,
    0xed, 0xff, 0x90, 0xe, 0xf9, 0x0, 0x3f, 0xf6,
    0x3f, 0xf4, 0x0, 0xd, 0xfa, 0x2f, 0xf9, 0x0,
    0x3f, 0xf8, 0x9, 0xff, 0xed, 0xff, 0xe1, 0x0,
    0x5c, 0xff, 0xd9, 0x10,

    /* U+0039 "9" */
    0x0, 0x4c, 0xff, 0xc5, 0x0, 0x6, 0xff, 0xff,
    0xff, 0x70, 0xe, 0xfb, 0x10, 0x9f, 0xf1, 0x3f,
    0xf2, 0x0, 0xf, 0xf6, 0x3f, 0xf2, 0x0, 0xf,
    0xf9, 0xf, 0xfb, 0x11, 0xaf, 0xfa, 0x6, 0xff,
    0xff, 0xec, 0xfa, 0x0, 0x4a, 0xc9, 0x1c, 0xf8,
    0x7, 0x72, 0x0, 0x1f, 0xf4, 0xe, 0xfc, 0x23,
    0xcf, 0xd0, 0x5, 0xff, 0xff, 0xff, 0x40, 0x0,
    0x4c, 0xff, 0xb3, 0x0,

    /* U+003A ":" */
    0x2a, 0x60, 0xaf, 0xf0, 0x5f, 0xa0, 0x0, 0x0,
    0x0, 0x0, 0x0, 0x0, 0x2b, 0x60, 0xaf, 0xf0,
    0x5f, 0xa0,

    /* U+003B ";" */
    0x1, 0xa7, 0x0, 0x8f, 0xf2, 0x3, 0xec, 0x0,
    0x0, 0x0, 0x0, 0x0, 0x0, 0x0, 0x0, 0x0,
    0x0, 0x0, 0x6e, 0xc0, 0x9, 0xf8, 0x0, 0xbf,
    0x40, 0xd, 0xf0, 0x0, 0xfa, 0x0,

    /* U+003C "<" */
    0x0, 0x0, 0x0, 0x0, 0x10, 0x0, 0x0, 0x18,
    0xe4, 0x0, 0x2, 0x9f, 0xff, 0x40, 0x3b, 0xff,
    0xfb, 0x40, 0x9f, 0xfe, 0x82, 0x0, 0xb, 0xff,
    0x70, 0x0, 0x0, 0x4c, 0xff, 0xf9, 0x20, 0x0,
    0x3, 0xbf, 0xff, 0xc2, 0x0, 0x0, 0x29, 0xff,
    0x40, 0x0, 0x0, 0x1, 0x83,

    /* U+003D "=" */
    0x7f, 0xff, 0xff, 0xff, 0x57, 0xff, 0xff, 0xff,
    0xf5, 0x0, 0x0, 0x0, 0x0, 0x0, 0x0, 0x0,
    0x0, 0x0, 0x7f, 0xff, 0xff, 0xff, 0x57, 0xff,
    0xff, 0xff, 0xf5,

    /* U+003E ">" */
    0x10, 0x0, 0x0, 0x0, 0x6, 0xe7, 0x0, 0x0,
    0x0, 0x6f, 0xff, 0x81, 0x0, 0x0, 0x5c, 0xff,
    0xfa, 0x30, 0x0, 0x2, 0x9f, 0xff, 0x70, 0x0,
    0x1, 0x8f, 0xf9, 0x0, 0x3a, 0xff, 0xfb, 0x33,
    0xcf, 0xff, 0xa3, 0x0, 0x6f, 0xf8, 0x10, 0x0,
    0x4, 0x70, 0x0, 0x0, 0x0,

    /* U+003F "?" */
    0x1, 0x9e, 0xfe, 0x80, 0x0, 0xdf, 0xff, 0xff,
    0xb0, 0x4f, 0xf3, 0x8, 0xff, 0x22, 0x55, 0x0,
    0x4f, 0xf2, 0x0, 0x0, 0x1c, 0xfd, 0x0, 0x0,
    0x3e, 0xfd, 0x20, 0x0, 0xc, 0xfb, 0x0, 0x0,
    0x0, 0xef, 0x30, 0x0, 0x0, 0x3, 0x30, 0x0,
    0x0, 0x0, 0x89, 0x10, 0x0, 0x0, 0x3f, 0xf7,
    0x0, 0x0, 0x1, 0xde, 0x30, 0x0,

    /* U+0040 "@" */
    0x0, 0x0, 0x39, 0xdf, 0xfe, 0xb5, 0x0, 0x0,
    0x0, 0x9, 0xff, 0xfd, 0xde, 0xff, 0xc2, 0x0,
    0x0, 0xaf, 0xe6, 0x0, 0x0, 0x2a, 0xfe, 0x10,
    0x5, 0xfe, 0x20, 0x8c, 0xb4, 0xd7, 0x8f, 0xa0,
    0xc, 0xf5, 0xa, 0xff, 0xff, 0xf9, 0xe, 0xf1,
    0xf, 0xf0, 0x3f, 0xc1, 0x1b, 0xf9, 0x9, 0xf5,
    0x3f, 0xc0, 0x7f, 0x40, 0x3, 0xf9, 0x6, 0xf8,
    0x4f, 0xb0, 0x9f, 0x20, 0x1, 0xf9, 0x6, 0xf8,
    0x3f, 0xc0, 0x8f, 0x30, 0x2, 0xf9, 0x6, 0xf6,
    0x1f, 0xf0, 0x5f, 0x80, 0x7, 0xfa, 0xa, 0xf3,
    0xd, 0xf5, 0xd, 0xfa, 0xaf, 0xfe, 0x9f, 0xc0,
    0x6, 0xfe, 0x12, 0xbf, 0xe7, 0x5e, 0xfb, 0x20,
    0x0, 0xbf, 0xe6, 0x10, 0x0, 0x1, 0x0, 0x0,
    0x0, 0xa, 0xff, 0xfe, 0xde, 0xfe, 0x0, 0x0,
    0x0, 0x0, 0x4a, 0xdf, 0xfe, 0xc7, 0x0, 0x0,

    /* U+0041 "A" */
    0x0, 0x0, 0xcf, 0xfa, 0x0, 0x0, 0x0, 0x2,
    0xff, 0xff, 0x0, 0x0, 0x0, 0x7, 0xfc, 0xff,
    0x50, 0x0, 0x0, 0xc, 0xf8, 0xbf, 0xa0, 0x0,
    0x0, 0x2f, 0xf4, 0x6f, 0xf0, 0x0, 0x0, 0x7f,
    0xf0, 0x2f, 0xf5, 0x0, 0x0, 0xcf, 0xb0, 0xd,
    0xfb, 0x0, 0x2, 0xff, 0xfe, 0xef, 0xff, 0x0,
    0x7, 0xff, 0xff, 0xff, 0xff, 0x60, 0xc, 0xfc,
    0x0, 0x0, 0xef, 0xb0, 0x1f, 0xf7, 0x0, 0x0,
    0x9f, 0xf1, 0x7f, 0xf2, 0x0, 0x0, 0x3f, 0xf6,

    /* U+0042 "B" */
    0xff, 0xff, 0xff, 0xb3, 0xf, 0xff, 0xff, 0xff,
    0xf2, 0xff, 0x70, 0x5, 0xff, 0x7f, 0xf7, 0x0,
    0xe, 0xf7, 0xff, 0x70, 0x6, 0xff, 0x2f, 0xff,
    0xff, 0xfd, 0x30, 0xff, 0xda, 0xad, 0xfe, 0x3f,
    0xf7, 0x0, 0xc, 0xfc, 0xff, 0x70, 0x0, 0x8f,
    0xff, 0xf7, 0x0, 0x2d, 0xfd, 0xff, 0xff, 0xff,
    0xff, 0x6f, 0xff, 0xff, 0xfc, 0x50,

    /* U+0043 "C" */
    0x0, 0x5, 0xcf, 0xfd, 0x80, 0x0, 0x0, 0x9f,
    0xff, 0xff, 0xfd, 0x10, 0x6, 0xff, 0xb3, 0x37,
    0xff, 0xa0, 0xd, 0xfc, 0x0, 0x0, 0x7f, 0xf0,
    0x2f, 0xf5, 0x0, 0x0, 0x2, 0x20, 0x3f, 0xf2,
    0x0, 0x0, 0x0, 0x0, 0x3f, 0xf2, 0x0, 0x0,
    0x0, 0x0, 0x2f, 0xf5, 0x0, 0x0, 0x2, 0x20,
    0xd, 0xfc, 0x0, 0x0, 0x8f, 0xf0, 0x6, 0xff,
    0xb3, 0x37, 0xff, 0x90, 0x0, 0x9f, 0xff, 0xff,
    0xfc, 0x0, 0x0, 0x5, 0xcf, 0xfd, 0x70, 0x0,

    /* U+0044 "D" */
    0xff, 0xff, 0xfd, 0x92, 0x0, 0xff, 0xff, 0xff,
    0xff, 0x40, 0xff, 0x81, 0x25, 0xdf, 0xe1, 0xff,
    0x70, 0x0, 0x2f, 0xf7, 0xff, 0x70, 0x0, 0xb,
    0xfb, 0xff, 0x70, 0x0, 0x9, 0xfc, 0xff, 0x70,
    0x0, 0x9, 0xfc, 0xff, 0x70, 0x0, 0xb, 0xfb,
    0xff, 0x70, 0x0, 0x2f, 0xf6, 0xff, 0x81, 0x25,
    0xdf, 0xe1, 0xff, 0xff, 0xff, 0xff, 0x30, 0xff,
    0xff, 0xfd, 0x91, 0x0,

    /* U+0045 "E" */
    0xff, 0xff, 0xff, 0xfd, 0xff, 0xff, 0xff, 0xfd,
    0xff, 0x70, 0x0, 0x0, 0xff, 0x70, 0x0, 0x0,
    0xff, 0x70, 0x0, 0x0, 0xff, 0xff, 0xff, 0xf6,
    0xff, 0xff, 0xff, 0xf7, 0xff, 0x70, 0x0, 0x0,
    0xff, 0x70, 0x0, 0x0, 0xff, 0x70, 0x0, 0x0,
    0xff, 0xff, 0xff, 0xfd, 0xff, 0xff, 0xff, 0xfd,

    /* U+0046 "F" */
    0xff, 0xff, 0xff, 0xfb, 0xff, 0xff, 0xff, 0xfb,
    0xff, 0x70, 0x0, 0x0, 0xff, 0x70, 0x0, 0x0,
    0xff, 0x70, 0x0, 0x0, 0xff, 0xff, 0xff, 0xf3,
    0xff, 0xff, 0xff, 0xf3, 0xff, 0x70, 0x0, 0x0,
    0xff, 0x70, 0x0, 0x0, 0xff, 0x70, 0x0, 0x0,
    0xff, 0x70, 0x0, 0x0, 0xff, 0x70, 0x0, 0x0,

    /* U+0047 "G" */
    0x0, 0x5, 0xcf, 0xfd, 0x80, 0x0, 0x0, 0x9f,
    0xff, 0xff, 0xfd, 0x10, 0x5, 0xff, 0xb4, 0x26,
    0xff, 0xb0, 0xd, 0xfc, 0x0, 0x0, 0x5b, 0xb0,
    0x1f, 0xf5, 0x0, 0x0, 0x0, 0x0, 0x3f, 0xf2,
    0x0, 0x8d, 0xdd, 0xd3, 0x3f, 0xf2, 0x0, 0x9f,
    0xff, 0xf3, 0x2f, 0xf5, 0x0, 0x0, 0x2f, 0xf2,
    0xd, 0xfc, 0x0, 0x0, 0x7f, 0xf0, 0x6, 0xff,
    0xb4, 0x27, 0xff, 0x90, 0x0, 0x9f, 0xff, 0xff,
    0xfd, 0x0, 0x0, 0x5, 0xcf, 0xfd, 0x80, 0x0,

    /* U+0048 "H" */
    0xff, 0x70, 0x0, 0x7, 0xfe, 0xff, 0x70, 0x0,
    0x7, 0xfe, 0xff, 0x70, 0x0, 0x7, 0xfe, 0xff,
    0x70, 0x0, 0x7, 0xfe, 0xff, 0x70, 0x0, 0x7,
    0xfe, 0xff, 0xff, 0xff, 0xff, 0xfe, 0xff, 0xff,
    0xff, 0xff, 0xfe, 0xff, 0x70, 0x0, 0x7, 0xfe,
    0xff, 0x70, 0x0, 0x7, 0xfe, 0xff, 0x70, 0x0,
    0x7, 0xfe, 0xff, 0x70, 0x0, 0x7, 0xfe, 0xff,
    0x70, 0x0, 0x7, 0xfe,

    /* U+0049 "I" */
    0xff, 0x7f, 0xf7, 0xff, 0x7f, 0xf7, 0xff, 0x7f,
    0xf7, 0xff, 0x7f, 0xf7, 0xff, 0x7f, 0xf7, 0xff,
    0x7f, 0xf7,

    /* U+004A "J" */
    0x0, 0x0, 0x1, 0xff, 0x40, 0x0, 0x0, 0x1f,
    0xf4, 0x0, 0x0, 0x1, 0xff, 0x40, 0x0, 0x0,
    0x1f, 0xf4, 0x0, 0x0, 0x1, 0xff, 0x40, 0x0,
    0x0, 0x1f, 0xf4, 0x0, 0x0, 0x1, 0xff, 0x43,
    0x66, 0x0, 0x1f, 0xf4, 0x7f, 0xf0, 0x1, 0xff,
    0x45, 0xff, 0x50, 0x7f, 0xf2, 0xd, 0xff, 0xff,
    0xfb, 0x0, 0x19, 0xef, 0xe8, 0x0,

    /* U+004B "K" */
    0xff, 0x70, 0x0, 0x5f, 0xf9, 0xf, 0xf7, 0x0,
    0x3f, 0xfb, 0x0, 0xff, 0x70, 0x1e, 0xfd, 0x0,
    0xf, 0xf6, 0xc, 0xfe, 0x20, 0x0, 0xff, 0x69,
    0xff, 0x30, 0x0, 0xf, 0xfa, 0xff, 0xd0, 0x0,
    0x0, 0xff, 0xff, 0xff, 0x70, 0x0, 0xf, 0xff,
    0x59, 0xff, 0x20, 0x0, 0xff, 0x90, 0xe, 0xfc,
    0x0, 0xf, 0xf7, 0x0, 0x4f, 0xf7, 0x0, 0xff,
    0x70, 0x0, 0xaf, 0xf2, 0xf, 0xf7, 0x0, 0x1,
    0xef, 0xc0,

    /* U+004C "L" */
    0xff, 0x70, 0x0, 0x0, 0xff, 0x70, 0x0, 0x0,
    0xff, 0x70, 0x0, 0x0, 0xff, 0x70, 0x0, 0x0,
    0xff, 0x70, 0x0, 0x0, 0xff, 0x70, 0x0, 0x0,
    0xff, 0x70, 0x0, 0x0, 0xff, 0x70, 0x0, 0x0,
    0xff, 0x70, 0x0, 0x0, 0xff, 0x70, 0x0, 0x0,
    0xff, 0xff, 0xff, 0xf7, 0xff, 0xff, 0xff, 0xf7,

    /* U+004D "M" */
    0xff, 0xfe, 0x0, 0x0, 0xf, 0xff, 0xdf, 0xff,
    0xf3, 0x0, 0x5, 0xff, 0xfd, 0xff, 0xff, 0x90,
    0x0, 0xaf, 0xef, 0xdf, 0xfb, 0xfe, 0x0, 0xf,
    0xfb, 0xfd, 0xff, 0x7f, 0xf4, 0x5, 0xff, 0x8f,
    0xdf, 0xf6, 0xcf, 0x90, 0xaf, 0xa8, 0xfd, 0xff,
    0x67, 0xfd, 0xe, 0xf5, 0x8f, 0xdf, 0xf6, 0x1f,
    0xf4, 0xff, 0x8, 0xfd, 0xff, 0x60, 0xcf, 0xbf,
    0xa0, 0x8f, 0xdf, 0xf6, 0x6, 0xff, 0xf5, 0x8,
    0xfd, 0xff, 0x60, 0x1f, 0xff, 0x0, 0x8f, 0xdf,
    0xf6, 0x0, 0xbf, 0xa0, 0x8, 0xfd,

    /* U+004E "N" */
    0xff, 0xf1, 0x0, 0x4, 0xff, 0x2f, 0xff, 0xa0,
    0x0, 0x4f, 0xf2, 0xff, 0xff, 0x40, 0x4, 0xff,
    0x2f, 0xfd, 0xfd, 0x0, 0x4f, 0xf2, 0xff, 0x7f,
    0xf7, 0x4, 0xff, 0x2f, 0xf7, 0x7f, 0xf2, 0x4f,
    0xf2, 0xff, 0x70, 0xdf, 0xa4, 0xff, 0x2f, 0xf8,
    0x4, 0xff, 0x7f, 0xf2, 0xff, 0x80, 0xa, 0xfd,
    0xff, 0x2f, 0xf8, 0x0, 0x1f, 0xff, 0xf2, 0xff,
    0x80, 0x0, 0x7f, 0xff, 0x2f, 0xf8, 0x0, 0x0,
    0xdf, 0xf2,

    /* U+004F "O" */
    0x0, 0x5, 0xcf, 0xfd, 0x80, 0x0, 0x0, 0x9f,
    0xff, 0xff, 0xfd, 0x10, 0x6, 0xff, 0xb3, 0x37,
    0xff, 0xb0, 0xd, 0xfc, 0x0, 0x0, 0x6f, 0xf3,
    0x1f, 0xf5, 0x0, 0x0, 0xf, 0xf7, 0x3f, 0xf2,
    0x0, 0x0, 0xd, 0xf9, 0x3f, 0xf2, 0x0, 0x0,
    0xd, 0xf9, 0x2f, 0xf5, 0x0, 0x0, 0xf, 0xf7,
    0xd, 0xfc, 0x0, 0x0, 0x6f, 0xf3, 0x6, 0xff,
    0xb3, 0x37, 0xff, 0xb0, 0x0, 0x9f, 0xff, 0xff,
    0xfd, 0x10, 0x0, 0x5, 0xcf, 0xfd, 0x80, 0x0,

    /* U+0050 "P" */
    0xff, 0xff, 0xfe, 0xa1, 0xf, 0xff, 0xff, 0xff,
    0xe1, 0xff, 0x70, 0x6, 0xff, 0x8f, 0xf7, 0x0,
    0xc, 0xfb, 0xff, 0x70, 0x0, 0xcf, 0xbf, 0xf7,
    0x0, 0x5f, 0xf8, 0xff, 0xff, 0xff, 0xfe, 0x1f,
    0xff, 0xff, 0xea, 0x10, 0xff, 0x70, 0x0, 0x0,
    0xf, 0xf7, 0x0, 0x0, 0x0, 0xff, 0x70, 0x0,
    0x0, 0xf, 0xf7, 0x0, 0x0, 0x0,

    /* U+0051 "Q" */
    0x0, 0x5, 0xcf, 0xfd, 0x80, 0x0, 0x0, 0x9f,
    0xff, 0xff, 0xfd, 0x10, 0x6, 0xff, 0xb3, 0x37,
    0xff, 0xb0, 0xd, 0xfc, 0x0, 0x0, 0x6f, 0xf3,
    0x1f, 0xf5, 0x0, 0x0, 0xf, 0xf7, 0x3f, 0xf2,
    0x0, 0x0, 0xd, 0xf9, 0x3f, 0xf2, 0x0, 0x0,
    0xd, 0xf9, 0x2f, 0xf5, 0x1, 0x31, 0xf, 0xf7,
    0xd, 0xfc, 0x2, 0xfe, 0x8f, 0xf3, 0x6, 0xff,
    0xb3, 0x8f, 0xff, 0xb0, 0x0, 0x9f, 0xff, 0xff,
    0xfe, 0x10, 0x0, 0x5, 0xcf, 0xfd, 0xef, 0x50,
    0x0, 0x0, 0x0, 0x0, 0x2f, 0xf2,

    /* U+0052 "R" */
    0xff, 0xff, 0xfe, 0xa1, 0x0, 0xff, 0xff, 0xff,
    0xfe, 0x10, 0xff, 0x70, 0x6, 0xff, 0x80, 0xff,
    0x70, 0x0, 0xcf, 0xb0, 0xff, 0x70, 0x0, 0xcf,
    0xb0, 0xff, 0x70, 0x5, 0xff, 0x80, 0xff, 0xff,
    0xff, 0xfe, 0x10, 0xff, 0xff, 0xff, 0xe1, 0x0,
    0xff, 0x70, 0x5f, 0xf3, 0x0, 0xff, 0x70, 0xd,
    0xfc, 0x0, 0xff, 0x70, 0x4, 0xff, 0x50, 0xff,
    0x70, 0x0, 0xbf, 0xd0,

    /* U+0053 "S" */
    0x0, 0x3b, 0xef, 0xe9, 0x10, 0x4, 0xff, 0xff,
    0xff, 0xd1, 0xd, 0xfc, 0x20, 0x4f, 0xf7, 0xf,
    0xf7, 0x0, 0x5, 0x85, 0xd, 0xfe, 0x61, 0x0,
    0x0, 0x3, 0xef, 0xff, 0xd8, 0x10, 0x0, 0x17,
    0xcf, 0xff, 0xe2, 0x0, 0x0, 0x0, 0x5e, 0xfa,
    0x3d, 0xd1, 0x0, 0x9, 0xfc, 0x1f, 0xfb, 0x21,
    0x4e, 0xfa, 0x8, 0xff, 0xff, 0xff, 0xf3, 0x0,
    0x5c, 0xff, 0xea, 0x20,

    /* U+0054 "T" */
    0x6f, 0xff, 0xff, 0xff, 0xff, 0x16, 0xff, 0xff,
    0xff, 0xff, 0xf1, 0x0, 0x0, 0xdf, 0x80, 0x0,
    0x0, 0x0, 0xd, 0xf8, 0x0, 0x0, 0x0, 0x0,
    0xdf, 0x80, 0x0, 0x0, 0x0, 0xd, 0xf8, 0x0,
    0x0, 0x0, 0x0, 0xdf, 0x80, 0x0, 0x0, 0x0,
    0xd, 0xf8, 0x0, 0x0, 0x0, 0x0, 0xdf, 0x80,
    0x0, 0x0, 0x0, 0xd, 0xf8, 0x0, 0x0, 0x0,
    0x0, 0xdf, 0x80, 0x0, 0x0, 0x0, 0xd, 0xf8,
    0x0, 0x0,

    /* U+0055 "U" */
    0xff, 0x70, 0x0, 0xb, 0xfa, 0xff, 0x70, 0x0,
    0xb, 0xfa, 0xff, 0x70, 0x0, 0xb, 0xfa, 0xff,
    0x70, 0x0, 0xb, 0xfa, 0xff, 0x70, 0x0, 0xb,
    0xfa, 0xff, 0x70, 0x0, 0xb, 0xfa, 0xff, 0x70,
    0x0, 0xb, 0xfa, 0xef, 0x70, 0x0, 0xb, 0xfa,
    0xdf, 0xa0, 0x0, 0xe, 0xf9, 0x8f, 0xf8, 0x33,
    0xbf, 0xf4, 0x1d, 0xff, 0xff, 0xff, 0x90, 0x0,
    0x8d, 0xff, 0xc5, 0x0,

    /* U+0056 "V" */
    0x7f, 0xf3, 0x0, 0x0, 0x3f, 0xf6, 0x1f, 0xf8,
    0x0, 0x0, 0x8f, 0xf1, 0xc, 0xfd, 0x0, 0x0,
    0xdf, 0xb0, 0x6, 0xff, 0x20, 0x2, 0xff, 0x60,
    0x1, 0xff, 0x70, 0x7, 0xff, 0x10, 0x0, 0xbf,
    0xc0, 0xc, 0xfb, 0x0, 0x0, 0x6f, 0xf1, 0x1f,
    0xf6, 0x0, 0x0, 0x1f, 0xf6, 0x5f, 0xf1, 0x0,
    0x0, 0xb, 0xfa, 0x9f, 0xb0, 0x0, 0x0, 0x6,
    0xfe, 0xdf, 0x60, 0x0, 0x0, 0x1, 0xff, 0xff,
    0x10, 0x0, 0x0, 0x0, 0xbf, 0xfb, 0x0, 0x0,

    /* U+0057 "W" */
    0x7f, 0xf1, 0x0, 0x1f, 0xfa, 0x0, 0x8, 0xff,
    0x13, 0xff, 0x50, 0x4, 0xff, 0xe0, 0x0, 0xbf,
    0xd0, 0xf, 0xf8, 0x0, 0x8f, 0xff, 0x20, 0xf,
    0xf9, 0x0, 0xbf, 0xc0, 0xc, 0xfd, 0xf6, 0x3,
    0xff, 0x40, 0x7, 0xff, 0x0, 0xff, 0x8f, 0x90,
    0x6f, 0xf0, 0x0, 0x2f, 0xf3, 0x4f, 0xd4, 0xfd,
    0xa, 0xfc, 0x0, 0x0, 0xef, 0x77, 0xfa, 0xf,
    0xf1, 0xdf, 0x80, 0x0, 0xa, 0xfa, 0xaf, 0x60,
    0xcf, 0x5f, 0xf4, 0x0, 0x0, 0x6f, 0xcd, 0xf1,
    0x8, 0xfa, 0xff, 0x0, 0x0, 0x2, 0xff, 0xfd,
    0x0, 0x4f, 0xff, 0xb0, 0x0, 0x0, 0xe, 0xff,
    0x90, 0x0, 0xff, 0xf7, 0x0, 0x0, 0x0, 0x9f,
    0xf5, 0x0, 0xc, 0xff, 0x30, 0x0,

    /* U+0058 "X" */
    0xd, 0xfd, 0x0, 0x0, 0xef, 0xc0, 0x4, 0xff,
    0x70, 0x9, 0xff, 0x20, 0x0, 0x9f, 0xf2, 0x3f,
    0xf7, 0x0, 0x0, 0xe, 0xfa, 0xbf, 0xc0, 0x0,
    0x0, 0x4, 0xff, 0xff, 0x20, 0x0, 0x0, 0x0,
    0xaf, 0xf8, 0x0, 0x0, 0x0, 0x0, 0xdf, 0xfc,
    0x0, 0x0, 0x0, 0x8, 0xfe, 0xff, 0x60, 0x0,
    0x0, 0x3f, 0xf6, 0x9f, 0xf2, 0x0, 0x0, 0xdf,
    0xc0, 0x1e, 0xfc, 0x0, 0x9, 0xff, 0x20, 0x6,
    0xff, 0x60, 0x4f, 0xf7, 0x0, 0x0, 0xbf, 0xf2,

    /* U+0059 "Y" */
    0x5f, 0xf6, 0x0, 0x0, 0xbf, 0xf1, 0xb, 0xfe,
    0x0, 0x3, 0xff, 0x70, 0x2, 0xff, 0x70, 0xb,
    0xfd, 0x0, 0x0, 0x9f, 0xf1, 0x4f, 0xf5, 0x0,
    0x0, 0x1e, 0xf8, 0xbf, 0xc0, 0x0, 0x0, 0x7,
    0xff, 0xff, 0x30, 0x0, 0x0, 0x0, 0xdf, 0xfa,
    0x0, 0x0, 0x0, 0x0, 0x5f, 0xf2, 0x0, 0x0,
    0x0, 0x0, 0x4f, 0xf1, 0x0, 0x0, 0x0, 0x0,
    0x4f, 0xf1, 0x0, 0x0, 0x0, 0x0, 0x4f, 0xf1,
    0x0, 0x0, 0x0, 0x0, 0x4f, 0xf1, 0x0, 0x0,

    /* U+005A "Z" */
    0x2f, 0xff, 0xff, 0xff, 0xfb, 0x2f, 0xff, 0xff,
    0xff, 0xfa, 0x0, 0x0, 0x0, 0x8f, 0xe1, 0x0,
    0x0, 0x4, 0xff, 0x50, 0x0, 0x0, 0x1e, 0xfa,
    0x0, 0x0, 0x0, 0xaf, 0xe1, 0x0, 0x0, 0x5,
    0xff, 0x40, 0x0, 0x0, 0x1e, 0xf9, 0x0, 0x0,
    0x0, 0xbf, 0xd0, 0x0, 0x0, 0x6, 0xff, 0x20,
    0x0, 0x0, 0xf, 0xff, 0xff, 0xff, 0xfc, 0x1f,
    0xff, 0xff, 0xff, 0xfc,

    /* U+005B "[" */
    0x7d, 0xdd, 0x39, 0xff, 0xf3, 0x9f, 0xb0, 0x9,
    0xfb, 0x0, 0x9f, 0xb0, 0x9, 0xfb, 0x0, 0x9f,
    0xb0, 0x9, 0xfb, 0x0, 0x9f, 0xb0, 0x9, 0xfb,
    0x0, 0x9f, 0xb0, 0x9, 0xfb, 0x0, 0x9f, 0xb0,
    0x9, 0xff, 0xd3, 0x9f, 0xff, 0x30,

    /* U+005C "\\" */
    0xaf, 0x60, 0x0, 0x6f, 0xa0, 0x0, 0x1f, 0xe0,
    0x0, 0xd, 0xf3, 0x0, 0x9, 0xf7, 0x0, 0x4,
    0xfb, 0x0, 0x0, 0xff, 0x0, 0x0, 0xcf, 0x40,
    0x0, 0x8f, 0x80, 0x0, 0x3f, 0xc0, 0x0, 0xf,
    0xf1, 0x0, 0xb, 0xf5, 0x0, 0x6, 0xf9, 0x0,
    0x2, 0xfd,

    /* U+005D "]" */
    0x2d, 0xdd, 0x83, 0xff, 0xfa, 0x0, 0xaf, 0xa0,
    0xa, 0xfa, 0x0, 0xaf, 0xa0, 0xa, 0xfa, 0x0,
    0xaf, 0xa0, 0xa, 0xfa, 0x0, 0xaf, 0xa0, 0xa,
    0xfa, 0x0, 0xaf, 0xa0, 0xa, 0xfa, 0x0, 0xaf,
    0xa2, 0xde, 0xfa, 0x3f, 0xff, 0xa0,

    /* U+005E "^" */
    0x0, 0x3c, 0xc0, 0x0, 0x0, 0xaf, 0xf7, 0x0,
    0x2, 0xf8, 0xce, 0x0, 0x9, 0xf2, 0x5f, 0x60,
    0x1f, 0xb0, 0xe, 0xd0, 0x15, 0x20, 0x3, 0x50,

    /* U+005F "_" */
    0xdd, 0xdd, 0xdd, 0xd8, 0xff, 0xff, 0xff, 0xfa,

    /* U+0060 "`" */
    0x47, 0x40, 0x2f, 0xd0, 0x7, 0xf4,

    /* U+0061 "a" */
    0x0, 0x8e, 0xfe, 0xa1, 0x0, 0xcf, 0xfc, 0xff,
    0xd0, 0x18, 0xb2, 0x2, 0xff, 0x30, 0x0, 0x35,
    0x9f, 0xf4, 0x8, 0xff, 0xfe, 0xff, 0x44, 0xff,
    0x61, 0xf, 0xf4, 0x7f, 0xd0, 0x5, 0xff, 0x43,
    0xff, 0xcb, 0xef, 0xf4, 0x6, 0xef, 0xd4, 0xef,
    0x40,

    /* U+0062 "b" */
    0xff, 0x50, 0x0, 0x0, 0xf, 0xf5, 0x0, 0x0,
    0x0, 0xff, 0x50, 0x0, 0x0, 0xf, 0xf5, 0x9f,
    0xe9, 0x0, 0xff, 0xdf, 0xff, 0xfa, 0xf, 0xfd,
    0x10, 0x9f, 0xf2, 0xff, 0x60, 0x1, 0xff, 0x6f,
    0xf5, 0x0, 0xf, 0xf7, 0xff, 0x60, 0x1, 0xff,
    0x6f, 0xfd, 0x10, 0x9f, 0xf2, 0xff, 0xdf, 0xff,
    0xfa, 0xf, 0xf5, 0x9f, 0xe9, 0x0,

    /* U+0063 "c" */
    0x0, 0x5c, 0xff, 0xb3, 0x0, 0x6f, 0xfe, 0xff,
    0xf3, 0xf, 0xfa, 0x0, 0xcf, 0xa4, 0xff, 0x20,
    0x2, 0x20, 0x5f, 0xf0, 0x0, 0x0, 0x4, 0xff,
    0x20, 0x2, 0x30, 0xf, 0xfa, 0x0, 0xcf, 0xa0,
    0x6f, 0xff, 0xff, 0xf3, 0x0, 0x5c, 0xff, 0xb3,
    0x0,

    /* U+0064 "d" */
    0x0, 0x0, 0x0, 0x4f, 0xf1, 0x0, 0x0, 0x0,
    0x4f, 0xf1, 0x0, 0x0, 0x0, 0x4f, 0xf1, 0x0,
    0x8e, 0xfa, 0x4f, 0xf1, 0x9, 0xff, 0xff, 0xdf,
    0xf1, 0x1f, 0xfa, 0x0, 0xcf, 0xf1, 0x4f, 0xf2,
    0x0, 0x5f, 0xf1, 0x5f, 0xf1, 0x0, 0x3f, 0xf1,
    0x4f, 0xf2, 0x0, 0x5f, 0xf1, 0x1f, 0xfa, 0x1,
    0xcf, 0xf1, 0x8, 0xff, 0xff, 0xdf, 0xf1, 0x0,
    0x8e, 0xfa, 0x4f, 0xf1,

    /* U+0065 "e" */
    0x0, 0x5c, 0xff, 0xa2, 0x0, 0x6f, 0xfd, 0xef,
    0xe1, 0xf, 0xf6, 0x0, 0xcf, 0x94, 0xff, 0x22,
    0x28, 0xfd, 0x5f, 0xff, 0xff, 0xff, 0xe4, 0xff,
    0x55, 0x55, 0x54, 0xf, 0xf7, 0x0, 0x68, 0x40,
    0x7f, 0xfe, 0xdf, 0xf5, 0x0, 0x5c, 0xff, 0xc5,
    0x0,

    /* U+0066 "f" */
    0x0, 0x5, 0x76, 0x0, 0xb, 0xff, 0xf0, 0x3,
    0xff, 0x96, 0x0, 0x4f, 0xf0, 0x0, 0xdf, 0xff,
    0xfd, 0xb, 0xef, 0xfd, 0xb0, 0x4, 0xff, 0x0,
    0x0, 0x4f, 0xf0, 0x0, 0x4, 0xff, 0x0, 0x0,
    0x4f, 0xf0, 0x0, 0x4, 0xff, 0x0, 0x0, 0x4f,
    0xf0, 0x0, 0x4, 0xff, 0x0, 0x0,

    /* U+0067 "g" */
    0x0, 0x8e, 0xfb, 0x4f, 0xf1, 0x8, 0xff, 0xff,
    0xdf, 0xf1, 0x1f, 0xfa, 0x0, 0xcf, 0xf1, 0x4f,
    0xf3, 0x0, 0x5f, 0xf1, 0x5f, 0xf1, 0x0, 0x3f,
    0xf1, 0x4f, 0xf2, 0x0, 0x4f, 0xf1, 0x1f, 0xf9,
    0x0, 0xbf, 0xf1, 0x9, 0xff, 0xee, 0xdf, 0xf1,
    0x0, 0x8e, 0xfb, 0x4f, 0xf1, 0x2, 0x51, 0x0,
    0x6f, 0xf0, 0xc, 0xff, 0xcc, 0xff, 0x80, 0x0,
    0x8d, 0xff, 0xc6, 0x0,

    /* U+0068 "h" */
    0xff, 0x40, 0x0, 0x0, 0xff, 0x40, 0x0, 0x0,
    0xff, 0x40, 0x0, 0x0, 0xff, 0x5a, 0xff, 0x90,
    0xff, 0xdf, 0xff, 0xf8, 0xff, 0xc1, 0x1c, 0xfe,
    0xff, 0x60, 0x6, 0xff, 0xff, 0x50, 0x6, 0xff,
    0xff, 0x50, 0x6, 0xff, 0xff, 0x50, 0x6, 0xff,
    0xff, 0x50, 0x6, 0xff, 0xff, 0x50, 0x6, 0xff,

    /* U+0069 "i" */
    0x4, 0x60, 0xf, 0xf6, 0xb, 0xe2, 0x0, 0x0,
    0xf, 0xf5, 0xf, 0xf5, 0xf, 0xf5, 0xf, 0xf5,
    0xf, 0xf5, 0xf, 0xf5, 0xf, 0xf5, 0xf, 0xf5,
    0xf, 0xf5,

    /* U+006A "j" */
    0x0, 0x46, 0x0, 0xf, 0xf6, 0x0, 0xbe, 0x20,
    0x0, 0x0, 0x0, 0xff, 0x50, 0xf, 0xf5, 0x0,
    0xff, 0x50, 0xf, 0xf5, 0x0, 0xff, 0x50, 0xf,
    0xf5, 0x0, 0xff, 0x50, 0xf, 0xf5, 0x0, 0xff,
    0x50, 0x1f, 0xf5, 0x5f, 0xff, 0x16, 0xfc, 0x40,

    /* U+006B "k" */
    0xff, 0x50, 0x0, 0x0, 0xf, 0xf5, 0x0, 0x0,
    0x0, 0xff, 0x50, 0x0, 0x0, 0xf, 0xf5, 0x2,
    0xef, 0xa0, 0xff, 0x50, 0xdf, 0xc0, 0xf, 0xf5,
    0xaf, 0xe1, 0x0, 0xff, 0xdf, 0xf3, 0x0, 0xf,
    0xff, 0xff, 0x20, 0x0, 0xff, 0xdd, 0xfd, 0x0,
    0xf, 0xf6, 0x3f, 0xf8, 0x0, 0xff, 0x50, 0x9f,
    0xf3, 0xf, 0xf5, 0x0, 0xdf, 0xd0,

    /* U+006C "l" */
    0xff, 0x5f, 0xf5, 0xff, 0x5f, 0xf5, 0xff, 0x5f,
    0xf5, 0xff, 0x5f, 0xf5, 0xff, 0x5f, 0xf5, 0xff,
    0x5f, 0xf5,

    /* U+006D "m" */
    0xff, 0x4a, 0xfe, 0x42, 0xbf, 0xe7, 0xf, 0xfd,
    0xef, 0xfe, 0xde, 0xff, 0xf4, 0xff, 0xa0, 0x2f,
    0xfb, 0x1, 0xef, 0x9f, 0xf5, 0x0, 0xdf, 0x70,
    0xb, 0xf9, 0xff, 0x50, 0xd, 0xf7, 0x0, 0xbf,
    0x9f, 0xf5, 0x0, 0xdf, 0x70, 0xb, 0xf9, 0xff,
    0x50, 0xd, 0xf7, 0x0, 0xbf, 0x9f, 0xf5, 0x0,
    0xdf, 0x70, 0xb, 0xf9, 0xff, 0x50, 0xd, 0xf7,
    0x0, 0xbf, 0x90,

    /* U+006E "n" */
    0xff, 0x49, 0xff, 0x90, 0xff, 0xcf, 0xff, 0xf8,
    0xff, 0xc0, 0xb, 0xfe, 0xff, 0x60, 0x6, 0xff,
    0xff, 0x50, 0x6, 0xff, 0xff, 0x50, 0x6, 0xff,
    0xff, 0x50, 0x6, 0xff, 0xff, 0x50, 0x6, 0xff,
    0xff, 0x50, 0x6, 0xff,

    /* U+006F "o" */
    0x0, 0x5c, 0xff, 0xb3, 0x0, 0x6, 0xff, 0xef,
    0xff, 0x30, 0xf, 0xfa, 0x0, 0xcf, 0xc0, 0x4f,
    0xf2, 0x0, 0x5f, 0xf1, 0x5f, 0xf0, 0x0, 0x3f,
    0xf2, 0x4f, 0xf2, 0x0, 0x5f, 0xf1, 0xf, 0xfa,
    0x0, 0xcf, 0xd0, 0x6, 0xff, 0xef, 0xff, 0x30,
    0x0, 0x5c, 0xff, 0xb3, 0x0,

    /* U+0070 "p" */
    0xff, 0x5a, 0xfe, 0x90, 0xf, 0xfd, 0xed, 0xff,
    0xa0, 0xff, 0xc0, 0x8, 0xff, 0x2f, 0xf6, 0x0,
    0x1f, 0xf6, 0xff, 0x50, 0x0, 0xff, 0x7f, 0xf7,
    0x0, 0x1f, 0xf6, 0xff, 0xd1, 0x9, 0xff, 0x2f,
    0xfd, 0xff, 0xff, 0xa0, 0xff, 0x59, 0xfe, 0x90,
    0xf, 0xf5, 0x0, 0x0, 0x0, 0xff, 0x50, 0x0,
    0x0, 0xf, 0xf5, 0x0, 0x0, 0x0,

    /* U+0071 "q" */
    0x0, 0x8e, 0xfa, 0x4f, 0xf1, 0x9, 0xff, 0xff,
    0xdf, 0xf1, 0x1f, 0xfa, 0x0, 0xcf, 0xf1, 0x4f,
    0xf2, 0x0, 0x5f, 0xf1, 0x5f, 0xf1, 0x0, 0x3f,
    0xf1, 0x4f, 0xf2, 0x0, 0x5f, 0xf1, 0x1f, 0xfa,
    0x1, 0xcf, 0xf1, 0x8, 0xff, 0xff, 0xdf, 0xf1,
    0x0, 0x8e, 0xfa, 0x4f, 0xf1, 0x0, 0x0, 0x0,
    0x4f, 0xf1, 0x0, 0x0, 0x0, 0x4f, 0xf1, 0x0,
    0x0, 0x0, 0x4f, 0xf1,

    /* U+0072 "r" */
    0x0, 0x0, 0x0, 0xff, 0x5c, 0xf3, 0xff, 0xef,
    0xf3, 0xff, 0xd2, 0x0, 0xff, 0x60, 0x0, 0xff,
    0x50, 0x0, 0xff, 0x50, 0x0, 0xff, 0x50, 0x0,
    0xff, 0x50, 0x0, 0xff, 0x50, 0x0,

    /* U+0073 "s" */
    0x1, 0x9e, 0xfe, 0x91, 0x0, 0xdf, 0xfb, 0xef,
    0xc0, 0x2f, 0xf4, 0x1, 0xa7, 0x0, 0xff, 0xd7,
    0x40, 0x0, 0x4, 0xef, 0xff, 0xf8, 0x0, 0x0,
    0x26, 0xbf, 0xf4, 0x3b, 0xd1, 0x1, 0xff, 0x50,
    0xef, 0xfc, 0xef, 0xe0, 0x1, 0xae, 0xfe, 0x91,
    0x0,

    /* U+0074 "t" */
    0xa, 0xfb, 0x0, 0xa, 0xfb, 0x0, 0xdf, 0xff,
    0xf5, 0xbf, 0xff, 0xd4, 0xa, 0xfb, 0x0, 0xa,
    0xfb, 0x0, 0xa, 0xfb, 0x0, 0xa, 0xfb, 0x0,
    0xa, 0xfc, 0x0, 0x7, 0xff, 0xe5, 0x0, 0xaf,
    0xf7,

    /* U+0075 "u" */
    0xff, 0x50, 0x6, 0xff, 0xff, 0x50, 0x6, 0xff,
    0xff, 0x50, 0x6, 0xff, 0xff, 0x50, 0x6, 0xff,
    0xff, 0x50, 0x6, 0xff, 0xff, 0x60, 0x6, 0xff,
    0xef, 0xc1, 0x2d, 0xff, 0x9f, 0xff, 0xfc, 0xff,
    0x9, 0xff, 0x94, 0xff,

    /* U+0076 "v" */
    0x9f, 0xe0, 0x0, 0x4f, 0xf2, 0x3f, 0xf3, 0x0,
    0x9f, 0xd0, 0xd, 0xf8, 0x0, 0xef, 0x70, 0x8,
    0xfd, 0x3, 0xff, 0x10, 0x2, 0xff, 0x28, 0xfb,
    0x0, 0x0, 0xcf, 0x6c, 0xf6, 0x0, 0x0, 0x6f,
    0xbf, 0xf0, 0x0, 0x0, 0x1f, 0xff, 0xa0, 0x0,
    0x0, 0xb, 0xff, 0x40, 0x0,

    /* U+0077 "w" */
    0x9f, 0xd0, 0x6, 0xff, 0x0, 0x3f, 0xf3, 0x5f,
    0xf0, 0xa, 0xff, 0x30, 0x7f, 0xe0, 0xf, 0xf4,
    0xd, 0xff, 0x70, 0xbf, 0xa0, 0xc, 0xf8, 0x1f,
    0xbf, 0xb0, 0xef, 0x50, 0x7, 0xfb, 0x5f, 0x6d,
    0xe2, 0xff, 0x10, 0x2, 0xfe, 0x9f, 0x29, 0xf7,
    0xfc, 0x0, 0x0, 0xef, 0xee, 0x4, 0xfe, 0xf7,
    0x0, 0x0, 0x9f, 0xf9, 0x0, 0xff, 0xf3, 0x0,
    0x0, 0x5f, 0xf5, 0x0, 0xcf, 0xe0, 0x0,

    /* U+0078 "x" */
    0x3f, 0xf4, 0x0, 0xef, 0x80, 0x9f, 0xd0, 0x8f,
    0xd0, 0x1, 0xef, 0x6f, 0xf4, 0x0, 0x6, 0xff,
    0xfb, 0x0, 0x0, 0xf, 0xff, 0x40, 0x0, 0x8,
    0xfe, 0xfc, 0x0, 0x2, 0xff, 0x3e, 0xf6, 0x0,
    0xbf, 0xa0, 0x6f, 0xf1, 0x5f, 0xf2, 0x0, 0xdf,
    0xa0,

    /* U+0079 "y" */
    0x9f, 0xe0, 0x0, 0x4f, 0xf3, 0x3f, 0xf3, 0x0,
    0x9f, 0xd0, 0xd, 0xf8, 0x0, 0xef, 0x60, 0x6,
    0xfd, 0x4, 0xff, 0x10, 0x1, 0xff, 0x39, 0xfa,
    0x0, 0x0, 0xaf, 0x7e, 0xf4, 0x0, 0x0, 0x4f,
    0xdf, 0xe0, 0x0, 0x0, 0xe, 0xff, 0x80, 0x0,
    0x0, 0x9, 0xff, 0x20, 0x0, 0x0, 0xa, 0xfb,
    0x0, 0x0, 0xa, 0xef, 0xf4, 0x0, 0x0, 0xd,
    0xfd, 0x50, 0x0, 0x0,

    /* U+007A "z" */
    0xe, 0xff, 0xff, 0xff, 0x10, 0xef, 0xff, 0xff,
    0xf0, 0x0, 0x0, 0x3f, 0xf6, 0x0, 0x0, 0x1d,
    0xfa, 0x0, 0x0, 0xb, 0xfd, 0x0, 0x0, 0x7,
    0xff, 0x30, 0x0, 0x4, 0xff, 0x60, 0x0, 0x0,
    0xef, 0xff, 0xff, 0xf3, 0x1f, 0xff, 0xff, 0xff,
    0x30,

    /* U+007B "{" */
    0x0, 0x3, 0x65, 0x0, 0x8f, 0xfb, 0x0, 0xff,
    0xa3, 0x2, 0xff, 0x0, 0x2, 0xff, 0x0, 0x3,
    0xff, 0x0, 0x3a, 0xfb, 0x0, 0xff, 0xa0, 0x0,
    0xff, 0xf9, 0x0, 0x8, 0xff, 0x0, 0x2, 0xff,
    0x0, 0x2, 0xff, 0x0, 0x1, 0xff, 0x30, 0x0,
    0xdf, 0xf9, 0x0, 0x2b, 0xeb,

    /* U+007C "|" */
    0x17, 0x70, 0x2f, 0xf1, 0x2f, 0xf1, 0x2f, 0xf1,
    0x2f, 0xf1, 0x2f, 0xf1, 0x2f, 0xf1, 0x2f, 0xf1,
    0x2f, 0xf1, 0x2f, 0xf1, 0x2f, 0xf1, 0x2f, 0xf1,
    0x2f, 0xf1, 0x2f, 0xf1, 0x2f, 0xf1, 0x2f, 0xf1,
    0x2f, 0xf1, 0x2f, 0xf1, 0x2f, 0xf1, 0x2f, 0xf1,

    /* U+007D "}" */
    0x17, 0x50, 0x0, 0x3, 0xff, 0xe1, 0x0, 0x16,
    0xef, 0x80, 0x0, 0x8, 0xfa, 0x0, 0x0, 0x8f,
    0xa0, 0x0, 0x7, 0xfb, 0x0, 0x0, 0x3f, 0xf5,
    0x10, 0x0, 0x3e, 0xf8, 0x0, 0x2f, 0xff, 0x80,
    0x7, 0xfe, 0x20, 0x0, 0x8f, 0xb0, 0x0, 0x8,
    0xfa, 0x0, 0x0, 0xbf, 0xa0, 0x2, 0xef, 0xf6,
    0x0, 0x3f, 0xd7, 0x0, 0x0,

    /* U+007E "~" */
    0xa, 0xfc, 0x20, 0x2a, 0x66, 0xff, 0xfe, 0x27,
    0xf9, 0xbf, 0x44, 0xff, 0xff, 0x48, 0xa0, 0x3,
    0xdf, 0x80,

    /* U+00A0 " " */

    /* U+00A1 "¡" */
    0x5f, 0xb0, 0xaf, 0xf1, 0x2a, 0x60, 0x1, 0x10,
    0x6f, 0xc0, 0x6f, 0xd0, 0x6f, 0xd0, 0x7f, 0xd0,
    0x7f, 0xe0, 0x7f, 0xe0, 0x8f, 0xe0, 0x8f, 0xf0,

    /* U+00A2 "¢" */
    0x0, 0x0, 0x95, 0x0, 0x0, 0x2, 0xae, 0xe9,
    0x10, 0x3, 0xff, 0xff, 0xfe, 0x10, 0xdf, 0xca,
    0x7d, 0xf9, 0x2f, 0xf3, 0x95, 0x47, 0x35, 0xff,
    0x19, 0x50, 0x0, 0x5f, 0xf0, 0x95, 0x0, 0x3,
    0xff, 0x39, 0x55, 0x84, 0xd, 0xfc, 0xa7, 0xdf,
    0x90, 0x3f, 0xff, 0xff, 0xe1, 0x0, 0x3a, 0xfe,
    0x91, 0x0, 0x0, 0x9, 0x50, 0x0,

    /* U+00A3 "£" */
    0x0, 0x6, 0xdf, 0xe9, 0x0, 0x0, 0x8f, 0xff,
    0xff, 0xb0, 0x0, 0xff, 0x80, 0x4f, 0xf4, 0x2,
    0xff, 0x10, 0x6, 0x61, 0x2, 0xff, 0x10, 0x0,
    0x0, 0x29, 0xff, 0x98, 0x81, 0x0, 0x4f, 0xff,
    0xff, 0xf3, 0x0, 0x0, 0xff, 0x30, 0x0, 0x0,
    0x0, 0xff, 0x30, 0x0, 0x0, 0x3, 0xfc, 0x0,
    0xa, 0xe7, 0x4f, 0xff, 0xff, 0xff, 0xf6, 0x4f,
    0xff, 0xff, 0xff, 0xa0,

    /* U+00A4 "¤" */
    0x1, 0x0, 0x11, 0x0, 0x1, 0xa, 0xe6, 0xdf,
    0xfe, 0x7c, 0xd0, 0x3f, 0xfc, 0x65, 0xaf, 0xf6,
    0x2, 0xfa, 0x0, 0x0, 0x7f, 0x40, 0x7f, 0x0,
    0x0, 0x0, 0xda, 0xa, 0xc0, 0x0, 0x0, 0x9,
    0xd0, 0xac, 0x0, 0x0, 0x0, 0xad, 0x7, 0xf1,
    0x0, 0x0, 0xe, 0xa0, 0x1f, 0xb0, 0x0, 0x9,
    0xf3, 0x8, 0xff, 0xe8, 0x8d, 0xff, 0xb0, 0x6a,
    0x3b, 0xff, 0xc4, 0x79, 0x0, 0x0, 0x0, 0x0,
    0x0, 0x0,

    /* U+00A5 "¥" */
    0x8f, 0xd0, 0x0, 0xcf, 0xb2, 0xff, 0x40, 0x2f,
    0xf4, 0xb, 0xfa, 0x8, 0xfd, 0x0, 0x4f, 0xf1,
    0xef, 0x60, 0x0, 0xdf, 0xbf, 0xe0, 0x0, 0x6,
    0xff, 0xf8, 0x0, 0x2f, 0xff, 0xff, 0xff, 0x1,
    0xaa, 0xef, 0xea, 0xa0, 0x2f, 0xff, 0xff, 0xff,
    0x0, 0x44, 0xcf, 0xc4, 0x40, 0x0, 0xa, 0xfb,
    0x0, 0x0, 0x0, 0xaf, 0xb0, 0x0,

    /* U+00A6 "¦" */
    0x5f, 0xc5, 0xfc, 0x5f, 0xc5, 0xfc, 0x5f, 0xc2,
    0x75, 0x0, 0x0, 0x0, 0x28, 0x65, 0xfc, 0x5f,
    0xc5, 0xfc, 0x5f, 0xc5, 0xfc,

    /* U+00A7 "§" */
    0x0, 0x8e, 0xfe, 0x70, 0x0, 0x7f, 0xfd, 0xff,
    0x60, 0xc, 0xf6, 0x5, 0xe8, 0x0, 0xaf, 0x90,
    0x0, 0x0, 0x2, 0xef, 0xe8, 0x20, 0x0, 0x8d,
    0x8d, 0xff, 0x80, 0x3f, 0x90, 0x4, 0xef, 0x32,
    0xfe, 0x50, 0x8, 0xf4, 0x7, 0xff, 0xd8, 0xd9,
    0x0, 0x2, 0x8e, 0xff, 0x30, 0x0, 0x0, 0x9,
    0xfc, 0x0, 0xbf, 0x40, 0x5f, 0xd0, 0x8, 0xff,
    0xef, 0xf8, 0x0, 0x8, 0xef, 0xe8, 0x0,

    /* U+00A8 "¨" */
    0x13, 0x0, 0x41, 0xdf, 0x55, 0xfc, 0xae, 0x33,
    0xf9,

    /* U+00A9 "©" */
    0x0, 0x4, 0xbe, 0xfe, 0x91, 0x0, 0x0, 0x9,
    0xff, 0xfe, 0xff, 0xf4, 0x0, 0x8, 0xfe, 0x67,
    0x97, 0x8f, 0xf3, 0x2, 0xfe, 0x3e, 0xff, 0xfb,
    0x6f, 0xc0, 0x7f, 0x7a, 0xf5, 0x9, 0xf4, 0xdf,
    0x1a, 0xf3, 0xdc, 0x0, 0x0, 0x9, 0xf4, 0xaf,
    0x3b, 0xe1, 0x4, 0xa3, 0x9f, 0x47, 0xf7, 0x4f,
    0xea, 0xfe, 0xd, 0xf1, 0x2f, 0xe2, 0x5d, 0xfc,
    0x26, 0xfc, 0x0, 0x8f, 0xe5, 0x0, 0x18, 0xff,
    0x30, 0x0, 0x9f, 0xff, 0xef, 0xff, 0x40, 0x0,
    0x0, 0x4b, 0xef, 0xe9, 0x10, 0x0,

    /* U+00AA "ª" */
    0x5, 0xdf, 0xe8, 0x2, 0xfc, 0x6a, 0xf6, 0x0,
    0x13, 0x8f, 0x91, 0xbf, 0xfe, 0xf9, 0x7f, 0x70,
    0x3f, 0x97, 0xf9, 0x5c, 0xf9, 0x1b, 0xfe, 0x7f,
    0x90,

    /* U+00AB "«" */
    0x0, 0x9, 0xfd, 0x2d, 0xf9, 0x0, 0x6f, 0xf2,
    0xbf, 0xb0, 0x4, 0xff, 0x49, 0xfd, 0x10, 0x1f,
    0xf8, 0x6f, 0xf2, 0x0, 0xa, 0xfd, 0x2e, 0xf8,
    0x0, 0x0, 0xcf, 0xa3, 0xff, 0x50, 0x0, 0x1e,
    0xf7, 0x5f, 0xf3, 0x0, 0x3, 0x88, 0x15, 0x86,

    /* U+00AC "¬" */
    0x4e, 0xee, 0xee, 0xea, 0x5f, 0xff, 0xff, 0xfc,
    0x0, 0x0, 0x3, 0xfc, 0x0, 0x0, 0x3, 0xfc,

    /* U+00AE "®" */
    0x0, 0x0, 0x0, 0x0, 0x0, 0x0, 0x1a, 0xff,
    0xd6, 0x0, 0x2, 0xec, 0x53, 0x7e, 0xa0, 0xb,
    0xb5, 0xed, 0xa2, 0xf5, 0x1f, 0x25, 0xb0, 0xf1,
    0x8b, 0x3f, 0x5, 0xeb, 0xb0, 0x5d, 0x2f, 0x15,
    0xb4, 0xd0, 0x7c, 0xc, 0x82, 0x50, 0x72, 0xe6,
    0x3, 0xf9, 0x20, 0x4d, 0xc0, 0x0, 0x3c, 0xff,
    0xf9, 0x0, 0x0, 0x0, 0x23, 0x0, 0x0,

    /* U+00AF "¯" */
    0x68, 0x88, 0x6c, 0xff, 0xfc,

    /* U+00B0 "°" */
    0x0, 0x59, 0x70, 0x0, 0x8f, 0xff, 0xd0, 0xf,
    0xc0, 0x6f, 0x51, 0xf9, 0x3, 0xf6, 0xc, 0xfa,
    0xef, 0x20, 0x1b, 0xfd, 0x40,

    /* U+00B1 "±" */
    0x0, 0x9, 0xf6, 0x0, 0x0, 0x0, 0x9f, 0x60,
    0x0, 0x8f, 0xff, 0xff, 0xff, 0x67, 0xdd, 0xff,
    0xed, 0xd5, 0x0, 0x9, 0xf6, 0x0, 0x0, 0x0,
    0x9f, 0x60, 0x0, 0x0, 0x0, 0x10, 0x0, 0x8,
    0xff, 0xff, 0xff, 0xf6, 0x8e, 0xee, 0xee, 0xee,
    0x60,

    /* U+00B2 "²" */
    0x6, 0xdf, 0xe9, 0x2, 0xfd, 0x6c, 0xf5, 0x1,
    0x0, 0xaf, 0x30, 0x4, 0xde, 0x40, 0xa, 0xfe,
    0x77, 0x41, 0xff, 0xff, 0xf9,

    /* U+00B3 "³" */
    0x5, 0xdf, 0xfa, 0x10, 0xba, 0x7a, 0xf7, 0x0,
    0x2e, 0xfc, 0x10, 0x10, 0x16, 0xfa, 0x1f, 0xe7,
    0xaf, 0xb0, 0x4c, 0xfe, 0xa1,

    /* U+00B4 "´" */
    0x5, 0x73, 0x1f, 0xe0, 0x7f, 0x40,

    /* U+00B5 "µ" */
    0xff, 0x50, 0x5, 0xff, 0xf, 0xf5, 0x0, 0x5f,
    0xf0, 0xff, 0x50, 0x5, 0xff, 0xf, 0xf5, 0x0,
    0x5f, 0xf0, 0xff, 0x50, 0x5, 0xff, 0xf, 0xf6,
    0x0, 0x6f, 0xf0, 0xff, 0xb0, 0xb, 0xff, 0xf,
    0xff, 0xee, 0xef, 0xfd, 0xff, 0x8d, 0xe3, 0x7f,
    0xff, 0xf5, 0x0, 0x0, 0x0, 0xff, 0x50, 0x0,
    0x0, 0xf, 0xf5, 0x0, 0x0, 0x0,

    /* U+00B6 "¶" */
    0x0, 0x8e, 0xff, 0xff, 0x80, 0xbf, 0xff, 0xee,
    0xf8, 0x2f, 0xff, 0xf3, 0x5f, 0x85, 0xff, 0xff,
    0x35, 0xf8, 0x4f, 0xff, 0xf3, 0x5f, 0x81, 0xff,
    0xff, 0x35, 0xf8, 0x5, 0xff, 0xf3, 0x5f, 0x80,
    0x1, 0x68, 0x25, 0xf8, 0x0, 0x0, 0x0, 0x5f,
    0x80, 0x0, 0x0, 0x5, 0xf8, 0x0, 0x0, 0x0,
    0x5f, 0x80, 0x0, 0x0, 0x5, 0xf8,

    /* U+00B7 "·" */
    0x2b, 0x60, 0xaf, 0xf0, 0x5f, 0xa0,

    /* U+00B8 "¸" */
    0x7, 0x30, 0xc, 0xc4, 0x0, 0x9c, 0x2f, 0xe6,

    /* U+00B9 "¹" */
    0x7, 0xef, 0x72, 0xeb, 0xf7, 0x0, 0x6f, 0x70,
    0x6, 0xf7, 0x0, 0x6f, 0x70, 0x6, 0xf7,

    /* U+00BA "º" */
    0x2, 0xbf, 0xfa, 0x10, 0xe, 0xf8, 0x9f, 0xc0,
    0x5f, 0x90, 0xb, 0xf3, 0x7f, 0x60, 0x9, 0xf5,
    0x5f, 0x90, 0xb, 0xf3, 0xe, 0xf8, 0x9f, 0xc0,
    0x2, 0xbf, 0xfa, 0x10,

    /* U+00BB "»" */
    0x1e, 0xf7, 0x5f, 0xf3, 0x0, 0x3, 0xff, 0x58,
    0xfe, 0x10, 0x0, 0x5f, 0xf3, 0xbf, 0xc0, 0x0,
    0x9, 0xfe, 0x1e, 0xf9, 0x0, 0x1d, 0xf9, 0x4f,
    0xf4, 0x0, 0xbf, 0xb2, 0xff, 0x60, 0x9, 0xfd,
    0x2d, 0xf9, 0x0, 0x18, 0x82, 0x48, 0x70, 0x0,

    /* U+00BC "¼" */
    0x3, 0x96, 0x0, 0x0, 0x4, 0x90, 0x0, 0x4f,
    0xfb, 0x0, 0x0, 0x1f, 0x80, 0x0, 0x54, 0xdb,
    0x0, 0x0, 0xbd, 0x0, 0x0, 0x0, 0xdb, 0x0,
    0x6, 0xf3, 0x0, 0x0, 0x0, 0xdb, 0x0, 0x2f,
    0x80, 0x0, 0x0, 0x0, 0xdb, 0x0, 0xcc, 0x0,
    0x0, 0x0, 0x0, 0xdb, 0x7, 0xf2, 0x1, 0xff,
    0x40, 0x0, 0x0, 0x2f, 0x70, 0xa, 0xff, 0x40,
    0x0, 0x0, 0xdc, 0x0, 0x5f, 0x7f, 0x40, 0x0,
    0x8, 0xf2, 0x0, 0xea, 0x4f, 0x50, 0x0, 0x3f,
    0x60, 0x4, 0xff, 0xff, 0xf0, 0x0, 0xdb, 0x0,
    0x1, 0x44, 0x7f, 0x70, 0x0, 0x20, 0x0, 0x0,
    0x0, 0x2, 0x0,

    /* U+00BD "½" */
    0x1, 0x43, 0x0, 0x0, 0x2, 0x40, 0x0, 0x2e,
    0xfb, 0x0, 0x0, 0xd, 0xb0, 0x0, 0x57, 0xdb,
    0x0, 0x0, 0x9e, 0x10, 0x0, 0x0, 0xdb, 0x0,
    0x4, 0xf5, 0x0, 0x0, 0x0, 0xdb, 0x0, 0x1e,
    0xa0, 0x0, 0x0, 0x0, 0xdb, 0x0, 0xae, 0x10,
    0x0, 0x0, 0x0, 0xdb, 0x5, 0xf4, 0xa, 0xff,
    0xb0, 0x0, 0x33, 0x1e, 0x90, 0x3d, 0x88, 0xf6,
    0x0, 0x0, 0xbd, 0x0, 0x0, 0x5, 0xf3, 0x0,
    0x6, 0xf3, 0x0, 0x0, 0x4f, 0x70, 0x0, 0x2f,
    0x80, 0x0, 0x6, 0xf8, 0x10, 0x0, 0xcc, 0x0,
    0x0, 0x2f, 0xff, 0xf8, 0x1, 0x41, 0x0, 0x0,
    0x4, 0x44, 0x42,

    /* U+00BE "¾" */
    0x0, 0x0, 0x0, 0x0, 0x0, 0x0, 0x0, 0x0,
    0x7f, 0xf9, 0x0, 0x0, 0x8, 0xf2, 0x0, 0x2f,
    0x87, 0xf4, 0x0, 0x3, 0xf7, 0x0, 0x0, 0x0,
    0x5f, 0x50, 0x0, 0xcc, 0x0, 0x0, 0x0, 0xbf,
    0xb0, 0x0, 0x7f, 0x20, 0x0, 0x0, 0x1, 0x6f,
    0x70, 0x2f, 0x70, 0x0, 0x0, 0x27, 0x33, 0xfa,
    0xc, 0xd0, 0x0, 0x0, 0x1, 0xef, 0xff, 0x37,
    0xf3, 0x0, 0xdf, 0x70, 0x0, 0x45, 0x12, 0xf8,
    0x0, 0x7f, 0xf7, 0x0, 0x0, 0x0, 0xcd, 0x0,
    0x2f, 0x7f, 0x70, 0x0, 0x0, 0x6f, 0x30, 0xb,
    0xd1, 0xf8, 0x0, 0x0, 0x1f, 0x80, 0x1, 0xff,
    0xff, 0xf3, 0x0, 0xb, 0xd0, 0x0, 0x4, 0x45,
    0xf9, 0x0, 0x0, 0x21, 0x0, 0x0, 0x0, 0x2,
    0x10,

    /* U+00BF "¿" */
    0x0, 0x3, 0xed, 0x0, 0x0, 0x0, 0x7f, 0xf3,
    0x0, 0x0, 0x1, 0xa8, 0x0, 0x0, 0x0, 0x3,
    0x30, 0x0, 0x0, 0x4, 0xfe, 0x0, 0x0, 0x0,
    0xbf, 0xb0, 0x0, 0x3, 0xef, 0xe3, 0x0, 0x0,
    0xef, 0xc1, 0x0, 0x0, 0x3f, 0xf3, 0x0, 0x55,
    0x12, 0xff, 0x70, 0x4f, 0xf3, 0xc, 0xff, 0xff,
    0xfc, 0x0, 0x9, 0xef, 0xe9, 0x10,

    /* U+00C0 "À" */
    0x0, 0x2, 0x76, 0x0, 0x0, 0x0, 0x0, 0x0,
    0xcf, 0x20, 0x0, 0x0, 0x0, 0x0, 0x3f, 0x90,
    0x0, 0x0, 0x0, 0x0, 0x0, 0x0, 0x0, 0x0,
    0x0, 0x0, 0xcf, 0xfa, 0x0, 0x0, 0x0, 0x2,
    0xff, 0xff, 0x0, 0x0, 0x0, 0x7, 0xfc, 0xff,
    0x50, 0x0, 0x0, 0xc, 0xf8, 0xbf, 0xa0, 0x0,
    0x0, 0x2f, 0xf4, 0x6f, 0xf0, 0x0, 0x0, 0x7f,
    0xf0, 0x2f, 0xf5, 0x0, 0x0, 0xcf, 0xb0, 0xd,
    0xfb, 0x0, 0x2, 0xff, 0xfe, 0xef, 0xff, 0x0,
    0x7, 0xff, 0xff, 0xff, 0xff, 0x60, 0xc, 0xfc,
    0x0, 0x0, 0xef, 0xb0, 0x1f, 0xf7, 0x0, 0x0,
    0x9f, 0xf1, 0x7f, 0xf2, 0x0, 0x0, 0x3f, 0xf6,

    /* U+00C1 "Á" */
    0x0, 0x0, 0x0, 0x77, 0x10, 0x0, 0x0, 0x0,
    0x3, 0xfb, 0x0, 0x0, 0x0, 0x0, 0xa, 0xf1,
    0x0, 0x0, 0x0, 0x0, 0x0, 0x0, 0x0, 0x0,
    0x0, 0x0, 0xcf, 0xfa, 0x0, 0x0, 0x0, 0x2,
    0xff, 0xff, 0x0, 0x0, 0x0, 0x7, 0xfc, 0xff,
    0x50, 0x0, 0x0, 0xc, 0xf8, 0xbf, 0xa0, 0x0,
    0x0, 0x2f, 0xf4, 0x6f, 0xf0, 0x0, 0x0, 0x7f,
    0xf0, 0x2f, 0xf5, 0x0, 0x0, 0xcf, 0xb0, 0xd,
    0xfb, 0x0, 0x2, 0xff, 0xfe, 0xef, 0xff, 0x0,
    0x7, 0xff, 0xff, 0xff, 0xff, 0x60, 0xc, 0xfc,
    0x0, 0x0, 0xef, 0xb0, 0x1f, 0xf7, 0x0, 0x0,
    0x9f, 0xf1, 0x7f, 0xf2, 0x0, 0x0, 0x3f, 0xf6,

    /* U+00C2 "Â" */
    0x0, 0x0, 0x17, 0x70, 0x0, 0x0, 0x0, 0x0,
    0xce, 0xfb, 0x0, 0x0, 0x0, 0xc, 0xf4, 0x5f,
    0xa0, 0x0, 0x0, 0x0, 0x0, 0x0, 0x0, 0x0,
    0x0, 0x0, 0xcf, 0xfa, 0x0, 0x0, 0x0, 0x2,
    0xff, 0xff, 0x0, 0x0, 0x0, 0x7, 0xfc, 0xff,
    0x50, 0x0, 0x0, 0xc, 0xf8, 0xbf, 0xa0, 0x0,
    0x0, 0x2f, 0xf4, 0x6f, 0xf0, 0x0, 0x0, 0x7f,
    0xf0, 0x2f, 0xf5, 0x0, 0x0, 0xcf, 0xb0, 0xd,
    0xfb, 0x0, 0x2, 0xff, 0xfe, 0xef, 0xff, 0x0,
    0x7, 0xff, 0xff, 0xff, 0xff, 0x60, 0xc, 0xfc,
    0x0, 0x0, 0xef, 0xb0, 0x1f, 0xf7, 0x0, 0x0,
    0x9f, 0xf1, 0x7f, 0xf2, 0x0, 0x0, 0x3f, 0xf6,

    /* U+00C3 "Ã" */
    0x0, 0x0, 0x0, 0x0, 0x0, 0x0, 0x0, 0x3,
    0xfe, 0x4b, 0x90, 0x0, 0x0, 0xa, 0xc8, 0xff,
    0x40, 0x0, 0x0, 0x3, 0x20, 0x22, 0x0, 0x0,
    0x0, 0x0, 0xcf, 0xfa, 0x0, 0x0, 0x0, 0x2,
    0xff, 0xff, 0x0, 0x0, 0x0, 0x7, 0xfc, 0xff,
    0x50, 0x0, 0x0, 0xc, 0xf8, 0xbf, 0xa0, 0x0,
    0x0, 0x2f, 0xf4, 0x6f, 0xf0, 0x0, 0x0, 0x7f,
    0xf0, 0x2f, 0xf5, 0x0, 0x0, 0xcf, 0xb0, 0xd,
    0xfb, 0x0, 0x2, 0xff, 0xfe, 0xef, 0xff, 0x0,
    0x7, 0xff, 0xff, 0xff, 0xff, 0x60, 0xc, 0xfc,
    0x0, 0x0, 0xef, 0xb0, 0x1f, 0xf7, 0x0, 0x0,
    0x9f, 0xf1, 0x7f, 0xf2, 0x0, 0x0, 0x3f, 0xf6,

    /* U+00C4 "Ä" */
    0x0, 0x1, 0x30, 0x4, 0x10, 0x0, 0x0, 0xd,
    0xf4, 0x6f, 0xc0, 0x0, 0x0, 0xa, 0xe2, 0x3f,
    0x90, 0x0, 0x0, 0x0, 0x0, 0x0, 0x0, 0x0,
    0x0, 0x0, 0xcf, 0xfa, 0x0, 0x0, 0x0, 0x2,
    0xff, 0xff, 0x0, 0x0, 0x0, 0x7, 0xfc, 0xff,
    0x50, 0x0, 0x0, 0xc, 0xf8, 0xbf, 0xa0, 0x0,
    0x0, 0x2f, 0xf4, 0x6f, 0xf0, 0x0, 0x0, 0x7f,
    0xf0, 0x2f, 0xf5, 0x0, 0x0, 0xcf, 0xb0, 0xd,
    0xfb, 0x0, 0x2, 0xff, 0xfe, 0xef, 0xff, 0x0,
    0x7, 0xff, 0xff, 0xff, 0xff, 0x60, 0xc, 0xfc,
    0x0, 0x0, 0xef, 0xb0, 0x1f, 0xf7, 0x0, 0x0,
    0x9f, 0xf1, 0x7f, 0xf2, 0x0, 0x0, 0x3f, 0xf6,

    /* U+00C5 "Å" */
    0x0, 0x0, 0x6d, 0xd5, 0x0, 0x0, 0x0, 0x1,
    0xf5, 0x6f, 0x0, 0x0, 0x0, 0x1, 0xf2, 0x3f,
    0x0, 0x0, 0x0, 0x0, 0x7e, 0xe6, 0x0, 0x0,
    0x0, 0x0, 0xcf, 0xfa, 0x0, 0x0, 0x0, 0x2,
    0xff, 0xff, 0x0, 0x0, 0x0, 0x7, 0xfc, 0xff,
    0x50, 0x0, 0x0, 0xc, 0xf8, 0xbf, 0xa0, 0x0,
    0x0, 0x2f, 0xf4, 0x6f, 0xf0, 0x0, 0x0, 0x7f,
    0xf0, 0x2f, 0xf5, 0x0, 0x0, 0xcf, 0xb0, 0xd,
    0xfb, 0x0, 0x2, 0xff, 0xfe, 0xef, 0xff, 0x0,
    0x7, 0xff, 0xff, 0xff, 0xff, 0x60, 0xc, 0xfc,
    0x0, 0x0, 0xef, 0xb0, 0x1f, 0xf7, 0x0, 0x0,
    0x9f, 0xf1, 0x7f, 0xf2, 0x0, 0x0, 0x3f, 0xf6,

    /* U+00C6 "Æ" */
    0x0, 0x0, 0xc, 0xff, 0xff, 0xff, 0xff, 0xf7,
    0x0, 0x0, 0x3f, 0xfb, 0xff, 0xff, 0xff, 0xf7,
    0x0, 0x0, 0xaf, 0xd3, 0xff, 0x10, 0x0, 0x0,
    0x0, 0x1, 0xff, 0x63, 0xff, 0x10, 0x0, 0x0,
    0x0, 0x7, 0xff, 0x3, 0xff, 0x10, 0x0, 0x0,
    0x0, 0xe, 0xf9, 0x3, 0xff, 0xff, 0xff, 0xf1,
    0x0, 0x4f, 0xf3, 0x3, 0xff, 0xff, 0xff, 0xf1,
    0x0, 0xbf, 0xfc, 0xcc, 0xff, 0x10, 0x0, 0x0,
    0x2, 0xff, 0xff, 0xff, 0xff, 0x10, 0x0, 0x0,
    0x9, 0xff, 0x0, 0x3, 0xff, 0x10, 0x0, 0x0,
    0xf, 0xf9, 0x0, 0x3, 0xff, 0xff, 0xff, 0xf8,
    0x6f, 0xf3, 0x0, 0x3, 0xff, 0xff, 0xff, 0xf8,

    /* U+00C7 "Ç" */
    0x0, 0x5, 0xcf, 0xfd, 0x80, 0x0, 0x0, 0x9f,
    0xff, 0xff, 0xfd, 0x10, 0x6, 0xff, 0xb3, 0x37,
    0xff, 0xa0, 0xd, 0xfc, 0x0, 0x0, 0x7f, 0xf0,
    0x2f, 0xf5, 0x0, 0x0, 0x2, 0x20, 0x3f, 0xf2,
    0x0, 0x0, 0x0, 0x0, 0x3f, 0xf2, 0x0, 0x0,
    0x0, 0x0, 0x2f, 0xf5, 0x0, 0x0, 0x2, 0x20,
    0xd, 0xfc, 0x0, 0x0, 0x8f, 0xf0, 0x6, 0xff,
    0xb3, 0x37, 0xff, 0x90, 0x0, 0x9f, 0xff, 0xff,
    0xfc, 0x0, 0x0, 0x5, 0xcf, 0xfd, 0x70, 0x0,
    0x0, 0x0, 0x8, 0xc4, 0x0, 0x0, 0x0, 0x0,
    0x1, 0x6f, 0x0, 0x0, 0x0, 0x0, 0xd, 0xfb,
    0x0, 0x0,

    /* U+00C8 "È" */
    0x2, 0x76, 0x0, 0x0, 0x0, 0xcf, 0x20, 0x0,
    0x0, 0x2f, 0x90, 0x0, 0x0, 0x0, 0x0, 0x0,
    0xff, 0xff, 0xff, 0xfd, 0xff, 0xff, 0xff, 0xfd,
    0xff, 0x70, 0x0, 0x0, 0xff, 0x70, 0x0, 0x0,
    0xff, 0x70, 0x0, 0x0, 0xff, 0xff, 0xff, 0xf6,
    0xff, 0xff, 0xff, 0xf7, 0xff, 0x70, 0x0, 0x0,
    0xff, 0x70, 0x0, 0x0, 0xff, 0x70, 0x0, 0x0,
    0xff, 0xff, 0xff, 0xfd, 0xff, 0xff, 0xff, 0xfd,

    /* U+00C9 "É" */
    0x0, 0x0, 0x77, 0x10, 0x0, 0x3, 0xfb, 0x0,
    0x0, 0xa, 0xf2, 0x0, 0x0, 0x0, 0x0, 0x0,
    0xff, 0xff, 0xff, 0xfd, 0xff, 0xff, 0xff, 0xfd,
    0xff, 0x70, 0x0, 0x0, 0xff, 0x70, 0x0, 0x0,
    0xff, 0x70, 0x0, 0x0, 0xff, 0xff, 0xff, 0xf6,
    0xff, 0xff, 0xff, 0xf7, 0xff, 0x70, 0x0, 0x0,
    0xff, 0x70, 0x0, 0x0, 0xff, 0x70, 0x0, 0x0,
    0xff, 0xff, 0xff, 0xfd, 0xff, 0xff, 0xff, 0xfd,

    /* U+00CA "Ê" */
    0x0, 0x17, 0x70, 0x0, 0x0, 0xce, 0xfb, 0x0,
    0xb, 0xf4, 0x5f, 0xa0, 0x0, 0x0, 0x0, 0x0,
    0xff, 0xff, 0xff, 0xfd, 0xff, 0xff, 0xff, 0xfd,
    0xff, 0x70, 0x0, 0x0, 0xff, 0x70, 0x0, 0x0,
    0xff, 0x70, 0x0, 0x0, 0xff, 0xff, 0xff, 0xf6,
    0xff, 0xff, 0xff, 0xf7, 0xff, 0x70, 0x0, 0x0,
    0xff, 0x70, 0x0, 0x0, 0xff, 0x70, 0x0, 0x0,
    0xff, 0xff, 0xff, 0xfd, 0xff, 0xff, 0xff, 0xfd,

    /* U+00CB "Ë" */
    0x1, 0x30, 0x4, 0x10, 0xd, 0xf4, 0x5f, 0xc0,
    0xa, 0xe3, 0x3f, 0x90, 0x0, 0x0, 0x0, 0x0,
    0xff, 0xff, 0xff, 0xfd, 0xff, 0xff, 0xff, 0xfd,
    0xff, 0x70, 0x0, 0x0, 0xff, 0x70, 0x0, 0x0,
    0xff, 0x70, 0x0, 0x0, 0xff, 0xff, 0xff, 0xf6,
    0xff, 0xff, 0xff, 0xf7, 0xff, 0x70, 0x0, 0x0,
    0xff, 0x70, 0x0, 0x0, 0xff, 0x70, 0x0, 0x0,
    0xff, 0xff, 0xff, 0xfd, 0xff, 0xff, 0xff, 0xfd,

    /* U+00CC "Ì" */
    0x7, 0x70, 0x0, 0x8f, 0x70, 0x0, 0xdd, 0x0,
    0x0, 0x0, 0x0, 0xff, 0x70, 0xf, 0xf7, 0x0,
    0xff, 0x70, 0xf, 0xf7, 0x0, 0xff, 0x70, 0xf,
    0xf7, 0x0, 0xff, 0x70, 0xf, 0xf7, 0x0, 0xff,
    0x70, 0xf, 0xf7, 0x0, 0xff, 0x70, 0xf, 0xf7,

    /* U+00CD "Í" */
    0x4, 0x74, 0xe, 0xe1, 0x5f, 0x60, 0x0, 0x0,
    0xff, 0x70, 0xff, 0x70, 0xff, 0x70, 0xff, 0x70,
    0xff, 0x70, 0xff, 0x70, 0xff, 0x70, 0xff, 0x70,
    0xff, 0x70, 0xff, 0x70, 0xff, 0x70, 0xff, 0x70,

    /* U+00CE "Î" */
    0x0, 0x68, 0x30, 0x0, 0x9f, 0xee, 0x20, 0x8f,
    0x81, 0xed, 0x10, 0x0, 0x0, 0x0, 0x0, 0xff,
    0x70, 0x0, 0xf, 0xf7, 0x0, 0x0, 0xff, 0x70,
    0x0, 0xf, 0xf7, 0x0, 0x0, 0xff, 0x70, 0x0,
    0xf, 0xf7, 0x0, 0x0, 0xff, 0x70, 0x0, 0xf,
    0xf7, 0x0, 0x0, 0xff, 0x70, 0x0, 0xf, 0xf7,
    0x0, 0x0, 0xff, 0x70, 0x0, 0xf, 0xf7, 0x0,

    /* U+00CF "Ï" */
    0x4, 0x0, 0x22, 0x8, 0xf9, 0x1f, 0xf1, 0x6f,
    0x60, 0xdd, 0x0, 0x0, 0x0, 0x0, 0x0, 0xff,
    0x70, 0x0, 0xf, 0xf7, 0x0, 0x0, 0xff, 0x70,
    0x0, 0xf, 0xf7, 0x0, 0x0, 0xff, 0x70, 0x0,
    0xf, 0xf7, 0x0, 0x0, 0xff, 0x70, 0x0, 0xf,
    0xf7, 0x0, 0x0, 0xff, 0x70, 0x0, 0xf, 0xf7,
    0x0, 0x0, 0xff, 0x70, 0x0, 0xf, 0xf7, 0x0,

    /* U+00D0 "Ð" */
    0x5, 0xff, 0xff, 0xfc, 0x60, 0x0, 0x5, 0xff,
    0xff, 0xff, 0xfc, 0x0, 0x5, 0xff, 0x21, 0x28,
    0xff, 0x90, 0x5, 0xff, 0x0, 0x0, 0x8f, 0xf1,
    0x5, 0xff, 0x0, 0x0, 0x1f, 0xf4, 0x8c, 0xff,
    0xaa, 0x50, 0xf, 0xf6, 0xdf, 0xff, 0xff, 0x80,
    0xf, 0xf6, 0x5, 0xff, 0x0, 0x0, 0x1f, 0xf4,
    0x5, 0xff, 0x0, 0x0, 0x8f, 0xf0, 0x5, 0xff,
    0x21, 0x28, 0xff, 0x90, 0x5, 0xff, 0xff, 0xff,
    0xfc, 0x0, 0x5, 0xff, 0xff, 0xfc, 0x60, 0x0,

    /* U+00D1 "Ñ" */
    0x0, 0x0, 0x0, 0x1, 0x0, 0x0, 0x2, 0xee,
    0x59, 0xc0, 0x0, 0x0, 0x8d, 0x6f, 0xf6, 0x0,
    0x0, 0x2, 0x20, 0x12, 0x0, 0x0, 0xff, 0xf1,
    0x0, 0x4, 0xff, 0x2f, 0xff, 0xa0, 0x0, 0x4f,
    0xf2, 0xff, 0xff, 0x40, 0x4, 0xff, 0x2f, 0xfd,
    0xfd, 0x0, 0x4f, 0xf2, 0xff, 0x7f, 0xf7, 0x4,
    0xff, 0x2f, 0xf7, 0x7f, 0xf2, 0x4f, 0xf2, 0xff,
    0x70, 0xdf, 0xa4, 0xff, 0x2f, 0xf8, 0x4, 0xff,
    0x7f, 0xf2, 0xff, 0x80, 0xa, 0xfd, 0xff, 0x2f,
    0xf8, 0x0, 0x1f, 0xff, 0xf2, 0xff, 0x80, 0x0,
    0x7f, 0xff, 0x2f, 0xf8, 0x0, 0x0, 0xdf, 0xf2,

    /* U+00D2 "Ò" */
    0x0, 0x0, 0x77, 0x0, 0x0, 0x0, 0x0, 0x0,
    0x9f, 0x50, 0x0, 0x0, 0x0, 0x0, 0x1e, 0xc0,
    0x0, 0x0, 0x0, 0x0, 0x0, 0x0, 0x0, 0x0,
    0x0, 0x5, 0xcf, 0xfd, 0x80, 0x0, 0x0, 0x9f,
    0xff, 0xff, 0xfd, 0x10, 0x6, 0xff, 0xb3, 0x37,
    0xff, 0xb0, 0xd, 0xfc, 0x0, 0x0, 0x6f, 0xf3,
    0x1f, 0xf5, 0x0, 0x0, 0xf, 0xf7, 0x3f, 0xf2,
    0x0, 0x0, 0xd, 0xf9, 0x3f, 0xf2, 0x0, 0x0,
    0xd, 0xf9, 0x2f, 0xf5, 0x0, 0x0, 0xf, 0xf7,
    0xd, 0xfc, 0x0, 0x0, 0x6f, 0xf3, 0x6, 0xff,
    0xb3, 0x37, 0xff, 0xb0, 0x0, 0x9f, 0xff, 0xff,
    0xfd, 0x10, 0x0, 0x5, 0xcf, 0xfd, 0x80, 0x0,

    /* U+00D3 "Ó" */
    0x0, 0x0, 0x0, 0x57, 0x30, 0x0, 0x0, 0x0,
    0x1, 0xfe, 0x0, 0x0, 0x0, 0x0, 0x7, 0xf4,
    0x0, 0x0, 0x0, 0x0, 0x0, 0x0, 0x0, 0x0,
    0x0, 0x5, 0xcf, 0xfd, 0x80, 0x0, 0x0, 0x9f,
    0xff, 0xff, 0xfd, 0x10, 0x6, 0xff, 0xb3, 0x37,
    0xff, 0xb0, 0xd, 0xfc, 0x0, 0x0, 0x6f, 0xf3,
    0x1f, 0xf5, 0x0, 0x0, 0xf, 0xf7, 0x3f, 0xf2,
    0x0, 0x0, 0xd, 0xf9, 0x3f, 0xf2, 0x0, 0x0,
    0xd, 0xf9, 0x2f, 0xf5, 0x0, 0x0, 0xf, 0xf7,
    0xd, 0xfc, 0x0, 0x0, 0x6f, 0xf3, 0x6, 0xff,
    0xb3, 0x37, 0xff, 0xb0, 0x0, 0x9f, 0xff, 0xff,
    0xfd, 0x10, 0x0, 0x5, 0xcf, 0xfd, 0x80, 0x0,

    /* U+00D4 "Ô" */
    0x0, 0x0, 0x7, 0x82, 0x0, 0x0, 0x0, 0x0,
    0xaf, 0xed, 0x10, 0x0, 0x0, 0x9, 0xf7, 0x2f,
    0xd0, 0x0, 0x0, 0x0, 0x0, 0x0, 0x0, 0x0,
    0x0, 0x5, 0xcf, 0xfd, 0x80, 0x0, 0x0, 0x9f,
    0xff, 0xff, 0xfd, 0x10, 0x6, 0xff, 0xb3, 0x37,
    0xff, 0xb0, 0xd, 0xfc, 0x0, 0x0, 0x6f, 0xf3,
    0x1f, 0xf5, 0x0, 0x0, 0xf, 0xf7, 0x3f, 0xf2,
    0x0, 0x0, 0xd, 0xf9, 0x3f, 0xf2, 0x0, 0x0,
    0xd, 0xf9, 0x2f, 0xf5, 0x0, 0x0, 0xf, 0xf7,
    0xd, 0xfc, 0x0, 0x0, 0x6f, 0xf3, 0x6, 0xff,
    0xb3, 0x37, 0xff, 0xb0, 0x0, 0x9f, 0xff, 0xff,
    0xfd, 0x10, 0x0, 0x5, 0xcf, 0xfd, 0x80, 0x0,

    /* U+00D5 "Õ" */
    0x0, 0x0, 0x1, 0x11, 0x10, 0x0, 0x0, 0x4,
    0xff, 0xff, 0xb0, 0x0, 0x0, 0x2, 0x44, 0x43,
    0x0, 0x0, 0x0, 0x0, 0x0, 0x0, 0x0, 0x0,
    0x0, 0x5, 0xcf, 0xfd, 0x80, 0x0, 0x0, 0x9f,
    0xff, 0xff, 0xfd, 0x10, 0x6, 0xff, 0xb3, 0x37,
    0xff, 0xb0, 0xd, 0xfc, 0x0, 0x0, 0x6f, 0xf3,
    0x1f, 0xf5, 0x0, 0x0, 0xf, 0xf7, 0x3f, 0xf2,
    0x0, 0x0, 0xd, 0xf9, 0x3f, 0xf2, 0x0, 0x0,
    0xd, 0xf9, 0x2f, 0xf5, 0x0, 0x0, 0xf, 0xf7,
    0xd, 0xfc, 0x0, 0x0, 0x6f, 0xf3, 0x6, 0xff,
    0xb3, 0x37, 0xff, 0xb0, 0x0, 0x9f, 0xff, 0xff,
    0xfd, 0x10, 0x0, 0x5, 0xcf, 0xfd, 0x80, 0x0,

    /* U+00D6 "Ö" */
    0x0, 0x0, 0x40, 0x3, 0x20, 0x0, 0x0, 0xa,
    0xf8, 0x2f, 0xf0, 0x0, 0x0, 0x7, 0xf5, 0x1e,
    0xc0, 0x0, 0x0, 0x0, 0x0, 0x0, 0x0, 0x0,
    0x0, 0x5, 0xcf, 0xfd, 0x80, 0x0, 0x0, 0x9f,
    0xff, 0xff, 0xfd, 0x10, 0x6, 0xff, 0xb3, 0x37,
    0xff, 0xb0, 0xd, 0xfc, 0x0, 0x0, 0x6f, 0xf3,
    0x1f, 0xf5, 0x0, 0x0, 0xf, 0xf7, 0x3f, 0xf2,
    0x0, 0x0, 0xd, 0xf9, 0x3f, 0xf2, 0x0, 0x0,
    0xd, 0xf9, 0x2f, 0xf5, 0x0, 0x0, 0xf, 0xf7,
    0xd, 0xfc, 0x0, 0x0, 0x6f, 0xf3, 0x6, 0xff,
    0xb3, 0x37, 0xff, 0xb0, 0x0, 0x9f, 0xff, 0xff,
    0xfd, 0x10, 0x0, 0x5, 0xcf, 0xfd, 0x80, 0x0,

    /* U+00D7 "×" */
    0x8, 0x30, 0x0, 0x47, 0x6, 0xff, 0x30, 0x4f,
    0xf4, 0xb, 0xff, 0x7f, 0xfa, 0x0, 0xb, 0xff,
    0xfa, 0x0, 0x0, 0x4f, 0xff, 0x30, 0x0, 0x3f,
    0xff, 0xfe, 0x20, 0x3f, 0xfb, 0x1c, 0xfe, 0x23,
    0xfb, 0x0, 0xc, 0xe2, 0x2, 0x0, 0x0, 0x2,
    0x0,

    /* U+00D8 "Ø" */
    0x0, 0x0, 0x0, 0x0, 0x1, 0x0, 0x0, 0x5,
    0xcf, 0xfd, 0x8d, 0xa0, 0x0, 0x9f, 0xff, 0xff,
    0xff, 0x40, 0x6, 0xff, 0xb3, 0x3a, 0xff, 0xb0,
    0xd, 0xfc, 0x0, 0xe, 0xff, 0xf3, 0x1f, 0xf5,
    0x0, 0xaf, 0x2f, 0xf7, 0x3f, 0xf2, 0x5, 0xf6,
    0xd, 0xf9, 0x3f, 0xf2, 0x1e, 0xa0, 0xd, 0xf9,
    0x2f, 0xf5, 0xbe, 0x10, 0xf, 0xf7, 0xd, 0xfe,
    0xf4, 0x0, 0x6f, 0xf3, 0x6, 0xff, 0xe3, 0x37,
    0xff, 0xb0, 0x0, 0xef, 0xff, 0xff, 0xfd, 0x10,
    0x4, 0xf7, 0xcf, 0xfd, 0x80, 0x0, 0x0, 0x10,
    0x0, 0x0, 0x0, 0x0,

    /* U+00D9 "Ù" */
    0x0, 0x37, 0x50, 0x0, 0x0, 0x0, 0xe, 0xf1,
    0x0, 0x0, 0x0, 0x4, 0xf7, 0x0, 0x0, 0x0,
    0x0, 0x0, 0x0, 0x0, 0xff, 0x70, 0x0, 0xb,
    0xfa, 0xff, 0x70, 0x0, 0xb, 0xfa, 0xff, 0x70,
    0x0, 0xb, 0xfa, 0xff, 0x70, 0x0, 0xb, 0xfa,
    0xff, 0x70, 0x0, 0xb, 0xfa, 0xff, 0x70, 0x0,
    0xb, 0xfa, 0xff, 0x70, 0x0, 0xb, 0xfa, 0xef,
    0x70, 0x0, 0xb, 0xfa, 0xdf, 0xa0, 0x0, 0xe,
    0xf9, 0x8f, 0xf8, 0x33, 0xbf, 0xf4, 0x1d, 0xff,
    0xff, 0xff, 0x90, 0x0, 0x8d, 0xff, 0xc5, 0x0,

    /* U+00DA "Ú" */
    0x0, 0x0, 0x7, 0x70, 0x0, 0x0, 0x0, 0x5f,
    0xa0, 0x0, 0x0, 0x0, 0xce, 0x10, 0x0, 0x0,
    0x0, 0x0, 0x0, 0x0, 0xff, 0x70, 0x0, 0xb,
    0xfa, 0xff, 0x70, 0x0, 0xb, 0xfa, 0xff, 0x70,
    0x0, 0xb, 0xfa, 0xff, 0x70, 0x0, 0xb, 0xfa,
    0xff, 0x70, 0x0, 0xb, 0xfa, 0xff, 0x70, 0x0,
    0xb, 0xfa, 0xff, 0x70, 0x0, 0xb, 0xfa, 0xef,
    0x70, 0x0, 0xb, 0xfa, 0xdf, 0xa0, 0x0, 0xe,
    0xf9, 0x8f, 0xf8, 0x33, 0xbf, 0xf4, 0x1d, 0xff,
    0xff, 0xff, 0x90, 0x0, 0x8d, 0xff, 0xc5, 0x0,

    /* U+00DB "Û" */
    0x0, 0x2, 0x87, 0x0, 0x0, 0x0, 0x1d, 0xef,
    0xa0, 0x0, 0x1, 0xdf, 0x26, 0xf9, 0x0, 0x0,
    0x0, 0x0, 0x0, 0x0, 0xff, 0x70, 0x0, 0xb,
    0xfa, 0xff, 0x70, 0x0, 0xb, 0xfa, 0xff, 0x70,
    0x0, 0xb, 0xfa, 0xff, 0x70, 0x0, 0xb, 0xfa,
    0xff, 0x70, 0x0, 0xb, 0xfa, 0xff, 0x70, 0x0,
    0xb, 0xfa, 0xff, 0x70, 0x0, 0xb, 0xfa, 0xef,
    0x70, 0x0, 0xb, 0xfa, 0xdf, 0xa0, 0x0, 0xe,
    0xf9, 0x8f, 0xf8, 0x33, 0xbf, 0xf4, 0x1d, 0xff,
    0xff, 0xff, 0x90, 0x0, 0x8d, 0xff, 0xc5, 0x0,

    /* U+00DC "Ü" */
    0x0, 0x23, 0x0, 0x40, 0x0, 0x0, 0xef, 0x37,
    0xfa, 0x0, 0x0, 0xce, 0x15, 0xf7, 0x0, 0x0,
    0x0, 0x0, 0x0, 0x0, 0xff, 0x70, 0x0, 0xb,
    0xfa, 0xff, 0x70, 0x0, 0xb, 0xfa, 0xff, 0x70,
    0x0, 0xb, 0xfa, 0xff, 0x70, 0x0, 0xb, 0xfa,
    0xff, 0x70, 0x0, 0xb, 0xfa, 0xff, 0x70, 0x0,
    0xb, 0xfa, 0xff, 0x70, 0x0, 0xb, 0xfa, 0xef,
    0x70, 0x0, 0xb, 0xfa, 0xdf, 0xa0, 0x0, 0xe,
    0xf9, 0x8f, 0xf8, 0x33, 0xbf, 0xf4, 0x1d, 0xff,
    0xff, 0xff, 0x90, 0x0, 0x8d, 0xff, 0xc5, 0x0,

    /* U+00DD "Ý" */
    0x0, 0x0, 0x0, 0x77, 0x0, 0x0, 0x0, 0x0,
    0x5, 0xf9, 0x0, 0x0, 0x0, 0x0, 0xc, 0xe1,
    0x0, 0x0, 0x0, 0x0, 0x0, 0x0, 0x0, 0x0,
    0x5f, 0xf6, 0x0, 0x0, 0xbf, 0xf1, 0xb, 0xfe,
    0x0, 0x3, 0xff, 0x70, 0x2, 0xff, 0x70, 0xb,
    0xfd, 0x0, 0x0, 0x9f, 0xf1, 0x4f, 0xf5, 0x0,
    0x0, 0x1e, 0xf8, 0xbf, 0xc0, 0x0, 0x0, 0x7,
    0xff, 0xff, 0x30, 0x0, 0x0, 0x0, 0xdf, 0xfa,
    0x0, 0x0, 0x0, 0x0, 0x5f, 0xf2, 0x0, 0x0,
    0x0, 0x0, 0x4f, 0xf1, 0x0, 0x0, 0x0, 0x0,
    0x4f, 0xf1, 0x0, 0x0, 0x0, 0x0, 0x4f, 0xf1,
    0x0, 0x0, 0x0, 0x0, 0x4f, 0xf1, 0x0, 0x0,

    /* U+00DE "Þ" */
    0xff, 0x60, 0x0, 0x0, 0xf, 0xf6, 0x0, 0x0,
    0x0, 0xff, 0xfe, 0xdb, 0x50, 0xf, 0xff, 0xff,
    0xff, 0x90, 0xff, 0x60, 0x7, 0xff, 0x2f, 0xf6,
    0x0, 0xe, 0xf6, 0xff, 0x60, 0x0, 0xef, 0x6f,
    0xf6, 0x0, 0x7f, 0xf2, 0xff, 0xff, 0xff, 0xf9,
    0xf, 0xff, 0xed, 0xb5, 0x0, 0xff, 0x60, 0x0,
    0x0, 0xf, 0xf6, 0x0, 0x0, 0x0,

    /* U+00DF "ß" */
    0x5, 0xcf, 0xfd, 0x60, 0x6, 0xff, 0xff, 0xff,
    0x90, 0xdf, 0xc1, 0x1b, 0xff, 0xe, 0xf6, 0x0,
    0x5f, 0xf1, 0xff, 0x60, 0xa, 0xfc, 0xf, 0xf6,
    0x4f, 0xfd, 0x20, 0xff, 0x63, 0xef, 0xfe, 0x2f,
    0xf6, 0x0, 0x1d, 0xfb, 0xff, 0x60, 0x0, 0x8f,
    0xef, 0xf6, 0x0, 0x1d, 0xfc, 0xff, 0x65, 0xff,
    0xff, 0x6f, 0xf6, 0x5f, 0xfd, 0x60,

    /* U+00E0 "à" */
    0x0, 0x57, 0x30, 0x0, 0x0, 0x3, 0xfc, 0x0,
    0x0, 0x0, 0x8, 0xf3, 0x0, 0x0, 0x0, 0x0,
    0x0, 0x0, 0x0, 0x8e, 0xfe, 0xa1, 0x0, 0xcf,
    0xfc, 0xff, 0xd0, 0x18, 0xb2, 0x2, 0xff, 0x30,
    0x0, 0x35, 0x9f, 0xf4, 0x8, 0xff, 0xfe, 0xff,
    0x44, 0xff, 0x61, 0xf, 0xf4, 0x7f, 0xd0, 0x5,
    0xff, 0x43, 0xff, 0xcb, 0xef, 0xf4, 0x6, 0xef,
    0xd4, 0xef, 0x40,

    /* U+00E1 "á" */
    0x0, 0x0, 0x17, 0x60, 0x0, 0x0, 0x9, 0xf6,
    0x0, 0x0, 0x1, 0xfb, 0x0, 0x0, 0x0, 0x0,
    0x0, 0x0, 0x0, 0x8e, 0xfe, 0xa1, 0x0, 0xcf,
    0xfc, 0xff, 0xd0, 0x18, 0xb2, 0x2, 0xff, 0x30,
    0x0, 0x35, 0x9f, 0xf4, 0x8, 0xff, 0xfe, 0xff,
    0x44, 0xff, 0x61, 0xf, 0xf4, 0x7f, 0xd0, 0x5,
    0xff, 0x43, 0xff, 0xcb, 0xef, 0xf4, 0x6, 0xef,
    0xd4, 0xef, 0x40,

    /* U+00E2 "â" */
    0x0, 0x4, 0x86, 0x0, 0x0, 0x7, 0xfa, 0xf9,
    0x0, 0x2, 0x85, 0x4, 0x83, 0x0, 0x0, 0x0,
    0x0, 0x0, 0x0, 0x8e, 0xfe, 0xa1, 0x0, 0xcf,
    0xfc, 0xff, 0xd0, 0x18, 0xb2, 0x2, 0xff, 0x30,
    0x0, 0x35, 0x9f, 0xf4, 0x8, 0xff, 0xfe, 0xff,
    0x44, 0xff, 0x61, 0xf, 0xf4, 0x7f, 0xd0, 0x5,
    0xff, 0x43, 0xff, 0xcb, 0xef, 0xf4, 0x6, 0xef,
    0xd4, 0xef, 0x40,

    /* U+00E3 "ã" */
    0x0, 0x27, 0x50, 0x72, 0x0, 0xe, 0xef, 0xff,
    0x10, 0x0, 0x51, 0x15, 0x20, 0x0, 0x0, 0x0,
    0x0, 0x0, 0x0, 0x8e, 0xfe, 0xa1, 0x0, 0xcf,
    0xfc, 0xff, 0xd0, 0x18, 0xb2, 0x2, 0xff, 0x30,
    0x0, 0x35, 0x9f, 0xf4, 0x8, 0xff, 0xfe, 0xff,
    0x44, 0xff, 0x61, 0xf, 0xf4, 0x7f, 0xd0, 0x5,
    0xff, 0x43, 0xff, 0xcb, 0xef, 0xf4, 0x6, 0xef,
    0xd4, 0xef, 0x40,

    /* U+00E4 "ä" */
    0x0, 0x64, 0x2, 0x70, 0x0, 0x4f, 0xf0, 0xcf,
    0x70, 0x0, 0xb9, 0x6, 0xc2, 0x0, 0x0, 0x0,
    0x0, 0x0, 0x0, 0x8e, 0xfe, 0xa1, 0x0, 0xcf,
    0xfc, 0xff, 0xd0, 0x18, 0xb2, 0x2, 0xff, 0x30,
    0x0, 0x35, 0x9f, 0xf4, 0x8, 0xff, 0xfe, 0xff,
    0x44, 0xff, 0x61, 0xf, 0xf4, 0x7f, 0xd0, 0x5,
    0xff, 0x43, 0xff, 0xcb, 0xef, 0xf4, 0x6, 0xef,
    0xd4, 0xef, 0x40,

    /* U+00E5 "å" */
    0x0, 0x9, 0xeb, 0x10, 0x0, 0x6, 0xd3, 0xba,
    0x0, 0x0, 0x7c, 0x9, 0xa0, 0x0, 0x1, 0xcf,
    0xe3, 0x0, 0x0, 0x0, 0x10, 0x0, 0x0, 0x8,
    0xef, 0xea, 0x10, 0xc, 0xff, 0xcf, 0xfd, 0x1,
    0x8b, 0x20, 0x2f, 0xf3, 0x0, 0x3, 0x59, 0xff,
    0x40, 0x8f, 0xff, 0xef, 0xf4, 0x4f, 0xf6, 0x10,
    0xff, 0x47, 0xfd, 0x0, 0x5f, 0xf4, 0x3f, 0xfc,
    0xbe, 0xff, 0x40, 0x6e, 0xfd, 0x4e, 0xf4,

    /* U+00E6 "æ" */
    0x0, 0x8e, 0xfe, 0x84, 0xcf, 0xfb, 0x20, 0xb,
    0xff, 0xdf, 0xff, 0xfd, 0xef, 0xe2, 0x19, 0xc3,
    0x2, 0xff, 0x70, 0xb, 0xf9, 0x0, 0x1, 0x23,
    0xff, 0x22, 0x27, 0xfe, 0x5, 0xdf, 0xff, 0xff,
    0xff, 0xff, 0xff, 0x3f, 0xf8, 0x55, 0xff, 0x55,
    0x55, 0x55, 0x7f, 0xd0, 0x6, 0xff, 0x70, 0x6,
    0xa7, 0x4f, 0xfe, 0xdf, 0xef, 0xfe, 0xdf, 0xf6,
    0x6, 0xdf, 0xe9, 0x14, 0xcf, 0xfc, 0x50,

    /* U+00E7 "ç" */
    0x0, 0x5c, 0xff, 0xb3, 0x0, 0x6f, 0xfe, 0xff,
    0xf3, 0xf, 0xfa, 0x0, 0xcf, 0xa4, 0xff, 0x20,
    0x2, 0x20, 0x5f, 0xf0, 0x0, 0x0, 0x4, 0xff,
    0x20, 0x2, 0x30, 0xf, 0xfa, 0x0, 0xcf, 0xa0,
    0x6f, 0xff, 0xff, 0xf3, 0x0, 0x5c, 0xff, 0xb3,
    0x0, 0x0, 0xb, 0xa2, 0x0, 0x0, 0x0, 0x3a,
    0xc0, 0x0, 0x0, 0x1f, 0xf8, 0x0,

    /* U+00E8 "è" */
    0x0, 0x37, 0x40, 0x0, 0x0, 0x1, 0xee, 0x0,
    0x0, 0x0, 0x5, 0xf6, 0x0, 0x0, 0x0, 0x0,
    0x0, 0x0, 0x0, 0x5c, 0xff, 0xa2, 0x0, 0x6f,
    0xfd, 0xef, 0xe1, 0xf, 0xf6, 0x0, 0xcf, 0x94,
    0xff, 0x22, 0x28, 0xfd, 0x5f, 0xff, 0xff, 0xff,
    0xe4, 0xff, 0x55, 0x55, 0x54, 0xf, 0xf7, 0x0,
    0x68, 0x40, 0x7f, 0xfe, 0xdf, 0xf5, 0x0, 0x5c,
    0xff, 0xc5, 0x0,

    /* U+00E9 "é" */
    0x0, 0x0, 0x7, 0x70, 0x0, 0x0, 0x6, 0xf9,
    0x0, 0x0, 0x0, 0xdd, 0x0, 0x0, 0x0, 0x0,
    0x0, 0x0, 0x0, 0x5c, 0xff, 0xa2, 0x0, 0x6f,
    0xfd, 0xef, 0xe1, 0xf, 0xf6, 0x0, 0xcf, 0x94,
    0xff, 0x22, 0x28, 0xfd, 0x5f, 0xff, 0xff, 0xff,
    0xe4, 0xff, 0x55, 0x55, 0x54, 0xf, 0xf7, 0x0,
    0x68, 0x40, 0x7f, 0xfe, 0xdf, 0xf5, 0x0, 0x5c,
    0xff, 0xc5, 0x0,

    /* U+00EA "ê" */
    0x0, 0x3, 0x87, 0x0, 0x0, 0x4, 0xfb, 0xec,
    0x10, 0x1, 0x77, 0x2, 0x85, 0x0, 0x0, 0x0,
    0x0, 0x0, 0x0, 0x5c, 0xff, 0xa2, 0x0, 0x6f,
    0xfd, 0xef, 0xe1, 0xf, 0xf6, 0x0, 0xcf, 0x94,
    0xff, 0x22, 0x28, 0xfd, 0x5f, 0xff, 0xff, 0xff,
    0xe4, 0xff, 0x55, 0x55, 0x54, 0xf, 0xf7, 0x0,
    0x68, 0x40, 0x7f, 0xfe, 0xdf, 0xf5, 0x0, 0x5c,
    0xff, 0xc5, 0x0,

    /* U+00EB "ë" */
    0x0, 0x45, 0x1, 0x71, 0x0, 0x1f, 0xf3, 0x9f,
    0xa0, 0x0, 0x9a, 0x4, 0xc4, 0x0, 0x0, 0x0,
    0x0, 0x0, 0x0, 0x5c, 0xff, 0xa2, 0x0, 0x6f,
    0xfd, 0xef, 0xe1, 0xf, 0xf6, 0x0, 0xcf, 0x94,
    0xff, 0x22, 0x28, 0xfd, 0x5f, 0xff, 0xff, 0xff,
    0xe4, 0xff, 0x55, 0x55, 0x54, 0xf, 0xf7, 0x0,
    0x68, 0x40, 0x7f, 0xfe, 0xdf, 0xf5, 0x0, 0x5c,
    0xff, 0xc5, 0x0,

    /* U+00EC "ì" */
    0x7, 0x70, 0x0, 0x9f, 0x50, 0x1, 0xec, 0x0,
    0x0, 0x0, 0x0, 0xff, 0x50, 0xf, 0xf5, 0x0,
    0xff, 0x50, 0xf, 0xf5, 0x0, 0xff, 0x50, 0xf,
    0xf5, 0x0, 0xff, 0x50, 0xf, 0xf5, 0x0, 0xff,
    0x50,

    /* U+00ED "í" */
    0x5, 0x73, 0x1f, 0xe0, 0x7f, 0x40, 0x0, 0x0,
    0xff, 0x50, 0xff, 0x50, 0xff, 0x50, 0xff, 0x50,
    0xff, 0x50, 0xff, 0x50, 0xff, 0x50, 0xff, 0x50,
    0xff, 0x50,

    /* U+00EE "î" */
    0x0, 0x78, 0x20, 0x0, 0xaf, 0xee, 0x10, 0x9f,
    0x72, 0xfd, 0x0, 0x0, 0x0, 0x0, 0x0, 0xff,
    0x50, 0x0, 0xf, 0xf5, 0x0, 0x0, 0xff, 0x50,
    0x0, 0xf, 0xf5, 0x0, 0x0, 0xff, 0x50, 0x0,
    0xf, 0xf5, 0x0, 0x0, 0xff, 0x50, 0x0, 0xf,
    0xf5, 0x0, 0x0, 0xff, 0x50, 0x0,

    /* U+00EF "ï" */
    0x27, 0x10, 0x64, 0xb, 0xf8, 0x3f, 0xf0, 0x5c,
    0x30, 0xb9, 0x0, 0x0, 0x0, 0x0, 0x0, 0xff,
    0x50, 0x0, 0xf, 0xf5, 0x0, 0x0, 0xff, 0x50,
    0x0, 0xf, 0xf5, 0x0, 0x0, 0xff, 0x50, 0x0,
    0xf, 0xf5, 0x0, 0x0, 0xff, 0x50, 0x0, 0xf,
    0xf5, 0x0, 0x0, 0xff, 0x50, 0x0,

    /* U+00F0 "ð" */
    0x0, 0x86, 0x0, 0x22, 0x0, 0xa, 0xfe, 0xaf,
    0x40, 0x0, 0x1c, 0xff, 0x80, 0x0, 0xe, 0x93,
    0xdf, 0x50, 0x0, 0x37, 0x75, 0xfe, 0x10, 0x3f,
    0xff, 0xfd, 0xf7, 0xd, 0xf9, 0x2, 0xdf, 0xc3,
    0xff, 0x0, 0x6, 0xfe, 0x5f, 0xe0, 0x0, 0x4f,
    0xf4, 0xff, 0x0, 0x5, 0xfd, 0xf, 0xf7, 0x0,
    0xcf, 0x80, 0x7f, 0xfe, 0xff, 0xe1, 0x0, 0x5d,
    0xff, 0xa1, 0x0,

    /* U+00F1 "ñ" */
    0x0, 0x66, 0x15, 0x50, 0x8, 0xfe, 0xff, 0x70,
    0x4, 0x30, 0x44, 0x0, 0x0, 0x0, 0x0, 0x0,
    0xff, 0x49, 0xff, 0x90, 0xff, 0xcf, 0xff, 0xf8,
    0xff, 0xc0, 0xb, 0xfe, 0xff, 0x60, 0x6, 0xff,
    0xff, 0x50, 0x6, 0xff, 0xff, 0x50, 0x6, 0xff,
    0xff, 0x50, 0x6, 0xff, 0xff, 0x50, 0x6, 0xff,
    0xff, 0x50, 0x6, 0xff,

    /* U+00F2 "ò" */
    0x0, 0x27, 0x50, 0x0, 0x0, 0x0, 0xd, 0xf1,
    0x0, 0x0, 0x0, 0x3, 0xf8, 0x0, 0x0, 0x0,
    0x0, 0x0, 0x0, 0x0, 0x0, 0x5c, 0xff, 0xb3,
    0x0, 0x6, 0xff, 0xef, 0xff, 0x30, 0xf, 0xfa,
    0x0, 0xcf, 0xc0, 0x4f, 0xf2, 0x0, 0x5f, 0xf1,
    0x5f, 0xf0, 0x0, 0x3f, 0xf2, 0x4f, 0xf2, 0x0,
    0x5f, 0xf1, 0xf, 0xfa, 0x0, 0xcf, 0xd0, 0x6,
    0xff, 0xef, 0xff, 0x30, 0x0, 0x5c, 0xff, 0xb3,
    0x0,

    /* U+00F3 "ó" */
    0x0, 0x0, 0x7, 0x71, 0x0, 0x0, 0x0, 0x4f,
    0xa0, 0x0, 0x0, 0x0, 0xbe, 0x10, 0x0, 0x0,
    0x0, 0x0, 0x0, 0x0, 0x0, 0x5c, 0xff, 0xb3,
    0x0, 0x6, 0xff, 0xef, 0xff, 0x30, 0xf, 0xfa,
    0x0, 0xcf, 0xc0, 0x4f, 0xf2, 0x0, 0x5f, 0xf1,
    0x5f, 0xf0, 0x0, 0x3f, 0xf2, 0x4f, 0xf2, 0x0,
    0x5f, 0xf1, 0xf, 0xfa, 0x0, 0xcf, 0xd0, 0x6,
    0xff, 0xef, 0xff, 0x30, 0x0, 0x5c, 0xff, 0xb3,
    0x0,

    /* U+00F4 "ô" */
    0x0, 0x2, 0x87, 0x10, 0x0, 0x0, 0x3e, 0xcd,
    0xd1, 0x0, 0x0, 0x77, 0x1, 0x86, 0x0, 0x0,
    0x0, 0x0, 0x0, 0x0, 0x0, 0x5c, 0xff, 0xb3,
    0x0, 0x6, 0xff, 0xef, 0xff, 0x30, 0xf, 0xfa,
    0x0, 0xcf, 0xc0, 0x4f, 0xf2, 0x0, 0x5f, 0xf1,
    0x5f, 0xf0, 0x0, 0x3f, 0xf2, 0x4f, 0xf2, 0x0,
    0x5f, 0xf1, 0xf, 0xfa, 0x0, 0xcf, 0xd0, 0x6,
    0xff, 0xef, 0xff, 0x30, 0x0, 0x5c, 0xff, 0xb3,
    0x0,

    /* U+00F5 "õ" */
    0x0, 0x7, 0x61, 0x64, 0x0, 0x0, 0xaf, 0xef,
    0xf5, 0x0, 0x0, 0x42, 0x4, 0x30, 0x0, 0x0,
    0x0, 0x0, 0x0, 0x0, 0x0, 0x5c, 0xff, 0xb3,
    0x0, 0x6, 0xff, 0xef, 0xff, 0x30, 0xf, 0xfa,
    0x0, 0xcf, 0xc0, 0x4f, 0xf2, 0x0, 0x5f, 0xf1,
    0x5f, 0xf0, 0x0, 0x3f, 0xf2, 0x4f, 0xf2, 0x0,
    0x5f, 0xf1, 0xf, 0xfa, 0x0, 0xcf, 0xd0, 0x6,
    0xff, 0xef, 0xff, 0x30, 0x0, 0x5c, 0xff, 0xb3,
    0x0,

    /* U+00F6 "ö" */
    0x0, 0x36, 0x0, 0x72, 0x0, 0x0, 0xff, 0x47,
    0xfc, 0x0, 0x0, 0x8b, 0x12, 0xc5, 0x0, 0x0,
    0x0, 0x0, 0x0, 0x0, 0x0, 0x5c, 0xff, 0xb3,
    0x0, 0x6, 0xff, 0xef, 0xff, 0x30, 0xf, 0xfa,
    0x0, 0xcf, 0xc0, 0x4f, 0xf2, 0x0, 0x5f, 0xf1,
    0x5f, 0xf0, 0x0, 0x3f, 0xf2, 0x4f, 0xf2, 0x0,
    0x5f, 0xf1, 0xf, 0xfa, 0x0, 0xcf, 0xd0, 0x6,
    0xff, 0xef, 0xff, 0x30, 0x0, 0x5c, 0xff, 0xb3,
    0x0,

    /* U+00F7 "÷" */
    0x0, 0x8, 0xf6, 0x0, 0x0, 0x0, 0xef, 0xb0,
    0x0, 0x0, 0x5, 0xb3, 0x0, 0x7, 0xee, 0xee,
    0xee, 0xe5, 0x8f, 0xff, 0xff, 0xff, 0x60, 0x0,
    0x0, 0x0, 0x0, 0x0, 0x5, 0xb3, 0x0, 0x0,
    0x0, 0xef, 0xb0, 0x0, 0x0, 0x8, 0xf6, 0x0,
    0x0,

    /* U+00F8 "ø" */
    0x0, 0x0, 0x0, 0x0, 0x10, 0x0, 0x5c, 0xff,
    0xb7, 0xe0, 0x6, 0xff, 0xef, 0xff, 0x70, 0xf,
    0xfa, 0x2, 0xff, 0xc0, 0x4f, 0xf2, 0x1d, 0xcf,
    0xf1, 0x5f, 0xf1, 0xba, 0x3f, 0xf2, 0x4f, 0xfb,
    0xc0, 0x5f, 0xf1, 0xf, 0xff, 0x10, 0xcf, 0xd0,
    0x9, 0xff, 0xef, 0xff, 0x30, 0x2f, 0x7c, 0xff,
    0xb3, 0x0, 0x2, 0x0, 0x0, 0x0, 0x0,

    /* U+00F9 "ù" */
    0x2, 0x76, 0x0, 0x0, 0x0, 0xcf, 0x20, 0x0,
    0x0, 0x2f, 0x90, 0x0, 0x0, 0x0, 0x0, 0x0,
    0xff, 0x50, 0x6, 0xff, 0xff, 0x50, 0x6, 0xff,
    0xff, 0x50, 0x6, 0xff, 0xff, 0x50, 0x6, 0xff,
    0xff, 0x50, 0x6, 0xff, 0xff, 0x60, 0x6, 0xff,
    0xef, 0xc1, 0x2d, 0xff, 0x9f, 0xff, 0xfc, 0xff,
    0x9, 0xff, 0x94, 0xff,

    /* U+00FA "ú" */
    0x0, 0x0, 0x67, 0x10, 0x0, 0x3, 0xfc, 0x0,
    0x0, 0xa, 0xf2, 0x0, 0x0, 0x0, 0x0, 0x0,
    0xff, 0x50, 0x6, 0xff, 0xff, 0x50, 0x6, 0xff,
    0xff, 0x50, 0x6, 0xff, 0xff, 0x50, 0x6, 0xff,
    0xff, 0x50, 0x6, 0xff, 0xff, 0x60, 0x6, 0xff,
    0xef, 0xc1, 0x2d, 0xff, 0x9f, 0xff, 0xfc, 0xff,
    0x9, 0xff, 0x94, 0xff,

    /* U+00FB "û" */
    0x0, 0x17, 0x71, 0x0, 0x0, 0xce, 0xfc, 0x0,
    0xb, 0xf4, 0x4f, 0xa0, 0x0, 0x0, 0x0, 0x0,
    0xff, 0x50, 0x6, 0xff, 0xff, 0x50, 0x6, 0xff,
    0xff, 0x50, 0x6, 0xff, 0xff, 0x50, 0x6, 0xff,
    0xff, 0x50, 0x6, 0xff, 0xff, 0x60, 0x6, 0xff,
    0xef, 0xc1, 0x2d, 0xff, 0x9f, 0xff, 0xfc, 0xff,
    0x9, 0xff, 0x94, 0xff,

    /* U+00FC "ü" */
    0x3, 0x60, 0x7, 0x30, 0xd, 0xf6, 0x6f, 0xd0,
    0x7, 0xb1, 0x2c, 0x70, 0x0, 0x0, 0x0, 0x0,
    0xff, 0x50, 0x6, 0xff, 0xff, 0x50, 0x6, 0xff,
    0xff, 0x50, 0x6, 0xff, 0xff, 0x50, 0x6, 0xff,
    0xff, 0x50, 0x6, 0xff, 0xff, 0x60, 0x6, 0xff,
    0xef, 0xc1, 0x2d, 0xff, 0x9f, 0xff, 0xfc, 0xff,
    0x9, 0xff, 0x94, 0xff,

    /* U+00FD "ý" */
    0x0, 0x0, 0x2f, 0xe0, 0x0, 0x0, 0x0, 0x9f,
    0x40, 0x0, 0x0, 0x0, 0x65, 0x0, 0x0, 0x0,
    0x0, 0x0, 0x0, 0x0, 0x9f, 0xe0, 0x0, 0x4f,
    0xf3, 0x3f, 0xf3, 0x0, 0x9f, 0xd0, 0xd, 0xf8,
    0x0, 0xef, 0x60, 0x6, 0xfd, 0x4, 0xff, 0x10,
    0x1, 0xff, 0x39, 0xfa, 0x0, 0x0, 0xaf, 0x7e,
    0xf4, 0x0, 0x0, 0x4f, 0xdf, 0xe0, 0x0, 0x0,
    0xe, 0xff, 0x80, 0x0, 0x0, 0x9, 0xff, 0x20,
    0x0, 0x0, 0xa, 0xfb, 0x0, 0x0, 0xa, 0xef,
    0xf4, 0x0, 0x0, 0xd, 0xfd, 0x50, 0x0, 0x0,

    /* U+00FE "þ" */
    0xff, 0x50, 0x0, 0x0, 0xf, 0xf5, 0x0, 0x0,
    0x0, 0xff, 0x50, 0x0, 0x0, 0xf, 0xf5, 0x9f,
    0xe9, 0x0, 0xff, 0xdf, 0xff, 0xfa, 0xf, 0xfd,
    0x10, 0x9f, 0xf2, 0xff, 0x60, 0x1, 0xff, 0x6f,
    0xf5, 0x0, 0xf, 0xf7, 0xff, 0x60, 0x1, 0xff,
    0x6f, 0xfd, 0x10, 0x9f, 0xf2, 0xff, 0xdf, 0xff,
    0xfa, 0xf, 0xf5, 0x9f, 0xe9, 0x0, 0xff, 0x50,
    0x0, 0x0, 0xf, 0xf5, 0x0, 0x0, 0x0, 0xff,
    0x50, 0x0, 0x0, 0x0,

    /* U+00FF "ÿ" */
    0x0, 0x46, 0x1, 0x72, 0x0, 0x0, 0xff, 0x38,
    0xfb, 0x0, 0x0, 0x9b, 0x3, 0xc5, 0x0, 0x0,
    0x0, 0x0, 0x0, 0x0, 0x9f, 0xe0, 0x0, 0x4f,
    0xf3, 0x3f, 0xf3, 0x0, 0x9f, 0xd0, 0xd, 0xf8,
    0x0, 0xef, 0x60, 0x6, 0xfd, 0x4, 0xff, 0x10,
    0x1, 0xff, 0x39, 0xfa, 0x0, 0x0, 0xaf, 0x7e,
    0xf4, 0x0, 0x0, 0x4f, 0xdf, 0xe0, 0x0, 0x0,
    0xe, 0xff, 0x80, 0x0, 0x0, 0x9, 0xff, 0x20,
    0x0, 0x0, 0xa, 0xfb, 0x0, 0x0, 0xa, 0xef,
    0xf4, 0x0, 0x0, 0xd, 0xfd, 0x50, 0x0, 0x0,

    /* U+2013 "–" */
    0xee, 0xee, 0xee, 0xee, 0xff, 0xff, 0xff, 0xff,

    /* U+2014 "—" */
    0xee, 0xee, 0xee, 0xee, 0xee, 0xee, 0xee, 0xee,
    0xff, 0xff, 0xff, 0xff, 0xff, 0xff, 0xff, 0xff,

    /* U+2018 "‘" */
    0x6, 0xf4, 0xb, 0xf1, 0xf, 0xf0, 0x4f, 0xd0,
    0x8e, 0xa0,

    /* U+2019 "’" */
    0x1e, 0xe2, 0x3f, 0xe0, 0x5f, 0x90, 0x7f, 0x50,
    0xaf, 0x0,

    /* U+201C "“" */
    0x6, 0xf4, 0xb, 0xe0, 0xbf, 0x10, 0xfc, 0xf,
    0xf0, 0x5f, 0xa4, 0xfd, 0x9, 0xf8, 0x8e, 0xa0,
    0xde, 0x50,

    /* U+201D "”" */
    0x1e, 0xe2, 0x8e, 0xa3, 0xfe, 0xa, 0xf7, 0x5f,
    0x90, 0xdf, 0x27, 0xf5, 0xf, 0xd0, 0xaf, 0x1,
    0xf9, 0x0,

    /* U+2022 "•" */
    0x0, 0x0, 0x0, 0xb, 0xff, 0x50, 0x8f, 0xff,
    0xf1, 0xbf, 0xff, 0xf4, 0x7f, 0xff, 0xf1, 0x9,
    0xfe, 0x40,

    /* U+2026 "…" */
    0x2b, 0x60, 0x0, 0x99, 0x0, 0x5, 0xb3, 0xaf,
    0xf0, 0x4, 0xff, 0x50, 0xf, 0xfa, 0x5f, 0xa0,
    0x1, 0xdd, 0x10, 0x9, 0xf5,

    /* U+2212 "−" */
    0xad, 0xdd, 0xdd, 0xdd, 0x2b, 0xff, 0xff, 0xff,
    0xf2, 0x12, 0x22, 0x22, 0x22, 0x0
};


/*---------------------
 *  GLYPH DESCRIPTION
 *--------------------*/

static const lv_font_fmt_txt_glyph_dsc_t glyph_dsc[] = {
    {.bitmap_index = 0, .adv_w = 0, .box_w = 0, .box_h = 0, .ofs_x = 0, .ofs_y = 0} /* id = 0 reserved */,
    {.bitmap_index = 0, .adv_w = 61, .box_w = 0, .box_h = 0, .ofs_x = 0, .ofs_y = 0},
    {.bitmap_index = 0, .adv_w = 87, .box_w = 4, .box_h = 12, .ofs_x = 1, .ofs_y = 0},
    {.bitmap_index = 24, .adv_w = 141, .box_w = 7, .box_h = 5, .ofs_x = 1, .ofs_y = 7},
    {.bitmap_index = 42, .adv_w = 166, .box_w = 11, .box_h = 12, .ofs_x = 0, .ofs_y = 0},
    {.bitmap_index = 108, .adv_w = 168, .box_w = 10, .box_h = 16, .ofs_x = 0, .ofs_y = -2},
    {.bitmap_index = 188, .adv_w = 260, .box_w = 14, .box_h = 12, .ofs_x = 1, .ofs_y = 0},
    {.bitmap_index = 272, .adv_w = 172, .box_w = 11, .box_h = 12, .ofs_x = 0, .ofs_y = 0},
    {.bitmap_index = 338, .adv_w = 87, .box_w = 3, .box_h = 5, .ofs_x = 1, .ofs_y = 7},
    {.bitmap_index = 346, .adv_w = 97, .box_w = 5, .box_h = 15, .ofs_x = 1, .ofs_y = -2},
    {.bitmap_index = 384, .adv_w = 97, .box_w = 5, .box_h = 15, .ofs_x = 0, .ofs_y = -2},
    {.bitmap_index = 422, .adv_w = 143, .box_w = 7, .box_h = 7, .ofs_x = 1, .ofs_y = 5},
    {.bitmap_index = 447, .adv_w = 174, .box_w = 9, .box_h = 8, .ofs_x = 1, .ofs_y = 1},
    {.bitmap_index = 483, .adv_w = 86, .box_w = 4, .box_h = 5, .ofs_x = 0, .ofs_y = -3},
    {.bitmap_index = 493, .adv_w = 120, .box_w = 6, .box_h = 2, .ofs_x = 1, .ofs_y = 4},
    {.bitmap_index = 499, .adv_w = 86, .box_w = 4, .box_h = 3, .ofs_x = 1, .ofs_y = 0},
    {.bitmap_index = 505, .adv_w = 99, .box_w = 6, .box_h = 14, .ofs_x = 0, .ofs_y = -2},
    {.bitmap_index = 547, .adv_w = 173, .box_w = 11, .box_h = 12, .ofs_x = 0, .ofs_y = 0},
    {.bitmap_index = 613, .adv_w = 110, .box_w = 6, .box_h = 12, .ofs_x = 0, .ofs_y = 0},
    {.bitmap_index = 649, .adv_w = 161, .box_w = 10, .box_h = 12, .ofs_x = 0, .ofs_y = 0},
    {.bitmap_index = 709, .adv_w = 165, .box_w = 10, .box_h = 12, .ofs_x = 0, .ofs_y = 0},
    {.bitmap_index = 769, .adv_w = 173, .box_w = 11, .box_h = 12, .ofs_x = 0, .ofs_y = 0},
    {.bitmap_index = 835, .adv_w = 159, .box_w = 10, .box_h = 12, .ofs_x = 0, .ofs_y = 0},
    {.bitmap_index = 895, .adv_w = 166, .box_w = 10, .box_h = 12, .ofs_x = 0, .ofs_y = 0},
    {.bitmap_index = 955, .adv_w = 149, .box_w = 9, .box_h = 12, .ofs_x = 0, .ofs_y = 0},
    {.bitmap_index = 1009, .adv_w = 167, .box_w = 10, .box_h = 12, .ofs_x = 0, .ofs_y = 0},
    {.bitmap_index = 1069, .adv_w = 166, .box_w = 10, .box_h = 12, .ofs_x = 0, .ofs_y = 0},
    {.bitmap_index = 1129, .adv_w = 86, .box_w = 4, .box_h = 9, .ofs_x = 1, .ofs_y = 0},
    {.bitmap_index = 1147, .adv_w = 88, .box_w = 5, .box_h = 12, .ofs_x = 0, .ofs_y = -3},
    {.bitmap_index = 1177, .adv_w = 174, .box_w = 9, .box_h = 10, .ofs_x = 1, .ofs_y = 0},
    {.bitmap_index = 1222, .adv_w = 174, .box_w = 9, .box_h = 6, .ofs_x = 1, .ofs_y = 2},
    {.bitmap_index = 1249, .adv_w = 174, .box_w = 9, .box_h = 10, .ofs_x = 1, .ofs_y = 0},
    {.bitmap_index = 1294, .adv_w = 143, .box_w = 9, .box_h = 12, .ofs_x = 0, .ofs_y = 0},
    {.bitmap_index = 1348, .adv_w = 260, .box_w = 16, .box_h = 15, .ofs_x = 0, .ofs_y = -3},
    {.bitmap_index = 1468, .adv_w = 191, .box_w = 12, .box_h = 12, .ofs_x = 0, .ofs_y = 0},
    {.bitmap_index = 1540, .adv_w = 169, .box_w = 9, .box_h = 12, .ofs_x = 1, .ofs_y = 0},
    {.bitmap_index = 1594, .adv_w = 189, .box_w = 12, .box_h = 12, .ofs_x = 0, .ofs_y = 0},
    {.bitmap_index = 1666, .adv_w = 185, .box_w = 10, .box_h = 12, .ofs_x = 1, .ofs_y = 0},
    {.bitmap_index = 1726, .adv_w = 156, .box_w = 8, .box_h = 12, .ofs_x = 1, .ofs_y = 0},
    {.bitmap_index = 1774, .adv_w = 150, .box_w = 8, .box_h = 12, .ofs_x = 1, .ofs_y = 0},
    {.bitmap_index = 1822, .adv_w = 192, .box_w = 12, .box_h = 12, .ofs_x = 0, .ofs_y = 0},
    {.bitmap_index = 1894, .adv_w = 191, .box_w = 10, .box_h = 12, .ofs_x = 1, .ofs_y = 0},
    {.bitmap_index = 1954, .adv_w = 72, .box_w = 3, .box_h = 12, .ofs_x = 1, .ofs_y = 0},
    {.bitmap_index = 1972, .adv_w = 150, .box_w = 9, .box_h = 12, .ofs_x = 0, .ofs_y = 0},
    {.bitmap_index = 2026, .adv_w = 184, .box_w = 11, .box_h = 12, .ofs_x = 1, .ofs_y = 0},
    {.bitmap_index = 2092, .adv_w = 145, .box_w = 8, .box_h = 12, .ofs_x = 1, .ofs_y = 0},
    {.bitmap_index = 2140, .adv_w = 239, .box_w = 13, .box_h = 12, .ofs_x = 1, .ofs_y = 0},
    {.bitmap_index = 2218, .adv_w = 195, .box_w = 11, .box_h = 12, .ofs_x = 1, .ofs_y = 0},
    {.bitmap_index = 2284, .adv_w = 197, .box_w = 12, .box_h = 12, .ofs_x = 0, .ofs_y = 0},
    {.bitmap_index = 2356, .adv_w = 166, .box_w = 9, .box_h = 12, .ofs_x = 1, .ofs_y = 0},
    {.bitmap_index = 2410, .adv_w = 199, .box_w = 12, .box_h = 13, .ofs_x = 0, .ofs_y = -1},
    {.bitmap_index = 2488, .adv_w = 168, .box_w = 10, .box_h = 12, .ofs_x = 1, .ofs_y = 0},
    {.bitmap_index = 2548, .adv_w = 168, .box_w = 10, .box_h = 12, .ofs_x = 0, .ofs_y = 0},
    {.bitmap_index = 2608, .adv_w = 171, .box_w = 11, .box_h = 12, .ofs_x = 0, .ofs_y = 0},
    {.bitmap_index = 2674, .adv_w = 187, .box_w = 10, .box_h = 12, .ofs_x = 1, .ofs_y = 0},
    {.bitmap_index = 2734, .adv_w = 191, .box_w = 12, .box_h = 12, .ofs_x = 0, .ofs_y = 0},
    {.bitmap_index = 2806, .adv_w = 266, .box_w = 17, .box_h = 12, .ofs_x = 0, .ofs_y = 0},
    {.bitmap_index = 2908, .adv_w = 189, .box_w = 12, .box_h = 12, .ofs_x = 0, .ofs_y = 0},
    {.bitmap_index = 2980, .adv_w = 187, .box_w = 12, .box_h = 12, .ofs_x = 0, .ofs_y = 0},
    {.bitmap_index = 3052, .adv_w = 170, .box_w = 10, .box_h = 12, .ofs_x = 0, .ofs_y = 0},
    {.bitmap_index = 3112, .adv_w = 97, .box_w = 5, .box_h = 15, .ofs_x = 1, .ofs_y = -2},
    {.bitmap_index = 3150, .adv_w = 99, .box_w = 6, .box_h = 14, .ofs_x = 0, .ofs_y = -2},
    {.bitmap_index = 3192, .adv_w = 97, .box_w = 5, .box_h = 15, .ofs_x = 0, .ofs_y = -2},
    {.bitmap_index = 3230, .adv_w = 125, .box_w = 8, .box_h = 6, .ofs_x = 0, .ofs_y = 6},
    {.bitmap_index = 3254, .adv_w = 122, .box_w = 8, .box_h = 2, .ofs_x = 0, .ofs_y = -2},
    {.bitmap_index = 3262, .adv_w = 94, .box_w = 4, .box_h = 3, .ofs_x = 1, .ofs_y = 10},
    {.bitmap_index = 3268, .adv_w = 149, .box_w = 9, .box_h = 9, .ofs_x = 0, .ofs_y = 0},
    {.bitmap_index = 3309, .adv_w = 161, .box_w = 9, .box_h = 12, .ofs_x = 1, .ofs_y = 0},
    {.bitmap_index = 3363, .adv_w = 151, .box_w = 9, .box_h = 9, .ofs_x = 0, .ofs_y = 0},
    {.bitmap_index = 3404, .adv_w = 161, .box_w = 10, .box_h = 12, .ofs_x = 0, .ofs_y = 0},
    {.bitmap_index = 3464, .adv_w = 153, .box_w = 9, .box_h = 9, .ofs_x = 0, .ofs_y = 0},
    {.bitmap_index = 3505, .adv_w = 102, .box_w = 7, .box_h = 13, .ofs_x = 0, .ofs_y = 0},
    {.bitmap_index = 3551, .adv_w = 162, .box_w = 10, .box_h = 12, .ofs_x = 0, .ofs_y = -3},
    {.bitmap_index = 3611, .adv_w = 159, .box_w = 8, .box_h = 12, .ofs_x = 1, .ofs_y = 0},
    {.bitmap_index = 3659, .adv_w = 69, .box_w = 4, .box_h = 13, .ofs_x = 0, .ofs_y = 0},
    {.bitmap_index = 3685, .adv_w = 69, .box_w = 5, .box_h = 16, .ofs_x = -1, .ofs_y = -3},
    {.bitmap_index = 3725, .adv_w = 149, .box_w = 9, .box_h = 12, .ofs_x = 1, .ofs_y = 0},
    {.bitmap_index = 3779, .adv_w = 69, .box_w = 3, .box_h = 12, .ofs_x = 1, .ofs_y = 0},
    {.bitmap_index = 3797, .adv_w = 234, .box_w = 13, .box_h = 9, .ofs_x = 1, .ofs_y = 0},
    {.bitmap_index = 3856, .adv_w = 159, .box_w = 8, .box_h = 9, .ofs_x = 1, .ofs_y = 0},
    {.bitmap_index = 3892, .adv_w = 157, .box_w = 10, .box_h = 9, .ofs_x = 0, .ofs_y = 0},
    {.bitmap_index = 3937, .adv_w = 161, .box_w = 9, .box_h = 12, .ofs_x = 1, .ofs_y = -3},
    {.bitmap_index = 3991, .adv_w = 161, .box_w = 10, .box_h = 12, .ofs_x = 0, .ofs_y = -3},
    {.bitmap_index = 4051, .adv_w = 104, .box_w = 6, .box_h = 10, .ofs_x = 1, .ofs_y = 0},
    {.bitmap_index = 4081, .adv_w = 143, .box_w = 9, .box_h = 9, .ofs_x = 0, .ofs_y = 0},
    {.bitmap_index = 4122, .adv_w = 94, .box_w = 6, .box_h = 11, .ofs_x = 0, .ofs_y = 0},
    {.bitmap_index = 4155, .adv_w = 159, .box_w = 8, .box_h = 9, .ofs_x = 1, .ofs_y = 0},
    {.bitmap_index = 4191, .adv_w = 154, .box_w = 10, .box_h = 9, .ofs_x = 0, .ofs_y = 0},
    {.bitmap_index = 4236, .adv_w = 218, .box_w = 14, .box_h = 9, .ofs_x = 0, .ofs_y = 0},
    {.bitmap_index = 4299, .adv_w = 149, .box_w = 9, .box_h = 9, .ofs_x = 0, .ofs_y = 0},
    {.bitmap_index = 4340, .adv_w = 154, .box_w = 10, .box_h = 12, .ofs_x = 0, .ofs_y = -3},
    {.bitmap_index = 4400, .adv_w = 147, .box_w = 9, .box_h = 9, .ofs_x = 0, .ofs_y = 0},
    {.bitmap_index = 4441, .adv_w = 120, .box_w = 6, .box_h = 15, .ofs_x = 1, .ofs_y = -2},
    {.bitmap_index = 4486, .adv_w = 95, .box_w = 4, .box_h = 20, .ofs_x = 1, .ofs_y = -4},
    {.bitmap_index = 4526, .adv_w = 120, .box_w = 7, .box_h = 15, .ofs_x = 0, .ofs_y = -2},
    {.bitmap_index = 4579, .adv_w = 174, .box_w = 9, .box_h = 4, .ofs_x = 1, .ofs_y = 3},
    {.bitmap_index = 4597, .adv_w = 61, .box_w = 0, .box_h = 0, .ofs_x = 0, .ofs_y = 0},
    {.bitmap_index = 4597, .adv_w = 87, .box_w = 4, .box_h = 12, .ofs_x = 1, .ofs_y = -3},
    {.bitmap_index = 4621, .adv_w = 151, .box_w = 9, .box_h = 12, .ofs_x = 0, .ofs_y = 0},
    {.bitmap_index = 4675, .adv_w = 164, .box_w = 10, .box_h = 12, .ofs_x = 0, .ofs_y = 0},
    {.bitmap_index = 4735, .adv_w = 195, .box_w = 11, .box_h = 12, .ofs_x = 1, .ofs_y = -1},
    {.bitmap_index = 4801, .adv_w = 146, .box_w = 9, .box_h = 12, .ofs_x = 0, .ofs_y = 0},
    {.bitmap_index = 4855, .adv_w = 87, .box_w = 3, .box_h = 14, .ofs_x = 1, .ofs_y = -2},
    {.bitmap_index = 4876, .adv_w = 146, .box_w = 9, .box_h = 14, .ofs_x = 0, .ofs_y = -2},
    {.bitmap_index = 4939, .adv_w = 159, .box_w = 6, .box_h = 3, .ofs_x = 2, .ofs_y = 10},
    {.bitmap_index = 4948, .adv_w = 234, .box_w = 13, .box_h = 12, .ofs_x = 1, .ofs_y = 0},
    {.bitmap_index = 5026, .adv_w = 119, .box_w = 7, .box_h = 7, .ofs_x = 0, .ofs_y = 5},
    {.bitmap_index = 5051, .adv_w = 169, .box_w = 10, .box_h = 8, .ofs_x = 0, .ofs_y = 1},
    {.bitmap_index = 5091, .adv_w = 174, .box_w = 8, .box_h = 4, .ofs_x = 1, .ofs_y = 2},
    {.bitmap_index = 5107, .adv_w = 170, .box_w = 10, .box_h = 11, .ofs_x = 0, .ofs_y = 2},
    {.bitmap_index = 5162, .adv_w = 112, .box_w = 5, .box_h = 2, .ofs_x = 1, .ofs_y = 11},
    {.bitmap_index = 5167, .adv_w = 118, .box_w = 7, .box_h = 6, .ofs_x = 0, .ofs_y = 6},
    {.bitmap_index = 5188, .adv_w = 174, .box_w = 9, .box_h = 9, .ofs_x = 1, .ofs_y = 0},
    {.bitmap_index = 5229, .adv_w = 118, .box_w = 7, .box_h = 6, .ofs_x = 0, .ofs_y = 7},
    {.bitmap_index = 5250, .adv_w = 121, .box_w = 7, .box_h = 6, .ofs_x = 0, .ofs_y = 7},
    {.bitmap_index = 5271, .adv_w = 94, .box_w = 4, .box_h = 3, .ofs_x = 1, .ofs_y = 10},
    {.bitmap_index = 5277, .adv_w = 161, .box_w = 9, .box_h = 12, .ofs_x = 1, .ofs_y = -3},
    {.bitmap_index = 5331, .adv_w = 153, .box_w = 9, .box_h = 12, .ofs_x = 0, .ofs_y = 0},
    {.bitmap_index = 5385, .adv_w = 86, .box_w = 4, .box_h = 3, .ofs_x = 1, .ofs_y = 4},
    {.bitmap_index = 5391, .adv_w = 93, .box_w = 4, .box_h = 4, .ofs_x = 1, .ofs_y = -3},
    {.bitmap_index = 5399, .adv_w = 85, .box_w = 5, .box_h = 6, .ofs_x = 0, .ofs_y = 7},
    {.bitmap_index = 5414, .adv_w = 125, .box_w = 8, .box_h = 7, .ofs_x = 0, .ofs_y = 5},
    {.bitmap_index = 5442, .adv_w = 169, .box_w = 10, .box_h = 8, .ofs_x = 0, .ofs_y = 1},
    {.bitmap_index = 5482, .adv_w = 217, .box_w = 14, .box_h = 13, .ofs_x = 0, .ofs_y = -1},
    {.bitmap_index = 5573, .adv_w = 226, .box_w = 14, .box_h = 13, .ofs_x = 0, .ofs_y = -1},
    {.bitmap_index = 5664, .adv_w = 236, .box_w = 15, .box_h = 14, .ofs_x = 0, .ofs_y = -1},
    {.bitmap_index = 5769, .adv_w = 143, .box_w = 9, .box_h = 12, .ofs_x = 0, .ofs_y = -3},
    {.bitmap_index = 5823, .adv_w = 191, .box_w = 12, .box_h = 16, .ofs_x = 0, .ofs_y = 0},
    {.bitmap_index = 5919, .adv_w = 191, .box_w = 12, .box_h = 16, .ofs_x = 0, .ofs_y = 0},
    {.bitmap_index = 6015, .adv_w = 191, .box_w = 12, .box_h = 16, .ofs_x = 0, .ofs_y = 0},
    {.bitmap_index = 6111, .adv_w = 191, .box_w = 12, .box_h = 16, .ofs_x = 0, .ofs_y = 0},
    {.bitmap_index = 6207, .adv_w = 191, .box_w = 12, .box_h = 16, .ofs_x = 0, .ofs_y = 0},
    {.bitmap_index = 6303, .adv_w = 191, .box_w = 12, .box_h = 16, .ofs_x = 0, .ofs_y = 0},
    {.bitmap_index = 6399, .adv_w = 262, .box_w = 16, .box_h = 12, .ofs_x = 0, .ofs_y = 0},
    {.bitmap_index = 6495, .adv_w = 189, .box_w = 12, .box_h = 15, .ofs_x = 0, .ofs_y = -3},
    {.bitmap_index = 6585, .adv_w = 156, .box_w = 8, .box_h = 16, .ofs_x = 1, .ofs_y = 0},
    {.bitmap_index = 6649, .adv_w = 156, .box_w = 8, .box_h = 16, .ofs_x = 1, .ofs_y = 0},
    {.bitmap_index = 6713, .adv_w = 156, .box_w = 8, .box_h = 16, .ofs_x = 1, .ofs_y = 0},
    {.bitmap_index = 6777, .adv_w = 156, .box_w = 8, .box_h = 16, .ofs_x = 1, .ofs_y = 0},
    {.bitmap_index = 6841, .adv_w = 72, .box_w = 5, .box_h = 16, .ofs_x = -1, .ofs_y = 0},
    {.bitmap_index = 6881, .adv_w = 72, .box_w = 4, .box_h = 16, .ofs_x = 1, .ofs_y = 0},
    {.bitmap_index = 6913, .adv_w = 72, .box_w = 7, .box_h = 16, .ofs_x = -1, .ofs_y = 0},
    {.bitmap_index = 6969, .adv_w = 72, .box_w = 7, .box_h = 16, .ofs_x = -1, .ofs_y = 0},
    {.bitmap_index = 7025, .adv_w = 195, .box_w = 12, .box_h = 12, .ofs_x = 0, .ofs_y = 0},
    {.bitmap_index = 7097, .adv_w = 195, .box_w = 11, .box_h = 16, .ofs_x = 1, .ofs_y = 0},
    {.bitmap_index = 7185, .adv_w = 197, .box_w = 12, .box_h = 16, .ofs_x = 0, .ofs_y = 0},
    {.bitmap_index = 7281, .adv_w = 197, .box_w = 12, .box_h = 16, .ofs_x = 0, .ofs_y = 0},
    {.bitmap_index = 7377, .adv_w = 197, .box_w = 12, .box_h = 16, .ofs_x = 0, .ofs_y = 0},
    {.bitmap_index = 7473, .adv_w = 197, .box_w = 12, .box_h = 16, .ofs_x = 0, .ofs_y = 0},
    {.bitmap_index = 7569, .adv_w = 197, .box_w = 12, .box_h = 16, .ofs_x = 0, .ofs_y = 0},
    {.bitmap_index = 7665, .adv_w = 174, .box_w = 9, .box_h = 9, .ofs_x = 1, .ofs_y = 0},
    {.bitmap_index = 7706, .adv_w = 197, .box_w = 12, .box_h = 14, .ofs_x = 0, .ofs_y = -1},
    {.bitmap_index = 7790, .adv_w = 187, .box_w = 10, .box_h = 16, .ofs_x = 1, .ofs_y = 0},
    {.bitmap_index = 7870, .adv_w = 187, .box_w = 10, .box_h = 16, .ofs_x = 1, .ofs_y = 0},
    {.bitmap_index = 7950, .adv_w = 187, .box_w = 10, .box_h = 16, .ofs_x = 1, .ofs_y = 0},
    {.bitmap_index = 8030, .adv_w = 187, .box_w = 10, .box_h = 16, .ofs_x = 1, .ofs_y = 0},
    {.bitmap_index = 8110, .adv_w = 187, .box_w = 12, .box_h = 16, .ofs_x = 0, .ofs_y = 0},
    {.bitmap_index = 8206, .adv_w = 171, .box_w = 9, .box_h = 12, .ofs_x = 1, .ofs_y = 0},
    {.bitmap_index = 8260, .adv_w = 168, .box_w = 9, .box_h = 12, .ofs_x = 1, .ofs_y = 0},
    {.bitmap_index = 8314, .adv_w = 149, .box_w = 9, .box_h = 13, .ofs_x = 0, .ofs_y = 0},
    {.bitmap_index = 8373, .adv_w = 149, .box_w = 9, .box_h = 13, .ofs_x = 0, .ofs_y = 0},
    {.bitmap_index = 8432, .adv_w = 149, .box_w = 9, .box_h = 13, .ofs_x = 0, .ofs_y = 0},
    {.bitmap_index = 8491, .adv_w = 149, .box_w = 9, .box_h = 13, .ofs_x = 0, .ofs_y = 0},
    {.bitmap_index = 8550, .adv_w = 149, .box_w = 9, .box_h = 13, .ofs_x = 0, .ofs_y = 0},
    {.bitmap_index = 8609, .adv_w = 149, .box_w = 9, .box_h = 14, .ofs_x = 0, .ofs_y = 0},
    {.bitmap_index = 8672, .adv_w = 233, .box_w = 14, .box_h = 9, .ofs_x = 0, .ofs_y = 0},
    {.bitmap_index = 8735, .adv_w = 151, .box_w = 9, .box_h = 12, .ofs_x = 0, .ofs_y = -3},
    {.bitmap_index = 8789, .adv_w = 153, .box_w = 9, .box_h = 13, .ofs_x = 0, .ofs_y = 0},
    {.bitmap_index = 8848, .adv_w = 153, .box_w = 9, .box_h = 13, .ofs_x = 0, .ofs_y = 0},
    {.bitmap_index = 8907, .adv_w = 153, .box_w = 9, .box_h = 13, .ofs_x = 0, .ofs_y = 0},
    {.bitmap_index = 8966, .adv_w = 153, .box_w = 9, .box_h = 13, .ofs_x = 0, .ofs_y = 0},
    {.bitmap_index = 9025, .adv_w = 69, .box_w = 5, .box_h = 13, .ofs_x = -1, .ofs_y = 0},
    {.bitmap_index = 9058, .adv_w = 69, .box_w = 4, .box_h = 13, .ofs_x = 1, .ofs_y = 0},
    {.bitmap_index = 9084, .adv_w = 69, .box_w = 7, .box_h = 13, .ofs_x = -1, .ofs_y = 0},
    {.bitmap_index = 9130, .adv_w = 69, .box_w = 7, .box_h = 13, .ofs_x = -1, .ofs_y = 0},
    {.bitmap_index = 9176, .adv_w = 153, .box_w = 9, .box_h = 13, .ofs_x = 0, .ofs_y = 0},
    {.bitmap_index = 9235, .adv_w = 159, .box_w = 8, .box_h = 13, .ofs_x = 1, .ofs_y = 0},
    {.bitmap_index = 9287, .adv_w = 157, .box_w = 10, .box_h = 13, .ofs_x = 0, .ofs_y = 0},
    {.bitmap_index = 9352, .adv_w = 157, .box_w = 10, .box_h = 13, .ofs_x = 0, .ofs_y = 0},
    {.bitmap_index = 9417, .adv_w = 157, .box_w = 10, .box_h = 13, .ofs_x = 0, .ofs_y = 0},
    {.bitmap_index = 9482, .adv_w = 157, .box_w = 10, .box_h = 13, .ofs_x = 0, .ofs_y = 0},
    {.bitmap_index = 9547, .adv_w = 157, .box_w = 10, .box_h = 13, .ofs_x = 0, .ofs_y = 0},
    {.bitmap_index = 9612, .adv_w = 174, .box_w = 9, .box_h = 9, .ofs_x = 1, .ofs_y = 0},
    {.bitmap_index = 9653, .adv_w = 157, .box_w = 10, .box_h = 11, .ofs_x = 0, .ofs_y = -1},
    {.bitmap_index = 9708, .adv_w = 159, .box_w = 8, .box_h = 13, .ofs_x = 1, .ofs_y = 0},
    {.bitmap_index = 9760, .adv_w = 159, .box_w = 8, .box_h = 13, .ofs_x = 1, .ofs_y = 0},
    {.bitmap_index = 9812, .adv_w = 159, .box_w = 8, .box_h = 13, .ofs_x = 1, .ofs_y = 0},
    {.bitmap_index = 9864, .adv_w = 159, .box_w = 8, .box_h = 13, .ofs_x = 1, .ofs_y = 0},
    {.bitmap_index = 9916, .adv_w = 154, .box_w = 10, .box_h = 16, .ofs_x = 0, .ofs_y = -3},
    {.bitmap_index = 9996, .adv_w = 161, .box_w = 9, .box_h = 15, .ofs_x = 1, .ofs_y = -3},
    {.bitmap_index = 10064, .adv_w = 154, .box_w = 10, .box_h = 16, .ofs_x = 0, .ofs_y = -3},
    {.bitmap_index = 10144, .adv_w = 128, .box_w = 8, .box_h = 2, .ofs_x = 0, .ofs_y = 4},
    {.bitmap_index = 10152, .adv_w = 256, .box_w = 16, .box_h = 2, .ofs_x = 0, .ofs_y = 4},
    {.bitmap_index = 10168, .adv_w = 80, .box_w = 4, .box_h = 5, .ofs_x = 1, .ofs_y = 7},
    {.bitmap_index = 10178, .adv_w = 80, .box_w = 4, .box_h = 5, .ofs_x = 1, .ofs_y = 7},
    {.bitmap_index = 10188, .adv_w = 138, .box_w = 7, .box_h = 5, .ofs_x = 1, .ofs_y = 7},
    {.bitmap_index = 10206, .adv_w = 136, .box_w = 7, .box_h = 5, .ofs_x = 1, .ofs_y = 7},
    {.bitmap_index = 10224, .adv_w = 121, .box_w = 6, .box_h = 6, .ofs_x = 1, .ofs_y = 2},
    {.bitmap_index = 10242, .adv_w = 257, .box_w = 14, .box_h = 3, .ofs_x = 1, .ofs_y = 0},
    {.bitmap_index = 10263, .adv_w = 174, .box_w = 9, .box_h = 3, .ofs_x = 1, .ofs_y = 3}
};

/*---------------------
 *  CHARACTER MAPPING
 *--------------------*/

static const uint16_t unicode_list_3[] = {
    0x0, 0x1, 0x5, 0x6, 0x9, 0xa, 0xf, 0x13,
    0x1ff
};

/*Collect the unicode lists and glyph_id offsets*/
static const lv_font_fmt_txt_cmap_t cmaps[] =
{
    {
        .range_start = 32, .range_length = 95, .glyph_id_start = 1,
        .unicode_list = NULL, .glyph_id_ofs_list = NULL, .list_length = 0, .type = LV_FONT_FMT_TXT_CMAP_FORMAT0_TINY
    },
    {
        .range_start = 160, .range_length = 13, .glyph_id_start = 96,
        .unicode_list = NULL, .glyph_id_ofs_list = NULL, .list_length = 0, .type = LV_FONT_FMT_TXT_CMAP_FORMAT0_TINY
    },
    {
        .range_start = 174, .range_length = 82, .glyph_id_start = 109,
        .unicode_list = NULL, .glyph_id_ofs_list = NULL, .list_length = 0, .type = LV_FONT_FMT_TXT_CMAP_FORMAT0_TINY
    },
    {
        .range_start = 8211, .range_length = 512, .glyph_id_start = 191,
        .unicode_list = unicode_list_3, .glyph_id_ofs_list = NULL, .list_length = 9, .type = LV_FONT_FMT_TXT_CMAP_SPARSE_TINY
    }
};

/*-----------------
 *    KERNING
 *----------------*/


/*Map glyph_ids to kern left classes*/
static const uint8_t kern_left_class_mapping[] =
{
    0, 0, 0, 1, 0, 2, 0, 3,
    1, 4, 0, 5, 6, 7, 6, 7,
    8, 9, 10, 0, 11, 0, 0, 0,
    12, 11, 9, 13, 13, 0, 14, 15,
    16, 17, 18, 19, 20, 21, 22, 23,
    24, 25, 25, 26, 27, 28, 25, 25,
    21, 29, 21, 30, 2, 31, 26, 32,
    33, 34, 35, 36, 4, 37, 0, 5,
    38, 0, 39, 40, 40, 25, 40, 41,
    42, 39, 43, 43, 44, 25, 39, 39,
    40, 40, 42, 45, 46, 47, 48, 49,
    50, 51, 49, 52, 4, 10, 0, 6,
    0, 53, 54, 0, 0, 55, 0, 0,
    0, 17, 56, 57, 58, 59, 0, 5,
    14, 0, 0, 0, 60, 10, 61, 0,
    0, 56, 62, 0, 0, 0, 63, 18,
    18, 18, 18, 18, 18, 22, 20, 22,
    22, 22, 22, 25, 25, 64, 64, 21,
    25, 21, 21, 21, 21, 21, 65, 21,
    26, 26, 26, 26, 35, 66, 67, 39,
    39, 39, 39, 39, 39, 68, 40, 40,
    40, 40, 40, 43, 43, 69, 70, 40,
    71, 40, 40, 40, 72, 72, 6, 40,
    48, 48, 48, 48, 49, 40, 49, 0,
    0, 73, 74, 73, 74, 75, 7, 6
};

/*Map glyph_ids to kern right classes*/
static const uint8_t kern_right_class_mapping[] =
{
    0, 0, 0, 1, 0, 2, 0, 3,
    1, 0, 4, 5, 6, 7, 8, 9,
    10, 11, 12, 0, 13, 14, 0, 11,
    15, 13, 0, 16, 16, 17, 18, 0,
    19, 20, 21, 22, 23, 22, 22, 22,
    23, 22, 22, 24, 22, 22, 22, 22,
    23, 22, 23, 22, 25, 26, 27, 28,
    29, 30, 31, 32, 0, 33, 4, 34,
    35, 0, 36, 22, 37, 37, 37, 38,
    37, 22, 39, 40, 22, 22, 41, 41,
    37, 41, 37, 41, 42, 43, 44, 45,
    46, 47, 45, 48, 0, 49, 4, 50,
    0, 0, 51, 0, 0, 0, 0, 0,
    0, 52, 53, 54, 55, 56, 0, 57,
    18, 0, 0, 0, 58, 59, 60, 0,
    0, 53, 61, 0, 0, 0, 62, 21,
    21, 21, 21, 21, 21, 21, 23, 22,
    22, 22, 22, 22, 22, 63, 63, 64,
    22, 23, 23, 23, 23, 23, 65, 23,
    27, 27, 27, 27, 31, 22, 22, 36,
    36, 36, 66, 67, 36, 36, 37, 37,
    37, 37, 68, 69, 70, 69, 71, 37,
    41, 37, 37, 37, 72, 68, 6, 37,
    44, 44, 44, 73, 45, 22, 74, 0,
    0, 75, 76, 75, 76, 77, 78, 6
};

/*Kern values between classes*/
static const int8_t kern_class_values[] =
{
    0, 0, 0, 0, 0, 0, 0, 0,
    0, 0, 0, 0, 0, 0, 0, 0,
    0, 0, 0, 0, -20, 0, 0, -42,
    0, 0, 0, 0, 0, 0, 0, 0,
    0, 0, 0, 0, -5, 0, 0, 0,
    0, -2, 0, 0, 0, 0, 0, 0,
    0, 0, 0, 0, 0, 0, 0, 0,
    0, 0, 0, 0, 0, 0, 0, 0,
    0, 0, 0, -5, 0, 0, 0, -5,
    0, 0, 0, 0, 0, 0, 0, 0,
    0, 0, 0, 0, 0, 0, 0, 0,
    0, 0, 0, 0, 0, 0, 0, 0,
    0, 0, -4, 0, 0, 0, 0, -2,
    0, 0, 0, -3, 0, 0, 0, 0,
    0, 0, 0, 0, 0, 0, 0, 0,
    0, 0, 0, 0, 0, 0, 0, 0,
    0, 0, 0, 0, 0, 0, 0, 0,
    0, 0, 0, 0, 0, 0, 0, 0,
    0, 0, 0, 0, 12, 0, 0, 0,
    0, 0, 0, 0, 0, 0, 0, 0,
    0, 0, 0, 0, 0, 0, 0, 0,
    0, 0, 0, 0, 0, 0, 0, 0,
    0, 0, 0, 0, 0, -14, 0, -16,
    -10, 0, -19, 0, 0, 0, 0, 0,
    0, 0, 0, 0, 0, 0, 0, 0,
    -9, -9, 0, 0, 0, 0, 0, 0,
    -10, 0, 0, 0, 0, 0, 0, 0,
    0, 0, 0, 0, 0, 0, 0, 0,
    0, 0, 0, 0, 0, -9, 0, 0,
    0, 0, 0, 0, 0, 0, 0, 0,
    0, 0, 0, 0, 0, 0, 0, 0,
    0, 0, 0, 0, 0, 0, 0, 5,
    0, 0, 0, 0, 0, 0, 0, 0,
    0, 0, 0, 0, 0, 0, -1, 0,
    0, 3, 5, 0, 0, 0, 0, 0,
    0, 0, 0, 0, 0, 0, 0, 0,
    0, 0, 0, 0, 0, 0, 0, 0,
    0, 0, 0, 0, 0, -1, 0, 0,
    0, -1, 0, 0, 0, 0, 0, 0,
    0, 0, 0, 0, 0, 0, 0, 0,
    0, 0, 0, 0, 0, 0, 0, 0,
    0, 0, 0, 0, -24, 0, -4, -25,
    0, 0, 0, 0, 0, 0, 0, 0,
    0, 0, 0, 0, 0, 0, 0, 0,
    0, 0, 0, 0, 0, 0, 0, 0,
    0, 0, 0, 0, 0, 0, 0, 0,
    0, 0, 0, 0, 0, 0, 0, 5,
    0, 0, 0, 0, 0, 0, 0, 0,
    0, 0, 0, 0, 0, 0, 0, 0,
    0, 0, 0, 0, 0, 0, 0, 0,
    0, 0, 0, 0, 0, 0, 0, 0,
    0, 0, -9, 0, 0, -12, 0, -20,
    0, -11, -6, -10, -16, 0, 0, 0,
    0, 0, 0, 0, 0, 0, 0, 0,
    0, 0, 0, 0, -6, 0, 0, 0,
    0, 0, 0, 0, 0, 0, 0, 0,
    0, 0, 0, 0, 0, 0, 0, 0,
    0, 0, 0, 0, 0, 0, 0, 0,
    0, 0, 0, 0, 0, 0, 0, 0,
    0, 0, 0, 0, 0, 0, 0, 0,
    0, 0, 0, 0, 0, 0, 0, 0,
    0, 0, -11, 0, 0, -9, 0, 0,
    0, 0, -16, 0, 0, 0, 0, 0,
    0, 0, 0, 0, 0, 0, 0, 0,
    0, 0, 0, 0, 0, 0, 0, 0,
    0, 0, 0, 0, 0, 0, 0, 0,
    0, 0, 0, 0, 0, 0, 0, 0,
    0, 0, 0, 0, 0, 0, 0, 0,
    0, 0, 0, 0, 0, 0, 0, 0,
    0, 0, 0, 0, 0, 0, 0, 0,
    0, 0, 0, 0, 0, 0, -6, 0,
    0, -16, 0, 0, 0, 2, 2, 0,
    0, 0, 0, 0, 0, 0, 0, 0,
    0, 0, 0, 0, 0, 0, 0, 0,
    0, 0, 0, 0, 0, 0, 0, 0,
    0, 0, 0, 0, 0, 0, 0, 0,
    0, 0, 0, 0, 0, 0, 0, 0,
    0, 0, 0, 0, 0, 0, 0, 0,
    0, 0, 0, 0, 0, 0, 0, 0,
    0, 0, 0, 0, 0, 0, 0, 0,
    0, 0, 0, 0, 0, 0, 0, 0,
    0, 0, 0, -6, 0, -9, -9, 0,
    0, 0, 0, 0, 0, 0, 0, 0,
    0, 0, 4, 0, 0, 0, 0, 0,
    0, 0, 0, 0, 0, 0, 0, 0,
    0, 0, 0, 0, 0, 0, 0, 0,
    0, 0, 0, 0, 0, 0, 0, 0,
    0, 0, 0, 0, 0, 0, 0, 0,
    0, 0, 0, 0, 0, 0, 0, 0,
    0, 0, 0, 0, 0, 0, 0, 0,
    0, 0, 0, 0, 0, 0, 0, 0,
    0, 0, 0, 0, 0, 0, 0, 0,
    0, 0, 0, 0, 0, 0, 0, 0,
    4, 0, 3, 0, 0, 0, 0, 0,
    0, 0, 0, 0, 0, 0, 0, 0,
    0, 0, 0, 0, 0, 9, 0, 0,
    0, 0, 0, 0, 16, 0, 0, 3,
    0, 0, 0, 0, 0, 0, 0, 0,
    0, 0, 0, 0, 0, 0, 0, 0,
    0, 0, 0, 0, 0, 0, 0, 0,
    0, 0, 0, 0, 0, 0, 0, 0,
    0, -6, 0, 0, 0, 0, 0, 0,
    0, 0, 0, 0, 0, 0, 0, 0,
    0, 0, 0, 0, 0, 0, 0, 0,
    0, 0, 0, 0, 0, 0, 0, 0,
    0, 0, 0, 0, 0, 0, 0, 0,
    0, 0, 0, 0, 0, 0, 0, 0,
    0, 0, 0, 0, 0, 0, 0, 0,
    0, 0, 0, 0, 0, 0, 0, 0,
    0, 0, 0, 0, 0, 0, -28, 0,
    0, -25, 0, 0, 0, 0, 0, 0,
    0, 0, 0, 0, 0, -12, -13, 0,
    0, 0, -13, -10, 0, 0, 0, 0,
    0, 0, 0, 0, 0, 0, 0, 0,
    0, 0, 0, 0, 0, 0, 0, 0,
    0, 0, 0, -12, -12, -13, 0, 0,
    23, -13, 0, 0, 0, 0, 0, 0,
    0, 0, 0, 0, 0, 0, 0, 0,
    0, 0, 0, 0, 0, 0, 0, 0,
    0, 0, 0, 0, 0, 0, 0, 0,
    0, -9, 0, -16, 0, 0, 0, 0,
    0, 0, 0, 0, 0, 0, 0, 0,
    0, 0, 0, 0, 0, 0, 0, 0,
    0, 0, 0, 0, 0, 0, 0, 0,
    0, 0, 0, 0, 0, 0, 0, 0,
    0, 0, 0, 0, 0, 0, 0, 0,
    0, 0, 0, 0, 0, 0, 0, 0,
    0, 0, 0, 0, 0, 0, 0, 0,
    0, 0, 0, 0, 0, 0, 0, 0,
    0, 0, -13, 0, 0, 0, 0, -12,
    0, -17, -16, -13, -25, 0, 0, 0,
    0, 0, 0, 0, 0, 0, 0, 0,
    0, 0, -10, 0, -9, 0, 0, 0,
    0, 0, 0, 0, 0, 0, 0, 0,
    0, 0, 0, 0, 0, 0, 0, 0,
    0, 0, 0, 0, 0, 0, 0, -10,
    0, 0, 0, 0, 0, 0, 0, 0,
    0, 0, 0, 0, 0, 0, 0, 0,
    0, 0, 0, 0, 0, 0, 0, 0,
    -10, 0, 0, 0, 0, -20, 0, -19,
    -19, -14, -23, -16, 0, 0, 0, 0,
    0, 0, 0, 0, 0, 0, 0, 0,
    0, 0, 0, 0, 0, 0, 0, 0,
    0, 0, 0, 0, 0, 0, 0, 0,
    0, 0, 0, 0, 0, 0, 0, 0,
    0, 0, 0, 0, 0, 0, 0, 0,
    0, 0, 0, 0, 0, 0, 0, 0,
    0, 0, 0, 0, 0, 0, 0, 0,
    0, 0, 0, 0, 0, 0, -16, 0,
    0, 0, 0, 0, 0, 0, 0, 0,
    0, 0, 0, 0, 0, 0, 0, 0,
    0, 0, 0, 0, 0, 0, 0, 0,
    0, 0, 0, 0, 0, 0, 0, 0,
    0, 0, 0, 0, 0, 0, 0, 0,
    0, 0, 0, 0, 0, 0, 0, 0,
    0, 0, 0, 0, 0, 0, 0, 0,
    0, 0, 0, 0, 0, 0, 0, 0,
    0, 0, 0, 0, 0, 0, 0, 0,
    0, 0, 0, 0, -11, 0, 0, 0,
    0, -8, 0, -10, -6, -13, -11, 0,
    0, 0, 0, 0, 0, 0, 0, 0,
    0, 0, 0, 0, 0, 0, 0, 0,
    0, 0, 0, 0, 0, 0, 0, 0,
    0, 0, 0, 0, 0, 0, 0, 0,
    0, 0, 0, 0, 0, 0, 0, 0,
    0, 0, 0, 0, 0, 0, -20, -4,
    0, 0, -24, -9, 0, -9, 0, 3,
    0, -13, 0, 0, 0, 0, -10, -13,
    -16, -11, 4, 0, -11, 0, -4, -23,
    -5, -20, -18, 0, -20, 0, -20, -24,
    0, 0, -6, -2, 1, 0, 0, -3,
    -7, 0, -17, -17, 0, 0, 0, -9,
    -6, -11, -19, -9, -9, -18, -24, 0,
    -13, -9, -9, 0, 0, 0, -9, 0,
    0, -6, 1, 1, 0, -6, 0, -17,
    -33, -26, -9, 0, 0, 0, 0, 0,
    0, 0, 0, 0, 0, 0, 0, 0,
    0, 0, 0, 0, 0, 0, 0, 0,
    0, 0, 0, 0, 0, -14, 0, 0,
    0, 0, 0, 0, 0, 0, 0, 0,
    0, 0, 0, 0, 0, 0, 0, 0,
    0, 0, 0, 0, 0, 0, 0, 0,
    0, 0, 0, 0, 0, 0, 0, 0,
    0, 0, 0, 0, 0, 0, 0, 0,
    0, 0, 9, 0, 0, 0, -16, 0,
    0, 0, 0, 0, 0, 0, 0, 0,
    0, 0, 0, 0, 0, 0, 0, 0,
    0, 0, 0, 0, 0, 0, -7, 0,
    0, 0, 0, 0, 0, 0, 0, -4,
    0, 0, 0, 0, -10, 0, 0, 0,
    0, 0, 0, 0, 0, 0, 2, 0,
    0, 0, 0, 0, 0, 0, 0, 0,
    0, 0, 0, 0, 0, 0, 0, 0,
    0, 0, 0, 0, 0, 0, 0, 0,
    9, 0, 0, 2, 0, 0, 0, 0,
    0, 0, 0, 0, 0, 0, -11, 0,
    -11, -10, 0, 0, 0, 0, 0, 0,
    0, 0, 0, 0, -11, 0, 0, 0,
    0, -8, 0, -10, -6, -13, -11, 0,
    -10, 0, -10, 0, 0, 0, 0, 0,
    0, 0, 0, 0, 0, 0, 0, 0,
    0, 0, 0, 0, 0, 0, 0, -1,
    0, 0, 0, 0, 0, 0, 0, 0,
    0, 0, 0, 0, 0, 0, 0, 0,
    0, 0, -9, 0, 0, -11, 0, 0,
    0, 0, 0, 0, 0, 0, 0, 0,
    0, 0, 0, 0, 0, 0, 0, 0,
    0, 0, 0, 0, 0, 0, 0, 0,
    0, 0, 0, 0, 0, 0, 0, 0,
    0, 0, 0, 0, 0, 0, 0, 0,
    0, 0, 0, 0, 0, 0, 0, 0,
    0, 0, 0, 0, 0, 0, 0, 0,
    0, 0, 0, 0, 0, 0, 0, 0,
    0, 0, 0, 0, 19, 0, 0, 0,
    0, 0, 0, 0, 0, 0, 0, 0,
    0, 0, -10, 0, -9, 0, 0, 0,
    0, 0, 0, 0, 0, 0, 0, 0,
    -23, 0, 0, -17, 0, 0, 0, 0,
    0, 0, 0, 0, 0, 0, -9, -4,
    -7, 0, 0, 0, -5, 0, 0, -9,
    -9, 0, 0, -9, 0, 0, -7, 0,
    0, 0, 0, 0, 0, -9, 0, 0,
    0, 0, 0, 0, 0, -4, -4, -7,
    0, 0, 0, -7, -9, -9, 0, 0,
    0, -22, 0, 0, 0, 0, 0, 0,
    0, 0, 0, 0, 0, 0, 0, 0,
    0, 0, 0, 0, 0, 0, -8, 0,
    0, 0, 0, -8, 0, -6, 0, -4,
    -7, 0, -6, 0, 0, 0, 0, 0,
    0, 0, 0, 0, 0, 0, 0, 0,
    0, 0, 0, 0, 0, 0, 0, 0,
    0, 0, 0, 0, 0, 0, 0, 0,
    0, 0, 0, 0, 0, 0, 0, 0,
    9, 0, 0, 0, 0, 0, 0, 0,
    0, 0, 0, 5, 0, 0, 0, 0,
    0, 0, 0, 0, 0, 0, 0, 0,
    0, 0, 0, 0, 0, 0, 0, 0,
    0, 0, 0, 0, 0, 0, 0, 0,
    0, 0, 5, 0, 0, 0, 0, 0,
    0, 0, 4, 0, 3, 0, 0, 0,
    0, 0, 0, 0, 0, 0, 0, 0,
    0, 0, 0, 0, 0, 0, 0, 9,
    0, 0, 0, 0, 0, 0, 16, 0,
    0, 3, 0, 0, 0, 0, 0, 0,
    0, 0, 0, 0, -9, 0, -9, -14,
    0, 0, 0, 0, 0, 0, 0, 0,
    0, 0, -5, 0, 0, 0, 0, 0,
    0, 0, 0, 0, 0, 0, 0, 0,
    -13, 0, 0, 0, 0, 0, 0, 0,
    0, 0, 0, 0, 0, 0, 0, 0,
    0, 0, 0, 0, 0, 0, 0, 0,
    0, 0, 0, 0, 0, 0, 0, 0,
    0, 0, 0, 0, 0, 0, 0, 0,
    0, 0, 0, -9, 0, -2, 0, 0,
    0, -20, 0, -20, 0, 0, 0, 0,
    0, 0, 0, 0, -17, -9, 0, -10,
    0, 0, -10, 0, -2, 0, 0, 0,
    0, 0, 0, 0, 0, 0, 0, 0,
    -10, 0, 2, 0, 0, 0, 0, -9,
    -10, -16, 0, 0, 0, -20, -10, -10,
    0, -13, -13, -4, 0, -9, 0, -12,
    0, 0, 0, 0, -9, 0, 0, -10,
    2, 2, 22, -10, -9, -10, 0, 0,
    -9, 0, -23, 0, 0, 0, -10, -17,
    0, -13, 0, 0, 0, -12, 0, 0,
    0, 0, 0, 0, 0, -7, 0, 0,
    -7, 0, 0, -23, 0, -20, -9, 0,
    -22, 0, -20, -33, 0, 0, 0, 0,
    0, 0, 0, 0, -6, 0, -17, 0,
    0, 0, 0, -10, 0, -7, -25, -16,
    -33, -21, -12, 0, -20, -16, 0, 0,
    0, 0, -9, 0, 0, 0, 0, 0,
    0, 0, 0, -17, -22, -23, -9, 0,
    0, 0, -9, 0, 0, -5, -10, -5,
    -9, 0, 0, 0, 0, 0, 0, 0,
    0, 0, 0, 0, -21, 0, 0, -25,
    0, 0, 0, 0, 0, 0, 0, 0,
    0, 0, 0, -3, -2, 0, 0, 0,
    0, 0, 0, 0, 0, 0, 0, 0,
    0, -5, -2, 0, 0, 0, -5, 0,
    0, 0, 0, -5, 0, 0, 0, 0,
    0, -3, -3, -2, 0, 0, 0, -2,
    0, 0, 0, 0, 0, -25, 0, 0,
    0, 0, 0, 0, 0, 0, 0, 0,
    0, 0, 0, 0, 0, 0, 0, 0,
    0, 0, 0, 0, 0, 0, 0, 0,
    0, -5, 0, 0, -7, 0, -5, 0,
    0, -1, -3, 0, 0, 0, 0, 0,
    0, 0, 0, 0, 0, 0, 0, 0,
    -3, 0, 0, 0, 0, 0, 0, 0,
    0, 0, 0, 0, 0, 0, 0, -1,
    -1, -3, 0, 0, 12, -3, 0, 0,
    0, 0, 0, 0, 0, -1, -9, 0,
    0, -13, -9, -13, -9, -13, -9, 0,
    0, -17, -20, -9, -20, -9, 0, -8,
    -23, 0, -8, -23, -1, 0, 0, 0,
    0, 0, 2, 0, 0, 0, -14, -19,
    -20, 0, 0, 0, -14, -19, -26, -19,
    -16, -16, -8, -12, 0, -13, -20, -8,
    0, -33, -13, 0, 0, -26, 0, -20,
    -13, 0, 0, 0, -9, -10, -10, -13,
    0, 0, 23, -13, -13, -9, 0, 0,
    -9, -22, 0, 0, -13, 0, 0, -15,
    -25, -15, -25, -12, -6, 0, 0, -9,
    0, -16, -19, -16, 0, -9, -20, 0,
    -10, -25, 0, 0, 0, 4, 0, 0,
    0, 0, 4, 0, -20, -15, -16, 0,
    0, 0, -2, -12, 0, 0, 0, 0,
    0, 0, 0, -15, -16, -10, 0, -14,
    -16, 0, 0, 0, 0, -10, 0, -8,
    0, 0, -10, -15, -10, -16, 0, 0,
    22, -12, 0, 0, 0, 0, -10, -25,
    0, -1, -13, 0, 0, -11, -25, -11,
    -25, -8, 0, 0, 0, -9, 0, -13,
    -19, -16, 0, -6, -18, 0, -6, -16,
    -1, 0, 0, 2, 6, 0, 0, 0,
    2, 0, 0, -15, -13, 0, 0, 0,
    -9, -9, 0, 0, 0, 0, 0, 0,
    0, -11, -13, -6, 0, -14, -11, 0,
    0, 0, 0, -9, 0, -8, 0, 0,
    0, -15, -15, -13, 0, 0, 0, -13,
    0, 0, 0, 0, 0, -25, 0, -3,
    0, 0, 0, -10, 0, -10, 0, 0,
    -9, 0, -6, -10, 0, 0, -14, -13,
    0, -13, 0, 0, -13, 0, -3, -10,
    0, 0, 0, 0, 0, 0, 0, 0,
    0, -14, -7, 0, 0, 0, 0, 0,
    0, 0, 0, 0, 0, 0, 0, -9,
    -7, -13, 0, -10, -13, -2, 0, 0,
    0, -12, 0, 0, 0, 0, -12, -14,
    -14, -7, 0, 0, 0, -7, 0, 0,
    0, 0, -12, 0, 0, 0, -16, 0,
    0, -16, -16, -16, -16, 0, 0, 0,
    0, -17, 0, -16, -26, -25, 0, -11,
    -20, 0, -11, -9, 0, 2, 0, 0,
    0, 0, 0, 0, 0, 0, 0, -26,
    -28, 0, -5, 0, -10, -17, 0, -10,
    0, 0, 0, 0, 0, -16, -28, -11,
    0, -23, -13, -2, 0, -10, 0, -13,
    -16, 0, 0, 0, -12, -17, -13, -28,
    -5, -9, 0, -28, -10, 0, 0, 0,
    -10, -25, 0, 0, 0, 0, 0, -9,
    0, -9, 0, 0, 0, 0, 0, 0,
    0, 0, -16, 0, 0, -9, 0, 0,
    -9, 0, 0, 0, 0, 0, 0, 0,
    0, 0, 0, 0, 0, 0, 0, 0,
    0, 0, 0, 0, 0, 0, 0, 0,
    0, 0, 0, -9, 0, -9, 0, -9,
    -9, 0, 0, 0, 0, -9, 0, 0,
    0, 0, 0, 0, 0, 0, 0, 0,
    22, 0, 0, 0, 0, 0, 0, 0,
    0, 0, 0, 0, 0, 0, 0, 0,
    0, 0, 0, 0, 0, 0, 0, 0,
    0, 0, 0, 0, 4, 0, -11, 0,
    -4, -10, -5, -12, -15, 0, -20, 0,
    0, 0, 0, 0, -6, -2, 1, 0,
    0, -3, -7, 0, -13, -17, 0, 0,
    0, 0, 0, 0, -19, 0, 0, 0,
    0, 0, 0, 0, 0, 0, 0, 0,
    0, 0, 0, -6, 1, 1, 0, -6,
    0, -13, 0, 0, 0, 0, 0, 0,
    0, 0, 0, 0, 0, 0, 0, 0,
    0, 0, 0, 0, 0, 0, 0, 0,
    0, 0, 0, 9, -10, 0, 0, -14,
    -10, -20, 0, 0, 0, 0, 0, 0,
    0, 0, 0, 0, 4, 25, 9, 0,
    0, 0, -20, 0, 0, 0, 0, 0,
    0, 0, 0, 0, 0, 0, 0, 0,
    0, 0, 0, 0, 0, 0, 0, 0,
    0, 0, 4, 4, 0, 0, 0, -20,
    0, 0, 0, 0, -5, 0, 0, 0,
    0, 0, 0, 0, 0, 0, 0, -10,
    0, 0, 0, 0, 0, 0, 0, 0,
    0, 0, 0, 0, 0, -18, 0, -13,
    -13, 0, -25, 0, -13, 0, 0, 0,
    0, 0, 0, 0, 0, 0, 0, 0,
    -4, 0, 0, 0, 0, 0, 0, 0,
    0, 0, 0, -2, 0, 0, 0, 0,
    0, 0, 0, 0, 0, 0, 0, 0,
    0, 0, 0, 0, 0, -4, -12, -6,
    0, 0, -5, 0, 0, -3, 0, 0,
    0, 0, 0, 0, 0, -9, 0, 0,
    0, 0, 0, 0, 0, 0, -9, 0,
    0, 0, 0, -20, 0, -16, -13, -7,
    -29, 0, -16, 0, 0, 3, 0, 0,
    0, 0, 0, 0, 0, 0, -5, -3,
    -5, -5, 0, 0, 0, 0, -9, 0,
    0, -3, 0, 0, 0, 0, 0, 0,
    0, 0, 0, 3, 3, 0, 0, 0,
    0, 0, 0, -5, -16, -6, 0, 0,
    0, 0, 0, 0, 0, -5, -14, -5,
    -14, -3, 0, 0, 0, -16, 0, 0,
    0, 0, 0, 0, -9, 0, 0, -16,
    0, 0, 0, 0, 0, 0, 1, 0,
    0, 0, -4, -5, -5, -11, 2, 1,
    0, -5, -10, 0, 0, 5, 0, 0,
    0, -5, -5, 0, 0, -10, -5, 0,
    0, 0, 0, -5, 0, 0, 0, 0,
    -5, -5, -5, -5, 2, 2, 26, -5,
    0, 0, 0, 0, -5, -14, 0, 0,
    0, 0, 0, 0, 0, 0, 0, 0,
    0, 0, 0, 0, 0, 0, 0, 0,
    0, 0, 0, 0, 0, 0, 0, -13,
    0, 0, 0, 0, 0, 0, 0, 0,
    0, 0, 0, 0, 0, 2, 0, 0,
    0, 0, 0, 0, 0, 0, 0, 0,
    0, 0, 0, 0, 0, 0, 0, 0,
    0, 0, 0, 0, 0, 0, 0, 0,
    0, 0, 0, 0, 0, 0, 0, 0,
    0, 0, 0, 0, 0, 0, 0, 0,
    0, 0, 0, 0, 0, 0, 0, 0,
    0, 0, 0, 0, 0, 0, 0, 0,
    0, 0, 0, 0, 0, 0, 0, 0,
    0, 0, 0, 0, 0, 0, 0, 0,
    0, 0, 0, 0, 0, 0, 0, 0,
    0, 0, 0, 0, 0, 0, 0, 0,
    0, 0, 0, 0, 0, 0, 0, 0,
    0, 0, 0, 0, 0, 0, 0, 0,
    0, 0, 16, 0, 0, 0, 0, 0,
    0, 0, 0, 0, 0, 0, 0, -15,
    0, -15, 0, 0, 0, 0, 0, -12,
    0, 0, -22, 0, 0, 0, 0, 0,
    0, 0, 0, -14, 0, 0, 0, 0,
    0, 0, 0, 0, 0, 0, -6, 0,
    0, 0, 0, 0, 0, 0, 2, 0,
    0, 0, 0, -15, -6, 0, 0, -13,
    -17, 0, 0, 0, 0, -15, 0, 0,
    0, 0, 0, 0, 0, -6, 0, 0,
    0, -6, 0, 2, 0, 0, 0, 0,
    0, 0, 0, 0, 0, -9, -16, -9,
    -16, -8, 0, 0, 0, 0, 0, 0,
    -10, 0, 0, 0, -10, 4, 0, -14,
    0, -14, 0, 0, 0, 0, 0, -9,
    0, 0, 0, -3, -6, 5, 1, 4,
    2, 0, 5, 0, 4, 2, 4, 0,
    4, -9, -6, 0, 0, 0, -9, 0,
    0, 0, 0, -9, 0, 0, 0, 0,
    0, -3, -3, -6, 1, 1, 4, -6,
    0, 4, -10, 4, 0, -16, -2, 0,
    0, 0, 0, 0, 0, 0, 0, 0,
    0, 0, 0, 0, 0, 0, 0, 0,
    0, 0, 0, 0, 0, 0, 0, -19,
    0, -12, -9, 0, -19, 0, -12, 0,
    0, 0, 0, 0, 0, 0, 0, 0,
    0, 0, 0, 0, 0, 0, 0, 0,
    0, 0, 0, 0, 0, -2, 0, 0,
    0, 0, 0, 0, 0, 0, 0, 0,
    0, 0, 0, 0, 0, 0, 0, 0,
    -13, 0, 0, 0, 0, 0, 0, 0,
    0, -4, 0, -4, 0, 0, 0, 0,
    0, -2, 0, 0, -7, 0, 0, 0,
    0, 1, 0, 0, 0, -9, 0, -1,
    -1, 0, -2, 0, -1, 0, 0, 1,
    -2, -8, 0, 2, 0, -2, -3, 0,
    6, 5, 0, 0, 1, -4, -2, 0,
    0, 0, -4, 0, 0, 0, 0, -4,
    0, 0, 0, 0, -1, 1, 1, -2,
    0, 0, 0, -2, 0, 6, -10, 3,
    -1, 0, 0, 0, 0, 0, 0, -9,
    0, -9, 0, -9, 0, 0, 0, 0,
    0, 0, -10, 0, 0, 0, 0, 0,
    0, 0, 0, -13, 0, 0, 0, 0,
    -14, 0, 0, 0, -9, 0, 0, 0,
    0, 0, 0, 0, 0, 0, 0, 0,
    0, 0, 0, -9, 0, 0, 0, 0,
    -9, 0, 0, 0, 0, -9, 0, 0,
    0, 0, 0, 0, 0, 0, 0, 0,
    0, 0, 0, 0, -10, 4, 0, 0,
    0, 0, 0, 0, 0, -10, -10, -10,
    -10, -14, 0, 0, 0, 0, 0, 0,
    -9, -10, 0, 0, -17, 1, 0, -16,
    0, -9, 0, 0, 0, 0, -9, 0,
    0, 0, -20, -2, -5, 4, 0, 0,
    0, 0, 4, 0, 0, 0, 0, 0,
    1, -10, -5, 0, 0, -10, -10, 0,
    0, 0, 0, -10, 0, 0, 0, 0,
    0, -2, -2, -5, 0, 0, 6, -5,
    0, 0, 0, 0, 0, -19, 0, 0,
    -9, 0, 0, 0, -19, 0, -19, 0,
    0, 0, 0, 0, 0, 0, 0, 0,
    0, 0, -17, 0, 0, -14, 0, -13,
    0, 0, 0, 0, 0, -9, 0, 0,
    0, -1, -3, 0, 0, 0, 0, 0,
    0, 0, 0, 0, 0, 0, 0, 0,
    -3, 0, 0, -9, 0, 0, 0, 0,
    0, 0, 0, 0, 0, 0, 0, -1,
    -1, -3, 0, 0, 0, -3, 0, 0,
    0, 0, 0, -19, 0, 0, 0, 0,
    0, -6, 0, -6, 0, 0, 0, 0,
    0, 0, 0, 0, 0, -9, 0, 0,
    0, 0, 0, 0, 0, -8, 0, 0,
    0, 0, 0, 0, 0, 0, 0, 0,
    -5, 4, 0, 0, 0, 0, 4, 0,
    0, 0, 0, 0, 0, -6, -5, 0,
    0, -9, -6, 0, 0, 0, 0, -6,
    0, 0, 0, 0, 0, 0, 0, -5,
    0, 0, 0, -5, 0, 0, 0, 0,
    0, 0, 0, 0, 0, 0, 0, 0,
    0, 0, 0, 0, 0, 0, 0, 0,
    0, 0, 0, 0, 0, 0, 0, 0,
    0, 0, 0, -9, 0, 0, 0, 0,
    0, 0, 0, 0, 0, 0, -5, 0,
    0, 0, 0, 0, 0, 0, 0, 0,
    0, 0, 0, 0, -5, 0, 0, 0,
    0, 0, 0, 0, 0, 0, 0, 0,
    0, 0, 0, 0, 0, -5, 0, 0,
    0, -5, 0, 0, 0, 0, 0, 0,
    0, 0, 0, 0, 0, 0, 0, 0,
    0, 0, 0, 0, 0, 0, 0, 0,
    0, 0, 0, 0, 0, 0, 0, 0,
    0, -17, 0, -9, 0, 0, -17, 0,
    0, 0, 0, 0, 0, 0, 0, 0,
    0, 0, 0, 0, 0, 0, 0, 0,
    0, 0, 0, 0, 0, 0, 0, 0,
    0, 0, 0, 0, 0, 0, 0, 0,
    0, 0, 0, 0, 0, 0, 0, 0,
    0, 0, 0, 0, 0, 0, 0, 0,
    0, 0, 0, 0, 0, 0, 0, 0,
    0, 0, 0, 0, 0, 0, 0, 0,
    0, 0, -9, 0, 0, 0, 0, -20,
    0, -16, -13, -7, -29, 0, 0, 0,
    0, 3, 0, 0, 0, 0, 0, 0,
    0, 0, -5, -3, -5, -5, 0, 0,
    0, 0, -9, 0, 0, 0, 0, 0,
    0, 0, 0, 0, 0, 0, 0, 3,
    3, 0, 0, 0, 0, 0, 0, -5,
    0, 0, 0, 0, 0, 0, 0, 0,
    0, 0, 0, 0, 0, 0, 0, 0,
    0, 0, 0, 0, 0, 0, 0, 0,
    0, 0, 0, 0, 0, 0, 0, 0,
    0, 0, 0, 0, 0, 0, 0, 0,
    0, 0, 9, 0, 0, 0, 0, 0,
    0, 0, 0, 0, 0, 0, 0, 0,
    0, 0, 0, 0, 0, 0, 0, 0,
    0, 0, 0, 0, 0, 0, 0, 0,
    9, 9, 0, 0, 0, 0, 0, 0,
    0, 0, 0, 0, -10, 0, 0, 0,
    0, 0, 0, 0, 0, 0, 0, 0,
    0, 0, 0, 0, 0, 0, -19, 0,
    0, -19, 0, 0, 0, 0, 0, 0,
    0, 0, 0, 0, 0, 0, -9, 0,
    0, 0, 0, 0, 0, 0, 0, 0,
    0, 0, 0, 0, -9, 0, 0, 0,
    0, 0, 0, 0, 0, 0, 0, 0,
    0, 0, 0, 0, 0, -9, 0, 0,
    0, -9, 0, 0, 0, 0, 0, 0,
    0, 0, 0, 0, 0, 0, 0, 0,
    0, 0, 0, 0, 0, 0, 0, 0,
    0, 0, 0, 0, -9, 0, 0, 0,
    0, -13, 0, 0, 0, 0, -16, 0,
    0, 0, 0, 0, 0, 0, 0, 0,
    0, 0, 0, 0, 0, 0, 0, 0,
    0, 0, 0, 0, 0, 0, 0, 0,
    0, 0, 0, 0, 0, 0, 0, 0,
    0, 0, 0, 0, 0, 0, 0, 0,
    0, 0, 0, 0, 0, 0, 0, 0,
    0, 0, 0, 0, 0, 0, 0, 0,
    0, 0, 0, 0, 0, 0, 0, 0,
    0, 0, 0, 0, 0, 0, 0, -13,
    0, 0, 0, 0, 0, 0, 0, 0,
    0, 0, 0, 0, 0, 0, 0, 0,
    0, 0, 0, 0, 0, 0, 0, 0,
    0, 0, 0, 0, 0, 0, 0, 0,
    0, 0, 0, 0, 0, 0, 0, 0,
    0, 0, 0, 0, 0, 0, 0, 0,
    0, 0, 0, 0, 0, 0, 0, 0,
    0, 0, 0, 0, 0, 0, 0, 0,
    0, 0, 0, 0, 0, 0, 0, 0,
    -18, 0, -1, -18, 0, 0, 0, 0,
    0, -2, -2, 0, 0, 0, 0, -3,
    -7, 0, 0, 0, 0, -3, 0, 0,
    0, 0, 0, 0, 0, 0, 0, 0,
    0, 0, 0, 0, 0, 0, 0, 0,
    0, 0, 0, 0, 0, -3, -3, -7,
    0, 0, 0, -7, 0, 0, 0, 0,
    0, 0, 0, 0, 0, 0, 0, 0,
    0, 0, 0, 0, 0, 0, 0, 0,
    0, 0, 0, 0, 0, 0, 0, 0,
    0, 0, 0, -13, 0, 0, 0, 0,
    -14, 0, 0, 0, 0, 0, 0, 0,
    0, 0, 0, 0, 0, 0, 0, 0,
    0, 0, 0, 0, 0, 0, 0, 0,
    0, 0, 0, 0, 0, 0, 0, 0,
    0, 0, 0, 0, 0, 0, 0, 0,
    0, 0, 0, 0, 0, 0, 0, 0,
    0, 0, 0, 0, 0, 0, 0, 0,
    0, 0, 0, 0, 0, 0, 0, 0,
    0, 0, 0, 0, -9, 0, 0, -12,
    0, -20, 0, -10, -6, -12, -13, 0,
    0, 0, 0, 0, 0, 0, 0, 0,
    0, 0, 0, 0, 0, 0, -6, 0,
    0, 0, 0, 0, 0, 0, 0, 0,
    0, 0, 0, 0, 0, 0, 0, 0,
    0, 0, 0, 0, 0, 0, 0, 0,
    0, 0, 0, 0, 0, 0, 0, 0,
    0, 0, 0, 0, 0, 0, 0, 0,
    0, 0, 0, 0, 0, 0, 0, 0,
    0, 0, -9, 0, 0, 0, 0, -33,
    0, -16, -14, -10, -23, -9, 0, 0,
    0, 0, 0, 0, 0, 0, 0, 0,
    0, 0, -9, -9, -9, 0, 0, 0,
    0, 0, 0, 0, 0, 0, 0, 0,
    0, 0, 0, 0, 0, 0, 0, 0,
    0, 0, 0, 0, 0, 0, 0, -9,
    0, 0, 0, 0, 0, 0, 0, 0,
    0, 0, 0, 0, 0, 0, 0, 0,
    0, 0, 0, 0, 0, 0, 0, 0,
    0, 0, 0, 0, 0, -17, 0, -30,
    -25, 0, 0, 0, 0, 0, 0, 0,
    0, 0, 0, 0, 0, 0, 0, 0,
    0, 0, 0, 0, 0, 0, 0, 0,
    0, 0, 0, 0, 0, 0, 0, 0,
    0, 0, 0, 0, 0, 0, 0, 0,
    0, 0, 0, 0, 0, 0, 0, 0,
    0, 0, 0, 0, 0, 0, 0, 0,
    0, 0, 0, 0, 0, 0, 0, 0,
    0, 0, 0, 0, 0, 0, 0, 0,
    0, 0, 0, 0, 0, 0, 0, 0,
    0, 0, 0, 0, 0, 0, 0, 0,
    0, 0, 0, 0, 0, 0, 0, 0,
    0, 0, 0, 0, 0, 0, 0, 0,
    0, 0, 0, 0, 0, 0, 0, 0,
    0, 0, 0, 0, 0, 0, 0, 0,
    10, 0, 0, 0, 0, 0, 0, 0,
    0, 0, 0, 0, 0, 0, 0, 0,
    0, 0, 0, 0, 0, 0, 0, 0,
    0, 0, 0, 0, -9, 0, 0, 0,
    0, -14, 0, -10, 0, -12, -12, 0,
    0, 0, 0, 0, 0, 0, 0, 0,
    0, 0, 0, 0, 0, 0, 0, 0,
    0, 0, 0, 0, 0, 0, 0, 0,
    0, 0, 0, 0, 0, 0, 0, 0,
    0, 0, 0, 0, 0, 0, 0, 0,
    0, 0, 0, 0, 0, 0, 0, 0,
    0, 0, 0, 0, -26, 0, -26, 0,
    0, 0, 0, 0, 0, 0, 0, 0,
    0, 0, -10, 0, 0, -10, 0, -14,
    0, -13, 0, 0, 0, -10, -13, 0,
    0, 0, 0, 0, 0, 0, 0, 0,
    0, 0, 0, 0, 0, 0, 0, 0,
    0, 0, 0, 0, 0, 0, 0, 0,
    0, 0, 0, 0, 0, 0, 0, 0,
    0, 0, 0, 0, 0, 0, 0, 0,
    -14, 0, 0, -26, 0, 0, 0, 0,
    0, 0, 0, 0, 0, 0, 0, 0,
    0, 0, 0, 0, 0, 0, 0, 0,
    0, 0, 0, 0, 0, -14, 0, 0,
    0, 0, 0, 0, 0, 0, 0, 0,
    0, 0, 0, 0, 0, 0, 0, 0,
    0, 0, 0, 0, 0, 0, 0, 0,
    0, 0, 0, 0, 0, 0, 0, 0,
    0, 0, 0, 0, 0, 0, 0, 0,
    0, 0, 9, 0, 0, 0, -17, 0,
    0, 0, 0, 0, 0, 0, 0, 0,
    0, 0, 0, 0, 0, 0, 0, 0,
    0, 0, 0, 0, 0, 0, 0, 0,
    0, 0, 0, -20, 0, 0, 0, 0,
    0, 0, 0, 0, 0, 0, 0, 0,
    0, 0, 0, 0, 0, 0, 0, 0,
    0, 0, 0, 0, 0, 0, 0, 0,
    0, 0, 0, 0, 0, 0, 0, 0,
    0, 0, 0, 0, 0, 0, 0, 0,
    0, 0, 0, 0, 0, 0, 0, 0,
    0, 0, 0, 0, 0, 0, 0, 0,
    0, 0, 0, 0, 0, 0, 0, 0,
    0, 0, 0, 0, 0, 0, 0, 0,
    0, 0, 0, 0, 0, 0, 0, 0,
    0, 0, 0, 0, 0, 0, 0, 0,
    0, 0, 0, 0, 0, 0, 0, 0,
    0, 0, 0, 0, 0, 0, 0, 0,
    0, 0, 0, 0, 0, 0, 0, 0,
    0, 0, 0, 0, 0, 0, 9, 0,
    0, 0, 0, 0, 0, 0, 0, 0,
    0, 0, 0, 0, 0, 0, 0, 0,
    0, 12, 0, 0, 23, 0, 0, 0,
    0, 0, 0, 16, 0, 0, 0, 23,
    0, 22, 0, 0, 0, 23, 22, 0,
    0, 0, 0, 10, 16, 16, 4, 0,
    13, 0, 0, 0, 0, 0, 16, 0,
    0, 0, 0, 0, 0, 0, 0, 0,
    0, 0, 0, 0, 10, 0, 0, 0,
    0, 0, 9, 16, 41, 0, 0, 0,
    0, 0, 0, 0, -5, 0, 0, 0,
    0, 0, 0, 0, 0, 0, 0, -10,
    0, 0, 0, 0, 0, 0, 0, 0,
    0, 0, 0, 0, 0, -13, 0, -13,
    -13, 0, -25, 0, -13, 0, 0, 0,
    0, 0, 0, 0, 0, 0, 0, 0,
    -4, 0, 0, 0, 0, 0, 0, 0,
    0, 0, 0, -2, 0, 0, 0, 0,
    0, 0, 0, 0, 0, 0, 0, 0,
    0, 0, 0, 0, 0, -4, -12, -6,
    0, 0, -5, 0, 0, -3, 0, 0,
    0, 0, 0, 0, 0, -9, 0, 0,
    0, 0, 0, 0, 0, 0, -9, 0,
    0, 0, 0, -13, 0, -16, -13, -7,
    -29, 0, -16, 0, 0, 3, 0, 0,
    0, 0, 0, 0, 0, 0, -5, -3,
    -5, -5, 0, 0, 0, 0, -9, 0,
    0, -3, 0, 0, 0, 0, 0, 0,
    0, 0, 0, 3, 3, 0, 0, 0,
    0, 0, 0, -5, -16, -6, 0, 0,
    0, 0, 0, 0, 0, 0, 0, 0,
    0, 0, 0, 0, 0, 0, 0, 0,
    0, 0, 0, 0, -25, 0, 0, -38,
    0, 0, 0, 0, 0, 0, 0, 0,
    0, 0, 0, 0, -10, 0, 0, 0,
    0, -4, 0, 0, 0, 0, 0, 0,
    0, 0, 0, 0, 0, 0, 0, 0,
    0, 0, 0, 0, 0, 0, 0, 0,
    0, 0, 0, -10, 0, 0, 0, -10,
    0, 0, 0, 0, 0, 0, 0, 0,
    0, 0, 0, 0, 0, 0, 0, 0,
    0, 0, 0, 0, 0, 0, 0, 0,
    0, 0, -35, 0, -14, -32, 0, 0,
    0, 0, 0, 0, 0, 0, 0, 0,
    0, -14, -16, 0, 0, 0, -7, -18,
    2, -10, 2, 0, 0, 0, 0, 0,
    0, 0, 0, 0, 0, 0, 0, 0,
    0, 0, 0, 0, 0, 0, 0, -14,
    -14, -16, 0, 0, 0, -16, -10, 2,
    0, 0, 0, 0, 0, 0, 0, 0,
    0, 0, 0, 0, 0, 0, 0, 0,
    0, 0, 0, 0, 0, 0, 0, 0,
    -9, 0, 0, 0, 0, -9, 0, -10,
    0, -12, -12, 0, 0, 0, 0, 0,
    0, 0, 0, 0, 0, 0, 0, 0,
    0, 0, 0, 0, 0, 0, 0, 0,
    0, 0, 0, 0, 0, 0, 0, 0,
    0, 0, 0, 0, 0, 0, 0, 0,
    0, 0, 0, 0, 0, 0, 0, 0,
    0, 0
};


/*Collect the kern class' data in one place*/
static const lv_font_fmt_txt_kern_classes_t kern_classes =
{
    .class_pair_values   = kern_class_values,
    .left_class_mapping  = kern_left_class_mapping,
    .right_class_mapping = kern_right_class_mapping,
    .left_class_cnt      = 75,
    .right_class_cnt     = 78,
};

/*--------------------
 *  ALL CUSTOM DATA
 *--------------------*/

#if LVGL_VERSION_MAJOR == 8
/*Store all the custom data of the font*/
static  lv_font_fmt_txt_glyph_cache_t cache;
#endif

#if LVGL_VERSION_MAJOR >= 8
static const lv_font_fmt_txt_dsc_t font_dsc = {
#else
static lv_font_fmt_txt_dsc_t font_dsc = {
#endif
    .glyph_bitmap = glyph_bitmap,
    .glyph_dsc = glyph_dsc,
    .cmaps = cmaps,
    .kern_dsc = &kern_classes,
    .kern_scale = 16,
    .cmap_num = 4,
    .bpp = 4,
    .kern_classes = 1,
    .bitmap_format = 0,
#if LVGL_VERSION_MAJOR == 8
    .cache = &cache
#endif
};



/*-----------------
 *  PUBLIC FONT
 *----------------*/

/*Initialize a public general font descriptor*/
#if LVGL_VERSION_MAJOR >= 8
const lv_font_t font_inter_bold_16 = {
#else
lv_font_t font_inter_bold_16 = {
#endif
    .get_glyph_dsc = lv_font_get_glyph_dsc_fmt_txt,    /*Function pointer to get glyph's data*/
    .get_glyph_bitmap = lv_font_get_bitmap_fmt_txt,    /*Function pointer to get glyph's bitmap*/
    .line_height = 20,          /*The maximum line height required by the font*/
    .base_line = 4,             /*Baseline measured from the bottom of the line*/
#if !(LVGL_VERSION_MAJOR == 6 && LVGL_VERSION_MINOR == 0)
    .subpx = LV_FONT_SUBPX_NONE,
#endif
#if LV_VERSION_CHECK(7, 4, 0) || LVGL_VERSION_MAJOR >= 8
    .underline_position = -3,
    .underline_thickness = 1,
#endif
    .dsc = &font_dsc,          /*The custom font data. Will be accessed by `get_glyph_bitmap/dsc` */
#if LV_VERSION_CHECK(8, 2, 0) || LVGL_VERSION_MAJOR >= 9
    .fallback = NULL,
#endif
    .user_data = NULL,
};



#endif /*#if FONT_INTER_BOLD_16*/

