/* SPDX-License-Identifier: OFL-1.1 */
/* Glyph data converted from IBM Plex Mono (SIL OFL 1.1); licence text: licenses/OFL-1.1-IBMPlexMono.txt */
/*******************************************************************************
 * Size: 20 px
 * Bpp: 4
 * Opts: --font IBMPlexMono-SemiBold.ttf --size 20 --bpp 4 --format lvgl --range 0x20-0x7E,0xA0-0xFF,0x2018-0x201D,0x2026,0x2022 --no-compress --force-fast-kern-format --lv-font-name diskos_mono_20 -o font_mono_20.c
 ******************************************************************************/

#ifdef LV_LVGL_H_INCLUDE_SIMPLE
#include "lvgl.h"
#else
#include "lvgl/lvgl.h"
#endif

#ifndef DISKOS_MONO_20
#define DISKOS_MONO_20 1
#endif

#if DISKOS_MONO_20

/*-----------------
 *    BITMAPS
 *----------------*/

/*Store the image of the glyphs*/
static LV_ATTRIBUTE_LARGE_CONST const uint8_t glyph_bitmap[] = {
    /* U+0020 " " */

    /* U+0021 "!" */
    0x6f, 0xf6, 0x6f, 0xf6, 0x6f, 0xf6, 0x6f, 0xf6,
    0x5f, 0xf5, 0x2f, 0xf2, 0xf, 0xf0, 0xc, 0xc0,
    0x9, 0x90, 0x4, 0x40, 0x0, 0x0, 0x18, 0x81,
    0xbf, 0xfb, 0xcf, 0xfc, 0x6e, 0xe6,

    /* U+0022 "\"" */
    0x3f, 0xf1, 0x1f, 0xf4, 0x3f, 0xf1, 0x1f, 0xf4,
    0x3f, 0xf1, 0x1f, 0xf4, 0x3f, 0xf1, 0x1f, 0xf4,
    0x3f, 0xf1, 0x1f, 0xf4, 0x3f, 0xf1, 0x1f, 0xf4,
    0x17, 0x70, 0x7, 0x72,

    /* U+0023 "#" */
    0x0, 0x0, 0xcf, 0x40, 0xff, 0x10, 0x0, 0x0,
    0xff, 0x12, 0xfe, 0x0, 0x0, 0x2, 0xff, 0x5,
    0xfb, 0x0, 0x0, 0x5, 0xfc, 0x7, 0xf9, 0x0,
    0xf, 0xff, 0xf9, 0xa, 0xff, 0xfc, 0xf, 0xff,
    0xf7, 0xc, 0xff, 0xfc, 0x0, 0xd, 0xf4, 0xf,
    0xf1, 0x0, 0x0, 0xf, 0xf2, 0x2f, 0xf0, 0x0,
    0x0, 0x1f, 0xf0, 0x4f, 0xd0, 0x0, 0xcf, 0xff,
    0xc0, 0x7f, 0xff, 0xf0, 0xcf, 0xff, 0xa0, 0xaf,
    0xff, 0xf0, 0x0, 0x9f, 0x70, 0xcf, 0x50, 0x0,
    0x0, 0xcf, 0x50, 0xff, 0x20, 0x0, 0x0, 0xef,
    0x21, 0xff, 0x0, 0x0, 0x1, 0xff, 0x4, 0xfc,
    0x0, 0x0,

    /* U+0024 "$" */
    0x0, 0x0, 0x3, 0x40, 0x0, 0x0, 0x0, 0x0,
    0xc, 0xf3, 0x0, 0x0, 0x0, 0x0, 0xc, 0xf3,
    0x0, 0x0, 0x0, 0x9, 0xef, 0xff, 0xc5, 0x0,
    0x1, 0xdf, 0xff, 0xff, 0xff, 0x80, 0x8, 0xff,
    0x7b, 0xf6, 0xdf, 0x70, 0xc, 0xfb, 0xa, 0xf0,
    0x5, 0x0, 0xc, 0xfb, 0xa, 0xf0, 0x0, 0x0,
    0x9, 0xff, 0x8b, 0xf0, 0x0, 0x0, 0x1, 0xff,
    0xff, 0xfb, 0x71, 0x0, 0x0, 0x2c, 0xff, 0xff,
    0xfe, 0x30, 0x0, 0x0, 0x1b, 0xfc, 0xff, 0xc0,
    0x0, 0x0, 0xa, 0xf0, 0x8f, 0xf2, 0x0, 0x0,
    0xa, 0xf0, 0x3f, 0xf3, 0x4, 0xd2, 0xa, 0xf0,
    0x6f, 0xf1, 0x1f, 0xff, 0x9c, 0xf9, 0xff, 0xb0,
    0x5, 0xff, 0xff, 0xff, 0xfc, 0x10, 0x0, 0x18,
    0xcf, 0xfb, 0x60, 0x0, 0x0, 0x0, 0xc, 0xf3,
    0x0, 0x0, 0x0, 0x0, 0xc, 0xf3, 0x0, 0x0,

    /* U+0025 "%" */
    0x5, 0xdf, 0xb2, 0x0, 0x6, 0xf9, 0x3f, 0xea,
    0xfd, 0x0, 0xd, 0xf2, 0x9f, 0x30, 0x9f, 0x30,
    0x5f, 0xa0, 0xbf, 0x10, 0x7f, 0x50, 0xcf, 0x30,
    0xaf, 0x10, 0x7f, 0x54, 0xfb, 0x0, 0x7f, 0x71,
    0xcf, 0x2c, 0xf3, 0x0, 0x1d, 0xff, 0xf8, 0x7,
    0x60, 0x0, 0x1, 0x68, 0x50, 0x5, 0x87, 0x10,
    0x0, 0x6, 0x70, 0x9f, 0xff, 0xd0, 0x0, 0x4f,
    0xc2, 0xfc, 0x17, 0xf7, 0x0, 0xbf, 0x45, 0xf7,
    0x1, 0xfa, 0x3, 0xfc, 0x5, 0xf7, 0x1, 0xfb,
    0xa, 0xf5, 0x3, 0xf9, 0x3, 0xf9, 0x2f, 0xd0,
    0x0, 0xdf, 0xae, 0xf3, 0x9f, 0x60, 0x0, 0x2b,
    0xfd, 0x50,

    /* U+0026 "&" */
    0x0, 0x8, 0xef, 0xc4, 0x0, 0x0, 0x0, 0xbf,
    0xff, 0xff, 0x50, 0x0, 0x4, 0xff, 0x41, 0x9f,
    0xb0, 0x0, 0x7, 0xfc, 0x0, 0x5, 0x0, 0x0,
    0x7, 0xfe, 0x0, 0x0, 0x0, 0x0, 0x3, 0xff,
    0x60, 0x0, 0x0, 0x0, 0x0, 0xbf, 0xf2, 0x0,
    0x0, 0x0, 0x0, 0x9f, 0xfd, 0x0, 0xdf, 0xf7,
    0xb, 0xfe, 0xff, 0x90, 0xef, 0xf7, 0x5f, 0xf2,
    0x7f, 0xf4, 0xff, 0x0, 0x9f, 0xd0, 0x9, 0xfe,
    0xfb, 0x0, 0x9f, 0xd0, 0x0, 0xbf, 0xf6, 0x0,
    0x6f, 0xf8, 0x23, 0xce, 0xfd, 0x0, 0xd, 0xff,
    0xff, 0xe2, 0xef, 0xa0, 0x1, 0x9e, 0xfb, 0x30,
    0x5f, 0xf6,

    /* U+0027 "'" */
    0x2f, 0xf2, 0x2f, 0xf2, 0x2f, 0xf2, 0x2f, 0xf2,
    0x2f, 0xf2, 0x2f, 0xf2, 0x17, 0x71,

    /* U+0028 "(" */
    0x0, 0x0, 0xbf, 0xc1, 0x0, 0xa, 0xfb, 0x0,
    0x0, 0x5f, 0xe1, 0x0, 0x0, 0xef, 0x40, 0x0,
    0x5, 0xfc, 0x0, 0x0, 0xb, 0xf5, 0x0, 0x0,
    0xf, 0xf1, 0x0, 0x0, 0x3f, 0xe0, 0x0, 0x0,
    0x4f, 0xd0, 0x0, 0x0, 0x5f, 0xd0, 0x0, 0x0,
    0x4f, 0xd0, 0x0, 0x0, 0x2f, 0xf0, 0x0, 0x0,
    0xe, 0xf2, 0x0, 0x0, 0x9, 0xf7, 0x0, 0x0,
    0x4, 0xfe, 0x0, 0x0, 0x0, 0xbf, 0x70, 0x0,
    0x0, 0x2f, 0xf3, 0x0, 0x0, 0x6, 0xfe, 0x20,
    0x0, 0x0, 0x6b, 0xa1,

    /* U+0029 ")" */
    0x1c, 0xfb, 0x0, 0x0, 0x0, 0xbf, 0xa0, 0x0,
    0x0, 0x1e, 0xf4, 0x0, 0x0, 0x4, 0xfe, 0x0,
    0x0, 0x0, 0xbf, 0x50, 0x0, 0x0, 0x5f, 0xb0,
    0x0, 0x0, 0x1f, 0xf0, 0x0, 0x0, 0xe, 0xf3,
    0x0, 0x0, 0xd, 0xf4, 0x0, 0x0, 0xd, 0xf5,
    0x0, 0x0, 0xe, 0xf4, 0x0, 0x0, 0xf, 0xf2,
    0x0, 0x0, 0x2f, 0xe0, 0x0, 0x0, 0x7f, 0x90,
    0x0, 0x0, 0xdf, 0x30, 0x0, 0x7, 0xfb, 0x0,
    0x0, 0x3f, 0xf2, 0x0, 0x2, 0xef, 0x60, 0x0,
    0x1a, 0xb6, 0x0, 0x0,

    /* U+002A "*" */
    0x0, 0x0, 0x2f, 0xf2, 0x0, 0x0, 0x0, 0x0,
    0x2f, 0xf2, 0x0, 0x0, 0x2, 0x0, 0x2f, 0xf2,
    0x0, 0x20, 0xe, 0xe9, 0x5f, 0xf5, 0x9e, 0xe0,
    0x2f, 0xff, 0xff, 0xff, 0xff, 0xf2, 0x0, 0x6b,
    0xff, 0xff, 0xb6, 0x0, 0x0, 0x2, 0xff, 0xff,
    0x20, 0x0, 0x0, 0xc, 0xfc, 0xcf, 0xc0, 0x0,
    0x0, 0x8f, 0xf2, 0x2f, 0xf8, 0x0, 0x0, 0xaf,
    0x60, 0x6, 0xfa, 0x0, 0x0, 0x4, 0x0, 0x0,
    0x40, 0x0,

    /* U+002B "+" */
    0x0, 0x0, 0x22, 0x0, 0x0, 0x0, 0x2, 0xff,
    0x20, 0x0, 0x0, 0x2, 0xff, 0x20, 0x0, 0x0,
    0x2, 0xff, 0x20, 0x0, 0x12, 0x23, 0xff, 0x32,
    0x21, 0xcf, 0xff, 0xff, 0xff, 0xfc, 0xcf, 0xff,
    0xff, 0xff, 0xfc, 0x0, 0x2, 0xff, 0x20, 0x0,
    0x0, 0x2, 0xff, 0x20, 0x0, 0x0, 0x2, 0xff,
    0x20, 0x0, 0x0, 0x2, 0xff, 0x20, 0x0,

    /* U+002C "," */
    0x2, 0x77, 0x70, 0x7, 0xff, 0xc0, 0xa, 0xff,
    0x50, 0xc, 0xfe, 0x0, 0xf, 0xf8, 0x0, 0x2f,
    0xf2, 0x0, 0x5f, 0xb0, 0x0,

    /* U+002D "-" */
    0x9, 0x99, 0x99, 0x90, 0x1f, 0xff, 0xff, 0xf1,
    0x1f, 0xff, 0xff, 0xf1,

    /* U+002E "." */
    0x4b, 0xb4, 0xdf, 0xfd, 0xef, 0xfe, 0x6e, 0xe6,

    /* U+002F "/" */
    0x0, 0x0, 0x0, 0x1f, 0xf4, 0x0, 0x0, 0x0,
    0x6f, 0xe0, 0x0, 0x0, 0x0, 0xcf, 0x80, 0x0,
    0x0, 0x1, 0xff, 0x30, 0x0, 0x0, 0x7, 0xfd,
    0x0, 0x0, 0x0, 0xd, 0xf7, 0x0, 0x0, 0x0,
    0x2f, 0xf2, 0x0, 0x0, 0x0, 0x8f, 0xc0, 0x0,
    0x0, 0x0, 0xef, 0x60, 0x0, 0x0, 0x3, 0xff,
    0x10, 0x0, 0x0, 0x9, 0xfb, 0x0, 0x0, 0x0,
    0xe, 0xf5, 0x0, 0x0, 0x0, 0x4f, 0xf0, 0x0,
    0x0, 0x0, 0xaf, 0xa0, 0x0, 0x0, 0x0, 0xff,
    0x40, 0x0, 0x0, 0x5, 0xfe, 0x0, 0x0, 0x0,
    0xb, 0xf9, 0x0, 0x0, 0x0, 0x1f, 0xf3, 0x0,
    0x0, 0x0, 0x28, 0x70, 0x0, 0x0, 0x0,

    /* U+0030 "0" */
    0x0, 0x5, 0xcf, 0xfc, 0x60, 0x0, 0x0, 0x9f,
    0xff, 0xff, 0xf9, 0x0, 0x4, 0xff, 0xa4, 0x4a,
    0xff, 0x40, 0xb, 0xfe, 0x0, 0x0, 0xef, 0xb0,
    0xf, 0xf8, 0x0, 0x0, 0x9f, 0xf0, 0x2f, 0xf6,
    0x0, 0x0, 0x7f, 0xf2, 0x3f, 0xf6, 0x1e, 0xe1,
    0x6f, 0xf3, 0x4f, 0xf6, 0x3f, 0xf3, 0x6f, 0xf4,
    0x3f, 0xf6, 0x5, 0x50, 0x6f, 0xf3, 0x2f, 0xf6,
    0x0, 0x0, 0x7f, 0xf2, 0xf, 0xf8, 0x0, 0x0,
    0x9f, 0xf0, 0xb, 0xfe, 0x0, 0x0, 0xef, 0xb0,
    0x4, 0xff, 0xa3, 0x4a, 0xff, 0x40, 0x0, 0x9f,
    0xff, 0xff, 0xf9, 0x0, 0x0, 0x6, 0xcf, 0xfc,
    0x60, 0x0,

    /* U+0031 "1" */
    0x0, 0x2, 0xff, 0xff, 0x40, 0x0, 0x0, 0xd,
    0xff, 0xff, 0x40, 0x0, 0x0, 0xbf, 0xe7, 0xff,
    0x40, 0x0, 0x8, 0xff, 0x45, 0xff, 0x40, 0x0,
    0xe, 0xf8, 0x5, 0xff, 0x40, 0x0, 0x2, 0x90,
    0x5, 0xff, 0x40, 0x0, 0x0, 0x0, 0x5, 0xff,
    0x40, 0x0, 0x0, 0x0, 0x5, 0xff, 0x40, 0x0,
    0x0, 0x0, 0x5, 0xff, 0x40, 0x0, 0x0, 0x0,
    0x5, 0xff, 0x40, 0x0, 0x0, 0x0, 0x5, 0xff,
    0x40, 0x0, 0x0, 0x0, 0x5, 0xff, 0x40, 0x0,
    0x0, 0x33, 0x37, 0xff, 0x73, 0x31, 0x3, 0xff,
    0xff, 0xff, 0xff, 0xf7, 0x3, 0xff, 0xff, 0xff,
    0xff, 0xf7,

    /* U+0032 "2" */
    0x0, 0x6, 0xdf, 0xfc, 0x60, 0x0, 0xb, 0xff,
    0xff, 0xff, 0x90, 0x8, 0xff, 0xa6, 0x8f, 0xff,
    0x30, 0xdf, 0xa0, 0x0, 0x6f, 0xf8, 0x0, 0x42,
    0x0, 0x2, 0xff, 0x90, 0x0, 0x0, 0x0, 0x4f,
    0xf7, 0x0, 0x0, 0x0, 0xb, 0xff, 0x20, 0x0,
    0x0, 0x7, 0xff, 0x80, 0x0, 0x0, 0x7, 0xff,
    0xb0, 0x0, 0x0, 0x9, 0xff, 0xb0, 0x0, 0x0,
    0xa, 0xff, 0x90, 0x0, 0x0, 0xb, 0xff, 0x60,
    0x0, 0x0, 0xb, 0xff, 0x94, 0x44, 0x44, 0x40,
    0xdf, 0xff, 0xff, 0xff, 0xff, 0xd, 0xff, 0xff,
    0xff, 0xff, 0xf0,

    /* U+0033 "3" */
    0x0, 0x18, 0xdf, 0xec, 0x70, 0x0, 0x2e, 0xff,
    0xff, 0xff, 0xb0, 0x9, 0xff, 0x84, 0x6d, 0xff,
    0x60, 0x9, 0x30, 0x0, 0x4f, 0xf9, 0x0, 0x0,
    0x0, 0x3, 0xff, 0x70, 0x0, 0x0, 0x2, 0xbf,
    0xf1, 0x0, 0x0, 0xff, 0xff, 0xc3, 0x0, 0x0,
    0xf, 0xff, 0xfa, 0x20, 0x0, 0x0, 0x44, 0x7d,
    0xff, 0x20, 0x0, 0x0, 0x0, 0x1f, 0xfa, 0x0,
    0x10, 0x0, 0x0, 0xef, 0xd0, 0x6e, 0x20, 0x0,
    0x1f, 0xfc, 0x2f, 0xfe, 0x74, 0x6d, 0xff, 0x70,
    0x6f, 0xff, 0xff, 0xff, 0xb0, 0x0, 0x3a, 0xdf,
    0xec, 0x60, 0x0,

    /* U+0034 "4" */
    0x0, 0x0, 0x1, 0xff, 0xf8, 0x0, 0x0, 0x0,
    0x9, 0xff, 0xf8, 0x0, 0x0, 0x0, 0x3f, 0xff,
    0xf8, 0x0, 0x0, 0x0, 0xcf, 0x7f, 0xf8, 0x0,
    0x0, 0x5, 0xfd, 0xf, 0xf8, 0x0, 0x0, 0xe,
    0xf4, 0xf, 0xf8, 0x0, 0x0, 0x8f, 0xb0, 0xf,
    0xf8, 0x0, 0x2, 0xff, 0x20, 0xf, 0xf8, 0x0,
    0xb, 0xf9, 0x0, 0xf, 0xf8, 0x0, 0x4f, 0xe1,
    0x0, 0xf, 0xf8, 0x0, 0x7f, 0xff, 0xff, 0xff,
    0xff, 0xf6, 0x7f, 0xff, 0xff, 0xff, 0xff, 0xf6,
    0x2, 0x22, 0x22, 0x2f, 0xf9, 0x20, 0x0, 0x0,
    0x0, 0xf, 0xf8, 0x0, 0x0, 0x0, 0x0, 0xf,
    0xf8, 0x0,

    /* U+0035 "5" */
    0xf, 0xff, 0xff, 0xff, 0xf5, 0x1, 0xff, 0xff,
    0xff, 0xff, 0x50, 0x2f, 0xf6, 0x66, 0x66, 0x62,
    0x3, 0xfd, 0x0, 0x0, 0x0, 0x0, 0x4f, 0xc0,
    0x0, 0x0, 0x0, 0x5, 0xfb, 0x1b, 0xfe, 0xa2,
    0x0, 0x6f, 0xbd, 0xff, 0xff, 0xe2, 0x7, 0xff,
    0xa4, 0x4b, 0xff, 0xa0, 0x3, 0x40, 0x0, 0xe,
    0xff, 0x0, 0x0, 0x0, 0x0, 0xaf, 0xf1, 0x1,
    0x0, 0x0, 0xa, 0xff, 0x13, 0xe8, 0x0, 0x0,
    0xef, 0xe0, 0xbf, 0xfa, 0x55, 0xcf, 0xf7, 0x1,
    0xdf, 0xff, 0xff, 0xfb, 0x0, 0x1, 0x8d, 0xff,
    0xc6, 0x0, 0x0,

    /* U+0036 "6" */
    0x0, 0x0, 0x9, 0xff, 0xd2, 0x0, 0x0, 0x0,
    0xbf, 0xfb, 0x0, 0x0, 0x0, 0x8, 0xff, 0xb0,
    0x0, 0x0, 0x0, 0x5f, 0xfc, 0x0, 0x0, 0x0,
    0x0, 0xdf, 0xf2, 0x0, 0x0, 0x0, 0x5, 0xff,
    0x80, 0x0, 0x0, 0x0, 0xb, 0xff, 0x3b, 0xff,
    0xd4, 0x0, 0xe, 0xfd, 0xdf, 0xff, 0xff, 0x40,
    0xf, 0xff, 0x71, 0x16, 0xff, 0xd0, 0xf, 0xfc,
    0x0, 0x0, 0xaf, 0xf1, 0xf, 0xfa, 0x0, 0x0,
    0x8f, 0xf2, 0xb, 0xfd, 0x0, 0x0, 0xbf, 0xf0,
    0x5, 0xff, 0x93, 0x38, 0xff, 0xa0, 0x0, 0x9f,
    0xff, 0xff, 0xfd, 0x10, 0x0, 0x5, 0xcf, 0xfd,
    0x70, 0x0,

    /* U+0037 "7" */
    0xef, 0xff, 0xff, 0xff, 0xfe, 0xef, 0xff, 0xff,
    0xff, 0xfe, 0xef, 0x73, 0x33, 0x3d, 0xfd, 0xef,
    0x50, 0x0, 0x2f, 0xf7, 0xef, 0x50, 0x0, 0x9f,
    0xf1, 0x0, 0x0, 0x0, 0xef, 0xb0, 0x0, 0x0,
    0x5, 0xff, 0x50, 0x0, 0x0, 0xb, 0xfe, 0x0,
    0x0, 0x0, 0x2f, 0xf9, 0x0, 0x0, 0x0, 0x8f,
    0xf3, 0x0, 0x0, 0x0, 0xef, 0xd0, 0x0, 0x0,
    0x4, 0xff, 0x60, 0x0, 0x0, 0xa, 0xff, 0x10,
    0x0, 0x0, 0x1f, 0xfa, 0x0, 0x0, 0x0, 0x7f,
    0xf4, 0x0, 0x0,

    /* U+0038 "8" */
    0x0, 0x18, 0xdf, 0xfd, 0x81, 0x0, 0x1, 0xef,
    0xff, 0xff, 0xfd, 0x10, 0x8, 0xff, 0x83, 0x38,
    0xff, 0x80, 0xb, 0xfd, 0x0, 0x0, 0xdf, 0xb0,
    0x9, 0xfc, 0x0, 0x0, 0xcf, 0x90, 0x2, 0xff,
    0x61, 0x16, 0xff, 0x20, 0x0, 0x3c, 0xff, 0xff,
    0xc3, 0x0, 0x0, 0x7e, 0xff, 0xff, 0xe7, 0x0,
    0x8, 0xff, 0x61, 0x17, 0xff, 0x80, 0xf, 0xfb,
    0x0, 0x0, 0xbf, 0xf0, 0x1f, 0xf9, 0x0, 0x0,
    0x9f, 0xf1, 0x1f, 0xfb, 0x0, 0x0, 0xbf, 0xf0,
    0xb, 0xff, 0x83, 0x38, 0xff, 0xb0, 0x2, 0xef,
    0xff, 0xff, 0xfe, 0x20, 0x0, 0x18, 0xdf, 0xfd,
    0x81, 0x0,

    /* U+0039 "9" */
    0x0, 0x7, 0xcf, 0xfc, 0x50, 0x0, 0x0, 0xbf,
    0xff, 0xff, 0xf9, 0x0, 0x8, 0xff, 0x93, 0x3b,
    0xff, 0x50, 0xe, 0xfc, 0x0, 0x0, 0xef, 0xb0,
    0x2f, 0xf9, 0x0, 0x0, 0xaf, 0xf0, 0x2f, 0xf8,
    0x0, 0x0, 0xaf, 0xf0, 0xf, 0xfc, 0x0, 0x0,
    0xef, 0xf0, 0xb, 0xff, 0x92, 0x3a, 0xff, 0xe0,
    0x2, 0xff, 0xff, 0xfc, 0xdf, 0xa0, 0x0, 0x3b,
    0xfe, 0xa4, 0xff, 0x50, 0x0, 0x0, 0x0, 0xc,
    0xfd, 0x0, 0x0, 0x0, 0x0, 0x8f, 0xf4, 0x0,
    0x0, 0x0, 0x6, 0xff, 0x80, 0x0, 0x0, 0x0,
    0x8f, 0xfb, 0x0, 0x0, 0x0, 0x1c, 0xff, 0x90,
    0x0, 0x0,

    /* U+003A ":" */
    0x6e, 0xe6, 0xef, 0xfe, 0xdf, 0xfd, 0x4b, 0xb4,
    0x0, 0x0, 0x0, 0x0, 0x0, 0x0, 0x4b, 0xb4,
    0xdf, 0xfd, 0xef, 0xfe, 0x6e, 0xe6,

    /* U+003B ";" */
    0x6, 0xee, 0x60, 0xe, 0xff, 0xe0, 0xd, 0xff,
    0xd0, 0x4, 0xbb, 0x40, 0x0, 0x0, 0x0, 0x0,
    0x0, 0x0, 0x0, 0x0, 0x0, 0x2, 0x77, 0x70,
    0x7, 0xff, 0xc0, 0xa, 0xff, 0x50, 0xc, 0xfe,
    0x0, 0xf, 0xf8, 0x0, 0x2f, 0xf2, 0x0, 0x5f,
    0xb0, 0x0,

    /* U+003C "<" */
    0x0, 0x0, 0x0, 0x0, 0x12, 0x0, 0x0, 0x0,
    0x7, 0xf4, 0x0, 0x0, 0x5, 0xef, 0xf4, 0x0,
    0x3, 0xcf, 0xff, 0x70, 0x1, 0xaf, 0xff, 0x91,
    0x0, 0x3f, 0xff, 0xb2, 0x0, 0x0, 0x4f, 0xf5,
    0x0, 0x0, 0x0, 0x4f, 0xfe, 0x60, 0x0, 0x0,
    0x5, 0xef, 0xfd, 0x40, 0x0, 0x0, 0x7, 0xff,
    0xfb, 0x30, 0x0, 0x0, 0x1a, 0xff, 0xf3, 0x0,
    0x0, 0x0, 0x3c, 0xf4, 0x0, 0x0, 0x0, 0x0,
    0x53,

    /* U+003D "=" */
    0xcf, 0xff, 0xff, 0xff, 0xfc, 0xcf, 0xff, 0xff,
    0xff, 0xfc, 0x12, 0x22, 0x22, 0x22, 0x21, 0x0,
    0x0, 0x0, 0x0, 0x0, 0x12, 0x22, 0x22, 0x22,
    0x21, 0xcf, 0xff, 0xff, 0xff, 0xfc, 0xcf, 0xff,
    0xff, 0xff, 0xfc,

    /* U+003E ">" */
    0x21, 0x0, 0x0, 0x0, 0x0, 0x4f, 0x70, 0x0,
    0x0, 0x0, 0x4f, 0xfe, 0x50, 0x0, 0x0, 0x7,
    0xff, 0xfc, 0x30, 0x0, 0x0, 0x19, 0xff, 0xfa,
    0x10, 0x0, 0x0, 0x2b, 0xff, 0xf3, 0x0, 0x0,
    0x0, 0x5f, 0xf4, 0x0, 0x0, 0x6, 0xef, 0xf4,
    0x0, 0x4, 0xdf, 0xfe, 0x50, 0x3, 0xbf, 0xff,
    0x70, 0x0, 0x3f, 0xff, 0xa1, 0x0, 0x0, 0x4f,
    0xc3, 0x0, 0x0, 0x0, 0x35, 0x0, 0x0, 0x0,
    0x0,

    /* U+003F "?" */
    0x0, 0x6d, 0xff, 0xc5, 0x0, 0xa, 0xff, 0xff,
    0xff, 0x70, 0x5f, 0xfb, 0x56, 0xef, 0xf1, 0x4d,
    0xc0, 0x0, 0x6f, 0xf5, 0x0, 0x10, 0x0, 0x5f,
    0xf6, 0x0, 0x0, 0x0, 0x9f, 0xf3, 0x0, 0x2,
    0x5a, 0xff, 0xa0, 0x0, 0xa, 0xff, 0xf9, 0x0,
    0x0, 0xa, 0xfd, 0x10, 0x0, 0x0, 0xa, 0xfc,
    0x0, 0x0, 0x0, 0x0, 0x0, 0x0, 0x0, 0x0,
    0x4, 0x86, 0x0, 0x0, 0x0, 0x1f, 0xff, 0x50,
    0x0, 0x0, 0x2f, 0xff, 0x60, 0x0, 0x0, 0xb,
    0xfd, 0x10, 0x0,

    /* U+0040 "@" */
    0x0, 0x5, 0xcf, 0xfd, 0x70, 0x0, 0x7, 0xff,
    0xdd, 0xff, 0xb0, 0x2, 0xff, 0x30, 0x1, 0xcf,
    0x60, 0x8f, 0x80, 0x0, 0x4, 0xfb, 0xc, 0xf2,
    0x6, 0xee, 0x5f, 0xe0, 0xef, 0x3, 0xff, 0xab,
    0xfe, 0xf, 0xf0, 0x7f, 0x90, 0x1f, 0xe0, 0xfe,
    0x9, 0xf6, 0x0, 0xfe, 0x1f, 0xe0, 0x9f, 0x60,
    0xf, 0xe0, 0xfe, 0x8, 0xf7, 0x0, 0xfe, 0xf,
    0xf0, 0x4f, 0xc2, 0x6f, 0xe0, 0xef, 0x0, 0xbf,
    0xf9, 0xfe, 0xb, 0xf3, 0x0, 0x23, 0x4, 0x40,
    0x6f, 0x90, 0x0, 0x0, 0x0, 0x0, 0xef, 0x70,
    0x0, 0x0, 0x0, 0x4, 0xff, 0xfc, 0xcc, 0x0,
    0x0, 0x2, 0x9e, 0xff, 0xf0, 0x0,

    /* U+0041 "A" */
    0x0, 0x0, 0xef, 0xfe, 0x0, 0x0, 0x0, 0x3,
    0xff, 0xff, 0x30, 0x0, 0x0, 0x7, 0xff, 0xff,
    0x70, 0x0, 0x0, 0xb, 0xfc, 0xef, 0xb0, 0x0,
    0x0, 0xf, 0xf7, 0x9f, 0xf0, 0x0, 0x0, 0x4f,
    0xf3, 0x5f, 0xf4, 0x0, 0x0, 0x8f, 0xf0, 0x1f,
    0xf8, 0x0, 0x0, 0xcf, 0xb0, 0xd, 0xfc, 0x0,
    0x0, 0xff, 0x70, 0x9, 0xff, 0x10, 0x4, 0xff,
    0xff, 0xff, 0xff, 0x50, 0x8, 0xff, 0xff, 0xff,
    0xff, 0x90, 0xd, 0xfd, 0x33, 0x33, 0xef, 0xd0,
    0x1f, 0xf8, 0x0, 0x0, 0xaf, 0xf1, 0x5f, 0xf4,
    0x0, 0x0, 0x6f, 0xf5, 0x9f, 0xf0, 0x0, 0x0,
    0x2f, 0xfa,

    /* U+0042 "B" */
    0x6f, 0xff, 0xff, 0xe8, 0x0, 0x6, 0xff, 0xff,
    0xff, 0xfb, 0x0, 0x6f, 0xf2, 0x1, 0xaf, 0xf4,
    0x6, 0xff, 0x20, 0x2, 0xff, 0x80, 0x6f, 0xf2,
    0x0, 0x1f, 0xf8, 0x6, 0xff, 0x20, 0x2, 0xff,
    0x60, 0x6f, 0xf2, 0x1, 0xaf, 0xd0, 0x6, 0xff,
    0xff, 0xff, 0xb1, 0x0, 0x6f, 0xfe, 0xee, 0xff,
    0xb1, 0x6, 0xff, 0x20, 0x2, 0xef, 0xa0, 0x6f,
    0xf2, 0x0, 0xa, 0xff, 0x6, 0xff, 0x20, 0x0,
    0xaf, 0xf0, 0x6f, 0xf2, 0x0, 0x4f, 0xfc, 0x6,
    0xff, 0xff, 0xff, 0xff, 0x30, 0x6f, 0xff, 0xff,
    0xfc, 0x30, 0x0,

    /* U+0043 "C" */
    0x0, 0x3a, 0xef, 0xd8, 0x0, 0x0, 0x4f, 0xff,
    0xff, 0xfd, 0x0, 0xe, 0xfe, 0x64, 0x9f, 0xf9,
    0x6, 0xff, 0x50, 0x0, 0xbf, 0xe0, 0xbf, 0xf0,
    0x0, 0x3, 0x51, 0xd, 0xfd, 0x0, 0x0, 0x0,
    0x0, 0xff, 0xc0, 0x0, 0x0, 0x0, 0xf, 0xfc,
    0x0, 0x0, 0x0, 0x0, 0xff, 0xc0, 0x0, 0x0,
    0x0, 0xd, 0xfd, 0x0, 0x0, 0x0, 0x0, 0xbf,
    0xf0, 0x0, 0x3, 0x51, 0x6, 0xff, 0x50, 0x0,
    0xbf, 0xe0, 0xe, 0xfe, 0x64, 0x9f, 0xf8, 0x0,
    0x4f, 0xff, 0xff, 0xfd, 0x0, 0x0, 0x3b, 0xef,
    0xe8, 0x0, 0x0,

    /* U+0044 "D" */
    0x8f, 0xff, 0xfe, 0xb4, 0x0, 0x8, 0xff, 0xff,
    0xff, 0xf7, 0x0, 0x8f, 0xf3, 0x35, 0xdf, 0xf2,
    0x8, 0xff, 0x0, 0x2, 0xff, 0x90, 0x8f, 0xf0,
    0x0, 0xc, 0xfe, 0x8, 0xff, 0x0, 0x0, 0xaf,
    0xf0, 0x8f, 0xf0, 0x0, 0x9, 0xff, 0x28, 0xff,
    0x0, 0x0, 0x9f, 0xf2, 0x8f, 0xf0, 0x0, 0x9,
    0xff, 0x28, 0xff, 0x0, 0x0, 0xaf, 0xf0, 0x8f,
    0xf0, 0x0, 0xc, 0xfe, 0x8, 0xff, 0x0, 0x2,
    0xff, 0x90, 0x8f, 0xf3, 0x35, 0xdf, 0xf2, 0x8,
    0xff, 0xff, 0xff, 0xf7, 0x0, 0x8f, 0xff, 0xff,
    0xb4, 0x0, 0x0,

    /* U+0045 "E" */
    0x5f, 0xff, 0xff, 0xff, 0xf7, 0x5f, 0xff, 0xff,
    0xff, 0xf7, 0x5f, 0xf7, 0x44, 0x44, 0x41, 0x5f,
    0xf4, 0x0, 0x0, 0x0, 0x5f, 0xf4, 0x0, 0x0,
    0x0, 0x5f, 0xf4, 0x0, 0x0, 0x0, 0x5f, 0xf7,
    0x44, 0x44, 0x41, 0x5f, 0xff, 0xff, 0xff, 0xf4,
    0x5f, 0xff, 0xff, 0xff, 0xf4, 0x5f, 0xf4, 0x0,
    0x0, 0x0, 0x5f, 0xf4, 0x0, 0x0, 0x0, 0x5f,
    0xf4, 0x0, 0x0, 0x0, 0x5f, 0xf7, 0x44, 0x44,
    0x41, 0x5f, 0xff, 0xff, 0xff, 0xf7, 0x5f, 0xff,
    0xff, 0xff, 0xf7,

    /* U+0046 "F" */
    0x5f, 0xff, 0xff, 0xff, 0xfc, 0x5f, 0xff, 0xff,
    0xff, 0xfc, 0x5f, 0xf7, 0x44, 0x44, 0x43, 0x5f,
    0xf4, 0x0, 0x0, 0x0, 0x5f, 0xf4, 0x0, 0x0,
    0x0, 0x5f, 0xf4, 0x0, 0x0, 0x0, 0x5f, 0xf7,
    0x44, 0x44, 0x40, 0x5f, 0xff, 0xff, 0xff, 0xf2,
    0x5f, 0xff, 0xff, 0xff, 0xf2, 0x5f, 0xf4, 0x0,
    0x0, 0x0, 0x5f, 0xf4, 0x0, 0x0, 0x0, 0x5f,
    0xf4, 0x0, 0x0, 0x0, 0x5f, 0xf4, 0x0, 0x0,
    0x0, 0x5f, 0xf4, 0x0, 0x0, 0x0, 0x5f, 0xf4,
    0x0, 0x0, 0x0,

    /* U+0047 "G" */
    0x0, 0x5, 0xcf, 0xfc, 0x50, 0x0, 0x8, 0xff,
    0xff, 0xff, 0x80, 0x3, 0xff, 0xc4, 0x5c, 0xff,
    0x30, 0x9f, 0xf1, 0x0, 0x1f, 0xf9, 0xe, 0xfc,
    0x0, 0x0, 0x53, 0x0, 0xff, 0xa0, 0x0, 0x0,
    0x0, 0x2f, 0xf9, 0x0, 0x0, 0x0, 0x2, 0xff,
    0x90, 0x1f, 0xff, 0xfc, 0x2f, 0xf9, 0x2, 0xff,
    0xff, 0xc1, 0xff, 0xa0, 0x0, 0x9, 0xfc, 0xf,
    0xfc, 0x0, 0x0, 0x9f, 0xc0, 0xbf, 0xf2, 0x0,
    0xd, 0xfc, 0x5, 0xff, 0xd4, 0x4a, 0xff, 0xc0,
    0xc, 0xff, 0xff, 0xd9, 0xfc, 0x0, 0x9, 0xef,
    0xa1, 0x9f, 0xc0,

    /* U+0048 "H" */
    0xaf, 0xf0, 0x0, 0xf, 0xfa, 0xaf, 0xf0, 0x0,
    0xf, 0xfa, 0xaf, 0xf0, 0x0, 0xf, 0xfa, 0xaf,
    0xf0, 0x0, 0xf, 0xfa, 0xaf, 0xf0, 0x0, 0xf,
    0xfa, 0xaf, 0xf0, 0x0, 0xf, 0xfa, 0xaf, 0xf4,
    0x44, 0x4f, 0xfa, 0xaf, 0xff, 0xff, 0xff, 0xfa,
    0xaf, 0xff, 0xff, 0xff, 0xfa, 0xaf, 0xf0, 0x0,
    0xf, 0xfa, 0xaf, 0xf0, 0x0, 0xf, 0xfa, 0xaf,
    0xf0, 0x0, 0xf, 0xfa, 0xaf, 0xf0, 0x0, 0xf,
    0xfa, 0xaf, 0xf0, 0x0, 0xf, 0xfa, 0xaf, 0xf0,
    0x0, 0xf, 0xfa,

    /* U+0049 "I" */
    0x7f, 0xff, 0xff, 0xff, 0xf7, 0x7f, 0xff, 0xff,
    0xff, 0xf7, 0x0, 0x5, 0xff, 0x50, 0x0, 0x0,
    0x4, 0xff, 0x40, 0x0, 0x0, 0x4, 0xff, 0x40,
    0x0, 0x0, 0x4, 0xff, 0x40, 0x0, 0x0, 0x4,
    0xff, 0x40, 0x0, 0x0, 0x4, 0xff, 0x40, 0x0,
    0x0, 0x4, 0xff, 0x40, 0x0, 0x0, 0x4, 0xff,
    0x40, 0x0, 0x0, 0x4, 0xff, 0x40, 0x0, 0x0,
    0x4, 0xff, 0x40, 0x0, 0x0, 0x5, 0xff, 0x50,
    0x0, 0x7f, 0xff, 0xff, 0xff, 0xf7, 0x7f, 0xff,
    0xff, 0xff, 0xf7,

    /* U+004A "J" */
    0x0, 0x5f, 0xff, 0xff, 0xff, 0x0, 0x5, 0xff,
    0xff, 0xff, 0xf0, 0x0, 0x14, 0x44, 0x4b, 0xff,
    0x0, 0x0, 0x0, 0x0, 0x9f, 0xf0, 0x0, 0x0,
    0x0, 0x9, 0xff, 0x0, 0x0, 0x0, 0x0, 0x9f,
    0xf0, 0x0, 0x0, 0x0, 0x9, 0xff, 0x0, 0x0,
    0x0, 0x0, 0x9f, 0xf0, 0x0, 0x0, 0x0, 0x9,
    0xff, 0x0, 0x0, 0x0, 0x0, 0x9f, 0xf0, 0x0,
    0x22, 0x0, 0x9, 0xff, 0x0, 0xdf, 0xb0, 0x0,
    0xcf, 0xf0, 0x8, 0xff, 0x94, 0x8f, 0xfb, 0x0,
    0xd, 0xff, 0xff, 0xfe, 0x20, 0x0, 0x19, 0xef,
    0xe9, 0x10, 0x0,

    /* U+004B "K" */
    0x8f, 0xf1, 0x0, 0x9, 0xff, 0x58, 0xff, 0x10,
    0x4, 0xff, 0xa0, 0x8f, 0xf1, 0x1, 0xef, 0xe1,
    0x8, 0xff, 0x10, 0xaf, 0xf4, 0x0, 0x8f, 0xf1,
    0x5f, 0xf9, 0x0, 0x8, 0xff, 0x2e, 0xfd, 0x0,
    0x0, 0x8f, 0xfb, 0xff, 0x80, 0x0, 0x8, 0xff,
    0xff, 0xfe, 0x0, 0x0, 0x8f, 0xff, 0xdf, 0xf7,
    0x0, 0x8, 0xff, 0xc0, 0xef, 0xf1, 0x0, 0x8f,
    0xf2, 0x6, 0xff, 0x80, 0x8, 0xff, 0x10, 0xd,
    0xff, 0x10, 0x8f, 0xf1, 0x0, 0x5f, 0xf9, 0x8,
    0xff, 0x10, 0x0, 0xdf, 0xf2, 0x8f, 0xf1, 0x0,
    0x4, 0xff, 0xa0,

    /* U+004C "L" */
    0xff, 0xa0, 0x0, 0x0, 0xf, 0xfa, 0x0, 0x0,
    0x0, 0xff, 0xa0, 0x0, 0x0, 0xf, 0xfa, 0x0,
    0x0, 0x0, 0xff, 0xa0, 0x0, 0x0, 0xf, 0xfa,
    0x0, 0x0, 0x0, 0xff, 0xa0, 0x0, 0x0, 0xf,
    0xfa, 0x0, 0x0, 0x0, 0xff, 0xa0, 0x0, 0x0,
    0xf, 0xfa, 0x0, 0x0, 0x0, 0xff, 0xa0, 0x0,
    0x0, 0xf, 0xfa, 0x0, 0x0, 0x0, 0xff, 0xb4,
    0x44, 0x44, 0x3f, 0xff, 0xff, 0xff, 0xfc, 0xff,
    0xff, 0xff, 0xff, 0xc0,

    /* U+004D "M" */
    0xf, 0xff, 0x40, 0x1, 0xff, 0xf0, 0xf, 0xff,
    0x90, 0x6, 0xff, 0xf0, 0xf, 0xff, 0xf0, 0xc,
    0xff, 0xf0, 0xf, 0xfe, 0xf5, 0x2f, 0xef, 0xf0,
    0xf, 0xf8, 0xfa, 0x8f, 0x8f, 0xf0, 0xf, 0xf3,
    0xff, 0xef, 0x3f, 0xf0, 0xf, 0xf3, 0xbf, 0xfb,
    0x3f, 0xf0, 0xf, 0xf3, 0x5f, 0xf5, 0x3f, 0xf0,
    0xf, 0xf3, 0xf, 0xf0, 0x3f, 0xf0, 0xf, 0xf3,
    0xa, 0xa0, 0x3f, 0xf0, 0xf, 0xf3, 0x4, 0x40,
    0x3f, 0xf0, 0xf, 0xf3, 0x0, 0x0, 0x3f, 0xf0,
    0xf, 0xf3, 0x0, 0x0, 0x3f, 0xf0, 0xf, 0xf3,
    0x0, 0x0, 0x3f, 0xf0, 0xf, 0xf3, 0x0, 0x0,
    0x3f, 0xf0,

    /* U+004E "N" */
    0xaf, 0xfb, 0x0, 0x9, 0xfa, 0xaf, 0xff, 0x10,
    0x9, 0xfa, 0xaf, 0xff, 0x60, 0x9, 0xfa, 0xaf,
    0xff, 0xb0, 0x9, 0xfa, 0xaf, 0xbf, 0xf1, 0x9,
    0xfa, 0xaf, 0x9c, 0xf6, 0x9, 0xfa, 0xaf, 0x96,
    0xfb, 0x9, 0xfa, 0xaf, 0x91, 0xff, 0x19, 0xfa,
    0xaf, 0x90, 0xbf, 0x69, 0xfa, 0xaf, 0x90, 0x6f,
    0xc9, 0xfa, 0xaf, 0x90, 0x1f, 0xfb, 0xfa, 0xaf,
    0x90, 0xb, 0xff, 0xfa, 0xaf, 0x90, 0x6, 0xff,
    0xfa, 0xaf, 0x90, 0x1, 0xff, 0xfa, 0xaf, 0x90,
    0x0, 0xbf, 0xfa,

    /* U+004F "O" */
    0x0, 0x5, 0xcf, 0xfc, 0x60, 0x0, 0x0, 0x9f,
    0xff, 0xff, 0xf9, 0x0, 0x4, 0xff, 0xb4, 0x4b,
    0xff, 0x40, 0xb, 0xff, 0x0, 0x0, 0xff, 0xb0,
    0xf, 0xfa, 0x0, 0x0, 0xaf, 0xf0, 0x2f, 0xf8,
    0x0, 0x0, 0x9f, 0xf2, 0x3f, 0xf8, 0x0, 0x0,
    0x8f, 0xf3, 0x4f, 0xf8, 0x0, 0x0, 0x8f, 0xf4,
    0x3f, 0xf8, 0x0, 0x0, 0x8f, 0xf3, 0x2f, 0xf8,
    0x0, 0x0, 0x9f, 0xf2, 0xf, 0xfa, 0x0, 0x0,
    0xbf, 0xf0, 0xb, 0xff, 0x0, 0x1, 0xff, 0xb0,
    0x4, 0xff, 0xb4, 0x4c, 0xff, 0x40, 0x0, 0x9f,
    0xff, 0xff, 0xf9, 0x0, 0x0, 0x6, 0xcf, 0xfc,
    0x60, 0x0,

    /* U+0050 "P" */
    0x6f, 0xff, 0xff, 0xfb, 0x30, 0x6, 0xff, 0xff,
    0xff, 0xff, 0x30, 0x6f, 0xf6, 0x33, 0x8f, 0xfb,
    0x6, 0xff, 0x30, 0x0, 0xcf, 0xf0, 0x6f, 0xf3,
    0x0, 0xa, 0xff, 0x16, 0xff, 0x30, 0x0, 0xbf,
    0xf0, 0x6f, 0xf3, 0x0, 0x4f, 0xfc, 0x6, 0xff,
    0xff, 0xff, 0xff, 0x50, 0x6f, 0xff, 0xff, 0xfe,
    0x60, 0x6, 0xff, 0x63, 0x32, 0x0, 0x0, 0x6f,
    0xf3, 0x0, 0x0, 0x0, 0x6, 0xff, 0x30, 0x0,
    0x0, 0x0, 0x6f, 0xf3, 0x0, 0x0, 0x0, 0x6,
    0xff, 0x30, 0x0, 0x0, 0x0, 0x6f, 0xf3, 0x0,
    0x0, 0x0, 0x0,

    /* U+0051 "Q" */
    0x0, 0x5, 0xcf, 0xfc, 0x50, 0x0, 0x0, 0x8f,
    0xff, 0xff, 0xf8, 0x0, 0x4, 0xff, 0xb4, 0x4b,
    0xff, 0x30, 0xa, 0xff, 0x0, 0x0, 0xff, 0xa0,
    0xf, 0xfb, 0x0, 0x0, 0xbf, 0xf0, 0x2f, 0xf9,
    0x0, 0x0, 0x9f, 0xf1, 0x3f, 0xf8, 0x0, 0x0,
    0x8f, 0xf3, 0x4f, 0xf8, 0x0, 0x0, 0x8f, 0xf4,
    0x4f, 0xf8, 0x0, 0x0, 0x8f, 0xf3, 0x2f, 0xf8,
    0x0, 0x0, 0x8f, 0xf2, 0xf, 0xfa, 0x0, 0x0,
    0xaf, 0xf0, 0xc, 0xfe, 0x0, 0x0, 0xef, 0xc0,
    0x7, 0xff, 0x70, 0x8, 0xff, 0x70, 0x0, 0xdf,
    0xff, 0xff, 0xfd, 0x0, 0x0, 0x1c, 0xff, 0xff,
    0xc1, 0x0, 0x0, 0x0, 0x4f, 0xf4, 0x0, 0x0,
    0x0, 0x0, 0x1f, 0xf2, 0x0, 0x0, 0x0, 0x0,
    0xd, 0xff, 0xff, 0x40, 0x0, 0x0, 0x3, 0xcf,
    0xff, 0x50,

    /* U+0052 "R" */
    0x6f, 0xff, 0xff, 0xfb, 0x30, 0x6, 0xff, 0xff,
    0xff, 0xff, 0x30, 0x6f, 0xf6, 0x33, 0x8f, 0xfb,
    0x6, 0xff, 0x30, 0x0, 0xcf, 0xf0, 0x6f, 0xf3,
    0x0, 0xa, 0xff, 0x16, 0xff, 0x30, 0x0, 0xbf,
    0xf0, 0x6f, 0xf3, 0x0, 0x4f, 0xfc, 0x6, 0xff,
    0xff, 0xff, 0xff, 0x40, 0x6f, 0xff, 0xff, 0xfc,
    0x40, 0x6, 0xff, 0x52, 0xff, 0xb0, 0x0, 0x6f,
    0xf3, 0x9, 0xff, 0x20, 0x6, 0xff, 0x30, 0x2f,
    0xfa, 0x0, 0x6f, 0xf3, 0x0, 0xaf, 0xf2, 0x6,
    0xff, 0x30, 0x3, 0xff, 0x90, 0x6f, 0xf3, 0x0,
    0xc, 0xff, 0x10,

    /* U+0053 "S" */
    0x0, 0x7, 0xcf, 0xfd, 0x92, 0x0, 0x0, 0xcf,
    0xff, 0xff, 0xff, 0x50, 0x6, 0xff, 0xb4, 0x47,
    0xef, 0x70, 0xb, 0xff, 0x0, 0x0, 0x16, 0x0,
    0xb, 0xfe, 0x0, 0x0, 0x0, 0x0, 0x9, 0xff,
    0x81, 0x0, 0x0, 0x0, 0x2, 0xff, 0xff, 0xd9,
    0x40, 0x0, 0x0, 0x5f, 0xff, 0xff, 0xfb, 0x10,
    0x0, 0x0, 0x48, 0xbf, 0xff, 0x90, 0x0, 0x0,
    0x0, 0x1, 0xef, 0xe0, 0x0, 0x0, 0x0, 0x0,
    0xaf, 0xf0, 0x4, 0xc1, 0x0, 0x0, 0xcf, 0xe0,
    0x1f, 0xfe, 0x74, 0x4a, 0xff, 0x90, 0x7, 0xff,
    0xff, 0xff, 0xfc, 0x0, 0x0, 0x39, 0xdf, 0xfc,
    0x70, 0x0,

    /* U+0054 "T" */
    0x8f, 0xff, 0xff, 0xff, 0xff, 0xf8, 0x8f, 0xff,
    0xff, 0xff, 0xff, 0xf8, 0x24, 0x44, 0x7f, 0xf7,
    0x44, 0x42, 0x0, 0x0, 0x4f, 0xf4, 0x0, 0x0,
    0x0, 0x0, 0x4f, 0xf4, 0x0, 0x0, 0x0, 0x0,
    0x4f, 0xf4, 0x0, 0x0, 0x0, 0x0, 0x4f, 0xf4,
    0x0, 0x0, 0x0, 0x0, 0x4f, 0xf4, 0x0, 0x0,
    0x0, 0x0, 0x4f, 0xf4, 0x0, 0x0, 0x0, 0x0,
    0x4f, 0xf4, 0x0, 0x0, 0x0, 0x0, 0x4f, 0xf4,
    0x0, 0x0, 0x0, 0x0, 0x4f, 0xf4, 0x0, 0x0,
    0x0, 0x0, 0x4f, 0xf4, 0x0, 0x0, 0x0, 0x0,
    0x4f, 0xf4, 0x0, 0x0, 0x0, 0x0, 0x4f, 0xf4,
    0x0, 0x0,

    /* U+0055 "U" */
    0xcf, 0xd0, 0x0, 0xd, 0xfc, 0xcf, 0xd0, 0x0,
    0xd, 0xfc, 0xcf, 0xd0, 0x0, 0xd, 0xfc, 0xcf,
    0xd0, 0x0, 0xd, 0xfc, 0xcf, 0xd0, 0x0, 0xd,
    0xfc, 0xcf, 0xd0, 0x0, 0xd, 0xfc, 0xcf, 0xd0,
    0x0, 0xd, 0xfc, 0xcf, 0xd0, 0x0, 0xd, 0xfc,
    0xcf, 0xd0, 0x0, 0xd, 0xfc, 0xbf, 0xd0, 0x0,
    0xd, 0xfb, 0xbf, 0xe0, 0x0, 0xe, 0xfa, 0x9f,
    0xf1, 0x0, 0x1f, 0xf8, 0x5f, 0xfc, 0x44, 0xcf,
    0xf4, 0xc, 0xff, 0xff, 0xff, 0xc0, 0x0, 0x8d,
    0xff, 0xd8, 0x0,

    /* U+0056 "V" */
    0x8f, 0xf5, 0x0, 0x0, 0x3f, 0xf8, 0x4f, 0xf8,
    0x0, 0x0, 0x6f, 0xf4, 0xf, 0xfc, 0x0, 0x0,
    0xaf, 0xf0, 0xc, 0xff, 0x0, 0x0, 0xef, 0xc0,
    0x8, 0xff, 0x30, 0x2, 0xff, 0x80, 0x4, 0xff,
    0x70, 0x5, 0xff, 0x40, 0x0, 0xff, 0xb0, 0x9,
    0xff, 0x0, 0x0, 0xcf, 0xe0, 0xd, 0xfb, 0x0,
    0x0, 0x7f, 0xf2, 0xf, 0xf7, 0x0, 0x0, 0x3f,
    0xf5, 0x4f, 0xf3, 0x0, 0x0, 0xf, 0xf9, 0x7f,
    0xf0, 0x0, 0x0, 0xb, 0xfc, 0xbf, 0xb0, 0x0,
    0x0, 0x7, 0xff, 0xff, 0x70, 0x0, 0x0, 0x3,
    0xff, 0xff, 0x30, 0x0, 0x0, 0x0, 0xff, 0xff,
    0x0, 0x0,

    /* U+0057 "W" */
    0x9f, 0xa0, 0x0, 0x0, 0x9, 0xf9, 0x8f, 0xb0,
    0x0, 0x0, 0x9, 0xf8, 0x7f, 0xb0, 0x0, 0x0,
    0xa, 0xf7, 0x6f, 0xc0, 0x0, 0x0, 0xb, 0xf6,
    0x5f, 0xd0, 0x4f, 0xf5, 0xc, 0xf5, 0x4f, 0xe0,
    0x7f, 0xf8, 0xd, 0xf4, 0x3f, 0xf0, 0x9f, 0xfa,
    0xe, 0xf3, 0x2f, 0xf0, 0xcd, 0xdd, 0xe, 0xf2,
    0x1f, 0xf0, 0xfa, 0xaf, 0xf, 0xf1, 0xf, 0xf3,
    0xf8, 0x8f, 0x3f, 0xf0, 0xf, 0xf6, 0xf5, 0x5f,
    0x6f, 0xf0, 0xe, 0xfa, 0xf3, 0x3f, 0xaf, 0xe0,
    0xd, 0xfe, 0xf1, 0x1f, 0xef, 0xd0, 0xc, 0xff,
    0xe0, 0xe, 0xff, 0xc0, 0xb, 0xff, 0xc0, 0xc,
    0xff, 0xb0,

    /* U+0058 "X" */
    0x3f, 0xfc, 0x0, 0x0, 0x8f, 0xf3, 0xa, 0xff,
    0x40, 0x1, 0xff, 0xb0, 0x2, 0xff, 0xc0, 0x9,
    0xff, 0x20, 0x0, 0x9f, 0xf3, 0x1f, 0xfa, 0x0,
    0x0, 0x1f, 0xfb, 0x8f, 0xf2, 0x0, 0x0, 0x8,
    0xff, 0xff, 0x90, 0x0, 0x0, 0x1, 0xff, 0xff,
    0x10, 0x0, 0x0, 0x0, 0xcf, 0xfc, 0x0, 0x0,
    0x0, 0x4, 0xff, 0xff, 0x40, 0x0, 0x0, 0xc,
    0xfd, 0xef, 0xc0, 0x0, 0x0, 0x5f, 0xf5, 0x7f,
    0xf5, 0x0, 0x0, 0xdf, 0xd0, 0xf, 0xfd, 0x0,
    0x6, 0xff, 0x50, 0x8, 0xff, 0x60, 0xe, 0xfd,
    0x0, 0x1, 0xff, 0xe0, 0x7f, 0xf4, 0x0, 0x0,
    0x7f, 0xf7,

    /* U+0059 "Y" */
    0x9f, 0xf4, 0x0, 0x0, 0x3f, 0xf9, 0x2f, 0xfc,
    0x0, 0x0, 0xaf, 0xf2, 0xa, 0xff, 0x30, 0x2,
    0xff, 0xa0, 0x2, 0xff, 0xa0, 0x9, 0xff, 0x20,
    0x0, 0xbf, 0xf1, 0xf, 0xfb, 0x0, 0x0, 0x3f,
    0xf7, 0x6f, 0xf3, 0x0, 0x0, 0xb, 0xfd, 0xdf,
    0xb0, 0x0, 0x0, 0x4, 0xff, 0xff, 0x40, 0x0,
    0x0, 0x0, 0xcf, 0xfc, 0x0, 0x0, 0x0, 0x0,
    0x5f, 0xf5, 0x0, 0x0, 0x0, 0x0, 0x4f, 0xf4,
    0x0, 0x0, 0x0, 0x0, 0x4f, 0xf4, 0x0, 0x0,
    0x0, 0x0, 0x4f, 0xf4, 0x0, 0x0, 0x0, 0x0,
    0x4f, 0xf4, 0x0, 0x0, 0x0, 0x0, 0x4f, 0xf4,
    0x0, 0x0,

    /* U+005A "Z" */
    0xc, 0xff, 0xff, 0xff, 0xff, 0xc0, 0xc, 0xff,
    0xff, 0xff, 0xff, 0xc0, 0x3, 0x44, 0x44, 0x48,
    0xff, 0xa0, 0x0, 0x0, 0x0, 0xe, 0xff, 0x10,
    0x0, 0x0, 0x0, 0x9f, 0xf6, 0x0, 0x0, 0x0,
    0x4, 0xff, 0xb0, 0x0, 0x0, 0x0, 0xe, 0xfe,
    0x10, 0x0, 0x0, 0x0, 0xaf, 0xf5, 0x0, 0x0,
    0x0, 0x4, 0xff, 0xb0, 0x0, 0x0, 0x0, 0x1e,
    0xfe, 0x10, 0x0, 0x0, 0x0, 0xaf, 0xf5, 0x0,
    0x0, 0x0, 0x4, 0xff, 0xb0, 0x0, 0x0, 0x0,
    0xe, 0xff, 0x54, 0x44, 0x44, 0x40, 0xf, 0xff,
    0xff, 0xff, 0xff, 0xf0, 0xf, 0xff, 0xff, 0xff,
    0xff, 0xf0,

    /* U+005B "[" */
    0x1f, 0xff, 0xff, 0xf2, 0x1f, 0xfd, 0xdd, 0xd1,
    0x1f, 0xf0, 0x0, 0x0, 0x1f, 0xf0, 0x0, 0x0,
    0x1f, 0xf0, 0x0, 0x0, 0x1f, 0xf0, 0x0, 0x0,
    0x1f, 0xf0, 0x0, 0x0, 0x1f, 0xf0, 0x0, 0x0,
    0x1f, 0xf0, 0x0, 0x0, 0x1f, 0xf0, 0x0, 0x0,
    0x1f, 0xf0, 0x0, 0x0, 0x1f, 0xf0, 0x0, 0x0,
    0x1f, 0xf0, 0x0, 0x0, 0x1f, 0xf0, 0x0, 0x0,
    0x1f, 0xf0, 0x0, 0x0, 0x1f, 0xf0, 0x0, 0x0,
    0x1f, 0xf0, 0x0, 0x0, 0x1f, 0xff, 0xff, 0xf2,
    0x1d, 0xdd, 0xdd, 0xd1,

    /* U+005C "\\" */
    0x4f, 0xf1, 0x0, 0x0, 0x0, 0xe, 0xf6, 0x0,
    0x0, 0x0, 0x8, 0xfb, 0x0, 0x0, 0x0, 0x3,
    0xff, 0x10, 0x0, 0x0, 0x0, 0xdf, 0x70, 0x0,
    0x0, 0x0, 0x7f, 0xd0, 0x0, 0x0, 0x0, 0x2f,
    0xf2, 0x0, 0x0, 0x0, 0xc, 0xf8, 0x0, 0x0,
    0x0, 0x6, 0xfe, 0x0, 0x0, 0x0, 0x1, 0xff,
    0x30, 0x0, 0x0, 0x0, 0xbf, 0x90, 0x0, 0x0,
    0x0, 0x5f, 0xe0, 0x0, 0x0, 0x0, 0xf, 0xf4,
    0x0, 0x0, 0x0, 0xa, 0xfa, 0x0, 0x0, 0x0,
    0x4, 0xff, 0x0, 0x0, 0x0, 0x0, 0xef, 0x50,
    0x0, 0x0, 0x0, 0x9f, 0xb0, 0x0, 0x0, 0x0,
    0x3f, 0xf1, 0x0, 0x0, 0x0, 0x7, 0x82,

    /* U+005D "]" */
    0x2f, 0xff, 0xff, 0xf1, 0x1d, 0xdd, 0xdf, 0xf1,
    0x0, 0x0, 0xf, 0xf1, 0x0, 0x0, 0xf, 0xf1,
    0x0, 0x0, 0xf, 0xf1, 0x0, 0x0, 0xf, 0xf1,
    0x0, 0x0, 0xf, 0xf1, 0x0, 0x0, 0xf, 0xf1,
    0x0, 0x0, 0xf, 0xf1, 0x0, 0x0, 0xf, 0xf1,
    0x0, 0x0, 0xf, 0xf1, 0x0, 0x0, 0xf, 0xf1,
    0x0, 0x0, 0xf, 0xf1, 0x0, 0x0, 0xf, 0xf1,
    0x0, 0x0, 0xf, 0xf1, 0x0, 0x0, 0xf, 0xf1,
    0x0, 0x0, 0xf, 0xf1, 0x2f, 0xff, 0xff, 0xf1,
    0x1d, 0xdd, 0xdd, 0xd1,

    /* U+005E "^" */
    0x0, 0x0, 0x26, 0x62, 0x0, 0x0, 0x0, 0x0,
    0xcf, 0xfc, 0x0, 0x0, 0x0, 0x4, 0xff, 0xff,
    0x40, 0x0, 0x0, 0xc, 0xf9, 0xbf, 0xc0, 0x0,
    0x0, 0x3f, 0xf2, 0x3f, 0xf3, 0x0, 0x0, 0xbf,
    0xa0, 0xc, 0xfb, 0x0, 0x3, 0xff, 0x30, 0x4,
    0xff, 0x30, 0xb, 0xfb, 0x0, 0x0, 0xcf, 0xb0,
    0x2f, 0xf3, 0x0, 0x0, 0x5f, 0xf2, 0x5, 0x90,
    0x0, 0x0, 0xa, 0x40,

    /* U+005F "_" */
    0x23, 0x33, 0x33, 0x33, 0x32, 0xcf, 0xff, 0xff,
    0xff, 0xfc, 0xcf, 0xff, 0xff, 0xff, 0xfc,

    /* U+0060 "`" */
    0x3, 0x40, 0x7, 0xfe, 0x0, 0x1f, 0xf6, 0x0,
    0x5f, 0xe0, 0x0, 0xaa, 0x10, 0x0, 0x0,

    /* U+0061 "a" */
    0x1, 0x9d, 0xfe, 0xb3, 0x0, 0x2, 0xef, 0xff,
    0xff, 0xf5, 0x0, 0x3e, 0xb2, 0x3, 0xef, 0xd0,
    0x0, 0x10, 0x0, 0x8, 0xff, 0x0, 0x0, 0x47,
    0x88, 0xcf, 0xf1, 0x1, 0xdf, 0xff, 0xff, 0xff,
    0x10, 0xaf, 0xe3, 0x0, 0x7f, 0xf1, 0xd, 0xfa,
    0x0, 0x8, 0xff, 0x10, 0xcf, 0xd0, 0x1, 0xdf,
    0xf1, 0x6, 0xff, 0xfd, 0xf9, 0xff, 0xf4, 0x6,
    0xdf, 0xd7, 0x8, 0xff, 0x40,

    /* U+0062 "b" */
    0xaf, 0xf0, 0x0, 0x0, 0x0, 0xa, 0xff, 0x0,
    0x0, 0x0, 0x0, 0xaf, 0xf0, 0x0, 0x0, 0x0,
    0xa, 0xff, 0x0, 0x0, 0x0, 0x0, 0xaf, 0xf0,
    0x8e, 0xfb, 0x30, 0xa, 0xff, 0x8f, 0xff, 0xff,
    0x20, 0xaf, 0xfa, 0x33, 0x9f, 0xf9, 0xa, 0xff,
    0x0, 0x0, 0xdf, 0xe0, 0xaf, 0xf0, 0x0, 0x9,
    0xff, 0xa, 0xff, 0x0, 0x0, 0x9f, 0xf1, 0xaf,
    0xf0, 0x0, 0x9, 0xff, 0xa, 0xff, 0x0, 0x0,
    0xdf, 0xe0, 0xaf, 0xfa, 0x33, 0x9f, 0xf9, 0xa,
    0xff, 0x8f, 0xff, 0xff, 0x20, 0xaf, 0xf0, 0x8e,
    0xfb, 0x30, 0x0,

    /* U+0063 "c" */
    0x0, 0x2a, 0xef, 0xd8, 0x0, 0x4, 0xff, 0xff,
    0xff, 0xc0, 0xe, 0xfe, 0x53, 0x7f, 0xf4, 0x6f,
    0xf4, 0x0, 0x5, 0x20, 0x9f, 0xf0, 0x0, 0x0,
    0x0, 0xaf, 0xf0, 0x0, 0x0, 0x0, 0x9f, 0xf0,
    0x0, 0x0, 0x0, 0x6f, 0xf4, 0x0, 0x4, 0x40,
    0xe, 0xfe, 0x53, 0x6f, 0xf7, 0x4, 0xff, 0xff,
    0xff, 0xd1, 0x0, 0x3a, 0xef, 0xd9, 0x10,

    /* U+0064 "d" */
    0x0, 0x0, 0x0, 0x0, 0xff, 0xa0, 0x0, 0x0,
    0x0, 0xf, 0xfa, 0x0, 0x0, 0x0, 0x0, 0xff,
    0xa0, 0x0, 0x0, 0x0, 0xf, 0xfa, 0x0, 0x2b,
    0xfe, 0x80, 0xff, 0xa0, 0x2f, 0xff, 0xff, 0x8f,
    0xfa, 0x9, 0xff, 0x93, 0x3a, 0xff, 0xa0, 0xef,
    0xd0, 0x0, 0xf, 0xfa, 0xf, 0xf9, 0x0, 0x0,
    0xff, 0xa1, 0xff, 0x90, 0x0, 0xf, 0xfa, 0xf,
    0xf9, 0x0, 0x0, 0xff, 0xa0, 0xef, 0xd0, 0x0,
    0xf, 0xfa, 0xa, 0xff, 0x93, 0x3a, 0xff, 0xa0,
    0x2f, 0xff, 0xff, 0x8f, 0xfa, 0x0, 0x3c, 0xfe,
    0x80, 0xff, 0xa0,

    /* U+0065 "e" */
    0x0, 0x5c, 0xff, 0xc6, 0x0, 0x8, 0xff, 0xff,
    0xff, 0x90, 0x3f, 0xf8, 0x0, 0x7f, 0xf4, 0xaf,
    0xd0, 0x0, 0xc, 0xfa, 0xdf, 0xea, 0xaa, 0xae,
    0xfd, 0xef, 0xff, 0xff, 0xff, 0xfe, 0xdf, 0xb0,
    0x0, 0x0, 0x0, 0xaf, 0xe0, 0x0, 0x1, 0x30,
    0x3f, 0xfb, 0x32, 0x5e, 0xf3, 0x8, 0xff, 0xff,
    0xff, 0xe2, 0x0, 0x5b, 0xff, 0xd9, 0x10,

    /* U+0066 "f" */
    0x0, 0x0, 0x5d, 0xff, 0xff, 0x0, 0x0, 0x2f,
    0xff, 0xff, 0xf0, 0x0, 0x5, 0xff, 0x41, 0x11,
    0x0, 0x0, 0x5f, 0xf3, 0x0, 0x0, 0xbf, 0xff,
    0xff, 0xff, 0xff, 0xb, 0xff, 0xff, 0xff, 0xff,
    0xf0, 0x11, 0x16, 0xff, 0x41, 0x11, 0x0, 0x0,
    0x5f, 0xf3, 0x0, 0x0, 0x0, 0x5, 0xff, 0x30,
    0x0, 0x0, 0x0, 0x5f, 0xf3, 0x0, 0x0, 0x0,
    0x5, 0xff, 0x30, 0x0, 0x0, 0x0, 0x5f, 0xf3,
    0x0, 0x0, 0x1, 0x16, 0xff, 0x41, 0x11, 0x8,
    0xff, 0xff, 0xff, 0xff, 0x90, 0x8f, 0xff, 0xff,
    0xff, 0xf9, 0x0,

    /* U+0067 "g" */
    0x0, 0x0, 0x0, 0xb, 0xff, 0x20, 0x0, 0x0,
    0x3, 0xff, 0xf2, 0x0, 0x7d, 0xff, 0xfd, 0x0,
    0x0, 0xbf, 0xfc, 0xdf, 0xfb, 0x0, 0x4f, 0xf4,
    0x0, 0x7f, 0xf2, 0x6, 0xff, 0x0, 0x3, 0xff,
    0x30, 0x4f, 0xf4, 0x0, 0x7f, 0xf1, 0x0, 0xbf,
    0xfc, 0xdf, 0xf8, 0x0, 0x1, 0xde, 0xfe, 0xc5,
    0x0, 0x1, 0xdc, 0x0, 0x0, 0x0, 0x0, 0x4f,
    0xd4, 0x33, 0x21, 0x0, 0x1, 0xef, 0xff, 0xff,
    0xfe, 0x60, 0x6, 0xff, 0xff, 0xff, 0xff, 0x39,
    0xf6, 0x0, 0x0, 0x3f, 0xf7, 0xef, 0x70, 0x0,
    0x2, 0xff, 0x6a, 0xff, 0xdc, 0xcd, 0xff, 0xd1,
    0x7, 0xce, 0xff, 0xec, 0x71, 0x0,

    /* U+0068 "h" */
    0x8f, 0xf1, 0x0, 0x0, 0x0, 0x8f, 0xf1, 0x0,
    0x0, 0x0, 0x8f, 0xf1, 0x0, 0x0, 0x0, 0x8f,
    0xf1, 0x0, 0x0, 0x0, 0x8f, 0xf1, 0x8e, 0xfb,
    0x20, 0x8f, 0xf8, 0xff, 0xff, 0xd0, 0x8f, 0xfb,
    0x32, 0xbf, 0xf5, 0x8f, 0xf2, 0x0, 0x1f, 0xf8,
    0x8f, 0xf1, 0x0, 0xf, 0xf9, 0x8f, 0xf1, 0x0,
    0xf, 0xf9, 0x8f, 0xf1, 0x0, 0xf, 0xf9, 0x8f,
    0xf1, 0x0, 0xf, 0xf9, 0x8f, 0xf1, 0x0, 0xf,
    0xf9, 0x8f, 0xf1, 0x0, 0xf, 0xf9, 0x8f, 0xf1,
    0x0, 0xf, 0xf9,

    /* U+0069 "i" */
    0x0, 0x0, 0x9f, 0xc0, 0x0, 0x0, 0x0, 0xf,
    0xff, 0x40, 0x0, 0x0, 0x0, 0xcf, 0xf1, 0x0,
    0x0, 0x0, 0x0, 0x21, 0x0, 0x0, 0xf, 0xff,
    0xff, 0xe0, 0x0, 0x0, 0xff, 0xff, 0xfe, 0x0,
    0x0, 0x1, 0x11, 0xaf, 0xe0, 0x0, 0x0, 0x0,
    0xa, 0xfe, 0x0, 0x0, 0x0, 0x0, 0xaf, 0xe0,
    0x0, 0x0, 0x0, 0xa, 0xfe, 0x0, 0x0, 0x0,
    0x0, 0xaf, 0xe0, 0x0, 0x0, 0x0, 0xa, 0xfe,
    0x0, 0x0, 0x1, 0x11, 0xaf, 0xe1, 0x11, 0x0,
    0xff, 0xff, 0xff, 0xff, 0xf1, 0xf, 0xff, 0xff,
    0xff, 0xff, 0x10,

    /* U+006A "j" */
    0x0, 0x0, 0xb, 0xfa, 0x0, 0x0, 0x2, 0xff,
    0xf1, 0x0, 0x0, 0xe, 0xfd, 0x0, 0x0, 0x0,
    0x3, 0x0, 0x3f, 0xff, 0xff, 0xfb, 0x3, 0xff,
    0xff, 0xff, 0xb0, 0x1, 0x11, 0x1d, 0xfb, 0x0,
    0x0, 0x0, 0xdf, 0xb0, 0x0, 0x0, 0xd, 0xfb,
    0x0, 0x0, 0x0, 0xdf, 0xb0, 0x0, 0x0, 0xd,
    0xfb, 0x0, 0x0, 0x0, 0xdf, 0xb0, 0x0, 0x0,
    0xd, 0xfb, 0x0, 0x0, 0x0, 0xdf, 0xb0, 0x0,
    0x0, 0xd, 0xfb, 0x0, 0x0, 0x0, 0xdf, 0xb0,
    0x1, 0x11, 0x1d, 0xfa, 0x1, 0xff, 0xff, 0xff,
    0x60, 0x1f, 0xff, 0xfe, 0x80, 0x0,

    /* U+006B "k" */
    0x7f, 0xf1, 0x0, 0x0, 0x0, 0x7, 0xff, 0x10,
    0x0, 0x0, 0x0, 0x7f, 0xf1, 0x0, 0x0, 0x0,
    0x7, 0xff, 0x10, 0x0, 0x0, 0x0, 0x7f, 0xf1,
    0x0, 0x3f, 0xfb, 0x7, 0xff, 0x10, 0x3f, 0xfc,
    0x0, 0x7f, 0xf1, 0x2e, 0xfc, 0x0, 0x7, 0xff,
    0x2d, 0xfd, 0x10, 0x0, 0x7f, 0xfd, 0xff, 0x50,
    0x0, 0x7, 0xff, 0xff, 0xfe, 0x0, 0x0, 0x7f,
    0xfb, 0x5f, 0xf9, 0x0, 0x7, 0xff, 0x10, 0xaf,
    0xf4, 0x0, 0x7f, 0xf1, 0x1, 0xef, 0xe1, 0x7,
    0xff, 0x10, 0x5, 0xff, 0xa0, 0x7f, 0xf1, 0x0,
    0xb, 0xff, 0x50,

    /* U+006C "l" */
    0x9f, 0xff, 0xff, 0x40, 0x0, 0x9f, 0xff, 0xff,
    0x40, 0x0, 0x1, 0x15, 0xff, 0x40, 0x0, 0x0,
    0x4, 0xff, 0x40, 0x0, 0x0, 0x4, 0xff, 0x40,
    0x0, 0x0, 0x4, 0xff, 0x40, 0x0, 0x0, 0x4,
    0xff, 0x40, 0x0, 0x0, 0x4, 0xff, 0x40, 0x0,
    0x0, 0x4, 0xff, 0x40, 0x0, 0x0, 0x4, 0xff,
    0x40, 0x0, 0x0, 0x4, 0xff, 0x40, 0x0, 0x0,
    0x4, 0xff, 0x40, 0x0, 0x1, 0x15, 0xff, 0x51,
    0x11, 0x9f, 0xff, 0xff, 0xff, 0xf9, 0x9f, 0xff,
    0xff, 0xff, 0xf9,

    /* U+006D "m" */
    0x4f, 0xd4, 0xed, 0x34, 0xee, 0x50, 0x4f, 0xed,
    0xff, 0xce, 0xff, 0xe0, 0x4f, 0xf2, 0x5f, 0xf5,
    0x2f, 0xf2, 0x4f, 0xd0, 0x1f, 0xf1, 0xe, 0xf3,
    0x4f, 0xd0, 0x1f, 0xf1, 0xd, 0xf3, 0x4f, 0xd0,
    0x1f, 0xf1, 0xd, 0xf3, 0x4f, 0xd0, 0x1f, 0xf1,
    0xd, 0xf3, 0x4f, 0xd0, 0x1f, 0xf1, 0xd, 0xf3,
    0x4f, 0xd0, 0x1f, 0xf1, 0xd, 0xf3, 0x4f, 0xd0,
    0x1f, 0xf1, 0xd, 0xf3, 0x4f, 0xd0, 0x1f, 0xf1,
    0xd, 0xf3,

    /* U+006E "n" */
    0x8f, 0xf1, 0x8e, 0xfb, 0x20, 0x8f, 0xf8, 0xff,
    0xff, 0xd0, 0x8f, 0xfb, 0x32, 0xbf, 0xf5, 0x8f,
    0xf2, 0x0, 0x1f, 0xf8, 0x8f, 0xf1, 0x0, 0xf,
    0xf9, 0x8f, 0xf1, 0x0, 0xf, 0xf9, 0x8f, 0xf1,
    0x0, 0xf, 0xf9, 0x8f, 0xf1, 0x0, 0xf, 0xf9,
    0x8f, 0xf1, 0x0, 0xf, 0xf9, 0x8f, 0xf1, 0x0,
    0xf, 0xf9, 0x8f, 0xf1, 0x0, 0xf, 0xf9,

    /* U+006F "o" */
    0x0, 0x6, 0xcf, 0xfc, 0x60, 0x0, 0x0, 0xaf,
    0xff, 0xff, 0xfa, 0x0, 0x5, 0xff, 0x92, 0x29,
    0xff, 0x50, 0xc, 0xfd, 0x0, 0x0, 0xdf, 0xc0,
    0xf, 0xfa, 0x0, 0x0, 0xaf, 0xf0, 0xf, 0xfa,
    0x0, 0x0, 0xaf, 0xf0, 0xf, 0xfa, 0x0, 0x0,
    0xaf, 0xf0, 0xc, 0xfd, 0x0, 0x0, 0xdf, 0xc0,
    0x5, 0xff, 0x92, 0x29, 0xff, 0x50, 0x0, 0xaf,
    0xff, 0xff, 0xfa, 0x0, 0x0, 0x6, 0xcf, 0xfc,
    0x60, 0x0,

    /* U+0070 "p" */
    0xaf, 0xf0, 0x8e, 0xfb, 0x30, 0xa, 0xff, 0x8f,
    0xff, 0xff, 0x20, 0xaf, 0xfa, 0x33, 0x9f, 0xf9,
    0xa, 0xff, 0x0, 0x0, 0xdf, 0xe0, 0xaf, 0xf0,
    0x0, 0x9, 0xff, 0xa, 0xff, 0x0, 0x0, 0x9f,
    0xf1, 0xaf, 0xf0, 0x0, 0x9, 0xff, 0xa, 0xff,
    0x0, 0x0, 0xdf, 0xe0, 0xaf, 0xfa, 0x33, 0x9f,
    0xf9, 0xa, 0xff, 0x8f, 0xff, 0xff, 0x20, 0xaf,
    0xf0, 0x8e, 0xfb, 0x30, 0xa, 0xff, 0x0, 0x0,
    0x0, 0x0, 0xaf, 0xf0, 0x0, 0x0, 0x0, 0xa,
    0xff, 0x0, 0x0, 0x0, 0x0, 0xaf, 0xf0, 0x0,
    0x0, 0x0, 0x0,

    /* U+0071 "q" */
    0x0, 0x2b, 0xfe, 0x80, 0xff, 0xa0, 0x2f, 0xff,
    0xff, 0x8f, 0xfa, 0x9, 0xff, 0x93, 0x3a, 0xff,
    0xa0, 0xef, 0xd0, 0x0, 0xf, 0xfa, 0xf, 0xf9,
    0x0, 0x0, 0xff, 0xa1, 0xff, 0x90, 0x0, 0xf,
    0xfa, 0xf, 0xf9, 0x0, 0x0, 0xff, 0xa0, 0xef,
    0xd0, 0x0, 0xf, 0xfa, 0xa, 0xff, 0x93, 0x3a,
    0xff, 0xa0, 0x2f, 0xff, 0xff, 0x8f, 0xfa, 0x0,
    0x3c, 0xfe, 0x80, 0xff, 0xa0, 0x0, 0x0, 0x0,
    0xf, 0xfa, 0x0, 0x0, 0x0, 0x0, 0xff, 0xa0,
    0x0, 0x0, 0x0, 0xf, 0xfa, 0x0, 0x0, 0x0,
    0x0, 0xff, 0xa0,

    /* U+0072 "r" */
    0x8f, 0xff, 0xfa, 0x8, 0xef, 0x38, 0xff, 0xff,
    0xa9, 0xff, 0xf3, 0x1, 0x1f, 0xfb, 0xe9, 0x88,
    0x10, 0x0, 0xff, 0xf2, 0x0, 0x0, 0x0, 0xf,
    0xfb, 0x0, 0x0, 0x0, 0x0, 0xff, 0xa0, 0x0,
    0x0, 0x0, 0xf, 0xfa, 0x0, 0x0, 0x0, 0x0,
    0xff, 0xa0, 0x0, 0x0, 0x1, 0x1f, 0xfa, 0x11,
    0x10, 0x8, 0xff, 0xff, 0xff, 0xff, 0x30, 0x8f,
    0xff, 0xff, 0xff, 0xf3, 0x0,

    /* U+0073 "s" */
    0x0, 0x6c, 0xef, 0xe9, 0x20, 0xb, 0xff, 0xff,
    0xff, 0xf3, 0x3f, 0xf7, 0x0, 0x2a, 0xb0, 0x5f,
    0xf4, 0x0, 0x0, 0x0, 0x2f, 0xff, 0xc9, 0x62,
    0x0, 0x5, 0xef, 0xff, 0xff, 0x90, 0x0, 0x4,
    0x7a, 0xef, 0xf6, 0x2, 0x0, 0x0, 0xf, 0xf9,
    0x6f, 0xa2, 0x0, 0x5f, 0xf7, 0x6f, 0xff, 0xff,
    0xff, 0xd1, 0x2, 0x9d, 0xff, 0xd7, 0x10,

    /* U+0074 "t" */
    0x0, 0x0, 0xff, 0x60, 0x0, 0x0, 0x0, 0xf,
    0xf6, 0x0, 0x0, 0x0, 0x0, 0xff, 0x60, 0x0,
    0x0, 0x0, 0x3f, 0xf6, 0x0, 0x0, 0x3f, 0xff,
    0xff, 0xff, 0xff, 0x93, 0xff, 0xff, 0xff, 0xff,
    0xf9, 0x1, 0x14, 0xff, 0x71, 0x11, 0x10, 0x0,
    0x3f, 0xf6, 0x0, 0x0, 0x0, 0x3, 0xff, 0x60,
    0x0, 0x0, 0x0, 0x3f, 0xf6, 0x0, 0x0, 0x0,
    0x3, 0xff, 0x60, 0x0, 0x0, 0x0, 0x3f, 0xf6,
    0x0, 0x0, 0x0, 0x1, 0xff, 0x71, 0x11, 0x10,
    0x0, 0xd, 0xff, 0xff, 0xf9, 0x0, 0x0, 0x2c,
    0xff, 0xff, 0x90,

    /* U+0075 "u" */
    0x9f, 0xf0, 0x0, 0x1f, 0xf8, 0x9f, 0xf0, 0x0,
    0x1f, 0xf8, 0x9f, 0xf0, 0x0, 0x1f, 0xf8, 0x9f,
    0xf0, 0x0, 0x1f, 0xf8, 0x9f, 0xf0, 0x0, 0x1f,
    0xf8, 0x9f, 0xf0, 0x0, 0x1f, 0xf8, 0x9f, 0xf0,
    0x0, 0x1f, 0xf8, 0x8f, 0xf1, 0x0, 0x2f, 0xf8,
    0x5f, 0xfb, 0x23, 0xbf, 0xf8, 0xe, 0xff, 0xff,
    0x8f, 0xf8, 0x2, 0xbf, 0xe8, 0x1f, 0xf8,

    /* U+0076 "v" */
    0x1f, 0xf9, 0x0, 0x0, 0x7f, 0xf1, 0xb, 0xfe,
    0x0, 0x0, 0xcf, 0xb0, 0x6, 0xff, 0x20, 0x1,
    0xff, 0x60, 0x1, 0xff, 0x70, 0x6, 0xff, 0x10,
    0x0, 0xbf, 0xc0, 0xa, 0xfb, 0x0, 0x0, 0x6f,
    0xf1, 0xf, 0xf6, 0x0, 0x0, 0x1f, 0xf5, 0x3f,
    0xf1, 0x0, 0x0, 0xb, 0xfa, 0x8f, 0xb0, 0x0,
    0x0, 0x6, 0xfe, 0xdf, 0x60, 0x0, 0x0, 0x1,
    0xff, 0xff, 0x10, 0x0, 0x0, 0x0, 0xbf, 0xfb,
    0x0, 0x0,

    /* U+0077 "w" */
    0xaf, 0x70, 0x3f, 0xf4, 0x5, 0xfa, 0x8f, 0x90,
    0x5f, 0xf7, 0x7, 0xf8, 0x6f, 0xa0, 0x8f, 0xf9,
    0x9, 0xf6, 0x4f, 0xc0, 0xad, 0xdb, 0xa, 0xf4,
    0x2f, 0xd0, 0xda, 0xae, 0xc, 0xf2, 0x1f, 0xf0,
    0xf8, 0x8f, 0xd, 0xf0, 0xf, 0xf2, 0xf6, 0x5f,
    0x3f, 0xf0, 0xd, 0xf6, 0xf3, 0x3f, 0x6f, 0xd0,
    0xb, 0xfa, 0xf1, 0x1f, 0xaf, 0xb0, 0x9, 0xff,
    0xe0, 0xe, 0xff, 0x90, 0x7, 0xff, 0xc0, 0xc,
    0xff, 0x70,

    /* U+0078 "x" */
    0xc, 0xff, 0x20, 0x0, 0xef, 0xb0, 0x2, 0xff,
    0xc0, 0x9, 0xff, 0x10, 0x0, 0x6f, 0xf6, 0x3f,
    0xf5, 0x0, 0x0, 0xb, 0xff, 0xdf, 0xa0, 0x0,
    0x0, 0x1, 0xff, 0xfe, 0x10, 0x0, 0x0, 0x0,
    0xaf, 0xfa, 0x0, 0x0, 0x0, 0x3, 0xff, 0xff,
    0x40, 0x0, 0x0, 0xd, 0xfa, 0xdf, 0xe0, 0x0,
    0x0, 0x9f, 0xe1, 0x3f, 0xf9, 0x0, 0x4, 0xff,
    0x60, 0x9, 0xff, 0x40, 0x1e, 0xfb, 0x0, 0x1,
    0xef, 0xe1,

    /* U+0079 "y" */
    0x3f, 0xf7, 0x0, 0x0, 0x5f, 0xf3, 0xd, 0xfd,
    0x0, 0x0, 0xbf, 0xd0, 0x7, 0xff, 0x20, 0x1,
    0xff, 0x70, 0x1, 0xff, 0x80, 0x6, 0xff, 0x10,
    0x0, 0xaf, 0xd0, 0xc, 0xfa, 0x0, 0x0, 0x4f,
    0xf2, 0x1f, 0xf4, 0x0, 0x0, 0xe, 0xf8, 0x6f,
    0xe0, 0x0, 0x0, 0x8, 0xfd, 0xbf, 0x80, 0x0,
    0x0, 0x2, 0xff, 0xff, 0x20, 0x0, 0x0, 0x0,
    0xbf, 0xfb, 0x0, 0x0, 0x0, 0x0, 0x6f, 0xf5,
    0x0, 0x0, 0x0, 0x0, 0x8f, 0xe0, 0x0, 0x0,
    0x0, 0x11, 0xef, 0x90, 0x0, 0x0, 0x8, 0xff,
    0xff, 0x10, 0x0, 0x0, 0x8, 0xff, 0xc4, 0x0,
    0x0, 0x0,

    /* U+007A "z" */
    0x5f, 0xff, 0xff, 0xff, 0xf5, 0x5f, 0xff, 0xff,
    0xff, 0xf5, 0x1, 0x11, 0x12, 0xef, 0xf2, 0x0,
    0x0, 0xc, 0xff, 0x40, 0x0, 0x0, 0xbf, 0xf5,
    0x0, 0x0, 0xa, 0xff, 0x70, 0x0, 0x0, 0x8f,
    0xf8, 0x0, 0x0, 0x7, 0xff, 0x90, 0x0, 0x0,
    0x5f, 0xfc, 0x11, 0x11, 0x10, 0x9f, 0xff, 0xff,
    0xff, 0xf9, 0x9f, 0xff, 0xff, 0xff, 0xf9,

    /* U+007B "{" */
    0x0, 0x2, 0xcf, 0xff, 0xf1, 0x0, 0xa, 0xfe,
    0xdd, 0xd1, 0x0, 0xb, 0xf5, 0x0, 0x0, 0x0,
    0xa, 0xf6, 0x0, 0x0, 0x0, 0x6, 0xfc, 0x0,
    0x0, 0x0, 0x0, 0xbf, 0x80, 0x0, 0x0, 0x0,
    0x2f, 0xf0, 0x0, 0x0, 0x0, 0x4f, 0xf0, 0x0,
    0x1d, 0xde, 0xfd, 0x50, 0x0, 0x1f, 0xff, 0xfa,
    0x20, 0x0, 0x0, 0x1, 0x7f, 0xd0, 0x0, 0x0,
    0x0, 0x1f, 0xf0, 0x0, 0x0, 0x0, 0x7f, 0xc0,
    0x0, 0x0, 0x2, 0xff, 0x30, 0x0, 0x0, 0x9,
    0xf9, 0x0, 0x0, 0x0, 0xb, 0xf5, 0x0, 0x0,
    0x0, 0xb, 0xf5, 0x0, 0x0, 0x0, 0x8, 0xff,
    0xff, 0xf1, 0x0, 0x1, 0x9c, 0xdd, 0xd1,

    /* U+007C "|" */
    0x1f, 0xf1, 0x1f, 0xf1, 0x1f, 0xf1, 0x1f, 0xf1,
    0x1f, 0xf1, 0x1f, 0xf1, 0x1f, 0xf1, 0x1f, 0xf1,
    0x1f, 0xf1, 0x1f, 0xf1, 0x1f, 0xf1, 0x1f, 0xf1,
    0x1f, 0xf1, 0x1f, 0xf1, 0x1f, 0xf1, 0x1f, 0xf1,
    0x1f, 0xf1, 0x1f, 0xf1, 0x1b, 0xb1,

    /* U+007D "}" */
    0x1f, 0xff, 0xfc, 0x20, 0x0, 0x1d, 0xdd, 0xef,
    0xa0, 0x0, 0x0, 0x0, 0x5f, 0xb0, 0x0, 0x0,
    0x0, 0x6f, 0xa0, 0x0, 0x0, 0x0, 0xcf, 0x60,
    0x0, 0x0, 0x8, 0xfb, 0x0, 0x0, 0x0, 0xf,
    0xf2, 0x0, 0x0, 0x0, 0xf, 0xf4, 0x0, 0x0,
    0x0, 0x4, 0xdf, 0xed, 0xd1, 0x0, 0x2, 0xaf,
    0xff, 0xf1, 0x0, 0xd, 0xf7, 0x10, 0x0, 0x0,
    0xf, 0xf1, 0x0, 0x0, 0x0, 0xc, 0xf7, 0x0,
    0x0, 0x0, 0x3, 0xff, 0x20, 0x0, 0x0, 0x0,
    0x9f, 0x90, 0x0, 0x0, 0x0, 0x5f, 0xb0, 0x0,
    0x0, 0x0, 0x5f, 0xb0, 0x0, 0x1f, 0xff, 0xff,
    0x80, 0x0, 0x1d, 0xdd, 0xc9, 0x10, 0x0,

    /* U+007E "~" */
    0x0, 0x2, 0x20, 0x0, 0x0, 0x0, 0x0, 0xaf,
    0xfc, 0x0, 0xb, 0xc1, 0x6, 0xff, 0xff, 0xa0,
    0xf, 0xf0, 0xc, 0xf5, 0x4f, 0xf8, 0x9f, 0xb0,
    0xf, 0xe0, 0x8, 0xff, 0xff, 0x40, 0x18, 0x80,
    0x0, 0x8f, 0xe6, 0x0,

    /* U+00A0 " " */

    /* U+00A1 "¡" */
    0x6e, 0xe5, 0xcf, 0xfc, 0xbf, 0xfb, 0x18, 0x81,
    0x0, 0x0, 0x4, 0x40, 0x9, 0x90, 0xc, 0xc0,
    0xf, 0xf0, 0x2f, 0xf2, 0x5f, 0xf5, 0x6f, 0xf6,
    0x6f, 0xf6, 0x6f, 0xf6, 0x6f, 0xf6,

    /* U+00A2 "¢" */
    0x0, 0x0, 0x58, 0x20, 0x0, 0x0, 0x0, 0xbf,
    0x40, 0x0, 0x0, 0x1, 0xcf, 0x60, 0x0, 0x0,
    0x8f, 0xff, 0xfe, 0x40, 0x9, 0xff, 0xff, 0xff,
    0xf2, 0x2f, 0xf7, 0x9f, 0x3d, 0xc2, 0x7f, 0xf0,
    0x9f, 0x21, 0x0, 0x9f, 0xd0, 0x9f, 0x20, 0x0,
    0xaf, 0xd0, 0x9f, 0x20, 0x0, 0x8f, 0xe0, 0x9f,
    0x20, 0x0, 0x5f, 0xf2, 0x9f, 0x25, 0x60, 0xd,
    0xfd, 0xbf, 0x8f, 0xf7, 0x3, 0xef, 0xff, 0xff,
    0xc0, 0x0, 0x18, 0xef, 0xc7, 0x0, 0x0, 0x0,
    0xbf, 0x40, 0x0, 0x0, 0x0, 0xbf, 0x40, 0x0,

    /* U+00A3 "£" */
    0x0, 0x1, 0x9e, 0xfe, 0xb4, 0x0, 0x0, 0x3e,
    0xff, 0xff, 0xff, 0x70, 0x0, 0xcf, 0xfa, 0x67,
    0xef, 0xc0, 0x1, 0xff, 0xb0, 0x0, 0x29, 0x0,
    0x2, 0xff, 0x70, 0x0, 0x0, 0x0, 0x0, 0xff,
    0x90, 0x0, 0x0, 0x0, 0x0, 0xcf, 0xd0, 0x0,
    0x0, 0x0, 0xf, 0xff, 0xff, 0xff, 0xb0, 0x0,
    0xf, 0xff, 0xff, 0xff, 0xb0, 0x0, 0x1, 0x1f,
    0xfa, 0x11, 0x10, 0x0, 0x0, 0x1f, 0xf7, 0x0,
    0x0, 0x0, 0x0, 0x9f, 0xf1, 0x0, 0x0, 0x0,
    0x7, 0xff, 0xa7, 0x77, 0x77, 0x60, 0x9, 0xff,
    0xff, 0xff, 0xff, 0xf0, 0x9, 0xff, 0xff, 0xff,
    0xff, 0xf0,

    /* U+00A4 "¤" */
    0x2b, 0x20, 0x0, 0x2, 0xb2, 0xaf, 0xa0, 0x0,
    0xa, 0xfa, 0x2f, 0xfc, 0xee, 0xcf, 0xf2, 0xb,
    0xff, 0xff, 0xff, 0xa0, 0x1f, 0xfb, 0x11, 0xbf,
    0xf1, 0x6f, 0xf2, 0x0, 0x2f, 0xf6, 0x8f, 0xf0,
    0x0, 0xf, 0xf8, 0x8f, 0xf0, 0x0, 0xf, 0xf8,
    0x6f, 0xf2, 0x0, 0x2f, 0xf6, 0x1f, 0xfb, 0x11,
    0xbf, 0xf1, 0xa, 0xff, 0xff, 0xff, 0xa0, 0x2f,
    0xfc, 0xff, 0xcf, 0xf2, 0xaf, 0xb0, 0x0, 0xb,
    0xfa, 0x2b, 0x20, 0x0, 0x2, 0xb2,

    /* U+00A5 "¥" */
    0xaf, 0xf1, 0x0, 0x0, 0xf, 0xfa, 0x3f, 0xf7,
    0x0, 0x0, 0x6f, 0xf3, 0xc, 0xfd, 0x0, 0x0,
    0xcf, 0xc0, 0x6, 0xff, 0x30, 0x2, 0xff, 0x60,
    0x0, 0xef, 0x90, 0x8, 0xfe, 0x0, 0x0, 0x8f,
    0xf0, 0xe, 0xf8, 0x0, 0x0, 0x2f, 0xf5, 0x4f,
    0xf2, 0x0, 0x0, 0xb, 0xfc, 0xaf, 0xb0, 0x0,
    0xc, 0xff, 0xff, 0xff, 0xff, 0xc0, 0xc, 0xff,
    0xff, 0xff, 0xff, 0xc0, 0x0, 0x11, 0x4f, 0xf4,
    0x11, 0x0, 0x0, 0x0, 0x3f, 0xf3, 0x0, 0x0,
    0x0, 0x11, 0x4f, 0xf4, 0x11, 0x0, 0xc, 0xff,
    0xff, 0xff, 0xff, 0xc0, 0xc, 0xff, 0xff, 0xff,
    0xff, 0xc0,

    /* U+00A6 "¦" */
    0x1f, 0xf1, 0x1f, 0xf1, 0x1f, 0xf1, 0x1f, 0xf1,
    0x1f, 0xf1, 0x1f, 0xf1, 0x1f, 0xf1, 0x7, 0x70,
    0x0, 0x0, 0x0, 0x0, 0x0, 0x0, 0x1f, 0xf1,
    0x1f, 0xf1, 0x1f, 0xf1, 0x1f, 0xf1, 0x1f, 0xf1,
    0x1f, 0xf1, 0x1f, 0xf1, 0x7, 0x70,

    /* U+00A7 "§" */
    0x0, 0x3a, 0xef, 0xe9, 0x20, 0x3, 0xff, 0xff,
    0xff, 0xe0, 0xc, 0xfb, 0x10, 0x2b, 0x40, 0xe,
    0xf5, 0x0, 0x0, 0x0, 0xc, 0xfc, 0x20, 0x0,
    0x0, 0x4, 0xff, 0xfd, 0x93, 0x0, 0x0, 0x9f,
    0xff, 0xff, 0xa0, 0xb, 0xe1, 0x26, 0xcf, 0xf7,
    0x6f, 0xa0, 0x0, 0xb, 0xfa, 0x8f, 0xd0, 0x0,
    0x8, 0xf8, 0x5f, 0xfd, 0x72, 0xd, 0xc0, 0x8,
    0xff, 0xff, 0xfb, 0x0, 0x0, 0x28, 0xcf, 0xff,
    0x60, 0x0, 0x0, 0x2, 0xbf, 0xe0, 0x0, 0x0,
    0x0, 0x3f, 0xf0, 0x3, 0xc3, 0x1, 0xaf, 0xe0,
    0xd, 0xff, 0xff, 0xff, 0x50, 0x1, 0x9d, 0xfe,
    0xb3, 0x0,

    /* U+00A8 "¨" */
    0x3c, 0xc1, 0x1c, 0xc3, 0x8f, 0xf5, 0x5f, 0xf8,
    0x4f, 0xe2, 0x2e, 0xe4,

    /* U+00A9 "©" */
    0x0, 0x5, 0xbe, 0xeb, 0x50, 0x0, 0x0, 0xbe,
    0x73, 0x37, 0xeb, 0x0, 0xa, 0xc1, 0x0, 0x0,
    0x1c, 0xa0, 0x3f, 0x10, 0x4a, 0xa6, 0x1, 0xf3,
    0x99, 0x6, 0xff, 0xff, 0x90, 0x99, 0xd5, 0x1f,
    0xf3, 0x1c, 0x80, 0x5d, 0xf4, 0x3f, 0xd0, 0x0,
    0x0, 0x4f, 0xf4, 0x4f, 0xc0, 0x0, 0x0, 0x4f,
    0xe5, 0x2f, 0xe0, 0x6, 0x50, 0x5e, 0xa8, 0xa,
    0xfe, 0xcf, 0xd0, 0x8a, 0x5e, 0x0, 0x9e, 0xfb,
    0x20, 0xe5, 0xc, 0xa0, 0x0, 0x0, 0xa, 0xc0,
    0x1, 0xdc, 0x40, 0x4, 0xcd, 0x10, 0x0, 0x19,
    0xef, 0xfe, 0x91, 0x0, 0x0, 0x0, 0x1, 0x10,
    0x0, 0x0,

    /* U+00AA "ª" */
    0x4, 0xcf, 0xe9, 0x0, 0xe, 0xb6, 0xaf, 0x90,
    0x1, 0x0, 0xf, 0xd0, 0x7, 0xde, 0xff, 0xd0,
    0x4f, 0xa2, 0x2f, 0xd0, 0x5f, 0x92, 0x6f, 0xe3,
    0xa, 0xfe, 0x78, 0xfa,

    /* U+00AB "«" */
    0x0, 0x0, 0x10, 0x0, 0x1, 0x0, 0xa, 0xb0,
    0x1, 0xc8, 0x1, 0xcf, 0xe0, 0x2d, 0xfb, 0x2d,
    0xfe, 0x23, 0xef, 0xd1, 0xbf, 0xf3, 0xe, 0xfe,
    0x10, 0xbf, 0xa0, 0xe, 0xf7, 0x0, 0x9f, 0xf7,
    0xc, 0xff, 0x40, 0x9, 0xff, 0x51, 0xcf, 0xf3,
    0x0, 0x7f, 0xf0, 0xa, 0xfc, 0x0, 0x5, 0x90,
    0x0, 0x86, 0x0, 0x0, 0x0, 0x0, 0x0,

    /* U+00AC "¬" */
    0x12, 0x22, 0x22, 0x22, 0x20, 0xcf, 0xff, 0xff,
    0xff, 0xf7, 0xcf, 0xff, 0xff, 0xff, 0xf7, 0x0,
    0x0, 0x0, 0xb, 0xf7, 0x0, 0x0, 0x0, 0xb,
    0xf7, 0x0, 0x0, 0x0, 0xb, 0xf7, 0x0, 0x0,
    0x0, 0xb, 0xf7,

    /* U+00AD "­" */
    0x9, 0x99, 0x99, 0x90, 0x1f, 0xff, 0xff, 0xf1,
    0x1f, 0xff, 0xff, 0xf1,

    /* U+00AE "®" */
    0x0, 0x8d, 0xd8, 0x0, 0xb, 0x60, 0x7, 0xb0,
    0x59, 0x7d, 0xd4, 0x95, 0x95, 0x88, 0x79, 0x59,
    0x95, 0x8e, 0xf3, 0x59, 0x59, 0x88, 0xa6, 0x95,
    0xb, 0x71, 0x17, 0xb0, 0x0, 0x8d, 0xd8, 0x0,

    /* U+00AF "¯" */
    0xee, 0xee, 0xee, 0xff, 0xff, 0xff,

    /* U+00B0 "°" */
    0x0, 0x6b, 0xb6, 0x0, 0xa, 0xff, 0xff, 0xa0,
    0x4f, 0xc1, 0x1c, 0xf4, 0x9f, 0x40, 0x4, 0xf9,
    0x9f, 0x30, 0x3, 0xf9, 0x6f, 0xa0, 0xa, 0xf6,
    0xd, 0xfe, 0xef, 0xd0, 0x1, 0x9f, 0xf9, 0x10,

    /* U+00B1 "±" */
    0x0, 0x2, 0xff, 0x20, 0x0, 0x0, 0x2, 0xff,
    0x20, 0x0, 0x0, 0x2, 0xff, 0x20, 0x0, 0x12,
    0x23, 0xff, 0x32, 0x21, 0xcf, 0xff, 0xff, 0xff,
    0xfc, 0xcf, 0xff, 0xff, 0xff, 0xfc, 0x0, 0x2,
    0xff, 0x20, 0x0, 0x0, 0x2, 0xff, 0x20, 0x0,
    0x0, 0x2, 0xff, 0x20, 0x0, 0x0, 0x0, 0x77,
    0x0, 0x0, 0x22, 0x22, 0x22, 0x22, 0x22, 0xcf,
    0xff, 0xff, 0xff, 0xfc, 0xcf, 0xff, 0xff, 0xff,
    0xfc,

    /* U+00B2 "²" */
    0x1a, 0xef, 0xb1, 0xbf, 0x9b, 0xfa, 0x3, 0x3,
    0xfb, 0x0, 0x2d, 0xf3, 0x6, 0xfc, 0x20, 0x9f,
    0xd7, 0x76, 0xbf, 0xff, 0xfe,

    /* U+00B3 "³" */
    0x2, 0xcf, 0xfc, 0x30, 0x59, 0x8b, 0xfa, 0x0,
    0xf, 0xfb, 0x10, 0x0, 0x59, 0xf8, 0x2, 0x40,
    0xf, 0xd0, 0xee, 0x7a, 0xf9, 0x4, 0xcf, 0xe9,
    0x0,

    /* U+00B4 "´" */
    0x0, 0x43, 0x0, 0xe, 0xf7, 0x6, 0xff, 0x10,
    0xef, 0x50, 0x1a, 0xa0, 0x0, 0x0, 0x0,

    /* U+00B5 "µ" */
    0x8f, 0xf1, 0x0, 0x1f, 0xf8, 0x8f, 0xf1, 0x0,
    0x1f, 0xf8, 0x8f, 0xf1, 0x0, 0x1f, 0xf8, 0x8f,
    0xf1, 0x0, 0x1f, 0xf8, 0x8f, 0xf1, 0x0, 0x1f,
    0xf8, 0x8f, 0xf1, 0x0, 0x1f, 0xf8, 0x8f, 0xf1,
    0x0, 0x1f, 0xf8, 0x8f, 0xf3, 0x0, 0x2f, 0xf8,
    0x8f, 0xfc, 0x33, 0xbf, 0xf8, 0x8f, 0xff, 0xff,
    0x9f, 0xf8, 0x8f, 0xcc, 0xfa, 0x1f, 0xf8, 0x8f,
    0xd0, 0x0, 0x0, 0x0, 0x8f, 0xf0, 0x0, 0x0,
    0x0, 0x8f, 0xf1, 0x0, 0x0, 0x0, 0x8f, 0xf1,
    0x0, 0x0, 0x0,

    /* U+00B6 "¶" */
    0x0, 0x3b, 0xff, 0xff, 0xff, 0xc0, 0x3f, 0xff,
    0xff, 0xff, 0xfc, 0xd, 0xff, 0xff, 0xf4, 0x6f,
    0xc4, 0xff, 0xff, 0xff, 0x35, 0xfc, 0x6f, 0xff,
    0xff, 0xf3, 0x5f, 0xc5, 0xff, 0xff, 0xff, 0x35,
    0xfc, 0x1f, 0xff, 0xff, 0xf3, 0x5f, 0xc0, 0x7f,
    0xff, 0xff, 0x35, 0xfc, 0x0, 0x8f, 0xff, 0xf3,
    0x5f, 0xc0, 0x0, 0x15, 0xff, 0x35, 0xfc, 0x0,
    0x0, 0xf, 0xf3, 0x5f, 0xc0, 0x0, 0x0, 0xff,
    0x35, 0xfc, 0x0, 0x0, 0xf, 0xf3, 0x5f, 0xc0,
    0x0, 0x0, 0xff, 0x35, 0xfc, 0x0, 0x0, 0xf,
    0xf3, 0x5f, 0xc0, 0x0, 0x0, 0xff, 0x35, 0xfc,
    0x0, 0x0, 0xf, 0xf3, 0x5f, 0xc0, 0x0, 0x0,
    0x89, 0x13, 0x97,

    /* U+00B7 "·" */
    0x4b, 0xb4, 0xdf, 0xfd, 0xef, 0xfe, 0x6e, 0xe6,

    /* U+00B8 "¸" */
    0x0, 0x67, 0x0, 0x0, 0xb7, 0x0, 0x0, 0x9b,
    0xb3, 0x4, 0x34, 0xfb, 0xc, 0xff, 0xf6, 0x0,
    0x23, 0x10,

    /* U+00B9 "¹" */
    0x18, 0xef, 0x70, 0x8, 0xfc, 0xf7, 0x0, 0x1,
    0x5f, 0x70, 0x0, 0x5, 0xf7, 0x0, 0x0, 0x5f,
    0x70, 0x2, 0x69, 0xfa, 0x61, 0x5f, 0xff, 0xff,
    0x20,

    /* U+00BA "º" */
    0x2, 0xbe, 0xeb, 0x20, 0xe, 0xf8, 0x8f, 0xd0,
    0x5f, 0x80, 0x8, 0xf5, 0x7f, 0x60, 0x6, 0xf7,
    0x5f, 0x80, 0x8, 0xf5, 0xe, 0xf7, 0x7f, 0xe0,
    0x2, 0xbe, 0xeb, 0x20,

    /* U+00BB "»" */
    0x10, 0x0, 0x1, 0x0, 0x0, 0x8c, 0x10, 0xb,
    0xa0, 0x0, 0xbf, 0xe2, 0xd, 0xfc, 0x10, 0xd,
    0xfe, 0x42, 0xef, 0xd2, 0x1, 0xef, 0xe0, 0x3f,
    0xfb, 0x0, 0x7f, 0xe0, 0xa, 0xfb, 0x4, 0xff,
    0xd0, 0x6f, 0xf9, 0x3f, 0xfc, 0x15, 0xff, 0xa0,
    0xcf, 0xa0, 0xe, 0xf8, 0x0, 0x69, 0x0, 0x9,
    0x60, 0x0, 0x0, 0x0, 0x0, 0x0, 0x0,

    /* U+00BC "¼" */
    0x5, 0xcd, 0x10, 0x0, 0x2, 0xd8, 0x7f, 0xdf,
    0x20, 0x0, 0xb, 0xf2, 0x12, 0x7f, 0x20, 0x0,
    0x3f, 0xa0, 0x0, 0x7f, 0x20, 0x0, 0xcf, 0x20,
    0x0, 0x7f, 0x20, 0x4, 0xf9, 0x0, 0x1, 0x8f,
    0x20, 0xd, 0xf1, 0x0, 0x3f, 0xff, 0xfa, 0x18,
    0x50, 0x0, 0x4, 0x44, 0x42, 0x0, 0x3, 0x20,
    0x0, 0x5, 0x81, 0x0, 0x8f, 0xd0, 0x0, 0x1f,
    0xd0, 0x3, 0xfc, 0xd0, 0x0, 0x9f, 0x40, 0xd,
    0x6a, 0xd0, 0x2, 0xfb, 0x0, 0x9b, 0xa, 0xd0,
    0xb, 0xf3, 0x0, 0xcf, 0xff, 0xfc, 0x3f, 0xa0,
    0x0, 0x22, 0x2b, 0xe2, 0x7a, 0x10, 0x0, 0x0,
    0x7, 0x90,

    /* U+00BD "½" */
    0x0, 0x34, 0x0, 0x0, 0x0, 0x43, 0x4c, 0xff,
    0x20, 0x0, 0x7, 0xf6, 0x48, 0x9f, 0x20, 0x0,
    0x1f, 0xd0, 0x0, 0x7f, 0x20, 0x0, 0x9f, 0x40,
    0x0, 0x7f, 0x20, 0x3, 0xfa, 0x0, 0x1, 0x8f,
    0x20, 0xc, 0xf2, 0x0, 0x3f, 0xff, 0xfa, 0x18,
    0x50, 0x0, 0x4, 0x44, 0x42, 0x0, 0x0, 0x0,
    0x0, 0x2, 0x31, 0xb, 0xff, 0x90, 0x0, 0xd,
    0xe0, 0x8f, 0x6a, 0xf5, 0x0, 0x6f, 0x70, 0x2,
    0x5, 0xf5, 0x0, 0xee, 0x0, 0x0, 0x1d, 0xe0,
    0x7, 0xf6, 0x0, 0x2, 0xdd, 0x20, 0xe, 0xe0,
    0x0, 0x3e, 0xc2, 0x10, 0x7f, 0x60, 0x0, 0x8f,
    0xff, 0xf9, 0x34, 0x0, 0x0, 0x24, 0x44, 0x42,

    /* U+00BE "¾" */
    0x0, 0x0, 0x0, 0x0, 0x0, 0x0, 0x1b, 0xff,
    0xa0, 0x0, 0x4, 0xf9, 0x3d, 0x58, 0xf7, 0x0,
    0xc, 0xf1, 0x0, 0x4, 0xf6, 0x0, 0x5f, 0x80,
    0x0, 0xef, 0xa0, 0x0, 0xdf, 0x10, 0x0, 0x27,
    0xf7, 0x6, 0xf7, 0x0, 0x4b, 0x13, 0xf9, 0xe,
    0xe0, 0x0, 0x3e, 0xff, 0xd2, 0x16, 0x30, 0x0,
    0x0, 0x22, 0x0, 0x0, 0x15, 0x40, 0x0, 0x6,
    0xa2, 0x0, 0xaf, 0xd0, 0x0, 0x2f, 0xc0, 0x4,
    0xec, 0xd0, 0x0, 0xaf, 0x30, 0xe, 0x5a, 0xd0,
    0x2, 0xfb, 0x0, 0x9b, 0xa, 0xd0, 0xb, 0xf2,
    0x0, 0xcf, 0xff, 0xfc, 0x3f, 0xa0, 0x0, 0x22,
    0x2b, 0xe2, 0x7a, 0x10, 0x0, 0x0, 0x7, 0x90,

    /* U+00BF "¿" */
    0x0, 0x1, 0xdf, 0xb0, 0x0, 0x0, 0x6, 0xff,
    0xf2, 0x0, 0x0, 0x5, 0xff, 0xf1, 0x0, 0x0,
    0x0, 0x68, 0x40, 0x0, 0x0, 0x0, 0x0, 0x0,
    0x0, 0x0, 0x0, 0xcf, 0xa0, 0x0, 0x0, 0x1,
    0xdf, 0xa0, 0x0, 0x0, 0x9f, 0xff, 0xa0, 0x0,
    0xa, 0xff, 0xb6, 0x20, 0x0, 0x3f, 0xf9, 0x0,
    0x0, 0x0, 0x6f, 0xf5, 0x0, 0x1, 0x0, 0x5f,
    0xf6, 0x0, 0xc, 0xd4, 0x1f, 0xfe, 0x65, 0xbf,
    0xf5, 0x7, 0xff, 0xff, 0xff, 0xa0, 0x0, 0x4c,
    0xff, 0xd6, 0x0,

    /* U+00C0 "À" */
    0x0, 0x0, 0x35, 0x0, 0x0, 0x0, 0x0, 0x7,
    0xfe, 0x0, 0x0, 0x0, 0x0, 0x1, 0xef, 0x60,
    0x0, 0x0, 0x0, 0x0, 0x5f, 0xe0, 0x0, 0x0,
    0x0, 0x0, 0x9, 0xa1, 0x0, 0x0, 0x0, 0x0,
    0x0, 0x0, 0x0, 0x0, 0x0, 0x0, 0xef, 0xfe,
    0x0, 0x0, 0x0, 0x3, 0xff, 0xff, 0x30, 0x0,
    0x0, 0x7, 0xff, 0xff, 0x70, 0x0, 0x0, 0xb,
    0xfc, 0xef, 0xb0, 0x0, 0x0, 0xf, 0xf7, 0x9f,
    0xf0, 0x0, 0x0, 0x4f, 0xf3, 0x5f, 0xf4, 0x0,
    0x0, 0x8f, 0xf0, 0x1f, 0xf8, 0x0, 0x0, 0xcf,
    0xb0, 0xd, 0xfc, 0x0, 0x0, 0xff, 0x70, 0x9,
    0xff, 0x10, 0x4, 0xff, 0xff, 0xff, 0xff, 0x50,
    0x8, 0xff, 0xff, 0xff, 0xff, 0x90, 0xd, 0xfd,
    0x33, 0x33, 0xef, 0xd0, 0x1f, 0xf8, 0x0, 0x0,
    0xaf, 0xf1, 0x5f, 0xf4, 0x0, 0x0, 0x6f, 0xf5,
    0x9f, 0xf0, 0x0, 0x0, 0x2f, 0xfa,

    /* U+00C1 "Á" */
    0x0, 0x0, 0x0, 0x53, 0x0, 0x0, 0x0, 0x0,
    0x0, 0xef, 0x70, 0x0, 0x0, 0x0, 0x6, 0xfe,
    0x10, 0x0, 0x0, 0x0, 0xe, 0xf5, 0x0, 0x0,
    0x0, 0x0, 0x1a, 0x90, 0x0, 0x0, 0x0, 0x0,
    0x0, 0x0, 0x0, 0x0, 0x0, 0x0, 0xef, 0xfe,
    0x0, 0x0, 0x0, 0x3, 0xff, 0xff, 0x30, 0x0,
    0x0, 0x7, 0xff, 0xff, 0x70, 0x0, 0x0, 0xb,
    0xfc, 0xef, 0xb0, 0x0, 0x0, 0xf, 0xf7, 0x9f,
    0xf0, 0x0, 0x0, 0x4f, 0xf3, 0x5f, 0xf4, 0x0,
    0x0, 0x8f, 0xf0, 0x1f, 0xf8, 0x0, 0x0, 0xcf,
    0xb0, 0xd, 0xfc, 0x0, 0x0, 0xff, 0x70, 0x9,
    0xff, 0x10, 0x4, 0xff, 0xff, 0xff, 0xff, 0x50,
    0x8, 0xff, 0xff, 0xff, 0xff, 0x90, 0xd, 0xfd,
    0x33, 0x33, 0xef, 0xd0, 0x1f, 0xf8, 0x0, 0x0,
    0xaf, 0xf1, 0x5f, 0xf4, 0x0, 0x0, 0x6f, 0xf5,
    0x9f, 0xf0, 0x0, 0x0, 0x2f, 0xfa,

    /* U+00C2 "Â" */
    0x0, 0x0, 0x9f, 0xf9, 0x0, 0x0, 0x0, 0x6,
    0xff, 0xff, 0x60, 0x0, 0x0, 0x3f, 0xf3, 0x4f,
    0xf3, 0x0, 0x0, 0x3d, 0x30, 0x4, 0xd3, 0x0,
    0x0, 0x0, 0x0, 0x0, 0x0, 0x0, 0x0, 0x0,
    0xef, 0xfe, 0x0, 0x0, 0x0, 0x3, 0xff, 0xff,
    0x30, 0x0, 0x0, 0x7, 0xff, 0xff, 0x70, 0x0,
    0x0, 0xb, 0xfc, 0xef, 0xb0, 0x0, 0x0, 0xf,
    0xf7, 0x9f, 0xf0, 0x0, 0x0, 0x4f, 0xf3, 0x5f,
    0xf4, 0x0, 0x0, 0x8f, 0xf0, 0x1f, 0xf8, 0x0,
    0x0, 0xcf, 0xb0, 0xd, 0xfc, 0x0, 0x0, 0xff,
    0x70, 0x9, 0xff, 0x10, 0x4, 0xff, 0xff, 0xff,
    0xff, 0x50, 0x8, 0xff, 0xff, 0xff, 0xff, 0x90,
    0xd, 0xfd, 0x33, 0x33, 0xef, 0xd0, 0x1f, 0xf8,
    0x0, 0x0, 0xaf, 0xf1, 0x5f, 0xf4, 0x0, 0x0,
    0x6f, 0xf5, 0x9f, 0xf0, 0x0, 0x0, 0x2f, 0xfa,

    /* U+00C3 "Ã" */
    0x0, 0xb, 0xfb, 0x40, 0x40, 0x0, 0x0, 0x7f,
    0xff, 0xff, 0xf6, 0x0, 0x0, 0x5, 0x4, 0xcf,
    0xb1, 0x0, 0x0, 0x0, 0x0, 0x0, 0x0, 0x0,
    0x0, 0x0, 0xef, 0xfe, 0x0, 0x0, 0x0, 0x3,
    0xff, 0xff, 0x30, 0x0, 0x0, 0x7, 0xff, 0xff,
    0x70, 0x0, 0x0, 0xb, 0xfc, 0xef, 0xb0, 0x0,
    0x0, 0xf, 0xf7, 0x9f, 0xf0, 0x0, 0x0, 0x4f,
    0xf3, 0x5f, 0xf4, 0x0, 0x0, 0x8f, 0xf0, 0x1f,
    0xf8, 0x0, 0x0, 0xcf, 0xb0, 0xd, 0xfc, 0x0,
    0x0, 0xff, 0x70, 0x9, 0xff, 0x10, 0x4, 0xff,
    0xff, 0xff, 0xff, 0x50, 0x8, 0xff, 0xff, 0xff,
    0xff, 0x90, 0xd, 0xfd, 0x33, 0x33, 0xef, 0xd0,
    0x1f, 0xf8, 0x0, 0x0, 0xaf, 0xf1, 0x5f, 0xf4,
    0x0, 0x0, 0x6f, 0xf5, 0x9f, 0xf0, 0x0, 0x0,
    0x2f, 0xfa,

    /* U+00C4 "Ä" */
    0x0, 0x3c, 0xc1, 0x1c, 0xc3, 0x0, 0x0, 0x8f,
    0xf5, 0x5f, 0xf8, 0x0, 0x0, 0x4f, 0xe2, 0x2e,
    0xf4, 0x0, 0x0, 0x0, 0x0, 0x0, 0x0, 0x0,
    0x0, 0x0, 0xef, 0xfe, 0x0, 0x0, 0x0, 0x3,
    0xff, 0xff, 0x30, 0x0, 0x0, 0x7, 0xff, 0xff,
    0x70, 0x0, 0x0, 0xb, 0xfc, 0xef, 0xb0, 0x0,
    0x0, 0xf, 0xf7, 0x9f, 0xf0, 0x0, 0x0, 0x4f,
    0xf3, 0x5f, 0xf4, 0x0, 0x0, 0x8f, 0xf0, 0x1f,
    0xf8, 0x0, 0x0, 0xcf, 0xb0, 0xd, 0xfc, 0x0,
    0x0, 0xff, 0x70, 0x9, 0xff, 0x10, 0x4, 0xff,
    0xff, 0xff, 0xff, 0x50, 0x8, 0xff, 0xff, 0xff,
    0xff, 0x90, 0xd, 0xfd, 0x33, 0x33, 0xef, 0xd0,
    0x1f, 0xf8, 0x0, 0x0, 0xaf, 0xf1, 0x5f, 0xf4,
    0x0, 0x0, 0x6f, 0xf5, 0x9f, 0xf0, 0x0, 0x0,
    0x2f, 0xfa,

    /* U+00C5 "Å" */
    0x0, 0x0, 0x0, 0x0, 0x0, 0x0, 0x0, 0x0,
    0x9f, 0xf9, 0x0, 0x0, 0x0, 0x6, 0xf8, 0x8f,
    0x60, 0x0, 0x0, 0xb, 0xf0, 0xf, 0xa0, 0x0,
    0x0, 0xa, 0xf0, 0xf, 0xa0, 0x0, 0x0, 0x5,
    0xf4, 0x5f, 0x50, 0x0, 0x0, 0x0, 0x7e, 0xe7,
    0x0, 0x0, 0x0, 0x0, 0xef, 0xfe, 0x0, 0x0,
    0x0, 0x3, 0xff, 0xff, 0x30, 0x0, 0x0, 0x7,
    0xff, 0xff, 0x70, 0x0, 0x0, 0xb, 0xfc, 0xef,
    0xb0, 0x0, 0x0, 0xf, 0xf7, 0x9f, 0xf0, 0x0,
    0x0, 0x4f, 0xf3, 0x5f, 0xf4, 0x0, 0x0, 0x8f,
    0xf0, 0x1f, 0xf8, 0x0, 0x0, 0xcf, 0xb0, 0xd,
    0xfc, 0x0, 0x0, 0xff, 0x70, 0x9, 0xff, 0x10,
    0x4, 0xff, 0xff, 0xff, 0xff, 0x50, 0x8, 0xff,
    0xff, 0xff, 0xff, 0x90, 0xd, 0xfd, 0x33, 0x33,
    0xef, 0xd0, 0x1f, 0xf8, 0x0, 0x0, 0xaf, 0xf1,
    0x5f, 0xf4, 0x0, 0x0, 0x6f, 0xf5, 0x9f, 0xf0,
    0x0, 0x0, 0x2f, 0xfa,

    /* U+00C6 "Æ" */
    0x0, 0x9, 0xff, 0xff, 0xff, 0xf5, 0x0, 0xd,
    0xff, 0xff, 0xff, 0xf5, 0x0, 0x1f, 0xf7, 0xff,
    0x41, 0x10, 0x0, 0x4f, 0xf3, 0xff, 0x30, 0x0,
    0x0, 0x8f, 0xc3, 0xff, 0x30, 0x0, 0x0, 0xcf,
    0x83, 0xff, 0x30, 0x0, 0x0, 0xff, 0x53, 0xff,
    0x41, 0x10, 0x3, 0xff, 0x23, 0xff, 0xff, 0xf2,
    0x7, 0xfe, 0x3, 0xff, 0xff, 0xf2, 0xa, 0xff,
    0xff, 0xff, 0x30, 0x0, 0xe, 0xff, 0xff, 0xff,
    0x30, 0x0, 0x2f, 0xf5, 0x4, 0xff, 0x30, 0x0,
    0x5f, 0xf1, 0x3, 0xff, 0x41, 0x10, 0x9f, 0xe0,
    0x3, 0xff, 0xff, 0xf5, 0xdf, 0xb0, 0x3, 0xff,
    0xff, 0xf5,

    /* U+00C7 "Ç" */
    0x0, 0x3a, 0xef, 0xd8, 0x0, 0x0, 0x4f, 0xff,
    0xff, 0xfd, 0x0, 0xe, 0xfe, 0x64, 0x9f, 0xf9,
    0x6, 0xff, 0x50, 0x0, 0xbf, 0xe0, 0xbf, 0xf0,
    0x0, 0x3, 0x51, 0xd, 0xfd, 0x0, 0x0, 0x0,
    0x0, 0xff, 0xc0, 0x0, 0x0, 0x0, 0xf, 0xfc,
    0x0, 0x0, 0x0, 0x0, 0xff, 0xc0, 0x0, 0x0,
    0x0, 0xd, 0xfd, 0x0, 0x0, 0x0, 0x0, 0xbf,
    0xf0, 0x0, 0x3, 0x51, 0x6, 0xff, 0x50, 0x0,
    0xbf, 0xe0, 0x1f, 0xfe, 0x54, 0x9f, 0xf9, 0x0,
    0x5f, 0xff, 0xff, 0xfd, 0x0, 0x0, 0x3b, 0xff,
    0xe9, 0x0, 0x0, 0x0, 0xb, 0x90, 0x0, 0x0,
    0x0, 0x0, 0x48, 0xf8, 0x0, 0x0, 0x0, 0x78,
    0x7f, 0xc0, 0x0, 0x0, 0x7, 0xef, 0xd4, 0x0,
    0x0,

    /* U+00C8 "È" */
    0x0, 0x2, 0x50, 0x0, 0x0, 0x0, 0x6f, 0xf0,
    0x0, 0x0, 0x0, 0x1e, 0xf7, 0x0, 0x0, 0x0,
    0x4, 0xfe, 0x0, 0x0, 0x0, 0x0, 0x9a, 0x10,
    0x0, 0x0, 0x0, 0x0, 0x0, 0x0, 0x5f, 0xff,
    0xff, 0xff, 0xf7, 0x5f, 0xff, 0xff, 0xff, 0xf7,
    0x5f, 0xf7, 0x44, 0x44, 0x41, 0x5f, 0xf4, 0x0,
    0x0, 0x0, 0x5f, 0xf4, 0x0, 0x0, 0x0, 0x5f,
    0xf4, 0x0, 0x0, 0x0, 0x5f, 0xf7, 0x44, 0x44,
    0x41, 0x5f, 0xff, 0xff, 0xff, 0xf4, 0x5f, 0xff,
    0xff, 0xff, 0xf4, 0x5f, 0xf4, 0x0, 0x0, 0x0,
    0x5f, 0xf4, 0x0, 0x0, 0x0, 0x5f, 0xf4, 0x0,
    0x0, 0x0, 0x5f, 0xf7, 0x44, 0x44, 0x41, 0x5f,
    0xff, 0xff, 0xff, 0xf7, 0x5f, 0xff, 0xff, 0xff,
    0xf7,

    /* U+00C9 "É" */
    0x0, 0x0, 0x4, 0x30, 0x0, 0x0, 0x0, 0xd,
    0xf8, 0x0, 0x0, 0x0, 0x5f, 0xf2, 0x0, 0x0,
    0x0, 0xdf, 0x60, 0x0, 0x0, 0x0, 0x9a, 0x0,
    0x0, 0x0, 0x0, 0x0, 0x0, 0x0, 0x5f, 0xff,
    0xff, 0xff, 0xf7, 0x5f, 0xff, 0xff, 0xff, 0xf7,
    0x5f, 0xf7, 0x44, 0x44, 0x41, 0x5f, 0xf4, 0x0,
    0x0, 0x0, 0x5f, 0xf4, 0x0, 0x0, 0x0, 0x5f,
    0xf4, 0x0, 0x0, 0x0, 0x5f, 0xf7, 0x44, 0x44,
    0x41, 0x5f, 0xff, 0xff, 0xff, 0xf4, 0x5f, 0xff,
    0xff, 0xff, 0xf4, 0x5f, 0xf4, 0x0, 0x0, 0x0,
    0x5f, 0xf4, 0x0, 0x0, 0x0, 0x5f, 0xf4, 0x0,
    0x0, 0x0, 0x5f, 0xf7, 0x44, 0x44, 0x41, 0x5f,
    0xff, 0xff, 0xff, 0xf7, 0x5f, 0xff, 0xff, 0xff,
    0xf7,

    /* U+00CA "Ê" */
    0x0, 0x8, 0xff, 0x90, 0x0, 0x0, 0x5f, 0xff,
    0xf7, 0x0, 0x3, 0xff, 0x44, 0xff, 0x40, 0x3,
    0xd3, 0x0, 0x3d, 0x40, 0x0, 0x0, 0x0, 0x0,
    0x0, 0x5f, 0xff, 0xff, 0xff, 0xf7, 0x5f, 0xff,
    0xff, 0xff, 0xf7, 0x5f, 0xf7, 0x44, 0x44, 0x41,
    0x5f, 0xf4, 0x0, 0x0, 0x0, 0x5f, 0xf4, 0x0,
    0x0, 0x0, 0x5f, 0xf4, 0x0, 0x0, 0x0, 0x5f,
    0xf7, 0x44, 0x44, 0x41, 0x5f, 0xff, 0xff, 0xff,
    0xf4, 0x5f, 0xff, 0xff, 0xff, 0xf4, 0x5f, 0xf4,
    0x0, 0x0, 0x0, 0x5f, 0xf4, 0x0, 0x0, 0x0,
    0x5f, 0xf4, 0x0, 0x0, 0x0, 0x5f, 0xf7, 0x44,
    0x44, 0x41, 0x5f, 0xff, 0xff, 0xff, 0xf7, 0x5f,
    0xff, 0xff, 0xff, 0xf7,

    /* U+00CB "Ë" */
    0x2, 0xcc, 0x21, 0xbd, 0x40, 0x7, 0xff, 0x64,
    0xff, 0x90, 0x3, 0xee, 0x21, 0xdf, 0x50, 0x0,
    0x0, 0x0, 0x0, 0x0, 0x5f, 0xff, 0xff, 0xff,
    0xf7, 0x5f, 0xff, 0xff, 0xff, 0xf7, 0x5f, 0xf7,
    0x44, 0x44, 0x41, 0x5f, 0xf4, 0x0, 0x0, 0x0,
    0x5f, 0xf4, 0x0, 0x0, 0x0, 0x5f, 0xf4, 0x0,
    0x0, 0x0, 0x5f, 0xf7, 0x44, 0x44, 0x41, 0x5f,
    0xff, 0xff, 0xff, 0xf4, 0x5f, 0xff, 0xff, 0xff,
    0xf4, 0x5f, 0xf4, 0x0, 0x0, 0x0, 0x5f, 0xf4,
    0x0, 0x0, 0x0, 0x5f, 0xf4, 0x0, 0x0, 0x0,
    0x5f, 0xf7, 0x44, 0x44, 0x41, 0x5f, 0xff, 0xff,
    0xff, 0xf7, 0x5f, 0xff, 0xff, 0xff, 0xf7,

    /* U+00CC "Ì" */
    0x0, 0x3, 0x50, 0x0, 0x0, 0x0, 0x7f, 0xe0,
    0x0, 0x0, 0x0, 0x1e, 0xf6, 0x0, 0x0, 0x0,
    0x5, 0xfe, 0x0, 0x0, 0x0, 0x0, 0x9a, 0x10,
    0x0, 0x0, 0x0, 0x0, 0x0, 0x0, 0x7f, 0xff,
    0xff, 0xff, 0xf7, 0x7f, 0xff, 0xff, 0xff, 0xf7,
    0x0, 0x5, 0xff, 0x50, 0x0, 0x0, 0x4, 0xff,
    0x40, 0x0, 0x0, 0x4, 0xff, 0x40, 0x0, 0x0,
    0x4, 0xff, 0x40, 0x0, 0x0, 0x4, 0xff, 0x40,
    0x0, 0x0, 0x4, 0xff, 0x40, 0x0, 0x0, 0x4,
    0xff, 0x40, 0x0, 0x0, 0x4, 0xff, 0x40, 0x0,
    0x0, 0x4, 0xff, 0x40, 0x0, 0x0, 0x4, 0xff,
    0x40, 0x0, 0x0, 0x5, 0xff, 0x50, 0x0, 0x7f,
    0xff, 0xff, 0xff, 0xf7, 0x7f, 0xff, 0xff, 0xff,
    0xf7,

    /* U+00CD "Í" */
    0x0, 0x0, 0x5, 0x30, 0x0, 0x0, 0x0, 0xe,
    0xf7, 0x0, 0x0, 0x0, 0x6f, 0xe1, 0x0, 0x0,
    0x0, 0xef, 0x50, 0x0, 0x0, 0x1, 0xa9, 0x0,
    0x0, 0x0, 0x0, 0x0, 0x0, 0x0, 0x7f, 0xff,
    0xff, 0xff, 0xf7, 0x7f, 0xff, 0xff, 0xff, 0xf7,
    0x0, 0x5, 0xff, 0x50, 0x0, 0x0, 0x4, 0xff,
    0x40, 0x0, 0x0, 0x4, 0xff, 0x40, 0x0, 0x0,
    0x4, 0xff, 0x40, 0x0, 0x0, 0x4, 0xff, 0x40,
    0x0, 0x0, 0x4, 0xff, 0x40, 0x0, 0x0, 0x4,
    0xff, 0x40, 0x0, 0x0, 0x4, 0xff, 0x40, 0x0,
    0x0, 0x4, 0xff, 0x40, 0x0, 0x0, 0x4, 0xff,
    0x40, 0x0, 0x0, 0x5, 0xff, 0x50, 0x0, 0x7f,
    0xff, 0xff, 0xff, 0xf7, 0x7f, 0xff, 0xff, 0xff,
    0xf7,

    /* U+00CE "Î" */
    0x0, 0x9, 0xff, 0x90, 0x0, 0x0, 0x6f, 0xff,
    0xf6, 0x0, 0x3, 0xff, 0x34, 0xff, 0x30, 0x3,
    0xd3, 0x0, 0x4d, 0x30, 0x0, 0x0, 0x0, 0x0,
    0x0, 0x7f, 0xff, 0xff, 0xff, 0xf7, 0x7f, 0xff,
    0xff, 0xff, 0xf7, 0x0, 0x5, 0xff, 0x50, 0x0,
    0x0, 0x4, 0xff, 0x40, 0x0, 0x0, 0x4, 0xff,
    0x40, 0x0, 0x0, 0x4, 0xff, 0x40, 0x0, 0x0,
    0x4, 0xff, 0x40, 0x0, 0x0, 0x4, 0xff, 0x40,
    0x0, 0x0, 0x4, 0xff, 0x40, 0x0, 0x0, 0x4,
    0xff, 0x40, 0x0, 0x0, 0x4, 0xff, 0x40, 0x0,
    0x0, 0x4, 0xff, 0x40, 0x0, 0x0, 0x5, 0xff,
    0x50, 0x0, 0x7f, 0xff, 0xff, 0xff, 0xf7, 0x7f,
    0xff, 0xff, 0xff, 0xf7,

    /* U+00CF "Ï" */
    0x3, 0xcc, 0x11, 0xcc, 0x30, 0x8, 0xff, 0x55,
    0xff, 0x80, 0x4, 0xfe, 0x22, 0xef, 0x40, 0x0,
    0x0, 0x0, 0x0, 0x0, 0x7f, 0xff, 0xff, 0xff,
    0xf7, 0x7f, 0xff, 0xff, 0xff, 0xf7, 0x0, 0x5,
    0xff, 0x50, 0x0, 0x0, 0x4, 0xff, 0x40, 0x0,
    0x0, 0x4, 0xff, 0x40, 0x0, 0x0, 0x4, 0xff,
    0x40, 0x0, 0x0, 0x4, 0xff, 0x40, 0x0, 0x0,
    0x4, 0xff, 0x40, 0x0, 0x0, 0x4, 0xff, 0x40,
    0x0, 0x0, 0x4, 0xff, 0x40, 0x0, 0x0, 0x4,
    0xff, 0x40, 0x0, 0x0, 0x4, 0xff, 0x40, 0x0,
    0x0, 0x5, 0xff, 0x50, 0x0, 0x7f, 0xff, 0xff,
    0xff, 0xf7, 0x7f, 0xff, 0xff, 0xff, 0xf7,

    /* U+00D0 "Ð" */
    0x6, 0xff, 0xff, 0xeb, 0x40, 0x0, 0x6, 0xff,
    0xff, 0xff, 0xf7, 0x0, 0x6, 0xff, 0x53, 0x5d,
    0xff, 0x20, 0x6, 0xff, 0x20, 0x2, 0xff, 0x90,
    0x6, 0xff, 0x20, 0x0, 0xcf, 0xe0, 0x6, 0xff,
    0x20, 0x0, 0xaf, 0xf0, 0xbf, 0xff, 0xff, 0x80,
    0x9f, 0xf2, 0xbf, 0xff, 0xff, 0x80, 0x9f, 0xf2,
    0x7, 0xff, 0x31, 0x0, 0x9f, 0xf2, 0x6, 0xff,
    0x20, 0x0, 0xaf, 0xf0, 0x6, 0xff, 0x20, 0x0,
    0xcf, 0xe0, 0x6, 0xff, 0x20, 0x2, 0xff, 0x90,
    0x6, 0xff, 0x53, 0x5d, 0xff, 0x20, 0x6, 0xff,
    0xff, 0xff, 0xf7, 0x0, 0x6, 0xff, 0xff, 0xfb,
    0x40, 0x0,

    /* U+00D1 "Ñ" */
    0x0, 0xbf, 0xb4, 0x4, 0x0, 0x7, 0xff, 0xff,
    0xff, 0x60, 0x0, 0x50, 0x4c, 0xfb, 0x10, 0x0,
    0x0, 0x0, 0x0, 0x0, 0xaf, 0xfb, 0x0, 0x9,
    0xfa, 0xaf, 0xff, 0x10, 0x9, 0xfa, 0xaf, 0xff,
    0x60, 0x9, 0xfa, 0xaf, 0xff, 0xb0, 0x9, 0xfa,
    0xaf, 0xbf, 0xf1, 0x9, 0xfa, 0xaf, 0x9c, 0xf6,
    0x9, 0xfa, 0xaf, 0x96, 0xfb, 0x9, 0xfa, 0xaf,
    0x91, 0xff, 0x19, 0xfa, 0xaf, 0x90, 0xbf, 0x69,
    0xfa, 0xaf, 0x90, 0x6f, 0xc9, 0xfa, 0xaf, 0x90,
    0x1f, 0xfb, 0xfa, 0xaf, 0x90, 0xb, 0xff, 0xfa,
    0xaf, 0x90, 0x6, 0xff, 0xfa, 0xaf, 0x90, 0x1,
    0xff, 0xfa, 0xaf, 0x90, 0x0, 0xbf, 0xfa,

    /* U+00D2 "Ò" */
    0x0, 0x0, 0x2, 0x0, 0x0, 0x0, 0x0, 0x5,
    0xec, 0x0, 0x0, 0x0, 0x0, 0x3, 0xff, 0x40,
    0x0, 0x0, 0x0, 0x0, 0x8f, 0xc0, 0x0, 0x0,
    0x0, 0x0, 0xc, 0xd1, 0x0, 0x0, 0x0, 0x0,
    0x1, 0x0, 0x0, 0x0, 0x0, 0x5, 0xcf, 0xfc,
    0x60, 0x0, 0x0, 0x9f, 0xff, 0xff, 0xf9, 0x0,
    0x4, 0xff, 0xb4, 0x4b, 0xff, 0x40, 0xb, 0xff,
    0x0, 0x0, 0xff, 0xb0, 0xf, 0xfa, 0x0, 0x0,
    0xaf, 0xf0, 0x2f, 0xf8, 0x0, 0x0, 0x9f, 0xf2,
    0x3f, 0xf8, 0x0, 0x0, 0x8f, 0xf3, 0x4f, 0xf8,
    0x0, 0x0, 0x8f, 0xf4, 0x3f, 0xf8, 0x0, 0x0,
    0x8f, 0xf3, 0x2f, 0xf8, 0x0, 0x0, 0x9f, 0xf2,
    0xf, 0xfa, 0x0, 0x0, 0xbf, 0xf0, 0xb, 0xff,
    0x0, 0x1, 0xff, 0xb0, 0x4, 0xff, 0xb4, 0x4c,
    0xff, 0x40, 0x0, 0x9f, 0xff, 0xff, 0xf9, 0x0,
    0x0, 0x6, 0xcf, 0xfc, 0x60, 0x0,

    /* U+00D3 "Ó" */
    0x0, 0x0, 0x0, 0x20, 0x0, 0x0, 0x0, 0x0,
    0x0, 0xde, 0x50, 0x0, 0x0, 0x0, 0x4, 0xff,
    0x30, 0x0, 0x0, 0x0, 0xc, 0xf8, 0x0, 0x0,
    0x0, 0x0, 0x1d, 0xc0, 0x0, 0x0, 0x0, 0x0,
    0x0, 0x10, 0x0, 0x0, 0x0, 0x5, 0xcf, 0xfc,
    0x60, 0x0, 0x0, 0x9f, 0xff, 0xff, 0xf9, 0x0,
    0x4, 0xff, 0xb4, 0x4b, 0xff, 0x40, 0xb, 0xff,
    0x0, 0x0, 0xff, 0xb0, 0xf, 0xfa, 0x0, 0x0,
    0xaf, 0xf0, 0x2f, 0xf8, 0x0, 0x0, 0x9f, 0xf2,
    0x3f, 0xf8, 0x0, 0x0, 0x8f, 0xf3, 0x4f, 0xf8,
    0x0, 0x0, 0x8f, 0xf4, 0x3f, 0xf8, 0x0, 0x0,
    0x8f, 0xf3, 0x2f, 0xf8, 0x0, 0x0, 0x9f, 0xf2,
    0xf, 0xfa, 0x0, 0x0, 0xbf, 0xf0, 0xb, 0xff,
    0x0, 0x1, 0xff, 0xb0, 0x4, 0xff, 0xb4, 0x4c,
    0xff, 0x40, 0x0, 0x9f, 0xff, 0xff, 0xf9, 0x0,
    0x0, 0x6, 0xcf, 0xfc, 0x60, 0x0,

    /* U+00D4 "Ô" */
    0x0, 0x0, 0x8f, 0xf8, 0x0, 0x0, 0x0, 0x5,
    0xff, 0xff, 0x50, 0x0, 0x0, 0x2f, 0xf5, 0x6f,
    0xf2, 0x0, 0x0, 0x5f, 0x50, 0x6, 0xf5, 0x0,
    0x0, 0x1, 0x0, 0x0, 0x10, 0x0, 0x0, 0x5,
    0xcf, 0xfc, 0x60, 0x0, 0x0, 0x9f, 0xff, 0xff,
    0xf9, 0x0, 0x4, 0xff, 0xb4, 0x4b, 0xff, 0x40,
    0xb, 0xff, 0x0, 0x0, 0xff, 0xb0, 0xf, 0xfa,
    0x0, 0x0, 0xaf, 0xf0, 0x2f, 0xf8, 0x0, 0x0,
    0x9f, 0xf2, 0x3f, 0xf8, 0x0, 0x0, 0x8f, 0xf3,
    0x4f, 0xf8, 0x0, 0x0, 0x8f, 0xf4, 0x3f, 0xf8,
    0x0, 0x0, 0x8f, 0xf3, 0x2f, 0xf8, 0x0, 0x0,
    0x9f, 0xf2, 0xf, 0xfa, 0x0, 0x0, 0xbf, 0xf0,
    0xb, 0xff, 0x0, 0x1, 0xff, 0xb0, 0x4, 0xff,
    0xb4, 0x4c, 0xff, 0x40, 0x0, 0x9f, 0xff, 0xff,
    0xf9, 0x0, 0x0, 0x6, 0xcf, 0xfc, 0x60, 0x0,

    /* U+00D5 "Õ" */
    0x0, 0x1b, 0xfb, 0x40, 0x50, 0x0, 0x0, 0x6f,
    0xff, 0xff, 0xf6, 0x0, 0x0, 0x4, 0x4, 0xbe,
    0xb0, 0x0, 0x0, 0x0, 0x0, 0x0, 0x0, 0x0,
    0x0, 0x5, 0xcf, 0xfc, 0x60, 0x0, 0x0, 0x9f,
    0xff, 0xff, 0xf9, 0x0, 0x4, 0xff, 0xb4, 0x4b,
    0xff, 0x40, 0xb, 0xff, 0x0, 0x0, 0xff, 0xb0,
    0xf, 0xfa, 0x0, 0x0, 0xaf, 0xf0, 0x2f, 0xf8,
    0x0, 0x0, 0x9f, 0xf2, 0x3f, 0xf8, 0x0, 0x0,
    0x8f, 0xf3, 0x4f, 0xf8, 0x0, 0x0, 0x8f, 0xf4,
    0x3f, 0xf8, 0x0, 0x0, 0x8f, 0xf3, 0x2f, 0xf8,
    0x0, 0x0, 0x9f, 0xf2, 0xf, 0xfa, 0x0, 0x0,
    0xbf, 0xf0, 0xb, 0xff, 0x0, 0x1, 0xff, 0xb0,
    0x4, 0xff, 0xb4, 0x4c, 0xff, 0x40, 0x0, 0x9f,
    0xff, 0xff, 0xf9, 0x0, 0x0, 0x6, 0xcf, 0xfc,
    0x60, 0x0,

    /* U+00D6 "Ö" */
    0x0, 0x4e, 0xe2, 0x2e, 0xe4, 0x0, 0x0, 0x8f,
    0xf5, 0x5f, 0xf8, 0x0, 0x0, 0x3d, 0xc1, 0x1c,
    0xd3, 0x0, 0x0, 0x0, 0x0, 0x0, 0x0, 0x0,
    0x0, 0x5, 0xcf, 0xfc, 0x60, 0x0, 0x0, 0x9f,
    0xff, 0xff, 0xf9, 0x0, 0x4, 0xff, 0xb4, 0x4b,
    0xff, 0x40, 0xb, 0xff, 0x0, 0x0, 0xff, 0xb0,
    0xf, 0xfa, 0x0, 0x0, 0xaf, 0xf0, 0x2f, 0xf8,
    0x0, 0x0, 0x9f, 0xf2, 0x3f, 0xf8, 0x0, 0x0,
    0x8f, 0xf3, 0x4f, 0xf8, 0x0, 0x0, 0x8f, 0xf4,
    0x3f, 0xf8, 0x0, 0x0, 0x8f, 0xf3, 0x2f, 0xf8,
    0x0, 0x0, 0x9f, 0xf2, 0xf, 0xfa, 0x0, 0x0,
    0xbf, 0xf0, 0xb, 0xff, 0x0, 0x1, 0xff, 0xb0,
    0x4, 0xff, 0xb4, 0x4c, 0xff, 0x40, 0x0, 0x9f,
    0xff, 0xff, 0xf9, 0x0, 0x0, 0x6, 0xcf, 0xfc,
    0x60, 0x0,

    /* U+00D7 "×" */
    0x0, 0x0, 0x0, 0x0, 0x0, 0x8, 0x80, 0x0,
    0x8, 0x80, 0x4f, 0xf7, 0x0, 0x7f, 0xf4, 0x8,
    0xff, 0x66, 0xff, 0x80, 0x0, 0x9f, 0xff, 0xf9,
    0x0, 0x0, 0xb, 0xff, 0xb0, 0x0, 0x0, 0x5f,
    0xff, 0xf5, 0x0, 0x4, 0xff, 0xaa, 0xff, 0x40,
    0x3f, 0xfb, 0x0, 0xbf, 0xf3, 0xc, 0xc0, 0x0,
    0xc, 0xc0, 0x0, 0x0, 0x0, 0x0, 0x0,

    /* U+00D8 "Ø" */
    0x0, 0x0, 0x0, 0x0, 0x7, 0x80, 0x0, 0x5,
    0xcf, 0xfc, 0x6f, 0xf2, 0x0, 0x9f, 0xff, 0xff,
    0xff, 0x90, 0x4, 0xff, 0xb4, 0x4c, 0xff, 0x50,
    0xb, 0xff, 0x0, 0xb, 0xff, 0xb0, 0xf, 0xfa,
    0x0, 0x4f, 0xff, 0xf0, 0x2f, 0xf8, 0x0, 0xdf,
    0xaf, 0xf2, 0x3f, 0xf8, 0x6, 0xf8, 0x8f, 0xf3,
    0x4f, 0xf8, 0xe, 0xe0, 0x8f, 0xf4, 0x3f, 0xf8,
    0x8f, 0x60, 0x8f, 0xf3, 0x2f, 0xfa, 0xfd, 0x0,
    0x9f, 0xf2, 0xf, 0xff, 0xf4, 0x0, 0xaf, 0xf0,
    0xb, 0xff, 0xb0, 0x0, 0xff, 0xb0, 0x5, 0xff,
    0xc5, 0x4b, 0xff, 0x40, 0x9, 0xff, 0xff, 0xff,
    0xf9, 0x0, 0x2f, 0xf6, 0xcf, 0xfc, 0x60, 0x0,
    0x8, 0x70, 0x0, 0x0, 0x0, 0x0,

    /* U+00D9 "Ù" */
    0x0, 0x3, 0x50, 0x0, 0x0, 0x0, 0x7f, 0xe0,
    0x0, 0x0, 0x0, 0x1e, 0xf6, 0x0, 0x0, 0x0,
    0x5, 0xfe, 0x0, 0x0, 0x0, 0x0, 0x9a, 0x10,
    0x0, 0x0, 0x0, 0x0, 0x0, 0x0, 0xcf, 0xd0,
    0x0, 0xd, 0xfc, 0xcf, 0xd0, 0x0, 0xd, 0xfc,
    0xcf, 0xd0, 0x0, 0xd, 0xfc, 0xcf, 0xd0, 0x0,
    0xd, 0xfc, 0xcf, 0xd0, 0x0, 0xd, 0xfc, 0xcf,
    0xd0, 0x0, 0xd, 0xfc, 0xcf, 0xd0, 0x0, 0xd,
    0xfc, 0xcf, 0xd0, 0x0, 0xd, 0xfc, 0xcf, 0xd0,
    0x0, 0xd, 0xfc, 0xbf, 0xd0, 0x0, 0xd, 0xfb,
    0xbf, 0xe0, 0x0, 0xe, 0xfa, 0x9f, 0xf1, 0x0,
    0x1f, 0xf8, 0x5f, 0xfc, 0x44, 0xcf, 0xf4, 0xc,
    0xff, 0xff, 0xff, 0xc0, 0x0, 0x8d, 0xff, 0xd8,
    0x0,

    /* U+00DA "Ú" */
    0x0, 0x0, 0x5, 0x30, 0x0, 0x0, 0x0, 0xe,
    0xf7, 0x0, 0x0, 0x0, 0x6f, 0xe1, 0x0, 0x0,
    0x0, 0xef, 0x50, 0x0, 0x0, 0x1, 0xa9, 0x0,
    0x0, 0x0, 0x0, 0x0, 0x0, 0x0, 0xcf, 0xd0,
    0x0, 0xd, 0xfc, 0xcf, 0xd0, 0x0, 0xd, 0xfc,
    0xcf, 0xd0, 0x0, 0xd, 0xfc, 0xcf, 0xd0, 0x0,
    0xd, 0xfc, 0xcf, 0xd0, 0x0, 0xd, 0xfc, 0xcf,
    0xd0, 0x0, 0xd, 0xfc, 0xcf, 0xd0, 0x0, 0xd,
    0xfc, 0xcf, 0xd0, 0x0, 0xd, 0xfc, 0xcf, 0xd0,
    0x0, 0xd, 0xfc, 0xbf, 0xd0, 0x0, 0xd, 0xfb,
    0xbf, 0xe0, 0x0, 0xe, 0xfa, 0x9f, 0xf1, 0x0,
    0x1f, 0xf8, 0x5f, 0xfc, 0x44, 0xcf, 0xf4, 0xc,
    0xff, 0xff, 0xff, 0xc0, 0x0, 0x8d, 0xff, 0xd8,
    0x0,

    /* U+00DB "Û" */
    0x0, 0x9, 0xff, 0x90, 0x0, 0x0, 0x6f, 0xff,
    0xf6, 0x0, 0x3, 0xff, 0x34, 0xff, 0x30, 0x3,
    0xd3, 0x0, 0x4d, 0x30, 0x0, 0x0, 0x0, 0x0,
    0x0, 0xcf, 0xd0, 0x0, 0xd, 0xfc, 0xcf, 0xd0,
    0x0, 0xd, 0xfc, 0xcf, 0xd0, 0x0, 0xd, 0xfc,
    0xcf, 0xd0, 0x0, 0xd, 0xfc, 0xcf, 0xd0, 0x0,
    0xd, 0xfc, 0xcf, 0xd0, 0x0, 0xd, 0xfc, 0xcf,
    0xd0, 0x0, 0xd, 0xfc, 0xcf, 0xd0, 0x0, 0xd,
    0xfc, 0xcf, 0xd0, 0x0, 0xd, 0xfc, 0xbf, 0xd0,
    0x0, 0xd, 0xfb, 0xbf, 0xe0, 0x0, 0xe, 0xfa,
    0x9f, 0xf1, 0x0, 0x1f, 0xf8, 0x5f, 0xfc, 0x44,
    0xcf, 0xf4, 0xc, 0xff, 0xff, 0xff, 0xc0, 0x0,
    0x8d, 0xff, 0xd8, 0x0,

    /* U+00DC "Ü" */
    0x4, 0xee, 0x22, 0xee, 0x40, 0x8, 0xff, 0x55,
    0xff, 0x80, 0x3, 0xdc, 0x11, 0xcd, 0x30, 0x0,
    0x0, 0x0, 0x0, 0x0, 0xcf, 0xd0, 0x0, 0xd,
    0xfc, 0xcf, 0xd0, 0x0, 0xd, 0xfc, 0xcf, 0xd0,
    0x0, 0xd, 0xfc, 0xcf, 0xd0, 0x0, 0xd, 0xfc,
    0xcf, 0xd0, 0x0, 0xd, 0xfc, 0xcf, 0xd0, 0x0,
    0xd, 0xfc, 0xcf, 0xd0, 0x0, 0xd, 0xfc, 0xcf,
    0xd0, 0x0, 0xd, 0xfc, 0xcf, 0xd0, 0x0, 0xd,
    0xfc, 0xbf, 0xd0, 0x0, 0xd, 0xfb, 0xbf, 0xe0,
    0x0, 0xe, 0xfa, 0x9f, 0xf1, 0x0, 0x1f, 0xf8,
    0x5f, 0xfc, 0x44, 0xcf, 0xf4, 0xc, 0xff, 0xff,
    0xff, 0xc0, 0x0, 0x8d, 0xff, 0xd8, 0x0,

    /* U+00DD "Ý" */
    0x0, 0x0, 0x0, 0x53, 0x0, 0x0, 0x0, 0x0,
    0x0, 0xef, 0x70, 0x0, 0x0, 0x0, 0x6, 0xfe,
    0x10, 0x0, 0x0, 0x0, 0xe, 0xf5, 0x0, 0x0,
    0x0, 0x0, 0x1a, 0x90, 0x0, 0x0, 0x0, 0x0,
    0x0, 0x0, 0x0, 0x0, 0x9f, 0xf4, 0x0, 0x0,
    0x3f, 0xf9, 0x2f, 0xfc, 0x0, 0x0, 0xaf, 0xf2,
    0xa, 0xff, 0x30, 0x2, 0xff, 0xa0, 0x2, 0xff,
    0xa0, 0x9, 0xff, 0x20, 0x0, 0xbf, 0xf1, 0xf,
    0xfb, 0x0, 0x0, 0x3f, 0xf7, 0x6f, 0xf3, 0x0,
    0x0, 0xb, 0xfd, 0xdf, 0xb0, 0x0, 0x0, 0x4,
    0xff, 0xff, 0x40, 0x0, 0x0, 0x0, 0xcf, 0xfc,
    0x0, 0x0, 0x0, 0x0, 0x5f, 0xf5, 0x0, 0x0,
    0x0, 0x0, 0x4f, 0xf4, 0x0, 0x0, 0x0, 0x0,
    0x4f, 0xf4, 0x0, 0x0, 0x0, 0x0, 0x4f, 0xf4,
    0x0, 0x0, 0x0, 0x0, 0x4f, 0xf4, 0x0, 0x0,
    0x0, 0x0, 0x4f, 0xf4, 0x0, 0x0,

    /* U+00DE "Þ" */
    0x6f, 0xf3, 0x0, 0x0, 0x0, 0x6, 0xff, 0x30,
    0x0, 0x0, 0x0, 0x6f, 0xf3, 0x0, 0x0, 0x0,
    0x6, 0xff, 0xff, 0xff, 0xb2, 0x0, 0x6f, 0xff,
    0xff, 0xff, 0xf2, 0x6, 0xff, 0x63, 0x48, 0xff,
    0xa0, 0x6f, 0xf3, 0x0, 0xc, 0xfe, 0x6, 0xff,
    0x30, 0x0, 0xbf, 0xf0, 0x6f, 0xf3, 0x0, 0xc,
    0xfe, 0x6, 0xff, 0x63, 0x37, 0xff, 0xa0, 0x6f,
    0xff, 0xff, 0xff, 0xf2, 0x6, 0xff, 0xff, 0xff,
    0xb3, 0x0, 0x6f, 0xf3, 0x0, 0x0, 0x0, 0x6,
    0xff, 0x30, 0x0, 0x0, 0x0, 0x6f, 0xf3, 0x0,
    0x0, 0x0, 0x0,

    /* U+00DF "ß" */
    0x6, 0xdf, 0xff, 0x60, 0x0, 0x4, 0xff, 0xff,
    0xf6, 0x0, 0x0, 0x8f, 0xf0, 0x0, 0x0, 0x0,
    0x9, 0xff, 0x0, 0x0, 0x0, 0x0, 0x9f, 0xff,
    0xff, 0xff, 0xfb, 0x9, 0xff, 0xff, 0xff, 0xff,
    0xb0, 0x9f, 0xf0, 0x0, 0x2f, 0xf6, 0x9, 0xff,
    0x0, 0xb, 0xfb, 0x0, 0x9f, 0xf0, 0x6, 0xff,
    0x10, 0x9, 0xff, 0x2, 0xff, 0x60, 0x0, 0x9f,
    0xf0, 0x8f, 0xf5, 0x0, 0x9, 0xff, 0x8, 0xff,
    0xfe, 0x30, 0x9f, 0xf0, 0x14, 0x7e, 0xfe, 0x9,
    0xff, 0x0, 0x0, 0x5f, 0xf4, 0x9f, 0xf0, 0x0,
    0x2, 0xff, 0x60, 0x0, 0x0, 0x0, 0x4f, 0xf5,
    0x0, 0x0, 0x1, 0x4d, 0xff, 0x10, 0x0, 0x1f,
    0xff, 0xff, 0x60, 0x0, 0x1, 0xff, 0xea, 0x30,
    0x0,

    /* U+00E0 "à" */
    0x0, 0x4, 0x30, 0x0, 0x0, 0x0, 0xa, 0xfc,
    0x0, 0x0, 0x0, 0x0, 0x3f, 0xf3, 0x0, 0x0,
    0x0, 0x0, 0x8f, 0xb0, 0x0, 0x0, 0x0, 0x0,
    0xc8, 0x0, 0x0, 0x0, 0x0, 0x0, 0x0, 0x0,
    0x0, 0x1, 0x9d, 0xfe, 0xb3, 0x0, 0x2, 0xef,
    0xff, 0xff, 0xf5, 0x0, 0x3e, 0xb2, 0x3, 0xef,
    0xd0, 0x0, 0x10, 0x0, 0x8, 0xff, 0x0, 0x0,
    0x47, 0x88, 0xcf, 0xf1, 0x1, 0xdf, 0xff, 0xff,
    0xff, 0x10, 0xaf, 0xe3, 0x0, 0x7f, 0xf1, 0xd,
    0xfa, 0x0, 0x8, 0xff, 0x10, 0xcf, 0xd0, 0x1,
    0xdf, 0xf1, 0x6, 0xff, 0xfd, 0xf9, 0xff, 0xf4,
    0x6, 0xdf, 0xd7, 0x8, 0xff, 0x40,

    /* U+00E1 "á" */
    0x0, 0x0, 0x6, 0x10, 0x0, 0x0, 0x0, 0x2,
    0xff, 0x40, 0x0, 0x0, 0x0, 0x9f, 0xd0, 0x0,
    0x0, 0x0, 0x1f, 0xf3, 0x0, 0x0, 0x0, 0x2,
    0xb7, 0x0, 0x0, 0x0, 0x0, 0x0, 0x0, 0x0,
    0x0, 0x1, 0x9d, 0xfe, 0xb3, 0x0, 0x2, 0xef,
    0xff, 0xff, 0xf5, 0x0, 0x3e, 0xb2, 0x3, 0xef,
    0xd0, 0x0, 0x10, 0x0, 0x8, 0xff, 0x0, 0x0,
    0x47, 0x88, 0xcf, 0xf1, 0x1, 0xdf, 0xff, 0xff,
    0xff, 0x10, 0xaf, 0xe3, 0x0, 0x7f, 0xf1, 0xd,
    0xfa, 0x0, 0x8, 0xff, 0x10, 0xcf, 0xd0, 0x1,
    0xdf, 0xf1, 0x6, 0xff, 0xfd, 0xf9, 0xff, 0xf4,
    0x6, 0xdf, 0xd7, 0x8, 0xff, 0x40,

    /* U+00E2 "â" */
    0x0, 0x4, 0x87, 0x10, 0x0, 0x0, 0x2, 0xff,
    0xfb, 0x0, 0x0, 0x0, 0xcf, 0xcf, 0xf7, 0x0,
    0x0, 0x8f, 0xb0, 0x3f, 0xf3, 0x0, 0x3, 0xb0,
    0x0, 0x4a, 0x0, 0x0, 0x0, 0x0, 0x0, 0x0,
    0x0, 0x1, 0x9d, 0xfe, 0xb3, 0x0, 0x2, 0xef,
    0xff, 0xff, 0xf5, 0x0, 0x3e, 0xb2, 0x3, 0xef,
    0xd0, 0x0, 0x10, 0x0, 0x8, 0xff, 0x0, 0x0,
    0x47, 0x88, 0xcf, 0xf1, 0x1, 0xdf, 0xff, 0xff,
    0xff, 0x10, 0xaf, 0xe3, 0x0, 0x7f, 0xf1, 0xd,
    0xfa, 0x0, 0x8, 0xff, 0x10, 0xcf, 0xd0, 0x1,
    0xdf, 0xf1, 0x6, 0xff, 0xfd, 0xf9, 0xff, 0xf4,
    0x6, 0xdf, 0xd7, 0x8, 0xff, 0x40,

    /* U+00E3 "ã" */
    0x7, 0xef, 0xff, 0xfd, 0x0, 0x0, 0x4f, 0xff,
    0xff, 0xc2, 0x0, 0x0, 0x0, 0x0, 0x0, 0x0,
    0x0, 0x0, 0x0, 0x0, 0x0, 0x0, 0x1, 0x9d,
    0xfe, 0xb3, 0x0, 0x2, 0xef, 0xff, 0xff, 0xf5,
    0x0, 0x3e, 0xb2, 0x3, 0xef, 0xd0, 0x0, 0x10,
    0x0, 0x8, 0xff, 0x0, 0x0, 0x47, 0x88, 0xcf,
    0xf1, 0x1, 0xdf, 0xff, 0xff, 0xff, 0x10, 0xaf,
    0xe3, 0x0, 0x7f, 0xf1, 0xd, 0xfa, 0x0, 0x8,
    0xff, 0x10, 0xcf, 0xd0, 0x1, 0xdf, 0xf1, 0x6,
    0xff, 0xfd, 0xf9, 0xff, 0xf4, 0x6, 0xdf, 0xd7,
    0x8, 0xff, 0x40,

    /* U+00E4 "ä" */
    0x6, 0xfc, 0x4, 0xee, 0x20, 0x0, 0xbf, 0xf2,
    0x8f, 0xf5, 0x0, 0x5, 0xda, 0x3, 0xcc, 0x10,
    0x0, 0x0, 0x0, 0x0, 0x0, 0x0, 0x1, 0x9d,
    0xfe, 0xb3, 0x0, 0x2, 0xef, 0xff, 0xff, 0xf5,
    0x0, 0x3e, 0xb2, 0x3, 0xef, 0xd0, 0x0, 0x10,
    0x0, 0x8, 0xff, 0x0, 0x0, 0x47, 0x88, 0xcf,
    0xf1, 0x1, 0xdf, 0xff, 0xff, 0xff, 0x10, 0xaf,
    0xe3, 0x0, 0x7f, 0xf1, 0xd, 0xfa, 0x0, 0x8,
    0xff, 0x10, 0xcf, 0xd0, 0x1, 0xdf, 0xf1, 0x6,
    0xff, 0xfd, 0xf9, 0xff, 0xf4, 0x6, 0xdf, 0xd7,
    0x8, 0xff, 0x40,

    /* U+00E5 "å" */
    0x0, 0x0, 0x0, 0x0, 0x0, 0x0, 0x1, 0xbf,
    0xf7, 0x0, 0x0, 0x0, 0xaf, 0x59, 0xf4, 0x0,
    0x0, 0xe, 0xc0, 0x2f, 0x80, 0x0, 0x0, 0xbe,
    0x26, 0xf5, 0x0, 0x0, 0x2, 0xef, 0xfa, 0x0,
    0x0, 0x0, 0x0, 0x32, 0x0, 0x0, 0x0, 0x19,
    0xdf, 0xeb, 0x30, 0x0, 0x2e, 0xff, 0xff, 0xff,
    0x50, 0x3, 0xeb, 0x20, 0x3e, 0xfd, 0x0, 0x1,
    0x0, 0x0, 0x8f, 0xf0, 0x0, 0x4, 0x78, 0x8c,
    0xff, 0x10, 0x1d, 0xff, 0xff, 0xff, 0xf1, 0xa,
    0xfe, 0x30, 0x7, 0xff, 0x10, 0xdf, 0xa0, 0x0,
    0x8f, 0xf1, 0xc, 0xfd, 0x0, 0x1d, 0xff, 0x10,
    0x6f, 0xff, 0xdf, 0x9f, 0xff, 0x40, 0x6d, 0xfd,
    0x70, 0x8f, 0xf4,

    /* U+00E6 "æ" */
    0x5, 0xdf, 0xc2, 0x3d, 0xfc, 0x20, 0x3f, 0xfc,
    0xfd, 0xee, 0xcf, 0xd0, 0x6f, 0x40, 0x9f, 0xf2,
    0x9, 0xf4, 0x1, 0x0, 0x5f, 0xd0, 0x5, 0xf8,
    0x0, 0x1, 0x6f, 0xc2, 0x25, 0xf9, 0x9, 0xff,
    0xff, 0xff, 0xff, 0xfa, 0x8f, 0xc6, 0x8f, 0xd5,
    0x55, 0x53, 0xcf, 0x30, 0x5f, 0xd0, 0x0, 0x0,
    0xcf, 0x40, 0x9e, 0xf3, 0x9, 0xf5, 0x8f, 0xfd,
    0xe4, 0xff, 0xdf, 0xe0, 0xa, 0xfd, 0x40, 0x5d,
    0xfb, 0x20,

    /* U+00E7 "ç" */
    0x0, 0x2a, 0xef, 0xd8, 0x0, 0x4, 0xff, 0xff,
    0xff, 0xc0, 0xe, 0xfe, 0x53, 0x7f, 0xf4, 0x6f,
    0xf4, 0x0, 0x5, 0x20, 0x9f, 0xf0, 0x0, 0x0,
    0x0, 0xaf, 0xf0, 0x0, 0x0, 0x0, 0x9f, 0xf0,
    0x0, 0x0, 0x0, 0x6f, 0xf4, 0x0, 0x4, 0x40,
    0x1f, 0xfe, 0x53, 0x6f, 0xf7, 0x5, 0xff, 0xff,
    0xff, 0xe1, 0x0, 0x3b, 0xff, 0xe9, 0x10, 0x0,
    0x0, 0xb8, 0x0, 0x0, 0x0, 0x0, 0x49, 0xf7,
    0x0, 0x0, 0x7, 0x87, 0xfb, 0x0, 0x0, 0x8,
    0xef, 0xd3, 0x0,

    /* U+00E8 "è" */
    0x0, 0x2, 0x50, 0x0, 0x0, 0x0, 0x7f, 0xe0,
    0x0, 0x0, 0x0, 0x1e, 0xf7, 0x0, 0x0, 0x0,
    0x5, 0xfe, 0x0, 0x0, 0x0, 0x0, 0x9a, 0x10,
    0x0, 0x0, 0x0, 0x0, 0x0, 0x0, 0x0, 0x5c,
    0xff, 0xc6, 0x0, 0x8, 0xff, 0xff, 0xff, 0x90,
    0x3f, 0xf8, 0x0, 0x7f, 0xf4, 0xaf, 0xd0, 0x0,
    0xc, 0xfa, 0xdf, 0xea, 0xaa, 0xae, 0xfd, 0xef,
    0xff, 0xff, 0xff, 0xfe, 0xdf, 0xb0, 0x0, 0x0,
    0x0, 0xaf, 0xe0, 0x0, 0x1, 0x30, 0x3f, 0xfb,
    0x32, 0x5e, 0xf3, 0x8, 0xff, 0xff, 0xff, 0xe2,
    0x0, 0x5b, 0xff, 0xd9, 0x10,

    /* U+00E9 "é" */
    0x0, 0x0, 0x4, 0x30, 0x0, 0x0, 0x0, 0xe,
    0xf7, 0x0, 0x0, 0x0, 0x6f, 0xf2, 0x0, 0x0,
    0x0, 0xef, 0x50, 0x0, 0x0, 0x1, 0xaa, 0x0,
    0x0, 0x0, 0x0, 0x0, 0x0, 0x0, 0x0, 0x5c,
    0xff, 0xc6, 0x0, 0x8, 0xff, 0xff, 0xff, 0x90,
    0x3f, 0xf8, 0x0, 0x7f, 0xf4, 0xaf, 0xd0, 0x0,
    0xc, 0xfa, 0xdf, 0xea, 0xaa, 0xae, 0xfd, 0xef,
    0xff, 0xff, 0xff, 0xfe, 0xdf, 0xb0, 0x0, 0x0,
    0x0, 0xaf, 0xe0, 0x0, 0x1, 0x30, 0x3f, 0xfb,
    0x32, 0x5e, 0xf3, 0x8, 0xff, 0xff, 0xff, 0xe2,
    0x0, 0x5b, 0xff, 0xd9, 0x10,

    /* U+00EA "ê" */
    0x0, 0x2, 0x88, 0x20, 0x0, 0x0, 0xd, 0xff,
    0xd0, 0x0, 0x0, 0xaf, 0xdd, 0xfa, 0x0, 0x5,
    0xfd, 0x11, 0xef, 0x60, 0x1, 0xb2, 0x0, 0x2b,
    0x20, 0x0, 0x0, 0x0, 0x0, 0x0, 0x0, 0x5c,
    0xff, 0xc6, 0x0, 0x8, 0xff, 0xff, 0xff, 0x90,
    0x3f, 0xf8, 0x0, 0x7f, 0xf4, 0xaf, 0xd0, 0x0,
    0xc, 0xfa, 0xdf, 0xea, 0xaa, 0xae, 0xfd, 0xef,
    0xff, 0xff, 0xff, 0xfe, 0xdf, 0xb0, 0x0, 0x0,
    0x0, 0xaf, 0xe0, 0x0, 0x1, 0x30, 0x3f, 0xfb,
    0x32, 0x5e, 0xf3, 0x8, 0xff, 0xff, 0xff, 0xe2,
    0x0, 0x5b, 0xff, 0xd9, 0x10,

    /* U+00EB "ë" */
    0x4, 0xee, 0x22, 0xef, 0x40, 0x8, 0xff, 0x55,
    0xff, 0x90, 0x3, 0xcc, 0x11, 0xcd, 0x30, 0x0,
    0x0, 0x0, 0x0, 0x0, 0x0, 0x5c, 0xff, 0xc6,
    0x0, 0x8, 0xff, 0xff, 0xff, 0x90, 0x3f, 0xf8,
    0x0, 0x7f, 0xf4, 0xaf, 0xd0, 0x0, 0xc, 0xfa,
    0xdf, 0xea, 0xaa, 0xae, 0xfd, 0xef, 0xff, 0xff,
    0xff, 0xfe, 0xdf, 0xb0, 0x0, 0x0, 0x0, 0xaf,
    0xe0, 0x0, 0x1, 0x30, 0x3f, 0xfb, 0x32, 0x5e,
    0xf3, 0x8, 0xff, 0xff, 0xff, 0xe2, 0x0, 0x5b,
    0xff, 0xd9, 0x10,

    /* U+00EC "ì" */
    0x0, 0x1, 0x93, 0x0, 0x0, 0x0, 0x0, 0xdf,
    0xb0, 0x0, 0x0, 0x0, 0x4, 0xff, 0x30, 0x0,
    0x0, 0x0, 0x8, 0xfa, 0x0, 0x0, 0x0, 0x0,
    0x9, 0x30, 0x0, 0x0, 0x0, 0x0, 0x0, 0x0,
    0x0, 0xf, 0xff, 0xff, 0xe0, 0x0, 0x0, 0xff,
    0xff, 0xfe, 0x0, 0x0, 0x1, 0x11, 0xaf, 0xe0,
    0x0, 0x0, 0x0, 0xa, 0xfe, 0x0, 0x0, 0x0,
    0x0, 0xaf, 0xe0, 0x0, 0x0, 0x0, 0xa, 0xfe,
    0x0, 0x0, 0x0, 0x0, 0xaf, 0xe0, 0x0, 0x0,
    0x0, 0xa, 0xfe, 0x0, 0x0, 0x1, 0x11, 0xaf,
    0xe1, 0x11, 0x0, 0xff, 0xff, 0xff, 0xff, 0xf1,
    0xf, 0xff, 0xff, 0xff, 0xff, 0x10,

    /* U+00ED "í" */
    0x0, 0x0, 0x0, 0xa3, 0x0, 0x0, 0x0, 0x0,
    0x6f, 0xf2, 0x0, 0x0, 0x0, 0xe, 0xf8, 0x0,
    0x0, 0x0, 0x6, 0xfc, 0x0, 0x0, 0x0, 0x0,
    0x19, 0x20, 0x0, 0x0, 0x0, 0x0, 0x0, 0x0,
    0x0, 0xf, 0xff, 0xff, 0xe0, 0x0, 0x0, 0xff,
    0xff, 0xfe, 0x0, 0x0, 0x1, 0x11, 0xaf, 0xe0,
    0x0, 0x0, 0x0, 0xa, 0xfe, 0x0, 0x0, 0x0,
    0x0, 0xaf, 0xe0, 0x0, 0x0, 0x0, 0xa, 0xfe,
    0x0, 0x0, 0x0, 0x0, 0xaf, 0xe0, 0x0, 0x0,
    0x0, 0xa, 0xfe, 0x0, 0x0, 0x1, 0x11, 0xaf,
    0xe1, 0x11, 0x0, 0xff, 0xff, 0xff, 0xff, 0xf1,
    0xf, 0xff, 0xff, 0xff, 0xff, 0x10,

    /* U+00EE "î" */
    0x0, 0x0, 0x58, 0x70, 0x0, 0x0, 0x0, 0x4f,
    0xff, 0x90, 0x0, 0x0, 0x2f, 0xf9, 0xff, 0x50,
    0x0, 0xc, 0xf7, 0x4, 0xff, 0x10, 0x0, 0x36,
    0x0, 0x4, 0x50, 0x0, 0x0, 0x0, 0x0, 0x0,
    0x0, 0xf, 0xff, 0xff, 0xe0, 0x0, 0x0, 0xff,
    0xff, 0xfe, 0x0, 0x0, 0x1, 0x11, 0xaf, 0xe0,
    0x0, 0x0, 0x0, 0xa, 0xfe, 0x0, 0x0, 0x0,
    0x0, 0xaf, 0xe0, 0x0, 0x0, 0x0, 0xa, 0xfe,
    0x0, 0x0, 0x0, 0x0, 0xaf, 0xe0, 0x0, 0x0,
    0x0, 0xa, 0xfe, 0x0, 0x0, 0x1, 0x11, 0xaf,
    0xe1, 0x11, 0x0, 0xff, 0xff, 0xff, 0xff, 0xf1,
    0xf, 0xff, 0xff, 0xff, 0xff, 0x10,

    /* U+00EF "ï" */
    0x0, 0x9f, 0xa0, 0x6f, 0xd0, 0x0, 0xe, 0xff,
    0xb, 0xff, 0x30, 0x0, 0x7d, 0x80, 0x5d, 0xb0,
    0x0, 0x0, 0x0, 0x0, 0x0, 0x0, 0xf, 0xff,
    0xff, 0xe0, 0x0, 0x0, 0xff, 0xff, 0xfe, 0x0,
    0x0, 0x1, 0x11, 0xaf, 0xe0, 0x0, 0x0, 0x0,
    0xa, 0xfe, 0x0, 0x0, 0x0, 0x0, 0xaf, 0xe0,
    0x0, 0x0, 0x0, 0xa, 0xfe, 0x0, 0x0, 0x0,
    0x0, 0xaf, 0xe0, 0x0, 0x0, 0x0, 0xa, 0xfe,
    0x0, 0x0, 0x1, 0x11, 0xaf, 0xe1, 0x11, 0x0,
    0xff, 0xff, 0xff, 0xff, 0xf1, 0xf, 0xff, 0xff,
    0xff, 0xff, 0x10,

    /* U+00F0 "ð" */
    0x0, 0x0, 0x0, 0x0, 0x10, 0x0, 0x0, 0x5d,
    0xff, 0x8a, 0xf3, 0x0, 0x0, 0x0, 0x9f, 0xff,
    0x40, 0x0, 0x0, 0x6, 0xfc, 0xef, 0xb0, 0x0,
    0x0, 0x1, 0x40, 0x2e, 0xf6, 0x0, 0x0, 0x1a,
    0xef, 0xa6, 0xfe, 0x0, 0x0, 0xdf, 0xff, 0xfd,
    0xdf, 0x60, 0x7, 0xff, 0x92, 0x29, 0xff, 0xb0,
    0xd, 0xfd, 0x0, 0x0, 0xdf, 0xe0, 0xf, 0xfa,
    0x0, 0x0, 0xaf, 0xf0, 0xf, 0xfa, 0x0, 0x0,
    0x9f, 0xf0, 0xf, 0xfa, 0x0, 0x0, 0xaf, 0xf0,
    0xb, 0xfd, 0x0, 0x0, 0xdf, 0xc0, 0x5, 0xff,
    0x92, 0x29, 0xff, 0x60, 0x0, 0xaf, 0xff, 0xff,
    0xfb, 0x0, 0x0, 0x6, 0xcf, 0xfd, 0x70, 0x0,

    /* U+00F1 "ñ" */
    0x4, 0xdf, 0xff, 0xff, 0x20, 0x1, 0xef, 0xff,
    0xfd, 0x50, 0x0, 0x0, 0x0, 0x0, 0x0, 0x0,
    0x0, 0x0, 0x0, 0x0, 0x8f, 0xf1, 0x8e, 0xfb,
    0x20, 0x8f, 0xf8, 0xff, 0xff, 0xd0, 0x8f, 0xfb,
    0x32, 0xbf, 0xf5, 0x8f, 0xf2, 0x0, 0x1f, 0xf8,
    0x8f, 0xf1, 0x0, 0xf, 0xf9, 0x8f, 0xf1, 0x0,
    0xf, 0xf9, 0x8f, 0xf1, 0x0, 0xf, 0xf9, 0x8f,
    0xf1, 0x0, 0xf, 0xf9, 0x8f, 0xf1, 0x0, 0xf,
    0xf9, 0x8f, 0xf1, 0x0, 0xf, 0xf9, 0x8f, 0xf1,
    0x0, 0xf, 0xf9,

    /* U+00F2 "ò" */
    0x0, 0x0, 0x34, 0x0, 0x0, 0x0, 0x0, 0x7,
    0xfe, 0x0, 0x0, 0x0, 0x0, 0x1, 0xff, 0x60,
    0x0, 0x0, 0x0, 0x0, 0x5f, 0xe0, 0x0, 0x0,
    0x0, 0x0, 0xa, 0xa1, 0x0, 0x0, 0x0, 0x0,
    0x0, 0x0, 0x0, 0x0, 0x0, 0x6, 0xcf, 0xfc,
    0x60, 0x0, 0x0, 0xaf, 0xff, 0xff, 0xfa, 0x0,
    0x5, 0xff, 0x92, 0x29, 0xff, 0x50, 0xc, 0xfd,
    0x0, 0x0, 0xdf, 0xc0, 0xf, 0xfa, 0x0, 0x0,
    0xaf, 0xf0, 0xf, 0xfa, 0x0, 0x0, 0xaf, 0xf0,
    0xf, 0xfa, 0x0, 0x0, 0xaf, 0xf0, 0xc, 0xfd,
    0x0, 0x0, 0xdf, 0xc0, 0x5, 0xff, 0x92, 0x29,
    0xff, 0x50, 0x0, 0xaf, 0xff, 0xff, 0xfa, 0x0,
    0x0, 0x6, 0xcf, 0xfc, 0x60, 0x0,

    /* U+00F3 "ó" */
    0x0, 0x0, 0x0, 0x43, 0x0, 0x0, 0x0, 0x0,
    0x0, 0xef, 0x70, 0x0, 0x0, 0x0, 0x6, 0xff,
    0x10, 0x0, 0x0, 0x0, 0xe, 0xf5, 0x0, 0x0,
    0x0, 0x0, 0x1a, 0xa0, 0x0, 0x0, 0x0, 0x0,
    0x0, 0x0, 0x0, 0x0, 0x0, 0x6, 0xcf, 0xfc,
    0x60, 0x0, 0x0, 0xaf, 0xff, 0xff, 0xfa, 0x0,
    0x5, 0xff, 0x92, 0x29, 0xff, 0x50, 0xc, 0xfd,
    0x0, 0x0, 0xdf, 0xc0, 0xf, 0xfa, 0x0, 0x0,
    0xaf, 0xf0, 0xf, 0xfa, 0x0, 0x0, 0xaf, 0xf0,
    0xf, 0xfa, 0x0, 0x0, 0xaf, 0xf0, 0xc, 0xfd,
    0x0, 0x0, 0xdf, 0xc0, 0x5, 0xff, 0x92, 0x29,
    0xff, 0x50, 0x0, 0xaf, 0xff, 0xff, 0xfa, 0x0,
    0x0, 0x6, 0xcf, 0xfc, 0x60, 0x0,

    /* U+00F4 "ô" */
    0x0, 0x0, 0x28, 0x82, 0x0, 0x0, 0x0, 0x0,
    0xdf, 0xfd, 0x0, 0x0, 0x0, 0xa, 0xfd, 0xef,
    0xa0, 0x0, 0x0, 0x6f, 0xd1, 0x2e, 0xf6, 0x0,
    0x0, 0x2b, 0x10, 0x2, 0xb1, 0x0, 0x0, 0x0,
    0x0, 0x0, 0x0, 0x0, 0x0, 0x6, 0xcf, 0xfc,
    0x60, 0x0, 0x0, 0xaf, 0xff, 0xff, 0xfa, 0x0,
    0x5, 0xff, 0x92, 0x29, 0xff, 0x50, 0xc, 0xfd,
    0x0, 0x0, 0xdf, 0xc0, 0xf, 0xfa, 0x0, 0x0,
    0xaf, 0xf0, 0xf, 0xfa, 0x0, 0x0, 0xaf, 0xf0,
    0xf, 0xfa, 0x0, 0x0, 0xaf, 0xf0, 0xc, 0xfd,
    0x0, 0x0, 0xdf, 0xc0, 0x5, 0xff, 0x92, 0x29,
    0xff, 0x50, 0x0, 0xaf, 0xff, 0xff, 0xfa, 0x0,
    0x0, 0x6, 0xcf, 0xfc, 0x60, 0x0,

    /* U+00F5 "õ" */
    0x0, 0x4d, 0xff, 0xff, 0xf2, 0x0, 0x0, 0x2e,
    0xff, 0xff, 0xd4, 0x0, 0x0, 0x0, 0x0, 0x0,
    0x0, 0x0, 0x0, 0x0, 0x0, 0x0, 0x0, 0x0,
    0x0, 0x6, 0xcf, 0xfc, 0x60, 0x0, 0x0, 0xaf,
    0xff, 0xff, 0xfa, 0x0, 0x5, 0xff, 0x92, 0x29,
    0xff, 0x50, 0xc, 0xfd, 0x0, 0x0, 0xdf, 0xc0,
    0xf, 0xfa, 0x0, 0x0, 0xaf, 0xf0, 0xf, 0xfa,
    0x0, 0x0, 0xaf, 0xf0, 0xf, 0xfa, 0x0, 0x0,
    0xaf, 0xf0, 0xc, 0xfd, 0x0, 0x0, 0xdf, 0xc0,
    0x5, 0xff, 0x92, 0x29, 0xff, 0x50, 0x0, 0xaf,
    0xff, 0xff, 0xfa, 0x0, 0x0, 0x6, 0xcf, 0xfc,
    0x60, 0x0,

    /* U+00F6 "ö" */
    0x0, 0x4e, 0xe2, 0x2e, 0xe4, 0x0, 0x0, 0x8f,
    0xf5, 0x5f, 0xf8, 0x0, 0x0, 0x3d, 0xc1, 0x1c,
    0xc3, 0x0, 0x0, 0x0, 0x0, 0x0, 0x0, 0x0,
    0x0, 0x6, 0xcf, 0xfc, 0x60, 0x0, 0x0, 0xaf,
    0xff, 0xff, 0xfa, 0x0, 0x5, 0xff, 0x92, 0x29,
    0xff, 0x50, 0xc, 0xfd, 0x0, 0x0, 0xdf, 0xc0,
    0xf, 0xfa, 0x0, 0x0, 0xaf, 0xf0, 0xf, 0xfa,
    0x0, 0x0, 0xaf, 0xf0, 0xf, 0xfa, 0x0, 0x0,
    0xaf, 0xf0, 0xc, 0xfd, 0x0, 0x0, 0xdf, 0xc0,
    0x5, 0xff, 0x92, 0x29, 0xff, 0x50, 0x0, 0xaf,
    0xff, 0xff, 0xfa, 0x0, 0x0, 0x6, 0xcf, 0xfc,
    0x60, 0x0,

    /* U+00F7 "÷" */
    0x0, 0x0, 0x0, 0x0, 0x0, 0x0, 0x5, 0xff,
    0x50, 0x0, 0x0, 0x9, 0xff, 0x90, 0x0, 0x0,
    0x4, 0xee, 0x40, 0x0, 0x0, 0x0, 0x0, 0x0,
    0x0, 0xcf, 0xff, 0xff, 0xff, 0xfc, 0xcf, 0xff,
    0xff, 0xff, 0xfc, 0x12, 0x22, 0x22, 0x22, 0x21,
    0x0, 0x0, 0x0, 0x0, 0x0, 0x0, 0x5, 0xff,
    0x50, 0x0, 0x0, 0x9, 0xff, 0x90, 0x0, 0x0,
    0x4, 0xee, 0x40, 0x0,

    /* U+00F8 "ø" */
    0x0, 0x0, 0x0, 0x0, 0x4, 0x70, 0x0, 0x6,
    0xcf, 0xec, 0x6f, 0xf2, 0x0, 0xaf, 0xff, 0xff,
    0xff, 0x60, 0x5, 0xff, 0x92, 0x1d, 0xff, 0x50,
    0xc, 0xfd, 0x0, 0x6f, 0xff, 0xc0, 0xf, 0xfa,
    0x3, 0xfc, 0xaf, 0xf0, 0xf, 0xfa, 0x1e, 0xe1,
    0xaf, 0xf0, 0xf, 0xfa, 0xcf, 0x30, 0xaf, 0xf0,
    0xc, 0xff, 0xf6, 0x0, 0xdf, 0xc0, 0x5, 0xff,
    0xd1, 0x29, 0xff, 0x50, 0x6, 0xff, 0xff, 0xff,
    0xfa, 0x0, 0x2f, 0xf6, 0xcf, 0xfc, 0x60, 0x0,
    0x7, 0x40, 0x0, 0x0, 0x0, 0x0,

    /* U+00F9 "ù" */
    0x0, 0x7, 0x70, 0x0, 0x0, 0x0, 0x8f, 0xf1,
    0x0, 0x0, 0x0, 0xd, 0xf8, 0x0, 0x0, 0x0,
    0x3, 0xff, 0x10, 0x0, 0x0, 0x0, 0x66, 0x0,
    0x0, 0x0, 0x0, 0x0, 0x0, 0x0, 0x9f, 0xf0,
    0x0, 0x1f, 0xf8, 0x9f, 0xf0, 0x0, 0x1f, 0xf8,
    0x9f, 0xf0, 0x0, 0x1f, 0xf8, 0x9f, 0xf0, 0x0,
    0x1f, 0xf8, 0x9f, 0xf0, 0x0, 0x1f, 0xf8, 0x9f,
    0xf0, 0x0, 0x1f, 0xf8, 0x9f, 0xf0, 0x0, 0x1f,
    0xf8, 0x8f, 0xf1, 0x0, 0x2f, 0xf8, 0x5f, 0xfb,
    0x23, 0xbf, 0xf8, 0xe, 0xff, 0xff, 0x8f, 0xf8,
    0x2, 0xbf, 0xe8, 0x1f, 0xf8,

    /* U+00FA "ú" */
    0x0, 0x0, 0x8, 0x60, 0x0, 0x0, 0x0, 0x1f,
    0xf8, 0x0, 0x0, 0x0, 0x9f, 0xd0, 0x0, 0x0,
    0x1, 0xff, 0x20, 0x0, 0x0, 0x0, 0x66, 0x0,
    0x0, 0x0, 0x0, 0x0, 0x0, 0x0, 0x9f, 0xf0,
    0x0, 0x1f, 0xf8, 0x9f, 0xf0, 0x0, 0x1f, 0xf8,
    0x9f, 0xf0, 0x0, 0x1f, 0xf8, 0x9f, 0xf0, 0x0,
    0x1f, 0xf8, 0x9f, 0xf0, 0x0, 0x1f, 0xf8, 0x9f,
    0xf0, 0x0, 0x1f, 0xf8, 0x9f, 0xf0, 0x0, 0x1f,
    0xf8, 0x8f, 0xf1, 0x0, 0x2f, 0xf8, 0x5f, 0xfb,
    0x23, 0xbf, 0xf8, 0xe, 0xff, 0xff, 0x8f, 0xf8,
    0x2, 0xbf, 0xe8, 0x1f, 0xf8,

    /* U+00FB "û" */
    0x0, 0x3, 0x88, 0x20, 0x0, 0x0, 0x1e, 0xff,
    0xd0, 0x0, 0x0, 0xbf, 0xcd, 0xfb, 0x0, 0x7,
    0xfc, 0x1, 0xdf, 0x60, 0x0, 0x80, 0x0, 0x18,
    0x0, 0x0, 0x0, 0x0, 0x0, 0x0, 0x9f, 0xf0,
    0x0, 0x1f, 0xf8, 0x9f, 0xf0, 0x0, 0x1f, 0xf8,
    0x9f, 0xf0, 0x0, 0x1f, 0xf8, 0x9f, 0xf0, 0x0,
    0x1f, 0xf8, 0x9f, 0xf0, 0x0, 0x1f, 0xf8, 0x9f,
    0xf0, 0x0, 0x1f, 0xf8, 0x9f, 0xf0, 0x0, 0x1f,
    0xf8, 0x8f, 0xf1, 0x0, 0x2f, 0xf8, 0x5f, 0xfb,
    0x23, 0xbf, 0xf8, 0xe, 0xff, 0xff, 0x8f, 0xf8,
    0x2, 0xbf, 0xe8, 0x1f, 0xf8,

    /* U+00FC "ü" */
    0x4, 0xfd, 0x22, 0xee, 0x40, 0x9, 0xff, 0x55,
    0xff, 0x80, 0x3, 0xdc, 0x11, 0xcc, 0x30, 0x0,
    0x0, 0x0, 0x0, 0x0, 0x9f, 0xf0, 0x0, 0x1f,
    0xf8, 0x9f, 0xf0, 0x0, 0x1f, 0xf8, 0x9f, 0xf0,
    0x0, 0x1f, 0xf8, 0x9f, 0xf0, 0x0, 0x1f, 0xf8,
    0x9f, 0xf0, 0x0, 0x1f, 0xf8, 0x9f, 0xf0, 0x0,
    0x1f, 0xf8, 0x9f, 0xf0, 0x0, 0x1f, 0xf8, 0x8f,
    0xf1, 0x0, 0x2f, 0xf8, 0x5f, 0xfb, 0x23, 0xbf,
    0xf8, 0xe, 0xff, 0xff, 0x8f, 0xf8, 0x2, 0xbf,
    0xe8, 0x1f, 0xf8,

    /* U+00FD "ý" */
    0x0, 0x0, 0x0, 0x77, 0x0, 0x0, 0x0, 0x0,
    0x1, 0xff, 0x80, 0x0, 0x0, 0x0, 0x8, 0xfd,
    0x0, 0x0, 0x0, 0x0, 0x1f, 0xf3, 0x0, 0x0,
    0x0, 0x0, 0x6, 0x60, 0x0, 0x0, 0x0, 0x0,
    0x0, 0x0, 0x0, 0x0, 0x3f, 0xf7, 0x0, 0x0,
    0x5f, 0xf3, 0xd, 0xfd, 0x0, 0x0, 0xbf, 0xd0,
    0x7, 0xff, 0x20, 0x1, 0xff, 0x70, 0x1, 0xff,
    0x80, 0x6, 0xff, 0x10, 0x0, 0xaf, 0xd0, 0xc,
    0xfa, 0x0, 0x0, 0x4f, 0xf2, 0x1f, 0xf4, 0x0,
    0x0, 0xe, 0xf8, 0x6f, 0xe0, 0x0, 0x0, 0x8,
    0xfd, 0xbf, 0x80, 0x0, 0x0, 0x2, 0xff, 0xff,
    0x20, 0x0, 0x0, 0x0, 0xbf, 0xfb, 0x0, 0x0,
    0x0, 0x0, 0x6f, 0xf5, 0x0, 0x0, 0x0, 0x0,
    0x8f, 0xe0, 0x0, 0x0, 0x0, 0x11, 0xef, 0x90,
    0x0, 0x0, 0x8, 0xff, 0xff, 0x10, 0x0, 0x0,
    0x8, 0xff, 0xc4, 0x0, 0x0, 0x0,

    /* U+00FE "þ" */
    0xaf, 0xf0, 0x0, 0x0, 0x0, 0xa, 0xff, 0x0,
    0x0, 0x0, 0x0, 0xaf, 0xf0, 0x0, 0x0, 0x0,
    0xa, 0xff, 0x0, 0x0, 0x0, 0x0, 0xaf, 0xf0,
    0x8e, 0xfb, 0x30, 0xa, 0xff, 0x8f, 0xff, 0xff,
    0x20, 0xaf, 0xfa, 0x33, 0x9f, 0xf9, 0xa, 0xff,
    0x0, 0x0, 0xdf, 0xe0, 0xaf, 0xf0, 0x0, 0x9,
    0xff, 0xa, 0xff, 0x0, 0x0, 0x9f, 0xf1, 0xaf,
    0xf0, 0x0, 0x9, 0xff, 0xa, 0xff, 0x0, 0x0,
    0xdf, 0xe0, 0xaf, 0xfa, 0x33, 0x9f, 0xf9, 0xa,
    0xff, 0x8f, 0xff, 0xff, 0x20, 0xaf, 0xf0, 0x8e,
    0xfb, 0x30, 0xa, 0xff, 0x0, 0x0, 0x0, 0x0,
    0xaf, 0xf0, 0x0, 0x0, 0x0, 0xa, 0xff, 0x0,
    0x0, 0x0, 0x0, 0xaf, 0xf0, 0x0, 0x0, 0x0,
    0x0,

    /* U+00FF "ÿ" */
    0x0, 0x4e, 0xe2, 0x2e, 0xf4, 0x0, 0x0, 0x8f,
    0xf5, 0x5f, 0xf9, 0x0, 0x0, 0x3c, 0xc1, 0x1c,
    0xd3, 0x0, 0x0, 0x0, 0x0, 0x0, 0x0, 0x0,
    0x3f, 0xf7, 0x0, 0x0, 0x5f, 0xf3, 0xd, 0xfd,
    0x0, 0x0, 0xbf, 0xd0, 0x7, 0xff, 0x20, 0x1,
    0xff, 0x70, 0x1, 0xff, 0x80, 0x6, 0xff, 0x10,
    0x0, 0xaf, 0xd0, 0xc, 0xfa, 0x0, 0x0, 0x4f,
    0xf2, 0x1f, 0xf4, 0x0, 0x0, 0xe, 0xf8, 0x6f,
    0xe0, 0x0, 0x0, 0x8, 0xfd, 0xbf, 0x80, 0x0,
    0x0, 0x2, 0xff, 0xff, 0x20, 0x0, 0x0, 0x0,
    0xbf, 0xfb, 0x0, 0x0, 0x0, 0x0, 0x6f, 0xf5,
    0x0, 0x0, 0x0, 0x0, 0x8f, 0xe0, 0x0, 0x0,
    0x0, 0x11, 0xef, 0x90, 0x0, 0x0, 0x8, 0xff,
    0xff, 0x10, 0x0, 0x0, 0x8, 0xff, 0xc4, 0x0,
    0x0, 0x0,

    /* U+2018 "‘" */
    0x0, 0x2f, 0xe0, 0x8, 0xfb, 0x0, 0xef, 0x80,
    0x5f, 0xf6, 0xc, 0xff, 0x32, 0xff, 0xf0, 0x37,
    0x77, 0x0,

    /* U+2019 "’" */
    0xf, 0xff, 0x52, 0xff, 0xe0, 0x4f, 0xf8, 0x7,
    0xff, 0x20, 0xaf, 0xb0, 0xd, 0xf5, 0x0, 0x77,
    0x0, 0x0,

    /* U+201A "‚" */
    0x2, 0x77, 0x70, 0x7, 0xff, 0xc0, 0xa, 0xff,
    0x50, 0xc, 0xfe, 0x0, 0xf, 0xf8, 0x0, 0x2f,
    0xf2, 0x0, 0x5f, 0xb0, 0x0,

    /* U+201C "“" */
    0x0, 0x9, 0xf6, 0x0, 0x9f, 0x70, 0x0, 0xff,
    0x40, 0xf, 0xf4, 0x0, 0x6f, 0xf1, 0x6, 0xff,
    0x10, 0xd, 0xfe, 0x0, 0xcf, 0xf0, 0x3, 0xff,
    0xc0, 0x3f, 0xfc, 0x0, 0x9f, 0xf9, 0x9, 0xff,
    0x90, 0x7, 0x77, 0x30, 0x67, 0x73, 0x0,

    /* U+201D "”" */
    0x6, 0xff, 0xe0, 0x6f, 0xfe, 0x0, 0x9f, 0xf7,
    0x9, 0xff, 0x80, 0xc, 0xff, 0x10, 0xbf, 0xf1,
    0x0, 0xef, 0xa0, 0xe, 0xfb, 0x0, 0x1f, 0xf4,
    0x1, 0xff, 0x40, 0x4, 0xfd, 0x0, 0x4f, 0xe0,
    0x0, 0x37, 0x40, 0x2, 0x74, 0x0, 0x0,

    /* U+2022 "•" */
    0x7, 0xbb, 0x70, 0x9f, 0xff, 0xf8, 0xdf, 0xff,
    0xfd, 0xdf, 0xff, 0xfd, 0xaf, 0xff, 0xfa, 0x1b,
    0xee, 0xb1,

    /* U+2026 "…" */
    0x0, 0x0, 0x0, 0x0, 0x0, 0x0, 0x2e, 0xf3,
    0x3f, 0xf3, 0x3f, 0xe2, 0x4f, 0xf7, 0x6f, 0xf6,
    0x7f, 0xf4, 0x1e, 0xe3, 0x2e, 0xe2, 0x3e, 0xe1
};


/*---------------------
 *  GLYPH DESCRIPTION
 *--------------------*/

static const lv_font_fmt_txt_glyph_dsc_t glyph_dsc[] = {
    {.bitmap_index = 0, .adv_w = 0, .box_w = 0, .box_h = 0, .ofs_x = 0, .ofs_y = 0} /* id = 0 reserved */,
    {.bitmap_index = 0, .adv_w = 192, .box_w = 0, .box_h = 0, .ofs_x = 0, .ofs_y = 0},
    {.bitmap_index = 0, .adv_w = 192, .box_w = 4, .box_h = 15, .ofs_x = 4, .ofs_y = 0},
    {.bitmap_index = 30, .adv_w = 192, .box_w = 8, .box_h = 7, .ofs_x = 2, .ofs_y = 8},
    {.bitmap_index = 58, .adv_w = 192, .box_w = 12, .box_h = 15, .ofs_x = 0, .ofs_y = 0},
    {.bitmap_index = 148, .adv_w = 192, .box_w = 12, .box_h = 20, .ofs_x = 0, .ofs_y = -2},
    {.bitmap_index = 268, .adv_w = 192, .box_w = 12, .box_h = 15, .ofs_x = 0, .ofs_y = 0},
    {.bitmap_index = 358, .adv_w = 192, .box_w = 12, .box_h = 15, .ofs_x = 0, .ofs_y = 0},
    {.bitmap_index = 448, .adv_w = 192, .box_w = 4, .box_h = 7, .ofs_x = 4, .ofs_y = 8},
    {.bitmap_index = 462, .adv_w = 192, .box_w = 8, .box_h = 19, .ofs_x = 3, .ofs_y = -4},
    {.bitmap_index = 538, .adv_w = 192, .box_w = 8, .box_h = 19, .ofs_x = 1, .ofs_y = -4},
    {.bitmap_index = 614, .adv_w = 192, .box_w = 12, .box_h = 11, .ofs_x = 0, .ofs_y = 0},
    {.bitmap_index = 680, .adv_w = 192, .box_w = 10, .box_h = 11, .ofs_x = 1, .ofs_y = 1},
    {.bitmap_index = 735, .adv_w = 192, .box_w = 6, .box_h = 7, .ofs_x = 3, .ofs_y = -3},
    {.bitmap_index = 756, .adv_w = 192, .box_w = 8, .box_h = 3, .ofs_x = 2, .ofs_y = 5},
    {.bitmap_index = 768, .adv_w = 192, .box_w = 4, .box_h = 4, .ofs_x = 4, .ofs_y = 0},
    {.bitmap_index = 776, .adv_w = 192, .box_w = 10, .box_h = 19, .ofs_x = 1, .ofs_y = -4},
    {.bitmap_index = 871, .adv_w = 192, .box_w = 12, .box_h = 15, .ofs_x = 0, .ofs_y = 0},
    {.bitmap_index = 961, .adv_w = 192, .box_w = 12, .box_h = 15, .ofs_x = 0, .ofs_y = 0},
    {.bitmap_index = 1051, .adv_w = 192, .box_w = 11, .box_h = 15, .ofs_x = 0, .ofs_y = 0},
    {.bitmap_index = 1134, .adv_w = 192, .box_w = 11, .box_h = 15, .ofs_x = 0, .ofs_y = 0},
    {.bitmap_index = 1217, .adv_w = 192, .box_w = 12, .box_h = 15, .ofs_x = 0, .ofs_y = 0},
    {.bitmap_index = 1307, .adv_w = 192, .box_w = 11, .box_h = 15, .ofs_x = 1, .ofs_y = 0},
    {.bitmap_index = 1390, .adv_w = 192, .box_w = 12, .box_h = 15, .ofs_x = 0, .ofs_y = 0},
    {.bitmap_index = 1480, .adv_w = 192, .box_w = 10, .box_h = 15, .ofs_x = 1, .ofs_y = 0},
    {.bitmap_index = 1555, .adv_w = 192, .box_w = 12, .box_h = 15, .ofs_x = 0, .ofs_y = 0},
    {.bitmap_index = 1645, .adv_w = 192, .box_w = 12, .box_h = 15, .ofs_x = 0, .ofs_y = 0},
    {.bitmap_index = 1735, .adv_w = 192, .box_w = 4, .box_h = 11, .ofs_x = 4, .ofs_y = 0},
    {.bitmap_index = 1757, .adv_w = 192, .box_w = 6, .box_h = 14, .ofs_x = 3, .ofs_y = -3},
    {.bitmap_index = 1799, .adv_w = 192, .box_w = 10, .box_h = 13, .ofs_x = 1, .ofs_y = 0},
    {.bitmap_index = 1864, .adv_w = 192, .box_w = 10, .box_h = 7, .ofs_x = 1, .ofs_y = 3},
    {.bitmap_index = 1899, .adv_w = 192, .box_w = 10, .box_h = 13, .ofs_x = 1, .ofs_y = 0},
    {.bitmap_index = 1964, .adv_w = 192, .box_w = 10, .box_h = 15, .ofs_x = 1, .ofs_y = 0},
    {.bitmap_index = 2039, .adv_w = 192, .box_w = 11, .box_h = 17, .ofs_x = 0, .ofs_y = -2},
    {.bitmap_index = 2133, .adv_w = 192, .box_w = 12, .box_h = 15, .ofs_x = 0, .ofs_y = 0},
    {.bitmap_index = 2223, .adv_w = 192, .box_w = 11, .box_h = 15, .ofs_x = 1, .ofs_y = 0},
    {.bitmap_index = 2306, .adv_w = 192, .box_w = 11, .box_h = 15, .ofs_x = 1, .ofs_y = 0},
    {.bitmap_index = 2389, .adv_w = 192, .box_w = 11, .box_h = 15, .ofs_x = 1, .ofs_y = 0},
    {.bitmap_index = 2472, .adv_w = 192, .box_w = 10, .box_h = 15, .ofs_x = 1, .ofs_y = 0},
    {.bitmap_index = 2547, .adv_w = 192, .box_w = 10, .box_h = 15, .ofs_x = 1, .ofs_y = 0},
    {.bitmap_index = 2622, .adv_w = 192, .box_w = 11, .box_h = 15, .ofs_x = 0, .ofs_y = 0},
    {.bitmap_index = 2705, .adv_w = 192, .box_w = 10, .box_h = 15, .ofs_x = 1, .ofs_y = 0},
    {.bitmap_index = 2780, .adv_w = 192, .box_w = 10, .box_h = 15, .ofs_x = 1, .ofs_y = 0},
    {.bitmap_index = 2855, .adv_w = 192, .box_w = 11, .box_h = 15, .ofs_x = 0, .ofs_y = 0},
    {.bitmap_index = 2938, .adv_w = 192, .box_w = 11, .box_h = 15, .ofs_x = 1, .ofs_y = 0},
    {.bitmap_index = 3021, .adv_w = 192, .box_w = 9, .box_h = 15, .ofs_x = 2, .ofs_y = 0},
    {.bitmap_index = 3089, .adv_w = 192, .box_w = 12, .box_h = 15, .ofs_x = 0, .ofs_y = 0},
    {.bitmap_index = 3179, .adv_w = 192, .box_w = 10, .box_h = 15, .ofs_x = 1, .ofs_y = 0},
    {.bitmap_index = 3254, .adv_w = 192, .box_w = 12, .box_h = 15, .ofs_x = 0, .ofs_y = 0},
    {.bitmap_index = 3344, .adv_w = 192, .box_w = 11, .box_h = 15, .ofs_x = 1, .ofs_y = 0},
    {.bitmap_index = 3427, .adv_w = 192, .box_w = 12, .box_h = 19, .ofs_x = 0, .ofs_y = -4},
    {.bitmap_index = 3541, .adv_w = 192, .box_w = 11, .box_h = 15, .ofs_x = 1, .ofs_y = 0},
    {.bitmap_index = 3624, .adv_w = 192, .box_w = 12, .box_h = 15, .ofs_x = 0, .ofs_y = 0},
    {.bitmap_index = 3714, .adv_w = 192, .box_w = 12, .box_h = 15, .ofs_x = 0, .ofs_y = 0},
    {.bitmap_index = 3804, .adv_w = 192, .box_w = 10, .box_h = 15, .ofs_x = 1, .ofs_y = 0},
    {.bitmap_index = 3879, .adv_w = 192, .box_w = 12, .box_h = 15, .ofs_x = 0, .ofs_y = 0},
    {.bitmap_index = 3969, .adv_w = 192, .box_w = 12, .box_h = 15, .ofs_x = 0, .ofs_y = 0},
    {.bitmap_index = 4059, .adv_w = 192, .box_w = 12, .box_h = 15, .ofs_x = 0, .ofs_y = 0},
    {.bitmap_index = 4149, .adv_w = 192, .box_w = 12, .box_h = 15, .ofs_x = 0, .ofs_y = 0},
    {.bitmap_index = 4239, .adv_w = 192, .box_w = 12, .box_h = 15, .ofs_x = 0, .ofs_y = 0},
    {.bitmap_index = 4329, .adv_w = 192, .box_w = 8, .box_h = 19, .ofs_x = 3, .ofs_y = -4},
    {.bitmap_index = 4405, .adv_w = 192, .box_w = 10, .box_h = 19, .ofs_x = 1, .ofs_y = -4},
    {.bitmap_index = 4500, .adv_w = 192, .box_w = 8, .box_h = 19, .ofs_x = 1, .ofs_y = -4},
    {.bitmap_index = 4576, .adv_w = 192, .box_w = 12, .box_h = 10, .ofs_x = 0, .ofs_y = 5},
    {.bitmap_index = 4636, .adv_w = 192, .box_w = 10, .box_h = 3, .ofs_x = 1, .ofs_y = -4},
    {.bitmap_index = 4651, .adv_w = 192, .box_w = 5, .box_h = 6, .ofs_x = 3, .ofs_y = 11},
    {.bitmap_index = 4666, .adv_w = 192, .box_w = 11, .box_h = 11, .ofs_x = 1, .ofs_y = 0},
    {.bitmap_index = 4727, .adv_w = 192, .box_w = 11, .box_h = 15, .ofs_x = 1, .ofs_y = 0},
    {.bitmap_index = 4810, .adv_w = 192, .box_w = 10, .box_h = 11, .ofs_x = 1, .ofs_y = 0},
    {.bitmap_index = 4865, .adv_w = 192, .box_w = 11, .box_h = 15, .ofs_x = 0, .ofs_y = 0},
    {.bitmap_index = 4948, .adv_w = 192, .box_w = 10, .box_h = 11, .ofs_x = 1, .ofs_y = 0},
    {.bitmap_index = 5003, .adv_w = 192, .box_w = 11, .box_h = 15, .ofs_x = 1, .ofs_y = 0},
    {.bitmap_index = 5086, .adv_w = 192, .box_w = 11, .box_h = 17, .ofs_x = 1, .ofs_y = -4},
    {.bitmap_index = 5180, .adv_w = 192, .box_w = 10, .box_h = 15, .ofs_x = 1, .ofs_y = 0},
    {.bitmap_index = 5255, .adv_w = 192, .box_w = 11, .box_h = 15, .ofs_x = 1, .ofs_y = 0},
    {.bitmap_index = 5338, .adv_w = 192, .box_w = 9, .box_h = 19, .ofs_x = 1, .ofs_y = -4},
    {.bitmap_index = 5424, .adv_w = 192, .box_w = 11, .box_h = 15, .ofs_x = 1, .ofs_y = 0},
    {.bitmap_index = 5507, .adv_w = 192, .box_w = 10, .box_h = 15, .ofs_x = 1, .ofs_y = 0},
    {.bitmap_index = 5582, .adv_w = 192, .box_w = 12, .box_h = 11, .ofs_x = 0, .ofs_y = 0},
    {.bitmap_index = 5648, .adv_w = 192, .box_w = 10, .box_h = 11, .ofs_x = 1, .ofs_y = 0},
    {.bitmap_index = 5703, .adv_w = 192, .box_w = 12, .box_h = 11, .ofs_x = 0, .ofs_y = 0},
    {.bitmap_index = 5769, .adv_w = 192, .box_w = 11, .box_h = 15, .ofs_x = 1, .ofs_y = -4},
    {.bitmap_index = 5852, .adv_w = 192, .box_w = 11, .box_h = 15, .ofs_x = 0, .ofs_y = -4},
    {.bitmap_index = 5935, .adv_w = 192, .box_w = 11, .box_h = 11, .ofs_x = 1, .ofs_y = 0},
    {.bitmap_index = 5996, .adv_w = 192, .box_w = 10, .box_h = 11, .ofs_x = 1, .ofs_y = 0},
    {.bitmap_index = 6051, .adv_w = 192, .box_w = 11, .box_h = 15, .ofs_x = 0, .ofs_y = 0},
    {.bitmap_index = 6134, .adv_w = 192, .box_w = 10, .box_h = 11, .ofs_x = 1, .ofs_y = 0},
    {.bitmap_index = 6189, .adv_w = 192, .box_w = 12, .box_h = 11, .ofs_x = 0, .ofs_y = 0},
    {.bitmap_index = 6255, .adv_w = 192, .box_w = 12, .box_h = 11, .ofs_x = 0, .ofs_y = 0},
    {.bitmap_index = 6321, .adv_w = 192, .box_w = 12, .box_h = 11, .ofs_x = 0, .ofs_y = 0},
    {.bitmap_index = 6387, .adv_w = 192, .box_w = 12, .box_h = 15, .ofs_x = 0, .ofs_y = -4},
    {.bitmap_index = 6477, .adv_w = 192, .box_w = 10, .box_h = 11, .ofs_x = 1, .ofs_y = 0},
    {.bitmap_index = 6532, .adv_w = 192, .box_w = 10, .box_h = 19, .ofs_x = 1, .ofs_y = -4},
    {.bitmap_index = 6627, .adv_w = 192, .box_w = 4, .box_h = 19, .ofs_x = 4, .ofs_y = -4},
    {.bitmap_index = 6665, .adv_w = 192, .box_w = 10, .box_h = 19, .ofs_x = 1, .ofs_y = -4},
    {.bitmap_index = 6760, .adv_w = 192, .box_w = 12, .box_h = 6, .ofs_x = 0, .ofs_y = 4},
    {.bitmap_index = 6796, .adv_w = 192, .box_w = 0, .box_h = 0, .ofs_x = 0, .ofs_y = 0},
    {.bitmap_index = 6796, .adv_w = 192, .box_w = 4, .box_h = 15, .ofs_x = 4, .ofs_y = -4},
    {.bitmap_index = 6826, .adv_w = 192, .box_w = 10, .box_h = 16, .ofs_x = 1, .ofs_y = -2},
    {.bitmap_index = 6906, .adv_w = 192, .box_w = 12, .box_h = 15, .ofs_x = 0, .ofs_y = 0},
    {.bitmap_index = 6996, .adv_w = 192, .box_w = 10, .box_h = 14, .ofs_x = 1, .ofs_y = 0},
    {.bitmap_index = 7066, .adv_w = 192, .box_w = 12, .box_h = 15, .ofs_x = 0, .ofs_y = 0},
    {.bitmap_index = 7156, .adv_w = 192, .box_w = 4, .box_h = 19, .ofs_x = 4, .ofs_y = -4},
    {.bitmap_index = 7194, .adv_w = 192, .box_w = 10, .box_h = 18, .ofs_x = 1, .ofs_y = -3},
    {.bitmap_index = 7284, .adv_w = 192, .box_w = 8, .box_h = 3, .ofs_x = 2, .ofs_y = 12},
    {.bitmap_index = 7296, .adv_w = 192, .box_w = 12, .box_h = 15, .ofs_x = 0, .ofs_y = 0},
    {.bitmap_index = 7386, .adv_w = 192, .box_w = 8, .box_h = 7, .ofs_x = 2, .ofs_y = 7},
    {.bitmap_index = 7414, .adv_w = 192, .box_w = 10, .box_h = 11, .ofs_x = 1, .ofs_y = 0},
    {.bitmap_index = 7469, .adv_w = 192, .box_w = 10, .box_h = 7, .ofs_x = 1, .ofs_y = 1},
    {.bitmap_index = 7504, .adv_w = 192, .box_w = 8, .box_h = 3, .ofs_x = 2, .ofs_y = 5},
    {.bitmap_index = 7516, .adv_w = 192, .box_w = 8, .box_h = 8, .ofs_x = 2, .ofs_y = 7},
    {.bitmap_index = 7548, .adv_w = 192, .box_w = 6, .box_h = 2, .ofs_x = 3, .ofs_y = 13},
    {.bitmap_index = 7554, .adv_w = 192, .box_w = 8, .box_h = 8, .ofs_x = 2, .ofs_y = 7},
    {.bitmap_index = 7586, .adv_w = 192, .box_w = 10, .box_h = 13, .ofs_x = 1, .ofs_y = 0},
    {.bitmap_index = 7651, .adv_w = 192, .box_w = 6, .box_h = 7, .ofs_x = 3, .ofs_y = 7},
    {.bitmap_index = 7672, .adv_w = 192, .box_w = 7, .box_h = 7, .ofs_x = 2, .ofs_y = 7},
    {.bitmap_index = 7697, .adv_w = 192, .box_w = 5, .box_h = 6, .ofs_x = 4, .ofs_y = 11},
    {.bitmap_index = 7712, .adv_w = 192, .box_w = 10, .box_h = 15, .ofs_x = 1, .ofs_y = -4},
    {.bitmap_index = 7787, .adv_w = 192, .box_w = 11, .box_h = 18, .ofs_x = 0, .ofs_y = -3},
    {.bitmap_index = 7886, .adv_w = 192, .box_w = 4, .box_h = 4, .ofs_x = 4, .ofs_y = 4},
    {.bitmap_index = 7894, .adv_w = 192, .box_w = 6, .box_h = 6, .ofs_x = 3, .ofs_y = -5},
    {.bitmap_index = 7912, .adv_w = 192, .box_w = 7, .box_h = 7, .ofs_x = 3, .ofs_y = 7},
    {.bitmap_index = 7937, .adv_w = 192, .box_w = 8, .box_h = 7, .ofs_x = 2, .ofs_y = 7},
    {.bitmap_index = 7965, .adv_w = 192, .box_w = 10, .box_h = 11, .ofs_x = 1, .ofs_y = 0},
    {.bitmap_index = 8020, .adv_w = 192, .box_w = 12, .box_h = 15, .ofs_x = 0, .ofs_y = 0},
    {.bitmap_index = 8110, .adv_w = 192, .box_w = 12, .box_h = 16, .ofs_x = 0, .ofs_y = -1},
    {.bitmap_index = 8206, .adv_w = 192, .box_w = 12, .box_h = 16, .ofs_x = 0, .ofs_y = 0},
    {.bitmap_index = 8302, .adv_w = 192, .box_w = 10, .box_h = 15, .ofs_x = 1, .ofs_y = -4},
    {.bitmap_index = 8377, .adv_w = 192, .box_w = 12, .box_h = 21, .ofs_x = 0, .ofs_y = 0},
    {.bitmap_index = 8503, .adv_w = 192, .box_w = 12, .box_h = 21, .ofs_x = 0, .ofs_y = 0},
    {.bitmap_index = 8629, .adv_w = 192, .box_w = 12, .box_h = 20, .ofs_x = 0, .ofs_y = 0},
    {.bitmap_index = 8749, .adv_w = 192, .box_w = 12, .box_h = 19, .ofs_x = 0, .ofs_y = 0},
    {.bitmap_index = 8863, .adv_w = 192, .box_w = 12, .box_h = 19, .ofs_x = 0, .ofs_y = 0},
    {.bitmap_index = 8977, .adv_w = 192, .box_w = 12, .box_h = 22, .ofs_x = 0, .ofs_y = 0},
    {.bitmap_index = 9109, .adv_w = 192, .box_w = 12, .box_h = 15, .ofs_x = 0, .ofs_y = 0},
    {.bitmap_index = 9199, .adv_w = 192, .box_w = 11, .box_h = 19, .ofs_x = 1, .ofs_y = -4},
    {.bitmap_index = 9304, .adv_w = 192, .box_w = 10, .box_h = 21, .ofs_x = 1, .ofs_y = 0},
    {.bitmap_index = 9409, .adv_w = 192, .box_w = 10, .box_h = 21, .ofs_x = 1, .ofs_y = 0},
    {.bitmap_index = 9514, .adv_w = 192, .box_w = 10, .box_h = 20, .ofs_x = 1, .ofs_y = 0},
    {.bitmap_index = 9614, .adv_w = 192, .box_w = 10, .box_h = 19, .ofs_x = 1, .ofs_y = 0},
    {.bitmap_index = 9709, .adv_w = 192, .box_w = 10, .box_h = 21, .ofs_x = 1, .ofs_y = 0},
    {.bitmap_index = 9814, .adv_w = 192, .box_w = 10, .box_h = 21, .ofs_x = 1, .ofs_y = 0},
    {.bitmap_index = 9919, .adv_w = 192, .box_w = 10, .box_h = 20, .ofs_x = 1, .ofs_y = 0},
    {.bitmap_index = 10019, .adv_w = 192, .box_w = 10, .box_h = 19, .ofs_x = 1, .ofs_y = 0},
    {.bitmap_index = 10114, .adv_w = 192, .box_w = 12, .box_h = 15, .ofs_x = 0, .ofs_y = 0},
    {.bitmap_index = 10204, .adv_w = 192, .box_w = 10, .box_h = 19, .ofs_x = 1, .ofs_y = 0},
    {.bitmap_index = 10299, .adv_w = 192, .box_w = 12, .box_h = 21, .ofs_x = 0, .ofs_y = 0},
    {.bitmap_index = 10425, .adv_w = 192, .box_w = 12, .box_h = 21, .ofs_x = 0, .ofs_y = 0},
    {.bitmap_index = 10551, .adv_w = 192, .box_w = 12, .box_h = 20, .ofs_x = 0, .ofs_y = 0},
    {.bitmap_index = 10671, .adv_w = 192, .box_w = 12, .box_h = 19, .ofs_x = 0, .ofs_y = 0},
    {.bitmap_index = 10785, .adv_w = 192, .box_w = 12, .box_h = 19, .ofs_x = 0, .ofs_y = 0},
    {.bitmap_index = 10899, .adv_w = 192, .box_w = 10, .box_h = 11, .ofs_x = 1, .ofs_y = 1},
    {.bitmap_index = 10954, .adv_w = 192, .box_w = 12, .box_h = 17, .ofs_x = 0, .ofs_y = -1},
    {.bitmap_index = 11056, .adv_w = 192, .box_w = 10, .box_h = 21, .ofs_x = 1, .ofs_y = 0},
    {.bitmap_index = 11161, .adv_w = 192, .box_w = 10, .box_h = 21, .ofs_x = 1, .ofs_y = 0},
    {.bitmap_index = 11266, .adv_w = 192, .box_w = 10, .box_h = 20, .ofs_x = 1, .ofs_y = 0},
    {.bitmap_index = 11366, .adv_w = 192, .box_w = 10, .box_h = 19, .ofs_x = 1, .ofs_y = 0},
    {.bitmap_index = 11461, .adv_w = 192, .box_w = 12, .box_h = 21, .ofs_x = 0, .ofs_y = 0},
    {.bitmap_index = 11587, .adv_w = 192, .box_w = 11, .box_h = 15, .ofs_x = 1, .ofs_y = 0},
    {.bitmap_index = 11670, .adv_w = 192, .box_w = 11, .box_h = 19, .ofs_x = 1, .ofs_y = -4},
    {.bitmap_index = 11775, .adv_w = 192, .box_w = 11, .box_h = 17, .ofs_x = 1, .ofs_y = 0},
    {.bitmap_index = 11869, .adv_w = 192, .box_w = 11, .box_h = 17, .ofs_x = 1, .ofs_y = 0},
    {.bitmap_index = 11963, .adv_w = 192, .box_w = 11, .box_h = 17, .ofs_x = 1, .ofs_y = 0},
    {.bitmap_index = 12057, .adv_w = 192, .box_w = 11, .box_h = 15, .ofs_x = 1, .ofs_y = 0},
    {.bitmap_index = 12140, .adv_w = 192, .box_w = 11, .box_h = 15, .ofs_x = 1, .ofs_y = 0},
    {.bitmap_index = 12223, .adv_w = 192, .box_w = 11, .box_h = 18, .ofs_x = 1, .ofs_y = 0},
    {.bitmap_index = 12322, .adv_w = 192, .box_w = 12, .box_h = 11, .ofs_x = 0, .ofs_y = 0},
    {.bitmap_index = 12388, .adv_w = 192, .box_w = 10, .box_h = 15, .ofs_x = 1, .ofs_y = -4},
    {.bitmap_index = 12463, .adv_w = 192, .box_w = 10, .box_h = 17, .ofs_x = 1, .ofs_y = 0},
    {.bitmap_index = 12548, .adv_w = 192, .box_w = 10, .box_h = 17, .ofs_x = 1, .ofs_y = 0},
    {.bitmap_index = 12633, .adv_w = 192, .box_w = 10, .box_h = 17, .ofs_x = 1, .ofs_y = 0},
    {.bitmap_index = 12718, .adv_w = 192, .box_w = 10, .box_h = 15, .ofs_x = 1, .ofs_y = 0},
    {.bitmap_index = 12793, .adv_w = 192, .box_w = 11, .box_h = 17, .ofs_x = 1, .ofs_y = 0},
    {.bitmap_index = 12887, .adv_w = 192, .box_w = 11, .box_h = 17, .ofs_x = 1, .ofs_y = 0},
    {.bitmap_index = 12981, .adv_w = 192, .box_w = 11, .box_h = 17, .ofs_x = 1, .ofs_y = 0},
    {.bitmap_index = 13075, .adv_w = 192, .box_w = 11, .box_h = 15, .ofs_x = 1, .ofs_y = 0},
    {.bitmap_index = 13158, .adv_w = 192, .box_w = 12, .box_h = 16, .ofs_x = 0, .ofs_y = 0},
    {.bitmap_index = 13254, .adv_w = 192, .box_w = 10, .box_h = 15, .ofs_x = 1, .ofs_y = 0},
    {.bitmap_index = 13329, .adv_w = 192, .box_w = 12, .box_h = 17, .ofs_x = 0, .ofs_y = 0},
    {.bitmap_index = 13431, .adv_w = 192, .box_w = 12, .box_h = 17, .ofs_x = 0, .ofs_y = 0},
    {.bitmap_index = 13533, .adv_w = 192, .box_w = 12, .box_h = 17, .ofs_x = 0, .ofs_y = 0},
    {.bitmap_index = 13635, .adv_w = 192, .box_w = 12, .box_h = 15, .ofs_x = 0, .ofs_y = 0},
    {.bitmap_index = 13725, .adv_w = 192, .box_w = 12, .box_h = 15, .ofs_x = 0, .ofs_y = 0},
    {.bitmap_index = 13815, .adv_w = 192, .box_w = 10, .box_h = 12, .ofs_x = 1, .ofs_y = 1},
    {.bitmap_index = 13875, .adv_w = 192, .box_w = 12, .box_h = 13, .ofs_x = 0, .ofs_y = -1},
    {.bitmap_index = 13953, .adv_w = 192, .box_w = 10, .box_h = 17, .ofs_x = 1, .ofs_y = 0},
    {.bitmap_index = 14038, .adv_w = 192, .box_w = 10, .box_h = 17, .ofs_x = 1, .ofs_y = 0},
    {.bitmap_index = 14123, .adv_w = 192, .box_w = 10, .box_h = 17, .ofs_x = 1, .ofs_y = 0},
    {.bitmap_index = 14208, .adv_w = 192, .box_w = 10, .box_h = 15, .ofs_x = 1, .ofs_y = 0},
    {.bitmap_index = 14283, .adv_w = 192, .box_w = 12, .box_h = 21, .ofs_x = 0, .ofs_y = -4},
    {.bitmap_index = 14409, .adv_w = 192, .box_w = 11, .box_h = 19, .ofs_x = 1, .ofs_y = -4},
    {.bitmap_index = 14514, .adv_w = 192, .box_w = 12, .box_h = 19, .ofs_x = 0, .ofs_y = -4},
    {.bitmap_index = 14628, .adv_w = 192, .box_w = 5, .box_h = 7, .ofs_x = 3, .ofs_y = 8},
    {.bitmap_index = 14646, .adv_w = 192, .box_w = 5, .box_h = 7, .ofs_x = 4, .ofs_y = 8},
    {.bitmap_index = 14664, .adv_w = 192, .box_w = 6, .box_h = 7, .ofs_x = 3, .ofs_y = -3},
    {.bitmap_index = 14685, .adv_w = 192, .box_w = 11, .box_h = 7, .ofs_x = 0, .ofs_y = 8},
    {.bitmap_index = 14724, .adv_w = 192, .box_w = 11, .box_h = 7, .ofs_x = 1, .ofs_y = 8},
    {.bitmap_index = 14763, .adv_w = 192, .box_w = 6, .box_h = 6, .ofs_x = 3, .ofs_y = 3},
    {.bitmap_index = 14781, .adv_w = 192, .box_w = 12, .box_h = 4, .ofs_x = 0, .ofs_y = 0}
};

/*---------------------
 *  CHARACTER MAPPING
 *--------------------*/

static const uint16_t unicode_list_2[] = {
    0x0, 0x1, 0x2, 0x4, 0x5, 0xa, 0xe
};

/*Collect the unicode lists and glyph_id offsets*/
static const lv_font_fmt_txt_cmap_t cmaps[] =
{
    {
        .range_start = 32, .range_length = 95, .glyph_id_start = 1,
        .unicode_list = NULL, .glyph_id_ofs_list = NULL, .list_length = 0, .type = LV_FONT_FMT_TXT_CMAP_FORMAT0_TINY
    },
    {
        .range_start = 160, .range_length = 96, .glyph_id_start = 96,
        .unicode_list = NULL, .glyph_id_ofs_list = NULL, .list_length = 0, .type = LV_FONT_FMT_TXT_CMAP_FORMAT0_TINY
    },
    {
        .range_start = 8216, .range_length = 15, .glyph_id_start = 192,
        .unicode_list = unicode_list_2, .glyph_id_ofs_list = NULL, .list_length = 7, .type = LV_FONT_FMT_TXT_CMAP_SPARSE_TINY
    }
};



/*--------------------
 *  ALL CUSTOM DATA
 *--------------------*/

#if LVGL_VERSION_MAJOR == 8
/*Store all the custom data of the font*/
static  lv_font_fmt_txt_glyph_cache_t cache;
#endif

#if LVGL_VERSION_MAJOR >= 8
static const lv_font_fmt_txt_dsc_t font_dsc = {
#else
static lv_font_fmt_txt_dsc_t font_dsc = {
#endif
    .glyph_bitmap = glyph_bitmap,
    .glyph_dsc = glyph_dsc,
    .cmaps = cmaps,
    .kern_dsc = NULL,
    .kern_scale = 0,
    .cmap_num = 3,
    .bpp = 4,
    .kern_classes = 0,
    .bitmap_format = 0,
#if LVGL_VERSION_MAJOR == 8
    .cache = &cache
#endif
};



/*-----------------
 *  PUBLIC FONT
 *----------------*/

/*Initialize a public general font descriptor*/
#if LVGL_VERSION_MAJOR >= 8
const lv_font_t diskos_mono_20 = {
#else
lv_font_t diskos_mono_20 = {
#endif
    .get_glyph_dsc = lv_font_get_glyph_dsc_fmt_txt,    /*Function pointer to get glyph's data*/
    .get_glyph_bitmap = lv_font_get_bitmap_fmt_txt,    /*Function pointer to get glyph's bitmap*/
    .line_height = 27,          /*The maximum line height required by the font*/
    .base_line = 5,             /*Baseline measured from the bottom of the line*/
#if !(LVGL_VERSION_MAJOR == 6 && LVGL_VERSION_MINOR == 0)
    .subpx = LV_FONT_SUBPX_NONE,
#endif
#if LV_VERSION_CHECK(7, 4, 0) || LVGL_VERSION_MAJOR >= 8
    .underline_position = -2,
    .underline_thickness = 2,
#endif
    .dsc = &font_dsc,          /*The custom font data. Will be accessed by `get_glyph_bitmap/dsc` */
#if LV_VERSION_CHECK(8, 2, 0) || LVGL_VERSION_MAJOR >= 9
    .fallback = NULL,
#endif
    .user_data = NULL,
};



#endif /*#if DISKOS_MONO_20*/

