/*******************************************************************************
 * Size: 22 px
 * Bpp: 4
 * Opts: --font fonts/Inter-Bold.ttf -r 0x20-0x7E,0xA0-0xFF,0x2013,0x2014,0x2018,0x2019,0x201C,0x201D,0x2022,0x2026,0x2212,0x00B7 --size 22 --bpp 4 --format lvgl --no-compress --lv-include lvgl/lvgl.h --lv-font-name font_inter_bold_22 -o font_inter_bold_22.c
 ******************************************************************************/

#ifdef LV_LVGL_H_INCLUDE_SIMPLE
#include "lvgl.h"
#else
#include "lvgl/lvgl.h"
#endif

#ifndef FONT_INTER_BOLD_22
#define FONT_INTER_BOLD_22 1
#endif

#if FONT_INTER_BOLD_22

/*-----------------
 *    BITMAPS
 *----------------*/

/*Store the image of the glyphs*/
static LV_ATTRIBUTE_LARGE_CONST const uint8_t glyph_bitmap[] = {
    /* U+0020 " " */

    /* U+0021 "!" */
    0xf, 0xff, 0x70, 0xff, 0xf6, 0xf, 0xff, 0x60,
    0xff, 0xf5, 0xe, 0xff, 0x50, 0xef, 0xf5, 0xe,
    0xff, 0x40, 0xdf, 0xf4, 0xd, 0xff, 0x40, 0xcf,
    0xf3, 0xa, 0xcc, 0x20, 0x0, 0x0, 0x3, 0x86,
    0x1, 0xff, 0xf7, 0x2f, 0xff, 0x90, 0x9f, 0xd2,

    /* U+0022 "\"" */
    0xcf, 0xf4, 0x1f, 0xfe, 0xcf, 0xf3, 0x1f, 0xfe,
    0xbf, 0xf2, 0xf, 0xfd, 0xaf, 0xf1, 0xf, 0xfc,
    0x9f, 0xf0, 0xe, 0xfb, 0x8f, 0xf0, 0xd, 0xfb,
    0x49, 0x80, 0x7, 0x96,

    /* U+0023 "#" */
    0x0, 0x0, 0xaf, 0xc0, 0x0, 0xff, 0x60, 0x0,
    0x0, 0xd, 0xf9, 0x0, 0x3f, 0xf3, 0x0, 0x0,
    0x0, 0xff, 0x70, 0x5, 0xff, 0x10, 0x0, 0x0,
    0x2f, 0xf4, 0x0, 0x8f, 0xe0, 0x0, 0x8, 0xff,
    0xff, 0xff, 0xff, 0xff, 0xff, 0x0, 0xbf, 0xff,
    0xff, 0xff, 0xff, 0xff, 0xc0, 0x5, 0x6d, 0xfd,
    0x66, 0x7f, 0xfa, 0x64, 0x0, 0x0, 0xdf, 0xa0,
    0x3, 0xff, 0x30, 0x0, 0x0, 0xf, 0xf7, 0x0,
    0x5f, 0xf1, 0x0, 0x2, 0x67, 0xff, 0x96, 0x6b,
    0xff, 0x66, 0x0, 0x8f, 0xff, 0xff, 0xff, 0xff,
    0xff, 0xf0, 0xa, 0xff, 0xff, 0xff, 0xff, 0xff,
    0xfc, 0x0, 0x0, 0xaf, 0xc0, 0x0, 0xff, 0x60,
    0x0, 0x0, 0xc, 0xfa, 0x0, 0x2f, 0xf4, 0x0,
    0x0, 0x0, 0xff, 0x70, 0x5, 0xff, 0x10, 0x0,
    0x0, 0x2f, 0xf5, 0x0, 0x8f, 0xe0, 0x0, 0x0,

    /* U+0024 "$" */
    0x0, 0x0, 0x0, 0x5f, 0x0, 0x0, 0x0, 0x0,
    0x0, 0x0, 0x5f, 0x0, 0x0, 0x0, 0x0, 0x1,
    0x7c, 0xff, 0xeb, 0x50, 0x0, 0x0, 0x3e, 0xff,
    0xff, 0xff, 0xfc, 0x10, 0x1, 0xff, 0xff, 0xef,
    0xef, 0xff, 0xa0, 0x7, 0xff, 0xf3, 0x5f, 0x7,
    0xff, 0xf1, 0xa, 0xff, 0xb0, 0x5f, 0x0, 0xaa,
    0xa2, 0x9, 0xff, 0xf3, 0x5f, 0x0, 0x0, 0x0,
    0x3, 0xff, 0xff, 0xef, 0x30, 0x0, 0x0, 0x0,
    0x6f, 0xff, 0xff, 0xff, 0x92, 0x0, 0x0, 0x1,
    0x8d, 0xff, 0xff, 0xff, 0x40, 0x0, 0x0, 0x0,
    0x6f, 0xaf, 0xff, 0xf1, 0x1, 0x11, 0x0, 0x5f,
    0x2, 0xff, 0xf6, 0xf, 0xff, 0x30, 0x5f, 0x0,
    0xdf, 0xf7, 0xd, 0xff, 0xc1, 0x5f, 0x6, 0xff,
    0xf5, 0x5, 0xff, 0xff, 0xef, 0xef, 0xff, 0xe0,
    0x0, 0x8f, 0xff, 0xff, 0xff, 0xfe, 0x30, 0x0,
    0x3, 0x9d, 0xff, 0xec, 0x71, 0x0, 0x0, 0x0,
    0x0, 0x5f, 0x0, 0x0, 0x0, 0x0, 0x0, 0x0,
    0x5f, 0x0, 0x0, 0x0,

    /* U+0025 "%" */
    0x7, 0xef, 0xe7, 0x0, 0x0, 0x0, 0xd, 0xf5,
    0x0, 0x8, 0xff, 0xff, 0xf8, 0x0, 0x0, 0x8,
    0xfa, 0x0, 0x0, 0xef, 0x70, 0x7f, 0xe0, 0x0,
    0x3, 0xfe, 0x10, 0x0, 0xf, 0xf3, 0x4, 0xff,
    0x0, 0x0, 0xdf, 0x50, 0x0, 0x0, 0xef, 0x70,
    0x7f, 0xe0, 0x0, 0x9f, 0x90, 0x0, 0x0, 0x8,
    0xff, 0xff, 0xf8, 0x0, 0x4f, 0xe0, 0x0, 0x0,
    0x0, 0x8, 0xef, 0xe7, 0x0, 0x1e, 0xf4, 0x0,
    0x0, 0x0, 0x0, 0x0, 0x0, 0x0, 0xa, 0xf9,
    0x0, 0x0, 0x0, 0x0, 0x0, 0x0, 0x0, 0x5,
    0xfd, 0x0, 0x2a, 0xed, 0x80, 0x0, 0x0, 0x0,
    0x1, 0xef, 0x30, 0x1e, 0xff, 0xff, 0xb0, 0x0,
    0x0, 0x0, 0xbf, 0x70, 0x7, 0xfe, 0x13, 0xff,
    0x20, 0x0, 0x0, 0x6f, 0xc0, 0x0, 0xaf, 0xa0,
    0xe, 0xf5, 0x0, 0x0, 0x2f, 0xf2, 0x0, 0xa,
    0xf9, 0x0, 0xef, 0x50, 0x0, 0xc, 0xf6, 0x0,
    0x0, 0x7f, 0xd0, 0x3f, 0xf3, 0x0, 0x7, 0xfb,
    0x0, 0x0, 0x1, 0xff, 0xff, 0xfc, 0x0, 0x2,
    0xff, 0x10, 0x0, 0x0, 0x3, 0xcf, 0xfa, 0x10,

    /* U+0026 "&" */
    0x0, 0x0, 0x8e, 0xfe, 0xa1, 0x0, 0x0, 0x0,
    0x0, 0xcf, 0xff, 0xff, 0xe1, 0x0, 0x0, 0x0,
    0x6f, 0xfe, 0x9c, 0xff, 0x80, 0x0, 0x0, 0xa,
    0xff, 0x30, 0xf, 0xfb, 0x0, 0x0, 0x0, 0xaf,
    0xf2, 0x1, 0xff, 0xa0, 0x0, 0x0, 0x7, 0xff,
    0x92, 0xdf, 0xf3, 0x0, 0x0, 0x0, 0xe, 0xff,
    0xff, 0xf6, 0x0, 0x0, 0x0, 0x0, 0x7f, 0xff,
    0xe4, 0x0, 0x0, 0x0, 0x0, 0x6f, 0xff, 0xfe,
    0x20, 0xe, 0xea, 0x0, 0x6f, 0xff, 0xbf, 0xfe,
    0x12, 0xff, 0xa0, 0xe, 0xff, 0x50, 0xaf, 0xfc,
    0x8f, 0xf7, 0x1, 0xff, 0xf0, 0x0, 0xbf, 0xff,
    0xff, 0x20, 0xf, 0xff, 0x50, 0x0, 0xdf, 0xff,
    0xa0, 0x0, 0xaf, 0xff, 0xb9, 0xcf, 0xff, 0xf8,
    0x0, 0x1, 0xdf, 0xff, 0xff, 0xff, 0xff, 0xf5,
    0x0, 0x0, 0x7c, 0xff, 0xe9, 0x33, 0xff, 0xf4,

    /* U+0027 "'" */
    0xcf, 0xf4, 0xcf, 0xf3, 0xbf, 0xf2, 0xaf, 0xf1,
    0x9f, 0xf0, 0x8f, 0xf0, 0x49, 0x80,

    /* U+0028 "(" */
    0x0, 0x7, 0xbb, 0x40, 0x1, 0xff, 0xf1, 0x0,
    0x8f, 0xfa, 0x0, 0xe, 0xff, 0x50, 0x3, 0xff,
    0xf0, 0x0, 0x8f, 0xfc, 0x0, 0xb, 0xff, 0x80,
    0x0, 0xef, 0xf5, 0x0, 0x1f, 0xff, 0x30, 0x2,
    0xff, 0xf2, 0x0, 0x2f, 0xff, 0x10, 0x2, 0xff,
    0xf2, 0x0, 0x1f, 0xff, 0x30, 0x0, 0xef, 0xf6,
    0x0, 0xb, 0xff, 0x90, 0x0, 0x7f, 0xfd, 0x0,
    0x1, 0xff, 0xf3, 0x0, 0xb, 0xff, 0x80, 0x0,
    0x3f, 0xfe, 0x0, 0x0, 0xbf, 0xf5,

    /* U+0029 ")" */
    0x1b, 0xba, 0x0, 0x0, 0xcf, 0xf6, 0x0, 0x5,
    0xff, 0xd0, 0x0, 0xf, 0xff, 0x30, 0x0, 0xbf,
    0xf8, 0x0, 0x7, 0xff, 0xc0, 0x0, 0x4f, 0xff,
    0x0, 0x1, 0xff, 0xf3, 0x0, 0xf, 0xff, 0x50,
    0x0, 0xdf, 0xf7, 0x0, 0xd, 0xff, 0x70, 0x0,
    0xdf, 0xf7, 0x0, 0xf, 0xff, 0x50, 0x1, 0xff,
    0xf3, 0x0, 0x4f, 0xff, 0x0, 0x9, 0xff, 0xb0,
    0x0, 0xef, 0xf6, 0x0, 0x4f, 0xff, 0x0, 0xa,
    0xff, 0x80, 0x1, 0xff, 0xe1, 0x0,

    /* U+002A "*" */
    0x0, 0x0, 0xdf, 0x20, 0x0, 0x4, 0x30, 0xcf,
    0x11, 0x60, 0xe, 0xf8, 0xcf, 0x5e, 0xf3, 0x8,
    0xef, 0xff, 0xff, 0xa2, 0x0, 0x2e, 0xff, 0xf5,
    0x0, 0x19, 0xff, 0xff, 0xff, 0xb3, 0xd, 0xf6,
    0xbf, 0x4d, 0xf2, 0x3, 0x20, 0xcf, 0x10, 0x40,
    0x0, 0x0, 0xce, 0x20, 0x0,

    /* U+002B "+" */
    0x0, 0x0, 0xe, 0xfd, 0x0, 0x0, 0x0, 0x0,
    0xe, 0xfd, 0x0, 0x0, 0x0, 0x0, 0xe, 0xfd,
    0x0, 0x0, 0x0, 0x0, 0xe, 0xfd, 0x0, 0x0,
    0xf, 0xff, 0xff, 0xff, 0xff, 0xff, 0xf, 0xff,
    0xff, 0xff, 0xff, 0xff, 0x8, 0x88, 0x8f, 0xfe,
    0x88, 0x88, 0x0, 0x0, 0xe, 0xfd, 0x0, 0x0,
    0x0, 0x0, 0xe, 0xfd, 0x0, 0x0, 0x0, 0x0,
    0xe, 0xfd, 0x0, 0x0, 0x0, 0x0, 0xe, 0xfd,
    0x0, 0x0,

    /* U+002C "," */
    0x7, 0x99, 0x30, 0xef, 0xf2, 0x1f, 0xfd, 0x3,
    0xff, 0x80, 0x5f, 0xf3, 0x8, 0xfe, 0x0, 0xaf,
    0x90, 0x0,

    /* U+002D "-" */
    0x48, 0x88, 0x88, 0x86, 0x8f, 0xff, 0xff, 0xfc,
    0x8f, 0xff, 0xff, 0xfc,

    /* U+002E "." */
    0x3, 0x96, 0x1, 0xff, 0xf5, 0x2f, 0xff, 0x70,
    0x8f, 0xc1,

    /* U+002F "/" */
    0x0, 0x0, 0xa, 0xff, 0x10, 0x0, 0x0, 0xff,
    0xd0, 0x0, 0x0, 0x3f, 0xf9, 0x0, 0x0, 0x7,
    0xff, 0x40, 0x0, 0x0, 0xcf, 0xf0, 0x0, 0x0,
    0xf, 0xfc, 0x0, 0x0, 0x4, 0xff, 0x70, 0x0,
    0x0, 0x9f, 0xf3, 0x0, 0x0, 0xd, 0xfe, 0x0,
    0x0, 0x2, 0xff, 0xa0, 0x0, 0x0, 0x6f, 0xf6,
    0x0, 0x0, 0xa, 0xff, 0x20, 0x0, 0x0, 0xef,
    0xd0, 0x0, 0x0, 0x3f, 0xf9, 0x0, 0x0, 0x7,
    0xff, 0x50, 0x0, 0x0, 0xcf, 0xf0, 0x0, 0x0,
    0xf, 0xfc, 0x0, 0x0, 0x4, 0xff, 0x80, 0x0,
    0x0, 0x9f, 0xf3, 0x0, 0x0, 0x0,

    /* U+0030 "0" */
    0x0, 0x5, 0xbe, 0xfe, 0xa4, 0x0, 0x0, 0xa,
    0xff, 0xff, 0xff, 0xf8, 0x0, 0x9, 0xff, 0xfd,
    0xbe, 0xff, 0xf6, 0x2, 0xff, 0xf9, 0x0, 0xb,
    0xff, 0xe0, 0x8f, 0xfe, 0x0, 0x0, 0x2f, 0xff,
    0x5c, 0xff, 0x90, 0x0, 0x0, 0xcf, 0xf9, 0xef,
    0xf6, 0x0, 0x0, 0x9, 0xff, 0xbf, 0xff, 0x50,
    0x0, 0x0, 0x8f, 0xfc, 0xff, 0xf5, 0x0, 0x0,
    0x8, 0xff, 0xce, 0xff, 0x60, 0x0, 0x0, 0x9f,
    0xfb, 0xcf, 0xf9, 0x0, 0x0, 0xc, 0xff, 0x98,
    0xff, 0xe0, 0x0, 0x2, 0xff, 0xf5, 0x2f, 0xff,
    0x90, 0x0, 0xbf, 0xfe, 0x0, 0x9f, 0xff, 0xdb,
    0xef, 0xff, 0x60, 0x0, 0xaf, 0xff, 0xff, 0xff,
    0x80, 0x0, 0x0, 0x5b, 0xef, 0xea, 0x40, 0x0,

    /* U+0031 "1" */
    0x0, 0x4e, 0xff, 0xf0, 0x9, 0xff, 0xff, 0xf0,
    0xdf, 0xff, 0xff, 0xf0, 0xff, 0xb5, 0xff, 0xf0,
    0xf6, 0x3, 0xff, 0xf0, 0x20, 0x3, 0xff, 0xf0,
    0x0, 0x3, 0xff, 0xf0, 0x0, 0x3, 0xff, 0xf0,
    0x0, 0x3, 0xff, 0xf0, 0x0, 0x3, 0xff, 0xf0,
    0x0, 0x3, 0xff, 0xf0, 0x0, 0x3, 0xff, 0xf0,
    0x0, 0x3, 0xff, 0xf0, 0x0, 0x3, 0xff, 0xf0,
    0x0, 0x3, 0xff, 0xf0, 0x0, 0x3, 0xff, 0xf0,

    /* U+0032 "2" */
    0x0, 0x29, 0xef, 0xfc, 0x81, 0x0, 0x5, 0xff,
    0xff, 0xff, 0xfe, 0x20, 0x2f, 0xff, 0xe9, 0xbf,
    0xff, 0xd0, 0x9f, 0xfc, 0x0, 0x3, 0xff, 0xf4,
    0xcf, 0xf6, 0x0, 0x0, 0xcf, 0xf6, 0x1, 0x10,
    0x0, 0x0, 0xdf, 0xf5, 0x0, 0x0, 0x0, 0x4,
    0xff, 0xf1, 0x0, 0x0, 0x0, 0x2e, 0xff, 0x70,
    0x0, 0x0, 0x2, 0xef, 0xfb, 0x0, 0x0, 0x0,
    0x3f, 0xff, 0xc0, 0x0, 0x0, 0x4, 0xff, 0xfb,
    0x0, 0x0, 0x0, 0x5f, 0xff, 0xb0, 0x0, 0x0,
    0x6, 0xff, 0xfa, 0x0, 0x0, 0x0, 0x7f, 0xff,
    0xfb, 0xbb, 0xbb, 0xb7, 0xaf, 0xff, 0xff, 0xff,
    0xff, 0xfa, 0xaf, 0xff, 0xff, 0xff, 0xff, 0xfa,

    /* U+0033 "3" */
    0x0, 0x18, 0xdf, 0xfe, 0x92, 0x0, 0x0, 0x4f,
    0xff, 0xff, 0xff, 0xf5, 0x0, 0x1f, 0xff, 0xfa,
    0xae, 0xff, 0xf2, 0x7, 0xff, 0xd1, 0x0, 0x1d,
    0xff, 0x80, 0x48, 0x84, 0x0, 0x0, 0x9f, 0xf9,
    0x0, 0x0, 0x0, 0x0, 0xd, 0xff, 0x60, 0x0,
    0x0, 0x46, 0x7d, 0xff, 0xb0, 0x0, 0x0, 0xb,
    0xff, 0xfe, 0x60, 0x0, 0x0, 0x0, 0xbf, 0xff,
    0xff, 0xa0, 0x0, 0x0, 0x0, 0x0, 0x5e, 0xff,
    0xa0, 0x0, 0x0, 0x0, 0x0, 0x5f, 0xff, 0x19,
    0xaa, 0x40, 0x0, 0x4, 0xff, 0xf2, 0xcf, 0xfd,
    0x10, 0x0, 0xbf, 0xff, 0x4, 0xff, 0xff, 0xcb,
    0xff, 0xff, 0x90, 0x7, 0xff, 0xff, 0xff, 0xff,
    0xa0, 0x0, 0x2, 0x9d, 0xff, 0xea, 0x40, 0x0,

    /* U+0034 "4" */
    0x0, 0x0, 0x0, 0x8f, 0xff, 0xe0, 0x0, 0x0,
    0x0, 0x3f, 0xff, 0xfe, 0x0, 0x0, 0x0, 0xc,
    0xff, 0xff, 0xe0, 0x0, 0x0, 0x7, 0xff, 0xef,
    0xfe, 0x0, 0x0, 0x2, 0xff, 0xf5, 0xff, 0xe0,
    0x0, 0x0, 0xbf, 0xf7, 0x3f, 0xfe, 0x0, 0x0,
    0x6f, 0xfc, 0x3, 0xff, 0xe0, 0x0, 0x1f, 0xff,
    0x30, 0x3f, 0xfe, 0x0, 0xa, 0xff, 0x80, 0x3,
    0xff, 0xe0, 0x5, 0xff, 0xe0, 0x0, 0x3f, 0xfe,
    0x0, 0xdf, 0xfd, 0xaa, 0xab, 0xff, 0xfa, 0x9e,
    0xff, 0xff, 0xff, 0xff, 0xff, 0xfe, 0xef, 0xff,
    0xff, 0xff, 0xff, 0xff, 0xe0, 0x0, 0x0, 0x0,
    0x4f, 0xfe, 0x0, 0x0, 0x0, 0x0, 0x4, 0xff,
    0xe0, 0x0, 0x0, 0x0, 0x0, 0x4f, 0xfe, 0x0,

    /* U+0035 "5" */
    0xf, 0xff, 0xff, 0xff, 0xff, 0xc0, 0xf, 0xff,
    0xff, 0xff, 0xff, 0xc0, 0x1f, 0xff, 0xaa, 0xaa,
    0xaa, 0x80, 0x3f, 0xfc, 0x0, 0x0, 0x0, 0x0,
    0x4f, 0xfa, 0x0, 0x0, 0x0, 0x0, 0x6f, 0xf8,
    0x4, 0x65, 0x10, 0x0, 0x7f, 0xfa, 0xdf, 0xff,
    0xf9, 0x0, 0x9f, 0xff, 0xff, 0xff, 0xff, 0xa0,
    0x5b, 0xdb, 0x30, 0x19, 0xff, 0xf3, 0x0, 0x0,
    0x0, 0x0, 0xcf, 0xf8, 0x0, 0x0, 0x0, 0x0,
    0x8f, 0xfa, 0x89, 0x92, 0x0, 0x0, 0x9f, 0xf9,
    0xdf, 0xfa, 0x0, 0x3, 0xff, 0xf5, 0x6f, 0xff,
    0xd9, 0xaf, 0xff, 0xd0, 0x8, 0xff, 0xff, 0xff,
    0xfd, 0x20, 0x0, 0x3a, 0xef, 0xfc, 0x70, 0x0,

    /* U+0036 "6" */
    0x0, 0x4, 0xbe, 0xfe, 0xa3, 0x0, 0x0, 0x8,
    0xff, 0xff, 0xff, 0xf8, 0x0, 0x6, 0xff, 0xff,
    0xdf, 0xff, 0xf5, 0x1, 0xff, 0xf9, 0x0, 0xb,
    0xff, 0xd0, 0x6f, 0xfd, 0x0, 0x0, 0x29, 0x99,
    0xb, 0xff, 0x80, 0x4, 0x53, 0x0, 0x0, 0xdf,
    0xf5, 0x7f, 0xff, 0xfe, 0x40, 0xf, 0xff, 0xaf,
    0xff, 0xff, 0xff, 0x40, 0xff, 0xff, 0xb2, 0x4,
    0xdf, 0xfd, 0xf, 0xff, 0xd0, 0x0, 0x3, 0xff,
    0xf2, 0xdf, 0xf9, 0x0, 0x0, 0xe, 0xff, 0x49,
    0xff, 0xb0, 0x0, 0x0, 0xff, 0xf3, 0x3f, 0xff,
    0x40, 0x0, 0x9f, 0xfe, 0x0, 0xaf, 0xff, 0xb9,
    0xdf, 0xff, 0x70, 0x0, 0xcf, 0xff, 0xff, 0xff,
    0x90, 0x0, 0x0, 0x6b, 0xff, 0xea, 0x40, 0x0,

    /* U+0037 "7" */
    0x3f, 0xff, 0xff, 0xff, 0xff, 0xff, 0x3f, 0xff,
    0xff, 0xff, 0xff, 0xff, 0x2b, 0xbb, 0xbb, 0xbb,
    0xdf, 0xff, 0x0, 0x0, 0x0, 0x0, 0xdf, 0xf9,
    0x0, 0x0, 0x0, 0x5, 0xff, 0xf1, 0x0, 0x0,
    0x0, 0xd, 0xff, 0x90, 0x0, 0x0, 0x0, 0x5f,
    0xff, 0x10, 0x0, 0x0, 0x0, 0xdf, 0xf9, 0x0,
    0x0, 0x0, 0x5, 0xff, 0xf1, 0x0, 0x0, 0x0,
    0xd, 0xff, 0x90, 0x0, 0x0, 0x0, 0x5f, 0xff,
    0x10, 0x0, 0x0, 0x0, 0xdf, 0xf9, 0x0, 0x0,
    0x0, 0x5, 0xff, 0xf1, 0x0, 0x0, 0x0, 0xd,
    0xff, 0x90, 0x0, 0x0, 0x0, 0x5f, 0xff, 0x10,
    0x0, 0x0, 0x0, 0xdf, 0xf9, 0x0, 0x0, 0x0,

    /* U+0038 "8" */
    0x0, 0x18, 0xdf, 0xfe, 0xa3, 0x0, 0x0, 0x3e,
    0xff, 0xff, 0xff, 0xf7, 0x0, 0xe, 0xff, 0xe8,
    0x8c, 0xff, 0xf4, 0x5, 0xff, 0xf2, 0x0, 0xc,
    0xff, 0xa0, 0x6f, 0xfd, 0x0, 0x0, 0x8f, 0xfb,
    0x2, 0xff, 0xf1, 0x0, 0xc, 0xff, 0x70, 0x7,
    0xff, 0xe7, 0x6b, 0xff, 0xc0, 0x0, 0x5, 0xef,
    0xff, 0xff, 0x80, 0x0, 0x5, 0xef, 0xff, 0xff,
    0xff, 0x90, 0x5, 0xff, 0xf7, 0x10, 0x4e, 0xff,
    0xa0, 0xcf, 0xf9, 0x0, 0x0, 0x4f, 0xff, 0x2f,
    0xff, 0x70, 0x0, 0x2, 0xff, 0xf4, 0xdf, 0xfc,
    0x0, 0x0, 0x7f, 0xff, 0x26, 0xff, 0xfd, 0x76,
    0xaf, 0xff, 0xb0, 0x8, 0xff, 0xff, 0xff, 0xff,
    0xc1, 0x0, 0x3, 0x9d, 0xff, 0xeb, 0x50, 0x0,

    /* U+0039 "9" */
    0x0, 0x29, 0xdf, 0xfd, 0x81, 0x0, 0x0, 0x4f,
    0xff, 0xff, 0xff, 0xe3, 0x0, 0x2f, 0xff, 0xfa,
    0xaf, 0xff, 0xe1, 0xa, 0xff, 0xd1, 0x0, 0x1e,
    0xff, 0x80, 0xef, 0xf5, 0x0, 0x0, 0x6f, 0xfe,
    0xf, 0xff, 0x30, 0x0, 0x4, 0xff, 0xf1, 0xdf,
    0xf7, 0x0, 0x0, 0x9f, 0xff, 0x38, 0xff, 0xf6,
    0x1, 0x7f, 0xff, 0xf4, 0x1e, 0xff, 0xff, 0xff,
    0xbf, 0xff, 0x40, 0x2c, 0xff, 0xff, 0xa1, 0xff,
    0xf2, 0x0, 0x2, 0x55, 0x20, 0x3f, 0xff, 0x7,
    0xaa, 0x50, 0x0, 0x9, 0xff, 0xb0, 0x8f, 0xfe,
    0x20, 0x5, 0xff, 0xf4, 0x1, 0xff, 0xff, 0xde,
    0xff, 0xfb, 0x0, 0x4, 0xff, 0xff, 0xff, 0xfc,
    0x10, 0x0, 0x1, 0x9d, 0xff, 0xc6, 0x0, 0x0,

    /* U+003A ":" */
    0x3, 0x96, 0x1, 0xff, 0xf5, 0x2f, 0xff, 0x70,
    0x8f, 0xc1, 0x0, 0x0, 0x0, 0x0, 0x0, 0x0,
    0x0, 0x0, 0x0, 0x0, 0x3, 0x96, 0x1, 0xff,
    0xf5, 0x2f, 0xff, 0x70, 0x8f, 0xc1,

    /* U+003B ";" */
    0x2, 0x97, 0x0, 0xdf, 0xf8, 0xe, 0xff, 0xa0,
    0x6f, 0xd3, 0x0, 0x0, 0x0, 0x0, 0x0, 0x0,
    0x0, 0x0, 0x0, 0x0, 0x0, 0x0, 0x0, 0x79,
    0x93, 0xe, 0xff, 0x21, 0xff, 0xd0, 0x3f, 0xf8,
    0x5, 0xff, 0x30, 0x8f, 0xe0, 0xa, 0xf9, 0x0,

    /* U+003C "<" */
    0x0, 0x0, 0x0, 0x0, 0x0, 0x3, 0x0, 0x0,
    0x0, 0x0, 0x7, 0xdb, 0x0, 0x0, 0x0, 0x28,
    0xff, 0xfb, 0x0, 0x0, 0x3b, 0xff, 0xff, 0xf9,
    0x0, 0x5c, 0xff, 0xff, 0xe8, 0x20, 0x2e, 0xff,
    0xff, 0xb5, 0x0, 0x0, 0x3f, 0xff, 0xb2, 0x0,
    0x0, 0x0, 0x3f, 0xff, 0xfb, 0x50, 0x0, 0x0,
    0x5, 0xcf, 0xff, 0xfe, 0x82, 0x0, 0x0, 0x3,
    0xaf, 0xff, 0xff, 0xb4, 0x0, 0x0, 0x1, 0x8e,
    0xff, 0xfb, 0x0, 0x0, 0x0, 0x0, 0x6d, 0xfb,
    0x0, 0x0, 0x0, 0x0, 0x0, 0x47,

    /* U+003D "=" */
    0x9a, 0xaa, 0xaa, 0xaa, 0xaa, 0x8e, 0xff, 0xff,
    0xff, 0xff, 0xfd, 0xef, 0xff, 0xff, 0xff, 0xff,
    0xd0, 0x0, 0x0, 0x0, 0x0, 0x0, 0x0, 0x0,
    0x0, 0x0, 0x0, 0x9, 0xaa, 0xaa, 0xaa, 0xaa,
    0xa8, 0xef, 0xff, 0xff, 0xff, 0xff, 0xde, 0xff,
    0xff, 0xff, 0xff, 0xfd,

    /* U+003E ">" */
    0x30, 0x0, 0x0, 0x0, 0x0, 0x0, 0xcd, 0x60,
    0x0, 0x0, 0x0, 0x0, 0xcf, 0xfe, 0x81, 0x0,
    0x0, 0x0, 0xaf, 0xff, 0xff, 0xa3, 0x0, 0x0,
    0x2, 0x9e, 0xff, 0xff, 0xc5, 0x0, 0x0, 0x0,
    0x5c, 0xff, 0xff, 0xe1, 0x0, 0x0, 0x0, 0x2c,
    0xff, 0xf2, 0x0, 0x0, 0x5, 0xcf, 0xff, 0xf2,
    0x0, 0x29, 0xef, 0xff, 0xfb, 0x40, 0x5c, 0xff,
    0xff, 0xf9, 0x20, 0x0, 0xcf, 0xff, 0xe7, 0x10,
    0x0, 0x0, 0xcf, 0xc5, 0x0, 0x0, 0x0, 0x0,
    0x73, 0x0, 0x0, 0x0, 0x0, 0x0,

    /* U+003F "?" */
    0x0, 0x18, 0xdf, 0xfd, 0x92, 0x0, 0x1, 0xef,
    0xff, 0xff, 0xff, 0x30, 0xb, 0xff, 0xfa, 0xaf,
    0xff, 0xe0, 0xf, 0xff, 0x40, 0x4, 0xff, 0xf3,
    0x17, 0x77, 0x0, 0x1, 0xff, 0xf3, 0x0, 0x0,
    0x0, 0x7, 0xff, 0xf1, 0x0, 0x0, 0x0, 0x9f,
    0xff, 0x80, 0x0, 0x0, 0x1d, 0xff, 0xf8, 0x0,
    0x0, 0x0, 0x8f, 0xfe, 0x30, 0x0, 0x0, 0x0,
    0xbf, 0xf4, 0x0, 0x0, 0x0, 0x0, 0xcf, 0xf1,
    0x0, 0x0, 0x0, 0x0, 0x0, 0x0, 0x0, 0x0,
    0x0, 0x0, 0x49, 0x60, 0x0, 0x0, 0x0, 0x1,
    0xff, 0xf6, 0x0, 0x0, 0x0, 0x3, 0xff, 0xf7,
    0x0, 0x0, 0x0, 0x0, 0xaf, 0xc1, 0x0, 0x0,

    /* U+0040 "@" */
    0x0, 0x0, 0x1, 0x7b, 0xef, 0xff, 0xd9, 0x40,
    0x0, 0x0, 0x0, 0x0, 0x9, 0xff, 0xff, 0xff,
    0xff, 0xff, 0xd4, 0x0, 0x0, 0x0, 0x2d, 0xff,
    0xfd, 0x97, 0x67, 0x9e, 0xff, 0xf7, 0x0, 0x0,
    0x1d, 0xff, 0xc3, 0x0, 0x0, 0x0, 0x5, 0xef,
    0xf5, 0x0, 0x9, 0xff, 0xa0, 0x0, 0x36, 0x51,
    0x16, 0x62, 0xef, 0xf1, 0x1, 0xff, 0xd0, 0x1,
    0xcf, 0xff, 0xf9, 0xff, 0x4, 0xff, 0x80, 0x7f,
    0xf6, 0x0, 0xdf, 0xff, 0xff, 0xff, 0xf0, 0xc,
    0xfe, 0xb, 0xff, 0x10, 0x6f, 0xf9, 0x10, 0x6f,
    0xff, 0x0, 0x8f, 0xf2, 0xef, 0xd0, 0xb, 0xfc,
    0x0, 0x0, 0xaf, 0xf0, 0x5, 0xff, 0x4f, 0xfc,
    0x0, 0xef, 0x80, 0x0, 0x7, 0xff, 0x0, 0x4f,
    0xf5, 0xff, 0xc0, 0xe, 0xf7, 0x0, 0x0, 0x6f,
    0xf0, 0x4, 0xff, 0x4e, 0xfd, 0x0, 0xdf, 0x80,
    0x0, 0x8, 0xff, 0x0, 0x5f, 0xf2, 0xcf, 0xf0,
    0xa, 0xfd, 0x0, 0x0, 0xcf, 0xf0, 0x8, 0xff,
    0x8, 0xff, 0x50, 0x4f, 0xfa, 0x22, 0x9f, 0xff,
    0x43, 0xef, 0x90, 0x3f, 0xfd, 0x0, 0xaf, 0xff,
    0xff, 0xce, 0xff, 0xff, 0xe1, 0x0, 0xbf, 0xfa,
    0x0, 0x7d, 0xfe, 0xa1, 0x3c, 0xff, 0xb2, 0x0,
    0x2, 0xff, 0xfc, 0x30, 0x0, 0x0, 0x0, 0x0,
    0x0, 0x0, 0x0, 0x3, 0xef, 0xff, 0xd9, 0x77,
    0x78, 0xad, 0x20, 0x0, 0x0, 0x0, 0x1, 0xaf,
    0xff, 0xff, 0xff, 0xff, 0xf9, 0x0, 0x0, 0x0,
    0x0, 0x0, 0x27, 0xbe, 0xff, 0xfd, 0xa6, 0x10,
    0x0, 0x0,

    /* U+0041 "A" */
    0x0, 0x0, 0x2, 0xff, 0xff, 0x70, 0x0, 0x0,
    0x0, 0x0, 0x8, 0xff, 0xff, 0xd0, 0x0, 0x0,
    0x0, 0x0, 0xd, 0xff, 0xff, 0xf2, 0x0, 0x0,
    0x0, 0x0, 0x3f, 0xfe, 0xaf, 0xf8, 0x0, 0x0,
    0x0, 0x0, 0x8f, 0xfa, 0x6f, 0xfd, 0x0, 0x0,
    0x0, 0x0, 0xef, 0xf6, 0x1f, 0xff, 0x30, 0x0,
    0x0, 0x3, 0xff, 0xf2, 0xd, 0xff, 0x90, 0x0,
    0x0, 0x9, 0xff, 0xd0, 0x8, 0xff, 0xe0, 0x0,
    0x0, 0xe, 0xff, 0x80, 0x3, 0xff, 0xf4, 0x0,
    0x0, 0x4f, 0xff, 0x30, 0x0, 0xef, 0xfa, 0x0,
    0x0, 0x9f, 0xff, 0xff, 0xff, 0xff, 0xff, 0x0,
    0x0, 0xef, 0xff, 0xff, 0xff, 0xff, 0xff, 0x50,
    0x4, 0xff, 0xf9, 0x88, 0x88, 0x8e, 0xff, 0xa0,
    0x9, 0xff, 0xe0, 0x0, 0x0, 0x9, 0xff, 0xf0,
    0xe, 0xff, 0xa0, 0x0, 0x0, 0x4, 0xff, 0xf6,
    0x4f, 0xff, 0x40, 0x0, 0x0, 0x0, 0xef, 0xfb,

    /* U+0042 "B" */
    0x8f, 0xff, 0xff, 0xff, 0xd8, 0x10, 0x8, 0xff,
    0xff, 0xff, 0xff, 0xfe, 0x20, 0x8f, 0xfe, 0xaa,
    0xad, 0xff, 0xfb, 0x8, 0xff, 0xb0, 0x0, 0xa,
    0xff, 0xf0, 0x8f, 0xfb, 0x0, 0x0, 0x4f, 0xff,
    0x8, 0xff, 0xb0, 0x0, 0x6, 0xff, 0xd0, 0x8f,
    0xfc, 0x33, 0x37, 0xff, 0xf3, 0x8, 0xff, 0xff,
    0xff, 0xff, 0xb2, 0x0, 0x8f, 0xff, 0xff, 0xff,
    0xff, 0xe4, 0x8, 0xff, 0xb0, 0x0, 0x19, 0xff,
    0xf2, 0x8f, 0xfb, 0x0, 0x0, 0xd, 0xff, 0x88,
    0xff, 0xb0, 0x0, 0x0, 0xbf, 0xfb, 0x8f, 0xfb,
    0x0, 0x0, 0x2f, 0xff, 0x98, 0xff, 0xea, 0xaa,
    0xcf, 0xff, 0xf4, 0x8f, 0xff, 0xff, 0xff, 0xff,
    0xf8, 0x8, 0xff, 0xff, 0xff, 0xfe, 0xb4, 0x0,

    /* U+0043 "C" */
    0x0, 0x0, 0x7c, 0xff, 0xec, 0x60, 0x0, 0x0,
    0x4, 0xef, 0xff, 0xff, 0xff, 0xe3, 0x0, 0x3,
    0xff, 0xff, 0xfe, 0xff, 0xff, 0xf2, 0x0, 0xdf,
    0xff, 0x60, 0x0, 0x6f, 0xff, 0xb0, 0x6f, 0xff,
    0x40, 0x0, 0x0, 0x6f, 0xff, 0x1b, 0xff, 0xc0,
    0x0, 0x0, 0x0, 0x88, 0x82, 0xef, 0xf7, 0x0,
    0x0, 0x0, 0x0, 0x0, 0xf, 0xff, 0x50, 0x0,
    0x0, 0x0, 0x0, 0x0, 0xff, 0xf5, 0x0, 0x0,
    0x0, 0x0, 0x0, 0xe, 0xff, 0x70, 0x0, 0x0,
    0x0, 0x0, 0x0, 0xbf, 0xfc, 0x0, 0x0, 0x0,
    0x8, 0x88, 0x26, 0xff, 0xf4, 0x0, 0x0, 0x6,
    0xff, 0xf1, 0xd, 0xff, 0xf6, 0x0, 0x6, 0xff,
    0xfa, 0x0, 0x3f, 0xff, 0xff, 0xef, 0xff, 0xfe,
    0x10, 0x0, 0x4e, 0xff, 0xff, 0xff, 0xfd, 0x20,
    0x0, 0x0, 0x7, 0xcf, 0xfe, 0xb6, 0x0, 0x0,

    /* U+0044 "D" */
    0x8f, 0xff, 0xff, 0xfe, 0xb6, 0x0, 0x0, 0x8f,
    0xff, 0xff, 0xff, 0xff, 0xd3, 0x0, 0x8f, 0xff,
    0xcc, 0xdf, 0xff, 0xff, 0x20, 0x8f, 0xfb, 0x0,
    0x0, 0x5f, 0xff, 0xc0, 0x8f, 0xfb, 0x0, 0x0,
    0x4, 0xff, 0xf4, 0x8f, 0xfb, 0x0, 0x0, 0x0,
    0xcf, 0xf9, 0x8f, 0xfb, 0x0, 0x0, 0x0, 0x8f,
    0xfc, 0x8f, 0xfb, 0x0, 0x0, 0x0, 0x6f, 0xfd,
    0x8f, 0xfb, 0x0, 0x0, 0x0, 0x6f, 0xfd, 0x8f,
    0xfb, 0x0, 0x0, 0x0, 0x8f, 0xfc, 0x8f, 0xfb,
    0x0, 0x0, 0x0, 0xcf, 0xf9, 0x8f, 0xfb, 0x0,
    0x0, 0x3, 0xff, 0xf4, 0x8f, 0xfb, 0x0, 0x0,
    0x5e, 0xff, 0xc0, 0x8f, 0xff, 0xcc, 0xdf, 0xff,
    0xff, 0x20, 0x8f, 0xff, 0xff, 0xff, 0xff, 0xd3,
    0x0, 0x8f, 0xff, 0xff, 0xfe, 0xb6, 0x0, 0x0,

    /* U+0045 "E" */
    0x8f, 0xff, 0xff, 0xff, 0xff, 0xf2, 0x8f, 0xff,
    0xff, 0xff, 0xff, 0xf2, 0x8f, 0xfe, 0xaa, 0xaa,
    0xaa, 0xa1, 0x8f, 0xfb, 0x0, 0x0, 0x0, 0x0,
    0x8f, 0xfb, 0x0, 0x0, 0x0, 0x0, 0x8f, 0xfb,
    0x0, 0x0, 0x0, 0x0, 0x8f, 0xfb, 0x0, 0x0,
    0x0, 0x0, 0x8f, 0xff, 0xff, 0xff, 0xff, 0x90,
    0x8f, 0xff, 0xff, 0xff, 0xff, 0x90, 0x8f, 0xfe,
    0xaa, 0xaa, 0xaa, 0x60, 0x8f, 0xfb, 0x0, 0x0,
    0x0, 0x0, 0x8f, 0xfb, 0x0, 0x0, 0x0, 0x0,
    0x8f, 0xfb, 0x0, 0x0, 0x0, 0x0, 0x8f, 0xfe,
    0xbb, 0xbb, 0xbb, 0xb2, 0x8f, 0xff, 0xff, 0xff,
    0xff, 0xf3, 0x8f, 0xff, 0xff, 0xff, 0xff, 0xf3,

    /* U+0046 "F" */
    0x8f, 0xff, 0xff, 0xff, 0xff, 0xf8, 0xff, 0xff,
    0xff, 0xff, 0xff, 0x8f, 0xfe, 0xaa, 0xaa, 0xaa,
    0xa8, 0xff, 0xb0, 0x0, 0x0, 0x0, 0x8f, 0xfb,
    0x0, 0x0, 0x0, 0x8, 0xff, 0xb0, 0x0, 0x0,
    0x0, 0x8f, 0xfb, 0x0, 0x0, 0x0, 0x8, 0xff,
    0xea, 0xaa, 0xaa, 0xa2, 0x8f, 0xff, 0xff, 0xff,
    0xff, 0x48, 0xff, 0xff, 0xff, 0xff, 0xf4, 0x8f,
    0xfb, 0x0, 0x0, 0x0, 0x8, 0xff, 0xb0, 0x0,
    0x0, 0x0, 0x8f, 0xfb, 0x0, 0x0, 0x0, 0x8,
    0xff, 0xb0, 0x0, 0x0, 0x0, 0x8f, 0xfb, 0x0,
    0x0, 0x0, 0x8, 0xff, 0xb0, 0x0, 0x0, 0x0,

    /* U+0047 "G" */
    0x0, 0x0, 0x6c, 0xef, 0xeb, 0x60, 0x0, 0x0,
    0x3, 0xef, 0xff, 0xff, 0xff, 0xd3, 0x0, 0x3,
    0xff, 0xff, 0xfe, 0xff, 0xff, 0xe2, 0x0, 0xdf,
    0xff, 0x60, 0x0, 0x6f, 0xff, 0xb0, 0x5f, 0xff,
    0x40, 0x0, 0x0, 0x6f, 0xff, 0x1a, 0xff, 0xc0,
    0x0, 0x0, 0x0, 0x44, 0x41, 0xdf, 0xf7, 0x0,
    0x0, 0x0, 0x0, 0x0, 0xf, 0xff, 0x50, 0x0,
    0x17, 0x77, 0x77, 0x73, 0xff, 0xf5, 0x0, 0x3,
    0xff, 0xff, 0xff, 0x7d, 0xff, 0x70, 0x0, 0x3f,
    0xff, 0xff, 0xf7, 0xbf, 0xfc, 0x0, 0x0, 0x0,
    0xc, 0xff, 0x65, 0xff, 0xf4, 0x0, 0x0, 0x2,
    0xff, 0xf2, 0xd, 0xff, 0xf6, 0x0, 0x4, 0xdf,
    0xfc, 0x0, 0x3f, 0xff, 0xff, 0xef, 0xff, 0xff,
    0x30, 0x0, 0x4e, 0xff, 0xff, 0xff, 0xfe, 0x40,
    0x0, 0x0, 0x7, 0xce, 0xff, 0xc7, 0x10, 0x0,

    /* U+0048 "H" */
    0x8f, 0xfb, 0x0, 0x0, 0x0, 0x4f, 0xff, 0x8f,
    0xfb, 0x0, 0x0, 0x0, 0x4f, 0xff, 0x8f, 0xfb,
    0x0, 0x0, 0x0, 0x4f, 0xff, 0x8f, 0xfb, 0x0,
    0x0, 0x0, 0x4f, 0xff, 0x8f, 0xfb, 0x0, 0x0,
    0x0, 0x4f, 0xff, 0x8f, 0xfb, 0x0, 0x0, 0x0,
    0x4f, 0xff, 0x8f, 0xfe, 0xbb, 0xbb, 0xbb, 0xcf,
    0xff, 0x8f, 0xff, 0xff, 0xff, 0xff, 0xff, 0xff,
    0x8f, 0xff, 0xff, 0xff, 0xff, 0xff, 0xff, 0x8f,
    0xfb, 0x0, 0x0, 0x0, 0x4f, 0xff, 0x8f, 0xfb,
    0x0, 0x0, 0x0, 0x4f, 0xff, 0x8f, 0xfb, 0x0,
    0x0, 0x0, 0x4f, 0xff, 0x8f, 0xfb, 0x0, 0x0,
    0x0, 0x4f, 0xff, 0x8f, 0xfb, 0x0, 0x0, 0x0,
    0x4f, 0xff, 0x8f, 0xfb, 0x0, 0x0, 0x0, 0x4f,
    0xff, 0x8f, 0xfb, 0x0, 0x0, 0x0, 0x4f, 0xff,

    /* U+0049 "I" */
    0x8f, 0xfb, 0x8f, 0xfb, 0x8f, 0xfb, 0x8f, 0xfb,
    0x8f, 0xfb, 0x8f, 0xfb, 0x8f, 0xfb, 0x8f, 0xfb,
    0x8f, 0xfb, 0x8f, 0xfb, 0x8f, 0xfb, 0x8f, 0xfb,
    0x8f, 0xfb, 0x8f, 0xfb, 0x8f, 0xfb, 0x8f, 0xfb,

    /* U+004A "J" */
    0x0, 0x0, 0x0, 0x0, 0xdf, 0xf6, 0x0, 0x0,
    0x0, 0x0, 0xdf, 0xf6, 0x0, 0x0, 0x0, 0x0,
    0xdf, 0xf6, 0x0, 0x0, 0x0, 0x0, 0xdf, 0xf6,
    0x0, 0x0, 0x0, 0x0, 0xdf, 0xf6, 0x0, 0x0,
    0x0, 0x0, 0xdf, 0xf6, 0x0, 0x0, 0x0, 0x0,
    0xdf, 0xf6, 0x0, 0x0, 0x0, 0x0, 0xdf, 0xf6,
    0x0, 0x0, 0x0, 0x0, 0xdf, 0xf6, 0x0, 0x0,
    0x0, 0x0, 0xdf, 0xf6, 0x3e, 0xee, 0x0, 0x0,
    0xdf, 0xf6, 0x3f, 0xff, 0x0, 0x0, 0xdf, 0xf6,
    0x1f, 0xff, 0x60, 0x3, 0xff, 0xf3, 0xb, 0xff,
    0xfb, 0xaf, 0xff, 0xd0, 0x2, 0xef, 0xff, 0xff,
    0xff, 0x30, 0x0, 0x18, 0xdf, 0xfe, 0x92, 0x0,

    /* U+004B "K" */
    0x8f, 0xfb, 0x0, 0x0, 0x5, 0xff, 0xfa, 0x8,
    0xff, 0xb0, 0x0, 0x3, 0xff, 0xfc, 0x0, 0x8f,
    0xfb, 0x0, 0x2, 0xef, 0xfd, 0x10, 0x8, 0xff,
    0xb0, 0x1, 0xdf, 0xfe, 0x20, 0x0, 0x8f, 0xfb,
    0x0, 0xbf, 0xff, 0x30, 0x0, 0x8, 0xff, 0xb0,
    0x8f, 0xff, 0x50, 0x0, 0x0, 0x8f, 0xfb, 0x5f,
    0xff, 0x80, 0x0, 0x0, 0x8, 0xff, 0xce, 0xff,
    0xf8, 0x0, 0x0, 0x0, 0x8f, 0xff, 0xff, 0xff,
    0xf3, 0x0, 0x0, 0x8, 0xff, 0xff, 0x8d, 0xff,
    0xd0, 0x0, 0x0, 0x8f, 0xff, 0x90, 0x3f, 0xff,
    0x80, 0x0, 0x8, 0xff, 0xd0, 0x0, 0x9f, 0xff,
    0x30, 0x0, 0x8f, 0xfb, 0x0, 0x0, 0xdf, 0xfd,
    0x0, 0x8, 0xff, 0xb0, 0x0, 0x4, 0xff, 0xf9,
    0x0, 0x8f, 0xfb, 0x0, 0x0, 0x9, 0xff, 0xf4,
    0x8, 0xff, 0xb0, 0x0, 0x0, 0xe, 0xff, 0xe0,

    /* U+004C "L" */
    0x8f, 0xfb, 0x0, 0x0, 0x0, 0x8, 0xff, 0xb0,
    0x0, 0x0, 0x0, 0x8f, 0xfb, 0x0, 0x0, 0x0,
    0x8, 0xff, 0xb0, 0x0, 0x0, 0x0, 0x8f, 0xfb,
    0x0, 0x0, 0x0, 0x8, 0xff, 0xb0, 0x0, 0x0,
    0x0, 0x8f, 0xfb, 0x0, 0x0, 0x0, 0x8, 0xff,
    0xb0, 0x0, 0x0, 0x0, 0x8f, 0xfb, 0x0, 0x0,
    0x0, 0x8, 0xff, 0xb0, 0x0, 0x0, 0x0, 0x8f,
    0xfb, 0x0, 0x0, 0x0, 0x8, 0xff, 0xb0, 0x0,
    0x0, 0x0, 0x8f, 0xfb, 0x0, 0x0, 0x0, 0x8,
    0xff, 0xeb, 0xbb, 0xbb, 0xb7, 0x8f, 0xff, 0xff,
    0xff, 0xff, 0xa8, 0xff, 0xff, 0xff, 0xff, 0xfa,

    /* U+004D "M" */
    0x8f, 0xff, 0xfa, 0x0, 0x0, 0x0, 0x2f, 0xff,
    0xff, 0x18, 0xff, 0xff, 0xf0, 0x0, 0x0, 0x8,
    0xff, 0xff, 0xf1, 0x8f, 0xff, 0xff, 0x50, 0x0,
    0x0, 0xdf, 0xff, 0xff, 0x18, 0xff, 0xef, 0xfb,
    0x0, 0x0, 0x3f, 0xfe, 0xff, 0xf1, 0x8f, 0xfa,
    0xff, 0xf1, 0x0, 0x8, 0xff, 0xaf, 0xff, 0x18,
    0xff, 0xac, 0xff, 0x60, 0x0, 0xef, 0xf6, 0xff,
    0xf1, 0x8f, 0xfa, 0x7f, 0xfc, 0x0, 0x4f, 0xfe,
    0x3f, 0xff, 0x18, 0xff, 0xb2, 0xff, 0xf1, 0x9,
    0xff, 0xa3, 0xff, 0xf1, 0x8f, 0xfb, 0xd, 0xff,
    0x60, 0xdf, 0xf4, 0x3f, 0xff, 0x18, 0xff, 0xb0,
    0x7f, 0xfa, 0x1f, 0xfe, 0x3, 0xff, 0xf1, 0x8f,
    0xfb, 0x2, 0xff, 0xe5, 0xff, 0x90, 0x3f, 0xff,
    0x18, 0xff, 0xb0, 0xc, 0xff, 0xaf, 0xf3, 0x3,
    0xff, 0xf1, 0x8f, 0xfb, 0x0, 0x6f, 0xff, 0xfe,
    0x0, 0x3f, 0xff, 0x18, 0xff, 0xb0, 0x1, 0xff,
    0xff, 0x80, 0x3, 0xff, 0xf1, 0x8f, 0xfb, 0x0,
    0xa, 0xff, 0xf2, 0x0, 0x3f, 0xff, 0x18, 0xff,
    0xb0, 0x0, 0x4f, 0xfd, 0x0, 0x3, 0xff, 0xf1,

    /* U+004E "N" */
    0x8f, 0xff, 0x60, 0x0, 0x0, 0xf, 0xff, 0x58,
    0xff, 0xff, 0x10, 0x0, 0x0, 0xff, 0xf5, 0x8f,
    0xff, 0xfb, 0x0, 0x0, 0xf, 0xff, 0x58, 0xff,
    0xff, 0xf5, 0x0, 0x0, 0xff, 0xf5, 0x8f, 0xfd,
    0xff, 0xe0, 0x0, 0xf, 0xff, 0x58, 0xff, 0xac,
    0xff, 0x90, 0x0, 0xff, 0xf5, 0x8f, 0xfb, 0x3f,
    0xff, 0x30, 0xf, 0xff, 0x58, 0xff, 0xc0, 0xbf,
    0xfd, 0x0, 0xff, 0xf5, 0x8f, 0xfc, 0x2, 0xff,
    0xf7, 0xf, 0xff, 0x58, 0xff, 0xc0, 0x7, 0xff,
    0xf1, 0xff, 0xf5, 0x8f, 0xfc, 0x0, 0xd, 0xff,
    0x8e, 0xff, 0x58, 0xff, 0xc0, 0x0, 0x3f, 0xff,
    0xef, 0xf5, 0x8f, 0xfc, 0x0, 0x0, 0x9f, 0xff,
    0xff, 0x58, 0xff, 0xc0, 0x0, 0x0, 0xef, 0xff,
    0xf5, 0x8f, 0xfc, 0x0, 0x0, 0x4, 0xff, 0xff,
    0x58, 0xff, 0xc0, 0x0, 0x0, 0xa, 0xff, 0xf5,

    /* U+004F "O" */
    0x0, 0x0, 0x7c, 0xef, 0xeb, 0x60, 0x0, 0x0,
    0x3, 0xef, 0xff, 0xff, 0xff, 0xe3, 0x0, 0x3,
    0xff, 0xff, 0xfe, 0xff, 0xff, 0xf2, 0x0, 0xdf,
    0xff, 0x60, 0x0, 0x6f, 0xff, 0xd0, 0x6f, 0xff,
    0x40, 0x0, 0x0, 0x5f, 0xff, 0x5b, 0xff, 0xc0,
    0x0, 0x0, 0x0, 0xcf, 0xfa, 0xef, 0xf7, 0x0,
    0x0, 0x0, 0x8, 0xff, 0xdf, 0xff, 0x50, 0x0,
    0x0, 0x0, 0x6f, 0xfe, 0xff, 0xf5, 0x0, 0x0,
    0x0, 0x6, 0xff, 0xee, 0xff, 0x70, 0x0, 0x0,
    0x0, 0x8f, 0xfd, 0xbf, 0xfc, 0x0, 0x0, 0x0,
    0xc, 0xff, 0xa5, 0xff, 0xf4, 0x0, 0x0, 0x5,
    0xff, 0xf5, 0xd, 0xff, 0xf6, 0x0, 0x6, 0xff,
    0xfd, 0x0, 0x3f, 0xff, 0xff, 0xef, 0xff, 0xff,
    0x20, 0x0, 0x3e, 0xff, 0xff, 0xff, 0xfd, 0x30,
    0x0, 0x0, 0x7, 0xce, 0xfe, 0xb6, 0x0, 0x0,

    /* U+0050 "P" */
    0x8f, 0xff, 0xff, 0xff, 0xc6, 0x0, 0x8, 0xff,
    0xff, 0xff, 0xff, 0xfc, 0x10, 0x8f, 0xfe, 0xaa,
    0xbe, 0xff, 0xfa, 0x8, 0xff, 0xb0, 0x0, 0xa,
    0xff, 0xf1, 0x8f, 0xfb, 0x0, 0x0, 0x1f, 0xff,
    0x58, 0xff, 0xb0, 0x0, 0x0, 0xff, 0xf6, 0x8f,
    0xfb, 0x0, 0x0, 0x1f, 0xff, 0x58, 0xff, 0xb0,
    0x0, 0xa, 0xff, 0xf1, 0x8f, 0xfe, 0x99, 0xad,
    0xff, 0xfa, 0x8, 0xff, 0xff, 0xff, 0xff, 0xfc,
    0x0, 0x8f, 0xff, 0xff, 0xff, 0xc6, 0x0, 0x8,
    0xff, 0xb0, 0x0, 0x0, 0x0, 0x0, 0x8f, 0xfb,
    0x0, 0x0, 0x0, 0x0, 0x8, 0xff, 0xb0, 0x0,
    0x0, 0x0, 0x0, 0x8f, 0xfb, 0x0, 0x0, 0x0,
    0x0, 0x8, 0xff, 0xb0, 0x0, 0x0, 0x0, 0x0,

    /* U+0051 "Q" */
    0x0, 0x0, 0x7c, 0xef, 0xeb, 0x60, 0x0, 0x0,
    0x3, 0xef, 0xff, 0xff, 0xff, 0xe3, 0x0, 0x3,
    0xff, 0xff, 0xfe, 0xff, 0xff, 0xf2, 0x0, 0xdf,
    0xff, 0x60, 0x0, 0x6f, 0xff, 0xd0, 0x6f, 0xff,
    0x40, 0x0, 0x0, 0x5f, 0xff, 0x5b, 0xff, 0xc0,
    0x0, 0x0, 0x0, 0xcf, 0xfa, 0xef, 0xf7, 0x0,
    0x0, 0x0, 0x8, 0xff, 0xdf, 0xff, 0x50, 0x0,
    0x0, 0x0, 0x6f, 0xfe, 0xff, 0xf5, 0x0, 0x0,
    0x0, 0x6, 0xff, 0xee, 0xff, 0x70, 0x0, 0x0,
    0x0, 0x8f, 0xfd, 0xbf, 0xfc, 0x0, 0x29, 0x94,
    0xc, 0xff, 0xa5, 0xff, 0xf4, 0x0, 0xaf, 0xf7,
    0xff, 0xf5, 0xd, 0xff, 0xf6, 0x0, 0xdf, 0xff,
    0xfd, 0x0, 0x3f, 0xff, 0xff, 0xef, 0xff, 0xff,
    0x20, 0x0, 0x3e, 0xff, 0xff, 0xff, 0xff, 0xb0,
    0x0, 0x0, 0x7, 0xce, 0xfe, 0xbb, 0xff, 0x80,
    0x0, 0x0, 0x0, 0x0, 0x0, 0xb, 0xff, 0x50,

    /* U+0052 "R" */
    0x8f, 0xff, 0xff, 0xff, 0xc7, 0x0, 0x8, 0xff,
    0xff, 0xff, 0xff, 0xfd, 0x10, 0x8f, 0xfe, 0xaa,
    0xbe, 0xff, 0xfb, 0x8, 0xff, 0xb0, 0x0, 0x9,
    0xff, 0xf2, 0x8f, 0xfb, 0x0, 0x0, 0x1f, 0xff,
    0x58, 0xff, 0xb0, 0x0, 0x0, 0xff, 0xf6, 0x8f,
    0xfb, 0x0, 0x0, 0x2f, 0xff, 0x58, 0xff, 0xb0,
    0x0, 0x3c, 0xff, 0xf1, 0x8f, 0xff, 0xff, 0xff,
    0xff, 0xf8, 0x8, 0xff, 0xff, 0xff, 0xff, 0xf8,
    0x0, 0x8f, 0xfe, 0xaa, 0xdf, 0xfd, 0x0, 0x8,
    0xff, 0xb0, 0x3, 0xff, 0xf6, 0x0, 0x8f, 0xfb,
    0x0, 0x9, 0xff, 0xe0, 0x8, 0xff, 0xb0, 0x0,
    0x1f, 0xff, 0x80, 0x8f, 0xfb, 0x0, 0x0, 0x7f,
    0xff, 0x28, 0xff, 0xb0, 0x0, 0x0, 0xef, 0xfb,

    /* U+0053 "S" */
    0x0, 0x1, 0x7c, 0xff, 0xeb, 0x50, 0x0, 0x0,
    0x3e, 0xff, 0xff, 0xff, 0xfc, 0x10, 0x1, 0xff,
    0xff, 0xdc, 0xef, 0xff, 0xa0, 0x7, 0xff, 0xf3,
    0x0, 0x7, 0xff, 0xf1, 0xa, 0xff, 0xb0, 0x0,
    0x0, 0xaa, 0xa2, 0x9, 0xff, 0xf3, 0x0, 0x0,
    0x0, 0x0, 0x3, 0xff, 0xff, 0xb7, 0x30, 0x0,
    0x0, 0x0, 0x6f, 0xff, 0xff, 0xff, 0x92, 0x0,
    0x0, 0x1, 0x8d, 0xff, 0xff, 0xff, 0x40, 0x0,
    0x0, 0x0, 0x15, 0xaf, 0xff, 0xf1, 0x1, 0x11,
    0x0, 0x0, 0x2, 0xff, 0xf6, 0xf, 0xff, 0x30,
    0x0, 0x0, 0xdf, 0xf7, 0xd, 0xff, 0xc1, 0x0,
    0x6, 0xff, 0xf5, 0x5, 0xff, 0xff, 0xcc, 0xef,
    0xff, 0xe0, 0x0, 0x8f, 0xff, 0xff, 0xff, 0xfe,
    0x30, 0x0, 0x3, 0x9d, 0xff, 0xec, 0x71, 0x0,

    /* U+0054 "T" */
    0x3f, 0xff, 0xff, 0xff, 0xff, 0xff, 0xfe, 0x3f,
    0xff, 0xff, 0xff, 0xff, 0xff, 0xfe, 0x2a, 0xaa,
    0xac, 0xff, 0xfa, 0xaa, 0xa9, 0x0, 0x0, 0x4,
    0xff, 0xf0, 0x0, 0x0, 0x0, 0x0, 0x4, 0xff,
    0xf0, 0x0, 0x0, 0x0, 0x0, 0x4, 0xff, 0xf0,
    0x0, 0x0, 0x0, 0x0, 0x4, 0xff, 0xf0, 0x0,
    0x0, 0x0, 0x0, 0x4, 0xff, 0xf0, 0x0, 0x0,
    0x0, 0x0, 0x4, 0xff, 0xf0, 0x0, 0x0, 0x0,
    0x0, 0x4, 0xff, 0xf0, 0x0, 0x0, 0x0, 0x0,
    0x4, 0xff, 0xf0, 0x0, 0x0, 0x0, 0x0, 0x4,
    0xff, 0xf0, 0x0, 0x0, 0x0, 0x0, 0x4, 0xff,
    0xf0, 0x0, 0x0, 0x0, 0x0, 0x4, 0xff, 0xf0,
    0x0, 0x0, 0x0, 0x0, 0x4, 0xff, 0xf0, 0x0,
    0x0, 0x0, 0x0, 0x4, 0xff, 0xf0, 0x0, 0x0,

    /* U+0055 "U" */
    0x8f, 0xfb, 0x0, 0x0, 0x0, 0xaf, 0xfa, 0x8f,
    0xfb, 0x0, 0x0, 0x0, 0xaf, 0xfa, 0x8f, 0xfb,
    0x0, 0x0, 0x0, 0xaf, 0xfa, 0x8f, 0xfb, 0x0,
    0x0, 0x0, 0xaf, 0xfa, 0x8f, 0xfb, 0x0, 0x0,
    0x0, 0xaf, 0xfa, 0x8f, 0xfb, 0x0, 0x0, 0x0,
    0xaf, 0xfa, 0x8f, 0xfb, 0x0, 0x0, 0x0, 0xaf,
    0xfa, 0x8f, 0xfb, 0x0, 0x0, 0x0, 0xaf, 0xfa,
    0x8f, 0xfb, 0x0, 0x0, 0x0, 0xaf, 0xfa, 0x8f,
    0xfb, 0x0, 0x0, 0x0, 0xaf, 0xfa, 0x8f, 0xfc,
    0x0, 0x0, 0x0, 0xaf, 0xfa, 0x6f, 0xff, 0x20,
    0x0, 0x1, 0xff, 0xf8, 0x1f, 0xff, 0xd3, 0x0,
    0x2c, 0xff, 0xf3, 0x8, 0xff, 0xff, 0xee, 0xff,
    0xff, 0xa0, 0x0, 0x9f, 0xff, 0xff, 0xff, 0xfa,
    0x0, 0x0, 0x3, 0xad, 0xff, 0xea, 0x40, 0x0,

    /* U+0056 "V" */
    0x4f, 0xff, 0x50, 0x0, 0x0, 0x0, 0xef, 0xfb,
    0xe, 0xff, 0xa0, 0x0, 0x0, 0x3, 0xff, 0xf6,
    0x9, 0xff, 0xf0, 0x0, 0x0, 0x8, 0xff, 0xf1,
    0x3, 0xff, 0xf5, 0x0, 0x0, 0xd, 0xff, 0xb0,
    0x0, 0xef, 0xfa, 0x0, 0x0, 0x2f, 0xff, 0x50,
    0x0, 0x8f, 0xff, 0x0, 0x0, 0x7f, 0xff, 0x0,
    0x0, 0x3f, 0xff, 0x50, 0x0, 0xcf, 0xfa, 0x0,
    0x0, 0xd, 0xff, 0xa0, 0x1, 0xff, 0xf5, 0x0,
    0x0, 0x7, 0xff, 0xf0, 0x6, 0xff, 0xf0, 0x0,
    0x0, 0x2, 0xff, 0xf4, 0xb, 0xff, 0xa0, 0x0,
    0x0, 0x0, 0xcf, 0xf8, 0xf, 0xff, 0x40, 0x0,
    0x0, 0x0, 0x7f, 0xfc, 0x3f, 0xff, 0x0, 0x0,
    0x0, 0x0, 0x1f, 0xff, 0x9f, 0xf9, 0x0, 0x0,
    0x0, 0x0, 0xb, 0xff, 0xff, 0xf4, 0x0, 0x0,
    0x0, 0x0, 0x6, 0xff, 0xff, 0xe0, 0x0, 0x0,
    0x0, 0x0, 0x1, 0xff, 0xff, 0x90, 0x0, 0x0,

    /* U+0057 "W" */
    0x5f, 0xff, 0x30, 0x0, 0x6, 0xff, 0xf3, 0x0,
    0x0, 0x6f, 0xff, 0x21, 0xff, 0xf7, 0x0, 0x0,
    0xaf, 0xff, 0x70, 0x0, 0xa, 0xff, 0xe0, 0xc,
    0xff, 0xb0, 0x0, 0xe, 0xff, 0xfb, 0x0, 0x0,
    0xdf, 0xfa, 0x0, 0x8f, 0xfe, 0x0, 0x2, 0xff,
    0xff, 0xf0, 0x0, 0x1f, 0xff, 0x50, 0x4, 0xff,
    0xf2, 0x0, 0x6f, 0xfd, 0xff, 0x30, 0x5, 0xff,
    0xf1, 0x0, 0xf, 0xff, 0x60, 0xa, 0xff, 0x8f,
    0xf7, 0x0, 0x9f, 0xfd, 0x0, 0x0, 0xbf, 0xfa,
    0x0, 0xef, 0xf2, 0xff, 0xb0, 0xd, 0xff, 0x80,
    0x0, 0x7, 0xff, 0xe0, 0x2f, 0xfc, 0xf, 0xff,
    0x0, 0xff, 0xf4, 0x0, 0x0, 0x3f, 0xff, 0x16,
    0xff, 0x80, 0xbf, 0xf3, 0x4f, 0xff, 0x0, 0x0,
    0x0, 0xef, 0xf4, 0x9f, 0xf4, 0x7, 0xff, 0x67,
    0xff, 0xb0, 0x0, 0x0, 0xa, 0xff, 0x7c, 0xff,
    0x0, 0x2f, 0xf9, 0xaf, 0xf7, 0x0, 0x0, 0x0,
    0x6f, 0xfa, 0xff, 0xb0, 0x0, 0xef, 0xcc, 0xff,
    0x30, 0x0, 0x0, 0x1, 0xff, 0xef, 0xf7, 0x0,
    0xa, 0xff, 0xff, 0xe0, 0x0, 0x0, 0x0, 0xd,
    0xff, 0xff, 0x30, 0x0, 0x6f, 0xff, 0xfa, 0x0,
    0x0, 0x0, 0x0, 0x9f, 0xff, 0xf0, 0x0, 0x2,
    0xff, 0xff, 0x60, 0x0, 0x0, 0x0, 0x4, 0xff,
    0xfb, 0x0, 0x0, 0xe, 0xff, 0xf2, 0x0, 0x0,

    /* U+0058 "X" */
    0x9, 0xff, 0xf3, 0x0, 0x0, 0xd, 0xff, 0xd0,
    0x0, 0xef, 0xfd, 0x0, 0x0, 0x8f, 0xff, 0x30,
    0x0, 0x4f, 0xff, 0x80, 0x2, 0xff, 0xf8, 0x0,
    0x0, 0x9, 0xff, 0xf2, 0xc, 0xff, 0xd0, 0x0,
    0x0, 0x0, 0xef, 0xfa, 0x5f, 0xff, 0x30, 0x0,
    0x0, 0x0, 0x4f, 0xff, 0xdf, 0xf8, 0x0, 0x0,
    0x0, 0x0, 0x9, 0xff, 0xff, 0xd0, 0x0, 0x0,
    0x0, 0x0, 0x0, 0xef, 0xff, 0x30, 0x0, 0x0,
    0x0, 0x0, 0x3, 0xff, 0xff, 0x90, 0x0, 0x0,
    0x0, 0x0, 0xd, 0xff, 0xff, 0xf4, 0x0, 0x0,
    0x0, 0x0, 0x9f, 0xfe, 0xbf, 0xfe, 0x0, 0x0,
    0x0, 0x4, 0xff, 0xf5, 0x2f, 0xff, 0x90, 0x0,
    0x0, 0x1e, 0xff, 0xb0, 0x8, 0xff, 0xf4, 0x0,
    0x0, 0xbf, 0xff, 0x10, 0x0, 0xdf, 0xfe, 0x10,
    0x6, 0xff, 0xf5, 0x0, 0x0, 0x3f, 0xff, 0xa0,
    0x2f, 0xff, 0xa0, 0x0, 0x0, 0x8, 0xff, 0xf5,

    /* U+0059 "Y" */
    0x2f, 0xff, 0xa0, 0x0, 0x0, 0x8, 0xff, 0xf4,
    0x9, 0xff, 0xf2, 0x0, 0x0, 0x1f, 0xff, 0xa0,
    0x1, 0xef, 0xfb, 0x0, 0x0, 0x9f, 0xff, 0x20,
    0x0, 0x6f, 0xff, 0x40, 0x2, 0xff, 0xf8, 0x0,
    0x0, 0xc, 0xff, 0xc0, 0xa, 0xff, 0xe0, 0x0,
    0x0, 0x3, 0xff, 0xf5, 0x2f, 0xff, 0x50, 0x0,
    0x0, 0x0, 0x9f, 0xfc, 0x9f, 0xfc, 0x0, 0x0,
    0x0, 0x0, 0x1f, 0xff, 0xff, 0xf2, 0x0, 0x0,
    0x0, 0x0, 0x6, 0xff, 0xff, 0x90, 0x0, 0x0,
    0x0, 0x0, 0x0, 0xdf, 0xfe, 0x10, 0x0, 0x0,
    0x0, 0x0, 0x0, 0x8f, 0xfb, 0x0, 0x0, 0x0,
    0x0, 0x0, 0x0, 0x8f, 0xfb, 0x0, 0x0, 0x0,
    0x0, 0x0, 0x0, 0x8f, 0xfb, 0x0, 0x0, 0x0,
    0x0, 0x0, 0x0, 0x8f, 0xfb, 0x0, 0x0, 0x0,
    0x0, 0x0, 0x0, 0x8f, 0xfb, 0x0, 0x0, 0x0,
    0x0, 0x0, 0x0, 0x8f, 0xfb, 0x0, 0x0, 0x0,

    /* U+005A "Z" */
    0xcf, 0xff, 0xff, 0xff, 0xff, 0xff, 0x6c, 0xff,
    0xff, 0xff, 0xff, 0xff, 0xf6, 0x8a, 0xaa, 0xaa,
    0xaa, 0xef, 0xfe, 0x10, 0x0, 0x0, 0x0, 0x3f,
    0xff, 0x40, 0x0, 0x0, 0x0, 0x1e, 0xff, 0x90,
    0x0, 0x0, 0x0, 0xb, 0xff, 0xd0, 0x0, 0x0,
    0x0, 0x6, 0xff, 0xf3, 0x0, 0x0, 0x0, 0x2,
    0xff, 0xf7, 0x0, 0x0, 0x0, 0x0, 0xdf, 0xfb,
    0x0, 0x0, 0x0, 0x0, 0x8f, 0xfe, 0x10, 0x0,
    0x0, 0x0, 0x4f, 0xff, 0x50, 0x0, 0x0, 0x0,
    0x1e, 0xff, 0x90, 0x0, 0x0, 0x0, 0xa, 0xff,
    0xc0, 0x0, 0x0, 0x0, 0x5, 0xff, 0xfb, 0xaa,
    0xaa, 0xaa, 0xa4, 0xcf, 0xff, 0xff, 0xff, 0xff,
    0xff, 0x6c, 0xff, 0xff, 0xff, 0xff, 0xff, 0xf6,

    /* U+005B "[" */
    0xf, 0xff, 0xff, 0x30, 0xff, 0xff, 0xf3, 0xf,
    0xff, 0x76, 0x10, 0xff, 0xf1, 0x0, 0xf, 0xff,
    0x10, 0x0, 0xff, 0xf1, 0x0, 0xf, 0xff, 0x10,
    0x0, 0xff, 0xf1, 0x0, 0xf, 0xff, 0x10, 0x0,
    0xff, 0xf1, 0x0, 0xf, 0xff, 0x10, 0x0, 0xff,
    0xf1, 0x0, 0xf, 0xff, 0x10, 0x0, 0xff, 0xf1,
    0x0, 0xf, 0xff, 0x10, 0x0, 0xff, 0xf1, 0x0,
    0xf, 0xff, 0x10, 0x0, 0xff, 0xf7, 0x61, 0xf,
    0xff, 0xff, 0x30, 0xff, 0xff, 0xf3,

    /* U+005C "\\" */
    0x9f, 0xf3, 0x0, 0x0, 0x4, 0xff, 0x80, 0x0,
    0x0, 0xf, 0xfc, 0x0, 0x0, 0x0, 0xcf, 0xf0,
    0x0, 0x0, 0x7, 0xff, 0x50, 0x0, 0x0, 0x3f,
    0xf9, 0x0, 0x0, 0x0, 0xef, 0xd0, 0x0, 0x0,
    0xa, 0xff, 0x20, 0x0, 0x0, 0x6f, 0xf6, 0x0,
    0x0, 0x2, 0xff, 0xa0, 0x0, 0x0, 0xd, 0xfe,
    0x0, 0x0, 0x0, 0x9f, 0xf3, 0x0, 0x0, 0x4,
    0xff, 0x70, 0x0, 0x0, 0xf, 0xfc, 0x0, 0x0,
    0x0, 0xcf, 0xf0, 0x0, 0x0, 0x7, 0xff, 0x40,
    0x0, 0x0, 0x3f, 0xf9, 0x0, 0x0, 0x0, 0xff,
    0xd0, 0x0, 0x0, 0xa, 0xff, 0x10,

    /* U+005D "]" */
    0xef, 0xff, 0xf5, 0xef, 0xff, 0xf5, 0x66, 0xdf,
    0xf5, 0x0, 0xcf, 0xf5, 0x0, 0xcf, 0xf5, 0x0,
    0xcf, 0xf5, 0x0, 0xcf, 0xf5, 0x0, 0xcf, 0xf5,
    0x0, 0xcf, 0xf5, 0x0, 0xcf, 0xf5, 0x0, 0xcf,
    0xf5, 0x0, 0xcf, 0xf5, 0x0, 0xcf, 0xf5, 0x0,
    0xcf, 0xf5, 0x0, 0xcf, 0xf5, 0x0, 0xcf, 0xf5,
    0x0, 0xcf, 0xf5, 0x56, 0xdf, 0xf5, 0xef, 0xff,
    0xf5, 0xef, 0xff, 0xf5,

    /* U+005E "^" */
    0x0, 0x0, 0x11, 0x0, 0x0, 0x0, 0x4, 0xff,
    0xe0, 0x0, 0x0, 0xc, 0xff, 0xf7, 0x0, 0x0,
    0x4f, 0xf6, 0xfe, 0x0, 0x0, 0xcf, 0x80, 0xdf,
    0x70, 0x4, 0xff, 0x10, 0x6f, 0xe1, 0xc, 0xfa,
    0x0, 0xe, 0xf8, 0x16, 0x62, 0x0, 0x4, 0x65,

    /* U+005F "_" */
    0x77, 0x77, 0x77, 0x77, 0x77, 0x3f, 0xff, 0xff,
    0xff, 0xff, 0xf7, 0xff, 0xff, 0xff, 0xff, 0xff,
    0x70,

    /* U+0060 "`" */
    0x4, 0x43, 0x0, 0xb, 0xff, 0x10, 0x1, 0xff,
    0x80, 0x0, 0x6f, 0xe0,

    /* U+0061 "a" */
    0x0, 0x7, 0xcf, 0xfe, 0xa3, 0x0, 0x1, 0xcf,
    0xff, 0xff, 0xff, 0x70, 0x9, 0xff, 0xe7, 0x5a,
    0xff, 0xf1, 0x4, 0x69, 0x20, 0x0, 0xef, 0xf5,
    0x0, 0x0, 0x0, 0x25, 0xff, 0xf6, 0x0, 0x5b,
    0xef, 0xff, 0xff, 0xf6, 0x9, 0xff, 0xfe, 0xc9,
    0xef, 0xf6, 0x2f, 0xff, 0x50, 0x0, 0xcf, 0xf6,
    0x4f, 0xfe, 0x0, 0x1, 0xff, 0xf6, 0x2f, 0xff,
    0x84, 0x5d, 0xff, 0xf6, 0xb, 0xff, 0xff, 0xfe,
    0xbf, 0xf6, 0x0, 0x8d, 0xfe, 0xa2, 0xaf, 0xf6,

    /* U+0062 "b" */
    0xaf, 0xf9, 0x0, 0x0, 0x0, 0x0, 0xaf, 0xf9,
    0x0, 0x0, 0x0, 0x0, 0xaf, 0xf9, 0x0, 0x0,
    0x0, 0x0, 0xaf, 0xf9, 0x0, 0x0, 0x0, 0x0,
    0xaf, 0xf9, 0x1a, 0xff, 0xc5, 0x0, 0xaf, 0xfa,
    0xdf, 0xff, 0xff, 0x80, 0xaf, 0xff, 0xfa, 0x9e,
    0xff, 0xf3, 0xaf, 0xff, 0x30, 0x1, 0xef, 0xfa,
    0xaf, 0xfb, 0x0, 0x0, 0x8f, 0xfd, 0xaf, 0xf8,
    0x0, 0x0, 0x5f, 0xff, 0xaf, 0xf8, 0x0, 0x0,
    0x5f, 0xff, 0xaf, 0xfb, 0x0, 0x0, 0x8f, 0xfd,
    0xaf, 0xff, 0x40, 0x1, 0xef, 0xfa, 0xaf, 0xff,
    0xfa, 0x9e, 0xff, 0xf3, 0xaf, 0xf9, 0xdf, 0xff,
    0xff, 0x80, 0xaf, 0xf8, 0x1a, 0xff, 0xc5, 0x0,

    /* U+0063 "c" */
    0x0, 0x2, 0xae, 0xff, 0xc6, 0x0, 0x0, 0x6,
    0xff, 0xff, 0xff, 0xfc, 0x0, 0x3, 0xff, 0xfd,
    0x8a, 0xff, 0xf9, 0x0, 0xaf, 0xfc, 0x0, 0x5,
    0xff, 0xe0, 0xf, 0xff, 0x50, 0x0, 0x5, 0x20,
    0x1, 0xff, 0xf2, 0x0, 0x0, 0x0, 0x0, 0x1f,
    0xff, 0x20, 0x0, 0x0, 0x0, 0x0, 0xff, 0xf5,
    0x0, 0x0, 0x64, 0x10, 0xa, 0xff, 0xd0, 0x0,
    0x5f, 0xff, 0x0, 0x3f, 0xff, 0xd8, 0xaf, 0xff,
    0x80, 0x0, 0x6f, 0xff, 0xff, 0xff, 0xc0, 0x0,
    0x0, 0x2a, 0xef, 0xfc, 0x60, 0x0,

    /* U+0064 "d" */
    0x0, 0x0, 0x0, 0x0, 0xb, 0xff, 0x80, 0x0,
    0x0, 0x0, 0x0, 0xbf, 0xf8, 0x0, 0x0, 0x0,
    0x0, 0xb, 0xff, 0x80, 0x0, 0x0, 0x0, 0x0,
    0xbf, 0xf8, 0x0, 0x6, 0xdf, 0xe9, 0x1b, 0xff,
    0x80, 0xa, 0xff, 0xff, 0xfc, 0xbf, 0xf8, 0x5,
    0xff, 0xfd, 0x9a, 0xff, 0xff, 0x80, 0xcf, 0xfd,
    0x0, 0x5, 0xff, 0xf8, 0xf, 0xff, 0x60, 0x0,
    0xd, 0xff, 0x81, 0xff, 0xf3, 0x0, 0x0, 0xbf,
    0xf8, 0x1f, 0xff, 0x30, 0x0, 0xb, 0xff, 0x80,
    0xff, 0xf6, 0x0, 0x0, 0xef, 0xf8, 0xc, 0xff,
    0xd0, 0x0, 0x6f, 0xff, 0x80, 0x5f, 0xff, 0xe9,
    0xbf, 0xff, 0xf8, 0x0, 0xaf, 0xff, 0xff, 0xca,
    0xff, 0x80, 0x0, 0x6d, 0xfe, 0x90, 0xaf, 0xf8,

    /* U+0065 "e" */
    0x0, 0x2, 0xae, 0xff, 0xb4, 0x0, 0x0, 0x6,
    0xff, 0xff, 0xff, 0xf9, 0x0, 0x3, 0xff, 0xfa,
    0x68, 0xff, 0xf6, 0x0, 0xaf, 0xf8, 0x0, 0x4,
    0xff, 0xd0, 0xf, 0xff, 0x20, 0x0, 0xe, 0xff,
    0x21, 0xff, 0xff, 0xff, 0xff, 0xff, 0xf4, 0x1f,
    0xff, 0xff, 0xff, 0xff, 0xff, 0x40, 0xff, 0xf2,
    0x0, 0x0, 0x0, 0x0, 0xb, 0xff, 0x90, 0x0,
    0x8, 0x64, 0x0, 0x3f, 0xff, 0xb6, 0x7d, 0xff,
    0xc0, 0x0, 0x6f, 0xff, 0xff, 0xff, 0xe2, 0x0,
    0x0, 0x3a, 0xef, 0xfd, 0x81, 0x0,

    /* U+0066 "f" */
    0x0, 0x0, 0x48, 0x97, 0x20, 0x0, 0xaf, 0xff,
    0xf5, 0x0, 0x5f, 0xff, 0xff, 0x10, 0x9, 0xff,
    0xc0, 0x10, 0x0, 0xaf, 0xf8, 0x0, 0xc, 0xff,
    0xff, 0xff, 0xf1, 0xcf, 0xff, 0xff, 0xff, 0x15,
    0x7d, 0xff, 0xc7, 0x70, 0x0, 0xaf, 0xf8, 0x0,
    0x0, 0xa, 0xff, 0x80, 0x0, 0x0, 0xaf, 0xf8,
    0x0, 0x0, 0xa, 0xff, 0x80, 0x0, 0x0, 0xaf,
    0xf8, 0x0, 0x0, 0xa, 0xff, 0x80, 0x0, 0x0,
    0xaf, 0xf8, 0x0, 0x0, 0xa, 0xff, 0x80, 0x0,
    0x0, 0xaf, 0xf8, 0x0, 0x0,

    /* U+0067 "g" */
    0x0, 0x6, 0xdf, 0xfa, 0x1a, 0xff, 0x80, 0x9,
    0xff, 0xff, 0xfc, 0xaf, 0xf8, 0x4, 0xff, 0xfe,
    0x9a, 0xff, 0xff, 0x80, 0xbf, 0xfd, 0x0, 0x5,
    0xff, 0xf8, 0xf, 0xff, 0x60, 0x0, 0xe, 0xff,
    0x81, 0xff, 0xf3, 0x0, 0x0, 0xbf, 0xf8, 0x1f,
    0xff, 0x30, 0x0, 0xa, 0xff, 0x80, 0xff, 0xf5,
    0x0, 0x0, 0xdf, 0xf8, 0xd, 0xff, 0xc0, 0x0,
    0x3f, 0xff, 0x80, 0x6f, 0xff, 0xc7, 0x8f, 0xff,
    0xf8, 0x0, 0xbf, 0xff, 0xff, 0xdb, 0xff, 0x80,
    0x0, 0x7d, 0xff, 0xa1, 0xaf, 0xf8, 0x0, 0x1,
    0x0, 0x0, 0xd, 0xff, 0x60, 0x6e, 0xfd, 0x75,
    0x6b, 0xff, 0xf1, 0x1, 0xdf, 0xff, 0xff, 0xff,
    0xf4, 0x0, 0x0, 0x6c, 0xef, 0xfd, 0x92, 0x0,

    /* U+0068 "h" */
    0xaf, 0xf8, 0x0, 0x0, 0x0, 0x0, 0xaf, 0xf8,
    0x0, 0x0, 0x0, 0x0, 0xaf, 0xf8, 0x0, 0x0,
    0x0, 0x0, 0xaf, 0xf8, 0x0, 0x0, 0x0, 0x0,
    0xaf, 0xf8, 0x2a, 0xff, 0xd5, 0x0, 0xaf, 0xf9,
    0xef, 0xff, 0xff, 0x60, 0xaf, 0xff, 0xfb, 0xbf,
    0xff, 0xf0, 0xaf, 0xff, 0x20, 0x5, 0xff, 0xf3,
    0xaf, 0xfa, 0x0, 0x0, 0xff, 0xf5, 0xaf, 0xf9,
    0x0, 0x0, 0xef, 0xf5, 0xaf, 0xf9, 0x0, 0x0,
    0xef, 0xf5, 0xaf, 0xf9, 0x0, 0x0, 0xef, 0xf5,
    0xaf, 0xf9, 0x0, 0x0, 0xef, 0xf5, 0xaf, 0xf9,
    0x0, 0x0, 0xef, 0xf5, 0xaf, 0xf9, 0x0, 0x0,
    0xef, 0xf5, 0xaf, 0xf9, 0x0, 0x0, 0xef, 0xf5,

    /* U+0069 "i" */
    0x4e, 0xe4, 0xbf, 0xfb, 0x7f, 0xf7, 0x2, 0x20,
    0x0, 0x0, 0xaf, 0xf9, 0xaf, 0xf9, 0xaf, 0xf9,
    0xaf, 0xf9, 0xaf, 0xf9, 0xaf, 0xf9, 0xaf, 0xf9,
    0xaf, 0xf9, 0xaf, 0xf9, 0xaf, 0xf9, 0xaf, 0xf9,
    0xaf, 0xf9,

    /* U+006A "j" */
    0x0, 0x4e, 0xe4, 0x0, 0xbf, 0xfb, 0x0, 0x7f,
    0xf7, 0x0, 0x2, 0x20, 0x0, 0x0, 0x0, 0x0,
    0xaf, 0xf9, 0x0, 0xaf, 0xf9, 0x0, 0xaf, 0xf9,
    0x0, 0xaf, 0xf9, 0x0, 0xaf, 0xf9, 0x0, 0xaf,
    0xf9, 0x0, 0xaf, 0xf9, 0x0, 0xaf, 0xf9, 0x0,
    0xaf, 0xf9, 0x0, 0xaf, 0xf9, 0x0, 0xaf, 0xf9,
    0x0, 0xaf, 0xf9, 0x0, 0xbf, 0xf9, 0x49, 0xff,
    0xf6, 0x8f, 0xff, 0xe1, 0x8f, 0xe9, 0x10,

    /* U+006B "k" */
    0xaf, 0xf9, 0x0, 0x0, 0x0, 0x0, 0xaf, 0xf9,
    0x0, 0x0, 0x0, 0x0, 0xaf, 0xf9, 0x0, 0x0,
    0x0, 0x0, 0xaf, 0xf9, 0x0, 0x0, 0x0, 0x0,
    0xaf, 0xf9, 0x0, 0xb, 0xff, 0xe1, 0xaf, 0xf9,
    0x0, 0x8f, 0xff, 0x30, 0xaf, 0xf9, 0x6, 0xff,
    0xf5, 0x0, 0xaf, 0xf9, 0x3f, 0xff, 0x70, 0x0,
    0xaf, 0xfb, 0xef, 0xf9, 0x0, 0x0, 0xaf, 0xff,
    0xff, 0xf2, 0x0, 0x0, 0xaf, 0xff, 0xff, 0xfc,
    0x0, 0x0, 0xaf, 0xff, 0x7f, 0xff, 0x80, 0x0,
    0xaf, 0xfa, 0x8, 0xff, 0xf3, 0x0, 0xaf, 0xf9,
    0x0, 0xdf, 0xfd, 0x0, 0xaf, 0xf9, 0x0, 0x3f,
    0xff, 0x90, 0xaf, 0xf9, 0x0, 0x7, 0xff, 0xf5,

    /* U+006C "l" */
    0xaf, 0xf9, 0xaf, 0xf9, 0xaf, 0xf9, 0xaf, 0xf9,
    0xaf, 0xf9, 0xaf, 0xf9, 0xaf, 0xf9, 0xaf, 0xf9,
    0xaf, 0xf9, 0xaf, 0xf9, 0xaf, 0xf9, 0xaf, 0xf9,
    0xaf, 0xf9, 0xaf, 0xf9, 0xaf, 0xf9, 0xaf, 0xf9,

    /* U+006D "m" */
    0xaf, 0xf6, 0x2b, 0xff, 0x90, 0x5, 0xcf, 0xfa,
    0x10, 0xaf, 0xf8, 0xef, 0xff, 0xf9, 0x7f, 0xff,
    0xff, 0xe1, 0xaf, 0xff, 0xc8, 0xbf, 0xff, 0xfc,
    0x8b, 0xff, 0xf7, 0xaf, 0xfd, 0x0, 0xc, 0xff,
    0xd0, 0x0, 0xbf, 0xfa, 0xaf, 0xf9, 0x0, 0x8,
    0xff, 0x90, 0x0, 0x8f, 0xfb, 0xaf, 0xf9, 0x0,
    0x8, 0xff, 0x90, 0x0, 0x8f, 0xfb, 0xaf, 0xf9,
    0x0, 0x8, 0xff, 0x90, 0x0, 0x8f, 0xfb, 0xaf,
    0xf9, 0x0, 0x8, 0xff, 0x90, 0x0, 0x8f, 0xfb,
    0xaf, 0xf9, 0x0, 0x8, 0xff, 0x90, 0x0, 0x8f,
    0xfb, 0xaf, 0xf9, 0x0, 0x8, 0xff, 0x90, 0x0,
    0x8f, 0xfb, 0xaf, 0xf9, 0x0, 0x8, 0xff, 0x90,
    0x0, 0x8f, 0xfb, 0xaf, 0xf9, 0x0, 0x8, 0xff,
    0x90, 0x0, 0x8f, 0xfb,

    /* U+006E "n" */
    0xaf, 0xf6, 0x1a, 0xef, 0xd5, 0x0, 0xaf, 0xf8,
    0xef, 0xff, 0xff, 0x60, 0xaf, 0xff, 0xe9, 0x9f,
    0xff, 0xf0, 0xaf, 0xfe, 0x10, 0x4, 0xff, 0xf3,
    0xaf, 0xfa, 0x0, 0x0, 0xff, 0xf5, 0xaf, 0xf9,
    0x0, 0x0, 0xef, 0xf5, 0xaf, 0xf9, 0x0, 0x0,
    0xef, 0xf5, 0xaf, 0xf9, 0x0, 0x0, 0xef, 0xf5,
    0xaf, 0xf9, 0x0, 0x0, 0xef, 0xf5, 0xaf, 0xf9,
    0x0, 0x0, 0xef, 0xf5, 0xaf, 0xf9, 0x0, 0x0,
    0xef, 0xf5, 0xaf, 0xf9, 0x0, 0x0, 0xef, 0xf5,

    /* U+006F "o" */
    0x0, 0x2, 0xae, 0xff, 0xc6, 0x0, 0x0, 0x6,
    0xff, 0xff, 0xff, 0xfc, 0x10, 0x3, 0xff, 0xfd,
    0x8a, 0xff, 0xfa, 0x0, 0xaf, 0xfc, 0x0, 0x5,
    0xff, 0xf2, 0xf, 0xff, 0x50, 0x0, 0xd, 0xff,
    0x71, 0xff, 0xf2, 0x0, 0x0, 0xaf, 0xf9, 0x1f,
    0xff, 0x20, 0x0, 0xa, 0xff, 0x90, 0xff, 0xf5,
    0x0, 0x0, 0xdf, 0xf7, 0xa, 0xff, 0xc0, 0x0,
    0x5f, 0xff, 0x20, 0x3f, 0xff, 0xd8, 0xaf, 0xff,
    0xa0, 0x0, 0x6f, 0xff, 0xff, 0xff, 0xc1, 0x0,
    0x0, 0x2a, 0xef, 0xfc, 0x60, 0x0,

    /* U+0070 "p" */
    0xaf, 0xf8, 0x2b, 0xff, 0xc5, 0x0, 0xaf, 0xfa,
    0xef, 0xff, 0xff, 0x80, 0xaf, 0xff, 0xe8, 0x7d,
    0xff, 0xf3, 0xaf, 0xff, 0x20, 0x0, 0xef, 0xfa,
    0xaf, 0xfb, 0x0, 0x0, 0x7f, 0xfd, 0xaf, 0xf8,
    0x0, 0x0, 0x5f, 0xff, 0xaf, 0xf8, 0x0, 0x0,
    0x5f, 0xff, 0xaf, 0xfc, 0x0, 0x0, 0x8f, 0xfd,
    0xaf, 0xff, 0x40, 0x1, 0xef, 0xfa, 0xaf, 0xff,
    0xfa, 0x9e, 0xff, 0xf3, 0xaf, 0xfa, 0xdf, 0xff,
    0xff, 0x80, 0xaf, 0xf9, 0x1a, 0xff, 0xc5, 0x0,
    0xaf, 0xf9, 0x0, 0x0, 0x0, 0x0, 0xaf, 0xf9,
    0x0, 0x0, 0x0, 0x0, 0xaf, 0xf9, 0x0, 0x0,
    0x0, 0x0, 0xaf, 0xf9, 0x0, 0x0, 0x0, 0x0,

    /* U+0071 "q" */
    0x0, 0x6, 0xdf, 0xe9, 0x1a, 0xff, 0x80, 0xa,
    0xff, 0xff, 0xfc, 0xaf, 0xf8, 0x5, 0xff, 0xfd,
    0x9a, 0xff, 0xff, 0x80, 0xcf, 0xfd, 0x0, 0x5,
    0xff, 0xf8, 0xf, 0xff, 0x60, 0x0, 0xd, 0xff,
    0x81, 0xff, 0xf3, 0x0, 0x0, 0xbf, 0xf8, 0x1f,
    0xff, 0x30, 0x0, 0xb, 0xff, 0x80, 0xff, 0xf6,
    0x0, 0x0, 0xef, 0xf8, 0xc, 0xff, 0xd0, 0x0,
    0x6f, 0xff, 0x80, 0x5f, 0xff, 0xe9, 0xbf, 0xff,
    0xf8, 0x0, 0xaf, 0xff, 0xff, 0xcb, 0xff, 0x80,
    0x0, 0x6d, 0xfe, 0x90, 0xbf, 0xf8, 0x0, 0x0,
    0x0, 0x0, 0xb, 0xff, 0x80, 0x0, 0x0, 0x0,
    0x0, 0xbf, 0xf8, 0x0, 0x0, 0x0, 0x0, 0xb,
    0xff, 0x80, 0x0, 0x0, 0x0, 0x0, 0xbf, 0xf8,

    /* U+0072 "r" */
    0x0, 0x0, 0x0, 0x0, 0xaf, 0xf7, 0x4d, 0xf9,
    0xaf, 0xf9, 0xff, 0xf9, 0xaf, 0xff, 0xfb, 0xa6,
    0xaf, 0xff, 0x30, 0x0, 0xaf, 0xfa, 0x0, 0x0,
    0xaf, 0xf9, 0x0, 0x0, 0xaf, 0xf9, 0x0, 0x0,
    0xaf, 0xf9, 0x0, 0x0, 0xaf, 0xf9, 0x0, 0x0,
    0xaf, 0xf9, 0x0, 0x0, 0xaf, 0xf9, 0x0, 0x0,
    0xaf, 0xf9, 0x0, 0x0,

    /* U+0073 "s" */
    0x0, 0x18, 0xdf, 0xfe, 0xa3, 0x0, 0x2, 0xef,
    0xff, 0xff, 0xff, 0x50, 0xa, 0xff, 0xd6, 0x49,
    0xff, 0xf0, 0xd, 0xff, 0x60, 0x0, 0x76, 0x40,
    0xb, 0xff, 0xe7, 0x30, 0x0, 0x0, 0x3, 0xff,
    0xff, 0xff, 0xd8, 0x10, 0x0, 0x18, 0xdf, 0xff,
    0xff, 0xd0, 0x0, 0x0, 0x0, 0x49, 0xff, 0xf6,
    0x8, 0xbd, 0x10, 0x0, 0xdf, 0xf7, 0xd, 0xff,
    0xd6, 0x59, 0xff, 0xf3, 0x3, 0xff, 0xff, 0xff,
    0xff, 0x80, 0x0, 0x19, 0xdf, 0xfe, 0xa3, 0x0,

    /* U+0074 "t" */
    0x2, 0xff, 0xf1, 0x0, 0x2, 0xff, 0xf1, 0x0,
    0x2, 0xff, 0xf1, 0x0, 0xcf, 0xff, 0xff, 0xf5,
    0xcf, 0xff, 0xff, 0xf5, 0x58, 0xff, 0xf8, 0x72,
    0x2, 0xff, 0xf1, 0x0, 0x2, 0xff, 0xf1, 0x0,
    0x2, 0xff, 0xf1, 0x0, 0x2, 0xff, 0xf1, 0x0,
    0x2, 0xff, 0xf1, 0x0, 0x1, 0xff, 0xf1, 0x0,
    0x0, 0xff, 0xfb, 0x92, 0x0, 0xaf, 0xff, 0xf6,
    0x0, 0x8, 0xef, 0xf7,

    /* U+0075 "u" */
    0xaf, 0xf9, 0x0, 0x0, 0xef, 0xf5, 0xaf, 0xf9,
    0x0, 0x0, 0xef, 0xf5, 0xaf, 0xf9, 0x0, 0x0,
    0xef, 0xf5, 0xaf, 0xf9, 0x0, 0x0, 0xef, 0xf5,
    0xaf, 0xf9, 0x0, 0x0, 0xef, 0xf5, 0xaf, 0xf9,
    0x0, 0x0, 0xef, 0xf5, 0xaf, 0xf9, 0x0, 0x0,
    0xef, 0xf5, 0x9f, 0xfa, 0x0, 0x0, 0xff, 0xf5,
    0x8f, 0xff, 0x20, 0x7, 0xff, 0xf5, 0x4f, 0xff,
    0xfb, 0xcf, 0xef, 0xf5, 0xb, 0xff, 0xff, 0xf9,
    0xbf, 0xf5, 0x0, 0x8e, 0xfe, 0x70, 0xbf, 0xf5,

    /* U+0076 "v" */
    0x7f, 0xfe, 0x0, 0x0, 0xb, 0xff, 0xa2, 0xff,
    0xf4, 0x0, 0x0, 0xff, 0xf4, 0xc, 0xff, 0x90,
    0x0, 0x5f, 0xfe, 0x0, 0x6f, 0xfe, 0x0, 0xa,
    0xff, 0x90, 0x0, 0xff, 0xf3, 0x0, 0xff, 0xf3,
    0x0, 0xa, 0xff, 0x80, 0x4f, 0xfd, 0x0, 0x0,
    0x4f, 0xfd, 0x9, 0xff, 0x70, 0x0, 0x0, 0xef,
    0xf2, 0xef, 0xf1, 0x0, 0x0, 0x8, 0xff, 0x8f,
    0xfb, 0x0, 0x0, 0x0, 0x2f, 0xfe, 0xff, 0x50,
    0x0, 0x0, 0x0, 0xcf, 0xff, 0xf0, 0x0, 0x0,
    0x0, 0x6, 0xff, 0xf9, 0x0, 0x0,

    /* U+0077 "w" */
    0x8f, 0xfd, 0x0, 0x4, 0xff, 0xf0, 0x0, 0x2f,
    0xff, 0x33, 0xff, 0xf1, 0x0, 0x8f, 0xff, 0x30,
    0x6, 0xff, 0xe0, 0xe, 0xff, 0x40, 0xb, 0xff,
    0xf7, 0x0, 0xaf, 0xfa, 0x0, 0xaf, 0xf8, 0x0,
    0xff, 0xff, 0xa0, 0xd, 0xff, 0x50, 0x5, 0xff,
    0xc0, 0x3f, 0xfa, 0xfe, 0x1, 0xff, 0xf0, 0x0,
    0x1f, 0xff, 0x7, 0xff, 0x4f, 0xf2, 0x5f, 0xfb,
    0x0, 0x0, 0xcf, 0xf3, 0xbf, 0xb0, 0xff, 0x68,
    0xff, 0x70, 0x0, 0x7, 0xff, 0x7e, 0xf7, 0xc,
    0xf9, 0xcf, 0xf2, 0x0, 0x0, 0x2f, 0xfc, 0xff,
    0x20, 0x7f, 0xdf, 0xfd, 0x0, 0x0, 0x0, 0xdf,
    0xff, 0xe0, 0x3, 0xff, 0xff, 0x80, 0x0, 0x0,
    0x9, 0xff, 0xf9, 0x0, 0xe, 0xff, 0xf3, 0x0,
    0x0, 0x0, 0x4f, 0xff, 0x40, 0x0, 0x9f, 0xfe,
    0x0, 0x0,

    /* U+0078 "x" */
    0x1e, 0xff, 0x70, 0x0, 0x9f, 0xfd, 0x0, 0x6f,
    0xff, 0x10, 0x2f, 0xff, 0x30, 0x0, 0xcf, 0xf9,
    0xb, 0xff, 0x90, 0x0, 0x2, 0xff, 0xf5, 0xff,
    0xe0, 0x0, 0x0, 0x8, 0xff, 0xff, 0xf5, 0x0,
    0x0, 0x0, 0xe, 0xff, 0xfb, 0x0, 0x0, 0x0,
    0x2, 0xff, 0xff, 0xd0, 0x0, 0x0, 0x0, 0xbf,
    0xfd, 0xff, 0x70, 0x0, 0x0, 0x5f, 0xfd, 0x2f,
    0xff, 0x20, 0x0, 0x1e, 0xff, 0x50, 0x9f, 0xfb,
    0x0, 0x9, 0xff, 0xc0, 0x1, 0xff, 0xf5, 0x3,
    0xff, 0xf2, 0x0, 0x6, 0xff, 0xe1,

    /* U+0079 "y" */
    0x7f, 0xfe, 0x0, 0x0, 0xa, 0xff, 0xb1, 0xff,
    0xf4, 0x0, 0x0, 0xff, 0xf5, 0xb, 0xff, 0x90,
    0x0, 0x5f, 0xfe, 0x0, 0x5f, 0xfe, 0x0, 0xb,
    0xff, 0x80, 0x0, 0xef, 0xf4, 0x1, 0xff, 0xf2,
    0x0, 0x8, 0xff, 0x90, 0x6f, 0xfb, 0x0, 0x0,
    0x2f, 0xfe, 0xb, 0xff, 0x50, 0x0, 0x0, 0xcf,
    0xf3, 0xff, 0xe0, 0x0, 0x0, 0x5, 0xff, 0xbf,
    0xf8, 0x0, 0x0, 0x0, 0xf, 0xff, 0xff, 0x20,
    0x0, 0x0, 0x0, 0x9f, 0xff, 0xc0, 0x0, 0x0,
    0x0, 0x3, 0xff, 0xf6, 0x0, 0x0, 0x0, 0x0,
    0x4f, 0xff, 0x0, 0x0, 0x0, 0x8, 0x7e, 0xff,
    0x80, 0x0, 0x0, 0x5, 0xff, 0xff, 0xd0, 0x0,
    0x0, 0x0, 0x7f, 0xfe, 0x91, 0x0, 0x0, 0x0,

    /* U+007A "z" */
    0x8f, 0xff, 0xff, 0xff, 0xff, 0x18, 0xff, 0xff,
    0xff, 0xff, 0xf1, 0x59, 0x99, 0x99, 0xff, 0xfc,
    0x0, 0x0, 0x0, 0x8f, 0xfe, 0x10, 0x0, 0x0,
    0x4f, 0xff, 0x40, 0x0, 0x0, 0x2f, 0xff, 0x80,
    0x0, 0x0, 0xd, 0xff, 0xb0, 0x0, 0x0, 0xa,
    0xff, 0xe1, 0x0, 0x0, 0x7, 0xff, 0xf3, 0x0,
    0x0, 0x4, 0xff, 0xfd, 0x99, 0x99, 0x93, 0xbf,
    0xff, 0xff, 0xff, 0xff, 0x5b, 0xff, 0xff, 0xff,
    0xff, 0xf5,

    /* U+007B "{" */
    0x0, 0x0, 0x4b, 0xef, 0x30, 0x0, 0x5f, 0xff,
    0xf3, 0x0, 0xd, 0xff, 0xd7, 0x10, 0x0, 0xff,
    0xf1, 0x0, 0x0, 0x1f, 0xfe, 0x0, 0x0, 0x1,
    0xff, 0xe0, 0x0, 0x0, 0x1f, 0xfe, 0x0, 0x0,
    0x3, 0xff, 0xd0, 0x0, 0x2, 0xbf, 0xfa, 0x0,
    0x8, 0xff, 0xfd, 0x20, 0x0, 0x8f, 0xfc, 0x10,
    0x0, 0x7, 0xff, 0xfe, 0x30, 0x0, 0x0, 0x9f,
    0xfc, 0x0, 0x0, 0x2, 0xff, 0xe0, 0x0, 0x0,
    0x1f, 0xfe, 0x0, 0x0, 0x1, 0xff, 0xe0, 0x0,
    0x0, 0xf, 0xff, 0x10, 0x0, 0x0, 0xef, 0xfc,
    0x71, 0x0, 0x6, 0xff, 0xff, 0x30, 0x0, 0x5,
    0xbe, 0xf3,

    /* U+007C "|" */
    0x6f, 0xf9, 0x7f, 0xf9, 0x7f, 0xf9, 0x7f, 0xf9,
    0x7f, 0xf9, 0x7f, 0xf9, 0x7f, 0xf9, 0x7f, 0xf9,
    0x7f, 0xf9, 0x7f, 0xf9, 0x7f, 0xf9, 0x7f, 0xf9,
    0x7f, 0xf9, 0x7f, 0xf9, 0x7f, 0xf9, 0x7f, 0xf9,
    0x7f, 0xf9, 0x7f, 0xf9, 0x7f, 0xf9, 0x7f, 0xf9,
    0x7f, 0xf9, 0x7f, 0xf9, 0x7f, 0xf9, 0x7f, 0xf9,
    0x7f, 0xf9, 0x7f, 0xf9,

    /* U+007D "}" */
    0xee, 0xc6, 0x0, 0x0, 0xef, 0xff, 0xa0, 0x0,
    0x6b, 0xff, 0xf2, 0x0, 0x0, 0xcf, 0xf5, 0x0,
    0x0, 0x9f, 0xf6, 0x0, 0x0, 0x9f, 0xf6, 0x0,
    0x0, 0x9f, 0xf6, 0x0, 0x0, 0x8f, 0xf8, 0x0,
    0x0, 0x5f, 0xfe, 0x40, 0x0, 0xa, 0xff, 0xfe,
    0x0, 0x0, 0x7f, 0xfe, 0x0, 0xc, 0xff, 0xfd,
    0x0, 0x7f, 0xfd, 0x10, 0x0, 0x8f, 0xf7, 0x0,
    0x0, 0x9f, 0xf6, 0x0, 0x0, 0x9f, 0xf6, 0x0,
    0x0, 0xbf, 0xf5, 0x0, 0x6a, 0xff, 0xf3, 0x0,
    0xef, 0xff, 0xb0, 0x0, 0xef, 0xd8, 0x0, 0x0,

    /* U+007E "~" */
    0x0, 0x49, 0x95, 0x0, 0x1, 0x55, 0x10, 0x7f,
    0xff, 0xfc, 0x10, 0x6f, 0xf3, 0xf, 0xff, 0xff,
    0xfe, 0xbf, 0xff, 0x3, 0xff, 0x80, 0x7f, 0xff,
    0xff, 0x90, 0x3a, 0xa2, 0x0, 0x3b, 0xfe, 0x90,
    0x0,

    /* U+00A0 " " */

    /* U+00A1 "¡" */
    0x9, 0xfd, 0x22, 0xff, 0xf9, 0x1f, 0xff, 0x70,
    0x39, 0x60, 0x0, 0x0, 0x0, 0xac, 0xc2, 0xc,
    0xff, 0x30, 0xdf, 0xf4, 0xd, 0xff, 0x40, 0xef,
    0xf4, 0xe, 0xff, 0x50, 0xef, 0xf5, 0xf, 0xff,
    0x60, 0xff, 0xf6, 0xf, 0xff, 0x60, 0xff, 0xf7,

    /* U+00A2 "¢" */
    0x0, 0x0, 0x0, 0xf5, 0x0, 0x0, 0x0, 0x0,
    0x0, 0xf, 0x50, 0x0, 0x0, 0x0, 0x2, 0xae,
    0xff, 0xc6, 0x0, 0x0, 0x6, 0xff, 0xff, 0xff,
    0xfc, 0x0, 0x3, 0xff, 0xfd, 0xfc, 0xff, 0xf9,
    0x0, 0xaf, 0xfc, 0xf, 0x55, 0xff, 0xe0, 0xf,
    0xff, 0x50, 0xf5, 0x5, 0x20, 0x1, 0xff, 0xf2,
    0xf, 0x50, 0x0, 0x0, 0x1f, 0xff, 0x20, 0xf5,
    0x0, 0x0, 0x0, 0xff, 0xf5, 0xf, 0x50, 0x64,
    0x10, 0xa, 0xff, 0xd0, 0xf5, 0x5f, 0xff, 0x0,
    0x3f, 0xff, 0xdf, 0xcf, 0xff, 0x80, 0x0, 0x6f,
    0xff, 0xff, 0xff, 0xc0, 0x0, 0x0, 0x2a, 0xef,
    0xfc, 0x60, 0x0, 0x0, 0x0, 0x0, 0xf5, 0x0,
    0x0, 0x0, 0x0, 0x0, 0xf, 0x50, 0x0, 0x0,

    /* U+00A3 "£" */
    0x0, 0x1, 0x9d, 0xff, 0xc5, 0x0, 0x0, 0x3,
    0xff, 0xff, 0xff, 0xfa, 0x0, 0x0, 0xef, 0xff,
    0xbc, 0xff, 0xf6, 0x0, 0x5f, 0xfe, 0x10, 0x7,
    0xff, 0xd0, 0x7, 0xff, 0xa0, 0x0, 0x9, 0x64,
    0x0, 0x7f, 0xf9, 0x0, 0x0, 0x0, 0x0, 0x7,
    0xff, 0xa0, 0x0, 0x0, 0x0, 0xf, 0xff, 0xff,
    0xff, 0xfe, 0x0, 0x0, 0xff, 0xff, 0xff, 0xff,
    0xe0, 0x0, 0x0, 0x5f, 0xfc, 0x0, 0x0, 0x0,
    0x0, 0x3, 0xff, 0xc0, 0x0, 0x0, 0x0, 0x0,
    0x3f, 0xfc, 0x0, 0x0, 0x0, 0x0, 0x6, 0xff,
    0x60, 0x0, 0xc, 0xee, 0x1c, 0xff, 0xeb, 0xbb,
    0xbb, 0xff, 0xf0, 0xff, 0xff, 0xff, 0xff, 0xff,
    0xfb, 0xf, 0xff, 0xff, 0xff, 0xff, 0xea, 0x10,

    /* U+00A4 "¤" */
    0x1, 0x0, 0x0, 0x0, 0x0, 0x0, 0x10, 0x1,
    0xcb, 0x5, 0xbf, 0xfe, 0xa3, 0x1d, 0xa0, 0x3f,
    0xff, 0xff, 0xff, 0xff, 0xfe, 0xfe, 0x10, 0x4f,
    0xfe, 0x50, 0x1, 0x7f, 0xfe, 0x20, 0x7, 0xfd,
    0x10, 0x0, 0x0, 0x3f, 0xf3, 0x0, 0xef, 0x30,
    0x0, 0x0, 0x0, 0x8f, 0xa0, 0x1f, 0xe0, 0x0,
    0x0, 0x0, 0x2, 0xfd, 0x2, 0xfc, 0x0, 0x0,
    0x0, 0x0, 0x1f, 0xe0, 0x1f, 0xe0, 0x0, 0x0,
    0x0, 0x3, 0xfd, 0x0, 0xef, 0x40, 0x0, 0x0,
    0x0, 0x8f, 0x90, 0x7, 0xfd, 0x10, 0x0, 0x0,
    0x4f, 0xf3, 0x0, 0x7f, 0xfe, 0x61, 0x2, 0x8f,
    0xff, 0x40, 0x4f, 0xfd, 0xff, 0xff, 0xff, 0xfd,
    0xff, 0x10, 0x97, 0x5, 0xbf, 0xfe, 0xa3, 0xa,
    0x60, 0x0, 0x0, 0x0, 0x0, 0x0, 0x0, 0x0,
    0x0,

    /* U+00A5 "¥" */
    0x7f, 0xfe, 0x0, 0x0, 0x5f, 0xff, 0x10, 0xff,
    0xf4, 0x0, 0xb, 0xff, 0x90, 0x8, 0xff, 0xb0,
    0x2, 0xff, 0xf2, 0x0, 0x2f, 0xff, 0x10, 0x8f,
    0xfa, 0x0, 0x0, 0xaf, 0xf7, 0xe, 0xff, 0x30,
    0x0, 0x3, 0xff, 0xd5, 0xff, 0xc0, 0x0, 0x0,
    0xc, 0xff, 0xef, 0xf5, 0x0, 0x0, 0x1, 0x6f,
    0xff, 0xfe, 0x11, 0x0, 0xd, 0xff, 0xff, 0xff,
    0xff, 0xf0, 0x0, 0xdf, 0xff, 0xff, 0xff, 0xff,
    0x0, 0x0, 0x0, 0x6f, 0xfd, 0x0, 0x0, 0x0,
    0xdf, 0xff, 0xff, 0xff, 0xff, 0x0, 0xb, 0xee,
    0xff, 0xff, 0xee, 0xe0, 0x0, 0x0, 0x6, 0xff,
    0xd0, 0x0, 0x0, 0x0, 0x0, 0x6f, 0xfd, 0x0,
    0x0, 0x0, 0x0, 0x6, 0xff, 0xd0, 0x0, 0x0,

    /* U+00A6 "¦" */
    0xbf, 0xf2, 0xbf, 0xf2, 0xbf, 0xf2, 0xbf, 0xf2,
    0xbf, 0xf2, 0xbf, 0xf2, 0xbf, 0xf2, 0x35, 0x50,
    0x0, 0x0, 0x0, 0x0, 0x0, 0x0, 0x45, 0x51,
    0xbf, 0xf2, 0xbf, 0xf2, 0xbf, 0xf2, 0xbf, 0xf2,
    0xbf, 0xf2, 0xbf, 0xf2, 0xbf, 0xf2,

    /* U+00A7 "§" */
    0x0, 0x6c, 0xff, 0xd8, 0x0, 0x0, 0x9f, 0xff,
    0xff, 0xfc, 0x0, 0x2f, 0xff, 0x98, 0xdf, 0xf6,
    0x5, 0xff, 0x90, 0x2, 0xec, 0x60, 0x3f, 0xfc,
    0x0, 0x0, 0x0, 0x0, 0xdf, 0xfd, 0x60, 0x0,
    0x0, 0x1, 0xdf, 0xff, 0xf9, 0x20, 0x3, 0xdf,
    0x8b, 0xff, 0xff, 0x70, 0xdf, 0x90, 0x2, 0x8f,
    0xff, 0x3f, 0xfb, 0x0, 0x0, 0x4f, 0xf7, 0xbf,
    0xfb, 0x40, 0x1, 0xff, 0x51, 0xdf, 0xff, 0xd8,
    0xcf, 0x90, 0x0, 0x7d, 0xff, 0xff, 0x80, 0x0,
    0x0, 0x4, 0xaf, 0xff, 0x50, 0x0, 0x0, 0x0,
    0x5f, 0xfb, 0x5, 0xcf, 0x50, 0x2, 0xff, 0xc0,
    0x4f, 0xff, 0x98, 0xdf, 0xf9, 0x0, 0x9f, 0xff,
    0xff, 0xfe, 0x10, 0x0, 0x6c, 0xff, 0xd9, 0x10,
    0x0,

    /* U+00A8 "¨" */
    0x0, 0x10, 0x0, 0x0, 0x0, 0xbf, 0xa0, 0x1e,
    0xf7, 0x1f, 0xff, 0x5, 0xff, 0xc0, 0xaf, 0x90,
    0x1c, 0xf5,

    /* U+00A9 "©" */
    0x0, 0x0, 0x0, 0x15, 0x77, 0x62, 0x0, 0x0,
    0x0, 0x0, 0x0, 0x2b, 0xff, 0xff, 0xff, 0xc3,
    0x0, 0x0, 0x0, 0x5, 0xff, 0xff, 0xff, 0xff,
    0xff, 0x70, 0x0, 0x0, 0x5f, 0xff, 0x93, 0x0,
    0x39, 0xff, 0xf6, 0x0, 0x1, 0xef, 0xf4, 0x0,
    0x12, 0x0, 0x3e, 0xff, 0x20, 0x8, 0xff, 0x50,
    0x5d, 0xff, 0xe7, 0x4, 0xff, 0xa0, 0xe, 0xfc,
    0x6, 0xff, 0xff, 0xff, 0x90, 0xbf, 0xf0, 0x1f,
    0xf7, 0xf, 0xfa, 0x10, 0x7f, 0xf2, 0x6f, 0xf3,
    0x2f, 0xf5, 0x4f, 0xf0, 0x0, 0x3, 0x31, 0x3f,
    0xf4, 0x2f, 0xf6, 0x4f, 0xf0, 0x0, 0x3, 0x30,
    0x4f, 0xf4, 0xf, 0xfa, 0xf, 0xfa, 0x10, 0x8f,
    0xf1, 0x8f, 0xf1, 0xb, 0xff, 0x16, 0xff, 0xff,
    0xff, 0x80, 0xef, 0xd0, 0x4, 0xff, 0xb0, 0x5d,
    0xff, 0xe7, 0xa, 0xff, 0x60, 0x0, 0xaf, 0xfc,
    0x20, 0x12, 0x1, 0xbf, 0xfc, 0x0, 0x0, 0xc,
    0xff, 0xfb, 0x88, 0xbf, 0xff, 0xd1, 0x0, 0x0,
    0x0, 0x9f, 0xff, 0xff, 0xff, 0xfa, 0x10, 0x0,
    0x0, 0x0, 0x3, 0x9d, 0xff, 0xda, 0x30, 0x0,
    0x0,

    /* U+00AA "ª" */
    0x0, 0x5c, 0xff, 0xc6, 0x0, 0x8, 0xff, 0xff,
    0xff, 0x80, 0xb, 0xe8, 0x0, 0xaf, 0xf0, 0x0,
    0x0, 0x1, 0xaf, 0xf1, 0x1, 0x9d, 0xff, 0xff,
    0xf1, 0xe, 0xff, 0xca, 0xaf, 0xf1, 0x5f, 0xf3,
    0x0, 0x7f, 0xf1, 0x5f, 0xf2, 0x1, 0xdf, 0xf1,
    0x1f, 0xff, 0xdf, 0xef, 0xf1, 0x4, 0xcf, 0xf9,
    0x5f, 0xf1,

    /* U+00AB "«" */
    0x0, 0x0, 0x3f, 0xff, 0x43, 0xff, 0xf5, 0x0,
    0x2, 0xef, 0xf6, 0x1e, 0xff, 0x70, 0x0, 0x1d,
    0xff, 0x90, 0xcf, 0xf9, 0x0, 0x0, 0xbf, 0xfb,
    0xb, 0xff, 0xb0, 0x0, 0x9, 0xff, 0xd0, 0x9f,
    0xfd, 0x10, 0x0, 0x9, 0xff, 0xd0, 0x9f, 0xfd,
    0x10, 0x0, 0x0, 0xbf, 0xfb, 0xb, 0xff, 0xb0,
    0x0, 0x0, 0x1d, 0xff, 0x90, 0xcf, 0xf9, 0x0,
    0x0, 0x2, 0xef, 0xf6, 0x1e, 0xff, 0x70, 0x0,
    0x0, 0x3f, 0xff, 0x43, 0xff, 0xf5,

    /* U+00AC "¬" */
    0x68, 0x88, 0x88, 0x88, 0x88, 0xb, 0xff, 0xff,
    0xff, 0xff, 0xf0, 0xbf, 0xff, 0xff, 0xff, 0xff,
    0x0, 0x0, 0x0, 0x0, 0xbf, 0xf0, 0x0, 0x0,
    0x0, 0xb, 0xff, 0x0, 0x0, 0x0, 0x0, 0x58,
    0x80,

    /* U+00AE "®" */
    0x0, 0x0, 0x59, 0x98, 0x30, 0x0, 0x0, 0x5,
    0xef, 0xff, 0xff, 0xb1, 0x0, 0x5, 0xfe, 0x61,
    0x2, 0x9f, 0xd1, 0x1, 0xfd, 0x10, 0x0, 0x0,
    0x6f, 0xa0, 0x8f, 0x30, 0xef, 0xfd, 0x30, 0xaf,
    0x2d, 0xd0, 0xf, 0x92, 0xdc, 0x4, 0xf6, 0xfb,
    0x0, 0xf8, 0xd, 0xc0, 0x2f, 0x8e, 0xc0, 0xf,
    0xff, 0xf3, 0x3, 0xf7, 0xbf, 0x10, 0xf8, 0x3f,
    0x50, 0x7f, 0x44, 0xf9, 0xb, 0x60, 0x99, 0x1e,
    0xd0, 0xa, 0xf9, 0x0, 0x0, 0x3d, 0xf4, 0x0,
    0xa, 0xff, 0xba, 0xcf, 0xf5, 0x0, 0x0, 0x5,
    0xbf, 0xfe, 0x92, 0x0, 0x0,

    /* U+00AF "¯" */
    0x0, 0x0, 0x0, 0x4, 0xff, 0xff, 0xff, 0x4f,
    0xff, 0xff, 0xf0,

    /* U+00B0 "°" */
    0x0, 0x1, 0x10, 0x0, 0x3, 0xdf, 0xfe, 0x40,
    0x2f, 0xff, 0xff, 0xf4, 0x9f, 0xc1, 0x1b, 0xfb,
    0xcf, 0x70, 0x5, 0xfd, 0x9f, 0xd4, 0x3c, 0xfa,
    0x1e, 0xff, 0xff, 0xf2, 0x2, 0xaf, 0xfb, 0x30,

    /* U+00B1 "±" */
    0x0, 0x0, 0xe, 0xfd, 0x0, 0x0, 0x0, 0x0,
    0xe, 0xfd, 0x0, 0x0, 0x7, 0x77, 0x7f, 0xfe,
    0x77, 0x77, 0xf, 0xff, 0xff, 0xff, 0xff, 0xff,
    0xf, 0xff, 0xff, 0xff, 0xff, 0xff, 0x0, 0x0,
    0xe, 0xfd, 0x0, 0x0, 0x0, 0x0, 0xe, 0xfd,
    0x0, 0x0, 0x0, 0x0, 0xb, 0xca, 0x0, 0x0,
    0x0, 0x0, 0x0, 0x0, 0x0, 0x0, 0xf, 0xff,
    0xff, 0xff, 0xff, 0xff, 0xf, 0xff, 0xff, 0xff,
    0xff, 0xff, 0x8, 0x88, 0x88, 0x88, 0x88, 0x88,

    /* U+00B2 "²" */
    0x6, 0xdf, 0xfc, 0x60, 0x8, 0xff, 0xff, 0xff,
    0x70, 0xdf, 0x90, 0x1d, 0xfc, 0x0, 0x0, 0x0,
    0xdf, 0xb0, 0x0, 0x2, 0xdf, 0xf2, 0x0, 0x6,
    0xff, 0xc2, 0x0, 0x1b, 0xff, 0x71, 0x11, 0xc,
    0xff, 0xff, 0xff, 0xf0, 0xcf, 0xff, 0xff, 0xff,
    0x0,

    /* U+00B3 "³" */
    0x4, 0xbf, 0xfd, 0x70, 0x5, 0xff, 0xff, 0xff,
    0x90, 0x9d, 0xb1, 0xa, 0xfe, 0x0, 0x0, 0x23,
    0xcf, 0xb0, 0x0, 0x1f, 0xff, 0xa1, 0x0, 0x0,
    0x55, 0xcf, 0xe1, 0xab, 0x92, 0x19, 0xff, 0x57,
    0xff, 0xff, 0xff, 0xe1, 0x5, 0xcf, 0xfe, 0x91,
    0x0,

    /* U+00B4 "´" */
    0x0, 0x34, 0x40, 0x1, 0xff, 0xc0, 0x8, 0xff,
    0x20, 0xe, 0xf6, 0x0,

    /* U+00B5 "µ" */
    0xaf, 0xf9, 0x0, 0x0, 0xef, 0xf5, 0xa, 0xff,
    0x90, 0x0, 0xe, 0xff, 0x50, 0xaf, 0xf9, 0x0,
    0x0, 0xef, 0xf5, 0xa, 0xff, 0x90, 0x0, 0xe,
    0xff, 0x50, 0xaf, 0xf9, 0x0, 0x0, 0xef, 0xf5,
    0xa, 0xff, 0x90, 0x0, 0xe, 0xff, 0x50, 0xaf,
    0xf9, 0x0, 0x0, 0xef, 0xf5, 0xa, 0xff, 0xa0,
    0x0, 0xe, 0xff, 0x50, 0xaf, 0xfe, 0x0, 0x3,
    0xff, 0xf5, 0xa, 0xff, 0xfc, 0x78, 0xef, 0xff,
    0xb4, 0xaf, 0xfe, 0xff, 0xff, 0x8f, 0xff, 0xba,
    0xff, 0x97, 0xee, 0x60, 0x7e, 0xfb, 0xaf, 0xf9,
    0x0, 0x0, 0x0, 0x0, 0xa, 0xff, 0x90, 0x0,
    0x0, 0x0, 0x0, 0xaf, 0xf9, 0x0, 0x0, 0x0,
    0x0, 0xa, 0xff, 0x90, 0x0, 0x0, 0x0, 0x0,

    /* U+00B6 "¶" */
    0x0, 0x6, 0xcf, 0xff, 0xff, 0xfc, 0x0, 0xcf,
    0xff, 0xff, 0xff, 0xfc, 0x8, 0xff, 0xff, 0xf9,
    0x7f, 0xfb, 0xf, 0xff, 0xff, 0xf3, 0xe, 0xfb,
    0x2f, 0xff, 0xff, 0xf3, 0xe, 0xfb, 0x2f, 0xff,
    0xff, 0xf3, 0xe, 0xfb, 0xf, 0xff, 0xff, 0xf3,
    0xe, 0xfb, 0x9, 0xff, 0xff, 0xf3, 0xe, 0xfb,
    0x0, 0xcf, 0xff, 0xf3, 0xe, 0xfb, 0x0, 0x7,
    0xdf, 0xf3, 0xe, 0xfb, 0x0, 0x0, 0x0, 0x0,
    0xe, 0xfb, 0x0, 0x0, 0x0, 0x0, 0xe, 0xfb,
    0x0, 0x0, 0x0, 0x0, 0xe, 0xfb, 0x0, 0x0,
    0x0, 0x0, 0xe, 0xfb, 0x0, 0x0, 0x0, 0x0,
    0xe, 0xfb, 0x0, 0x0, 0x0, 0x0, 0xe, 0xfb,

    /* U+00B7 "·" */
    0x3, 0x96, 0x1, 0xff, 0xf5, 0x2f, 0xff, 0x70,
    0x8f, 0xc1,

    /* U+00B8 "¸" */
    0xc, 0x80, 0x0, 0xfc, 0x70, 0x5, 0x8f, 0x70,
    0x5, 0xf9, 0x7f, 0xff, 0x31, 0x33, 0x0,

    /* U+00B9 "¹" */
    0x7, 0xff, 0xf1, 0xbf, 0xff, 0xf1, 0xdb, 0x8f,
    0xf1, 0x30, 0x6f, 0xf1, 0x0, 0x6f, 0xf1, 0x0,
    0x6f, 0xf1, 0x0, 0x6f, 0xf1, 0x0, 0x6f, 0xf1,
    0x0, 0x6f, 0xf1,

    /* U+00BA "º" */
    0x0, 0x2a, 0xef, 0xe8, 0x10, 0x0, 0x2f, 0xff,
    0xff, 0xfd, 0x0, 0xc, 0xff, 0x40, 0x6f, 0xf8,
    0x1, 0xff, 0x80, 0x0, 0xcf, 0xe0, 0x4f, 0xf5,
    0x0, 0x8, 0xff, 0x4, 0xff, 0x50, 0x0, 0x8f,
    0xf0, 0x1f, 0xf8, 0x0, 0xc, 0xfe, 0x0, 0xcf,
    0xf4, 0x6, 0xff, 0x80, 0x2, 0xff, 0xff, 0xff,
    0xd0, 0x0, 0x2, 0xae, 0xfe, 0x80, 0x0,

    /* U+00BB "»" */
    0xb, 0xff, 0xa0, 0xbf, 0xfb, 0x0, 0x0, 0x1,
    0xdf, 0xf8, 0xd, 0xff, 0x80, 0x0, 0x0, 0x2e,
    0xff, 0x62, 0xef, 0xf6, 0x0, 0x0, 0x4, 0xff,
    0xf4, 0x3f, 0xff, 0x40, 0x0, 0x0, 0x6f, 0xff,
    0x25, 0xff, 0xf3, 0x0, 0x0, 0x6f, 0xff, 0x25,
    0xff, 0xf3, 0x0, 0x4, 0xff, 0xf4, 0x3f, 0xff,
    0x40, 0x0, 0x2e, 0xff, 0x62, 0xef, 0xf6, 0x0,
    0x1, 0xdf, 0xf8, 0xd, 0xff, 0x80, 0x0, 0xb,
    0xff, 0xa0, 0xbf, 0xfb, 0x0, 0x0,

    /* U+00BC "¼" */
    0x0, 0x9c, 0xc1, 0x0, 0x0, 0x0, 0xb, 0xc3,
    0x0, 0x1d, 0xff, 0xf1, 0x0, 0x0, 0x0, 0x9f,
    0xa0, 0x0, 0x2f, 0x6f, 0xf1, 0x0, 0x0, 0x4,
    0xfe, 0x10, 0x0, 0x12, 0x1f, 0xf1, 0x0, 0x0,
    0x1e, 0xf4, 0x0, 0x0, 0x0, 0x1f, 0xf1, 0x0,
    0x0, 0xaf, 0x90, 0x0, 0x0, 0x0, 0x1f, 0xf1,
    0x0, 0x5, 0xfd, 0x0, 0x0, 0x0, 0x0, 0x1f,
    0xf1, 0x0, 0x1f, 0xf3, 0x0, 0x0, 0x0, 0x0,
    0x1f, 0xf1, 0x0, 0xbf, 0x80, 0x0, 0x77, 0x60,
    0x0, 0x1f, 0xf1, 0x6, 0xfc, 0x0, 0x7, 0xff,
    0xd0, 0x0, 0x0, 0x0, 0x2f, 0xf2, 0x0, 0x1f,
    0xff, 0xd0, 0x0, 0x0, 0x0, 0xcf, 0x60, 0x0,
    0xaf, 0x9f, 0xd0, 0x0, 0x0, 0x7, 0xfb, 0x0,
    0x4, 0xfd, 0x2f, 0xd0, 0x0, 0x0, 0x3f, 0xf1,
    0x0, 0xd, 0xf4, 0x2f, 0xd0, 0x0, 0x0, 0xdf,
    0x50, 0x0, 0x5f, 0xfc, 0xdf, 0xfb, 0x0, 0x8,
    0xfa, 0x0, 0x0, 0x5f, 0xff, 0xff, 0xfe, 0x0,
    0x4f, 0xe1, 0x0, 0x0, 0x0, 0x0, 0x3f, 0xd0,
    0x0, 0x13, 0x10, 0x0, 0x0, 0x0, 0x0, 0x3,
    0x20,

    /* U+00BD "½" */
    0x0, 0xac, 0xc1, 0x0, 0x0, 0x0, 0xb, 0xc3,
    0x0, 0x1, 0xdf, 0xff, 0x10, 0x0, 0x0, 0x9,
    0xfa, 0x0, 0x0, 0x2e, 0x5f, 0xf1, 0x0, 0x0,
    0x5, 0xfd, 0x0, 0x0, 0x1, 0x11, 0xff, 0x10,
    0x0, 0x1, 0xef, 0x30, 0x0, 0x0, 0x0, 0x1f,
    0xf1, 0x0, 0x0, 0xbf, 0x80, 0x0, 0x0, 0x0,
    0x1, 0xff, 0x10, 0x0, 0x6f, 0xd0, 0x0, 0x0,
    0x0, 0x0, 0x1f, 0xf1, 0x0, 0x2f, 0xf2, 0x0,
    0x0, 0x0, 0x0, 0x1, 0xff, 0x10, 0xc, 0xf7,
    0x0, 0x8c, 0xda, 0x30, 0x0, 0x1f, 0xf1, 0x7,
    0xfb, 0x0, 0xaf, 0xff, 0xff, 0x20, 0x0, 0x0,
    0x3, 0xfe, 0x10, 0xb, 0xc3, 0x1d, 0xf6, 0x0,
    0x0, 0x0, 0xdf, 0x50, 0x0, 0x0, 0x0, 0xcf,
    0x40, 0x0, 0x0, 0x9f, 0xa0, 0x0, 0x0, 0x0,
    0x8f, 0xb0, 0x0, 0x0, 0x4f, 0xe1, 0x0, 0x0,
    0x0, 0xaf, 0xc0, 0x0, 0x0, 0x1e, 0xf4, 0x0,
    0x0, 0x0, 0xbf, 0xc1, 0x0, 0x0, 0xa, 0xf9,
    0x0, 0x0, 0x0, 0xbf, 0xfd, 0xcc, 0x70, 0x5,
    0xfd, 0x0, 0x0, 0x0, 0xd, 0xff, 0xff, 0xf9,

    /* U+00BE "¾" */
    0x0, 0x5a, 0xb8, 0x10, 0x0, 0x0, 0x0, 0x3b,
    0xa0, 0x0, 0x8, 0xff, 0xff, 0xe1, 0x0, 0x0,
    0x0, 0xef, 0x40, 0x0, 0xc, 0xc4, 0xd, 0xf6,
    0x0, 0x0, 0xa, 0xf9, 0x0, 0x0, 0x0, 0x0,
    0x1d, 0xf4, 0x0, 0x0, 0x5f, 0xd0, 0x0, 0x0,
    0x0, 0xd, 0xff, 0x70, 0x0, 0x1, 0xef, 0x30,
    0x0, 0x0, 0x0, 0x7, 0x9f, 0xf5, 0x0, 0xb,
    0xf8, 0x0, 0x0, 0x0, 0x0, 0x0, 0x9, 0xfc,
    0x0, 0x6f, 0xd0, 0x0, 0x0, 0x0, 0x1e, 0xf9,
    0x7e, 0xfa, 0x2, 0xff, 0x20, 0x2, 0x77, 0x30,
    0x7, 0xff, 0xff, 0xd1, 0xc, 0xf7, 0x0, 0xc,
    0xff, 0x70, 0x0, 0x15, 0x63, 0x0, 0x7f, 0xc0,
    0x0, 0x6f, 0xff, 0x70, 0x0, 0x0, 0x0, 0x3,
    0xff, 0x20, 0x1, 0xef, 0xaf, 0x70, 0x0, 0x0,
    0x0, 0xd, 0xf6, 0x0, 0x9, 0xf7, 0x8f, 0x70,
    0x0, 0x0, 0x0, 0x8f, 0xb0, 0x0, 0x3f, 0xd0,
    0x8f, 0x70, 0x0, 0x0, 0x3, 0xfe, 0x10, 0x0,
    0xbf, 0xec, 0xef, 0xe7, 0x0, 0x0, 0xe, 0xf4,
    0x0, 0x0, 0xbf, 0xff, 0xff, 0xf8, 0x0, 0x0,
    0x9f, 0x90, 0x0, 0x0, 0x0, 0x0, 0x9f, 0x70,
    0x0, 0x0, 0x33, 0x0, 0x0, 0x0, 0x0, 0x0,
    0x13, 0x10,

    /* U+00BF "¿" */
    0x0, 0x0, 0x9f, 0xd2, 0x0, 0x0, 0x0, 0x3f,
    0xff, 0x80, 0x0, 0x0, 0x1, 0xff, 0xf6, 0x0,
    0x0, 0x0, 0x3, 0x96, 0x0, 0x0, 0x0, 0x0,
    0x0, 0x0, 0x0, 0x0, 0x0, 0xb, 0xff, 0x10,
    0x0, 0x0, 0x0, 0xef, 0xf0, 0x0, 0x0, 0x1,
    0xbf, 0xfd, 0x0, 0x0, 0x4, 0xef, 0xff, 0x30,
    0x0, 0x3, 0xff, 0xfc, 0x20, 0x0, 0x0, 0xcf,
    0xfc, 0x0, 0x0, 0x0, 0xe, 0xff, 0x60, 0x0,
    0x57, 0x73, 0xef, 0xf9, 0x0, 0x1e, 0xff, 0x59,
    0xff, 0xfb, 0x9e, 0xff, 0xf1, 0x1d, 0xff, 0xff,
    0xff, 0xf5, 0x0, 0x7, 0xcf, 0xfe, 0xa2, 0x0,

    /* U+00C0 "À" */
    0x0, 0x0, 0x4, 0x44, 0x0, 0x0, 0x0, 0x0,
    0x0, 0x0, 0x9, 0xff, 0x30, 0x0, 0x0, 0x0,
    0x0, 0x0, 0x0, 0xef, 0xa0, 0x0, 0x0, 0x0,
    0x0, 0x0, 0x0, 0x4f, 0xf2, 0x0, 0x0, 0x0,
    0x0, 0x0, 0x0, 0x0, 0x0, 0x0, 0x0, 0x0,
    0x0, 0x0, 0x2, 0xff, 0xff, 0x70, 0x0, 0x0,
    0x0, 0x0, 0x8, 0xff, 0xff, 0xd0, 0x0, 0x0,
    0x0, 0x0, 0xd, 0xff, 0xff, 0xf2, 0x0, 0x0,
    0x0, 0x0, 0x3f, 0xfe, 0xaf, 0xf8, 0x0, 0x0,
    0x0, 0x0, 0x8f, 0xfa, 0x6f, 0xfd, 0x0, 0x0,
    0x0, 0x0, 0xef, 0xf6, 0x1f, 0xff, 0x30, 0x0,
    0x0, 0x3, 0xff, 0xf2, 0xd, 0xff, 0x90, 0x0,
    0x0, 0x9, 0xff, 0xd0, 0x8, 0xff, 0xe0, 0x0,
    0x0, 0xe, 0xff, 0x80, 0x3, 0xff, 0xf4, 0x0,
    0x0, 0x4f, 0xff, 0x30, 0x0, 0xef, 0xfa, 0x0,
    0x0, 0x9f, 0xff, 0xff, 0xff, 0xff, 0xff, 0x0,
    0x0, 0xef, 0xff, 0xff, 0xff, 0xff, 0xff, 0x50,
    0x4, 0xff, 0xf9, 0x88, 0x88, 0x8e, 0xff, 0xa0,
    0x9, 0xff, 0xe0, 0x0, 0x0, 0x9, 0xff, 0xf0,
    0xe, 0xff, 0xa0, 0x0, 0x0, 0x4, 0xff, 0xf6,
    0x4f, 0xff, 0x40, 0x0, 0x0, 0x0, 0xef, 0xfb,

    /* U+00C1 "Á" */
    0x0, 0x0, 0x0, 0x0, 0x24, 0x41, 0x0, 0x0,
    0x0, 0x0, 0x0, 0x0, 0xdf, 0xe1, 0x0, 0x0,
    0x0, 0x0, 0x0, 0x4, 0xff, 0x40, 0x0, 0x0,
    0x0, 0x0, 0x0, 0xc, 0xf9, 0x0, 0x0, 0x0,
    0x0, 0x0, 0x0, 0x0, 0x0, 0x0, 0x0, 0x0,
    0x0, 0x0, 0x2, 0xff, 0xff, 0x70, 0x0, 0x0,
    0x0, 0x0, 0x8, 0xff, 0xff, 0xd0, 0x0, 0x0,
    0x0, 0x0, 0xd, 0xff, 0xff, 0xf2, 0x0, 0x0,
    0x0, 0x0, 0x3f, 0xfe, 0xaf, 0xf8, 0x0, 0x0,
    0x0, 0x0, 0x8f, 0xfa, 0x6f, 0xfd, 0x0, 0x0,
    0x0, 0x0, 0xef, 0xf6, 0x1f, 0xff, 0x30, 0x0,
    0x0, 0x3, 0xff, 0xf2, 0xd, 0xff, 0x90, 0x0,
    0x0, 0x9, 0xff, 0xd0, 0x8, 0xff, 0xe0, 0x0,
    0x0, 0xe, 0xff, 0x80, 0x3, 0xff, 0xf4, 0x0,
    0x0, 0x4f, 0xff, 0x30, 0x0, 0xef, 0xfa, 0x0,
    0x0, 0x9f, 0xff, 0xff, 0xff, 0xff, 0xff, 0x0,
    0x0, 0xef, 0xff, 0xff, 0xff, 0xff, 0xff, 0x50,
    0x4, 0xff, 0xf9, 0x88, 0x88, 0x8e, 0xff, 0xa0,
    0x9, 0xff, 0xe0, 0x0, 0x0, 0x9, 0xff, 0xf0,
    0xe, 0xff, 0xa0, 0x0, 0x0, 0x4, 0xff, 0xf6,
    0x4f, 0xff, 0x40, 0x0, 0x0, 0x0, 0xef, 0xfb,

    /* U+00C2 "Â" */
    0x0, 0x0, 0x0, 0x28, 0x85, 0x0, 0x0, 0x0,
    0x0, 0x0, 0x3, 0xef, 0xff, 0x70, 0x0, 0x0,
    0x0, 0x0, 0x3f, 0xf9, 0x3f, 0xf7, 0x0, 0x0,
    0x0, 0x0, 0x78, 0x70, 0x4, 0x88, 0x20, 0x0,
    0x0, 0x0, 0x0, 0x0, 0x0, 0x0, 0x0, 0x0,
    0x0, 0x0, 0x2, 0xff, 0xff, 0x70, 0x0, 0x0,
    0x0, 0x0, 0x8, 0xff, 0xff, 0xd0, 0x0, 0x0,
    0x0, 0x0, 0xd, 0xff, 0xff, 0xf2, 0x0, 0x0,
    0x0, 0x0, 0x3f, 0xfe, 0xaf, 0xf8, 0x0, 0x0,
    0x0, 0x0, 0x8f, 0xfa, 0x6f, 0xfd, 0x0, 0x0,
    0x0, 0x0, 0xef, 0xf6, 0x1f, 0xff, 0x30, 0x0,
    0x0, 0x3, 0xff, 0xf2, 0xd, 0xff, 0x90, 0x0,
    0x0, 0x9, 0xff, 0xd0, 0x8, 0xff, 0xe0, 0x0,
    0x0, 0xe, 0xff, 0x80, 0x3, 0xff, 0xf4, 0x0,
    0x0, 0x4f, 0xff, 0x30, 0x0, 0xef, 0xfa, 0x0,
    0x0, 0x9f, 0xff, 0xff, 0xff, 0xff, 0xff, 0x0,
    0x0, 0xef, 0xff, 0xff, 0xff, 0xff, 0xff, 0x50,
    0x4, 0xff, 0xf9, 0x88, 0x88, 0x8e, 0xff, 0xa0,
    0x9, 0xff, 0xe0, 0x0, 0x0, 0x9, 0xff, 0xf0,
    0xe, 0xff, 0xa0, 0x0, 0x0, 0x4, 0xff, 0xf6,
    0x4f, 0xff, 0x40, 0x0, 0x0, 0x0, 0xef, 0xfb,

    /* U+00C3 "Ã" */
    0x0, 0x0, 0x4, 0xb8, 0x0, 0xab, 0x0, 0x0,
    0x0, 0x0, 0x1f, 0xff, 0xa1, 0xfc, 0x0, 0x0,
    0x0, 0x0, 0x6f, 0x75, 0xff, 0xf7, 0x0, 0x0,
    0x0, 0x0, 0x6c, 0x30, 0x4b, 0x80, 0x0, 0x0,
    0x0, 0x0, 0x0, 0x0, 0x0, 0x0, 0x0, 0x0,
    0x0, 0x0, 0x2, 0xff, 0xff, 0x70, 0x0, 0x0,
    0x0, 0x0, 0x8, 0xff, 0xff, 0xd0, 0x0, 0x0,
    0x0, 0x0, 0xd, 0xff, 0xff, 0xf2, 0x0, 0x0,
    0x0, 0x0, 0x3f, 0xfe, 0xaf, 0xf8, 0x0, 0x0,
    0x0, 0x0, 0x8f, 0xfa, 0x6f, 0xfd, 0x0, 0x0,
    0x0, 0x0, 0xef, 0xf6, 0x1f, 0xff, 0x30, 0x0,
    0x0, 0x3, 0xff, 0xf2, 0xd, 0xff, 0x90, 0x0,
    0x0, 0x9, 0xff, 0xd0, 0x8, 0xff, 0xe0, 0x0,
    0x0, 0xe, 0xff, 0x80, 0x3, 0xff, 0xf4, 0x0,
    0x0, 0x4f, 0xff, 0x30, 0x0, 0xef, 0xfa, 0x0,
    0x0, 0x9f, 0xff, 0xff, 0xff, 0xff, 0xff, 0x0,
    0x0, 0xef, 0xff, 0xff, 0xff, 0xff, 0xff, 0x50,
    0x4, 0xff, 0xf9, 0x88, 0x88, 0x8e, 0xff, 0xa0,
    0x9, 0xff, 0xe0, 0x0, 0x0, 0x9, 0xff, 0xf0,
    0xe, 0xff, 0xa0, 0x0, 0x0, 0x4, 0xff, 0xf6,
    0x4f, 0xff, 0x40, 0x0, 0x0, 0x0, 0xef, 0xfb,

    /* U+00C4 "Ä" */
    0x0, 0x0, 0x0, 0x0, 0x0, 0x0, 0x0, 0x0,
    0x0, 0x0, 0x6f, 0xe1, 0x9, 0xfb, 0x0, 0x0,
    0x0, 0x0, 0xcf, 0xf5, 0xf, 0xff, 0x20, 0x0,
    0x0, 0x0, 0x5f, 0xd1, 0x8, 0xfa, 0x0, 0x0,
    0x0, 0x0, 0x0, 0x0, 0x0, 0x0, 0x0, 0x0,
    0x0, 0x0, 0x2, 0xff, 0xff, 0x70, 0x0, 0x0,
    0x0, 0x0, 0x8, 0xff, 0xff, 0xd0, 0x0, 0x0,
    0x0, 0x0, 0xd, 0xff, 0xff, 0xf2, 0x0, 0x0,
    0x0, 0x0, 0x3f, 0xfe, 0xaf, 0xf8, 0x0, 0x0,
    0x0, 0x0, 0x8f, 0xfa, 0x6f, 0xfd, 0x0, 0x0,
    0x0, 0x0, 0xef, 0xf6, 0x1f, 0xff, 0x30, 0x0,
    0x0, 0x3, 0xff, 0xf2, 0xd, 0xff, 0x90, 0x0,
    0x0, 0x9, 0xff, 0xd0, 0x8, 0xff, 0xe0, 0x0,
    0x0, 0xe, 0xff, 0x80, 0x3, 0xff, 0xf4, 0x0,
    0x0, 0x4f, 0xff, 0x30, 0x0, 0xef, 0xfa, 0x0,
    0x0, 0x9f, 0xff, 0xff, 0xff, 0xff, 0xff, 0x0,
    0x0, 0xef, 0xff, 0xff, 0xff, 0xff, 0xff, 0x50,
    0x4, 0xff, 0xf9, 0x88, 0x88, 0x8e, 0xff, 0xa0,
    0x9, 0xff, 0xe0, 0x0, 0x0, 0x9, 0xff, 0xf0,
    0xe, 0xff, 0xa0, 0x0, 0x0, 0x4, 0xff, 0xf6,
    0x4f, 0xff, 0x40, 0x0, 0x0, 0x0, 0xef, 0xfb,

    /* U+00C5 "Å" */
    0x0, 0x0, 0x0, 0x0, 0x10, 0x0, 0x0, 0x0,
    0x0, 0x0, 0x1, 0xbf, 0xfe, 0x40, 0x0, 0x0,
    0x0, 0x0, 0xa, 0xf7, 0x5d, 0xf0, 0x0, 0x0,
    0x0, 0x0, 0xa, 0xf4, 0x2c, 0xf1, 0x0, 0x0,
    0x0, 0x0, 0x2, 0xef, 0xff, 0x70, 0x0, 0x0,
    0x0, 0x0, 0x0, 0x3, 0x41, 0x0, 0x0, 0x0,
    0x0, 0x0, 0x2, 0xff, 0xff, 0x70, 0x0, 0x0,
    0x0, 0x0, 0x8, 0xff, 0xff, 0xd0, 0x0, 0x0,
    0x0, 0x0, 0xd, 0xff, 0xff, 0xf2, 0x0, 0x0,
    0x0, 0x0, 0x3f, 0xfe, 0xaf, 0xf8, 0x0, 0x0,
    0x0, 0x0, 0x8f, 0xfa, 0x6f, 0xfd, 0x0, 0x0,
    0x0, 0x0, 0xef, 0xf6, 0x1f, 0xff, 0x30, 0x0,
    0x0, 0x3, 0xff, 0xf2, 0xd, 0xff, 0x90, 0x0,
    0x0, 0x9, 0xff, 0xd0, 0x8, 0xff, 0xe0, 0x0,
    0x0, 0xe, 0xff, 0x80, 0x3, 0xff, 0xf4, 0x0,
    0x0, 0x4f, 0xff, 0x30, 0x0, 0xef, 0xfa, 0x0,
    0x0, 0x9f, 0xff, 0xff, 0xff, 0xff, 0xff, 0x0,
    0x0, 0xef, 0xff, 0xff, 0xff, 0xff, 0xff, 0x50,
    0x4, 0xff, 0xf9, 0x88, 0x88, 0x8e, 0xff, 0xa0,
    0x9, 0xff, 0xe0, 0x0, 0x0, 0x9, 0xff, 0xf0,
    0xe, 0xff, 0xa0, 0x0, 0x0, 0x4, 0xff, 0xf6,
    0x4f, 0xff, 0x40, 0x0, 0x0, 0x0, 0xef, 0xfb,

    /* U+00C6 "Æ" */
    0x0, 0x0, 0x0, 0xc, 0xff, 0xff, 0xff, 0xff,
    0xff, 0xff, 0xf4, 0x0, 0x0, 0x0, 0x3f, 0xff,
    0xff, 0xff, 0xff, 0xff, 0xff, 0xf4, 0x0, 0x0,
    0x0, 0xaf, 0xfb, 0x5f, 0xff, 0xaa, 0xaa, 0xaa,
    0xa3, 0x0, 0x0, 0x1, 0xff, 0xf4, 0x4f, 0xfe,
    0x0, 0x0, 0x0, 0x0, 0x0, 0x0, 0x8, 0xff,
    0xe0, 0x4f, 0xfe, 0x0, 0x0, 0x0, 0x0, 0x0,
    0x0, 0xe, 0xff, 0x70, 0x4f, 0xfe, 0x0, 0x0,
    0x0, 0x0, 0x0, 0x0, 0x5f, 0xff, 0x10, 0x4f,
    0xfe, 0x0, 0x0, 0x0, 0x0, 0x0, 0x0, 0xcf,
    0xfa, 0x0, 0x4f, 0xff, 0xff, 0xff, 0xff, 0xb0,
    0x0, 0x3, 0xff, 0xf3, 0x0, 0x4f, 0xff, 0xff,
    0xff, 0xff, 0xb0, 0x0, 0xa, 0xff, 0xd0, 0x0,
    0x4f, 0xff, 0xaa, 0xaa, 0xaa, 0x70, 0x0, 0x1f,
    0xff, 0xff, 0xff, 0xff, 0xfe, 0x0, 0x0, 0x0,
    0x0, 0x0, 0x8f, 0xff, 0xff, 0xff, 0xff, 0xfe,
    0x0, 0x0, 0x0, 0x0, 0x0, 0xef, 0xfb, 0x55,
    0x55, 0x8f, 0xfe, 0x0, 0x0, 0x0, 0x0, 0x6,
    0xff, 0xf2, 0x0, 0x0, 0x4f, 0xff, 0xbb, 0xbb,
    0xbb, 0xb3, 0xd, 0xff, 0xc0, 0x0, 0x0, 0x4f,
    0xff, 0xff, 0xff, 0xff, 0xf5, 0x4f, 0xff, 0x50,
    0x0, 0x0, 0x4f, 0xff, 0xff, 0xff, 0xff, 0xf5,

    /* U+00C7 "Ç" */
    0x0, 0x0, 0x7c, 0xff, 0xec, 0x60, 0x0, 0x0,
    0x4, 0xef, 0xff, 0xff, 0xff, 0xe3, 0x0, 0x3,
    0xff, 0xff, 0xfe, 0xff, 0xff, 0xf2, 0x0, 0xdf,
    0xff, 0x60, 0x0, 0x6f, 0xff, 0xb0, 0x6f, 0xff,
    0x40, 0x0, 0x0, 0x6f, 0xff, 0x1b, 0xff, 0xc0,
    0x0, 0x0, 0x0, 0x88, 0x82, 0xef, 0xf7, 0x0,
    0x0, 0x0, 0x0, 0x0, 0xf, 0xff, 0x50, 0x0,
    0x0, 0x0, 0x0, 0x0, 0xff, 0xf5, 0x0, 0x0,
    0x0, 0x0, 0x0, 0xe, 0xff, 0x70, 0x0, 0x0,
    0x0, 0x0, 0x0, 0xbf, 0xfc, 0x0, 0x0, 0x0,
    0x8, 0x88, 0x26, 0xff, 0xf4, 0x0, 0x0, 0x6,
    0xff, 0xf1, 0xd, 0xff, 0xf6, 0x0, 0x6, 0xff,
    0xfa, 0x0, 0x3f, 0xff, 0xff, 0xef, 0xff, 0xfe,
    0x10, 0x0, 0x4e, 0xff, 0xff, 0xff, 0xfd, 0x20,
    0x0, 0x0, 0x7, 0xcf, 0xff, 0xb6, 0x0, 0x0,
    0x0, 0x0, 0x0, 0x6f, 0x40, 0x0, 0x0, 0x0,
    0x0, 0x0, 0x4, 0x9e, 0xd0, 0x0, 0x0, 0x0,
    0x0, 0x0, 0x44, 0xdf, 0x0, 0x0, 0x0, 0x0,
    0x0, 0xf, 0xfe, 0x80, 0x0, 0x0,

    /* U+00C8 "È" */
    0x0, 0x14, 0x42, 0x0, 0x0, 0x0, 0x0, 0x1e,
    0xfd, 0x0, 0x0, 0x0, 0x0, 0x4, 0xff, 0x50,
    0x0, 0x0, 0x0, 0x0, 0x9f, 0xc0, 0x0, 0x0,
    0x0, 0x0, 0x0, 0x0, 0x0, 0x0, 0x8f, 0xff,
    0xff, 0xff, 0xff, 0xf2, 0x8f, 0xff, 0xff, 0xff,
    0xff, 0xf2, 0x8f, 0xfe, 0xaa, 0xaa, 0xaa, 0xa1,
    0x8f, 0xfb, 0x0, 0x0, 0x0, 0x0, 0x8f, 0xfb,
    0x0, 0x0, 0x0, 0x0, 0x8f, 0xfb, 0x0, 0x0,
    0x0, 0x0, 0x8f, 0xfb, 0x0, 0x0, 0x0, 0x0,
    0x8f, 0xff, 0xff, 0xff, 0xff, 0x90, 0x8f, 0xff,
    0xff, 0xff, 0xff, 0x90, 0x8f, 0xfe, 0xaa, 0xaa,
    0xaa, 0x60, 0x8f, 0xfb, 0x0, 0x0, 0x0, 0x0,
    0x8f, 0xfb, 0x0, 0x0, 0x0, 0x0, 0x8f, 0xfb,
    0x0, 0x0, 0x0, 0x0, 0x8f, 0xfe, 0xbb, 0xbb,
    0xbb, 0xb2, 0x8f, 0xff, 0xff, 0xff, 0xff, 0xf3,
    0x8f, 0xff, 0xff, 0xff, 0xff, 0xf3,

    /* U+00C9 "É" */
    0x0, 0x0, 0x0, 0x44, 0x40, 0x0, 0x0, 0x0,
    0x3, 0xff, 0x90, 0x0, 0x0, 0x0, 0xa, 0xfe,
    0x0, 0x0, 0x0, 0x0, 0x2f, 0xf4, 0x0, 0x0,
    0x0, 0x0, 0x0, 0x0, 0x0, 0x0, 0x8f, 0xff,
    0xff, 0xff, 0xff, 0xf2, 0x8f, 0xff, 0xff, 0xff,
    0xff, 0xf2, 0x8f, 0xfe, 0xaa, 0xaa, 0xaa, 0xa1,
    0x8f, 0xfb, 0x0, 0x0, 0x0, 0x0, 0x8f, 0xfb,
    0x0, 0x0, 0x0, 0x0, 0x8f, 0xfb, 0x0, 0x0,
    0x0, 0x0, 0x8f, 0xfb, 0x0, 0x0, 0x0, 0x0,
    0x8f, 0xff, 0xff, 0xff, 0xff, 0x90, 0x8f, 0xff,
    0xff, 0xff, 0xff, 0x90, 0x8f, 0xfe, 0xaa, 0xaa,
    0xaa, 0x60, 0x8f, 0xfb, 0x0, 0x0, 0x0, 0x0,
    0x8f, 0xfb, 0x0, 0x0, 0x0, 0x0, 0x8f, 0xfb,
    0x0, 0x0, 0x0, 0x0, 0x8f, 0xfe, 0xbb, 0xbb,
    0xbb, 0xb2, 0x8f, 0xff, 0xff, 0xff, 0xff, 0xf3,
    0x8f, 0xff, 0xff, 0xff, 0xff, 0xf3,

    /* U+00CA "Ê" */
    0x0, 0x0, 0x58, 0x82, 0x0, 0x0, 0x0, 0x7,
    0xff, 0xfe, 0x20, 0x0, 0x0, 0x8f, 0xf3, 0x8f,
    0xe3, 0x0, 0x2, 0x88, 0x40, 0x6, 0x87, 0x0,
    0x0, 0x0, 0x0, 0x0, 0x0, 0x0, 0x8f, 0xff,
    0xff, 0xff, 0xff, 0xf2, 0x8f, 0xff, 0xff, 0xff,
    0xff, 0xf2, 0x8f, 0xfe, 0xaa, 0xaa, 0xaa, 0xa1,
    0x8f, 0xfb, 0x0, 0x0, 0x0, 0x0, 0x8f, 0xfb,
    0x0, 0x0, 0x0, 0x0, 0x8f, 0xfb, 0x0, 0x0,
    0x0, 0x0, 0x8f, 0xfb, 0x0, 0x0, 0x0, 0x0,
    0x8f, 0xff, 0xff, 0xff, 0xff, 0x90, 0x8f, 0xff,
    0xff, 0xff, 0xff, 0x90, 0x8f, 0xfe, 0xaa, 0xaa,
    0xaa, 0x60, 0x8f, 0xfb, 0x0, 0x0, 0x0, 0x0,
    0x8f, 0xfb, 0x0, 0x0, 0x0, 0x0, 0x8f, 0xfb,
    0x0, 0x0, 0x0, 0x0, 0x8f, 0xfe, 0xbb, 0xbb,
    0xbb, 0xb2, 0x8f, 0xff, 0xff, 0xff, 0xff, 0xf3,
    0x8f, 0xff, 0xff, 0xff, 0xff, 0xf3,

    /* U+00CB "Ë" */
    0x0, 0x0, 0x0, 0x0, 0x0, 0x0, 0x0, 0xbf,
    0xa0, 0x1e, 0xf6, 0x0, 0x1, 0xff, 0xf0, 0x5f,
    0xfc, 0x0, 0x0, 0xaf, 0x80, 0x1c, 0xf5, 0x0,
    0x0, 0x0, 0x0, 0x0, 0x0, 0x0, 0x8f, 0xff,
    0xff, 0xff, 0xff, 0xf2, 0x8f, 0xff, 0xff, 0xff,
    0xff, 0xf2, 0x8f, 0xfe, 0xaa, 0xaa, 0xaa, 0xa1,
    0x8f, 0xfb, 0x0, 0x0, 0x0, 0x0, 0x8f, 0xfb,
    0x0, 0x0, 0x0, 0x0, 0x8f, 0xfb, 0x0, 0x0,
    0x0, 0x0, 0x8f, 0xfb, 0x0, 0x0, 0x0, 0x0,
    0x8f, 0xff, 0xff, 0xff, 0xff, 0x90, 0x8f, 0xff,
    0xff, 0xff, 0xff, 0x90, 0x8f, 0xfe, 0xaa, 0xaa,
    0xaa, 0x60, 0x8f, 0xfb, 0x0, 0x0, 0x0, 0x0,
    0x8f, 0xfb, 0x0, 0x0, 0x0, 0x0, 0x8f, 0xfb,
    0x0, 0x0, 0x0, 0x0, 0x8f, 0xfe, 0xbb, 0xbb,
    0xbb, 0xb2, 0x8f, 0xff, 0xff, 0xff, 0xff, 0xf3,
    0x8f, 0xff, 0xff, 0xff, 0xff, 0xf3,

    /* U+00CC "Ì" */
    0x4, 0x43, 0x0, 0xb, 0xff, 0x20, 0x1, 0xef,
    0x90, 0x0, 0x5f, 0xf1, 0x0, 0x0, 0x0, 0x0,
    0x8f, 0xfb, 0x0, 0x8f, 0xfb, 0x0, 0x8f, 0xfb,
    0x0, 0x8f, 0xfb, 0x0, 0x8f, 0xfb, 0x0, 0x8f,
    0xfb, 0x0, 0x8f, 0xfb, 0x0, 0x8f, 0xfb, 0x0,
    0x8f, 0xfb, 0x0, 0x8f, 0xfb, 0x0, 0x8f, 0xfb,
    0x0, 0x8f, 0xfb, 0x0, 0x8f, 0xfb, 0x0, 0x8f,
    0xfb, 0x0, 0x8f, 0xfb, 0x0, 0x8f, 0xfb,

    /* U+00CD "Í" */
    0x0, 0x34, 0x41, 0x0, 0xef, 0xd0, 0x6, 0xff,
    0x30, 0xd, 0xf8, 0x0, 0x0, 0x0, 0x0, 0x8f,
    0xfb, 0x0, 0x8f, 0xfb, 0x0, 0x8f, 0xfb, 0x0,
    0x8f, 0xfb, 0x0, 0x8f, 0xfb, 0x0, 0x8f, 0xfb,
    0x0, 0x8f, 0xfb, 0x0, 0x8f, 0xfb, 0x0, 0x8f,
    0xfb, 0x0, 0x8f, 0xfb, 0x0, 0x8f, 0xfb, 0x0,
    0x8f, 0xfb, 0x0, 0x8f, 0xfb, 0x0, 0x8f, 0xfb,
    0x0, 0x8f, 0xfb, 0x0, 0x8f, 0xfb, 0x0,

    /* U+00CE "Î" */
    0x0, 0x3, 0x88, 0x40, 0x0, 0x0, 0x4f, 0xff,
    0xf6, 0x0, 0x4, 0xff, 0x74, 0xff, 0x60, 0x7,
    0x86, 0x0, 0x48, 0x71, 0x0, 0x0, 0x0, 0x0,
    0x0, 0x0, 0x8, 0xff, 0xb0, 0x0, 0x0, 0x8,
    0xff, 0xb0, 0x0, 0x0, 0x8, 0xff, 0xb0, 0x0,
    0x0, 0x8, 0xff, 0xb0, 0x0, 0x0, 0x8, 0xff,
    0xb0, 0x0, 0x0, 0x8, 0xff, 0xb0, 0x0, 0x0,
    0x8, 0xff, 0xb0, 0x0, 0x0, 0x8, 0xff, 0xb0,
    0x0, 0x0, 0x8, 0xff, 0xb0, 0x0, 0x0, 0x8,
    0xff, 0xb0, 0x0, 0x0, 0x8, 0xff, 0xb0, 0x0,
    0x0, 0x8, 0xff, 0xb0, 0x0, 0x0, 0x8, 0xff,
    0xb0, 0x0, 0x0, 0x8, 0xff, 0xb0, 0x0, 0x0,
    0x8, 0xff, 0xb0, 0x0, 0x0, 0x8, 0xff, 0xb0,
    0x0,

    /* U+00CF "Ï" */
    0x0, 0x0, 0x0, 0x0, 0x7, 0xfd, 0x10, 0xbf,
    0xa0, 0xdf, 0xf4, 0x1f, 0xff, 0x6, 0xfc, 0x0,
    0xaf, 0x90, 0x0, 0x0, 0x0, 0x0, 0x0, 0x8,
    0xff, 0xb0, 0x0, 0x0, 0x8f, 0xfb, 0x0, 0x0,
    0x8, 0xff, 0xb0, 0x0, 0x0, 0x8f, 0xfb, 0x0,
    0x0, 0x8, 0xff, 0xb0, 0x0, 0x0, 0x8f, 0xfb,
    0x0, 0x0, 0x8, 0xff, 0xb0, 0x0, 0x0, 0x8f,
    0xfb, 0x0, 0x0, 0x8, 0xff, 0xb0, 0x0, 0x0,
    0x8f, 0xfb, 0x0, 0x0, 0x8, 0xff, 0xb0, 0x0,
    0x0, 0x8f, 0xfb, 0x0, 0x0, 0x8, 0xff, 0xb0,
    0x0, 0x0, 0x8f, 0xfb, 0x0, 0x0, 0x8, 0xff,
    0xb0, 0x0, 0x0, 0x8f, 0xfb, 0x0, 0x0,

    /* U+00D0 "Ð" */
    0x0, 0xbf, 0xff, 0xff, 0xfe, 0xa4, 0x0, 0x0,
    0x0, 0xbf, 0xff, 0xff, 0xff, 0xff, 0xc1, 0x0,
    0x0, 0xbf, 0xfe, 0xcc, 0xdf, 0xff, 0xfd, 0x10,
    0x0, 0xbf, 0xf8, 0x0, 0x0, 0x7f, 0xff, 0xa0,
    0x0, 0xbf, 0xf8, 0x0, 0x0, 0x6, 0xff, 0xf1,
    0x0, 0xbf, 0xf8, 0x0, 0x0, 0x0, 0xef, 0xf6,
    0x0, 0xbf, 0xf8, 0x0, 0x0, 0x0, 0xaf, 0xf9,
    0xcf, 0xff, 0xff, 0xff, 0xf0, 0x0, 0x9f, 0xfa,
    0xcf, 0xff, 0xff, 0xff, 0xf0, 0x0, 0x9f, 0xfa,
    0x22, 0xcf, 0xfa, 0x22, 0x20, 0x0, 0xaf, 0xf9,
    0x0, 0xbf, 0xf8, 0x0, 0x0, 0x0, 0xef, 0xf6,
    0x0, 0xbf, 0xf8, 0x0, 0x0, 0x6, 0xff, 0xf1,
    0x0, 0xbf, 0xf8, 0x0, 0x0, 0x7f, 0xff, 0xa0,
    0x0, 0xbf, 0xfe, 0xcc, 0xdf, 0xff, 0xfd, 0x10,
    0x0, 0xbf, 0xff, 0xff, 0xff, 0xff, 0xc1, 0x0,
    0x0, 0xbf, 0xff, 0xff, 0xfd, 0xa4, 0x0, 0x0,

    /* U+00D1 "Ñ" */
    0x0, 0x0, 0x3b, 0xa1, 0x8, 0xc1, 0x0, 0x0,
    0x0, 0xd, 0xff, 0xd1, 0xdf, 0x0, 0x0, 0x0,
    0x3, 0xfa, 0x3f, 0xff, 0xa0, 0x0, 0x0, 0x0,
    0x3c, 0x50, 0x2b, 0xa1, 0x0, 0x0, 0x0, 0x0,
    0x0, 0x0, 0x0, 0x0, 0x0, 0x8, 0xff, 0xf6,
    0x0, 0x0, 0x0, 0xff, 0xf5, 0x8f, 0xff, 0xf1,
    0x0, 0x0, 0xf, 0xff, 0x58, 0xff, 0xff, 0xb0,
    0x0, 0x0, 0xff, 0xf5, 0x8f, 0xff, 0xff, 0x50,
    0x0, 0xf, 0xff, 0x58, 0xff, 0xdf, 0xfe, 0x0,
    0x0, 0xff, 0xf5, 0x8f, 0xfa, 0xcf, 0xf9, 0x0,
    0xf, 0xff, 0x58, 0xff, 0xb3, 0xff, 0xf3, 0x0,
    0xff, 0xf5, 0x8f, 0xfc, 0xb, 0xff, 0xd0, 0xf,
    0xff, 0x58, 0xff, 0xc0, 0x2f, 0xff, 0x70, 0xff,
    0xf5, 0x8f, 0xfc, 0x0, 0x7f, 0xff, 0x1f, 0xff,
    0x58, 0xff, 0xc0, 0x0, 0xdf, 0xf8, 0xef, 0xf5,
    0x8f, 0xfc, 0x0, 0x3, 0xff, 0xfe, 0xff, 0x58,
    0xff, 0xc0, 0x0, 0x9, 0xff, 0xff, 0xf5, 0x8f,
    0xfc, 0x0, 0x0, 0xe, 0xff, 0xff, 0x58, 0xff,
    0xc0, 0x0, 0x0, 0x4f, 0xff, 0xf5, 0x8f, 0xfc,
    0x0, 0x0, 0x0, 0xaf, 0xff, 0x50,

    /* U+00D2 "Ò" */
    0x0, 0x0, 0x8f, 0xf5, 0x0, 0x0, 0x0, 0x0,
    0x0, 0x0, 0xdf, 0xd0, 0x0, 0x0, 0x0, 0x0,
    0x0, 0x3, 0xff, 0x40, 0x0, 0x0, 0x0, 0x0,
    0x0, 0x3, 0x42, 0x0, 0x0, 0x0, 0x0, 0x0,
    0x0, 0x0, 0x0, 0x0, 0x0, 0x0, 0x0, 0x7,
    0xce, 0xfe, 0xb6, 0x0, 0x0, 0x0, 0x3e, 0xff,
    0xff, 0xff, 0xfe, 0x30, 0x0, 0x3f, 0xff, 0xff,
    0xef, 0xff, 0xff, 0x20, 0xd, 0xff, 0xf6, 0x0,
    0x6, 0xff, 0xfd, 0x6, 0xff, 0xf4, 0x0, 0x0,
    0x5, 0xff, 0xf5, 0xbf, 0xfc, 0x0, 0x0, 0x0,
    0xc, 0xff, 0xae, 0xff, 0x70, 0x0, 0x0, 0x0,
    0x8f, 0xfd, 0xff, 0xf5, 0x0, 0x0, 0x0, 0x6,
    0xff, 0xef, 0xff, 0x50, 0x0, 0x0, 0x0, 0x6f,
    0xfe, 0xef, 0xf7, 0x0, 0x0, 0x0, 0x8, 0xff,
    0xdb, 0xff, 0xc0, 0x0, 0x0, 0x0, 0xcf, 0xfa,
    0x5f, 0xff, 0x40, 0x0, 0x0, 0x5f, 0xff, 0x50,
    0xdf, 0xff, 0x60, 0x0, 0x6f, 0xff, 0xd0, 0x3,
    0xff, 0xff, 0xfe, 0xff, 0xff, 0xf2, 0x0, 0x3,
    0xef, 0xff, 0xff, 0xff, 0xd3, 0x0, 0x0, 0x0,
    0x7c, 0xef, 0xeb, 0x60, 0x0, 0x0,

    /* U+00D3 "Ó" */
    0x0, 0x0, 0x0, 0x6, 0xff, 0x70, 0x0, 0x0,
    0x0, 0x0, 0x0, 0xdf, 0xc0, 0x0, 0x0, 0x0,
    0x0, 0x0, 0x5f, 0xf2, 0x0, 0x0, 0x0, 0x0,
    0x0, 0x2, 0x43, 0x0, 0x0, 0x0, 0x0, 0x0,
    0x0, 0x0, 0x0, 0x0, 0x0, 0x0, 0x0, 0x7,
    0xce, 0xfe, 0xb6, 0x0, 0x0, 0x0, 0x3e, 0xff,
    0xff, 0xff, 0xfe, 0x30, 0x0, 0x3f, 0xff, 0xff,
    0xef, 0xff, 0xff, 0x20, 0xd, 0xff, 0xf6, 0x0,
    0x6, 0xff, 0xfd, 0x6, 0xff, 0xf4, 0x0, 0x0,
    0x5, 0xff, 0xf5, 0xbf, 0xfc, 0x0, 0x0, 0x0,
    0xc, 0xff, 0xae, 0xff, 0x70, 0x0, 0x0, 0x0,
    0x8f, 0xfd, 0xff, 0xf5, 0x0, 0x0, 0x0, 0x6,
    0xff, 0xef, 0xff, 0x50, 0x0, 0x0, 0x0, 0x6f,
    0xfe, 0xef, 0xf7, 0x0, 0x0, 0x0, 0x8, 0xff,
    0xdb, 0xff, 0xc0, 0x0, 0x0, 0x0, 0xcf, 0xfa,
    0x5f, 0xff, 0x40, 0x0, 0x0, 0x5f, 0xff, 0x50,
    0xdf, 0xff, 0x60, 0x0, 0x6f, 0xff, 0xd0, 0x3,
    0xff, 0xff, 0xfe, 0xff, 0xff, 0xf2, 0x0, 0x3,
    0xef, 0xff, 0xff, 0xff, 0xd3, 0x0, 0x0, 0x0,
    0x7c, 0xef, 0xeb, 0x60, 0x0, 0x0,

    /* U+00D4 "Ô" */
    0x0, 0x0, 0x4, 0xff, 0xf3, 0x0, 0x0, 0x0,
    0x0, 0x2, 0xff, 0xdf, 0xe2, 0x0, 0x0, 0x0,
    0x2, 0xef, 0xb0, 0xcf, 0xd1, 0x0, 0x0, 0x0,
    0x58, 0x71, 0x1, 0x88, 0x40, 0x0, 0x0, 0x0,
    0x0, 0x0, 0x0, 0x0, 0x0, 0x0, 0x0, 0x7,
    0xce, 0xfe, 0xb6, 0x0, 0x0, 0x0, 0x3e, 0xff,
    0xff, 0xff, 0xfe, 0x30, 0x0, 0x3f, 0xff, 0xff,
    0xef, 0xff, 0xff, 0x20, 0xd, 0xff, 0xf6, 0x0,
    0x6, 0xff, 0xfd, 0x6, 0xff, 0xf4, 0x0, 0x0,
    0x5, 0xff, 0xf5, 0xbf, 0xfc, 0x0, 0x0, 0x0,
    0xc, 0xff, 0xae, 0xff, 0x70, 0x0, 0x0, 0x0,
    0x8f, 0xfd, 0xff, 0xf5, 0x0, 0x0, 0x0, 0x6,
    0xff, 0xef, 0xff, 0x50, 0x0, 0x0, 0x0, 0x6f,
    0xfe, 0xef, 0xf7, 0x0, 0x0, 0x0, 0x8, 0xff,
    0xdb, 0xff, 0xc0, 0x0, 0x0, 0x0, 0xcf, 0xfa,
    0x5f, 0xff, 0x40, 0x0, 0x0, 0x5f, 0xff, 0x50,
    0xdf, 0xff, 0x60, 0x0, 0x6f, 0xff, 0xd0, 0x3,
    0xff, 0xff, 0xfe, 0xff, 0xff, 0xf2, 0x0, 0x3,
    0xef, 0xff, 0xff, 0xff, 0xd3, 0x0, 0x0, 0x0,
    0x7c, 0xef, 0xeb, 0x60, 0x0, 0x0,

    /* U+00D5 "Õ" */
    0x0, 0x0, 0x3b, 0xb5, 0x7, 0xc2, 0x0, 0x0,
    0x0, 0xe, 0xff, 0xfd, 0xff, 0x0, 0x0, 0x0,
    0x3, 0xfa, 0x19, 0xfe, 0x50, 0x0, 0x0, 0x0,
    0x0, 0x0, 0x0, 0x0, 0x0, 0x0, 0x0, 0x0,
    0x0, 0x0, 0x0, 0x0, 0x0, 0x0, 0x0, 0x7,
    0xce, 0xfe, 0xb6, 0x0, 0x0, 0x0, 0x3e, 0xff,
    0xff, 0xff, 0xfe, 0x30, 0x0, 0x3f, 0xff, 0xff,
    0xef, 0xff, 0xff, 0x20, 0xd, 0xff, 0xf6, 0x0,
    0x6, 0xff, 0xfd, 0x6, 0xff, 0xf4, 0x0, 0x0,
    0x5, 0xff, 0xf5, 0xbf, 0xfc, 0x0, 0x0, 0x0,
    0xc, 0xff, 0xae, 0xff, 0x70, 0x0, 0x0, 0x0,
    0x8f, 0xfd, 0xff, 0xf5, 0x0, 0x0, 0x0, 0x6,
    0xff, 0xef, 0xff, 0x50, 0x0, 0x0, 0x0, 0x6f,
    0xfe, 0xef, 0xf7, 0x0, 0x0, 0x0, 0x8, 0xff,
    0xdb, 0xff, 0xc0, 0x0, 0x0, 0x0, 0xcf, 0xfa,
    0x5f, 0xff, 0x40, 0x0, 0x0, 0x5f, 0xff, 0x50,
    0xdf, 0xff, 0x60, 0x0, 0x6f, 0xff, 0xd0, 0x3,
    0xff, 0xff, 0xfe, 0xff, 0xff, 0xf2, 0x0, 0x3,
    0xef, 0xff, 0xff, 0xff, 0xd3, 0x0, 0x0, 0x0,
    0x7c, 0xef, 0xeb, 0x60, 0x0, 0x0,

    /* U+00D6 "Ö" */
    0x0, 0x2, 0xde, 0x40, 0x4e, 0xd1, 0x0, 0x0,
    0x0, 0x7f, 0xfa, 0xb, 0xff, 0x60, 0x0, 0x0,
    0x2, 0xef, 0x50, 0x5f, 0xe2, 0x0, 0x0, 0x0,
    0x0, 0x0, 0x0, 0x0, 0x0, 0x0, 0x0, 0x0,
    0x0, 0x0, 0x0, 0x0, 0x0, 0x0, 0x0, 0x7,
    0xce, 0xfe, 0xb6, 0x0, 0x0, 0x0, 0x3e, 0xff,
    0xff, 0xff, 0xfe, 0x30, 0x0, 0x3f, 0xff, 0xff,
    0xef, 0xff, 0xff, 0x20, 0xd, 0xff, 0xf6, 0x0,
    0x6, 0xff, 0xfd, 0x6, 0xff, 0xf4, 0x0, 0x0,
    0x5, 0xff, 0xf5, 0xbf, 0xfc, 0x0, 0x0, 0x0,
    0xc, 0xff, 0xae, 0xff, 0x70, 0x0, 0x0, 0x0,
    0x8f, 0xfd, 0xff, 0xf5, 0x0, 0x0, 0x0, 0x6,
    0xff, 0xef, 0xff, 0x50, 0x0, 0x0, 0x0, 0x6f,
    0xfe, 0xef, 0xf7, 0x0, 0x0, 0x0, 0x8, 0xff,
    0xdb, 0xff, 0xc0, 0x0, 0x0, 0x0, 0xcf, 0xfa,
    0x5f, 0xff, 0x40, 0x0, 0x0, 0x5f, 0xff, 0x50,
    0xdf, 0xff, 0x60, 0x0, 0x6f, 0xff, 0xd0, 0x3,
    0xff, 0xff, 0xfe, 0xff, 0xff, 0xf2, 0x0, 0x3,
    0xef, 0xff, 0xff, 0xff, 0xd3, 0x0, 0x0, 0x0,
    0x7c, 0xef, 0xeb, 0x60, 0x0, 0x0,

    /* U+00D7 "×" */
    0x0, 0x84, 0x0, 0x0, 0x4, 0x80, 0x0, 0x8f,
    0xf4, 0x0, 0x4, 0xff, 0x80, 0xb, 0xff, 0xf4,
    0x4, 0xff, 0xfb, 0x0, 0xb, 0xff, 0xf8, 0xff,
    0xfb, 0x0, 0x0, 0xb, 0xff, 0xff, 0xfa, 0x0,
    0x0, 0x0, 0xc, 0xff, 0xfc, 0x0, 0x0, 0x0,
    0x5, 0xff, 0xff, 0xf4, 0x0, 0x0, 0x5, 0xff,
    0xfe, 0xff, 0xf5, 0x0, 0x5, 0xff, 0xf9, 0xa,
    0xff, 0xf5, 0x0, 0xdf, 0xf9, 0x0, 0xa, 0xff,
    0xd0, 0x1, 0xd9, 0x0, 0x0, 0x9, 0xd1, 0x0,
    0x1, 0x0, 0x0, 0x0, 0x1, 0x0,

    /* U+00D8 "Ø" */
    0x0, 0x0, 0x0, 0x0, 0x0, 0x0, 0x30, 0x0,
    0x0, 0x7, 0xce, 0xfe, 0xb6, 0x5f, 0xa0, 0x0,
    0x3e, 0xff, 0xff, 0xff, 0xff, 0xf6, 0x0, 0x3f,
    0xff, 0xff, 0xef, 0xff, 0xff, 0x20, 0xd, 0xff,
    0xf6, 0x0, 0xb, 0xff, 0xfd, 0x6, 0xff, 0xf4,
    0x0, 0x3, 0xff, 0xff, 0xf5, 0xbf, 0xfc, 0x0,
    0x0, 0xdf, 0x7c, 0xff, 0xae, 0xff, 0x70, 0x0,
    0x9f, 0xc0, 0x8f, 0xfd, 0xff, 0xf5, 0x0, 0x5f,
    0xe1, 0x6, 0xff, 0xef, 0xff, 0x50, 0x1e, 0xf5,
    0x0, 0x6f, 0xfe, 0xef, 0xf7, 0xc, 0xf9, 0x0,
    0x8, 0xff, 0xdb, 0xff, 0xc8, 0xfd, 0x0, 0x0,
    0xcf, 0xfa, 0x5f, 0xff, 0xff, 0x20, 0x0, 0x5f,
    0xff, 0x50, 0xdf, 0xff, 0xa0, 0x0, 0x6f, 0xff,
    0xd0, 0x3, 0xff, 0xff, 0xfe, 0xff, 0xff, 0xf2,
    0x0, 0x6f, 0xff, 0xff, 0xff, 0xff, 0xd3, 0x0,
    0xb, 0xf5, 0x7c, 0xef, 0xeb, 0x60, 0x0, 0x0,
    0x3, 0x0, 0x0, 0x0, 0x0, 0x0, 0x0,

    /* U+00D9 "Ù" */
    0x0, 0x0, 0xef, 0xe0, 0x0, 0x0, 0x0, 0x0,
    0x0, 0x4f, 0xf6, 0x0, 0x0, 0x0, 0x0, 0x0,
    0x9, 0xfd, 0x0, 0x0, 0x0, 0x0, 0x0, 0x0,
    0x44, 0x0, 0x0, 0x0, 0x0, 0x0, 0x0, 0x0,
    0x0, 0x0, 0x0, 0x8f, 0xfb, 0x0, 0x0, 0x0,
    0xaf, 0xfa, 0x8f, 0xfb, 0x0, 0x0, 0x0, 0xaf,
    0xfa, 0x8f, 0xfb, 0x0, 0x0, 0x0, 0xaf, 0xfa,
    0x8f, 0xfb, 0x0, 0x0, 0x0, 0xaf, 0xfa, 0x8f,
    0xfb, 0x0, 0x0, 0x0, 0xaf, 0xfa, 0x8f, 0xfb,
    0x0, 0x0, 0x0, 0xaf, 0xfa, 0x8f, 0xfb, 0x0,
    0x0, 0x0, 0xaf, 0xfa, 0x8f, 0xfb, 0x0, 0x0,
    0x0, 0xaf, 0xfa, 0x8f, 0xfb, 0x0, 0x0, 0x0,
    0xaf, 0xfa, 0x8f, 0xfb, 0x0, 0x0, 0x0, 0xaf,
    0xfa, 0x8f, 0xfc, 0x0, 0x0, 0x0, 0xaf, 0xfa,
    0x6f, 0xff, 0x20, 0x0, 0x1, 0xff, 0xf8, 0x1f,
    0xff, 0xd3, 0x0, 0x2c, 0xff, 0xf3, 0x8, 0xff,
    0xff, 0xee, 0xff, 0xff, 0xa0, 0x0, 0x9f, 0xff,
    0xff, 0xff, 0xfa, 0x0, 0x0, 0x3, 0xad, 0xff,
    0xea, 0x40, 0x0,

    /* U+00DA "Ú" */
    0x0, 0x0, 0x0, 0xd, 0xfe, 0x10, 0x0, 0x0,
    0x0, 0x0, 0x4f, 0xf5, 0x0, 0x0, 0x0, 0x0,
    0x0, 0xcf, 0xa0, 0x0, 0x0, 0x0, 0x0, 0x0,
    0x44, 0x10, 0x0, 0x0, 0x0, 0x0, 0x0, 0x0,
    0x0, 0x0, 0x0, 0x8f, 0xfb, 0x0, 0x0, 0x0,
    0xaf, 0xfa, 0x8f, 0xfb, 0x0, 0x0, 0x0, 0xaf,
    0xfa, 0x8f, 0xfb, 0x0, 0x0, 0x0, 0xaf, 0xfa,
    0x8f, 0xfb, 0x0, 0x0, 0x0, 0xaf, 0xfa, 0x8f,
    0xfb, 0x0, 0x0, 0x0, 0xaf, 0xfa, 0x8f, 0xfb,
    0x0, 0x0, 0x0, 0xaf, 0xfa, 0x8f, 0xfb, 0x0,
    0x0, 0x0, 0xaf, 0xfa, 0x8f, 0xfb, 0x0, 0x0,
    0x0, 0xaf, 0xfa, 0x8f, 0xfb, 0x0, 0x0, 0x0,
    0xaf, 0xfa, 0x8f, 0xfb, 0x0, 0x0, 0x0, 0xaf,
    0xfa, 0x8f, 0xfc, 0x0, 0x0, 0x0, 0xaf, 0xfa,
    0x6f, 0xff, 0x20, 0x0, 0x1, 0xff, 0xf8, 0x1f,
    0xff, 0xd3, 0x0, 0x2c, 0xff, 0xf3, 0x8, 0xff,
    0xff, 0xee, 0xff, 0xff, 0xa0, 0x0, 0x9f, 0xff,
    0xff, 0xff, 0xfa, 0x0, 0x0, 0x3, 0xad, 0xff,
    0xea, 0x40, 0x0,

    /* U+00DB "Û" */
    0x0, 0x0, 0xa, 0xff, 0xb0, 0x0, 0x0, 0x0,
    0x0, 0x8f, 0xee, 0xf9, 0x0, 0x0, 0x0, 0x7,
    0xff, 0x43, 0xff, 0x80, 0x0, 0x0, 0x17, 0x85,
    0x0, 0x48, 0x81, 0x0, 0x0, 0x0, 0x0, 0x0,
    0x0, 0x0, 0x0, 0x8f, 0xfb, 0x0, 0x0, 0x0,
    0xaf, 0xfa, 0x8f, 0xfb, 0x0, 0x0, 0x0, 0xaf,
    0xfa, 0x8f, 0xfb, 0x0, 0x0, 0x0, 0xaf, 0xfa,
    0x8f, 0xfb, 0x0, 0x0, 0x0, 0xaf, 0xfa, 0x8f,
    0xfb, 0x0, 0x0, 0x0, 0xaf, 0xfa, 0x8f, 0xfb,
    0x0, 0x0, 0x0, 0xaf, 0xfa, 0x8f, 0xfb, 0x0,
    0x0, 0x0, 0xaf, 0xfa, 0x8f, 0xfb, 0x0, 0x0,
    0x0, 0xaf, 0xfa, 0x8f, 0xfb, 0x0, 0x0, 0x0,
    0xaf, 0xfa, 0x8f, 0xfb, 0x0, 0x0, 0x0, 0xaf,
    0xfa, 0x8f, 0xfc, 0x0, 0x0, 0x0, 0xaf, 0xfa,
    0x6f, 0xff, 0x20, 0x0, 0x1, 0xff, 0xf8, 0x1f,
    0xff, 0xd3, 0x0, 0x2c, 0xff, 0xf3, 0x8, 0xff,
    0xff, 0xee, 0xff, 0xff, 0xa0, 0x0, 0x9f, 0xff,
    0xff, 0xff, 0xfa, 0x0, 0x0, 0x3, 0xad, 0xff,
    0xea, 0x40, 0x0,

    /* U+00DC "Ü" */
    0x0, 0x7, 0xfb, 0x0, 0xaf, 0x80, 0x0, 0x0,
    0xe, 0xff, 0x32, 0xff, 0xf0, 0x0, 0x0, 0x8,
    0xfc, 0x0, 0xbf, 0x90, 0x0, 0x0, 0x0, 0x0,
    0x0, 0x0, 0x0, 0x0, 0x0, 0x0, 0x0, 0x0,
    0x0, 0x0, 0x0, 0x8f, 0xfb, 0x0, 0x0, 0x0,
    0xaf, 0xfa, 0x8f, 0xfb, 0x0, 0x0, 0x0, 0xaf,
    0xfa, 0x8f, 0xfb, 0x0, 0x0, 0x0, 0xaf, 0xfa,
    0x8f, 0xfb, 0x0, 0x0, 0x0, 0xaf, 0xfa, 0x8f,
    0xfb, 0x0, 0x0, 0x0, 0xaf, 0xfa, 0x8f, 0xfb,
    0x0, 0x0, 0x0, 0xaf, 0xfa, 0x8f, 0xfb, 0x0,
    0x0, 0x0, 0xaf, 0xfa, 0x8f, 0xfb, 0x0, 0x0,
    0x0, 0xaf, 0xfa, 0x8f, 0xfb, 0x0, 0x0, 0x0,
    0xaf, 0xfa, 0x8f, 0xfb, 0x0, 0x0, 0x0, 0xaf,
    0xfa, 0x8f, 0xfc, 0x0, 0x0, 0x0, 0xaf, 0xfa,
    0x6f, 0xff, 0x20, 0x0, 0x1, 0xff, 0xf8, 0x1f,
    0xff, 0xd3, 0x0, 0x2c, 0xff, 0xf3, 0x8, 0xff,
    0xff, 0xee, 0xff, 0xff, 0xa0, 0x0, 0x9f, 0xff,
    0xff, 0xff, 0xfa, 0x0, 0x0, 0x3, 0xad, 0xff,
    0xea, 0x40, 0x0,

    /* U+00DD "Ý" */
    0x0, 0x0, 0x0, 0x0, 0x34, 0x41, 0x0, 0x0,
    0x0, 0x0, 0x0, 0x0, 0xff, 0xc0, 0x0, 0x0,
    0x0, 0x0, 0x0, 0x7, 0xff, 0x20, 0x0, 0x0,
    0x0, 0x0, 0x0, 0xe, 0xf7, 0x0, 0x0, 0x0,
    0x0, 0x0, 0x0, 0x0, 0x0, 0x0, 0x0, 0x0,
    0x2f, 0xff, 0xa0, 0x0, 0x0, 0x8, 0xff, 0xf4,
    0x9, 0xff, 0xf2, 0x0, 0x0, 0x1f, 0xff, 0xa0,
    0x1, 0xef, 0xfb, 0x0, 0x0, 0x9f, 0xff, 0x20,
    0x0, 0x6f, 0xff, 0x40, 0x2, 0xff, 0xf8, 0x0,
    0x0, 0xc, 0xff, 0xc0, 0xa, 0xff, 0xe0, 0x0,
    0x0, 0x3, 0xff, 0xf5, 0x2f, 0xff, 0x50, 0x0,
    0x0, 0x0, 0x9f, 0xfc, 0x9f, 0xfc, 0x0, 0x0,
    0x0, 0x0, 0x1f, 0xff, 0xff, 0xf2, 0x0, 0x0,
    0x0, 0x0, 0x6, 0xff, 0xff, 0x90, 0x0, 0x0,
    0x0, 0x0, 0x0, 0xdf, 0xfe, 0x10, 0x0, 0x0,
    0x0, 0x0, 0x0, 0x8f, 0xfb, 0x0, 0x0, 0x0,
    0x0, 0x0, 0x0, 0x8f, 0xfb, 0x0, 0x0, 0x0,
    0x0, 0x0, 0x0, 0x8f, 0xfb, 0x0, 0x0, 0x0,
    0x0, 0x0, 0x0, 0x8f, 0xfb, 0x0, 0x0, 0x0,
    0x0, 0x0, 0x0, 0x8f, 0xfb, 0x0, 0x0, 0x0,
    0x0, 0x0, 0x0, 0x8f, 0xfb, 0x0, 0x0, 0x0,

    /* U+00DE "Þ" */
    0x9f, 0xfb, 0x0, 0x0, 0x0, 0x0, 0x9, 0xff,
    0xb0, 0x0, 0x0, 0x0, 0x0, 0x9f, 0xfb, 0x0,
    0x0, 0x0, 0x0, 0x9, 0xff, 0xff, 0xff, 0xea,
    0x40, 0x0, 0x9f, 0xff, 0xff, 0xff, 0xff, 0x90,
    0x9, 0xff, 0xd8, 0x88, 0xcf, 0xff, 0x60, 0x9f,
    0xfb, 0x0, 0x0, 0x9f, 0xfd, 0x9, 0xff, 0xb0,
    0x0, 0x2, 0xff, 0xf0, 0x9f, 0xfb, 0x0, 0x0,
    0x4f, 0xff, 0x9, 0xff, 0xb0, 0x0, 0x3d, 0xff,
    0xa0, 0x9f, 0xff, 0xff, 0xff, 0xff, 0xe2, 0x9,
    0xff, 0xff, 0xff, 0xff, 0xc2, 0x0, 0x9f, 0xfd,
    0x88, 0x76, 0x20, 0x0, 0x9, 0xff, 0xb0, 0x0,
    0x0, 0x0, 0x0, 0x9f, 0xfb, 0x0, 0x0, 0x0,
    0x0, 0x9, 0xff, 0xb0, 0x0, 0x0, 0x0, 0x0,

    /* U+00DF "ß" */
    0x0, 0x3a, 0xef, 0xfd, 0x92, 0x0, 0x0, 0x6f,
    0xff, 0xff, 0xff, 0xf5, 0x0, 0x2f, 0xff, 0xfc,
    0xcf, 0xff, 0xf1, 0x7, 0xff, 0xf3, 0x0, 0x4f,
    0xff, 0x60, 0x8f, 0xfb, 0x0, 0x0, 0xcf, 0xf8,
    0x8, 0xff, 0xa0, 0x0, 0xe, 0xff, 0x60, 0x8f,
    0xfa, 0x0, 0x8, 0xff, 0xe0, 0x8, 0xff, 0xa0,
    0x8f, 0xff, 0xb1, 0x0, 0x8f, 0xfa, 0x8, 0xff,
    0xff, 0xb2, 0x8, 0xff, 0xa0, 0x48, 0x9e, 0xff,
    0xe1, 0x8f, 0xfa, 0x0, 0x0, 0x1e, 0xff, 0x68,
    0xff, 0xa0, 0x0, 0x0, 0xbf, 0xf9, 0x8f, 0xfa,
    0x0, 0x0, 0x1e, 0xff, 0x88, 0xff, 0xa0, 0x59,
    0xae, 0xff, 0xf4, 0x8f, 0xfa, 0x9, 0xff, 0xff,
    0xf9, 0x8, 0xff, 0xa0, 0x9f, 0xfe, 0xb5, 0x0,

    /* U+00E0 "à" */
    0x0, 0xa, 0xff, 0x30, 0x0, 0x0, 0x0, 0x1,
    0xef, 0xa0, 0x0, 0x0, 0x0, 0x0, 0x5f, 0xf2,
    0x0, 0x0, 0x0, 0x0, 0x4, 0x42, 0x0, 0x0,
    0x0, 0x0, 0x0, 0x0, 0x0, 0x0, 0x0, 0x7,
    0xcf, 0xfe, 0xa3, 0x0, 0x1, 0xcf, 0xff, 0xff,
    0xff, 0x70, 0x9, 0xff, 0xe7, 0x5a, 0xff, 0xf1,
    0x4, 0x69, 0x20, 0x0, 0xef, 0xf5, 0x0, 0x0,
    0x0, 0x25, 0xff, 0xf6, 0x0, 0x5b, 0xef, 0xff,
    0xff, 0xf6, 0x9, 0xff, 0xfe, 0xc9, 0xef, 0xf6,
    0x2f, 0xff, 0x50, 0x0, 0xcf, 0xf6, 0x4f, 0xfe,
    0x0, 0x1, 0xff, 0xf6, 0x2f, 0xff, 0x84, 0x5d,
    0xff, 0xf6, 0xb, 0xff, 0xff, 0xfe, 0xbf, 0xf6,
    0x0, 0x8d, 0xfe, 0xa2, 0xaf, 0xf6,

    /* U+00E1 "á" */
    0x0, 0x0, 0x0, 0x9f, 0xf5, 0x0, 0x0, 0x0,
    0x1, 0xff, 0xa0, 0x0, 0x0, 0x0, 0x7, 0xfe,
    0x10, 0x0, 0x0, 0x0, 0x3, 0x42, 0x0, 0x0,
    0x0, 0x0, 0x0, 0x0, 0x0, 0x0, 0x0, 0x7,
    0xcf, 0xfe, 0xa3, 0x0, 0x1, 0xcf, 0xff, 0xff,
    0xff, 0x70, 0x9, 0xff, 0xe7, 0x5a, 0xff, 0xf1,
    0x4, 0x69, 0x20, 0x0, 0xef, 0xf5, 0x0, 0x0,
    0x0, 0x25, 0xff, 0xf6, 0x0, 0x5b, 0xef, 0xff,
    0xff, 0xf6, 0x9, 0xff, 0xfe, 0xc9, 0xef, 0xf6,
    0x2f, 0xff, 0x50, 0x0, 0xcf, 0xf6, 0x4f, 0xfe,
    0x0, 0x1, 0xff, 0xf6, 0x2f, 0xff, 0x84, 0x5d,
    0xff, 0xf6, 0xb, 0xff, 0xff, 0xfe, 0xbf, 0xf6,
    0x0, 0x8d, 0xfe, 0xa2, 0xaf, 0xf6,

    /* U+00E2 "â" */
    0x0, 0x0, 0x5f, 0xfe, 0x10, 0x0, 0x0, 0x4,
    0xff, 0xdf, 0xd1, 0x0, 0x0, 0x3f, 0xf9, 0x1d,
    0xfc, 0x0, 0x0, 0x68, 0x70, 0x2, 0x88, 0x30,
    0x0, 0x0, 0x0, 0x0, 0x0, 0x0, 0x0, 0x7,
    0xcf, 0xfe, 0xa3, 0x0, 0x1, 0xcf, 0xff, 0xff,
    0xff, 0x70, 0x9, 0xff, 0xe7, 0x5a, 0xff, 0xf1,
    0x4, 0x69, 0x20, 0x0, 0xef, 0xf5, 0x0, 0x0,
    0x0, 0x25, 0xff, 0xf6, 0x0, 0x5b, 0xef, 0xff,
    0xff, 0xf6, 0x9, 0xff, 0xfe, 0xc9, 0xef, 0xf6,
    0x2f, 0xff, 0x50, 0x0, 0xcf, 0xf6, 0x4f, 0xfe,
    0x0, 0x1, 0xff, 0xf6, 0x2f, 0xff, 0x84, 0x5d,
    0xff, 0xf6, 0xb, 0xff, 0xff, 0xfe, 0xbf, 0xf6,
    0x0, 0x8d, 0xfe, 0xa2, 0xaf, 0xf6,

    /* U+00E3 "ã" */
    0x0, 0xa, 0xff, 0xff, 0xff, 0x0, 0x0, 0x4c,
    0xcc, 0xcc, 0xb3, 0x0, 0x0, 0x0, 0x0, 0x0,
    0x0, 0x0, 0x0, 0x0, 0x0, 0x0, 0x0, 0x0,
    0x0, 0x7, 0xcf, 0xfe, 0xa3, 0x0, 0x1, 0xcf,
    0xff, 0xff, 0xff, 0x70, 0x9, 0xff, 0xe7, 0x5a,
    0xff, 0xf1, 0x4, 0x69, 0x20, 0x0, 0xef, 0xf5,
    0x0, 0x0, 0x0, 0x25, 0xff, 0xf6, 0x0, 0x5b,
    0xef, 0xff, 0xff, 0xf6, 0x9, 0xff, 0xfe, 0xc9,
    0xef, 0xf6, 0x2f, 0xff, 0x50, 0x0, 0xcf, 0xf6,
    0x4f, 0xfe, 0x0, 0x1, 0xff, 0xf6, 0x2f, 0xff,
    0x84, 0x5d, 0xff, 0xf6, 0xb, 0xff, 0xff, 0xfe,
    0xbf, 0xf6, 0x0, 0x8d, 0xfe, 0xa2, 0xaf, 0xf6,

    /* U+00E4 "ä" */
    0x0, 0x3e, 0xd2, 0x6, 0xfc, 0x0, 0x0, 0x9f,
    0xf8, 0xd, 0xff, 0x40, 0x0, 0x4f, 0xf3, 0x7,
    0xfd, 0x10, 0x0, 0x0, 0x0, 0x0, 0x0, 0x0,
    0x0, 0x0, 0x0, 0x0, 0x0, 0x0, 0x0, 0x7,
    0xcf, 0xfe, 0xa3, 0x0, 0x1, 0xcf, 0xff, 0xff,
    0xff, 0x70, 0x9, 0xff, 0xe7, 0x5a, 0xff, 0xf1,
    0x4, 0x69, 0x20, 0x0, 0xef, 0xf5, 0x0, 0x0,
    0x0, 0x25, 0xff, 0xf6, 0x0, 0x5b, 0xef, 0xff,
    0xff, 0xf6, 0x9, 0xff, 0xfe, 0xc9, 0xef, 0xf6,
    0x2f, 0xff, 0x50, 0x0, 0xcf, 0xf6, 0x4f, 0xfe,
    0x0, 0x1, 0xff, 0xf6, 0x2f, 0xff, 0x84, 0x5d,
    0xff, 0xf6, 0xb, 0xff, 0xff, 0xfe, 0xbf, 0xf6,
    0x0, 0x8d, 0xfe, 0xa2, 0xaf, 0xf6,

    /* U+00E5 "å" */
    0x0, 0x0, 0x0, 0x10, 0x0, 0x0, 0x0, 0x0,
    0x8f, 0xfe, 0x40, 0x0, 0x0, 0x5, 0xfa, 0x5d,
    0xf1, 0x0, 0x0, 0x9, 0xf1, 0x6, 0xf4, 0x0,
    0x0, 0x6, 0xf8, 0x2c, 0xf1, 0x0, 0x0, 0x0,
    0xbf, 0xff, 0x60, 0x0, 0x0, 0x0, 0x3, 0x41,
    0x0, 0x0, 0x0, 0x7, 0xcf, 0xfe, 0xa3, 0x0,
    0x1, 0xcf, 0xff, 0xff, 0xff, 0x70, 0x9, 0xff,
    0xe7, 0x5a, 0xff, 0xf1, 0x4, 0x69, 0x20, 0x0,
    0xef, 0xf5, 0x0, 0x0, 0x0, 0x25, 0xff, 0xf6,
    0x0, 0x5b, 0xef, 0xff, 0xff, 0xf6, 0x9, 0xff,
    0xfe, 0xc9, 0xef, 0xf6, 0x2f, 0xff, 0x50, 0x0,
    0xcf, 0xf6, 0x4f, 0xfe, 0x0, 0x1, 0xff, 0xf6,
    0x2f, 0xff, 0x84, 0x5d, 0xff, 0xf6, 0xb, 0xff,
    0xff, 0xfe, 0xbf, 0xf6, 0x0, 0x8d, 0xfe, 0xa2,
    0xaf, 0xf6,

    /* U+00E6 "æ" */
    0x0, 0x7, 0xcf, 0xfe, 0x91, 0x2a, 0xef, 0xeb,
    0x40, 0x0, 0x1, 0xcf, 0xff, 0xff, 0xfe, 0xff,
    0xff, 0xff, 0xf8, 0x0, 0x9, 0xff, 0xe8, 0x6b,
    0xff, 0xff, 0x96, 0x8f, 0xff, 0x50, 0x4, 0x8a,
    0x30, 0x0, 0xef, 0xf7, 0x0, 0x5, 0xff, 0xc0,
    0x0, 0x0, 0x0, 0x0, 0xdf, 0xf1, 0x0, 0x0,
    0xff, 0xf1, 0x0, 0x3a, 0xdf, 0xff, 0xff, 0xff,
    0xff, 0xff, 0xff, 0xf2, 0x7, 0xff, 0xff, 0xff,
    0xff, 0xff, 0xff, 0xff, 0xff, 0xf3, 0x1f, 0xff,
    0x61, 0x0, 0xdf, 0xf1, 0x0, 0x0, 0x0, 0x0,
    0x4f, 0xfd, 0x0, 0x2, 0xff, 0xf8, 0x0, 0x1,
    0x98, 0x70, 0x2f, 0xff, 0xa6, 0x8e, 0xff, 0xff,
    0xa6, 0x7d, 0xff, 0xb0, 0xa, 0xff, 0xff, 0xff,
    0xd7, 0xff, 0xff, 0xff, 0xfd, 0x10, 0x0, 0x7d,
    0xff, 0xc7, 0x0, 0x3a, 0xef, 0xfc, 0x70, 0x0,

    /* U+00E7 "ç" */
    0x0, 0x2, 0xae, 0xff, 0xc6, 0x0, 0x0, 0x6,
    0xff, 0xff, 0xff, 0xfc, 0x0, 0x3, 0xff, 0xfd,
    0x8a, 0xff, 0xf9, 0x0, 0xaf, 0xfc, 0x0, 0x5,
    0xff, 0xe0, 0xf, 0xff, 0x50, 0x0, 0x5, 0x20,
    0x1, 0xff, 0xf2, 0x0, 0x0, 0x0, 0x0, 0x1f,
    0xff, 0x20, 0x0, 0x0, 0x0, 0x0, 0xff, 0xf5,
    0x0, 0x0, 0x64, 0x10, 0xa, 0xff, 0xd0, 0x0,
    0x5f, 0xff, 0x0, 0x3f, 0xff, 0xd8, 0xaf, 0xff,
    0x80, 0x0, 0x6f, 0xff, 0xff, 0xff, 0xc0, 0x0,
    0x0, 0x2a, 0xef, 0xfc, 0x60, 0x0, 0x0, 0x0,
    0x1, 0xf9, 0x20, 0x0, 0x0, 0x0, 0x0, 0x18,
    0xcf, 0x30, 0x0, 0x0, 0x0, 0x2, 0x49, 0xf6,
    0x0, 0x0, 0x0, 0x0, 0xaf, 0xfb, 0x10, 0x0,

    /* U+00E8 "è" */
    0x0, 0x6, 0xff, 0x70, 0x0, 0x0, 0x0, 0x0,
    0xb, 0xfe, 0x0, 0x0, 0x0, 0x0, 0x0, 0x1f,
    0xf6, 0x0, 0x0, 0x0, 0x0, 0x0, 0x24, 0x30,
    0x0, 0x0, 0x0, 0x0, 0x0, 0x0, 0x0, 0x0,
    0x0, 0x0, 0x2a, 0xef, 0xfb, 0x40, 0x0, 0x0,
    0x6f, 0xff, 0xff, 0xff, 0x90, 0x0, 0x3f, 0xff,
    0xa6, 0x8f, 0xff, 0x60, 0xa, 0xff, 0x80, 0x0,
    0x4f, 0xfd, 0x0, 0xff, 0xf2, 0x0, 0x0, 0xef,
    0xf2, 0x1f, 0xff, 0xff, 0xff, 0xff, 0xff, 0x41,
    0xff, 0xff, 0xff, 0xff, 0xff, 0xf4, 0xf, 0xff,
    0x20, 0x0, 0x0, 0x0, 0x0, 0xbf, 0xf9, 0x0,
    0x0, 0x86, 0x40, 0x3, 0xff, 0xfb, 0x67, 0xdf,
    0xfc, 0x0, 0x6, 0xff, 0xff, 0xff, 0xfe, 0x20,
    0x0, 0x3, 0xae, 0xff, 0xd8, 0x10, 0x0,

    /* U+00E9 "é" */
    0x0, 0x0, 0x0, 0x5f, 0xf9, 0x0, 0x0, 0x0,
    0x0, 0xc, 0xfd, 0x0, 0x0, 0x0, 0x0, 0x3,
    0xff, 0x30, 0x0, 0x0, 0x0, 0x0, 0x24, 0x30,
    0x0, 0x0, 0x0, 0x0, 0x0, 0x0, 0x0, 0x0,
    0x0, 0x0, 0x2a, 0xef, 0xfb, 0x40, 0x0, 0x0,
    0x6f, 0xff, 0xff, 0xff, 0x90, 0x0, 0x3f, 0xff,
    0xa6, 0x8f, 0xff, 0x60, 0xa, 0xff, 0x80, 0x0,
    0x4f, 0xfd, 0x0, 0xff, 0xf2, 0x0, 0x0, 0xef,
    0xf2, 0x1f, 0xff, 0xff, 0xff, 0xff, 0xff, 0x41,
    0xff, 0xff, 0xff, 0xff, 0xff, 0xf4, 0xf, 0xff,
    0x20, 0x0, 0x0, 0x0, 0x0, 0xbf, 0xf9, 0x0,
    0x0, 0x86, 0x40, 0x3, 0xff, 0xfb, 0x67, 0xdf,
    0xfc, 0x0, 0x6, 0xff, 0xff, 0xff, 0xfe, 0x20,
    0x0, 0x3, 0xae, 0xff, 0xd8, 0x10, 0x0,

    /* U+00EA "ê" */
    0x0, 0x0, 0x2e, 0xff, 0x40, 0x0, 0x0, 0x0,
    0x1e, 0xfd, 0xff, 0x30, 0x0, 0x0, 0x1d, 0xfc,
    0xa, 0xfe, 0x20, 0x0, 0x4, 0x88, 0x10, 0x7,
    0x85, 0x0, 0x0, 0x0, 0x0, 0x0, 0x0, 0x0,
    0x0, 0x0, 0x2a, 0xef, 0xfb, 0x40, 0x0, 0x0,
    0x6f, 0xff, 0xff, 0xff, 0x90, 0x0, 0x3f, 0xff,
    0xa6, 0x8f, 0xff, 0x60, 0xa, 0xff, 0x80, 0x0,
    0x4f, 0xfd, 0x0, 0xff, 0xf2, 0x0, 0x0, 0xef,
    0xf2, 0x1f, 0xff, 0xff, 0xff, 0xff, 0xff, 0x41,
    0xff, 0xff, 0xff, 0xff, 0xff, 0xf4, 0xf, 0xff,
    0x20, 0x0, 0x0, 0x0, 0x0, 0xbf, 0xf9, 0x0,
    0x0, 0x86, 0x40, 0x3, 0xff, 0xfb, 0x67, 0xdf,
    0xfc, 0x0, 0x6, 0xff, 0xff, 0xff, 0xfe, 0x20,
    0x0, 0x3, 0xae, 0xff, 0xd8, 0x10, 0x0,

    /* U+00EB "ë" */
    0x0, 0x1c, 0xf5, 0x3, 0xee, 0x20, 0x0, 0x5,
    0xff, 0xc0, 0x9f, 0xf8, 0x0, 0x0, 0x1e, 0xf6,
    0x4, 0xff, 0x30, 0x0, 0x0, 0x0, 0x0, 0x0,
    0x0, 0x0, 0x0, 0x0, 0x0, 0x0, 0x0, 0x0,
    0x0, 0x0, 0x2a, 0xef, 0xfb, 0x40, 0x0, 0x0,
    0x6f, 0xff, 0xff, 0xff, 0x90, 0x0, 0x3f, 0xff,
    0xa6, 0x8f, 0xff, 0x60, 0xa, 0xff, 0x80, 0x0,
    0x4f, 0xfd, 0x0, 0xff, 0xf2, 0x0, 0x0, 0xef,
    0xf2, 0x1f, 0xff, 0xff, 0xff, 0xff, 0xff, 0x41,
    0xff, 0xff, 0xff, 0xff, 0xff, 0xf4, 0xf, 0xff,
    0x20, 0x0, 0x0, 0x0, 0x0, 0xbf, 0xf9, 0x0,
    0x0, 0x86, 0x40, 0x3, 0xff, 0xfb, 0x67, 0xdf,
    0xfc, 0x0, 0x6, 0xff, 0xff, 0xff, 0xfe, 0x20,
    0x0, 0x3, 0xae, 0xff, 0xd8, 0x10, 0x0,

    /* U+00EC "ì" */
    0x1e, 0xfd, 0x0, 0x5, 0xff, 0x50, 0x0, 0xaf,
    0xc0, 0x0, 0x14, 0x40, 0x0, 0x0, 0x0, 0x0,
    0xaf, 0xf9, 0x0, 0xaf, 0xf9, 0x0, 0xaf, 0xf9,
    0x0, 0xaf, 0xf9, 0x0, 0xaf, 0xf9, 0x0, 0xaf,
    0xf9, 0x0, 0xaf, 0xf9, 0x0, 0xaf, 0xf9, 0x0,
    0xaf, 0xf9, 0x0, 0xaf, 0xf9, 0x0, 0xaf, 0xf9,
    0x0, 0xaf, 0xf9,

    /* U+00ED "í" */
    0x0, 0xef, 0xe1, 0x5, 0xff, 0x40, 0xd, 0xf9,
    0x0, 0x4, 0x40, 0x0, 0x0, 0x0, 0x0, 0xaf,
    0xf9, 0x0, 0xaf, 0xf9, 0x0, 0xaf, 0xf9, 0x0,
    0xaf, 0xf9, 0x0, 0xaf, 0xf9, 0x0, 0xaf, 0xf9,
    0x0, 0xaf, 0xf9, 0x0, 0xaf, 0xf9, 0x0, 0xaf,
    0xf9, 0x0, 0xaf, 0xf9, 0x0, 0xaf, 0xf9, 0x0,
    0xaf, 0xf9, 0x0,

    /* U+00EE "î" */
    0x0, 0x4, 0x88, 0x30, 0x0, 0x0, 0x5f, 0xff,
    0xf4, 0x0, 0x6, 0xff, 0x56, 0xff, 0x50, 0x17,
    0x85, 0x0, 0x58, 0x70, 0x0, 0x0, 0x0, 0x0,
    0x0, 0x0, 0xa, 0xff, 0x90, 0x0, 0x0, 0xa,
    0xff, 0x90, 0x0, 0x0, 0xa, 0xff, 0x90, 0x0,
    0x0, 0xa, 0xff, 0x90, 0x0, 0x0, 0xa, 0xff,
    0x90, 0x0, 0x0, 0xa, 0xff, 0x90, 0x0, 0x0,
    0xa, 0xff, 0x90, 0x0, 0x0, 0xa, 0xff, 0x90,
    0x0, 0x0, 0xa, 0xff, 0x90, 0x0, 0x0, 0xa,
    0xff, 0x90, 0x0, 0x0, 0xa, 0xff, 0x90, 0x0,
    0x0, 0xa, 0xff, 0x90, 0x0,

    /* U+00EF "ï" */
    0x8, 0xfa, 0x0, 0xbf, 0x70, 0xff, 0xf2, 0x3f,
    0xfe, 0x9, 0xfc, 0x0, 0xcf, 0x80, 0x1, 0x0,
    0x0, 0x10, 0x0, 0x0, 0x0, 0x0, 0x0, 0x0,
    0xaf, 0xf9, 0x0, 0x0, 0xa, 0xff, 0x90, 0x0,
    0x0, 0xaf, 0xf9, 0x0, 0x0, 0xa, 0xff, 0x90,
    0x0, 0x0, 0xaf, 0xf9, 0x0, 0x0, 0xa, 0xff,
    0x90, 0x0, 0x0, 0xaf, 0xf9, 0x0, 0x0, 0xa,
    0xff, 0x90, 0x0, 0x0, 0xaf, 0xf9, 0x0, 0x0,
    0xa, 0xff, 0x90, 0x0, 0x0, 0xaf, 0xf9, 0x0,
    0x0, 0xa, 0xff, 0x90, 0x0,

    /* U+00F0 "ð" */
    0x0, 0x8, 0x40, 0x0, 0x2, 0x0, 0x0, 0x1,
    0xff, 0xd6, 0x2a, 0xf2, 0x0, 0x0, 0x5, 0xdf,
    0xff, 0xe7, 0x0, 0x0, 0x0, 0x2a, 0xff, 0xfe,
    0x20, 0x0, 0x0, 0x2f, 0xe7, 0x5f, 0xfe, 0x10,
    0x0, 0x0, 0x70, 0x0, 0x4f, 0xfc, 0x0, 0x0,
    0x7, 0xdf, 0xfa, 0x9f, 0xf5, 0x0, 0xb, 0xff,
    0xff, 0xfe, 0xff, 0xc0, 0x6, 0xff, 0xe3, 0x2,
    0xcf, 0xff, 0x0, 0xdf, 0xf5, 0x0, 0x1, 0xff,
    0xf3, 0xf, 0xff, 0x0, 0x0, 0xc, 0xff, 0x41,
    0xff, 0xf0, 0x0, 0x0, 0xbf, 0xf4, 0xf, 0xff,
    0x20, 0x0, 0xd, 0xff, 0x20, 0xcf, 0xf9, 0x0,
    0x5, 0xff, 0xd0, 0x4, 0xff, 0xfb, 0x79, 0xff,
    0xf5, 0x0, 0x7, 0xff, 0xff, 0xff, 0xf8, 0x0,
    0x0, 0x3, 0xae, 0xfe, 0xb4, 0x0, 0x0,

    /* U+00F1 "ñ" */
    0x0, 0x4d, 0xff, 0xff, 0xf7, 0x0, 0x0, 0xac,
    0xcc, 0xcc, 0x80, 0x0, 0x0, 0x0, 0x0, 0x0,
    0x0, 0x0, 0x0, 0x0, 0x0, 0x0, 0x0, 0x0,
    0xaf, 0xf6, 0x1a, 0xef, 0xd5, 0x0, 0xaf, 0xf8,
    0xef, 0xff, 0xff, 0x60, 0xaf, 0xff, 0xe9, 0x9f,
    0xff, 0xf0, 0xaf, 0xfe, 0x10, 0x4, 0xff, 0xf3,
    0xaf, 0xfa, 0x0, 0x0, 0xff, 0xf5, 0xaf, 0xf9,
    0x0, 0x0, 0xef, 0xf5, 0xaf, 0xf9, 0x0, 0x0,
    0xef, 0xf5, 0xaf, 0xf9, 0x0, 0x0, 0xef, 0xf5,
    0xaf, 0xf9, 0x0, 0x0, 0xef, 0xf5, 0xaf, 0xf9,
    0x0, 0x0, 0xef, 0xf5, 0xaf, 0xf9, 0x0, 0x0,
    0xef, 0xf5, 0xaf, 0xf9, 0x0, 0x0, 0xef, 0xf5,

    /* U+00F2 "ò" */
    0x0, 0x3, 0xff, 0xa0, 0x0, 0x0, 0x0, 0x0,
    0x9, 0xff, 0x10, 0x0, 0x0, 0x0, 0x0, 0xd,
    0xf8, 0x0, 0x0, 0x0, 0x0, 0x0, 0x24, 0x30,
    0x0, 0x0, 0x0, 0x0, 0x0, 0x0, 0x0, 0x0,
    0x0, 0x0, 0x2a, 0xef, 0xfc, 0x60, 0x0, 0x0,
    0x6f, 0xff, 0xff, 0xff, 0xc1, 0x0, 0x3f, 0xff,
    0xd8, 0xaf, 0xff, 0xa0, 0xa, 0xff, 0xc0, 0x0,
    0x5f, 0xff, 0x20, 0xff, 0xf5, 0x0, 0x0, 0xdf,
    0xf7, 0x1f, 0xff, 0x20, 0x0, 0xa, 0xff, 0x91,
    0xff, 0xf2, 0x0, 0x0, 0xaf, 0xf9, 0xf, 0xff,
    0x50, 0x0, 0xd, 0xff, 0x70, 0xaf, 0xfc, 0x0,
    0x5, 0xff, 0xf2, 0x3, 0xff, 0xfd, 0x8a, 0xff,
    0xfa, 0x0, 0x6, 0xff, 0xff, 0xff, 0xfc, 0x10,
    0x0, 0x2, 0xae, 0xff, 0xc6, 0x0, 0x0,

    /* U+00F3 "ó" */
    0x0, 0x0, 0x0, 0x2f, 0xfb, 0x0, 0x0, 0x0,
    0x0, 0x9, 0xff, 0x10, 0x0, 0x0, 0x0, 0x1,
    0xff, 0x50, 0x0, 0x0, 0x0, 0x0, 0x14, 0x40,
    0x0, 0x0, 0x0, 0x0, 0x0, 0x0, 0x0, 0x0,
    0x0, 0x0, 0x2a, 0xef, 0xfc, 0x60, 0x0, 0x0,
    0x6f, 0xff, 0xff, 0xff, 0xc1, 0x0, 0x3f, 0xff,
    0xd8, 0xaf, 0xff, 0xa0, 0xa, 0xff, 0xc0, 0x0,
    0x5f, 0xff, 0x20, 0xff, 0xf5, 0x0, 0x0, 0xdf,
    0xf7, 0x1f, 0xff, 0x20, 0x0, 0xa, 0xff, 0x91,
    0xff, 0xf2, 0x0, 0x0, 0xaf, 0xf9, 0xf, 0xff,
    0x50, 0x0, 0xd, 0xff, 0x70, 0xaf, 0xfc, 0x0,
    0x5, 0xff, 0xf2, 0x3, 0xff, 0xfd, 0x8a, 0xff,
    0xfa, 0x0, 0x6, 0xff, 0xff, 0xff, 0xfc, 0x10,
    0x0, 0x2, 0xae, 0xff, 0xc6, 0x0, 0x0,

    /* U+00F4 "ô" */
    0x0, 0x0, 0x1d, 0xff, 0x60, 0x0, 0x0, 0x0,
    0xc, 0xfd, 0xff, 0x50, 0x0, 0x0, 0xb, 0xfe,
    0x18, 0xff, 0x30, 0x0, 0x3, 0x88, 0x30, 0x7,
    0x86, 0x0, 0x0, 0x0, 0x0, 0x0, 0x0, 0x0,
    0x0, 0x0, 0x2a, 0xef, 0xfc, 0x60, 0x0, 0x0,
    0x6f, 0xff, 0xff, 0xff, 0xc1, 0x0, 0x3f, 0xff,
    0xd8, 0xaf, 0xff, 0xa0, 0xa, 0xff, 0xc0, 0x0,
    0x5f, 0xff, 0x20, 0xff, 0xf5, 0x0, 0x0, 0xdf,
    0xf7, 0x1f, 0xff, 0x20, 0x0, 0xa, 0xff, 0x91,
    0xff, 0xf2, 0x0, 0x0, 0xaf, 0xf9, 0xf, 0xff,
    0x50, 0x0, 0xd, 0xff, 0x70, 0xaf, 0xfc, 0x0,
    0x5, 0xff, 0xf2, 0x3, 0xff, 0xfd, 0x8a, 0xff,
    0xfa, 0x0, 0x6, 0xff, 0xff, 0xff, 0xfc, 0x10,
    0x0, 0x2, 0xae, 0xff, 0xc6, 0x0, 0x0,

    /* U+00F5 "õ" */
    0x0, 0x5, 0xef, 0xff, 0xff, 0x50, 0x0, 0x0,
    0xbc, 0xcc, 0xcc, 0x70, 0x0, 0x0, 0x0, 0x0,
    0x0, 0x0, 0x0, 0x0, 0x0, 0x0, 0x0, 0x0,
    0x0, 0x0, 0x0, 0x2, 0xae, 0xff, 0xc6, 0x0,
    0x0, 0x6, 0xff, 0xff, 0xff, 0xfc, 0x10, 0x3,
    0xff, 0xfd, 0x8a, 0xff, 0xfa, 0x0, 0xaf, 0xfc,
    0x0, 0x5, 0xff, 0xf2, 0xf, 0xff, 0x50, 0x0,
    0xd, 0xff, 0x71, 0xff, 0xf2, 0x0, 0x0, 0xaf,
    0xf9, 0x1f, 0xff, 0x20, 0x0, 0xa, 0xff, 0x90,
    0xff, 0xf5, 0x0, 0x0, 0xdf, 0xf7, 0xa, 0xff,
    0xc0, 0x0, 0x5f, 0xff, 0x20, 0x3f, 0xff, 0xd8,
    0xaf, 0xff, 0xa0, 0x0, 0x6f, 0xff, 0xff, 0xff,
    0xc1, 0x0, 0x0, 0x2a, 0xef, 0xfc, 0x60, 0x0,

    /* U+00F6 "ö" */
    0x0, 0xb, 0xf7, 0x1, 0xde, 0x40, 0x0, 0x3,
    0xff, 0xe0, 0x7f, 0xfb, 0x0, 0x0, 0xc, 0xf8,
    0x2, 0xef, 0x50, 0x0, 0x0, 0x1, 0x0, 0x0,
    0x0, 0x0, 0x0, 0x0, 0x0, 0x0, 0x0, 0x0,
    0x0, 0x0, 0x2a, 0xef, 0xfc, 0x60, 0x0, 0x0,
    0x6f, 0xff, 0xff, 0xff, 0xc1, 0x0, 0x3f, 0xff,
    0xd8, 0xaf, 0xff, 0xa0, 0xa, 0xff, 0xc0, 0x0,
    0x5f, 0xff, 0x20, 0xff, 0xf5, 0x0, 0x0, 0xdf,
    0xf7, 0x1f, 0xff, 0x20, 0x0, 0xa, 0xff, 0x91,
    0xff, 0xf2, 0x0, 0x0, 0xaf, 0xf9, 0xf, 0xff,
    0x50, 0x0, 0xd, 0xff, 0x70, 0xaf, 0xfc, 0x0,
    0x5, 0xff, 0xf2, 0x3, 0xff, 0xfd, 0x8a, 0xff,
    0xfa, 0x0, 0x6, 0xff, 0xff, 0xff, 0xfc, 0x10,
    0x0, 0x2, 0xae, 0xff, 0xc6, 0x0, 0x0,

    /* U+00F7 "÷" */
    0x0, 0x0, 0xbf, 0xa0, 0x0, 0x0, 0x0, 0x5f,
    0xff, 0x30, 0x0, 0x0, 0x3, 0xff, 0xf2, 0x0,
    0x0, 0x0, 0x5, 0x94, 0x0, 0x0, 0x89, 0x99,
    0x99, 0x99, 0x99, 0x8f, 0xff, 0xff, 0xff, 0xff,
    0xfe, 0xff, 0xff, 0xff, 0xff, 0xff, 0xe0, 0x0,
    0x0, 0x0, 0x0, 0x0, 0x0, 0x0, 0x59, 0x40,
    0x0, 0x0, 0x0, 0x3f, 0xff, 0x20, 0x0, 0x0,
    0x5, 0xff, 0xf3, 0x0, 0x0, 0x0, 0xb, 0xfa,
    0x0, 0x0,

    /* U+00F8 "ø" */
    0x0, 0x0, 0x0, 0x0, 0x0, 0x1, 0x0, 0x0,
    0x2a, 0xef, 0xfc, 0x64, 0xf5, 0x0, 0x6f, 0xff,
    0xff, 0xff, 0xfc, 0x0, 0x3f, 0xff, 0xd8, 0xaf,
    0xff, 0xb0, 0xa, 0xff, 0xc0, 0x1, 0xef, 0xff,
    0x20, 0xff, 0xf5, 0x0, 0xcf, 0xef, 0xf7, 0x1f,
    0xff, 0x20, 0xbf, 0x4a, 0xff, 0x91, 0xff, 0xf3,
    0xaf, 0x50, 0xaf, 0xf9, 0xf, 0xff, 0xcf, 0x70,
    0xd, 0xff, 0x70, 0xaf, 0xff, 0x90, 0x5, 0xff,
    0xf2, 0x3, 0xff, 0xfd, 0x8a, 0xff, 0xfa, 0x0,
    0x3f, 0xff, 0xff, 0xff, 0xfc, 0x10, 0xd, 0xd3,
    0xae, 0xff, 0xc6, 0x0, 0x0, 0x21, 0x0, 0x0,
    0x0, 0x0, 0x0,

    /* U+00F9 "ù" */
    0x0, 0x2f, 0xfb, 0x0, 0x0, 0x0, 0x0, 0x7,
    0xff, 0x30, 0x0, 0x0, 0x0, 0x0, 0xcf, 0xa0,
    0x0, 0x0, 0x0, 0x0, 0x14, 0x40, 0x0, 0x0,
    0x0, 0x0, 0x0, 0x0, 0x0, 0x0, 0xaf, 0xf9,
    0x0, 0x0, 0xef, 0xf5, 0xaf, 0xf9, 0x0, 0x0,
    0xef, 0xf5, 0xaf, 0xf9, 0x0, 0x0, 0xef, 0xf5,
    0xaf, 0xf9, 0x0, 0x0, 0xef, 0xf5, 0xaf, 0xf9,
    0x0, 0x0, 0xef, 0xf5, 0xaf, 0xf9, 0x0, 0x0,
    0xef, 0xf5, 0xaf, 0xf9, 0x0, 0x0, 0xef, 0xf5,
    0x9f, 0xfa, 0x0, 0x0, 0xff, 0xf5, 0x8f, 0xff,
    0x20, 0x7, 0xff, 0xf5, 0x4f, 0xff, 0xfb, 0xcf,
    0xef, 0xf5, 0xb, 0xff, 0xff, 0xf9, 0xbf, 0xf5,
    0x0, 0x8e, 0xfe, 0x70, 0xbf, 0xf5,

    /* U+00FA "ú" */
    0x0, 0x0, 0x1, 0xff, 0xc0, 0x0, 0x0, 0x0,
    0x8, 0xff, 0x20, 0x0, 0x0, 0x0, 0xe, 0xf7,
    0x0, 0x0, 0x0, 0x0, 0x14, 0x40, 0x0, 0x0,
    0x0, 0x0, 0x0, 0x0, 0x0, 0x0, 0xaf, 0xf9,
    0x0, 0x0, 0xef, 0xf5, 0xaf, 0xf9, 0x0, 0x0,
    0xef, 0xf5, 0xaf, 0xf9, 0x0, 0x0, 0xef, 0xf5,
    0xaf, 0xf9, 0x0, 0x0, 0xef, 0xf5, 0xaf, 0xf9,
    0x0, 0x0, 0xef, 0xf5, 0xaf, 0xf9, 0x0, 0x0,
    0xef, 0xf5, 0xaf, 0xf9, 0x0, 0x0, 0xef, 0xf5,
    0x9f, 0xfa, 0x0, 0x0, 0xff, 0xf5, 0x8f, 0xff,
    0x20, 0x7, 0xff, 0xf5, 0x4f, 0xff, 0xfb, 0xcf,
    0xef, 0xf5, 0xb, 0xff, 0xff, 0xf9, 0xbf, 0xf5,
    0x0, 0x8e, 0xfe, 0x70, 0xbf, 0xf5,

    /* U+00FB "û" */
    0x0, 0x0, 0xcf, 0xf8, 0x0, 0x0, 0x0, 0xb,
    0xfd, 0xff, 0x60, 0x0, 0x0, 0xaf, 0xf2, 0x6f,
    0xf5, 0x0, 0x2, 0x88, 0x40, 0x6, 0x87, 0x0,
    0x0, 0x0, 0x0, 0x0, 0x0, 0x0, 0xaf, 0xf9,
    0x0, 0x0, 0xef, 0xf5, 0xaf, 0xf9, 0x0, 0x0,
    0xef, 0xf5, 0xaf, 0xf9, 0x0, 0x0, 0xef, 0xf5,
    0xaf, 0xf9, 0x0, 0x0, 0xef, 0xf5, 0xaf, 0xf9,
    0x0, 0x0, 0xef, 0xf5, 0xaf, 0xf9, 0x0, 0x0,
    0xef, 0xf5, 0xaf, 0xf9, 0x0, 0x0, 0xef, 0xf5,
    0x9f, 0xfa, 0x0, 0x0, 0xff, 0xf5, 0x8f, 0xff,
    0x20, 0x7, 0xff, 0xf5, 0x4f, 0xff, 0xfb, 0xcf,
    0xef, 0xf5, 0xb, 0xff, 0xff, 0xf9, 0xbf, 0xf5,
    0x0, 0x8e, 0xfe, 0x70, 0xbf, 0xf5,

    /* U+00FC "ü" */
    0x0, 0x9f, 0x90, 0x1c, 0xf5, 0x0, 0x1, 0xff,
    0xf0, 0x5f, 0xfc, 0x0, 0x0, 0xbf, 0xa0, 0x1d,
    0xf7, 0x0, 0x0, 0x1, 0x0, 0x0, 0x0, 0x0,
    0x0, 0x0, 0x0, 0x0, 0x0, 0x0, 0xaf, 0xf9,
    0x0, 0x0, 0xef, 0xf5, 0xaf, 0xf9, 0x0, 0x0,
    0xef, 0xf5, 0xaf, 0xf9, 0x0, 0x0, 0xef, 0xf5,
    0xaf, 0xf9, 0x0, 0x0, 0xef, 0xf5, 0xaf, 0xf9,
    0x0, 0x0, 0xef, 0xf5, 0xaf, 0xf9, 0x0, 0x0,
    0xef, 0xf5, 0xaf, 0xf9, 0x0, 0x0, 0xef, 0xf5,
    0x9f, 0xfa, 0x0, 0x0, 0xff, 0xf5, 0x8f, 0xff,
    0x20, 0x7, 0xff, 0xf5, 0x4f, 0xff, 0xfb, 0xcf,
    0xef, 0xf5, 0xb, 0xff, 0xff, 0xf9, 0xbf, 0xf5,
    0x0, 0x8e, 0xfe, 0x70, 0xbf, 0xf5,

    /* U+00FD "ý" */
    0x0, 0x0, 0x0, 0x4, 0x44, 0x0, 0x0, 0x0,
    0x0, 0x6, 0xff, 0x60, 0x0, 0x0, 0x0, 0x0,
    0xdf, 0xb0, 0x0, 0x0, 0x0, 0x0, 0x4f, 0xf2,
    0x0, 0x0, 0x0, 0x0, 0x0, 0x0, 0x0, 0x0,
    0x0, 0x0, 0x0, 0x0, 0x0, 0x0, 0x0, 0x7f,
    0xfe, 0x0, 0x0, 0xa, 0xff, 0xb1, 0xff, 0xf4,
    0x0, 0x0, 0xff, 0xf5, 0xb, 0xff, 0x90, 0x0,
    0x5f, 0xfe, 0x0, 0x5f, 0xfe, 0x0, 0xb, 0xff,
    0x80, 0x0, 0xef, 0xf4, 0x1, 0xff, 0xf2, 0x0,
    0x8, 0xff, 0x90, 0x6f, 0xfb, 0x0, 0x0, 0x2f,
    0xfe, 0xb, 0xff, 0x50, 0x0, 0x0, 0xcf, 0xf3,
    0xff, 0xe0, 0x0, 0x0, 0x5, 0xff, 0xbf, 0xf8,
    0x0, 0x0, 0x0, 0xf, 0xff, 0xff, 0x20, 0x0,
    0x0, 0x0, 0x9f, 0xff, 0xc0, 0x0, 0x0, 0x0,
    0x3, 0xff, 0xf6, 0x0, 0x0, 0x0, 0x0, 0x4f,
    0xff, 0x0, 0x0, 0x0, 0x8, 0x7e, 0xff, 0x80,
    0x0, 0x0, 0x5, 0xff, 0xff, 0xd0, 0x0, 0x0,
    0x0, 0x7f, 0xfe, 0x91, 0x0, 0x0, 0x0,

    /* U+00FE "þ" */
    0xaf, 0xf9, 0x0, 0x0, 0x0, 0x0, 0xaf, 0xf9,
    0x0, 0x0, 0x0, 0x0, 0xaf, 0xf9, 0x0, 0x0,
    0x0, 0x0, 0xaf, 0xf9, 0x0, 0x0, 0x0, 0x0,
    0xaf, 0xf9, 0x1a, 0xff, 0xc5, 0x0, 0xaf, 0xfa,
    0xdf, 0xff, 0xff, 0x80, 0xaf, 0xff, 0xfa, 0x9e,
    0xff, 0xf3, 0xaf, 0xff, 0x30, 0x1, 0xef, 0xfa,
    0xaf, 0xfb, 0x0, 0x0, 0x8f, 0xfd, 0xaf, 0xf8,
    0x0, 0x0, 0x5f, 0xff, 0xaf, 0xf8, 0x0, 0x0,
    0x5f, 0xff, 0xaf, 0xfb, 0x0, 0x0, 0x8f, 0xfd,
    0xaf, 0xff, 0x40, 0x1, 0xef, 0xfa, 0xaf, 0xff,
    0xfa, 0x9e, 0xff, 0xf3, 0xaf, 0xfa, 0xdf, 0xff,
    0xff, 0x80, 0xaf, 0xf9, 0x1a, 0xff, 0xc5, 0x0,
    0xaf, 0xf9, 0x0, 0x0, 0x0, 0x0, 0xaf, 0xf9,
    0x0, 0x0, 0x0, 0x0, 0xaf, 0xf9, 0x0, 0x0,
    0x0, 0x0, 0xaf, 0xf9, 0x0, 0x0, 0x0, 0x0,

    /* U+00FF "ÿ" */
    0x0, 0x0, 0x0, 0x0, 0x0, 0x0, 0x0, 0x1,
    0xdf, 0x70, 0x3f, 0xf4, 0x0, 0x0, 0x4f, 0xfd,
    0x8, 0xff, 0x90, 0x0, 0x0, 0xcf, 0x60, 0x2e,
    0xe3, 0x0, 0x0, 0x0, 0x0, 0x0, 0x0, 0x0,
    0x0, 0x0, 0x0, 0x0, 0x0, 0x0, 0x0, 0x7f,
    0xfe, 0x0, 0x0, 0xa, 0xff, 0xb1, 0xff, 0xf4,
    0x0, 0x0, 0xff, 0xf5, 0xb, 0xff, 0x90, 0x0,
    0x5f, 0xfe, 0x0, 0x5f, 0xfe, 0x0, 0xb, 0xff,
    0x80, 0x0, 0xef, 0xf4, 0x1, 0xff, 0xf2, 0x0,
    0x8, 0xff, 0x90, 0x6f, 0xfb, 0x0, 0x0, 0x2f,
    0xfe, 0xb, 0xff, 0x50, 0x0, 0x0, 0xcf, 0xf3,
    0xff, 0xe0, 0x0, 0x0, 0x5, 0xff, 0xbf, 0xf8,
    0x0, 0x0, 0x0, 0xf, 0xff, 0xff, 0x20, 0x0,
    0x0, 0x0, 0x9f, 0xff, 0xc0, 0x0, 0x0, 0x0,
    0x3, 0xff, 0xf6, 0x0, 0x0, 0x0, 0x0, 0x4f,
    0xff, 0x0, 0x0, 0x0, 0x8, 0x7e, 0xff, 0x80,
    0x0, 0x0, 0x5, 0xff, 0xff, 0xd0, 0x0, 0x0,
    0x0, 0x7f, 0xfe, 0x91, 0x0, 0x0, 0x0,

    /* U+2013 "–" */
    0x88, 0x88, 0x88, 0x88, 0x88, 0x8f, 0xff, 0xff,
    0xff, 0xff, 0xff, 0xff, 0xff, 0xff, 0xff, 0xff,
    0xf0,

    /* U+2014 "—" */
    0x88, 0x88, 0x88, 0x88, 0x88, 0x88, 0x88, 0x88,
    0x88, 0x88, 0x88, 0xff, 0xff, 0xff, 0xff, 0xff,
    0xff, 0xff, 0xff, 0xff, 0xff, 0xff, 0xff, 0xff,
    0xff, 0xff, 0xff, 0xff, 0xff, 0xff, 0xff, 0xff,
    0xff,

    /* U+2018 "‘" */
    0x0, 0x6f, 0xd0, 0xb, 0xfb, 0x0, 0xff, 0x90,
    0x4f, 0xf7, 0x9, 0xff, 0x40, 0xef, 0xf2, 0x19,
    0x99, 0x0,

    /* U+2019 "’" */
    0x3, 0x99, 0x70, 0x7f, 0xf9, 0x9, 0xff, 0x50,
    0xbf, 0xf0, 0xd, 0xfb, 0x0, 0xff, 0x60, 0x2f,
    0xf1, 0x0,

    /* U+201C "“" */
    0x0, 0x6f, 0xd0, 0x5, 0xfe, 0x0, 0xbf, 0xb0,
    0xa, 0xfc, 0x0, 0xff, 0x90, 0xf, 0xfa, 0x4,
    0xff, 0x70, 0x4f, 0xf7, 0x9, 0xff, 0x40, 0x8f,
    0xf5, 0xe, 0xff, 0x20, 0xdf, 0xf3, 0x19, 0x99,
    0x0, 0x99, 0x90,

    /* U+201D "”" */
    0x3, 0x99, 0x70, 0x49, 0x96, 0x7, 0xff, 0x90,
    0x9f, 0xf7, 0x9, 0xff, 0x50, 0xbf, 0xf2, 0xb,
    0xff, 0x0, 0xdf, 0xe0, 0xd, 0xfb, 0x0, 0xff,
    0x90, 0xf, 0xf6, 0x2, 0xff, 0x40, 0x2f, 0xf1,
    0x4, 0xff, 0x0,

    /* U+2022 "•" */
    0x0, 0x5b, 0xc8, 0x10, 0x7, 0xff, 0xff, 0xd0,
    0x1f, 0xff, 0xff, 0xf7, 0x3f, 0xff, 0xff, 0xfa,
    0x1f, 0xff, 0xff, 0xf8, 0xa, 0xff, 0xff, 0xe1,
    0x0, 0x8e, 0xfb, 0x20,

    /* U+2026 "…" */
    0x3, 0x96, 0x0, 0x0, 0x18, 0x81, 0x0, 0x0,
    0x69, 0x40, 0x1f, 0xff, 0x50, 0x0, 0xbf, 0xfb,
    0x0, 0x5, 0xff, 0xf1, 0x2f, 0xff, 0x70, 0x0,
    0xcf, 0xfd, 0x0, 0x6, 0xff, 0xf2, 0x8, 0xfc,
    0x10, 0x0, 0x4e, 0xe4, 0x0, 0x1, 0xcf, 0x90,

    /* U+2212 "−" */
    0xbc, 0xcc, 0xcc, 0xcc, 0xcc, 0xaf, 0xff, 0xff,
    0xff, 0xff, 0xfe, 0xff, 0xff, 0xff, 0xff, 0xff,
    0xe0
};


/*---------------------
 *  GLYPH DESCRIPTION
 *--------------------*/

static const lv_font_fmt_txt_glyph_dsc_t glyph_dsc[] = {
    {.bitmap_index = 0, .adv_w = 0, .box_w = 0, .box_h = 0, .ofs_x = 0, .ofs_y = 0} /* id = 0 reserved */,
    {.bitmap_index = 0, .adv_w = 83, .box_w = 0, .box_h = 0, .ofs_x = 0, .ofs_y = 0},
    {.bitmap_index = 0, .adv_w = 119, .box_w = 5, .box_h = 16, .ofs_x = 1, .ofs_y = 0},
    {.bitmap_index = 40, .adv_w = 194, .box_w = 8, .box_h = 7, .ofs_x = 2, .ofs_y = 9},
    {.bitmap_index = 68, .adv_w = 228, .box_w = 15, .box_h = 16, .ofs_x = 0, .ofs_y = 0},
    {.bitmap_index = 188, .adv_w = 230, .box_w = 14, .box_h = 20, .ofs_x = 0, .ofs_y = -2},
    {.bitmap_index = 328, .adv_w = 358, .box_w = 19, .box_h = 16, .ofs_x = 2, .ofs_y = 0},
    {.bitmap_index = 480, .adv_w = 237, .box_w = 15, .box_h = 16, .ofs_x = 0, .ofs_y = 0},
    {.bitmap_index = 600, .adv_w = 119, .box_w = 4, .box_h = 7, .ofs_x = 2, .ofs_y = 9},
    {.bitmap_index = 614, .adv_w = 133, .box_w = 7, .box_h = 20, .ofs_x = 1, .ofs_y = -3},
    {.bitmap_index = 684, .adv_w = 133, .box_w = 7, .box_h = 20, .ofs_x = 0, .ofs_y = -3},
    {.bitmap_index = 754, .adv_w = 197, .box_w = 10, .box_h = 9, .ofs_x = 1, .ofs_y = 7},
    {.bitmap_index = 799, .adv_w = 239, .box_w = 12, .box_h = 11, .ofs_x = 1, .ofs_y = 1},
    {.bitmap_index = 865, .adv_w = 118, .box_w = 5, .box_h = 7, .ofs_x = 1, .ofs_y = -4},
    {.bitmap_index = 883, .adv_w = 165, .box_w = 8, .box_h = 3, .ofs_x = 1, .ofs_y = 5},
    {.bitmap_index = 895, .adv_w = 118, .box_w = 5, .box_h = 4, .ofs_x = 1, .ofs_y = 0},
    {.bitmap_index = 905, .adv_w = 137, .box_w = 9, .box_h = 19, .ofs_x = 0, .ofs_y = -2},
    {.bitmap_index = 991, .adv_w = 237, .box_w = 13, .box_h = 16, .ofs_x = 1, .ofs_y = 0},
    {.bitmap_index = 1095, .adv_w = 152, .box_w = 8, .box_h = 16, .ofs_x = 1, .ofs_y = 0},
    {.bitmap_index = 1159, .adv_w = 222, .box_w = 12, .box_h = 16, .ofs_x = 1, .ofs_y = 0},
    {.bitmap_index = 1255, .adv_w = 227, .box_w = 13, .box_h = 16, .ofs_x = 1, .ofs_y = 0},
    {.bitmap_index = 1359, .adv_w = 238, .box_w = 13, .box_h = 16, .ofs_x = 1, .ofs_y = 0},
    {.bitmap_index = 1463, .adv_w = 219, .box_w = 12, .box_h = 16, .ofs_x = 1, .ofs_y = 0},
    {.bitmap_index = 1559, .adv_w = 229, .box_w = 13, .box_h = 16, .ofs_x = 1, .ofs_y = 0},
    {.bitmap_index = 1663, .adv_w = 205, .box_w = 12, .box_h = 16, .ofs_x = 0, .ofs_y = 0},
    {.bitmap_index = 1759, .adv_w = 229, .box_w = 13, .box_h = 16, .ofs_x = 1, .ofs_y = 0},
    {.bitmap_index = 1863, .adv_w = 229, .box_w = 13, .box_h = 16, .ofs_x = 1, .ofs_y = 0},
    {.bitmap_index = 1967, .adv_w = 118, .box_w = 5, .box_h = 12, .ofs_x = 1, .ofs_y = 0},
    {.bitmap_index = 1997, .adv_w = 121, .box_w = 5, .box_h = 16, .ofs_x = 1, .ofs_y = -4},
    {.bitmap_index = 2037, .adv_w = 239, .box_w = 12, .box_h = 13, .ofs_x = 1, .ofs_y = 0},
    {.bitmap_index = 2115, .adv_w = 239, .box_w = 11, .box_h = 8, .ofs_x = 2, .ofs_y = 2},
    {.bitmap_index = 2159, .adv_w = 239, .box_w = 12, .box_h = 13, .ofs_x = 2, .ofs_y = 0},
    {.bitmap_index = 2237, .adv_w = 197, .box_w = 12, .box_h = 16, .ofs_x = 0, .ofs_y = 0},
    {.bitmap_index = 2333, .adv_w = 358, .box_w = 21, .box_h = 20, .ofs_x = 1, .ofs_y = -4},
    {.bitmap_index = 2543, .adv_w = 263, .box_w = 16, .box_h = 16, .ofs_x = 0, .ofs_y = 0},
    {.bitmap_index = 2671, .adv_w = 233, .box_w = 13, .box_h = 16, .ofs_x = 1, .ofs_y = 0},
    {.bitmap_index = 2775, .adv_w = 260, .box_w = 15, .box_h = 16, .ofs_x = 1, .ofs_y = 0},
    {.bitmap_index = 2895, .adv_w = 254, .box_w = 14, .box_h = 16, .ofs_x = 1, .ofs_y = 0},
    {.bitmap_index = 3007, .adv_w = 214, .box_w = 12, .box_h = 16, .ofs_x = 1, .ofs_y = 0},
    {.bitmap_index = 3103, .adv_w = 207, .box_w = 11, .box_h = 16, .ofs_x = 1, .ofs_y = 0},
    {.bitmap_index = 3191, .adv_w = 264, .box_w = 15, .box_h = 16, .ofs_x = 1, .ofs_y = 0},
    {.bitmap_index = 3311, .adv_w = 263, .box_w = 14, .box_h = 16, .ofs_x = 1, .ofs_y = 0},
    {.bitmap_index = 3423, .adv_w = 99, .box_w = 4, .box_h = 16, .ofs_x = 1, .ofs_y = 0},
    {.bitmap_index = 3455, .adv_w = 206, .box_w = 12, .box_h = 16, .ofs_x = 0, .ofs_y = 0},
    {.bitmap_index = 3551, .adv_w = 253, .box_w = 15, .box_h = 16, .ofs_x = 1, .ofs_y = 0},
    {.bitmap_index = 3671, .adv_w = 199, .box_w = 11, .box_h = 16, .ofs_x = 1, .ofs_y = 0},
    {.bitmap_index = 3759, .adv_w = 328, .box_w = 19, .box_h = 16, .ofs_x = 1, .ofs_y = 0},
    {.bitmap_index = 3911, .adv_w = 268, .box_w = 15, .box_h = 16, .ofs_x = 1, .ofs_y = 0},
    {.bitmap_index = 4031, .adv_w = 271, .box_w = 15, .box_h = 16, .ofs_x = 1, .ofs_y = 0},
    {.bitmap_index = 4151, .adv_w = 228, .box_w = 13, .box_h = 16, .ofs_x = 1, .ofs_y = 0},
    {.bitmap_index = 4255, .adv_w = 273, .box_w = 15, .box_h = 17, .ofs_x = 1, .ofs_y = -1},
    {.bitmap_index = 4383, .adv_w = 231, .box_w = 13, .box_h = 16, .ofs_x = 1, .ofs_y = 0},
    {.bitmap_index = 4487, .adv_w = 230, .box_w = 14, .box_h = 16, .ofs_x = 0, .ofs_y = 0},
    {.bitmap_index = 4599, .adv_w = 235, .box_w = 14, .box_h = 16, .ofs_x = 0, .ofs_y = 0},
    {.bitmap_index = 4711, .adv_w = 258, .box_w = 14, .box_h = 16, .ofs_x = 1, .ofs_y = 0},
    {.bitmap_index = 4823, .adv_w = 263, .box_w = 16, .box_h = 16, .ofs_x = 0, .ofs_y = 0},
    {.bitmap_index = 4951, .adv_w = 365, .box_w = 23, .box_h = 16, .ofs_x = 0, .ofs_y = 0},
    {.bitmap_index = 5135, .adv_w = 260, .box_w = 16, .box_h = 16, .ofs_x = 0, .ofs_y = 0},
    {.bitmap_index = 5263, .adv_w = 257, .box_w = 16, .box_h = 16, .ofs_x = 0, .ofs_y = 0},
    {.bitmap_index = 5391, .adv_w = 234, .box_w = 13, .box_h = 16, .ofs_x = 1, .ofs_y = 0},
    {.bitmap_index = 5495, .adv_w = 133, .box_w = 7, .box_h = 20, .ofs_x = 1, .ofs_y = -3},
    {.bitmap_index = 5565, .adv_w = 137, .box_w = 9, .box_h = 19, .ofs_x = 0, .ofs_y = -2},
    {.bitmap_index = 5651, .adv_w = 133, .box_w = 6, .box_h = 20, .ofs_x = 1, .ofs_y = -3},
    {.bitmap_index = 5711, .adv_w = 171, .box_w = 10, .box_h = 8, .ofs_x = 0, .ofs_y = 8},
    {.bitmap_index = 5751, .adv_w = 168, .box_w = 11, .box_h = 3, .ofs_x = 0, .ofs_y = -2},
    {.bitmap_index = 5768, .adv_w = 129, .box_w = 6, .box_h = 4, .ofs_x = 1, .ofs_y = 13},
    {.bitmap_index = 5780, .adv_w = 204, .box_w = 12, .box_h = 12, .ofs_x = 0, .ofs_y = 0},
    {.bitmap_index = 5852, .adv_w = 222, .box_w = 12, .box_h = 16, .ofs_x = 1, .ofs_y = 0},
    {.bitmap_index = 5948, .adv_w = 207, .box_w = 13, .box_h = 12, .ofs_x = 0, .ofs_y = 0},
    {.bitmap_index = 6026, .adv_w = 222, .box_w = 13, .box_h = 16, .ofs_x = 0, .ofs_y = 0},
    {.bitmap_index = 6130, .adv_w = 210, .box_w = 13, .box_h = 12, .ofs_x = 0, .ofs_y = 0},
    {.bitmap_index = 6208, .adv_w = 140, .box_w = 9, .box_h = 17, .ofs_x = 0, .ofs_y = 0},
    {.bitmap_index = 6285, .adv_w = 222, .box_w = 13, .box_h = 16, .ofs_x = 0, .ofs_y = -4},
    {.bitmap_index = 6389, .adv_w = 219, .box_w = 12, .box_h = 16, .ofs_x = 1, .ofs_y = 0},
    {.bitmap_index = 6485, .adv_w = 95, .box_w = 4, .box_h = 17, .ofs_x = 1, .ofs_y = 0},
    {.bitmap_index = 6519, .adv_w = 95, .box_w = 6, .box_h = 21, .ofs_x = -1, .ofs_y = -4},
    {.bitmap_index = 6582, .adv_w = 204, .box_w = 12, .box_h = 16, .ofs_x = 1, .ofs_y = 0},
    {.bitmap_index = 6678, .adv_w = 95, .box_w = 4, .box_h = 16, .ofs_x = 1, .ofs_y = 0},
    {.bitmap_index = 6710, .adv_w = 321, .box_w = 18, .box_h = 12, .ofs_x = 1, .ofs_y = 0},
    {.bitmap_index = 6818, .adv_w = 219, .box_w = 12, .box_h = 12, .ofs_x = 1, .ofs_y = 0},
    {.bitmap_index = 6890, .adv_w = 216, .box_w = 13, .box_h = 12, .ofs_x = 0, .ofs_y = 0},
    {.bitmap_index = 6968, .adv_w = 222, .box_w = 12, .box_h = 16, .ofs_x = 1, .ofs_y = -4},
    {.bitmap_index = 7064, .adv_w = 222, .box_w = 13, .box_h = 16, .ofs_x = 0, .ofs_y = -4},
    {.bitmap_index = 7168, .adv_w = 143, .box_w = 8, .box_h = 13, .ofs_x = 1, .ofs_y = 0},
    {.bitmap_index = 7220, .adv_w = 197, .box_w = 12, .box_h = 12, .ofs_x = 0, .ofs_y = 0},
    {.bitmap_index = 7292, .adv_w = 129, .box_w = 8, .box_h = 15, .ofs_x = 0, .ofs_y = 0},
    {.bitmap_index = 7352, .adv_w = 219, .box_w = 12, .box_h = 12, .ofs_x = 1, .ofs_y = 0},
    {.bitmap_index = 7424, .adv_w = 211, .box_w = 13, .box_h = 12, .ofs_x = 0, .ofs_y = 0},
    {.bitmap_index = 7502, .adv_w = 299, .box_w = 19, .box_h = 12, .ofs_x = 0, .ofs_y = 0},
    {.bitmap_index = 7616, .adv_w = 204, .box_w = 13, .box_h = 12, .ofs_x = 0, .ofs_y = 0},
    {.bitmap_index = 7694, .adv_w = 212, .box_w = 13, .box_h = 16, .ofs_x = 0, .ofs_y = -4},
    {.bitmap_index = 7798, .adv_w = 202, .box_w = 11, .box_h = 12, .ofs_x = 1, .ofs_y = 0},
    {.bitmap_index = 7864, .adv_w = 165, .box_w = 9, .box_h = 20, .ofs_x = 1, .ofs_y = -3},
    {.bitmap_index = 7954, .adv_w = 131, .box_w = 4, .box_h = 26, .ofs_x = 2, .ofs_y = -5},
    {.bitmap_index = 8006, .adv_w = 165, .box_w = 8, .box_h = 20, .ofs_x = 1, .ofs_y = -3},
    {.bitmap_index = 8086, .adv_w = 239, .box_w = 13, .box_h = 5, .ofs_x = 1, .ofs_y = 4},
    {.bitmap_index = 8119, .adv_w = 83, .box_w = 0, .box_h = 0, .ofs_x = 0, .ofs_y = 0},
    {.bitmap_index = 8119, .adv_w = 119, .box_w = 5, .box_h = 16, .ofs_x = 1, .ofs_y = -4},
    {.bitmap_index = 8159, .adv_w = 207, .box_w = 13, .box_h = 16, .ofs_x = 0, .ofs_y = 0},
    {.bitmap_index = 8263, .adv_w = 225, .box_w = 13, .box_h = 16, .ofs_x = 1, .ofs_y = 0},
    {.bitmap_index = 8367, .adv_w = 268, .box_w = 15, .box_h = 15, .ofs_x = 1, .ofs_y = -1},
    {.bitmap_index = 8480, .adv_w = 201, .box_w = 13, .box_h = 16, .ofs_x = 0, .ofs_y = 0},
    {.bitmap_index = 8584, .adv_w = 119, .box_w = 4, .box_h = 19, .ofs_x = 2, .ofs_y = -3},
    {.bitmap_index = 8622, .adv_w = 200, .box_w = 11, .box_h = 19, .ofs_x = 1, .ofs_y = -3},
    {.bitmap_index = 8727, .adv_w = 219, .box_w = 9, .box_h = 4, .ofs_x = 2, .ofs_y = 13},
    {.bitmap_index = 8745, .adv_w = 322, .box_w = 18, .box_h = 17, .ofs_x = 1, .ofs_y = 0},
    {.bitmap_index = 8898, .adv_w = 163, .box_w = 10, .box_h = 10, .ofs_x = 0, .ofs_y = 7},
    {.bitmap_index = 8948, .adv_w = 232, .box_w = 14, .box_h = 10, .ofs_x = 0, .ofs_y = 2},
    {.bitmap_index = 9018, .adv_w = 239, .box_w = 11, .box_h = 6, .ofs_x = 2, .ofs_y = 3},
    {.bitmap_index = 9051, .adv_w = 233, .box_w = 13, .box_h = 13, .ofs_x = 1, .ofs_y = 4},
    {.bitmap_index = 9136, .adv_w = 155, .box_w = 7, .box_h = 3, .ofs_x = 1, .ofs_y = 14},
    {.bitmap_index = 9147, .adv_w = 162, .box_w = 8, .box_h = 8, .ofs_x = 1, .ofs_y = 8},
    {.bitmap_index = 9179, .adv_w = 239, .box_w = 12, .box_h = 12, .ofs_x = 1, .ofs_y = 0},
    {.bitmap_index = 9251, .adv_w = 162, .box_w = 9, .box_h = 9, .ofs_x = 1, .ofs_y = 10},
    {.bitmap_index = 9292, .adv_w = 166, .box_w = 9, .box_h = 9, .ofs_x = 1, .ofs_y = 10},
    {.bitmap_index = 9333, .adv_w = 129, .box_w = 6, .box_h = 4, .ofs_x = 1, .ofs_y = 13},
    {.bitmap_index = 9345, .adv_w = 221, .box_w = 13, .box_h = 16, .ofs_x = 1, .ofs_y = -4},
    {.bitmap_index = 9449, .adv_w = 211, .box_w = 12, .box_h = 16, .ofs_x = 0, .ofs_y = 0},
    {.bitmap_index = 9545, .adv_w = 118, .box_w = 5, .box_h = 4, .ofs_x = 1, .ofs_y = 6},
    {.bitmap_index = 9555, .adv_w = 128, .box_w = 5, .box_h = 6, .ofs_x = 2, .ofs_y = -5},
    {.bitmap_index = 9570, .adv_w = 117, .box_w = 6, .box_h = 9, .ofs_x = 1, .ofs_y = 10},
    {.bitmap_index = 9597, .adv_w = 172, .box_w = 11, .box_h = 10, .ofs_x = 0, .ofs_y = 7},
    {.bitmap_index = 9652, .adv_w = 232, .box_w = 14, .box_h = 10, .ofs_x = 0, .ofs_y = 2},
    {.bitmap_index = 9722, .adv_w = 298, .box_w = 18, .box_h = 17, .ofs_x = 0, .ofs_y = -1},
    {.bitmap_index = 9875, .adv_w = 310, .box_w = 19, .box_h = 16, .ofs_x = 0, .ofs_y = 0},
    {.bitmap_index = 10027, .adv_w = 324, .box_w = 20, .box_h = 17, .ofs_x = 0, .ofs_y = -1},
    {.bitmap_index = 10197, .adv_w = 197, .box_w = 11, .box_h = 16, .ofs_x = 1, .ofs_y = -4},
    {.bitmap_index = 10285, .adv_w = 263, .box_w = 16, .box_h = 21, .ofs_x = 0, .ofs_y = 0},
    {.bitmap_index = 10453, .adv_w = 263, .box_w = 16, .box_h = 21, .ofs_x = 0, .ofs_y = 0},
    {.bitmap_index = 10621, .adv_w = 263, .box_w = 16, .box_h = 21, .ofs_x = 0, .ofs_y = 0},
    {.bitmap_index = 10789, .adv_w = 263, .box_w = 16, .box_h = 21, .ofs_x = 0, .ofs_y = 0},
    {.bitmap_index = 10957, .adv_w = 263, .box_w = 16, .box_h = 21, .ofs_x = 0, .ofs_y = 0},
    {.bitmap_index = 11125, .adv_w = 263, .box_w = 16, .box_h = 22, .ofs_x = 0, .ofs_y = 0},
    {.bitmap_index = 11301, .adv_w = 360, .box_w = 22, .box_h = 16, .ofs_x = 0, .ofs_y = 0},
    {.bitmap_index = 11477, .adv_w = 260, .box_w = 15, .box_h = 20, .ofs_x = 1, .ofs_y = -4},
    {.bitmap_index = 11627, .adv_w = 214, .box_w = 12, .box_h = 21, .ofs_x = 1, .ofs_y = 0},
    {.bitmap_index = 11753, .adv_w = 214, .box_w = 12, .box_h = 21, .ofs_x = 1, .ofs_y = 0},
    {.bitmap_index = 11879, .adv_w = 214, .box_w = 12, .box_h = 21, .ofs_x = 1, .ofs_y = 0},
    {.bitmap_index = 12005, .adv_w = 214, .box_w = 12, .box_h = 21, .ofs_x = 1, .ofs_y = 0},
    {.bitmap_index = 12131, .adv_w = 99, .box_w = 6, .box_h = 21, .ofs_x = -1, .ofs_y = 0},
    {.bitmap_index = 12194, .adv_w = 99, .box_w = 6, .box_h = 21, .ofs_x = 1, .ofs_y = 0},
    {.bitmap_index = 12257, .adv_w = 99, .box_w = 10, .box_h = 21, .ofs_x = -2, .ofs_y = 0},
    {.bitmap_index = 12362, .adv_w = 99, .box_w = 9, .box_h = 21, .ofs_x = -1, .ofs_y = 0},
    {.bitmap_index = 12457, .adv_w = 267, .box_w = 16, .box_h = 16, .ofs_x = 0, .ofs_y = 0},
    {.bitmap_index = 12585, .adv_w = 268, .box_w = 15, .box_h = 21, .ofs_x = 1, .ofs_y = 0},
    {.bitmap_index = 12743, .adv_w = 271, .box_w = 15, .box_h = 21, .ofs_x = 1, .ofs_y = 0},
    {.bitmap_index = 12901, .adv_w = 271, .box_w = 15, .box_h = 21, .ofs_x = 1, .ofs_y = 0},
    {.bitmap_index = 13059, .adv_w = 271, .box_w = 15, .box_h = 21, .ofs_x = 1, .ofs_y = 0},
    {.bitmap_index = 13217, .adv_w = 271, .box_w = 15, .box_h = 21, .ofs_x = 1, .ofs_y = 0},
    {.bitmap_index = 13375, .adv_w = 271, .box_w = 15, .box_h = 21, .ofs_x = 1, .ofs_y = 0},
    {.bitmap_index = 13533, .adv_w = 239, .box_w = 13, .box_h = 12, .ofs_x = 1, .ofs_y = 0},
    {.bitmap_index = 13611, .adv_w = 271, .box_w = 15, .box_h = 18, .ofs_x = 1, .ofs_y = -1},
    {.bitmap_index = 13746, .adv_w = 258, .box_w = 14, .box_h = 21, .ofs_x = 1, .ofs_y = 0},
    {.bitmap_index = 13893, .adv_w = 258, .box_w = 14, .box_h = 21, .ofs_x = 1, .ofs_y = 0},
    {.bitmap_index = 14040, .adv_w = 258, .box_w = 14, .box_h = 21, .ofs_x = 1, .ofs_y = 0},
    {.bitmap_index = 14187, .adv_w = 258, .box_w = 14, .box_h = 21, .ofs_x = 1, .ofs_y = 0},
    {.bitmap_index = 14334, .adv_w = 257, .box_w = 16, .box_h = 21, .ofs_x = 0, .ofs_y = 0},
    {.bitmap_index = 14502, .adv_w = 235, .box_w = 13, .box_h = 16, .ofs_x = 1, .ofs_y = 0},
    {.bitmap_index = 14606, .adv_w = 231, .box_w = 13, .box_h = 16, .ofs_x = 1, .ofs_y = 0},
    {.bitmap_index = 14710, .adv_w = 204, .box_w = 12, .box_h = 17, .ofs_x = 0, .ofs_y = 0},
    {.bitmap_index = 14812, .adv_w = 204, .box_w = 12, .box_h = 17, .ofs_x = 0, .ofs_y = 0},
    {.bitmap_index = 14914, .adv_w = 204, .box_w = 12, .box_h = 17, .ofs_x = 0, .ofs_y = 0},
    {.bitmap_index = 15016, .adv_w = 204, .box_w = 12, .box_h = 16, .ofs_x = 0, .ofs_y = 0},
    {.bitmap_index = 15112, .adv_w = 204, .box_w = 12, .box_h = 17, .ofs_x = 0, .ofs_y = 0},
    {.bitmap_index = 15214, .adv_w = 204, .box_w = 12, .box_h = 19, .ofs_x = 0, .ofs_y = 0},
    {.bitmap_index = 15328, .adv_w = 320, .box_w = 20, .box_h = 12, .ofs_x = 0, .ofs_y = 0},
    {.bitmap_index = 15448, .adv_w = 207, .box_w = 13, .box_h = 16, .ofs_x = 0, .ofs_y = -4},
    {.bitmap_index = 15552, .adv_w = 210, .box_w = 13, .box_h = 17, .ofs_x = 0, .ofs_y = 0},
    {.bitmap_index = 15663, .adv_w = 210, .box_w = 13, .box_h = 17, .ofs_x = 0, .ofs_y = 0},
    {.bitmap_index = 15774, .adv_w = 210, .box_w = 13, .box_h = 17, .ofs_x = 0, .ofs_y = 0},
    {.bitmap_index = 15885, .adv_w = 210, .box_w = 13, .box_h = 17, .ofs_x = 0, .ofs_y = 0},
    {.bitmap_index = 15996, .adv_w = 95, .box_w = 6, .box_h = 17, .ofs_x = -1, .ofs_y = 0},
    {.bitmap_index = 16047, .adv_w = 95, .box_w = 6, .box_h = 17, .ofs_x = 1, .ofs_y = 0},
    {.bitmap_index = 16098, .adv_w = 95, .box_w = 10, .box_h = 17, .ofs_x = -2, .ofs_y = 0},
    {.bitmap_index = 16183, .adv_w = 95, .box_w = 9, .box_h = 17, .ofs_x = -2, .ofs_y = 0},
    {.bitmap_index = 16260, .adv_w = 211, .box_w = 13, .box_h = 17, .ofs_x = 0, .ofs_y = 0},
    {.bitmap_index = 16371, .adv_w = 219, .box_w = 12, .box_h = 16, .ofs_x = 1, .ofs_y = 0},
    {.bitmap_index = 16467, .adv_w = 216, .box_w = 13, .box_h = 17, .ofs_x = 0, .ofs_y = 0},
    {.bitmap_index = 16578, .adv_w = 216, .box_w = 13, .box_h = 17, .ofs_x = 0, .ofs_y = 0},
    {.bitmap_index = 16689, .adv_w = 216, .box_w = 13, .box_h = 17, .ofs_x = 0, .ofs_y = 0},
    {.bitmap_index = 16800, .adv_w = 216, .box_w = 13, .box_h = 16, .ofs_x = 0, .ofs_y = 0},
    {.bitmap_index = 16904, .adv_w = 216, .box_w = 13, .box_h = 17, .ofs_x = 0, .ofs_y = 0},
    {.bitmap_index = 17015, .adv_w = 239, .box_w = 11, .box_h = 12, .ofs_x = 2, .ofs_y = 0},
    {.bitmap_index = 17081, .adv_w = 216, .box_w = 13, .box_h = 14, .ofs_x = 0, .ofs_y = -1},
    {.bitmap_index = 17172, .adv_w = 219, .box_w = 12, .box_h = 17, .ofs_x = 1, .ofs_y = 0},
    {.bitmap_index = 17274, .adv_w = 219, .box_w = 12, .box_h = 17, .ofs_x = 1, .ofs_y = 0},
    {.bitmap_index = 17376, .adv_w = 219, .box_w = 12, .box_h = 17, .ofs_x = 1, .ofs_y = 0},
    {.bitmap_index = 17478, .adv_w = 219, .box_w = 12, .box_h = 17, .ofs_x = 1, .ofs_y = 0},
    {.bitmap_index = 17580, .adv_w = 212, .box_w = 13, .box_h = 22, .ofs_x = 0, .ofs_y = -4},
    {.bitmap_index = 17723, .adv_w = 222, .box_w = 12, .box_h = 20, .ofs_x = 1, .ofs_y = -4},
    {.bitmap_index = 17843, .adv_w = 212, .box_w = 13, .box_h = 22, .ofs_x = 0, .ofs_y = -4},
    {.bitmap_index = 17986, .adv_w = 176, .box_w = 11, .box_h = 3, .ofs_x = 0, .ofs_y = 5},
    {.bitmap_index = 18003, .adv_w = 352, .box_w = 22, .box_h = 3, .ofs_x = 0, .ofs_y = 5},
    {.bitmap_index = 18036, .adv_w = 109, .box_w = 5, .box_h = 7, .ofs_x = 1, .ofs_y = 9},
    {.bitmap_index = 18054, .adv_w = 109, .box_w = 5, .box_h = 7, .ofs_x = 1, .ofs_y = 9},
    {.bitmap_index = 18072, .adv_w = 190, .box_w = 10, .box_h = 7, .ofs_x = 1, .ofs_y = 9},
    {.bitmap_index = 18107, .adv_w = 187, .box_w = 10, .box_h = 7, .ofs_x = 1, .ofs_y = 9},
    {.bitmap_index = 18142, .adv_w = 167, .box_w = 8, .box_h = 7, .ofs_x = 1, .ofs_y = 3},
    {.bitmap_index = 18170, .adv_w = 353, .box_w = 20, .box_h = 4, .ofs_x = 1, .ofs_y = 0},
    {.bitmap_index = 18210, .adv_w = 239, .box_w = 11, .box_h = 3, .ofs_x = 2, .ofs_y = 5}
};

/*---------------------
 *  CHARACTER MAPPING
 *--------------------*/

static const uint16_t unicode_list_3[] = {
    0x0, 0x1, 0x5, 0x6, 0x9, 0xa, 0xf, 0x13,
    0x1ff
};

/*Collect the unicode lists and glyph_id offsets*/
static const lv_font_fmt_txt_cmap_t cmaps[] =
{
    {
        .range_start = 32, .range_length = 95, .glyph_id_start = 1,
        .unicode_list = NULL, .glyph_id_ofs_list = NULL, .list_length = 0, .type = LV_FONT_FMT_TXT_CMAP_FORMAT0_TINY
    },
    {
        .range_start = 160, .range_length = 13, .glyph_id_start = 96,
        .unicode_list = NULL, .glyph_id_ofs_list = NULL, .list_length = 0, .type = LV_FONT_FMT_TXT_CMAP_FORMAT0_TINY
    },
    {
        .range_start = 174, .range_length = 82, .glyph_id_start = 109,
        .unicode_list = NULL, .glyph_id_ofs_list = NULL, .list_length = 0, .type = LV_FONT_FMT_TXT_CMAP_FORMAT0_TINY
    },
    {
        .range_start = 8211, .range_length = 512, .glyph_id_start = 191,
        .unicode_list = unicode_list_3, .glyph_id_ofs_list = NULL, .list_length = 9, .type = LV_FONT_FMT_TXT_CMAP_SPARSE_TINY
    }
};

/*-----------------
 *    KERNING
 *----------------*/


/*Map glyph_ids to kern left classes*/
static const uint8_t kern_left_class_mapping[] =
{
    0, 0, 0, 1, 0, 2, 0, 3,
    1, 4, 0, 5, 6, 7, 6, 7,
    8, 9, 10, 0, 11, 0, 0, 0,
    12, 11, 9, 13, 13, 0, 14, 15,
    16, 17, 18, 19, 20, 21, 22, 23,
    24, 25, 25, 26, 27, 28, 25, 25,
    21, 29, 21, 30, 2, 31, 26, 32,
    33, 34, 35, 36, 4, 37, 0, 5,
    38, 0, 39, 40, 40, 25, 40, 41,
    42, 39, 43, 43, 44, 25, 39, 39,
    40, 40, 42, 45, 46, 47, 48, 49,
    50, 51, 49, 52, 4, 10, 0, 6,
    0, 53, 54, 0, 0, 55, 0, 0,
    0, 17, 56, 57, 58, 59, 0, 5,
    14, 0, 0, 0, 60, 10, 61, 0,
    0, 56, 62, 0, 0, 0, 63, 18,
    18, 18, 18, 18, 18, 22, 20, 22,
    22, 22, 22, 25, 25, 64, 64, 21,
    25, 21, 21, 21, 21, 21, 65, 21,
    26, 26, 26, 26, 35, 66, 67, 39,
    39, 39, 39, 39, 39, 68, 40, 40,
    40, 40, 40, 43, 43, 69, 70, 40,
    71, 40, 40, 40, 72, 72, 6, 40,
    48, 48, 48, 48, 49, 40, 49, 0,
    0, 73, 74, 73, 74, 75, 7, 6
};

/*Map glyph_ids to kern right classes*/
static const uint8_t kern_right_class_mapping[] =
{
    0, 0, 0, 1, 0, 2, 0, 3,
    1, 0, 4, 5, 6, 7, 8, 9,
    10, 11, 12, 0, 13, 14, 0, 11,
    15, 13, 0, 16, 16, 17, 18, 0,
    19, 20, 21, 22, 23, 22, 22, 22,
    23, 22, 22, 24, 22, 22, 22, 22,
    23, 22, 23, 22, 25, 26, 27, 28,
    29, 30, 31, 32, 0, 33, 4, 34,
    35, 0, 36, 22, 37, 37, 37, 38,
    37, 22, 39, 40, 22, 22, 41, 41,
    37, 41, 37, 41, 42, 43, 44, 45,
    46, 47, 45, 48, 0, 49, 4, 50,
    0, 0, 51, 0, 0, 0, 0, 0,
    0, 52, 53, 54, 55, 56, 0, 57,
    18, 0, 0, 0, 58, 59, 60, 0,
    0, 53, 61, 0, 0, 0, 62, 21,
    21, 21, 21, 21, 21, 21, 23, 22,
    22, 22, 22, 22, 22, 63, 63, 64,
    22, 23, 23, 23, 23, 23, 65, 23,
    27, 27, 27, 27, 31, 22, 22, 36,
    36, 36, 66, 67, 36, 36, 37, 37,
    37, 37, 68, 69, 70, 69, 71, 37,
    41, 37, 37, 37, 72, 68, 6, 37,
    44, 44, 44, 73, 45, 22, 74, 0,
    0, 75, 76, 75, 76, 77, 78, 6
};

/*Kern values between classes*/
static const int8_t kern_class_values[] =
{
    0, 0, 0, 0, 0, 0, 0, 0,
    0, 0, 0, 0, 0, 0, 0, 0,
    0, 0, 0, 0, -28, 0, 0, -58,
    0, 0, 0, 0, 0, 0, 0, 0,
    0, 0, 0, 0, -7, 0, 0, 0,
    0, -3, 0, 0, 0, 0, 0, 0,
    0, 0, 0, 0, 0, 0, 0, 0,
    0, 0, 0, 0, 0, 0, 0, 0,
    0, 0, 0, -7, 0, 0, 0, -7,
    0, 0, 0, 0, 0, 0, 0, 0,
    0, 0, 0, 0, 0, 0, 0, 0,
    0, 0, 0, 0, 0, 0, 0, 0,
    0, 0, -5, 0, 0, 0, 0, -3,
    0, 0, 0, -4, 0, 0, 0, 0,
    0, 0, 0, 0, 0, 0, 0, 0,
    0, 0, 0, 0, 0, 0, 0, 0,
    0, 0, 0, 0, 0, 0, 0, 0,
    0, 0, 0, 0, 0, 0, 0, 0,
    0, 0, 0, 0, 16, 0, 0, 0,
    0, 0, 0, 0, 0, 0, 0, 0,
    0, 0, 0, 0, 0, 0, 0, 0,
    0, 0, 0, 0, 0, 0, 0, 0,
    0, 0, 0, 0, 0, -20, 0, -22,
    -14, 0, -26, 0, 0, 0, 0, 0,
    0, 0, 0, 0, 0, 0, 0, 0,
    -12, -12, 0, 0, 0, 0, 0, 0,
    -14, 0, 0, 0, 0, 0, 0, 0,
    0, 0, 0, 0, 0, 0, 0, 0,
    0, 0, 0, 0, 0, -12, 0, 0,
    0, 0, 0, 0, 0, 0, 0, 0,
    0, 0, 0, 0, 0, 0, 0, 0,
    0, 0, 0, 0, 0, 0, 0, 6,
    0, 0, 0, 0, 0, 0, 0, 0,
    0, 0, 0, 0, 0, 0, -2, 0,
    0, 5, 6, 0, 0, 0, 0, 0,
    0, 0, 0, 0, 0, 0, 0, 0,
    0, 0, 0, 0, 0, 0, 0, 0,
    0, 0, 0, 0, 0, -2, 0, 0,
    0, -2, 0, 0, 0, 0, 0, 0,
    0, 0, 0, 0, 0, 0, 0, 0,
    0, 0, 0, 0, 0, 0, 0, 0,
    0, 0, 0, 0, -33, 0, -6, -34,
    0, 0, 0, 0, 0, 0, 0, 0,
    0, 0, 0, 0, 0, 0, 0, 0,
    0, 0, 0, 0, 0, 0, 0, 0,
    0, 0, 0, 0, 0, 0, 0, 0,
    0, 0, 0, 0, 0, 0, 0, 6,
    0, 0, 0, 0, 0, 0, 0, 0,
    0, 0, 0, 0, 0, 0, 0, 0,
    0, 0, 0, 0, 0, 0, 0, 0,
    0, 0, 0, 0, 0, 0, 0, 0,
    0, 0, -12, 0, 0, -16, 0, -27,
    0, -16, -8, -14, -23, 0, 0, 0,
    0, 0, 0, 0, 0, 0, 0, 0,
    0, 0, 0, 0, -8, 0, 0, 0,
    0, 0, 0, 0, 0, 0, 0, 0,
    0, 0, 0, 0, 0, 0, 0, 0,
    0, 0, 0, 0, 0, 0, 0, 0,
    0, 0, 0, 0, 0, 0, 0, 0,
    0, 0, 0, 0, 0, 0, 0, 0,
    0, 0, 0, 0, 0, 0, 0, 0,
    0, 0, -15, 0, 0, -12, 0, 0,
    0, 0, -23, 0, 0, 0, 0, 0,
    0, 0, 0, 0, 0, 0, 0, 0,
    0, 0, 0, 0, 0, 0, 0, 0,
    0, 0, 0, 0, 0, 0, 0, 0,
    0, 0, 0, 0, 0, 0, 0, 0,
    0, 0, 0, 0, 0, 0, 0, 0,
    0, 0, 0, 0, 0, 0, 0, 0,
    0, 0, 0, 0, 0, 0, 0, 0,
    0, 0, 0, 0, 0, 0, -9, 0,
    0, -22, 0, 0, 0, 3, 3, 0,
    0, 0, 0, 0, 0, 0, 0, 0,
    0, 0, 0, 0, 0, 0, 0, 0,
    0, 0, 0, 0, 0, 0, 0, 0,
    0, 0, 0, 0, 0, 0, 0, 0,
    0, 0, 0, 0, 0, 0, 0, 0,
    0, 0, 0, 0, 0, 0, 0, 0,
    0, 0, 0, 0, 0, 0, 0, 0,
    0, 0, 0, 0, 0, 0, 0, 0,
    0, 0, 0, 0, 0, 0, 0, 0,
    0, 0, 0, -9, 0, -13, -12, 0,
    0, 0, 0, 0, 0, 0, 0, 0,
    0, 0, 6, 0, 0, 0, 0, 0,
    0, 0, 0, 0, 0, 0, 0, 0,
    0, 0, 0, 0, 0, 0, 0, 0,
    0, 0, 0, 0, 0, 0, 0, 0,
    0, 0, 0, 0, 0, 0, 0, 0,
    0, 0, 0, 0, 0, 0, 0, 0,
    0, 0, 0, 0, 0, 0, 0, 0,
    0, 0, 0, 0, 0, 0, 0, 0,
    0, 0, 0, 0, 0, 0, 0, 0,
    0, 0, 0, 0, 0, 0, 0, 0,
    5, 0, 4, 0, 0, 0, 0, 0,
    0, 0, 0, 0, 0, 0, 0, 0,
    0, 0, 0, 0, 0, 12, 0, 0,
    0, 0, 0, 0, 23, 0, 0, 4,
    0, 0, 0, 0, 0, 0, 0, 0,
    0, 0, 0, 0, 0, 0, 0, 0,
    0, 0, 0, 0, 0, 0, 0, 0,
    0, 0, 0, 0, 0, 0, 0, 0,
    0, -8, 0, 0, 0, 0, 0, 0,
    0, 0, 0, 0, 0, 0, 0, 0,
    0, 0, 0, 0, 0, 0, 0, 0,
    0, 0, 0, 0, 0, 0, 0, 0,
    0, 0, 0, 0, 0, 0, 0, 0,
    0, 0, 0, 0, 0, 0, 0, 0,
    0, 0, 0, 0, 0, 0, 0, 0,
    0, 0, 0, 0, 0, 0, 0, 0,
    0, 0, 0, 0, 0, 0, -38, 0,
    0, -34, 0, 0, 0, 0, 0, 0,
    0, 0, 0, 0, 0, -16, -18, 0,
    0, 0, -18, -14, 0, 0, 0, 0,
    0, 0, 0, 0, 0, 0, 0, 0,
    0, 0, 0, 0, 0, 0, 0, 0,
    0, 0, 0, -16, -16, -18, 0, 0,
    32, -18, 0, 0, 0, 0, 0, 0,
    0, 0, 0, 0, 0, 0, 0, 0,
    0, 0, 0, 0, 0, 0, 0, 0,
    0, 0, 0, 0, 0, 0, 0, 0,
    0, -12, 0, -22, 0, 0, 0, 0,
    0, 0, 0, 0, 0, 0, 0, 0,
    0, 0, 0, 0, 0, 0, 0, 0,
    0, 0, 0, 0, 0, 0, 0, 0,
    0, 0, 0, 0, 0, 0, 0, 0,
    0, 0, 0, 0, 0, 0, 0, 0,
    0, 0, 0, 0, 0, 0, 0, 0,
    0, 0, 0, 0, 0, 0, 0, 0,
    0, 0, 0, 0, 0, 0, 0, 0,
    0, 0, -18, 0, 0, 0, 0, -16,
    0, -24, -22, -18, -34, 0, 0, 0,
    0, 0, 0, 0, 0, 0, 0, 0,
    0, 0, -14, 0, -12, 0, 0, 0,
    0, 0, 0, 0, 0, 0, 0, 0,
    0, 0, 0, 0, 0, 0, 0, 0,
    0, 0, 0, 0, 0, 0, 0, -14,
    0, 0, 0, 0, 0, 0, 0, 0,
    0, 0, 0, 0, 0, 0, 0, 0,
    0, 0, 0, 0, 0, 0, 0, 0,
    -13, 0, 0, 0, 0, -28, 0, -26,
    -26, -20, -32, -22, 0, 0, 0, 0,
    0, 0, 0, 0, 0, 0, 0, 0,
    0, 0, 0, 0, 0, 0, 0, 0,
    0, 0, 0, 0, 0, 0, 0, 0,
    0, 0, 0, 0, 0, 0, 0, 0,
    0, 0, 0, 0, 0, 0, 0, 0,
    0, 0, 0, 0, 0, 0, 0, 0,
    0, 0, 0, 0, 0, 0, 0, 0,
    0, 0, 0, 0, 0, 0, -22, 0,
    0, 0, 0, 0, 0, 0, 0, 0,
    0, 0, 0, 0, 0, 0, 0, 0,
    0, 0, 0, 0, 0, 0, 0, 0,
    0, 0, 0, 0, 0, 0, 0, 0,
    0, 0, 0, 0, 0, 0, 0, 0,
    0, 0, 0, 0, 0, 0, 0, 0,
    0, 0, 0, 0, 0, 0, 0, 0,
    0, 0, 0, 0, 0, 0, 0, 0,
    0, 0, 0, 0, 0, 0, 0, 0,
    0, 0, 0, 0, -15, 0, 0, 0,
    0, -11, 0, -14, -9, -19, -15, 0,
    0, 0, 0, 0, 0, 0, 0, 0,
    0, 0, 0, 0, 0, 0, 0, 0,
    0, 0, 0, 0, 0, 0, 0, 0,
    0, 0, 0, 0, 0, 0, 0, 0,
    0, 0, 0, 0, 0, 0, 0, 0,
    0, 0, 0, 0, 0, 0, -28, -5,
    0, 0, -33, -12, 0, -12, 0, 4,
    0, -18, 0, 0, 0, 0, -13, -18,
    -22, -15, 5, 0, -15, 0, -5, -31,
    -7, -28, -25, 0, -28, 0, -28, -33,
    0, 0, -8, -3, 1, 0, 0, -4,
    -10, 0, -24, -24, 0, 0, 0, -12,
    -8, -15, -26, -12, -12, -25, -33, 0,
    -18, -12, -12, 0, 0, 0, -12, 0,
    0, -8, 1, 1, 0, -8, 0, -24,
    -46, -36, -12, 0, 0, 0, 0, 0,
    0, 0, 0, 0, 0, 0, 0, 0,
    0, 0, 0, 0, 0, 0, 0, 0,
    0, 0, 0, 0, 0, -20, 0, 0,
    0, 0, 0, 0, 0, 0, 0, 0,
    0, 0, 0, 0, 0, 0, 0, 0,
    0, 0, 0, 0, 0, 0, 0, 0,
    0, 0, 0, 0, 0, 0, 0, 0,
    0, 0, 0, 0, 0, 0, 0, 0,
    0, 0, 12, 0, 0, 0, -22, 0,
    0, 0, 0, 0, 0, 0, 0, 0,
    0, 0, 0, 0, 0, 0, 0, 0,
    0, 0, 0, 0, 0, 0, -10, 0,
    0, 0, 0, 0, 0, 0, 0, -5,
    0, 0, 0, 0, -14, 0, 0, 0,
    0, 0, 0, 0, 0, 0, 2, 0,
    0, 0, 0, 0, 0, 0, 0, 0,
    0, 0, 0, 0, 0, 0, 0, 0,
    0, 0, 0, 0, 0, 0, 0, 0,
    12, 0, 0, 2, 0, 0, 0, 0,
    0, 0, 0, 0, 0, 0, -15, 0,
    -15, -14, 0, 0, 0, 0, 0, 0,
    0, 0, 0, 0, -15, 0, 0, 0,
    0, -11, 0, -14, -9, -19, -15, 0,
    -14, 0, -14, 0, 0, 0, 0, 0,
    0, 0, 0, 0, 0, 0, 0, 0,
    0, 0, 0, 0, 0, 0, 0, -2,
    0, 0, 0, 0, 0, 0, 0, 0,
    0, 0, 0, 0, 0, 0, 0, 0,
    0, 0, -12, 0, 0, -15, 0, 0,
    0, 0, 0, 0, 0, 0, 0, 0,
    0, 0, 0, 0, 0, 0, 0, 0,
    0, 0, 0, 0, 0, 0, 0, 0,
    0, 0, 0, 0, 0, 0, 0, 0,
    0, 0, 0, 0, 0, 0, 0, 0,
    0, 0, 0, 0, 0, 0, 0, 0,
    0, 0, 0, 0, 0, 0, 0, 0,
    0, 0, 0, 0, 0, 0, 0, 0,
    0, 0, 0, 0, 26, 0, 0, 0,
    0, 0, 0, 0, 0, 0, 0, 0,
    0, 0, -14, 0, -12, 0, 0, 0,
    0, 0, 0, 0, 0, 0, 0, 0,
    -32, 0, 0, -24, 0, 0, 0, 0,
    0, 0, 0, 0, 0, 0, -12, -6,
    -10, 0, 0, 0, -7, 0, 0, -12,
    -12, 0, 0, -12, 0, 0, -10, 0,
    0, 0, 0, 0, 0, -12, 0, 0,
    0, 0, 0, 0, 0, -6, -6, -10,
    0, 0, 0, -10, -12, -12, 0, 0,
    0, -30, 0, 0, 0, 0, 0, 0,
    0, 0, 0, 0, 0, 0, 0, 0,
    0, 0, 0, 0, 0, 0, -11, 0,
    0, 0, 0, -11, 0, -8, 0, -5,
    -10, 0, -8, 0, 0, 0, 0, 0,
    0, 0, 0, 0, 0, 0, 0, 0,
    0, 0, 0, 0, 0, 0, 0, 0,
    0, 0, 0, 0, 0, 0, 0, 0,
    0, 0, 0, 0, 0, 0, 0, 0,
    12, 0, 0, 0, 0, 0, 0, 0,
    0, 0, 0, 6, 0, 0, 0, 0,
    0, 0, 0, 0, 0, 0, 0, 0,
    0, 0, 0, 0, 0, 0, 0, 0,
    0, 0, 0, 0, 0, 0, 0, 0,
    0, 0, 6, 0, 0, 0, 0, 0,
    0, 0, 5, 0, 4, 0, 0, 0,
    0, 0, 0, 0, 0, 0, 0, 0,
    0, 0, 0, 0, 0, 0, 0, 12,
    0, 0, 0, 0, 0, 0, 23, 0,
    0, 4, 0, 0, 0, 0, 0, 0,
    0, 0, 0, 0, -12, 0, -12, -20,
    0, 0, 0, 0, 0, 0, 0, 0,
    0, 0, -7, 0, 0, 0, 0, 0,
    0, 0, 0, 0, 0, 0, 0, 0,
    -18, 0, 0, 0, 0, 0, 0, 0,
    0, 0, 0, 0, 0, 0, 0, 0,
    0, 0, 0, 0, 0, 0, 0, 0,
    0, 0, 0, 0, 0, 0, 0, 0,
    0, 0, 0, 0, 0, 0, 0, 0,
    0, 0, 0, -12, 0, -3, 0, 0,
    0, -27, 0, -27, 0, 0, 0, 0,
    0, 0, 0, 0, -24, -12, 0, -14,
    0, 0, -14, 0, -3, 0, 0, 0,
    0, 0, 0, 0, 0, 0, 0, 0,
    -14, 0, 3, 0, 0, 0, 0, -12,
    -14, -22, 0, 0, 0, -27, -14, -14,
    0, -18, -18, -5, 0, -12, 0, -16,
    0, 0, 0, 0, -12, 0, 0, -14,
    3, 3, 30, -14, -12, -14, 0, 0,
    -12, 0, -32, 0, 0, 0, -14, -23,
    0, -18, 0, 0, 0, -16, 0, 0,
    0, 0, 0, 0, 0, -10, 0, 0,
    -10, 0, 0, -32, 0, -27, -13, 0,
    -31, 0, -27, -46, 0, 0, 0, 0,
    0, 0, 0, 0, -8, 0, -24, 0,
    0, 0, 0, -14, 0, -10, -34, -22,
    -46, -28, -16, 0, -27, -22, 0, 0,
    0, 0, -12, 0, 0, 0, 0, 0,
    0, 0, 0, -24, -30, -32, -12, 0,
    0, 0, -12, 0, 0, -7, -14, -7,
    -12, 0, 0, 0, 0, 0, 0, 0,
    0, 0, 0, 0, -29, 0, 0, -34,
    0, 0, 0, 0, 0, 0, 0, 0,
    0, 0, 0, -4, -3, 0, 0, 0,
    0, 0, 0, 0, 0, 0, 0, 0,
    0, -7, -3, 0, 0, 0, -7, 0,
    0, 0, 0, -7, 0, 0, 0, 0,
    0, -4, -4, -3, 0, 0, 0, -3,
    0, 0, 0, 0, 0, -34, 0, 0,
    0, 0, 0, 0, 0, 0, 0, 0,
    0, 0, 0, 0, 0, 0, 0, 0,
    0, 0, 0, 0, 0, 0, 0, 0,
    0, -7, 0, 0, -10, 0, -7, 0,
    0, -2, -4, 0, 0, 0, 0, 0,
    0, 0, 0, 0, 0, 0, 0, 0,
    -4, 0, 0, 0, 0, 0, 0, 0,
    0, 0, 0, 0, 0, 0, 0, -2,
    -2, -4, 0, 0, 16, -4, 0, 0,
    0, 0, 0, 0, 0, -2, -12, 0,
    0, -18, -12, -18, -12, -18, -12, 0,
    0, -24, -28, -12, -28, -12, 0, -11,
    -31, 0, -11, -32, -2, 0, 0, 0,
    0, 0, 3, 0, 0, 0, -20, -26,
    -27, 0, 0, 0, -20, -26, -36, -26,
    -22, -22, -11, -16, 0, -18, -27, -11,
    0, -46, -18, 0, 0, -36, 0, -28,
    -18, 0, 0, 0, -12, -14, -14, -18,
    0, 0, 32, -18, -18, -12, 0, 0,
    -12, -30, 0, 0, -18, 0, 0, -20,
    -34, -20, -34, -17, -9, 0, 0, -12,
    0, -22, -26, -22, 0, -12, -28, 0,
    -14, -34, 0, 0, 0, 5, 0, 0,
    0, 0, 5, 0, -28, -21, -21, 0,
    0, 0, -3, -16, 0, 0, 0, 0,
    0, 0, 0, -20, -21, -14, 0, -20,
    -22, 0, 0, 0, 0, -14, 0, -11,
    0, 0, -14, -21, -14, -21, 0, 0,
    30, -16, 0, 0, 0, 0, -14, -34,
    0, -2, -18, 0, 0, -15, -34, -15,
    -34, -11, 0, 0, 0, -12, 0, -18,
    -26, -22, 0, -9, -25, 0, -9, -22,
    -2, 0, 0, 3, 8, 0, 0, 0,
    3, 0, 0, -20, -18, 0, 0, 0,
    -12, -12, 0, 0, 0, 0, 0, 0,
    0, -15, -18, -9, 0, -20, -15, 0,
    0, 0, 0, -12, 0, -11, 0, 0,
    0, -20, -20, -18, 0, 0, 0, -18,
    0, 0, 0, 0, 0, -34, 0, -4,
    0, 0, 0, -14, 0, -14, 0, 0,
    -13, 0, -8, -14, 0, 0, -20, -18,
    0, -19, 0, 0, -19, 0, -4, -14,
    0, 0, 0, 0, 0, 0, 0, 0,
    0, -20, -10, 0, 0, 0, 0, 0,
    0, 0, 0, 0, 0, 0, 0, -12,
    -10, -19, 0, -14, -18, -2, 0, 0,
    0, -16, 0, 0, 0, 0, -16, -20,
    -20, -10, 0, 0, 0, -10, 0, 0,
    0, 0, -16, 0, 0, 0, -22, 0,
    0, -23, -23, -23, -23, 0, 0, 0,
    0, -24, 0, -22, -36, -34, 0, -15,
    -28, 0, -15, -12, 0, 3, 0, 0,
    0, 0, 0, 0, 0, 0, 0, -36,
    -38, 0, -7, 0, -14, -24, 0, -14,
    0, 0, 0, 0, 0, -23, -38, -15,
    0, -32, -18, -3, 0, -14, 0, -18,
    -22, 0, 0, 0, -16, -24, -18, -38,
    -7, -13, 0, -38, -14, 0, 0, 0,
    -14, -34, 0, 0, 0, 0, 0, -13,
    0, -13, 0, 0, 0, 0, 0, 0,
    0, 0, -22, 0, 0, -12, 0, 0,
    -12, 0, 0, 0, 0, 0, 0, 0,
    0, 0, 0, 0, 0, 0, 0, 0,
    0, 0, 0, 0, 0, 0, 0, 0,
    0, 0, 0, -13, 0, -12, 0, -12,
    -13, 0, 0, 0, 0, -12, 0, 0,
    0, 0, 0, 0, 0, 0, 0, 0,
    30, 0, 0, 0, 0, 0, 0, 0,
    0, 0, 0, 0, 0, 0, 0, 0,
    0, 0, 0, 0, 0, 0, 0, 0,
    0, 0, 0, 0, 5, 0, -15, 0,
    -5, -14, -7, -17, -20, 0, -28, 0,
    0, 0, 0, 0, -8, -3, 1, 0,
    0, -4, -10, 0, -18, -24, 0, 0,
    0, 0, 0, 0, -26, 0, 0, 0,
    0, 0, 0, 0, 0, 0, 0, 0,
    0, 0, 0, -8, 1, 1, 0, -8,
    0, -18, 0, 0, 0, 0, 0, 0,
    0, 0, 0, 0, 0, 0, 0, 0,
    0, 0, 0, 0, 0, 0, 0, 0,
    0, 0, 0, 12, -14, 0, 0, -20,
    -14, -28, 0, 0, 0, 0, 0, 0,
    0, 0, 0, 0, 6, 34, 12, 0,
    0, 0, -28, 0, 0, 0, 0, 0,
    0, 0, 0, 0, 0, 0, 0, 0,
    0, 0, 0, 0, 0, 0, 0, 0,
    0, 0, 6, 6, 0, 0, 0, -28,
    0, 0, 0, 0, -7, 0, 0, 0,
    0, 0, 0, 0, 0, 0, 0, -14,
    0, 0, 0, 0, 0, 0, 0, 0,
    0, 0, 0, 0, 0, -25, 0, -18,
    -18, 0, -34, 0, -18, 0, 0, 0,
    0, 0, 0, 0, 0, 0, 0, 0,
    -6, 0, 0, 0, 0, 0, 0, 0,
    0, 0, 0, -3, 0, 0, 0, 0,
    0, 0, 0, 0, 0, 0, 0, 0,
    0, 0, 0, 0, 0, -6, -16, -9,
    0, 0, -7, 0, 0, -4, 0, 0,
    0, 0, 0, 0, 0, -12, 0, 0,
    0, 0, 0, 0, 0, 0, -12, 0,
    0, 0, 0, -27, 0, -21, -18, -10,
    -40, 0, -21, 0, 0, 3, 0, 0,
    0, 0, 0, 0, 0, 0, -6, -5,
    -7, -7, 0, 0, 0, 0, -12, 0,
    0, -4, 0, 0, 0, 0, 0, 0,
    0, 0, 0, 3, 3, 0, 0, 0,
    0, 0, 0, -6, -22, -8, 0, 0,
    0, 0, 0, 0, 0, -7, -20, -7,
    -20, -5, 0, 0, 0, -22, 0, 0,
    0, 0, 0, 0, -12, 0, 0, -22,
    0, 0, 0, 0, 0, 0, 2, 0,
    0, 0, -5, -7, -8, -15, 3, 2,
    0, -6, -14, 0, 0, 7, 0, 0,
    0, -7, -8, 0, 0, -14, -7, 0,
    0, 0, 0, -7, 0, 0, 0, 0,
    -6, -7, -7, -8, 3, 3, 36, -8,
    0, 0, 0, 0, -6, -20, 0, 0,
    0, 0, 0, 0, 0, 0, 0, 0,
    0, 0, 0, 0, 0, 0, 0, 0,
    0, 0, 0, 0, 0, 0, 0, -18,
    0, 0, 0, 0, 0, 0, 0, 0,
    0, 0, 0, 0, 0, 3, 0, 0,
    0, 0, 0, 0, 0, 0, 0, 0,
    0, 0, 0, 0, 0, 0, 0, 0,
    0, 0, 0, 0, 0, 0, 0, 0,
    0, 0, 0, 0, 0, 0, 0, 0,
    0, 0, 0, 0, 0, 0, 0, 0,
    0, 0, 0, 0, 0, 0, 0, 0,
    0, 0, 0, 0, 0, 0, 0, 0,
    0, 0, 0, 0, 0, 0, 0, 0,
    0, 0, 0, 0, 0, 0, 0, 0,
    0, 0, 0, 0, 0, 0, 0, 0,
    0, 0, 0, 0, 0, 0, 0, 0,
    0, 0, 0, 0, 0, 0, 0, 0,
    0, 0, 0, 0, 0, 0, 0, 0,
    0, 0, 21, 0, 0, 0, 0, 0,
    0, 0, 0, 0, 0, 0, 0, -20,
    0, -20, 0, 0, 0, 0, 0, -16,
    0, 0, -30, 0, 0, 0, 0, 0,
    0, 0, 0, -20, 0, 0, 0, 0,
    0, 0, 0, 0, 0, 0, -8, 0,
    0, 0, 0, 0, 0, 0, 3, 0,
    0, 0, 0, -20, -8, 0, 0, -18,
    -24, 0, 0, 0, 0, -20, 0, 0,
    0, 0, 0, 0, 0, -8, 0, 0,
    0, -8, 0, 3, 0, 0, 0, 0,
    0, 0, 0, 0, 0, -13, -22, -13,
    -22, -11, 0, 0, 0, 0, 0, 0,
    -14, 0, 0, 0, -14, 6, 0, -20,
    0, -20, 0, 0, 0, 0, 0, -12,
    0, 0, 0, -5, -9, 7, 2, 5,
    3, 0, 7, 0, 6, 3, 6, 0,
    6, -13, -9, 0, 0, 0, -12, 0,
    0, 0, 0, -13, 0, 0, 0, 0,
    0, -5, -5, -9, 2, 2, 6, -9,
    0, 6, -14, 6, 0, -22, -3, 0,
    0, 0, 0, 0, 0, 0, 0, 0,
    0, 0, 0, 0, 0, 0, 0, 0,
    0, 0, 0, 0, 0, 0, 0, -26,
    0, -16, -12, 0, -26, 0, -16, 0,
    0, 0, 0, 0, 0, 0, 0, 0,
    0, 0, 0, 0, 0, 0, 0, 0,
    0, 0, 0, 0, 0, -3, 0, 0,
    0, 0, 0, 0, 0, 0, 0, 0,
    0, 0, 0, 0, 0, 0, 0, 0,
    -18, 0, 0, 0, 0, 0, 0, 0,
    0, -6, 0, -6, 0, 0, 0, 0,
    0, -2, 0, 0, -10, 0, 0, 0,
    0, 1, 0, 0, 0, -12, 0, -2,
    -2, 0, -3, 0, -2, 0, 0, 2,
    -3, -11, 0, 3, 0, -3, -4, 0,
    8, 7, 0, 0, 1, -6, -3, 0,
    0, 0, -6, 0, 0, 0, 0, -6,
    0, 0, 0, 0, -2, 2, 2, -3,
    0, 0, 0, -3, 0, 8, -14, 4,
    -2, 0, 0, 0, 0, 0, 0, -13,
    0, -13, 0, -12, 0, 0, 0, 0,
    0, 0, -14, 0, 0, 0, 0, 0,
    0, 0, 0, -18, 0, 0, 0, 0,
    -20, 0, 0, 0, -12, 0, 0, 0,
    0, 0, 0, 0, 0, 0, 0, 0,
    0, 0, 0, -13, 0, 0, 0, 0,
    -12, 0, 0, 0, 0, -13, 0, 0,
    0, 0, 0, 0, 0, 0, 0, 0,
    0, 0, 0, 0, -14, 5, 0, 0,
    0, 0, 0, 0, 0, -14, -14, -14,
    -14, -20, 0, 0, 0, 0, 0, 0,
    -12, -14, 0, 0, -24, 1, 0, -22,
    0, -12, 0, 0, 0, 0, -12, 0,
    0, 0, -28, -3, -6, 5, 0, 0,
    0, 0, 6, 0, 0, 0, 0, 0,
    1, -14, -6, 0, 0, -14, -14, 0,
    0, 0, 0, -14, 0, 0, 0, 0,
    0, -3, -3, -6, 0, 0, 9, -6,
    0, 0, 0, 0, 0, -26, 0, 0,
    -12, 0, 0, 0, -26, 0, -26, 0,
    0, 0, 0, 0, 0, 0, 0, 0,
    0, 0, -24, 0, 0, -20, 0, -18,
    0, 0, 0, 0, 0, -12, 0, 0,
    0, -1, -5, 0, 0, 0, 0, 0,
    0, 0, 0, 0, 0, 0, 0, 0,
    -5, 0, 0, -12, 0, 0, 0, 0,
    0, 0, 0, 0, 0, 0, 0, -1,
    -1, -5, 0, 0, 0, -5, 0, 0,
    0, 0, 0, -26, 0, 0, 0, 0,
    0, -8, 0, -8, 0, 0, 0, 0,
    0, 0, 0, 0, 0, -12, 0, 0,
    0, 0, 0, 0, 0, -11, 0, 0,
    0, 0, 0, 0, 0, 0, 0, -1,
    -7, 5, 0, 0, 0, 0, 5, 0,
    0, 0, 0, 0, 0, -8, -7, 0,
    0, -12, -8, 0, 0, 0, 0, -8,
    0, 0, 0, 0, 0, -1, -1, -7,
    0, 0, 0, -7, 0, 0, 0, 0,
    0, 0, 0, 0, 0, 0, 0, 0,
    0, 0, 0, 0, 0, 0, 0, 0,
    0, 0, 0, 0, 0, 0, 0, 0,
    0, 0, 0, -12, 0, 0, 0, 0,
    0, 0, 0, 0, 0, 0, -7, 0,
    0, 0, 0, 0, 0, 0, 0, 0,
    0, 0, 0, 0, -7, 0, 0, 0,
    0, 0, 0, 0, 0, 0, 0, 0,
    0, 0, 0, 0, 0, -7, 0, 0,
    0, -7, 0, 0, 0, 0, 0, 0,
    0, 0, 0, 0, 0, 0, 0, 0,
    0, 0, 0, 0, 0, 0, 0, 0,
    0, 0, 0, 0, 0, 0, 0, 0,
    0, -24, 0, -12, 0, 0, -24, 0,
    0, 0, 0, 0, 0, 0, 0, 0,
    0, 0, 0, 0, 0, 0, 0, 0,
    0, 0, 0, 0, 0, 0, 0, 0,
    0, 0, 0, 0, 0, 0, 0, 0,
    0, 0, 0, 0, 0, 0, 0, 0,
    0, 0, 0, 0, 0, 0, 0, 0,
    0, 0, 0, 0, 0, 0, 0, 0,
    0, 0, 0, 0, 0, 0, 0, 0,
    0, 0, -12, 0, 0, 0, 0, -27,
    0, -21, -18, -10, -40, 0, 0, 0,
    0, 3, 0, 0, 0, 0, 0, 0,
    0, 0, -6, -5, -7, -7, 0, 0,
    0, 0, -12, 0, 0, 0, 0, 0,
    0, 0, 0, 0, 0, 0, 0, 3,
    3, 0, 0, 0, 0, 0, 0, -6,
    0, 0, 0, 0, 0, 0, 0, 0,
    0, 0, 0, 0, 0, 0, 0, 0,
    0, 0, 0, 0, 0, 0, 0, 0,
    0, 0, 0, 0, 0, 0, 0, 0,
    0, 0, 0, 0, 0, 0, 0, 0,
    0, 0, 12, 0, 0, 0, 0, 0,
    0, 0, 0, 0, 0, 0, 0, 0,
    0, 0, 0, 0, 0, 0, 0, 0,
    0, 0, 0, 0, 0, 0, 0, 0,
    12, 12, 0, 0, 0, 0, 0, 0,
    0, 0, 0, 0, -14, 0, 0, 0,
    0, 0, 0, 0, 0, 0, 0, 0,
    0, 0, 0, 0, 0, 0, -26, 0,
    0, -26, 0, 0, 0, 0, 0, 0,
    0, 0, 0, 0, 0, 0, -12, 0,
    0, 0, 0, 0, 0, 0, 0, 0,
    0, 0, 0, 0, -12, 0, 0, 0,
    0, 0, 0, 0, 0, 0, 0, 0,
    0, 0, 0, 0, 0, -12, 0, 0,
    0, -12, 0, 0, 0, 0, 0, 0,
    0, 0, 0, 0, 0, 0, 0, 0,
    0, 0, 0, 0, 0, 0, 0, 0,
    0, 0, 0, 0, -12, 0, 0, 0,
    0, -18, 0, 0, 0, 0, -22, 0,
    0, 0, 0, 0, 0, 0, 0, 0,
    0, 0, 0, 0, 0, 0, 0, 0,
    0, 0, 0, 0, 0, 0, 0, 0,
    0, 0, 0, 0, 0, 0, 0, 0,
    0, 0, 0, 0, 0, 0, 0, 0,
    0, 0, 0, 0, 0, 0, 0, 0,
    0, 0, 0, 0, 0, 0, 0, 0,
    0, 0, 0, 0, 0, 0, 0, 0,
    0, 0, 0, 0, 0, 0, 0, -18,
    0, 0, 0, 0, 0, 0, 0, 0,
    0, 0, 0, 0, 0, 0, 0, 0,
    0, 0, 0, 0, 0, 0, 0, 0,
    0, 0, 0, 0, 0, 0, 0, 0,
    0, 0, 0, 0, 0, 0, 0, 0,
    0, 0, 0, 0, 0, 0, 0, 0,
    0, 0, 0, 0, 0, 0, 0, 0,
    0, 0, 0, 0, 0, 0, 0, 0,
    0, 0, 0, 0, 0, 0, 0, 0,
    -25, 0, -2, -25, 0, 0, 0, 0,
    0, -2, -3, 0, 0, 0, 0, -4,
    -10, 0, 0, 0, 0, -4, 0, 0,
    0, 0, 0, 0, 0, 0, 0, 0,
    0, 0, 0, 0, 0, 0, 0, 0,
    0, 0, 0, 0, 0, -4, -4, -10,
    0, 0, 0, -10, 0, 0, 0, 0,
    0, 0, 0, 0, 0, 0, 0, 0,
    0, 0, 0, 0, 0, 0, 0, 0,
    0, 0, 0, 0, 0, 0, 0, 0,
    0, 0, 0, -18, 0, 0, 0, 0,
    -20, 0, 0, 0, 0, 0, 0, 0,
    0, 0, 0, 0, 0, 0, 0, 0,
    0, 0, 0, 0, 0, 0, 0, 0,
    0, 0, 0, 0, 0, 0, 0, 0,
    0, 0, 0, 0, 0, 0, 0, 0,
    0, 0, 0, 0, 0, 0, 0, 0,
    0, 0, 0, 0, 0, 0, 0, 0,
    0, 0, 0, 0, 0, 0, 0, 0,
    0, 0, 0, 0, -12, 0, 0, -16,
    0, -28, 0, -14, -8, -16, -18, 0,
    0, 0, 0, 0, 0, 0, 0, 0,
    0, 0, 0, 0, 0, 0, -8, 0,
    0, 0, 0, 0, 0, 0, 0, 0,
    0, 0, 0, 0, 0, 0, 0, 0,
    0, 0, 0, 0, 0, 0, 0, 0,
    0, 0, 0, 0, 0, 0, 0, 0,
    0, 0, 0, 0, 0, 0, 0, 0,
    0, 0, 0, 0, 0, 0, 0, 0,
    0, 0, -12, 0, 0, 0, 0, -46,
    0, -22, -20, -14, -32, -12, 0, 0,
    0, 0, 0, 0, 0, 0, 0, 0,
    0, 0, -12, -12, -12, 0, 0, 0,
    0, 0, 0, 0, 0, 0, 0, 0,
    0, 0, 0, 0, 0, 0, 0, 0,
    0, 0, 0, 0, 0, 0, 0, -12,
    0, 0, 0, 0, 0, 0, 0, 0,
    0, 0, 0, 0, 0, 0, 0, 0,
    0, 0, 0, 0, 0, 0, 0, 0,
    0, 0, 0, 0, 0, -24, 0, -41,
    -34, 0, 0, 0, 0, 0, 0, 0,
    0, 0, 0, 0, 0, 0, 0, 0,
    0, 0, 0, 0, 0, 0, 0, 0,
    0, 0, 0, 0, 0, 0, 0, 0,
    0, 0, 0, 0, 0, 0, 0, 0,
    0, 0, 0, 0, 0, 0, 0, 0,
    0, 0, 0, 0, 0, 0, 0, 0,
    0, 0, 0, 0, 0, 0, 0, 0,
    0, 0, 0, 0, 0, 0, 0, 0,
    0, 0, 0, 0, 0, 0, 0, 0,
    0, 0, 0, 0, 0, 0, 0, 0,
    0, 0, 0, 0, 0, 0, 0, 0,
    0, 0, 0, 0, 0, 0, 0, 0,
    0, 0, 0, 0, 0, 0, 0, 0,
    0, 0, 0, 0, 0, 0, 0, 0,
    13, 0, 0, 0, 0, 0, 0, 0,
    0, 0, 0, 0, 0, 0, 0, 0,
    0, 0, 0, 0, 0, 0, 0, 0,
    0, 0, 0, 0, -12, 0, 0, 0,
    0, -20, 0, -14, 0, -16, -16, 0,
    0, 0, 0, 0, 0, 0, 0, 0,
    0, 0, 0, 0, 0, 0, 0, 0,
    0, 0, 0, 0, 0, 0, 0, 0,
    0, 0, 0, 0, 0, 0, 0, 0,
    0, 0, 0, 0, 0, 0, 0, 0,
    0, 0, 0, 0, 0, 0, 0, 0,
    0, 0, 0, 0, -36, 0, -36, 0,
    0, 0, 0, 0, 0, 0, 0, 0,
    0, 0, -14, 0, 0, -14, 0, -20,
    0, -18, 0, 0, 0, -14, -18, 0,
    0, 0, 0, 0, 0, 0, 0, 0,
    0, 0, 0, 0, 0, 0, 0, 0,
    0, 0, 0, 0, 0, 0, 0, 0,
    0, 0, 0, 0, 0, 0, 0, 0,
    0, 0, 0, 0, 0, 0, 0, 0,
    -20, 0, 0, -36, 0, 0, 0, 0,
    0, 0, 0, 0, 0, 0, 0, 0,
    0, 0, 0, 0, 0, 0, 0, 0,
    0, 0, 0, 0, 0, -20, 0, 0,
    0, 0, 0, 0, 0, 0, 0, 0,
    0, 0, 0, 0, 0, 0, 0, 0,
    0, 0, 0, 0, 0, 0, 0, 0,
    0, 0, 0, 0, 0, 0, 0, 0,
    0, 0, 0, 0, 0, 0, 0, 0,
    0, 0, 12, 0, 0, 0, -24, 0,
    0, 0, 0, 0, 0, 0, 0, 0,
    0, 0, 0, 0, 0, 0, 0, 0,
    0, 0, 0, 0, 0, 0, 0, 0,
    0, 0, 0, -28, 0, 0, 0, 0,
    0, 0, 0, 0, 0, 0, 0, 0,
    0, 0, 0, 0, 0, 0, 0, 0,
    0, 0, 0, 0, 0, 0, 0, 0,
    0, 0, 0, 0, 0, 0, 0, 0,
    0, 0, 0, 0, 0, 0, 0, 0,
    0, 0, 0, 0, 0, 0, 0, 0,
    0, 0, 0, 0, 0, 0, 0, 0,
    0, 0, 0, 0, 0, 0, 0, 0,
    0, 0, 0, 0, 0, 0, 0, 0,
    0, 0, 0, 0, 0, 0, 0, 0,
    0, 0, 0, 0, 0, 0, 0, 0,
    0, 0, 0, 0, 0, 0, 0, 0,
    0, 0, 0, 0, 0, 0, 0, 0,
    0, 0, 0, 0, 0, 0, 0, 0,
    0, 0, 0, 0, 0, 0, 12, 0,
    0, 0, 0, 0, 0, 0, 0, 0,
    0, 0, 0, 0, 0, 0, 0, 0,
    0, 16, 0, 0, 32, 0, 0, 0,
    0, 0, 0, 23, 0, 0, 0, 32,
    0, 30, 0, 0, 0, 32, 30, 0,
    0, 0, 0, 14, 21, 21, 6, 0,
    18, 0, 0, 0, 0, 0, 23, 0,
    0, 0, 0, 0, 0, 0, 0, 0,
    0, 0, 0, 0, 13, 0, 0, 0,
    0, 0, 12, 21, 56, 0, 0, 0,
    0, 0, 0, 0, -7, 0, 0, 0,
    0, 0, 0, 0, 0, 0, 0, -14,
    0, 0, 0, 0, 0, 0, 0, 0,
    0, 0, 0, 0, 0, -18, 0, -18,
    -18, 0, -34, 0, -18, 0, 0, 0,
    0, 0, 0, 0, 0, 0, 0, 0,
    -6, 0, 0, 0, 0, 0, 0, 0,
    0, 0, 0, -3, 0, 0, 0, 0,
    0, 0, 0, 0, 0, 0, 0, 0,
    0, 0, 0, 0, 0, -6, -16, -9,
    0, 0, -7, 0, 0, -4, 0, 0,
    0, 0, 0, 0, 0, -12, 0, 0,
    0, 0, 0, 0, 0, 0, -12, 0,
    0, 0, 0, -18, 0, -21, -18, -10,
    -40, 0, -21, 0, 0, 3, 0, 0,
    0, 0, 0, 0, 0, 0, -6, -5,
    -7, -7, 0, 0, 0, 0, -12, 0,
    0, -4, 0, 0, 0, 0, 0, 0,
    0, 0, 0, 3, 3, 0, 0, 0,
    0, 0, 0, -6, -22, -8, 0, 0,
    0, 0, 0, 0, 0, 0, 0, 0,
    0, 0, 0, 0, 0, 0, 0, 0,
    0, 0, 0, 0, -34, 0, 0, -52,
    0, 0, 0, 0, 0, 0, 0, 0,
    0, 0, 0, 0, -14, 0, 0, 0,
    0, -6, 0, 0, 0, 0, 0, 0,
    0, 0, 0, 0, 0, 0, 0, 0,
    0, 0, 0, 0, 0, 0, 0, 0,
    0, 0, 0, -14, 0, 0, 0, -14,
    0, 0, 0, 0, 0, 0, 0, 0,
    0, 0, 0, 0, 0, 0, 0, 0,
    0, 0, 0, 0, 0, 0, 0, 0,
    0, 0, -48, 0, -20, -44, 0, 0,
    0, 0, 0, 0, 0, 0, 0, 0,
    0, -20, -22, 0, 0, 0, -10, -24,
    2, -14, 2, 0, 0, 0, 0, 0,
    0, 0, 0, 0, 0, 0, 0, 0,
    0, 0, 0, 0, 0, 0, 0, -20,
    -20, -22, 0, 0, 0, -22, -14, 2,
    0, 0, 0, 0, 0, 0, 0, 0,
    0, 0, 0, 0, 0, 0, 0, 0,
    0, 0, 0, 0, 0, 0, 0, 0,
    -12, 0, 0, 0, 0, -12, 0, -14,
    0, -16, -16, 0, 0, 0, 0, 0,
    0, 0, 0, 0, 0, 0, 0, 0,
    0, 0, 0, 0, 0, 0, 0, 0,
    0, 0, 0, 0, 0, 0, 0, 0,
    0, 0, 0, 0, 0, 0, 0, 0,
    0, 0, 0, 0, 0, 0, 0, 0,
    0, 0
};


/*Collect the kern class' data in one place*/
static const lv_font_fmt_txt_kern_classes_t kern_classes =
{
    .class_pair_values   = kern_class_values,
    .left_class_mapping  = kern_left_class_mapping,
    .right_class_mapping = kern_right_class_mapping,
    .left_class_cnt      = 75,
    .right_class_cnt     = 78,
};

/*--------------------
 *  ALL CUSTOM DATA
 *--------------------*/

#if LVGL_VERSION_MAJOR == 8
/*Store all the custom data of the font*/
static  lv_font_fmt_txt_glyph_cache_t cache;
#endif

#if LVGL_VERSION_MAJOR >= 8
static const lv_font_fmt_txt_dsc_t font_dsc = {
#else
static lv_font_fmt_txt_dsc_t font_dsc = {
#endif
    .glyph_bitmap = glyph_bitmap,
    .glyph_dsc = glyph_dsc,
    .cmaps = cmaps,
    .kern_dsc = &kern_classes,
    .kern_scale = 16,
    .cmap_num = 4,
    .bpp = 4,
    .kern_classes = 1,
    .bitmap_format = 0,
#if LVGL_VERSION_MAJOR == 8
    .cache = &cache
#endif
};



/*-----------------
 *  PUBLIC FONT
 *----------------*/

/*Initialize a public general font descriptor*/
#if LVGL_VERSION_MAJOR >= 8
const lv_font_t font_inter_bold_22 = {
#else
lv_font_t font_inter_bold_22 = {
#endif
    .get_glyph_dsc = lv_font_get_glyph_dsc_fmt_txt,    /*Function pointer to get glyph's data*/
    .get_glyph_bitmap = lv_font_get_bitmap_fmt_txt,    /*Function pointer to get glyph's bitmap*/
    .line_height = 27,          /*The maximum line height required by the font*/
    .base_line = 5,             /*Baseline measured from the bottom of the line*/
#if !(LVGL_VERSION_MAJOR == 6 && LVGL_VERSION_MINOR == 0)
    .subpx = LV_FONT_SUBPX_NONE,
#endif
#if LV_VERSION_CHECK(7, 4, 0) || LVGL_VERSION_MAJOR >= 8
    .underline_position = -3,
    .underline_thickness = 2,
#endif
    .dsc = &font_dsc,          /*The custom font data. Will be accessed by `get_glyph_bitmap/dsc` */
#if LV_VERSION_CHECK(8, 2, 0) || LVGL_VERSION_MAJOR >= 9
    .fallback = NULL,
#endif
    .user_data = NULL,
};



#endif /*#if FONT_INTER_BOLD_22*/

