/*******************************************************************************
 * Size: 18 px
 * Bpp: 4
 * Opts: --font fonts/Inter-Bold.ttf -r 0x20-0x7E,0xA0-0xFF,0x2013,0x2014,0x2018,0x2019,0x201C,0x201D,0x2022,0x2026,0x2212,0x00B7 --size 18 --bpp 4 --format lvgl --no-compress --lv-include lvgl/lvgl.h --lv-font-name font_inter_bold_18 -o font_inter_bold_18.c
 ******************************************************************************/

#ifdef LV_LVGL_H_INCLUDE_SIMPLE
#include "lvgl.h"
#else
#include "lvgl/lvgl.h"
#endif

#ifndef FONT_INTER_BOLD_18
#define FONT_INTER_BOLD_18 1
#endif

#if FONT_INTER_BOLD_18

/*-----------------
 *    BITMAPS
 *----------------*/

/*Store the image of the glyphs*/
static LV_ATTRIBUTE_LARGE_CONST const uint8_t glyph_bitmap[] = {
    /* U+0020 " " */

    /* U+0021 "!" */
    0x5f, 0xf7, 0x5f, 0xf6, 0x5f, 0xf6, 0x4f, 0xf6,
    0x4f, 0xf5, 0x4f, 0xf5, 0x3f, 0xf5, 0x3f, 0xf4,
    0x3f, 0xf4, 0x0, 0x0, 0x2e, 0xe3, 0x7f, 0xf9,
    0x2e, 0xe3,

    /* U+0022 "\"" */
    0x3f, 0xf4, 0x5f, 0xf1, 0x2f, 0xf3, 0x5f, 0xf1,
    0x1f, 0xf3, 0x4f, 0xf0, 0xf, 0xf2, 0x3f, 0xf0,
    0xf, 0xf1, 0x2f, 0xe0, 0x7, 0x70, 0x17, 0x60,

    /* U+0023 "#" */
    0x0, 0x7, 0xf8, 0x0, 0xdf, 0x20, 0x0, 0xa,
    0xf5, 0x0, 0xff, 0x0, 0x0, 0xc, 0xf3, 0x3,
    0xfc, 0x0, 0xc, 0xff, 0xff, 0xff, 0xff, 0xf6,
    0xf, 0xff, 0xff, 0xff, 0xff, 0xf3, 0x0, 0x4f,
    0xb0, 0xb, 0xf4, 0x0, 0x0, 0x7f, 0x80, 0xd,
    0xf2, 0x0, 0x0, 0xaf, 0x60, 0xf, 0xf0, 0x0,
    0x8f, 0xff, 0xff, 0xff, 0xff, 0xa0, 0xbf, 0xff,
    0xff, 0xff, 0xff, 0x70, 0x1, 0xfe, 0x0, 0x8f,
    0x70, 0x0, 0x4, 0xfb, 0x0, 0xbf, 0x50, 0x0,
    0x7, 0xf8, 0x0, 0xdf, 0x20, 0x0,

    /* U+0024 "$" */
    0x0, 0x0, 0x8, 0x80, 0x0, 0x0, 0x0, 0x0,
    0x8, 0x80, 0x0, 0x0, 0x0, 0x18, 0xdf, 0xfd,
    0x81, 0x0, 0x1, 0xef, 0xff, 0xff, 0xfd, 0x10,
    0xa, 0xff, 0xab, 0xaa, 0xff, 0x90, 0xe, 0xfe,
    0x8, 0x80, 0xbd, 0xa0, 0xc, 0xff, 0x48, 0x80,
    0x0, 0x0, 0x5, 0xff, 0xff, 0xc5, 0x0, 0x0,
    0x0, 0x4d, 0xff, 0xff, 0xf7, 0x0, 0x0, 0x0,
    0x2b, 0xdf, 0xff, 0x80, 0x2, 0x20, 0x8, 0x81,
    0xdf, 0xf0, 0x2f, 0xf8, 0x8, 0x80, 0xbf, 0xf0,
    0xe, 0xff, 0x9b, 0xaa, 0xff, 0xd0, 0x4, 0xff,
    0xff, 0xff, 0xff, 0x30, 0x0, 0x29, 0xdf, 0xfd,
    0x92, 0x0, 0x0, 0x0, 0x8, 0x80, 0x0, 0x0,
    0x0, 0x0, 0x4, 0x40, 0x0, 0x0,

    /* U+0025 "%" */
    0x4, 0xdf, 0xd4, 0x0, 0x0, 0xa, 0xf2, 0x0,
    0x1f, 0xfa, 0xff, 0x10, 0x0, 0x5f, 0x70, 0x0,
    0x5f, 0x80, 0x8f, 0x50, 0x1, 0xec, 0x0, 0x0,
    0x5f, 0x80, 0x8f, 0x50, 0xb, 0xf2, 0x0, 0x0,
    0x1f, 0xfa, 0xff, 0x10, 0x6f, 0x60, 0x0, 0x0,
    0x4, 0xdf, 0xd4, 0x2, 0xfb, 0x0, 0x0, 0x0,
    0x0, 0x0, 0x0, 0xc, 0xe1, 0x5, 0x98, 0x20,
    0x0, 0x0, 0x0, 0x8f, 0x40, 0x7f, 0xff, 0xf2,
    0x0, 0x0, 0x3, 0xf9, 0x0, 0xfe, 0x16, 0xf8,
    0x0, 0x0, 0xd, 0xd0, 0x0, 0xfc, 0x3, 0xfa,
    0x0, 0x0, 0x9f, 0x30, 0x0, 0xfd, 0x4, 0xf9,
    0x0, 0x4, 0xf8, 0x0, 0x0, 0xbf, 0xbd, 0xf4,
    0x0, 0x1e, 0xd0, 0x0, 0x0, 0x1b, 0xfe, 0x70,

    /* U+0026 "&" */
    0x0, 0x8, 0xef, 0xd6, 0x0, 0x0, 0x0, 0x9,
    0xff, 0xff, 0xf5, 0x0, 0x0, 0x0, 0xff, 0x82,
    0xaf, 0xb0, 0x0, 0x0, 0x2f, 0xf3, 0x7, 0xfb,
    0x0, 0x0, 0x0, 0xef, 0x95, 0xff, 0x50, 0x0,
    0x0, 0x6, 0xff, 0xff, 0x70, 0x0, 0x0, 0x0,
    0x5f, 0xff, 0x70, 0x8, 0x92, 0x0, 0x7f, 0xfe,
    0xff, 0x21, 0xff, 0x20, 0x1f, 0xf9, 0xc, 0xfe,
    0x8f, 0xf0, 0x4, 0xff, 0x50, 0x1d, 0xff, 0xfa,
    0x0, 0x1f, 0xfd, 0x32, 0x9f, 0xff, 0x20, 0x0,
    0x8f, 0xff, 0xff, 0xff, 0xfa, 0x0, 0x0, 0x6c,
    0xff, 0xd7, 0x4f, 0xf9, 0x0,

    /* U+0027 "'" */
    0x3f, 0xf4, 0x2f, 0xf3, 0x1f, 0xf3, 0xf, 0xf2,
    0xf, 0xf1, 0x7, 0x70,

    /* U+0028 "(" */
    0x0, 0x27, 0x70, 0x0, 0xcf, 0xc0, 0x3, 0xff,
    0x60, 0x8, 0xff, 0x10, 0xd, 0xfd, 0x0, 0x1f,
    0xf9, 0x0, 0x4f, 0xf6, 0x0, 0x6f, 0xf4, 0x0,
    0x7f, 0xf3, 0x0, 0x8f, 0xf3, 0x0, 0x7f, 0xf4,
    0x0, 0x4f, 0xf6, 0x0, 0x1f, 0xf9, 0x0, 0xd,
    0xfe, 0x0, 0x7, 0xff, 0x30, 0x1, 0xff, 0x90,
    0x0, 0x8f, 0xf0,

    /* U+0029 ")" */
    0x27, 0x71, 0x0, 0x1f, 0xf8, 0x0, 0xa, 0xff,
    0x0, 0x5, 0xff, 0x50, 0x0, 0xff, 0xa0, 0x0,
    0xcf, 0xd0, 0x0, 0xaf, 0xf1, 0x0, 0x7f, 0xf3,
    0x0, 0x6f, 0xf4, 0x0, 0x6f, 0xf4, 0x0, 0x7f,
    0xf3, 0x0, 0x9f, 0xf1, 0x0, 0xdf, 0xe0, 0x1,
    0xff, 0x90, 0x6, 0xff, 0x40, 0xc, 0xfd, 0x0,
    0x3f, 0xf4, 0x0,

    /* U+002A "*" */
    0x0, 0xc, 0xd0, 0x0, 0xa, 0x1b, 0xc1, 0xa1,
    0x5f, 0xfd, 0xee, 0xf6, 0x2, 0xcf, 0xfd, 0x20,
    0x2b, 0xff, 0xff, 0xb3, 0x3f, 0x7b, 0xc6, 0xf4,
    0x1, 0xc, 0xd0, 0x10, 0x0, 0x5, 0x50, 0x0,

    /* U+002B "+" */
    0x0, 0x0, 0xff, 0x30, 0x0, 0x0, 0x0, 0xff,
    0x30, 0x0, 0x0, 0x0, 0xff, 0x30, 0x0, 0x2,
    0x22, 0xff, 0x52, 0x21, 0x6f, 0xff, 0xff, 0xff,
    0xfa, 0x6f, 0xff, 0xff, 0xff, 0xfa, 0x0, 0x0,
    0xff, 0x30, 0x0, 0x0, 0x0, 0xff, 0x30, 0x0,
    0x0, 0x0, 0xff, 0x30, 0x0,

    /* U+002C "," */
    0x17, 0x72, 0x5f, 0xf2, 0x7f, 0xe0, 0x9f, 0x90,
    0xbf, 0x40, 0xef, 0x0,

    /* U+002D "-" */
    0x11, 0x11, 0x11, 0xc, 0xff, 0xff, 0xf3, 0xcf,
    0xff, 0xff, 0x30,

    /* U+002E "." */
    0x0, 0x0, 0x2e, 0xe2, 0x7f, 0xf8, 0x2e, 0xe2,

    /* U+002F "/" */
    0x0, 0x0, 0xaf, 0x90, 0x0, 0xe, 0xf5, 0x0,
    0x3, 0xff, 0x10, 0x0, 0x7f, 0xd0, 0x0, 0xb,
    0xf9, 0x0, 0x0, 0xff, 0x40, 0x0, 0x3f, 0xf0,
    0x0, 0x8, 0xfc, 0x0, 0x0, 0xcf, 0x80, 0x0,
    0xf, 0xf3, 0x0, 0x4, 0xff, 0x0, 0x0, 0x9f,
    0xb0, 0x0, 0xd, 0xf7, 0x0, 0x1, 0xff, 0x30,
    0x0, 0x5f, 0xe0, 0x0, 0x9, 0xfa, 0x0, 0x0,

    /* U+0030 "0" */
    0x0, 0x5, 0xcf, 0xfd, 0x60, 0x0, 0x0, 0x9f,
    0xff, 0xff, 0xfb, 0x0, 0x4, 0xff, 0xd5, 0x4c,
    0xff, 0x60, 0xb, 0xff, 0x20, 0x1, 0xff, 0xd0,
    0xf, 0xfc, 0x0, 0x0, 0xaf, 0xf2, 0x1f, 0xf9,
    0x0, 0x0, 0x7f, 0xf4, 0x2f, 0xf9, 0x0, 0x0,
    0x6f, 0xf4, 0x2f, 0xf9, 0x0, 0x0, 0x7f, 0xf4,
    0xf, 0xfc, 0x0, 0x0, 0xaf, 0xf2, 0xb, 0xff,
    0x20, 0x1, 0xff, 0xd0, 0x4, 0xff, 0xd5, 0x4c,
    0xff, 0x70, 0x0, 0x9f, 0xff, 0xff, 0xfb, 0x0,
    0x0, 0x5, 0xcf, 0xfd, 0x70, 0x0,

    /* U+0031 "1" */
    0x0, 0x3d, 0xff, 0x90, 0x7f, 0xff, 0xf9, 0x3f,
    0xfa, 0xff, 0x93, 0xe4, 0x1f, 0xf9, 0x11, 0x1,
    0xff, 0x90, 0x0, 0x1f, 0xf9, 0x0, 0x1, 0xff,
    0x90, 0x0, 0x1f, 0xf9, 0x0, 0x1, 0xff, 0x90,
    0x0, 0x1f, 0xf9, 0x0, 0x1, 0xff, 0x90, 0x0,
    0x1f, 0xf9, 0x0, 0x1, 0xff, 0x90,

    /* U+0032 "2" */
    0x0, 0x29, 0xef, 0xeb, 0x30, 0x0, 0x2e, 0xff,
    0xff, 0xff, 0x50, 0xb, 0xff, 0x62, 0x5f, 0xfe,
    0x0, 0xff, 0xa0, 0x0, 0x8f, 0xf2, 0x2, 0x21,
    0x0, 0x8, 0xff, 0x10, 0x0, 0x0, 0x1, 0xef,
    0xb0, 0x0, 0x0, 0x1, 0xdf, 0xe2, 0x0, 0x0,
    0x2, 0xdf, 0xf3, 0x0, 0x0, 0x3, 0xef, 0xe3,
    0x0, 0x0, 0x4, 0xff, 0xe2, 0x0, 0x0, 0x5,
    0xff, 0xf6, 0x44, 0x44, 0x10, 0xef, 0xff, 0xff,
    0xff, 0xf5, 0xe, 0xff, 0xff, 0xff, 0xff, 0x50,

    /* U+0033 "3" */
    0x0, 0x19, 0xdf, 0xfc, 0x60, 0x0, 0x2e, 0xff,
    0xff, 0xff, 0x90, 0xa, 0xff, 0x73, 0x4c, 0xff,
    0x20, 0x78, 0x60, 0x0, 0x5f, 0xf4, 0x0, 0x0,
    0x0, 0x2c, 0xfe, 0x10, 0x0, 0xa, 0xff, 0xfa,
    0x20, 0x0, 0x0, 0xaf, 0xff, 0xe7, 0x0, 0x0,
    0x0, 0x2, 0xbf, 0xf6, 0x0, 0x0, 0x0, 0x1,
    0xff, 0xb1, 0xee, 0xa0, 0x0, 0x2f, 0xfc, 0xd,
    0xff, 0x94, 0x5d, 0xff, 0x70, 0x3f, 0xff, 0xff,
    0xff, 0xc0, 0x0, 0x19, 0xef, 0xfc, 0x60, 0x0,

    /* U+0034 "4" */
    0x0, 0x0, 0x0, 0xef, 0xfb, 0x0, 0x0, 0x0,
    0x9, 0xff, 0xfb, 0x0, 0x0, 0x0, 0x3f, 0xff,
    0xfb, 0x0, 0x0, 0x0, 0xcf, 0xcc, 0xfb, 0x0,
    0x0, 0x6, 0xff, 0x3c, 0xfb, 0x0, 0x0, 0x1f,
    0xf9, 0xc, 0xfb, 0x0, 0x0, 0xaf, 0xe1, 0xc,
    0xfb, 0x0, 0x4, 0xff, 0x50, 0xc, 0xfb, 0x0,
    0xd, 0xfd, 0x33, 0x3d, 0xfc, 0x31, 0x1f, 0xff,
    0xff, 0xff, 0xff, 0xf5, 0x1f, 0xff, 0xff, 0xff,
    0xff, 0xf5, 0x0, 0x0, 0x0, 0xd, 0xfb, 0x0,
    0x0, 0x0, 0x0, 0xd, 0xfb, 0x0,

    /* U+0035 "5" */
    0x5, 0xff, 0xff, 0xff, 0xfa, 0x0, 0x6f, 0xff,
    0xff, 0xff, 0xa0, 0x8, 0xfe, 0x33, 0x33, 0x32,
    0x0, 0x9f, 0xc0, 0x0, 0x0, 0x0, 0xb, 0xfb,
    0x8e, 0xfc, 0x50, 0x0, 0xdf, 0xff, 0xff, 0xff,
    0x60, 0x7, 0xbc, 0x30, 0x4e, 0xff, 0x0, 0x0,
    0x0, 0x0, 0x6f, 0xf4, 0x0, 0x0, 0x0, 0x4,
    0xff, 0x51, 0xee, 0x70, 0x0, 0x7f, 0xf3, 0xd,
    0xff, 0x62, 0x5f, 0xfd, 0x0, 0x3f, 0xff, 0xff,
    0xff, 0x30, 0x0, 0x2a, 0xef, 0xea, 0x20, 0x0,

    /* U+0036 "6" */
    0x0, 0x4, 0xbf, 0xfd, 0x70, 0x0, 0x7, 0xff,
    0xff, 0xff, 0xc0, 0x3, 0xff, 0xd6, 0x5b, 0xff,
    0x70, 0xaf, 0xe1, 0x0, 0x6, 0x64, 0xf, 0xfa,
    0x3b, 0xfe, 0x91, 0x1, 0xff, 0xbf, 0xff, 0xff,
    0xd1, 0x2f, 0xff, 0xa1, 0x19, 0xff, 0x82, 0xff,
    0xe0, 0x0, 0xe, 0xfc, 0xf, 0xfc, 0x0, 0x0,
    0xcf, 0xd0, 0xcf, 0xe0, 0x0, 0xe, 0xfb, 0x6,
    0xff, 0xb3, 0x3b, 0xff, 0x60, 0xa, 0xff, 0xff,
    0xff, 0xa0, 0x0, 0x6, 0xcf, 0xfc, 0x60, 0x0,

    /* U+0037 "7" */
    0x5f, 0xff, 0xff, 0xff, 0xfd, 0x5f, 0xff, 0xff,
    0xff, 0xfd, 0x14, 0x44, 0x44, 0x6f, 0xfa, 0x0,
    0x0, 0x0, 0xaf, 0xf3, 0x0, 0x0, 0x2, 0xff,
    0xa0, 0x0, 0x0, 0xa, 0xff, 0x20, 0x0, 0x0,
    0x2f, 0xfa, 0x0, 0x0, 0x0, 0xaf, 0xf2, 0x0,
    0x0, 0x2, 0xff, 0xa0, 0x0, 0x0, 0xa, 0xff,
    0x20, 0x0, 0x0, 0x2f, 0xf9, 0x0, 0x0, 0x0,
    0xaf, 0xf2, 0x0, 0x0, 0x3, 0xff, 0x90, 0x0,
    0x0,

    /* U+0038 "8" */
    0x0, 0x19, 0xdf, 0xfc, 0x70, 0x0, 0x1e, 0xff,
    0xff, 0xff, 0xb0, 0x9, 0xff, 0x71, 0x2b, 0xff,
    0x40, 0xaf, 0xf0, 0x0, 0x4f, 0xf6, 0x5, 0xff,
    0x60, 0x1a, 0xff, 0x10, 0x6, 0xdf, 0xff, 0xfb,
    0x30, 0x0, 0xaf, 0xff, 0xff, 0xe7, 0x0, 0xaf,
    0xf6, 0x1, 0xaf, 0xf5, 0x1f, 0xfb, 0x0, 0x0,
    0xff, 0xc2, 0xff, 0xb0, 0x0, 0xf, 0xfd, 0xe,
    0xff, 0x60, 0x19, 0xff, 0x90, 0x4f, 0xff, 0xff,
    0xff, 0xd1, 0x0, 0x29, 0xdf, 0xfc, 0x70, 0x0,

    /* U+0039 "9" */
    0x0, 0x19, 0xef, 0xeb, 0x30, 0x0, 0x2e, 0xff,
    0xff, 0xff, 0x60, 0xc, 0xff, 0x72, 0x4d, 0xff,
    0x11, 0xff, 0x90, 0x0, 0x2f, 0xf8, 0x2f, 0xf8,
    0x0, 0x1, 0xff, 0xb0, 0xef, 0xf4, 0x1, 0xbf,
    0xfd, 0x6, 0xff, 0xff, 0xfd, 0xdf, 0xd0, 0x4,
    0xcf, 0xea, 0x1d, 0xfc, 0x0, 0x0, 0x0, 0x1,
    0xff, 0xa0, 0xef, 0xc0, 0x0, 0x7f, 0xf5, 0x9,
    0xff, 0xa5, 0x8f, 0xfd, 0x0, 0x1d, 0xff, 0xff,
    0xff, 0x30, 0x0, 0x8, 0xef, 0xea, 0x20, 0x0,

    /* U+003A ":" */
    0x2e, 0xe2, 0x7f, 0xf8, 0x2e, 0xe2, 0x0, 0x0,
    0x0, 0x0, 0x0, 0x0, 0x0, 0x0, 0x2e, 0xe2,
    0x7f, 0xf8, 0x2e, 0xe2,

    /* U+003B ";" */
    0x1d, 0xf4, 0x5f, 0xfa, 0x1d, 0xf4, 0x0, 0x0,
    0x0, 0x0, 0x0, 0x0, 0x0, 0x0, 0x17, 0x72,
    0x5f, 0xf2, 0x7f, 0xe0, 0x9f, 0x90, 0xbf, 0x40,
    0xef, 0x0,

    /* U+003C "<" */
    0x0, 0x0, 0x0, 0x0, 0x1, 0x0, 0x0, 0x0,
    0x17, 0xe6, 0x0, 0x0, 0x29, 0xff, 0xf6, 0x0,
    0x4b, 0xff, 0xff, 0x91, 0x4c, 0xff, 0xfc, 0x60,
    0x0, 0x8f, 0xfc, 0x30, 0x0, 0x0, 0x8f, 0xff,
    0xb4, 0x0, 0x0, 0x4, 0xcf, 0xff, 0xe7, 0x10,
    0x0, 0x3, 0xaf, 0xff, 0xf5, 0x0, 0x0, 0x1,
    0x8e, 0xf6, 0x0, 0x0, 0x0, 0x0, 0x65,

    /* U+003D "=" */
    0x3, 0x33, 0x33, 0x33, 0x31, 0x4f, 0xff, 0xff,
    0xff, 0xf8, 0x4f, 0xff, 0xff, 0xff, 0xf8, 0x0,
    0x0, 0x0, 0x0, 0x0, 0x3, 0x33, 0x33, 0x33,
    0x31, 0x4f, 0xff, 0xff, 0xff, 0xf8, 0x4f, 0xff,
    0xff, 0xff, 0xf8,

    /* U+003E ">" */
    0x11, 0x0, 0x0, 0x0, 0x0, 0x3f, 0x92, 0x0,
    0x0, 0x0, 0x3f, 0xff, 0xb3, 0x0, 0x0, 0x7,
    0xef, 0xff, 0xc5, 0x0, 0x0, 0x4, 0xbf, 0xff,
    0xe6, 0x0, 0x0, 0x2, 0x9f, 0xfc, 0x0, 0x0,
    0x39, 0xff, 0xfb, 0x0, 0x6c, 0xff, 0xfd, 0x60,
    0x2f, 0xff, 0xfb, 0x40, 0x0, 0x3f, 0xfa, 0x20,
    0x0, 0x0, 0x28, 0x10, 0x0, 0x0, 0x0,

    /* U+003F "?" */
    0x0, 0x6c, 0xff, 0xc6, 0x0, 0x9, 0xff, 0xff,
    0xff, 0x90, 0x2f, 0xfc, 0x34, 0xef, 0xf1, 0x3a,
    0xa3, 0x0, 0x8f, 0xf3, 0x0, 0x0, 0x0, 0xdf,
    0xf0, 0x0, 0x0, 0x3d, 0xff, 0x60, 0x0, 0x2,
    0xff, 0xd4, 0x0, 0x0, 0x7, 0xff, 0x10, 0x0,
    0x0, 0x7, 0xdb, 0x0, 0x0, 0x0, 0x0, 0x0,
    0x0, 0x0, 0x0, 0x8, 0xfb, 0x0, 0x0, 0x0,
    0xe, 0xff, 0x20, 0x0, 0x0, 0x8, 0xfb, 0x0,
    0x0,

    /* U+0040 "@" */
    0x0, 0x0, 0x4, 0xad, 0xff, 0xec, 0x71, 0x0,
    0x0, 0x0, 0x2, 0xcf, 0xff, 0xff, 0xff, 0xff,
    0x70, 0x0, 0x0, 0x2e, 0xff, 0x83, 0x10, 0x14,
    0xaf, 0xf8, 0x0, 0x0, 0xdf, 0xd2, 0x0, 0x0,
    0x0, 0x5, 0xff, 0x50, 0x6, 0xff, 0x20, 0x3c,
    0xfe, 0x8c, 0xf0, 0x8f, 0xd0, 0xc, 0xf9, 0x3,
    0xff, 0xff, 0xff, 0xf0, 0x1f, 0xf2, 0xf, 0xf4,
    0xb, 0xfa, 0x10, 0x9f, 0xf0, 0xc, 0xf6, 0x1f,
    0xf1, 0xf, 0xf1, 0x0, 0xf, 0xf0, 0xb, 0xf7,
    0x2f, 0xf0, 0xf, 0xe0, 0x0, 0xe, 0xf0, 0xb,
    0xf6, 0x2f, 0xf1, 0xf, 0xf0, 0x0, 0xf, 0xf0,
    0xc, 0xf4, 0xf, 0xf4, 0xb, 0xf7, 0x0, 0x6f,
    0xf1, 0x1f, 0xf1, 0xc, 0xf9, 0x3, 0xff, 0xcc,
    0xfe, 0xfd, 0xef, 0x90, 0x7, 0xff, 0x20, 0x4c,
    0xfe, 0x81, 0xbf, 0xe8, 0x0, 0x0, 0xef, 0xd2,
    0x0, 0x0, 0x0, 0x0, 0x0, 0x0, 0x0, 0x3f,
    0xff, 0x84, 0x10, 0x14, 0x81, 0x0, 0x0, 0x0,
    0x3, 0xdf, 0xff, 0xff, 0xff, 0xf7, 0x0, 0x0,
    0x0, 0x0, 0x5, 0xad, 0xff, 0xec, 0x83, 0x0,
    0x0,

    /* U+0041 "A" */
    0x0, 0x0, 0x4f, 0xff, 0x90, 0x0, 0x0, 0x0,
    0x0, 0x9f, 0xff, 0xe0, 0x0, 0x0, 0x0, 0x0,
    0xef, 0xcf, 0xf4, 0x0, 0x0, 0x0, 0x4, 0xff,
    0x5f, 0xfa, 0x0, 0x0, 0x0, 0xa, 0xff, 0xb,
    0xff, 0x0, 0x0, 0x0, 0xf, 0xfc, 0x7, 0xff,
    0x50, 0x0, 0x0, 0x5f, 0xf7, 0x2, 0xff, 0xb0,
    0x0, 0x0, 0xaf, 0xf4, 0x11, 0xdf, 0xf1, 0x0,
    0x0, 0xff, 0xff, 0xff, 0xff, 0xf6, 0x0, 0x5,
    0xff, 0xff, 0xff, 0xff, 0xfc, 0x0, 0xb, 0xff,
    0x30, 0x0, 0xd, 0xff, 0x20, 0x1f, 0xfd, 0x0,
    0x0, 0x7, 0xff, 0x70, 0x6f, 0xf8, 0x0, 0x0,
    0x2, 0xff, 0xd0,

    /* U+0042 "B" */
    0xdf, 0xff, 0xff, 0xea, 0x30, 0xd, 0xff, 0xff,
    0xff, 0xff, 0x30, 0xdf, 0xe3, 0x34, 0xaf, 0xf9,
    0xd, 0xfe, 0x0, 0x0, 0xff, 0xa0, 0xdf, 0xe0,
    0x0, 0x6f, 0xf5, 0xd, 0xff, 0xdd, 0xef, 0xd5,
    0x0, 0xdf, 0xff, 0xff, 0xff, 0xb1, 0xd, 0xfe,
    0x0, 0x5, 0xff, 0xc0, 0xdf, 0xe0, 0x0, 0xa,
    0xff, 0x2d, 0xfe, 0x0, 0x0, 0xaf, 0xf3, 0xdf,
    0xe3, 0x33, 0x7f, 0xff, 0xd, 0xff, 0xff, 0xff,
    0xff, 0x70, 0xdf, 0xff, 0xff, 0xfc, 0x50, 0x0,

    /* U+0043 "C" */
    0x0, 0x1, 0x8d, 0xff, 0xd7, 0x0, 0x0, 0x4,
    0xef, 0xff, 0xff, 0xfe, 0x20, 0x1, 0xff, 0xfb,
    0x67, 0xcf, 0xfd, 0x0, 0x9f, 0xf7, 0x0, 0x0,
    0xaf, 0xf4, 0xe, 0xfe, 0x0, 0x0, 0x2, 0x88,
    0x41, 0xff, 0xa0, 0x0, 0x0, 0x0, 0x0, 0x2f,
    0xf8, 0x0, 0x0, 0x0, 0x0, 0x1, 0xff, 0xa0,
    0x0, 0x0, 0x0, 0x0, 0xe, 0xfd, 0x0, 0x0,
    0x2, 0x88, 0x40, 0x9f, 0xf7, 0x0, 0x0, 0xaf,
    0xf4, 0x1, 0xff, 0xfb, 0x67, 0xcf, 0xfc, 0x0,
    0x4, 0xff, 0xff, 0xff, 0xfd, 0x10, 0x0, 0x1,
    0x8d, 0xff, 0xd7, 0x0, 0x0,

    /* U+0044 "D" */
    0xdf, 0xff, 0xff, 0xd8, 0x10, 0x0, 0xdf, 0xff,
    0xff, 0xff, 0xe4, 0x0, 0xdf, 0xe5, 0x56, 0xaf,
    0xff, 0x20, 0xdf, 0xe0, 0x0, 0x5, 0xff, 0x90,
    0xdf, 0xe0, 0x0, 0x0, 0xcf, 0xe0, 0xdf, 0xe0,
    0x0, 0x0, 0x9f, 0xf1, 0xdf, 0xe0, 0x0, 0x0,
    0x8f, 0xf2, 0xdf, 0xe0, 0x0, 0x0, 0x9f, 0xf1,
    0xdf, 0xe0, 0x0, 0x0, 0xcf, 0xe0, 0xdf, 0xe0,
    0x0, 0x5, 0xff, 0x90, 0xdf, 0xe5, 0x56, 0xaf,
    0xff, 0x10, 0xdf, 0xff, 0xff, 0xff, 0xe4, 0x0,
    0xdf, 0xff, 0xff, 0xd8, 0x10, 0x0,

    /* U+0045 "E" */
    0xdf, 0xff, 0xff, 0xff, 0xfd, 0xff, 0xff, 0xff,
    0xff, 0xdf, 0xe3, 0x33, 0x33, 0x3d, 0xfe, 0x0,
    0x0, 0x0, 0xdf, 0xe0, 0x0, 0x0, 0xd, 0xff,
    0xff, 0xff, 0xf7, 0xdf, 0xff, 0xff, 0xff, 0x7d,
    0xfe, 0x33, 0x33, 0x31, 0xdf, 0xe0, 0x0, 0x0,
    0xd, 0xfe, 0x0, 0x0, 0x0, 0xdf, 0xe3, 0x33,
    0x33, 0x3d, 0xff, 0xff, 0xff, 0xff, 0xdf, 0xff,
    0xff, 0xff, 0xf0,

    /* U+0046 "F" */
    0xdf, 0xff, 0xff, 0xff, 0xcd, 0xff, 0xff, 0xff,
    0xfc, 0xdf, 0xe3, 0x33, 0x33, 0x3d, 0xfe, 0x0,
    0x0, 0x0, 0xdf, 0xe0, 0x0, 0x0, 0xd, 0xfe,
    0x33, 0x33, 0x30, 0xdf, 0xff, 0xff, 0xff, 0x3d,
    0xff, 0xff, 0xff, 0xf3, 0xdf, 0xe0, 0x0, 0x0,
    0xd, 0xfe, 0x0, 0x0, 0x0, 0xdf, 0xe0, 0x0,
    0x0, 0xd, 0xfe, 0x0, 0x0, 0x0, 0xdf, 0xe0,
    0x0, 0x0, 0x0,

    /* U+0047 "G" */
    0x0, 0x1, 0x8d, 0xff, 0xd7, 0x0, 0x0, 0x3,
    0xef, 0xff, 0xff, 0xfe, 0x20, 0x1, 0xff, 0xfb,
    0x66, 0xbf, 0xfd, 0x0, 0x9f, 0xf7, 0x0, 0x0,
    0x9f, 0xf5, 0xe, 0xfe, 0x0, 0x0, 0x0, 0x33,
    0x11, 0xff, 0xa0, 0x0, 0x0, 0x0, 0x0, 0x2f,
    0xf8, 0x0, 0xd, 0xff, 0xff, 0xa1, 0xff, 0xa0,
    0x0, 0xdf, 0xff, 0xfa, 0xe, 0xfe, 0x0, 0x0,
    0x0, 0xff, 0x90, 0x9f, 0xf7, 0x0, 0x0, 0x7f,
    0xf5, 0x1, 0xff, 0xfb, 0x66, 0xaf, 0xfd, 0x0,
    0x4, 0xef, 0xff, 0xff, 0xfe, 0x20, 0x0, 0x1,
    0x8d, 0xff, 0xd8, 0x10, 0x0,

    /* U+0048 "H" */
    0xdf, 0xe0, 0x0, 0x0, 0x6f, 0xf4, 0xdf, 0xe0,
    0x0, 0x0, 0x6f, 0xf4, 0xdf, 0xe0, 0x0, 0x0,
    0x6f, 0xf4, 0xdf, 0xe0, 0x0, 0x0, 0x6f, 0xf4,
    0xdf, 0xe0, 0x0, 0x0, 0x6f, 0xf4, 0xdf, 0xff,
    0xff, 0xff, 0xff, 0xf4, 0xdf, 0xff, 0xff, 0xff,
    0xff, 0xf4, 0xdf, 0xe3, 0x33, 0x33, 0x8f, 0xf4,
    0xdf, 0xe0, 0x0, 0x0, 0x6f, 0xf4, 0xdf, 0xe0,
    0x0, 0x0, 0x6f, 0xf4, 0xdf, 0xe0, 0x0, 0x0,
    0x6f, 0xf4, 0xdf, 0xe0, 0x0, 0x0, 0x6f, 0xf4,
    0xdf, 0xe0, 0x0, 0x0, 0x6f, 0xf4,

    /* U+0049 "I" */
    0xdf, 0xed, 0xfe, 0xdf, 0xed, 0xfe, 0xdf, 0xed,
    0xfe, 0xdf, 0xed, 0xfe, 0xdf, 0xed, 0xfe, 0xdf,
    0xed, 0xfe, 0xdf, 0xe0,

    /* U+004A "J" */
    0x0, 0x0, 0x0, 0x5f, 0xf5, 0x0, 0x0, 0x0,
    0x5f, 0xf5, 0x0, 0x0, 0x0, 0x5f, 0xf5, 0x0,
    0x0, 0x0, 0x5f, 0xf5, 0x0, 0x0, 0x0, 0x5f,
    0xf5, 0x0, 0x0, 0x0, 0x5f, 0xf5, 0x0, 0x0,
    0x0, 0x5f, 0xf5, 0x0, 0x0, 0x0, 0x5f, 0xf5,
    0x5d, 0xd3, 0x0, 0x5f, 0xf5, 0x5f, 0xf5, 0x0,
    0x6f, 0xf4, 0x2f, 0xfd, 0x44, 0xdf, 0xf1, 0x9,
    0xff, 0xff, 0xff, 0x80, 0x0, 0x7d, 0xff, 0xd6,
    0x0,

    /* U+004B "K" */
    0xdf, 0xe0, 0x0, 0x5, 0xff, 0xd1, 0xdf, 0xe0,
    0x0, 0x3f, 0xfe, 0x20, 0xdf, 0xe0, 0x2, 0xef,
    0xf3, 0x0, 0xdf, 0xe0, 0x1d, 0xff, 0x50, 0x0,
    0xdf, 0xd0, 0xbf, 0xf6, 0x0, 0x0, 0xdf, 0xd7,
    0xff, 0xa0, 0x0, 0x0, 0xdf, 0xef, 0xff, 0xf2,
    0x0, 0x0, 0xdf, 0xff, 0xbf, 0xfb, 0x0, 0x0,
    0xdf, 0xf9, 0xa, 0xff, 0x60, 0x0, 0xdf, 0xe0,
    0x1, 0xef, 0xf2, 0x0, 0xdf, 0xe0, 0x0, 0x5f,
    0xfc, 0x0, 0xdf, 0xe0, 0x0, 0xa, 0xff, 0x70,
    0xdf, 0xe0, 0x0, 0x1, 0xef, 0xf2,

    /* U+004C "L" */
    0xdf, 0xe0, 0x0, 0x0, 0xd, 0xfe, 0x0, 0x0,
    0x0, 0xdf, 0xe0, 0x0, 0x0, 0xd, 0xfe, 0x0,
    0x0, 0x0, 0xdf, 0xe0, 0x0, 0x0, 0xd, 0xfe,
    0x0, 0x0, 0x0, 0xdf, 0xe0, 0x0, 0x0, 0xd,
    0xfe, 0x0, 0x0, 0x0, 0xdf, 0xe0, 0x0, 0x0,
    0xd, 0xfe, 0x0, 0x0, 0x0, 0xdf, 0xe3, 0x33,
    0x33, 0x1d, 0xff, 0xff, 0xff, 0xf8, 0xdf, 0xff,
    0xff, 0xff, 0x80,

    /* U+004D "M" */
    0xdf, 0xff, 0x70, 0x0, 0x0, 0xbf, 0xff, 0x9d,
    0xff, 0xfd, 0x0, 0x0, 0x1f, 0xff, 0xf9, 0xdf,
    0xef, 0xf3, 0x0, 0x6, 0xfe, 0xff, 0x9d, 0xfc,
    0xef, 0x80, 0x0, 0xcf, 0xbf, 0xf9, 0xdf, 0xca,
    0xfe, 0x0, 0x1f, 0xf7, 0xff, 0x9d, 0xfd, 0x5f,
    0xf4, 0x7, 0xff, 0x2f, 0xf9, 0xdf, 0xd1, 0xff,
    0x90, 0xcf, 0xc1, 0xff, 0x9d, 0xfd, 0xb, 0xfd,
    0xf, 0xf7, 0x1f, 0xf9, 0xdf, 0xd0, 0x5f, 0xf6,
    0xff, 0x11, 0xff, 0x9d, 0xfd, 0x0, 0xff, 0xdf,
    0xb0, 0x1f, 0xf9, 0xdf, 0xd0, 0xa, 0xff, 0xf6,
    0x1, 0xff, 0x9d, 0xfd, 0x0, 0x4f, 0xff, 0x10,
    0x1f, 0xf9, 0xdf, 0xd0, 0x0, 0xef, 0xb0, 0x1,
    0xff, 0x90,

    /* U+004E "N" */
    0xdf, 0xf7, 0x0, 0x0, 0x3f, 0xf8, 0xdf, 0xff,
    0x20, 0x0, 0x3f, 0xf8, 0xdf, 0xff, 0xb0, 0x0,
    0x3f, 0xf8, 0xdf, 0xef, 0xf5, 0x0, 0x3f, 0xf8,
    0xdf, 0xd9, 0xfe, 0x10, 0x3f, 0xf8, 0xdf, 0xe1,
    0xff, 0x90, 0x3f, 0xf8, 0xdf, 0xe0, 0x7f, 0xf3,
    0x3f, 0xf8, 0xdf, 0xe0, 0xd, 0xfc, 0x2f, 0xf8,
    0xdf, 0xe0, 0x4, 0xff, 0x7f, 0xf8, 0xdf, 0xe0,
    0x0, 0xaf, 0xdf, 0xf8, 0xdf, 0xe0, 0x0, 0x1e,
    0xff, 0xf8, 0xdf, 0xe0, 0x0, 0x6, 0xff, 0xf8,
    0xdf, 0xe0, 0x0, 0x0, 0xcf, 0xf8,

    /* U+004F "O" */
    0x0, 0x1, 0x8d, 0xff, 0xd7, 0x0, 0x0, 0x0,
    0x3e, 0xff, 0xff, 0xff, 0xe2, 0x0, 0x1, 0xff,
    0xfb, 0x67, 0xcf, 0xfe, 0x0, 0x9, 0xff, 0x70,
    0x0, 0x9, 0xff, 0x70, 0xe, 0xfe, 0x0, 0x0,
    0x0, 0xff, 0xc0, 0x1f, 0xfa, 0x0, 0x0, 0x0,
    0xcf, 0xf0, 0x2f, 0xf8, 0x0, 0x0, 0x0, 0xbf,
    0xf0, 0x1f, 0xfa, 0x0, 0x0, 0x0, 0xcf, 0xf0,
    0xe, 0xfd, 0x0, 0x0, 0x0, 0xff, 0xc0, 0x9,
    0xff, 0x70, 0x0, 0x9, 0xff, 0x70, 0x1, 0xff,
    0xfb, 0x67, 0xcf, 0xfe, 0x0, 0x0, 0x3e, 0xff,
    0xff, 0xff, 0xe2, 0x0, 0x0, 0x1, 0x8d, 0xff,
    0xd7, 0x0, 0x0,

    /* U+0050 "P" */
    0xdf, 0xff, 0xff, 0xe8, 0x10, 0xdf, 0xff, 0xff,
    0xff, 0xd1, 0xdf, 0xe3, 0x34, 0xcf, 0xf9, 0xdf,
    0xe0, 0x0, 0xf, 0xfe, 0xdf, 0xe0, 0x0, 0xd,
    0xff, 0xdf, 0xe0, 0x0, 0xf, 0xfe, 0xdf, 0xe2,
    0x24, 0xbf, 0xf9, 0xdf, 0xff, 0xff, 0xff, 0xd1,
    0xdf, 0xff, 0xff, 0xd8, 0x10, 0xdf, 0xe0, 0x0,
    0x0, 0x0, 0xdf, 0xe0, 0x0, 0x0, 0x0, 0xdf,
    0xe0, 0x0, 0x0, 0x0, 0xdf, 0xe0, 0x0, 0x0,
    0x0,

    /* U+0051 "Q" */
    0x0, 0x1, 0x8d, 0xff, 0xd7, 0x0, 0x0, 0x0,
    0x3e, 0xff, 0xff, 0xff, 0xe2, 0x0, 0x1, 0xff,
    0xfb, 0x67, 0xcf, 0xfe, 0x0, 0x9, 0xff, 0x70,
    0x0, 0x9, 0xff, 0x70, 0xe, 0xfe, 0x0, 0x0,
    0x0, 0xff, 0xc0, 0x1f, 0xfa, 0x0, 0x0, 0x0,
    0xcf, 0xf0, 0x2f, 0xf8, 0x0, 0x0, 0x0, 0xbf,
    0xf0, 0x1f, 0xfa, 0x0, 0x0, 0x0, 0xcf, 0xf0,
    0xe, 0xfd, 0x0, 0x69, 0x50, 0xff, 0xc0, 0x9,
    0xff, 0x70, 0x2f, 0xfb, 0xff, 0x70, 0x1, 0xff,
    0xfb, 0x6b, 0xff, 0xfe, 0x0, 0x0, 0x3e, 0xff,
    0xff, 0xff, 0xf3, 0x0, 0x0, 0x1, 0x8d, 0xff,
    0xdd, 0xfb, 0x0, 0x0, 0x0, 0x0, 0x0, 0x1,
    0xef, 0x70,

    /* U+0052 "R" */
    0xdf, 0xff, 0xff, 0xe9, 0x10, 0xd, 0xff, 0xff,
    0xff, 0xfe, 0x20, 0xdf, 0xe3, 0x34, 0xaf, 0xfa,
    0xd, 0xfe, 0x0, 0x0, 0xef, 0xe0, 0xdf, 0xe0,
    0x0, 0xd, 0xff, 0xd, 0xfe, 0x0, 0x7, 0xff,
    0xc0, 0xdf, 0xff, 0xff, 0xff, 0xf4, 0xd, 0xff,
    0xff, 0xff, 0xe4, 0x0, 0xdf, 0xe2, 0x3d, 0xff,
    0x10, 0xd, 0xfe, 0x0, 0x5f, 0xf9, 0x0, 0xdf,
    0xe0, 0x0, 0xdf, 0xf2, 0xd, 0xfe, 0x0, 0x5,
    0xff, 0xa0, 0xdf, 0xe0, 0x0, 0xc, 0xff, 0x20,

    /* U+0053 "S" */
    0x0, 0x18, 0xdf, 0xfd, 0x81, 0x0, 0x1, 0xef,
    0xff, 0xff, 0xfd, 0x10, 0xa, 0xff, 0xa5, 0x4a,
    0xff, 0x90, 0xe, 0xfe, 0x0, 0x0, 0xbd, 0xa0,
    0xc, 0xff, 0x40, 0x0, 0x0, 0x0, 0x5, 0xff,
    0xfd, 0x95, 0x0, 0x0, 0x0, 0x4d, 0xff, 0xff,
    0xf7, 0x0, 0x0, 0x0, 0x26, 0xaf, 0xff, 0x80,
    0x2, 0x20, 0x0, 0x1, 0xdf, 0xf0, 0x2f, 0xf8,
    0x0, 0x0, 0xbf, 0xf0, 0xe, 0xff, 0x94, 0x5a,
    0xff, 0xd0, 0x4, 0xff, 0xff, 0xff, 0xff, 0x30,
    0x0, 0x29, 0xdf, 0xfd, 0x92, 0x0,

    /* U+0054 "T" */
    0x5f, 0xff, 0xff, 0xff, 0xff, 0xf5, 0x5f, 0xff,
    0xff, 0xff, 0xff, 0xf5, 0x13, 0x33, 0x7f, 0xf8,
    0x33, 0x31, 0x0, 0x0, 0x5f, 0xf5, 0x0, 0x0,
    0x0, 0x0, 0x5f, 0xf5, 0x0, 0x0, 0x0, 0x0,
    0x5f, 0xf5, 0x0, 0x0, 0x0, 0x0, 0x5f, 0xf5,
    0x0, 0x0, 0x0, 0x0, 0x5f, 0xf5, 0x0, 0x0,
    0x0, 0x0, 0x5f, 0xf5, 0x0, 0x0, 0x0, 0x0,
    0x5f, 0xf5, 0x0, 0x0, 0x0, 0x0, 0x5f, 0xf5,
    0x0, 0x0, 0x0, 0x0, 0x5f, 0xf5, 0x0, 0x0,
    0x0, 0x0, 0x5f, 0xf5, 0x0, 0x0,

    /* U+0055 "U" */
    0xdf, 0xe0, 0x0, 0x0, 0xbf, 0xfd, 0xfe, 0x0,
    0x0, 0xb, 0xff, 0xdf, 0xe0, 0x0, 0x0, 0xbf,
    0xfd, 0xfe, 0x0, 0x0, 0xb, 0xff, 0xdf, 0xe0,
    0x0, 0x0, 0xbf, 0xfd, 0xfe, 0x0, 0x0, 0xb,
    0xff, 0xdf, 0xe0, 0x0, 0x0, 0xbf, 0xfd, 0xfe,
    0x0, 0x0, 0xb, 0xff, 0xcf, 0xe0, 0x0, 0x0,
    0xbf, 0xfa, 0xff, 0x50, 0x0, 0x2f, 0xfd, 0x4f,
    0xff, 0x96, 0x8f, 0xff, 0x70, 0x8f, 0xff, 0xff,
    0xff, 0xa0, 0x0, 0x4b, 0xef, 0xeb, 0x50, 0x0,

    /* U+0056 "V" */
    0x6f, 0xf9, 0x0, 0x0, 0x1, 0xff, 0xd0, 0x1f,
    0xfe, 0x0, 0x0, 0x6, 0xff, 0x80, 0xa, 0xff,
    0x30, 0x0, 0xc, 0xff, 0x20, 0x5, 0xff, 0x90,
    0x0, 0x1f, 0xfc, 0x0, 0x0, 0xff, 0xe0, 0x0,
    0x6f, 0xf7, 0x0, 0x0, 0xaf, 0xf3, 0x0, 0xbf,
    0xf1, 0x0, 0x0, 0x4f, 0xf9, 0x0, 0xff, 0xc0,
    0x0, 0x0, 0xe, 0xfe, 0x5, 0xff, 0x60, 0x0,
    0x0, 0x9, 0xff, 0x29, 0xff, 0x10, 0x0, 0x0,
    0x3, 0xff, 0x6d, 0xfb, 0x0, 0x0, 0x0, 0x0,
    0xdf, 0xdf, 0xf6, 0x0, 0x0, 0x0, 0x0, 0x8f,
    0xff, 0xf1, 0x0, 0x0, 0x0, 0x0, 0x2f, 0xff,
    0xb0, 0x0, 0x0,

    /* U+0057 "W" */
    0x6f, 0xf7, 0x0, 0x2, 0xff, 0xd0, 0x0, 0xc,
    0xff, 0x12, 0xff, 0xb0, 0x0, 0x6f, 0xff, 0x10,
    0x0, 0xff, 0xd0, 0xe, 0xff, 0x0, 0xa, 0xff,
    0xf5, 0x0, 0x4f, 0xf9, 0x0, 0x9f, 0xf3, 0x0,
    0xef, 0xef, 0x90, 0x8, 0xff, 0x40, 0x5, 0xff,
    0x60, 0x3f, 0xf9, 0xfd, 0x0, 0xcf, 0xf0, 0x0,
    0x1f, 0xfa, 0x7, 0xfe, 0x4f, 0xf1, 0xf, 0xfc,
    0x0, 0x0, 0xcf, 0xe0, 0xaf, 0xb0, 0xff, 0x53,
    0xff, 0x70, 0x0, 0x8, 0xff, 0x1e, 0xf7, 0xc,
    0xf9, 0x6f, 0xf3, 0x0, 0x0, 0x4f, 0xf6, 0xff,
    0x30, 0x8f, 0xc9, 0xfe, 0x0, 0x0, 0x0, 0xff,
    0xbf, 0xe0, 0x4, 0xff, 0xcf, 0xa0, 0x0, 0x0,
    0xb, 0xff, 0xfa, 0x0, 0xf, 0xff, 0xf6, 0x0,
    0x0, 0x0, 0x7f, 0xff, 0x60, 0x0, 0xbf, 0xff,
    0x20, 0x0, 0x0, 0x2, 0xff, 0xf2, 0x0, 0x7,
    0xff, 0xd0, 0x0, 0x0,

    /* U+0058 "X" */
    0xc, 0xff, 0x50, 0x0, 0xe, 0xff, 0x20, 0x2f,
    0xfe, 0x10, 0x9, 0xff, 0x70, 0x0, 0x7f, 0xf9,
    0x4, 0xff, 0xc0, 0x0, 0x0, 0xcf, 0xf3, 0xdf,
    0xf2, 0x0, 0x0, 0x2, 0xff, 0xef, 0xf6, 0x0,
    0x0, 0x0, 0x6, 0xff, 0xfb, 0x0, 0x0, 0x0,
    0x0, 0x1f, 0xff, 0x60, 0x0, 0x0, 0x0, 0xa,
    0xff, 0xff, 0x20, 0x0, 0x0, 0x5, 0xff, 0xbf,
    0xfb, 0x0, 0x0, 0x2, 0xff, 0xe0, 0xaf, 0xf7,
    0x0, 0x0, 0xcf, 0xf4, 0x1, 0xef, 0xf2, 0x0,
    0x7f, 0xf9, 0x0, 0x5, 0xff, 0xc0, 0x3f, 0xfd,
    0x0, 0x0, 0xa, 0xff, 0x80,

    /* U+0059 "Y" */
    0x4f, 0xfd, 0x0, 0x0, 0xa, 0xff, 0x70, 0xaf,
    0xf6, 0x0, 0x3, 0xff, 0xd0, 0x1, 0xff, 0xe0,
    0x0, 0xbf, 0xf4, 0x0, 0x7, 0xff, 0x70, 0x4f,
    0xfa, 0x0, 0x0, 0xd, 0xff, 0x1c, 0xff, 0x10,
    0x0, 0x0, 0x4f, 0xfb, 0xff, 0x70, 0x0, 0x0,
    0x0, 0xaf, 0xff, 0xd0, 0x0, 0x0, 0x0, 0x1,
    0xff, 0xf5, 0x0, 0x0, 0x0, 0x0, 0xb, 0xff,
    0x0, 0x0, 0x0, 0x0, 0x0, 0xbf, 0xf0, 0x0,
    0x0, 0x0, 0x0, 0xb, 0xff, 0x0, 0x0, 0x0,
    0x0, 0x0, 0xbf, 0xf0, 0x0, 0x0, 0x0, 0x0,
    0xb, 0xff, 0x0, 0x0, 0x0,

    /* U+005A "Z" */
    0xf, 0xff, 0xff, 0xff, 0xff, 0xf0, 0xff, 0xff,
    0xff, 0xff, 0xfe, 0x3, 0x33, 0x33, 0x3a, 0xff,
    0x50, 0x0, 0x0, 0x5, 0xff, 0x90, 0x0, 0x0,
    0x2, 0xff, 0xd0, 0x0, 0x0, 0x0, 0xcf, 0xf3,
    0x0, 0x0, 0x0, 0x8f, 0xf7, 0x0, 0x0, 0x0,
    0x3f, 0xfb, 0x0, 0x0, 0x0, 0xe, 0xfe, 0x10,
    0x0, 0x0, 0xa, 0xff, 0x40, 0x0, 0x0, 0x5,
    0xff, 0xa3, 0x33, 0x33, 0x30, 0xff, 0xff, 0xff,
    0xff, 0xff, 0xf, 0xff, 0xff, 0xff, 0xff, 0xf0,

    /* U+005B "[" */
    0x0, 0x0, 0x6, 0xff, 0xfe, 0x6f, 0xff, 0xe6,
    0xff, 0x20, 0x6f, 0xf2, 0x6, 0xff, 0x20, 0x6f,
    0xf2, 0x6, 0xff, 0x20, 0x6f, 0xf2, 0x6, 0xff,
    0x20, 0x6f, 0xf2, 0x6, 0xff, 0x20, 0x6f, 0xf2,
    0x6, 0xff, 0x20, 0x6f, 0xf2, 0x6, 0xff, 0xfe,
    0x6f, 0xff, 0xe0,

    /* U+005C "\\" */
    0x9f, 0xa0, 0x0, 0x5, 0xfe, 0x0, 0x0, 0x1f,
    0xf3, 0x0, 0x0, 0xdf, 0x70, 0x0, 0x9, 0xfb,
    0x0, 0x0, 0x4f, 0xf0, 0x0, 0x0, 0xff, 0x30,
    0x0, 0xc, 0xf8, 0x0, 0x0, 0x8f, 0xc0, 0x0,
    0x3, 0xff, 0x0, 0x0, 0xf, 0xf4, 0x0, 0x0,
    0xbf, 0x90, 0x0, 0x7, 0xfd, 0x0, 0x0, 0x3f,
    0xf1, 0x0, 0x0, 0xef, 0x50, 0x0, 0xa, 0xf9,

    /* U+005D "]" */
    0x0, 0x0, 0x0, 0x1f, 0xff, 0xf3, 0x1f, 0xff,
    0xf3, 0x0, 0x5f, 0xf3, 0x0, 0x5f, 0xf3, 0x0,
    0x5f, 0xf3, 0x0, 0x5f, 0xf3, 0x0, 0x5f, 0xf3,
    0x0, 0x5f, 0xf3, 0x0, 0x5f, 0xf3, 0x0, 0x5f,
    0xf3, 0x0, 0x5f, 0xf3, 0x0, 0x5f, 0xf3, 0x0,
    0x5f, 0xf3, 0x0, 0x5f, 0xf3, 0x1f, 0xff, 0xf3,
    0x1f, 0xff, 0xf3,

    /* U+005E "^" */
    0x0, 0xd, 0xfa, 0x0, 0x0, 0x5, 0xff, 0xf2,
    0x0, 0x0, 0xdf, 0x6f, 0x90, 0x0, 0x4f, 0xa0,
    0xdf, 0x10, 0xc, 0xf3, 0x7, 0xf8, 0x2, 0xdb,
    0x0, 0x1d, 0xc0,

    /* U+005F "_" */
    0x0, 0x0, 0x0, 0x0, 0xf, 0xff, 0xff, 0xff,
    0xf9, 0xff, 0xff, 0xff, 0xff, 0x90,

    /* U+0060 "`" */
    0x4c, 0xb0, 0x0, 0xcf, 0x60, 0x2, 0xfd, 0x0,

    /* U+0061 "a" */
    0x0, 0x5c, 0xff, 0xd7, 0x0, 0x7, 0xff, 0xff,
    0xff, 0xb0, 0xc, 0xfb, 0x10, 0x9f, 0xf3, 0x0,
    0x0, 0x0, 0x7f, 0xf5, 0x0, 0x7b, 0xdf, 0xff,
    0xf5, 0xd, 0xff, 0xc9, 0x9f, 0xf5, 0x5f, 0xf5,
    0x0, 0x5f, 0xf5, 0x6f, 0xf5, 0x1, 0xcf, 0xf5,
    0x1f, 0xff, 0xef, 0xdf, 0xf5, 0x3, 0xcf, 0xfa,
    0x3f, 0xf5,

    /* U+0062 "b" */
    0xef, 0xc0, 0x0, 0x0, 0x0, 0xef, 0xc0, 0x0,
    0x0, 0x0, 0xef, 0xc0, 0x0, 0x0, 0x0, 0xef,
    0xc3, 0xcf, 0xe7, 0x0, 0xef, 0xde, 0xff, 0xff,
    0xa0, 0xef, 0xfa, 0x24, 0xef, 0xf3, 0xef, 0xe0,
    0x0, 0x5f, 0xf7, 0xef, 0xb0, 0x0, 0x1f, 0xf9,
    0xef, 0xb0, 0x0, 0x1f, 0xf9, 0xef, 0xf0, 0x0,
    0x5f, 0xf7, 0xef, 0xfa, 0x24, 0xef, 0xf2, 0xef,
    0xce, 0xff, 0xff, 0xa0, 0xef, 0xb3, 0xcf, 0xe7,
    0x0,

    /* U+0063 "c" */
    0x0, 0x29, 0xef, 0xe9, 0x10, 0x2, 0xef, 0xff,
    0xff, 0xe2, 0xb, 0xff, 0x61, 0x5f, 0xfa, 0x1f,
    0xfa, 0x0, 0x7, 0x84, 0x4f, 0xf7, 0x0, 0x0,
    0x0, 0x4f, 0xf7, 0x0, 0x0, 0x0, 0x1f, 0xfa,
    0x0, 0x7, 0x95, 0xb, 0xff, 0x61, 0x5f, 0xfa,
    0x2, 0xef, 0xff, 0xff, 0xe2, 0x0, 0x29, 0xef,
    0xea, 0x20,

    /* U+0064 "d" */
    0x0, 0x0, 0x0, 0x6, 0xff, 0x30, 0x0, 0x0,
    0x0, 0x6f, 0xf3, 0x0, 0x0, 0x0, 0x6, 0xff,
    0x30, 0x4, 0xcf, 0xe6, 0x6f, 0xf3, 0x4, 0xff,
    0xff, 0xfc, 0xff, 0x30, 0xdf, 0xf7, 0x26, 0xff,
    0xf3, 0x2f, 0xfa, 0x0, 0x9, 0xff, 0x34, 0xff,
    0x70, 0x0, 0x6f, 0xf3, 0x4f, 0xf7, 0x0, 0x6,
    0xff, 0x32, 0xff, 0xb0, 0x0, 0xaf, 0xf3, 0xd,
    0xff, 0x72, 0x6f, 0xff, 0x30, 0x4f, 0xff, 0xff,
    0xbf, 0xf3, 0x0, 0x4c, 0xfe, 0x76, 0xff, 0x30,

    /* U+0065 "e" */
    0x0, 0x29, 0xef, 0xe9, 0x10, 0x0, 0x2e, 0xff,
    0xff, 0xfd, 0x10, 0xb, 0xfe, 0x30, 0x4f, 0xf9,
    0x1, 0xff, 0x70, 0x0, 0x9f, 0xe0, 0x4f, 0xff,
    0xff, 0xff, 0xff, 0x4, 0xff, 0xca, 0xaa, 0xaa,
    0xa0, 0x1f, 0xf7, 0x0, 0x0, 0x0, 0x0, 0xcf,
    0xe4, 0x2, 0xde, 0x90, 0x2, 0xef, 0xff, 0xff,
    0xf4, 0x0, 0x2, 0xae, 0xfe, 0xb3, 0x0,

    /* U+0066 "f" */
    0x0, 0x2, 0x77, 0x50, 0x5, 0xff, 0xfd, 0x0,
    0xef, 0xfa, 0x60, 0x1f, 0xf9, 0x0, 0xdf, 0xff,
    0xff, 0x9d, 0xff, 0xff, 0xf9, 0x2, 0xff, 0x80,
    0x0, 0x1f, 0xf8, 0x0, 0x1, 0xff, 0x80, 0x0,
    0x1f, 0xf8, 0x0, 0x1, 0xff, 0x80, 0x0, 0x1f,
    0xf8, 0x0, 0x1, 0xff, 0x80, 0x0, 0x1f, 0xf8,
    0x0,

    /* U+0067 "g" */
    0x0, 0x4c, 0xfe, 0x75, 0xff, 0x40, 0x4f, 0xff,
    0xff, 0xbf, 0xf4, 0xd, 0xff, 0x72, 0x6f, 0xff,
    0x41, 0xff, 0xb0, 0x0, 0xaf, 0xf4, 0x4f, 0xf7,
    0x0, 0x6, 0xff, 0x44, 0xff, 0x70, 0x0, 0x6f,
    0xf4, 0x2f, 0xfa, 0x0, 0x9, 0xff, 0x40, 0xef,
    0xf5, 0x4, 0xff, 0xf4, 0x5, 0xff, 0xff, 0xfc,
    0xff, 0x40, 0x5, 0xcf, 0xe7, 0x5f, 0xf4, 0x0,
    0x0, 0x0, 0x6, 0xff, 0x30, 0x7c, 0xb1, 0x1,
    0xcf, 0xf0, 0x6, 0xff, 0xff, 0xff, 0xf6, 0x0,
    0x4, 0xbe, 0xfe, 0xb4, 0x0,

    /* U+0068 "h" */
    0xef, 0xb0, 0x0, 0x0, 0x0, 0xef, 0xb0, 0x0,
    0x0, 0x0, 0xef, 0xb0, 0x0, 0x0, 0x0, 0xef,
    0xb2, 0xcf, 0xe8, 0x0, 0xef, 0xce, 0xff, 0xff,
    0x80, 0xef, 0xfa, 0x46, 0xff, 0xe0, 0xef, 0xe0,
    0x0, 0xaf, 0xf1, 0xef, 0xc0, 0x0, 0x9f, 0xf1,
    0xef, 0xc0, 0x0, 0x9f, 0xf1, 0xef, 0xc0, 0x0,
    0x9f, 0xf1, 0xef, 0xc0, 0x0, 0x9f, 0xf1, 0xef,
    0xc0, 0x0, 0x9f, 0xf1, 0xef, 0xc0, 0x0, 0x9f,
    0xf1,

    /* U+0069 "i" */
    0x27, 0x2e, 0xfc, 0xcf, 0xa0, 0x30, 0xef, 0xce,
    0xfc, 0xef, 0xce, 0xfc, 0xef, 0xce, 0xfc, 0xef,
    0xce, 0xfc, 0xef, 0xce, 0xfc,

    /* U+006A "j" */
    0x0, 0x27, 0x20, 0xe, 0xfc, 0x0, 0xcf, 0xa0,
    0x0, 0x30, 0x0, 0xef, 0xc0, 0xe, 0xfc, 0x0,
    0xef, 0xc0, 0xe, 0xfc, 0x0, 0xef, 0xc0, 0xe,
    0xfc, 0x0, 0xef, 0xc0, 0xe, 0xfc, 0x0, 0xef,
    0xc0, 0xe, 0xfc, 0x0, 0xef, 0xc0, 0x3f, 0xfb,
    0x7f, 0xff, 0x57, 0xfd, 0x60,

    /* U+006B "k" */
    0xef, 0xc0, 0x0, 0x0, 0x0, 0xef, 0xc0, 0x0,
    0x0, 0x0, 0xef, 0xc0, 0x0, 0x0, 0x0, 0xef,
    0xc0, 0x4, 0xff, 0xb0, 0xef, 0xc0, 0x2f, 0xfd,
    0x10, 0xef, 0xc1, 0xdf, 0xf2, 0x0, 0xef, 0xcb,
    0xff, 0x40, 0x0, 0xef, 0xff, 0xfb, 0x0, 0x0,
    0xef, 0xff, 0xff, 0x40, 0x0, 0xef, 0xe4, 0xff,
    0xe1, 0x0, 0xef, 0xc0, 0x7f, 0xfa, 0x0, 0xef,
    0xc0, 0xc, 0xff, 0x50, 0xef, 0xc0, 0x2, 0xff,
    0xe1,

    /* U+006C "l" */
    0xef, 0xce, 0xfc, 0xef, 0xce, 0xfc, 0xef, 0xce,
    0xfc, 0xef, 0xce, 0xfc, 0xef, 0xce, 0xfc, 0xef,
    0xce, 0xfc, 0xef, 0xc0,

    /* U+006D "m" */
    0xef, 0x94, 0xdf, 0xc2, 0x19, 0xef, 0xb2, 0xe,
    0xfc, 0xff, 0xff, 0xcb, 0xff, 0xff, 0xd0, 0xef,
    0xf6, 0x19, 0xff, 0xe3, 0x2c, 0xff, 0x3e, 0xfd,
    0x0, 0x1f, 0xf8, 0x0, 0x5f, 0xf4, 0xef, 0xc0,
    0x1, 0xff, 0x70, 0x5, 0xff, 0x4e, 0xfc, 0x0,
    0x1f, 0xf7, 0x0, 0x5f, 0xf4, 0xef, 0xc0, 0x1,
    0xff, 0x70, 0x5, 0xff, 0x4e, 0xfc, 0x0, 0x1f,
    0xf7, 0x0, 0x5f, 0xf4, 0xef, 0xc0, 0x1, 0xff,
    0x70, 0x5, 0xff, 0x4e, 0xfc, 0x0, 0x1f, 0xf7,
    0x0, 0x5f, 0xf4,

    /* U+006E "n" */
    0xef, 0x93, 0xcf, 0xe8, 0x0, 0xef, 0xbe, 0xff,
    0xff, 0x80, 0xef, 0xf8, 0x24, 0xff, 0xe0, 0xef,
    0xe0, 0x0, 0xaf, 0xf1, 0xef, 0xc0, 0x0, 0x9f,
    0xf1, 0xef, 0xc0, 0x0, 0x9f, 0xf1, 0xef, 0xc0,
    0x0, 0x9f, 0xf1, 0xef, 0xc0, 0x0, 0x9f, 0xf1,
    0xef, 0xc0, 0x0, 0x9f, 0xf1, 0xef, 0xc0, 0x0,
    0x9f, 0xf1,

    /* U+006F "o" */
    0x0, 0x19, 0xef, 0xea, 0x20, 0x0, 0x2e, 0xff,
    0xff, 0xfe, 0x20, 0xb, 0xff, 0x61, 0x6f, 0xfc,
    0x1, 0xff, 0xa0, 0x0, 0x9f, 0xf2, 0x4f, 0xf7,
    0x0, 0x6, 0xff, 0x44, 0xff, 0x70, 0x0, 0x6f,
    0xf4, 0x1f, 0xfa, 0x0, 0x9, 0xff, 0x20, 0xbf,
    0xf6, 0x15, 0xff, 0xc0, 0x2, 0xef, 0xff, 0xff,
    0xe2, 0x0, 0x1, 0x9e, 0xfe, 0xa2, 0x0,

    /* U+0070 "p" */
    0xef, 0xb3, 0xdf, 0xe7, 0x0, 0xef, 0xdf, 0xff,
    0xff, 0xa0, 0xef, 0xf8, 0x2, 0xdf, 0xf3, 0xef,
    0xe0, 0x0, 0x5f, 0xf7, 0xef, 0xb0, 0x0, 0x1f,
    0xf9, 0xef, 0xc0, 0x0, 0x2f, 0xf9, 0xef, 0xf0,
    0x0, 0x5f, 0xf7, 0xef, 0xfa, 0x24, 0xef, 0xf2,
    0xef, 0xde, 0xff, 0xff, 0xa0, 0xef, 0xc3, 0xcf,
    0xe7, 0x0, 0xef, 0xc0, 0x0, 0x0, 0x0, 0xef,
    0xc0, 0x0, 0x0, 0x0, 0xef, 0xc0, 0x0, 0x0,
    0x0, 0xef, 0xc0, 0x0, 0x0, 0x0,

    /* U+0071 "q" */
    0x0, 0x4c, 0xfe, 0x66, 0xff, 0x30, 0x4f, 0xff,
    0xff, 0xbf, 0xf3, 0xd, 0xff, 0x72, 0x6f, 0xff,
    0x32, 0xff, 0xa0, 0x0, 0x9f, 0xf3, 0x4f, 0xf7,
    0x0, 0x6, 0xff, 0x34, 0xff, 0x70, 0x0, 0x6f,
    0xf3, 0x2f, 0xfb, 0x0, 0xa, 0xff, 0x30, 0xdf,
    0xf7, 0x26, 0xff, 0xf3, 0x4, 0xff, 0xff, 0xfc,
    0xff, 0x30, 0x4, 0xcf, 0xe7, 0x6f, 0xf3, 0x0,
    0x0, 0x0, 0x6, 0xff, 0x30, 0x0, 0x0, 0x0,
    0x6f, 0xf3, 0x0, 0x0, 0x0, 0x6, 0xff, 0x30,
    0x0, 0x0, 0x0, 0x6f, 0xf3,

    /* U+0072 "r" */
    0x0, 0x0, 0x0, 0xef, 0xa6, 0xef, 0xef, 0xdf,
    0xff, 0xef, 0xfb, 0x33, 0xef, 0xe0, 0x0, 0xef,
    0xc0, 0x0, 0xef, 0xc0, 0x0, 0xef, 0xc0, 0x0,
    0xef, 0xc0, 0x0, 0xef, 0xc0, 0x0, 0xef, 0xc0,
    0x0,

    /* U+0073 "s" */
    0x0, 0x6c, 0xff, 0xd7, 0x0, 0x9, 0xff, 0xff,
    0xff, 0xa0, 0xf, 0xfb, 0x0, 0x8e, 0xb0, 0xf,
    0xfd, 0x30, 0x0, 0x0, 0x8, 0xff, 0xff, 0xc8,
    0x10, 0x0, 0x5a, 0xef, 0xff, 0xe1, 0x0, 0x20,
    0x1, 0x9f, 0xf6, 0x2f, 0xf9, 0x0, 0x8f, 0xf5,
    0xb, 0xff, 0xff, 0xff, 0xc0, 0x0, 0x7d, 0xff,
    0xd7, 0x0,

    /* U+0074 "t" */
    0x3, 0x88, 0x10, 0x0, 0x7f, 0xf2, 0x0, 0x7,
    0xff, 0x20, 0xd, 0xff, 0xff, 0xf0, 0xdf, 0xff,
    0xff, 0x0, 0x7f, 0xf3, 0x0, 0x7, 0xff, 0x20,
    0x0, 0x7f, 0xf2, 0x0, 0x7, 0xff, 0x20, 0x0,
    0x7f, 0xf2, 0x0, 0x7, 0xff, 0x62, 0x0, 0x3f,
    0xff, 0xf0, 0x0, 0x6d, 0xfe, 0x20,

    /* U+0075 "u" */
    0xef, 0xc0, 0x0, 0x9f, 0xf1, 0xef, 0xc0, 0x0,
    0x9f, 0xf1, 0xef, 0xc0, 0x0, 0x9f, 0xf1, 0xef,
    0xc0, 0x0, 0x9f, 0xf1, 0xef, 0xc0, 0x0, 0x9f,
    0xf1, 0xef, 0xc0, 0x0, 0x9f, 0xf1, 0xdf, 0xd0,
    0x0, 0xbf, 0xf1, 0xbf, 0xf9, 0x47, 0xff, 0xf1,
    0x5f, 0xff, 0xff, 0xaf, 0xf1, 0x6, 0xdf, 0xd5,
    0x6f, 0xf1,

    /* U+0076 "v" */
    0x8f, 0xf3, 0x0, 0x6, 0xff, 0x53, 0xff, 0x80,
    0x0, 0xbf, 0xf0, 0xd, 0xfe, 0x0, 0xf, 0xf9,
    0x0, 0x7f, 0xf3, 0x5, 0xff, 0x30, 0x1, 0xff,
    0x80, 0xaf, 0xe0, 0x0, 0xb, 0xfd, 0xf, 0xf8,
    0x0, 0x0, 0x6f, 0xf5, 0xff, 0x20, 0x0, 0x0,
    0xff, 0xcf, 0xc0, 0x0, 0x0, 0xa, 0xff, 0xf6,
    0x0, 0x0, 0x0, 0x4f, 0xff, 0x10, 0x0,

    /* U+0077 "w" */
    0x9f, 0xf2, 0x0, 0xbf, 0xf0, 0x0, 0xef, 0xe0,
    0x4f, 0xf6, 0x0, 0xef, 0xf3, 0x1, 0xff, 0x90,
    0xf, 0xf9, 0x2, 0xff, 0xf7, 0x5, 0xff, 0x40,
    0xb, 0xfd, 0x6, 0xfd, 0xfb, 0x9, 0xff, 0x0,
    0x6, 0xff, 0x1a, 0xf6, 0xfe, 0xc, 0xfb, 0x0,
    0x2, 0xff, 0x4d, 0xf1, 0xdf, 0x3f, 0xf6, 0x0,
    0x0, 0xdf, 0x9f, 0xd0, 0x8f, 0x9f, 0xf2, 0x0,
    0x0, 0x8f, 0xff, 0x80, 0x4f, 0xff, 0xd0, 0x0,
    0x0, 0x4f, 0xff, 0x40, 0xf, 0xff, 0x80, 0x0,
    0x0, 0xf, 0xff, 0x0, 0xb, 0xff, 0x40, 0x0,

    /* U+0078 "x" */
    0x2f, 0xfb, 0x0, 0x2f, 0xfa, 0x0, 0x8f, 0xf4,
    0xb, 0xfe, 0x10, 0x0, 0xef, 0xc4, 0xff, 0x60,
    0x0, 0x4, 0xff, 0xdf, 0xc0, 0x0, 0x0, 0xb,
    0xff, 0xf2, 0x0, 0x0, 0x0, 0xdf, 0xff, 0x40,
    0x0, 0x0, 0x7f, 0xfb, 0xfd, 0x0, 0x0, 0x2f,
    0xf9, 0x2f, 0xf8, 0x0, 0xb, 0xff, 0x10, 0x9f,
    0xf2, 0x5, 0xff, 0x70, 0x1, 0xff, 0xc0,

    /* U+0079 "y" */
    0x8f, 0xf3, 0x0, 0x6, 0xff, 0x63, 0xff, 0x80,
    0x0, 0xbf, 0xf0, 0xd, 0xfd, 0x0, 0x1f, 0xfa,
    0x0, 0x7f, 0xf2, 0x5, 0xff, 0x40, 0x1, 0xff,
    0x70, 0xbf, 0xe0, 0x0, 0xb, 0xfc, 0xf, 0xf8,
    0x0, 0x0, 0x5f, 0xf5, 0xff, 0x20, 0x0, 0x0,
    0xff, 0xdf, 0xc0, 0x0, 0x0, 0xa, 0xff, 0xf6,
    0x0, 0x0, 0x0, 0x4f, 0xff, 0x10, 0x0, 0x0,
    0x1, 0xff, 0xb0, 0x0, 0x0, 0x12, 0x8f, 0xf4,
    0x0, 0x0, 0x9, 0xff, 0xfc, 0x0, 0x0, 0x0,
    0xbf, 0xfa, 0x10, 0x0, 0x0,

    /* U+007A "z" */
    0xcf, 0xff, 0xff, 0xff, 0x1c, 0xff, 0xff, 0xff,
    0xf1, 0x22, 0x22, 0x8f, 0xf8, 0x0, 0x0, 0x2f,
    0xfc, 0x0, 0x0, 0x1d, 0xfe, 0x10, 0x0, 0xb,
    0xff, 0x40, 0x0, 0x7, 0xff, 0x80, 0x0, 0x4,
    0xff, 0xd2, 0x22, 0x20, 0xef, 0xff, 0xff, 0xff,
    0x4f, 0xff, 0xff, 0xff, 0xf4,

    /* U+007B "{" */
    0x0, 0x0, 0x47, 0x40, 0x1, 0xdf, 0xf8, 0x0,
    0x9f, 0xfb, 0x40, 0xc, 0xfc, 0x0, 0x0, 0xdf,
    0xa0, 0x0, 0xd, 0xfa, 0x0, 0x0, 0xef, 0x90,
    0x6, 0xbf, 0xf3, 0x0, 0xcf, 0xd2, 0x0, 0xc,
    0xff, 0xe2, 0x0, 0x5, 0xff, 0x90, 0x0, 0xd,
    0xfa, 0x0, 0x0, 0xdf, 0xa0, 0x0, 0xc, 0xfa,
    0x0, 0x0, 0xbf, 0xf3, 0x0, 0x5, 0xff, 0xf8,
    0x0, 0x6, 0xcf, 0x80,

    /* U+007C "|" */
    0x9a, 0x5e, 0xf9, 0xef, 0x9e, 0xf9, 0xef, 0x9e,
    0xf9, 0xef, 0x9e, 0xf9, 0xef, 0x9e, 0xf9, 0xef,
    0x9e, 0xf9, 0xef, 0x9e, 0xf9, 0xef, 0x9e, 0xf9,
    0xef, 0x9e, 0xf9, 0xef, 0x9e, 0xf9, 0xef, 0x9e,
    0xf9,

    /* U+007D "}" */
    0x7, 0x61, 0x0, 0x0, 0x1f, 0xff, 0x60, 0x0,
    0x9, 0xef, 0xf0, 0x0, 0x0, 0x5f, 0xf3, 0x0,
    0x0, 0x3f, 0xf4, 0x0, 0x0, 0x3f, 0xf4, 0x0,
    0x0, 0x2f, 0xf5, 0x0, 0x0, 0xb, 0xfe, 0x81,
    0x0, 0x0, 0x9f, 0xf4, 0x0, 0xa, 0xff, 0xf4,
    0x0, 0x1f, 0xfa, 0x10, 0x0, 0x3f, 0xf4, 0x0,
    0x0, 0x3f, 0xf4, 0x0, 0x0, 0x3f, 0xf3, 0x0,
    0x1, 0xaf, 0xf2, 0x0, 0x1f, 0xff, 0xc0, 0x0,
    0x1f, 0xe9, 0x10, 0x0,

    /* U+007E "~" */
    0x6, 0xef, 0xa1, 0x2, 0xb9, 0x3f, 0xff, 0xfd,
    0x4a, 0xfc, 0x8f, 0xc4, 0xbf, 0xff, 0xf6, 0x6b,
    0x50, 0x8, 0xef, 0x90,

    /* U+00A0 " " */

    /* U+00A1 "¡" */
    0x2e, 0xe3, 0x7f, 0xf9, 0x2e, 0xe3, 0x0, 0x0,
    0x3f, 0xf4, 0x3f, 0xf4, 0x3f, 0xf5, 0x4f, 0xf5,
    0x4f, 0xf5, 0x4f, 0xf6, 0x5f, 0xf6, 0x5f, 0xf6,
    0x5f, 0xf7,

    /* U+00A2 "¢" */
    0x0, 0x0, 0xf, 0x0, 0x0, 0x0, 0x19, 0xef,
    0xe9, 0x10, 0x2, 0xef, 0xff, 0xff, 0xe2, 0xb,
    0xff, 0x7f, 0x6f, 0xfa, 0x1f, 0xfa, 0xf, 0x7,
    0x84, 0x4f, 0xf7, 0xf, 0x0, 0x0, 0x4f, 0xf7,
    0xf, 0x0, 0x0, 0x1f, 0xfa, 0xf, 0x6, 0x84,
    0xc, 0xff, 0x5f, 0x4f, 0xfa, 0x3, 0xff, 0xff,
    0xff, 0xf2, 0x0, 0x2b, 0xff, 0xfb, 0x20, 0x0,
    0x0, 0xf, 0x0, 0x0, 0x0, 0x0, 0xf, 0x0,
    0x0,

    /* U+00A3 "£" */
    0x0, 0x2, 0xae, 0xfe, 0x80, 0x0, 0x2, 0xef,
    0xff, 0xff, 0xc0, 0x0, 0xaf, 0xf7, 0x49, 0xff,
    0x60, 0xe, 0xfb, 0x0, 0x8, 0x73, 0x0, 0xff,
    0x90, 0x0, 0x0, 0x2, 0xbf, 0xfe, 0xbb, 0xb0,
    0x0, 0x2f, 0xff, 0xff, 0xff, 0x10, 0x0, 0xc,
    0xfb, 0x0, 0x0, 0x0, 0x0, 0xcf, 0xb0, 0x0,
    0x0, 0x0, 0xb, 0xfb, 0x0, 0x2, 0x32, 0x16,
    0xff, 0x64, 0x44, 0xdf, 0xb3, 0xff, 0xff, 0xff,
    0xff, 0xf8, 0x2f, 0xff, 0xff, 0xff, 0xfa, 0x0,

    /* U+00A4 "¤" */
    0x1, 0x0, 0x0, 0x0, 0x0, 0x10, 0x5e, 0x47,
    0xdf, 0xfb, 0x46, 0xe2, 0x5f, 0xff, 0xea, 0xbf,
    0xff, 0xe2, 0xb, 0xf7, 0x0, 0x1, 0xbf, 0x60,
    0x2f, 0xa0, 0x0, 0x0, 0xe, 0xd0, 0x6f, 0x30,
    0x0, 0x0, 0x8, 0xf2, 0x8f, 0x10, 0x0, 0x0,
    0x6, 0xf3, 0x6f, 0x30, 0x0, 0x0, 0x8, 0xf2,
    0x2f, 0xa0, 0x0, 0x0, 0x1e, 0xd0, 0xd, 0xf8,
    0x0, 0x1, 0xcf, 0x80, 0x7f, 0xff, 0xeb, 0xbf,
    0xff, 0xf4, 0x3c, 0x27, 0xdf, 0xfb, 0x44, 0xc0,
    0x0, 0x0, 0x0, 0x0, 0x0, 0x0,

    /* U+00A5 "¥" */
    0x8f, 0xf3, 0x0, 0xe, 0xfc, 0x1, 0xff, 0xa0,
    0x6, 0xff, 0x40, 0x9, 0xff, 0x10, 0xcf, 0xd0,
    0x0, 0x1f, 0xf8, 0x3f, 0xf5, 0x0, 0x0, 0xaf,
    0xea, 0xfe, 0x0, 0x0, 0x2, 0xff, 0xff, 0x60,
    0x0, 0xf, 0xff, 0xff, 0xff, 0xf0, 0x0, 0xbb,
    0xcf, 0xfd, 0xbb, 0x0, 0x0, 0x3, 0xff, 0x60,
    0x0, 0x0, 0xff, 0xff, 0xff, 0xff, 0x0, 0x9,
    0x9a, 0xff, 0xc9, 0x90, 0x0, 0x0, 0x3f, 0xf6,
    0x0, 0x0, 0x0, 0x3, 0xff, 0x60, 0x0, 0x0,

    /* U+00A6 "¦" */
    0x2f, 0xf3, 0x2f, 0xf3, 0x2f, 0xf3, 0x2f, 0xf3,
    0x2f, 0xf3, 0x2f, 0xf3, 0x1, 0x10, 0x0, 0x0,
    0x0, 0x0, 0x2, 0x20, 0x2f, 0xf3, 0x2f, 0xf3,
    0x2f, 0xf3, 0x2f, 0xf3, 0x2f, 0xf3, 0x2f, 0xf3,

    /* U+00A7 "§" */
    0x0, 0x3c, 0xff, 0xc4, 0x0, 0x2, 0xff, 0xff,
    0xff, 0x30, 0x8, 0xfe, 0x22, 0xcf, 0xa0, 0x9,
    0xfc, 0x0, 0x23, 0x0, 0x4, 0xff, 0xa3, 0x0,
    0x0, 0x0, 0x8f, 0xff, 0xc5, 0x0, 0x9, 0xf7,
    0x8e, 0xff, 0xb0, 0x2f, 0xe0, 0x0, 0x6f, 0xf4,
    0x1f, 0xf7, 0x0, 0xb, 0xf5, 0x8, 0xff, 0xe8,
    0x5e, 0xc0, 0x0, 0x4c, 0xff, 0xfc, 0x0, 0x0,
    0x0, 0x29, 0xff, 0x80, 0x1, 0x42, 0x0, 0x9f,
    0xd0, 0xb, 0xfc, 0x22, 0xcf, 0xc0, 0x4, 0xff,
    0xff, 0xff, 0x50, 0x0, 0x4c, 0xff, 0xc5, 0x0,

    /* U+00A8 "¨" */
    0x18, 0x30, 0x28, 0x39, 0xfe, 0xb, 0xfd, 0x5f,
    0x90, 0x6f, 0x80,

    /* U+00A9 "©" */
    0x0, 0x0, 0x6c, 0xff, 0xd9, 0x20, 0x0, 0x0,
    0x1c, 0xff, 0xff, 0xff, 0xf6, 0x0, 0x1, 0xdf,
    0xe7, 0x21, 0x4b, 0xff, 0x60, 0x9, 0xfd, 0x14,
    0xbc, 0x91, 0x8f, 0xf1, 0x1f, 0xf3, 0x6f, 0xff,
    0xfe, 0x1c, 0xf8, 0x5f, 0xc1, 0xfe, 0x30, 0x9f,
    0x85, 0xfd, 0x7f, 0x94, 0xf8, 0x0, 0x3, 0x22,
    0xff, 0x7f, 0x94, 0xf8, 0x0, 0x3, 0x22, 0xff,
    0x5f, 0xc1, 0xfe, 0x30, 0x9f, 0x75, 0xfd, 0x1f,
    0xf3, 0x6f, 0xff, 0xfd, 0x1c, 0xf8, 0x9, 0xfd,
    0x14, 0xbc, 0x91, 0x8f, 0xf1, 0x1, 0xdf, 0xe7,
    0x21, 0x4b, 0xff, 0x60, 0x0, 0x1c, 0xff, 0xff,
    0xff, 0xf6, 0x0, 0x0, 0x0, 0x6c, 0xff, 0xd9,
    0x20, 0x0,

    /* U+00AA "ª" */
    0x2, 0xbf, 0xfc, 0x40, 0x1e, 0xfa, 0x9f, 0xf2,
    0x4, 0x40, 0xb, 0xf6, 0x2, 0x8b, 0xdf, 0xf7,
    0x3f, 0xfa, 0x7b, 0xf7, 0x7f, 0x80, 0xb, 0xf7,
    0x5f, 0xe8, 0xbf, 0xf7, 0x9, 0xff, 0xa9, 0xf7,

    /* U+00AB "«" */
    0x0, 0x2, 0xff, 0xb1, 0xef, 0xc0, 0x0, 0x1e,
    0xfd, 0x1c, 0xfe, 0x10, 0x0, 0xcf, 0xe2, 0xaf,
    0xf3, 0x0, 0xa, 0xff, 0x38, 0xff, 0x50, 0x0,
    0xd, 0xfe, 0x1c, 0xff, 0x10, 0x0, 0x2, 0xff,
    0xb1, 0xef, 0xd0, 0x0, 0x0, 0x4f, 0xf9, 0x2f,
    0xfb, 0x0, 0x0, 0x6, 0xff, 0x64, 0xff, 0x80,
    0x0, 0x0, 0x45, 0x50, 0x45, 0x50,

    /* U+00AC "¬" */
    0x2, 0x22, 0x22, 0x22, 0x11, 0xff, 0xff, 0xff,
    0xfd, 0x1f, 0xff, 0xff, 0xff, 0xd0, 0x0, 0x0,
    0x6, 0xfd, 0x0, 0x0, 0x0, 0x6f, 0xd0, 0x0,
    0x0, 0x3, 0x86,

    /* U+00AE "®" */
    0x0, 0x0, 0x0, 0x0, 0x0, 0x0, 0x0, 0x6,
    0xdf, 0xfd, 0x60, 0x0, 0x0, 0xaf, 0x94, 0x59,
    0xf9, 0x0, 0x7, 0xf4, 0x0, 0x0, 0x5f, 0x60,
    0xe, 0x80, 0xde, 0xe9, 0xa, 0xd0, 0x1f, 0x40,
    0xe5, 0x4f, 0x5, 0xf0, 0x1f, 0x30, 0xeb, 0xe8,
    0x4, 0xf0, 0xe, 0x70, 0xe5, 0x8b, 0x8, 0xe0,
    0x8, 0xe2, 0x62, 0x17, 0x3f, 0x70, 0x0, 0xde,
    0x61, 0x26, 0xfc, 0x0, 0x0, 0x19, 0xff, 0xff,
    0x90, 0x0, 0x0, 0x0, 0x13, 0x30, 0x0, 0x0,

    /* U+00AF "¯" */
    0x6a, 0xaa, 0xa5, 0x9f, 0xff, 0xf8,

    /* U+00B0 "°" */
    0x8, 0xef, 0xa1, 0x8, 0xff, 0xef, 0xc0, 0xee,
    0x10, 0xbf, 0x3e, 0xe0, 0xb, 0xf3, 0x8f, 0xed,
    0xfd, 0x0, 0x8e, 0xfa, 0x10,

    /* U+00B1 "±" */
    0x0, 0x0, 0xff, 0x30, 0x0, 0x0, 0x0, 0xff,
    0x30, 0x0, 0x6f, 0xff, 0xff, 0xff, 0xf9, 0x6f,
    0xff, 0xff, 0xff, 0xf9, 0x1, 0x11, 0xff, 0x41,
    0x10, 0x0, 0x0, 0xff, 0x30, 0x0, 0x0, 0x0,
    0xcc, 0x20, 0x0, 0x2, 0x22, 0x22, 0x22, 0x21,
    0x6f, 0xff, 0xff, 0xff, 0xf9, 0x6f, 0xff, 0xff,
    0xff, 0xf9,

    /* U+00B2 "²" */
    0x3, 0xbf, 0xfc, 0x30, 0xe, 0xfb, 0xbf, 0xf0,
    0x7, 0x50, 0xd, 0xf3, 0x0, 0x0, 0x5f, 0xf0,
    0x0, 0x8, 0xff, 0x40, 0x1, 0xbf, 0xc2, 0x0,
    0xd, 0xff, 0xbb, 0xb4, 0xf, 0xff, 0xff, 0xf6,

    /* U+00B3 "³" */
    0x1, 0xae, 0xfd, 0x50, 0xc, 0xfc, 0xbf, 0xf3,
    0x3, 0x30, 0x1c, 0xf3, 0x0, 0xc, 0xff, 0x60,
    0x0, 0x2, 0x4d, 0xf5, 0x19, 0x90, 0x9, 0xfa,
    0xc, 0xfd, 0xbf, 0xf6, 0x1, 0x9e, 0xfd, 0x60,

    /* U+00B4 "´" */
    0x5, 0xca, 0x0, 0xdf, 0x50, 0x4f, 0xa0, 0x0,

    /* U+00B5 "µ" */
    0xef, 0xc0, 0x0, 0x8f, 0xf1, 0xe, 0xfc, 0x0,
    0x8, 0xff, 0x10, 0xef, 0xc0, 0x0, 0x8f, 0xf1,
    0xe, 0xfc, 0x0, 0x8, 0xff, 0x10, 0xef, 0xc0,
    0x0, 0x8f, 0xf1, 0xe, 0xfc, 0x0, 0x8, 0xff,
    0x10, 0xef, 0xd0, 0x0, 0x9f, 0xf1, 0xe, 0xff,
    0x60, 0x3f, 0xff, 0x20, 0xef, 0xff, 0xff, 0xef,
    0xff, 0x3e, 0xfc, 0xaf, 0xd2, 0x9f, 0xf3, 0xef,
    0xc0, 0x0, 0x0, 0x0, 0xe, 0xfc, 0x0, 0x0,
    0x0, 0x0, 0xef, 0xc0, 0x0, 0x0, 0x0, 0xe,
    0xfc, 0x0, 0x0, 0x0, 0x0,

    /* U+00B6 "¶" */
    0x0, 0x5c, 0xff, 0xff, 0xf9, 0x7, 0xff, 0xff,
    0xff, 0xf9, 0xf, 0xff, 0xfe, 0x19, 0xf9, 0x4f,
    0xff, 0xfe, 0x8, 0xf9, 0x4f, 0xff, 0xfe, 0x8,
    0xf9, 0x1f, 0xff, 0xfe, 0x8, 0xf9, 0x9, 0xff,
    0xfe, 0x8, 0xf9, 0x0, 0x8f, 0xfe, 0x8, 0xf9,
    0x0, 0x0, 0x22, 0x8, 0xf9, 0x0, 0x0, 0x0,
    0x8, 0xf9, 0x0, 0x0, 0x0, 0x8, 0xf9, 0x0,
    0x0, 0x0, 0x8, 0xf9, 0x0, 0x0, 0x0, 0x8,
    0xf9,

    /* U+00B7 "·" */
    0x0, 0x0, 0x2e, 0xe2, 0x7f, 0xf7, 0x2e, 0xe2,

    /* U+00B8 "¸" */
    0x5a, 0x0, 0x8e, 0xa1, 0x2, 0xf6, 0xdf, 0xe2,
    0x11, 0x0,

    /* U+00B9 "¹" */
    0x2, 0xcf, 0xf0, 0xff, 0xff, 0xc, 0x3f, 0xf0,
    0x0, 0xff, 0x0, 0xf, 0xf0, 0x0, 0xff, 0x0,
    0xf, 0xf0, 0x0, 0xff,

    /* U+00BA "º" */
    0x0, 0x8e, 0xfd, 0x70, 0x0, 0xaf, 0xeb, 0xff,
    0x70, 0x2f, 0xf1, 0x3, 0xff, 0x6, 0xfb, 0x0,
    0xe, 0xf3, 0x6f, 0xb0, 0x0, 0xef, 0x32, 0xff,
    0x10, 0x3f, 0xf0, 0xa, 0xfe, 0xbf, 0xf7, 0x0,
    0x8, 0xef, 0xd7, 0x0,

    /* U+00BB "»" */
    0x1d, 0xfd, 0x1c, 0xfe, 0x10, 0x0, 0x2, 0xff,
    0xb1, 0xef, 0xc0, 0x0, 0x0, 0x4f, 0xf9, 0x2f,
    0xfa, 0x0, 0x0, 0x6, 0xff, 0x65, 0xff, 0x80,
    0x0, 0x3, 0xff, 0xa1, 0xef, 0xc0, 0x0, 0x1e,
    0xfc, 0x1c, 0xfe, 0x10, 0x0, 0xcf, 0xe1, 0xaf,
    0xf2, 0x0, 0xa, 0xff, 0x38, 0xff, 0x40, 0x0,
    0x15, 0x53, 0x5, 0x54, 0x0, 0x0,

    /* U+00BC "¼" */
    0x0, 0x45, 0x0, 0x0, 0x0, 0x15, 0x20, 0x1,
    0xcf, 0xf3, 0x0, 0x0, 0xa, 0xf2, 0x0, 0x4d,
    0xcf, 0x30, 0x0, 0x5, 0xf7, 0x0, 0x2, 0x19,
    0xf3, 0x0, 0x1, 0xec, 0x0, 0x0, 0x0, 0x9f,
    0x30, 0x0, 0xbf, 0x20, 0x0, 0x0, 0x9, 0xf3,
    0x0, 0x6f, 0x60, 0x0, 0x0, 0x0, 0x9f, 0x30,
    0x1f, 0xc0, 0x0, 0x10, 0x0, 0x9, 0xf3, 0xb,
    0xf2, 0x0, 0xcf, 0xc0, 0x0, 0x0, 0x6, 0xf6,
    0x0, 0x6f, 0xfc, 0x0, 0x0, 0x2, 0xfb, 0x0,
    0x1e, 0xbd, 0xc0, 0x0, 0x0, 0xcf, 0x10, 0xa,
    0xf2, 0xdc, 0x0, 0x0, 0x7f, 0x50, 0x3, 0xfd,
    0x8e, 0xe5, 0x0, 0x2f, 0xb0, 0x0, 0x4f, 0xff,
    0xff, 0xa0, 0xc, 0xe1, 0x0, 0x0, 0x0, 0xe,
    0xc0,

    /* U+00BD "½" */
    0x0, 0x45, 0x0, 0x0, 0x0, 0x15, 0x20, 0x0,
    0x1c, 0xff, 0x30, 0x0, 0x0, 0xaf, 0x20, 0x0,
    0x4c, 0xbf, 0x30, 0x0, 0x5, 0xf7, 0x0, 0x0,
    0x10, 0x9f, 0x30, 0x0, 0x1e, 0xc0, 0x0, 0x0,
    0x0, 0x9f, 0x30, 0x0, 0xbf, 0x20, 0x0, 0x0,
    0x0, 0x9f, 0x30, 0x6, 0xf6, 0x0, 0x0, 0x0,
    0x0, 0x9f, 0x30, 0x1f, 0xc0, 0x6, 0x86, 0x0,
    0x0, 0x9f, 0x30, 0xbf, 0x20, 0xdf, 0xff, 0xb0,
    0x0, 0x0, 0x6, 0xf6, 0x1, 0xa6, 0xc, 0xf1,
    0x0, 0x0, 0x2f, 0xb0, 0x0, 0x0, 0xd, 0xe0,
    0x0, 0x0, 0xcf, 0x10, 0x0, 0x0, 0xaf, 0x40,
    0x0, 0x6, 0xf6, 0x0, 0x0, 0xb, 0xf5, 0x0,
    0x0, 0x2f, 0xb0, 0x0, 0x0, 0xcf, 0xd8, 0x81,
    0x0, 0xce, 0x10, 0x0, 0x1, 0xff, 0xff, 0xf3,

    /* U+00BE "¾" */
    0x0, 0x1, 0x0, 0x0, 0x0, 0x0, 0x11, 0x0,
    0x6, 0xff, 0xf5, 0x0, 0x0, 0x3, 0xf9, 0x0,
    0x1f, 0xc5, 0xdf, 0x0, 0x0, 0xd, 0xd0, 0x0,
    0x0, 0x1, 0xdf, 0x0, 0x0, 0x9f, 0x30, 0x0,
    0x0, 0x6f, 0xf5, 0x0, 0x4, 0xf8, 0x0, 0x0,
    0x0, 0x14, 0xdf, 0x30, 0x1e, 0xd0, 0x0, 0x0,
    0x27, 0x50, 0xaf, 0x50, 0xaf, 0x20, 0x0, 0x0,
    0x1d, 0xff, 0xfd, 0x5, 0xf7, 0x0, 0x6f, 0xf2,
    0x0, 0x57, 0x50, 0x1e, 0xc0, 0x1, 0xff, 0xf2,
    0x0, 0x0, 0x0, 0xbf, 0x20, 0xa, 0xfa, 0xf2,
    0x0, 0x0, 0x6, 0xf6, 0x0, 0x4f, 0x78, 0xf2,
    0x0, 0x0, 0x2f, 0xb0, 0x0, 0xdf, 0x8c, 0xf8,
    0x0, 0x0, 0xce, 0x10, 0x0, 0xff, 0xff, 0xff,
    0x0, 0x7, 0xf5, 0x0, 0x0, 0x0, 0x8, 0xf2,

    /* U+00BF "¿" */
    0x0, 0x0, 0xaf, 0x90, 0x0, 0x0, 0x1, 0xff,
    0xf0, 0x0, 0x0, 0x0, 0xaf, 0x90, 0x0, 0x0,
    0x0, 0x0, 0x0, 0x0, 0x0, 0x0, 0x8b, 0x70,
    0x0, 0x0, 0x0, 0xdf, 0x90, 0x0, 0x0, 0x8,
    0xff, 0x60, 0x0, 0x1, 0xcf, 0xfc, 0x0, 0x0,
    0xb, 0xff, 0x90, 0x0, 0x0, 0x1f, 0xfc, 0x0,
    0x0, 0x0, 0x1f, 0xf9, 0x0, 0x3e, 0xe4, 0xe,
    0xff, 0x43, 0xcf, 0xf2, 0x6, 0xff, 0xff, 0xff,
    0x90, 0x0, 0x5c, 0xff, 0xd6, 0x0,

    /* U+00C0 "À" */
    0x0, 0x0, 0xbf, 0xa0, 0x0, 0x0, 0x0, 0x0,
    0x0, 0x1e, 0xf1, 0x0, 0x0, 0x0, 0x0, 0x0,
    0x5, 0xc5, 0x0, 0x0, 0x0, 0x0, 0x0, 0x0,
    0x0, 0x0, 0x0, 0x0, 0x0, 0x0, 0x4f, 0xff,
    0x90, 0x0, 0x0, 0x0, 0x0, 0x9f, 0xff, 0xe0,
    0x0, 0x0, 0x0, 0x0, 0xef, 0xcf, 0xf4, 0x0,
    0x0, 0x0, 0x4, 0xff, 0x5f, 0xfa, 0x0, 0x0,
    0x0, 0xa, 0xff, 0xb, 0xff, 0x0, 0x0, 0x0,
    0xf, 0xfc, 0x7, 0xff, 0x50, 0x0, 0x0, 0x5f,
    0xf7, 0x2, 0xff, 0xb0, 0x0, 0x0, 0xaf, 0xf4,
    0x11, 0xdf, 0xf1, 0x0, 0x0, 0xff, 0xff, 0xff,
    0xff, 0xf6, 0x0, 0x5, 0xff, 0xff, 0xff, 0xff,
    0xfc, 0x0, 0xb, 0xff, 0x30, 0x0, 0xd, 0xff,
    0x20, 0x1f, 0xfd, 0x0, 0x0, 0x7, 0xff, 0x70,
    0x6f, 0xf8, 0x0, 0x0, 0x2, 0xff, 0xd0,

    /* U+00C1 "Á" */
    0x0, 0x0, 0x0, 0x4f, 0xf2, 0x0, 0x0, 0x0,
    0x0, 0x0, 0xbf, 0x60, 0x0, 0x0, 0x0, 0x0,
    0x1, 0xb9, 0x0, 0x0, 0x0, 0x0, 0x0, 0x0,
    0x0, 0x0, 0x0, 0x0, 0x0, 0x0, 0x4f, 0xff,
    0x90, 0x0, 0x0, 0x0, 0x0, 0x9f, 0xff, 0xe0,
    0x0, 0x0, 0x0, 0x0, 0xef, 0xcf, 0xf4, 0x0,
    0x0, 0x0, 0x4, 0xff, 0x5f, 0xfa, 0x0, 0x0,
    0x0, 0xa, 0xff, 0xb, 0xff, 0x0, 0x0, 0x0,
    0xf, 0xfc, 0x7, 0xff, 0x50, 0x0, 0x0, 0x5f,
    0xf7, 0x2, 0xff, 0xb0, 0x0, 0x0, 0xaf, 0xf4,
    0x11, 0xdf, 0xf1, 0x0, 0x0, 0xff, 0xff, 0xff,
    0xff, 0xf6, 0x0, 0x5, 0xff, 0xff, 0xff, 0xff,
    0xfc, 0x0, 0xb, 0xff, 0x30, 0x0, 0xd, 0xff,
    0x20, 0x1f, 0xfd, 0x0, 0x0, 0x7, 0xff, 0x70,
    0x6f, 0xf8, 0x0, 0x0, 0x2, 0xff, 0xd0,

    /* U+00C2 "Â" */
    0x0, 0x0, 0xc, 0xff, 0x40, 0x0, 0x0, 0x0,
    0x1, 0xcf, 0x6d, 0xf4, 0x0, 0x0, 0x0, 0x5,
    0x85, 0x2, 0x87, 0x0, 0x0, 0x0, 0x0, 0x0,
    0x0, 0x0, 0x0, 0x0, 0x0, 0x0, 0x4f, 0xff,
    0x90, 0x0, 0x0, 0x0, 0x0, 0x9f, 0xff, 0xe0,
    0x0, 0x0, 0x0, 0x0, 0xef, 0xcf, 0xf4, 0x0,
    0x0, 0x0, 0x4, 0xff, 0x5f, 0xfa, 0x0, 0x0,
    0x0, 0xa, 0xff, 0xb, 0xff, 0x0, 0x0, 0x0,
    0xf, 0xfc, 0x7, 0xff, 0x50, 0x0, 0x0, 0x5f,
    0xf7, 0x2, 0xff, 0xb0, 0x0, 0x0, 0xaf, 0xf4,
    0x11, 0xdf, 0xf1, 0x0, 0x0, 0xff, 0xff, 0xff,
    0xff, 0xf6, 0x0, 0x5, 0xff, 0xff, 0xff, 0xff,
    0xfc, 0x0, 0xb, 0xff, 0x30, 0x0, 0xd, 0xff,
    0x20, 0x1f, 0xfd, 0x0, 0x0, 0x7, 0xff, 0x70,
    0x6f, 0xf8, 0x0, 0x0, 0x2, 0xff, 0xd0,

    /* U+00C3 "Ã" */
    0x0, 0x0, 0x1, 0x0, 0x11, 0x0, 0x0, 0x0,
    0x0, 0xcf, 0xc3, 0xda, 0x0, 0x0, 0x0, 0x4,
    0xf8, 0xcf, 0xf5, 0x0, 0x0, 0x0, 0x1, 0x50,
    0x4, 0x30, 0x0, 0x0, 0x0, 0x0, 0x0, 0x0,
    0x0, 0x0, 0x0, 0x0, 0x0, 0x4f, 0xff, 0x90,
    0x0, 0x0, 0x0, 0x0, 0x9f, 0xff, 0xe0, 0x0,
    0x0, 0x0, 0x0, 0xef, 0xcf, 0xf4, 0x0, 0x0,
    0x0, 0x4, 0xff, 0x5f, 0xfa, 0x0, 0x0, 0x0,
    0xa, 0xff, 0xb, 0xff, 0x0, 0x0, 0x0, 0xf,
    0xfc, 0x7, 0xff, 0x50, 0x0, 0x0, 0x5f, 0xf7,
    0x2, 0xff, 0xb0, 0x0, 0x0, 0xaf, 0xf4, 0x11,
    0xdf, 0xf1, 0x0, 0x0, 0xff, 0xff, 0xff, 0xff,
    0xf6, 0x0, 0x5, 0xff, 0xff, 0xff, 0xff, 0xfc,
    0x0, 0xb, 0xff, 0x30, 0x0, 0xd, 0xff, 0x20,
    0x1f, 0xfd, 0x0, 0x0, 0x7, 0xff, 0x70, 0x6f,
    0xf8, 0x0, 0x0, 0x2, 0xff, 0xd0,

    /* U+00C4 "Ä" */
    0x0, 0x4, 0xfb, 0x5, 0xf9, 0x0, 0x0, 0x0,
    0x8, 0xff, 0x9, 0xfe, 0x0, 0x0, 0x0, 0x1,
    0x84, 0x1, 0x83, 0x0, 0x0, 0x0, 0x0, 0x0,
    0x0, 0x0, 0x0, 0x0, 0x0, 0x0, 0x4f, 0xff,
    0x90, 0x0, 0x0, 0x0, 0x0, 0x9f, 0xff, 0xe0,
    0x0, 0x0, 0x0, 0x0, 0xef, 0xcf, 0xf4, 0x0,
    0x0, 0x0, 0x4, 0xff, 0x5f, 0xfa, 0x0, 0x0,
    0x0, 0xa, 0xff, 0xb, 0xff, 0x0, 0x0, 0x0,
    0xf, 0xfc, 0x7, 0xff, 0x50, 0x0, 0x0, 0x5f,
    0xf7, 0x2, 0xff, 0xb0, 0x0, 0x0, 0xaf, 0xf4,
    0x11, 0xdf, 0xf1, 0x0, 0x0, 0xff, 0xff, 0xff,
    0xff, 0xf6, 0x0, 0x5, 0xff, 0xff, 0xff, 0xff,
    0xfc, 0x0, 0xb, 0xff, 0x30, 0x0, 0xd, 0xff,
    0x20, 0x1f, 0xfd, 0x0, 0x0, 0x7, 0xff, 0x70,
    0x6f, 0xf8, 0x0, 0x0, 0x2, 0xff, 0xd0,

    /* U+00C5 "Å" */
    0x0, 0x0, 0x1b, 0xfd, 0x40, 0x0, 0x0, 0x0,
    0x0, 0x9e, 0x39, 0xf0, 0x0, 0x0, 0x0, 0x0,
    0xac, 0x6, 0xf0, 0x0, 0x0, 0x0, 0x0, 0x2d,
    0xff, 0x70, 0x0, 0x0, 0x0, 0x0, 0x0, 0x21,
    0x0, 0x0, 0x0, 0x0, 0x0, 0x4f, 0xff, 0x90,
    0x0, 0x0, 0x0, 0x0, 0x9f, 0xff, 0xe0, 0x0,
    0x0, 0x0, 0x0, 0xef, 0xcf, 0xf4, 0x0, 0x0,
    0x0, 0x4, 0xff, 0x5f, 0xfa, 0x0, 0x0, 0x0,
    0xa, 0xff, 0xb, 0xff, 0x0, 0x0, 0x0, 0xf,
    0xfc, 0x7, 0xff, 0x50, 0x0, 0x0, 0x5f, 0xf7,
    0x2, 0xff, 0xb0, 0x0, 0x0, 0xaf, 0xf4, 0x11,
    0xdf, 0xf1, 0x0, 0x0, 0xff, 0xff, 0xff, 0xff,
    0xf6, 0x0, 0x5, 0xff, 0xff, 0xff, 0xff, 0xfc,
    0x0, 0xb, 0xff, 0x30, 0x0, 0xd, 0xff, 0x20,
    0x1f, 0xfd, 0x0, 0x0, 0x7, 0xff, 0x70, 0x6f,
    0xf8, 0x0, 0x0, 0x2, 0xff, 0xd0,

    /* U+00C6 "Æ" */
    0x0, 0x0, 0x2, 0xff, 0xff, 0xff, 0xff, 0xff,
    0xf6, 0x0, 0x0, 0x9, 0xff, 0xcf, 0xff, 0xff,
    0xff, 0xf6, 0x0, 0x0, 0xf, 0xfc, 0x3f, 0xf7,
    0x33, 0x33, 0x31, 0x0, 0x0, 0x7f, 0xf5, 0x3f,
    0xf5, 0x0, 0x0, 0x0, 0x0, 0x0, 0xdf, 0xe0,
    0x3f, 0xf5, 0x0, 0x0, 0x0, 0x0, 0x4, 0xff,
    0x80, 0x3f, 0xff, 0xff, 0xff, 0xf0, 0x0, 0xb,
    0xff, 0x10, 0x3f, 0xff, 0xff, 0xff, 0xf0, 0x0,
    0x2f, 0xfb, 0x0, 0x3f, 0xf7, 0x33, 0x33, 0x30,
    0x0, 0x9f, 0xff, 0xff, 0xff, 0xf5, 0x0, 0x0,
    0x0, 0x1, 0xff, 0xff, 0xff, 0xff, 0xf5, 0x0,
    0x0, 0x0, 0x7, 0xff, 0x70, 0x0, 0x3f, 0xf7,
    0x33, 0x33, 0x31, 0xe, 0xff, 0x0, 0x0, 0x3f,
    0xff, 0xff, 0xff, 0xf7, 0x5f, 0xf9, 0x0, 0x0,
    0x3f, 0xff, 0xff, 0xff, 0xf7,

    /* U+00C7 "Ç" */
    0x0, 0x1, 0x8d, 0xff, 0xd7, 0x0, 0x0, 0x4,
    0xef, 0xff, 0xff, 0xfe, 0x20, 0x1, 0xff, 0xfb,
    0x67, 0xcf, 0xfd, 0x0, 0x9f, 0xf7, 0x0, 0x0,
    0xaf, 0xf4, 0xe, 0xfe, 0x0, 0x0, 0x2, 0x88,
    0x41, 0xff, 0xa0, 0x0, 0x0, 0x0, 0x0, 0x2f,
    0xf8, 0x0, 0x0, 0x0, 0x0, 0x1, 0xff, 0xa0,
    0x0, 0x0, 0x0, 0x0, 0xe, 0xfd, 0x0, 0x0,
    0x2, 0x88, 0x40, 0x9f, 0xf7, 0x0, 0x0, 0xaf,
    0xf4, 0x1, 0xff, 0xfb, 0x67, 0xcf, 0xfc, 0x0,
    0x4, 0xff, 0xff, 0xff, 0xfd, 0x10, 0x0, 0x1,
    0x8d, 0xff, 0xd7, 0x0, 0x0, 0x0, 0x0, 0xc,
    0x80, 0x0, 0x0, 0x0, 0x0, 0x0, 0x9d, 0xd0,
    0x0, 0x0, 0x0, 0x0, 0x0, 0x7f, 0x0, 0x0,
    0x0, 0x0, 0x4, 0xff, 0x90, 0x0, 0x0,

    /* U+00C8 "È" */
    0x0, 0xcf, 0x80, 0x0, 0x0, 0x2, 0xfe, 0x0,
    0x0, 0x0, 0x6, 0xc4, 0x0, 0x0, 0x0, 0x0,
    0x0, 0x0, 0xdf, 0xff, 0xff, 0xff, 0xfd, 0xff,
    0xff, 0xff, 0xff, 0xdf, 0xe3, 0x33, 0x33, 0x3d,
    0xfe, 0x0, 0x0, 0x0, 0xdf, 0xe0, 0x0, 0x0,
    0xd, 0xff, 0xff, 0xff, 0xf7, 0xdf, 0xff, 0xff,
    0xff, 0x7d, 0xfe, 0x33, 0x33, 0x31, 0xdf, 0xe0,
    0x0, 0x0, 0xd, 0xfe, 0x0, 0x0, 0x0, 0xdf,
    0xe3, 0x33, 0x33, 0x3d, 0xff, 0xff, 0xff, 0xff,
    0xdf, 0xff, 0xff, 0xff, 0xf0,

    /* U+00C9 "É" */
    0x0, 0x0, 0x5f, 0xe1, 0x0, 0x0, 0xc, 0xf5,
    0x0, 0x0, 0x2, 0xc8, 0x0, 0x0, 0x0, 0x0,
    0x0, 0x0, 0xdf, 0xff, 0xff, 0xff, 0xfd, 0xff,
    0xff, 0xff, 0xff, 0xdf, 0xe3, 0x33, 0x33, 0x3d,
    0xfe, 0x0, 0x0, 0x0, 0xdf, 0xe0, 0x0, 0x0,
    0xd, 0xff, 0xff, 0xff, 0xf7, 0xdf, 0xff, 0xff,
    0xff, 0x7d, 0xfe, 0x33, 0x33, 0x31, 0xdf, 0xe0,
    0x0, 0x0, 0xd, 0xfe, 0x0, 0x0, 0x0, 0xdf,
    0xe3, 0x33, 0x33, 0x3d, 0xff, 0xff, 0xff, 0xff,
    0xdf, 0xff, 0xff, 0xff, 0xf0,

    /* U+00CA "Ê" */
    0x0, 0x1d, 0xfe, 0x20, 0x0, 0x1d, 0xf6, 0xee,
    0x30, 0x6, 0x84, 0x3, 0x86, 0x0, 0x0, 0x0,
    0x0, 0x0, 0xdf, 0xff, 0xff, 0xff, 0xfd, 0xff,
    0xff, 0xff, 0xff, 0xdf, 0xe3, 0x33, 0x33, 0x3d,
    0xfe, 0x0, 0x0, 0x0, 0xdf, 0xe0, 0x0, 0x0,
    0xd, 0xff, 0xff, 0xff, 0xf7, 0xdf, 0xff, 0xff,
    0xff, 0x7d, 0xfe, 0x33, 0x33, 0x31, 0xdf, 0xe0,
    0x0, 0x0, 0xd, 0xfe, 0x0, 0x0, 0x0, 0xdf,
    0xe3, 0x33, 0x33, 0x3d, 0xff, 0xff, 0xff, 0xff,
    0xdf, 0xff, 0xff, 0xff, 0xf0,

    /* U+00CB "Ë" */
    0x5, 0xf9, 0x7, 0xf8, 0x0, 0x9f, 0xe0, 0xbf,
    0xc0, 0x1, 0x83, 0x2, 0x82, 0x0, 0x0, 0x0,
    0x0, 0x0, 0xdf, 0xff, 0xff, 0xff, 0xfd, 0xff,
    0xff, 0xff, 0xff, 0xdf, 0xe3, 0x33, 0x33, 0x3d,
    0xfe, 0x0, 0x0, 0x0, 0xdf, 0xe0, 0x0, 0x0,
    0xd, 0xff, 0xff, 0xff, 0xf7, 0xdf, 0xff, 0xff,
    0xff, 0x7d, 0xfe, 0x33, 0x33, 0x31, 0xdf, 0xe0,
    0x0, 0x0, 0xd, 0xfe, 0x0, 0x0, 0x0, 0xdf,
    0xe3, 0x33, 0x33, 0x3d, 0xff, 0xff, 0xff, 0xff,
    0xdf, 0xff, 0xff, 0xff, 0xf0,

    /* U+00CC "Ì" */
    0xd, 0xf7, 0x0, 0x3f, 0xe0, 0x0, 0x7c, 0x30,
    0x0, 0x0, 0x0, 0xdf, 0xe0, 0xd, 0xfe, 0x0,
    0xdf, 0xe0, 0xd, 0xfe, 0x0, 0xdf, 0xe0, 0xd,
    0xfe, 0x0, 0xdf, 0xe0, 0xd, 0xfe, 0x0, 0xdf,
    0xe0, 0xd, 0xfe, 0x0, 0xdf, 0xe0, 0xd, 0xfe,
    0x0, 0xdf, 0xe0,

    /* U+00CD "Í" */
    0x6, 0xfd, 0x0, 0xdf, 0x40, 0x3c, 0x80, 0x0,
    0x0, 0x0, 0xdf, 0xe0, 0xd, 0xfe, 0x0, 0xdf,
    0xe0, 0xd, 0xfe, 0x0, 0xdf, 0xe0, 0xd, 0xfe,
    0x0, 0xdf, 0xe0, 0xd, 0xfe, 0x0, 0xdf, 0xe0,
    0xd, 0xfe, 0x0, 0xdf, 0xe0, 0xd, 0xfe, 0x0,
    0xdf, 0xe0, 0x0,

    /* U+00CE "Î" */
    0x0, 0x2d, 0xfe, 0x20, 0x0, 0x2e, 0xf6, 0xfe,
    0x20, 0x6, 0x84, 0x3, 0x86, 0x0, 0x0, 0x0,
    0x0, 0x0, 0x0, 0xd, 0xfe, 0x0, 0x0, 0x0,
    0xdf, 0xe0, 0x0, 0x0, 0xd, 0xfe, 0x0, 0x0,
    0x0, 0xdf, 0xe0, 0x0, 0x0, 0xd, 0xfe, 0x0,
    0x0, 0x0, 0xdf, 0xe0, 0x0, 0x0, 0xd, 0xfe,
    0x0, 0x0, 0x0, 0xdf, 0xe0, 0x0, 0x0, 0xd,
    0xfe, 0x0, 0x0, 0x0, 0xdf, 0xe0, 0x0, 0x0,
    0xd, 0xfe, 0x0, 0x0, 0x0, 0xdf, 0xe0, 0x0,
    0x0, 0xd, 0xfe, 0x0, 0x0,

    /* U+00CF "Ï" */
    0x6f, 0x80, 0x7f, 0x7a, 0xfd, 0xc, 0xfb, 0x28,
    0x30, 0x28, 0x20, 0x0, 0x0, 0x0, 0x0, 0xdf,
    0xe0, 0x0, 0xd, 0xfe, 0x0, 0x0, 0xdf, 0xe0,
    0x0, 0xd, 0xfe, 0x0, 0x0, 0xdf, 0xe0, 0x0,
    0xd, 0xfe, 0x0, 0x0, 0xdf, 0xe0, 0x0, 0xd,
    0xfe, 0x0, 0x0, 0xdf, 0xe0, 0x0, 0xd, 0xfe,
    0x0, 0x0, 0xdf, 0xe0, 0x0, 0xd, 0xfe, 0x0,
    0x0, 0xdf, 0xe0, 0x0,

    /* U+00D0 "Ð" */
    0x2, 0xff, 0xff, 0xfe, 0xc6, 0x0, 0x0, 0x2f,
    0xff, 0xff, 0xff, 0xfc, 0x10, 0x2, 0xff, 0xb5,
    0x57, 0xcf, 0xfc, 0x0, 0x2f, 0xf8, 0x0, 0x0,
    0xaf, 0xf4, 0x2, 0xff, 0x80, 0x0, 0x2, 0xff,
    0x9a, 0xdf, 0xfe, 0xdd, 0x40, 0xe, 0xfc, 0xdf,
    0xff, 0xff, 0xf5, 0x0, 0xdf, 0xd0, 0x2f, 0xf8,
    0x0, 0x0, 0xe, 0xfc, 0x2, 0xff, 0x80, 0x0,
    0x2, 0xff, 0x90, 0x2f, 0xf8, 0x0, 0x0, 0xaf,
    0xf4, 0x2, 0xff, 0xb5, 0x57, 0xcf, 0xfc, 0x0,
    0x2f, 0xff, 0xff, 0xff, 0xfc, 0x10, 0x2, 0xff,
    0xff, 0xfe, 0xb6, 0x0, 0x0,

    /* U+00D1 "Ñ" */
    0x0, 0x0, 0x10, 0x1, 0x20, 0x0, 0x0, 0x9,
    0xfe, 0x4b, 0xd0, 0x0, 0x0, 0x1f, 0x9a, 0xff,
    0x70, 0x0, 0x0, 0x5, 0x10, 0x33, 0x0, 0x0,
    0x0, 0x0, 0x0, 0x0, 0x0, 0x0, 0xdf, 0xf7,
    0x0, 0x0, 0x3f, 0xf8, 0xdf, 0xff, 0x20, 0x0,
    0x3f, 0xf8, 0xdf, 0xff, 0xb0, 0x0, 0x3f, 0xf8,
    0xdf, 0xef, 0xf5, 0x0, 0x3f, 0xf8, 0xdf, 0xd9,
    0xfe, 0x10, 0x3f, 0xf8, 0xdf, 0xe1, 0xff, 0x90,
    0x3f, 0xf8, 0xdf, 0xe0, 0x7f, 0xf3, 0x3f, 0xf8,
    0xdf, 0xe0, 0xd, 0xfc, 0x2f, 0xf8, 0xdf, 0xe0,
    0x4, 0xff, 0x7f, 0xf8, 0xdf, 0xe0, 0x0, 0xaf,
    0xdf, 0xf8, 0xdf, 0xe0, 0x0, 0x1e, 0xff, 0xf8,
    0xdf, 0xe0, 0x0, 0x6, 0xff, 0xf8, 0xdf, 0xe0,
    0x0, 0x0, 0xcf, 0xf8,

    /* U+00D2 "Ò" */
    0x0, 0x0, 0x7f, 0xd0, 0x0, 0x0, 0x0, 0x0,
    0x0, 0xc, 0xf5, 0x0, 0x0, 0x0, 0x0, 0x0,
    0x2, 0xc8, 0x0, 0x0, 0x0, 0x0, 0x0, 0x0,
    0x0, 0x0, 0x0, 0x0, 0x0, 0x1, 0x8d, 0xff,
    0xd7, 0x0, 0x0, 0x0, 0x3e, 0xff, 0xff, 0xff,
    0xe2, 0x0, 0x1, 0xff, 0xfb, 0x67, 0xcf, 0xfe,
    0x0, 0x9, 0xff, 0x70, 0x0, 0x9, 0xff, 0x70,
    0xe, 0xfe, 0x0, 0x0, 0x0, 0xff, 0xc0, 0x1f,
    0xfa, 0x0, 0x0, 0x0, 0xcf, 0xf0, 0x2f, 0xf8,
    0x0, 0x0, 0x0, 0xbf, 0xf0, 0x1f, 0xfa, 0x0,
    0x0, 0x0, 0xcf, 0xf0, 0xe, 0xfd, 0x0, 0x0,
    0x0, 0xff, 0xc0, 0x9, 0xff, 0x70, 0x0, 0x9,
    0xff, 0x70, 0x1, 0xff, 0xfb, 0x67, 0xcf, 0xfe,
    0x0, 0x0, 0x3e, 0xff, 0xff, 0xff, 0xe2, 0x0,
    0x0, 0x1, 0x8d, 0xff, 0xd7, 0x0, 0x0,

    /* U+00D3 "Ó" */
    0x0, 0x0, 0x0, 0x1f, 0xf5, 0x0, 0x0, 0x0,
    0x0, 0x0, 0x7f, 0xa0, 0x0, 0x0, 0x0, 0x0,
    0x0, 0xab, 0x10, 0x0, 0x0, 0x0, 0x0, 0x0,
    0x0, 0x0, 0x0, 0x0, 0x0, 0x1, 0x8d, 0xff,
    0xd7, 0x0, 0x0, 0x0, 0x3e, 0xff, 0xff, 0xff,
    0xe2, 0x0, 0x1, 0xff, 0xfb, 0x67, 0xcf, 0xfe,
    0x0, 0x9, 0xff, 0x70, 0x0, 0x9, 0xff, 0x70,
    0xe, 0xfe, 0x0, 0x0, 0x0, 0xff, 0xc0, 0x1f,
    0xfa, 0x0, 0x0, 0x0, 0xcf, 0xf0, 0x2f, 0xf8,
    0x0, 0x0, 0x0, 0xbf, 0xf0, 0x1f, 0xfa, 0x0,
    0x0, 0x0, 0xcf, 0xf0, 0xe, 0xfd, 0x0, 0x0,
    0x0, 0xff, 0xc0, 0x9, 0xff, 0x70, 0x0, 0x9,
    0xff, 0x70, 0x1, 0xff, 0xfb, 0x67, 0xcf, 0xfe,
    0x0, 0x0, 0x3e, 0xff, 0xff, 0xff, 0xe2, 0x0,
    0x0, 0x1, 0x8d, 0xff, 0xd7, 0x0, 0x0,

    /* U+00D4 "Ô" */
    0x0, 0x0, 0x2, 0x88, 0x10, 0x0, 0x0, 0x0,
    0x0, 0x1d, 0xff, 0xc0, 0x0, 0x0, 0x0, 0x0,
    0xcf, 0x68, 0xfa, 0x0, 0x0, 0x0, 0x3, 0x86,
    0x0, 0x78, 0x20, 0x0, 0x0, 0x0, 0x0, 0x0,
    0x0, 0x0, 0x0, 0x0, 0x1, 0x8d, 0xff, 0xd7,
    0x0, 0x0, 0x0, 0x3e, 0xff, 0xff, 0xff, 0xe2,
    0x0, 0x1, 0xff, 0xfb, 0x67, 0xcf, 0xfe, 0x0,
    0x9, 0xff, 0x70, 0x0, 0x9, 0xff, 0x70, 0xe,
    0xfe, 0x0, 0x0, 0x0, 0xff, 0xc0, 0x1f, 0xfa,
    0x0, 0x0, 0x0, 0xcf, 0xf0, 0x2f, 0xf8, 0x0,
    0x0, 0x0, 0xbf, 0xf0, 0x1f, 0xfa, 0x0, 0x0,
    0x0, 0xcf, 0xf0, 0xe, 0xfd, 0x0, 0x0, 0x0,
    0xff, 0xc0, 0x9, 0xff, 0x70, 0x0, 0x9, 0xff,
    0x70, 0x1, 0xff, 0xfb, 0x67, 0xcf, 0xfe, 0x0,
    0x0, 0x3e, 0xff, 0xff, 0xff, 0xe2, 0x0, 0x0,
    0x1, 0x8d, 0xff, 0xd7, 0x0, 0x0,

    /* U+00D5 "Õ" */
    0x0, 0x0, 0x1, 0x0, 0x12, 0x0, 0x0, 0x0,
    0x0, 0x8f, 0xe5, 0xae, 0x0, 0x0, 0x0, 0x0,
    0xfa, 0x9f, 0xf8, 0x0, 0x0, 0x0, 0x0, 0x51,
    0x2, 0x40, 0x0, 0x0, 0x0, 0x0, 0x0, 0x0,
    0x0, 0x0, 0x0, 0x0, 0x1, 0x8d, 0xff, 0xd7,
    0x0, 0x0, 0x0, 0x3e, 0xff, 0xff, 0xff, 0xe2,
    0x0, 0x1, 0xff, 0xfb, 0x67, 0xcf, 0xfe, 0x0,
    0x9, 0xff, 0x70, 0x0, 0x9, 0xff, 0x70, 0xe,
    0xfe, 0x0, 0x0, 0x0, 0xff, 0xc0, 0x1f, 0xfa,
    0x0, 0x0, 0x0, 0xcf, 0xf0, 0x2f, 0xf8, 0x0,
    0x0, 0x0, 0xbf, 0xf0, 0x1f, 0xfa, 0x0, 0x0,
    0x0, 0xcf, 0xf0, 0xe, 0xfd, 0x0, 0x0, 0x0,
    0xff, 0xc0, 0x9, 0xff, 0x70, 0x0, 0x9, 0xff,
    0x70, 0x1, 0xff, 0xfb, 0x67, 0xcf, 0xfe, 0x0,
    0x0, 0x3e, 0xff, 0xff, 0xff, 0xe2, 0x0, 0x0,
    0x1, 0x8d, 0xff, 0xd7, 0x0, 0x0,

    /* U+00D6 "Ö" */
    0x0, 0x1, 0xdd, 0x12, 0xec, 0x0, 0x0, 0x0,
    0x4, 0xff, 0x36, 0xff, 0x20, 0x0, 0x0, 0x0,
    0x76, 0x0, 0x76, 0x0, 0x0, 0x0, 0x0, 0x0,
    0x0, 0x0, 0x0, 0x0, 0x0, 0x1, 0x8d, 0xff,
    0xd7, 0x0, 0x0, 0x0, 0x3e, 0xff, 0xff, 0xff,
    0xe2, 0x0, 0x1, 0xff, 0xfb, 0x67, 0xcf, 0xfe,
    0x0, 0x9, 0xff, 0x70, 0x0, 0x9, 0xff, 0x70,
    0xe, 0xfe, 0x0, 0x0, 0x0, 0xff, 0xc0, 0x1f,
    0xfa, 0x0, 0x0, 0x0, 0xcf, 0xf0, 0x2f, 0xf8,
    0x0, 0x0, 0x0, 0xbf, 0xf0, 0x1f, 0xfa, 0x0,
    0x0, 0x0, 0xcf, 0xf0, 0xe, 0xfd, 0x0, 0x0,
    0x0, 0xff, 0xc0, 0x9, 0xff, 0x70, 0x0, 0x9,
    0xff, 0x70, 0x1, 0xff, 0xfb, 0x67, 0xcf, 0xfe,
    0x0, 0x0, 0x3e, 0xff, 0xff, 0xff, 0xe2, 0x0,
    0x0, 0x1, 0x8d, 0xff, 0xd7, 0x0, 0x0,

    /* U+00D7 "×" */
    0x4, 0x80, 0x0, 0x5, 0x70, 0x3f, 0xf8, 0x0,
    0x4f, 0xf6, 0xb, 0xff, 0x84, 0xff, 0xe2, 0x0,
    0xbf, 0xff, 0xfe, 0x20, 0x0, 0xc, 0xff, 0xf2,
    0x0, 0x0, 0x4f, 0xff, 0xf8, 0x0, 0x4, 0xff,
    0xec, 0xff, 0x70, 0x3f, 0xfe, 0x20, 0xbf, 0xf6,
    0xb, 0xe2, 0x0, 0xb, 0xe1, 0x0, 0x10, 0x0,
    0x0, 0x10,

    /* U+00D8 "Ø" */
    0x0, 0x0, 0x0, 0x0, 0x0, 0x11, 0x0, 0x0,
    0x1, 0x8d, 0xff, 0xd7, 0xae, 0x10, 0x0, 0x3e,
    0xff, 0xff, 0xff, 0xf9, 0x0, 0x1, 0xff, 0xfb,
    0x67, 0xdf, 0xfe, 0x0, 0x9, 0xff, 0x70, 0x0,
    0xdf, 0xff, 0x70, 0xe, 0xfe, 0x0, 0x9, 0xf6,
    0xff, 0xc0, 0x1f, 0xfa, 0x0, 0x5f, 0xa0, 0xcf,
    0xf0, 0x2f, 0xf8, 0x1, 0xed, 0x0, 0xbf, 0xf0,
    0x1f, 0xfa, 0xc, 0xf3, 0x0, 0xcf, 0xf0, 0xe,
    0xfd, 0x8f, 0x70, 0x0, 0xff, 0xc0, 0x9, 0xff,
    0xfb, 0x0, 0x9, 0xff, 0x70, 0x1, 0xff, 0xfb,
    0x67, 0xcf, 0xfe, 0x0, 0x0, 0xbf, 0xff, 0xff,
    0xff, 0xe2, 0x0, 0x2, 0xf9, 0x8d, 0xff, 0xd7,
    0x0, 0x0, 0x0, 0x20, 0x0, 0x0, 0x0, 0x0,
    0x0,

    /* U+00D9 "Ù" */
    0x0, 0xc, 0xf8, 0x0, 0x0, 0x0, 0x0, 0x2f,
    0xe0, 0x0, 0x0, 0x0, 0x0, 0x6c, 0x40, 0x0,
    0x0, 0x0, 0x0, 0x0, 0x0, 0x0, 0xdf, 0xe0,
    0x0, 0x0, 0xbf, 0xfd, 0xfe, 0x0, 0x0, 0xb,
    0xff, 0xdf, 0xe0, 0x0, 0x0, 0xbf, 0xfd, 0xfe,
    0x0, 0x0, 0xb, 0xff, 0xdf, 0xe0, 0x0, 0x0,
    0xbf, 0xfd, 0xfe, 0x0, 0x0, 0xb, 0xff, 0xdf,
    0xe0, 0x0, 0x0, 0xbf, 0xfd, 0xfe, 0x0, 0x0,
    0xb, 0xff, 0xcf, 0xe0, 0x0, 0x0, 0xbf, 0xfa,
    0xff, 0x50, 0x0, 0x2f, 0xfd, 0x4f, 0xff, 0x96,
    0x8f, 0xff, 0x70, 0x8f, 0xff, 0xff, 0xff, 0xa0,
    0x0, 0x4b, 0xef, 0xeb, 0x50, 0x0,

    /* U+00DA "Ú" */
    0x0, 0x0, 0x5, 0xfe, 0x10, 0x0, 0x0, 0x0,
    0xcf, 0x50, 0x0, 0x0, 0x0, 0x2c, 0x80, 0x0,
    0x0, 0x0, 0x0, 0x0, 0x0, 0x0, 0xdf, 0xe0,
    0x0, 0x0, 0xbf, 0xfd, 0xfe, 0x0, 0x0, 0xb,
    0xff, 0xdf, 0xe0, 0x0, 0x0, 0xbf, 0xfd, 0xfe,
    0x0, 0x0, 0xb, 0xff, 0xdf, 0xe0, 0x0, 0x0,
    0xbf, 0xfd, 0xfe, 0x0, 0x0, 0xb, 0xff, 0xdf,
    0xe0, 0x0, 0x0, 0xbf, 0xfd, 0xfe, 0x0, 0x0,
    0xb, 0xff, 0xcf, 0xe0, 0x0, 0x0, 0xbf, 0xfa,
    0xff, 0x50, 0x0, 0x2f, 0xfd, 0x4f, 0xff, 0x96,
    0x8f, 0xff, 0x70, 0x8f, 0xff, 0xff, 0xff, 0xa0,
    0x0, 0x4b, 0xef, 0xeb, 0x50, 0x0,

    /* U+00DB "Û" */
    0x0, 0x0, 0x58, 0x60, 0x0, 0x0, 0x0, 0x4f,
    0xff, 0x70, 0x0, 0x0, 0x3f, 0xf2, 0xdf, 0x40,
    0x0, 0x6, 0x84, 0x2, 0x87, 0x0, 0x0, 0x0,
    0x0, 0x0, 0x0, 0xd, 0xfe, 0x0, 0x0, 0xb,
    0xff, 0xdf, 0xe0, 0x0, 0x0, 0xbf, 0xfd, 0xfe,
    0x0, 0x0, 0xb, 0xff, 0xdf, 0xe0, 0x0, 0x0,
    0xbf, 0xfd, 0xfe, 0x0, 0x0, 0xb, 0xff, 0xdf,
    0xe0, 0x0, 0x0, 0xbf, 0xfd, 0xfe, 0x0, 0x0,
    0xb, 0xff, 0xdf, 0xe0, 0x0, 0x0, 0xbf, 0xfc,
    0xfe, 0x0, 0x0, 0xb, 0xff, 0xaf, 0xf5, 0x0,
    0x2, 0xff, 0xd4, 0xff, 0xf9, 0x68, 0xff, 0xf7,
    0x8, 0xff, 0xff, 0xff, 0xfa, 0x0, 0x4, 0xbe,
    0xfe, 0xb5, 0x0,

    /* U+00DC "Ü" */
    0x0, 0x5f, 0x90, 0x7f, 0x80, 0x0, 0x9, 0xfe,
    0xb, 0xfc, 0x0, 0x0, 0x18, 0x30, 0x28, 0x30,
    0x0, 0x0, 0x0, 0x0, 0x0, 0x0, 0xdf, 0xe0,
    0x0, 0x0, 0xbf, 0xfd, 0xfe, 0x0, 0x0, 0xb,
    0xff, 0xdf, 0xe0, 0x0, 0x0, 0xbf, 0xfd, 0xfe,
    0x0, 0x0, 0xb, 0xff, 0xdf, 0xe0, 0x0, 0x0,
    0xbf, 0xfd, 0xfe, 0x0, 0x0, 0xb, 0xff, 0xdf,
    0xe0, 0x0, 0x0, 0xbf, 0xfd, 0xfe, 0x0, 0x0,
    0xb, 0xff, 0xcf, 0xe0, 0x0, 0x0, 0xbf, 0xfa,
    0xff, 0x50, 0x0, 0x2f, 0xfd, 0x4f, 0xff, 0x96,
    0x8f, 0xff, 0x70, 0x8f, 0xff, 0xff, 0xff, 0xa0,
    0x0, 0x4b, 0xef, 0xeb, 0x50, 0x0,

    /* U+00DD "Ý" */
    0x0, 0x0, 0x0, 0x6f, 0xe1, 0x0, 0x0, 0x0,
    0x0, 0xd, 0xf4, 0x0, 0x0, 0x0, 0x0, 0x2,
    0xc8, 0x0, 0x0, 0x0, 0x0, 0x0, 0x0, 0x0,
    0x0, 0x0, 0x4f, 0xfd, 0x0, 0x0, 0xa, 0xff,
    0x70, 0xaf, 0xf6, 0x0, 0x3, 0xff, 0xd0, 0x1,
    0xff, 0xe0, 0x0, 0xbf, 0xf4, 0x0, 0x7, 0xff,
    0x70, 0x4f, 0xfa, 0x0, 0x0, 0xd, 0xff, 0x1c,
    0xff, 0x10, 0x0, 0x0, 0x4f, 0xfb, 0xff, 0x70,
    0x0, 0x0, 0x0, 0xaf, 0xff, 0xd0, 0x0, 0x0,
    0x0, 0x1, 0xff, 0xf5, 0x0, 0x0, 0x0, 0x0,
    0xb, 0xff, 0x0, 0x0, 0x0, 0x0, 0x0, 0xbf,
    0xf0, 0x0, 0x0, 0x0, 0x0, 0xb, 0xff, 0x0,
    0x0, 0x0, 0x0, 0x0, 0xbf, 0xf0, 0x0, 0x0,
    0x0, 0x0, 0xb, 0xff, 0x0, 0x0, 0x0,

    /* U+00DE "Þ" */
    0xdf, 0xd0, 0x0, 0x0, 0x0, 0xdf, 0xd0, 0x0,
    0x0, 0x0, 0xdf, 0xff, 0xff, 0xc6, 0x0, 0xdf,
    0xff, 0xff, 0xff, 0xb0, 0xdf, 0xd1, 0x12, 0xaf,
    0xf5, 0xdf, 0xd0, 0x0, 0xf, 0xf9, 0xdf, 0xd0,
    0x0, 0xf, 0xf9, 0xdf, 0xd0, 0x1, 0x9f, 0xf5,
    0xdf, 0xff, 0xff, 0xff, 0xc0, 0xdf, 0xff, 0xff,
    0xe7, 0x0, 0xdf, 0xd1, 0x10, 0x0, 0x0, 0xdf,
    0xd0, 0x0, 0x0, 0x0, 0xdf, 0xd0, 0x0, 0x0,
    0x0,

    /* U+00DF "ß" */
    0x2, 0xae, 0xff, 0xc6, 0x0, 0x2, 0xff, 0xff,
    0xff, 0xfa, 0x0, 0xaf, 0xfa, 0x45, 0xef, 0xf2,
    0xc, 0xfe, 0x0, 0x8, 0xff, 0x30, 0xdf, 0xd0,
    0x1, 0xcf, 0xd0, 0xd, 0xfd, 0xb, 0xff, 0xc2,
    0x0, 0xdf, 0xd0, 0xbf, 0xff, 0xd2, 0xd, 0xfd,
    0x1, 0x16, 0xff, 0xc0, 0xdf, 0xd0, 0x0, 0x9,
    0xff, 0x1d, 0xfd, 0x0, 0x0, 0x9f, 0xf1, 0xdf,
    0xd0, 0x22, 0x6f, 0xfe, 0xd, 0xfd, 0xc, 0xff,
    0xff, 0x60, 0xdf, 0xd0, 0xcf, 0xfc, 0x50, 0x0,

    /* U+00E0 "à" */
    0x0, 0x3f, 0xf2, 0x0, 0x0, 0x0, 0x8, 0xf9,
    0x0, 0x0, 0x0, 0x0, 0xbb, 0x0, 0x0, 0x0,
    0x0, 0x0, 0x0, 0x0, 0x0, 0x5c, 0xff, 0xd7,
    0x0, 0x7, 0xff, 0xff, 0xff, 0xb0, 0xc, 0xfb,
    0x10, 0x9f, 0xf3, 0x0, 0x0, 0x0, 0x7f, 0xf5,
    0x0, 0x7b, 0xdf, 0xff, 0xf5, 0xd, 0xff, 0xc9,
    0x9f, 0xf5, 0x5f, 0xf5, 0x0, 0x5f, 0xf5, 0x6f,
    0xf5, 0x1, 0xcf, 0xf5, 0x1f, 0xff, 0xef, 0xdf,
    0xf5, 0x3, 0xcf, 0xfa, 0x3f, 0xf5,

    /* U+00E1 "á" */
    0x0, 0x0, 0xc, 0xf9, 0x0, 0x0, 0x0, 0x3f,
    0xd0, 0x0, 0x0, 0x0, 0x7c, 0x30, 0x0, 0x0,
    0x0, 0x0, 0x0, 0x0, 0x0, 0x5c, 0xff, 0xd7,
    0x0, 0x7, 0xff, 0xff, 0xff, 0xb0, 0xc, 0xfb,
    0x10, 0x9f, 0xf3, 0x0, 0x0, 0x0, 0x7f, 0xf5,
    0x0, 0x7b, 0xdf, 0xff, 0xf5, 0xd, 0xff, 0xc9,
    0x9f, 0xf5, 0x5f, 0xf5, 0x0, 0x5f, 0xf5, 0x6f,
    0xf5, 0x1, 0xcf, 0xf5, 0x1f, 0xff, 0xef, 0xdf,
    0xf5, 0x3, 0xcf, 0xfa, 0x3f, 0xf5,

    /* U+00E2 "â" */
    0x0, 0x5, 0xff, 0xa0, 0x0, 0x0, 0x6f, 0xc7,
    0xfb, 0x0, 0x1, 0x77, 0x10, 0x68, 0x30, 0x0,
    0x0, 0x0, 0x0, 0x0, 0x0, 0x5c, 0xff, 0xd7,
    0x0, 0x7, 0xff, 0xff, 0xff, 0xb0, 0xc, 0xfb,
    0x10, 0x9f, 0xf3, 0x0, 0x0, 0x0, 0x7f, 0xf5,
    0x0, 0x7b, 0xdf, 0xff, 0xf5, 0xd, 0xff, 0xc9,
    0x9f, 0xf5, 0x5f, 0xf5, 0x0, 0x5f, 0xf5, 0x6f,
    0xf5, 0x1, 0xcf, 0xf5, 0x1f, 0xff, 0xef, 0xdf,
    0xf5, 0x3, 0xcf, 0xfa, 0x3f, 0xf5,

    /* U+00E3 "ã" */
    0x0, 0x6, 0x72, 0x28, 0x10, 0x0, 0xaf, 0xff,
    0xfe, 0x0, 0x0, 0x65, 0x15, 0x72, 0x0, 0x0,
    0x0, 0x0, 0x0, 0x0, 0x0, 0x5c, 0xff, 0xd7,
    0x0, 0x7, 0xff, 0xff, 0xff, 0xb0, 0xc, 0xfb,
    0x10, 0x9f, 0xf3, 0x0, 0x0, 0x0, 0x7f, 0xf5,
    0x0, 0x7b, 0xdf, 0xff, 0xf5, 0xd, 0xff, 0xc9,
    0x9f, 0xf5, 0x5f, 0xf5, 0x0, 0x5f, 0xf5, 0x6f,
    0xf5, 0x1, 0xcf, 0xf5, 0x1f, 0xff, 0xef, 0xdf,
    0xf5, 0x3, 0xcf, 0xfa, 0x3f, 0xf5,

    /* U+00E4 "ä" */
    0x0, 0x36, 0x0, 0x46, 0x0, 0x0, 0xff, 0x71,
    0xff, 0x60, 0x0, 0xcf, 0x40, 0xdf, 0x30, 0x0,
    0x0, 0x0, 0x0, 0x0, 0x0, 0x5c, 0xff, 0xd7,
    0x0, 0x7, 0xff, 0xff, 0xff, 0xb0, 0xc, 0xfb,
    0x10, 0x9f, 0xf3, 0x0, 0x0, 0x0, 0x7f, 0xf5,
    0x0, 0x7b, 0xdf, 0xff, 0xf5, 0xd, 0xff, 0xc9,
    0x9f, 0xf5, 0x5f, 0xf5, 0x0, 0x5f, 0xf5, 0x6f,
    0xf5, 0x1, 0xcf, 0xf5, 0x1f, 0xff, 0xef, 0xdf,
    0xf5, 0x3, 0xcf, 0xfa, 0x3f, 0xf5,

    /* U+00E5 "å" */
    0x0, 0x0, 0x0, 0x0, 0x0, 0x0, 0x5, 0xef,
    0xa0, 0x0, 0x0, 0x1f, 0x84, 0xe7, 0x0, 0x0,
    0x2f, 0x51, 0xe8, 0x0, 0x0, 0x8, 0xff, 0xd1,
    0x0, 0x0, 0x0, 0x12, 0x0, 0x0, 0x0, 0x5c,
    0xff, 0xd7, 0x0, 0x7, 0xff, 0xff, 0xff, 0xb0,
    0xc, 0xfb, 0x10, 0x9f, 0xf3, 0x0, 0x0, 0x0,
    0x7f, 0xf5, 0x0, 0x7b, 0xdf, 0xff, 0xf5, 0xd,
    0xff, 0xc9, 0x9f, 0xf5, 0x5f, 0xf5, 0x0, 0x5f,
    0xf5, 0x6f, 0xf5, 0x1, 0xcf, 0xf5, 0x1f, 0xff,
    0xef, 0xdf, 0xf5, 0x3, 0xcf, 0xfa, 0x3f, 0xf5,

    /* U+00E6 "æ" */
    0x0, 0x5c, 0xff, 0xd5, 0x3b, 0xff, 0xd6, 0x0,
    0x7, 0xff, 0xff, 0xff, 0xff, 0xff, 0xff, 0x90,
    0xc, 0xeb, 0x10, 0x9f, 0xfb, 0x10, 0x8f, 0xf3,
    0x0, 0x0, 0x0, 0x4f, 0xf2, 0x0, 0xe, 0xf8,
    0x1, 0x8d, 0xff, 0xff, 0xff, 0xff, 0xff, 0xfa,
    0xd, 0xff, 0xba, 0xcf, 0xfa, 0xaa, 0xaa, 0xa7,
    0x5f, 0xf4, 0x0, 0x5f, 0xf2, 0x0, 0x1, 0x0,
    0x5f, 0xf6, 0x2, 0xdf, 0xfb, 0x10, 0x5f, 0xf7,
    0x1f, 0xff, 0xff, 0xfb, 0xff, 0xff, 0xff, 0xd0,
    0x3, 0xcf, 0xfc, 0x60, 0x3b, 0xff, 0xd8, 0x10,

    /* U+00E7 "ç" */
    0x0, 0x29, 0xef, 0xe9, 0x10, 0x2, 0xef, 0xff,
    0xff, 0xe2, 0xb, 0xff, 0x61, 0x5f, 0xfa, 0x1f,
    0xfa, 0x0, 0x7, 0x84, 0x4f, 0xf7, 0x0, 0x0,
    0x0, 0x4f, 0xf7, 0x0, 0x0, 0x0, 0x1f, 0xfa,
    0x0, 0x7, 0x95, 0xb, 0xff, 0x61, 0x5f, 0xfa,
    0x2, 0xef, 0xff, 0xff, 0xe2, 0x0, 0x29, 0xef,
    0xea, 0x20, 0x0, 0x0, 0x2f, 0x30, 0x0, 0x0,
    0x0, 0x2a, 0xf8, 0x0, 0x0, 0x0, 0x1, 0xdb,
    0x0, 0x0, 0x0, 0x9f, 0xe4, 0x0,

    /* U+00E8 "è" */
    0x0, 0x1e, 0xf5, 0x0, 0x0, 0x0, 0x0, 0x5f,
    0xc0, 0x0, 0x0, 0x0, 0x0, 0x9c, 0x20, 0x0,
    0x0, 0x0, 0x0, 0x0, 0x0, 0x0, 0x0, 0x29,
    0xef, 0xe9, 0x10, 0x0, 0x2e, 0xff, 0xff, 0xfd,
    0x10, 0xb, 0xfe, 0x30, 0x4f, 0xf9, 0x1, 0xff,
    0x70, 0x0, 0x9f, 0xe0, 0x4f, 0xff, 0xff, 0xff,
    0xff, 0x4, 0xff, 0xca, 0xaa, 0xaa, 0xa0, 0x1f,
    0xf7, 0x0, 0x0, 0x0, 0x0, 0xcf, 0xe4, 0x2,
    0xde, 0x90, 0x2, 0xef, 0xff, 0xff, 0xf4, 0x0,
    0x2, 0xae, 0xfe, 0xb3, 0x0,

    /* U+00E9 "é" */
    0x0, 0x0, 0x9, 0xfc, 0x0, 0x0, 0x0, 0x0,
    0xff, 0x20, 0x0, 0x0, 0x0, 0x4c, 0x60, 0x0,
    0x0, 0x0, 0x0, 0x0, 0x0, 0x0, 0x0, 0x29,
    0xef, 0xe9, 0x10, 0x0, 0x2e, 0xff, 0xff, 0xfd,
    0x10, 0xb, 0xfe, 0x30, 0x4f, 0xf9, 0x1, 0xff,
    0x70, 0x0, 0x9f, 0xe0, 0x4f, 0xff, 0xff, 0xff,
    0xff, 0x4, 0xff, 0xca, 0xaa, 0xaa, 0xa0, 0x1f,
    0xf7, 0x0, 0x0, 0x0, 0x0, 0xcf, 0xe4, 0x2,
    0xde, 0x90, 0x2, 0xef, 0xff, 0xff, 0xf4, 0x0,
    0x2, 0xae, 0xfe, 0xb3, 0x0,

    /* U+00EA "ê" */
    0x0, 0x3, 0xef, 0xd1, 0x0, 0x0, 0x3, 0xfe,
    0x6f, 0xd1, 0x0, 0x0, 0x78, 0x20, 0x48, 0x50,
    0x0, 0x0, 0x0, 0x0, 0x0, 0x0, 0x0, 0x29,
    0xef, 0xe9, 0x10, 0x0, 0x2e, 0xff, 0xff, 0xfd,
    0x10, 0xb, 0xfe, 0x30, 0x4f, 0xf9, 0x1, 0xff,
    0x70, 0x0, 0x9f, 0xe0, 0x4f, 0xff, 0xff, 0xff,
    0xff, 0x4, 0xff, 0xca, 0xaa, 0xaa, 0xa0, 0x1f,
    0xf7, 0x0, 0x0, 0x0, 0x0, 0xcf, 0xe4, 0x2,
    0xde, 0x90, 0x2, 0xef, 0xff, 0xff, 0xf4, 0x0,
    0x2, 0xae, 0xfe, 0xb3, 0x0,

    /* U+00EB "ë" */
    0x0, 0x27, 0x10, 0x37, 0x10, 0x0, 0xc, 0xfa,
    0xe, 0xf9, 0x0, 0x0, 0x9f, 0x70, 0xaf, 0x60,
    0x0, 0x0, 0x0, 0x0, 0x0, 0x0, 0x0, 0x29,
    0xef, 0xe9, 0x10, 0x0, 0x2e, 0xff, 0xff, 0xfd,
    0x10, 0xb, 0xfe, 0x30, 0x4f, 0xf9, 0x1, 0xff,
    0x70, 0x0, 0x9f, 0xe0, 0x4f, 0xff, 0xff, 0xff,
    0xff, 0x4, 0xff, 0xca, 0xaa, 0xaa, 0xa0, 0x1f,
    0xf7, 0x0, 0x0, 0x0, 0x0, 0xcf, 0xe4, 0x2,
    0xde, 0x90, 0x2, 0xef, 0xff, 0xff, 0xf4, 0x0,
    0x2, 0xae, 0xfe, 0xb3, 0x0,

    /* U+00EC "ì" */
    0x1e, 0xf6, 0x0, 0x4f, 0xd0, 0x0, 0x8c, 0x20,
    0x0, 0x0, 0x0, 0xef, 0xc0, 0xe, 0xfc, 0x0,
    0xef, 0xc0, 0xe, 0xfc, 0x0, 0xef, 0xc0, 0xe,
    0xfc, 0x0, 0xef, 0xc0, 0xe, 0xfc, 0x0, 0xef,
    0xc0, 0xe, 0xfc,

    /* U+00ED "í" */
    0x8, 0xfc, 0x0, 0xef, 0x20, 0x4c, 0x60, 0x0,
    0x0, 0x0, 0xef, 0xc0, 0xe, 0xfc, 0x0, 0xef,
    0xc0, 0xe, 0xfc, 0x0, 0xef, 0xc0, 0xe, 0xfc,
    0x0, 0xef, 0xc0, 0xe, 0xfc, 0x0, 0xef, 0xc0,
    0xe, 0xfc, 0x0,

    /* U+00EE "î" */
    0x0, 0x1e, 0xfd, 0x0, 0x0, 0xcf, 0xaf, 0xb0,
    0xb, 0xf8, 0xa, 0xf9, 0x0, 0x0, 0x0, 0x0,
    0x0, 0xe, 0xfc, 0x0, 0x0, 0xe, 0xfc, 0x0,
    0x0, 0xe, 0xfc, 0x0, 0x0, 0xe, 0xfc, 0x0,
    0x0, 0xe, 0xfc, 0x0, 0x0, 0xe, 0xfc, 0x0,
    0x0, 0xe, 0xfc, 0x0, 0x0, 0xe, 0xfc, 0x0,
    0x0, 0xe, 0xfc, 0x0, 0x0, 0xe, 0xfc, 0x0,

    /* U+00EF "ï" */
    0x27, 0x10, 0x27, 0x1c, 0xfb, 0xd, 0xfa, 0x8f,
    0x80, 0xaf, 0x60, 0x0, 0x0, 0x0, 0x0, 0xef,
    0xc0, 0x0, 0xe, 0xfc, 0x0, 0x0, 0xef, 0xc0,
    0x0, 0xe, 0xfc, 0x0, 0x0, 0xef, 0xc0, 0x0,
    0xe, 0xfc, 0x0, 0x0, 0xef, 0xc0, 0x0, 0xe,
    0xfc, 0x0, 0x0, 0xef, 0xc0, 0x0, 0xe, 0xfc,
    0x0,

    /* U+00F0 "ð" */
    0x0, 0x22, 0x0, 0x0, 0x0, 0x0, 0x9, 0xfb,
    0x34, 0xc4, 0x0, 0x0, 0x19, 0xff, 0xf8, 0x10,
    0x0, 0x3, 0xcf, 0xef, 0x90, 0x0, 0x0, 0x98,
    0x12, 0xef, 0x60, 0x0, 0x1, 0x7a, 0x96, 0xff,
    0x10, 0x1, 0xef, 0xff, 0xfe, 0xf8, 0x0, 0xbf,
    0xe3, 0x5, 0xff, 0xd0, 0x1f, 0xf7, 0x0, 0xa,
    0xff, 0x3, 0xff, 0x40, 0x0, 0x6f, 0xf1, 0x4f,
    0xf4, 0x0, 0x6, 0xff, 0x1, 0xff, 0x80, 0x0,
    0xaf, 0xd0, 0xc, 0xff, 0x41, 0x6f, 0xf7, 0x0,
    0x2e, 0xff, 0xff, 0xfc, 0x0, 0x0, 0x2a, 0xef,
    0xe8, 0x0, 0x0,

    /* U+00F1 "ñ" */
    0x0, 0x47, 0x50, 0x65, 0x0, 0x3, 0xff, 0xff,
    0xf6, 0x0, 0x3, 0x70, 0x37, 0x50, 0x0, 0x0,
    0x0, 0x0, 0x0, 0x0, 0xef, 0x93, 0xcf, 0xe8,
    0x0, 0xef, 0xbe, 0xff, 0xff, 0x80, 0xef, 0xf8,
    0x24, 0xff, 0xe0, 0xef, 0xe0, 0x0, 0xaf, 0xf1,
    0xef, 0xc0, 0x0, 0x9f, 0xf1, 0xef, 0xc0, 0x0,
    0x9f, 0xf1, 0xef, 0xc0, 0x0, 0x9f, 0xf1, 0xef,
    0xc0, 0x0, 0x9f, 0xf1, 0xef, 0xc0, 0x0, 0x9f,
    0xf1, 0xef, 0xc0, 0x0, 0x9f, 0xf1,

    /* U+00F2 "ò" */
    0x0, 0xd, 0xf7, 0x0, 0x0, 0x0, 0x0, 0x3f,
    0xe0, 0x0, 0x0, 0x0, 0x0, 0x7c, 0x30, 0x0,
    0x0, 0x0, 0x0, 0x0, 0x0, 0x0, 0x0, 0x19,
    0xef, 0xea, 0x20, 0x0, 0x2e, 0xff, 0xff, 0xfe,
    0x20, 0xb, 0xff, 0x61, 0x6f, 0xfc, 0x1, 0xff,
    0xa0, 0x0, 0x9f, 0xf2, 0x4f, 0xf7, 0x0, 0x6,
    0xff, 0x44, 0xff, 0x70, 0x0, 0x6f, 0xf4, 0x1f,
    0xfa, 0x0, 0x9, 0xff, 0x20, 0xbf, 0xf6, 0x15,
    0xff, 0xc0, 0x2, 0xef, 0xff, 0xff, 0xe2, 0x0,
    0x1, 0x9e, 0xfe, 0xa2, 0x0,

    /* U+00F3 "ó" */
    0x0, 0x0, 0x7, 0xfd, 0x0, 0x0, 0x0, 0x0,
    0xdf, 0x30, 0x0, 0x0, 0x0, 0x3c, 0x70, 0x0,
    0x0, 0x0, 0x0, 0x0, 0x0, 0x0, 0x0, 0x19,
    0xef, 0xea, 0x20, 0x0, 0x2e, 0xff, 0xff, 0xfe,
    0x20, 0xb, 0xff, 0x61, 0x6f, 0xfc, 0x1, 0xff,
    0xa0, 0x0, 0x9f, 0xf2, 0x4f, 0xf7, 0x0, 0x6,
    0xff, 0x44, 0xff, 0x70, 0x0, 0x6f, 0xf4, 0x1f,
    0xfa, 0x0, 0x9, 0xff, 0x20, 0xbf, 0xf6, 0x15,
    0xff, 0xc0, 0x2, 0xef, 0xff, 0xff, 0xe2, 0x0,
    0x1, 0x9e, 0xfe, 0xa2, 0x0,

    /* U+00F4 "ô" */
    0x0, 0x2, 0xdf, 0xe2, 0x0, 0x0, 0x2, 0xef,
    0x6f, 0xe2, 0x0, 0x0, 0x68, 0x30, 0x38, 0x60,
    0x0, 0x0, 0x0, 0x0, 0x0, 0x0, 0x0, 0x19,
    0xef, 0xea, 0x20, 0x0, 0x2e, 0xff, 0xff, 0xfe,
    0x20, 0xb, 0xff, 0x61, 0x6f, 0xfc, 0x1, 0xff,
    0xa0, 0x0, 0x9f, 0xf2, 0x4f, 0xf7, 0x0, 0x6,
    0xff, 0x44, 0xff, 0x70, 0x0, 0x6f, 0xf4, 0x1f,
    0xfa, 0x0, 0x9, 0xff, 0x20, 0xbf, 0xf6, 0x15,
    0xff, 0xc0, 0x2, 0xef, 0xff, 0xff, 0xe2, 0x0,
    0x1, 0x9e, 0xfe, 0xa2, 0x0,

    /* U+00F5 "õ" */
    0x0, 0x4, 0x74, 0x7, 0x40, 0x0, 0x4, 0xff,
    0xff, 0xf5, 0x0, 0x0, 0x37, 0x4, 0x74, 0x0,
    0x0, 0x0, 0x0, 0x0, 0x0, 0x0, 0x0, 0x19,
    0xef, 0xea, 0x20, 0x0, 0x2e, 0xff, 0xff, 0xfe,
    0x20, 0xb, 0xff, 0x61, 0x6f, 0xfc, 0x1, 0xff,
    0xa0, 0x0, 0x9f, 0xf2, 0x4f, 0xf7, 0x0, 0x6,
    0xff, 0x44, 0xff, 0x70, 0x0, 0x6f, 0xf4, 0x1f,
    0xfa, 0x0, 0x9, 0xff, 0x20, 0xbf, 0xf6, 0x15,
    0xff, 0xc0, 0x2, 0xef, 0xff, 0xff, 0xe2, 0x0,
    0x1, 0x9e, 0xfe, 0xa2, 0x0,

    /* U+00F6 "ö" */
    0x0, 0x17, 0x20, 0x27, 0x10, 0x0, 0xa, 0xfc,
    0xc, 0xfb, 0x0, 0x0, 0x7f, 0x90, 0x9f, 0x70,
    0x0, 0x0, 0x0, 0x0, 0x0, 0x0, 0x0, 0x19,
    0xef, 0xea, 0x20, 0x0, 0x2e, 0xff, 0xff, 0xfe,
    0x20, 0xb, 0xff, 0x61, 0x6f, 0xfc, 0x1, 0xff,
    0xa0, 0x0, 0x9f, 0xf2, 0x4f, 0xf7, 0x0, 0x6,
    0xff, 0x44, 0xff, 0x70, 0x0, 0x6f, 0xf4, 0x1f,
    0xfa, 0x0, 0x9, 0xff, 0x20, 0xbf, 0xf6, 0x15,
    0xff, 0xc0, 0x2, 0xef, 0xff, 0xff, 0xe2, 0x0,
    0x1, 0x9e, 0xfe, 0xa2, 0x0,

    /* U+00F7 "÷" */
    0x0, 0x1, 0xde, 0x30, 0x0, 0x0, 0x6, 0xff,
    0x90, 0x0, 0x0, 0x1, 0xdf, 0x30, 0x0, 0x2,
    0x22, 0x22, 0x22, 0x21, 0x5f, 0xff, 0xff, 0xff,
    0xf9, 0x5f, 0xff, 0xff, 0xff, 0xf9, 0x0, 0x0,
    0x0, 0x0, 0x0, 0x0, 0x1, 0xdf, 0x30, 0x0,
    0x0, 0x5, 0xff, 0x90, 0x0, 0x0, 0x1, 0xde,
    0x30, 0x0,

    /* U+00F8 "ø" */
    0x0, 0x0, 0x0, 0x0, 0x1, 0x0, 0x1, 0x9e,
    0xfe, 0xa6, 0xf1, 0x2, 0xef, 0xff, 0xff, 0xf8,
    0x0, 0xbf, 0xf6, 0x18, 0xff, 0xc0, 0x1f, 0xfa,
    0x1, 0xdf, 0xff, 0x24, 0xff, 0x70, 0xcc, 0x7f,
    0xf4, 0x4f, 0xf7, 0xad, 0x16, 0xff, 0x41, 0xff,
    0xfe, 0x20, 0x9f, 0xf2, 0xb, 0xff, 0x81, 0x5f,
    0xfc, 0x0, 0x6f, 0xff, 0xff, 0xfe, 0x20, 0x1f,
    0x89, 0xef, 0xea, 0x20, 0x0, 0x20, 0x0, 0x0,
    0x0, 0x0,

    /* U+00F9 "ù" */
    0x0, 0xcf, 0x80, 0x0, 0x0, 0x0, 0x2f, 0xf0,
    0x0, 0x0, 0x0, 0x6, 0xc4, 0x0, 0x0, 0x0,
    0x0, 0x0, 0x0, 0x0, 0xef, 0xc0, 0x0, 0x9f,
    0xf1, 0xef, 0xc0, 0x0, 0x9f, 0xf1, 0xef, 0xc0,
    0x0, 0x9f, 0xf1, 0xef, 0xc0, 0x0, 0x9f, 0xf1,
    0xef, 0xc0, 0x0, 0x9f, 0xf1, 0xef, 0xc0, 0x0,
    0x9f, 0xf1, 0xdf, 0xd0, 0x0, 0xbf, 0xf1, 0xbf,
    0xf9, 0x47, 0xff, 0xf1, 0x5f, 0xff, 0xff, 0xaf,
    0xf1, 0x6, 0xdf, 0xd5, 0x6f, 0xf1,

    /* U+00FA "ú" */
    0x0, 0x0, 0x5f, 0xe1, 0x0, 0x0, 0x0, 0xcf,
    0x50, 0x0, 0x0, 0x2, 0xc8, 0x0, 0x0, 0x0,
    0x0, 0x0, 0x0, 0x0, 0xef, 0xc0, 0x0, 0x9f,
    0xf1, 0xef, 0xc0, 0x0, 0x9f, 0xf1, 0xef, 0xc0,
    0x0, 0x9f, 0xf1, 0xef, 0xc0, 0x0, 0x9f, 0xf1,
    0xef, 0xc0, 0x0, 0x9f, 0xf1, 0xef, 0xc0, 0x0,
    0x9f, 0xf1, 0xdf, 0xd0, 0x0, 0xbf, 0xf1, 0xbf,
    0xf9, 0x47, 0xff, 0xf1, 0x5f, 0xff, 0xff, 0xaf,
    0xf1, 0x6, 0xdf, 0xd5, 0x6f, 0xf1,

    /* U+00FB "û" */
    0x0, 0x1d, 0xfe, 0x30, 0x0, 0x1, 0xdf, 0x6e,
    0xe3, 0x0, 0x5, 0x84, 0x2, 0x87, 0x0, 0x0,
    0x0, 0x0, 0x0, 0x0, 0xef, 0xc0, 0x0, 0x9f,
    0xf1, 0xef, 0xc0, 0x0, 0x9f, 0xf1, 0xef, 0xc0,
    0x0, 0x9f, 0xf1, 0xef, 0xc0, 0x0, 0x9f, 0xf1,
    0xef, 0xc0, 0x0, 0x9f, 0xf1, 0xef, 0xc0, 0x0,
    0x9f, 0xf1, 0xdf, 0xd0, 0x0, 0xbf, 0xf1, 0xbf,
    0xf9, 0x47, 0xff, 0xf1, 0x5f, 0xff, 0xff, 0xaf,
    0xf1, 0x6, 0xdf, 0xd5, 0x6f, 0xf1,

    /* U+00FC "ü" */
    0x1, 0x73, 0x1, 0x72, 0x0, 0x9, 0xfe, 0xb,
    0xfc, 0x0, 0x5, 0xfa, 0x7, 0xf9, 0x0, 0x0,
    0x0, 0x0, 0x0, 0x0, 0xef, 0xc0, 0x0, 0x9f,
    0xf1, 0xef, 0xc0, 0x0, 0x9f, 0xf1, 0xef, 0xc0,
    0x0, 0x9f, 0xf1, 0xef, 0xc0, 0x0, 0x9f, 0xf1,
    0xef, 0xc0, 0x0, 0x9f, 0xf1, 0xef, 0xc0, 0x0,
    0x9f, 0xf1, 0xdf, 0xd0, 0x0, 0xbf, 0xf1, 0xbf,
    0xf9, 0x47, 0xff, 0xf1, 0x5f, 0xff, 0xff, 0xaf,
    0xf1, 0x6, 0xdf, 0xd5, 0x6f, 0xf1,

    /* U+00FD "ý" */
    0x0, 0x0, 0x5, 0xca, 0x0, 0x0, 0x0, 0x0,
    0xdf, 0x50, 0x0, 0x0, 0x0, 0x4f, 0xa0, 0x0,
    0x0, 0x0, 0x0, 0x0, 0x0, 0x0, 0x8f, 0xf3,
    0x0, 0x6, 0xff, 0x63, 0xff, 0x80, 0x0, 0xbf,
    0xf0, 0xd, 0xfd, 0x0, 0x1f, 0xfa, 0x0, 0x7f,
    0xf2, 0x5, 0xff, 0x40, 0x1, 0xff, 0x70, 0xbf,
    0xe0, 0x0, 0xb, 0xfc, 0xf, 0xf8, 0x0, 0x0,
    0x5f, 0xf5, 0xff, 0x20, 0x0, 0x0, 0xff, 0xdf,
    0xc0, 0x0, 0x0, 0xa, 0xff, 0xf6, 0x0, 0x0,
    0x0, 0x4f, 0xff, 0x10, 0x0, 0x0, 0x1, 0xff,
    0xb0, 0x0, 0x0, 0x12, 0x8f, 0xf4, 0x0, 0x0,
    0x9, 0xff, 0xfc, 0x0, 0x0, 0x0, 0xbf, 0xfa,
    0x10, 0x0, 0x0,

    /* U+00FE "þ" */
    0xef, 0xc0, 0x0, 0x0, 0x0, 0xef, 0xc0, 0x0,
    0x0, 0x0, 0xef, 0xc0, 0x0, 0x0, 0x0, 0xef,
    0xc3, 0xcf, 0xe7, 0x0, 0xef, 0xde, 0xff, 0xff,
    0xa0, 0xef, 0xfa, 0x24, 0xef, 0xf3, 0xef, 0xe0,
    0x0, 0x5f, 0xf7, 0xef, 0xb0, 0x0, 0x1f, 0xf9,
    0xef, 0xb0, 0x0, 0x1f, 0xf9, 0xef, 0xf0, 0x0,
    0x5f, 0xf7, 0xef, 0xfa, 0x24, 0xef, 0xf2, 0xef,
    0xde, 0xff, 0xff, 0xa0, 0xef, 0xc3, 0xcf, 0xe7,
    0x0, 0xef, 0xc0, 0x0, 0x0, 0x0, 0xef, 0xc0,
    0x0, 0x0, 0x0, 0xef, 0xc0, 0x0, 0x0, 0x0,
    0xef, 0xc0, 0x0, 0x0, 0x0,

    /* U+00FF "ÿ" */
    0x0, 0x27, 0x10, 0x27, 0x10, 0x0, 0xc, 0xfb,
    0xd, 0xfa, 0x0, 0x0, 0x8f, 0x80, 0xaf, 0x60,
    0x0, 0x0, 0x0, 0x0, 0x0, 0x0, 0x8f, 0xf3,
    0x0, 0x6, 0xff, 0x63, 0xff, 0x80, 0x0, 0xbf,
    0xf0, 0xd, 0xfd, 0x0, 0x1f, 0xfa, 0x0, 0x7f,
    0xf2, 0x5, 0xff, 0x40, 0x1, 0xff, 0x70, 0xbf,
    0xe0, 0x0, 0xb, 0xfc, 0xf, 0xf8, 0x0, 0x0,
    0x5f, 0xf5, 0xff, 0x20, 0x0, 0x0, 0xff, 0xdf,
    0xc0, 0x0, 0x0, 0xa, 0xff, 0xf6, 0x0, 0x0,
    0x0, 0x4f, 0xff, 0x10, 0x0, 0x0, 0x1, 0xff,
    0xb0, 0x0, 0x0, 0x12, 0x8f, 0xf4, 0x0, 0x0,
    0x9, 0xff, 0xfc, 0x0, 0x0, 0x0, 0xbf, 0xfa,
    0x10, 0x0, 0x0,

    /* U+2013 "–" */
    0x11, 0x11, 0x11, 0x11, 0x1f, 0xff, 0xff, 0xff,
    0xff, 0xff, 0xff, 0xff, 0xff, 0xf0,

    /* U+2014 "—" */
    0x11, 0x11, 0x11, 0x11, 0x11, 0x11, 0x11, 0x11,
    0x11, 0xff, 0xff, 0xff, 0xff, 0xff, 0xff, 0xff,
    0xff, 0xff, 0xff, 0xff, 0xff, 0xff, 0xff, 0xff,
    0xff, 0xff, 0xff,

    /* U+2018 "‘" */
    0x1, 0xfc, 0x6, 0xfa, 0xa, 0xf8, 0xf, 0xf5,
    0x4f, 0xf3, 0x37, 0x70,

    /* U+2019 "’" */
    0x6, 0x75, 0xe, 0xf9, 0xf, 0xf4, 0x3f, 0xf0,
    0x5f, 0xb0, 0x7f, 0x60,

    /* U+201C "“" */
    0x1, 0xfc, 0x0, 0xee, 0x6, 0xfa, 0x3, 0xfc,
    0xa, 0xf8, 0x8, 0xfa, 0xf, 0xf5, 0xd, 0xf7,
    0x4f, 0xf3, 0x2f, 0xf5, 0x37, 0x70, 0x27, 0x71,

    /* U+201D "”" */
    0x6, 0x75, 0x6, 0x75, 0xe, 0xf9, 0xe, 0xf8,
    0xf, 0xf4, 0x1f, 0xf4, 0x3f, 0xf0, 0x3f, 0xf0,
    0x5f, 0xb0, 0x5f, 0xa0, 0x7f, 0x60, 0x7f, 0x50,

    /* U+2022 "•" */
    0x1, 0x8a, 0x50, 0x1, 0xef, 0xff, 0x70, 0x7f,
    0xff, 0xff, 0x8, 0xff, 0xff, 0xf0, 0x3f, 0xff,
    0xfb, 0x0, 0x5e, 0xfb, 0x10,

    /* U+2026 "…" */
    0x0, 0x0, 0x0, 0x0, 0x0, 0x0, 0x0, 0x0,
    0x2e, 0xe2, 0x0, 0x2e, 0xe2, 0x0, 0x2e, 0xe3,
    0x7f, 0xf8, 0x0, 0x7f, 0xf8, 0x0, 0x7f, 0xf8,
    0x2e, 0xe2, 0x0, 0x2e, 0xe2, 0x0, 0x2d, 0xe2,

    /* U+2212 "−" */
    0x4, 0x44, 0x44, 0x44, 0x43, 0x2f, 0xff, 0xff,
    0xff, 0xfc, 0x1f, 0xff, 0xff, 0xff, 0xfb
};


/*---------------------
 *  GLYPH DESCRIPTION
 *--------------------*/

static const lv_font_fmt_txt_glyph_dsc_t glyph_dsc[] = {
    {.bitmap_index = 0, .adv_w = 0, .box_w = 0, .box_h = 0, .ofs_x = 0, .ofs_y = 0} /* id = 0 reserved */,
    {.bitmap_index = 0, .adv_w = 68, .box_w = 0, .box_h = 0, .ofs_x = 0, .ofs_y = 0},
    {.bitmap_index = 0, .adv_w = 97, .box_w = 4, .box_h = 13, .ofs_x = 1, .ofs_y = 0},
    {.bitmap_index = 26, .adv_w = 159, .box_w = 8, .box_h = 6, .ofs_x = 1, .ofs_y = 7},
    {.bitmap_index = 50, .adv_w = 187, .box_w = 12, .box_h = 13, .ofs_x = 0, .ofs_y = 0},
    {.bitmap_index = 128, .adv_w = 189, .box_w = 12, .box_h = 17, .ofs_x = 0, .ofs_y = -2},
    {.bitmap_index = 230, .adv_w = 293, .box_w = 16, .box_h = 13, .ofs_x = 1, .ofs_y = 0},
    {.bitmap_index = 334, .adv_w = 194, .box_w = 13, .box_h = 13, .ofs_x = 0, .ofs_y = 0},
    {.bitmap_index = 419, .adv_w = 98, .box_w = 4, .box_h = 6, .ofs_x = 1, .ofs_y = 7},
    {.bitmap_index = 431, .adv_w = 109, .box_w = 6, .box_h = 17, .ofs_x = 1, .ofs_y = -2},
    {.bitmap_index = 482, .adv_w = 109, .box_w = 6, .box_h = 17, .ofs_x = 0, .ofs_y = -2},
    {.bitmap_index = 533, .adv_w = 161, .box_w = 8, .box_h = 8, .ofs_x = 1, .ofs_y = 5},
    {.bitmap_index = 565, .adv_w = 195, .box_w = 10, .box_h = 9, .ofs_x = 1, .ofs_y = 1},
    {.bitmap_index = 610, .adv_w = 96, .box_w = 4, .box_h = 6, .ofs_x = 1, .ofs_y = -4},
    {.bitmap_index = 622, .adv_w = 135, .box_w = 7, .box_h = 3, .ofs_x = 1, .ofs_y = 4},
    {.bitmap_index = 633, .adv_w = 96, .box_w = 4, .box_h = 4, .ofs_x = 1, .ofs_y = 0},
    {.bitmap_index = 641, .adv_w = 112, .box_w = 7, .box_h = 16, .ofs_x = 0, .ofs_y = -2},
    {.bitmap_index = 697, .adv_w = 194, .box_w = 12, .box_h = 13, .ofs_x = 0, .ofs_y = 0},
    {.bitmap_index = 775, .adv_w = 124, .box_w = 7, .box_h = 13, .ofs_x = 0, .ofs_y = 0},
    {.bitmap_index = 821, .adv_w = 181, .box_w = 11, .box_h = 13, .ofs_x = 0, .ofs_y = 0},
    {.bitmap_index = 893, .adv_w = 186, .box_w = 11, .box_h = 13, .ofs_x = 0, .ofs_y = 0},
    {.bitmap_index = 965, .adv_w = 195, .box_w = 12, .box_h = 13, .ofs_x = 0, .ofs_y = 0},
    {.bitmap_index = 1043, .adv_w = 179, .box_w = 11, .box_h = 13, .ofs_x = 0, .ofs_y = 0},
    {.bitmap_index = 1115, .adv_w = 187, .box_w = 11, .box_h = 13, .ofs_x = 0, .ofs_y = 0},
    {.bitmap_index = 1187, .adv_w = 167, .box_w = 10, .box_h = 13, .ofs_x = 0, .ofs_y = 0},
    {.bitmap_index = 1252, .adv_w = 187, .box_w = 11, .box_h = 13, .ofs_x = 0, .ofs_y = 0},
    {.bitmap_index = 1324, .adv_w = 187, .box_w = 11, .box_h = 13, .ofs_x = 0, .ofs_y = 0},
    {.bitmap_index = 1396, .adv_w = 96, .box_w = 4, .box_h = 10, .ofs_x = 1, .ofs_y = 0},
    {.bitmap_index = 1416, .adv_w = 99, .box_w = 4, .box_h = 13, .ofs_x = 1, .ofs_y = -4},
    {.bitmap_index = 1442, .adv_w = 195, .box_w = 10, .box_h = 11, .ofs_x = 1, .ofs_y = 0},
    {.bitmap_index = 1497, .adv_w = 195, .box_w = 10, .box_h = 7, .ofs_x = 1, .ofs_y = 2},
    {.bitmap_index = 1532, .adv_w = 195, .box_w = 10, .box_h = 11, .ofs_x = 1, .ofs_y = 0},
    {.bitmap_index = 1587, .adv_w = 161, .box_w = 10, .box_h = 13, .ofs_x = 0, .ofs_y = 0},
    {.bitmap_index = 1652, .adv_w = 293, .box_w = 18, .box_h = 17, .ofs_x = 0, .ofs_y = -4},
    {.bitmap_index = 1805, .adv_w = 215, .box_w = 14, .box_h = 13, .ofs_x = 0, .ofs_y = 0},
    {.bitmap_index = 1896, .adv_w = 191, .box_w = 11, .box_h = 13, .ofs_x = 1, .ofs_y = 0},
    {.bitmap_index = 1968, .adv_w = 213, .box_w = 13, .box_h = 13, .ofs_x = 0, .ofs_y = 0},
    {.bitmap_index = 2053, .adv_w = 208, .box_w = 12, .box_h = 13, .ofs_x = 1, .ofs_y = 0},
    {.bitmap_index = 2131, .adv_w = 175, .box_w = 9, .box_h = 13, .ofs_x = 1, .ofs_y = 0},
    {.bitmap_index = 2190, .adv_w = 169, .box_w = 9, .box_h = 13, .ofs_x = 1, .ofs_y = 0},
    {.bitmap_index = 2249, .adv_w = 216, .box_w = 13, .box_h = 13, .ofs_x = 0, .ofs_y = 0},
    {.bitmap_index = 2334, .adv_w = 215, .box_w = 12, .box_h = 13, .ofs_x = 1, .ofs_y = 0},
    {.bitmap_index = 2412, .adv_w = 81, .box_w = 3, .box_h = 13, .ofs_x = 1, .ofs_y = 0},
    {.bitmap_index = 2432, .adv_w = 168, .box_w = 10, .box_h = 13, .ofs_x = 0, .ofs_y = 0},
    {.bitmap_index = 2497, .adv_w = 207, .box_w = 12, .box_h = 13, .ofs_x = 1, .ofs_y = 0},
    {.bitmap_index = 2575, .adv_w = 163, .box_w = 9, .box_h = 13, .ofs_x = 1, .ofs_y = 0},
    {.bitmap_index = 2634, .adv_w = 268, .box_w = 15, .box_h = 13, .ofs_x = 1, .ofs_y = 0},
    {.bitmap_index = 2732, .adv_w = 220, .box_w = 12, .box_h = 13, .ofs_x = 1, .ofs_y = 0},
    {.bitmap_index = 2810, .adv_w = 222, .box_w = 14, .box_h = 13, .ofs_x = 0, .ofs_y = 0},
    {.bitmap_index = 2901, .adv_w = 187, .box_w = 10, .box_h = 13, .ofs_x = 1, .ofs_y = 0},
    {.bitmap_index = 2966, .adv_w = 224, .box_w = 14, .box_h = 14, .ofs_x = 0, .ofs_y = -1},
    {.bitmap_index = 3064, .adv_w = 189, .box_w = 11, .box_h = 13, .ofs_x = 1, .ofs_y = 0},
    {.bitmap_index = 3136, .adv_w = 189, .box_w = 12, .box_h = 13, .ofs_x = 0, .ofs_y = 0},
    {.bitmap_index = 3214, .adv_w = 192, .box_w = 12, .box_h = 13, .ofs_x = 0, .ofs_y = 0},
    {.bitmap_index = 3292, .adv_w = 211, .box_w = 11, .box_h = 13, .ofs_x = 1, .ofs_y = 0},
    {.bitmap_index = 3364, .adv_w = 215, .box_w = 14, .box_h = 13, .ofs_x = 0, .ofs_y = 0},
    {.bitmap_index = 3455, .adv_w = 299, .box_w = 19, .box_h = 13, .ofs_x = 0, .ofs_y = 0},
    {.bitmap_index = 3579, .adv_w = 213, .box_w = 13, .box_h = 13, .ofs_x = 0, .ofs_y = 0},
    {.bitmap_index = 3664, .adv_w = 211, .box_w = 13, .box_h = 13, .ofs_x = 0, .ofs_y = 0},
    {.bitmap_index = 3749, .adv_w = 191, .box_w = 11, .box_h = 13, .ofs_x = 0, .ofs_y = 0},
    {.bitmap_index = 3821, .adv_w = 109, .box_w = 5, .box_h = 17, .ofs_x = 1, .ofs_y = -2},
    {.bitmap_index = 3864, .adv_w = 112, .box_w = 7, .box_h = 16, .ofs_x = 0, .ofs_y = -2},
    {.bitmap_index = 3920, .adv_w = 109, .box_w = 6, .box_h = 17, .ofs_x = 0, .ofs_y = -2},
    {.bitmap_index = 3971, .adv_w = 140, .box_w = 9, .box_h = 6, .ofs_x = 0, .ofs_y = 7},
    {.bitmap_index = 3998, .adv_w = 137, .box_w = 9, .box_h = 3, .ofs_x = 0, .ofs_y = -2},
    {.bitmap_index = 4012, .adv_w = 105, .box_w = 5, .box_h = 3, .ofs_x = 1, .ofs_y = 11},
    {.bitmap_index = 4020, .adv_w = 167, .box_w = 10, .box_h = 10, .ofs_x = 0, .ofs_y = 0},
    {.bitmap_index = 4070, .adv_w = 182, .box_w = 10, .box_h = 13, .ofs_x = 1, .ofs_y = 0},
    {.bitmap_index = 4135, .adv_w = 169, .box_w = 10, .box_h = 10, .ofs_x = 0, .ofs_y = 0},
    {.bitmap_index = 4185, .adv_w = 182, .box_w = 11, .box_h = 13, .ofs_x = 0, .ofs_y = 0},
    {.bitmap_index = 4257, .adv_w = 172, .box_w = 11, .box_h = 10, .ofs_x = 0, .ofs_y = 0},
    {.bitmap_index = 4312, .adv_w = 115, .box_w = 7, .box_h = 14, .ofs_x = 0, .ofs_y = 0},
    {.bitmap_index = 4361, .adv_w = 182, .box_w = 11, .box_h = 14, .ofs_x = 0, .ofs_y = -4},
    {.bitmap_index = 4438, .adv_w = 179, .box_w = 10, .box_h = 13, .ofs_x = 1, .ofs_y = 0},
    {.bitmap_index = 4503, .adv_w = 78, .box_w = 3, .box_h = 14, .ofs_x = 1, .ofs_y = 0},
    {.bitmap_index = 4524, .adv_w = 78, .box_w = 5, .box_h = 18, .ofs_x = -1, .ofs_y = -4},
    {.bitmap_index = 4569, .adv_w = 167, .box_w = 10, .box_h = 13, .ofs_x = 1, .ofs_y = 0},
    {.bitmap_index = 4634, .adv_w = 78, .box_w = 3, .box_h = 13, .ofs_x = 1, .ofs_y = 0},
    {.bitmap_index = 4654, .adv_w = 263, .box_w = 15, .box_h = 10, .ofs_x = 1, .ofs_y = 0},
    {.bitmap_index = 4729, .adv_w = 179, .box_w = 10, .box_h = 10, .ofs_x = 1, .ofs_y = 0},
    {.bitmap_index = 4779, .adv_w = 177, .box_w = 11, .box_h = 10, .ofs_x = 0, .ofs_y = 0},
    {.bitmap_index = 4834, .adv_w = 182, .box_w = 10, .box_h = 14, .ofs_x = 1, .ofs_y = -4},
    {.bitmap_index = 4904, .adv_w = 182, .box_w = 11, .box_h = 14, .ofs_x = 0, .ofs_y = -4},
    {.bitmap_index = 4981, .adv_w = 117, .box_w = 6, .box_h = 11, .ofs_x = 1, .ofs_y = 0},
    {.bitmap_index = 5014, .adv_w = 161, .box_w = 10, .box_h = 10, .ofs_x = 0, .ofs_y = 0},
    {.bitmap_index = 5064, .adv_w = 105, .box_w = 7, .box_h = 13, .ofs_x = 0, .ofs_y = 0},
    {.bitmap_index = 5110, .adv_w = 179, .box_w = 10, .box_h = 10, .ofs_x = 1, .ofs_y = 0},
    {.bitmap_index = 5160, .adv_w = 173, .box_w = 11, .box_h = 10, .ofs_x = 0, .ofs_y = 0},
    {.bitmap_index = 5215, .adv_w = 245, .box_w = 16, .box_h = 10, .ofs_x = 0, .ofs_y = 0},
    {.bitmap_index = 5295, .adv_w = 167, .box_w = 11, .box_h = 10, .ofs_x = 0, .ofs_y = 0},
    {.bitmap_index = 5350, .adv_w = 173, .box_w = 11, .box_h = 14, .ofs_x = 0, .ofs_y = -4},
    {.bitmap_index = 5427, .adv_w = 165, .box_w = 9, .box_h = 10, .ofs_x = 1, .ofs_y = 0},
    {.bitmap_index = 5472, .adv_w = 135, .box_w = 7, .box_h = 17, .ofs_x = 1, .ofs_y = -3},
    {.bitmap_index = 5532, .adv_w = 107, .box_w = 3, .box_h = 22, .ofs_x = 2, .ofs_y = -4},
    {.bitmap_index = 5565, .adv_w = 135, .box_w = 8, .box_h = 17, .ofs_x = 0, .ofs_y = -3},
    {.bitmap_index = 5633, .adv_w = 195, .box_w = 10, .box_h = 4, .ofs_x = 1, .ofs_y = 3},
    {.bitmap_index = 5653, .adv_w = 68, .box_w = 0, .box_h = 0, .ofs_x = 0, .ofs_y = 0},
    {.bitmap_index = 5653, .adv_w = 97, .box_w = 4, .box_h = 13, .ofs_x = 1, .ofs_y = -3},
    {.bitmap_index = 5679, .adv_w = 169, .box_w = 10, .box_h = 13, .ofs_x = 0, .ofs_y = 0},
    {.bitmap_index = 5744, .adv_w = 184, .box_w = 11, .box_h = 13, .ofs_x = 0, .ofs_y = 0},
    {.bitmap_index = 5816, .adv_w = 219, .box_w = 12, .box_h = 13, .ofs_x = 1, .ofs_y = -1},
    {.bitmap_index = 5894, .adv_w = 164, .box_w = 11, .box_h = 13, .ofs_x = 0, .ofs_y = 0},
    {.bitmap_index = 5966, .adv_w = 98, .box_w = 4, .box_h = 16, .ofs_x = 1, .ofs_y = -3},
    {.bitmap_index = 5998, .adv_w = 164, .box_w = 10, .box_h = 16, .ofs_x = 0, .ofs_y = -3},
    {.bitmap_index = 6078, .adv_w = 179, .box_w = 7, .box_h = 3, .ofs_x = 2, .ofs_y = 11},
    {.bitmap_index = 6089, .adv_w = 263, .box_w = 14, .box_h = 14, .ofs_x = 1, .ofs_y = 0},
    {.bitmap_index = 6187, .adv_w = 134, .box_w = 8, .box_h = 8, .ofs_x = 0, .ofs_y = 6},
    {.bitmap_index = 6219, .adv_w = 190, .box_w = 12, .box_h = 9, .ofs_x = 0, .ofs_y = 1},
    {.bitmap_index = 6273, .adv_w = 195, .box_w = 9, .box_h = 6, .ofs_x = 1, .ofs_y = 2},
    {.bitmap_index = 6300, .adv_w = 191, .box_w = 12, .box_h = 12, .ofs_x = 0, .ofs_y = 2},
    {.bitmap_index = 6372, .adv_w = 126, .box_w = 6, .box_h = 2, .ofs_x = 1, .ofs_y = 12},
    {.bitmap_index = 6378, .adv_w = 132, .box_w = 7, .box_h = 6, .ofs_x = 1, .ofs_y = 7},
    {.bitmap_index = 6399, .adv_w = 195, .box_w = 10, .box_h = 10, .ofs_x = 1, .ofs_y = 0},
    {.bitmap_index = 6449, .adv_w = 132, .box_w = 8, .box_h = 8, .ofs_x = 0, .ofs_y = 8},
    {.bitmap_index = 6481, .adv_w = 136, .box_w = 8, .box_h = 8, .ofs_x = 0, .ofs_y = 8},
    {.bitmap_index = 6513, .adv_w = 105, .box_w = 5, .box_h = 3, .ofs_x = 1, .ofs_y = 11},
    {.bitmap_index = 6521, .adv_w = 181, .box_w = 11, .box_h = 14, .ofs_x = 1, .ofs_y = -4},
    {.bitmap_index = 6598, .adv_w = 172, .box_w = 10, .box_h = 13, .ofs_x = 0, .ofs_y = 0},
    {.bitmap_index = 6663, .adv_w = 96, .box_w = 4, .box_h = 4, .ofs_x = 1, .ofs_y = 5},
    {.bitmap_index = 6671, .adv_w = 105, .box_w = 4, .box_h = 5, .ofs_x = 2, .ofs_y = -5},
    {.bitmap_index = 6681, .adv_w = 96, .box_w = 5, .box_h = 8, .ofs_x = 0, .ofs_y = 8},
    {.bitmap_index = 6701, .adv_w = 141, .box_w = 9, .box_h = 8, .ofs_x = 0, .ofs_y = 6},
    {.bitmap_index = 6737, .adv_w = 190, .box_w = 12, .box_h = 9, .ofs_x = 0, .ofs_y = 1},
    {.bitmap_index = 6791, .adv_w = 244, .box_w = 15, .box_h = 14, .ofs_x = 0, .ofs_y = 0},
    {.bitmap_index = 6896, .adv_w = 254, .box_w = 16, .box_h = 14, .ofs_x = 0, .ofs_y = 0},
    {.bitmap_index = 7008, .adv_w = 265, .box_w = 16, .box_h = 14, .ofs_x = 0, .ofs_y = 0},
    {.bitmap_index = 7120, .adv_w = 161, .box_w = 10, .box_h = 14, .ofs_x = 0, .ofs_y = -4},
    {.bitmap_index = 7190, .adv_w = 215, .box_w = 14, .box_h = 17, .ofs_x = 0, .ofs_y = 0},
    {.bitmap_index = 7309, .adv_w = 215, .box_w = 14, .box_h = 17, .ofs_x = 0, .ofs_y = 0},
    {.bitmap_index = 7428, .adv_w = 215, .box_w = 14, .box_h = 17, .ofs_x = 0, .ofs_y = 0},
    {.bitmap_index = 7547, .adv_w = 215, .box_w = 14, .box_h = 18, .ofs_x = 0, .ofs_y = 0},
    {.bitmap_index = 7673, .adv_w = 215, .box_w = 14, .box_h = 17, .ofs_x = 0, .ofs_y = 0},
    {.bitmap_index = 7792, .adv_w = 215, .box_w = 14, .box_h = 18, .ofs_x = 0, .ofs_y = 0},
    {.bitmap_index = 7918, .adv_w = 294, .box_w = 18, .box_h = 13, .ofs_x = 0, .ofs_y = 0},
    {.bitmap_index = 8035, .adv_w = 213, .box_w = 13, .box_h = 17, .ofs_x = 0, .ofs_y = -4},
    {.bitmap_index = 8146, .adv_w = 175, .box_w = 9, .box_h = 17, .ofs_x = 1, .ofs_y = 0},
    {.bitmap_index = 8223, .adv_w = 175, .box_w = 9, .box_h = 17, .ofs_x = 1, .ofs_y = 0},
    {.bitmap_index = 8300, .adv_w = 175, .box_w = 9, .box_h = 17, .ofs_x = 1, .ofs_y = 0},
    {.bitmap_index = 8377, .adv_w = 175, .box_w = 9, .box_h = 17, .ofs_x = 1, .ofs_y = 0},
    {.bitmap_index = 8454, .adv_w = 81, .box_w = 5, .box_h = 17, .ofs_x = -1, .ofs_y = 0},
    {.bitmap_index = 8497, .adv_w = 81, .box_w = 5, .box_h = 17, .ofs_x = 1, .ofs_y = 0},
    {.bitmap_index = 8540, .adv_w = 81, .box_w = 9, .box_h = 17, .ofs_x = -2, .ofs_y = 0},
    {.bitmap_index = 8617, .adv_w = 81, .box_w = 7, .box_h = 17, .ofs_x = -1, .ofs_y = 0},
    {.bitmap_index = 8677, .adv_w = 219, .box_w = 13, .box_h = 13, .ofs_x = 0, .ofs_y = 0},
    {.bitmap_index = 8762, .adv_w = 220, .box_w = 12, .box_h = 18, .ofs_x = 1, .ofs_y = 0},
    {.bitmap_index = 8870, .adv_w = 222, .box_w = 14, .box_h = 17, .ofs_x = 0, .ofs_y = 0},
    {.bitmap_index = 8989, .adv_w = 222, .box_w = 14, .box_h = 17, .ofs_x = 0, .ofs_y = 0},
    {.bitmap_index = 9108, .adv_w = 222, .box_w = 14, .box_h = 18, .ofs_x = 0, .ofs_y = 0},
    {.bitmap_index = 9234, .adv_w = 222, .box_w = 14, .box_h = 18, .ofs_x = 0, .ofs_y = 0},
    {.bitmap_index = 9360, .adv_w = 222, .box_w = 14, .box_h = 17, .ofs_x = 0, .ofs_y = 0},
    {.bitmap_index = 9479, .adv_w = 195, .box_w = 10, .box_h = 10, .ofs_x = 1, .ofs_y = 0},
    {.bitmap_index = 9529, .adv_w = 222, .box_w = 14, .box_h = 15, .ofs_x = 0, .ofs_y = -1},
    {.bitmap_index = 9634, .adv_w = 211, .box_w = 11, .box_h = 17, .ofs_x = 1, .ofs_y = 0},
    {.bitmap_index = 9728, .adv_w = 211, .box_w = 11, .box_h = 17, .ofs_x = 1, .ofs_y = 0},
    {.bitmap_index = 9822, .adv_w = 211, .box_w = 11, .box_h = 18, .ofs_x = 1, .ofs_y = 0},
    {.bitmap_index = 9921, .adv_w = 211, .box_w = 11, .box_h = 17, .ofs_x = 1, .ofs_y = 0},
    {.bitmap_index = 10015, .adv_w = 211, .box_w = 13, .box_h = 17, .ofs_x = 0, .ofs_y = 0},
    {.bitmap_index = 10126, .adv_w = 193, .box_w = 10, .box_h = 13, .ofs_x = 1, .ofs_y = 0},
    {.bitmap_index = 10191, .adv_w = 189, .box_w = 11, .box_h = 13, .ofs_x = 1, .ofs_y = 0},
    {.bitmap_index = 10263, .adv_w = 167, .box_w = 10, .box_h = 14, .ofs_x = 0, .ofs_y = 0},
    {.bitmap_index = 10333, .adv_w = 167, .box_w = 10, .box_h = 14, .ofs_x = 0, .ofs_y = 0},
    {.bitmap_index = 10403, .adv_w = 167, .box_w = 10, .box_h = 14, .ofs_x = 0, .ofs_y = 0},
    {.bitmap_index = 10473, .adv_w = 167, .box_w = 10, .box_h = 14, .ofs_x = 0, .ofs_y = 0},
    {.bitmap_index = 10543, .adv_w = 167, .box_w = 10, .box_h = 14, .ofs_x = 0, .ofs_y = 0},
    {.bitmap_index = 10613, .adv_w = 167, .box_w = 10, .box_h = 16, .ofs_x = 0, .ofs_y = 0},
    {.bitmap_index = 10693, .adv_w = 262, .box_w = 16, .box_h = 10, .ofs_x = 0, .ofs_y = 0},
    {.bitmap_index = 10773, .adv_w = 169, .box_w = 10, .box_h = 14, .ofs_x = 0, .ofs_y = -4},
    {.bitmap_index = 10843, .adv_w = 172, .box_w = 11, .box_h = 14, .ofs_x = 0, .ofs_y = 0},
    {.bitmap_index = 10920, .adv_w = 172, .box_w = 11, .box_h = 14, .ofs_x = 0, .ofs_y = 0},
    {.bitmap_index = 10997, .adv_w = 172, .box_w = 11, .box_h = 14, .ofs_x = 0, .ofs_y = 0},
    {.bitmap_index = 11074, .adv_w = 172, .box_w = 11, .box_h = 14, .ofs_x = 0, .ofs_y = 0},
    {.bitmap_index = 11151, .adv_w = 78, .box_w = 5, .box_h = 14, .ofs_x = -1, .ofs_y = 0},
    {.bitmap_index = 11186, .adv_w = 78, .box_w = 5, .box_h = 14, .ofs_x = 1, .ofs_y = 0},
    {.bitmap_index = 11221, .adv_w = 78, .box_w = 8, .box_h = 14, .ofs_x = -2, .ofs_y = 0},
    {.bitmap_index = 11277, .adv_w = 78, .box_w = 7, .box_h = 14, .ofs_x = -1, .ofs_y = 0},
    {.bitmap_index = 11326, .adv_w = 173, .box_w = 11, .box_h = 15, .ofs_x = 0, .ofs_y = 0},
    {.bitmap_index = 11409, .adv_w = 179, .box_w = 10, .box_h = 14, .ofs_x = 1, .ofs_y = 0},
    {.bitmap_index = 11479, .adv_w = 177, .box_w = 11, .box_h = 14, .ofs_x = 0, .ofs_y = 0},
    {.bitmap_index = 11556, .adv_w = 177, .box_w = 11, .box_h = 14, .ofs_x = 0, .ofs_y = 0},
    {.bitmap_index = 11633, .adv_w = 177, .box_w = 11, .box_h = 14, .ofs_x = 0, .ofs_y = 0},
    {.bitmap_index = 11710, .adv_w = 177, .box_w = 11, .box_h = 14, .ofs_x = 0, .ofs_y = 0},
    {.bitmap_index = 11787, .adv_w = 177, .box_w = 11, .box_h = 14, .ofs_x = 0, .ofs_y = 0},
    {.bitmap_index = 11864, .adv_w = 195, .box_w = 10, .box_h = 10, .ofs_x = 1, .ofs_y = 0},
    {.bitmap_index = 11914, .adv_w = 177, .box_w = 11, .box_h = 12, .ofs_x = 0, .ofs_y = -1},
    {.bitmap_index = 11980, .adv_w = 179, .box_w = 10, .box_h = 14, .ofs_x = 1, .ofs_y = 0},
    {.bitmap_index = 12050, .adv_w = 179, .box_w = 10, .box_h = 14, .ofs_x = 1, .ofs_y = 0},
    {.bitmap_index = 12120, .adv_w = 179, .box_w = 10, .box_h = 14, .ofs_x = 1, .ofs_y = 0},
    {.bitmap_index = 12190, .adv_w = 179, .box_w = 10, .box_h = 14, .ofs_x = 1, .ofs_y = 0},
    {.bitmap_index = 12260, .adv_w = 173, .box_w = 11, .box_h = 18, .ofs_x = 0, .ofs_y = -4},
    {.bitmap_index = 12359, .adv_w = 182, .box_w = 10, .box_h = 17, .ofs_x = 1, .ofs_y = -4},
    {.bitmap_index = 12444, .adv_w = 173, .box_w = 11, .box_h = 18, .ofs_x = 0, .ofs_y = -4},
    {.bitmap_index = 12543, .adv_w = 144, .box_w = 9, .box_h = 3, .ofs_x = 0, .ofs_y = 4},
    {.bitmap_index = 12557, .adv_w = 288, .box_w = 18, .box_h = 3, .ofs_x = 0, .ofs_y = 4},
    {.bitmap_index = 12584, .adv_w = 89, .box_w = 4, .box_h = 6, .ofs_x = 1, .ofs_y = 7},
    {.bitmap_index = 12596, .adv_w = 89, .box_w = 4, .box_h = 6, .ofs_x = 1, .ofs_y = 8},
    {.bitmap_index = 12608, .adv_w = 156, .box_w = 8, .box_h = 6, .ofs_x = 1, .ofs_y = 7},
    {.bitmap_index = 12632, .adv_w = 153, .box_w = 8, .box_h = 6, .ofs_x = 1, .ofs_y = 8},
    {.bitmap_index = 12656, .adv_w = 137, .box_w = 7, .box_h = 6, .ofs_x = 1, .ofs_y = 2},
    {.bitmap_index = 12677, .adv_w = 289, .box_w = 16, .box_h = 4, .ofs_x = 1, .ofs_y = 0},
    {.bitmap_index = 12709, .adv_w = 195, .box_w = 10, .box_h = 3, .ofs_x = 1, .ofs_y = 4}
};

/*---------------------
 *  CHARACTER MAPPING
 *--------------------*/

static const uint16_t unicode_list_3[] = {
    0x0, 0x1, 0x5, 0x6, 0x9, 0xa, 0xf, 0x13,
    0x1ff
};

/*Collect the unicode lists and glyph_id offsets*/
static const lv_font_fmt_txt_cmap_t cmaps[] =
{
    {
        .range_start = 32, .range_length = 95, .glyph_id_start = 1,
        .unicode_list = NULL, .glyph_id_ofs_list = NULL, .list_length = 0, .type = LV_FONT_FMT_TXT_CMAP_FORMAT0_TINY
    },
    {
        .range_start = 160, .range_length = 13, .glyph_id_start = 96,
        .unicode_list = NULL, .glyph_id_ofs_list = NULL, .list_length = 0, .type = LV_FONT_FMT_TXT_CMAP_FORMAT0_TINY
    },
    {
        .range_start = 174, .range_length = 82, .glyph_id_start = 109,
        .unicode_list = NULL, .glyph_id_ofs_list = NULL, .list_length = 0, .type = LV_FONT_FMT_TXT_CMAP_FORMAT0_TINY
    },
    {
        .range_start = 8211, .range_length = 512, .glyph_id_start = 191,
        .unicode_list = unicode_list_3, .glyph_id_ofs_list = NULL, .list_length = 9, .type = LV_FONT_FMT_TXT_CMAP_SPARSE_TINY
    }
};

/*-----------------
 *    KERNING
 *----------------*/


/*Map glyph_ids to kern left classes*/
static const uint8_t kern_left_class_mapping[] =
{
    0, 0, 0, 1, 0, 2, 0, 3,
    1, 4, 0, 5, 6, 7, 6, 7,
    8, 9, 10, 0, 11, 0, 0, 0,
    12, 11, 9, 13, 13, 0, 14, 15,
    16, 17, 18, 19, 20, 21, 22, 23,
    24, 25, 25, 26, 27, 28, 25, 25,
    21, 29, 21, 30, 2, 31, 26, 32,
    33, 34, 35, 36, 4, 37, 0, 5,
    38, 0, 39, 40, 40, 25, 40, 41,
    42, 39, 43, 43, 44, 25, 39, 39,
    40, 40, 42, 45, 46, 47, 48, 49,
    50, 51, 49, 52, 4, 10, 0, 6,
    0, 53, 54, 0, 0, 55, 0, 0,
    0, 17, 56, 57, 58, 59, 0, 5,
    14, 0, 0, 0, 60, 10, 61, 0,
    0, 56, 62, 0, 0, 0, 63, 18,
    18, 18, 18, 18, 18, 22, 20, 22,
    22, 22, 22, 25, 25, 64, 64, 21,
    25, 21, 21, 21, 21, 21, 65, 21,
    26, 26, 26, 26, 35, 66, 67, 39,
    39, 39, 39, 39, 39, 68, 40, 40,
    40, 40, 40, 43, 43, 69, 70, 40,
    71, 40, 40, 40, 72, 72, 6, 40,
    48, 48, 48, 48, 49, 40, 49, 0,
    0, 73, 74, 73, 74, 75, 7, 6
};

/*Map glyph_ids to kern right classes*/
static const uint8_t kern_right_class_mapping[] =
{
    0, 0, 0, 1, 0, 2, 0, 3,
    1, 0, 4, 5, 6, 7, 8, 9,
    10, 11, 12, 0, 13, 14, 0, 11,
    15, 13, 0, 16, 16, 17, 18, 0,
    19, 20, 21, 22, 23, 22, 22, 22,
    23, 22, 22, 24, 22, 22, 22, 22,
    23, 22, 23, 22, 25, 26, 27, 28,
    29, 30, 31, 32, 0, 33, 4, 34,
    35, 0, 36, 22, 37, 37, 37, 38,
    37, 22, 39, 40, 22, 22, 41, 41,
    37, 41, 37, 41, 42, 43, 44, 45,
    46, 47, 45, 48, 0, 49, 4, 50,
    0, 0, 51, 0, 0, 0, 0, 0,
    0, 52, 53, 54, 55, 56, 0, 57,
    18, 0, 0, 0, 58, 59, 60, 0,
    0, 53, 61, 0, 0, 0, 62, 21,
    21, 21, 21, 21, 21, 21, 23, 22,
    22, 22, 22, 22, 22, 63, 63, 64,
    22, 23, 23, 23, 23, 23, 65, 23,
    27, 27, 27, 27, 31, 22, 22, 36,
    36, 36, 66, 67, 36, 36, 37, 37,
    37, 37, 68, 69, 70, 69, 71, 37,
    41, 37, 37, 37, 72, 68, 6, 37,
    44, 44, 44, 73, 45, 22, 74, 0,
    0, 75, 76, 75, 76, 77, 78, 6
};

/*Kern values between classes*/
static const int8_t kern_class_values[] =
{
    0, 0, 0, 0, 0, 0, 0, 0,
    0, 0, 0, 0, 0, 0, 0, 0,
    0, 0, 0, 0, -23, 0, 0, -47,
    0, 0, 0, 0, 0, 0, 0, 0,
    0, 0, 0, 0, -6, 0, 0, 0,
    0, -2, 0, 0, 0, 0, 0, 0,
    0, 0, 0, 0, 0, 0, 0, 0,
    0, 0, 0, 0, 0, 0, 0, 0,
    0, 0, 0, -6, 0, 0, 0, -6,
    0, 0, 0, 0, 0, 0, 0, 0,
    0, 0, 0, 0, 0, 0, 0, 0,
    0, 0, 0, 0, 0, 0, 0, 0,
    0, 0, -4, 0, 0, 0, 0, -2,
    0, 0, 0, -4, 0, 0, 0, 0,
    0, 0, 0, 0, 0, 0, 0, 0,
    0, 0, 0, 0, 0, 0, 0, 0,
    0, 0, 0, 0, 0, 0, 0, 0,
    0, 0, 0, 0, 0, 0, 0, 0,
    0, 0, 0, 0, 13, 0, 0, 0,
    0, 0, 0, 0, 0, 0, 0, 0,
    0, 0, 0, 0, 0, 0, 0, 0,
    0, 0, 0, 0, 0, 0, 0, 0,
    0, 0, 0, 0, 0, -16, 0, -18,
    -11, 0, -21, 0, 0, 0, 0, 0,
    0, 0, 0, 0, 0, 0, 0, 0,
    -10, -10, 0, 0, 0, 0, 0, 0,
    -11, 0, 0, 0, 0, 0, 0, 0,
    0, 0, 0, 0, 0, 0, 0, 0,
    0, 0, 0, 0, 0, -10, 0, 0,
    0, 0, 0, 0, 0, 0, 0, 0,
    0, 0, 0, 0, 0, 0, 0, 0,
    0, 0, 0, 0, 0, 0, 0, 5,
    0, 0, 0, 0, 0, 0, 0, 0,
    0, 0, 0, 0, 0, 0, -2, 0,
    0, 4, 5, 0, 0, 0, 0, 0,
    0, 0, 0, 0, 0, 0, 0, 0,
    0, 0, 0, 0, 0, 0, 0, 0,
    0, 0, 0, 0, 0, -2, 0, 0,
    0, -2, 0, 0, 0, 0, 0, 0,
    0, 0, 0, 0, 0, 0, 0, 0,
    0, 0, 0, 0, 0, 0, 0, 0,
    0, 0, 0, 0, -27, 0, -5, -28,
    0, 0, 0, 0, 0, 0, 0, 0,
    0, 0, 0, 0, 0, 0, 0, 0,
    0, 0, 0, 0, 0, 0, 0, 0,
    0, 0, 0, 0, 0, 0, 0, 0,
    0, 0, 0, 0, 0, 0, 0, 5,
    0, 0, 0, 0, 0, 0, 0, 0,
    0, 0, 0, 0, 0, 0, 0, 0,
    0, 0, 0, 0, 0, 0, 0, 0,
    0, 0, 0, 0, 0, 0, 0, 0,
    0, 0, -10, 0, 0, -13, 0, -22,
    0, -13, -7, -12, -18, 0, 0, 0,
    0, 0, 0, 0, 0, 0, 0, 0,
    0, 0, 0, 0, -6, 0, 0, 0,
    0, 0, 0, 0, 0, 0, 0, 0,
    0, 0, 0, 0, 0, 0, 0, 0,
    0, 0, 0, 0, 0, 0, 0, 0,
    0, 0, 0, 0, 0, 0, 0, 0,
    0, 0, 0, 0, 0, 0, 0, 0,
    0, 0, 0, 0, 0, 0, 0, 0,
    0, 0, -13, 0, 0, -10, 0, 0,
    0, 0, -19, 0, 0, 0, 0, 0,
    0, 0, 0, 0, 0, 0, 0, 0,
    0, 0, 0, 0, 0, 0, 0, 0,
    0, 0, 0, 0, 0, 0, 0, 0,
    0, 0, 0, 0, 0, 0, 0, 0,
    0, 0, 0, 0, 0, 0, 0, 0,
    0, 0, 0, 0, 0, 0, 0, 0,
    0, 0, 0, 0, 0, 0, 0, 0,
    0, 0, 0, 0, 0, 0, -7, 0,
    0, -18, 0, 0, 0, 2, 2, 0,
    0, 0, 0, 0, 0, 0, 0, 0,
    0, 0, 0, 0, 0, 0, 0, 0,
    0, 0, 0, 0, 0, 0, 0, 0,
    0, 0, 0, 0, 0, 0, 0, 0,
    0, 0, 0, 0, 0, 0, 0, 0,
    0, 0, 0, 0, 0, 0, 0, 0,
    0, 0, 0, 0, 0, 0, 0, 0,
    0, 0, 0, 0, 0, 0, 0, 0,
    0, 0, 0, 0, 0, 0, 0, 0,
    0, 0, 0, -7, 0, -11, -10, 0,
    0, 0, 0, 0, 0, 0, 0, 0,
    0, 0, 5, 0, 0, 0, 0, 0,
    0, 0, 0, 0, 0, 0, 0, 0,
    0, 0, 0, 0, 0, 0, 0, 0,
    0, 0, 0, 0, 0, 0, 0, 0,
    0, 0, 0, 0, 0, 0, 0, 0,
    0, 0, 0, 0, 0, 0, 0, 0,
    0, 0, 0, 0, 0, 0, 0, 0,
    0, 0, 0, 0, 0, 0, 0, 0,
    0, 0, 0, 0, 0, 0, 0, 0,
    0, 0, 0, 0, 0, 0, 0, 0,
    4, 0, 3, 0, 0, 0, 0, 0,
    0, 0, 0, 0, 0, 0, 0, 0,
    0, 0, 0, 0, 0, 10, 0, 0,
    0, 0, 0, 0, 18, 0, 0, 3,
    0, 0, 0, 0, 0, 0, 0, 0,
    0, 0, 0, 0, 0, 0, 0, 0,
    0, 0, 0, 0, 0, 0, 0, 0,
    0, 0, 0, 0, 0, 0, 0, 0,
    0, -6, 0, 0, 0, 0, 0, 0,
    0, 0, 0, 0, 0, 0, 0, 0,
    0, 0, 0, 0, 0, 0, 0, 0,
    0, 0, 0, 0, 0, 0, 0, 0,
    0, 0, 0, 0, 0, 0, 0, 0,
    0, 0, 0, 0, 0, 0, 0, 0,
    0, 0, 0, 0, 0, 0, 0, 0,
    0, 0, 0, 0, 0, 0, 0, 0,
    0, 0, 0, 0, 0, 0, -31, 0,
    0, -28, 0, 0, 0, 0, 0, 0,
    0, 0, 0, 0, 0, -13, -15, 0,
    0, 0, -15, -11, 0, 0, 0, 0,
    0, 0, 0, 0, 0, 0, 0, 0,
    0, 0, 0, 0, 0, 0, 0, 0,
    0, 0, 0, -13, -13, -15, 0, 0,
    26, -15, 0, 0, 0, 0, 0, 0,
    0, 0, 0, 0, 0, 0, 0, 0,
    0, 0, 0, 0, 0, 0, 0, 0,
    0, 0, 0, 0, 0, 0, 0, 0,
    0, -10, 0, -18, 0, 0, 0, 0,
    0, 0, 0, 0, 0, 0, 0, 0,
    0, 0, 0, 0, 0, 0, 0, 0,
    0, 0, 0, 0, 0, 0, 0, 0,
    0, 0, 0, 0, 0, 0, 0, 0,
    0, 0, 0, 0, 0, 0, 0, 0,
    0, 0, 0, 0, 0, 0, 0, 0,
    0, 0, 0, 0, 0, 0, 0, 0,
    0, 0, 0, 0, 0, 0, 0, 0,
    0, 0, -15, 0, 0, 0, 0, -13,
    0, -20, -18, -15, -28, 0, 0, 0,
    0, 0, 0, 0, 0, 0, 0, 0,
    0, 0, -11, 0, -10, 0, 0, 0,
    0, 0, 0, 0, 0, 0, 0, 0,
    0, 0, 0, 0, 0, 0, 0, 0,
    0, 0, 0, 0, 0, 0, 0, -11,
    0, 0, 0, 0, 0, 0, 0, 0,
    0, 0, 0, 0, 0, 0, 0, 0,
    0, 0, 0, 0, 0, 0, 0, 0,
    -11, 0, 0, 0, 0, -23, 0, -21,
    -21, -16, -26, -18, 0, 0, 0, 0,
    0, 0, 0, 0, 0, 0, 0, 0,
    0, 0, 0, 0, 0, 0, 0, 0,
    0, 0, 0, 0, 0, 0, 0, 0,
    0, 0, 0, 0, 0, 0, 0, 0,
    0, 0, 0, 0, 0, 0, 0, 0,
    0, 0, 0, 0, 0, 0, 0, 0,
    0, 0, 0, 0, 0, 0, 0, 0,
    0, 0, 0, 0, 0, 0, -18, 0,
    0, 0, 0, 0, 0, 0, 0, 0,
    0, 0, 0, 0, 0, 0, 0, 0,
    0, 0, 0, 0, 0, 0, 0, 0,
    0, 0, 0, 0, 0, 0, 0, 0,
    0, 0, 0, 0, 0, 0, 0, 0,
    0, 0, 0, 0, 0, 0, 0, 0,
    0, 0, 0, 0, 0, 0, 0, 0,
    0, 0, 0, 0, 0, 0, 0, 0,
    0, 0, 0, 0, 0, 0, 0, 0,
    0, 0, 0, 0, -12, 0, 0, 0,
    0, -9, 0, -12, -7, -15, -12, 0,
    0, 0, 0, 0, 0, 0, 0, 0,
    0, 0, 0, 0, 0, 0, 0, 0,
    0, 0, 0, 0, 0, 0, 0, 0,
    0, 0, 0, 0, 0, 0, 0, 0,
    0, 0, 0, 0, 0, 0, 0, 0,
    0, 0, 0, 0, 0, 0, -23, -4,
    0, 0, -27, -10, 0, -10, 0, 3,
    0, -14, 0, 0, 0, 0, -11, -15,
    -18, -12, 4, 0, -12, 0, -4, -26,
    -6, -23, -21, 0, -23, 0, -23, -27,
    0, 0, -7, -3, 1, 0, 0, -3,
    -8, 0, -20, -20, 0, 0, 0, -10,
    -7, -12, -21, -10, -10, -20, -27, 0,
    -15, -10, -10, 0, 0, 0, -10, 0,
    0, -7, 1, 1, 0, -7, 0, -20,
    -38, -29, -10, 0, 0, 0, 0, 0,
    0, 0, 0, 0, 0, 0, 0, 0,
    0, 0, 0, 0, 0, 0, 0, 0,
    0, 0, 0, 0, 0, -16, 0, 0,
    0, 0, 0, 0, 0, 0, 0, 0,
    0, 0, 0, 0, 0, 0, 0, 0,
    0, 0, 0, 0, 0, 0, 0, 0,
    0, 0, 0, 0, 0, 0, 0, 0,
    0, 0, 0, 0, 0, 0, 0, 0,
    0, 0, 10, 0, 0, 0, -18, 0,
    0, 0, 0, 0, 0, 0, 0, 0,
    0, 0, 0, 0, 0, 0, 0, 0,
    0, 0, 0, 0, 0, 0, -8, 0,
    0, 0, 0, 0, 0, 0, 0, -4,
    0, 0, 0, 0, -11, 0, 0, 0,
    0, 0, 0, 0, 0, 0, 2, 0,
    0, 0, 0, 0, 0, 0, 0, 0,
    0, 0, 0, 0, 0, 0, 0, 0,
    0, 0, 0, 0, 0, 0, 0, 0,
    10, 0, 0, 2, 0, 0, 0, 0,
    0, 0, 0, 0, 0, 0, -13, 0,
    -13, -11, 0, 0, 0, 0, 0, 0,
    0, 0, 0, 0, -12, 0, 0, 0,
    0, -9, 0, -12, -7, -15, -12, 0,
    -12, 0, -11, 0, 0, 0, 0, 0,
    0, 0, 0, 0, 0, 0, 0, 0,
    0, 0, 0, 0, 0, 0, 0, -2,
    0, 0, 0, 0, 0, 0, 0, 0,
    0, 0, 0, 0, 0, 0, 0, 0,
    0, 0, -10, 0, 0, -13, 0, 0,
    0, 0, 0, 0, 0, 0, 0, 0,
    0, 0, 0, 0, 0, 0, 0, 0,
    0, 0, 0, 0, 0, 0, 0, 0,
    0, 0, 0, 0, 0, 0, 0, 0,
    0, 0, 0, 0, 0, 0, 0, 0,
    0, 0, 0, 0, 0, 0, 0, 0,
    0, 0, 0, 0, 0, 0, 0, 0,
    0, 0, 0, 0, 0, 0, 0, 0,
    0, 0, 0, 0, 21, 0, 0, 0,
    0, 0, 0, 0, 0, 0, 0, 0,
    0, 0, -11, 0, -10, 0, 0, 0,
    0, 0, 0, 0, 0, 0, 0, 0,
    -26, 0, 0, -20, 0, 0, 0, 0,
    0, 0, 0, 0, 0, 0, -10, -5,
    -8, 0, 0, 0, -6, 0, 0, -10,
    -10, 0, 0, -10, 0, 0, -8, 0,
    0, 0, 0, 0, 0, -10, 0, 0,
    0, 0, 0, 0, 0, -5, -5, -8,
    0, 0, 0, -8, -10, -10, 0, 0,
    0, -24, 0, 0, 0, 0, 0, 0,
    0, 0, 0, 0, 0, 0, 0, 0,
    0, 0, 0, 0, 0, 0, -9, 0,
    0, 0, 0, -9, 0, -6, 0, -4,
    -8, 0, -6, 0, 0, 0, 0, 0,
    0, 0, 0, 0, 0, 0, 0, 0,
    0, 0, 0, 0, 0, 0, 0, 0,
    0, 0, 0, 0, 0, 0, 0, 0,
    0, 0, 0, 0, 0, 0, 0, 0,
    10, 0, 0, 0, 0, 0, 0, 0,
    0, 0, 0, 5, 0, 0, 0, 0,
    0, 0, 0, 0, 0, 0, 0, 0,
    0, 0, 0, 0, 0, 0, 0, 0,
    0, 0, 0, 0, 0, 0, 0, 0,
    0, 0, 5, 0, 0, 0, 0, 0,
    0, 0, 4, 0, 3, 0, 0, 0,
    0, 0, 0, 0, 0, 0, 0, 0,
    0, 0, 0, 0, 0, 0, 0, 10,
    0, 0, 0, 0, 0, 0, 18, 0,
    0, 3, 0, 0, 0, 0, 0, 0,
    0, 0, 0, 0, -10, 0, -10, -16,
    0, 0, 0, 0, 0, 0, 0, 0,
    0, 0, -6, 0, 0, 0, 0, 0,
    0, 0, 0, 0, 0, 0, 0, 0,
    -15, 0, 0, 0, 0, 0, 0, 0,
    0, 0, 0, 0, 0, 0, 0, 0,
    0, 0, 0, 0, 0, 0, 0, 0,
    0, 0, 0, 0, 0, 0, 0, 0,
    0, 0, 0, 0, 0, 0, 0, 0,
    0, 0, 0, -10, 0, -3, 0, 0,
    0, -22, 0, -22, 0, 0, 0, 0,
    0, 0, 0, 0, -20, -10, 0, -12,
    0, 0, -12, 0, -3, 0, 0, 0,
    0, 0, 0, 0, 0, 0, 0, 0,
    -11, 0, 2, 0, 0, 0, 0, -10,
    -11, -18, 0, 0, 0, -22, -11, -12,
    0, -15, -15, -4, 0, -10, 0, -13,
    0, 0, 0, 0, -10, 0, 0, -11,
    2, 2, 24, -11, -10, -11, 0, 0,
    -10, 0, -26, 0, 0, 0, -11, -19,
    0, -15, 0, 0, 0, -13, 0, 0,
    0, 0, 0, 0, 0, -8, 0, 0,
    -8, 0, 0, -26, 0, -22, -11, 0,
    -25, 0, -22, -38, 0, 0, 0, 0,
    0, 0, 0, 0, -6, 0, -20, 0,
    0, 0, 0, -11, 0, -8, -28, -18,
    -38, -23, -13, 0, -22, -18, 0, 0,
    0, 0, -10, 0, 0, 0, 0, 0,
    0, 0, 0, -20, -24, -26, -10, 0,
    0, 0, -10, 0, 0, -6, -11, -6,
    -10, 0, 0, 0, 0, 0, 0, 0,
    0, 0, 0, 0, -24, 0, 0, -28,
    0, 0, 0, 0, 0, 0, 0, 0,
    0, 0, 0, -4, -2, 0, 0, 0,
    0, 0, 0, 0, 0, 0, 0, 0,
    0, -6, -2, 0, 0, 0, -6, 0,
    0, 0, 0, -6, 0, 0, 0, 0,
    0, -4, -4, -2, 0, 0, 0, -2,
    0, 0, 0, 0, 0, -28, 0, 0,
    0, 0, 0, 0, 0, 0, 0, 0,
    0, 0, 0, 0, 0, 0, 0, 0,
    0, 0, 0, 0, 0, 0, 0, 0,
    0, -6, 0, 0, -8, 0, -6, 0,
    0, -1, -4, 0, 0, 0, 0, 0,
    0, 0, 0, 0, 0, 0, 0, 0,
    -4, 0, 0, 0, 0, 0, 0, 0,
    0, 0, 0, 0, 0, 0, 0, -1,
    -1, -4, 0, 0, 13, -4, 0, 0,
    0, 0, 0, 0, 0, -2, -10, 0,
    0, -15, -10, -15, -10, -15, -10, 0,
    0, -20, -23, -10, -23, -10, 0, -9,
    -26, 0, -9, -26, -2, 0, 0, 0,
    0, 0, 3, 0, 0, 0, -16, -21,
    -22, 0, 0, 0, -16, -21, -29, -21,
    -18, -18, -9, -13, 0, -15, -22, -9,
    0, -38, -15, 0, 0, -29, 0, -23,
    -15, 0, 0, 0, -10, -11, -11, -15,
    0, 0, 26, -15, -15, -10, 0, 0,
    -10, -24, 0, 0, -15, 0, 0, -16,
    -28, -16, -28, -14, -7, 0, 0, -10,
    0, -18, -21, -18, 0, -10, -23, 0,
    -12, -28, 0, 0, 0, 4, 0, 0,
    0, 0, 4, 0, -23, -17, -18, 0,
    0, 0, -2, -13, 0, 0, 0, 0,
    0, 0, 0, -16, -18, -12, 0, -16,
    -18, 0, 0, 0, 0, -11, 0, -9,
    0, 0, -11, -17, -11, -18, 0, 0,
    24, -13, 0, 0, 0, 0, -11, -28,
    0, -2, -15, 0, 0, -12, -28, -12,
    -28, -9, 0, 0, 0, -10, 0, -15,
    -21, -18, 0, -7, -21, 0, -7, -18,
    -2, 0, 0, 2, 6, 0, 0, 0,
    2, 0, 0, -17, -14, 0, 0, 0,
    -10, -10, 0, 0, 0, 0, 0, 0,
    0, -12, -14, -7, 0, -16, -12, 0,
    0, 0, 0, -10, 0, -9, 0, 0,
    0, -17, -17, -14, 0, 0, 0, -14,
    0, 0, 0, 0, 0, -28, 0, -4,
    0, 0, 0, -12, 0, -12, 0, 0,
    -11, 0, -6, -11, 0, 0, -16, -15,
    0, -15, 0, 0, -15, 0, -4, -11,
    0, 0, 0, 0, 0, 0, 0, 0,
    0, -16, -8, 0, 0, 0, 0, 0,
    0, 0, 0, 0, 0, 0, 0, -10,
    -8, -15, 0, -11, -15, -2, 0, 0,
    0, -13, 0, 0, 0, 0, -13, -16,
    -16, -8, 0, 0, 0, -8, 0, 0,
    0, 0, -13, 0, 0, 0, -18, 0,
    0, -18, -19, -18, -19, 0, 0, 0,
    0, -20, 0, -18, -29, -28, 0, -12,
    -23, 0, -12, -10, 0, 3, 0, 0,
    0, 0, 0, 0, 0, 0, 0, -29,
    -31, 0, -6, 0, -11, -20, 0, -11,
    0, 0, 0, 0, 0, -18, -31, -12,
    0, -26, -15, -2, 0, -11, 0, -15,
    -18, 0, 0, 0, -13, -19, -15, -31,
    -6, -10, 0, -31, -11, 0, 0, 0,
    -11, -28, 0, 0, 0, 0, 0, -11,
    0, -11, 0, 0, 0, 0, 0, 0,
    0, 0, -18, 0, 0, -10, 0, 0,
    -10, 0, 0, 0, 0, 0, 0, 0,
    0, 0, 0, 0, 0, 0, 0, 0,
    0, 0, 0, 0, 0, 0, 0, 0,
    0, 0, 0, -11, 0, -10, 0, -10,
    -11, 0, 0, 0, 0, -10, 0, 0,
    0, 0, 0, 0, 0, 0, 0, 0,
    24, 0, 0, 0, 0, 0, 0, 0,
    0, 0, 0, 0, 0, 0, 0, 0,
    0, 0, 0, 0, 0, 0, 0, 0,
    0, 0, 0, 0, 4, 0, -12, 0,
    -4, -11, -6, -14, -17, 0, -23, 0,
    0, 0, 0, 0, -7, -3, 1, 0,
    0, -3, -8, 0, -15, -20, 0, 0,
    0, 0, 0, 0, -21, 0, 0, 0,
    0, 0, 0, 0, 0, 0, 0, 0,
    0, 0, 0, -7, 1, 1, 0, -7,
    0, -15, 0, 0, 0, 0, 0, 0,
    0, 0, 0, 0, 0, 0, 0, 0,
    0, 0, 0, 0, 0, 0, 0, 0,
    0, 0, 0, 10, -11, 0, 0, -16,
    -11, -23, 0, 0, 0, 0, 0, 0,
    0, 0, 0, 0, 5, 28, 10, 0,
    0, 0, -23, 0, 0, 0, 0, 0,
    0, 0, 0, 0, 0, 0, 0, 0,
    0, 0, 0, 0, 0, 0, 0, 0,
    0, 0, 5, 5, 0, 0, 0, -23,
    0, 0, 0, 0, -6, 0, 0, 0,
    0, 0, 0, 0, 0, 0, 0, -11,
    0, 0, 0, 0, 0, 0, 0, 0,
    0, 0, 0, 0, 0, -20, 0, -15,
    -15, 0, -28, 0, -15, 0, 0, 0,
    0, 0, 0, 0, 0, 0, 0, 0,
    -5, 0, 0, 0, 0, 0, 0, 0,
    0, 0, 0, -2, 0, 0, 0, 0,
    0, 0, 0, 0, 0, 0, 0, 0,
    0, 0, 0, 0, 0, -5, -13, -7,
    0, 0, -6, 0, 0, -4, 0, 0,
    0, 0, 0, 0, 0, -10, 0, 0,
    0, 0, 0, 0, 0, 0, -10, 0,
    0, 0, 0, -22, 0, -18, -14, -8,
    -33, 0, -18, 0, 0, 3, 0, 0,
    0, 0, 0, 0, 0, 0, -5, -4,
    -6, -6, 0, 0, 0, 0, -10, 0,
    0, -3, 0, 0, 0, 0, 0, 0,
    0, 0, 0, 3, 3, 0, 0, 0,
    0, 0, 0, -5, -18, -6, 0, 0,
    0, 0, 0, 0, 0, -6, -16, -6,
    -16, -4, 0, 0, 0, -18, 0, 0,
    0, 0, 0, 0, -10, 0, 0, -18,
    0, 0, 0, 0, 0, 0, 1, 0,
    0, 0, -4, -6, -6, -12, 2, 2,
    0, -5, -11, 0, 0, 6, 0, 0,
    0, -6, -6, 0, 0, -11, -6, 0,
    0, 0, 0, -6, 0, 0, 0, 0,
    -5, -6, -6, -6, 2, 2, 29, -6,
    0, 0, 0, 0, -5, -16, 0, 0,
    0, 0, 0, 0, 0, 0, 0, 0,
    0, 0, 0, 0, 0, 0, 0, 0,
    0, 0, 0, 0, 0, 0, 0, -15,
    0, 0, 0, 0, 0, 0, 0, 0,
    0, 0, 0, 0, 0, 3, 0, 0,
    0, 0, 0, 0, 0, 0, 0, 0,
    0, 0, 0, 0, 0, 0, 0, 0,
    0, 0, 0, 0, 0, 0, 0, 0,
    0, 0, 0, 0, 0, 0, 0, 0,
    0, 0, 0, 0, 0, 0, 0, 0,
    0, 0, 0, 0, 0, 0, 0, 0,
    0, 0, 0, 0, 0, 0, 0, 0,
    0, 0, 0, 0, 0, 0, 0, 0,
    0, 0, 0, 0, 0, 0, 0, 0,
    0, 0, 0, 0, 0, 0, 0, 0,
    0, 0, 0, 0, 0, 0, 0, 0,
    0, 0, 0, 0, 0, 0, 0, 0,
    0, 0, 0, 0, 0, 0, 0, 0,
    0, 0, 18, 0, 0, 0, 0, 0,
    0, 0, 0, 0, 0, 0, 0, -17,
    0, -17, 0, 0, 0, 0, 0, -13,
    0, 0, -24, 0, 0, 0, 0, 0,
    0, 0, 0, -16, 0, 0, 0, 0,
    0, 0, 0, 0, 0, 0, -6, 0,
    0, 0, 0, 0, 0, 0, 2, 0,
    0, 0, 0, -17, -6, 0, 0, -15,
    -20, 0, 0, 0, 0, -17, 0, 0,
    0, 0, 0, 0, 0, -6, 0, 0,
    0, -6, 0, 2, 0, 0, 0, 0,
    0, 0, 0, 0, 0, -11, -18, -11,
    -18, -9, 0, 0, 0, 0, 0, 0,
    -11, 0, 0, 0, -11, 5, 0, -16,
    0, -16, 0, 0, 0, 0, 0, -10,
    0, 0, 0, -4, -7, 6, 1, 4,
    2, 0, 6, 0, 5, 2, 5, 0,
    5, -11, -7, 0, 0, 0, -10, 0,
    0, 0, 0, -11, 0, 0, 0, 0,
    0, -4, -4, -7, 1, 1, 5, -7,
    0, 5, -11, 5, 0, -18, -2, 0,
    0, 0, 0, 0, 0, 0, 0, 0,
    0, 0, 0, 0, 0, 0, 0, 0,
    0, 0, 0, 0, 0, 0, 0, -21,
    0, -13, -10, 0, -21, 0, -13, 0,
    0, 0, 0, 0, 0, 0, 0, 0,
    0, 0, 0, 0, 0, 0, 0, 0,
    0, 0, 0, 0, 0, -2, 0, 0,
    0, 0, 0, 0, 0, 0, 0, 0,
    0, 0, 0, 0, 0, 0, 0, 0,
    -15, 0, 0, 0, 0, 0, 0, 0,
    0, -5, 0, -5, 0, 0, 0, 0,
    0, -2, 0, 0, -8, 0, 0, 0,
    0, 1, 0, 0, 0, -10, 0, -1,
    -1, 0, -2, 0, -1, 0, 0, 1,
    -3, -9, 0, 2, 0, -2, -3, 0,
    6, 6, 0, 0, 1, -5, -3, 0,
    0, 0, -5, 0, 0, 0, 0, -5,
    0, 0, 0, 0, -2, 1, 1, -3,
    0, 0, 0, -3, 0, 6, -11, 3,
    -2, 0, 0, 0, 0, 0, 0, -11,
    0, -11, 0, -10, 0, 0, 0, 0,
    0, 0, -11, 0, 0, 0, 0, 0,
    0, 0, 0, -15, 0, 0, 0, 0,
    -16, 0, 0, 0, -10, 0, 0, 0,
    0, 0, 0, 0, 0, 0, 0, 0,
    0, 0, 0, -11, 0, 0, 0, 0,
    -10, 0, 0, 0, 0, -11, 0, 0,
    0, 0, 0, 0, 0, 0, 0, 0,
    0, 0, 0, 0, -11, 4, 0, 0,
    0, 0, 0, 0, 0, -11, -11, -11,
    -11, -16, 0, 0, 0, 0, 0, 0,
    -10, -11, 0, 0, -20, 1, 0, -18,
    0, -10, 0, 0, 0, 0, -10, 0,
    0, 0, -23, -3, -5, 4, 0, 0,
    0, 0, 5, 0, 0, 0, 0, 0,
    1, -11, -5, 0, 0, -11, -11, 0,
    0, 0, 0, -11, 0, 0, 0, 0,
    0, -3, -3, -5, 0, 0, 7, -5,
    0, 0, 0, 0, 0, -21, 0, 0,
    -10, 0, 0, 0, -21, 0, -21, 0,
    0, 0, 0, 0, 0, 0, 0, 0,
    0, 0, -20, 0, 0, -16, 0, -15,
    0, 0, 0, 0, 0, -10, 0, 0,
    0, -1, -4, 0, 0, 0, 0, 0,
    0, 0, 0, 0, 0, 0, 0, 0,
    -4, 0, 0, -10, 0, 0, 0, 0,
    0, 0, 0, 0, 0, 0, 0, -1,
    -1, -4, 0, 0, 0, -4, 0, 0,
    0, 0, 0, -21, 0, 0, 0, 0,
    0, -6, 0, -6, 0, 0, 0, 0,
    0, 0, 0, 0, 0, -10, 0, 0,
    0, 0, 0, 0, 0, -9, 0, 0,
    0, 0, 0, 0, 0, 0, 0, -1,
    -6, 4, 0, 0, 0, 0, 4, 0,
    0, 0, 0, 0, 0, -6, -6, 0,
    0, -10, -6, 0, 0, 0, 0, -6,
    0, 0, 0, 0, 0, -1, -1, -6,
    0, 0, 0, -6, 0, 0, 0, 0,
    0, 0, 0, 0, 0, 0, 0, 0,
    0, 0, 0, 0, 0, 0, 0, 0,
    0, 0, 0, 0, 0, 0, 0, 0,
    0, 0, 0, -10, 0, 0, 0, 0,
    0, 0, 0, 0, 0, 0, -6, 0,
    0, 0, 0, 0, 0, 0, 0, 0,
    0, 0, 0, 0, -6, 0, 0, 0,
    0, 0, 0, 0, 0, 0, 0, 0,
    0, 0, 0, 0, 0, -6, 0, 0,
    0, -6, 0, 0, 0, 0, 0, 0,
    0, 0, 0, 0, 0, 0, 0, 0,
    0, 0, 0, 0, 0, 0, 0, 0,
    0, 0, 0, 0, 0, 0, 0, 0,
    0, -20, 0, -10, 0, 0, -20, 0,
    0, 0, 0, 0, 0, 0, 0, 0,
    0, 0, 0, 0, 0, 0, 0, 0,
    0, 0, 0, 0, 0, 0, 0, 0,
    0, 0, 0, 0, 0, 0, 0, 0,
    0, 0, 0, 0, 0, 0, 0, 0,
    0, 0, 0, 0, 0, 0, 0, 0,
    0, 0, 0, 0, 0, 0, 0, 0,
    0, 0, 0, 0, 0, 0, 0, 0,
    0, 0, -10, 0, 0, 0, 0, -22,
    0, -18, -14, -8, -33, 0, 0, 0,
    0, 3, 0, 0, 0, 0, 0, 0,
    0, 0, -5, -4, -6, -6, 0, 0,
    0, 0, -10, 0, 0, 0, 0, 0,
    0, 0, 0, 0, 0, 0, 0, 3,
    3, 0, 0, 0, 0, 0, 0, -5,
    0, 0, 0, 0, 0, 0, 0, 0,
    0, 0, 0, 0, 0, 0, 0, 0,
    0, 0, 0, 0, 0, 0, 0, 0,
    0, 0, 0, 0, 0, 0, 0, 0,
    0, 0, 0, 0, 0, 0, 0, 0,
    0, 0, 10, 0, 0, 0, 0, 0,
    0, 0, 0, 0, 0, 0, 0, 0,
    0, 0, 0, 0, 0, 0, 0, 0,
    0, 0, 0, 0, 0, 0, 0, 0,
    10, 10, 0, 0, 0, 0, 0, 0,
    0, 0, 0, 0, -11, 0, 0, 0,
    0, 0, 0, 0, 0, 0, 0, 0,
    0, 0, 0, 0, 0, 0, -21, 0,
    0, -21, 0, 0, 0, 0, 0, 0,
    0, 0, 0, 0, 0, 0, -10, 0,
    0, 0, 0, 0, 0, 0, 0, 0,
    0, 0, 0, 0, -10, 0, 0, 0,
    0, 0, 0, 0, 0, 0, 0, 0,
    0, 0, 0, 0, 0, -10, 0, 0,
    0, -10, 0, 0, 0, 0, 0, 0,
    0, 0, 0, 0, 0, 0, 0, 0,
    0, 0, 0, 0, 0, 0, 0, 0,
    0, 0, 0, 0, -10, 0, 0, 0,
    0, -15, 0, 0, 0, 0, -18, 0,
    0, 0, 0, 0, 0, 0, 0, 0,
    0, 0, 0, 0, 0, 0, 0, 0,
    0, 0, 0, 0, 0, 0, 0, 0,
    0, 0, 0, 0, 0, 0, 0, 0,
    0, 0, 0, 0, 0, 0, 0, 0,
    0, 0, 0, 0, 0, 0, 0, 0,
    0, 0, 0, 0, 0, 0, 0, 0,
    0, 0, 0, 0, 0, 0, 0, 0,
    0, 0, 0, 0, 0, 0, 0, -15,
    0, 0, 0, 0, 0, 0, 0, 0,
    0, 0, 0, 0, 0, 0, 0, 0,
    0, 0, 0, 0, 0, 0, 0, 0,
    0, 0, 0, 0, 0, 0, 0, 0,
    0, 0, 0, 0, 0, 0, 0, 0,
    0, 0, 0, 0, 0, 0, 0, 0,
    0, 0, 0, 0, 0, 0, 0, 0,
    0, 0, 0, 0, 0, 0, 0, 0,
    0, 0, 0, 0, 0, 0, 0, 0,
    -20, 0, -2, -20, 0, 0, 0, 0,
    0, -2, -2, 0, 0, 0, 0, -3,
    -8, 0, 0, 0, 0, -3, 0, 0,
    0, 0, 0, 0, 0, 0, 0, 0,
    0, 0, 0, 0, 0, 0, 0, 0,
    0, 0, 0, 0, 0, -3, -3, -8,
    0, 0, 0, -8, 0, 0, 0, 0,
    0, 0, 0, 0, 0, 0, 0, 0,
    0, 0, 0, 0, 0, 0, 0, 0,
    0, 0, 0, 0, 0, 0, 0, 0,
    0, 0, 0, -15, 0, 0, 0, 0,
    -16, 0, 0, 0, 0, 0, 0, 0,
    0, 0, 0, 0, 0, 0, 0, 0,
    0, 0, 0, 0, 0, 0, 0, 0,
    0, 0, 0, 0, 0, 0, 0, 0,
    0, 0, 0, 0, 0, 0, 0, 0,
    0, 0, 0, 0, 0, 0, 0, 0,
    0, 0, 0, 0, 0, 0, 0, 0,
    0, 0, 0, 0, 0, 0, 0, 0,
    0, 0, 0, 0, -10, 0, 0, -13,
    0, -23, 0, -11, -7, -13, -15, 0,
    0, 0, 0, 0, 0, 0, 0, 0,
    0, 0, 0, 0, 0, 0, -6, 0,
    0, 0, 0, 0, 0, 0, 0, 0,
    0, 0, 0, 0, 0, 0, 0, 0,
    0, 0, 0, 0, 0, 0, 0, 0,
    0, 0, 0, 0, 0, 0, 0, 0,
    0, 0, 0, 0, 0, 0, 0, 0,
    0, 0, 0, 0, 0, 0, 0, 0,
    0, 0, -10, 0, 0, 0, 0, -38,
    0, -18, -16, -11, -26, -10, 0, 0,
    0, 0, 0, 0, 0, 0, 0, 0,
    0, 0, -10, -10, -10, 0, 0, 0,
    0, 0, 0, 0, 0, 0, 0, 0,
    0, 0, 0, 0, 0, 0, 0, 0,
    0, 0, 0, 0, 0, 0, 0, -10,
    0, 0, 0, 0, 0, 0, 0, 0,
    0, 0, 0, 0, 0, 0, 0, 0,
    0, 0, 0, 0, 0, 0, 0, 0,
    0, 0, 0, 0, 0, -20, 0, -34,
    -28, 0, 0, 0, 0, 0, 0, 0,
    0, 0, 0, 0, 0, 0, 0, 0,
    0, 0, 0, 0, 0, 0, 0, 0,
    0, 0, 0, 0, 0, 0, 0, 0,
    0, 0, 0, 0, 0, 0, 0, 0,
    0, 0, 0, 0, 0, 0, 0, 0,
    0, 0, 0, 0, 0, 0, 0, 0,
    0, 0, 0, 0, 0, 0, 0, 0,
    0, 0, 0, 0, 0, 0, 0, 0,
    0, 0, 0, 0, 0, 0, 0, 0,
    0, 0, 0, 0, 0, 0, 0, 0,
    0, 0, 0, 0, 0, 0, 0, 0,
    0, 0, 0, 0, 0, 0, 0, 0,
    0, 0, 0, 0, 0, 0, 0, 0,
    0, 0, 0, 0, 0, 0, 0, 0,
    11, 0, 0, 0, 0, 0, 0, 0,
    0, 0, 0, 0, 0, 0, 0, 0,
    0, 0, 0, 0, 0, 0, 0, 0,
    0, 0, 0, 0, -10, 0, 0, 0,
    0, -16, 0, -11, 0, -13, -13, 0,
    0, 0, 0, 0, 0, 0, 0, 0,
    0, 0, 0, 0, 0, 0, 0, 0,
    0, 0, 0, 0, 0, 0, 0, 0,
    0, 0, 0, 0, 0, 0, 0, 0,
    0, 0, 0, 0, 0, 0, 0, 0,
    0, 0, 0, 0, 0, 0, 0, 0,
    0, 0, 0, 0, -29, 0, -29, 0,
    0, 0, 0, 0, 0, 0, 0, 0,
    0, 0, -11, 0, 0, -11, 0, -16,
    0, -15, 0, 0, 0, -11, -15, 0,
    0, 0, 0, 0, 0, 0, 0, 0,
    0, 0, 0, 0, 0, 0, 0, 0,
    0, 0, 0, 0, 0, 0, 0, 0,
    0, 0, 0, 0, 0, 0, 0, 0,
    0, 0, 0, 0, 0, 0, 0, 0,
    -16, 0, 0, -29, 0, 0, 0, 0,
    0, 0, 0, 0, 0, 0, 0, 0,
    0, 0, 0, 0, 0, 0, 0, 0,
    0, 0, 0, 0, 0, -16, 0, 0,
    0, 0, 0, 0, 0, 0, 0, 0,
    0, 0, 0, 0, 0, 0, 0, 0,
    0, 0, 0, 0, 0, 0, 0, 0,
    0, 0, 0, 0, 0, 0, 0, 0,
    0, 0, 0, 0, 0, 0, 0, 0,
    0, 0, 10, 0, 0, 0, -20, 0,
    0, 0, 0, 0, 0, 0, 0, 0,
    0, 0, 0, 0, 0, 0, 0, 0,
    0, 0, 0, 0, 0, 0, 0, 0,
    0, 0, 0, -23, 0, 0, 0, 0,
    0, 0, 0, 0, 0, 0, 0, 0,
    0, 0, 0, 0, 0, 0, 0, 0,
    0, 0, 0, 0, 0, 0, 0, 0,
    0, 0, 0, 0, 0, 0, 0, 0,
    0, 0, 0, 0, 0, 0, 0, 0,
    0, 0, 0, 0, 0, 0, 0, 0,
    0, 0, 0, 0, 0, 0, 0, 0,
    0, 0, 0, 0, 0, 0, 0, 0,
    0, 0, 0, 0, 0, 0, 0, 0,
    0, 0, 0, 0, 0, 0, 0, 0,
    0, 0, 0, 0, 0, 0, 0, 0,
    0, 0, 0, 0, 0, 0, 0, 0,
    0, 0, 0, 0, 0, 0, 0, 0,
    0, 0, 0, 0, 0, 0, 0, 0,
    0, 0, 0, 0, 0, 0, 10, 0,
    0, 0, 0, 0, 0, 0, 0, 0,
    0, 0, 0, 0, 0, 0, 0, 0,
    0, 13, 0, 0, 26, 0, 0, 0,
    0, 0, 0, 18, 0, 0, 0, 26,
    0, 24, 0, 0, 0, 26, 24, 0,
    0, 0, 0, 11, 18, 18, 5, 0,
    15, 0, 0, 0, 0, 0, 18, 0,
    0, 0, 0, 0, 0, 0, 0, 0,
    0, 0, 0, 0, 11, 0, 0, 0,
    0, 0, 10, 18, 46, 0, 0, 0,
    0, 0, 0, 0, -6, 0, 0, 0,
    0, 0, 0, 0, 0, 0, 0, -11,
    0, 0, 0, 0, 0, 0, 0, 0,
    0, 0, 0, 0, 0, -15, 0, -15,
    -15, 0, -28, 0, -15, 0, 0, 0,
    0, 0, 0, 0, 0, 0, 0, 0,
    -5, 0, 0, 0, 0, 0, 0, 0,
    0, 0, 0, -2, 0, 0, 0, 0,
    0, 0, 0, 0, 0, 0, 0, 0,
    0, 0, 0, 0, 0, -5, -13, -7,
    0, 0, -6, 0, 0, -4, 0, 0,
    0, 0, 0, 0, 0, -10, 0, 0,
    0, 0, 0, 0, 0, 0, -10, 0,
    0, 0, 0, -15, 0, -18, -14, -8,
    -33, 0, -18, 0, 0, 3, 0, 0,
    0, 0, 0, 0, 0, 0, -5, -4,
    -6, -6, 0, 0, 0, 0, -10, 0,
    0, -3, 0, 0, 0, 0, 0, 0,
    0, 0, 0, 3, 3, 0, 0, 0,
    0, 0, 0, -5, -18, -6, 0, 0,
    0, 0, 0, 0, 0, 0, 0, 0,
    0, 0, 0, 0, 0, 0, 0, 0,
    0, 0, 0, 0, -28, 0, 0, -42,
    0, 0, 0, 0, 0, 0, 0, 0,
    0, 0, 0, 0, -11, 0, 0, 0,
    0, -5, 0, 0, 0, 0, 0, 0,
    0, 0, 0, 0, 0, 0, 0, 0,
    0, 0, 0, 0, 0, 0, 0, 0,
    0, 0, 0, -11, 0, 0, 0, -11,
    0, 0, 0, 0, 0, 0, 0, 0,
    0, 0, 0, 0, 0, 0, 0, 0,
    0, 0, 0, 0, 0, 0, 0, 0,
    0, 0, -39, 0, -16, -36, 0, 0,
    0, 0, 0, 0, 0, 0, 0, 0,
    0, -16, -18, 0, 0, 0, -8, -20,
    2, -11, 2, 0, 0, 0, 0, 0,
    0, 0, 0, 0, 0, 0, 0, 0,
    0, 0, 0, 0, 0, 0, 0, -16,
    -16, -18, 0, 0, 0, -18, -11, 2,
    0, 0, 0, 0, 0, 0, 0, 0,
    0, 0, 0, 0, 0, 0, 0, 0,
    0, 0, 0, 0, 0, 0, 0, 0,
    -10, 0, 0, 0, 0, -10, 0, -11,
    0, -13, -13, 0, 0, 0, 0, 0,
    0, 0, 0, 0, 0, 0, 0, 0,
    0, 0, 0, 0, 0, 0, 0, 0,
    0, 0, 0, 0, 0, 0, 0, 0,
    0, 0, 0, 0, 0, 0, 0, 0,
    0, 0, 0, 0, 0, 0, 0, 0,
    0, 0
};


/*Collect the kern class' data in one place*/
static const lv_font_fmt_txt_kern_classes_t kern_classes =
{
    .class_pair_values   = kern_class_values,
    .left_class_mapping  = kern_left_class_mapping,
    .right_class_mapping = kern_right_class_mapping,
    .left_class_cnt      = 75,
    .right_class_cnt     = 78,
};

/*--------------------
 *  ALL CUSTOM DATA
 *--------------------*/

#if LVGL_VERSION_MAJOR == 8
/*Store all the custom data of the font*/
static  lv_font_fmt_txt_glyph_cache_t cache;
#endif

#if LVGL_VERSION_MAJOR >= 8
static const lv_font_fmt_txt_dsc_t font_dsc = {
#else
static lv_font_fmt_txt_dsc_t font_dsc = {
#endif
    .glyph_bitmap = glyph_bitmap,
    .glyph_dsc = glyph_dsc,
    .cmaps = cmaps,
    .kern_dsc = &kern_classes,
    .kern_scale = 16,
    .cmap_num = 4,
    .bpp = 4,
    .kern_classes = 1,
    .bitmap_format = 0,
#if LVGL_VERSION_MAJOR == 8
    .cache = &cache
#endif
};



/*-----------------
 *  PUBLIC FONT
 *----------------*/

/*Initialize a public general font descriptor*/
#if LVGL_VERSION_MAJOR >= 8
const lv_font_t font_inter_bold_18 = {
#else
lv_font_t font_inter_bold_18 = {
#endif
    .get_glyph_dsc = lv_font_get_glyph_dsc_fmt_txt,    /*Function pointer to get glyph's data*/
    .get_glyph_bitmap = lv_font_get_bitmap_fmt_txt,    /*Function pointer to get glyph's bitmap*/
    .line_height = 23,          /*The maximum line height required by the font*/
    .base_line = 5,             /*Baseline measured from the bottom of the line*/
#if !(LVGL_VERSION_MAJOR == 6 && LVGL_VERSION_MINOR == 0)
    .subpx = LV_FONT_SUBPX_NONE,
#endif
#if LV_VERSION_CHECK(7, 4, 0) || LVGL_VERSION_MAJOR >= 8
    .underline_position = -3,
    .underline_thickness = 2,
#endif
    .dsc = &font_dsc,          /*The custom font data. Will be accessed by `get_glyph_bitmap/dsc` */
#if LV_VERSION_CHECK(8, 2, 0) || LVGL_VERSION_MAJOR >= 9
    .fallback = NULL,
#endif
    .user_data = NULL,
};



#endif /*#if FONT_INTER_BOLD_18*/

