/*******************************************************************************
 * Size: 20 px
 * Bpp: 4
 * Opts: --font fonts/Inter-Medium.ttf -r 0x20-0x7E,0xA0-0xFF,0x2013,0x2014,0x2018,0x2019,0x201C,0x201D,0x2022,0x2026,0x2212,0x00B7 --size 20 --bpp 4 --format lvgl --no-compress --lv-include lvgl/lvgl.h --lv-font-name font_inter_medium_20 -o font_inter_medium_20.c
 ******************************************************************************/

#ifdef LV_LVGL_H_INCLUDE_SIMPLE
#include "lvgl.h"
#else
#include "lvgl/lvgl.h"
#endif

#ifndef FONT_INTER_MEDIUM_20
#define FONT_INTER_MEDIUM_20 1
#endif

#if FONT_INTER_MEDIUM_20

/*-----------------
 *    BITMAPS
 *----------------*/

/*Store the image of the glyphs*/
static LV_ATTRIBUTE_LARGE_CONST const uint8_t glyph_bitmap[] = {
    /* U+0020 " " */

    /* U+0021 "!" */
    0x2f, 0xf3, 0x2f, 0xf3, 0x1f, 0xf3, 0x1f, 0xf2,
    0x1f, 0xf2, 0x1f, 0xf2, 0xf, 0xf2, 0xf, 0xf1,
    0xf, 0xf1, 0xd, 0xd1, 0x0, 0x0, 0x1b, 0xb1,
    0x6f, 0xf7, 0x1d, 0xe2,

    /* U+0022 "\"" */
    0xff, 0x35, 0xfd, 0xef, 0x24, 0xfc, 0xef, 0x23,
    0xfc, 0xdf, 0x13, 0xfb, 0xcf, 0x2, 0xfa, 0x8a,
    0x1, 0xb7,

    /* U+0023 "#" */
    0x0, 0x0, 0xec, 0x0, 0xc, 0xe0, 0x0, 0x0,
    0x1f, 0x90, 0x0, 0xfb, 0x0, 0x0, 0x4, 0xf7,
    0x0, 0x2f, 0x90, 0x0, 0xaf, 0xff, 0xff, 0xff,
    0xff, 0xf6, 0x9, 0xbe, 0xfb, 0xbb, 0xef, 0xcb,
    0x20, 0x0, 0xcf, 0x0, 0xa, 0xf1, 0x0, 0x0,
    0xf, 0xc0, 0x0, 0xde, 0x0, 0x0, 0x1, 0xf9,
    0x0, 0xf, 0xb0, 0x0, 0x5b, 0xcf, 0xdb, 0xbc,
    0xfe, 0xb6, 0x9, 0xff, 0xff, 0xff, 0xff, 0xff,
    0x60, 0x0, 0xaf, 0x10, 0x8, 0xf3, 0x0, 0x0,
    0xc, 0xe0, 0x0, 0xbf, 0x0, 0x0, 0x0, 0xfc,
    0x0, 0xd, 0xd0, 0x0, 0x0, 0x2f, 0x90, 0x0,
    0xfb, 0x0, 0x0,

    /* U+0024 "$" */
    0x0, 0x0, 0x1f, 0x10, 0x0, 0x0, 0x0, 0x1,
    0xf1, 0x0, 0x0, 0x0, 0x0, 0x1f, 0x10, 0x0,
    0x0, 0x4, 0xbe, 0xff, 0xb5, 0x0, 0x8, 0xff,
    0xff, 0xff, 0xfa, 0x4, 0xff, 0x72, 0xf1, 0x6f,
    0xf5, 0x8f, 0xb0, 0x1f, 0x10, 0x7d, 0x87, 0xfc,
    0x1, 0xf1, 0x0, 0x0, 0x1f, 0xfc, 0x6f, 0x10,
    0x0, 0x0, 0x3c, 0xff, 0xfd, 0x82, 0x0, 0x0,
    0x3, 0x8f, 0xff, 0xf8, 0x0, 0x0, 0x1, 0xf2,
    0x6e, 0xf7, 0x11, 0x0, 0x1f, 0x10, 0x6f, 0xde,
    0xf6, 0x1, 0xf1, 0x7, 0xfd, 0x8f, 0xf6, 0x2f,
    0x26, 0xff, 0x80, 0xcf, 0xff, 0xff, 0xff, 0xc0,
    0x0, 0x6c, 0xff, 0xfc, 0x60, 0x0, 0x0, 0x1,
    0xf1, 0x0, 0x0, 0x0, 0x0, 0x1f, 0x10, 0x0,
    0x0,

    /* U+0025 "%" */
    0x9, 0xff, 0xa1, 0x0, 0x0, 0x5, 0xf6, 0x0,
    0x9f, 0x98, 0xfb, 0x0, 0x0, 0x2f, 0xb0, 0x0,
    0xed, 0x0, 0xbf, 0x0, 0x0, 0xce, 0x10, 0x0,
    0xec, 0x0, 0xaf, 0x0, 0x8, 0xf4, 0x0, 0x0,
    0xbf, 0x43, 0xed, 0x0, 0x3f, 0x80, 0x0, 0x0,
    0x2e, 0xff, 0xf3, 0x0, 0xdc, 0x0, 0x0, 0x0,
    0x0, 0x44, 0x0, 0xa, 0xf2, 0x0, 0x10, 0x0,
    0x0, 0x0, 0x0, 0x5f, 0x60, 0x2d, 0xff, 0x90,
    0x0, 0x0, 0x2, 0xfb, 0x0, 0xcf, 0x69, 0xf6,
    0x0, 0x0, 0xc, 0xe1, 0x1, 0xf9, 0x0, 0xfb,
    0x0, 0x0, 0x8f, 0x40, 0x2, 0xf8, 0x0, 0xec,
    0x0, 0x3, 0xf8, 0x0, 0x1, 0xf9, 0x0, 0xfb,
    0x0, 0xd, 0xc0, 0x0, 0x0, 0xcf, 0x8b, 0xf5,
    0x0, 0xaf, 0x20, 0x0, 0x0, 0x1b, 0xfe, 0x70,

    /* U+0026 "&" */
    0x0, 0x5, 0xcf, 0xfb, 0x20, 0x0, 0x0, 0x4,
    0xff, 0xde, 0xfe, 0x10, 0x0, 0x0, 0xbf, 0x70,
    0xb, 0xf6, 0x0, 0x0, 0xd, 0xf3, 0x0, 0x9f,
    0x60, 0x0, 0x0, 0x9f, 0x90, 0x5f, 0xe1, 0x0,
    0x0, 0x1, 0xff, 0xbf, 0xe3, 0x0, 0x0, 0x0,
    0x8, 0xff, 0xc1, 0x0, 0x0, 0x0, 0x8, 0xff,
    0xfe, 0x20, 0xc, 0xc0, 0x8, 0xfd, 0x28, 0xfd,
    0x12, 0xfe, 0x0, 0xff, 0x30, 0x9, 0xfc, 0x8f,
    0xa0, 0xf, 0xf2, 0x0, 0xb, 0xff, 0xf4, 0x0,
    0xdf, 0xa0, 0x0, 0x5f, 0xfd, 0x0, 0x3, 0xff,
    0xfd, 0xef, 0xff, 0xf8, 0x0, 0x2, 0xae, 0xfe,
    0xb4, 0x2e, 0xf6,

    /* U+0027 "'" */
    0xff, 0x3e, 0xf2, 0xef, 0x2d, 0xf1, 0xcf, 0x8,
    0xa0,

    /* U+0028 "(" */
    0x0, 0x0, 0x10, 0x0, 0xc, 0xf4, 0x0, 0x4f,
    0xd0, 0x0, 0xbf, 0x70, 0x1, 0xff, 0x20, 0x5,
    0xfd, 0x0, 0x9, 0xfa, 0x0, 0xc, 0xf6, 0x0,
    0xe, 0xf4, 0x0, 0xf, 0xf3, 0x0, 0xf, 0xf2,
    0x0, 0xf, 0xf3, 0x0, 0xd, 0xf5, 0x0, 0xb,
    0xf8, 0x0, 0x7, 0xfc, 0x0, 0x2, 0xff, 0x10,
    0x0, 0xcf, 0x70, 0x0, 0x4f, 0xd0, 0x0, 0xc,
    0xf4,

    /* U+0029 ")" */
    0x1, 0x0, 0x0, 0xe, 0xf3, 0x0, 0x7, 0xfb,
    0x0, 0x1, 0xff, 0x10, 0x0, 0xcf, 0x60, 0x0,
    0x7f, 0xb0, 0x0, 0x4f, 0xf0, 0x0, 0xf, 0xf2,
    0x0, 0xe, 0xf4, 0x0, 0xd, 0xf6, 0x0, 0xc,
    0xf6, 0x0, 0xd, 0xf5, 0x0, 0xf, 0xf3, 0x0,
    0x2f, 0xf1, 0x0, 0x6f, 0xd0, 0x0, 0xbf, 0x80,
    0x1, 0xff, 0x20, 0x7, 0xfb, 0x0, 0xe, 0xf2,
    0x0,

    /* U+002A "*" */
    0x0, 0x8, 0xf0, 0x0, 0x1, 0x50, 0x8e, 0x2,
    0x50, 0x8f, 0xb9, 0xe7, 0xfe, 0x0, 0x5d, 0xff,
    0xf9, 0x10, 0x3, 0xbf, 0xfe, 0x60, 0x7, 0xfd,
    0xae, 0x9f, 0xd0, 0x28, 0x7, 0xe0, 0x36, 0x0,
    0x0, 0x8f, 0x0, 0x0, 0x0, 0x1, 0x20, 0x0,
    0x0,

    /* U+002B "+" */
    0x0, 0x0, 0x4f, 0xa0, 0x0, 0x0, 0x0, 0x4,
    0xfa, 0x0, 0x0, 0x0, 0x0, 0x4f, 0xa0, 0x0,
    0x0, 0x0, 0x4, 0xfa, 0x0, 0x0, 0x2f, 0xff,
    0xff, 0xff, 0xff, 0x71, 0xdd, 0xdd, 0xff, 0xdd,
    0xd6, 0x0, 0x0, 0x4f, 0xa0, 0x0, 0x0, 0x0,
    0x4, 0xfa, 0x0, 0x0, 0x0, 0x0, 0x4f, 0xa0,
    0x0, 0x0, 0x0, 0x2, 0x85, 0x0, 0x0,

    /* U+002C "," */
    0xa, 0xb3, 0x1f, 0xf1, 0x4f, 0xc0, 0x6f, 0x70,
    0x8f, 0x30, 0xbe, 0x0,

    /* U+002D "-" */
    0x8d, 0xdd, 0xdd, 0xb9, 0xff, 0xff, 0xfd,

    /* U+002E "." */
    0x1b, 0xb1, 0x6f, 0xf7, 0x1d, 0xe2,

    /* U+002F "/" */
    0x0, 0x0, 0x7, 0x70, 0x0, 0x3, 0xfb, 0x0,
    0x0, 0x7f, 0x70, 0x0, 0xb, 0xf3, 0x0, 0x0,
    0xfe, 0x0, 0x0, 0x4f, 0xa0, 0x0, 0x8, 0xf6,
    0x0, 0x0, 0xcf, 0x20, 0x0, 0x1f, 0xd0, 0x0,
    0x5, 0xf9, 0x0, 0x0, 0x9f, 0x50, 0x0, 0xd,
    0xf1, 0x0, 0x2, 0xfc, 0x0, 0x0, 0x6f, 0x80,
    0x0, 0xa, 0xf4, 0x0, 0x0, 0xef, 0x0, 0x0,
    0x3f, 0xb0, 0x0, 0x7, 0xf7, 0x0, 0x0,

    /* U+0030 "0" */
    0x0, 0x2a, 0xef, 0xe9, 0x10, 0x0, 0x3f, 0xff,
    0xef, 0xfe, 0x20, 0xd, 0xfb, 0x10, 0x1c, 0xfc,
    0x5, 0xfe, 0x10, 0x0, 0x1f, 0xf4, 0xaf, 0x90,
    0x0, 0x0, 0xbf, 0x8c, 0xf6, 0x0, 0x0, 0x8,
    0xfb, 0xef, 0x50, 0x0, 0x0, 0x6f, 0xce, 0xf5,
    0x0, 0x0, 0x6, 0xfc, 0xcf, 0x60, 0x0, 0x0,
    0x8f, 0xba, 0xf9, 0x0, 0x0, 0xb, 0xf8, 0x5f,
    0xe1, 0x0, 0x1, 0xff, 0x40, 0xef, 0xb1, 0x2,
    0xcf, 0xd0, 0x3, 0xff, 0xfe, 0xff, 0xe2, 0x0,
    0x2, 0xae, 0xfe, 0x91, 0x0,

    /* U+0031 "1" */
    0x0, 0x9, 0xff, 0xb0, 0x3d, 0xff, 0xfb, 0x1f,
    0xf9, 0x8f, 0xb1, 0xe4, 0x8, 0xfb, 0x1, 0x0,
    0x8f, 0xb0, 0x0, 0x8, 0xfb, 0x0, 0x0, 0x8f,
    0xb0, 0x0, 0x8, 0xfb, 0x0, 0x0, 0x8f, 0xb0,
    0x0, 0x8, 0xfb, 0x0, 0x0, 0x8f, 0xb0, 0x0,
    0x8, 0xfb, 0x0, 0x0, 0x8f, 0xb0, 0x0, 0x8,
    0xfb,

    /* U+0032 "2" */
    0x0, 0x5c, 0xff, 0xd7, 0x0, 0x0, 0x9f, 0xfe,
    0xef, 0xfc, 0x0, 0x3f, 0xf5, 0x0, 0x3e, 0xf7,
    0x8, 0xfa, 0x0, 0x0, 0x6f, 0xc0, 0x24, 0x20,
    0x0, 0x6, 0xfb, 0x0, 0x0, 0x0, 0x0, 0xcf,
    0x70, 0x0, 0x0, 0x0, 0x9f, 0xd0, 0x0, 0x0,
    0x0, 0x8f, 0xe2, 0x0, 0x0, 0x0, 0x9f, 0xe2,
    0x0, 0x0, 0x0, 0x9f, 0xe2, 0x0, 0x0, 0x0,
    0xaf, 0xe2, 0x0, 0x0, 0x0, 0xaf, 0xe2, 0x0,
    0x0, 0x0, 0x8f, 0xff, 0xff, 0xff, 0xff, 0x9,
    0xff, 0xff, 0xff, 0xff, 0xf0,

    /* U+0033 "3" */
    0x0, 0x6c, 0xff, 0xea, 0x20, 0x0, 0xbf, 0xfe,
    0xdf, 0xff, 0x30, 0x5f, 0xe4, 0x0, 0x1b, 0xfc,
    0x3, 0x64, 0x0, 0x0, 0x4f, 0xe0, 0x0, 0x0,
    0x0, 0x1b, 0xf9, 0x0, 0x0, 0x2c, 0xdf, 0xf8,
    0x0, 0x0, 0x3, 0xff, 0xfe, 0x80, 0x0, 0x0,
    0x0, 0x4, 0xdf, 0xc0, 0x0, 0x0, 0x0, 0x1,
    0xff, 0x41, 0x10, 0x0, 0x0, 0xd, 0xf6, 0xcf,
    0x80, 0x0, 0x0, 0xff, 0x57, 0xff, 0x50, 0x1,
    0xbf, 0xe0, 0xb, 0xff, 0xfe, 0xff, 0xf4, 0x0,
    0x6, 0xcf, 0xfe, 0x92, 0x0,

    /* U+0034 "4" */
    0x0, 0x0, 0x1, 0xef, 0xf2, 0x0, 0x0, 0x0,
    0xa, 0xff, 0xf2, 0x0, 0x0, 0x0, 0x5f, 0xef,
    0xf2, 0x0, 0x0, 0x1, 0xef, 0x4f, 0xf2, 0x0,
    0x0, 0xa, 0xf9, 0xf, 0xf2, 0x0, 0x0, 0x5f,
    0xd0, 0xf, 0xf2, 0x0, 0x1, 0xff, 0x30, 0xf,
    0xf2, 0x0, 0xb, 0xf8, 0x0, 0xf, 0xf2, 0x0,
    0x6f, 0xc0, 0x0, 0xf, 0xf2, 0x0, 0xef, 0xff,
    0xff, 0xff, 0xff, 0xf0, 0xef, 0xff, 0xff, 0xff,
    0xff, 0xf0, 0x0, 0x0, 0x0, 0xf, 0xf2, 0x0,
    0x0, 0x0, 0x0, 0xf, 0xf2, 0x0, 0x0, 0x0,
    0x0, 0xf, 0xf2, 0x0,

    /* U+0035 "5" */
    0xd, 0xff, 0xff, 0xff, 0xf3, 0xf, 0xfe, 0xee,
    0xee, 0xe3, 0x1f, 0xf0, 0x0, 0x0, 0x0, 0x3f,
    0xd0, 0x0, 0x0, 0x0, 0x5f, 0xb6, 0xbc, 0xa4,
    0x0, 0x7f, 0xff, 0xff, 0xff, 0x80, 0x5b, 0xb4,
    0x1, 0x8f, 0xf4, 0x0, 0x0, 0x0, 0xa, 0xfb,
    0x0, 0x0, 0x0, 0x4, 0xfe, 0x0, 0x0, 0x0,
    0x4, 0xfe, 0xcf, 0x60, 0x0, 0x8, 0xfc, 0x7f,
    0xe4, 0x0, 0x5f, 0xf5, 0xc, 0xff, 0xee, 0xff,
    0x90, 0x0, 0x7d, 0xff, 0xc5, 0x0,

    /* U+0036 "6" */
    0x0, 0x19, 0xef, 0xeb, 0x40, 0x0, 0x1e, 0xff,
    0xff, 0xff, 0x70, 0xc, 0xfb, 0x20, 0x8, 0xff,
    0x23, 0xfd, 0x0, 0x0, 0x4, 0x51, 0x8f, 0x71,
    0x8c, 0xc8, 0x10, 0xc, 0xf7, 0xef, 0xff, 0xfe,
    0x20, 0xdf, 0xfc, 0x30, 0x3d, 0xfd, 0xe, 0xfe,
    0x10, 0x0, 0x1f, 0xf4, 0xdf, 0x90, 0x0, 0x0,
    0xbf, 0x7b, 0xf9, 0x0, 0x0, 0xb, 0xf7, 0x7f,
    0xd0, 0x0, 0x1, 0xff, 0x41, 0xff, 0xa0, 0x1,
    0xbf, 0xd0, 0x4, 0xff, 0xfe, 0xff, 0xf3, 0x0,
    0x3, 0xae, 0xfe, 0x91, 0x0,

    /* U+0037 "7" */
    0x2f, 0xff, 0xff, 0xff, 0xff, 0x81, 0xff, 0xff,
    0xff, 0xff, 0xf8, 0x0, 0x0, 0x0, 0x1, 0xff,
    0x40, 0x0, 0x0, 0x0, 0x9f, 0xb0, 0x0, 0x0,
    0x0, 0x2f, 0xf3, 0x0, 0x0, 0x0, 0xa, 0xfa,
    0x0, 0x0, 0x0, 0x3, 0xff, 0x20, 0x0, 0x0,
    0x0, 0xbf, 0x90, 0x0, 0x0, 0x0, 0x3f, 0xf1,
    0x0, 0x0, 0x0, 0xc, 0xf9, 0x0, 0x0, 0x0,
    0x4, 0xff, 0x10, 0x0, 0x0, 0x0, 0xcf, 0x80,
    0x0, 0x0, 0x0, 0x5f, 0xe1, 0x0, 0x0, 0x0,
    0xd, 0xf7, 0x0, 0x0, 0x0,

    /* U+0038 "8" */
    0x0, 0x6c, 0xff, 0xea, 0x20, 0x0, 0xaf, 0xfe,
    0xdf, 0xff, 0x40, 0x3f, 0xf5, 0x0, 0xa, 0xfd,
    0x5, 0xfd, 0x0, 0x0, 0x4f, 0xe0, 0x1f, 0xf4,
    0x0, 0xa, 0xf9, 0x0, 0x3c, 0xfd, 0xcf, 0xf9,
    0x0, 0x3, 0xcf, 0xff, 0xff, 0x90, 0x3, 0xff,
    0x81, 0x3, 0xdf, 0xb0, 0xaf, 0xa0, 0x0, 0x1,
    0xff, 0x4d, 0xf5, 0x0, 0x0, 0xc, 0xf7, 0xdf,
    0x70, 0x0, 0x0, 0xef, 0x67, 0xff, 0x40, 0x0,
    0x9f, 0xf1, 0xb, 0xff, 0xed, 0xff, 0xf5, 0x0,
    0x6, 0xcf, 0xfe, 0xa3, 0x0,

    /* U+0039 "9" */
    0x0, 0x6c, 0xff, 0xd8, 0x0, 0x0, 0xaf, 0xff,
    0xef, 0xfd, 0x10, 0x6f, 0xf5, 0x0, 0x2d, 0xfa,
    0xc, 0xf8, 0x0, 0x0, 0x2f, 0xf1, 0xef, 0x40,
    0x0, 0x0, 0xef, 0x5c, 0xf8, 0x0, 0x0, 0x3f,
    0xf7, 0x6f, 0xf7, 0x10, 0x5e, 0xff, 0x70, 0x9f,
    0xff, 0xff, 0xba, 0xf7, 0x0, 0x4a, 0xcb, 0x60,
    0xcf, 0x50, 0x0, 0x0, 0x0, 0xf, 0xf2, 0xaf,
    0x90, 0x0, 0x7, 0xfd, 0x4, 0xff, 0x60, 0x6,
    0xff, 0x50, 0x9, 0xff, 0xff, 0xff, 0x90, 0x0,
    0x6, 0xcf, 0xfc, 0x50, 0x0,

    /* U+003A ":" */
    0x1b, 0xb1, 0x6f, 0xf7, 0x1d, 0xe2, 0x0, 0x0,
    0x0, 0x0, 0x0, 0x0, 0x0, 0x0, 0x0, 0x0,
    0x1b, 0xb1, 0x6f, 0xf7, 0x1d, 0xe2,

    /* U+003B ";" */
    0xb, 0xf5, 0x2f, 0xfb, 0x9, 0xc3, 0x0, 0x0,
    0x0, 0x0, 0x0, 0x0, 0x0, 0x0, 0x0, 0x0,
    0xa, 0xb3, 0x1f, 0xf1, 0x4f, 0xc0, 0x6f, 0x70,
    0x8f, 0x30, 0xbe, 0x0,

    /* U+003C "<" */
    0x0, 0x0, 0x0, 0x0, 0x0, 0x0, 0x0, 0x0,
    0x0, 0x4, 0xc2, 0x0, 0x0, 0x0, 0x5c, 0xff,
    0x20, 0x0, 0x5, 0xdf, 0xfd, 0x60, 0x0, 0x6d,
    0xff, 0xc5, 0x0, 0x3, 0xef, 0xfb, 0x30, 0x0,
    0x0, 0x5f, 0xfa, 0x10, 0x0, 0x0, 0x1, 0x8e,
    0xff, 0x92, 0x0, 0x0, 0x0, 0x7, 0xef, 0xfb,
    0x40, 0x0, 0x0, 0x0, 0x6e, 0xff, 0xd1, 0x0,
    0x0, 0x0, 0x6, 0xdf, 0x20, 0x0, 0x0, 0x0,
    0x0, 0x51,

    /* U+003D "=" */
    0xef, 0xff, 0xff, 0xff, 0xf3, 0xce, 0xee, 0xee,
    0xee, 0xe3, 0x0, 0x0, 0x0, 0x0, 0x0, 0x0,
    0x0, 0x0, 0x0, 0x0, 0xce, 0xee, 0xee, 0xee,
    0xe3, 0xef, 0xff, 0xff, 0xff, 0xf3,

    /* U+003E ">" */
    0x0, 0x0, 0x0, 0x0, 0x0, 0xb7, 0x0, 0x0,
    0x0, 0x0, 0xcf, 0xe7, 0x0, 0x0, 0x0, 0x4b,
    0xff, 0xf8, 0x10, 0x0, 0x0, 0x2a, 0xff, 0xf8,
    0x10, 0x0, 0x0, 0x18, 0xef, 0xf7, 0x0, 0x0,
    0x0, 0x6f, 0xfa, 0x0, 0x0, 0x7e, 0xff, 0xa2,
    0x2, 0x8f, 0xff, 0xa2, 0x0, 0x9f, 0xff, 0x92,
    0x0, 0x0, 0xcf, 0x81, 0x0, 0x0, 0x0, 0x51,
    0x0, 0x0, 0x0, 0x0,

    /* U+003F "?" */
    0x0, 0x4b, 0xff, 0xd8, 0x0, 0x6, 0xff, 0xed,
    0xff, 0xc0, 0xf, 0xf8, 0x0, 0x3f, 0xf6, 0x2c,
    0xc0, 0x0, 0xa, 0xf9, 0x0, 0x0, 0x0, 0xd,
    0xf7, 0x0, 0x0, 0x1, 0xaf, 0xe1, 0x0, 0x0,
    0x3e, 0xfc, 0x20, 0x0, 0x0, 0xef, 0x80, 0x0,
    0x0, 0x2, 0xfe, 0x0, 0x0, 0x0, 0x2, 0x98,
    0x0, 0x0, 0x0, 0x0, 0x0, 0x0, 0x0, 0x0,
    0x3, 0xca, 0x0, 0x0, 0x0, 0xa, 0xff, 0x30,
    0x0, 0x0, 0x4, 0xfc, 0x0, 0x0,

    /* U+0040 "@" */
    0x0, 0x0, 0x17, 0xbe, 0xff, 0xeb, 0x60, 0x0,
    0x0, 0x0, 0x6, 0xff, 0xfc, 0xbb, 0xcf, 0xfe,
    0x50, 0x0, 0x0, 0x9f, 0xf7, 0x10, 0x0, 0x0,
    0x6e, 0xf6, 0x0, 0x6, 0xfe, 0x20, 0x0, 0x0,
    0x0, 0x2, 0xef, 0x30, 0xe, 0xf3, 0x0, 0x28,
    0xb9, 0x29, 0x90, 0x3f, 0xc0, 0x5f, 0xa0, 0x4,
    0xff, 0xff, 0xff, 0xd0, 0xb, 0xf2, 0xaf, 0x50,
    0xe, 0xf5, 0x1, 0xaf, 0xd0, 0x7, 0xf6, 0xcf,
    0x20, 0x5f, 0x70, 0x0, 0x1f, 0xd0, 0x4, 0xf8,
    0xef, 0x0, 0x8f, 0x30, 0x0, 0xd, 0xd0, 0x4,
    0xf8, 0xef, 0x0, 0x8f, 0x30, 0x0, 0xd, 0xd0,
    0x5, 0xf7, 0xcf, 0x10, 0x6f, 0x50, 0x0, 0xf,
    0xd0, 0x6, 0xf5, 0xaf, 0x40, 0x2f, 0xc0, 0x0,
    0x6f, 0xe0, 0xb, 0xf1, 0x6f, 0xa0, 0x9, 0xfd,
    0x9b, 0xfc, 0xfb, 0xaf, 0xa0, 0xf, 0xf2, 0x0,
    0x7e, 0xfd, 0x51, 0xbf, 0xfa, 0x0, 0x7, 0xfd,
    0x20, 0x0, 0x0, 0x0, 0x0, 0x0, 0x0, 0x0,
    0xaf, 0xf7, 0x10, 0x0, 0x0, 0x21, 0x0, 0x0,
    0x0, 0x7, 0xff, 0xfd, 0xba, 0xce, 0xf7, 0x0,
    0x0, 0x0, 0x0, 0x17, 0xbe, 0xff, 0xec, 0x83,
    0x0, 0x0,

    /* U+0041 "A" */
    0x0, 0x0, 0x8, 0xff, 0x90, 0x0, 0x0, 0x0,
    0x0, 0xe, 0xff, 0xf0, 0x0, 0x0, 0x0, 0x0,
    0x4f, 0xcb, 0xf5, 0x0, 0x0, 0x0, 0x0, 0xaf,
    0x76, 0xfb, 0x0, 0x0, 0x0, 0x0, 0xff, 0x31,
    0xff, 0x10, 0x0, 0x0, 0x5, 0xfe, 0x0, 0xcf,
    0x70, 0x0, 0x0, 0xb, 0xf8, 0x0, 0x7f, 0xd0,
    0x0, 0x0, 0x1f, 0xf3, 0x0, 0x1f, 0xf3, 0x0,
    0x0, 0x7f, 0xfd, 0xdd, 0xdf, 0xf9, 0x0, 0x0,
    0xdf, 0xff, 0xff, 0xff, 0xff, 0x0, 0x3, 0xff,
    0x20, 0x0, 0x0, 0xff, 0x50, 0x9, 0xfc, 0x0,
    0x0, 0x0, 0xaf, 0xc0, 0xe, 0xf6, 0x0, 0x0,
    0x0, 0x4f, 0xf2, 0x5f, 0xf1, 0x0, 0x0, 0x0,
    0xe, 0xf8,

    /* U+0042 "B" */
    0x6f, 0xff, 0xff, 0xfd, 0x80, 0x0, 0x6f, 0xfe,
    0xee, 0xff, 0xfc, 0x0, 0x6f, 0xd0, 0x0, 0x5,
    0xff, 0x50, 0x6f, 0xd0, 0x0, 0x0, 0xbf, 0x80,
    0x6f, 0xd0, 0x0, 0x0, 0xcf, 0x60, 0x6f, 0xd0,
    0x0, 0x18, 0xfd, 0x0, 0x6f, 0xff, 0xff, 0xff,
    0xa0, 0x0, 0x6f, 0xfb, 0xbb, 0xbf, 0xfc, 0x10,
    0x6f, 0xd0, 0x0, 0x0, 0xbf, 0xb0, 0x6f, 0xd0,
    0x0, 0x0, 0x3f, 0xf0, 0x6f, 0xd0, 0x0, 0x0,
    0x2f, 0xf1, 0x6f, 0xd0, 0x0, 0x2, 0xbf, 0xe0,
    0x6f, 0xfe, 0xee, 0xef, 0xff, 0x50, 0x6f, 0xff,
    0xff, 0xfe, 0xa3, 0x0,

    /* U+0043 "C" */
    0x0, 0x4, 0xae, 0xff, 0xc6, 0x0, 0x0, 0x9,
    0xff, 0xff, 0xff, 0xfd, 0x10, 0x8, 0xff, 0x92,
    0x1, 0x6e, 0xfc, 0x2, 0xff, 0x60, 0x0, 0x0,
    0x2f, 0xf5, 0x8f, 0xc0, 0x0, 0x0, 0x0, 0x7a,
    0x6c, 0xf7, 0x0, 0x0, 0x0, 0x0, 0x0, 0xdf,
    0x50, 0x0, 0x0, 0x0, 0x0, 0xd, 0xf5, 0x0,
    0x0, 0x0, 0x0, 0x0, 0xcf, 0x70, 0x0, 0x0,
    0x0, 0x0, 0x8, 0xfc, 0x0, 0x0, 0x0, 0x7,
    0xa6, 0x2f, 0xf6, 0x0, 0x0, 0x2, 0xff, 0x50,
    0x9f, 0xf9, 0x20, 0x16, 0xef, 0xc0, 0x0, 0x9f,
    0xff, 0xff, 0xff, 0xd1, 0x0, 0x0, 0x4a, 0xef,
    0xfc, 0x60, 0x0,

    /* U+0044 "D" */
    0x6f, 0xff, 0xff, 0xfc, 0x70, 0x0, 0x6, 0xff,
    0xff, 0xff, 0xff, 0xe3, 0x0, 0x6f, 0xd0, 0x0,
    0x5, 0xdf, 0xe1, 0x6, 0xfd, 0x0, 0x0, 0x0,
    0xdf, 0xa0, 0x6f, 0xd0, 0x0, 0x0, 0x4, 0xff,
    0x6, 0xfd, 0x0, 0x0, 0x0, 0xf, 0xf3, 0x6f,
    0xd0, 0x0, 0x0, 0x0, 0xdf, 0x56, 0xfd, 0x0,
    0x0, 0x0, 0xd, 0xf5, 0x6f, 0xd0, 0x0, 0x0,
    0x0, 0xff, 0x36, 0xfd, 0x0, 0x0, 0x0, 0x4f,
    0xf0, 0x6f, 0xd0, 0x0, 0x0, 0xd, 0xf9, 0x6,
    0xfd, 0x0, 0x0, 0x5d, 0xfe, 0x10, 0x6f, 0xff,
    0xff, 0xff, 0xfe, 0x30, 0x6, 0xff, 0xff, 0xfe,
    0xc6, 0x0, 0x0,

    /* U+0045 "E" */
    0x6f, 0xff, 0xff, 0xff, 0xfc, 0x6f, 0xfe, 0xee,
    0xee, 0xeb, 0x6f, 0xd0, 0x0, 0x0, 0x0, 0x6f,
    0xd0, 0x0, 0x0, 0x0, 0x6f, 0xd0, 0x0, 0x0,
    0x0, 0x6f, 0xd0, 0x0, 0x0, 0x0, 0x6f, 0xff,
    0xff, 0xff, 0xf4, 0x6f, 0xfe, 0xee, 0xee, 0xe4,
    0x6f, 0xd0, 0x0, 0x0, 0x0, 0x6f, 0xd0, 0x0,
    0x0, 0x0, 0x6f, 0xd0, 0x0, 0x0, 0x0, 0x6f,
    0xd0, 0x0, 0x0, 0x0, 0x6f, 0xfe, 0xee, 0xee,
    0xec, 0x6f, 0xff, 0xff, 0xff, 0xfd,

    /* U+0046 "F" */
    0x6f, 0xff, 0xff, 0xff, 0xfa, 0x6f, 0xfe, 0xee,
    0xee, 0xe9, 0x6f, 0xd0, 0x0, 0x0, 0x0, 0x6f,
    0xd0, 0x0, 0x0, 0x0, 0x6f, 0xd0, 0x0, 0x0,
    0x0, 0x6f, 0xd0, 0x0, 0x0, 0x0, 0x6f, 0xfe,
    0xee, 0xee, 0xe0, 0x6f, 0xff, 0xff, 0xff, 0xf0,
    0x6f, 0xd0, 0x0, 0x0, 0x0, 0x6f, 0xd0, 0x0,
    0x0, 0x0, 0x6f, 0xd0, 0x0, 0x0, 0x0, 0x6f,
    0xd0, 0x0, 0x0, 0x0, 0x6f, 0xd0, 0x0, 0x0,
    0x0, 0x6f, 0xd0, 0x0, 0x0, 0x0,

    /* U+0047 "G" */
    0x0, 0x4, 0xae, 0xff, 0xc6, 0x0, 0x0, 0x9,
    0xff, 0xff, 0xff, 0xfd, 0x20, 0x8, 0xff, 0x92,
    0x1, 0x5e, 0xfe, 0x12, 0xff, 0x60, 0x0, 0x0,
    0x1e, 0xf7, 0x8f, 0xc0, 0x0, 0x0, 0x0, 0x23,
    0x2c, 0xf7, 0x0, 0x0, 0x0, 0x0, 0x0, 0xdf,
    0x50, 0x0, 0xc, 0xdd, 0xdd, 0xad, 0xf5, 0x0,
    0x0, 0xff, 0xff, 0xfc, 0xcf, 0x70, 0x0, 0x0,
    0x0, 0x6f, 0xc8, 0xfc, 0x0, 0x0, 0x0, 0xa,
    0xf9, 0x2f, 0xf6, 0x0, 0x0, 0x2, 0xff, 0x40,
    0x8f, 0xf9, 0x20, 0x16, 0xef, 0xc0, 0x0, 0x9f,
    0xff, 0xff, 0xff, 0xc1, 0x0, 0x0, 0x4a, 0xef,
    0xfc, 0x60, 0x0,

    /* U+0048 "H" */
    0x6f, 0xd0, 0x0, 0x0, 0x0, 0xff, 0x46, 0xfd,
    0x0, 0x0, 0x0, 0xf, 0xf4, 0x6f, 0xd0, 0x0,
    0x0, 0x0, 0xff, 0x46, 0xfd, 0x0, 0x0, 0x0,
    0xf, 0xf4, 0x6f, 0xd0, 0x0, 0x0, 0x0, 0xff,
    0x46, 0xfd, 0x0, 0x0, 0x0, 0xf, 0xf4, 0x6f,
    0xff, 0xff, 0xff, 0xff, 0xff, 0x46, 0xff, 0xee,
    0xee, 0xee, 0xef, 0xf4, 0x6f, 0xd0, 0x0, 0x0,
    0x0, 0xff, 0x46, 0xfd, 0x0, 0x0, 0x0, 0xf,
    0xf4, 0x6f, 0xd0, 0x0, 0x0, 0x0, 0xff, 0x46,
    0xfd, 0x0, 0x0, 0x0, 0xf, 0xf4, 0x6f, 0xd0,
    0x0, 0x0, 0x0, 0xff, 0x46, 0xfd, 0x0, 0x0,
    0x0, 0xf, 0xf4,

    /* U+0049 "I" */
    0x6f, 0xd6, 0xfd, 0x6f, 0xd6, 0xfd, 0x6f, 0xd6,
    0xfd, 0x6f, 0xd6, 0xfd, 0x6f, 0xd6, 0xfd, 0x6f,
    0xd6, 0xfd, 0x6f, 0xd6, 0xfd,

    /* U+004A "J" */
    0x0, 0x0, 0x0, 0x5, 0xfe, 0x0, 0x0, 0x0,
    0x5, 0xfe, 0x0, 0x0, 0x0, 0x5, 0xfe, 0x0,
    0x0, 0x0, 0x5, 0xfe, 0x0, 0x0, 0x0, 0x5,
    0xfe, 0x0, 0x0, 0x0, 0x5, 0xfe, 0x0, 0x0,
    0x0, 0x5, 0xfe, 0x0, 0x0, 0x0, 0x5, 0xfe,
    0x0, 0x0, 0x0, 0x5, 0xfe, 0x2f, 0xf1, 0x0,
    0x5, 0xfe, 0x1f, 0xf3, 0x0, 0x6, 0xfd, 0xd,
    0xfb, 0x10, 0x2e, 0xf9, 0x4, 0xff, 0xfe, 0xff,
    0xe1, 0x0, 0x3b, 0xef, 0xe9, 0x10,

    /* U+004B "K" */
    0x6f, 0xd0, 0x0, 0x0, 0x3f, 0xfa, 0x6, 0xfd,
    0x0, 0x0, 0x2e, 0xfb, 0x0, 0x6f, 0xd0, 0x0,
    0x2e, 0xfc, 0x0, 0x6, 0xfd, 0x0, 0x1d, 0xfc,
    0x0, 0x0, 0x6f, 0xd0, 0x1d, 0xfd, 0x10, 0x0,
    0x6, 0xfd, 0xb, 0xfd, 0x10, 0x0, 0x0, 0x6f,
    0xd9, 0xff, 0xc0, 0x0, 0x0, 0x6, 0xff, 0xfd,
    0xff, 0x70, 0x0, 0x0, 0x6f, 0xfd, 0x16, 0xff,
    0x30, 0x0, 0x6, 0xff, 0x10, 0xa, 0xfd, 0x0,
    0x0, 0x6f, 0xd0, 0x0, 0x1e, 0xfa, 0x0, 0x6,
    0xfd, 0x0, 0x0, 0x3f, 0xf6, 0x0, 0x6f, 0xd0,
    0x0, 0x0, 0x8f, 0xf2, 0x6, 0xfd, 0x0, 0x0,
    0x0, 0xcf, 0xd0,

    /* U+004C "L" */
    0x6f, 0xd0, 0x0, 0x0, 0x0, 0x6f, 0xd0, 0x0,
    0x0, 0x0, 0x6f, 0xd0, 0x0, 0x0, 0x0, 0x6f,
    0xd0, 0x0, 0x0, 0x0, 0x6f, 0xd0, 0x0, 0x0,
    0x0, 0x6f, 0xd0, 0x0, 0x0, 0x0, 0x6f, 0xd0,
    0x0, 0x0, 0x0, 0x6f, 0xd0, 0x0, 0x0, 0x0,
    0x6f, 0xd0, 0x0, 0x0, 0x0, 0x6f, 0xd0, 0x0,
    0x0, 0x0, 0x6f, 0xd0, 0x0, 0x0, 0x0, 0x6f,
    0xd0, 0x0, 0x0, 0x0, 0x6f, 0xfe, 0xee, 0xee,
    0xe6, 0x6f, 0xff, 0xff, 0xff, 0xf7,

    /* U+004D "M" */
    0x6f, 0xff, 0x10, 0x0, 0x0, 0x0, 0xdf, 0xfa,
    0x6f, 0xff, 0x70, 0x0, 0x0, 0x3, 0xff, 0xfa,
    0x6f, 0xcf, 0xe0, 0x0, 0x0, 0xa, 0xfc, 0xfa,
    0x6f, 0xbc, 0xf4, 0x0, 0x0, 0x1f, 0xf8, 0xfa,
    0x6f, 0xc6, 0xfa, 0x0, 0x0, 0x6f, 0xa8, 0xfa,
    0x6f, 0xc1, 0xff, 0x10, 0x0, 0xcf, 0x48, 0xfa,
    0x6f, 0xc0, 0xbf, 0x70, 0x3, 0xfe, 0x9, 0xfa,
    0x6f, 0xc0, 0x5f, 0xd0, 0x9, 0xf9, 0x9, 0xfa,
    0x6f, 0xc0, 0xe, 0xf3, 0xe, 0xf3, 0x9, 0xfa,
    0x6f, 0xc0, 0x9, 0xf9, 0x4f, 0xc0, 0x9, 0xfa,
    0x6f, 0xc0, 0x3, 0xfd, 0x9f, 0x60, 0x9, 0xfa,
    0x6f, 0xc0, 0x0, 0xcf, 0xef, 0x10, 0x9, 0xfa,
    0x6f, 0xc0, 0x0, 0x6f, 0xfa, 0x0, 0x9, 0xfa,
    0x6f, 0xc0, 0x0, 0x1f, 0xf4, 0x0, 0x9, 0xfa,

    /* U+004E "N" */
    0x6f, 0xf8, 0x0, 0x0, 0x0, 0xbf, 0x86, 0xff,
    0xf2, 0x0, 0x0, 0xb, 0xf8, 0x6f, 0xdf, 0xc0,
    0x0, 0x0, 0xbf, 0x86, 0xfc, 0x9f, 0x60, 0x0,
    0xb, 0xf8, 0x6f, 0xd1, 0xff, 0x10, 0x0, 0xbf,
    0x86, 0xfd, 0x7, 0xfa, 0x0, 0xb, 0xf8, 0x6f,
    0xe0, 0xd, 0xf5, 0x0, 0xbf, 0x86, 0xfe, 0x0,
    0x3f, 0xe0, 0xb, 0xf8, 0x6f, 0xe0, 0x0, 0x9f,
    0x90, 0xbf, 0x86, 0xfe, 0x0, 0x0, 0xef, 0x3b,
    0xf8, 0x6f, 0xe0, 0x0, 0x4, 0xfb, 0xaf, 0x86,
    0xfe, 0x0, 0x0, 0xa, 0xfd, 0xf8, 0x6f, 0xe0,
    0x0, 0x0, 0x1e, 0xff, 0x86, 0xfe, 0x0, 0x0,
    0x0, 0x6f, 0xf8,

    /* U+004F "O" */
    0x0, 0x3, 0xae, 0xff, 0xc6, 0x0, 0x0, 0x0,
    0x9f, 0xff, 0xff, 0xff, 0xd1, 0x0, 0x8, 0xff,
    0x92, 0x1, 0x6e, 0xfd, 0x0, 0x2f, 0xf6, 0x0,
    0x0, 0x2, 0xff, 0x70, 0x8f, 0xc0, 0x0, 0x0,
    0x0, 0x7f, 0xe0, 0xcf, 0x70, 0x0, 0x0, 0x0,
    0x2f, 0xf1, 0xdf, 0x50, 0x0, 0x0, 0x0, 0xf,
    0xf3, 0xdf, 0x50, 0x0, 0x0, 0x0, 0xf, 0xf3,
    0xcf, 0x70, 0x0, 0x0, 0x0, 0x2f, 0xf1, 0x8f,
    0xc0, 0x0, 0x0, 0x0, 0x7f, 0xe0, 0x2f, 0xf6,
    0x0, 0x0, 0x2, 0xff, 0x70, 0x8, 0xff, 0x92,
    0x1, 0x6e, 0xfd, 0x0, 0x0, 0x9f, 0xff, 0xff,
    0xff, 0xd1, 0x0, 0x0, 0x4, 0xae, 0xff, 0xc6,
    0x0, 0x0,

    /* U+0050 "P" */
    0x6f, 0xff, 0xff, 0xfc, 0x70, 0x6, 0xff, 0xee,
    0xef, 0xff, 0xc0, 0x6f, 0xd0, 0x0, 0x5, 0xff,
    0x76, 0xfd, 0x0, 0x0, 0x8, 0xfc, 0x6f, 0xd0,
    0x0, 0x0, 0x6f, 0xd6, 0xfd, 0x0, 0x0, 0x9,
    0xfb, 0x6f, 0xd0, 0x0, 0x17, 0xff, 0x66, 0xff,
    0xff, 0xff, 0xff, 0xa0, 0x6f, 0xfe, 0xee, 0xda,
    0x50, 0x6, 0xfd, 0x0, 0x0, 0x0, 0x0, 0x6f,
    0xd0, 0x0, 0x0, 0x0, 0x6, 0xfd, 0x0, 0x0,
    0x0, 0x0, 0x6f, 0xd0, 0x0, 0x0, 0x0, 0x6,
    0xfd, 0x0, 0x0, 0x0, 0x0,

    /* U+0051 "Q" */
    0x0, 0x3, 0xae, 0xff, 0xc6, 0x0, 0x0, 0x0,
    0x9f, 0xff, 0xff, 0xff, 0xd1, 0x0, 0x8, 0xff,
    0x92, 0x1, 0x6e, 0xfd, 0x0, 0x2f, 0xf6, 0x0,
    0x0, 0x2, 0xff, 0x70, 0x8f, 0xc0, 0x0, 0x0,
    0x0, 0x7f, 0xe0, 0xcf, 0x70, 0x0, 0x0, 0x0,
    0x2f, 0xf1, 0xdf, 0x50, 0x0, 0x0, 0x0, 0xf,
    0xf3, 0xdf, 0x50, 0x0, 0x0, 0x0, 0xf, 0xf3,
    0xcf, 0x70, 0x0, 0x0, 0x0, 0x2f, 0xf1, 0x8f,
    0xc0, 0x0, 0x7a, 0x30, 0x7f, 0xe0, 0x2f, 0xf6,
    0x0, 0x2f, 0xe4, 0xff, 0x70, 0x8, 0xff, 0x92,
    0x6, 0xff, 0xfd, 0x0, 0x0, 0x9f, 0xff, 0xff,
    0xff, 0xf2, 0x0, 0x0, 0x4, 0xae, 0xff, 0xcc,
    0xf8, 0x0, 0x0, 0x0, 0x0, 0x0, 0x0, 0xdf,
    0x50,

    /* U+0052 "R" */
    0x6f, 0xff, 0xff, 0xfc, 0x70, 0x0, 0x6f, 0xfe,
    0xee, 0xff, 0xfc, 0x0, 0x6f, 0xd0, 0x0, 0x5,
    0xff, 0x70, 0x6f, 0xd0, 0x0, 0x0, 0x9f, 0xc0,
    0x6f, 0xd0, 0x0, 0x0, 0x6f, 0xd0, 0x6f, 0xd0,
    0x0, 0x0, 0x9f, 0xc0, 0x6f, 0xd0, 0x0, 0x16,
    0xff, 0x70, 0x6f, 0xff, 0xff, 0xff, 0xfb, 0x0,
    0x6f, 0xfe, 0xee, 0xff, 0x80, 0x0, 0x6f, 0xd0,
    0x0, 0xaf, 0xc0, 0x0, 0x6f, 0xd0, 0x0, 0x2f,
    0xf6, 0x0, 0x6f, 0xd0, 0x0, 0x8, 0xfe, 0x0,
    0x6f, 0xd0, 0x0, 0x0, 0xef, 0x80, 0x6f, 0xd0,
    0x0, 0x0, 0x6f, 0xf2,

    /* U+0053 "S" */
    0x0, 0x4b, 0xef, 0xfb, 0x50, 0x0, 0x8f, 0xff,
    0xff, 0xff, 0xa0, 0x4f, 0xf7, 0x0, 0x6, 0xff,
    0x58, 0xfb, 0x0, 0x0, 0x7, 0xd8, 0x7f, 0xc0,
    0x0, 0x0, 0x0, 0x1, 0xff, 0xc5, 0x0, 0x0,
    0x0, 0x3, 0xcf, 0xff, 0xc8, 0x20, 0x0, 0x0,
    0x37, 0xcf, 0xff, 0x80, 0x0, 0x0, 0x0, 0x6,
    0xef, 0x71, 0x10, 0x0, 0x0, 0x6, 0xfd, 0xef,
    0x60, 0x0, 0x0, 0x7f, 0xd8, 0xff, 0x61, 0x0,
    0x6f, 0xf8, 0xc, 0xff, 0xff, 0xff, 0xfc, 0x0,
    0x6, 0xcf, 0xfe, 0xc6, 0x0,

    /* U+0054 "T" */
    0x2f, 0xff, 0xff, 0xff, 0xff, 0xff, 0x21, 0xee,
    0xee, 0xff, 0xfe, 0xee, 0xe2, 0x0, 0x0, 0x9,
    0xfa, 0x0, 0x0, 0x0, 0x0, 0x0, 0x9f, 0xa0,
    0x0, 0x0, 0x0, 0x0, 0x9, 0xfa, 0x0, 0x0,
    0x0, 0x0, 0x0, 0x9f, 0xa0, 0x0, 0x0, 0x0,
    0x0, 0x9, 0xfa, 0x0, 0x0, 0x0, 0x0, 0x0,
    0x9f, 0xa0, 0x0, 0x0, 0x0, 0x0, 0x9, 0xfa,
    0x0, 0x0, 0x0, 0x0, 0x0, 0x9f, 0xa0, 0x0,
    0x0, 0x0, 0x0, 0x9, 0xfa, 0x0, 0x0, 0x0,
    0x0, 0x0, 0x9f, 0xa0, 0x0, 0x0, 0x0, 0x0,
    0x9, 0xfa, 0x0, 0x0, 0x0, 0x0, 0x0, 0x9f,
    0xa0, 0x0, 0x0,

    /* U+0055 "U" */
    0x6f, 0xd0, 0x0, 0x0, 0x0, 0xff, 0x36, 0xfd,
    0x0, 0x0, 0x0, 0xf, 0xf3, 0x6f, 0xd0, 0x0,
    0x0, 0x0, 0xff, 0x36, 0xfd, 0x0, 0x0, 0x0,
    0xf, 0xf3, 0x6f, 0xd0, 0x0, 0x0, 0x0, 0xff,
    0x36, 0xfd, 0x0, 0x0, 0x0, 0xf, 0xf3, 0x6f,
    0xd0, 0x0, 0x0, 0x0, 0xff, 0x36, 0xfd, 0x0,
    0x0, 0x0, 0xf, 0xf3, 0x6f, 0xd0, 0x0, 0x0,
    0x0, 0xff, 0x35, 0xfe, 0x0, 0x0, 0x0, 0x2f,
    0xf2, 0x2f, 0xf5, 0x0, 0x0, 0x8, 0xff, 0x0,
    0xbf, 0xf7, 0x10, 0x28, 0xff, 0x80, 0x1, 0xcf,
    0xff, 0xff, 0xff, 0xa0, 0x0, 0x0, 0x6c, 0xff,
    0xeb, 0x50, 0x0,

    /* U+0056 "V" */
    0x5f, 0xf1, 0x0, 0x0, 0x0, 0xe, 0xf8, 0xe,
    0xf7, 0x0, 0x0, 0x0, 0x4f, 0xf2, 0x9, 0xfd,
    0x0, 0x0, 0x0, 0x9f, 0xc0, 0x3, 0xff, 0x20,
    0x0, 0x0, 0xff, 0x60, 0x0, 0xdf, 0x80, 0x0,
    0x5, 0xff, 0x0, 0x0, 0x6f, 0xe0, 0x0, 0xa,
    0xfa, 0x0, 0x0, 0x1f, 0xf4, 0x0, 0x1f, 0xf4,
    0x0, 0x0, 0xa, 0xfa, 0x0, 0x6f, 0xe0, 0x0,
    0x0, 0x4, 0xff, 0x0, 0xbf, 0x80, 0x0, 0x0,
    0x0, 0xef, 0x40, 0xff, 0x20, 0x0, 0x0, 0x0,
    0x8f, 0x95, 0xfc, 0x0, 0x0, 0x0, 0x0, 0x2f,
    0xea, 0xf6, 0x0, 0x0, 0x0, 0x0, 0xc, 0xff,
    0xf1, 0x0, 0x0, 0x0, 0x0, 0x6, 0xff, 0xa0,
    0x0, 0x0,

    /* U+0057 "W" */
    0x5f, 0xf0, 0x0, 0x0, 0x5f, 0xf6, 0x0, 0x0,
    0xe, 0xf6, 0x1f, 0xf3, 0x0, 0x0, 0x9f, 0xfa,
    0x0, 0x0, 0x3f, 0xf2, 0xc, 0xf7, 0x0, 0x0,
    0xdf, 0xfe, 0x0, 0x0, 0x7f, 0xd0, 0x8, 0xfc,
    0x0, 0x2, 0xfd, 0xcf, 0x20, 0x0, 0xbf, 0x90,
    0x3, 0xff, 0x0, 0x6, 0xf9, 0x9f, 0x70, 0x0,
    0xff, 0x40, 0x0, 0xff, 0x40, 0xa, 0xf6, 0x5f,
    0xb0, 0x3, 0xff, 0x0, 0x0, 0xaf, 0x80, 0xe,
    0xf1, 0x1f, 0xf0, 0x8, 0xfb, 0x0, 0x0, 0x6f,
    0xc0, 0x3f, 0xd0, 0xc, 0xf4, 0xc, 0xf7, 0x0,
    0x0, 0x1f, 0xf0, 0x7f, 0x80, 0x8, 0xf8, 0xf,
    0xf2, 0x0, 0x0, 0xd, 0xf4, 0xbf, 0x40, 0x3,
    0xfc, 0x3f, 0xd0, 0x0, 0x0, 0x8, 0xf7, 0xef,
    0x0, 0x0, 0xef, 0x7f, 0x90, 0x0, 0x0, 0x4,
    0xfd, 0xfb, 0x0, 0x0, 0xaf, 0xdf, 0x40, 0x0,
    0x0, 0x0, 0xff, 0xf6, 0x0, 0x0, 0x6f, 0xff,
    0x0, 0x0, 0x0, 0x0, 0xbf, 0xf2, 0x0, 0x0,
    0x1f, 0xfb, 0x0, 0x0,

    /* U+0058 "X" */
    0xb, 0xfd, 0x0, 0x0, 0x0, 0xbf, 0xc0, 0x1,
    0xef, 0x80, 0x0, 0x7, 0xff, 0x20, 0x0, 0x5f,
    0xf4, 0x0, 0x2f, 0xf5, 0x0, 0x0, 0x9, 0xfe,
    0x0, 0xdf, 0xa0, 0x0, 0x0, 0x0, 0xdf, 0x87,
    0xfe, 0x10, 0x0, 0x0, 0x0, 0x3f, 0xff, 0xf3,
    0x0, 0x0, 0x0, 0x0, 0x7, 0xff, 0x90, 0x0,
    0x0, 0x0, 0x0, 0xb, 0xff, 0xd0, 0x0, 0x0,
    0x0, 0x0, 0x7f, 0xdd, 0xf9, 0x0, 0x0, 0x0,
    0x3, 0xff, 0x44, 0xff, 0x40, 0x0, 0x0, 0xd,
    0xf9, 0x0, 0x9f, 0xe1, 0x0, 0x0, 0xaf, 0xd0,
    0x0, 0xd, 0xfb, 0x0, 0x6, 0xff, 0x30, 0x0,
    0x3, 0xff, 0x60, 0x2f, 0xf7, 0x0, 0x0, 0x0,
    0x7f, 0xf2,

    /* U+0059 "Y" */
    0x3f, 0xf6, 0x0, 0x0, 0x0, 0x7f, 0xf2, 0x8,
    0xfe, 0x10, 0x0, 0x1, 0xff, 0x70, 0x0, 0xdf,
    0xa0, 0x0, 0xa, 0xfd, 0x0, 0x0, 0x4f, 0xf3,
    0x0, 0x4f, 0xf3, 0x0, 0x0, 0xa, 0xfd, 0x0,
    0xdf, 0x90, 0x0, 0x0, 0x1, 0xef, 0x77, 0xfe,
    0x0, 0x0, 0x0, 0x0, 0x6f, 0xee, 0xf5, 0x0,
    0x0, 0x0, 0x0, 0xb, 0xff, 0xb0, 0x0, 0x0,
    0x0, 0x0, 0x3, 0xff, 0x20, 0x0, 0x0, 0x0,
    0x0, 0x2, 0xff, 0x10, 0x0, 0x0, 0x0, 0x0,
    0x2, 0xff, 0x10, 0x0, 0x0, 0x0, 0x0, 0x2,
    0xff, 0x10, 0x0, 0x0, 0x0, 0x0, 0x2, 0xff,
    0x10, 0x0, 0x0, 0x0, 0x0, 0x2, 0xff, 0x10,
    0x0, 0x0,

    /* U+005A "Z" */
    0xdf, 0xff, 0xff, 0xff, 0xff, 0x9c, 0xee, 0xee,
    0xee, 0xef, 0xf7, 0x0, 0x0, 0x0, 0x8, 0xfd,
    0x0, 0x0, 0x0, 0x5, 0xff, 0x20, 0x0, 0x0,
    0x1, 0xef, 0x60, 0x0, 0x0, 0x0, 0xcf, 0xb0,
    0x0, 0x0, 0x0, 0x7f, 0xe1, 0x0, 0x0, 0x0,
    0x3f, 0xf4, 0x0, 0x0, 0x0, 0xd, 0xf9, 0x0,
    0x0, 0x0, 0x9, 0xfd, 0x0, 0x0, 0x0, 0x5,
    0xff, 0x20, 0x0, 0x0, 0x1, 0xef, 0x50, 0x0,
    0x0, 0x0, 0xaf, 0xfe, 0xee, 0xee, 0xee, 0x9c,
    0xff, 0xff, 0xff, 0xff, 0xfa,

    /* U+005B "[" */
    0xff, 0xff, 0x3f, 0xfc, 0xb2, 0xff, 0x20, 0xf,
    0xf2, 0x0, 0xff, 0x20, 0xf, 0xf2, 0x0, 0xff,
    0x20, 0xf, 0xf2, 0x0, 0xff, 0x20, 0xf, 0xf2,
    0x0, 0xff, 0x20, 0xf, 0xf2, 0x0, 0xff, 0x20,
    0xf, 0xf2, 0x0, 0xff, 0x20, 0xf, 0xf2, 0x0,
    0xff, 0xcb, 0x2f, 0xff, 0xf3,

    /* U+005C "\\" */
    0x48, 0x30, 0x0, 0x5, 0xf9, 0x0, 0x0, 0x1f,
    0xd0, 0x0, 0x0, 0xcf, 0x10, 0x0, 0x8, 0xf6,
    0x0, 0x0, 0x4f, 0xa0, 0x0, 0x0, 0xfe, 0x0,
    0x0, 0xb, 0xf3, 0x0, 0x0, 0x7f, 0x70, 0x0,
    0x3, 0xfb, 0x0, 0x0, 0xe, 0xf0, 0x0, 0x0,
    0xaf, 0x40, 0x0, 0x6, 0xf8, 0x0, 0x0, 0x2f,
    0xc0, 0x0, 0x0, 0xdf, 0x10, 0x0, 0x9, 0xf5,
    0x0, 0x0, 0x5f, 0x90, 0x0, 0x1, 0xfd,

    /* U+005D "]" */
    0xdf, 0xff, 0x5a, 0xbe, 0xf5, 0x0, 0xcf, 0x50,
    0xc, 0xf5, 0x0, 0xcf, 0x50, 0xc, 0xf5, 0x0,
    0xcf, 0x50, 0xc, 0xf5, 0x0, 0xcf, 0x50, 0xc,
    0xf5, 0x0, 0xcf, 0x50, 0xc, 0xf5, 0x0, 0xcf,
    0x50, 0xc, 0xf5, 0x0, 0xcf, 0x50, 0xc, 0xf5,
    0x9b, 0xef, 0x5d, 0xff, 0xf5,

    /* U+005E "^" */
    0x0, 0x6, 0xdc, 0x0, 0x0, 0x0, 0xef, 0xf7,
    0x0, 0x0, 0x6f, 0x6d, 0xe0, 0x0, 0xd, 0xe0,
    0x6f, 0x60, 0x5, 0xf8, 0x0, 0xed, 0x0, 0xdf,
    0x10, 0x8, 0xf5, 0x5, 0x40, 0x0, 0x15, 0x30,

    /* U+005F "_" */
    0xdd, 0xdd, 0xdd, 0xdd, 0xd3, 0xff, 0xff, 0xff,
    0xff, 0xf4,

    /* U+0060 "`" */
    0x3e, 0xd0, 0x0, 0x9f, 0x60, 0x0, 0xdd, 0x0,

    /* U+0061 "a" */
    0x0, 0x29, 0xef, 0xeb, 0x30, 0x3, 0xff, 0xec,
    0xef, 0xf4, 0x9, 0xfa, 0x0, 0x9, 0xfb, 0x0,
    0x0, 0x0, 0x4, 0xfe, 0x0, 0x1, 0x57, 0x9d,
    0xfe, 0x2, 0xcf, 0xff, 0xfc, 0xfe, 0xe, 0xfb,
    0x41, 0x3, 0xfe, 0x2f, 0xf0, 0x0, 0x5, 0xfe,
    0x1f, 0xf3, 0x0, 0x1d, 0xfe, 0xb, 0xff, 0xcc,
    0xfb, 0xfe, 0x0, 0x8e, 0xfe, 0x73, 0xfe,

    /* U+0062 "b" */
    0x8f, 0x90, 0x0, 0x0, 0x0, 0x8, 0xf9, 0x0,
    0x0, 0x0, 0x0, 0x8f, 0x90, 0x0, 0x0, 0x0,
    0x8, 0xf9, 0x3c, 0xff, 0xb2, 0x0, 0x8f, 0xbe,
    0xfd, 0xff, 0xf3, 0x8, 0xff, 0x90, 0x1, 0xcf,
    0xc0, 0x8f, 0xe0, 0x0, 0x2, 0xff, 0x28, 0xfa,
    0x0, 0x0, 0xd, 0xf5, 0x8f, 0x90, 0x0, 0x0,
    0xcf, 0x68, 0xfa, 0x0, 0x0, 0xd, 0xf5, 0x8f,
    0xe0, 0x0, 0x2, 0xff, 0x28, 0xff, 0xa0, 0x1,
    0xcf, 0xc0, 0x8f, 0xae, 0xfd, 0xff, 0xf3, 0x8,
    0xf8, 0x2c, 0xff, 0xa2, 0x0,

    /* U+0063 "c" */
    0x0, 0x6, 0xcf, 0xfc, 0x60, 0x0, 0x9, 0xff,
    0xed, 0xff, 0xa0, 0x5, 0xff, 0x40, 0x3, 0xff,
    0x50, 0xcf, 0x80, 0x0, 0x5, 0x62, 0xf, 0xf3,
    0x0, 0x0, 0x0, 0x0, 0xff, 0x20, 0x0, 0x0,
    0x0, 0xf, 0xf3, 0x0, 0x0, 0x0, 0x0, 0xcf,
    0x80, 0x0, 0x5, 0x73, 0x5, 0xff, 0x40, 0x3,
    0xef, 0x50, 0xa, 0xff, 0xdd, 0xff, 0xa0, 0x0,
    0x6, 0xcf, 0xfc, 0x60, 0x0,

    /* U+0064 "d" */
    0x0, 0x0, 0x0, 0x0, 0x3f, 0xe0, 0x0, 0x0,
    0x0, 0x3, 0xfe, 0x0, 0x0, 0x0, 0x0, 0x3f,
    0xe0, 0x0, 0x8e, 0xfe, 0x63, 0xfe, 0x0, 0xcf,
    0xfe, 0xef, 0xaf, 0xe0, 0x7f, 0xf4, 0x0, 0x4f,
    0xfe, 0xc, 0xf8, 0x0, 0x0, 0x8f, 0xe0, 0xff,
    0x30, 0x0, 0x4, 0xfe, 0xf, 0xf2, 0x0, 0x0,
    0x3f, 0xe0, 0xff, 0x30, 0x0, 0x4, 0xfe, 0xc,
    0xf8, 0x0, 0x0, 0x9f, 0xe0, 0x6f, 0xf4, 0x0,
    0x5f, 0xfe, 0x0, 0xbf, 0xfe, 0xef, 0x9f, 0xe0,
    0x0, 0x8e, 0xfe, 0x62, 0xfe,

    /* U+0065 "e" */
    0x0, 0x6, 0xcf, 0xfc, 0x50, 0x0, 0xa, 0xff,
    0xdd, 0xff, 0x90, 0x5, 0xfe, 0x30, 0x3, 0xff,
    0x40, 0xcf, 0x50, 0x0, 0x8, 0xfa, 0xf, 0xfa,
    0x99, 0x99, 0xbf, 0xc0, 0xff, 0xff, 0xff, 0xff,
    0xfd, 0xf, 0xf2, 0x0, 0x0, 0x0, 0x0, 0xcf,
    0x60, 0x0, 0x1, 0x10, 0x5, 0xfe, 0x30, 0x1,
    0xdf, 0x70, 0xa, 0xff, 0xdc, 0xff, 0xd1, 0x0,
    0x6, 0xcf, 0xfd, 0x80, 0x0,

    /* U+0066 "f" */
    0x0, 0x0, 0x57, 0x61, 0x0, 0x1e, 0xff, 0xf1,
    0x0, 0x9f, 0xe6, 0x60, 0x0, 0xbf, 0x70, 0x0,
    0xcf, 0xff, 0xff, 0xd0, 0x9b, 0xef, 0xdb, 0xa0,
    0x0, 0xbf, 0x60, 0x0, 0x0, 0xbf, 0x60, 0x0,
    0x0, 0xbf, 0x60, 0x0, 0x0, 0xbf, 0x60, 0x0,
    0x0, 0xbf, 0x60, 0x0, 0x0, 0xbf, 0x60, 0x0,
    0x0, 0xbf, 0x60, 0x0, 0x0, 0xbf, 0x60, 0x0,
    0x0, 0xbf, 0x60, 0x0,

    /* U+0067 "g" */
    0x0, 0x7, 0xdf, 0xe7, 0x2f, 0xf0, 0xb, 0xff,
    0xee, 0xf9, 0xff, 0x6, 0xff, 0x40, 0x4, 0xff,
    0xf0, 0xcf, 0x80, 0x0, 0x9, 0xff, 0xf, 0xf4,
    0x0, 0x0, 0x4f, 0xf0, 0xff, 0x20, 0x0, 0x3,
    0xff, 0xf, 0xf3, 0x0, 0x0, 0x4f, 0xf0, 0xdf,
    0x70, 0x0, 0x8, 0xff, 0x7, 0xff, 0x30, 0x3,
    0xff, 0xf0, 0xc, 0xff, 0xdd, 0xfa, 0xff, 0x0,
    0x8, 0xef, 0xe7, 0x3f, 0xf0, 0x0, 0x0, 0x0,
    0x3, 0xfe, 0x3, 0xb9, 0x0, 0x0, 0xbf, 0xa0,
    0x2e, 0xff, 0xbc, 0xff, 0xe2, 0x0, 0x19, 0xdf,
    0xfd, 0x91, 0x0,

    /* U+0068 "h" */
    0x8f, 0x90, 0x0, 0x0, 0x0, 0x8f, 0x90, 0x0,
    0x0, 0x0, 0x8f, 0x90, 0x0, 0x0, 0x0, 0x8f,
    0x92, 0xbf, 0xfa, 0x10, 0x8f, 0xad, 0xfe, 0xff,
    0xd0, 0x8f, 0xf7, 0x0, 0x4f, 0xf5, 0x8f, 0xc0,
    0x0, 0xb, 0xf8, 0x8f, 0x90, 0x0, 0x9, 0xf9,
    0x8f, 0x90, 0x0, 0x9, 0xf9, 0x8f, 0x90, 0x0,
    0x9, 0xf9, 0x8f, 0x90, 0x0, 0x9, 0xf9, 0x8f,
    0x90, 0x0, 0x9, 0xf9, 0x8f, 0x90, 0x0, 0x9,
    0xf9, 0x8f, 0x90, 0x0, 0x9, 0xf9,

    /* U+0069 "i" */
    0x27, 0x2b, 0xfd, 0x7f, 0x90, 0x0, 0x8f, 0x98,
    0xf9, 0x8f, 0x98, 0xf9, 0x8f, 0x98, 0xf9, 0x8f,
    0x98, 0xf9, 0x8f, 0x98, 0xf9, 0x8f, 0x90,

    /* U+006A "j" */
    0x0, 0x27, 0x20, 0xc, 0xfc, 0x0, 0x8f, 0x80,
    0x0, 0x0, 0x0, 0x9f, 0x90, 0x9, 0xf9, 0x0,
    0x9f, 0x90, 0x9, 0xf9, 0x0, 0x9f, 0x90, 0x9,
    0xf9, 0x0, 0x9f, 0x90, 0x9, 0xf9, 0x0, 0x9f,
    0x90, 0x9, 0xf9, 0x0, 0x9f, 0x90, 0x9, 0xf9,
    0x0, 0xcf, 0x84, 0xef, 0xf2, 0x5f, 0xc4, 0x0,

    /* U+006B "k" */
    0x8f, 0x90, 0x0, 0x0, 0x0, 0x8f, 0x90, 0x0,
    0x0, 0x0, 0x8f, 0x90, 0x0, 0x0, 0x0, 0x8f,
    0x90, 0x0, 0x5f, 0xf3, 0x8f, 0x90, 0x4, 0xff,
    0x50, 0x8f, 0x90, 0x3f, 0xf6, 0x0, 0x8f, 0x92,
    0xef, 0x70, 0x0, 0x8f, 0xbe, 0xf9, 0x0, 0x0,
    0x8f, 0xff, 0xfc, 0x0, 0x0, 0x8f, 0xf6, 0xff,
    0x80, 0x0, 0x8f, 0xa0, 0x5f, 0xf5, 0x0, 0x8f,
    0x90, 0x9, 0xff, 0x20, 0x8f, 0x90, 0x0, 0xcf,
    0xc0, 0x8f, 0x90, 0x0, 0x1e, 0xf9,

    /* U+006C "l" */
    0x8f, 0x98, 0xf9, 0x8f, 0x98, 0xf9, 0x8f, 0x98,
    0xf9, 0x8f, 0x98, 0xf9, 0x8f, 0x98, 0xf9, 0x8f,
    0x98, 0xf9, 0x8f, 0x98, 0xf9,

    /* U+006D "m" */
    0x8f, 0x74, 0xcf, 0xd5, 0x4, 0xcf, 0xe9, 0x10,
    0x8f, 0xbf, 0xbd, 0xff, 0x6f, 0xcb, 0xff, 0xb0,
    0x8f, 0xf3, 0x0, 0x8f, 0xf6, 0x0, 0x3f, 0xf2,
    0x8f, 0xa0, 0x0, 0x3f, 0xf0, 0x0, 0xd, 0xf4,
    0x8f, 0x90, 0x0, 0x2f, 0xf0, 0x0, 0xd, 0xf5,
    0x8f, 0x90, 0x0, 0x2f, 0xf0, 0x0, 0xd, 0xf5,
    0x8f, 0x90, 0x0, 0x2f, 0xf0, 0x0, 0xd, 0xf5,
    0x8f, 0x90, 0x0, 0x2f, 0xf0, 0x0, 0xd, 0xf5,
    0x8f, 0x90, 0x0, 0x2f, 0xf0, 0x0, 0xd, 0xf5,
    0x8f, 0x90, 0x0, 0x2f, 0xf0, 0x0, 0xd, 0xf5,
    0x8f, 0x90, 0x0, 0x2f, 0xf0, 0x0, 0xd, 0xf5,

    /* U+006E "n" */
    0x8f, 0x83, 0xcf, 0xfa, 0x10, 0x8f, 0xaf, 0xdc,
    0xff, 0xd0, 0x8f, 0xf5, 0x0, 0x3f, 0xf5, 0x8f,
    0xb0, 0x0, 0xa, 0xf8, 0x8f, 0x90, 0x0, 0x9,
    0xf9, 0x8f, 0x90, 0x0, 0x9, 0xf9, 0x8f, 0x90,
    0x0, 0x9, 0xf9, 0x8f, 0x90, 0x0, 0x9, 0xf9,
    0x8f, 0x90, 0x0, 0x9, 0xf9, 0x8f, 0x90, 0x0,
    0x9, 0xf9, 0x8f, 0x90, 0x0, 0x9, 0xf9,

    /* U+006F "o" */
    0x0, 0x6, 0xcf, 0xfc, 0x60, 0x0, 0x0, 0x9f,
    0xfe, 0xdf, 0xfa, 0x0, 0x5, 0xff, 0x40, 0x3,
    0xff, 0x60, 0xc, 0xf8, 0x0, 0x0, 0x7f, 0xd0,
    0xf, 0xf3, 0x0, 0x0, 0x2f, 0xf1, 0xf, 0xf2,
    0x0, 0x0, 0xf, 0xf2, 0xf, 0xf3, 0x0, 0x0,
    0x2f, 0xf1, 0xc, 0xf8, 0x0, 0x0, 0x6f, 0xd0,
    0x5, 0xff, 0x40, 0x3, 0xef, 0x70, 0x0, 0xaf,
    0xfd, 0xdf, 0xfb, 0x0, 0x0, 0x6, 0xcf, 0xfc,
    0x60, 0x0,

    /* U+0070 "p" */
    0x8f, 0x83, 0xcf, 0xfb, 0x20, 0x8, 0xfb, 0xfd,
    0xbe, 0xff, 0x30, 0x8f, 0xf7, 0x0, 0xb, 0xfc,
    0x8, 0xfd, 0x0, 0x0, 0x1f, 0xf2, 0x8f, 0xa0,
    0x0, 0x0, 0xdf, 0x58, 0xf9, 0x0, 0x0, 0xc,
    0xf6, 0x8f, 0xa0, 0x0, 0x0, 0xef, 0x58, 0xfe,
    0x0, 0x0, 0x2f, 0xf2, 0x8f, 0xfa, 0x0, 0x1c,
    0xfc, 0x8, 0xfb, 0xef, 0xdf, 0xff, 0x30, 0x8f,
    0x92, 0xcf, 0xfa, 0x20, 0x8, 0xf9, 0x0, 0x0,
    0x0, 0x0, 0x8f, 0x90, 0x0, 0x0, 0x0, 0x8,
    0xf9, 0x0, 0x0, 0x0, 0x0, 0x8f, 0x90, 0x0,
    0x0, 0x0, 0x0,

    /* U+0071 "q" */
    0x0, 0x8, 0xef, 0xe6, 0x2f, 0xe0, 0xc, 0xff,
    0xee, 0xf9, 0xfe, 0x7, 0xff, 0x40, 0x4, 0xff,
    0xe0, 0xcf, 0x80, 0x0, 0x8, 0xfe, 0xf, 0xf3,
    0x0, 0x0, 0x4f, 0xe0, 0xff, 0x20, 0x0, 0x3,
    0xfe, 0xf, 0xf3, 0x0, 0x0, 0x4f, 0xe0, 0xcf,
    0x80, 0x0, 0x9, 0xfe, 0x6, 0xff, 0x40, 0x5,
    0xff, 0xe0, 0xb, 0xff, 0xee, 0xfa, 0xfe, 0x0,
    0x8, 0xef, 0xe6, 0x3f, 0xe0, 0x0, 0x0, 0x0,
    0x3, 0xfe, 0x0, 0x0, 0x0, 0x0, 0x3f, 0xe0,
    0x0, 0x0, 0x0, 0x3, 0xfe, 0x0, 0x0, 0x0,
    0x0, 0x3f, 0xe0,

    /* U+0072 "r" */
    0x0, 0x0, 0x0, 0x8, 0xf8, 0x5d, 0xf5, 0x8f,
    0xcf, 0xed, 0x48, 0xff, 0x60, 0x0, 0x8f, 0xb0,
    0x0, 0x8, 0xf9, 0x0, 0x0, 0x8f, 0x90, 0x0,
    0x8, 0xf9, 0x0, 0x0, 0x8f, 0x90, 0x0, 0x8,
    0xf9, 0x0, 0x0, 0x8f, 0x90, 0x0, 0x8, 0xf9,
    0x0, 0x0,

    /* U+0073 "s" */
    0x0, 0x2a, 0xef, 0xea, 0x20, 0x3, 0xff, 0xeb,
    0xdf, 0xe1, 0xa, 0xfa, 0x0, 0xa, 0xe6, 0xb,
    0xf9, 0x0, 0x0, 0x0, 0x5, 0xff, 0xb7, 0x40,
    0x0, 0x0, 0x6d, 0xff, 0xff, 0x90, 0x0, 0x0,
    0x25, 0x9f, 0xf8, 0x0, 0x30, 0x0, 0x7, 0xfd,
    0xe, 0xf7, 0x0, 0xa, 0xfb, 0x6, 0xff, 0xdb,
    0xef, 0xf3, 0x0, 0x4b, 0xff, 0xea, 0x20,

    /* U+0074 "t" */
    0x1, 0x87, 0x0, 0x0, 0x3f, 0xf0, 0x0, 0x3,
    0xff, 0x0, 0xc, 0xff, 0xff, 0xf1, 0x9c, 0xff,
    0xbb, 0x10, 0x3f, 0xf0, 0x0, 0x3, 0xff, 0x0,
    0x0, 0x3f, 0xf0, 0x0, 0x3, 0xff, 0x0, 0x0,
    0x3f, 0xf0, 0x0, 0x3, 0xff, 0x0, 0x0, 0x3f,
    0xf1, 0x0, 0x0, 0xef, 0xed, 0x20, 0x2, 0xcf,
    0xf4,

    /* U+0075 "u" */
    0x8f, 0x90, 0x0, 0x9, 0xf9, 0x8f, 0x90, 0x0,
    0x9, 0xf9, 0x8f, 0x90, 0x0, 0x9, 0xf9, 0x8f,
    0x90, 0x0, 0x9, 0xf9, 0x8f, 0x90, 0x0, 0x9,
    0xf9, 0x8f, 0x90, 0x0, 0x9, 0xf9, 0x8f, 0x90,
    0x0, 0x9, 0xf9, 0x8f, 0xb0, 0x0, 0xb, 0xf9,
    0x5f, 0xf5, 0x0, 0x6f, 0xf9, 0xd, 0xff, 0xef,
    0xf9, 0xf9, 0x1, 0xaf, 0xfc, 0x37, 0xf9,

    /* U+0076 "v" */
    0x5f, 0xe0, 0x0, 0x0, 0x7f, 0xd0, 0xf, 0xf4,
    0x0, 0x0, 0xcf, 0x70, 0x9, 0xfa, 0x0, 0x2,
    0xff, 0x10, 0x3, 0xff, 0x0, 0x7, 0xfb, 0x0,
    0x0, 0xdf, 0x50, 0xd, 0xf5, 0x0, 0x0, 0x7f,
    0xa0, 0x2f, 0xf0, 0x0, 0x0, 0x1f, 0xf0, 0x8f,
    0x90, 0x0, 0x0, 0xb, 0xf5, 0xdf, 0x30, 0x0,
    0x0, 0x5, 0xfa, 0xfd, 0x0, 0x0, 0x0, 0x0,
    0xff, 0xf7, 0x0, 0x0, 0x0, 0x0, 0x9f, 0xf1,
    0x0, 0x0,

    /* U+0077 "w" */
    0x4f, 0xf0, 0x0, 0xe, 0xf8, 0x0, 0x6, 0xfe,
    0x0, 0xff, 0x30, 0x2, 0xff, 0xc0, 0x0, 0xaf,
    0x90, 0xb, 0xf7, 0x0, 0x6f, 0xff, 0x0, 0xe,
    0xf4, 0x0, 0x6f, 0xc0, 0xb, 0xf8, 0xf4, 0x2,
    0xff, 0x0, 0x1, 0xff, 0x0, 0xfd, 0x3f, 0x80,
    0x7f, 0xa0, 0x0, 0xc, 0xf4, 0x3f, 0x80, 0xfc,
    0xb, 0xf6, 0x0, 0x0, 0x8f, 0x87, 0xf4, 0xb,
    0xf0, 0xef, 0x10, 0x0, 0x3, 0xfb, 0xbf, 0x0,
    0x6f, 0x6f, 0xc0, 0x0, 0x0, 0xe, 0xfe, 0xb0,
    0x2, 0xfd, 0xf7, 0x0, 0x0, 0x0, 0x9f, 0xf6,
    0x0, 0xd, 0xff, 0x20, 0x0, 0x0, 0x4, 0xff,
    0x20, 0x0, 0x9f, 0xe0, 0x0, 0x0,

    /* U+0078 "x" */
    0xd, 0xf8, 0x0, 0x4, 0xff, 0x20, 0x3f, 0xf2,
    0x0, 0xdf, 0x70, 0x0, 0x9f, 0xb0, 0x8f, 0xc0,
    0x0, 0x0, 0xef, 0x5f, 0xf2, 0x0, 0x0, 0x4,
    0xff, 0xf7, 0x0, 0x0, 0x0, 0xe, 0xff, 0x10,
    0x0, 0x0, 0x7, 0xfe, 0xf9, 0x0, 0x0, 0x2,
    0xff, 0x2e, 0xf4, 0x0, 0x0, 0xcf, 0x80, 0x6f,
    0xe0, 0x0, 0x7f, 0xd0, 0x0, 0xcf, 0x90, 0x2f,
    0xf4, 0x0, 0x2, 0xff, 0x40,

    /* U+0079 "y" */
    0x5f, 0xe0, 0x0, 0x0, 0x6f, 0xd0, 0xf, 0xf4,
    0x0, 0x0, 0xcf, 0x70, 0x9, 0xfa, 0x0, 0x2,
    0xff, 0x10, 0x3, 0xff, 0x0, 0x8, 0xfb, 0x0,
    0x0, 0xdf, 0x50, 0xd, 0xf5, 0x0, 0x0, 0x7f,
    0xb0, 0x3f, 0xe0, 0x0, 0x0, 0x1f, 0xf1, 0x9f,
    0x90, 0x0, 0x0, 0xb, 0xf5, 0xdf, 0x20, 0x0,
    0x0, 0x5, 0xfc, 0xfc, 0x0, 0x0, 0x0, 0x0,
    0xef, 0xf6, 0x0, 0x0, 0x0, 0x0, 0x9f, 0xf1,
    0x0, 0x0, 0x0, 0x0, 0x9f, 0xa0, 0x0, 0x0,
    0x0, 0x1, 0xef, 0x40, 0x0, 0x0, 0x5, 0xdf,
    0xfb, 0x0, 0x0, 0x0, 0x8, 0xfe, 0x90, 0x0,
    0x0, 0x0,

    /* U+007A "z" */
    0x9f, 0xff, 0xff, 0xff, 0xc9, 0xee, 0xee, 0xef,
    0xfb, 0x0, 0x0, 0x5, 0xff, 0x20, 0x0, 0x2,
    0xff, 0x50, 0x0, 0x0, 0xdf, 0x90, 0x0, 0x0,
    0xaf, 0xc0, 0x0, 0x0, 0x6f, 0xf2, 0x0, 0x0,
    0x3f, 0xf5, 0x0, 0x0, 0x1e, 0xf9, 0x0, 0x0,
    0xa, 0xff, 0xee, 0xee, 0xee, 0xcf, 0xff, 0xff,
    0xff, 0xf0,

    /* U+007B "{" */
    0x0, 0x0, 0x26, 0x50, 0x0, 0x8f, 0xfa, 0x0,
    0x2f, 0xf7, 0x20, 0x6, 0xfa, 0x0, 0x0, 0x7f,
    0x80, 0x0, 0x7, 0xf8, 0x0, 0x0, 0x7f, 0x80,
    0x0, 0x8, 0xf7, 0x0, 0x14, 0xee, 0x20, 0xb,
    0xfc, 0x10, 0x0, 0xbf, 0xfe, 0x10, 0x0, 0x2e,
    0xf7, 0x0, 0x0, 0x8f, 0x80, 0x0, 0x7, 0xf8,
    0x0, 0x0, 0x7f, 0x80, 0x0, 0x7, 0xf9, 0x0,
    0x0, 0x4f, 0xe3, 0x0, 0x0, 0xcf, 0xfa, 0x0,
    0x0, 0x69, 0x70,

    /* U+007C "|" */
    0x8f, 0x68, 0xf6, 0x8f, 0x68, 0xf6, 0x8f, 0x68,
    0xf6, 0x8f, 0x68, 0xf6, 0x8f, 0x68, 0xf6, 0x8f,
    0x68, 0xf6, 0x8f, 0x68, 0xf6, 0x8f, 0x68, 0xf6,
    0x8f, 0x68, 0xf6, 0x8f, 0x68, 0xf6, 0x8f, 0x68,
    0xf6, 0x8f, 0x68, 0xf6,

    /* U+007D "}" */
    0x66, 0x10, 0x0, 0xd, 0xff, 0x50, 0x0, 0x38,
    0xfe, 0x0, 0x0, 0xd, 0xf3, 0x0, 0x0, 0xbf,
    0x40, 0x0, 0xb, 0xf4, 0x0, 0x0, 0xbf, 0x40,
    0x0, 0xa, 0xf5, 0x0, 0x0, 0x4f, 0xc3, 0x0,
    0x0, 0x3e, 0xf8, 0x0, 0x3f, 0xff, 0x80, 0xa,
    0xfb, 0x10, 0x0, 0xbf, 0x50, 0x0, 0xb, 0xf4,
    0x0, 0x0, 0xbf, 0x40, 0x0, 0xc, 0xf3, 0x0,
    0x5, 0xff, 0x10, 0xd, 0xff, 0x90, 0x0, 0x99,
    0x50, 0x0, 0x0,

    /* U+007E "~" */
    0x3, 0xcf, 0xd4, 0x0, 0x1a, 0x70, 0xef, 0xef,
    0xf7, 0x5, 0xfa, 0x4f, 0xa0, 0x3e, 0xfe, 0xff,
    0x43, 0xa4, 0x0, 0x1a, 0xfe, 0x70,

    /* U+00A0 " " */

    /* U+00A1 "¡" */
    0x1d, 0xe2, 0x6f, 0xf7, 0x1b, 0xb1, 0x0, 0x0,
    0x0, 0x0, 0xf, 0xf1, 0xf, 0xf1, 0xf, 0xf2,
    0xf, 0xf2, 0xf, 0xf2, 0x1f, 0xf2, 0x1f, 0xf3,
    0x1f, 0xf3, 0x1f, 0xf3, 0x1d, 0xd3,

    /* U+00A2 "¢" */
    0x0, 0x0, 0xa, 0x80, 0x0, 0x0, 0x0, 0x39,
    0xee, 0x93, 0x0, 0x0, 0x7f, 0xff, 0xff, 0xf8,
    0x0, 0x4f, 0xf7, 0xa9, 0x6f, 0xf4, 0xb, 0xf9,
    0xa, 0x80, 0x79, 0x30, 0xff, 0x40, 0xa8, 0x0,
    0x0, 0xf, 0xf2, 0xa, 0x80, 0x0, 0x0, 0xff,
    0x30, 0xa8, 0x0, 0x0, 0xc, 0xf8, 0xa, 0x80,
    0x57, 0x20, 0x6f, 0xf4, 0xa8, 0x3e, 0xf5, 0x0,
    0xaf, 0xff, 0xff, 0xfb, 0x0, 0x0, 0x6c, 0xff,
    0xc6, 0x0, 0x0, 0x0, 0xa, 0x80, 0x0, 0x0,
    0x0, 0x0, 0xa8, 0x0, 0x0,

    /* U+00A3 "£" */
    0x0, 0x6, 0xdf, 0xfc, 0x40, 0x0, 0xa, 0xff,
    0xff, 0xff, 0x60, 0x4, 0xff, 0x40, 0x6, 0xff,
    0x10, 0x8f, 0xa0, 0x0, 0x9, 0x92, 0x9, 0xf8,
    0x0, 0x0, 0x0, 0x0, 0x8f, 0x80, 0x0, 0x0,
    0x0, 0xff, 0xff, 0xff, 0xff, 0x0, 0x9, 0xcf,
    0xd9, 0x99, 0x90, 0x0, 0x7, 0xfa, 0x0, 0x0,
    0x0, 0x0, 0x6f, 0xa0, 0x0, 0x0, 0x0, 0x6,
    0xfa, 0x0, 0x0, 0x13, 0x10, 0xaf, 0x40, 0x0,
    0xa, 0xf6, 0xff, 0xfe, 0xee, 0xee, 0xff, 0x2f,
    0xff, 0xff, 0xff, 0xfe, 0x70,

    /* U+00A4 "¤" */
    0x0, 0x0, 0x0, 0x0, 0x0, 0x0, 0x4, 0xe3,
    0x4b, 0xef, 0xe9, 0x16, 0xe2, 0x5f, 0xff, 0xfb,
    0xad, 0xff, 0xfe, 0x20, 0x9f, 0xc1, 0x0, 0x4,
    0xef, 0x50, 0xf, 0xd0, 0x0, 0x0, 0x3, 0xfa,
    0x5, 0xf6, 0x0, 0x0, 0x0, 0xb, 0xf0, 0x8f,
    0x20, 0x0, 0x0, 0x0, 0x8f, 0x38, 0xf2, 0x0,
    0x0, 0x0, 0x8, 0xf3, 0x5f, 0x60, 0x0, 0x0,
    0x0, 0xbf, 0x0, 0xfd, 0x0, 0x0, 0x0, 0x4f,
    0xa0, 0xb, 0xfc, 0x20, 0x0, 0x4e, 0xf6, 0x7,
    0xfe, 0xff, 0xca, 0xdf, 0xff, 0xf4, 0x2b, 0x14,
    0xbe, 0xfe, 0x91, 0x3a, 0x0,

    /* U+00A5 "¥" */
    0x7f, 0xe0, 0x0, 0x0, 0xcf, 0x90, 0xef, 0x50,
    0x0, 0x3f, 0xf2, 0x7, 0xfd, 0x0, 0xa, 0xf9,
    0x0, 0xe, 0xf4, 0x2, 0xff, 0x10, 0x0, 0x7f,
    0xc0, 0x9f, 0x90, 0x0, 0x0, 0xef, 0x4f, 0xf1,
    0x0, 0x1, 0x28, 0xff, 0xfa, 0x21, 0x0, 0xbf,
    0xff, 0xff, 0xff, 0xb0, 0x3, 0x55, 0xbf, 0xc5,
    0x53, 0x0, 0x12, 0x29, 0xfb, 0x22, 0x10, 0xb,
    0xff, 0xff, 0xff, 0xfb, 0x0, 0x35, 0x5b, 0xfc,
    0x55, 0x30, 0x0, 0x0, 0x8f, 0xa0, 0x0, 0x0,
    0x0, 0x8, 0xfa, 0x0, 0x0,

    /* U+00A6 "¦" */
    0x1f, 0xe1, 0xfe, 0x1f, 0xe1, 0xfe, 0x1f, 0xe1,
    0xfe, 0xa, 0x90, 0x0, 0x0, 0x0, 0x0, 0xa,
    0x91, 0xfe, 0x1f, 0xe1, 0xfe, 0x1f, 0xe1, 0xfe,
    0x1f, 0xe0,

    /* U+00A7 "§" */
    0x0, 0x7d, 0xfe, 0xa1, 0x0, 0x9, 0xff, 0xce,
    0xfd, 0x0, 0xf, 0xf2, 0x0, 0xbf, 0x60, 0xf,
    0xf0, 0x0, 0x26, 0x10, 0xc, 0xf9, 0x0, 0x0,
    0x0, 0x2, 0xdd, 0xe6, 0x0, 0x0, 0x3e, 0x10,
    0x5d, 0xd4, 0x0, 0xcf, 0x0, 0x0, 0x7f, 0x60,
    0xdf, 0x70, 0x0, 0xa, 0xf1, 0x8f, 0xfc, 0x40,
    0xa, 0xf4, 0xc, 0xff, 0xfb, 0xaf, 0xf1, 0x0,
    0x6e, 0xff, 0xfd, 0x40, 0x0, 0x0, 0x7f, 0xf9,
    0x0, 0x0, 0x0, 0x1, 0xef, 0x30, 0x39, 0x60,
    0x0, 0x9f, 0x70, 0x3f, 0xe3, 0x2, 0xef, 0x50,
    0x9, 0xff, 0xff, 0xfb, 0x0, 0x0, 0x5a, 0xca,
    0x60, 0x0,

    /* U+00A8 "¨" */
    0x5, 0x40, 0x4, 0x60, 0x4f, 0xf1, 0x1f, 0xf4,
    0x1e, 0xc0, 0xc, 0xe2,

    /* U+00A9 "©" */
    0x0, 0x0, 0x6, 0xbd, 0xec, 0x81, 0x0, 0x0,
    0x0, 0x4, 0xef, 0xff, 0xff, 0xff, 0x70, 0x0,
    0x0, 0x5f, 0xfa, 0x40, 0x2, 0x8f, 0xfa, 0x0,
    0x2, 0xff, 0x50, 0x5a, 0xb8, 0x12, 0xef, 0x60,
    0xb, 0xf7, 0xb, 0xff, 0xff, 0xe2, 0x3f, 0xe0,
    0x1f, 0xe0, 0x7f, 0xc2, 0x7, 0xfc, 0xa, 0xf5,
    0x4f, 0xa0, 0xdf, 0x10, 0x0, 0x79, 0x6, 0xf8,
    0x5f, 0x80, 0xed, 0x0, 0x0, 0x0, 0x4, 0xfa,
    0x4f, 0xa0, 0xdf, 0x10, 0x0, 0x89, 0x5, 0xf9,
    0x1f, 0xe0, 0x7f, 0xc2, 0x7, 0xfb, 0xa, 0xf6,
    0xb, 0xf6, 0xb, 0xff, 0xff, 0xe2, 0x2f, 0xf1,
    0x3, 0xff, 0x40, 0x5b, 0xb8, 0x11, 0xdf, 0x70,
    0x0, 0x7f, 0xf8, 0x20, 0x1, 0x6e, 0xfb, 0x0,
    0x0, 0x6, 0xff, 0xff, 0xef, 0xff, 0x90, 0x0,
    0x0, 0x0, 0x18, 0xcf, 0xfd, 0x93, 0x0, 0x0,

    /* U+00AA "ª" */
    0x1, 0x9e, 0xfe, 0x91, 0x0, 0xcf, 0xa7, 0xaf,
    0xb0, 0x3, 0x40, 0x0, 0xef, 0x0, 0x5, 0x9a,
    0xdf, 0xf0, 0x1d, 0xfa, 0x74, 0xdf, 0x5, 0xf8,
    0x0, 0xf, 0xf0, 0x3f, 0xe7, 0x7d, 0xff, 0x0,
    0x6d, 0xfe, 0x6c, 0xf0,

    /* U+00AB "«" */
    0x0, 0x0, 0x9f, 0xc0, 0x6f, 0xe1, 0x0, 0x6,
    0xfe, 0x14, 0xff, 0x30, 0x0, 0x4f, 0xf2, 0x2f,
    0xf4, 0x0, 0x3, 0xff, 0x41, 0xef, 0x70, 0x0,
    0xd, 0xf9, 0xa, 0xfc, 0x0, 0x0, 0x4, 0xff,
    0x32, 0xff, 0x50, 0x0, 0x0, 0x6f, 0xe1, 0x4f,
    0xf3, 0x0, 0x0, 0x9, 0xfc, 0x6, 0xfe, 0x10,
    0x0, 0x0, 0xbf, 0xa0, 0x8f, 0xc0, 0x0, 0x0,
    0x2, 0x20, 0x2, 0x20,

    /* U+00AC "¬" */
    0xac, 0xcc, 0xcc, 0xcc, 0x7d, 0xff, 0xff, 0xff,
    0xf8, 0x0, 0x0, 0x0, 0x6f, 0x80, 0x0, 0x0,
    0x6, 0xf8, 0x0, 0x0, 0x0, 0x38, 0x40,

    /* U+00AE "®" */
    0x0, 0x0, 0x0, 0x10, 0x0, 0x0, 0x0, 0x0,
    0x2a, 0xff, 0xfc, 0x50, 0x0, 0x0, 0x4f, 0xd7,
    0x56, 0xbf, 0x90, 0x0, 0x2f, 0xb0, 0x0, 0x0,
    0x6f, 0x60, 0x9, 0xe0, 0x5f, 0xee, 0x50, 0xae,
    0x0, 0xe8, 0x6, 0xd0, 0x8e, 0x3, 0xf3, 0xf,
    0x60, 0x6d, 0x7, 0xd0, 0x1f, 0x50, 0xf8, 0x6,
    0xfb, 0xf5, 0x3, 0xf3, 0xb, 0xd0, 0x6d, 0xb,
    0xa0, 0x8f, 0x0, 0x3f, 0x82, 0x50, 0x26, 0x4f,
    0x80, 0x0, 0x7f, 0xb4, 0x23, 0x8f, 0xb0, 0x0,
    0x0, 0x4d, 0xff, 0xff, 0x70, 0x0, 0x0, 0x0,
    0x2, 0x43, 0x0, 0x0, 0x0,

    /* U+00AF "¯" */
    0x8, 0x88, 0x88, 0x31, 0xff, 0xff, 0xf6,

    /* U+00B0 "°" */
    0x0, 0x7a, 0x71, 0x1, 0xdf, 0xff, 0xe2, 0x8f,
    0x70, 0x5f, 0xac, 0xe0, 0x0, 0xce, 0xaf, 0x20,
    0x1e, 0xc3, 0xfe, 0xae, 0xf5, 0x4, 0xcf, 0xd6,
    0x0,

    /* U+00B1 "±" */
    0x0, 0x0, 0x4f, 0xa0, 0x0, 0x0, 0x0, 0x4,
    0xfa, 0x0, 0x0, 0x0, 0x0, 0x4f, 0xa0, 0x0,
    0x1, 0xff, 0xff, 0xff, 0xff, 0xf6, 0xd, 0xdd,
    0xef, 0xfd, 0xdd, 0x50, 0x0, 0x4, 0xfa, 0x0,
    0x0, 0x0, 0x0, 0x4f, 0xa0, 0x0, 0x0, 0x0,
    0x0, 0x21, 0x0, 0x0, 0xe, 0xee, 0xee, 0xee,
    0xee, 0x51, 0xff, 0xff, 0xff, 0xff, 0xf6,

    /* U+00B2 "²" */
    0x19, 0xef, 0xe7, 0xb, 0xfa, 0x7d, 0xf7, 0x77,
    0x0, 0x3f, 0xa0, 0x0, 0xb, 0xf5, 0x0, 0x2d,
    0xf7, 0x0, 0x5f, 0xe4, 0x0, 0x9f, 0xf9, 0x88,
    0x8d, 0xff, 0xff, 0xff,

    /* U+00B3 "³" */
    0x0, 0x8e, 0xfe, 0x91, 0x0, 0xaf, 0xb8, 0xbf,
    0xb0, 0x2, 0x20, 0x4, 0xfa, 0x0, 0x0, 0x7f,
    0xfb, 0x10, 0x0, 0x1, 0x37, 0xfc, 0x0, 0x77,
    0x0, 0xe, 0xf2, 0xb, 0xfc, 0x8c, 0xfd, 0x0,
    0x8, 0xef, 0xea, 0x10,

    /* U+00B4 "´" */
    0x3, 0xec, 0x0, 0xaf, 0x40, 0x2f, 0x90, 0x0,

    /* U+00B5 "µ" */
    0x8f, 0x90, 0x0, 0x8, 0xf9, 0x8, 0xf9, 0x0,
    0x0, 0x8f, 0x90, 0x8f, 0x90, 0x0, 0x8, 0xf9,
    0x8, 0xf9, 0x0, 0x0, 0x8f, 0x90, 0x8f, 0x90,
    0x0, 0x8, 0xf9, 0x8, 0xf9, 0x0, 0x0, 0x8f,
    0x90, 0x8f, 0x90, 0x0, 0x8, 0xf9, 0x8, 0xfb,
    0x0, 0x0, 0xaf, 0x90, 0x8f, 0xf3, 0x0, 0x2f,
    0xf9, 0x8, 0xfe, 0xfb, 0xbf, 0xcf, 0xf9, 0x8f,
    0x97, 0xef, 0x90, 0x8e, 0xe8, 0xf9, 0x0, 0x0,
    0x0, 0x0, 0x8f, 0x90, 0x0, 0x0, 0x0, 0x8,
    0xf9, 0x0, 0x0, 0x0, 0x0, 0x8f, 0x90, 0x0,
    0x0, 0x0, 0x0,

    /* U+00B6 "¶" */
    0x0, 0x18, 0xdf, 0xff, 0xff, 0x70, 0x1d, 0xff,
    0xff, 0xdf, 0xf7, 0x9, 0xff, 0xff, 0xa0, 0x9f,
    0x60, 0xef, 0xff, 0xfa, 0x9, 0xf6, 0xf, 0xff,
    0xff, 0xa0, 0x9f, 0x60, 0xef, 0xff, 0xfa, 0x9,
    0xf6, 0x8, 0xff, 0xff, 0xa0, 0x9f, 0x60, 0xc,
    0xff, 0xfa, 0x9, 0xf6, 0x0, 0x6, 0xbd, 0x80,
    0x9f, 0x60, 0x0, 0x0, 0x0, 0x9, 0xf6, 0x0,
    0x0, 0x0, 0x0, 0x9f, 0x60, 0x0, 0x0, 0x0,
    0x9, 0xf6, 0x0, 0x0, 0x0, 0x0, 0x9f, 0x60,
    0x0, 0x0, 0x0, 0x9, 0xf6,

    /* U+00B7 "·" */
    0x1b, 0xb1, 0x6f, 0xf7, 0x1d, 0xe2,

    /* U+00B8 "¸" */
    0x1, 0x10, 0x0, 0xa6, 0x0, 0xc, 0xea, 0x0,
    0x3, 0xf4, 0x3f, 0xfd, 0x10, 0x21, 0x0,

    /* U+00B9 "¹" */
    0x1a, 0xff, 0x1f, 0xee, 0xf1, 0x80, 0xcf, 0x10,
    0xc, 0xf1, 0x0, 0xcf, 0x10, 0xc, 0xf1, 0x0,
    0xcf, 0x10, 0xc, 0xf1,

    /* U+00BA "º" */
    0x0, 0x6d, 0xff, 0xb3, 0x0, 0x7f, 0xe9, 0xaf,
    0xf3, 0xf, 0xf1, 0x0, 0x5f, 0xb3, 0xfb, 0x0,
    0x0, 0xfe, 0x3f, 0xb0, 0x0, 0xf, 0xe1, 0xff,
    0x10, 0x5, 0xfb, 0x7, 0xfe, 0x9a, 0xff, 0x30,
    0x6, 0xdf, 0xfb, 0x30,

    /* U+00BB "»" */
    0xc, 0xf9, 0xa, 0xfb, 0x0, 0x0, 0x1, 0xef,
    0x60, 0xcf, 0x90, 0x0, 0x0, 0x2f, 0xf4, 0x1e,
    0xf7, 0x0, 0x0, 0x4, 0xff, 0x32, 0xff, 0x50,
    0x0, 0x0, 0x9f, 0xd0, 0x6f, 0xf1, 0x0, 0x3,
    0xff, 0x41, 0xef, 0x70, 0x0, 0x1e, 0xf6, 0xc,
    0xf9, 0x0, 0x0, 0xcf, 0x90, 0xaf, 0xb0, 0x0,
    0xa, 0xfb, 0x8, 0xfd, 0x0, 0x0, 0x2, 0x20,
    0x2, 0x21, 0x0, 0x0,

    /* U+00BC "¼" */
    0x5, 0xff, 0x60, 0x0, 0x0, 0x6, 0xf5, 0x0,
    0x3f, 0xdf, 0x60, 0x0, 0x0, 0x2f, 0xa0, 0x0,
    0x36, 0x4f, 0x60, 0x0, 0x0, 0xce, 0x10, 0x0,
    0x0, 0x4f, 0x60, 0x0, 0x7, 0xf4, 0x0, 0x0,
    0x0, 0x4f, 0x60, 0x0, 0x3f, 0x90, 0x0, 0x0,
    0x0, 0x4f, 0x60, 0x0, 0xdd, 0x0, 0x0, 0x0,
    0x0, 0x4f, 0x60, 0x9, 0xf3, 0x0, 0x0, 0x0,
    0x0, 0x4f, 0x60, 0x4f, 0x80, 0x0, 0xdf, 0x90,
    0x0, 0x0, 0x1, 0xed, 0x0, 0x7, 0xff, 0x90,
    0x0, 0x0, 0xa, 0xf2, 0x0, 0x2f, 0x9f, 0x90,
    0x0, 0x0, 0x5f, 0x70, 0x0, 0xcd, 0xf, 0x90,
    0x0, 0x1, 0xec, 0x0, 0x6, 0xf6, 0x2f, 0xa1,
    0x0, 0xb, 0xf2, 0x0, 0xb, 0xff, 0xff, 0xf9,
    0x0, 0x6f, 0x60, 0x0, 0x3, 0x55, 0x5f, 0xb2,
    0x0, 0x76, 0x0, 0x0, 0x0, 0x0, 0x7, 0x40,

    /* U+00BD "½" */
    0x1, 0x99, 0x30, 0x0, 0x0, 0x2, 0x94, 0x0,
    0x1, 0xef, 0xf6, 0x0, 0x0, 0x0, 0xce, 0x10,
    0x0, 0x4a, 0x5f, 0x60, 0x0, 0x0, 0x7f, 0x40,
    0x0, 0x0, 0x4, 0xf6, 0x0, 0x0, 0x2f, 0xa0,
    0x0, 0x0, 0x0, 0x4f, 0x60, 0x0, 0xd, 0xe1,
    0x0, 0x0, 0x0, 0x4, 0xf6, 0x0, 0x8, 0xf4,
    0x0, 0x0, 0x0, 0x0, 0x4f, 0x60, 0x3, 0xf9,
    0x0, 0x2, 0x0, 0x0, 0x4, 0xf6, 0x0, 0xde,
    0x0, 0x7f, 0xff, 0x50, 0x0, 0x15, 0x20, 0x8f,
    0x40, 0x3f, 0xb5, 0xdf, 0x10, 0x0, 0x0, 0x3f,
    0x90, 0x1, 0x31, 0x8, 0xf2, 0x0, 0x0, 0xd,
    0xe0, 0x0, 0x0, 0x1, 0xec, 0x0, 0x0, 0x8,
    0xf4, 0x0, 0x0, 0x0, 0xcf, 0x20, 0x0, 0x3,
    0xf9, 0x0, 0x0, 0x0, 0xbf, 0x50, 0x0, 0x0,
    0xdd, 0x0, 0x0, 0x0, 0xaf, 0x92, 0x20, 0x0,
    0x8f, 0x40, 0x0, 0x0, 0x3f, 0xff, 0xff, 0x40,
    0x4, 0x40, 0x0, 0x0, 0x1, 0x55, 0x55, 0x51,

    /* U+00BE "¾" */
    0x0, 0x0, 0x0, 0x0, 0x0, 0x0, 0x0, 0x10,
    0x0, 0x3, 0xcf, 0xfb, 0x10, 0x0, 0x0, 0xe,
    0xd0, 0x0, 0xb, 0xc5, 0x7f, 0x80, 0x0, 0x0,
    0x9f, 0x20, 0x0, 0x0, 0x0, 0x5f, 0x70, 0x0,
    0x4, 0xf7, 0x0, 0x0, 0x0, 0x1f, 0xfb, 0x0,
    0x0, 0x1e, 0xc0, 0x0, 0x0, 0x0, 0x3, 0x7f,
    0x90, 0x0, 0xaf, 0x20, 0x0, 0x0, 0x0, 0x0,
    0xe, 0xe0, 0x5, 0xf6, 0x0, 0x0, 0x0, 0xb,
    0x91, 0x3f, 0xc0, 0x1e, 0xb0, 0x0, 0x0, 0x0,
    0x8, 0xff, 0xff, 0x40, 0xbe, 0x10, 0x4, 0xff,
    0x20, 0x0, 0x26, 0x51, 0x6, 0xf5, 0x0, 0xe,
    0xff, 0x20, 0x0, 0x0, 0x0, 0x2f, 0xa0, 0x0,
    0x9f, 0x9f, 0x20, 0x0, 0x0, 0x0, 0xce, 0x10,
    0x3, 0xf7, 0x7f, 0x20, 0x0, 0x0, 0x7, 0xf4,
    0x0, 0xd, 0xd2, 0x8f, 0x40, 0x0, 0x0, 0x2f,
    0x90, 0x0, 0x2f, 0xff, 0xff, 0xf2, 0x0, 0x0,
    0xde, 0x0, 0x0, 0x5, 0x55, 0xaf, 0x60, 0x0,
    0x2, 0x73, 0x0, 0x0, 0x0, 0x0, 0x37, 0x10,

    /* U+00BF "¿" */
    0x0, 0x0, 0x5f, 0xc0, 0x0, 0x0, 0x0, 0xbf,
    0xf2, 0x0, 0x0, 0x0, 0x3c, 0x90, 0x0, 0x0,
    0x0, 0x0, 0x0, 0x0, 0x0, 0x0, 0x17, 0x50,
    0x0, 0x0, 0x0, 0x5f, 0xb0, 0x0, 0x0, 0x0,
    0xbf, 0x90, 0x0, 0x0, 0x1b, 0xff, 0x30, 0x0,
    0x2, 0xef, 0xd3, 0x0, 0x0, 0xb, 0xfc, 0x10,
    0x0, 0x0, 0xf, 0xf4, 0x0, 0x0, 0x0, 0xf,
    0xf3, 0x0, 0x8, 0xfb, 0xc, 0xfb, 0x0, 0x2e,
    0xf7, 0x3, 0xff, 0xfd, 0xff, 0xc0, 0x0, 0x2a,
    0xef, 0xd8, 0x0,

    /* U+00C0 "À" */
    0x0, 0x0, 0x5e, 0xb0, 0x0, 0x0, 0x0, 0x0,
    0x0, 0xb, 0xf3, 0x0, 0x0, 0x0, 0x0, 0x0,
    0x1, 0xfb, 0x0, 0x0, 0x0, 0x0, 0x0, 0x0,
    0x0, 0x0, 0x0, 0x0, 0x0, 0x0, 0x0, 0x0,
    0x0, 0x0, 0x0, 0x0, 0x0, 0x8, 0xff, 0x90,
    0x0, 0x0, 0x0, 0x0, 0xe, 0xff, 0xf0, 0x0,
    0x0, 0x0, 0x0, 0x4f, 0xcb, 0xf5, 0x0, 0x0,
    0x0, 0x0, 0xaf, 0x76, 0xfb, 0x0, 0x0, 0x0,
    0x0, 0xff, 0x31, 0xff, 0x10, 0x0, 0x0, 0x5,
    0xfe, 0x0, 0xcf, 0x70, 0x0, 0x0, 0xb, 0xf8,
    0x0, 0x7f, 0xd0, 0x0, 0x0, 0x1f, 0xf3, 0x0,
    0x1f, 0xf3, 0x0, 0x0, 0x7f, 0xfd, 0xdd, 0xdf,
    0xf9, 0x0, 0x0, 0xdf, 0xff, 0xff, 0xff, 0xff,
    0x0, 0x3, 0xff, 0x20, 0x0, 0x0, 0xff, 0x50,
    0x9, 0xfc, 0x0, 0x0, 0x0, 0xaf, 0xc0, 0xe,
    0xf6, 0x0, 0x0, 0x0, 0x4f, 0xf2, 0x5f, 0xf1,
    0x0, 0x0, 0x0, 0xe, 0xf8,

    /* U+00C1 "Á" */
    0x0, 0x0, 0x0, 0x9, 0xe6, 0x0, 0x0, 0x0,
    0x0, 0x0, 0x1f, 0xd0, 0x0, 0x0, 0x0, 0x0,
    0x0, 0x9f, 0x30, 0x0, 0x0, 0x0, 0x0, 0x0,
    0x0, 0x0, 0x0, 0x0, 0x0, 0x0, 0x0, 0x0,
    0x0, 0x0, 0x0, 0x0, 0x0, 0x8, 0xff, 0x90,
    0x0, 0x0, 0x0, 0x0, 0xe, 0xff, 0xf0, 0x0,
    0x0, 0x0, 0x0, 0x4f, 0xcb, 0xf5, 0x0, 0x0,
    0x0, 0x0, 0xaf, 0x76, 0xfb, 0x0, 0x0, 0x0,
    0x0, 0xff, 0x31, 0xff, 0x10, 0x0, 0x0, 0x5,
    0xfe, 0x0, 0xcf, 0x70, 0x0, 0x0, 0xb, 0xf8,
    0x0, 0x7f, 0xd0, 0x0, 0x0, 0x1f, 0xf3, 0x0,
    0x1f, 0xf3, 0x0, 0x0, 0x7f, 0xfd, 0xdd, 0xdf,
    0xf9, 0x0, 0x0, 0xdf, 0xff, 0xff, 0xff, 0xff,
    0x0, 0x3, 0xff, 0x20, 0x0, 0x0, 0xff, 0x50,
    0x9, 0xfc, 0x0, 0x0, 0x0, 0xaf, 0xc0, 0xe,
    0xf6, 0x0, 0x0, 0x0, 0x4f, 0xf2, 0x5f, 0xf1,
    0x0, 0x0, 0x0, 0xe, 0xf8,

    /* U+00C2 "Â" */
    0x0, 0x0, 0x4, 0xff, 0x60, 0x0, 0x0, 0x0,
    0x0, 0x2f, 0xca, 0xf4, 0x0, 0x0, 0x0, 0x1,
    0xee, 0x20, 0xde, 0x20, 0x0, 0x0, 0x0, 0x0,
    0x0, 0x0, 0x0, 0x0, 0x0, 0x0, 0x0, 0x0,
    0x0, 0x0, 0x0, 0x0, 0x0, 0x8, 0xff, 0x90,
    0x0, 0x0, 0x0, 0x0, 0xe, 0xff, 0xf0, 0x0,
    0x0, 0x0, 0x0, 0x4f, 0xcb, 0xf5, 0x0, 0x0,
    0x0, 0x0, 0xaf, 0x76, 0xfb, 0x0, 0x0, 0x0,
    0x0, 0xff, 0x31, 0xff, 0x10, 0x0, 0x0, 0x5,
    0xfe, 0x0, 0xcf, 0x70, 0x0, 0x0, 0xb, 0xf8,
    0x0, 0x7f, 0xd0, 0x0, 0x0, 0x1f, 0xf3, 0x0,
    0x1f, 0xf3, 0x0, 0x0, 0x7f, 0xfd, 0xdd, 0xdf,
    0xf9, 0x0, 0x0, 0xdf, 0xff, 0xff, 0xff, 0xff,
    0x0, 0x3, 0xff, 0x20, 0x0, 0x0, 0xff, 0x50,
    0x9, 0xfc, 0x0, 0x0, 0x0, 0xaf, 0xc0, 0xe,
    0xf6, 0x0, 0x0, 0x0, 0x4f, 0xf2, 0x5f, 0xf1,
    0x0, 0x0, 0x0, 0xe, 0xf8,

    /* U+00C3 "Ã" */
    0x0, 0x0, 0x1, 0x11, 0x11, 0x0, 0x0, 0x0,
    0x0, 0x9f, 0xff, 0xfd, 0x0, 0x0, 0x0, 0x0,
    0x44, 0x44, 0x40, 0x0, 0x0, 0x0, 0x0, 0x0,
    0x0, 0x0, 0x0, 0x0, 0x0, 0x0, 0x0, 0x0,
    0x0, 0x0, 0x0, 0x0, 0x0, 0x8, 0xff, 0x90,
    0x0, 0x0, 0x0, 0x0, 0xe, 0xff, 0xf0, 0x0,
    0x0, 0x0, 0x0, 0x4f, 0xcb, 0xf5, 0x0, 0x0,
    0x0, 0x0, 0xaf, 0x76, 0xfb, 0x0, 0x0, 0x0,
    0x0, 0xff, 0x31, 0xff, 0x10, 0x0, 0x0, 0x5,
    0xfe, 0x0, 0xcf, 0x70, 0x0, 0x0, 0xb, 0xf8,
    0x0, 0x7f, 0xd0, 0x0, 0x0, 0x1f, 0xf3, 0x0,
    0x1f, 0xf3, 0x0, 0x0, 0x7f, 0xfd, 0xdd, 0xdf,
    0xf9, 0x0, 0x0, 0xdf, 0xff, 0xff, 0xff, 0xff,
    0x0, 0x3, 0xff, 0x20, 0x0, 0x0, 0xff, 0x50,
    0x9, 0xfc, 0x0, 0x0, 0x0, 0xaf, 0xc0, 0xe,
    0xf6, 0x0, 0x0, 0x0, 0x4f, 0xf2, 0x5f, 0xf1,
    0x0, 0x0, 0x0, 0xe, 0xf8,

    /* U+00C4 "Ä" */
    0x0, 0x0, 0x55, 0x0, 0x36, 0x0, 0x0, 0x0,
    0x3, 0xff, 0x20, 0xff, 0x50, 0x0, 0x0, 0x1,
    0xdd, 0x0, 0xbe, 0x20, 0x0, 0x0, 0x0, 0x0,
    0x0, 0x0, 0x0, 0x0, 0x0, 0x0, 0x0, 0x0,
    0x0, 0x0, 0x0, 0x0, 0x0, 0x8, 0xff, 0x90,
    0x0, 0x0, 0x0, 0x0, 0xe, 0xff, 0xf0, 0x0,
    0x0, 0x0, 0x0, 0x4f, 0xcb, 0xf5, 0x0, 0x0,
    0x0, 0x0, 0xaf, 0x76, 0xfb, 0x0, 0x0, 0x0,
    0x0, 0xff, 0x31, 0xff, 0x10, 0x0, 0x0, 0x5,
    0xfe, 0x0, 0xcf, 0x70, 0x0, 0x0, 0xb, 0xf8,
    0x0, 0x7f, 0xd0, 0x0, 0x0, 0x1f, 0xf3, 0x0,
    0x1f, 0xf3, 0x0, 0x0, 0x7f, 0xfd, 0xdd, 0xdf,
    0xf9, 0x0, 0x0, 0xdf, 0xff, 0xff, 0xff, 0xff,
    0x0, 0x3, 0xff, 0x20, 0x0, 0x0, 0xff, 0x50,
    0x9, 0xfc, 0x0, 0x0, 0x0, 0xaf, 0xc0, 0xe,
    0xf6, 0x0, 0x0, 0x0, 0x4f, 0xf2, 0x5f, 0xf1,
    0x0, 0x0, 0x0, 0xe, 0xf8,

    /* U+00C5 "Å" */
    0x0, 0x0, 0x0, 0x0, 0x0, 0x0, 0x0, 0x0,
    0x0, 0x7, 0xef, 0x90, 0x0, 0x0, 0x0, 0x0,
    0x4f, 0x75, 0xf7, 0x0, 0x0, 0x0, 0x0, 0x8e,
    0x0, 0xba, 0x0, 0x0, 0x0, 0x0, 0x5f, 0x42,
    0xe8, 0x0, 0x0, 0x0, 0x0, 0xa, 0xff, 0xc0,
    0x0, 0x0, 0x0, 0x0, 0x0, 0x22, 0x0, 0x0,
    0x0, 0x0, 0x0, 0x8, 0xff, 0x90, 0x0, 0x0,
    0x0, 0x0, 0xe, 0xff, 0xf0, 0x0, 0x0, 0x0,
    0x0, 0x4f, 0xcb, 0xf5, 0x0, 0x0, 0x0, 0x0,
    0xaf, 0x76, 0xfb, 0x0, 0x0, 0x0, 0x0, 0xff,
    0x31, 0xff, 0x10, 0x0, 0x0, 0x5, 0xfe, 0x0,
    0xcf, 0x70, 0x0, 0x0, 0xb, 0xf8, 0x0, 0x7f,
    0xd0, 0x0, 0x0, 0x1f, 0xf3, 0x0, 0x1f, 0xf3,
    0x0, 0x0, 0x7f, 0xfd, 0xdd, 0xdf, 0xf9, 0x0,
    0x0, 0xdf, 0xff, 0xff, 0xff, 0xff, 0x0, 0x3,
    0xff, 0x20, 0x0, 0x0, 0xff, 0x50, 0x9, 0xfc,
    0x0, 0x0, 0x0, 0xaf, 0xc0, 0xe, 0xf6, 0x0,
    0x0, 0x0, 0x4f, 0xf2, 0x5f, 0xf1, 0x0, 0x0,
    0x0, 0xe, 0xf8,

    /* U+00C6 "Æ" */
    0x0, 0x0, 0x0, 0xf, 0xff, 0xff, 0xff, 0xff,
    0xff, 0xc0, 0x0, 0x0, 0x7, 0xfd, 0x9f, 0xfe,
    0xee, 0xee, 0xeb, 0x0, 0x0, 0x0, 0xef, 0x54,
    0xfd, 0x0, 0x0, 0x0, 0x0, 0x0, 0x0, 0x7f,
    0xd0, 0x4f, 0xd0, 0x0, 0x0, 0x0, 0x0, 0x0,
    0xe, 0xf6, 0x4, 0xfd, 0x0, 0x0, 0x0, 0x0,
    0x0, 0x6, 0xfe, 0x0, 0x4f, 0xd0, 0x0, 0x0,
    0x0, 0x0, 0x0, 0xdf, 0x70, 0x4, 0xff, 0xff,
    0xff, 0xff, 0x40, 0x0, 0x5f, 0xf1, 0x0, 0x4f,
    0xfe, 0xee, 0xee, 0xe4, 0x0, 0xd, 0xfe, 0xcc,
    0xcd, 0xfd, 0x0, 0x0, 0x0, 0x0, 0x5, 0xff,
    0xff, 0xff, 0xff, 0xd0, 0x0, 0x0, 0x0, 0x0,
    0xcf, 0x90, 0x0, 0x4, 0xfd, 0x0, 0x0, 0x0,
    0x0, 0x4f, 0xf2, 0x0, 0x0, 0x4f, 0xd0, 0x0,
    0x0, 0x0, 0xc, 0xfa, 0x0, 0x0, 0x4, 0xff,
    0xee, 0xee, 0xee, 0xc4, 0xff, 0x30, 0x0, 0x0,
    0x4f, 0xff, 0xff, 0xff, 0xfd,

    /* U+00C7 "Ç" */
    0x0, 0x4, 0xae, 0xff, 0xc6, 0x0, 0x0, 0x9,
    0xff, 0xff, 0xff, 0xfd, 0x10, 0x8, 0xff, 0x92,
    0x1, 0x6e, 0xfc, 0x2, 0xff, 0x60, 0x0, 0x0,
    0x2f, 0xf5, 0x8f, 0xc0, 0x0, 0x0, 0x0, 0x7a,
    0x6c, 0xf7, 0x0, 0x0, 0x0, 0x0, 0x0, 0xdf,
    0x50, 0x0, 0x0, 0x0, 0x0, 0xd, 0xf5, 0x0,
    0x0, 0x0, 0x0, 0x0, 0xcf, 0x70, 0x0, 0x0,
    0x0, 0x0, 0x8, 0xfc, 0x0, 0x0, 0x0, 0x7,
    0xa6, 0x2f, 0xf6, 0x0, 0x0, 0x2, 0xff, 0x50,
    0x9f, 0xf9, 0x20, 0x16, 0xef, 0xc0, 0x0, 0x9f,
    0xff, 0xff, 0xff, 0xd1, 0x0, 0x0, 0x4a, 0xef,
    0xfc, 0x60, 0x0, 0x0, 0x0, 0x0, 0xf5, 0x0,
    0x0, 0x0, 0x0, 0x0, 0x1a, 0xec, 0x0, 0x0,
    0x0, 0x0, 0x0, 0x18, 0xf0, 0x0, 0x0, 0x0,
    0x0, 0x8f, 0xe7, 0x0, 0x0,

    /* U+00C8 "È" */
    0x0, 0x3e, 0xd0, 0x0, 0x0, 0x0, 0x9, 0xf6,
    0x0, 0x0, 0x0, 0x0, 0xdd, 0x0, 0x0, 0x0,
    0x0, 0x0, 0x0, 0x0, 0x0, 0x0, 0x0, 0x0,
    0x0, 0x6f, 0xff, 0xff, 0xff, 0xfc, 0x6f, 0xfe,
    0xee, 0xee, 0xeb, 0x6f, 0xd0, 0x0, 0x0, 0x0,
    0x6f, 0xd0, 0x0, 0x0, 0x0, 0x6f, 0xd0, 0x0,
    0x0, 0x0, 0x6f, 0xd0, 0x0, 0x0, 0x0, 0x6f,
    0xff, 0xff, 0xff, 0xf4, 0x6f, 0xfe, 0xee, 0xee,
    0xe4, 0x6f, 0xd0, 0x0, 0x0, 0x0, 0x6f, 0xd0,
    0x0, 0x0, 0x0, 0x6f, 0xd0, 0x0, 0x0, 0x0,
    0x6f, 0xd0, 0x0, 0x0, 0x0, 0x6f, 0xfe, 0xee,
    0xee, 0xec, 0x6f, 0xff, 0xff, 0xff, 0xfd,

    /* U+00C9 "É" */
    0x0, 0x0, 0x7, 0xe9, 0x0, 0x0, 0x0, 0xe,
    0xe1, 0x0, 0x0, 0x0, 0x6f, 0x50, 0x0, 0x0,
    0x0, 0x0, 0x0, 0x0, 0x0, 0x0, 0x0, 0x0,
    0x0, 0x6f, 0xff, 0xff, 0xff, 0xfc, 0x6f, 0xfe,
    0xee, 0xee, 0xeb, 0x6f, 0xd0, 0x0, 0x0, 0x0,
    0x6f, 0xd0, 0x0, 0x0, 0x0, 0x6f, 0xd0, 0x0,
    0x0, 0x0, 0x6f, 0xd0, 0x0, 0x0, 0x0, 0x6f,
    0xff, 0xff, 0xff, 0xf4, 0x6f, 0xfe, 0xee, 0xee,
    0xe4, 0x6f, 0xd0, 0x0, 0x0, 0x0, 0x6f, 0xd0,
    0x0, 0x0, 0x0, 0x6f, 0xd0, 0x0, 0x0, 0x0,
    0x6f, 0xd0, 0x0, 0x0, 0x0, 0x6f, 0xfe, 0xee,
    0xee, 0xec, 0x6f, 0xff, 0xff, 0xff, 0xfd,

    /* U+00CA "Ê" */
    0x0, 0x2, 0xff, 0x90, 0x0, 0x0, 0x1e, 0xe9,
    0xf6, 0x0, 0x0, 0xcf, 0x30, 0xbf, 0x30, 0x0,
    0x0, 0x0, 0x0, 0x0, 0x0, 0x0, 0x0, 0x0,
    0x0, 0x6f, 0xff, 0xff, 0xff, 0xfc, 0x6f, 0xfe,
    0xee, 0xee, 0xeb, 0x6f, 0xd0, 0x0, 0x0, 0x0,
    0x6f, 0xd0, 0x0, 0x0, 0x0, 0x6f, 0xd0, 0x0,
    0x0, 0x0, 0x6f, 0xd0, 0x0, 0x0, 0x0, 0x6f,
    0xff, 0xff, 0xff, 0xf4, 0x6f, 0xfe, 0xee, 0xee,
    0xe4, 0x6f, 0xd0, 0x0, 0x0, 0x0, 0x6f, 0xd0,
    0x0, 0x0, 0x0, 0x6f, 0xd0, 0x0, 0x0, 0x0,
    0x6f, 0xd0, 0x0, 0x0, 0x0, 0x6f, 0xfe, 0xee,
    0xee, 0xec, 0x6f, 0xff, 0xff, 0xff, 0xfd,

    /* U+00CB "Ë" */
    0x0, 0x46, 0x0, 0x26, 0x0, 0x1, 0xff, 0x50,
    0xdf, 0x80, 0x0, 0xce, 0x20, 0x9f, 0x40, 0x0,
    0x0, 0x0, 0x0, 0x0, 0x0, 0x0, 0x0, 0x0,
    0x0, 0x6f, 0xff, 0xff, 0xff, 0xfc, 0x6f, 0xfe,
    0xee, 0xee, 0xeb, 0x6f, 0xd0, 0x0, 0x0, 0x0,
    0x6f, 0xd0, 0x0, 0x0, 0x0, 0x6f, 0xd0, 0x0,
    0x0, 0x0, 0x6f, 0xd0, 0x0, 0x0, 0x0, 0x6f,
    0xff, 0xff, 0xff, 0xf4, 0x6f, 0xfe, 0xee, 0xee,
    0xe4, 0x6f, 0xd0, 0x0, 0x0, 0x0, 0x6f, 0xd0,
    0x0, 0x0, 0x0, 0x6f, 0xd0, 0x0, 0x0, 0x0,
    0x6f, 0xd0, 0x0, 0x0, 0x0, 0x6f, 0xfe, 0xee,
    0xee, 0xec, 0x6f, 0xff, 0xff, 0xff, 0xfd,

    /* U+00CC "Ì" */
    0x9e, 0x60, 0x1f, 0xd0, 0x6, 0xf5, 0x0, 0x0,
    0x0, 0x0, 0x6, 0xfd, 0x6, 0xfd, 0x6, 0xfd,
    0x6, 0xfd, 0x6, 0xfd, 0x6, 0xfd, 0x6, 0xfd,
    0x6, 0xfd, 0x6, 0xfd, 0x6, 0xfd, 0x6, 0xfd,
    0x6, 0xfd, 0x6, 0xfd, 0x6, 0xfd,

    /* U+00CD "Í" */
    0x0, 0xde, 0x20, 0x6f, 0x80, 0xe, 0xd0, 0x0,
    0x0, 0x0, 0x0, 0x0, 0x6, 0xfd, 0x0, 0x6f,
    0xd0, 0x6, 0xfd, 0x0, 0x6f, 0xd0, 0x6, 0xfd,
    0x0, 0x6f, 0xd0, 0x6, 0xfd, 0x0, 0x6f, 0xd0,
    0x6, 0xfd, 0x0, 0x6f, 0xd0, 0x6, 0xfd, 0x0,
    0x6f, 0xd0, 0x6, 0xfd, 0x0, 0x6f, 0xd0, 0x0,

    /* U+00CE "Î" */
    0x0, 0xaf, 0xe2, 0x0, 0x7, 0xf8, 0xed, 0x10,
    0x5f, 0xb0, 0x4f, 0xb0, 0x0, 0x0, 0x0, 0x0,
    0x0, 0x0, 0x0, 0x0, 0x0, 0x6f, 0xd0, 0x0,
    0x0, 0x6f, 0xd0, 0x0, 0x0, 0x6f, 0xd0, 0x0,
    0x0, 0x6f, 0xd0, 0x0, 0x0, 0x6f, 0xd0, 0x0,
    0x0, 0x6f, 0xd0, 0x0, 0x0, 0x6f, 0xd0, 0x0,
    0x0, 0x6f, 0xd0, 0x0, 0x0, 0x6f, 0xd0, 0x0,
    0x0, 0x6f, 0xd0, 0x0, 0x0, 0x6f, 0xd0, 0x0,
    0x0, 0x6f, 0xd0, 0x0, 0x0, 0x6f, 0xd0, 0x0,
    0x0, 0x6f, 0xd0, 0x0,

    /* U+00CF "Ï" */
    0x6, 0x20, 0x6, 0x30, 0x8f, 0xd0, 0x5f, 0xf0,
    0x5f, 0x90, 0x2e, 0xb0, 0x0, 0x0, 0x0, 0x0,
    0x0, 0x0, 0x0, 0x0, 0x0, 0x6f, 0xd0, 0x0,
    0x0, 0x6f, 0xd0, 0x0, 0x0, 0x6f, 0xd0, 0x0,
    0x0, 0x6f, 0xd0, 0x0, 0x0, 0x6f, 0xd0, 0x0,
    0x0, 0x6f, 0xd0, 0x0, 0x0, 0x6f, 0xd0, 0x0,
    0x0, 0x6f, 0xd0, 0x0, 0x0, 0x6f, 0xd0, 0x0,
    0x0, 0x6f, 0xd0, 0x0, 0x0, 0x6f, 0xd0, 0x0,
    0x0, 0x6f, 0xd0, 0x0, 0x0, 0x6f, 0xd0, 0x0,
    0x0, 0x6f, 0xd0, 0x0,

    /* U+00D0 "Ð" */
    0x0, 0xff, 0xff, 0xff, 0xd9, 0x30, 0x0, 0x0,
    0xff, 0xff, 0xff, 0xff, 0xf8, 0x0, 0x0, 0xff,
    0x40, 0x0, 0x29, 0xff, 0x70, 0x0, 0xff, 0x40,
    0x0, 0x0, 0x7f, 0xf1, 0x0, 0xff, 0x40, 0x0,
    0x0, 0xd, 0xf6, 0x0, 0xff, 0x40, 0x0, 0x0,
    0x9, 0xfa, 0xcf, 0xff, 0xff, 0xfe, 0x0, 0x7,
    0xfb, 0x8a, 0xff, 0xca, 0xa9, 0x0, 0x7, 0xfb,
    0x0, 0xff, 0x40, 0x0, 0x0, 0x9, 0xfa, 0x0,
    0xff, 0x40, 0x0, 0x0, 0xd, 0xf6, 0x0, 0xff,
    0x40, 0x0, 0x0, 0x7f, 0xf1, 0x0, 0xff, 0x40,
    0x0, 0x29, 0xff, 0x70, 0x0, 0xff, 0xff, 0xff,
    0xff, 0xf8, 0x0, 0x0, 0xff, 0xff, 0xff, 0xd9,
    0x20, 0x0,

    /* U+00D1 "Ñ" */
    0x0, 0x0, 0x1, 0x11, 0x10, 0x0, 0x0, 0x0,
    0x2e, 0xff, 0xff, 0x60, 0x0, 0x0, 0x1, 0x44,
    0x44, 0x20, 0x0, 0x0, 0x0, 0x0, 0x0, 0x0,
    0x0, 0x0, 0x0, 0x0, 0x0, 0x0, 0x0, 0x0,
    0x6, 0xff, 0x80, 0x0, 0x0, 0xb, 0xf8, 0x6f,
    0xff, 0x20, 0x0, 0x0, 0xbf, 0x86, 0xfd, 0xfc,
    0x0, 0x0, 0xb, 0xf8, 0x6f, 0xc9, 0xf6, 0x0,
    0x0, 0xbf, 0x86, 0xfd, 0x1f, 0xf1, 0x0, 0xb,
    0xf8, 0x6f, 0xd0, 0x7f, 0xa0, 0x0, 0xbf, 0x86,
    0xfe, 0x0, 0xdf, 0x50, 0xb, 0xf8, 0x6f, 0xe0,
    0x3, 0xfe, 0x0, 0xbf, 0x86, 0xfe, 0x0, 0x9,
    0xf9, 0xb, 0xf8, 0x6f, 0xe0, 0x0, 0xe, 0xf3,
    0xbf, 0x86, 0xfe, 0x0, 0x0, 0x4f, 0xba, 0xf8,
    0x6f, 0xe0, 0x0, 0x0, 0xaf, 0xdf, 0x86, 0xfe,
    0x0, 0x0, 0x1, 0xef, 0xf8, 0x6f, 0xe0, 0x0,
    0x0, 0x6, 0xff, 0x80,

    /* U+00D2 "Ò" */
    0x0, 0x0, 0xbf, 0x60, 0x0, 0x0, 0x0, 0x0,
    0x0, 0x1f, 0xd0, 0x0, 0x0, 0x0, 0x0, 0x0,
    0x6, 0xe4, 0x0, 0x0, 0x0, 0x0, 0x0, 0x0,
    0x0, 0x0, 0x0, 0x0, 0x0, 0x0, 0x0, 0x0,
    0x0, 0x0, 0x0, 0x0, 0x3, 0xae, 0xff, 0xc6,
    0x0, 0x0, 0x0, 0x9f, 0xff, 0xff, 0xff, 0xd1,
    0x0, 0x8, 0xff, 0x92, 0x1, 0x6e, 0xfd, 0x0,
    0x2f, 0xf6, 0x0, 0x0, 0x2, 0xff, 0x70, 0x8f,
    0xc0, 0x0, 0x0, 0x0, 0x7f, 0xe0, 0xcf, 0x70,
    0x0, 0x0, 0x0, 0x2f, 0xf1, 0xdf, 0x50, 0x0,
    0x0, 0x0, 0xf, 0xf3, 0xdf, 0x50, 0x0, 0x0,
    0x0, 0xf, 0xf3, 0xcf, 0x70, 0x0, 0x0, 0x0,
    0x2f, 0xf1, 0x8f, 0xc0, 0x0, 0x0, 0x0, 0x7f,
    0xe0, 0x2f, 0xf6, 0x0, 0x0, 0x2, 0xff, 0x70,
    0x8, 0xff, 0x92, 0x1, 0x6e, 0xfd, 0x0, 0x0,
    0x9f, 0xff, 0xff, 0xff, 0xd1, 0x0, 0x0, 0x4,
    0xae, 0xff, 0xc6, 0x0, 0x0,

    /* U+00D3 "Ó" */
    0x0, 0x0, 0x0, 0x1f, 0xf1, 0x0, 0x0, 0x0,
    0x0, 0x0, 0x8f, 0x60, 0x0, 0x0, 0x0, 0x0,
    0x0, 0xdb, 0x0, 0x0, 0x0, 0x0, 0x0, 0x0,
    0x0, 0x0, 0x0, 0x0, 0x0, 0x0, 0x0, 0x0,
    0x0, 0x0, 0x0, 0x0, 0x3, 0xae, 0xff, 0xc6,
    0x0, 0x0, 0x0, 0x9f, 0xff, 0xff, 0xff, 0xd1,
    0x0, 0x8, 0xff, 0x92, 0x1, 0x6e, 0xfd, 0x0,
    0x2f, 0xf6, 0x0, 0x0, 0x2, 0xff, 0x70, 0x8f,
    0xc0, 0x0, 0x0, 0x0, 0x7f, 0xe0, 0xcf, 0x70,
    0x0, 0x0, 0x0, 0x2f, 0xf1, 0xdf, 0x50, 0x0,
    0x0, 0x0, 0xf, 0xf3, 0xdf, 0x50, 0x0, 0x0,
    0x0, 0xf, 0xf3, 0xcf, 0x70, 0x0, 0x0, 0x0,
    0x2f, 0xf1, 0x8f, 0xc0, 0x0, 0x0, 0x0, 0x7f,
    0xe0, 0x2f, 0xf6, 0x0, 0x0, 0x2, 0xff, 0x70,
    0x8, 0xff, 0x92, 0x1, 0x6e, 0xfd, 0x0, 0x0,
    0x9f, 0xff, 0xff, 0xff, 0xd1, 0x0, 0x0, 0x4,
    0xae, 0xff, 0xc6, 0x0, 0x0,

    /* U+00D4 "Ô" */
    0x0, 0x0, 0xa, 0xfe, 0x10, 0x0, 0x0, 0x0,
    0x0, 0x8f, 0x8f, 0xc0, 0x0, 0x0, 0x0, 0x6,
    0xfa, 0x5, 0xfa, 0x0, 0x0, 0x0, 0x0, 0x0,
    0x0, 0x0, 0x0, 0x0, 0x0, 0x0, 0x0, 0x0,
    0x0, 0x0, 0x0, 0x0, 0x3, 0xae, 0xff, 0xc6,
    0x0, 0x0, 0x0, 0x9f, 0xff, 0xff, 0xff, 0xd1,
    0x0, 0x8, 0xff, 0x92, 0x1, 0x6e, 0xfd, 0x0,
    0x2f, 0xf6, 0x0, 0x0, 0x2, 0xff, 0x70, 0x8f,
    0xc0, 0x0, 0x0, 0x0, 0x7f, 0xe0, 0xcf, 0x70,
    0x0, 0x0, 0x0, 0x2f, 0xf1, 0xdf, 0x50, 0x0,
    0x0, 0x0, 0xf, 0xf3, 0xdf, 0x50, 0x0, 0x0,
    0x0, 0xf, 0xf3, 0xcf, 0x70, 0x0, 0x0, 0x0,
    0x2f, 0xf1, 0x8f, 0xc0, 0x0, 0x0, 0x0, 0x7f,
    0xe0, 0x2f, 0xf6, 0x0, 0x0, 0x2, 0xff, 0x70,
    0x8, 0xff, 0x92, 0x1, 0x6e, 0xfd, 0x0, 0x0,
    0x9f, 0xff, 0xff, 0xff, 0xd1, 0x0, 0x0, 0x4,
    0xae, 0xff, 0xc6, 0x0, 0x0,

    /* U+00D5 "Õ" */
    0x0, 0x0, 0x1, 0x0, 0x1, 0x0, 0x0, 0x0,
    0x0, 0xcf, 0xb2, 0xca, 0x0, 0x0, 0x0, 0x3,
    0xf6, 0xbf, 0xf4, 0x0, 0x0, 0x0, 0x1, 0x40,
    0x2, 0x20, 0x0, 0x0, 0x0, 0x0, 0x0, 0x0,
    0x0, 0x0, 0x0, 0x0, 0x0, 0x0, 0x0, 0x0,
    0x0, 0x0, 0x0, 0x3, 0xae, 0xff, 0xc6, 0x0,
    0x0, 0x0, 0x9f, 0xff, 0xff, 0xff, 0xd1, 0x0,
    0x8, 0xff, 0x92, 0x1, 0x6e, 0xfd, 0x0, 0x2f,
    0xf6, 0x0, 0x0, 0x2, 0xff, 0x70, 0x8f, 0xc0,
    0x0, 0x0, 0x0, 0x7f, 0xe0, 0xcf, 0x70, 0x0,
    0x0, 0x0, 0x2f, 0xf1, 0xdf, 0x50, 0x0, 0x0,
    0x0, 0xf, 0xf3, 0xdf, 0x50, 0x0, 0x0, 0x0,
    0xf, 0xf3, 0xcf, 0x70, 0x0, 0x0, 0x0, 0x2f,
    0xf1, 0x8f, 0xc0, 0x0, 0x0, 0x0, 0x7f, 0xe0,
    0x2f, 0xf6, 0x0, 0x0, 0x2, 0xff, 0x70, 0x8,
    0xff, 0x92, 0x1, 0x6e, 0xfd, 0x0, 0x0, 0x9f,
    0xff, 0xff, 0xff, 0xd1, 0x0, 0x0, 0x4, 0xae,
    0xff, 0xc6, 0x0, 0x0,

    /* U+00D6 "Ö" */
    0x0, 0x5, 0xf8, 0x3, 0xeb, 0x0, 0x0, 0x0,
    0x9, 0xfc, 0x6, 0xff, 0x0, 0x0, 0x0, 0x1,
    0x62, 0x0, 0x63, 0x0, 0x0, 0x0, 0x0, 0x0,
    0x0, 0x0, 0x0, 0x0, 0x0, 0x0, 0x0, 0x0,
    0x0, 0x0, 0x0, 0x0, 0x3, 0xae, 0xff, 0xc6,
    0x0, 0x0, 0x0, 0x9f, 0xff, 0xff, 0xff, 0xd1,
    0x0, 0x8, 0xff, 0x92, 0x1, 0x6e, 0xfd, 0x0,
    0x2f, 0xf6, 0x0, 0x0, 0x2, 0xff, 0x70, 0x8f,
    0xc0, 0x0, 0x0, 0x0, 0x7f, 0xe0, 0xcf, 0x70,
    0x0, 0x0, 0x0, 0x2f, 0xf1, 0xdf, 0x50, 0x0,
    0x0, 0x0, 0xf, 0xf3, 0xdf, 0x50, 0x0, 0x0,
    0x0, 0xf, 0xf3, 0xcf, 0x70, 0x0, 0x0, 0x0,
    0x2f, 0xf1, 0x8f, 0xc0, 0x0, 0x0, 0x0, 0x7f,
    0xe0, 0x2f, 0xf6, 0x0, 0x0, 0x2, 0xff, 0x70,
    0x8, 0xff, 0x92, 0x1, 0x6e, 0xfd, 0x0, 0x0,
    0x9f, 0xff, 0xff, 0xff, 0xd1, 0x0, 0x0, 0x4,
    0xae, 0xff, 0xc6, 0x0, 0x0,

    /* U+00D7 "×" */
    0x0, 0x30, 0x0, 0x0, 0x2, 0x0, 0xaf, 0x40,
    0x0, 0xc, 0xe2, 0x8, 0xff, 0x40, 0xc, 0xfc,
    0x10, 0x7, 0xff, 0x5c, 0xfc, 0x10, 0x0, 0x7,
    0xff, 0xfc, 0x10, 0x0, 0x0, 0x1e, 0xff, 0x50,
    0x0, 0x0, 0x1c, 0xfe, 0xff, 0x40, 0x0, 0x1c,
    0xfc, 0x7, 0xff, 0x40, 0xc, 0xfc, 0x0, 0x7,
    0xff, 0x30, 0x4b, 0x0, 0x0, 0x7, 0xa0, 0x0,
    0x0, 0x0, 0x0, 0x0, 0x0,

    /* U+00D8 "Ø" */
    0x0, 0x0, 0x0, 0x0, 0x0, 0x1, 0x0, 0x0,
    0x3, 0xae, 0xff, 0xc6, 0x8f, 0x30, 0x0, 0x9f,
    0xff, 0xff, 0xff, 0xfc, 0x0, 0x8, 0xff, 0x92,
    0x1, 0x7f, 0xfd, 0x0, 0x2f, 0xf6, 0x0, 0x0,
    0xbf, 0xff, 0x70, 0x8f, 0xc0, 0x0, 0x7, 0xf8,
    0x7f, 0xe0, 0xcf, 0x70, 0x0, 0x3f, 0xc0, 0x2f,
    0xf1, 0xdf, 0x50, 0x1, 0xee, 0x10, 0xf, 0xf3,
    0xdf, 0x50, 0xb, 0xf5, 0x0, 0xf, 0xf3, 0xcf,
    0x70, 0x7f, 0x90, 0x0, 0x2f, 0xf1, 0x8f, 0xc3,
    0xfc, 0x0, 0x0, 0x7f, 0xe0, 0x2f, 0xff, 0xf2,
    0x0, 0x2, 0xff, 0x70, 0x8, 0xff, 0xb2, 0x1,
    0x6e, 0xfd, 0x0, 0x7, 0xff, 0xff, 0xff, 0xff,
    0xd1, 0x0, 0xc, 0xc4, 0xae, 0xff, 0xc6, 0x0,
    0x0, 0x0, 0x10, 0x0, 0x0, 0x0, 0x0, 0x0,

    /* U+00D9 "Ù" */
    0x0, 0x1, 0xef, 0x20, 0x0, 0x0, 0x0, 0x0,
    0x5, 0xf9, 0x0, 0x0, 0x0, 0x0, 0x0, 0xa,
    0xe1, 0x0, 0x0, 0x0, 0x0, 0x0, 0x0, 0x0,
    0x0, 0x0, 0x0, 0x0, 0x0, 0x0, 0x0, 0x0,
    0x6, 0xfd, 0x0, 0x0, 0x0, 0xf, 0xf3, 0x6f,
    0xd0, 0x0, 0x0, 0x0, 0xff, 0x36, 0xfd, 0x0,
    0x0, 0x0, 0xf, 0xf3, 0x6f, 0xd0, 0x0, 0x0,
    0x0, 0xff, 0x36, 0xfd, 0x0, 0x0, 0x0, 0xf,
    0xf3, 0x6f, 0xd0, 0x0, 0x0, 0x0, 0xff, 0x36,
    0xfd, 0x0, 0x0, 0x0, 0xf, 0xf3, 0x6f, 0xd0,
    0x0, 0x0, 0x0, 0xff, 0x36, 0xfd, 0x0, 0x0,
    0x0, 0xf, 0xf3, 0x5f, 0xe0, 0x0, 0x0, 0x2,
    0xff, 0x22, 0xff, 0x50, 0x0, 0x0, 0x8f, 0xf0,
    0xb, 0xff, 0x71, 0x2, 0x8f, 0xf8, 0x0, 0x1c,
    0xff, 0xff, 0xff, 0xfa, 0x0, 0x0, 0x6, 0xcf,
    0xfe, 0xb5, 0x0, 0x0,

    /* U+00DA "Ú" */
    0x0, 0x0, 0x0, 0x5f, 0xc0, 0x0, 0x0, 0x0,
    0x0, 0xc, 0xf2, 0x0, 0x0, 0x0, 0x0, 0x3,
    0xe6, 0x0, 0x0, 0x0, 0x0, 0x0, 0x0, 0x0,
    0x0, 0x0, 0x0, 0x0, 0x0, 0x0, 0x0, 0x0,
    0x6, 0xfd, 0x0, 0x0, 0x0, 0xf, 0xf3, 0x6f,
    0xd0, 0x0, 0x0, 0x0, 0xff, 0x36, 0xfd, 0x0,
    0x0, 0x0, 0xf, 0xf3, 0x6f, 0xd0, 0x0, 0x0,
    0x0, 0xff, 0x36, 0xfd, 0x0, 0x0, 0x0, 0xf,
    0xf3, 0x6f, 0xd0, 0x0, 0x0, 0x0, 0xff, 0x36,
    0xfd, 0x0, 0x0, 0x0, 0xf, 0xf3, 0x6f, 0xd0,
    0x0, 0x0, 0x0, 0xff, 0x36, 0xfd, 0x0, 0x0,
    0x0, 0xf, 0xf3, 0x5f, 0xe0, 0x0, 0x0, 0x2,
    0xff, 0x22, 0xff, 0x50, 0x0, 0x0, 0x8f, 0xf0,
    0xb, 0xff, 0x71, 0x2, 0x8f, 0xf8, 0x0, 0x1c,
    0xff, 0xff, 0xff, 0xfa, 0x0, 0x0, 0x6, 0xcf,
    0xfe, 0xb5, 0x0, 0x0,

    /* U+00DB "Û" */
    0x0, 0x0, 0x1d, 0xfb, 0x0, 0x0, 0x0, 0x0,
    0xc, 0xf8, 0xf9, 0x0, 0x0, 0x0, 0xa, 0xf6,
    0x9, 0xf6, 0x0, 0x0, 0x0, 0x0, 0x0, 0x0,
    0x0, 0x0, 0x0, 0x0, 0x0, 0x0, 0x0, 0x0,
    0x6, 0xfd, 0x0, 0x0, 0x0, 0xf, 0xf3, 0x6f,
    0xd0, 0x0, 0x0, 0x0, 0xff, 0x36, 0xfd, 0x0,
    0x0, 0x0, 0xf, 0xf3, 0x6f, 0xd0, 0x0, 0x0,
    0x0, 0xff, 0x36, 0xfd, 0x0, 0x0, 0x0, 0xf,
    0xf3, 0x6f, 0xd0, 0x0, 0x0, 0x0, 0xff, 0x36,
    0xfd, 0x0, 0x0, 0x0, 0xf, 0xf3, 0x6f, 0xd0,
    0x0, 0x0, 0x0, 0xff, 0x36, 0xfd, 0x0, 0x0,
    0x0, 0xf, 0xf3, 0x5f, 0xe0, 0x0, 0x0, 0x2,
    0xff, 0x22, 0xff, 0x50, 0x0, 0x0, 0x8f, 0xf0,
    0xb, 0xff, 0x71, 0x2, 0x8f, 0xf8, 0x0, 0x1c,
    0xff, 0xff, 0xff, 0xfa, 0x0, 0x0, 0x6, 0xcf,
    0xfe, 0xb5, 0x0, 0x0,

    /* U+00DC "Ü" */
    0x0, 0x9, 0xf4, 0x6, 0xf7, 0x0, 0x0, 0x0,
    0xdf, 0x80, 0xaf, 0xb0, 0x0, 0x0, 0x2, 0x60,
    0x1, 0x61, 0x0, 0x0, 0x0, 0x0, 0x0, 0x0,
    0x0, 0x0, 0x0, 0x0, 0x0, 0x0, 0x0, 0x0,
    0x6, 0xfd, 0x0, 0x0, 0x0, 0xf, 0xf3, 0x6f,
    0xd0, 0x0, 0x0, 0x0, 0xff, 0x36, 0xfd, 0x0,
    0x0, 0x0, 0xf, 0xf3, 0x6f, 0xd0, 0x0, 0x0,
    0x0, 0xff, 0x36, 0xfd, 0x0, 0x0, 0x0, 0xf,
    0xf3, 0x6f, 0xd0, 0x0, 0x0, 0x0, 0xff, 0x36,
    0xfd, 0x0, 0x0, 0x0, 0xf, 0xf3, 0x6f, 0xd0,
    0x0, 0x0, 0x0, 0xff, 0x36, 0xfd, 0x0, 0x0,
    0x0, 0xf, 0xf3, 0x5f, 0xe0, 0x0, 0x0, 0x2,
    0xff, 0x22, 0xff, 0x50, 0x0, 0x0, 0x8f, 0xf0,
    0xb, 0xff, 0x71, 0x2, 0x8f, 0xf8, 0x0, 0x1c,
    0xff, 0xff, 0xff, 0xfa, 0x0, 0x0, 0x6, 0xcf,
    0xfe, 0xb5, 0x0, 0x0,

    /* U+00DD "Ý" */
    0x0, 0x0, 0x0, 0xa, 0xe5, 0x0, 0x0, 0x0,
    0x0, 0x0, 0x3f, 0xb0, 0x0, 0x0, 0x0, 0x0,
    0x0, 0xaf, 0x10, 0x0, 0x0, 0x0, 0x0, 0x0,
    0x0, 0x0, 0x0, 0x0, 0x0, 0x0, 0x0, 0x0,
    0x0, 0x0, 0x0, 0x3f, 0xf6, 0x0, 0x0, 0x0,
    0x7f, 0xf2, 0x8, 0xfe, 0x10, 0x0, 0x1, 0xff,
    0x70, 0x0, 0xdf, 0xa0, 0x0, 0xa, 0xfd, 0x0,
    0x0, 0x4f, 0xf3, 0x0, 0x4f, 0xf3, 0x0, 0x0,
    0xa, 0xfd, 0x0, 0xdf, 0x90, 0x0, 0x0, 0x1,
    0xef, 0x77, 0xfe, 0x0, 0x0, 0x0, 0x0, 0x6f,
    0xee, 0xf5, 0x0, 0x0, 0x0, 0x0, 0xb, 0xff,
    0xb0, 0x0, 0x0, 0x0, 0x0, 0x3, 0xff, 0x20,
    0x0, 0x0, 0x0, 0x0, 0x2, 0xff, 0x10, 0x0,
    0x0, 0x0, 0x0, 0x2, 0xff, 0x10, 0x0, 0x0,
    0x0, 0x0, 0x2, 0xff, 0x10, 0x0, 0x0, 0x0,
    0x0, 0x2, 0xff, 0x10, 0x0, 0x0, 0x0, 0x0,
    0x2, 0xff, 0x10, 0x0, 0x0,

    /* U+00DE "Þ" */
    0x7f, 0xc0, 0x0, 0x0, 0x0, 0x7, 0xfc, 0x0,
    0x0, 0x0, 0x0, 0x7f, 0xfd, 0xdd, 0xb7, 0x10,
    0x7, 0xff, 0xff, 0xff, 0xfe, 0x30, 0x7f, 0xc0,
    0x0, 0x2b, 0xfd, 0x7, 0xfc, 0x0, 0x0, 0xe,
    0xf3, 0x7f, 0xc0, 0x0, 0x0, 0xcf, 0x57, 0xfc,
    0x0, 0x0, 0xe, 0xf3, 0x7f, 0xc0, 0x0, 0x2b,
    0xfd, 0x7, 0xff, 0xff, 0xff, 0xfe, 0x30, 0x7f,
    0xfd, 0xdd, 0xb7, 0x10, 0x7, 0xfc, 0x0, 0x0,
    0x0, 0x0, 0x7f, 0xc0, 0x0, 0x0, 0x0, 0x7,
    0xfc, 0x0, 0x0, 0x0, 0x0,

    /* U+00DF "ß" */
    0x0, 0x6c, 0xff, 0xd8, 0x10, 0x0, 0x9f, 0xff,
    0xef, 0xfd, 0x10, 0x2f, 0xf7, 0x0, 0x4f, 0xf8,
    0x6, 0xfd, 0x0, 0x0, 0x9f, 0xa0, 0x6f, 0xc0,
    0x0, 0x9, 0xf8, 0x6, 0xfc, 0x0, 0x5, 0xfe,
    0x10, 0x6f, 0xc0, 0x7f, 0xfd, 0x20, 0x6, 0xfc,
    0x6, 0xdf, 0xff, 0x60, 0x6f, 0xc0, 0x0, 0x5,
    0xff, 0x36, 0xfc, 0x0, 0x0, 0xa, 0xf8, 0x6f,
    0xc0, 0x0, 0x0, 0xaf, 0x86, 0xfc, 0x0, 0x0,
    0x4f, 0xf5, 0x6f, 0xc0, 0x7e, 0xef, 0xfb, 0x6,
    0xfc, 0x8, 0xff, 0xd7, 0x0,

    /* U+00E0 "à" */
    0x0, 0xd, 0xf4, 0x0, 0x0, 0x0, 0x3, 0xfc,
    0x0, 0x0, 0x0, 0x0, 0x8e, 0x20, 0x0, 0x0,
    0x0, 0x0, 0x0, 0x0, 0x0, 0x29, 0xef, 0xeb,
    0x30, 0x3, 0xff, 0xec, 0xef, 0xf4, 0x9, 0xfa,
    0x0, 0x9, 0xfb, 0x0, 0x0, 0x0, 0x4, 0xfe,
    0x0, 0x1, 0x57, 0x9d, 0xfe, 0x2, 0xcf, 0xff,
    0xfc, 0xfe, 0xe, 0xfb, 0x41, 0x3, 0xfe, 0x2f,
    0xf0, 0x0, 0x5, 0xfe, 0x1f, 0xf3, 0x0, 0x1d,
    0xfe, 0xb, 0xff, 0xcc, 0xfb, 0xfe, 0x0, 0x8e,
    0xfe, 0x73, 0xfe,

    /* U+00E1 "á" */
    0x0, 0x0, 0x3, 0xfe, 0x0, 0x0, 0x0, 0xa,
    0xf4, 0x0, 0x0, 0x0, 0x1e, 0x90, 0x0, 0x0,
    0x0, 0x0, 0x0, 0x0, 0x0, 0x29, 0xef, 0xeb,
    0x30, 0x3, 0xff, 0xec, 0xef, 0xf4, 0x9, 0xfa,
    0x0, 0x9, 0xfb, 0x0, 0x0, 0x0, 0x4, 0xfe,
    0x0, 0x1, 0x57, 0x9d, 0xfe, 0x2, 0xcf, 0xff,
    0xfc, 0xfe, 0xe, 0xfb, 0x41, 0x3, 0xfe, 0x2f,
    0xf0, 0x0, 0x5, 0xfe, 0x1f, 0xf3, 0x0, 0x1d,
    0xfe, 0xb, 0xff, 0xcc, 0xfb, 0xfe, 0x0, 0x8e,
    0xfe, 0x73, 0xfe,

    /* U+00E2 "â" */
    0x0, 0x0, 0x48, 0x50, 0x0, 0x0, 0x4, 0xfe,
    0xf4, 0x0, 0x0, 0x2e, 0xd1, 0xcf, 0x20, 0x0,
    0x58, 0x20, 0x28, 0x50, 0x0, 0x0, 0x0, 0x0,
    0x0, 0x0, 0x29, 0xef, 0xeb, 0x30, 0x3, 0xff,
    0xec, 0xef, 0xf4, 0x9, 0xfa, 0x0, 0x9, 0xfb,
    0x0, 0x0, 0x0, 0x4, 0xfe, 0x0, 0x1, 0x57,
    0x9d, 0xfe, 0x2, 0xcf, 0xff, 0xfc, 0xfe, 0xe,
    0xfb, 0x41, 0x3, 0xfe, 0x2f, 0xf0, 0x0, 0x5,
    0xfe, 0x1f, 0xf3, 0x0, 0x1d, 0xfe, 0xb, 0xff,
    0xcc, 0xfb, 0xfe, 0x0, 0x8e, 0xfe, 0x73, 0xfe,

    /* U+00E3 "ã" */
    0x0, 0x5, 0x74, 0x6, 0x40, 0x0, 0x4f, 0xef,
    0xff, 0x40, 0x0, 0x25, 0x2, 0x53, 0x0, 0x0,
    0x0, 0x0, 0x0, 0x0, 0x0, 0x29, 0xef, 0xeb,
    0x30, 0x3, 0xff, 0xec, 0xef, 0xf4, 0x9, 0xfa,
    0x0, 0x9, 0xfb, 0x0, 0x0, 0x0, 0x4, 0xfe,
    0x0, 0x1, 0x57, 0x9d, 0xfe, 0x2, 0xcf, 0xff,
    0xfc, 0xfe, 0xe, 0xfb, 0x41, 0x3, 0xfe, 0x2f,
    0xf0, 0x0, 0x5, 0xfe, 0x1f, 0xf3, 0x0, 0x1d,
    0xfe, 0xb, 0xff, 0xcc, 0xfb, 0xfe, 0x0, 0x8e,
    0xfe, 0x73, 0xfe,

    /* U+00E4 "ä" */
    0x0, 0x27, 0x10, 0x17, 0x20, 0x0, 0xbf, 0xa0,
    0x8f, 0xd0, 0x0, 0x7f, 0x60, 0x4f, 0x80, 0x0,
    0x0, 0x0, 0x0, 0x0, 0x0, 0x29, 0xef, 0xeb,
    0x30, 0x3, 0xff, 0xec, 0xef, 0xf4, 0x9, 0xfa,
    0x0, 0x9, 0xfb, 0x0, 0x0, 0x0, 0x4, 0xfe,
    0x0, 0x1, 0x57, 0x9d, 0xfe, 0x2, 0xcf, 0xff,
    0xfc, 0xfe, 0xe, 0xfb, 0x41, 0x3, 0xfe, 0x2f,
    0xf0, 0x0, 0x5, 0xfe, 0x1f, 0xf3, 0x0, 0x1d,
    0xfe, 0xb, 0xff, 0xcc, 0xfb, 0xfe, 0x0, 0x8e,
    0xfe, 0x73, 0xfe,

    /* U+00E5 "å" */
    0x0, 0x0, 0x0, 0x0, 0x0, 0x0, 0x2, 0xcf,
    0xd3, 0x0, 0x0, 0xc, 0xc4, 0xbe, 0x0, 0x0,
    0xf, 0x60, 0x4f, 0x20, 0x0, 0xd, 0xb1, 0x9f,
    0x0, 0x0, 0x3, 0xef, 0xf5, 0x0, 0x0, 0x0,
    0x3, 0x10, 0x0, 0x0, 0x29, 0xef, 0xeb, 0x30,
    0x3, 0xff, 0xec, 0xef, 0xf4, 0x9, 0xfa, 0x0,
    0x9, 0xfb, 0x0, 0x0, 0x0, 0x4, 0xfe, 0x0,
    0x1, 0x57, 0x9d, 0xfe, 0x2, 0xcf, 0xff, 0xfc,
    0xfe, 0xe, 0xfb, 0x41, 0x3, 0xfe, 0x2f, 0xf0,
    0x0, 0x5, 0xfe, 0x1f, 0xf3, 0x0, 0x1d, 0xfe,
    0xb, 0xff, 0xcc, 0xfb, 0xfe, 0x0, 0x8e, 0xfe,
    0x73, 0xfe,

    /* U+00E6 "æ" */
    0x0, 0x2a, 0xef, 0xea, 0x20, 0x8e, 0xfe, 0xa2,
    0x0, 0x3, 0xff, 0xfc, 0xef, 0xed, 0xff, 0xce,
    0xff, 0x30, 0x8, 0xfa, 0x0, 0xa, 0xff, 0x90,
    0x0, 0x9f, 0xd0, 0x0, 0x0, 0x0, 0x4, 0xfe,
    0x0, 0x0, 0xe, 0xf3, 0x0, 0x5, 0x89, 0x9b,
    0xfe, 0x99, 0x99, 0x9e, 0xf5, 0x3, 0xef, 0xff,
    0xff, 0xff, 0xff, 0xff, 0xff, 0xf6, 0xe, 0xf9,
    0x20, 0x4, 0xfb, 0x0, 0x0, 0x0, 0x0, 0x2f,
    0xf0, 0x0, 0x5, 0xfe, 0x0, 0x0, 0x3, 0x10,
    0x1f, 0xf3, 0x0, 0x2e, 0xff, 0xa0, 0x0, 0x6f,
    0xf1, 0xa, 0xff, 0xdd, 0xff, 0x6e, 0xff, 0xde,
    0xff, 0x70, 0x0, 0x8e, 0xfe, 0xa2, 0x1, 0x9e,
    0xff, 0xb4, 0x0,

    /* U+00E7 "ç" */
    0x0, 0x6, 0xcf, 0xfc, 0x60, 0x0, 0x9, 0xff,
    0xed, 0xff, 0xa0, 0x5, 0xff, 0x40, 0x3, 0xff,
    0x50, 0xcf, 0x80, 0x0, 0x5, 0x62, 0xf, 0xf3,
    0x0, 0x0, 0x0, 0x0, 0xff, 0x20, 0x0, 0x0,
    0x0, 0xf, 0xf3, 0x0, 0x0, 0x0, 0x0, 0xcf,
    0x80, 0x0, 0x5, 0x73, 0x5, 0xff, 0x40, 0x3,
    0xef, 0x50, 0xa, 0xff, 0xdd, 0xff, 0xa0, 0x0,
    0x6, 0xcf, 0xfc, 0x60, 0x0, 0x0, 0x0, 0x9a,
    0x20, 0x0, 0x0, 0x0, 0x7, 0xbf, 0x30, 0x0,
    0x0, 0x0, 0x12, 0xf5, 0x0, 0x0, 0x0, 0x1f,
    0xfc, 0x10, 0x0,

    /* U+00E8 "è" */
    0x0, 0x7, 0xfa, 0x0, 0x0, 0x0, 0x0, 0xc,
    0xf2, 0x0, 0x0, 0x0, 0x0, 0x2e, 0x80, 0x0,
    0x0, 0x0, 0x0, 0x0, 0x0, 0x0, 0x0, 0x6,
    0xcf, 0xfc, 0x50, 0x0, 0xa, 0xff, 0xdd, 0xff,
    0x90, 0x5, 0xfe, 0x30, 0x3, 0xff, 0x40, 0xcf,
    0x50, 0x0, 0x8, 0xfa, 0xf, 0xfa, 0x99, 0x99,
    0xbf, 0xc0, 0xff, 0xff, 0xff, 0xff, 0xfd, 0xf,
    0xf2, 0x0, 0x0, 0x0, 0x0, 0xcf, 0x60, 0x0,
    0x1, 0x10, 0x5, 0xfe, 0x30, 0x1, 0xdf, 0x70,
    0xa, 0xff, 0xdc, 0xff, 0xd1, 0x0, 0x6, 0xcf,
    0xfd, 0x80, 0x0,

    /* U+00E9 "é" */
    0x0, 0x0, 0x0, 0xdf, 0x50, 0x0, 0x0, 0x0,
    0x4f, 0xa0, 0x0, 0x0, 0x0, 0xa, 0xd1, 0x0,
    0x0, 0x0, 0x0, 0x0, 0x0, 0x0, 0x0, 0x6,
    0xcf, 0xfc, 0x50, 0x0, 0xa, 0xff, 0xdd, 0xff,
    0x90, 0x5, 0xfe, 0x30, 0x3, 0xff, 0x40, 0xcf,
    0x50, 0x0, 0x8, 0xfa, 0xf, 0xfa, 0x99, 0x99,
    0xbf, 0xc0, 0xff, 0xff, 0xff, 0xff, 0xfd, 0xf,
    0xf2, 0x0, 0x0, 0x0, 0x0, 0xcf, 0x60, 0x0,
    0x1, 0x10, 0x5, 0xfe, 0x30, 0x1, 0xdf, 0x70,
    0xa, 0xff, 0xdc, 0xff, 0xd1, 0x0, 0x6, 0xcf,
    0xfd, 0x80, 0x0,

    /* U+00EA "ê" */
    0x0, 0x0, 0x18, 0x70, 0x0, 0x0, 0x0, 0xc,
    0xff, 0xa0, 0x0, 0x0, 0xb, 0xf4, 0x7f, 0x80,
    0x0, 0x2, 0x85, 0x0, 0x67, 0x10, 0x0, 0x0,
    0x0, 0x0, 0x0, 0x0, 0x0, 0x6c, 0xff, 0xc5,
    0x0, 0x0, 0xaf, 0xfd, 0xdf, 0xf9, 0x0, 0x5f,
    0xe3, 0x0, 0x3f, 0xf4, 0xc, 0xf5, 0x0, 0x0,
    0x8f, 0xa0, 0xff, 0xa9, 0x99, 0x9b, 0xfc, 0xf,
    0xff, 0xff, 0xff, 0xff, 0xd0, 0xff, 0x20, 0x0,
    0x0, 0x0, 0xc, 0xf6, 0x0, 0x0, 0x11, 0x0,
    0x5f, 0xe3, 0x0, 0x1d, 0xf7, 0x0, 0xaf, 0xfd,
    0xcf, 0xfd, 0x10, 0x0, 0x6c, 0xff, 0xd8, 0x0,

    /* U+00EB "ë" */
    0x0, 0x6, 0x40, 0x5, 0x50, 0x0, 0x5, 0xff,
    0x2, 0xff, 0x30, 0x0, 0x2e, 0xb0, 0xd, 0xd1,
    0x0, 0x0, 0x0, 0x0, 0x0, 0x0, 0x0, 0x6,
    0xcf, 0xfc, 0x50, 0x0, 0xa, 0xff, 0xdd, 0xff,
    0x90, 0x5, 0xfe, 0x30, 0x3, 0xff, 0x40, 0xcf,
    0x50, 0x0, 0x8, 0xfa, 0xf, 0xfa, 0x99, 0x99,
    0xbf, 0xc0, 0xff, 0xff, 0xff, 0xff, 0xfd, 0xf,
    0xf2, 0x0, 0x0, 0x0, 0x0, 0xcf, 0x60, 0x0,
    0x1, 0x10, 0x5, 0xfe, 0x30, 0x1, 0xdf, 0x70,
    0xa, 0xff, 0xdc, 0xff, 0xd1, 0x0, 0x6, 0xcf,
    0xfd, 0x80, 0x0,

    /* U+00EC "ì" */
    0xd, 0xf4, 0x0, 0x3f, 0xb0, 0x0, 0x8e, 0x20,
    0x0, 0x0, 0x0, 0x8f, 0x90, 0x8, 0xf9, 0x0,
    0x8f, 0x90, 0x8, 0xf9, 0x0, 0x8f, 0x90, 0x8,
    0xf9, 0x0, 0x8f, 0x90, 0x8, 0xf9, 0x0, 0x8f,
    0x90, 0x8, 0xf9, 0x0, 0x8f, 0x90,

    /* U+00ED "í" */
    0x3, 0xfd, 0x0, 0xaf, 0x30, 0x1e, 0x80, 0x0,
    0x0, 0x0, 0x8f, 0x90, 0x8, 0xf9, 0x0, 0x8f,
    0x90, 0x8, 0xf9, 0x0, 0x8f, 0x90, 0x8, 0xf9,
    0x0, 0x8f, 0x90, 0x8, 0xf9, 0x0, 0x8f, 0x90,
    0x8, 0xf9, 0x0, 0x8f, 0x90, 0x0,

    /* U+00EE "î" */
    0x1, 0xdf, 0xd1, 0x1, 0xde, 0x3e, 0xd1, 0x58,
    0x20, 0x28, 0x50, 0x0, 0x0, 0x0, 0x0, 0x8f,
    0x90, 0x0, 0x8, 0xf9, 0x0, 0x0, 0x8f, 0x90,
    0x0, 0x8, 0xf9, 0x0, 0x0, 0x8f, 0x90, 0x0,
    0x8, 0xf9, 0x0, 0x0, 0x8f, 0x90, 0x0, 0x8,
    0xf9, 0x0, 0x0, 0x8f, 0x90, 0x0, 0x8, 0xf9,
    0x0, 0x0, 0x8f, 0x90, 0x0,

    /* U+00EF "ï" */
    0x27, 0x10, 0x17, 0x2c, 0xf9, 0x9, 0xfc, 0x7f,
    0x50, 0x5f, 0x80, 0x0, 0x0, 0x0, 0x0, 0x8f,
    0x90, 0x0, 0x8, 0xf9, 0x0, 0x0, 0x8f, 0x90,
    0x0, 0x8, 0xf9, 0x0, 0x0, 0x8f, 0x90, 0x0,
    0x8, 0xf9, 0x0, 0x0, 0x8f, 0x90, 0x0, 0x8,
    0xf9, 0x0, 0x0, 0x8f, 0x90, 0x0, 0x8, 0xf9,
    0x0, 0x0, 0x8f, 0x90, 0x0,

    /* U+00F0 "ð" */
    0x0, 0x6, 0x50, 0x0, 0x10, 0x0, 0x0, 0xcf,
    0xc3, 0x8f, 0x40, 0x0, 0x0, 0x8f, 0xfd, 0x40,
    0x0, 0x0, 0x9f, 0xce, 0xf3, 0x0, 0x0, 0x9,
    0x40, 0x2f, 0xe1, 0x0, 0x0, 0x27, 0x85, 0x6f,
    0x90, 0x0, 0x6f, 0xff, 0xfc, 0xdf, 0x10, 0x3f,
    0xf6, 0x1, 0x9f, 0xf6, 0xb, 0xf8, 0x0, 0x0,
    0xbf, 0xa0, 0xff, 0x30, 0x0, 0x6, 0xfc, 0xf,
    0xf1, 0x0, 0x0, 0x3f, 0xd0, 0xff, 0x20, 0x0,
    0x4, 0xfb, 0xc, 0xf6, 0x0, 0x0, 0x9f, 0x80,
    0x6f, 0xe2, 0x0, 0x4f, 0xf2, 0x0, 0xbf, 0xfd,
    0xdf, 0xf6, 0x0, 0x0, 0x6d, 0xff, 0xc4, 0x0,

    /* U+00F1 "ñ" */
    0x0, 0x17, 0x62, 0x38, 0x0, 0x0, 0xdf, 0xff,
    0xfc, 0x0, 0x0, 0x52, 0x4, 0x50, 0x0, 0x0,
    0x0, 0x0, 0x0, 0x0, 0x8f, 0x83, 0xcf, 0xfa,
    0x10, 0x8f, 0xaf, 0xdc, 0xff, 0xd0, 0x8f, 0xf5,
    0x0, 0x3f, 0xf5, 0x8f, 0xb0, 0x0, 0xa, 0xf8,
    0x8f, 0x90, 0x0, 0x9, 0xf9, 0x8f, 0x90, 0x0,
    0x9, 0xf9, 0x8f, 0x90, 0x0, 0x9, 0xf9, 0x8f,
    0x90, 0x0, 0x9, 0xf9, 0x8f, 0x90, 0x0, 0x9,
    0xf9, 0x8f, 0x90, 0x0, 0x9, 0xf9, 0x8f, 0x90,
    0x0, 0x9, 0xf9,

    /* U+00F2 "ò" */
    0x0, 0x5, 0xfc, 0x0, 0x0, 0x0, 0x0, 0x0,
    0xbf, 0x30, 0x0, 0x0, 0x0, 0x0, 0x1d, 0x90,
    0x0, 0x0, 0x0, 0x0, 0x0, 0x0, 0x0, 0x0,
    0x0, 0x6, 0xcf, 0xfc, 0x60, 0x0, 0x0, 0x9f,
    0xfe, 0xdf, 0xfa, 0x0, 0x5, 0xff, 0x40, 0x3,
    0xff, 0x60, 0xc, 0xf8, 0x0, 0x0, 0x7f, 0xd0,
    0xf, 0xf3, 0x0, 0x0, 0x2f, 0xf1, 0xf, 0xf2,
    0x0, 0x0, 0xf, 0xf2, 0xf, 0xf3, 0x0, 0x0,
    0x2f, 0xf1, 0xc, 0xf8, 0x0, 0x0, 0x6f, 0xd0,
    0x5, 0xff, 0x40, 0x3, 0xef, 0x70, 0x0, 0xaf,
    0xfd, 0xdf, 0xfb, 0x0, 0x0, 0x6, 0xcf, 0xfc,
    0x60, 0x0,

    /* U+00F3 "ó" */
    0x0, 0x0, 0x0, 0xbf, 0x60, 0x0, 0x0, 0x0,
    0x2, 0xfb, 0x0, 0x0, 0x0, 0x0, 0x8, 0xe2,
    0x0, 0x0, 0x0, 0x0, 0x0, 0x0, 0x0, 0x0,
    0x0, 0x6, 0xcf, 0xfc, 0x60, 0x0, 0x0, 0x9f,
    0xfe, 0xdf, 0xfa, 0x0, 0x5, 0xff, 0x40, 0x3,
    0xff, 0x60, 0xc, 0xf8, 0x0, 0x0, 0x7f, 0xd0,
    0xf, 0xf3, 0x0, 0x0, 0x2f, 0xf1, 0xf, 0xf2,
    0x0, 0x0, 0xf, 0xf2, 0xf, 0xf3, 0x0, 0x0,
    0x2f, 0xf1, 0xc, 0xf8, 0x0, 0x0, 0x6f, 0xd0,
    0x5, 0xff, 0x40, 0x3, 0xef, 0x70, 0x0, 0xaf,
    0xfd, 0xdf, 0xfb, 0x0, 0x0, 0x6, 0xcf, 0xfc,
    0x60, 0x0,

    /* U+00F4 "ô" */
    0x0, 0x0, 0x17, 0x81, 0x0, 0x0, 0x0, 0x0,
    0xbf, 0xfc, 0x0, 0x0, 0x0, 0x9, 0xf6, 0x5f,
    0x90, 0x0, 0x0, 0x18, 0x60, 0x6, 0x81, 0x0,
    0x0, 0x0, 0x0, 0x0, 0x0, 0x0, 0x0, 0x6,
    0xcf, 0xfc, 0x60, 0x0, 0x0, 0x9f, 0xfe, 0xdf,
    0xfa, 0x0, 0x5, 0xff, 0x40, 0x3, 0xff, 0x60,
    0xc, 0xf8, 0x0, 0x0, 0x7f, 0xd0, 0xf, 0xf3,
    0x0, 0x0, 0x2f, 0xf1, 0xf, 0xf2, 0x0, 0x0,
    0xf, 0xf2, 0xf, 0xf3, 0x0, 0x0, 0x2f, 0xf1,
    0xc, 0xf8, 0x0, 0x0, 0x6f, 0xd0, 0x5, 0xff,
    0x40, 0x3, 0xef, 0x70, 0x0, 0xaf, 0xfd, 0xdf,
    0xfb, 0x0, 0x0, 0x6, 0xcf, 0xfc, 0x60, 0x0,

    /* U+00F5 "õ" */
    0x0, 0x1, 0x76, 0x23, 0x80, 0x0, 0x0, 0xc,
    0xff, 0xff, 0xc0, 0x0, 0x0, 0x5, 0x20, 0x45,
    0x0, 0x0, 0x0, 0x0, 0x0, 0x0, 0x0, 0x0,
    0x0, 0x6, 0xcf, 0xfc, 0x60, 0x0, 0x0, 0x9f,
    0xfe, 0xdf, 0xfa, 0x0, 0x5, 0xff, 0x40, 0x3,
    0xff, 0x60, 0xc, 0xf8, 0x0, 0x0, 0x7f, 0xd0,
    0xf, 0xf3, 0x0, 0x0, 0x2f, 0xf1, 0xf, 0xf2,
    0x0, 0x0, 0xf, 0xf2, 0xf, 0xf3, 0x0, 0x0,
    0x2f, 0xf1, 0xc, 0xf8, 0x0, 0x0, 0x6f, 0xd0,
    0x5, 0xff, 0x40, 0x3, 0xef, 0x70, 0x0, 0xaf,
    0xfd, 0xdf, 0xfb, 0x0, 0x0, 0x6, 0xcf, 0xfc,
    0x60, 0x0,

    /* U+00F6 "ö" */
    0x0, 0x5, 0x50, 0x4, 0x60, 0x0, 0x0, 0x4f,
    0xf2, 0x1f, 0xf5, 0x0, 0x0, 0x1d, 0xc0, 0xc,
    0xe2, 0x0, 0x0, 0x0, 0x0, 0x0, 0x0, 0x0,
    0x0, 0x6, 0xcf, 0xfc, 0x60, 0x0, 0x0, 0x9f,
    0xfe, 0xdf, 0xfa, 0x0, 0x5, 0xff, 0x40, 0x3,
    0xff, 0x60, 0xc, 0xf8, 0x0, 0x0, 0x7f, 0xd0,
    0xf, 0xf3, 0x0, 0x0, 0x2f, 0xf1, 0xf, 0xf2,
    0x0, 0x0, 0xf, 0xf2, 0xf, 0xf3, 0x0, 0x0,
    0x2f, 0xf1, 0xc, 0xf8, 0x0, 0x0, 0x6f, 0xd0,
    0x5, 0xff, 0x40, 0x3, 0xef, 0x70, 0x0, 0xaf,
    0xfd, 0xdf, 0xfb, 0x0, 0x0, 0x6, 0xcf, 0xfc,
    0x60, 0x0,

    /* U+00F7 "÷" */
    0x0, 0x0, 0x5f, 0xa0, 0x0, 0x0, 0x0, 0xb,
    0xff, 0x10, 0x0, 0x0, 0x0, 0x4c, 0x70, 0x0,
    0x0, 0x0, 0x0, 0x0, 0x0, 0x0, 0xe, 0xee,
    0xee, 0xee, 0xee, 0x50, 0xff, 0xff, 0xff, 0xff,
    0xf6, 0x0, 0x0, 0x0, 0x0, 0x0, 0x0, 0x0,
    0x4, 0xc7, 0x0, 0x0, 0x0, 0x0, 0xbf, 0xf1,
    0x0, 0x0, 0x0, 0x5, 0xfa, 0x0, 0x0,

    /* U+00F8 "ø" */
    0x0, 0x0, 0x0, 0x0, 0x0, 0x10, 0x0, 0x6,
    0xcf, 0xfc, 0x67, 0xe1, 0x0, 0x9f, 0xfe, 0xdf,
    0xff, 0x70, 0x5, 0xff, 0x40, 0x7, 0xff, 0x60,
    0xc, 0xf8, 0x0, 0x2e, 0xef, 0xd0, 0xf, 0xf3,
    0x1, 0xdc, 0x3f, 0xf1, 0xf, 0xf2, 0xc, 0xe1,
    0xf, 0xf2, 0xf, 0xf3, 0xaf, 0x20, 0x2f, 0xf1,
    0xc, 0xfd, 0xf4, 0x0, 0x6f, 0xd0, 0x5, 0xff,
    0x90, 0x3, 0xef, 0x70, 0x4, 0xff, 0xfd, 0xdf,
    0xfb, 0x0, 0xe, 0xa6, 0xcf, 0xfc, 0x60, 0x0,
    0x2, 0x0, 0x0, 0x0, 0x0, 0x0,

    /* U+00F9 "ù" */
    0x0, 0x6f, 0xb0, 0x0, 0x0, 0x0, 0xb, 0xf3,
    0x0, 0x0, 0x0, 0x1, 0xd9, 0x0, 0x0, 0x0,
    0x0, 0x0, 0x0, 0x0, 0x8f, 0x90, 0x0, 0x9,
    0xf9, 0x8f, 0x90, 0x0, 0x9, 0xf9, 0x8f, 0x90,
    0x0, 0x9, 0xf9, 0x8f, 0x90, 0x0, 0x9, 0xf9,
    0x8f, 0x90, 0x0, 0x9, 0xf9, 0x8f, 0x90, 0x0,
    0x9, 0xf9, 0x8f, 0x90, 0x0, 0x9, 0xf9, 0x8f,
    0xb0, 0x0, 0xb, 0xf9, 0x5f, 0xf5, 0x0, 0x6f,
    0xf9, 0xd, 0xff, 0xef, 0xf9, 0xf9, 0x1, 0xaf,
    0xfc, 0x37, 0xf9,

    /* U+00FA "ú" */
    0x0, 0x0, 0xb, 0xf6, 0x0, 0x0, 0x0, 0x3f,
    0xb0, 0x0, 0x0, 0x0, 0x9d, 0x10, 0x0, 0x0,
    0x0, 0x0, 0x0, 0x0, 0x8f, 0x90, 0x0, 0x9,
    0xf9, 0x8f, 0x90, 0x0, 0x9, 0xf9, 0x8f, 0x90,
    0x0, 0x9, 0xf9, 0x8f, 0x90, 0x0, 0x9, 0xf9,
    0x8f, 0x90, 0x0, 0x9, 0xf9, 0x8f, 0x90, 0x0,
    0x9, 0xf9, 0x8f, 0x90, 0x0, 0x9, 0xf9, 0x8f,
    0xb0, 0x0, 0xb, 0xf9, 0x5f, 0xf5, 0x0, 0x6f,
    0xf9, 0xd, 0xff, 0xef, 0xf9, 0xf9, 0x1, 0xaf,
    0xfc, 0x37, 0xf9,

    /* U+00FB "û" */
    0x0, 0x1, 0x77, 0x10, 0x0, 0x0, 0xb, 0xff,
    0xc0, 0x0, 0x0, 0x9f, 0x65, 0xf9, 0x0, 0x1,
    0x86, 0x0, 0x68, 0x10, 0x0, 0x0, 0x0, 0x0,
    0x0, 0x8f, 0x90, 0x0, 0x9, 0xf9, 0x8f, 0x90,
    0x0, 0x9, 0xf9, 0x8f, 0x90, 0x0, 0x9, 0xf9,
    0x8f, 0x90, 0x0, 0x9, 0xf9, 0x8f, 0x90, 0x0,
    0x9, 0xf9, 0x8f, 0x90, 0x0, 0x9, 0xf9, 0x8f,
    0x90, 0x0, 0x9, 0xf9, 0x8f, 0xb0, 0x0, 0xb,
    0xf9, 0x5f, 0xf5, 0x0, 0x6f, 0xf9, 0xd, 0xff,
    0xef, 0xf9, 0xf9, 0x1, 0xaf, 0xfc, 0x37, 0xf9,

    /* U+00FC "ü" */
    0x0, 0x64, 0x0, 0x46, 0x0, 0x4, 0xff, 0x11,
    0xff, 0x40, 0x1, 0xdc, 0x0, 0xce, 0x10, 0x0,
    0x0, 0x0, 0x0, 0x0, 0x8f, 0x90, 0x0, 0x9,
    0xf9, 0x8f, 0x90, 0x0, 0x9, 0xf9, 0x8f, 0x90,
    0x0, 0x9, 0xf9, 0x8f, 0x90, 0x0, 0x9, 0xf9,
    0x8f, 0x90, 0x0, 0x9, 0xf9, 0x8f, 0x90, 0x0,
    0x9, 0xf9, 0x8f, 0x90, 0x0, 0x9, 0xf9, 0x8f,
    0xb0, 0x0, 0xb, 0xf9, 0x5f, 0xf5, 0x0, 0x6f,
    0xf9, 0xd, 0xff, 0xef, 0xf9, 0xf9, 0x1, 0xaf,
    0xfc, 0x37, 0xf9,

    /* U+00FD "ý" */
    0x0, 0x0, 0x0, 0xef, 0x20, 0x0, 0x0, 0x0,
    0x7, 0xf7, 0x0, 0x0, 0x0, 0x0, 0xc, 0xb0,
    0x0, 0x0, 0x0, 0x0, 0x0, 0x0, 0x0, 0x0,
    0x5f, 0xe0, 0x0, 0x0, 0x6f, 0xd0, 0xf, 0xf4,
    0x0, 0x0, 0xcf, 0x70, 0x9, 0xfa, 0x0, 0x2,
    0xff, 0x10, 0x3, 0xff, 0x0, 0x8, 0xfb, 0x0,
    0x0, 0xdf, 0x50, 0xd, 0xf5, 0x0, 0x0, 0x7f,
    0xb0, 0x3f, 0xe0, 0x0, 0x0, 0x1f, 0xf1, 0x9f,
    0x90, 0x0, 0x0, 0xb, 0xf5, 0xdf, 0x20, 0x0,
    0x0, 0x5, 0xfc, 0xfc, 0x0, 0x0, 0x0, 0x0,
    0xef, 0xf6, 0x0, 0x0, 0x0, 0x0, 0x9f, 0xf1,
    0x0, 0x0, 0x0, 0x0, 0x9f, 0xa0, 0x0, 0x0,
    0x0, 0x1, 0xef, 0x40, 0x0, 0x0, 0x5, 0xdf,
    0xfb, 0x0, 0x0, 0x0, 0x8, 0xfe, 0x90, 0x0,
    0x0, 0x0,

    /* U+00FE "þ" */
    0x8f, 0x90, 0x0, 0x0, 0x0, 0x8, 0xf9, 0x0,
    0x0, 0x0, 0x0, 0x8f, 0x90, 0x0, 0x0, 0x0,
    0x8, 0xf9, 0x3c, 0xff, 0xb2, 0x0, 0x8f, 0xbe,
    0xfd, 0xff, 0xf3, 0x8, 0xff, 0x90, 0x1, 0xcf,
    0xc0, 0x8f, 0xe0, 0x0, 0x2, 0xff, 0x28, 0xfa,
    0x0, 0x0, 0xd, 0xf5, 0x8f, 0x90, 0x0, 0x0,
    0xcf, 0x68, 0xfa, 0x0, 0x0, 0xd, 0xf5, 0x8f,
    0xe0, 0x0, 0x2, 0xff, 0x28, 0xff, 0xa0, 0x1,
    0xcf, 0xc0, 0x8f, 0xbe, 0xfd, 0xff, 0xf3, 0x8,
    0xf9, 0x2c, 0xff, 0xa2, 0x0, 0x8f, 0x90, 0x0,
    0x0, 0x0, 0x8, 0xf9, 0x0, 0x0, 0x0, 0x0,
    0x8f, 0x90, 0x0, 0x0, 0x0, 0x8, 0xf9, 0x0,
    0x0, 0x0, 0x0,

    /* U+00FF "ÿ" */
    0x0, 0x7, 0x30, 0x6, 0x40, 0x0, 0x0, 0x8f,
    0xd0, 0x5f, 0xf0, 0x0, 0x0, 0x4f, 0x90, 0x2e,
    0xb0, 0x0, 0x0, 0x0, 0x0, 0x0, 0x0, 0x0,
    0x5f, 0xe0, 0x0, 0x0, 0x6f, 0xd0, 0xf, 0xf4,
    0x0, 0x0, 0xcf, 0x70, 0x9, 0xfa, 0x0, 0x2,
    0xff, 0x10, 0x3, 0xff, 0x0, 0x8, 0xfb, 0x0,
    0x0, 0xdf, 0x50, 0xd, 0xf5, 0x0, 0x0, 0x7f,
    0xb0, 0x3f, 0xe0, 0x0, 0x0, 0x1f, 0xf1, 0x9f,
    0x90, 0x0, 0x0, 0xb, 0xf5, 0xdf, 0x20, 0x0,
    0x0, 0x5, 0xfc, 0xfc, 0x0, 0x0, 0x0, 0x0,
    0xef, 0xf6, 0x0, 0x0, 0x0, 0x0, 0x9f, 0xf1,
    0x0, 0x0, 0x0, 0x0, 0x9f, 0xa0, 0x0, 0x0,
    0x0, 0x1, 0xef, 0x40, 0x0, 0x0, 0x5, 0xdf,
    0xfb, 0x0, 0x0, 0x0, 0x8, 0xfe, 0x90, 0x0,
    0x0, 0x0,

    /* U+2013 "–" */
    0xdd, 0xdd, 0xdd, 0xdd, 0xdd, 0xff, 0xff, 0xff,
    0xff, 0xff,

    /* U+2014 "—" */
    0xdd, 0xdd, 0xdd, 0xdd, 0xdd, 0xdd, 0xdd, 0xdd,
    0xdd, 0xdd, 0xff, 0xff, 0xff, 0xff, 0xff, 0xff,
    0xff, 0xff, 0xff, 0xff,

    /* U+2018 "‘" */
    0x0, 0xfa, 0x3, 0xf8, 0x8, 0xf5, 0xc, 0xf3,
    0x1f, 0xf1, 0x3b, 0xa0,

    /* U+2019 "’" */
    0x6, 0xb7, 0xb, 0xf6, 0xe, 0xf2, 0xf, 0xd0,
    0x3f, 0x90, 0x5f, 0x40,

    /* U+201C "“" */
    0x0, 0xfa, 0x0, 0xf9, 0x3, 0xf8, 0x4, 0xf7,
    0x8, 0xf5, 0x9, 0xf4, 0xc, 0xf3, 0xd, 0xf2,
    0x1f, 0xf1, 0x2f, 0xf0, 0x3b, 0xa0, 0x4b, 0x90,

    /* U+201D "”" */
    0x6, 0xb7, 0x8, 0xb5, 0xb, 0xf6, 0xd, 0xf4,
    0xe, 0xf2, 0xf, 0xf0, 0xf, 0xd0, 0x2f, 0xb0,
    0x3f, 0x90, 0x5f, 0x70, 0x5f, 0x40, 0x7f, 0x20,

    /* U+2022 "•" */
    0x0, 0x13, 0x0, 0x0, 0x9f, 0xff, 0x50, 0x7f,
    0xff, 0xff, 0x2c, 0xff, 0xff, 0xf6, 0xbf, 0xff,
    0xff, 0x65, 0xff, 0xff, 0xe1, 0x6, 0xdf, 0xc2,
    0x0,

    /* U+2026 "…" */
    0x1b, 0xb1, 0x0, 0xa, 0xc2, 0x0, 0xa, 0xc2,
    0x6f, 0xf7, 0x0, 0x5f, 0xf7, 0x0, 0x3f, 0xf9,
    0x1d, 0xe2, 0x0, 0x1d, 0xe3, 0x0, 0xc, 0xe4,

    /* U+2212 "−" */
    0xe, 0xee, 0xee, 0xee, 0xee, 0x50, 0xff, 0xff,
    0xff, 0xff, 0xf6, 0x0, 0x0, 0x0, 0x0, 0x0,
    0x0
};


/*---------------------
 *  GLYPH DESCRIPTION
 *--------------------*/

static const lv_font_fmt_txt_glyph_dsc_t glyph_dsc[] = {
    {.bitmap_index = 0, .adv_w = 0, .box_w = 0, .box_h = 0, .ofs_x = 0, .ofs_y = 0} /* id = 0 reserved */,
    {.bitmap_index = 0, .adv_w = 85, .box_w = 0, .box_h = 0, .ofs_x = 0, .ofs_y = 0},
    {.bitmap_index = 0, .adv_w = 97, .box_w = 4, .box_h = 14, .ofs_x = 1, .ofs_y = 0},
    {.bitmap_index = 28, .adv_w = 158, .box_w = 6, .box_h = 6, .ofs_x = 2, .ofs_y = 8},
    {.bitmap_index = 46, .adv_w = 204, .box_w = 13, .box_h = 14, .ofs_x = 0, .ofs_y = 0},
    {.bitmap_index = 137, .adv_w = 207, .box_w = 11, .box_h = 19, .ofs_x = 1, .ofs_y = -2},
    {.bitmap_index = 242, .adv_w = 318, .box_w = 16, .box_h = 14, .ofs_x = 2, .ofs_y = 0},
    {.bitmap_index = 354, .adv_w = 209, .box_w = 13, .box_h = 14, .ofs_x = 0, .ofs_y = 0},
    {.bitmap_index = 445, .adv_w = 100, .box_w = 3, .box_h = 6, .ofs_x = 2, .ofs_y = 8},
    {.bitmap_index = 454, .adv_w = 118, .box_w = 6, .box_h = 19, .ofs_x = 1, .ofs_y = -3},
    {.bitmap_index = 511, .adv_w = 118, .box_w = 6, .box_h = 19, .ofs_x = 0, .ofs_y = -3},
    {.bitmap_index = 568, .adv_w = 167, .box_w = 9, .box_h = 9, .ofs_x = 1, .ofs_y = 5},
    {.bitmap_index = 609, .adv_w = 214, .box_w = 11, .box_h = 10, .ofs_x = 1, .ofs_y = 1},
    {.bitmap_index = 664, .adv_w = 97, .box_w = 4, .box_h = 6, .ofs_x = 1, .ofs_y = -4},
    {.bitmap_index = 676, .adv_w = 148, .box_w = 7, .box_h = 2, .ofs_x = 1, .ofs_y = 5},
    {.bitmap_index = 683, .adv_w = 97, .box_w = 4, .box_h = 3, .ofs_x = 1, .ofs_y = 0},
    {.bitmap_index = 689, .adv_w = 118, .box_w = 7, .box_h = 18, .ofs_x = 0, .ofs_y = -2},
    {.bitmap_index = 752, .adv_w = 207, .box_w = 11, .box_h = 14, .ofs_x = 1, .ofs_y = 0},
    {.bitmap_index = 829, .adv_w = 133, .box_w = 7, .box_h = 14, .ofs_x = 0, .ofs_y = 0},
    {.bitmap_index = 878, .adv_w = 197, .box_w = 11, .box_h = 14, .ofs_x = 1, .ofs_y = 0},
    {.bitmap_index = 955, .adv_w = 201, .box_w = 11, .box_h = 14, .ofs_x = 1, .ofs_y = 0},
    {.bitmap_index = 1032, .adv_w = 210, .box_w = 12, .box_h = 14, .ofs_x = 1, .ofs_y = 0},
    {.bitmap_index = 1116, .adv_w = 193, .box_w = 10, .box_h = 14, .ofs_x = 1, .ofs_y = 0},
    {.bitmap_index = 1186, .adv_w = 202, .box_w = 11, .box_h = 14, .ofs_x = 1, .ofs_y = 0},
    {.bitmap_index = 1263, .adv_w = 183, .box_w = 11, .box_h = 14, .ofs_x = 0, .ofs_y = 0},
    {.bitmap_index = 1340, .adv_w = 201, .box_w = 11, .box_h = 14, .ofs_x = 1, .ofs_y = 0},
    {.bitmap_index = 1417, .adv_w = 202, .box_w = 11, .box_h = 14, .ofs_x = 1, .ofs_y = 0},
    {.bitmap_index = 1494, .adv_w = 97, .box_w = 4, .box_h = 11, .ofs_x = 1, .ofs_y = 0},
    {.bitmap_index = 1516, .adv_w = 101, .box_w = 4, .box_h = 14, .ofs_x = 1, .ofs_y = -4},
    {.bitmap_index = 1544, .adv_w = 214, .box_w = 11, .box_h = 12, .ofs_x = 1, .ofs_y = 0},
    {.bitmap_index = 1610, .adv_w = 214, .box_w = 10, .box_h = 6, .ofs_x = 2, .ofs_y = 3},
    {.bitmap_index = 1640, .adv_w = 214, .box_w = 10, .box_h = 12, .ofs_x = 2, .ofs_y = 0},
    {.bitmap_index = 1700, .adv_w = 169, .box_w = 10, .box_h = 14, .ofs_x = 0, .ofs_y = 0},
    {.bitmap_index = 1770, .adv_w = 314, .box_w = 18, .box_h = 18, .ofs_x = 1, .ofs_y = -4},
    {.bitmap_index = 1932, .adv_w = 227, .box_w = 14, .box_h = 14, .ofs_x = 0, .ofs_y = 0},
    {.bitmap_index = 2030, .adv_w = 210, .box_w = 12, .box_h = 14, .ofs_x = 1, .ofs_y = 0},
    {.bitmap_index = 2114, .adv_w = 235, .box_w = 13, .box_h = 14, .ofs_x = 1, .ofs_y = 0},
    {.bitmap_index = 2205, .adv_w = 231, .box_w = 13, .box_h = 14, .ofs_x = 1, .ofs_y = 0},
    {.bitmap_index = 2296, .adv_w = 193, .box_w = 10, .box_h = 14, .ofs_x = 1, .ofs_y = 0},
    {.bitmap_index = 2366, .adv_w = 189, .box_w = 10, .box_h = 14, .ofs_x = 1, .ofs_y = 0},
    {.bitmap_index = 2436, .adv_w = 239, .box_w = 13, .box_h = 14, .ofs_x = 1, .ofs_y = 0},
    {.bitmap_index = 2527, .adv_w = 238, .box_w = 13, .box_h = 14, .ofs_x = 1, .ofs_y = 0},
    {.bitmap_index = 2618, .adv_w = 87, .box_w = 3, .box_h = 14, .ofs_x = 1, .ofs_y = 0},
    {.bitmap_index = 2639, .adv_w = 184, .box_w = 10, .box_h = 14, .ofs_x = 0, .ofs_y = 0},
    {.bitmap_index = 2709, .adv_w = 220, .box_w = 13, .box_h = 14, .ofs_x = 1, .ofs_y = 0},
    {.bitmap_index = 2800, .adv_w = 181, .box_w = 10, .box_h = 14, .ofs_x = 1, .ofs_y = 0},
    {.bitmap_index = 2870, .adv_w = 292, .box_w = 16, .box_h = 14, .ofs_x = 1, .ofs_y = 0},
    {.bitmap_index = 2982, .adv_w = 242, .box_w = 13, .box_h = 14, .ofs_x = 1, .ofs_y = 0},
    {.bitmap_index = 3073, .adv_w = 245, .box_w = 14, .box_h = 14, .ofs_x = 1, .ofs_y = 0},
    {.bitmap_index = 3171, .adv_w = 205, .box_w = 11, .box_h = 14, .ofs_x = 1, .ofs_y = 0},
    {.bitmap_index = 3248, .adv_w = 246, .box_w = 14, .box_h = 15, .ofs_x = 1, .ofs_y = -1},
    {.bitmap_index = 3353, .adv_w = 207, .box_w = 12, .box_h = 14, .ofs_x = 1, .ofs_y = 0},
    {.bitmap_index = 3437, .adv_w = 207, .box_w = 11, .box_h = 14, .ofs_x = 1, .ofs_y = 0},
    {.bitmap_index = 3514, .adv_w = 209, .box_w = 13, .box_h = 14, .ofs_x = 0, .ofs_y = 0},
    {.bitmap_index = 3605, .adv_w = 237, .box_w = 13, .box_h = 14, .ofs_x = 1, .ofs_y = 0},
    {.bitmap_index = 3696, .adv_w = 227, .box_w = 14, .box_h = 14, .ofs_x = 0, .ofs_y = 0},
    {.bitmap_index = 3794, .adv_w = 321, .box_w = 20, .box_h = 14, .ofs_x = 0, .ofs_y = 0},
    {.bitmap_index = 3934, .adv_w = 224, .box_w = 14, .box_h = 14, .ofs_x = 0, .ofs_y = 0},
    {.bitmap_index = 4032, .adv_w = 223, .box_w = 14, .box_h = 14, .ofs_x = 0, .ofs_y = 0},
    {.bitmap_index = 4130, .adv_w = 205, .box_w = 11, .box_h = 14, .ofs_x = 1, .ofs_y = 0},
    {.bitmap_index = 4207, .adv_w = 118, .box_w = 5, .box_h = 18, .ofs_x = 2, .ofs_y = -3},
    {.bitmap_index = 4252, .adv_w = 118, .box_w = 7, .box_h = 18, .ofs_x = 0, .ofs_y = -2},
    {.bitmap_index = 4315, .adv_w = 118, .box_w = 5, .box_h = 18, .ofs_x = 1, .ofs_y = -3},
    {.bitmap_index = 4360, .adv_w = 153, .box_w = 9, .box_h = 7, .ofs_x = 0, .ofs_y = 7},
    {.bitmap_index = 4392, .adv_w = 148, .box_w = 10, .box_h = 2, .ofs_x = 0, .ofs_y = -2},
    {.bitmap_index = 4402, .adv_w = 108, .box_w = 5, .box_h = 3, .ofs_x = 1, .ofs_y = 12},
    {.bitmap_index = 4410, .adv_w = 182, .box_w = 10, .box_h = 11, .ofs_x = 0, .ofs_y = 0},
    {.bitmap_index = 4465, .adv_w = 198, .box_w = 11, .box_h = 14, .ofs_x = 1, .ofs_y = 0},
    {.bitmap_index = 4542, .adv_w = 185, .box_w = 11, .box_h = 11, .ofs_x = 0, .ofs_y = 0},
    {.bitmap_index = 4603, .adv_w = 198, .box_w = 11, .box_h = 14, .ofs_x = 0, .ofs_y = 0},
    {.bitmap_index = 4680, .adv_w = 188, .box_w = 11, .box_h = 11, .ofs_x = 0, .ofs_y = 0},
    {.bitmap_index = 4741, .adv_w = 121, .box_w = 8, .box_h = 15, .ofs_x = 0, .ofs_y = 0},
    {.bitmap_index = 4801, .adv_w = 198, .box_w = 11, .box_h = 15, .ofs_x = 0, .ofs_y = -4},
    {.bitmap_index = 4884, .adv_w = 193, .box_w = 10, .box_h = 14, .ofs_x = 1, .ofs_y = 0},
    {.bitmap_index = 4954, .adv_w = 81, .box_w = 3, .box_h = 15, .ofs_x = 1, .ofs_y = 0},
    {.bitmap_index = 4977, .adv_w = 81, .box_w = 5, .box_h = 19, .ofs_x = -1, .ofs_y = -4},
    {.bitmap_index = 5025, .adv_w = 179, .box_w = 10, .box_h = 14, .ofs_x = 1, .ofs_y = 0},
    {.bitmap_index = 5095, .adv_w = 81, .box_w = 3, .box_h = 14, .ofs_x = 1, .ofs_y = 0},
    {.bitmap_index = 5116, .adv_w = 284, .box_w = 16, .box_h = 11, .ofs_x = 1, .ofs_y = 0},
    {.bitmap_index = 5204, .adv_w = 193, .box_w = 10, .box_h = 11, .ofs_x = 1, .ofs_y = 0},
    {.bitmap_index = 5259, .adv_w = 193, .box_w = 12, .box_h = 11, .ofs_x = 0, .ofs_y = 0},
    {.bitmap_index = 5325, .adv_w = 198, .box_w = 11, .box_h = 15, .ofs_x = 1, .ofs_y = -4},
    {.bitmap_index = 5408, .adv_w = 198, .box_w = 11, .box_h = 15, .ofs_x = 0, .ofs_y = -4},
    {.bitmap_index = 5491, .adv_w = 124, .box_w = 7, .box_h = 12, .ofs_x = 1, .ofs_y = 0},
    {.bitmap_index = 5533, .adv_w = 172, .box_w = 10, .box_h = 11, .ofs_x = 0, .ofs_y = 0},
    {.bitmap_index = 5588, .adv_w = 109, .box_w = 7, .box_h = 14, .ofs_x = 0, .ofs_y = 0},
    {.bitmap_index = 5637, .adv_w = 193, .box_w = 10, .box_h = 11, .ofs_x = 1, .ofs_y = 0},
    {.bitmap_index = 5692, .adv_w = 184, .box_w = 12, .box_h = 11, .ofs_x = 0, .ofs_y = 0},
    {.bitmap_index = 5758, .adv_w = 265, .box_w = 17, .box_h = 11, .ofs_x = 0, .ofs_y = 0},
    {.bitmap_index = 5852, .adv_w = 178, .box_w = 11, .box_h = 11, .ofs_x = 0, .ofs_y = 0},
    {.bitmap_index = 5913, .adv_w = 184, .box_w = 12, .box_h = 15, .ofs_x = 0, .ofs_y = -4},
    {.bitmap_index = 6003, .adv_w = 179, .box_w = 9, .box_h = 11, .ofs_x = 1, .ofs_y = 0},
    {.bitmap_index = 6053, .adv_w = 141, .box_w = 7, .box_h = 19, .ofs_x = 1, .ofs_y = -4},
    {.bitmap_index = 6120, .adv_w = 111, .box_w = 3, .box_h = 24, .ofs_x = 2, .ofs_y = -5},
    {.bitmap_index = 6156, .adv_w = 141, .box_w = 7, .box_h = 19, .ofs_x = 1, .ofs_y = -4},
    {.bitmap_index = 6223, .adv_w = 214, .box_w = 11, .box_h = 4, .ofs_x = 1, .ofs_y = 4},
    {.bitmap_index = 6245, .adv_w = 85, .box_w = 0, .box_h = 0, .ofs_x = 0, .ofs_y = 0},
    {.bitmap_index = 6245, .adv_w = 97, .box_w = 4, .box_h = 15, .ofs_x = 1, .ofs_y = -4},
    {.bitmap_index = 6275, .adv_w = 185, .box_w = 11, .box_h = 14, .ofs_x = 0, .ofs_y = 0},
    {.bitmap_index = 6352, .adv_w = 198, .box_w = 11, .box_h = 14, .ofs_x = 1, .ofs_y = 0},
    {.bitmap_index = 6429, .adv_w = 236, .box_w = 13, .box_h = 13, .ofs_x = 1, .ofs_y = 0},
    {.bitmap_index = 6514, .adv_w = 178, .box_w = 11, .box_h = 14, .ofs_x = 0, .ofs_y = 0},
    {.bitmap_index = 6591, .adv_w = 94, .box_w = 3, .box_h = 17, .ofs_x = 1, .ofs_y = -3},
    {.bitmap_index = 6617, .adv_w = 182, .box_w = 10, .box_h = 18, .ofs_x = 1, .ofs_y = -4},
    {.bitmap_index = 6707, .adv_w = 193, .box_w = 8, .box_h = 3, .ofs_x = 2, .ofs_y = 13},
    {.bitmap_index = 6719, .adv_w = 293, .box_w = 16, .box_h = 15, .ofs_x = 1, .ofs_y = 0},
    {.bitmap_index = 6839, .adv_w = 146, .box_w = 9, .box_h = 8, .ofs_x = 0, .ofs_y = 7},
    {.bitmap_index = 6875, .adv_w = 195, .box_w = 12, .box_h = 10, .ofs_x = 0, .ofs_y = 1},
    {.bitmap_index = 6935, .adv_w = 214, .box_w = 9, .box_h = 5, .ofs_x = 2, .ofs_y = 3},
    {.bitmap_index = 6958, .adv_w = 213, .box_w = 13, .box_h = 13, .ofs_x = 0, .ofs_y = 3},
    {.bitmap_index = 7043, .adv_w = 149, .box_w = 7, .box_h = 2, .ofs_x = 1, .ofs_y = 13},
    {.bitmap_index = 7050, .adv_w = 146, .box_w = 7, .box_h = 7, .ofs_x = 1, .ofs_y = 8},
    {.bitmap_index = 7075, .adv_w = 214, .box_w = 11, .box_h = 10, .ofs_x = 1, .ofs_y = 1},
    {.bitmap_index = 7130, .adv_w = 143, .box_w = 7, .box_h = 8, .ofs_x = 1, .ofs_y = 9},
    {.bitmap_index = 7158, .adv_w = 145, .box_w = 9, .box_h = 8, .ofs_x = 0, .ofs_y = 9},
    {.bitmap_index = 7194, .adv_w = 108, .box_w = 5, .box_h = 3, .ofs_x = 1, .ofs_y = 12},
    {.bitmap_index = 7202, .adv_w = 192, .box_w = 11, .box_h = 15, .ofs_x = 1, .ofs_y = -4},
    {.bitmap_index = 7285, .adv_w = 192, .box_w = 11, .box_h = 14, .ofs_x = 0, .ofs_y = 0},
    {.bitmap_index = 7362, .adv_w = 97, .box_w = 4, .box_h = 3, .ofs_x = 1, .ofs_y = 5},
    {.bitmap_index = 7368, .adv_w = 96, .box_w = 5, .box_h = 6, .ofs_x = 1, .ofs_y = -5},
    {.bitmap_index = 7383, .adv_w = 100, .box_w = 5, .box_h = 8, .ofs_x = 1, .ofs_y = 9},
    {.bitmap_index = 7403, .adv_w = 155, .box_w = 9, .box_h = 8, .ofs_x = 0, .ofs_y = 7},
    {.bitmap_index = 7439, .adv_w = 195, .box_w = 12, .box_h = 10, .ofs_x = 0, .ofs_y = 1},
    {.bitmap_index = 7499, .adv_w = 261, .box_w = 16, .box_h = 15, .ofs_x = 0, .ofs_y = -1},
    {.bitmap_index = 7619, .adv_w = 275, .box_w = 17, .box_h = 16, .ofs_x = 0, .ofs_y = -1},
    {.bitmap_index = 7755, .adv_w = 286, .box_w = 18, .box_h = 16, .ofs_x = 0, .ofs_y = -1},
    {.bitmap_index = 7899, .adv_w = 169, .box_w = 10, .box_h = 15, .ofs_x = 0, .ofs_y = -4},
    {.bitmap_index = 7974, .adv_w = 227, .box_w = 14, .box_h = 19, .ofs_x = 0, .ofs_y = 0},
    {.bitmap_index = 8107, .adv_w = 227, .box_w = 14, .box_h = 19, .ofs_x = 0, .ofs_y = 0},
    {.bitmap_index = 8240, .adv_w = 227, .box_w = 14, .box_h = 19, .ofs_x = 0, .ofs_y = 0},
    {.bitmap_index = 8373, .adv_w = 227, .box_w = 14, .box_h = 19, .ofs_x = 0, .ofs_y = 0},
    {.bitmap_index = 8506, .adv_w = 227, .box_w = 14, .box_h = 19, .ofs_x = 0, .ofs_y = 0},
    {.bitmap_index = 8639, .adv_w = 227, .box_w = 14, .box_h = 21, .ofs_x = 0, .ofs_y = 0},
    {.bitmap_index = 8786, .adv_w = 321, .box_w = 19, .box_h = 14, .ofs_x = 0, .ofs_y = 0},
    {.bitmap_index = 8919, .adv_w = 235, .box_w = 13, .box_h = 18, .ofs_x = 1, .ofs_y = -4},
    {.bitmap_index = 9036, .adv_w = 193, .box_w = 10, .box_h = 19, .ofs_x = 1, .ofs_y = 0},
    {.bitmap_index = 9131, .adv_w = 193, .box_w = 10, .box_h = 19, .ofs_x = 1, .ofs_y = 0},
    {.bitmap_index = 9226, .adv_w = 193, .box_w = 10, .box_h = 19, .ofs_x = 1, .ofs_y = 0},
    {.bitmap_index = 9321, .adv_w = 193, .box_w = 10, .box_h = 19, .ofs_x = 1, .ofs_y = 0},
    {.bitmap_index = 9416, .adv_w = 87, .box_w = 4, .box_h = 19, .ofs_x = 0, .ofs_y = 0},
    {.bitmap_index = 9454, .adv_w = 87, .box_w = 5, .box_h = 19, .ofs_x = 1, .ofs_y = 0},
    {.bitmap_index = 9502, .adv_w = 87, .box_w = 8, .box_h = 19, .ofs_x = -1, .ofs_y = 0},
    {.bitmap_index = 9578, .adv_w = 87, .box_w = 8, .box_h = 19, .ofs_x = -1, .ofs_y = 0},
    {.bitmap_index = 9654, .adv_w = 238, .box_w = 14, .box_h = 14, .ofs_x = 0, .ofs_y = 0},
    {.bitmap_index = 9752, .adv_w = 242, .box_w = 13, .box_h = 19, .ofs_x = 1, .ofs_y = 0},
    {.bitmap_index = 9876, .adv_w = 245, .box_w = 14, .box_h = 19, .ofs_x = 1, .ofs_y = 0},
    {.bitmap_index = 10009, .adv_w = 245, .box_w = 14, .box_h = 19, .ofs_x = 1, .ofs_y = 0},
    {.bitmap_index = 10142, .adv_w = 245, .box_w = 14, .box_h = 19, .ofs_x = 1, .ofs_y = 0},
    {.bitmap_index = 10275, .adv_w = 245, .box_w = 14, .box_h = 20, .ofs_x = 1, .ofs_y = 0},
    {.bitmap_index = 10415, .adv_w = 245, .box_w = 14, .box_h = 19, .ofs_x = 1, .ofs_y = 0},
    {.bitmap_index = 10548, .adv_w = 214, .box_w = 11, .box_h = 11, .ofs_x = 1, .ofs_y = 0},
    {.bitmap_index = 10609, .adv_w = 245, .box_w = 14, .box_h = 16, .ofs_x = 1, .ofs_y = -1},
    {.bitmap_index = 10721, .adv_w = 237, .box_w = 13, .box_h = 19, .ofs_x = 1, .ofs_y = 0},
    {.bitmap_index = 10845, .adv_w = 237, .box_w = 13, .box_h = 19, .ofs_x = 1, .ofs_y = 0},
    {.bitmap_index = 10969, .adv_w = 237, .box_w = 13, .box_h = 19, .ofs_x = 1, .ofs_y = 0},
    {.bitmap_index = 11093, .adv_w = 237, .box_w = 13, .box_h = 19, .ofs_x = 1, .ofs_y = 0},
    {.bitmap_index = 11217, .adv_w = 223, .box_w = 14, .box_h = 19, .ofs_x = 0, .ofs_y = 0},
    {.bitmap_index = 11350, .adv_w = 207, .box_w = 11, .box_h = 14, .ofs_x = 1, .ofs_y = 0},
    {.bitmap_index = 11427, .adv_w = 202, .box_w = 11, .box_h = 14, .ofs_x = 1, .ofs_y = 0},
    {.bitmap_index = 11504, .adv_w = 182, .box_w = 10, .box_h = 15, .ofs_x = 0, .ofs_y = 0},
    {.bitmap_index = 11579, .adv_w = 182, .box_w = 10, .box_h = 15, .ofs_x = 0, .ofs_y = 0},
    {.bitmap_index = 11654, .adv_w = 182, .box_w = 10, .box_h = 16, .ofs_x = 0, .ofs_y = 0},
    {.bitmap_index = 11734, .adv_w = 182, .box_w = 10, .box_h = 15, .ofs_x = 0, .ofs_y = 0},
    {.bitmap_index = 11809, .adv_w = 182, .box_w = 10, .box_h = 15, .ofs_x = 0, .ofs_y = 0},
    {.bitmap_index = 11884, .adv_w = 182, .box_w = 10, .box_h = 18, .ofs_x = 0, .ofs_y = 0},
    {.bitmap_index = 11974, .adv_w = 293, .box_w = 18, .box_h = 11, .ofs_x = 0, .ofs_y = 0},
    {.bitmap_index = 12073, .adv_w = 185, .box_w = 11, .box_h = 15, .ofs_x = 0, .ofs_y = -4},
    {.bitmap_index = 12156, .adv_w = 188, .box_w = 11, .box_h = 15, .ofs_x = 0, .ofs_y = 0},
    {.bitmap_index = 12239, .adv_w = 188, .box_w = 11, .box_h = 15, .ofs_x = 0, .ofs_y = 0},
    {.bitmap_index = 12322, .adv_w = 188, .box_w = 11, .box_h = 16, .ofs_x = 0, .ofs_y = 0},
    {.bitmap_index = 12410, .adv_w = 188, .box_w = 11, .box_h = 15, .ofs_x = 0, .ofs_y = 0},
    {.bitmap_index = 12493, .adv_w = 81, .box_w = 5, .box_h = 15, .ofs_x = -1, .ofs_y = 0},
    {.bitmap_index = 12531, .adv_w = 81, .box_w = 5, .box_h = 15, .ofs_x = 1, .ofs_y = 0},
    {.bitmap_index = 12569, .adv_w = 81, .box_w = 7, .box_h = 15, .ofs_x = -1, .ofs_y = 0},
    {.bitmap_index = 12622, .adv_w = 81, .box_w = 7, .box_h = 15, .ofs_x = -1, .ofs_y = 0},
    {.bitmap_index = 12675, .adv_w = 188, .box_w = 11, .box_h = 16, .ofs_x = 0, .ofs_y = 0},
    {.bitmap_index = 12763, .adv_w = 193, .box_w = 10, .box_h = 15, .ofs_x = 1, .ofs_y = 0},
    {.bitmap_index = 12838, .adv_w = 193, .box_w = 12, .box_h = 15, .ofs_x = 0, .ofs_y = 0},
    {.bitmap_index = 12928, .adv_w = 193, .box_w = 12, .box_h = 15, .ofs_x = 0, .ofs_y = 0},
    {.bitmap_index = 13018, .adv_w = 193, .box_w = 12, .box_h = 16, .ofs_x = 0, .ofs_y = 0},
    {.bitmap_index = 13114, .adv_w = 193, .box_w = 12, .box_h = 15, .ofs_x = 0, .ofs_y = 0},
    {.bitmap_index = 13204, .adv_w = 193, .box_w = 12, .box_h = 15, .ofs_x = 0, .ofs_y = 0},
    {.bitmap_index = 13294, .adv_w = 214, .box_w = 11, .box_h = 10, .ofs_x = 1, .ofs_y = 1},
    {.bitmap_index = 13349, .adv_w = 193, .box_w = 12, .box_h = 13, .ofs_x = 0, .ofs_y = -1},
    {.bitmap_index = 13427, .adv_w = 193, .box_w = 10, .box_h = 15, .ofs_x = 1, .ofs_y = 0},
    {.bitmap_index = 13502, .adv_w = 193, .box_w = 10, .box_h = 15, .ofs_x = 1, .ofs_y = 0},
    {.bitmap_index = 13577, .adv_w = 193, .box_w = 10, .box_h = 16, .ofs_x = 1, .ofs_y = 0},
    {.bitmap_index = 13657, .adv_w = 193, .box_w = 10, .box_h = 15, .ofs_x = 1, .ofs_y = 0},
    {.bitmap_index = 13732, .adv_w = 184, .box_w = 12, .box_h = 19, .ofs_x = 0, .ofs_y = -4},
    {.bitmap_index = 13846, .adv_w = 198, .box_w = 11, .box_h = 18, .ofs_x = 1, .ofs_y = -4},
    {.bitmap_index = 13945, .adv_w = 184, .box_w = 12, .box_h = 19, .ofs_x = 0, .ofs_y = -4},
    {.bitmap_index = 14059, .adv_w = 160, .box_w = 10, .box_h = 2, .ofs_x = 0, .ofs_y = 5},
    {.bitmap_index = 14069, .adv_w = 320, .box_w = 20, .box_h = 2, .ofs_x = 0, .ofs_y = 5},
    {.bitmap_index = 14089, .adv_w = 89, .box_w = 4, .box_h = 6, .ofs_x = 1, .ofs_y = 8},
    {.bitmap_index = 14101, .adv_w = 89, .box_w = 4, .box_h = 6, .ofs_x = 1, .ofs_y = 9},
    {.bitmap_index = 14113, .adv_w = 152, .box_w = 8, .box_h = 6, .ofs_x = 1, .ofs_y = 8},
    {.bitmap_index = 14137, .adv_w = 151, .box_w = 8, .box_h = 6, .ofs_x = 1, .ofs_y = 9},
    {.bitmap_index = 14161, .adv_w = 171, .box_w = 7, .box_h = 7, .ofs_x = 2, .ofs_y = 3},
    {.bitmap_index = 14186, .adv_w = 291, .box_w = 16, .box_h = 3, .ofs_x = 1, .ofs_y = 0},
    {.bitmap_index = 14210, .adv_w = 214, .box_w = 11, .box_h = 3, .ofs_x = 1, .ofs_y = 4}
};

/*---------------------
 *  CHARACTER MAPPING
 *--------------------*/

static const uint16_t unicode_list_3[] = {
    0x0, 0x1, 0x5, 0x6, 0x9, 0xa, 0xf, 0x13,
    0x1ff
};

/*Collect the unicode lists and glyph_id offsets*/
static const lv_font_fmt_txt_cmap_t cmaps[] =
{
    {
        .range_start = 32, .range_length = 95, .glyph_id_start = 1,
        .unicode_list = NULL, .glyph_id_ofs_list = NULL, .list_length = 0, .type = LV_FONT_FMT_TXT_CMAP_FORMAT0_TINY
    },
    {
        .range_start = 160, .range_length = 13, .glyph_id_start = 96,
        .unicode_list = NULL, .glyph_id_ofs_list = NULL, .list_length = 0, .type = LV_FONT_FMT_TXT_CMAP_FORMAT0_TINY
    },
    {
        .range_start = 174, .range_length = 82, .glyph_id_start = 109,
        .unicode_list = NULL, .glyph_id_ofs_list = NULL, .list_length = 0, .type = LV_FONT_FMT_TXT_CMAP_FORMAT0_TINY
    },
    {
        .range_start = 8211, .range_length = 512, .glyph_id_start = 191,
        .unicode_list = unicode_list_3, .glyph_id_ofs_list = NULL, .list_length = 9, .type = LV_FONT_FMT_TXT_CMAP_SPARSE_TINY
    }
};

/*-----------------
 *    KERNING
 *----------------*/


/*Map glyph_ids to kern left classes*/
static const uint8_t kern_left_class_mapping[] =
{
    0, 0, 0, 1, 0, 2, 0, 3,
    1, 4, 0, 5, 6, 7, 6, 7,
    8, 9, 10, 0, 11, 0, 0, 0,
    12, 11, 9, 13, 13, 0, 14, 15,
    16, 17, 18, 19, 20, 21, 22, 23,
    24, 25, 25, 26, 27, 28, 25, 25,
    21, 29, 21, 30, 2, 31, 26, 32,
    33, 34, 35, 36, 4, 37, 0, 5,
    38, 0, 39, 40, 40, 25, 40, 41,
    42, 39, 43, 43, 44, 25, 39, 39,
    40, 40, 42, 45, 46, 47, 48, 49,
    50, 51, 49, 52, 4, 10, 0, 6,
    0, 53, 54, 0, 0, 55, 0, 0,
    0, 17, 56, 57, 58, 59, 0, 5,
    14, 0, 0, 0, 60, 10, 61, 0,
    0, 56, 62, 0, 0, 0, 63, 18,
    18, 18, 18, 18, 18, 22, 20, 22,
    22, 22, 22, 25, 25, 64, 64, 21,
    25, 21, 21, 21, 21, 21, 65, 21,
    26, 26, 26, 26, 35, 66, 67, 39,
    39, 39, 39, 39, 39, 68, 40, 40,
    40, 40, 40, 43, 43, 69, 70, 40,
    71, 40, 40, 40, 72, 72, 6, 40,
    48, 48, 48, 48, 49, 40, 49, 0,
    0, 73, 74, 73, 74, 75, 7, 6
};

/*Map glyph_ids to kern right classes*/
static const uint8_t kern_right_class_mapping[] =
{
    0, 0, 0, 1, 0, 2, 0, 3,
    1, 0, 4, 5, 6, 7, 8, 9,
    10, 11, 12, 0, 13, 14, 0, 11,
    15, 13, 0, 16, 16, 17, 18, 0,
    19, 20, 21, 22, 23, 22, 22, 22,
    23, 22, 22, 24, 22, 22, 22, 22,
    23, 22, 23, 22, 25, 26, 27, 28,
    29, 30, 31, 32, 0, 33, 4, 34,
    35, 0, 36, 22, 37, 37, 37, 38,
    37, 22, 39, 40, 22, 22, 41, 41,
    37, 41, 37, 41, 42, 43, 44, 45,
    46, 47, 45, 48, 0, 49, 4, 50,
    0, 0, 51, 0, 0, 0, 0, 0,
    0, 52, 53, 54, 55, 56, 0, 57,
    18, 0, 0, 0, 58, 59, 60, 0,
    0, 53, 61, 0, 0, 0, 62, 21,
    21, 21, 21, 21, 21, 21, 23, 22,
    22, 22, 22, 22, 22, 63, 63, 64,
    22, 23, 23, 23, 23, 23, 65, 23,
    27, 27, 27, 27, 31, 22, 22, 36,
    36, 36, 66, 67, 36, 36, 37, 37,
    37, 37, 68, 69, 70, 69, 71, 37,
    41, 37, 37, 37, 72, 68, 6, 37,
    44, 44, 44, 73, 45, 22, 74, 0,
    0, 75, 76, 75, 76, 77, 78, 6
};

/*Kern values between classes*/
static const int8_t kern_class_values[] =
{
    0, 0, 0, 0, 0, 0, 0, 0,
    0, 0, 0, 0, 0, 0, 0, 0,
    0, 0, 0, 0, -25, 0, 0, -53,
    0, 0, 0, 0, 0, 0, 0, 0,
    0, 0, 0, 0, -5, 0, 0, 0,
    0, -1, 0, 0, 0, 0, 0, 0,
    0, 0, 0, 0, 0, 0, 0, 0,
    0, 0, 0, 0, 0, 0, 0, 0,
    0, 0, 0, -5, 0, 0, 0, -5,
    0, 0, 0, 0, 0, 0, 0, 0,
    0, 0, 0, 0, 0, 0, 0, 0,
    0, 0, 0, 0, 0, 0, 0, 0,
    0, 0, -2, 0, 0, 0, 0, -2,
    0, 0, 0, -3, 0, 0, 0, 0,
    0, 0, 0, 0, 0, 0, 0, 0,
    0, 0, 0, 0, 0, 0, 0, 0,
    0, 0, 0, 0, 0, 0, 0, 0,
    0, 0, 0, 0, 0, 0, 0, 0,
    0, 0, 0, 0, 15, 0, 0, 0,
    0, 0, 0, 0, 0, 0, 0, 0,
    0, 0, 0, 0, 0, 0, 0, 0,
    0, 0, 0, 0, 0, 0, 0, 0,
    0, 0, 0, 0, 0, -18, 0, -20,
    -13, 0, -24, 0, 0, 0, 0, 0,
    0, 0, 0, 0, 0, 0, 0, 0,
    -11, -11, 0, 0, 0, 0, 0, 0,
    -13, 0, 0, 0, 0, 0, 0, 0,
    0, 0, 0, 0, 0, 0, 0, 0,
    0, 0, 0, 0, 0, -11, 0, 0,
    0, 0, 0, 0, 0, 0, 0, 0,
    0, 0, 0, 0, 0, 0, 0, 0,
    0, 0, 0, 0, 0, 0, 0, 2,
    0, 0, 0, 0, 0, 0, 0, 0,
    0, 0, 0, 0, 0, 0, -3, 0,
    0, 8, 2, 0, 0, 0, 0, 0,
    0, 0, 0, 0, 0, 0, 0, 0,
    0, 0, 0, 0, 0, 0, 0, 0,
    0, 0, 0, 0, 0, -3, 0, 0,
    0, -3, 0, 0, 0, 0, 0, 0,
    0, 0, 0, 0, 0, 0, 0, 0,
    0, 0, 0, 0, 0, 0, 0, 0,
    0, 0, 0, 0, -27, 0, -4, -31,
    0, 0, 0, 0, 0, 0, 0, 0,
    0, 0, 0, 0, 0, 0, 0, 0,
    0, 0, 0, 0, 0, 0, 0, 0,
    0, 0, 0, 0, 0, 0, 0, 0,
    0, 0, 0, 0, 0, 0, 0, 2,
    0, 0, 0, 0, 0, 0, 0, 0,
    0, 0, 0, 0, 0, 0, 0, 0,
    0, 0, 0, 0, 0, 0, 0, 0,
    0, 0, 0, 0, 0, 0, 0, 0,
    0, 0, -11, 0, 0, -15, 0, -24,
    0, -16, -13, -12, -24, 0, 0, 0,
    0, 0, 0, 0, 0, 0, 0, 0,
    0, 0, 0, 0, -7, 0, 0, 0,
    0, 0, 0, 0, 0, 0, 0, 0,
    0, 0, 0, 0, 0, 0, 0, 0,
    0, 0, 0, 0, 0, 0, 0, 0,
    0, 0, 0, 0, 0, 0, 0, 0,
    0, 0, 0, 0, 0, 0, 0, 0,
    0, 0, 0, 0, 0, 0, 0, 0,
    0, 0, -14, 0, 0, -11, 0, 0,
    0, 0, -14, 0, 0, 0, 0, 0,
    0, 0, 0, 0, 0, 0, 0, 0,
    0, 0, 0, 0, 0, 0, 0, 0,
    0, 0, 0, 0, 0, 0, 0, 0,
    0, 0, 0, 0, 0, 0, 0, 0,
    0, 0, 0, 0, 0, 0, 0, 0,
    0, 0, 0, 0, 0, 0, 0, 0,
    0, 0, 0, 0, 0, 0, 0, 0,
    0, 0, 0, 0, 0, 0, -8, 0,
    0, -20, 0, 0, 0, 1, 1, 0,
    0, 0, 0, 0, 0, 0, 0, 0,
    0, 0, 0, 0, 0, 0, 0, 0,
    0, 0, 0, 0, 0, 0, 0, 0,
    0, 0, 0, 0, 0, 0, 0, 0,
    0, 0, 0, 0, 0, 0, 0, 0,
    0, 0, 0, 0, 0, 0, 0, 0,
    0, 0, 0, 0, 0, 0, 0, 0,
    0, 0, 0, 0, 0, 0, 0, 0,
    0, 0, 0, 0, 0, 0, 0, 0,
    0, 0, 0, -5, 0, -11, -11, 0,
    0, 0, 0, 0, 0, 0, 0, 0,
    0, 0, 5, 0, 0, 0, 0, 0,
    0, 0, 0, 0, 0, 0, 0, 0,
    0, 0, 0, 0, 0, 0, 0, 0,
    0, 0, 0, 0, 0, 0, 0, 0,
    0, 0, 0, 0, 0, 0, 0, 0,
    0, 0, 0, 0, 0, 0, 0, 0,
    0, 0, 0, 0, 0, 0, 0, 0,
    0, 0, 0, 0, 0, 0, 0, 0,
    0, 0, 0, 0, 0, 0, 0, 0,
    0, 0, 0, 0, 0, 0, 0, 0,
    5, 0, 2, 0, 0, 0, 0, 0,
    0, 0, 0, 0, 0, 0, 0, 0,
    0, 0, 0, 0, 0, 11, 0, 0,
    0, 0, 0, 0, 19, 0, 0, 2,
    0, 0, 0, 0, 0, 0, 0, 0,
    0, 0, 0, 0, 0, 0, 0, 0,
    0, 0, 0, 0, 0, 0, 0, 0,
    0, 0, 0, 0, 0, 0, 0, 0,
    0, -7, 0, 0, 0, 0, 0, 0,
    0, 0, 0, 0, 0, 0, 0, 0,
    0, 0, 0, 0, 0, 0, 0, 0,
    0, 0, 0, 0, 0, 0, 0, 0,
    0, 0, 0, 0, 0, 0, 0, 0,
    0, 0, 0, 0, 0, 0, 0, 0,
    0, 0, 0, 0, 0, 0, 0, 0,
    0, 0, 0, 0, 0, 0, 0, 0,
    0, 0, 0, 0, 0, 0, -35, 0,
    0, -31, 0, 0, 0, 0, 0, 0,
    0, 0, 0, 0, 0, -15, -16, 0,
    0, 0, -16, -13, 0, 0, 0, 0,
    0, 0, 0, 0, 0, 0, 0, 0,
    0, 0, 0, 0, 0, 0, 0, 0,
    0, 0, 0, -15, -15, -16, 0, 0,
    29, -16, 0, 0, 0, 0, 0, 0,
    0, 0, 0, 0, 0, 0, 0, 0,
    0, 0, 0, 0, 0, 0, 0, 0,
    0, 0, 0, 0, 0, 0, 0, 0,
    0, -11, 0, -20, 0, 0, 0, 0,
    0, 0, 0, 0, 0, 0, 0, 0,
    0, 0, 0, 0, 0, 0, 0, 0,
    0, 0, 0, 0, 0, 0, 0, 0,
    0, 0, 0, 0, 0, 0, 0, 0,
    0, 0, 0, 0, 0, 0, 0, 0,
    0, 0, 0, 0, 0, 0, 0, 0,
    0, 0, 0, 0, 0, 0, 0, 0,
    0, 0, 0, 0, 0, 0, 0, 0,
    0, 0, -16, 0, 0, 0, 0, -15,
    0, -22, -20, -16, -31, 0, 0, 0,
    0, 0, 0, 0, 0, 0, 0, 0,
    0, 0, -13, 0, -11, 0, 0, 0,
    0, 0, 0, 0, 0, 0, 0, 0,
    0, 0, 0, 0, 0, 0, 0, 0,
    0, 0, 0, 0, 0, 0, 0, -13,
    0, 0, 0, 0, 0, 0, 0, 0,
    0, 0, 0, 0, 0, 0, 0, 0,
    0, 0, 0, 0, 0, 0, 0, 0,
    -4, 0, 0, 0, 0, -25, 0, -24,
    -24, -18, -29, -20, 0, 0, 0, 0,
    0, 0, 0, 0, 0, 0, 0, 0,
    0, 0, 0, 0, 0, 0, 0, 0,
    0, 0, 0, 0, 0, 0, 0, 0,
    0, 0, 0, 0, 0, 0, 0, 0,
    0, 0, 0, 0, 0, 0, 0, 0,
    0, 0, 0, 0, 0, 0, 0, 0,
    0, 0, 0, 0, 0, 0, 0, 0,
    0, 0, 0, 0, 0, 0, -20, 0,
    0, 0, 0, 0, 0, 0, 0, 0,
    0, 0, 0, 0, 0, 0, 0, 0,
    0, 0, 0, 0, 0, 0, 0, 0,
    0, 0, 0, 0, 0, 0, 0, 0,
    0, 0, 0, 0, 0, 0, 0, 0,
    0, 0, 0, 0, 0, 0, 0, 0,
    0, 0, 0, 0, 0, 0, 0, 0,
    0, 0, 0, 0, 0, 0, 0, 0,
    0, 0, 0, 0, 0, 0, 0, 0,
    0, 0, 0, 0, -12, 0, 0, 0,
    0, -10, 0, -11, -3, -13, -12, 0,
    0, 0, 0, 0, 0, 0, 0, 0,
    0, 0, 0, 0, 0, 0, 0, 0,
    0, 0, 0, 0, 0, 0, 0, 0,
    0, 0, 0, 0, 0, 0, 0, 0,
    0, 0, 0, 0, 0, 0, 0, 0,
    0, 0, 0, 0, 0, 0, -25, -2,
    0, 0, -27, -11, 0, -11, 0, 5,
    0, -12, 0, 0, 0, 0, -4, -16,
    -20, -12, 5, 0, -12, 0, -2, -28,
    -6, -23, -20, 0, -24, 0, -23, -27,
    0, 0, -2, -1, 1, 0, 0, -1,
    -7, 0, -22, -22, 0, 0, 0, -11,
    -2, -12, -24, -11, -11, -23, -27, 0,
    -16, -11, -11, 0, 0, 0, -11, 0,
    0, -2, 1, 1, 0, -2, 0, -22,
    -42, -33, -11, 0, 0, 0, 0, 0,
    0, 0, 0, 0, 0, 0, 0, 0,
    0, 0, 0, 0, 0, 0, 0, 0,
    0, 0, 0, 0, 0, -18, 0, 0,
    0, 0, 0, 0, 0, 0, 0, 0,
    0, 0, 0, 0, 0, 0, 0, 0,
    0, 0, 0, 0, 0, 0, 0, 0,
    0, 0, 0, 0, 0, 0, 0, 0,
    0, 0, 0, 0, 0, 0, 0, 0,
    0, 0, 11, 0, 0, 0, -20, 0,
    0, 0, 0, 0, 0, 0, 0, 0,
    0, 0, 0, 0, 0, 0, 0, 0,
    0, 0, 0, 0, 0, 0, -7, 0,
    0, 0, 0, 0, 0, 0, 0, -3,
    0, 0, 0, 0, -13, 0, 0, 0,
    0, 0, 0, 0, 0, 0, 1, 0,
    0, 0, 0, 0, 0, 0, 0, 0,
    0, 0, 0, 0, 0, 0, 0, 0,
    0, 0, 0, 0, 0, 0, 0, 0,
    11, 0, 0, 1, 0, 0, 0, 0,
    0, 0, 0, 0, 0, 0, -14, 0,
    -14, -13, 0, 0, 0, 0, 0, 0,
    0, 0, 0, 0, -12, 0, 0, 0,
    0, -10, 0, -11, -3, -13, -12, 0,
    -11, 0, -13, 0, 0, 0, 0, 0,
    0, 0, 0, 0, 0, 0, 0, 0,
    0, 0, 0, 0, 0, 0, 0, -2,
    0, 0, 0, 0, 0, 0, 0, 0,
    0, 0, 0, 0, 0, 0, 0, 0,
    0, 0, -11, 0, 0, -14, 0, 0,
    0, 0, 0, 0, 0, 0, 0, 0,
    0, 0, 0, 0, 0, 0, 0, 0,
    0, 0, 0, 0, 0, 0, 0, 0,
    0, 0, 0, 0, 0, 0, 0, 0,
    0, 0, 0, 0, 0, 0, 0, 0,
    0, 0, 0, 0, 0, 0, 0, 0,
    0, 0, 0, 0, 0, 0, 0, 0,
    0, 0, 0, 0, 0, 0, 0, 0,
    0, 0, 0, 0, 24, 0, 0, 0,
    0, 0, 0, 0, 0, 0, 0, 0,
    0, 0, -13, 0, -11, 0, 0, 0,
    0, 0, 0, 0, 0, 0, 0, 0,
    -29, 0, 0, -22, 0, 0, 0, 0,
    0, 0, 0, 0, 0, 0, -11, -7,
    -12, 0, 0, 0, -8, 0, 0, -11,
    -11, 0, 0, -11, 0, 0, -12, 0,
    0, 0, 0, 0, 0, -11, 0, 0,
    0, 0, 0, 0, 0, -7, -7, -12,
    0, 0, 0, -12, -11, -11, 0, 0,
    0, -27, 0, 0, 0, 0, 0, 0,
    0, 0, 0, 0, 0, 0, 0, 0,
    0, 0, 0, 0, 0, 0, -8, 0,
    0, 0, 0, -10, 0, -7, 0, -3,
    -8, 0, -7, 0, 0, 0, 0, 0,
    0, 0, 0, 0, 0, 0, 0, 0,
    0, 0, 0, 0, 0, 0, 0, 0,
    0, 0, 0, 0, 0, 0, 0, 0,
    0, 0, 0, 0, 0, 0, 0, 0,
    11, 0, 0, 0, 0, 0, 0, 0,
    0, 0, 0, 2, 0, 0, 0, 0,
    0, 0, 0, 0, 0, 0, 0, 0,
    0, 0, 0, 0, 0, 0, 0, 0,
    0, 0, 0, 0, 0, 0, 0, 0,
    0, 0, 2, 0, 0, 0, 0, 0,
    0, 0, 5, 0, 2, 0, 0, 0,
    0, 0, 0, 0, 0, 0, 0, 0,
    0, 0, 0, 0, 0, 0, 0, 11,
    0, 0, 0, 0, 0, 0, 19, 0,
    0, 2, 0, 0, 0, 0, 0, 0,
    0, 0, 0, 0, -11, 0, -11, -18,
    0, 0, 0, 0, 0, 0, 0, 0,
    0, 0, -6, 0, 0, 0, 0, 0,
    0, 0, 0, 0, 0, 0, 0, 0,
    -16, 0, 0, 0, 0, 0, 0, 0,
    0, 0, 0, 0, 0, 0, 0, 0,
    0, 0, 0, 0, 0, 0, 0, 0,
    0, 0, 0, 0, 0, 0, 0, 0,
    0, 0, 0, 0, 0, 0, 0, 0,
    0, 0, 0, -11, 0, -3, 0, 0,
    0, -31, 0, -31, 0, 0, 0, 0,
    0, 0, 0, 0, -22, -11, 0, -11,
    0, 0, -11, 0, -3, 0, 0, 0,
    0, 0, 0, 0, 0, 0, 0, 0,
    -13, 0, 4, 0, 0, 0, 0, -11,
    -13, -20, 0, 0, 0, -31, -13, -11,
    0, -16, -16, -5, 0, -11, 0, -15,
    0, 0, 0, 0, -11, 0, 0, -13,
    4, 4, 27, -13, -11, -13, 0, 0,
    -11, 0, -29, 0, 0, 0, -13, -25,
    0, -16, 0, 0, 0, -15, 0, 0,
    0, 0, 0, 0, 0, -9, 0, 0,
    -9, 0, 0, -30, 0, -23, -4, 0,
    -16, 0, -23, -42, 0, 0, 0, 0,
    0, 0, 0, 0, -7, 0, -22, 0,
    0, 0, 0, -13, 0, -9, -31, -20,
    -42, -26, -15, 0, -27, -20, 0, 0,
    0, 0, -11, 0, 0, 0, 0, 0,
    0, 0, 0, -22, -27, -18, -11, 0,
    0, 0, -11, 0, 0, -12, -13, -12,
    -11, 0, 0, 0, 0, 0, 0, 0,
    0, 0, 0, 0, -25, 0, 0, -31,
    0, 0, 0, 0, 0, 0, 0, 0,
    0, 0, 0, -1, -2, 0, 0, 0,
    0, 0, 0, 0, 0, 0, 0, 0,
    0, -12, -2, 0, 0, 0, -12, 0,
    0, 0, 0, -12, 0, 0, 0, 0,
    0, -1, -1, -2, 0, 0, 0, -2,
    0, 0, 0, 0, 0, -31, 0, 0,
    0, 0, 0, 0, 0, 0, 0, 0,
    0, 0, 0, 0, 0, 0, 0, 0,
    0, 0, 0, 0, 0, 0, 0, 0,
    0, -6, 0, 0, -8, 0, -6, 0,
    0, -2, -4, 0, 0, 0, 0, 0,
    0, 0, 0, 0, 0, 0, 0, 0,
    -4, 0, 0, 0, 0, 0, 0, 0,
    0, 0, 0, 0, 0, 0, 0, -2,
    -2, -4, 0, 0, 15, -4, 0, 0,
    0, 0, 0, 0, 0, -1, -11, 0,
    0, -21, -11, -21, -11, -16, -11, 0,
    0, -22, -25, -11, -25, -11, 0, -10,
    -28, 0, -10, -29, -1, 0, 0, 0,
    0, 0, 5, 0, 0, 0, -18, -23,
    -25, 0, 0, 0, -18, -24, -33, -24,
    -20, -20, -17, -15, 0, -21, -25, -10,
    0, -42, -21, 0, 0, -33, 0, -25,
    -16, 0, 0, 0, -11, -13, -13, -16,
    0, 0, 29, -16, -16, -11, 0, 0,
    -11, -27, 0, 0, -16, 0, 0, -17,
    -31, -17, -31, -16, -5, 0, 0, -11,
    0, -20, -24, -20, 0, -11, -23, 0,
    -11, -31, 0, 0, 0, 5, 0, 0,
    0, 0, 5, 0, -25, -17, -17, 0,
    0, 0, -1, -15, 0, 0, 0, 0,
    0, 0, 0, -17, -17, -11, 0, -18,
    -20, 0, 0, 0, 0, -13, 0, -3,
    0, 0, -13, -17, -13, -17, 0, 0,
    27, -15, 0, 0, 0, 0, -13, -31,
    0, -1, -16, 0, 0, -15, -31, -15,
    -31, -3, 0, 0, 0, -11, 0, -16,
    -24, -20, 0, -3, -20, 0, -3, -20,
    -1, 0, 0, 1, 8, 0, 0, 0,
    1, 0, 0, -17, -16, 0, 0, 0,
    -11, -11, 0, 0, 0, 0, 0, 0,
    0, -15, -16, -3, 0, -18, -15, 0,
    0, 0, 0, -11, 0, -3, 0, 0,
    0, -17, -17, -16, 0, 0, 0, -16,
    0, 0, 0, 0, 0, -31, 0, -3,
    0, 0, 0, -12, 0, -12, 0, 0,
    -11, 0, -7, -13, 0, 0, -18, -16,
    0, -13, 0, 0, -13, 0, -3, -13,
    0, 0, 0, 0, 0, 0, 0, 0,
    0, -18, -9, 0, 0, 0, 0, 0,
    0, 0, 0, 0, 0, 0, 0, -11,
    -9, -13, 0, -13, -16, -2, 0, 0,
    0, -15, 0, 0, 0, 0, -15, -18,
    -18, -9, 0, 0, 0, -9, 0, 0,
    0, 0, -15, 0, 0, 0, -20, 0,
    0, -24, -14, -24, -14, 0, 0, 0,
    0, -22, 0, -20, -33, -31, 0, -12,
    -24, 0, -12, -11, 0, 5, 0, 0,
    0, 0, 0, 0, 0, 0, 0, -26,
    -28, 0, -8, 0, -12, -22, 0, -13,
    0, 0, 0, 0, 0, -24, -28, -12,
    0, -29, -16, -3, 0, -13, 0, -16,
    -20, 0, 0, 0, -15, -22, -16, -28,
    -8, -10, 0, -28, -13, 0, 0, 0,
    -13, -31, 0, 0, 0, 0, 0, -12,
    0, -12, 0, 0, 0, 0, 0, 0,
    0, 0, -20, 0, 0, -11, 0, 0,
    -11, 0, 0, 0, 0, 0, 0, 0,
    0, 0, 0, 0, 0, 0, 0, 0,
    0, 0, 0, 0, 0, 0, 0, 0,
    0, 0, 0, -12, 0, -11, 0, -11,
    -12, 0, 0, 0, 0, -11, 0, 0,
    0, 0, 0, 0, 0, 0, 0, 0,
    27, 0, 0, 0, 0, 0, 0, 0,
    0, 0, 0, 0, 0, 0, 0, 0,
    0, 0, 0, 0, 0, 0, 0, 0,
    0, 0, 0, 0, 5, 0, -12, 0,
    -2, -13, -6, -16, -18, 0, -24, 0,
    0, 0, 0, 0, -2, -1, 1, 0,
    0, -1, -7, 0, -16, -22, 0, 0,
    0, 0, 0, 0, -24, 0, 0, 0,
    0, 0, 0, 0, 0, 0, 0, 0,
    0, 0, 0, -2, 1, 1, 0, -2,
    0, -16, 0, 0, 0, 0, 0, 0,
    0, 0, 0, 0, 0, 0, 0, 0,
    0, 0, 0, 0, 0, 0, 0, 0,
    0, 0, 0, 11, -13, 0, 0, -18,
    -13, -25, 0, 0, 0, 0, 0, 0,
    0, 0, 0, 0, 9, 31, 11, 0,
    0, 0, -25, 0, 0, 0, 0, 0,
    0, 0, 0, 0, 0, 0, 0, 0,
    0, 0, 0, 0, 0, 0, 0, 0,
    0, 0, 9, 9, 0, 0, 0, -25,
    0, 0, 0, 0, -2, 0, 0, 0,
    0, 0, 0, 0, 0, 0, 0, -13,
    0, 0, 0, 0, 0, 0, 0, 0,
    0, 0, 0, 0, 0, -22, 0, -16,
    -16, 0, -26, 0, -16, 0, 0, 0,
    0, 0, 0, 0, 0, 0, 0, 0,
    -5, 0, 0, 0, 0, 0, 0, 0,
    0, 0, 0, -3, 0, 0, 0, 0,
    0, 0, 0, 0, 0, 0, 0, 0,
    0, 0, 0, 0, 0, -5, -15, -7,
    0, 0, -5, 0, 0, -4, 0, 0,
    0, 0, 0, 0, 0, -11, 0, 0,
    0, 0, 0, 0, 0, 0, -11, 0,
    0, 0, 0, -25, 0, -17, -16, -9,
    -30, 0, -17, 0, 0, 3, 0, 0,
    0, 0, 0, 0, 0, 0, -6, -5,
    -7, -5, 0, 0, 0, 0, -11, 0,
    0, -4, 0, 0, 0, 0, 0, 0,
    0, 0, 0, 3, 3, 0, 0, 0,
    0, 0, 0, -6, -20, -7, 0, 0,
    0, 0, 0, 0, 0, -8, -18, -8,
    -18, -7, 0, 0, 0, -20, 0, 0,
    0, 0, 0, 0, -11, 0, 0, -20,
    0, 0, 0, 0, 0, 0, 3, 0,
    0, 0, -5, -5, -9, -13, 1, 1,
    0, -7, -12, 0, 0, 5, 0, 0,
    0, -8, -9, 0, 0, -13, -8, 0,
    0, 0, 0, -8, 0, 0, 0, 0,
    -7, -5, -5, -9, 1, 1, 33, -9,
    0, 0, 0, 0, -7, -18, 0, 0,
    0, 0, 0, 0, 0, 0, 0, 0,
    0, 0, 0, 0, 0, 0, 0, 0,
    0, 0, 0, 0, 0, 0, 0, -16,
    0, 0, 0, 0, 0, 0, 0, 0,
    0, 0, 0, 0, 0, 1, 0, 0,
    0, 0, 0, 0, 0, 0, 0, 0,
    0, 0, 0, 0, 0, 0, 0, 0,
    0, 0, 0, 0, 0, 0, 0, 0,
    0, 0, 0, 0, 0, 0, 0, 0,
    0, 0, 0, 0, 0, 0, 0, 0,
    0, 0, 0, 0, 0, 0, 0, 0,
    0, 0, 0, 0, 0, 0, 0, 0,
    0, 0, 0, 0, 0, 0, 0, 0,
    0, 0, 0, 0, 0, 0, 0, 0,
    0, 0, 0, 0, 0, 0, 0, 0,
    0, 0, 0, 0, 0, 0, 0, 0,
    0, 0, 0, 0, 0, 0, 0, 0,
    0, 0, 0, 0, 0, 0, 0, 0,
    0, 0, 20, 0, 0, 0, 0, 0,
    0, 0, 0, 0, 0, 0, 0, -16,
    0, -16, 0, 0, 0, 0, 0, -15,
    0, 0, -27, 0, 0, 0, 0, 0,
    0, 0, 0, -18, 0, 0, 0, 0,
    0, 0, 0, 0, 0, 0, -7, 0,
    0, 0, 0, 0, 0, 0, 1, 0,
    0, 0, 0, -16, -7, 0, 0, -16,
    -22, 0, 0, 0, 0, -16, 0, 0,
    0, 0, 0, 0, 0, -7, 0, 0,
    0, -7, 0, 1, 0, 0, 0, 0,
    0, 0, 0, 0, 0, -12, -20, -12,
    -20, -10, 0, 0, 0, 0, 0, 0,
    -13, 0, 0, 0, -13, 5, 0, -18,
    0, -18, 0, 0, 0, 0, 0, -11,
    0, 0, 0, -1, -6, 5, 3, 5,
    4, 0, 5, 0, 5, 3, 5, 0,
    5, -12, -6, 0, 0, 0, -11, 0,
    0, 0, 0, -12, 0, 0, 0, 0,
    0, -1, -1, -6, 3, 3, 9, -6,
    0, 5, -13, 5, 0, -20, -1, 0,
    0, 0, 0, 0, 0, 0, 0, 0,
    0, 0, 0, 0, 0, 0, 0, 0,
    0, 0, 0, 0, 0, 0, 0, -24,
    0, -15, -11, 0, -24, 0, -15, 0,
    0, 0, 0, 0, 0, 0, 0, 0,
    0, 0, 0, 0, 0, 0, 0, 0,
    0, 0, 0, 0, 0, -3, 0, 0,
    0, 0, 0, 0, 0, 0, 0, 0,
    0, 0, 0, 0, 0, 0, 0, 0,
    -16, 0, 0, 0, 0, 0, 0, 0,
    0, -6, 0, -6, 0, 0, 0, 0,
    0, -4, 0, 0, -9, 0, 0, 0,
    0, 0, 0, 0, 0, -11, 0, -2,
    -2, 0, -4, 0, -2, 0, 0, 2,
    -3, -9, 0, 3, 0, -3, -1, 0,
    7, 5, 0, 0, 0, -6, -3, 0,
    0, 0, -6, 0, 0, 0, 0, -6,
    0, 0, 0, 0, -3, 2, 2, -3,
    0, 0, 0, -3, 0, 7, -13, 1,
    -3, 0, 0, 0, 0, 0, 0, -12,
    0, -12, 0, -11, 0, 0, 0, 0,
    0, 0, -13, 0, 0, 0, 0, 0,
    0, 0, 0, -16, 0, 0, 0, 0,
    -18, 0, 0, 0, -11, 0, 0, 0,
    0, 0, 0, 0, 0, 0, 0, 0,
    0, 0, 0, -12, 0, 0, 0, 0,
    -11, 0, 0, 0, 0, -12, 0, 0,
    0, 0, 0, 0, 0, 0, 0, 0,
    0, 0, 0, 0, -13, 5, 0, 0,
    0, 0, 0, 0, 0, -13, -13, -13,
    -13, -18, 0, 0, 0, 0, 0, 0,
    -11, -13, 0, 0, -22, 1, 0, -20,
    0, -11, 0, 0, 0, 0, -11, 0,
    0, 0, -25, -2, -6, 5, 0, 0,
    0, 0, 5, 0, 0, 0, 0, 0,
    1, -13, -6, 0, 0, -13, -13, 0,
    0, 0, 0, -13, 0, 0, 0, 0,
    0, -2, -2, -6, 0, 0, 3, -6,
    0, 0, 0, 0, 0, -24, 0, 0,
    -11, 0, 0, 0, -24, 0, -24, 0,
    0, 0, 0, 0, 0, 0, 0, 0,
    0, 0, -22, 0, 0, -18, 0, -16,
    0, 0, 0, 0, 0, -11, 0, 0,
    0, 0, -5, 0, 0, 0, 0, 0,
    0, 0, 0, 0, 0, 0, 0, 0,
    -5, 0, 0, -11, 0, 0, 0, 0,
    0, 0, 0, 0, 0, 0, 0, 0,
    0, -5, 0, 0, 0, -5, 0, 0,
    0, 0, 0, -24, 0, 0, 0, 0,
    0, -7, 0, -7, 0, 0, 0, 0,
    0, 0, 0, 0, 0, -11, 0, 0,
    0, 0, 0, 0, 0, -17, 0, 0,
    0, 0, 0, 0, 0, 0, 0, 0,
    -7, 6, 0, 0, 0, 0, 6, 0,
    0, 0, 0, 0, 0, -7, -7, 0,
    0, -11, -7, 0, 0, 0, 0, -7,
    0, 0, 0, 0, 0, 0, 0, -7,
    0, 0, 0, -7, 0, 0, 0, 0,
    0, 0, 0, 0, 0, 0, 0, 0,
    0, 0, 0, 0, 0, 0, 0, 0,
    0, 0, 0, 0, 0, 0, 0, 0,
    0, 0, 0, -11, 0, 0, 0, 0,
    0, 0, 0, 0, 0, 0, -5, 0,
    0, 0, 0, 0, 0, 0, 0, 0,
    0, 0, 0, 0, -5, 0, 0, 0,
    0, 0, 0, 0, 0, 0, 0, 0,
    0, 0, 0, 0, 0, -5, 0, 0,
    0, -5, 0, 0, 0, 0, 0, 0,
    0, 0, 0, 0, 0, 0, 0, 0,
    0, 0, 0, 0, 0, 0, 0, 0,
    0, 0, 0, 0, 0, 0, 0, 0,
    0, -22, 0, -11, 0, 0, -22, 0,
    0, 0, 0, 0, 0, 0, 0, 0,
    0, 0, 0, 0, 0, 0, 0, 0,
    0, 0, 0, 0, 0, 0, 0, 0,
    0, 0, 0, 0, 0, 0, 0, 0,
    0, 0, 0, 0, 0, 0, 0, 0,
    0, 0, 0, 0, 0, 0, 0, 0,
    0, 0, 0, 0, 0, 0, 0, 0,
    0, 0, 0, 0, 0, 0, 0, 0,
    0, 0, -11, 0, 0, 0, 0, -25,
    0, -17, -16, -9, -30, 0, 0, 0,
    0, 3, 0, 0, 0, 0, 0, 0,
    0, 0, -6, -5, -7, -5, 0, 0,
    0, 0, -11, 0, 0, 0, 0, 0,
    0, 0, 0, 0, 0, 0, 0, 3,
    3, 0, 0, 0, 0, 0, 0, -6,
    0, 0, 0, 0, 0, 0, 0, 0,
    0, 0, 0, 0, 0, 0, 0, 0,
    0, 0, 0, 0, 0, 0, 0, 0,
    0, 0, 0, 0, 0, 0, 0, 0,
    0, 0, 0, 0, 0, 0, 0, 0,
    0, 0, 11, 0, 0, 0, 0, 0,
    0, 0, 0, 0, 0, 0, 0, 0,
    0, 0, 0, 0, 0, 0, 0, 0,
    0, 0, 0, 0, 0, 0, 0, 0,
    11, 11, 0, 0, 0, 0, 0, 0,
    0, 0, 0, 0, -13, 0, 0, 0,
    0, 0, 0, 0, 0, 0, 0, 0,
    0, 0, 0, 0, 0, 0, -24, 0,
    0, -24, 0, 0, 0, 0, 0, 0,
    0, 0, 0, 0, 0, 0, -11, 0,
    0, 0, 0, 0, 0, 0, 0, 0,
    0, 0, 0, 0, -11, 0, 0, 0,
    0, 0, 0, 0, 0, 0, 0, 0,
    0, 0, 0, 0, 0, -11, 0, 0,
    0, -11, 0, 0, 0, 0, 0, 0,
    0, 0, 0, 0, 0, 0, 0, 0,
    0, 0, 0, 0, 0, 0, 0, 0,
    0, 0, 0, 0, -11, 0, 0, 0,
    0, -16, 0, 0, 0, 0, -20, 0,
    0, 0, 0, 0, 0, 0, 0, 0,
    0, 0, 0, 0, 0, 0, 0, 0,
    0, 0, 0, 0, 0, 0, 0, 0,
    0, 0, 0, 0, 0, 0, 0, 0,
    0, 0, 0, 0, 0, 0, 0, 0,
    0, 0, 0, 0, 0, 0, 0, 0,
    0, 0, 0, 0, 0, 0, 0, 0,
    0, 0, 0, 0, 0, 0, 0, 0,
    0, 0, 0, 0, 0, 0, 0, -16,
    0, 0, 0, 0, 0, 0, 0, 0,
    0, 0, 0, 0, 0, 0, 0, 0,
    0, 0, 0, 0, 0, 0, 0, 0,
    0, 0, 0, 0, 0, 0, 0, 0,
    0, 0, 0, 0, 0, 0, 0, 0,
    0, 0, 0, 0, 0, 0, 0, 0,
    0, 0, 0, 0, 0, 0, 0, 0,
    0, 0, 0, 0, 0, 0, 0, 0,
    0, 0, 0, 0, 0, 0, 0, 0,
    -23, 0, -2, -23, 0, 0, 0, 0,
    0, -2, -3, 0, 0, 0, 0, -4,
    -9, 0, 0, 0, 0, -4, 0, 0,
    0, 0, 0, 0, 0, 0, 0, 0,
    0, 0, 0, 0, 0, 0, 0, 0,
    0, 0, 0, 0, 0, -4, -4, -9,
    0, 0, 0, -9, 0, 0, 0, 0,
    0, 0, 0, 0, 0, 0, 0, 0,
    0, 0, 0, 0, 0, 0, 0, 0,
    0, 0, 0, 0, 0, 0, 0, 0,
    0, 0, 0, -16, 0, 0, 0, 0,
    -18, 0, 0, 0, 0, 0, 0, 0,
    0, 0, 0, 0, 0, 0, 0, 0,
    0, 0, 0, 0, 0, 0, 0, 0,
    0, 0, 0, 0, 0, 0, 0, 0,
    0, 0, 0, 0, 0, 0, 0, 0,
    0, 0, 0, 0, 0, 0, 0, 0,
    0, 0, 0, 0, 0, 0, 0, 0,
    0, 0, 0, 0, 0, 0, 0, 0,
    0, 0, 0, 0, -11, 0, 0, -15,
    0, -25, 0, -13, -13, -15, -16, 0,
    0, 0, 0, 0, 0, 0, 0, 0,
    0, 0, 0, 0, 0, 0, -7, 0,
    0, 0, 0, 0, 0, 0, 0, 0,
    0, 0, 0, 0, 0, 0, 0, 0,
    0, 0, 0, 0, 0, 0, 0, 0,
    0, 0, 0, 0, 0, 0, 0, 0,
    0, 0, 0, 0, 0, 0, 0, 0,
    0, 0, 0, 0, 0, 0, 0, 0,
    0, 0, -11, 0, 0, 0, 0, -42,
    0, -20, -18, -13, -29, -11, 0, 0,
    0, 0, 0, 0, 0, 0, 0, 0,
    0, 0, -11, -11, -11, 0, 0, 0,
    0, 0, 0, 0, 0, 0, 0, 0,
    0, 0, 0, 0, 0, 0, 0, 0,
    0, 0, 0, 0, 0, 0, 0, -11,
    0, 0, 0, 0, 0, 0, 0, 0,
    0, 0, 0, 0, 0, 0, 0, 0,
    0, 0, 0, 0, 0, 0, 0, 0,
    0, 0, 0, 0, 0, -22, 0, -29,
    -26, 0, 0, 0, 0, 0, 0, 0,
    0, 0, 0, 0, 0, 0, 0, 0,
    0, 0, 0, 0, 0, 0, 0, 0,
    0, 0, 0, 0, 0, 0, 0, 0,
    0, 0, 0, 0, 0, 0, 0, 0,
    0, 0, 0, 0, 0, 0, 0, 0,
    0, 0, 0, 0, 0, 0, 0, 0,
    0, 0, 0, 0, 0, 0, 0, 0,
    0, 0, 0, 0, 0, 0, 0, 0,
    0, 0, 0, 0, 0, 0, 0, 0,
    0, 0, 0, 0, 0, 0, 0, 0,
    0, 0, 0, 0, 0, 0, 0, 0,
    0, 0, 0, 0, 0, 0, 0, 0,
    0, 0, 0, 0, 0, 0, 0, 0,
    0, 0, 0, 0, 0, 0, 0, 0,
    8, 0, 0, 0, 0, 0, 0, 0,
    0, 0, 0, 0, 0, 0, 0, 0,
    0, 0, 0, 0, 0, 0, 0, 0,
    0, 0, 0, 0, -11, 0, 0, 0,
    0, -18, 0, -13, 0, -15, -15, 0,
    0, 0, 0, 0, 0, 0, 0, 0,
    0, 0, 0, 0, 0, 0, 0, 0,
    0, 0, 0, 0, 0, 0, 0, 0,
    0, 0, 0, 0, 0, 0, 0, 0,
    0, 0, 0, 0, 0, 0, 0, 0,
    0, 0, 0, 0, 0, 0, 0, 0,
    0, 0, 0, 0, -33, 0, -33, 0,
    0, 0, 0, 0, 0, 0, 0, 0,
    0, 0, -13, 0, 0, -13, 0, -18,
    0, -16, 0, 0, 0, -13, -16, 0,
    0, 0, 0, 0, 0, 0, 0, 0,
    0, 0, 0, 0, 0, 0, 0, 0,
    0, 0, 0, 0, 0, 0, 0, 0,
    0, 0, 0, 0, 0, 0, 0, 0,
    0, 0, 0, 0, 0, 0, 0, 0,
    -18, 0, 0, -33, 0, 0, 0, 0,
    0, 0, 0, 0, 0, 0, 0, 0,
    0, 0, 0, 0, 0, 0, 0, 0,
    0, 0, 0, 0, 0, -18, 0, 0,
    0, 0, 0, 0, 0, 0, 0, 0,
    0, 0, 0, 0, 0, 0, 0, 0,
    0, 0, 0, 0, 0, 0, 0, 0,
    0, 0, 0, 0, 0, 0, 0, 0,
    0, 0, 0, 0, 0, 0, 0, 0,
    0, 0, 11, 0, 0, 0, -22, 0,
    0, 0, 0, 0, 0, 0, 0, 0,
    0, 0, 0, 0, 0, 0, 0, 0,
    0, 0, 0, 0, 0, 0, 0, 0,
    0, 0, 0, -25, 0, 0, 0, 0,
    0, 0, 0, 0, 0, 0, 0, 0,
    0, 0, 0, 0, 0, 0, 0, 0,
    0, 0, 0, 0, 0, 0, 0, 0,
    0, 0, 0, 0, 0, 0, 0, 0,
    0, 0, 0, 0, 0, 0, 0, 0,
    0, 0, 0, 0, 0, 0, 0, 0,
    0, 0, 0, 0, 0, 0, 0, 0,
    0, 0, 0, 0, 0, 0, 0, 0,
    0, 0, 0, 0, 0, 0, 0, 0,
    0, 0, 0, 0, 0, 0, 0, 0,
    0, 0, 0, 0, 0, 0, 0, 0,
    0, 0, 0, 0, 0, 0, 0, 0,
    0, 0, 0, 0, 0, 0, 0, 0,
    0, 0, 0, 0, 0, 0, 0, 0,
    0, 0, 0, 0, 0, 0, 11, 0,
    0, 0, 0, 0, 0, 0, 0, 0,
    0, 0, 0, 0, 0, 0, 0, 0,
    0, 15, 0, 0, 29, 0, 0, 0,
    0, 0, 0, 19, 0, 0, 0, 29,
    0, 27, 0, 0, 0, 29, 27, 0,
    0, 0, 0, 13, 20, 20, 9, 0,
    16, 0, 0, 0, 0, 0, 19, 0,
    0, 0, 0, 0, 0, 0, 0, 0,
    0, 0, 0, 0, 8, 0, 0, 0,
    0, 0, 11, 20, 52, 0, 0, 0,
    0, 0, 0, 0, -2, 0, 0, 0,
    0, 0, 0, 0, 0, 0, 0, -13,
    0, 0, 0, 0, 0, 0, 0, 0,
    0, 0, 0, 0, 0, -16, 0, -16,
    -16, 0, -26, 0, -16, 0, 0, 0,
    0, 0, 0, 0, 0, 0, 0, 0,
    -5, 0, 0, 0, 0, 0, 0, 0,
    0, 0, 0, -3, 0, 0, 0, 0,
    0, 0, 0, 0, 0, 0, 0, 0,
    0, 0, 0, 0, 0, -5, -15, -7,
    0, 0, -5, 0, 0, -4, 0, 0,
    0, 0, 0, 0, 0, -11, 0, 0,
    0, 0, 0, 0, 0, 0, -11, 0,
    0, 0, 0, -16, 0, -17, -16, -9,
    -30, 0, -17, 0, 0, 3, 0, 0,
    0, 0, 0, 0, 0, 0, -6, -5,
    -7, -5, 0, 0, 0, 0, -11, 0,
    0, -4, 0, 0, 0, 0, 0, 0,
    0, 0, 0, 3, 3, 0, 0, 0,
    0, 0, 0, -6, -20, -7, 0, 0,
    0, 0, 0, 0, 0, 0, 0, 0,
    0, 0, 0, 0, 0, 0, 0, 0,
    0, 0, 0, 0, -31, 0, 0, -47,
    0, 0, 0, 0, 0, 0, 0, 0,
    0, 0, 0, 0, -12, 0, 0, 0,
    0, -6, 0, 0, 0, 0, 0, 0,
    0, 0, 0, 0, 0, 0, 0, 0,
    0, 0, 0, 0, 0, 0, 0, 0,
    0, 0, 0, -12, 0, 0, 0, -12,
    0, 0, 0, 0, 0, 0, 0, 0,
    0, 0, 0, 0, 0, 0, 0, 0,
    0, 0, 0, 0, 0, 0, 0, 0,
    0, 0, -44, 0, -18, -40, 0, 0,
    0, 0, 0, 0, 0, 0, 0, 0,
    0, -18, -20, 0, 0, 0, -7, -24,
    4, -13, 4, 0, 0, 0, 0, 0,
    0, 0, 0, 0, 0, 0, 0, 0,
    0, 0, 0, 0, 0, 0, 0, -18,
    -18, -20, 0, 0, 0, -20, -13, 4,
    0, 0, 0, 0, 0, 0, 0, 0,
    0, 0, 0, 0, 0, 0, 0, 0,
    0, 0, 0, 0, 0, 0, 0, 0,
    -11, 0, 0, 0, 0, -11, 0, -13,
    0, -15, -15, 0, 0, 0, 0, 0,
    0, 0, 0, 0, 0, 0, 0, 0,
    0, 0, 0, 0, 0, 0, 0, 0,
    0, 0, 0, 0, 0, 0, 0, 0,
    0, 0, 0, 0, 0, 0, 0, 0,
    0, 0, 0, 0, 0, 0, 0, 0,
    0, 0
};


/*Collect the kern class' data in one place*/
static const lv_font_fmt_txt_kern_classes_t kern_classes =
{
    .class_pair_values   = kern_class_values,
    .left_class_mapping  = kern_left_class_mapping,
    .right_class_mapping = kern_right_class_mapping,
    .left_class_cnt      = 75,
    .right_class_cnt     = 78,
};

/*--------------------
 *  ALL CUSTOM DATA
 *--------------------*/

#if LVGL_VERSION_MAJOR == 8
/*Store all the custom data of the font*/
static  lv_font_fmt_txt_glyph_cache_t cache;
#endif

#if LVGL_VERSION_MAJOR >= 8
static const lv_font_fmt_txt_dsc_t font_dsc = {
#else
static lv_font_fmt_txt_dsc_t font_dsc = {
#endif
    .glyph_bitmap = glyph_bitmap,
    .glyph_dsc = glyph_dsc,
    .cmaps = cmaps,
    .kern_dsc = &kern_classes,
    .kern_scale = 16,
    .cmap_num = 4,
    .bpp = 4,
    .kern_classes = 1,
    .bitmap_format = 0,
#if LVGL_VERSION_MAJOR == 8
    .cache = &cache
#endif
};



/*-----------------
 *  PUBLIC FONT
 *----------------*/

/*Initialize a public general font descriptor*/
#if LVGL_VERSION_MAJOR >= 8
const lv_font_t font_inter_medium_20 = {
#else
lv_font_t font_inter_medium_20 = {
#endif
    .get_glyph_dsc = lv_font_get_glyph_dsc_fmt_txt,    /*Function pointer to get glyph's data*/
    .get_glyph_bitmap = lv_font_get_bitmap_fmt_txt,    /*Function pointer to get glyph's bitmap*/
    .line_height = 26,          /*The maximum line height required by the font*/
    .base_line = 5,             /*Baseline measured from the bottom of the line*/
#if !(LVGL_VERSION_MAJOR == 6 && LVGL_VERSION_MINOR == 0)
    .subpx = LV_FONT_SUBPX_NONE,
#endif
#if LV_VERSION_CHECK(7, 4, 0) || LVGL_VERSION_MAJOR >= 8
    .underline_position = -3,
    .underline_thickness = 2,
#endif
    .dsc = &font_dsc,          /*The custom font data. Will be accessed by `get_glyph_bitmap/dsc` */
#if LV_VERSION_CHECK(8, 2, 0) || LVGL_VERSION_MAJOR >= 9
    .fallback = NULL,
#endif
    .user_data = NULL,
};



#endif /*#if FONT_INTER_MEDIUM_20*/

