/* SPDX-License-Identifier: OFL-1.1 */
/* Glyph data converted from Nunito (SIL OFL 1.1); licence text: licenses/OFL-1.1-Nunito.txt */
/*******************************************************************************
 * Size: 18 px
 * Bpp: 4
 * Opts: --font Nunito-VF-wght700.ttf --size 18 --bpp 4 --format lvgl --range 0x20-0x7E,0xA0-0xFF,0x2018-0x201D,0x2026,0x2022 --no-compress --force-fast-kern-format --lv-font-name diskos_stone_ui_18 -o font_stone_ui_18.c
 ******************************************************************************/

#ifdef LV_LVGL_H_INCLUDE_SIMPLE
#include "lvgl.h"
#else
#include "lvgl/lvgl.h"
#endif

#ifndef DISKOS_STONE_UI_18
#define DISKOS_STONE_UI_18 1
#endif

#if DISKOS_STONE_UI_18

/*-----------------
 *    BITMAPS
 *----------------*/

/*Store the image of the glyphs*/
static LV_ATTRIBUTE_LARGE_CONST const uint8_t glyph_bitmap[] = {
    /* U+0020 " " */

    /* U+0021 "!" */
    0xb, 0xf4, 0xf, 0xf8, 0xf, 0xf6, 0xe, 0xf5,
    0xc, 0xf4, 0xb, 0xf3, 0xa, 0xf1, 0x9, 0xf0,
    0x7, 0xe0, 0x0, 0x10, 0x6, 0x92, 0x1f, 0xf8,
    0xb, 0xf4,

    /* U+0022 "\"" */
    0xb, 0xe2, 0x1e, 0xc0, 0xf, 0xf5, 0x4f, 0xf0,
    0xd, 0xf3, 0x2f, 0xf0, 0xc, 0xf2, 0x1f, 0xd0,
    0xa, 0xf0, 0xf, 0xb0, 0x2, 0x50, 0x5, 0x30,

    /* U+0023 "#" */
    0x0, 0x1, 0xe4, 0x4, 0xf2, 0x0, 0x0, 0x6f,
    0x30, 0x8f, 0x0, 0x0, 0x2a, 0xf2, 0x2c, 0xd1,
    0x0, 0xdf, 0xff, 0xff, 0xff, 0xf0, 0x2, 0x5f,
    0xb5, 0x6f, 0x93, 0x0, 0x2, 0xf6, 0x5, 0xf3,
    0x0, 0x0, 0x6f, 0x30, 0x9f, 0x0, 0x0, 0x1a,
    0xf2, 0x2c, 0xd2, 0x0, 0x3f, 0xff, 0xff, 0xff,
    0xfa, 0x0, 0x4f, 0xb5, 0x6f, 0x95, 0x10, 0x2,
    0xf7, 0x4, 0xf4, 0x0, 0x0, 0x4f, 0x40, 0x7f,
    0x10, 0x0, 0x5, 0xe1, 0x7, 0xc0, 0x0, 0x0,

    /* U+0024 "$" */
    0x0, 0x0, 0x2f, 0x50, 0x0, 0x0, 0x0, 0x5,
    0xf7, 0x0, 0x0, 0x0, 0x3a, 0xff, 0xfc, 0x60,
    0x0, 0x4f, 0xff, 0xef, 0xff, 0xa0, 0xd, 0xfb,
    0x10, 0x3, 0xa7, 0x1, 0xff, 0x30, 0x0, 0x0,
    0x0, 0x1f, 0xf6, 0x0, 0x0, 0x0, 0x0, 0xbf,
    0xfc, 0x84, 0x0, 0x0, 0x1, 0xbf, 0xff, 0xff,
    0x91, 0x0, 0x0, 0x26, 0xae, 0xff, 0xb0, 0x0,
    0x0, 0x0, 0x7, 0xff, 0x10, 0x0, 0x0, 0x0,
    0x1f, 0xf2, 0x2d, 0x82, 0x0, 0x19, 0xfe, 0x2,
    0xff, 0xff, 0xff, 0xff, 0x50, 0x2, 0x9d, 0xff,
    0xfa, 0x30, 0x0, 0x0, 0x5, 0xf7, 0x0, 0x0,
    0x0, 0x0, 0x2f, 0x50, 0x0, 0x0,

    /* U+0025 "%" */
    0x0, 0x0, 0x0, 0x0, 0x0, 0x0, 0x0, 0x0,
    0x0, 0x1a, 0xff, 0xa0, 0x0, 0x0, 0xd9, 0x0,
    0x0, 0xa, 0xfa, 0xaf, 0xa0, 0x0, 0x8f, 0x70,
    0x0, 0x1, 0xfc, 0x0, 0xdf, 0x10, 0x1f, 0xd0,
    0x0, 0x0, 0x3f, 0xa0, 0xa, 0xf2, 0xa, 0xf4,
    0x0, 0x0, 0x2, 0xfb, 0x0, 0xbf, 0x23, 0xfb,
    0x0, 0x0, 0x0, 0xe, 0xf2, 0x2f, 0xe0, 0xcf,
    0x39, 0xff, 0xa0, 0x0, 0x5f, 0xff, 0xf5, 0x6f,
    0x99, 0xfb, 0xaf, 0xa0, 0x0, 0x27, 0x72, 0xe,
    0xe1, 0xfd, 0x0, 0xcf, 0x10, 0x0, 0x0, 0x8,
    0xf6, 0x2f, 0xa0, 0x9, 0xf3, 0x0, 0x0, 0x2,
    0xfd, 0x2, 0xfa, 0x0, 0x9f, 0x30, 0x0, 0x0,
    0xbf, 0x40, 0xf, 0xd0, 0xd, 0xf1, 0x0, 0x0,
    0x4f, 0xb0, 0x0, 0x9f, 0xba, 0xfa, 0x0, 0x0,
    0xa, 0xf2, 0x0, 0x0, 0x9f, 0xfa, 0x0, 0x0,
    0x0, 0x13, 0x0, 0x0, 0x0, 0x0, 0x0, 0x0,

    /* U+0026 "&" */
    0x0, 0x4c, 0xff, 0xb1, 0x0, 0x0, 0x3, 0xff,
    0xac, 0xfc, 0x0, 0x0, 0x8, 0xf9, 0x0, 0xdf,
    0x10, 0x0, 0x8, 0xf9, 0x0, 0xef, 0x0, 0x0,
    0x3, 0xff, 0x6d, 0xf8, 0x0, 0x0, 0x0, 0x9f,
    0xff, 0x80, 0xd, 0x90, 0x6, 0xff, 0xff, 0x30,
    0x2f, 0xb0, 0x5f, 0xf5, 0x9f, 0xe2, 0x6f, 0x80,
    0xcf, 0x70, 0x9, 0xfe, 0xdf, 0x30, 0xff, 0x40,
    0x0, 0xaf, 0xfb, 0x0, 0xdf, 0xb0, 0x0, 0x6f,
    0xfe, 0x10, 0x5f, 0xff, 0xdf, 0xfe, 0xbf, 0xd1,
    0x3, 0xbe, 0xfe, 0x91, 0xa, 0xf3,

    /* U+0027 "'" */
    0xb, 0xe2, 0xf, 0xf5, 0xd, 0xf3, 0xc, 0xf2,
    0xa, 0xf0, 0x2, 0x50,

    /* U+0028 "(" */
    0x0, 0x1c, 0x50, 0x9, 0xf7, 0x1, 0xff, 0x20,
    0x7f, 0xd0, 0xb, 0xf9, 0x0, 0xff, 0x60, 0x1f,
    0xf4, 0x2, 0xff, 0x30, 0x3f, 0xf3, 0x2, 0xff,
    0x40, 0xf, 0xf5, 0x0, 0xdf, 0x80, 0x9, 0xfb,
    0x0, 0x4f, 0xf0, 0x0, 0xdf, 0x40, 0x5, 0xf8,
    0x0, 0x4, 0x10,

    /* U+0029 ")" */
    0xc, 0x60, 0x0, 0xff, 0x10, 0xb, 0xf8, 0x0,
    0x6f, 0xe0, 0x2, 0xff, 0x20, 0xf, 0xf6, 0x0,
    0xdf, 0x80, 0xc, 0xf9, 0x0, 0xcf, 0xa0, 0xd,
    0xf9, 0x0, 0xef, 0x70, 0xf, 0xf4, 0x4, 0xff,
    0x10, 0x8f, 0xb0, 0xd, 0xf5, 0x1, 0xfc, 0x0,
    0x4, 0x10, 0x0,

    /* U+002A "*" */
    0x0, 0xb3, 0x1b, 0x10, 0x0, 0xdb, 0x9f, 0x10,
    0x1, 0x5f, 0xf7, 0x10, 0x5f, 0xff, 0xff, 0xf7,
    0x0, 0x8e, 0xda, 0x0, 0x0, 0xf7, 0x5f, 0x30,
    0x0, 0x30, 0x3, 0x0,

    /* U+002B "+" */
    0x0, 0x0, 0x0, 0x0, 0x0, 0x0, 0x0, 0x5f,
    0x20, 0x0, 0x0, 0x0, 0x6f, 0x30, 0x0, 0x0,
    0x0, 0x6f, 0x30, 0x0, 0x8, 0x99, 0xcf, 0xb9,
    0x96, 0x1e, 0xff, 0xff, 0xff, 0xfc, 0x0, 0x0,
    0x6f, 0x30, 0x0, 0x0, 0x0, 0x6f, 0x30, 0x0,
    0x0, 0x0, 0x6f, 0x30, 0x0, 0x0, 0x0, 0x4f,
    0x20, 0x0,

    /* U+002C "," */
    0x6, 0x91, 0x1f, 0xf8, 0xb, 0xf8, 0x1, 0xf4,
    0x8, 0xc0, 0x1, 0x0,

    /* U+002D "-" */
    0x9c, 0xcc, 0xc6, 0xbf, 0xff, 0xf9,

    /* U+002E "." */
    0x6, 0x92, 0x1f, 0xf8, 0xb, 0xf4,

    /* U+002F "/" */
    0x0, 0x0, 0xc, 0xa0, 0x0, 0x3, 0xfa, 0x0,
    0x0, 0x8f, 0x50, 0x0, 0xd, 0xf0, 0x0, 0x2,
    0xfa, 0x0, 0x0, 0x7f, 0x50, 0x0, 0xc, 0xf1,
    0x0, 0x1, 0xfb, 0x0, 0x0, 0x6f, 0x60, 0x0,
    0xb, 0xf1, 0x0, 0x1, 0xfc, 0x0, 0x0, 0x6f,
    0x70, 0x0, 0xb, 0xf2, 0x0, 0x0, 0xfd, 0x0,
    0x0, 0x1e, 0x70, 0x0, 0x0,

    /* U+0030 "0" */
    0x0, 0x19, 0xef, 0xe8, 0x0, 0x0, 0xd, 0xff,
    0xef, 0xfb, 0x0, 0x8, 0xfd, 0x20, 0x3f, 0xf5,
    0x0, 0xdf, 0x60, 0x0, 0x9f, 0xa0, 0x1f, 0xf2,
    0x0, 0x5, 0xfe, 0x2, 0xff, 0x0, 0x0, 0x3f,
    0xf0, 0x3f, 0xf0, 0x0, 0x3, 0xff, 0x2, 0xff,
    0x0, 0x0, 0x3f, 0xf0, 0x1f, 0xf2, 0x0, 0x5,
    0xfd, 0x0, 0xdf, 0x60, 0x0, 0x9f, 0xa0, 0x7,
    0xfe, 0x20, 0x4f, 0xf4, 0x0, 0xd, 0xff, 0xef,
    0xfa, 0x0, 0x0, 0x19, 0xef, 0xd7, 0x0, 0x0,

    /* U+0031 "1" */
    0x0, 0x3, 0xce, 0x0, 0x0, 0x1a, 0xff, 0xf2,
    0x0, 0x1e, 0xff, 0xff, 0x20, 0x0, 0xc9, 0x4f,
    0xf2, 0x0, 0x0, 0x2, 0xff, 0x20, 0x0, 0x0,
    0x2f, 0xf2, 0x0, 0x0, 0x2, 0xff, 0x20, 0x0,
    0x0, 0x2f, 0xf2, 0x0, 0x0, 0x2, 0xff, 0x20,
    0x0, 0x0, 0x2f, 0xf2, 0x0, 0x0, 0x2, 0xff,
    0x20, 0x1, 0xde, 0xef, 0xfe, 0xeb, 0x1e, 0xff,
    0xff, 0xff, 0xc0,

    /* U+0032 "2" */
    0x0, 0x7c, 0xff, 0xd8, 0x0, 0x0, 0xdf, 0xff,
    0xff, 0xfc, 0x0, 0xa, 0xa2, 0x0, 0x7f, 0xf3,
    0x0, 0x0, 0x0, 0x0, 0xff, 0x50, 0x0, 0x0,
    0x0, 0xf, 0xf4, 0x0, 0x0, 0x0, 0x6, 0xfe,
    0x0, 0x0, 0x0, 0x3, 0xff, 0x60, 0x0, 0x0,
    0x2, 0xef, 0xa0, 0x0, 0x0, 0x1, 0xef, 0xb0,
    0x0, 0x0, 0x1, 0xdf, 0xc0, 0x0, 0x0, 0x0,
    0xcf, 0xc0, 0x0, 0x0, 0x0, 0x9f, 0xff, 0xee,
    0xee, 0xb0, 0x8, 0xff, 0xff, 0xff, 0xfd, 0x0,

    /* U+0033 "3" */
    0x0, 0x7c, 0xff, 0xe9, 0x10, 0xc, 0xff, 0xff,
    0xff, 0xd0, 0x9, 0xa3, 0x0, 0x5f, 0xf4, 0x0,
    0x0, 0x0, 0xe, 0xf5, 0x0, 0x0, 0x0, 0x6f,
    0xf1, 0x0, 0xc, 0xef, 0xfe, 0x30, 0x0, 0xd,
    0xff, 0xff, 0x80, 0x0, 0x0, 0x0, 0x4e, 0xf5,
    0x0, 0x0, 0x0, 0x9, 0xfa, 0x0, 0x0, 0x0,
    0x9, 0xfb, 0x1c, 0x93, 0x0, 0x4f, 0xf7, 0x2f,
    0xff, 0xff, 0xff, 0xd1, 0x2, 0x8d, 0xff, 0xd8,
    0x10,

    /* U+0034 "4" */
    0x0, 0x0, 0x0, 0x7f, 0x60, 0x0, 0x0, 0x0,
    0x4f, 0xf9, 0x0, 0x0, 0x0, 0x1e, 0xff, 0x90,
    0x0, 0x0, 0xb, 0xfe, 0xf9, 0x0, 0x0, 0x7,
    0xf8, 0xbf, 0x90, 0x0, 0x3, 0xfd, 0xb, 0xf9,
    0x0, 0x0, 0xdf, 0x20, 0xbf, 0x90, 0x0, 0x9f,
    0x60, 0xb, 0xf9, 0x0, 0x3f, 0xfe, 0xee, 0xff,
    0xfe, 0x43, 0xff, 0xff, 0xff, 0xff, 0xf5, 0x0,
    0x0, 0x0, 0xbf, 0x90, 0x0, 0x0, 0x0, 0xb,
    0xf9, 0x0, 0x0, 0x0, 0x0, 0x7f, 0x50, 0x0,

    /* U+0035 "5" */
    0x4f, 0xff, 0xff, 0xff, 0x50, 0x7f, 0xfe, 0xee,
    0xee, 0x40, 0x7f, 0xc0, 0x0, 0x0, 0x0, 0x7f,
    0xc0, 0x0, 0x0, 0x0, 0x7f, 0xc0, 0x0, 0x0,
    0x0, 0x7f, 0xda, 0xff, 0xc4, 0x0, 0x7f, 0xff,
    0xef, 0xff, 0x50, 0x5f, 0xa1, 0x1, 0xbf, 0xd0,
    0x0, 0x0, 0x0, 0x3f, 0xf1, 0x0, 0x0, 0x0,
    0x3f, 0xf0, 0x8c, 0x50, 0x2, 0xcf, 0xc0, 0x9f,
    0xff, 0xff, 0xff, 0x30, 0x5, 0xbe, 0xfe, 0xa2,
    0x0,

    /* U+0036 "6" */
    0x0, 0x3, 0xbe, 0xfd, 0x81, 0x0, 0x6, 0xff,
    0xff, 0xff, 0xe0, 0x2, 0xff, 0x91, 0x2, 0x88,
    0x0, 0x9f, 0xb0, 0x0, 0x0, 0x0, 0xd, 0xf5,
    0x0, 0x0, 0x0, 0x0, 0xff, 0x38, 0xef, 0xc4,
    0x0, 0xf, 0xfb, 0xfd, 0xff, 0xf5, 0x0, 0xff,
    0xf3, 0x0, 0xaf, 0xd0, 0xe, 0xfa, 0x0, 0x2,
    0xff, 0x0, 0xbf, 0xa0, 0x0, 0x2f, 0xf0, 0x4,
    0xff, 0x30, 0xa, 0xfc, 0x0, 0x9, 0xff, 0xdf,
    0xff, 0x30, 0x0, 0x6, 0xdf, 0xfb, 0x30, 0x0,

    /* U+0037 "7" */
    0x1e, 0xff, 0xff, 0xff, 0xfb, 0xd, 0xff, 0xff,
    0xff, 0xfd, 0x0, 0x0, 0x0, 0x1f, 0xf7, 0x0,
    0x0, 0x0, 0x8f, 0xe0, 0x0, 0x0, 0x1, 0xff,
    0x60, 0x0, 0x0, 0x9, 0xfd, 0x0, 0x0, 0x0,
    0x2f, 0xf5, 0x0, 0x0, 0x0, 0xaf, 0xd0, 0x0,
    0x0, 0x2, 0xff, 0x50, 0x0, 0x0, 0xb, 0xfd,
    0x0, 0x0, 0x0, 0x3f, 0xf4, 0x0, 0x0, 0x0,
    0xbf, 0xc0, 0x0, 0x0, 0x0, 0xbe, 0x30, 0x0,
    0x0,

    /* U+0038 "8" */
    0x0, 0x5b, 0xff, 0xeb, 0x30, 0x0, 0x6f, 0xfe,
    0xdf, 0xff, 0x40, 0xe, 0xf8, 0x0, 0xb, 0xfb,
    0x0, 0xff, 0x30, 0x0, 0x5f, 0xc0, 0xb, 0xf9,
    0x0, 0xb, 0xf8, 0x0, 0x1c, 0xfe, 0xdf, 0xfb,
    0x0, 0x2, 0xdf, 0xff, 0xff, 0xb1, 0x0, 0xdf,
    0x81, 0x2, 0xbf, 0xa0, 0x3f, 0xe0, 0x0, 0x1,
    0xff, 0x4, 0xfe, 0x0, 0x0, 0x1f, 0xf1, 0x1f,
    0xf6, 0x0, 0x9, 0xfe, 0x0, 0x8f, 0xfe, 0xdf,
    0xff, 0x50, 0x0, 0x5c, 0xff, 0xeb, 0x30, 0x0,

    /* U+0039 "9" */
    0x0, 0x4c, 0xff, 0xc5, 0x0, 0x6, 0xff, 0xed,
    0xff, 0x70, 0xf, 0xf7, 0x0, 0x5f, 0xf2, 0x3f,
    0xf0, 0x0, 0xc, 0xf7, 0x3f, 0xf0, 0x0, 0xd,
    0xfb, 0xf, 0xf8, 0x0, 0x5f, 0xfd, 0x8, 0xff,
    0xee, 0xfb, 0xfd, 0x0, 0x7d, 0xfd, 0x66, 0xfc,
    0x0, 0x0, 0x0, 0x8, 0xfa, 0x0, 0x0, 0x0,
    0xe, 0xf5, 0xa, 0x71, 0x2, 0xbf, 0xe0, 0x1f,
    0xff, 0xff, 0xff, 0x30, 0x2, 0xae, 0xfe, 0x92,
    0x0,

    /* U+003A ":" */
    0xb, 0xf4, 0xf, 0xf8, 0x6, 0x91, 0x0, 0x0,
    0x0, 0x0, 0x0, 0x0, 0x6, 0x92, 0x1f, 0xf8,
    0xb, 0xf4,

    /* U+003B ";" */
    0xb, 0xf4, 0xf, 0xf8, 0x6, 0x91, 0x0, 0x0,
    0x0, 0x0, 0x0, 0x0, 0x6, 0x91, 0x1f, 0xf8,
    0xb, 0xf8, 0x1, 0xf4, 0x8, 0xc0, 0x1, 0x0,

    /* U+003C "<" */
    0x0, 0x0, 0x0, 0x0, 0x36, 0x0, 0x0, 0x0,
    0x5, 0xcf, 0xf0, 0x0, 0x1, 0x8e, 0xfe, 0x81,
    0x0, 0x3a, 0xff, 0xc5, 0x0, 0x0, 0xf, 0xfa,
    0x30, 0x0, 0x0, 0x0, 0xcf, 0xe8, 0x20, 0x0,
    0x0, 0x0, 0x4b, 0xff, 0xb4, 0x0, 0x0, 0x0,
    0x2, 0x9f, 0xfd, 0x60, 0x0, 0x0, 0x0, 0x6,
    0xdf, 0x0, 0x0, 0x0, 0x0, 0x0, 0x10,

    /* U+003D "=" */
    0x1f, 0xff, 0xff, 0xff, 0xfc, 0x8, 0x99, 0x99,
    0x99, 0x96, 0x0, 0x0, 0x0, 0x0, 0x0, 0x8,
    0x99, 0x99, 0x99, 0x96, 0x1e, 0xff, 0xff, 0xff,
    0xfc,

    /* U+003E ">" */
    0x6, 0x20, 0x0, 0x0, 0x0, 0x2f, 0xfb, 0x40,
    0x0, 0x0, 0x2, 0x9f, 0xfd, 0x60, 0x0, 0x0,
    0x0, 0x7d, 0xff, 0x91, 0x0, 0x0, 0x0, 0x4c,
    0xfc, 0x0, 0x0, 0x3, 0xaf, 0xf9, 0x0, 0x5,
    0xcf, 0xfa, 0x30, 0x8, 0xef, 0xe8, 0x10, 0x0,
    0x2f, 0xc5, 0x0, 0x0, 0x0, 0x1, 0x0, 0x0,
    0x0, 0x0,

    /* U+003F "?" */
    0x6, 0xcf, 0xfd, 0x70, 0xbf, 0xff, 0xff, 0xf8,
    0xab, 0x30, 0x9, 0xfe, 0x0, 0x0, 0x5, 0xfe,
    0x0, 0x0, 0xb, 0xf9, 0x0, 0x0, 0x8f, 0xd1,
    0x0, 0x3, 0xfd, 0x10, 0x0, 0x9, 0xf2, 0x0,
    0x0, 0xa, 0xc0, 0x0, 0x0, 0x1, 0x10, 0x0,
    0x0, 0x8, 0x80, 0x0, 0x0, 0x5f, 0xf4, 0x0,
    0x0, 0x2e, 0xd1, 0x0,

    /* U+0040 "@" */
    0x0, 0x0, 0x4, 0xad, 0xff, 0xea, 0x40, 0x0,
    0x0, 0x0, 0x1c, 0xfd, 0x86, 0x68, 0xdf, 0xa0,
    0x0, 0x0, 0x2e, 0xe4, 0x0, 0x0, 0x0, 0x5f,
    0xa0, 0x0, 0xc, 0xe2, 0x0, 0x0, 0x0, 0x0,
    0x4f, 0x50, 0x5, 0xf6, 0x0, 0x4c, 0xfd, 0x4e,
    0x70, 0xbb, 0x0, 0xae, 0x0, 0x4f, 0xe8, 0x9f,
    0xf7, 0x6, 0xf0, 0xe, 0xb0, 0xd, 0xf2, 0x0,
    0xbf, 0x40, 0x4f, 0x10, 0xf9, 0x2, 0xfb, 0x0,
    0x9, 0xf1, 0x4, 0xf1, 0xf, 0x80, 0x3f, 0x80,
    0x0, 0xaf, 0x0, 0x6f, 0x0, 0xea, 0x2, 0xf9,
    0x0, 0xf, 0xd0, 0xb, 0xc0, 0xb, 0xd0, 0xe,
    0xe3, 0x2b, 0xff, 0x25, 0xf5, 0x0, 0x6f, 0x40,
    0x4e, 0xff, 0xa3, 0xff, 0xf8, 0x0, 0x0, 0xdd,
    0x10, 0x3, 0x20, 0x0, 0x31, 0x0, 0x0, 0x3,
    0xfd, 0x20, 0x0, 0x0, 0x6, 0x60, 0x0, 0x0,
    0x3, 0xdf, 0xb7, 0x66, 0x9d, 0xf8, 0x0, 0x0,
    0x0, 0x0, 0x6b, 0xef, 0xfd, 0x93, 0x0, 0x0,

    /* U+0041 "A" */
    0x0, 0x0, 0x4, 0xfa, 0x0, 0x0, 0x0, 0x0,
    0x0, 0xdf, 0xf4, 0x0, 0x0, 0x0, 0x0, 0x4f,
    0xef, 0xb0, 0x0, 0x0, 0x0, 0xc, 0xf4, 0xef,
    0x20, 0x0, 0x0, 0x3, 0xfd, 0x7, 0xf9, 0x0,
    0x0, 0x0, 0xaf, 0x70, 0x1f, 0xf1, 0x0, 0x0,
    0x2f, 0xf1, 0x0, 0xaf, 0x80, 0x0, 0x8, 0xf9,
    0x0, 0x3, 0xfe, 0x0, 0x0, 0xff, 0xff, 0xff,
    0xff, 0xf6, 0x0, 0x7f, 0xfd, 0xdd, 0xdd, 0xef,
    0xd0, 0xe, 0xf5, 0x0, 0x0, 0x0, 0xef, 0x55,
    0xfe, 0x0, 0x0, 0x0, 0x8, 0xfc, 0x5f, 0x60,
    0x0, 0x0, 0x0, 0x1d, 0xc0,

    /* U+0042 "B" */
    0x5f, 0xff, 0xff, 0xfc, 0x60, 0x9, 0xfe, 0xcc,
    0xce, 0xff, 0x70, 0x9f, 0x90, 0x0, 0x9, 0xff,
    0x9, 0xf9, 0x0, 0x0, 0x2f, 0xf1, 0x9f, 0x90,
    0x0, 0x3, 0xff, 0x9, 0xf9, 0x0, 0x2, 0xbf,
    0x90, 0x9f, 0xff, 0xff, 0xff, 0xa0, 0x9, 0xfe,
    0xcc, 0xcc, 0xff, 0x80, 0x9f, 0x90, 0x0, 0x2,
    0xff, 0x39, 0xf9, 0x0, 0x0, 0xc, 0xf6, 0x9f,
    0x90, 0x0, 0x2, 0xff, 0x59, 0xfe, 0xcc, 0xcc,
    0xff, 0xd0, 0x5f, 0xff, 0xff, 0xfd, 0x81, 0x0,

    /* U+0043 "C" */
    0x0, 0x0, 0x7c, 0xff, 0xea, 0x30, 0x0, 0x2e,
    0xff, 0xff, 0xff, 0xf5, 0x0, 0xdf, 0xf6, 0x21,
    0x38, 0xe4, 0x7, 0xff, 0x30, 0x0, 0x0, 0x0,
    0xc, 0xfb, 0x0, 0x0, 0x0, 0x0, 0xf, 0xf7,
    0x0, 0x0, 0x0, 0x0, 0xf, 0xf6, 0x0, 0x0,
    0x0, 0x0, 0xf, 0xf7, 0x0, 0x0, 0x0, 0x0,
    0xc, 0xfb, 0x0, 0x0, 0x0, 0x0, 0x7, 0xff,
    0x30, 0x0, 0x0, 0x0, 0x0, 0xef, 0xf7, 0x21,
    0x38, 0xe5, 0x0, 0x2e, 0xff, 0xff, 0xff, 0xf5,
    0x0, 0x0, 0x7c, 0xff, 0xea, 0x30,

    /* U+0044 "D" */
    0x5f, 0xff, 0xff, 0xeb, 0x50, 0x0, 0x9f, 0xfe,
    0xef, 0xff, 0xfb, 0x0, 0x9f, 0xb0, 0x0, 0x18,
    0xff, 0xb0, 0x9f, 0xb0, 0x0, 0x0, 0x6f, 0xf3,
    0x9f, 0xb0, 0x0, 0x0, 0xe, 0xf8, 0x9f, 0xb0,
    0x0, 0x0, 0xb, 0xfb, 0x9f, 0xb0, 0x0, 0x0,
    0xa, 0xfc, 0x9f, 0xb0, 0x0, 0x0, 0xb, 0xfb,
    0x9f, 0xb0, 0x0, 0x0, 0xe, 0xf8, 0x9f, 0xb0,
    0x0, 0x0, 0x6f, 0xf3, 0x9f, 0xb0, 0x0, 0x17,
    0xff, 0xa0, 0x9f, 0xfe, 0xee, 0xff, 0xfb, 0x0,
    0x5f, 0xff, 0xff, 0xeb, 0x50, 0x0,

    /* U+0045 "E" */
    0x5f, 0xff, 0xff, 0xff, 0xc9, 0xff, 0xdd, 0xdd,
    0xda, 0x9f, 0x90, 0x0, 0x0, 0x9, 0xf9, 0x0,
    0x0, 0x0, 0x9f, 0x90, 0x0, 0x0, 0x9, 0xf9,
    0x0, 0x0, 0x0, 0x9f, 0xff, 0xff, 0xff, 0x69,
    0xff, 0xdd, 0xdd, 0xd5, 0x9f, 0x90, 0x0, 0x0,
    0x9, 0xf9, 0x0, 0x0, 0x0, 0x9f, 0x90, 0x0,
    0x0, 0x9, 0xff, 0xdd, 0xdd, 0xda, 0x5f, 0xff,
    0xff, 0xff, 0xc0,

    /* U+0046 "F" */
    0x5f, 0xff, 0xff, 0xff, 0xa9, 0xff, 0xdd, 0xdd,
    0xd8, 0x9f, 0xb0, 0x0, 0x0, 0x9, 0xfb, 0x0,
    0x0, 0x0, 0x9f, 0xb0, 0x0, 0x0, 0x9, 0xff,
    0xdd, 0xdd, 0xc3, 0x9f, 0xff, 0xff, 0xff, 0x49,
    0xfb, 0x0, 0x0, 0x0, 0x9f, 0xb0, 0x0, 0x0,
    0x9, 0xfb, 0x0, 0x0, 0x0, 0x9f, 0xb0, 0x0,
    0x0, 0x9, 0xfa, 0x0, 0x0, 0x0, 0x5f, 0x70,
    0x0, 0x0, 0x0,

    /* U+0047 "G" */
    0x0, 0x0, 0x6c, 0xff, 0xeb, 0x60, 0x0, 0x2d,
    0xff, 0xff, 0xff, 0xfb, 0x0, 0xdf, 0xe6, 0x10,
    0x15, 0xc9, 0x7, 0xff, 0x30, 0x0, 0x0, 0x0,
    0xc, 0xfb, 0x0, 0x0, 0x0, 0x0, 0xf, 0xf7,
    0x0, 0x0, 0x0, 0x0, 0xf, 0xf6, 0x0, 0xb,
    0xff, 0xfc, 0xf, 0xf7, 0x0, 0x7, 0xbb, 0xff,
    0xc, 0xfa, 0x0, 0x0, 0x0, 0xff, 0x7, 0xff,
    0x30, 0x0, 0x0, 0xff, 0x0, 0xef, 0xe6, 0x10,
    0x3, 0xff, 0x0, 0x2e, 0xff, 0xff, 0xff, 0xfe,
    0x0, 0x0, 0x7c, 0xff, 0xfc, 0x93,

    /* U+0048 "H" */
    0x6f, 0x70, 0x0, 0x0, 0x9, 0xf5, 0x9f, 0xb0,
    0x0, 0x0, 0xc, 0xf8, 0x9f, 0xb0, 0x0, 0x0,
    0xc, 0xf8, 0x9f, 0xb0, 0x0, 0x0, 0xc, 0xf8,
    0x9f, 0xb0, 0x0, 0x0, 0xc, 0xf8, 0x9f, 0xfe,
    0xee, 0xee, 0xef, 0xf8, 0x9f, 0xff, 0xff, 0xff,
    0xff, 0xf8, 0x9f, 0xb0, 0x0, 0x0, 0xc, 0xf8,
    0x9f, 0xb0, 0x0, 0x0, 0xc, 0xf8, 0x9f, 0xb0,
    0x0, 0x0, 0xc, 0xf8, 0x9f, 0xb0, 0x0, 0x0,
    0xc, 0xf8, 0x9f, 0xa0, 0x0, 0x0, 0xc, 0xf8,
    0x6f, 0x70, 0x0, 0x0, 0x8, 0xf4,

    /* U+0049 "I" */
    0x6f, 0x79, 0xfb, 0x9f, 0xb9, 0xfb, 0x9f, 0xb9,
    0xfb, 0x9f, 0xb9, 0xfb, 0x9f, 0xb9, 0xfb, 0x9f,
    0xb9, 0xfb, 0x6f, 0x70,

    /* U+004A "J" */
    0x0, 0x2, 0xec, 0x0, 0x4, 0xff, 0x0, 0x4,
    0xff, 0x0, 0x4, 0xff, 0x0, 0x4, 0xff, 0x0,
    0x4, 0xff, 0x0, 0x4, 0xff, 0x0, 0x4, 0xff,
    0x0, 0x4, 0xff, 0x0, 0x5, 0xff, 0x0, 0xa,
    0xfd, 0x1d, 0xff, 0xf7, 0x1e, 0xfe, 0x70,

    /* U+004B "K" */
    0x6f, 0x70, 0x0, 0x2, 0xde, 0x9, 0xfb, 0x0,
    0x2, 0xef, 0xb0, 0x9f, 0xb0, 0x2, 0xef, 0xb0,
    0x9, 0xfb, 0x2, 0xef, 0xb0, 0x0, 0x9f, 0xb2,
    0xef, 0xb0, 0x0, 0x9, 0xfc, 0xef, 0xb0, 0x0,
    0x0, 0x9f, 0xff, 0xf4, 0x0, 0x0, 0x9, 0xfb,
    0xbf, 0xf3, 0x0, 0x0, 0x9f, 0xb0, 0xbf, 0xf3,
    0x0, 0x9, 0xfb, 0x0, 0xbf, 0xf3, 0x0, 0x9f,
    0xb0, 0x0, 0xbf, 0xe3, 0x9, 0xfb, 0x0, 0x0,
    0xbf, 0xe2, 0x6f, 0x70, 0x0, 0x0, 0xaf, 0x30,

    /* U+004C "L" */
    0x6f, 0x70, 0x0, 0x0, 0x9, 0xfb, 0x0, 0x0,
    0x0, 0x9f, 0xb0, 0x0, 0x0, 0x9, 0xfb, 0x0,
    0x0, 0x0, 0x9f, 0xb0, 0x0, 0x0, 0x9, 0xfb,
    0x0, 0x0, 0x0, 0x9f, 0xb0, 0x0, 0x0, 0x9,
    0xfb, 0x0, 0x0, 0x0, 0x9f, 0xb0, 0x0, 0x0,
    0x9, 0xfb, 0x0, 0x0, 0x0, 0x9f, 0xb0, 0x0,
    0x0, 0x9, 0xff, 0xff, 0xff, 0xfb, 0x5f, 0xff,
    0xff, 0xff, 0xb0,

    /* U+004D "M" */
    0x6f, 0x70, 0x0, 0x0, 0x0, 0xc, 0xe1, 0x9f,
    0xf1, 0x0, 0x0, 0x0, 0x6f, 0xf3, 0x9f, 0xfa,
    0x0, 0x0, 0x0, 0xef, 0xf3, 0x9f, 0xff, 0x20,
    0x0, 0x7, 0xff, 0xf3, 0x9f, 0xef, 0xb0, 0x0,
    0x1f, 0xfe, 0xf3, 0x9f, 0x8d, 0xf4, 0x0, 0x8f,
    0x7e, 0xf3, 0x9f, 0x85, 0xfc, 0x1, 0xfe, 0xe,
    0xf3, 0x9f, 0x80, 0xcf, 0x5a, 0xf6, 0xe, 0xf3,
    0x9f, 0x80, 0x3f, 0xef, 0xd0, 0xe, 0xf3, 0x9f,
    0x80, 0xa, 0xff, 0x40, 0xe, 0xf3, 0x9f, 0x80,
    0x2, 0xfb, 0x0, 0xe, 0xf3, 0x9f, 0x80, 0x0,
    0x0, 0x0, 0xe, 0xf3, 0x6f, 0x50, 0x0, 0x0,
    0x0, 0xa, 0xe1,

    /* U+004E "N" */
    0x6f, 0x50, 0x0, 0x0, 0xd, 0xd0, 0x9f, 0xf2,
    0x0, 0x0, 0x1f, 0xf1, 0x9f, 0xfd, 0x10, 0x0,
    0x1f, 0xf1, 0x9f, 0xff, 0xb0, 0x0, 0x1f, 0xf1,
    0x9f, 0xae, 0xf7, 0x0, 0x1f, 0xf1, 0x9f, 0x84,
    0xff, 0x30, 0x1f, 0xf1, 0x9f, 0x80, 0x8f, 0xe1,
    0x1f, 0xf1, 0x9f, 0x80, 0xb, 0xfc, 0x1f, 0xf1,
    0x9f, 0x80, 0x1, 0xef, 0x9f, 0xf1, 0x9f, 0x80,
    0x0, 0x3f, 0xff, 0xf1, 0x9f, 0x80, 0x0, 0x7,
    0xff, 0xf1, 0x9f, 0x80, 0x0, 0x0, 0xaf, 0xf1,
    0x6f, 0x50, 0x0, 0x0, 0xc, 0xd0,

    /* U+004F "O" */
    0x0, 0x0, 0x7d, 0xff, 0xd9, 0x10, 0x0, 0x0,
    0x2e, 0xff, 0xff, 0xff, 0xf4, 0x0, 0x0, 0xdf,
    0xe5, 0x0, 0x3c, 0xff, 0x10, 0x7, 0xff, 0x20,
    0x0, 0x1, 0xef, 0x90, 0xc, 0xfa, 0x0, 0x0,
    0x0, 0x8f, 0xe0, 0xf, 0xf7, 0x0, 0x0, 0x0,
    0x4f, 0xf1, 0xf, 0xf6, 0x0, 0x0, 0x0, 0x3f,
    0xf2, 0xf, 0xf7, 0x0, 0x0, 0x0, 0x5f, 0xf1,
    0xc, 0xfb, 0x0, 0x0, 0x0, 0x8f, 0xe0, 0x7,
    0xff, 0x20, 0x0, 0x1, 0xef, 0x90, 0x0, 0xdf,
    0xe5, 0x0, 0x4d, 0xff, 0x10, 0x0, 0x2e, 0xff,
    0xff, 0xff, 0xf4, 0x0, 0x0, 0x1, 0x7d, 0xff,
    0xd8, 0x10, 0x0,

    /* U+0050 "P" */
    0x6f, 0xff, 0xff, 0xfc, 0x60, 0x9, 0xff, 0xdd,
    0xdf, 0xff, 0x70, 0x9f, 0xb0, 0x0, 0x8, 0xff,
    0x9, 0xfb, 0x0, 0x0, 0xf, 0xf3, 0x9f, 0xb0,
    0x0, 0x0, 0xff, 0x39, 0xfb, 0x0, 0x0, 0x8f,
    0xf0, 0x9f, 0xfd, 0xdd, 0xef, 0xf7, 0x9, 0xff,
    0xff, 0xff, 0xc5, 0x0, 0x9f, 0xb0, 0x0, 0x0,
    0x0, 0x9, 0xfb, 0x0, 0x0, 0x0, 0x0, 0x9f,
    0xb0, 0x0, 0x0, 0x0, 0x9, 0xfb, 0x0, 0x0,
    0x0, 0x0, 0x6f, 0x70, 0x0, 0x0, 0x0, 0x0,

    /* U+0051 "Q" */
    0x0, 0x0, 0x7d, 0xff, 0xd9, 0x10, 0x0, 0x0,
    0x2e, 0xff, 0xff, 0xff, 0xf4, 0x0, 0x0, 0xdf,
    0xe5, 0x0, 0x3c, 0xff, 0x10, 0x7, 0xff, 0x20,
    0x0, 0x1, 0xef, 0x90, 0xc, 0xfa, 0x0, 0x0,
    0x0, 0x8f, 0xe0, 0xf, 0xf7, 0x0, 0x0, 0x0,
    0x4f, 0xf1, 0xf, 0xf6, 0x0, 0x0, 0x0, 0x3f,
    0xf2, 0xf, 0xf7, 0x0, 0x0, 0x0, 0x5f, 0xf1,
    0xc, 0xfb, 0x0, 0x0, 0x0, 0x8f, 0xe0, 0x7,
    0xff, 0x20, 0x0, 0x1, 0xef, 0x90, 0x0, 0xdf,
    0xe5, 0x0, 0x4d, 0xff, 0x10, 0x0, 0x2e, 0xff,
    0xff, 0xff, 0xf4, 0x0, 0x0, 0x1, 0x7d, 0xff,
    0xff, 0x40, 0x0, 0x0, 0x0, 0x0, 0x0, 0x8f,
    0xf1, 0x0, 0x0, 0x0, 0x0, 0x0, 0xc, 0xfb,
    0x0, 0x0, 0x0, 0x0, 0x0, 0x3, 0xff, 0x10,
    0x0, 0x0, 0x0, 0x0, 0x0, 0x34, 0x0,

    /* U+0052 "R" */
    0x6f, 0xff, 0xff, 0xfc, 0x60, 0x9, 0xff, 0xdd,
    0xdf, 0xff, 0x80, 0x9f, 0xb0, 0x0, 0x8, 0xff,
    0x19, 0xfb, 0x0, 0x0, 0xf, 0xf3, 0x9f, 0xb0,
    0x0, 0x1, 0xff, 0x39, 0xfb, 0x0, 0x2, 0xbf,
    0xe0, 0x9f, 0xff, 0xff, 0xff, 0xf4, 0x9, 0xfe,
    0xaa, 0xdf, 0xd1, 0x0, 0x9f, 0xb0, 0x0, 0xcf,
    0xa0, 0x9, 0xfb, 0x0, 0x4, 0xff, 0x30, 0x9f,
    0xb0, 0x0, 0xb, 0xfc, 0x9, 0xfb, 0x0, 0x0,
    0x3f, 0xf4, 0x6f, 0x70, 0x0, 0x0, 0x9f, 0x40,

    /* U+0053 "S" */
    0x0, 0x18, 0xdf, 0xfd, 0x92, 0x0, 0x1d, 0xff,
    0xff, 0xff, 0xf2, 0xa, 0xfe, 0x40, 0x2, 0x7c,
    0x10, 0xef, 0x60, 0x0, 0x0, 0x0, 0xd, 0xf9,
    0x0, 0x0, 0x0, 0x0, 0x8f, 0xfc, 0x84, 0x10,
    0x0, 0x0, 0x9f, 0xff, 0xff, 0xc4, 0x0, 0x0,
    0x15, 0x9c, 0xff, 0xf4, 0x0, 0x0, 0x0, 0x1,
    0xdf, 0xa0, 0x0, 0x0, 0x0, 0x8, 0xfb, 0xe,
    0xb4, 0x10, 0x4, 0xef, 0x80, 0xdf, 0xff, 0xff,
    0xff, 0xd0, 0x0, 0x6b, 0xef, 0xfc, 0x70, 0x0,

    /* U+0054 "T" */
    0xd, 0xff, 0xff, 0xff, 0xff, 0xff, 0x20, 0xcf,
    0xff, 0xff, 0xff, 0xff, 0xe1, 0x0, 0x0, 0x8,
    0xfc, 0x0, 0x0, 0x0, 0x0, 0x0, 0x8f, 0xc0,
    0x0, 0x0, 0x0, 0x0, 0x8, 0xfc, 0x0, 0x0,
    0x0, 0x0, 0x0, 0x8f, 0xc0, 0x0, 0x0, 0x0,
    0x0, 0x8, 0xfc, 0x0, 0x0, 0x0, 0x0, 0x0,
    0x8f, 0xc0, 0x0, 0x0, 0x0, 0x0, 0x8, 0xfc,
    0x0, 0x0, 0x0, 0x0, 0x0, 0x8f, 0xc0, 0x0,
    0x0, 0x0, 0x0, 0x8, 0xfc, 0x0, 0x0, 0x0,
    0x0, 0x0, 0x8f, 0xc0, 0x0, 0x0, 0x0, 0x0,
    0x5, 0xf8, 0x0, 0x0, 0x0,

    /* U+0055 "U" */
    0x7f, 0x60, 0x0, 0x0, 0x2e, 0xcb, 0xf9, 0x0,
    0x0, 0x4, 0xff, 0xbf, 0x90, 0x0, 0x0, 0x4f,
    0xfb, 0xf9, 0x0, 0x0, 0x4, 0xff, 0xbf, 0x90,
    0x0, 0x0, 0x4f, 0xfb, 0xf9, 0x0, 0x0, 0x4,
    0xff, 0xbf, 0x90, 0x0, 0x0, 0x4f, 0xfb, 0xf9,
    0x0, 0x0, 0x4, 0xff, 0xaf, 0xa0, 0x0, 0x0,
    0x6f, 0xe7, 0xfe, 0x0, 0x0, 0xa, 0xfc, 0x2f,
    0xfb, 0x20, 0x18, 0xff, 0x60, 0x7f, 0xff, 0xff,
    0xff, 0xb0, 0x0, 0x4b, 0xef, 0xfc, 0x60, 0x0,

    /* U+0056 "V" */
    0x8f, 0x50, 0x0, 0x0, 0x0, 0x6f, 0x69, 0xfd,
    0x0, 0x0, 0x0, 0xe, 0xf6, 0x2f, 0xf4, 0x0,
    0x0, 0x5, 0xff, 0x0, 0xbf, 0xb0, 0x0, 0x0,
    0xcf, 0x80, 0x4, 0xff, 0x20, 0x0, 0x3f, 0xf1,
    0x0, 0xd, 0xf9, 0x0, 0xa, 0xfa, 0x0, 0x0,
    0x6f, 0xf0, 0x1, 0xff, 0x30, 0x0, 0x0, 0xef,
    0x70, 0x8f, 0xc0, 0x0, 0x0, 0x7, 0xfd, 0xe,
    0xf5, 0x0, 0x0, 0x0, 0x1f, 0xfa, 0xfd, 0x0,
    0x0, 0x0, 0x0, 0x9f, 0xff, 0x70, 0x0, 0x0,
    0x0, 0x2, 0xff, 0xf0, 0x0, 0x0, 0x0, 0x0,
    0x9, 0xf6, 0x0, 0x0, 0x0,

    /* U+0057 "W" */
    0x2e, 0xc0, 0x0, 0x0, 0xb, 0xd0, 0x0, 0x0,
    0x9, 0xf2, 0x2f, 0xf3, 0x0, 0x0, 0x3f, 0xf6,
    0x0, 0x0, 0x1f, 0xf2, 0xc, 0xf9, 0x0, 0x0,
    0x9f, 0xfb, 0x0, 0x0, 0x6f, 0xd0, 0x6, 0xfe,
    0x0, 0x0, 0xef, 0xff, 0x10, 0x0, 0xbf, 0x70,
    0x1, 0xff, 0x30, 0x4, 0xfb, 0xaf, 0x60, 0x1,
    0xff, 0x20, 0x0, 0xbf, 0x90, 0xa, 0xf6, 0x5f,
    0xc0, 0x6, 0xfc, 0x0, 0x0, 0x5f, 0xe0, 0xf,
    0xf1, 0xf, 0xf1, 0xc, 0xf6, 0x0, 0x0, 0xf,
    0xf4, 0x5f, 0xa0, 0xa, 0xf7, 0x1f, 0xf1, 0x0,
    0x0, 0xa, 0xf9, 0xbf, 0x50, 0x4, 0xfc, 0x6f,
    0xb0, 0x0, 0x0, 0x4, 0xfe, 0xff, 0x0, 0x0,
    0xef, 0xdf, 0x50, 0x0, 0x0, 0x0, 0xef, 0xf9,
    0x0, 0x0, 0x9f, 0xff, 0x0, 0x0, 0x0, 0x0,
    0x9f, 0xf4, 0x0, 0x0, 0x3f, 0xfa, 0x0, 0x0,
    0x0, 0x0, 0x2e, 0xc0, 0x0, 0x0, 0xb, 0xe3,
    0x0, 0x0,

    /* U+0058 "X" */
    0xd, 0xd1, 0x0, 0x0, 0xc, 0xe1, 0xd, 0xfb,
    0x0, 0x0, 0xaf, 0xe1, 0x3, 0xff, 0x70, 0x5,
    0xff, 0x40, 0x0, 0x6f, 0xf3, 0x2f, 0xf8, 0x0,
    0x0, 0xa, 0xfd, 0xcf, 0xc0, 0x0, 0x0, 0x0,
    0xdf, 0xfe, 0x10, 0x0, 0x0, 0x0, 0x7f, 0xf9,
    0x0, 0x0, 0x0, 0x2, 0xff, 0xff, 0x30, 0x0,
    0x0, 0xc, 0xfb, 0xaf, 0xd1, 0x0, 0x0, 0x9f,
    0xe1, 0xd, 0xfa, 0x0, 0x5, 0xff, 0x50, 0x3,
    0xff, 0x60, 0x1f, 0xf9, 0x0, 0x0, 0x7f, 0xf2,
    0x1e, 0xb0, 0x0, 0x0, 0xa, 0xf3,

    /* U+0059 "Y" */
    0x7f, 0x60, 0x0, 0x0, 0x3e, 0xa7, 0xff, 0x20,
    0x0, 0xe, 0xf9, 0xc, 0xfd, 0x0, 0xa, 0xfd,
    0x0, 0x2f, 0xf8, 0x5, 0xff, 0x30, 0x0, 0x6f,
    0xf6, 0xff, 0x80, 0x0, 0x0, 0xaf, 0xff, 0xc0,
    0x0, 0x0, 0x1, 0xef, 0xf2, 0x0, 0x0, 0x0,
    0x9, 0xfb, 0x0, 0x0, 0x0, 0x0, 0x9f, 0xb0,
    0x0, 0x0, 0x0, 0x9, 0xfb, 0x0, 0x0, 0x0,
    0x0, 0x9f, 0xb0, 0x0, 0x0, 0x0, 0x9, 0xfb,
    0x0, 0x0, 0x0, 0x0, 0x5f, 0x70, 0x0, 0x0,

    /* U+005A "Z" */
    0x2f, 0xff, 0xff, 0xff, 0xfe, 0x22, 0xef, 0xff,
    0xff, 0xff, 0xf3, 0x0, 0x0, 0x0, 0xd, 0xfa,
    0x0, 0x0, 0x0, 0x9, 0xfe, 0x10, 0x0, 0x0,
    0x4, 0xff, 0x40, 0x0, 0x0, 0x1, 0xef, 0x80,
    0x0, 0x0, 0x0, 0xbf, 0xc0, 0x0, 0x0, 0x0,
    0x7f, 0xf2, 0x0, 0x0, 0x0, 0x3f, 0xf5, 0x0,
    0x0, 0x0, 0xd, 0xfa, 0x0, 0x0, 0x0, 0x9,
    0xfd, 0x0, 0x0, 0x0, 0x2, 0xff, 0xfe, 0xee,
    0xee, 0xe7, 0x1e, 0xff, 0xff, 0xff, 0xff, 0x70,

    /* U+005B "[" */
    0xe, 0xff, 0xf2, 0x1f, 0xfc, 0xa1, 0x1f, 0xf2,
    0x0, 0x1f, 0xf2, 0x0, 0x1f, 0xf2, 0x0, 0x1f,
    0xf2, 0x0, 0x1f, 0xf2, 0x0, 0x1f, 0xf2, 0x0,
    0x1f, 0xf2, 0x0, 0x1f, 0xf2, 0x0, 0x1f, 0xf2,
    0x0, 0x1f, 0xf2, 0x0, 0x1f, 0xf2, 0x0, 0x1f,
    0xf2, 0x0, 0x1f, 0xfc, 0xa1, 0xd, 0xff, 0xf2,

    /* U+005C "\\" */
    0x1e, 0x70, 0x0, 0x0, 0xfd, 0x0, 0x0, 0xb,
    0xf2, 0x0, 0x0, 0x5f, 0x70, 0x0, 0x1, 0xfc,
    0x0, 0x0, 0xb, 0xf1, 0x0, 0x0, 0x6f, 0x60,
    0x0, 0x1, 0xfb, 0x0, 0x0, 0xc, 0xf1, 0x0,
    0x0, 0x7f, 0x50, 0x0, 0x2, 0xfa, 0x0, 0x0,
    0xd, 0xf0, 0x0, 0x0, 0x8f, 0x50, 0x0, 0x3,
    0xfa, 0x0, 0x0, 0xd, 0xa0,

    /* U+005D "]" */
    0xcf, 0xff, 0x47, 0xbe, 0xf7, 0x0, 0xcf, 0x70,
    0xc, 0xf7, 0x0, 0xcf, 0x70, 0xc, 0xf7, 0x0,
    0xcf, 0x70, 0xc, 0xf7, 0x0, 0xcf, 0x70, 0xc,
    0xf7, 0x0, 0xcf, 0x70, 0xc, 0xf7, 0x0, 0xcf,
    0x70, 0xc, 0xf7, 0x7b, 0xef, 0x7c, 0xff, 0xf4,

    /* U+005E "^" */
    0x0, 0x8, 0xf5, 0x0, 0x0, 0x1, 0xff, 0xd0,
    0x0, 0x0, 0x7f, 0x7f, 0x40, 0x0, 0xe, 0xb0,
    0xeb, 0x0, 0x5, 0xf5, 0x8, 0xf2, 0x0, 0xce,
    0x0, 0x1f, 0x80, 0x2f, 0x80, 0x0, 0xbe, 0x9,
    0xf1, 0x0, 0x4, 0xf6, 0xc9, 0x0, 0x0, 0xc,
    0x90,

    /* U+005F "_" */
    0x1, 0x11, 0x11, 0x11, 0xb, 0xff, 0xff, 0xff,
    0xfb, 0x14, 0x44, 0x44, 0x44, 0x20,

    /* U+0060 "`" */
    0x0, 0x0, 0x1, 0xd7, 0x0, 0xe, 0xf1, 0x0,
    0x4f, 0x80, 0x0, 0x9e, 0x0, 0x0, 0x10,

    /* U+0061 "a" */
    0x1, 0x8d, 0xff, 0xc5, 0x0, 0xaf, 0xeb, 0xcf,
    0xf4, 0x2, 0x30, 0x0, 0x9f, 0x90, 0x0, 0x0,
    0x7, 0xfb, 0x3, 0xbe, 0xff, 0xff, 0xb1, 0xff,
    0x84, 0x39, 0xfb, 0x3f, 0xf0, 0x0, 0xcf, 0xb0,
    0xdf, 0xd9, 0xce, 0xfb, 0x2, 0xaf, 0xfa, 0x4f,
    0x80,

    /* U+0062 "b" */
    0x9f, 0x30, 0x0, 0x0, 0x0, 0xdf, 0x60, 0x0,
    0x0, 0x0, 0xdf, 0x60, 0x0, 0x0, 0x0, 0xdf,
    0x60, 0x0, 0x0, 0x0, 0xdf, 0x78, 0xef, 0xc4,
    0x0, 0xdf, 0xef, 0xbe, 0xff, 0x40, 0xdf, 0xe1,
    0x0, 0xbf, 0xc0, 0xdf, 0x80, 0x0, 0x4f, 0xf0,
    0xdf, 0x60, 0x0, 0x2f, 0xf1, 0xdf, 0x80, 0x0,
    0x4f, 0xf0, 0xdf, 0xe1, 0x0, 0xbf, 0xc0, 0xdf,
    0xef, 0xbe, 0xff, 0x40, 0x9f, 0x38, 0xef, 0xc4,
    0x0,

    /* U+0063 "c" */
    0x0, 0x4b, 0xff, 0xd7, 0x0, 0x5f, 0xfe, 0xcf,
    0xf3, 0xe, 0xfa, 0x0, 0x4, 0x3, 0xff, 0x10,
    0x0, 0x0, 0x4f, 0xf0, 0x0, 0x0, 0x3, 0xff,
    0x20, 0x0, 0x0, 0xe, 0xfa, 0x0, 0x4, 0x0,
    0x4f, 0xfe, 0xce, 0xf2, 0x0, 0x3b, 0xff, 0xd6,
    0x0,

    /* U+0064 "d" */
    0x0, 0x0, 0x0, 0x6, 0xf6, 0x0, 0x0, 0x0,
    0xa, 0xfa, 0x0, 0x0, 0x0, 0xa, 0xfa, 0x0,
    0x0, 0x0, 0xa, 0xfa, 0x0, 0x6d, 0xfd, 0x6a,
    0xfa, 0x7, 0xff, 0xdc, 0xfe, 0xfa, 0xf, 0xf8,
    0x0, 0x3f, 0xfa, 0x3f, 0xf1, 0x0, 0xb, 0xfa,
    0x4f, 0xf0, 0x0, 0x9, 0xfa, 0x3f, 0xf1, 0x0,
    0xb, 0xfa, 0xf, 0xf8, 0x0, 0x3f, 0xfa, 0x6,
    0xff, 0xdc, 0xfe, 0xfa, 0x0, 0x6d, 0xfd, 0x66,
    0xf6,

    /* U+0065 "e" */
    0x0, 0x3b, 0xff, 0xc4, 0x0, 0x4, 0xff, 0xa9,
    0xef, 0x40, 0xe, 0xf4, 0x0, 0x2f, 0xc0, 0x3f,
    0xe0, 0x0, 0xc, 0xf0, 0x4f, 0xff, 0xff, 0xff,
    0xf1, 0x3f, 0xf4, 0x33, 0x33, 0x20, 0xe, 0xf8,
    0x0, 0x2, 0x50, 0x4, 0xff, 0xdb, 0xdf, 0xf0,
    0x0, 0x3a, 0xef, 0xea, 0x30,

    /* U+0066 "f" */
    0x0, 0x0, 0x1, 0x10, 0x0, 0x8e, 0xfd, 0x0,
    0xaf, 0xe8, 0x50, 0x1f, 0xf3, 0x0, 0x3, 0xff,
    0x0, 0xd, 0xff, 0xff, 0xf4, 0x8c, 0xff, 0xba,
    0x20, 0x3f, 0xf0, 0x0, 0x3, 0xff, 0x0, 0x0,
    0x3f, 0xf0, 0x0, 0x3, 0xff, 0x0, 0x0, 0x3f,
    0xf0, 0x0, 0x3, 0xff, 0x0, 0x0, 0x1e, 0xc0,
    0x0,

    /* U+0067 "g" */
    0x0, 0x6d, 0xfe, 0x75, 0xf7, 0x6, 0xff, 0xdc,
    0xfe, 0xfb, 0xe, 0xf9, 0x0, 0x3f, 0xfb, 0x3f,
    0xf1, 0x0, 0xa, 0xfb, 0x4f, 0xf0, 0x0, 0x8,
    0xfb, 0x3f, 0xf1, 0x0, 0xa, 0xfb, 0xe, 0xf9,
    0x0, 0x2f, 0xfb, 0x6, 0xff, 0xdb, 0xfe, 0xfb,
    0x0, 0x6d, 0xfe, 0x78, 0xfa, 0x3, 0x40, 0x0,
    0xd, 0xf7, 0xb, 0xfe, 0xbb, 0xef, 0xe1, 0x2,
    0x9d, 0xff, 0xe9, 0x10,

    /* U+0068 "h" */
    0x9f, 0x30, 0x0, 0x0, 0xd, 0xf6, 0x0, 0x0,
    0x0, 0xdf, 0x60, 0x0, 0x0, 0xd, 0xf6, 0x0,
    0x0, 0x0, 0xdf, 0x78, 0xef, 0xd4, 0xd, 0xfe,
    0xff, 0xff, 0xf1, 0xdf, 0xe3, 0x3, 0xff, 0x5d,
    0xf8, 0x0, 0xd, 0xf6, 0xdf, 0x60, 0x0, 0xdf,
    0x6d, 0xf6, 0x0, 0xd, 0xf6, 0xdf, 0x60, 0x0,
    0xdf, 0x6d, 0xf6, 0x0, 0xd, 0xf6, 0x9f, 0x30,
    0x0, 0x9f, 0x30,

    /* U+0069 "i" */
    0xc, 0xf5, 0xf, 0xf8, 0x2, 0x50, 0x0, 0x0,
    0x9, 0xf3, 0xd, 0xf6, 0xd, 0xf6, 0xd, 0xf6,
    0xd, 0xf6, 0xd, 0xf6, 0xd, 0xf6, 0xd, 0xf6,
    0x9, 0xf3,

    /* U+006A "j" */
    0x0, 0xa, 0xf6, 0x0, 0xe, 0xf9, 0x0, 0x2,
    0x51, 0x0, 0x0, 0x0, 0x0, 0x8, 0xf4, 0x0,
    0xc, 0xf7, 0x0, 0xc, 0xf7, 0x0, 0xc, 0xf7,
    0x0, 0xc, 0xf7, 0x0, 0xc, 0xf7, 0x0, 0xc,
    0xf7, 0x0, 0xc, 0xf7, 0x0, 0xc, 0xf7, 0x0,
    0xd, 0xf6, 0x6, 0xbf, 0xf2, 0xe, 0xfd, 0x40,
    0x0, 0x10, 0x0,

    /* U+006B "k" */
    0x9f, 0x30, 0x0, 0x0, 0xd, 0xf6, 0x0, 0x0,
    0x0, 0xdf, 0x60, 0x0, 0x0, 0xd, 0xf6, 0x0,
    0x0, 0x0, 0xdf, 0x60, 0x5, 0xe9, 0xd, 0xf6,
    0x5, 0xff, 0x60, 0xdf, 0x64, 0xff, 0x70, 0xd,
    0xfa, 0xff, 0x80, 0x0, 0xdf, 0xff, 0xe1, 0x0,
    0xd, 0xf8, 0xef, 0xc0, 0x0, 0xdf, 0x62, 0xef,
    0xb0, 0xd, 0xf6, 0x2, 0xef, 0xb0, 0x9f, 0x30,
    0x3, 0xed, 0x0,

    /* U+006C "l" */
    0x9f, 0x30, 0xd, 0xf6, 0x0, 0xdf, 0x60, 0xd,
    0xf6, 0x0, 0xdf, 0x60, 0xd, 0xf6, 0x0, 0xdf,
    0x60, 0xd, 0xf6, 0x0, 0xdf, 0x60, 0xd, 0xf6,
    0x0, 0xcf, 0xa0, 0x7, 0xff, 0xe9, 0x9, 0xef,
    0x80,

    /* U+006D "m" */
    0x9f, 0x39, 0xef, 0xb1, 0x4c, 0xfe, 0x70, 0xcf,
    0xee, 0xcf, 0xfc, 0xfc, 0xdf, 0xf4, 0xcf, 0xd0,
    0x6, 0xff, 0x70, 0xd, 0xf8, 0xcf, 0x80, 0x3,
    0xff, 0x10, 0x9, 0xfa, 0xcf, 0x70, 0x3, 0xff,
    0x0, 0x9, 0xfa, 0xcf, 0x70, 0x3, 0xff, 0x0,
    0x9, 0xfa, 0xcf, 0x70, 0x3, 0xff, 0x0, 0x9,
    0xfa, 0xcf, 0x70, 0x3, 0xff, 0x0, 0x9, 0xfa,
    0x9f, 0x40, 0x1, 0xec, 0x0, 0x6, 0xf6,

    /* U+006E "n" */
    0x9f, 0x38, 0xef, 0xd4, 0xd, 0xfe, 0xfc, 0xef,
    0xf1, 0xdf, 0xd1, 0x1, 0xff, 0x5d, 0xf7, 0x0,
    0xd, 0xf6, 0xdf, 0x60, 0x0, 0xdf, 0x6d, 0xf6,
    0x0, 0xd, 0xf6, 0xdf, 0x60, 0x0, 0xdf, 0x6d,
    0xf6, 0x0, 0xd, 0xf6, 0x9f, 0x30, 0x0, 0x9f,
    0x30,

    /* U+006F "o" */
    0x0, 0x4b, 0xff, 0xd7, 0x0, 0x5, 0xff, 0xdc,
    0xff, 0xa0, 0xe, 0xf8, 0x0, 0x3f, 0xf4, 0x3f,
    0xf1, 0x0, 0xb, 0xf9, 0x4f, 0xf0, 0x0, 0x9,
    0xfa, 0x3f, 0xf1, 0x0, 0xb, 0xf9, 0xe, 0xf8,
    0x0, 0x3f, 0xf4, 0x5, 0xff, 0xdc, 0xff, 0xa0,
    0x0, 0x3b, 0xff, 0xd7, 0x0,

    /* U+0070 "p" */
    0x9f, 0x38, 0xef, 0xc4, 0x0, 0xdf, 0xee, 0xbd,
    0xff, 0x40, 0xdf, 0xd1, 0x0, 0xbf, 0xc0, 0xdf,
    0x80, 0x0, 0x4f, 0xf0, 0xdf, 0x60, 0x0, 0x2f,
    0xf1, 0xdf, 0x80, 0x0, 0x4f, 0xf0, 0xdf, 0xe1,
    0x0, 0xbf, 0xc0, 0xdf, 0xef, 0xbe, 0xff, 0x40,
    0xdf, 0x78, 0xef, 0xc4, 0x0, 0xdf, 0x60, 0x0,
    0x0, 0x0, 0xdf, 0x60, 0x0, 0x0, 0x0, 0x9f,
    0x30, 0x0, 0x0, 0x0,

    /* U+0071 "q" */
    0x0, 0x6d, 0xfd, 0x66, 0xf6, 0x7, 0xff, 0xdc,
    0xfe, 0xfa, 0xf, 0xf8, 0x0, 0x3f, 0xfa, 0x3f,
    0xf1, 0x0, 0xb, 0xfa, 0x4f, 0xf0, 0x0, 0x9,
    0xfa, 0x3f, 0xf1, 0x0, 0xb, 0xfa, 0xf, 0xf8,
    0x0, 0x3f, 0xfa, 0x6, 0xff, 0xdc, 0xfe, 0xfa,
    0x0, 0x6d, 0xfd, 0x6a, 0xfa, 0x0, 0x0, 0x0,
    0xa, 0xfa, 0x0, 0x0, 0x0, 0xa, 0xfa, 0x0,
    0x0, 0x0, 0x6, 0xf6,

    /* U+0072 "r" */
    0x0, 0x0, 0x0, 0x9, 0xf3, 0x9f, 0xe0, 0xdf,
    0xdf, 0xfb, 0xd, 0xff, 0x40, 0x0, 0xdf, 0x80,
    0x0, 0xd, 0xf7, 0x0, 0x0, 0xdf, 0x70, 0x0,
    0xd, 0xf7, 0x0, 0x0, 0xdf, 0x70, 0x0, 0x9,
    0xf4, 0x0, 0x0,

    /* U+0073 "s" */
    0x0, 0x8e, 0xfe, 0xb4, 0x0, 0xbf, 0xd9, 0xbf,
    0xd0, 0xf, 0xf0, 0x0, 0x12, 0x0, 0xef, 0x94,
    0x10, 0x0, 0x4, 0xdf, 0xff, 0xd4, 0x0, 0x0,
    0x24, 0x9f, 0xf0, 0x3, 0x0, 0x0, 0xef, 0x23,
    0xfe, 0xa9, 0xcf, 0xc0, 0x6, 0xce, 0xfe, 0x91,
    0x0,

    /* U+0074 "t" */
    0x0, 0x2e, 0xb0, 0x0, 0x0, 0x4, 0xff, 0x0,
    0x0, 0x0, 0x4f, 0xf0, 0x0, 0x0, 0xef, 0xff,
    0xff, 0x90, 0x9, 0xcf, 0xfb, 0xb6, 0x0, 0x4,
    0xff, 0x0, 0x0, 0x0, 0x4f, 0xf0, 0x0, 0x0,
    0x4, 0xff, 0x0, 0x0, 0x0, 0x4f, 0xf0, 0x0,
    0x0, 0x3, 0xff, 0x40, 0x0, 0x0, 0xd, 0xff,
    0xee, 0x0, 0x0, 0x2b, 0xff, 0xb0,

    /* U+0075 "u" */
    0xaf, 0x30, 0x0, 0xce, 0x1e, 0xf5, 0x0, 0xf,
    0xf4, 0xef, 0x50, 0x0, 0xff, 0x4e, 0xf5, 0x0,
    0xf, 0xf4, 0xef, 0x50, 0x0, 0xff, 0x4e, 0xf5,
    0x0, 0x1f, 0xf4, 0xcf, 0x90, 0x8, 0xff, 0x47,
    0xff, 0xde, 0xff, 0xf4, 0x8, 0xef, 0xc3, 0xbe,
    0x10,

    /* U+0076 "v" */
    0x6f, 0x60, 0x0, 0xb, 0xe0, 0x6f, 0xd0, 0x0,
    0x3f, 0xe0, 0xf, 0xf4, 0x0, 0xaf, 0x80, 0x9,
    0xfa, 0x1, 0xff, 0x10, 0x2, 0xff, 0x17, 0xfa,
    0x0, 0x0, 0xbf, 0x8e, 0xf3, 0x0, 0x0, 0x4f,
    0xff, 0xc0, 0x0, 0x0, 0xd, 0xff, 0x40, 0x0,
    0x0, 0x4, 0xfb, 0x0, 0x0,

    /* U+0077 "w" */
    0x4f, 0x70, 0x0, 0x2e, 0x90, 0x0, 0x1e, 0xa4,
    0xfe, 0x0, 0x9, 0xff, 0x10, 0x7, 0xfa, 0xe,
    0xf4, 0x0, 0xef, 0xf6, 0x0, 0xdf, 0x40, 0x8f,
    0xa0, 0x4f, 0xcf, 0xc0, 0x2f, 0xe0, 0x2, 0xff,
    0xa, 0xf3, 0xdf, 0x28, 0xf8, 0x0, 0xb, 0xf7,
    0xfd, 0x7, 0xf8, 0xef, 0x10, 0x0, 0x5f, 0xff,
    0x70, 0x1f, 0xff, 0xb0, 0x0, 0x0, 0xef, 0xf1,
    0x0, 0xbf, 0xf5, 0x0, 0x0, 0x6, 0xf8, 0x0,
    0x3, 0xec, 0x0, 0x0,

    /* U+0078 "x" */
    0xc, 0xd2, 0x0, 0x3e, 0xa0, 0xb, 0xfd, 0x1,
    0xef, 0x80, 0x1, 0xdf, 0xac, 0xfb, 0x0, 0x0,
    0x2f, 0xff, 0xd1, 0x0, 0x0, 0x9, 0xff, 0x60,
    0x0, 0x0, 0x4f, 0xff, 0xf2, 0x0, 0x2, 0xff,
    0x7a, 0xfd, 0x10, 0xd, 0xfa, 0x0, 0xdf, 0xb0,
    0x1e, 0xc0, 0x0, 0x1d, 0xd0,

    /* U+0079 "y" */
    0x6f, 0x60, 0x0, 0xb, 0xe0, 0x7f, 0xd0, 0x0,
    0x4f, 0xe0, 0x1f, 0xf4, 0x0, 0xbf, 0x80, 0x9,
    0xfb, 0x1, 0xff, 0x10, 0x2, 0xff, 0x28, 0xf9,
    0x0, 0x0, 0xbf, 0x8e, 0xf2, 0x0, 0x0, 0x3f,
    0xff, 0xb0, 0x0, 0x0, 0xc, 0xff, 0x40, 0x0,
    0x0, 0x8, 0xfc, 0x0, 0x0, 0x0, 0xe, 0xf5,
    0x0, 0x0, 0x0, 0x6f, 0xe0, 0x0, 0x0, 0x0,
    0x6f, 0x60, 0x0, 0x0,

    /* U+007A "z" */
    0x2f, 0xff, 0xff, 0xfc, 0x1, 0xab, 0xbb, 0xef,
    0xc0, 0x0, 0x0, 0x3f, 0xe2, 0x0, 0x0, 0x1e,
    0xf4, 0x0, 0x0, 0xb, 0xf7, 0x0, 0x0, 0x8,
    0xfb, 0x0, 0x0, 0x4, 0xfd, 0x10, 0x0, 0x0,
    0xef, 0xdb, 0xbb, 0xa0, 0x1e, 0xff, 0xff, 0xff,
    0x10,

    /* U+007B "{" */
    0x0, 0xa, 0xff, 0xc0, 0x5, 0xff, 0xb8, 0x0,
    0x6f, 0xd0, 0x0, 0x6, 0xfd, 0x0, 0x0, 0x6f,
    0xd0, 0x0, 0x6, 0xfd, 0x0, 0x0, 0x8f, 0xc0,
    0x2, 0xcf, 0xf4, 0x0, 0x3f, 0xfe, 0x20, 0x0,
    0xa, 0xfb, 0x0, 0x0, 0x6f, 0xd0, 0x0, 0x6,
    0xfd, 0x0, 0x0, 0x6f, 0xd0, 0x0, 0x6, 0xfd,
    0x0, 0x0, 0x5f, 0xfb, 0x80, 0x0, 0xaf, 0xfc,

    /* U+007C "|" */
    0x5f, 0x88, 0xfb, 0x8f, 0xb8, 0xfb, 0x8f, 0xb8,
    0xfb, 0x8f, 0xb8, 0xfb, 0x8f, 0xb8, 0xfb, 0x8f,
    0xb8, 0xfb, 0x8f, 0xb8, 0xfb, 0x8f, 0xb5, 0xf8,

    /* U+007D "}" */
    0xbf, 0xfa, 0x0, 0x8, 0xbf, 0xf5, 0x0, 0x0,
    0xcf, 0x70, 0x0, 0xc, 0xf7, 0x0, 0x0, 0xcf,
    0x70, 0x0, 0xc, 0xf7, 0x0, 0x0, 0xbf, 0x90,
    0x0, 0x4, 0xff, 0xc2, 0x0, 0x2e, 0xff, 0x40,
    0xa, 0xfb, 0x0, 0x0, 0xcf, 0x70, 0x0, 0xc,
    0xf7, 0x0, 0x0, 0xcf, 0x70, 0x0, 0xc, 0xf7,
    0x0, 0x8b, 0xff, 0x60, 0xc, 0xff, 0xa0, 0x0,

    /* U+007E "~" */
    0x2c, 0xfc, 0x40, 0x3, 0x3c, 0xe8, 0xcf, 0xb9,
    0xf9, 0x42, 0x0, 0x5d, 0xfa, 0x0,

    /* U+00A0 " " */

    /* U+00A1 "¡" */
    0xb, 0xf4, 0xf, 0xf8, 0x6, 0x91, 0x2, 0x60,
    0x8, 0xf0, 0x9, 0xf1, 0xb, 0xf2, 0xc, 0xf3,
    0xd, 0xf5, 0xf, 0xf6, 0xf, 0xf7, 0xb, 0xf3,

    /* U+00A2 "¢" */
    0x0, 0x0, 0x62, 0x0, 0x0, 0x0, 0x1f, 0xa0,
    0x0, 0x0, 0x2, 0xfa, 0x0, 0x0, 0x4, 0xcf,
    0xfd, 0x70, 0x6, 0xff, 0xec, 0xff, 0x31, 0xff,
    0x70, 0x0, 0x40, 0x6f, 0xe0, 0x0, 0x0, 0x8,
    0xfc, 0x0, 0x0, 0x0, 0x6f, 0xe0, 0x0, 0x0,
    0x2, 0xff, 0x90, 0x1, 0x60, 0x7, 0xff, 0xed,
    0xff, 0x20, 0x5, 0xcf, 0xfc, 0x60, 0x0, 0x2,
    0xfa, 0x0, 0x0, 0x0, 0xe, 0x80, 0x0,

    /* U+00A3 "£" */
    0x0, 0x1, 0x9e, 0xfe, 0xa4, 0x0, 0x0, 0xef,
    0xfe, 0xff, 0xf4, 0x0, 0x7f, 0xf2, 0x0, 0x4b,
    0x20, 0xa, 0xfa, 0x0, 0x0, 0x0, 0x0, 0xbf,
    0x90, 0x0, 0x0, 0x0, 0xb, 0xf9, 0x0, 0x0,
    0x0, 0x3f, 0xff, 0xff, 0xf9, 0x0, 0x1, 0x8e,
    0xfd, 0x99, 0x40, 0x0, 0x0, 0xbf, 0x90, 0x0,
    0x0, 0x0, 0xb, 0xf9, 0x0, 0x0, 0x0, 0x0,
    0xbf, 0x90, 0x0, 0x0, 0x2, 0xdf, 0xff, 0xee,
    0xee, 0xd1, 0x3f, 0xff, 0xff, 0xff, 0xfe, 0x10,

    /* U+00A4 "¤" */
    0x3e, 0x68, 0xef, 0xd6, 0x9e, 0x0, 0x8f, 0xff,
    0xdf, 0xff, 0x40, 0x8, 0xfb, 0x0, 0x2e, 0xf4,
    0x0, 0xdf, 0x10, 0x0, 0x5f, 0x90, 0xf, 0xe0,
    0x0, 0x2, 0xfb, 0x0, 0xdf, 0x10, 0x0, 0x5f,
    0x90, 0x8, 0xfb, 0x0, 0x2e, 0xf4, 0x0, 0x8f,
    0xff, 0xdf, 0xff, 0x40, 0x3e, 0x68, 0xef, 0xd6,
    0x8e, 0x0,

    /* U+00A5 "¥" */
    0x5f, 0x60, 0x0, 0x0, 0x9f, 0x34, 0xff, 0x20,
    0x0, 0x5f, 0xf2, 0x9, 0xfd, 0x0, 0x1f, 0xf6,
    0x0, 0xd, 0xf8, 0xb, 0xfb, 0x0, 0x0, 0x3f,
    0xfa, 0xfe, 0x10, 0x0, 0x69, 0xdf, 0xff, 0xc9,
    0x40, 0xc, 0xff, 0xff, 0xff, 0xf9, 0x0, 0x0,
    0xc, 0xf8, 0x0, 0x0, 0x6, 0x99, 0xef, 0xd9,
    0x94, 0x0, 0xcf, 0xff, 0xff, 0xff, 0x90, 0x0,
    0x0, 0xcf, 0x80, 0x0, 0x0, 0x0, 0xc, 0xf8,
    0x0, 0x0, 0x0, 0x0, 0x8f, 0x50, 0x0, 0x0,

    /* U+00A6 "¦" */
    0x5f, 0x88, 0xfb, 0x8f, 0xb8, 0xfb, 0x8f, 0xb7,
    0xfa, 0x4, 0x10, 0x0, 0x0, 0x0, 0x41, 0x7f,
    0xa8, 0xfb, 0x8f, 0xb8, 0xfb, 0x8f, 0xb5, 0xf8,

    /* U+00A7 "§" */
    0x0, 0x2a, 0xef, 0xeb, 0x50, 0x2, 0xef, 0xca,
    0xbf, 0xf1, 0x8, 0xfb, 0x0, 0x1, 0x40, 0x9,
    0xf9, 0x0, 0x0, 0x0, 0x5, 0xff, 0x70, 0x0,
    0x0, 0xc, 0xff, 0xfe, 0x81, 0x0, 0x4f, 0xa2,
    0xaf, 0xff, 0x70, 0x5f, 0xc0, 0x2, 0x9f, 0xf4,
    0x1f, 0xfb, 0x30, 0x9, 0xf9, 0x4, 0xef, 0xfc,
    0x46, 0xf8, 0x0, 0x6, 0xdf, 0xff, 0xf2, 0x0,
    0x0, 0x5, 0xef, 0xa0, 0x0, 0x0, 0x0, 0x5f,
    0xd0, 0x2, 0x10, 0x0, 0x7f, 0xc0, 0xe, 0xfc,
    0x9b, 0xff, 0x50, 0x4, 0xbe, 0xff, 0xb4, 0x0,

    /* U+00A8 "¨" */
    0x2, 0x10, 0x2, 0x1, 0xfe, 0xb, 0xf5, 0x1e,
    0xc0, 0x9f, 0x30,

    /* U+00A9 "©" */
    0x0, 0x0, 0x5b, 0xef, 0xda, 0x30, 0x0, 0x0,
    0x1c, 0xb4, 0x0, 0x16, 0xd8, 0x0, 0x0, 0xd7,
    0x0, 0x57, 0x62, 0xb, 0x80, 0x7, 0xa0, 0x2e,
    0xff, 0xff, 0x21, 0xe2, 0xe, 0x20, 0xdf, 0x70,
    0x16, 0x0, 0x78, 0x1e, 0x2, 0xfd, 0x0, 0x0,
    0x0, 0x3c, 0x2d, 0x3, 0xfb, 0x0, 0x0, 0x0,
    0x2d, 0x1e, 0x2, 0xfd, 0x0, 0x0, 0x0, 0x3c,
    0xe, 0x20, 0xcf, 0x70, 0x16, 0x0, 0x88, 0x7,
    0xa0, 0x2e, 0xff, 0xff, 0x21, 0xe2, 0x0, 0xc7,
    0x0, 0x58, 0x61, 0xc, 0x80, 0x0, 0x1c, 0xb4,
    0x0, 0x16, 0xd8, 0x0, 0x0, 0x0, 0x5b, 0xef,
    0xea, 0x30, 0x0,

    /* U+00AA "ª" */
    0x1c, 0xff, 0xa0, 0x5, 0x23, 0xf6, 0x19, 0xcc,
    0xf8, 0x8f, 0x10, 0xe8, 0x8f, 0x14, 0xf8, 0x1c,
    0xf9, 0xb7,

    /* U+00AB "«" */
    0x0, 0x1, 0x0, 0x1, 0x0, 0x8f, 0x10, 0xdd,
    0x3, 0xfe, 0x7, 0xfa, 0xc, 0xf6, 0x1f, 0xf2,
    0xe, 0xf4, 0x3f, 0xf0, 0x6, 0xfb, 0xb, 0xf6,
    0x0, 0xcf, 0x11, 0xfd, 0x0, 0x28, 0x0, 0x46,

    /* U+00AC "¬" */
    0x8, 0x99, 0x99, 0x99, 0x95, 0x1e, 0xff, 0xff,
    0xff, 0xfc, 0x0, 0x0, 0x0, 0x0, 0xdc, 0x0,
    0x0, 0x0, 0x0, 0xdc, 0x0, 0x0, 0x0, 0x0,
    0xdc, 0x0, 0x0, 0x0, 0x0, 0xba,

    /* U+00AD "­" */
    0x9c, 0xcc, 0xc6, 0xbf, 0xff, 0xf9,

    /* U+00AE "®" */
    0x0, 0x0, 0x5b, 0xef, 0xda, 0x30, 0x0, 0x0,
    0x1c, 0xb4, 0x0, 0x16, 0xd8, 0x0, 0x0, 0xd7,
    0x0, 0x0, 0x0, 0xb, 0x80, 0x7, 0xa0, 0x5f,
    0xff, 0xfa, 0x1, 0xe2, 0xe, 0x20, 0x7f, 0x73,
    0x8f, 0x60, 0x78, 0x1e, 0x0, 0x7f, 0x40, 0x5f,
    0x40, 0x3c, 0x2d, 0x0, 0x7f, 0xff, 0xf6, 0x0,
    0x2d, 0x1e, 0x0, 0x7f, 0x75, 0xfb, 0x0, 0x3c,
    0xe, 0x20, 0x7f, 0x40, 0xbf, 0x10, 0x88, 0x7,
    0xa0, 0x6f, 0x30, 0x6f, 0x41, 0xe2, 0x0, 0xc7,
    0x4, 0x0, 0x4, 0x1c, 0x80, 0x0, 0x1c, 0xb4,
    0x0, 0x16, 0xd8, 0x0, 0x0, 0x0, 0x5b, 0xef,
    0xea, 0x30, 0x0,

    /* U+00AF "¯" */
    0x0, 0x11, 0x11, 0x2, 0xff, 0xff, 0xf9, 0x3,
    0x44, 0x44, 0x10,

    /* U+00B0 "°" */
    0x0, 0x0, 0x0, 0x0, 0x5e, 0xfd, 0x30, 0x2f,
    0x94, 0xbe, 0x6, 0xf0, 0x3, 0xf3, 0x3f, 0x61,
    0x9f, 0x10, 0x8f, 0xff, 0x50, 0x0, 0x13, 0x0,
    0x0,

    /* U+00B1 "±" */
    0x0, 0x0, 0x4f, 0x20, 0x0, 0x0, 0x0, 0x6f,
    0x30, 0x0, 0x0, 0x0, 0x6f, 0x30, 0x0, 0x1f,
    0xff, 0xff, 0xff, 0xfc, 0x8, 0x99, 0xcf, 0xa9,
    0x96, 0x0, 0x0, 0x6f, 0x30, 0x0, 0x0, 0x0,
    0x6f, 0x30, 0x0, 0x0, 0x0, 0x4, 0x0, 0x0,
    0x8, 0x99, 0x99, 0x99, 0x96, 0x1e, 0xff, 0xff,
    0xff, 0xfc,

    /* U+00B2 "²" */
    0x1a, 0xef, 0xc2, 0x4, 0xe9, 0xbf, 0xb0, 0x0,
    0x1, 0xfd, 0x0, 0x0, 0x6f, 0x90, 0x0, 0x4f,
    0xd0, 0x0, 0x2f, 0xe1, 0x0, 0xe, 0xfa, 0x88,
    0x11, 0xef, 0xff, 0xf3,

    /* U+00B3 "³" */
    0x19, 0xef, 0xc3, 0x4, 0xd9, 0x9f, 0xc0, 0x0,
    0x0, 0xde, 0x0, 0x18, 0x9f, 0x70, 0x4, 0xff,
    0xf7, 0x0, 0x0, 0xb, 0xf1, 0x6d, 0x98, 0xff,
    0x11, 0xae, 0xfd, 0x40,

    /* U+00B4 "´" */
    0x0, 0x0, 0x0, 0xa, 0xb0, 0x4, 0xfb, 0x0,
    0xcf, 0x10, 0x2f, 0x50, 0x0, 0x20, 0x0,

    /* U+00B5 "µ" */
    0x7f, 0x60, 0x0, 0x8f, 0x4a, 0xf9, 0x0, 0xc,
    0xf7, 0xaf, 0x90, 0x0, 0xcf, 0x7a, 0xf9, 0x0,
    0xc, 0xf7, 0xaf, 0x90, 0x0, 0xcf, 0x7a, 0xf9,
    0x0, 0xd, 0xf7, 0xaf, 0xd0, 0x4, 0xff, 0x7a,
    0xff, 0xec, 0xfe, 0xf7, 0xaf, 0xbe, 0xf7, 0x8f,
    0x4a, 0xf7, 0x0, 0x0, 0x0, 0xaf, 0x80, 0x0,
    0x0, 0x7, 0xf6, 0x0, 0x0, 0x0,

    /* U+00B6 "¶" */
    0x0, 0x8e, 0xff, 0xff, 0xfa, 0xa, 0xff, 0xff,
    0xa9, 0xed, 0x2f, 0xff, 0xff, 0x20, 0xcd, 0x5f,
    0xff, 0xff, 0x20, 0xcd, 0x4f, 0xff, 0xff, 0x20,
    0xcd, 0xf, 0xff, 0xff, 0x20, 0xcd, 0x5, 0xff,
    0xff, 0x20, 0xcd, 0x0, 0x27, 0xcf, 0x20, 0xcd,
    0x0, 0x0, 0x8f, 0x20, 0xcd, 0x0, 0x0, 0x8f,
    0x20, 0xcd, 0x0, 0x0, 0x8f, 0x20, 0xcd, 0x0,
    0x0, 0x8f, 0x20, 0xcd, 0x0, 0x0, 0x8f, 0x20,
    0xcd, 0x0, 0x0, 0x8f, 0x20, 0xcd, 0x0, 0x0,
    0x8f, 0x20, 0xcd, 0x0, 0x0, 0x6e, 0x10, 0xab,

    /* U+00B7 "·" */
    0x6, 0x91, 0xf, 0xf8, 0xb, 0xf4,

    /* U+00B8 "¸" */
    0x1, 0xd0, 0x0, 0x4f, 0xc4, 0x1, 0xb, 0xb1,
    0xff, 0xf5, 0x0, 0x10, 0x0,

    /* U+00B9 "¹" */
    0x5, 0xda, 0x0, 0xaf, 0xfc, 0x0, 0x87, 0xfc,
    0x0, 0x0, 0xfc, 0x0, 0x0, 0xfc, 0x0, 0x0,
    0xfc, 0x0, 0x58, 0xfe, 0x71, 0xcf, 0xff, 0xf3,

    /* U+00BA "º" */
    0x8, 0xef, 0xb2, 0x6, 0xf5, 0x3d, 0xc0, 0xad,
    0x0, 0x8f, 0x7, 0xf2, 0xc, 0xd0, 0xa, 0xff,
    0xe3, 0x0, 0x1, 0x20, 0x0,

    /* U+00BB "»" */
    0x1, 0x0, 0x1, 0x0, 0xe, 0xb0, 0x3f, 0x70,
    0xb, 0xf5, 0xf, 0xf1, 0x4, 0xfe, 0x8, 0xfa,
    0x1, 0xff, 0x15, 0xfd, 0x8, 0xf9, 0xc, 0xf5,
    0xf, 0xe1, 0x3f, 0xb0, 0x7, 0x30, 0x8, 0x10,

    /* U+00BC "¼" */
    0x0, 0x0, 0x0, 0x0, 0x0, 0x0, 0x0, 0x0,
    0x4, 0xda, 0x0, 0x0, 0x0, 0xac, 0x0, 0x0,
    0x8f, 0xfc, 0x0, 0x0, 0x4, 0xfa, 0x0, 0x0,
    0xcb, 0xfc, 0x0, 0x0, 0xd, 0xf1, 0x0, 0x0,
    0x0, 0xfc, 0x0, 0x0, 0x6f, 0x80, 0x0, 0x0,
    0x0, 0xfc, 0x0, 0x1, 0xee, 0x0, 0x0, 0x0,
    0x0, 0xfc, 0x0, 0x9, 0xf5, 0x0, 0x8b, 0x0,
    0x58, 0xfe, 0x71, 0x2f, 0xc0, 0x5, 0xff, 0x20,
    0xcf, 0xff, 0xf3, 0xbf, 0x30, 0x1f, 0xff, 0x20,
    0x0, 0x0, 0x5, 0xfa, 0x0, 0xbd, 0xaf, 0x20,
    0x0, 0x0, 0xd, 0xf1, 0x7, 0xf2, 0xaf, 0x20,
    0x0, 0x0, 0x7f, 0x70, 0xf, 0xff, 0xff, 0xf2,
    0x0, 0x1, 0xfd, 0x0, 0x6, 0x88, 0xdf, 0x90,
    0x0, 0x6, 0xf5, 0x0, 0x0, 0x0, 0x7e, 0x10,
    0x0, 0x0, 0x30, 0x0, 0x0, 0x0, 0x0, 0x0,

    /* U+00BD "½" */
    0x0, 0x0, 0x0, 0x0, 0x0, 0x0, 0x0, 0x0,
    0x4, 0xda, 0x0, 0x0, 0x0, 0xac, 0x0, 0x0,
    0x8f, 0xfc, 0x0, 0x0, 0x4, 0xfa, 0x0, 0x0,
    0xcb, 0xfc, 0x0, 0x0, 0xd, 0xf1, 0x0, 0x0,
    0x0, 0xfc, 0x0, 0x0, 0x6f, 0x80, 0x0, 0x0,
    0x0, 0xfc, 0x0, 0x1, 0xee, 0x0, 0x0, 0x0,
    0x0, 0xfc, 0x0, 0x9, 0xf5, 0x5, 0x76, 0x10,
    0x58, 0xfe, 0x71, 0x2f, 0xc0, 0xdf, 0xff, 0xe1,
    0xcf, 0xff, 0xf3, 0xbf, 0x30, 0x53, 0xc, 0xf4,
    0x0, 0x0, 0x5, 0xfa, 0x0, 0x0, 0xc, 0xf2,
    0x0, 0x0, 0xd, 0xf1, 0x0, 0x0, 0x8f, 0x70,
    0x0, 0x0, 0x7f, 0x70, 0x0, 0x7, 0xf8, 0x0,
    0x0, 0x1, 0xfd, 0x0, 0x0, 0x6f, 0xe8, 0x84,
    0x0, 0x6, 0xf5, 0x0, 0x0, 0x9f, 0xff, 0xfa,
    0x0, 0x0, 0x30, 0x0, 0x0, 0x0, 0x0, 0x0,

    /* U+00BE "¾" */
    0x0, 0x0, 0x0, 0x0, 0x0, 0x0, 0x0, 0x0,
    0x1, 0xae, 0xfd, 0x30, 0x0, 0x0, 0xac, 0x0,
    0x0, 0x4d, 0x99, 0xfd, 0x0, 0x0, 0x4f, 0xa0,
    0x0, 0x0, 0x0, 0x1e, 0xd0, 0x0, 0xd, 0xf1,
    0x0, 0x0, 0x4, 0xff, 0xf3, 0x0, 0x6, 0xf8,
    0x0, 0x0, 0x0, 0x18, 0x8f, 0xc0, 0x1, 0xee,
    0x0, 0x0, 0x0, 0x0, 0x0, 0xaf, 0x20, 0x9f,
    0x50, 0x8, 0xb0, 0x3, 0x83, 0x3e, 0xf1, 0x2f,
    0xc0, 0x5, 0xff, 0x20, 0x4f, 0xff, 0xf7, 0xb,
    0xf3, 0x1, 0xff, 0xf2, 0x0, 0x4, 0x42, 0x5,
    0xfa, 0x0, 0xbe, 0xbf, 0x20, 0x0, 0x0, 0x0,
    0xdf, 0x10, 0x7f, 0x3a, 0xf2, 0x0, 0x0, 0x0,
    0x7f, 0x70, 0xf, 0xff, 0xff, 0xf2, 0x0, 0x0,
    0x1f, 0xd0, 0x0, 0x68, 0x8d, 0xf9, 0x0, 0x0,
    0x6, 0xf5, 0x0, 0x0, 0x0, 0x7e, 0x10, 0x0,
    0x0, 0x3, 0x0, 0x0, 0x0, 0x0, 0x0, 0x0,

    /* U+00BF "¿" */
    0x0, 0xb, 0xf5, 0x0, 0x0, 0x0, 0xff, 0x90,
    0x0, 0x0, 0x6, 0xa2, 0x0, 0x0, 0x0, 0x2,
    0x0, 0x0, 0x0, 0x8, 0xe0, 0x0, 0x0, 0x2,
    0xfc, 0x0, 0x0, 0x3, 0xef, 0x30, 0x0, 0x2,
    0xff, 0x40, 0x0, 0x0, 0x9f, 0xa0, 0x0, 0x0,
    0xb, 0xfc, 0x10, 0x17, 0xb0, 0x5f, 0xff, 0xff,
    0xff, 0x10, 0x5c, 0xff, 0xd8, 0x20,

    /* U+00C0 "À" */
    0x0, 0x0, 0x52, 0x0, 0x0, 0x0, 0x0, 0x0,
    0xf, 0xe0, 0x0, 0x0, 0x0, 0x0, 0x0, 0x5f,
    0x90, 0x0, 0x0, 0x0, 0x0, 0x0, 0x6e, 0x0,
    0x0, 0x0, 0x0, 0x0, 0x0, 0x0, 0x0, 0x0,
    0x0, 0x0, 0x0, 0x4f, 0xa0, 0x0, 0x0, 0x0,
    0x0, 0xd, 0xff, 0x40, 0x0, 0x0, 0x0, 0x4,
    0xfe, 0xfb, 0x0, 0x0, 0x0, 0x0, 0xcf, 0x4e,
    0xf2, 0x0, 0x0, 0x0, 0x3f, 0xd0, 0x7f, 0x90,
    0x0, 0x0, 0xa, 0xf7, 0x1, 0xff, 0x10, 0x0,
    0x2, 0xff, 0x10, 0xa, 0xf8, 0x0, 0x0, 0x8f,
    0x90, 0x0, 0x3f, 0xe0, 0x0, 0xf, 0xff, 0xff,
    0xff, 0xff, 0x60, 0x7, 0xff, 0xdd, 0xdd, 0xde,
    0xfd, 0x0, 0xef, 0x50, 0x0, 0x0, 0xe, 0xf5,
    0x5f, 0xe0, 0x0, 0x0, 0x0, 0x8f, 0xc5, 0xf6,
    0x0, 0x0, 0x0, 0x1, 0xdc,

    /* U+00C1 "Á" */
    0x0, 0x0, 0x0, 0x0, 0x61, 0x0, 0x0, 0x0,
    0x0, 0x0, 0x7f, 0x70, 0x0, 0x0, 0x0, 0x0,
    0x2f, 0xc0, 0x0, 0x0, 0x0, 0x0, 0x7, 0xc0,
    0x0, 0x0, 0x0, 0x0, 0x0, 0x0, 0x0, 0x0,
    0x0, 0x0, 0x0, 0x4f, 0xa0, 0x0, 0x0, 0x0,
    0x0, 0xd, 0xff, 0x40, 0x0, 0x0, 0x0, 0x4,
    0xfe, 0xfb, 0x0, 0x0, 0x0, 0x0, 0xcf, 0x4e,
    0xf2, 0x0, 0x0, 0x0, 0x3f, 0xd0, 0x7f, 0x90,
    0x0, 0x0, 0xa, 0xf7, 0x1, 0xff, 0x10, 0x0,
    0x2, 0xff, 0x10, 0xa, 0xf8, 0x0, 0x0, 0x8f,
    0x90, 0x0, 0x3f, 0xe0, 0x0, 0xf, 0xff, 0xff,
    0xff, 0xff, 0x60, 0x7, 0xff, 0xdd, 0xdd, 0xde,
    0xfd, 0x0, 0xef, 0x50, 0x0, 0x0, 0xe, 0xf5,
    0x5f, 0xe0, 0x0, 0x0, 0x0, 0x8f, 0xc5, 0xf6,
    0x0, 0x0, 0x0, 0x1, 0xdc,

    /* U+00C2 "Â" */
    0x0, 0x0, 0x1, 0x74, 0x0, 0x0, 0x0, 0x0,
    0x0, 0xcf, 0xf4, 0x0, 0x0, 0x0, 0x0, 0x8f,
    0x5c, 0xe1, 0x0, 0x0, 0x0, 0xe, 0x60, 0x1d,
    0x50, 0x0, 0x0, 0x0, 0x0, 0x0, 0x0, 0x0,
    0x0, 0x0, 0x0, 0x4f, 0xa0, 0x0, 0x0, 0x0,
    0x0, 0xd, 0xff, 0x40, 0x0, 0x0, 0x0, 0x4,
    0xfe, 0xfb, 0x0, 0x0, 0x0, 0x0, 0xcf, 0x4e,
    0xf2, 0x0, 0x0, 0x0, 0x3f, 0xd0, 0x7f, 0x90,
    0x0, 0x0, 0xa, 0xf7, 0x1, 0xff, 0x10, 0x0,
    0x2, 0xff, 0x10, 0xa, 0xf8, 0x0, 0x0, 0x8f,
    0x90, 0x0, 0x3f, 0xe0, 0x0, 0xf, 0xff, 0xff,
    0xff, 0xff, 0x60, 0x7, 0xff, 0xdd, 0xdd, 0xde,
    0xfd, 0x0, 0xef, 0x50, 0x0, 0x0, 0xe, 0xf5,
    0x5f, 0xe0, 0x0, 0x0, 0x0, 0x8f, 0xc5, 0xf6,
    0x0, 0x0, 0x0, 0x1, 0xdc,

    /* U+00C3 "Ã" */
    0x0, 0x0, 0x1, 0x0, 0x0, 0x0, 0x0, 0x0,
    0x6f, 0xf9, 0x0, 0x8a, 0x0, 0x0, 0xf, 0x97,
    0xfe, 0xaf, 0x60, 0x0, 0x2, 0xd0, 0x2, 0xcf,
    0x90, 0x0, 0x0, 0x0, 0x0, 0x0, 0x0, 0x0,
    0x0, 0x0, 0x0, 0x4f, 0xa0, 0x0, 0x0, 0x0,
    0x0, 0xd, 0xff, 0x40, 0x0, 0x0, 0x0, 0x4,
    0xfe, 0xfb, 0x0, 0x0, 0x0, 0x0, 0xcf, 0x4e,
    0xf2, 0x0, 0x0, 0x0, 0x3f, 0xd0, 0x7f, 0x90,
    0x0, 0x0, 0xa, 0xf7, 0x1, 0xff, 0x10, 0x0,
    0x2, 0xff, 0x10, 0xa, 0xf8, 0x0, 0x0, 0x8f,
    0x90, 0x0, 0x3f, 0xe0, 0x0, 0xf, 0xff, 0xff,
    0xff, 0xff, 0x60, 0x7, 0xff, 0xdd, 0xdd, 0xde,
    0xfd, 0x0, 0xef, 0x50, 0x0, 0x0, 0xe, 0xf5,
    0x5f, 0xe0, 0x0, 0x0, 0x0, 0x8f, 0xc5, 0xf6,
    0x0, 0x0, 0x0, 0x1, 0xdc,

    /* U+00C4 "Ä" */
    0x0, 0x0, 0x11, 0x0, 0x30, 0x0, 0x0, 0x0,
    0xf, 0xf1, 0x9f, 0x60, 0x0, 0x0, 0x0, 0xdd,
    0x7, 0xf5, 0x0, 0x0, 0x0, 0x0, 0x0, 0x0,
    0x0, 0x0, 0x0, 0x0, 0x4, 0xfa, 0x0, 0x0,
    0x0, 0x0, 0x0, 0xdf, 0xf4, 0x0, 0x0, 0x0,
    0x0, 0x4f, 0xef, 0xb0, 0x0, 0x0, 0x0, 0xc,
    0xf4, 0xef, 0x20, 0x0, 0x0, 0x3, 0xfd, 0x7,
    0xf9, 0x0, 0x0, 0x0, 0xaf, 0x70, 0x1f, 0xf1,
    0x0, 0x0, 0x2f, 0xf1, 0x0, 0xaf, 0x80, 0x0,
    0x8, 0xf9, 0x0, 0x3, 0xfe, 0x0, 0x0, 0xff,
    0xff, 0xff, 0xff, 0xf6, 0x0, 0x7f, 0xfd, 0xdd,
    0xdd, 0xef, 0xd0, 0xe, 0xf5, 0x0, 0x0, 0x0,
    0xef, 0x55, 0xfe, 0x0, 0x0, 0x0, 0x8, 0xfc,
    0x5f, 0x60, 0x0, 0x0, 0x0, 0x1d, 0xc0,

    /* U+00C5 "Å" */
    0x0, 0x0, 0x9, 0xec, 0x30, 0x0, 0x0, 0x0,
    0x6, 0xc2, 0x7d, 0x0, 0x0, 0x0, 0x0, 0x7b,
    0x4, 0xe0, 0x0, 0x0, 0x0, 0x1, 0xcf, 0xf5,
    0x0, 0x0, 0x0, 0x0, 0x0, 0x10, 0x0, 0x0,
    0x0, 0x0, 0x0, 0x4f, 0xa0, 0x0, 0x0, 0x0,
    0x0, 0xd, 0xff, 0x40, 0x0, 0x0, 0x0, 0x4,
    0xfe, 0xfb, 0x0, 0x0, 0x0, 0x0, 0xcf, 0x4e,
    0xf2, 0x0, 0x0, 0x0, 0x3f, 0xd0, 0x7f, 0x90,
    0x0, 0x0, 0xa, 0xf7, 0x1, 0xff, 0x10, 0x0,
    0x2, 0xff, 0x10, 0xa, 0xf8, 0x0, 0x0, 0x8f,
    0x90, 0x0, 0x3f, 0xe0, 0x0, 0xf, 0xff, 0xff,
    0xff, 0xff, 0x60, 0x7, 0xff, 0xdd, 0xdd, 0xde,
    0xfd, 0x0, 0xef, 0x50, 0x0, 0x0, 0xe, 0xf5,
    0x5f, 0xe0, 0x0, 0x0, 0x0, 0x8f, 0xc5, 0xf6,
    0x0, 0x0, 0x0, 0x1, 0xdc,

    /* U+00C6 "Æ" */
    0x0, 0x0, 0x0, 0x1, 0xef, 0xff, 0xff, 0xff,
    0xfe, 0x0, 0x0, 0x0, 0x0, 0xaf, 0xff, 0xdd,
    0xdd, 0xdd, 0xb0, 0x0, 0x0, 0x0, 0x4f, 0xff,
    0xe0, 0x0, 0x0, 0x0, 0x0, 0x0, 0x0, 0xd,
    0xf4, 0xff, 0x10, 0x0, 0x0, 0x0, 0x0, 0x0,
    0x8, 0xfb, 0xc, 0xf5, 0x0, 0x0, 0x0, 0x0,
    0x0, 0x2, 0xff, 0x20, 0x8f, 0xed, 0xdd, 0xdd,
    0x60, 0x0, 0x0, 0xbf, 0x80, 0x5, 0xff, 0xff,
    0xff, 0xf8, 0x0, 0x0, 0x5f, 0xe0, 0x0, 0x1f,
    0xf0, 0x0, 0x0, 0x0, 0x0, 0x1e, 0xff, 0xff,
    0xff, 0xff, 0x20, 0x0, 0x0, 0x0, 0x9, 0xfe,
    0xdd, 0xdd, 0xdf, 0xf6, 0x0, 0x0, 0x0, 0x3,
    0xff, 0x20, 0x0, 0x0, 0x7f, 0x90, 0x0, 0x0,
    0x0, 0xcf, 0x90, 0x0, 0x0, 0x4, 0xff, 0xff,
    0xff, 0xd0, 0xe, 0xd1, 0x0, 0x0, 0x0, 0xe,
    0xff, 0xff, 0xfe, 0x0,

    /* U+00C7 "Ç" */
    0x0, 0x0, 0x7c, 0xff, 0xea, 0x30, 0x0, 0x2e,
    0xff, 0xff, 0xff, 0xf5, 0x0, 0xdf, 0xf6, 0x21,
    0x38, 0xe4, 0x7, 0xff, 0x30, 0x0, 0x0, 0x0,
    0xc, 0xfb, 0x0, 0x0, 0x0, 0x0, 0xf, 0xf7,
    0x0, 0x0, 0x0, 0x0, 0xf, 0xf6, 0x0, 0x0,
    0x0, 0x0, 0xf, 0xf7, 0x0, 0x0, 0x0, 0x0,
    0xc, 0xfb, 0x0, 0x0, 0x0, 0x0, 0x7, 0xff,
    0x30, 0x0, 0x0, 0x0, 0x0, 0xef, 0xf7, 0x21,
    0x38, 0xe5, 0x0, 0x2e, 0xff, 0xff, 0xff, 0xf5,
    0x0, 0x0, 0x7c, 0xff, 0xea, 0x30, 0x0, 0x0,
    0x0, 0xdc, 0x50, 0x0, 0x0, 0x0, 0x2, 0x37,
    0xf2, 0x0, 0x0, 0x0, 0x9, 0xff, 0xa0, 0x0,

    /* U+00C8 "È" */
    0x0, 0x0, 0x0, 0x0, 0x0, 0xb, 0xb0, 0x0,
    0x0, 0x0, 0x9f, 0x70, 0x0, 0x0, 0x0, 0xaf,
    0x10, 0x0, 0x0, 0x0, 0x60, 0x0, 0x5, 0xff,
    0xff, 0xff, 0xfc, 0x9f, 0xfd, 0xdd, 0xdd, 0xa9,
    0xf9, 0x0, 0x0, 0x0, 0x9f, 0x90, 0x0, 0x0,
    0x9, 0xf9, 0x0, 0x0, 0x0, 0x9f, 0x90, 0x0,
    0x0, 0x9, 0xff, 0xff, 0xff, 0xf6, 0x9f, 0xfd,
    0xdd, 0xdd, 0x59, 0xf9, 0x0, 0x0, 0x0, 0x9f,
    0x90, 0x0, 0x0, 0x9, 0xf9, 0x0, 0x0, 0x0,
    0x9f, 0xfd, 0xdd, 0xdd, 0xa5, 0xff, 0xff, 0xff,
    0xfc,

    /* U+00C9 "É" */
    0x0, 0x0, 0x0, 0x0, 0x0, 0x0, 0x0, 0xd,
    0x80, 0x0, 0x0, 0x9, 0xf6, 0x0, 0x0, 0x3,
    0xf8, 0x0, 0x0, 0x0, 0x16, 0x0, 0x5, 0xff,
    0xff, 0xff, 0xfc, 0x9f, 0xfd, 0xdd, 0xdd, 0xa9,
    0xf9, 0x0, 0x0, 0x0, 0x9f, 0x90, 0x0, 0x0,
    0x9, 0xf9, 0x0, 0x0, 0x0, 0x9f, 0x90, 0x0,
    0x0, 0x9, 0xff, 0xff, 0xff, 0xf6, 0x9f, 0xfd,
    0xdd, 0xdd, 0x59, 0xf9, 0x0, 0x0, 0x0, 0x9f,
    0x90, 0x0, 0x0, 0x9, 0xf9, 0x0, 0x0, 0x0,
    0x9f, 0xfd, 0xdd, 0xdd, 0xa5, 0xff, 0xff, 0xff,
    0xfc,

    /* U+00CA "Ê" */
    0x0, 0x3, 0xed, 0x20, 0x0, 0x1, 0xed, 0xec,
    0x0, 0x0, 0xae, 0x23, 0xf7, 0x0, 0x5, 0x30,
    0x4, 0x30, 0x5f, 0xff, 0xff, 0xff, 0xc9, 0xff,
    0xdd, 0xdd, 0xda, 0x9f, 0x90, 0x0, 0x0, 0x9,
    0xf9, 0x0, 0x0, 0x0, 0x9f, 0x90, 0x0, 0x0,
    0x9, 0xf9, 0x0, 0x0, 0x0, 0x9f, 0xff, 0xff,
    0xff, 0x69, 0xff, 0xdd, 0xdd, 0xd5, 0x9f, 0x90,
    0x0, 0x0, 0x9, 0xf9, 0x0, 0x0, 0x0, 0x9f,
    0x90, 0x0, 0x0, 0x9, 0xff, 0xdd, 0xdd, 0xda,
    0x5f, 0xff, 0xff, 0xff, 0xc0,

    /* U+00CB "Ë" */
    0x0, 0x12, 0x0, 0x30, 0x0, 0xd, 0xf3, 0x6f,
    0xa0, 0x0, 0xaf, 0x24, 0xf8, 0x0, 0x0, 0x0,
    0x0, 0x0, 0x5f, 0xff, 0xff, 0xff, 0xc9, 0xff,
    0xdd, 0xdd, 0xda, 0x9f, 0x90, 0x0, 0x0, 0x9,
    0xf9, 0x0, 0x0, 0x0, 0x9f, 0x90, 0x0, 0x0,
    0x9, 0xf9, 0x0, 0x0, 0x0, 0x9f, 0xff, 0xff,
    0xff, 0x69, 0xff, 0xdd, 0xdd, 0xd5, 0x9f, 0x90,
    0x0, 0x0, 0x9, 0xf9, 0x0, 0x0, 0x0, 0x9f,
    0x90, 0x0, 0x0, 0x9, 0xff, 0xdd, 0xdd, 0xda,
    0x5f, 0xff, 0xff, 0xff, 0xc0,

    /* U+00CC "Ì" */
    0x6, 0x10, 0x3, 0xfb, 0x0, 0x8, 0xf6, 0x0,
    0x9, 0xb0, 0x0, 0x0, 0x0, 0x6, 0xf7, 0x0,
    0x9f, 0xb0, 0x9, 0xfb, 0x0, 0x9f, 0xb0, 0x9,
    0xfb, 0x0, 0x9f, 0xb0, 0x9, 0xfb, 0x0, 0x9f,
    0xb0, 0x9, 0xfb, 0x0, 0x9f, 0xb0, 0x9, 0xfb,
    0x0, 0x9f, 0xb0, 0x6, 0xf7,

    /* U+00CD "Í" */
    0x0, 0x16, 0x0, 0xa, 0xf5, 0x5, 0xf9, 0x0,
    0xaa, 0x0, 0x0, 0x0, 0x6, 0xf7, 0x0, 0x9f,
    0xb0, 0x9, 0xfb, 0x0, 0x9f, 0xb0, 0x9, 0xfb,
    0x0, 0x9f, 0xb0, 0x9, 0xfb, 0x0, 0x9f, 0xb0,
    0x9, 0xfb, 0x0, 0x9f, 0xb0, 0x9, 0xfb, 0x0,
    0x9f, 0xb0, 0x6, 0xf7, 0x0,

    /* U+00CE "Î" */
    0x0, 0x27, 0x20, 0x0, 0x1e, 0xff, 0x20, 0xb,
    0xf4, 0xec, 0x1, 0xe4, 0x3, 0xe3, 0x0, 0x0,
    0x0, 0x0, 0x6, 0xf7, 0x0, 0x0, 0x9f, 0xb0,
    0x0, 0x9, 0xfb, 0x0, 0x0, 0x9f, 0xb0, 0x0,
    0x9, 0xfb, 0x0, 0x0, 0x9f, 0xb0, 0x0, 0x9,
    0xfb, 0x0, 0x0, 0x9f, 0xb0, 0x0, 0x9, 0xfb,
    0x0, 0x0, 0x9f, 0xb0, 0x0, 0x9, 0xfb, 0x0,
    0x0, 0x9f, 0xb0, 0x0, 0x6, 0xf7, 0x0,

    /* U+00CF "Ï" */
    0x2, 0x10, 0x12, 0x2, 0xfe, 0xc, 0xf4, 0x1e,
    0xb0, 0xaf, 0x20, 0x0, 0x0, 0x0, 0x0, 0x6f,
    0x70, 0x0, 0x9, 0xfb, 0x0, 0x0, 0x9f, 0xb0,
    0x0, 0x9, 0xfb, 0x0, 0x0, 0x9f, 0xb0, 0x0,
    0x9, 0xfb, 0x0, 0x0, 0x9f, 0xb0, 0x0, 0x9,
    0xfb, 0x0, 0x0, 0x9f, 0xb0, 0x0, 0x9, 0xfb,
    0x0, 0x0, 0x9f, 0xb0, 0x0, 0x9, 0xfb, 0x0,
    0x0, 0x6f, 0x70, 0x0,

    /* U+00D0 "Ð" */
    0x0, 0x5f, 0xff, 0xff, 0xeb, 0x50, 0x0, 0x0,
    0x9f, 0xfe, 0xef, 0xff, 0xfb, 0x0, 0x0, 0x9f,
    0xb0, 0x0, 0x18, 0xff, 0xb0, 0x0, 0x9f, 0xb0,
    0x0, 0x0, 0x6f, 0xf3, 0x0, 0x9f, 0xb0, 0x0,
    0x0, 0xe, 0xf8, 0x0, 0x9f, 0xb0, 0x0, 0x0,
    0xb, 0xfb, 0x3f, 0xff, 0xff, 0xff, 0x20, 0xa,
    0xfc, 0x1a, 0xef, 0xeb, 0xba, 0x10, 0xb, 0xfb,
    0x0, 0x9f, 0xb0, 0x0, 0x0, 0xe, 0xf8, 0x0,
    0x9f, 0xb0, 0x0, 0x0, 0x6f, 0xf3, 0x0, 0x9f,
    0xb0, 0x0, 0x17, 0xff, 0xa0, 0x0, 0x9f, 0xfe,
    0xee, 0xff, 0xfb, 0x0, 0x0, 0x5f, 0xff, 0xff,
    0xeb, 0x50, 0x0,

    /* U+00D1 "Ñ" */
    0x0, 0x0, 0x0, 0x0, 0x0, 0x0, 0x0, 0x4e,
    0xf8, 0x0, 0x79, 0x0, 0x0, 0xea, 0x9f, 0xea,
    0xf6, 0x0, 0x2, 0xe0, 0x3, 0xcf, 0xa0, 0x0,
    0x0, 0x0, 0x0, 0x0, 0x0, 0x0, 0x6f, 0x50,
    0x0, 0x0, 0xd, 0xd0, 0x9f, 0xf3, 0x0, 0x0,
    0x1f, 0xf1, 0x9f, 0xfe, 0x10, 0x0, 0x1f, 0xf1,
    0x9f, 0xff, 0xb0, 0x0, 0x1f, 0xf1, 0x9f, 0xae,
    0xf8, 0x0, 0x1f, 0xf1, 0x9f, 0x83, 0xff, 0x50,
    0x1f, 0xf1, 0x9f, 0x80, 0x7f, 0xf2, 0x1f, 0xf1,
    0x9f, 0x80, 0xb, 0xfd, 0x1f, 0xf1, 0x9f, 0x80,
    0x1, 0xef, 0xbf, 0xf1, 0x9f, 0x80, 0x0, 0x3f,
    0xff, 0xf1, 0x9f, 0x80, 0x0, 0x6, 0xff, 0xf1,
    0x9f, 0x80, 0x0, 0x0, 0xaf, 0xf1, 0x6f, 0x50,
    0x0, 0x0, 0xc, 0xd0,

    /* U+00D2 "Ò" */
    0x0, 0x0, 0x35, 0x0, 0x0, 0x0, 0x0, 0x0,
    0x0, 0xbf, 0x40, 0x0, 0x0, 0x0, 0x0, 0x0,
    0x1e, 0xe0, 0x0, 0x0, 0x0, 0x0, 0x0, 0x2,
    0xe4, 0x0, 0x0, 0x0, 0x0, 0x0, 0x0, 0x0,
    0x0, 0x0, 0x0, 0x0, 0x0, 0x7d, 0xff, 0xd9,
    0x10, 0x0, 0x0, 0x2e, 0xff, 0xff, 0xff, 0xf4,
    0x0, 0x0, 0xdf, 0xe5, 0x0, 0x3c, 0xff, 0x10,
    0x7, 0xff, 0x20, 0x0, 0x1, 0xef, 0x90, 0xc,
    0xfa, 0x0, 0x0, 0x0, 0x8f, 0xe0, 0xf, 0xf7,
    0x0, 0x0, 0x0, 0x4f, 0xf1, 0xf, 0xf6, 0x0,
    0x0, 0x0, 0x3f, 0xf2, 0xf, 0xf7, 0x0, 0x0,
    0x0, 0x5f, 0xf1, 0xc, 0xfb, 0x0, 0x0, 0x0,
    0x8f, 0xe0, 0x7, 0xff, 0x20, 0x0, 0x1, 0xef,
    0x90, 0x0, 0xdf, 0xe5, 0x0, 0x4d, 0xff, 0x10,
    0x0, 0x2e, 0xff, 0xff, 0xff, 0xf4, 0x0, 0x0,
    0x1, 0x7d, 0xff, 0xd8, 0x10, 0x0,

    /* U+00D3 "Ó" */
    0x0, 0x0, 0x0, 0x0, 0x44, 0x0, 0x0, 0x0,
    0x0, 0x0, 0x2, 0xfd, 0x0, 0x0, 0x0, 0x0,
    0x0, 0xc, 0xf3, 0x0, 0x0, 0x0, 0x0, 0x0,
    0x2e, 0x30, 0x0, 0x0, 0x0, 0x0, 0x0, 0x0,
    0x0, 0x0, 0x0, 0x0, 0x0, 0x7d, 0xff, 0xd9,
    0x10, 0x0, 0x0, 0x2e, 0xff, 0xff, 0xff, 0xf4,
    0x0, 0x0, 0xdf, 0xe5, 0x0, 0x3c, 0xff, 0x10,
    0x7, 0xff, 0x20, 0x0, 0x1, 0xef, 0x90, 0xc,
    0xfa, 0x0, 0x0, 0x0, 0x8f, 0xe0, 0xf, 0xf7,
    0x0, 0x0, 0x0, 0x4f, 0xf1, 0xf, 0xf6, 0x0,
    0x0, 0x0, 0x3f, 0xf2, 0xf, 0xf7, 0x0, 0x0,
    0x0, 0x5f, 0xf1, 0xc, 0xfb, 0x0, 0x0, 0x0,
    0x8f, 0xe0, 0x7, 0xff, 0x20, 0x0, 0x1, 0xef,
    0x90, 0x0, 0xdf, 0xe5, 0x0, 0x4d, 0xff, 0x10,
    0x0, 0x2e, 0xff, 0xff, 0xff, 0xf4, 0x0, 0x0,
    0x1, 0x7d, 0xff, 0xd8, 0x10, 0x0,

    /* U+00D4 "Ô" */
    0x0, 0x0, 0x0, 0x56, 0x0, 0x0, 0x0, 0x0,
    0x0, 0x7, 0xff, 0x90, 0x0, 0x0, 0x0, 0x0,
    0x3f, 0xa8, 0xf5, 0x0, 0x0, 0x0, 0x0, 0x9b,
    0x0, 0x9b, 0x0, 0x0, 0x0, 0x0, 0x0, 0x0,
    0x0, 0x0, 0x0, 0x0, 0x0, 0x7d, 0xff, 0xd9,
    0x10, 0x0, 0x0, 0x2e, 0xff, 0xff, 0xff, 0xf4,
    0x0, 0x0, 0xdf, 0xe5, 0x0, 0x3c, 0xff, 0x10,
    0x7, 0xff, 0x20, 0x0, 0x1, 0xef, 0x90, 0xc,
    0xfa, 0x0, 0x0, 0x0, 0x8f, 0xe0, 0xf, 0xf7,
    0x0, 0x0, 0x0, 0x4f, 0xf1, 0xf, 0xf6, 0x0,
    0x0, 0x0, 0x3f, 0xf2, 0xf, 0xf7, 0x0, 0x0,
    0x0, 0x5f, 0xf1, 0xc, 0xfb, 0x0, 0x0, 0x0,
    0x8f, 0xe0, 0x7, 0xff, 0x20, 0x0, 0x1, 0xef,
    0x90, 0x0, 0xdf, 0xe5, 0x0, 0x4d, 0xff, 0x10,
    0x0, 0x2e, 0xff, 0xff, 0xff, 0xf4, 0x0, 0x0,
    0x1, 0x7d, 0xff, 0xd8, 0x10, 0x0,

    /* U+00D5 "Õ" */
    0x0, 0x0, 0x1, 0x0, 0x0, 0x10, 0x0, 0x0,
    0x2, 0xdf, 0xc3, 0x3, 0xf0, 0x0, 0x0, 0xa,
    0xc6, 0xdf, 0xae, 0xb0, 0x0, 0x0, 0xd, 0x30,
    0x9, 0xfc, 0x20, 0x0, 0x0, 0x0, 0x0, 0x0,
    0x0, 0x0, 0x0, 0x0, 0x0, 0x7d, 0xff, 0xd9,
    0x10, 0x0, 0x0, 0x2e, 0xff, 0xff, 0xff, 0xf4,
    0x0, 0x0, 0xdf, 0xe5, 0x0, 0x3c, 0xff, 0x10,
    0x7, 0xff, 0x20, 0x0, 0x1, 0xef, 0x90, 0xc,
    0xfa, 0x0, 0x0, 0x0, 0x8f, 0xe0, 0xf, 0xf7,
    0x0, 0x0, 0x0, 0x4f, 0xf1, 0xf, 0xf6, 0x0,
    0x0, 0x0, 0x3f, 0xf2, 0xf, 0xf7, 0x0, 0x0,
    0x0, 0x5f, 0xf1, 0xc, 0xfb, 0x0, 0x0, 0x0,
    0x8f, 0xe0, 0x7, 0xff, 0x20, 0x0, 0x1, 0xef,
    0x90, 0x0, 0xdf, 0xe5, 0x0, 0x4d, 0xff, 0x10,
    0x0, 0x2e, 0xff, 0xff, 0xff, 0xf4, 0x0, 0x0,
    0x1, 0x7d, 0xff, 0xd8, 0x10, 0x0,

    /* U+00D6 "Ö" */
    0x0, 0x0, 0x2, 0x0, 0x20, 0x0, 0x0, 0x0,
    0x0, 0xaf, 0x64, 0xfc, 0x0, 0x0, 0x0, 0x0,
    0x8f, 0x42, 0xfa, 0x0, 0x0, 0x0, 0x0, 0x0,
    0x0, 0x0, 0x0, 0x0, 0x0, 0x0, 0x7d, 0xff,
    0xd9, 0x10, 0x0, 0x0, 0x2e, 0xff, 0xff, 0xff,
    0xf4, 0x0, 0x0, 0xdf, 0xe5, 0x0, 0x3c, 0xff,
    0x10, 0x7, 0xff, 0x20, 0x0, 0x1, 0xef, 0x90,
    0xc, 0xfa, 0x0, 0x0, 0x0, 0x8f, 0xe0, 0xf,
    0xf7, 0x0, 0x0, 0x0, 0x4f, 0xf1, 0xf, 0xf6,
    0x0, 0x0, 0x0, 0x3f, 0xf2, 0xf, 0xf7, 0x0,
    0x0, 0x0, 0x5f, 0xf1, 0xc, 0xfb, 0x0, 0x0,
    0x0, 0x8f, 0xe0, 0x7, 0xff, 0x20, 0x0, 0x1,
    0xef, 0x90, 0x0, 0xdf, 0xe5, 0x0, 0x4d, 0xff,
    0x10, 0x0, 0x2e, 0xff, 0xff, 0xff, 0xf4, 0x0,
    0x0, 0x1, 0x7d, 0xff, 0xd8, 0x10, 0x0,

    /* U+00D7 "×" */
    0x0, 0x0, 0x0, 0x0, 0x8, 0xd1, 0x0, 0x3,
    0xe5, 0x4f, 0xd1, 0x3, 0xfe, 0x20, 0x4f, 0xe5,
    0xfe, 0x20, 0x0, 0x4f, 0xfe, 0x20, 0x0, 0x3,
    0xff, 0xd1, 0x0, 0x3, 0xfe, 0x6f, 0xd2, 0x3,
    0xfe, 0x20, 0x4f, 0xe1, 0x7d, 0x10, 0x0, 0x4f,
    0x40, 0x0, 0x0, 0x0, 0x0,

    /* U+00D8 "Ø" */
    0x0, 0x0, 0x0, 0x0, 0x0, 0x84, 0x0, 0x0,
    0x0, 0x7d, 0xff, 0xdb, 0xf9, 0x0, 0x0, 0x2e,
    0xff, 0xff, 0xff, 0xf6, 0x0, 0x0, 0xdf, 0xe5,
    0x0, 0xaf, 0xff, 0x10, 0x7, 0xff, 0x20, 0x1,
    0xfd, 0xef, 0x90, 0xc, 0xfa, 0x0, 0xa, 0xf4,
    0x8f, 0xe0, 0xf, 0xf7, 0x0, 0x3f, 0xb0, 0x4f,
    0xf1, 0xf, 0xf6, 0x0, 0xdf, 0x20, 0x3f, 0xf2,
    0xf, 0xf7, 0x6, 0xf8, 0x0, 0x5f, 0xf1, 0xc,
    0xfb, 0x1e, 0xe0, 0x0, 0x8f, 0xe0, 0x7, 0xff,
    0xbf, 0x60, 0x1, 0xef, 0x90, 0x0, 0xdf, 0xfe,
    0x0, 0x4d, 0xff, 0x10, 0x0, 0x2f, 0xff, 0xff,
    0xff, 0xf4, 0x0, 0x0, 0x5f, 0xdd, 0xff, 0xd8,
    0x10, 0x0, 0x0, 0x5e, 0x20, 0x0, 0x0, 0x0,
    0x0, 0x0, 0x0, 0x0, 0x0, 0x0, 0x0, 0x0,

    /* U+00D9 "Ù" */
    0x0, 0x6, 0x20, 0x0, 0x0, 0x0, 0x1, 0xfd,
    0x0, 0x0, 0x0, 0x0, 0x6, 0xf8, 0x0, 0x0,
    0x0, 0x0, 0x7, 0xd0, 0x0, 0x0, 0x0, 0x0,
    0x0, 0x0, 0x0, 0x7, 0xf6, 0x0, 0x0, 0x2,
    0xec, 0xbf, 0x90, 0x0, 0x0, 0x4f, 0xfb, 0xf9,
    0x0, 0x0, 0x4, 0xff, 0xbf, 0x90, 0x0, 0x0,
    0x4f, 0xfb, 0xf9, 0x0, 0x0, 0x4, 0xff, 0xbf,
    0x90, 0x0, 0x0, 0x4f, 0xfb, 0xf9, 0x0, 0x0,
    0x4, 0xff, 0xbf, 0x90, 0x0, 0x0, 0x4f, 0xfa,
    0xfa, 0x0, 0x0, 0x6, 0xfe, 0x7f, 0xe0, 0x0,
    0x0, 0xaf, 0xc2, 0xff, 0xb2, 0x1, 0x8f, 0xf6,
    0x7, 0xff, 0xff, 0xff, 0xfb, 0x0, 0x4, 0xbe,
    0xff, 0xc6, 0x0,

    /* U+00DA "Ú" */
    0x0, 0x0, 0x0, 0x6, 0x10, 0x0, 0x0, 0x0,
    0x8, 0xf7, 0x0, 0x0, 0x0, 0x3, 0xfb, 0x0,
    0x0, 0x0, 0x0, 0x8c, 0x0, 0x0, 0x0, 0x0,
    0x0, 0x0, 0x0, 0x7, 0xf6, 0x0, 0x0, 0x2,
    0xec, 0xbf, 0x90, 0x0, 0x0, 0x4f, 0xfb, 0xf9,
    0x0, 0x0, 0x4, 0xff, 0xbf, 0x90, 0x0, 0x0,
    0x4f, 0xfb, 0xf9, 0x0, 0x0, 0x4, 0xff, 0xbf,
    0x90, 0x0, 0x0, 0x4f, 0xfb, 0xf9, 0x0, 0x0,
    0x4, 0xff, 0xbf, 0x90, 0x0, 0x0, 0x4f, 0xfa,
    0xfa, 0x0, 0x0, 0x6, 0xfe, 0x7f, 0xe0, 0x0,
    0x0, 0xaf, 0xc2, 0xff, 0xb2, 0x1, 0x8f, 0xf6,
    0x7, 0xff, 0xff, 0xff, 0xfb, 0x0, 0x4, 0xbe,
    0xff, 0xc6, 0x0,

    /* U+00DB "Û" */
    0x0, 0x0, 0x17, 0x30, 0x0, 0x0, 0x0, 0xd,
    0xff, 0x30, 0x0, 0x0, 0x9, 0xf4, 0xdd, 0x0,
    0x0, 0x0, 0xe5, 0x2, 0xe4, 0x0, 0x0, 0x0,
    0x0, 0x0, 0x0, 0x7, 0xf6, 0x0, 0x0, 0x2,
    0xec, 0xbf, 0x90, 0x0, 0x0, 0x4f, 0xfb, 0xf9,
    0x0, 0x0, 0x4, 0xff, 0xbf, 0x90, 0x0, 0x0,
    0x4f, 0xfb, 0xf9, 0x0, 0x0, 0x4, 0xff, 0xbf,
    0x90, 0x0, 0x0, 0x4f, 0xfb, 0xf9, 0x0, 0x0,
    0x4, 0xff, 0xbf, 0x90, 0x0, 0x0, 0x4f, 0xfa,
    0xfa, 0x0, 0x0, 0x6, 0xfe, 0x7f, 0xe0, 0x0,
    0x0, 0xaf, 0xc2, 0xff, 0xb2, 0x1, 0x8f, 0xf6,
    0x7, 0xff, 0xff, 0xff, 0xfb, 0x0, 0x4, 0xbe,
    0xff, 0xc6, 0x0,

    /* U+00DC "Ü" */
    0x0, 0x1, 0x10, 0x2, 0x0, 0x0, 0x1, 0xff,
    0xa, 0xf6, 0x0, 0x0, 0xd, 0xd0, 0x8f, 0x40,
    0x0, 0x0, 0x0, 0x0, 0x0, 0x0, 0x7f, 0x60,
    0x0, 0x0, 0x2e, 0xcb, 0xf9, 0x0, 0x0, 0x4,
    0xff, 0xbf, 0x90, 0x0, 0x0, 0x4f, 0xfb, 0xf9,
    0x0, 0x0, 0x4, 0xff, 0xbf, 0x90, 0x0, 0x0,
    0x4f, 0xfb, 0xf9, 0x0, 0x0, 0x4, 0xff, 0xbf,
    0x90, 0x0, 0x0, 0x4f, 0xfb, 0xf9, 0x0, 0x0,
    0x4, 0xff, 0xaf, 0xa0, 0x0, 0x0, 0x6f, 0xe7,
    0xfe, 0x0, 0x0, 0xa, 0xfc, 0x2f, 0xfb, 0x20,
    0x18, 0xff, 0x60, 0x7f, 0xff, 0xff, 0xff, 0xb0,
    0x0, 0x4b, 0xef, 0xfc, 0x60, 0x0,

    /* U+00DD "Ý" */
    0x0, 0x0, 0x0, 0x6, 0x0, 0x0, 0x0, 0x0,
    0xa, 0xf5, 0x0, 0x0, 0x0, 0x4, 0xfa, 0x0,
    0x0, 0x0, 0x0, 0xab, 0x0, 0x0, 0x0, 0x0,
    0x0, 0x0, 0x0, 0x7, 0xf6, 0x0, 0x0, 0x3,
    0xea, 0x7f, 0xf2, 0x0, 0x0, 0xef, 0x90, 0xcf,
    0xd0, 0x0, 0xaf, 0xd0, 0x2, 0xff, 0x80, 0x5f,
    0xf3, 0x0, 0x6, 0xff, 0x6f, 0xf8, 0x0, 0x0,
    0xa, 0xff, 0xfc, 0x0, 0x0, 0x0, 0x1e, 0xff,
    0x20, 0x0, 0x0, 0x0, 0x9f, 0xb0, 0x0, 0x0,
    0x0, 0x9, 0xfb, 0x0, 0x0, 0x0, 0x0, 0x9f,
    0xb0, 0x0, 0x0, 0x0, 0x9, 0xfb, 0x0, 0x0,
    0x0, 0x0, 0x9f, 0xb0, 0x0, 0x0, 0x0, 0x5,
    0xf7, 0x0, 0x0,

    /* U+00DE "Þ" */
    0x5f, 0x70, 0x0, 0x0, 0x0, 0x9, 0xfb, 0x0,
    0x0, 0x0, 0x0, 0x9f, 0xfd, 0xdd, 0xc9, 0x30,
    0x9, 0xff, 0xff, 0xff, 0xff, 0x60, 0x9f, 0xb0,
    0x0, 0x1a, 0xff, 0x9, 0xfb, 0x0, 0x0, 0xf,
    0xf3, 0x9f, 0xb0, 0x0, 0x0, 0xff, 0x49, 0xfb,
    0x0, 0x0, 0x8f, 0xf1, 0x9f, 0xfd, 0xdd, 0xef,
    0xf8, 0x9, 0xff, 0xff, 0xff, 0xc6, 0x0, 0x9f,
    0xb0, 0x0, 0x0, 0x0, 0x9, 0xfa, 0x0, 0x0,
    0x0, 0x0, 0x6f, 0x60, 0x0, 0x0, 0x0, 0x0,

    /* U+00DF "ß" */
    0x1, 0x8e, 0xff, 0xb3, 0x0, 0x0, 0xdf, 0xea,
    0xcf, 0xf1, 0x0, 0x7f, 0xd1, 0x0, 0xef, 0x40,
    0xb, 0xf8, 0x0, 0x2f, 0xf1, 0x0, 0xdf, 0x60,
    0x1e, 0xf5, 0x0, 0xd, 0xf6, 0xb, 0xf7, 0x0,
    0x0, 0xdf, 0x60, 0xff, 0x30, 0x0, 0xd, 0xf6,
    0xb, 0xff, 0xa4, 0x0, 0xdf, 0x60, 0x19, 0xff,
    0xfa, 0xd, 0xf6, 0x0, 0x0, 0x5f, 0xf4, 0xdf,
    0x62, 0x40, 0x0, 0xcf, 0x5d, 0xf6, 0x9f, 0xeb,
    0xcf, 0xe1, 0x9f, 0x31, 0x8d, 0xff, 0xb2, 0x0,

    /* U+00E0 "à" */
    0x0, 0x0, 0x0, 0x0, 0x0, 0x7, 0xd1, 0x0,
    0x0, 0x0, 0x7f, 0x80, 0x0, 0x0, 0x0, 0xcf,
    0x10, 0x0, 0x0, 0x2, 0xf6, 0x0, 0x0, 0x0,
    0x1, 0x0, 0x0, 0x1, 0x8d, 0xff, 0xc5, 0x0,
    0xaf, 0xeb, 0xcf, 0xf4, 0x2, 0x30, 0x0, 0x9f,
    0x90, 0x0, 0x0, 0x7, 0xfb, 0x3, 0xbe, 0xff,
    0xff, 0xb1, 0xff, 0x84, 0x39, 0xfb, 0x3f, 0xf0,
    0x0, 0xcf, 0xb0, 0xdf, 0xd9, 0xce, 0xfb, 0x2,
    0xaf, 0xfa, 0x4f, 0x80,

    /* U+00E1 "á" */
    0x0, 0x0, 0x0, 0x0, 0x0, 0x0, 0x0, 0xd,
    0x80, 0x0, 0x0, 0x7, 0xf8, 0x0, 0x0, 0x0,
    0xed, 0x0, 0x0, 0x0, 0x5f, 0x20, 0x0, 0x0,
    0x0, 0x10, 0x0, 0x1, 0x8d, 0xff, 0xc5, 0x0,
    0xaf, 0xeb, 0xcf, 0xf4, 0x2, 0x30, 0x0, 0x9f,
    0x90, 0x0, 0x0, 0x7, 0xfb, 0x3, 0xbe, 0xff,
    0xff, 0xb1, 0xff, 0x84, 0x39, 0xfb, 0x3f, 0xf0,
    0x0, 0xcf, 0xb0, 0xdf, 0xd9, 0xce, 0xfb, 0x2,
    0xaf, 0xfa, 0x4f, 0x80,

    /* U+00E2 "â" */
    0x0, 0x1, 0xde, 0x20, 0x0, 0x0, 0x9f, 0xfa,
    0x0, 0x0, 0x2f, 0x76, 0xf3, 0x0, 0x9, 0xc0,
    0xc, 0x90, 0x0, 0x0, 0x0, 0x0, 0x0, 0x18,
    0xdf, 0xfc, 0x50, 0xa, 0xfe, 0xbc, 0xff, 0x40,
    0x23, 0x0, 0x9, 0xf9, 0x0, 0x0, 0x0, 0x7f,
    0xb0, 0x3b, 0xef, 0xff, 0xfb, 0x1f, 0xf8, 0x43,
    0x9f, 0xb3, 0xff, 0x0, 0xc, 0xfb, 0xd, 0xfd,
    0x9c, 0xef, 0xb0, 0x2a, 0xff, 0xa4, 0xf8,

    /* U+00E3 "ã" */
    0x0, 0x8f, 0xd4, 0xc, 0x60, 0x3f, 0x8c, 0xff,
    0xf2, 0x3, 0x60, 0x6, 0x93, 0x0, 0x0, 0x0,
    0x0, 0x0, 0x1, 0x8d, 0xff, 0xc5, 0x0, 0xaf,
    0xeb, 0xcf, 0xf4, 0x2, 0x30, 0x0, 0x9f, 0x90,
    0x0, 0x0, 0x7, 0xfb, 0x3, 0xbe, 0xff, 0xff,
    0xb1, 0xff, 0x84, 0x39, 0xfb, 0x3f, 0xf0, 0x0,
    0xcf, 0xb0, 0xdf, 0xd9, 0xce, 0xfb, 0x2, 0xaf,
    0xfa, 0x4f, 0x80,

    /* U+00E4 "ä" */
    0x0, 0x9f, 0x43, 0xf9, 0x0, 0xb, 0xf5, 0x4f,
    0xb0, 0x0, 0x2, 0x0, 0x20, 0x0, 0x0, 0x0,
    0x0, 0x0, 0x1, 0x8d, 0xff, 0xc5, 0x0, 0xaf,
    0xeb, 0xcf, 0xf4, 0x2, 0x30, 0x0, 0x9f, 0x90,
    0x0, 0x0, 0x7, 0xfb, 0x3, 0xbe, 0xff, 0xff,
    0xb1, 0xff, 0x84, 0x39, 0xfb, 0x3f, 0xf0, 0x0,
    0xcf, 0xb0, 0xdf, 0xd9, 0xce, 0xfb, 0x2, 0xaf,
    0xfa, 0x4f, 0x80,

    /* U+00E5 "å" */
    0x0, 0x4, 0xdd, 0x50, 0x0, 0x1, 0xf5, 0x4f,
    0x10, 0x0, 0x3e, 0x0, 0xd4, 0x0, 0x1, 0xf2,
    0x2f, 0x20, 0x0, 0x6, 0xff, 0x70, 0x0, 0x0,
    0x0, 0x0, 0x0, 0x1, 0x8d, 0xff, 0xc5, 0x0,
    0xaf, 0xeb, 0xcf, 0xf4, 0x2, 0x30, 0x0, 0x9f,
    0x90, 0x0, 0x0, 0x7, 0xfb, 0x3, 0xbe, 0xff,
    0xff, 0xb1, 0xff, 0x84, 0x39, 0xfb, 0x3f, 0xf0,
    0x0, 0xcf, 0xb0, 0xdf, 0xd9, 0xce, 0xfb, 0x2,
    0xaf, 0xfa, 0x4f, 0x80,

    /* U+00E6 "æ" */
    0x1, 0x8d, 0xff, 0xc3, 0x3b, 0xff, 0xb2, 0x0,
    0x9f, 0xeb, 0xcf, 0xff, 0xfc, 0xcf, 0xf2, 0x2,
    0x30, 0x0, 0x9f, 0xf5, 0x0, 0x5f, 0x90, 0x0,
    0x0, 0x7, 0xfd, 0x0, 0x1, 0xfd, 0x3, 0xae,
    0xff, 0xff, 0xff, 0xff, 0xff, 0xe1, 0xff, 0x84,
    0x39, 0xfe, 0x33, 0x33, 0x32, 0x3f, 0xf0, 0x0,
    0xcf, 0xf4, 0x0, 0x1, 0x20, 0xdf, 0xd9, 0xcf,
    0x8f, 0xfa, 0x9b, 0xfd, 0x1, 0xaf, 0xfc, 0x50,
    0x3b, 0xef, 0xea, 0x20,

    /* U+00E7 "ç" */
    0x0, 0x4b, 0xff, 0xd7, 0x0, 0x5f, 0xfe, 0xcf,
    0xf3, 0xe, 0xfa, 0x0, 0x4, 0x3, 0xff, 0x10,
    0x0, 0x0, 0x4f, 0xf0, 0x0, 0x0, 0x3, 0xff,
    0x20, 0x0, 0x0, 0xe, 0xfa, 0x0, 0x4, 0x0,
    0x4f, 0xfe, 0xce, 0xf2, 0x0, 0x3b, 0xff, 0xd6,
    0x0, 0x0, 0xb, 0xc6, 0x0, 0x0, 0x2, 0x36,
    0xf3, 0x0, 0x0, 0x7f, 0xfa, 0x0,

    /* U+00E8 "è" */
    0x0, 0x0, 0x0, 0x0, 0x0, 0x0, 0x6e, 0x20,
    0x0, 0x0, 0x0, 0x5f, 0x90, 0x0, 0x0, 0x0,
    0xb, 0xf2, 0x0, 0x0, 0x0, 0x1, 0xe7, 0x0,
    0x0, 0x0, 0x0, 0x10, 0x0, 0x0, 0x0, 0x3b,
    0xff, 0xc4, 0x0, 0x4, 0xff, 0xa9, 0xef, 0x40,
    0xe, 0xf4, 0x0, 0x2f, 0xc0, 0x3f, 0xe0, 0x0,
    0xc, 0xf0, 0x4f, 0xff, 0xff, 0xff, 0xf1, 0x3f,
    0xf4, 0x33, 0x33, 0x20, 0xe, 0xf8, 0x0, 0x2,
    0x50, 0x4, 0xff, 0xdb, 0xdf, 0xf0, 0x0, 0x3a,
    0xef, 0xea, 0x30,

    /* U+00E9 "é" */
    0x0, 0x0, 0x0, 0x0, 0x0, 0x0, 0x0, 0x0,
    0xca, 0x0, 0x0, 0x0, 0x5, 0xf9, 0x0, 0x0,
    0x0, 0xd, 0xe0, 0x0, 0x0, 0x0, 0x4f, 0x30,
    0x0, 0x0, 0x0, 0x2, 0x0, 0x0, 0x0, 0x3b,
    0xff, 0xc4, 0x0, 0x4, 0xff, 0xa9, 0xef, 0x40,
    0xe, 0xf4, 0x0, 0x2f, 0xc0, 0x3f, 0xe0, 0x0,
    0xc, 0xf0, 0x4f, 0xff, 0xff, 0xff, 0xf1, 0x3f,
    0xf4, 0x33, 0x33, 0x20, 0xe, 0xf8, 0x0, 0x2,
    0x50, 0x4, 0xff, 0xdb, 0xdf, 0xf0, 0x0, 0x3a,
    0xef, 0xea, 0x30,

    /* U+00EA "ê" */
    0x0, 0x0, 0xce, 0x30, 0x0, 0x0, 0x8, 0xfe,
    0xc0, 0x0, 0x0, 0x1f, 0x85, 0xf4, 0x0, 0x0,
    0x7d, 0x0, 0xab, 0x0, 0x0, 0x1, 0x0, 0x1,
    0x0, 0x0, 0x3b, 0xff, 0xc4, 0x0, 0x4, 0xff,
    0xa9, 0xef, 0x40, 0xe, 0xf4, 0x0, 0x2f, 0xc0,
    0x3f, 0xe0, 0x0, 0xc, 0xf0, 0x4f, 0xff, 0xff,
    0xff, 0xf1, 0x3f, 0xf4, 0x33, 0x33, 0x20, 0xe,
    0xf8, 0x0, 0x2, 0x50, 0x4, 0xff, 0xdb, 0xdf,
    0xf0, 0x0, 0x3a, 0xef, 0xea, 0x30,

    /* U+00EB "ë" */
    0x0, 0x7f, 0x52, 0xeb, 0x0, 0x0, 0x9f, 0x73,
    0xfd, 0x0, 0x0, 0x3, 0x0, 0x21, 0x0, 0x0,
    0x0, 0x0, 0x0, 0x0, 0x0, 0x3b, 0xff, 0xc4,
    0x0, 0x4, 0xff, 0xa9, 0xef, 0x40, 0xe, 0xf4,
    0x0, 0x2f, 0xc0, 0x3f, 0xe0, 0x0, 0xc, 0xf0,
    0x4f, 0xff, 0xff, 0xff, 0xf1, 0x3f, 0xf4, 0x33,
    0x33, 0x20, 0xe, 0xf8, 0x0, 0x2, 0x50, 0x4,
    0xff, 0xdb, 0xdf, 0xf0, 0x0, 0x3a, 0xef, 0xea,
    0x30,

    /* U+00EC "ì" */
    0x0, 0x0, 0x4, 0xe4, 0x0, 0x3f, 0xc0, 0x0,
    0x8f, 0x40, 0x0, 0xca, 0x0, 0x1, 0x10, 0x0,
    0x9f, 0x30, 0xd, 0xf6, 0x0, 0xdf, 0x60, 0xd,
    0xf6, 0x0, 0xdf, 0x60, 0xd, 0xf6, 0x0, 0xdf,
    0x60, 0xd, 0xf6, 0x0, 0x9f, 0x30,

    /* U+00ED "í" */
    0x0, 0x0, 0x0, 0xa, 0xc0, 0x3, 0xfc, 0x0,
    0xbf, 0x20, 0x1f, 0x60, 0x0, 0x20, 0x0, 0x9f,
    0x30, 0xd, 0xf6, 0x0, 0xdf, 0x60, 0xd, 0xf6,
    0x0, 0xdf, 0x60, 0xd, 0xf6, 0x0, 0xdf, 0x60,
    0xd, 0xf6, 0x0, 0x9f, 0x30, 0x0,

    /* U+00EE "î" */
    0x0, 0xbf, 0x50, 0x5, 0xfe, 0xe0, 0xd, 0xb2,
    0xf7, 0x4f, 0x10, 0x7d, 0x1, 0x0, 0x1, 0x0,
    0x9f, 0x30, 0x0, 0xdf, 0x60, 0x0, 0xdf, 0x60,
    0x0, 0xdf, 0x60, 0x0, 0xdf, 0x60, 0x0, 0xdf,
    0x60, 0x0, 0xdf, 0x60, 0x0, 0xdf, 0x60, 0x0,
    0x9f, 0x30,

    /* U+00EF "ï" */
    0x5f, 0x70, 0xdd, 0x6, 0xf9, 0x1f, 0xf0, 0x3,
    0x0, 0x11, 0x0, 0x0, 0x0, 0x0, 0x0, 0x9f,
    0x30, 0x0, 0xd, 0xf6, 0x0, 0x0, 0xdf, 0x60,
    0x0, 0xd, 0xf6, 0x0, 0x0, 0xdf, 0x60, 0x0,
    0xd, 0xf6, 0x0, 0x0, 0xdf, 0x60, 0x0, 0xd,
    0xf6, 0x0, 0x0, 0x9f, 0x30, 0x0,

    /* U+00F0 "ð" */
    0x0, 0x11, 0x0, 0x0, 0x0, 0x0, 0xaf, 0xc6,
    0x6d, 0xe0, 0x0, 0x2a, 0xff, 0xfb, 0x30, 0x0,
    0x9f, 0xfc, 0xfd, 0x10, 0x0, 0xb7, 0x10, 0xaf,
    0xa0, 0x0, 0x0, 0x0, 0x1f, 0xf2, 0x0, 0x5c,
    0xff, 0xbb, 0xf8, 0x7, 0xff, 0xcb, 0xff, 0xfb,
    0x1f, 0xf7, 0x0, 0x2f, 0xfc, 0x4f, 0xf0, 0x0,
    0xa, 0xfb, 0x4f, 0xf0, 0x0, 0xa, 0xf8, 0xf,
    0xf7, 0x0, 0x2f, 0xf3, 0x6, 0xff, 0xdc, 0xff,
    0x90, 0x0, 0x4c, 0xff, 0xd6, 0x0,

    /* U+00F1 "ñ" */
    0x5, 0xee, 0x60, 0x8a, 0x0, 0xfa, 0xaf, 0xff,
    0x50, 0x8, 0x0, 0x39, 0x60, 0x0, 0x0, 0x0,
    0x0, 0x0, 0x9f, 0x38, 0xef, 0xd4, 0xd, 0xfe,
    0xfc, 0xef, 0xf1, 0xdf, 0xd1, 0x1, 0xff, 0x5d,
    0xf7, 0x0, 0xd, 0xf6, 0xdf, 0x60, 0x0, 0xdf,
    0x6d, 0xf6, 0x0, 0xd, 0xf6, 0xdf, 0x60, 0x0,
    0xdf, 0x6d, 0xf6, 0x0, 0xd, 0xf6, 0x9f, 0x30,
    0x0, 0x9f, 0x30,

    /* U+00F2 "ò" */
    0x0, 0x0, 0x0, 0x0, 0x0, 0x0, 0x5e, 0x20,
    0x0, 0x0, 0x0, 0x4f, 0xa0, 0x0, 0x0, 0x0,
    0x9, 0xf3, 0x0, 0x0, 0x0, 0x0, 0xd8, 0x0,
    0x0, 0x0, 0x0, 0x10, 0x0, 0x0, 0x0, 0x4b,
    0xff, 0xd7, 0x0, 0x5, 0xff, 0xdc, 0xff, 0xa0,
    0xe, 0xf8, 0x0, 0x3f, 0xf4, 0x3f, 0xf1, 0x0,
    0xb, 0xf9, 0x4f, 0xf0, 0x0, 0x9, 0xfa, 0x3f,
    0xf1, 0x0, 0xb, 0xf9, 0xe, 0xf8, 0x0, 0x3f,
    0xf4, 0x5, 0xff, 0xdc, 0xff, 0xa0, 0x0, 0x3b,
    0xff, 0xd7, 0x0,

    /* U+00F3 "ó" */
    0x0, 0x0, 0x0, 0x0, 0x0, 0x0, 0x0, 0x0,
    0xbb, 0x0, 0x0, 0x0, 0x4, 0xfa, 0x0, 0x0,
    0x0, 0xc, 0xe1, 0x0, 0x0, 0x0, 0x2f, 0x50,
    0x0, 0x0, 0x0, 0x2, 0x0, 0x0, 0x0, 0x4b,
    0xff, 0xd7, 0x0, 0x5, 0xff, 0xdc, 0xff, 0xa0,
    0xe, 0xf8, 0x0, 0x3f, 0xf4, 0x3f, 0xf1, 0x0,
    0xb, 0xf9, 0x4f, 0xf0, 0x0, 0x9, 0xfa, 0x3f,
    0xf1, 0x0, 0xb, 0xf9, 0xe, 0xf8, 0x0, 0x3f,
    0xf4, 0x5, 0xff, 0xdc, 0xff, 0xa0, 0x0, 0x3b,
    0xff, 0xd7, 0x0,

    /* U+00F4 "ô" */
    0x0, 0x0, 0xce, 0x30, 0x0, 0x0, 0x7, 0xfe,
    0xd0, 0x0, 0x0, 0x1e, 0x93, 0xf5, 0x0, 0x0,
    0x6e, 0x10, 0x9c, 0x0, 0x0, 0x1, 0x0, 0x1,
    0x0, 0x0, 0x4b, 0xff, 0xd7, 0x0, 0x5, 0xff,
    0xdc, 0xff, 0xa0, 0xe, 0xf8, 0x0, 0x3f, 0xf4,
    0x3f, 0xf1, 0x0, 0xb, 0xf9, 0x4f, 0xf0, 0x0,
    0x9, 0xfa, 0x3f, 0xf1, 0x0, 0xb, 0xf9, 0xe,
    0xf8, 0x0, 0x3f, 0xf4, 0x5, 0xff, 0xdc, 0xff,
    0xa0, 0x0, 0x3b, 0xff, 0xd7, 0x0,

    /* U+00F5 "õ" */
    0x0, 0x6f, 0xd5, 0xa, 0x80, 0x1, 0xf9, 0xaf,
    0xff, 0x40, 0x1, 0x70, 0x4, 0x95, 0x0, 0x0,
    0x0, 0x0, 0x0, 0x0, 0x0, 0x4b, 0xff, 0xd7,
    0x0, 0x5, 0xff, 0xdc, 0xff, 0xa0, 0xe, 0xf8,
    0x0, 0x3f, 0xf4, 0x3f, 0xf1, 0x0, 0xb, 0xf9,
    0x4f, 0xf0, 0x0, 0x9, 0xfa, 0x3f, 0xf1, 0x0,
    0xb, 0xf9, 0xe, 0xf8, 0x0, 0x3f, 0xf4, 0x5,
    0xff, 0xdc, 0xff, 0xa0, 0x0, 0x3b, 0xff, 0xd7,
    0x0,

    /* U+00F6 "ö" */
    0x0, 0x6f, 0x61, 0xec, 0x0, 0x0, 0x8f, 0x82,
    0xfe, 0x0, 0x0, 0x3, 0x0, 0x21, 0x0, 0x0,
    0x0, 0x0, 0x0, 0x0, 0x0, 0x4b, 0xff, 0xd7,
    0x0, 0x5, 0xff, 0xdc, 0xff, 0xa0, 0xe, 0xf8,
    0x0, 0x3f, 0xf4, 0x3f, 0xf1, 0x0, 0xb, 0xf9,
    0x4f, 0xf0, 0x0, 0x9, 0xfa, 0x3f, 0xf1, 0x0,
    0xb, 0xf9, 0xe, 0xf8, 0x0, 0x3f, 0xf4, 0x5,
    0xff, 0xdc, 0xff, 0xa0, 0x0, 0x3b, 0xff, 0xd7,
    0x0,

    /* U+00F7 "÷" */
    0x0, 0x0, 0x8f, 0x20, 0x0, 0x0, 0x0, 0x8e,
    0x20, 0x0, 0x0, 0x0, 0x0, 0x0, 0x0, 0x8,
    0x99, 0x99, 0x99, 0x96, 0x1e, 0xff, 0xff, 0xff,
    0xfc, 0x0, 0x0, 0x0, 0x0, 0x0, 0x0, 0x0,
    0x0, 0x0, 0x0, 0x0, 0x0, 0x8e, 0x20, 0x0,
    0x0, 0x0, 0x8f, 0x20, 0x0,

    /* U+00F8 "ø" */
    0x0, 0x0, 0x0, 0x8, 0x60, 0x0, 0x4b, 0xff,
    0xdf, 0x60, 0x5, 0xff, 0xdc, 0xff, 0xa0, 0xe,
    0xf8, 0x6, 0xff, 0xf4, 0x3f, 0xf1, 0x1e, 0xab,
    0xf9, 0x4f, 0xf0, 0x9f, 0x19, 0xfa, 0x3f, 0xf4,
    0xf7, 0xb, 0xf9, 0xe, 0xff, 0xd0, 0x3f, 0xf4,
    0x5, 0xff, 0xec, 0xff, 0xa0, 0x0, 0xee, 0xff,
    0xd7, 0x0, 0x2, 0xe2, 0x0, 0x0, 0x0, 0x0,
    0x0, 0x0, 0x0, 0x0,

    /* U+00F9 "ù" */
    0x0, 0x0, 0x0, 0x0, 0x0, 0x5e, 0x30, 0x0,
    0x0, 0x4, 0xfb, 0x0, 0x0, 0x0, 0x9, 0xf3,
    0x0, 0x0, 0x0, 0xd, 0x90, 0x0, 0x0, 0x0,
    0x10, 0x0, 0x0, 0xaf, 0x30, 0x0, 0xce, 0x1e,
    0xf5, 0x0, 0xf, 0xf4, 0xef, 0x50, 0x0, 0xff,
    0x4e, 0xf5, 0x0, 0xf, 0xf4, 0xef, 0x50, 0x0,
    0xff, 0x4e, 0xf5, 0x0, 0x1f, 0xf4, 0xcf, 0x90,
    0x8, 0xff, 0x47, 0xff, 0xde, 0xff, 0xf4, 0x8,
    0xef, 0xc3, 0xbe, 0x10,

    /* U+00FA "ú" */
    0x0, 0x0, 0x0, 0x0, 0x0, 0x0, 0x0, 0xbb,
    0x0, 0x0, 0x0, 0x4f, 0xa0, 0x0, 0x0, 0xc,
    0xe1, 0x0, 0x0, 0x2, 0xf5, 0x0, 0x0, 0x0,
    0x1, 0x0, 0x0, 0xaf, 0x30, 0x0, 0xce, 0x1e,
    0xf5, 0x0, 0xf, 0xf4, 0xef, 0x50, 0x0, 0xff,
    0x4e, 0xf5, 0x0, 0xf, 0xf4, 0xef, 0x50, 0x0,
    0xff, 0x4e, 0xf5, 0x0, 0x1f, 0xf4, 0xcf, 0x90,
    0x8, 0xff, 0x47, 0xff, 0xde, 0xff, 0xf4, 0x8,
    0xef, 0xc3, 0xbe, 0x10,

    /* U+00FB "û" */
    0x0, 0xc, 0xe4, 0x0, 0x0, 0x7, 0xfe, 0xd0,
    0x0, 0x0, 0xe9, 0x3f, 0x60, 0x0, 0x6e, 0x10,
    0x9c, 0x0, 0x0, 0x10, 0x0, 0x10, 0xa, 0xf3,
    0x0, 0xc, 0xe1, 0xef, 0x50, 0x0, 0xff, 0x4e,
    0xf5, 0x0, 0xf, 0xf4, 0xef, 0x50, 0x0, 0xff,
    0x4e, 0xf5, 0x0, 0xf, 0xf4, 0xef, 0x50, 0x1,
    0xff, 0x4c, 0xf9, 0x0, 0x8f, 0xf4, 0x7f, 0xfd,
    0xef, 0xff, 0x40, 0x8e, 0xfc, 0x3b, 0xe1,

    /* U+00FC "ü" */
    0x6, 0xf6, 0x1e, 0xc0, 0x0, 0x8f, 0x82, 0xfe,
    0x0, 0x0, 0x30, 0x2, 0x10, 0x0, 0x0, 0x0,
    0x0, 0x0, 0xaf, 0x30, 0x0, 0xce, 0x1e, 0xf5,
    0x0, 0xf, 0xf4, 0xef, 0x50, 0x0, 0xff, 0x4e,
    0xf5, 0x0, 0xf, 0xf4, 0xef, 0x50, 0x0, 0xff,
    0x4e, 0xf5, 0x0, 0x1f, 0xf4, 0xcf, 0x90, 0x8,
    0xff, 0x47, 0xff, 0xde, 0xff, 0xf4, 0x8, 0xef,
    0xc3, 0xbe, 0x10,

    /* U+00FD "ý" */
    0x0, 0x0, 0x0, 0x0, 0x0, 0x0, 0x0, 0x3,
    0xe4, 0x0, 0x0, 0x0, 0xb, 0xf3, 0x0, 0x0,
    0x0, 0x3f, 0x90, 0x0, 0x0, 0x0, 0x9d, 0x0,
    0x0, 0x0, 0x0, 0x1, 0x0, 0x0, 0x6f, 0x60,
    0x0, 0xb, 0xe0, 0x7f, 0xd0, 0x0, 0x4f, 0xe0,
    0x1f, 0xf4, 0x0, 0xbf, 0x80, 0x9, 0xfb, 0x1,
    0xff, 0x10, 0x2, 0xff, 0x28, 0xf9, 0x0, 0x0,
    0xbf, 0x8e, 0xf2, 0x0, 0x0, 0x3f, 0xff, 0xb0,
    0x0, 0x0, 0xc, 0xff, 0x40, 0x0, 0x0, 0x8,
    0xfc, 0x0, 0x0, 0x0, 0xe, 0xf5, 0x0, 0x0,
    0x0, 0x6f, 0xe0, 0x0, 0x0, 0x0, 0x6f, 0x60,
    0x0, 0x0,

    /* U+00FE "þ" */
    0x9f, 0x30, 0x0, 0x0, 0x0, 0xdf, 0x60, 0x0,
    0x0, 0x0, 0xdf, 0x60, 0x0, 0x0, 0x0, 0xdf,
    0x60, 0x0, 0x0, 0x0, 0xdf, 0x78, 0xef, 0xc4,
    0x0, 0xdf, 0xef, 0xbe, 0xff, 0x40, 0xdf, 0xe1,
    0x0, 0xbf, 0xc0, 0xdf, 0x80, 0x0, 0x4f, 0xf0,
    0xdf, 0x60, 0x0, 0x2f, 0xf1, 0xdf, 0x80, 0x0,
    0x4f, 0xf0, 0xdf, 0xe1, 0x0, 0xbf, 0xc0, 0xdf,
    0xef, 0xbe, 0xff, 0x40, 0xdf, 0x78, 0xef, 0xc4,
    0x0, 0xdf, 0x60, 0x0, 0x0, 0x0, 0xdf, 0x60,
    0x0, 0x0, 0x0, 0x9f, 0x30, 0x0, 0x0, 0x0,

    /* U+00FF "ÿ" */
    0x0, 0xde, 0x17, 0xf5, 0x0, 0x0, 0xff, 0x19,
    0xf7, 0x0, 0x0, 0x12, 0x0, 0x30, 0x0, 0x0,
    0x0, 0x0, 0x0, 0x0, 0x6f, 0x60, 0x0, 0xb,
    0xe0, 0x7f, 0xd0, 0x0, 0x4f, 0xe0, 0x1f, 0xf4,
    0x0, 0xbf, 0x80, 0x9, 0xfb, 0x1, 0xff, 0x10,
    0x2, 0xff, 0x28, 0xf9, 0x0, 0x0, 0xbf, 0x8e,
    0xf2, 0x0, 0x0, 0x3f, 0xff, 0xb0, 0x0, 0x0,
    0xc, 0xff, 0x40, 0x0, 0x0, 0x8, 0xfc, 0x0,
    0x0, 0x0, 0xe, 0xf5, 0x0, 0x0, 0x0, 0x6f,
    0xe0, 0x0, 0x0, 0x0, 0x6f, 0x60, 0x0, 0x0,

    /* U+2018 "‘" */
    0x2, 0xc0, 0xa, 0xb0, 0xf, 0xb1, 0x1f, 0xf8,
    0xb, 0xf4,

    /* U+2019 "’" */
    0xb, 0xf3, 0x1f, 0xf8, 0x6, 0xf7, 0x3, 0xf2,
    0x7, 0x70,

    /* U+201A "‚" */
    0x6, 0x91, 0x1f, 0xf8, 0xb, 0xf8, 0x1, 0xf4,
    0x8, 0xc0, 0x1, 0x0,

    /* U+201C "“" */
    0x2, 0xc0, 0x7, 0x70, 0xa, 0xb0, 0x2f, 0x30,
    0xf, 0xb1, 0x8f, 0x60, 0x1f, 0xf8, 0x9f, 0xf0,
    0xb, 0xf4, 0x4f, 0xb0,

    /* U+201D "”" */
    0xb, 0xf3, 0x4f, 0xb0, 0x1f, 0xf8, 0x8f, 0xf1,
    0x6, 0xf7, 0x1c, 0xf0, 0x3, 0xf2, 0xb, 0xa0,
    0x7, 0x70, 0xc, 0x10,

    /* U+2022 "•" */
    0x0, 0x25, 0x40, 0x0, 0x7f, 0xff, 0xd1, 0x3f,
    0xff, 0xff, 0xa8, 0xff, 0xff, 0xff, 0x7f, 0xff,
    0xff, 0xe1, 0xef, 0xff, 0xf7, 0x2, 0xcf, 0xe7,
    0x0,

    /* U+2026 "…" */
    0x6, 0x92, 0x2, 0x96, 0x0, 0x79, 0x11, 0xff,
    0x80, 0x9f, 0xf0, 0x1f, 0xf8, 0xb, 0xf4, 0x4,
    0xfb, 0x0, 0xcf, 0x30
};


/*---------------------
 *  GLYPH DESCRIPTION
 *--------------------*/

static const lv_font_fmt_txt_glyph_dsc_t glyph_dsc[] = {
    {.bitmap_index = 0, .adv_w = 0, .box_w = 0, .box_h = 0, .ofs_x = 0, .ofs_y = 0} /* id = 0 reserved */,
    {.bitmap_index = 0, .adv_w = 78, .box_w = 0, .box_h = 0, .ofs_x = 0, .ofs_y = 0},
    {.bitmap_index = 0, .adv_w = 71, .box_w = 4, .box_h = 13, .ofs_x = 0, .ofs_y = 0},
    {.bitmap_index = 26, .adv_w = 129, .box_w = 8, .box_h = 6, .ofs_x = 0, .ofs_y = 7},
    {.bitmap_index = 50, .adv_w = 173, .box_w = 11, .box_h = 13, .ofs_x = 0, .ofs_y = 0},
    {.bitmap_index = 122, .adv_w = 173, .box_w = 11, .box_h = 17, .ofs_x = 0, .ofs_y = -2},
    {.bitmap_index = 216, .adv_w = 272, .box_w = 17, .box_h = 15, .ofs_x = 0, .ofs_y = -1},
    {.bitmap_index = 344, .adv_w = 209, .box_w = 12, .box_h = 13, .ofs_x = 1, .ofs_y = 0},
    {.bitmap_index = 422, .adv_w = 70, .box_w = 4, .box_h = 6, .ofs_x = 0, .ofs_y = 7},
    {.bitmap_index = 434, .adv_w = 103, .box_w = 5, .box_h = 17, .ofs_x = 1, .ofs_y = -4},
    {.bitmap_index = 477, .adv_w = 103, .box_w = 5, .box_h = 17, .ofs_x = 0, .ofs_y = -4},
    {.bitmap_index = 520, .adv_w = 130, .box_w = 8, .box_h = 7, .ofs_x = 0, .ofs_y = 6},
    {.bitmap_index = 548, .adv_w = 173, .box_w = 10, .box_h = 10, .ofs_x = 0, .ofs_y = 1},
    {.bitmap_index = 598, .adv_w = 71, .box_w = 4, .box_h = 6, .ofs_x = 0, .ofs_y = -3},
    {.bitmap_index = 610, .adv_w = 125, .box_w = 6, .box_h = 2, .ofs_x = 1, .ofs_y = 4},
    {.bitmap_index = 616, .adv_w = 71, .box_w = 4, .box_h = 3, .ofs_x = 0, .ofs_y = 0},
    {.bitmap_index = 622, .adv_w = 90, .box_w = 7, .box_h = 15, .ofs_x = -1, .ofs_y = -1},
    {.bitmap_index = 675, .adv_w = 173, .box_w = 11, .box_h = 13, .ofs_x = 0, .ofs_y = 0},
    {.bitmap_index = 747, .adv_w = 173, .box_w = 9, .box_h = 13, .ofs_x = 1, .ofs_y = 0},
    {.bitmap_index = 806, .adv_w = 173, .box_w = 11, .box_h = 13, .ofs_x = 0, .ofs_y = 0},
    {.bitmap_index = 878, .adv_w = 173, .box_w = 10, .box_h = 13, .ofs_x = 0, .ofs_y = 0},
    {.bitmap_index = 943, .adv_w = 173, .box_w = 11, .box_h = 13, .ofs_x = 0, .ofs_y = 0},
    {.bitmap_index = 1015, .adv_w = 173, .box_w = 10, .box_h = 13, .ofs_x = 1, .ofs_y = 0},
    {.bitmap_index = 1080, .adv_w = 173, .box_w = 11, .box_h = 13, .ofs_x = 0, .ofs_y = 0},
    {.bitmap_index = 1152, .adv_w = 173, .box_w = 10, .box_h = 13, .ofs_x = 0, .ofs_y = 0},
    {.bitmap_index = 1217, .adv_w = 173, .box_w = 11, .box_h = 13, .ofs_x = 0, .ofs_y = 0},
    {.bitmap_index = 1289, .adv_w = 173, .box_w = 10, .box_h = 13, .ofs_x = 0, .ofs_y = 0},
    {.bitmap_index = 1354, .adv_w = 71, .box_w = 4, .box_h = 9, .ofs_x = 0, .ofs_y = 0},
    {.bitmap_index = 1372, .adv_w = 71, .box_w = 4, .box_h = 12, .ofs_x = 0, .ofs_y = -3},
    {.bitmap_index = 1396, .adv_w = 173, .box_w = 11, .box_h = 10, .ofs_x = 0, .ofs_y = 0},
    {.bitmap_index = 1451, .adv_w = 173, .box_w = 10, .box_h = 5, .ofs_x = 0, .ofs_y = 3},
    {.bitmap_index = 1476, .adv_w = 173, .box_w = 10, .box_h = 10, .ofs_x = 0, .ofs_y = 0},
    {.bitmap_index = 1526, .adv_w = 132, .box_w = 8, .box_h = 13, .ofs_x = 0, .ofs_y = 0},
    {.bitmap_index = 1578, .adv_w = 274, .box_w = 17, .box_h = 16, .ofs_x = 0, .ofs_y = -3},
    {.bitmap_index = 1714, .adv_w = 214, .box_w = 13, .box_h = 13, .ofs_x = 0, .ofs_y = 0},
    {.bitmap_index = 1799, .adv_w = 198, .box_w = 11, .box_h = 13, .ofs_x = 1, .ofs_y = 0},
    {.bitmap_index = 1871, .adv_w = 196, .box_w = 12, .box_h = 13, .ofs_x = 0, .ofs_y = 0},
    {.bitmap_index = 1949, .adv_w = 219, .box_w = 12, .box_h = 13, .ofs_x = 1, .ofs_y = 0},
    {.bitmap_index = 2027, .adv_w = 172, .box_w = 9, .box_h = 13, .ofs_x = 1, .ofs_y = 0},
    {.bitmap_index = 2086, .adv_w = 162, .box_w = 9, .box_h = 13, .ofs_x = 1, .ofs_y = 0},
    {.bitmap_index = 2145, .adv_w = 212, .box_w = 12, .box_h = 13, .ofs_x = 0, .ofs_y = 0},
    {.bitmap_index = 2223, .adv_w = 223, .box_w = 12, .box_h = 13, .ofs_x = 1, .ofs_y = 0},
    {.bitmap_index = 2301, .adv_w = 81, .box_w = 3, .box_h = 13, .ofs_x = 1, .ofs_y = 0},
    {.bitmap_index = 2321, .adv_w = 102, .box_w = 6, .box_h = 13, .ofs_x = -1, .ofs_y = 0},
    {.bitmap_index = 2360, .adv_w = 192, .box_w = 11, .box_h = 13, .ofs_x = 1, .ofs_y = 0},
    {.bitmap_index = 2432, .adv_w = 162, .box_w = 9, .box_h = 13, .ofs_x = 1, .ofs_y = 0},
    {.bitmap_index = 2491, .adv_w = 250, .box_w = 14, .box_h = 13, .ofs_x = 1, .ofs_y = 0},
    {.bitmap_index = 2582, .adv_w = 215, .box_w = 12, .box_h = 13, .ofs_x = 1, .ofs_y = 0},
    {.bitmap_index = 2660, .adv_w = 226, .box_w = 14, .box_h = 13, .ofs_x = 0, .ofs_y = 0},
    {.bitmap_index = 2751, .adv_w = 188, .box_w = 11, .box_h = 13, .ofs_x = 1, .ofs_y = 0},
    {.bitmap_index = 2823, .adv_w = 226, .box_w = 14, .box_h = 17, .ofs_x = 0, .ofs_y = -4},
    {.bitmap_index = 2942, .adv_w = 198, .box_w = 11, .box_h = 13, .ofs_x = 1, .ofs_y = 0},
    {.bitmap_index = 3014, .adv_w = 182, .box_w = 11, .box_h = 13, .ofs_x = 0, .ofs_y = 0},
    {.bitmap_index = 3086, .adv_w = 179, .box_w = 13, .box_h = 13, .ofs_x = -1, .ofs_y = 0},
    {.bitmap_index = 3171, .adv_w = 213, .box_w = 11, .box_h = 13, .ofs_x = 1, .ofs_y = 0},
    {.bitmap_index = 3243, .adv_w = 205, .box_w = 13, .box_h = 13, .ofs_x = 0, .ofs_y = 0},
    {.bitmap_index = 3328, .adv_w = 321, .box_w = 20, .box_h = 13, .ofs_x = 0, .ofs_y = 0},
    {.bitmap_index = 3458, .adv_w = 194, .box_w = 12, .box_h = 13, .ofs_x = 0, .ofs_y = 0},
    {.bitmap_index = 3536, .adv_w = 178, .box_w = 11, .box_h = 13, .ofs_x = 0, .ofs_y = 0},
    {.bitmap_index = 3608, .adv_w = 174, .box_w = 11, .box_h = 13, .ofs_x = 0, .ofs_y = 0},
    {.bitmap_index = 3680, .adv_w = 102, .box_w = 6, .box_h = 16, .ofs_x = 1, .ofs_y = -3},
    {.bitmap_index = 3728, .adv_w = 90, .box_w = 7, .box_h = 15, .ofs_x = -1, .ofs_y = -1},
    {.bitmap_index = 3781, .adv_w = 102, .box_w = 5, .box_h = 16, .ofs_x = 0, .ofs_y = -3},
    {.bitmap_index = 3821, .adv_w = 173, .box_w = 9, .box_h = 9, .ofs_x = 1, .ofs_y = 2},
    {.bitmap_index = 3862, .adv_w = 144, .box_w = 9, .box_h = 3, .ofs_x = 0, .ofs_y = -2},
    {.bitmap_index = 3876, .adv_w = 109, .box_w = 5, .box_h = 6, .ofs_x = 1, .ofs_y = 9},
    {.bitmap_index = 3891, .adv_w = 158, .box_w = 9, .box_h = 9, .ofs_x = 0, .ofs_y = 0},
    {.bitmap_index = 3932, .adv_w = 173, .box_w = 10, .box_h = 13, .ofs_x = 1, .ofs_y = 0},
    {.bitmap_index = 3997, .adv_w = 136, .box_w = 9, .box_h = 9, .ofs_x = 0, .ofs_y = 0},
    {.bitmap_index = 4038, .adv_w = 173, .box_w = 10, .box_h = 13, .ofs_x = 0, .ofs_y = 0},
    {.bitmap_index = 4103, .adv_w = 156, .box_w = 10, .box_h = 9, .ofs_x = 0, .ofs_y = 0},
    {.bitmap_index = 4148, .adv_w = 105, .box_w = 7, .box_h = 14, .ofs_x = 0, .ofs_y = 0},
    {.bitmap_index = 4197, .adv_w = 174, .box_w = 10, .box_h = 12, .ofs_x = 0, .ofs_y = -3},
    {.bitmap_index = 4257, .adv_w = 168, .box_w = 9, .box_h = 13, .ofs_x = 1, .ofs_y = 0},
    {.bitmap_index = 4316, .adv_w = 73, .box_w = 4, .box_h = 13, .ofs_x = 0, .ofs_y = 0},
    {.bitmap_index = 4342, .adv_w = 75, .box_w = 6, .box_h = 17, .ofs_x = -2, .ofs_y = -4},
    {.bitmap_index = 4393, .adv_w = 154, .box_w = 9, .box_h = 13, .ofs_x = 1, .ofs_y = 0},
    {.bitmap_index = 4452, .adv_w = 92, .box_w = 5, .box_h = 13, .ofs_x = 1, .ofs_y = 0},
    {.bitmap_index = 4485, .adv_w = 253, .box_w = 14, .box_h = 9, .ofs_x = 1, .ofs_y = 0},
    {.bitmap_index = 4548, .adv_w = 168, .box_w = 9, .box_h = 9, .ofs_x = 1, .ofs_y = 0},
    {.bitmap_index = 4589, .adv_w = 166, .box_w = 10, .box_h = 9, .ofs_x = 0, .ofs_y = 0},
    {.bitmap_index = 4634, .adv_w = 173, .box_w = 10, .box_h = 12, .ofs_x = 1, .ofs_y = -3},
    {.bitmap_index = 4694, .adv_w = 173, .box_w = 10, .box_h = 12, .ofs_x = 0, .ofs_y = -3},
    {.bitmap_index = 4754, .adv_w = 113, .box_w = 7, .box_h = 10, .ofs_x = 1, .ofs_y = 0},
    {.bitmap_index = 4789, .adv_w = 141, .box_w = 9, .box_h = 9, .ofs_x = 0, .ofs_y = 0},
    {.bitmap_index = 4830, .adv_w = 111, .box_w = 9, .box_h = 12, .ofs_x = -1, .ofs_y = 0},
    {.bitmap_index = 4884, .adv_w = 167, .box_w = 9, .box_h = 9, .ofs_x = 1, .ofs_y = 0},
    {.bitmap_index = 4925, .adv_w = 152, .box_w = 10, .box_h = 9, .ofs_x = 0, .ofs_y = 0},
    {.bitmap_index = 4970, .adv_w = 246, .box_w = 15, .box_h = 9, .ofs_x = 0, .ofs_y = 0},
    {.bitmap_index = 5038, .adv_w = 157, .box_w = 10, .box_h = 9, .ofs_x = 0, .ofs_y = 0},
    {.bitmap_index = 5083, .adv_w = 151, .box_w = 10, .box_h = 12, .ofs_x = 0, .ofs_y = -3},
    {.bitmap_index = 5143, .adv_w = 137, .box_w = 9, .box_h = 9, .ofs_x = 0, .ofs_y = 0},
    {.bitmap_index = 5184, .adv_w = 113, .box_w = 7, .box_h = 16, .ofs_x = 0, .ofs_y = -3},
    {.bitmap_index = 5240, .adv_w = 83, .box_w = 3, .box_h = 16, .ofs_x = 1, .ofs_y = -3},
    {.bitmap_index = 5264, .adv_w = 113, .box_w = 7, .box_h = 16, .ofs_x = 0, .ofs_y = -3},
    {.bitmap_index = 5320, .adv_w = 173, .box_w = 9, .box_h = 3, .ofs_x = 1, .ofs_y = 4},
    {.bitmap_index = 5334, .adv_w = 78, .box_w = 0, .box_h = 0, .ofs_x = 0, .ofs_y = 0},
    {.bitmap_index = 5334, .adv_w = 71, .box_w = 4, .box_h = 12, .ofs_x = 0, .ofs_y = -3},
    {.bitmap_index = 5358, .adv_w = 173, .box_w = 9, .box_h = 14, .ofs_x = 1, .ofs_y = -2},
    {.bitmap_index = 5421, .adv_w = 173, .box_w = 11, .box_h = 13, .ofs_x = 0, .ofs_y = 0},
    {.bitmap_index = 5493, .adv_w = 173, .box_w = 11, .box_h = 9, .ofs_x = 0, .ofs_y = 0},
    {.bitmap_index = 5543, .adv_w = 173, .box_w = 11, .box_h = 13, .ofs_x = 0, .ofs_y = 0},
    {.bitmap_index = 5615, .adv_w = 83, .box_w = 3, .box_h = 16, .ofs_x = 1, .ofs_y = -3},
    {.bitmap_index = 5639, .adv_w = 164, .box_w = 10, .box_h = 16, .ofs_x = 0, .ofs_y = -3},
    {.bitmap_index = 5719, .adv_w = 147, .box_w = 7, .box_h = 3, .ofs_x = 1, .ofs_y = 11},
    {.bitmap_index = 5730, .adv_w = 235, .box_w = 14, .box_h = 13, .ofs_x = 0, .ofs_y = 0},
    {.bitmap_index = 5821, .adv_w = 98, .box_w = 6, .box_h = 6, .ofs_x = 0, .ofs_y = 7},
    {.bitmap_index = 5839, .adv_w = 142, .box_w = 8, .box_h = 8, .ofs_x = 0, .ofs_y = 1},
    {.bitmap_index = 5871, .adv_w = 173, .box_w = 10, .box_h = 6, .ofs_x = 0, .ofs_y = 2},
    {.bitmap_index = 5901, .adv_w = 125, .box_w = 6, .box_h = 2, .ofs_x = 1, .ofs_y = 4},
    {.bitmap_index = 5907, .adv_w = 235, .box_w = 14, .box_h = 13, .ofs_x = 0, .ofs_y = 0},
    {.bitmap_index = 5998, .adv_w = 151, .box_w = 7, .box_h = 3, .ofs_x = 1, .ofs_y = 10},
    {.bitmap_index = 6009, .adv_w = 109, .box_w = 7, .box_h = 7, .ofs_x = 0, .ofs_y = 7},
    {.bitmap_index = 6034, .adv_w = 173, .box_w = 10, .box_h = 10, .ofs_x = 0, .ofs_y = 0},
    {.bitmap_index = 6084, .adv_w = 109, .box_w = 7, .box_h = 8, .ofs_x = 0, .ofs_y = 5},
    {.bitmap_index = 6112, .adv_w = 109, .box_w = 7, .box_h = 8, .ofs_x = 0, .ofs_y = 5},
    {.bitmap_index = 6140, .adv_w = 109, .box_w = 5, .box_h = 6, .ofs_x = 1, .ofs_y = 9},
    {.bitmap_index = 6155, .adv_w = 173, .box_w = 9, .box_h = 12, .ofs_x = 1, .ofs_y = -3},
    {.bitmap_index = 6209, .adv_w = 180, .box_w = 10, .box_h = 16, .ofs_x = 0, .ofs_y = -3},
    {.bitmap_index = 6289, .adv_w = 71, .box_w = 4, .box_h = 3, .ofs_x = 0, .ofs_y = 4},
    {.bitmap_index = 6295, .adv_w = 121, .box_w = 5, .box_h = 5, .ofs_x = 1, .ofs_y = -4},
    {.bitmap_index = 6308, .adv_w = 109, .box_w = 6, .box_h = 8, .ofs_x = 1, .ofs_y = 5},
    {.bitmap_index = 6332, .adv_w = 102, .box_w = 7, .box_h = 6, .ofs_x = 0, .ofs_y = 7},
    {.bitmap_index = 6353, .adv_w = 142, .box_w = 8, .box_h = 8, .ofs_x = 0, .ofs_y = 1},
    {.bitmap_index = 6385, .adv_w = 263, .box_w = 16, .box_h = 15, .ofs_x = 1, .ofs_y = -1},
    {.bitmap_index = 6505, .adv_w = 276, .box_w = 16, .box_h = 15, .ofs_x = 1, .ofs_y = -1},
    {.bitmap_index = 6625, .adv_w = 263, .box_w = 17, .box_h = 15, .ofs_x = 0, .ofs_y = -1},
    {.bitmap_index = 6753, .adv_w = 132, .box_w = 9, .box_h = 12, .ofs_x = 0, .ofs_y = -3},
    {.bitmap_index = 6807, .adv_w = 214, .box_w = 13, .box_h = 18, .ofs_x = 0, .ofs_y = 0},
    {.bitmap_index = 6924, .adv_w = 214, .box_w = 13, .box_h = 18, .ofs_x = 0, .ofs_y = 0},
    {.bitmap_index = 7041, .adv_w = 214, .box_w = 13, .box_h = 18, .ofs_x = 0, .ofs_y = 0},
    {.bitmap_index = 7158, .adv_w = 214, .box_w = 13, .box_h = 18, .ofs_x = 0, .ofs_y = 0},
    {.bitmap_index = 7275, .adv_w = 214, .box_w = 13, .box_h = 17, .ofs_x = 0, .ofs_y = 0},
    {.bitmap_index = 7386, .adv_w = 214, .box_w = 13, .box_h = 18, .ofs_x = 0, .ofs_y = 0},
    {.bitmap_index = 7503, .adv_w = 286, .box_w = 19, .box_h = 13, .ofs_x = -1, .ofs_y = 0},
    {.bitmap_index = 7627, .adv_w = 196, .box_w = 12, .box_h = 16, .ofs_x = 0, .ofs_y = -3},
    {.bitmap_index = 7723, .adv_w = 172, .box_w = 9, .box_h = 18, .ofs_x = 1, .ofs_y = 0},
    {.bitmap_index = 7804, .adv_w = 172, .box_w = 9, .box_h = 18, .ofs_x = 1, .ofs_y = 0},
    {.bitmap_index = 7885, .adv_w = 172, .box_w = 9, .box_h = 17, .ofs_x = 1, .ofs_y = 0},
    {.bitmap_index = 7962, .adv_w = 172, .box_w = 9, .box_h = 17, .ofs_x = 1, .ofs_y = 0},
    {.bitmap_index = 8039, .adv_w = 81, .box_w = 5, .box_h = 18, .ofs_x = -1, .ofs_y = 0},
    {.bitmap_index = 8084, .adv_w = 81, .box_w = 5, .box_h = 18, .ofs_x = 1, .ofs_y = 0},
    {.bitmap_index = 8129, .adv_w = 81, .box_w = 7, .box_h = 18, .ofs_x = -1, .ofs_y = 0},
    {.bitmap_index = 8192, .adv_w = 81, .box_w = 7, .box_h = 17, .ofs_x = -1, .ofs_y = 0},
    {.bitmap_index = 8252, .adv_w = 219, .box_w = 14, .box_h = 13, .ofs_x = -1, .ofs_y = 0},
    {.bitmap_index = 8343, .adv_w = 215, .box_w = 12, .box_h = 18, .ofs_x = 1, .ofs_y = 0},
    {.bitmap_index = 8451, .adv_w = 226, .box_w = 14, .box_h = 18, .ofs_x = 0, .ofs_y = 0},
    {.bitmap_index = 8577, .adv_w = 226, .box_w = 14, .box_h = 18, .ofs_x = 0, .ofs_y = 0},
    {.bitmap_index = 8703, .adv_w = 226, .box_w = 14, .box_h = 18, .ofs_x = 0, .ofs_y = 0},
    {.bitmap_index = 8829, .adv_w = 226, .box_w = 14, .box_h = 18, .ofs_x = 0, .ofs_y = 0},
    {.bitmap_index = 8955, .adv_w = 226, .box_w = 14, .box_h = 17, .ofs_x = 0, .ofs_y = 0},
    {.bitmap_index = 9074, .adv_w = 173, .box_w = 9, .box_h = 10, .ofs_x = 1, .ofs_y = 0},
    {.bitmap_index = 9119, .adv_w = 226, .box_w = 14, .box_h = 16, .ofs_x = 0, .ofs_y = -2},
    {.bitmap_index = 9231, .adv_w = 213, .box_w = 11, .box_h = 18, .ofs_x = 1, .ofs_y = 0},
    {.bitmap_index = 9330, .adv_w = 213, .box_w = 11, .box_h = 18, .ofs_x = 1, .ofs_y = 0},
    {.bitmap_index = 9429, .adv_w = 213, .box_w = 11, .box_h = 18, .ofs_x = 1, .ofs_y = 0},
    {.bitmap_index = 9528, .adv_w = 213, .box_w = 11, .box_h = 17, .ofs_x = 1, .ofs_y = 0},
    {.bitmap_index = 9622, .adv_w = 178, .box_w = 11, .box_h = 18, .ofs_x = 0, .ofs_y = 0},
    {.bitmap_index = 9721, .adv_w = 189, .box_w = 11, .box_h = 13, .ofs_x = 1, .ofs_y = 0},
    {.bitmap_index = 9793, .adv_w = 188, .box_w = 11, .box_h = 13, .ofs_x = 1, .ofs_y = 0},
    {.bitmap_index = 9865, .adv_w = 158, .box_w = 9, .box_h = 15, .ofs_x = 0, .ofs_y = 0},
    {.bitmap_index = 9933, .adv_w = 158, .box_w = 9, .box_h = 15, .ofs_x = 0, .ofs_y = 0},
    {.bitmap_index = 10001, .adv_w = 158, .box_w = 9, .box_h = 14, .ofs_x = 0, .ofs_y = 0},
    {.bitmap_index = 10064, .adv_w = 158, .box_w = 9, .box_h = 13, .ofs_x = 0, .ofs_y = 0},
    {.bitmap_index = 10123, .adv_w = 158, .box_w = 9, .box_h = 13, .ofs_x = 0, .ofs_y = 0},
    {.bitmap_index = 10182, .adv_w = 158, .box_w = 9, .box_h = 15, .ofs_x = 0, .ofs_y = 0},
    {.bitmap_index = 10250, .adv_w = 249, .box_w = 15, .box_h = 9, .ofs_x = 0, .ofs_y = 0},
    {.bitmap_index = 10318, .adv_w = 136, .box_w = 9, .box_h = 12, .ofs_x = 0, .ofs_y = -3},
    {.bitmap_index = 10372, .adv_w = 156, .box_w = 10, .box_h = 15, .ofs_x = 0, .ofs_y = 0},
    {.bitmap_index = 10447, .adv_w = 156, .box_w = 10, .box_h = 15, .ofs_x = 0, .ofs_y = 0},
    {.bitmap_index = 10522, .adv_w = 156, .box_w = 10, .box_h = 14, .ofs_x = 0, .ofs_y = 0},
    {.bitmap_index = 10592, .adv_w = 156, .box_w = 10, .box_h = 13, .ofs_x = 0, .ofs_y = 0},
    {.bitmap_index = 10657, .adv_w = 73, .box_w = 5, .box_h = 15, .ofs_x = -1, .ofs_y = 0},
    {.bitmap_index = 10695, .adv_w = 73, .box_w = 5, .box_h = 15, .ofs_x = 1, .ofs_y = 0},
    {.bitmap_index = 10733, .adv_w = 73, .box_w = 6, .box_h = 14, .ofs_x = -1, .ofs_y = 0},
    {.bitmap_index = 10775, .adv_w = 73, .box_w = 7, .box_h = 13, .ofs_x = -1, .ofs_y = 0},
    {.bitmap_index = 10821, .adv_w = 167, .box_w = 10, .box_h = 14, .ofs_x = 0, .ofs_y = 0},
    {.bitmap_index = 10891, .adv_w = 168, .box_w = 9, .box_h = 13, .ofs_x = 1, .ofs_y = 0},
    {.bitmap_index = 10950, .adv_w = 166, .box_w = 10, .box_h = 15, .ofs_x = 0, .ofs_y = 0},
    {.bitmap_index = 11025, .adv_w = 166, .box_w = 10, .box_h = 15, .ofs_x = 0, .ofs_y = 0},
    {.bitmap_index = 11100, .adv_w = 166, .box_w = 10, .box_h = 14, .ofs_x = 0, .ofs_y = 0},
    {.bitmap_index = 11170, .adv_w = 166, .box_w = 10, .box_h = 13, .ofs_x = 0, .ofs_y = 0},
    {.bitmap_index = 11235, .adv_w = 166, .box_w = 10, .box_h = 13, .ofs_x = 0, .ofs_y = 0},
    {.bitmap_index = 11300, .adv_w = 173, .box_w = 10, .box_h = 9, .ofs_x = 0, .ofs_y = 1},
    {.bitmap_index = 11345, .adv_w = 166, .box_w = 10, .box_h = 12, .ofs_x = 0, .ofs_y = -2},
    {.bitmap_index = 11405, .adv_w = 167, .box_w = 9, .box_h = 15, .ofs_x = 1, .ofs_y = 0},
    {.bitmap_index = 11473, .adv_w = 167, .box_w = 9, .box_h = 15, .ofs_x = 1, .ofs_y = 0},
    {.bitmap_index = 11541, .adv_w = 167, .box_w = 9, .box_h = 14, .ofs_x = 1, .ofs_y = 0},
    {.bitmap_index = 11604, .adv_w = 167, .box_w = 9, .box_h = 13, .ofs_x = 1, .ofs_y = 0},
    {.bitmap_index = 11663, .adv_w = 151, .box_w = 10, .box_h = 18, .ofs_x = 0, .ofs_y = -3},
    {.bitmap_index = 11753, .adv_w = 173, .box_w = 10, .box_h = 16, .ofs_x = 1, .ofs_y = -3},
    {.bitmap_index = 11833, .adv_w = 151, .box_w = 10, .box_h = 16, .ofs_x = 0, .ofs_y = -3},
    {.bitmap_index = 11913, .adv_w = 71, .box_w = 4, .box_h = 5, .ofs_x = 0, .ofs_y = 8},
    {.bitmap_index = 11923, .adv_w = 71, .box_w = 4, .box_h = 5, .ofs_x = 0, .ofs_y = 8},
    {.bitmap_index = 11933, .adv_w = 71, .box_w = 4, .box_h = 6, .ofs_x = 0, .ofs_y = -3},
    {.bitmap_index = 11945, .adv_w = 128, .box_w = 8, .box_h = 5, .ofs_x = 0, .ofs_y = 8},
    {.bitmap_index = 11965, .adv_w = 128, .box_w = 8, .box_h = 5, .ofs_x = 0, .ofs_y = 8},
    {.bitmap_index = 11985, .adv_w = 151, .box_w = 7, .box_h = 7, .ofs_x = 1, .ofs_y = 2},
    {.bitmap_index = 12010, .adv_w = 215, .box_w = 13, .box_h = 3, .ofs_x = 0, .ofs_y = 0}
};

/*---------------------
 *  CHARACTER MAPPING
 *--------------------*/

static const uint16_t unicode_list_2[] = {
    0x0, 0x1, 0x2, 0x4, 0x5, 0xa, 0xe
};

/*Collect the unicode lists and glyph_id offsets*/
static const lv_font_fmt_txt_cmap_t cmaps[] =
{
    {
        .range_start = 32, .range_length = 95, .glyph_id_start = 1,
        .unicode_list = NULL, .glyph_id_ofs_list = NULL, .list_length = 0, .type = LV_FONT_FMT_TXT_CMAP_FORMAT0_TINY
    },
    {
        .range_start = 160, .range_length = 96, .glyph_id_start = 96,
        .unicode_list = NULL, .glyph_id_ofs_list = NULL, .list_length = 0, .type = LV_FONT_FMT_TXT_CMAP_FORMAT0_TINY
    },
    {
        .range_start = 8216, .range_length = 15, .glyph_id_start = 192,
        .unicode_list = unicode_list_2, .glyph_id_ofs_list = NULL, .list_length = 7, .type = LV_FONT_FMT_TXT_CMAP_SPARSE_TINY
    }
};

/*-----------------
 *    KERNING
 *----------------*/


/*Map glyph_ids to kern left classes*/
static const uint8_t kern_left_class_mapping[] =
{
    0, 0, 1, 0, 0, 0, 0, 2,
    0, 3, 0, 4, 0, 5, 6, 5,
    7, 0, 0, 0, 0, 0, 0, 0,
    0, 0, 0, 8, 8, 0, 0, 0,
    9, 10, 11, 12, 13, 10, 14, 15,
    16, 0, 0, 17, 18, 19, 0, 0,
    10, 20, 10, 21, 22, 23, 24, 25,
    25, 26, 27, 28, 3, 0, 0, 0,
    5, 0, 29, 30, 31, 32, 33, 34,
    35, 29, 32, 32, 36, 37, 29, 29,
    30, 30, 38, 39, 40, 41, 35, 42,
    42, 43, 42, 44, 3, 0, 6, 0,
    0, 45, 0, 0, 0, 0, 0, 0,
    0, 10, 46, 47, 0, 6, 10, 0,
    48, 0, 0, 0, 0, 35, 0, 6,
    0, 0, 46, 49, 0, 0, 0, 50,
    11, 11, 11, 11, 11, 11, 14, 13,
    14, 14, 14, 14, 0, 0, 0, 0,
    10, 0, 10, 10, 10, 10, 10, 0,
    10, 24, 24, 24, 24, 27, 51, 52,
    0, 0, 0, 0, 0, 0, 33, 31,
    33, 33, 33, 33, 32, 53, 54, 55,
    30, 29, 30, 30, 30, 30, 30, 0,
    30, 35, 35, 35, 35, 42, 30, 42,
    56, 56, 5, 56, 56, 6, 5
};

/*Map glyph_ids to kern right classes*/
static const uint8_t kern_right_class_mapping[] =
{
    0, 0, 1, 2, 0, 0, 3, 4,
    2, 5, 6, 7, 0, 8, 9, 8,
    10, 0, 0, 0, 0, 0, 0, 0,
    0, 0, 0, 11, 11, 0, 0, 0,
    12, 13, 14, 15, 13, 15, 15, 15,
    13, 15, 15, 16, 15, 15, 15, 15,
    13, 15, 13, 15, 17, 18, 19, 20,
    20, 21, 22, 23, 5, 24, 6, 0,
    8, 0, 25, 26, 27, 27, 27, 28,
    27, 26, 26, 29, 26, 26, 30, 30,
    27, 30, 27, 30, 31, 32, 33, 34,
    34, 35, 34, 36, 9, 15, 6, 0,
    0, 37, 0, 0, 0, 0, 15, 38,
    0, 13, 39, 40, 0, 9, 13, 0,
    41, 0, 0, 0, 0, 30, 42, 9,
    0, 0, 39, 43, 0, 0, 0, 44,
    14, 14, 14, 14, 14, 14, 14, 13,
    15, 15, 15, 15, 15, 15, 15, 15,
    15, 15, 13, 13, 13, 13, 13, 0,
    13, 19, 19, 19, 19, 22, 15, 26,
    0, 0, 0, 0, 0, 0, 25, 27,
    27, 27, 27, 27, 26, 26, 26, 26,
    27, 30, 27, 27, 27, 27, 27, 0,
    27, 33, 33, 33, 33, 34, 26, 34,
    45, 45, 8, 45, 45, 9, 8
};

/*Kern values between classes*/
static const int8_t kern_class_values[] =
{
    0, 0, 0, 0, 0, 1, -3, 0,
    -3, 3, 0, -1, 0, 0, 0, 9,
    0, -3, 0, -3, 0, -3, 0, 0,
    0, 0, 0, 0, 0, 0, 0, 0,
    0, 0, 0, 0, 0, 0, 0, 0,
    0, 0, 0, 1, 0, 0, 0, 0,
    0, 0, 0, 0, 0, 0, 0, 0,
    0, 0, 0, 0, 9, 0, -7, 0,
    -10, -4, -9, 0, 0, 1, 0, -4,
    0, 0, 0, 4, 0, 0, -4, 0,
    0, 0, 0, 0, 0, 0, 0, 0,
    0, 0, 1, 0, 0, 0, 0, 12,
    0, 0, 0, 12, 0, 9, -2, 0,
    0, 0, 0, 12, 0, 9, 3, 10,
    6, 0, 0, 0, -3, 0, 23, 0,
    0, 0, 0, 0, 0, 0, 1, 0,
    3, 0, 1, 0, 0, 6, 3, -3,
    0, 0, 0, 0, 0, 0, -14, -19,
    -32, -3, 3, 0, -21, 0, -16, 0,
    4, 0, 3, -4, 6, -1, 0, 0,
    7, -7, 7, 0, 0, -1, 7, 0,
    6, 4, 0, -3, 0, 6, -13, 0,
    0, -4, -14, 0, 0, 0, 0, 0,
    0, 0, -16, 0, -13, 19, 0, -21,
    -11, 6, 0, 10, 3, -19, -6, -16,
    3, -20, 3, 0, -1, 0, -5, -6,
    6, 0, 1, -9, -1, -14, 4, 0,
    0, 0, -16, -9, -19, 0, 3, 0,
    -16, -3, 0, 0, 0, 0, 0, -19,
    -13, 0, 0, -5, -11, 0, -5, 0,
    -8, -6, -14, 0, -14, -7, -15, 0,
    0, 0, 0, 4, 0, 0, 0, 1,
    0, 0, -5, -7, -3, -3, 0, -14,
    0, -16, 0, -7, -14, -13, 0, 0,
    0, 0, 0, 12, 0, -30, -19, -13,
    -6, 14, -3, -6, 0, -12, 0, 12,
    0, 12, 3, 10, 4, 0, -17, 0,
    -17, 0, 0, -17, -17, -3, -17, -9,
    -14, -17, -17, 0, 6, -19, 1, 0,
    -14, -17, 4, 0, 0, 0, 0, 0,
    0, -3, 0, -5, 16, 0, -3, 0,
    0, 0, 6, 0, -9, 0, -9, 0,
    -11, 0, 0, 0, 0, 0, 1, 6,
    0, 0, 0, 0, 0, 0, 0, 0,
    0, 0, 0, 0, 0, 0, 0, -4,
    0, 0, 0, 0, 0, 3, 1, -24,
    -3, -3, 0, 4, 0, 0, 0, 0,
    0, 0, 0, 0, 0, 0, 0, 0,
    0, 0, 0, 0, 0, 0, 0, 0,
    0, 0, 0, 0, 0, 0, 7, 1,
    4, 0, 1, -5, 1, 0, 0, 0,
    0, 0, -2, 0, -11, 0, -3, 0,
    -2, 0, -4, 0, -10, 0, -12, 0,
    -5, -8, -12, -4, 0, 0, 0, 0,
    0, 6, 0, 0, 0, 0, 0, 0,
    0, 0, 0, 0, -1, -3, 0, 0,
    0, -1, 0, 0, 0, 0, 0, 0,
    -21, 6, -5, 9, 0, -16, -4, 0,
    0, 6, -2, -22, -1, -17, -4, -19,
    -3, 0, 0, 0, -1, -3, 0, 0,
    -2, -4, 0, -8, -7, -1, 0, 0,
    -25, -5, -24, 0, -1, 0, -17, 0,
    0, 0, 0, 0, 0, 0, -2, 1,
    0, 0, 0, 0, -1, 0, -1, 0,
    -3, 0, -3, -3, -4, 0, 0, 0,
    0, 0, 0, 0, 0, 0, 0, 0,
    0, 0, 0, 0, 0, 1, 0, 1,
    0, 0, 0, -1, 0, 0, 0, -7,
    0, 0, 0, 3, -10, 5, 0, 6,
    -7, -4, 0, -1, -4, -3, 0, -5,
    -4, -4, -2, 0, -5, 0, -10, -7,
    0, 0, -3, -7, -4, -7, -3, -5,
    0, 0, 1, -7, 0, 0, 0, 0,
    0, 0, 0, 0, 0, 0, 1, 0,
    3, -1, 10, 0, 2, 0, -4, 0,
    3, -3, -1, 0, -1, -1, -1, 0,
    0, -1, 0, -1, -1, 0, 0, -1,
    -1, 0, -2, 0, 0, 0, 0, 0,
    -4, 2, 0, 0, 0, 0, 1, 0,
    0, 0, 0, 4, 0, -9, -2, -7,
    0, 3, -4, -16, 0, -15, -6, 2,
    0, 2, -4, 0, -3, 0, -6, 12,
    -5, 0, 0, -3, -4, 0, -4, -1,
    -4, -10, 0, 0, 4, -8, 4, 0,
    -4, 0, 3, 0, 0, 0, 0, 0,
    -1, 0, 0, 0, 1, 0, 0, 0,
    0, 0, 0, 0, -4, 0, -3, -1,
    -4, 0, 0, 0, 0, 0, 0, 0,
    0, 0, 0, 0, 0, 0, 0, 0,
    0, -2, 0, -1, 0, 0, 0, -3,
    0, 0, 0, 0, 0, 0, 0, -4,
    0, 0, 0, 0, 0, 0, 0, -6,
    0, 0, 0, 0, 0, 0, 0, 0,
    0, 0, 0, 0, 0, 0, 0, 0,
    0, 0, 0, 0, 0, 0, 0, 0,
    0, 0, 0, 0, 0, 7, 0, 0,
    0, 0, 2, -5, 4, -10, 10, 0,
    3, -8, -7, 0, 9, -7, -10, -3,
    -6, -3, -7, 1, 0, 0, 7, -4,
    -4, 0, 0, -3, -5, -3, -9, -11,
    -4, 0, 0, -1, -12, 0, 0, -3,
    0, -1, 0, 0, 0, 0, 0, 0,
    -17, 4, -10, 12, 1, -22, -11, -4,
    0, 12, -4, -37, -8, -30, -6, -34,
    0, 0, 0, 0, -1, -4, 0, 0,
    -1, -9, -3, -13, -6, 0, 0, 0,
    -19, -6, -22, 0, 0, 0, -19, 3,
    0, 0, -4, 0, -3, 1, -15, -8,
    -17, -1, 1, -1, -21, 0, -19, 0,
    -5, 0, 0, -9, -1, -6, 0, -7,
    0, -7, 0, 0, -3, -7, 4, -2,
    1, -4, -6, 0, 0, 7, -11, 11,
    0, -4, 0, 6, 0, 0, 0, 0,
    0, 0, 0, 1, -5, 7, 0, 0,
    -1, -4, 0, 1, -1, -6, 0, -4,
    -3, -2, -1, 0, -1, 0, -4, 0,
    0, 0, -3, 0, 0, -1, -2, -2,
    0, 0, 0, -5, 3, 0, -4, 0,
    0, 0, 0, 0, 0, 0, 0, -5,
    -3, 1, 1, 0, 1, 0, -1, 0,
    -2, 0, -4, 0, -4, -3, -5, -2,
    0, 0, 0, 0, -1, 0, 0, -1,
    -1, 0, -2, -1, -1, 0, 0, -1,
    0, -1, 0, 0, 0, -6, 1, 0,
    0, -7, 0, 12, 4, -19, -14, -14,
    -9, 6, -12, -22, 0, -17, -7, 4,
    0, 4, 0, 4, -1, 0, -22, 16,
    -22, -10, 0, -22, -22, -10, -22, -22,
    -22, -22, 0, 0, 6, -18, 4, 0,
    -17, 0, 4, 0, 0, 0, 0, 0,
    0, 0, -6, 0, -3, 0, 0, 0,
    -1, 0, -7, 0, 0, 0, 0, -2,
    0, 0, 0, 0, 0, 0, 0, 0,
    0, 0, 0, 0, 0, 0, 0, 0,
    0, 0, 0, 0, 0, 0, 0, 0,
    3, 0, 0, -10, 0, 9, 3, -16,
    -14, -6, -10, 4, -5, -17, 0, -17,
    -4, 4, 0, 0, -4, 1, 0, 0,
    -17, 14, -18, -5, 0, -17, -18, -4,
    -14, -9, -17, -16, 0, 0, 6, -20,
    4, 0, -14, 0, 3, 5, 0, 0,
    0, 0, 3, -4, 3, -7, 6, 0,
    1, -8, -4, 0, 6, -3, 0, -2,
    -4, 0, -1, 0, 0, 0, 6, -2,
    -6, 0, 0, -2, -7, 0, -8, -7,
    -5, 0, 0, 1, -12, 0, 0, -3,
    0, 0, 12, 0, 0, -3, 0, 10,
    6, -20, -15, -7, -11, 10, -12, -19,
    10, -13, -7, 5, 0, 1, 0, 1,
    0, 0, -22, 0, -24, -10, 0, -22,
    -23, -11, -22, -21, -23, -23, 0, 0,
    10, -22, 5, 0, -17, 0, 3, 0,
    0, 0, 0, 0, 6, -1, 3, -6,
    7, 0, 1, -4, -3, 0, 6, -2,
    0, 0, -3, 0, 0, 0, 0, -3,
    0, -4, -3, 0, 0, -3, -5, -3,
    -9, -4, -7, 0, 0, 0, -15, -1,
    0, -3, 0, 1, 0, 0, 0, 0,
    0, 0, -4, 0, 0, 0, 0, -4,
    0, 0, 0, 0, 0, 0, 0, 0,
    0, 0, 0, 0, 0, 0, 0, 0,
    0, 0, 0, 0, 0, -1, 0, 0,
    0, 0, -6, 0, -8, 0, 0, 0,
    -5, 0, 0, 0, 0, 0, -3, -7,
    -5, 4, 0, 0, -7, 0, 0, 0,
    0, 0, 0, 0, 0, 0, 0, 0,
    0, 0, 0, 0, -1, 0, 0, 0,
    -1, 0, -3, -4, -2, 0, 0, -8,
    2, -10, 0, 3, 0, -10, 0, 0,
    0, 0, 0, 3, 0, 3, -3, 3,
    1, 0, 0, 0, 0, 0, 0, 0,
    0, 0, 0, 0, 0, 0, -1, 0,
    -3, 1, 0, 0, 0, 1, 0, 2,
    4, 0, 0, 0, 4, -1, 1, 0,
    1, 0, 1, 0, 0, 0, 0, 0,
    0, 7, 0, 0, 0, 0, 0, 0,
    0, 0, 0, 0, 0, 0, 0, 0,
    0, 0, 0, 0, 0, 0, 0, 0,
    0, 0, 0, 0, 0, 0, 0, 0,
    0, 0, 0, 0, 0, 0, 0, 10,
    0, 0, 0, 0, 0, -3, -5, 0,
    4, 3, 0, -3, 0, 0, 0, 0,
    0, 0, 0, 0, 0, 0, 0, 0,
    0, 0, 0, -1, 0, 0, 0, -1,
    0, -2, -1, -2, 0, 0, -5, 2,
    -8, 0, 1, 0, -8, 7, 0, 0,
    -2, 0, 15, 10, -7, -2, 0, 1,
    14, 0, 0, 0, 0, 0, 0, 0,
    0, 0, 0, 0, 0, -1, 0, -4,
    -7, 0, 0, -1, -8, 0, -3, -6,
    -3, 0, 0, 20, -4, 14, 0, -3,
    0, 14, 0, 0, 0, 0, 0, 0,
    0, 0, 0, 0, 0, -3, 0, 0,
    0, 0, 0, 0, 0, 0, 0, 0,
    0, 0, 0, 0, 0, 0, 0, 0,
    0, 0, 0, 0, 0, 0, 0, 0,
    0, 0, 0, 0, 0, 0, 0, 0,
    0, 0, 0, 0, 0, 1, 4, -8,
    6, 0, -4, 0, 0, 0, 0, 0,
    0, 0, 0, 0, 0, 0, 0, -1,
    0, -3, 0, 0, 0, -2, -4, 0,
    -5, -6, -1, 0, 0, 5, -6, 0,
    0, -2, 0, 1, 0, -13, -6, -1,
    -3, 19, -10, 3, -1, 10, 0, -6,
    -2, 0, 0, 0, 0, 0, 0, 0,
    0, 0, 0, -4, 0, 0, -1, -3,
    0, 0, -1, -4, 0, -4, 0, 0,
    0, -2, 0, -1, -12, -4, 0, 3,
    -14, 0, 0, 0, 0, 0, 0, 0,
    0, 0, 0, 0, -1, 0, 0, 0,
    0, 0, 0, 0, 0, 0, 0, 0,
    0, 0, 0, 0, 0, 3, 0, 0,
    0, 0, 0, 0, 0, 0, 0, 0,
    0, 0, 0, 0, 0, 0, 3, 0,
    0, -4, 0, 4, 11, -7, -6, -4,
    4, 0, 0, 0, 0, 0, 0, 0,
    0, 0, 0, 0, 0, 0, -1, 0,
    -2, 8, 0, 0, -1, 8, 0, 9,
    1, 1, 0, 0, 11, -6, 10, 0,
    0, 0, 10, 0, 0, 0, 0, 0,
    0, -1, -1, 0, 0, 0, -3, 0,
    0, 0, 0, 0, 0, 0, 0, 0,
    0, 0, 0, 0, 0, 0, 0, 0,
    0, 0, -1, 0, -3, -1, -1, 0,
    0, -2, 0, -3, 0, 0, 0, -8,
    1, 0, 0, 0, 0, 23, 7, 5,
    -1, 14, 1, 1, 0, 0, 0, 0,
    0, 0, 0, 0, 0, 0, 0, 0,
    0, 4, -1, -1, 0, 0, 0, -8,
    0, 2, 3, 1, 0, 0, 8, -4,
    0, 0, 0, 0, 0, 0, 0, 0,
    -3, 0, 0, 6, -14, -5, -7, 0,
    -5, 0, 0, 0, 0, 0, 0, 0,
    0, 0, 0, 0, 0, -3, 0, -3,
    2, 0, 0, -3, 4, 0, 12, -3,
    -2, 0, 0, 6, -5, 3, 0, -3,
    0, 3, 0, 0, 0, 0, 0, 0,
    4, 4, -7, 4, 0, -7, 0, 0,
    0, 0, 0, 0, 0, 0, 0, 0,
    0, 0, -1, 0, -4, 0, 0, 0,
    -1, 0, 0, -3, 0, -1, 0, 0,
    6, -8, -1, 0, -3, 0, 1, 0,
    0, 0, 0, 0, 0, 0, 0, -10,
    0, 0, -7, 0, 0, 0, 1, 0,
    0, 0, 0, 0, 0, 0, 0, -1,
    0, -3, 0, 0, 0, -1, 0, 0,
    -2, -1, 0, 0, 0, 0, -10, -1,
    0, -3, 0, -1, 0, 0, 0, 0,
    0, 2, -3, 0, -3, 4, 0, -1,
    0, 0, 0, 9, 0, -4, 0, -3,
    0, -6, 0, 0, 0, 0, 0, 0,
    14, 0, 0, 0, 0, 0, 0, 0,
    0, 0, 0, 0, 0, 0, 0, 1,
    0, 0, 0, 0, 0, 0, 3, 6,
    -16, -14, -32, 0, 12, 0, -25, 0,
    -17, 1, 6, 0, 6, 1, 10, 0,
    0, -2, 0, -8, 13, 0, 0, -2,
    13, 0, 6, 4, 0, 0, 0, 0,
    0, 0, 0, 0, -14, 0, 0, 0,
    0, 0, 0, 0, -4, 3, -7, 3,
    0, -4, 0, -1, 0, 0, 0, -17,
    0, -14, -3, -17, -1, 0, 0, 0,
    3, 0, 0, 0, 0, 0, 0, -3,
    -3, -3, 0, 0, 0, 0, 0, 0,
    0, 6, 0, 0, 0, 0, 0, 0,
    1, 0, -19, -16, -35, 0, 7, -3,
    -24, 0, -19, 1, 4, 0, 4, 0,
    5, -1, 0, -1, 0, -10, 3, 0,
    0, -6, 4, 0, 3, -1, 0, 0,
    0, 0, 0, 0, 0, 0, -17, 0,
    0, 0, 0, 0, 0, 0, -13, -9,
    0, 0, 0, -6, -1, -5, 0, -4,
    -3, -18, 0, -20, -12, -22, -3, 0,
    0, 0, 2, 0, 0, 0, 0, 0,
    0, -5, -8, -4, 0, 0, 0, 0,
    0, 0, 0, 0, 0, 0, 0, 0,
    0, 0, 10, -12, 0, -14, 17, 0,
    -13, -13, 0, 0, 12, -5, -18, -5,
    -18, 0, -18, -1, 0, 0, 29, -7,
    -3, 29, 0, -3, -3, 0, -6, 0,
    0, 1, 0, -12, -3, -13, 0, 0,
    1, -9, 0, 0, 0, 0, 0, -4,
    -1, -12, 1, -4, 0, -6, 0, -8,
    0, -14, -1, -24, 0, -6, -12, -12,
    -9, 0, 0, 0, 0, 0, 0, 0,
    0, 3, 0, 0, 0, 0, 0, 0,
    0, 0, 0, 0, 0, 0, 0, -1,
    0, 0, 0, 0, -1, -14, 3, 1,
    1, 0, -12, 0, 0, 0, 0, 0,
    0, 0, 0, 0, 0, 0, 0, 0,
    0, 0, -1, 0, 0, -1, -5, 0,
    -8, -1, 0, 0, 0, 0, 0, 0,
    0, 0, 0, -5, 0, 0, 0, 0,
    0, 19, 7, 0, 0, 0, 0, 1,
    0, 0, 0, 0, 0, 0, 0, 0,
    0, 0, 0, 0, 0, 9, 0, 0,
    0, 0, 0, 0, 0, 0, 0, 0,
    0, 0, 0, 0, 0, 0, 0, 0,
    10, 0, 0, 0, 0, 0, 8, 14,
    0, 0, 0, 0, 3, 0, 0, 0,
    0, 0, 0, 0, 0, 0, 0, 0,
    0, 0, 10, 0, 0, 0, 0, 0,
    0, 0, 0, 0, 0, 0, 0, 0,
    0, 0, 0, 0, 0, 10, 0, 0,
    0, 0, 0, 14, 9, 0, 0, 0,
    0, 2, 0, 0, 0, 0, 0, 0,
    0, 0, 0, 0, 0, 0, 0, 2,
    0, 0, 0, 0, 0, 0, 0, 0,
    0, 0, 0, 0, 0, 0, 0, 0,
    0, 0, 13, 0, 0, 0, 0, 0,
    3, 0, -16, -13, -26, -4, 4, -1,
    -17, 0, -19, 1, 4, 0, 3, 0,
    3, 0, 0, 0, 10, -10, 1, 0,
    0, -8, 1, 0, 3, 1, 0, 0,
    0, 0, 0, 0, 0, 0, -12, 0
};


/*Collect the kern class' data in one place*/
static const lv_font_fmt_txt_kern_classes_t kern_classes =
{
    .class_pair_values   = kern_class_values,
    .left_class_mapping  = kern_left_class_mapping,
    .right_class_mapping = kern_right_class_mapping,
    .left_class_cnt      = 56,
    .right_class_cnt     = 45,
};

/*--------------------
 *  ALL CUSTOM DATA
 *--------------------*/

#if LVGL_VERSION_MAJOR == 8
/*Store all the custom data of the font*/
static  lv_font_fmt_txt_glyph_cache_t cache;
#endif

#if LVGL_VERSION_MAJOR >= 8
static const lv_font_fmt_txt_dsc_t font_dsc = {
#else
static lv_font_fmt_txt_dsc_t font_dsc = {
#endif
    .glyph_bitmap = glyph_bitmap,
    .glyph_dsc = glyph_dsc,
    .cmaps = cmaps,
    .kern_dsc = &kern_classes,
    .kern_scale = 16,
    .cmap_num = 3,
    .bpp = 4,
    .kern_classes = 1,
    .bitmap_format = 0,
#if LVGL_VERSION_MAJOR == 8
    .cache = &cache
#endif
};



/*-----------------
 *  PUBLIC FONT
 *----------------*/

/*Initialize a public general font descriptor*/
#if LVGL_VERSION_MAJOR >= 8
const lv_font_t diskos_stone_ui_18 = {
#else
lv_font_t diskos_stone_ui_18 = {
#endif
    .get_glyph_dsc = lv_font_get_glyph_dsc_fmt_txt,    /*Function pointer to get glyph's data*/
    .get_glyph_bitmap = lv_font_get_bitmap_fmt_txt,    /*Function pointer to get glyph's bitmap*/
    .line_height = 22,          /*The maximum line height required by the font*/
    .base_line = 4,             /*Baseline measured from the bottom of the line*/
#if !(LVGL_VERSION_MAJOR == 6 && LVGL_VERSION_MINOR == 0)
    .subpx = LV_FONT_SUBPX_NONE,
#endif
#if LV_VERSION_CHECK(7, 4, 0) || LVGL_VERSION_MAJOR >= 8
    .underline_position = -1,
    .underline_thickness = 1,
#endif
    .dsc = &font_dsc,          /*The custom font data. Will be accessed by `get_glyph_bitmap/dsc` */
#if LV_VERSION_CHECK(8, 2, 0) || LVGL_VERSION_MAJOR >= 9
    .fallback = NULL,
#endif
    .user_data = NULL,
};



#endif /*#if DISKOS_STONE_UI_18*/

